Profile,VZA,VAA,SZA,SAA,fy4a_ch07_Radiance,fy4a_ch09_Radiance,fy4a_ch10_Radiance,fy4a_ch11_Radiance,fy4a_ch12_Radiance,fy4a_ch13_Radiance,fy4a_ch14_Radiance,fy4b_ch07_Radiance,fy4b_ch09_Radiance,fy4b_ch10_Radiance,fy4b_ch12_Radiance,fy4b_ch13_Radiance,fy4b_ch14_Radiance,fy4b_ch15_Radiance
P0,60.00,180.00,30.00,0.00,6.9546e-08,2.0919e-07,6.9143e-07,2.4610e-06,6.4135e-06,6.4020e-06,5.4950e-06,6.6481e-08,1.9074e-07,5.1200e-07,2.4742e-06,5.1511e-06,6.3101e-06,6.1000e-06
P0,30.00,180.00,0.00,0.00,7.9698e-08,2.4249e-07,7.8428e-07,2.6072e-06,6.5092e-06,6.4977e-06,5.9750e-06,7.6095e-08,2.2159e-07,5.8636e-07,2.6122e-06,5.2434e-06,6.3993e-06,6.4727e-06
P0,60.00,90.00,0.00,0.00,8.7320e-08,2.0920e-07,6.9149e-07,2.4618e-06,6.4136e-06,6.4021e-06,5.4951e-06,8.3525e-08,1.9074e-07,5.1201e-07,2.4751e-06,5.1512e-06,6.3101e-06,6.1001e-06
P0,30.00,0.00,0.00,0.00,7.9698e-08,2.4249e-07,7.8428e-07,2.6072e-06,6.5092e-06,6.4977e-06,5.9750e-06,7.6095e-08,2.2159e-07,5.8636e-07,2.6122e-06,5.2434e-06,6.3993e-06,6.4727e-06
P0,30.00,90.00,60.00,0.00,5.2233e-08,2.4246e-07,7.8417e-07,2.6070e-06,6.5092e-06,6.4977e-06,5.9750e-06,5.0181e-08,2.2159e-07,5.8633e-07,2.6120e-06,5.2434e-06,6.3993e-06,6.4726e-06
P0,60.00,180.00,60.00,0.00,4.5141e-08,2.0917e-07,6.9137e-07,2.4603e-06,6.4135e-06,6.4020e-06,5.4950e-06,4.3294e-08,1.9073e-07,5.1199e-07,2.4734e-06,5.1509e-06,6.3100e-06,6.1000e-06
P0,30.00,135.00,30.00,0.00,7.0148e-08,2.4248e-07,7.8424e-07,2.6070e-06,6.5092e-06,6.4977e-06,5.9750e-06,6.7025e-08,2.2159e-07,5.8635e-07,2.6120e-06,5.2434e-06,6.3993e-06,6.4726e-06
P0,60.00,135.00,30.00,0.00,7.3411e-08,2.0919e-07,6.9144e-07,2.4612e-06,6.4135e-06,6.4020e-06,5.4950e-06,7.0202e-08,1.9074e-07,5.1200e-07,2.4744e-06,5.1511e-06,6.3101e-06,6.1001e-06
P0,30.00,180.00,30.00,0.00,6.8341e-08,2.4248e-07,7.8422e-07,2.6068e-06,6.5092e-06,6.4977e-06,5.9750e-06,6.5286e-08,2.2159e-07,5.8635e-07,2.6118e-06,5.2434e-06,6.3992e-06,6.4726e-06
P0,30.00,180.00,60.00,0.00,4.3097e-08,2.4245e-07,7.8414e-07,2.6066e-06,6.5092e-06,6.4976e-06,5.9750e-06,4.1374e-08,2.2158e-07,5.8632e-07,2.6115e-06,5.2434e-06,6.3992e-06,6.4726e-06
P0,30.00,90.00,30.00,0.00,7.5078e-08,2.4248e-07,7.8426e-07,2.6073e-06,6.5092e-06,6.4977e-06,5.9750e-06,7.1774e-08,2.2159e-07,5.8636e-07,2.6123e-06,5.2434e-06,6.3993e-06,6.4727e-06
P0,60.00,45.00,0.00,0.00,8.7320e-08,2.0920e-07,6.9149e-07,2.4618e-06,6.4136e-06,6.4021e-06,5.4951e-06,8.3525e-08,1.9074e-07,5.1201e-07,2.4751e-06,5.1512e-06,6.3101e-06,6.1001e-06
P0,30.00,0.00,30.00,0.00,8.3802e-08,2.4250e-07,7.8431e-07,2.6078e-06,6.5092e-06,6.4977e-06,5.9750e-06,8.0187e-08,2.2159e-07,5.8637e-07,2.6128e-06,5.2435e-06,6.3993e-06,6.4727e-06
P0,30.00,0.00,60.00,0.00,6.8505e-08,2.4248e-07,7.8423e-07,2.6081e-06,6.5093e-06,6.4978e-06,5.9750e-06,6.5916e-08,2.2159e-07,5.8634e-07,2.6131e-06,5.2436e-06,6.3994e-06,6.4727e-06
P0,0.00,0.00,30.00,0.00,7.0022e-08,2.5188e-07,8.0820e-07,2.6381e-06,6.5297e-06,6.5182e-06,6.0902e-06,6.6916e-08,2.3037e-07,6.0637e-07,2.6408e-06,5.2634e-06,6.4186e-06,6.5582e-06
P0,0.00,180.00,60.00,0.00,4.7226e-08,2.5186e-07,8.0811e-07,2.6379e-06,6.5297e-06,6.5182e-06,6.0902e-06,4.5383e-08,2.3037e-07,6.0634e-07,2.6406e-06,5.2634e-06,6.4186e-06,6.5582e-06
P0,60.00,45.00,30.00,0.00,1.0316e-07,2.0922e-07,6.9154e-07,2.4630e-06,6.4137e-06,6.4022e-06,5.4951e-06,9.8926e-08,1.9074e-07,5.1202e-07,2.4763e-06,5.1514e-06,6.3102e-06,6.1001e-06
P0,0.00,180.00,0.00,0.00,7.5430e-08,2.5189e-07,8.0823e-07,2.6382e-06,6.5297e-06,6.5182e-06,6.0902e-06,7.1999e-08,2.3037e-07,6.0638e-07,2.6409e-06,5.2634e-06,6.4186e-06,6.5582e-06
P0,30.00,135.00,60.00,0.00,4.5333e-08,2.4246e-07,7.8414e-07,2.6067e-06,6.5092e-06,6.4976e-06,5.9750e-06,4.3527e-08,2.2158e-07,5.8632e-07,2.6116e-06,5.2434e-06,6.3992e-06,6.4726e-06
P0,60.00,135.00,0.00,0.00,8.7320e-08,2.0920e-07,6.9149e-07,2.4618e-06,6.4136e-06,6.4021e-06,5.4951e-06,8.3525e-08,1.9074e-07,5.1201e-07,2.4751e-06,5.1512e-06,6.3101e-06,6.1001e-06
P0,30.00,45.00,30.00,0.00,8.0977e-08,2.4249e-07,7.8429e-07,2.6076e-06,6.5092e-06,6.4977e-06,5.9750e-06,7.7461e-08,2.2159e-07,5.8636e-07,2.6126e-06,5.2435e-06,6.3993e-06,6.4727e-06
P0,60.00,0.00,0.00,0.00,8.7320e-08,2.0920e-07,6.9149e-07,2.4618e-06,6.4136e-06,6.4021e-06,5.4951e-06,8.3525e-08,1.9074e-07,5.1201e-07,2.4751e-06,5.1512e-06,6.3101e-06,6.1001e-06
P0,60.00,0.00,30.00,0.00,1.1346e-07,2.0923e-07,6.9157e-07,2.4636e-06,6.4138e-06,6.4023e-06,5.4951e-06,1.0890e-07,1.9074e-07,5.1203e-07,2.4770e-06,5.1515e-06,6.3103e-06,6.1002e-06
P0,60.00,0.00,60.00,0.00,1.4718e-07,2.0926e-07,6.9163e-07,2.4681e-06,6.4143e-06,6.4028e-06,5.4952e-06,1.4214e-07,1.9074e-07,5.1203e-07,2.4818e-06,5.1524e-06,6.3108e-06,6.1004e-06
P0,0.00,135.00,30.00,0.00,7.0022e-08,2.5188e-07,8.0820e-07,2.6381e-06,6.5297e-06,6.5182e-06,6.0902e-06,6.6916e-08,2.3037e-07,6.0637e-07,2.6408e-06,5.2634e-06,6.4186e-06,6.5582e-06
P0,0.00,90.00,30.00,0.00,7.0022e-08,2.5188e-07,8.0820e-07,2.6381e-06,6.5297e-06,6.5182e-06,6.0902e-06,6.6916e-08,2.3037e-07,6.0637e-07,2.6408e-06,5.2634e-06,6.4186e-06,6.5582e-06
P0,60.00,135.00,60.00,0.00,4.9741e-08,2.0917e-07,6.9138e-07,2.4607e-06,6.4135e-06,6.4020e-06,5.4950e-06,4.7722e-08,1.9073e-07,5.1199e-07,2.4739e-06,5.1510e-06,6.3100e-06,6.1000e-06
P0,60.00,180.00,0.00,0.00,8.7320e-08,2.0920e-07,6.9149e-07,2.4618e-06,6.4136e-06,6.4021e-06,5.4951e-06,8.3525e-08,1.9074e-07,5.1201e-07,2.4751e-06,5.1512e-06,6.3101e-06,6.1001e-06
P0,0.00,180.00,30.00,0.00,7.0022e-08,2.5188e-07,8.0820e-07,2.6381e-06,6.5297e-06,6.5182e-06,6.0902e-06,6.6916e-08,2.3037e-07,6.0637e-07,2.6408e-06,5.2634e-06,6.4186e-06,6.5582e-06
P0,0.00,90.00,0.00,0.00,7.5430e-08,2.5189e-07,8.0823e-07,2.6382e-06,6.5297e-06,6.5182e-06,6.0902e-06,7.1999e-08,2.3037e-07,6.0638e-07,2.6409e-06,5.2634e-06,6.4186e-06,6.5582e-06
P0,60.00,90.00,60.00,0.00,6.7077e-08,2.0919e-07,6.9142e-07,2.4617e-06,6.4136e-06,6.4021e-06,5.4950e-06,6.4438e-08,1.9074e-07,5.1200e-07,2.4750e-06,5.1512e-06,6.3101e-06,6.1001e-06
P0,0.00,135.00,60.00,0.00,4.7226e-08,2.5186e-07,8.0811e-07,2.6379e-06,6.5297e-06,6.5182e-06,6.0902e-06,4.5383e-08,2.3037e-07,6.0634e-07,2.6406e-06,5.2634e-06,6.4186e-06,6.5582e-06
P0,30.00,45.00,0.00,0.00,7.9698e-08,2.4249e-07,7.8428e-07,2.6072e-06,6.5092e-06,6.4977e-06,5.9750e-06,7.6095e-08,2.2159e-07,5.8636e-07,2.6122e-06,5.2434e-06,6.3993e-06,6.4727e-06
P0,0.00,135.00,0.00,0.00,7.5430e-08,2.5189e-07,8.0823e-07,2.6382e-06,6.5297e-06,6.5182e-06,6.0902e-06,7.1999e-08,2.3037e-07,6.0638e-07,2.6409e-06,5.2634e-06,6.4186e-06,6.5582e-06
P0,0.00,45.00,0.00,0.00,7.5430e-08,2.5189e-07,8.0823e-07,2.6382e-06,6.5297e-06,6.5182e-06,6.0902e-06,7.1999e-08,2.3037e-07,6.0638e-07,2.6409e-06,5.2634e-06,6.4186e-06,6.5582e-06
P0,0.00,45.00,60.00,0.00,4.7226e-08,2.5186e-07,8.0811e-07,2.6379e-06,6.5297e-06,6.5182e-06,6.0902e-06,4.5383e-08,2.3037e-07,6.0634e-07,2.6406e-06,5.2634e-06,6.4186e-06,6.5582e-06
P0,0.00,0.00,60.00,0.00,4.7226e-08,2.5186e-07,8.0811e-07,2.6379e-06,6.5297e-06,6.5182e-06,6.0902e-06,4.5383e-08,2.3037e-07,6.0634e-07,2.6406e-06,5.2634e-06,6.4186e-06,6.5582e-06
P0,0.00,0.00,0.00,0.00,7.5430e-08,2.5189e-07,8.0823e-07,2.6382e-06,6.5297e-06,6.5182e-06,6.0902e-06,7.1999e-08,2.3037e-07,6.0638e-07,2.6409e-06,5.2634e-06,6.4186e-06,6.5582e-06
P0,30.00,45.00,60.00,0.00,6.2545e-08,2.4247e-07,7.8421e-07,2.6077e-06,6.5093e-06,6.4977e-06,5.9750e-06,6.0146e-08,2.2159e-07,5.8633e-07,2.6127e-06,5.2435e-06,6.3993e-06,6.4727e-06
P0,0.00,90.00,60.00,0.00,4.7226e-08,2.5186e-07,8.0811e-07,2.6379e-06,6.5297e-06,6.5182e-06,6.0902e-06,4.5383e-08,2.3037e-07,6.0634e-07,2.6406e-06,5.2634e-06,6.4186e-06,6.5582e-06
P0,60.00,45.00,60.00,0.00,1.0776e-07,2.0922e-07,6.9151e-07,2.4646e-06,6.4139e-06,6.4024e-06,5.4951e-06,1.0383e-07,1.9074e-07,5.1201e-07,2.4781e-06,5.1517e-06,6.3104e-06,6.1002e-06
P0,30.00,90.00,0.00,0.00,7.9698e-08,2.4249e-07,7.8428e-07,2.6072e-06,6.5092e-06,6.4977e-06,5.9750e-06,7.6095e-08,2.2159e-07,5.8636e-07,2.6122e-06,5.2434e-06,6.3993e-06,6.4727e-06
P0,30.00,135.00,0.00,0.00,7.9698e-08,2.4249e-07,7.8428e-07,2.6072e-06,6.5092e-06,6.4977e-06,5.9750e-06,7.6095e-08,2.2159e-07,5.8636e-07,2.6122e-06,5.2434e-06,6.3993e-06,6.4727e-06
P0,0.00,45.00,30.00,0.00,7.0022e-08,2.5188e-07,8.0820e-07,2.6381e-06,6.5297e-06,6.5182e-06,6.0902e-06,6.6916e-08,2.3037e-07,6.0637e-07,2.6408e-06,5.2634e-06,6.4186e-06,6.5582e-06
P0,60.00,90.00,30.00,0.00,8.5338e-08,2.0920e-07,6.9148e-07,2.4619e-06,6.4136e-06,6.4021e-06,5.4951e-06,8.1703e-08,1.9074e-07,5.1201e-07,2.4751e-06,5.1512e-06,6.3101e-06,6.1001e-06
P1,30.00,180.00,30.00,0.00,9.1790e-08,3.2455e-07,1.0660e-06,5.6861e-06,1.1298e-05,1.1286e-05,8.7366e-06,8.9946e-08,2.9439e-07,7.7750e-07,5.7346e-06,9.9346e-06,1.1217e-05,9.9721e-06
P1,0.00,45.00,60.00,0.00,7.3600e-08,3.3908e-07,1.1069e-06,5.7633e-06,1.1382e-05,1.1369e-05,8.9906e-06,7.2754e-08,3.0782e-07,8.0771e-07,5.8068e-06,9.9937e-06,1.1295e-05,1.0182e-05
P1,0.00,180.00,0.00,0.00,9.9927e-08,3.3909e-07,1.1069e-06,5.7636e-06,1.1382e-05,1.1369e-05,8.9906e-06,9.7728e-08,3.0782e-07,8.0771e-07,5.8071e-06,9.9937e-06,1.1295e-05,1.0182e-05
P1,0.00,90.00,0.00,0.00,9.9927e-08,3.3909e-07,1.1069e-06,5.7636e-06,1.1382e-05,1.1369e-05,8.9906e-06,9.7728e-08,3.0782e-07,8.0771e-07,5.8071e-06,9.9937e-06,1.1295e-05,1.0182e-05
P1,30.00,135.00,30.00,0.00,9.3368e-08,3.2456e-07,1.0660e-06,5.6862e-06,1.1298e-05,1.1286e-05,8.7366e-06,9.1475e-08,2.9439e-07,7.7750e-07,5.7348e-06,9.9346e-06,1.1217e-05,9.9721e-06
P1,30.00,0.00,30.00,0.00,1.0530e-07,3.2456e-07,1.0660e-06,5.6867e-06,1.1298e-05,1.1286e-05,8.7366e-06,1.0305e-07,2.9439e-07,7.7750e-07,5.7354e-06,9.9347e-06,1.1217e-05,9.9721e-06
P1,0.00,45.00,0.00,0.00,9.9927e-08,3.3909e-07,1.1069e-06,5.7636e-06,1.1382e-05,1.1369e-05,8.9906e-06,9.7728e-08,3.0782e-07,8.0771e-07,5.8071e-06,9.9937e-06,1.1295e-05,1.0182e-05
P1,30.00,180.00,60.00,0.00,6.8730e-08,3.2455e-07,1.0660e-06,5.6858e-06,1.1298e-05,1.1286e-05,8.7366e-06,6.7978e-08,2.9439e-07,7.7750e-07,5.7344e-06,9.9346e-06,1.1217e-05,9.9721e-06
P1,0.00,135.00,0.00,0.00,9.9927e-08,3.3909e-07,1.1069e-06,5.7636e-06,1.1382e-05,1.1369e-05,8.9906e-06,9.7728e-08,3.0782e-07,8.0771e-07,5.8071e-06,9.9937e-06,1.1295e-05,1.0182e-05
P1,0.00,180.00,30.00,0.00,9.4800e-08,3.3909e-07,1.1069e-06,5.7635e-06,1.1382e-05,1.1369e-05,8.9906e-06,9.2886e-08,3.0782e-07,8.0771e-07,5.8070e-06,9.9937e-06,1.1295e-05,1.0182e-05
P1,30.00,90.00,60.00,0.00,7.6458e-08,3.2455e-07,1.0660e-06,5.6861e-06,1.1298e-05,1.1286e-05,8.7366e-06,7.5486e-08,2.9439e-07,7.7750e-07,5.7347e-06,9.9347e-06,1.1217e-05,9.9721e-06
P1,60.00,180.00,60.00,0.00,6.4974e-08,2.7285e-07,9.1850e-07,5.3236e-06,1.0883e-05,1.0871e-05,7.7144e-06,6.4185e-08,2.4676e-07,6.6789e-07,5.3921e-06,9.6300e-06,1.0825e-05,9.0804e-06
P1,60.00,0.00,0.00,0.00,1.0188e-07,2.7286e-07,9.1850e-07,5.3247e-06,1.0883e-05,1.0871e-05,7.7144e-06,9.9636e-08,2.4676e-07,6.6789e-07,5.3932e-06,9.6302e-06,1.0825e-05,9.0805e-06
P1,0.00,135.00,60.00,0.00,7.3600e-08,3.3908e-07,1.1069e-06,5.7633e-06,1.1382e-05,1.1369e-05,8.9906e-06,7.2754e-08,3.0782e-07,8.0771e-07,5.8068e-06,9.9937e-06,1.1295e-05,1.0182e-05
P1,60.00,45.00,0.00,0.00,1.0188e-07,2.7286e-07,9.1850e-07,5.3247e-06,1.0883e-05,1.0871e-05,7.7144e-06,9.9636e-08,2.4676e-07,6.6789e-07,5.3932e-06,9.6302e-06,1.0825e-05,9.0805e-06
P1,0.00,45.00,30.00,0.00,9.4800e-08,3.3909e-07,1.1069e-06,5.7635e-06,1.1382e-05,1.1369e-05,8.9906e-06,9.2886e-08,3.0782e-07,8.0771e-07,5.8070e-06,9.9937e-06,1.1295e-05,1.0182e-05
P1,0.00,0.00,0.00,0.00,9.9927e-08,3.3909e-07,1.1069e-06,5.7636e-06,1.1382e-05,1.1369e-05,8.9906e-06,9.7728e-08,3.0782e-07,8.0771e-07,5.8071e-06,9.9937e-06,1.1295e-05,1.0182e-05
P1,30.00,45.00,60.00,0.00,8.5183e-08,3.2455e-07,1.0660e-06,5.6866e-06,1.1298e-05,1.1286e-05,8.7366e-06,8.3982e-08,2.9439e-07,7.7750e-07,5.7352e-06,9.9347e-06,1.1217e-05,9.9721e-06
P1,60.00,135.00,60.00,0.00,6.8734e-08,2.7285e-07,9.1850e-07,5.3239e-06,1.0883e-05,1.0871e-05,7.7144e-06,6.7837e-08,2.4676e-07,6.6789e-07,5.3924e-06,9.6300e-06,1.0825e-05,9.0804e-06
P1,0.00,180.00,60.00,0.00,7.3600e-08,3.3908e-07,1.1069e-06,5.7633e-06,1.1382e-05,1.1369e-05,8.9906e-06,7.2754e-08,3.0782e-07,8.0771e-07,5.8068e-06,9.9937e-06,1.1295e-05,1.0182e-05
P1,30.00,135.00,60.00,0.00,7.0621e-08,3.2455e-07,1.0660e-06,5.6859e-06,1.1298e-05,1.1286e-05,8.7366e-06,6.9813e-08,2.9439e-07,7.7750e-07,5.7344e-06,9.9346e-06,1.1217e-05,9.9721e-06
P1,0.00,90.00,60.00,0.00,7.3600e-08,3.3908e-07,1.1069e-06,5.7633e-06,1.1382e-05,1.1369e-05,8.9906e-06,7.2754e-08,3.0782e-07,8.0771e-07,5.8068e-06,9.9937e-06,1.1295e-05,1.0182e-05
P1,30.00,0.00,0.00,0.00,1.0210e-07,3.2456e-07,1.0660e-06,5.6864e-06,1.1298e-05,1.1286e-05,8.7366e-06,9.9808e-08,2.9439e-07,7.7750e-07,5.7350e-06,9.9347e-06,1.1217e-05,9.9721e-06
P1,30.00,90.00,30.00,0.00,9.7675e-08,3.2456e-07,1.0660e-06,5.6864e-06,1.1298e-05,1.1286e-05,8.7366e-06,9.5652e-08,2.9439e-07,7.7750e-07,5.7350e-06,9.9347e-06,1.1217e-05,9.9721e-06
P1,30.00,135.00,0.00,0.00,1.0210e-07,3.2456e-07,1.0660e-06,5.6864e-06,1.1298e-05,1.1286e-05,8.7366e-06,9.9808e-08,2.9439e-07,7.7750e-07,5.7350e-06,9.9347e-06,1.1217e-05,9.9721e-06
P1,60.00,180.00,0.00,0.00,1.0188e-07,2.7286e-07,9.1850e-07,5.3247e-06,1.0883e-05,1.0871e-05,7.7144e-06,9.9636e-08,2.4676e-07,6.6789e-07,5.3932e-06,9.6302e-06,1.0825e-05,9.0805e-06
P1,0.00,0.00,30.00,0.00,9.4800e-08,3.3909e-07,1.1069e-06,5.7635e-06,1.1382e-05,1.1369e-05,8.9906e-06,9.2886e-08,3.0782e-07,8.0771e-07,5.8070e-06,9.9937e-06,1.1295e-05,1.0182e-05
P1,60.00,90.00,30.00,0.00,9.9822e-08,2.7286e-07,9.1850e-07,5.3247e-06,1.0883e-05,1.0871e-05,7.7144e-06,9.7725e-08,2.4676e-07,6.6789e-07,5.3932e-06,9.6302e-06,1.0825e-05,9.0805e-06
P1,30.00,0.00,60.00,0.00,9.0226e-08,3.2455e-07,1.0660e-06,5.6868e-06,1.1298e-05,1.1286e-05,8.7366e-06,8.8901e-08,2.9439e-07,7.7750e-07,5.7355e-06,9.9348e-06,1.1217e-05,9.9721e-06
P1,0.00,90.00,30.00,0.00,9.4800e-08,3.3909e-07,1.1069e-06,5.7635e-06,1.1382e-05,1.1369e-05,8.9906e-06,9.2886e-08,3.0782e-07,8.0771e-07,5.8070e-06,9.9937e-06,1.1295e-05,1.0182e-05
P1,60.00,45.00,30.00,0.00,1.1484e-07,2.7287e-07,9.1850e-07,5.3255e-06,1.0883e-05,1.0871e-05,7.7144e-06,1.1235e-07,2.4676e-07,6.6789e-07,5.3941e-06,9.6303e-06,1.0825e-05,9.0805e-06
P1,30.00,180.00,0.00,0.00,1.0210e-07,3.2456e-07,1.0660e-06,5.6864e-06,1.1298e-05,1.1286e-05,8.7366e-06,9.9808e-08,2.9439e-07,7.7750e-07,5.7350e-06,9.9347e-06,1.1217e-05,9.9721e-06
P1,30.00,45.00,30.00,0.00,1.0283e-07,3.2456e-07,1.0660e-06,5.6866e-06,1.1298e-05,1.1286e-05,8.7366e-06,1.0065e-07,2.9439e-07,7.7750e-07,5.7352e-06,9.9347e-06,1.1217e-05,9.9721e-06
P1,0.00,0.00,60.00,0.00,7.3600e-08,3.3908e-07,1.1069e-06,5.7633e-06,1.1382e-05,1.1369e-05,8.9906e-06,7.2754e-08,3.0782e-07,8.0771e-07,5.8068e-06,9.9937e-06,1.1295e-05,1.0182e-05
P1,30.00,45.00,0.00,0.00,1.0210e-07,3.2456e-07,1.0660e-06,5.6864e-06,1.1298e-05,1.1286e-05,8.7366e-06,9.9808e-08,2.9439e-07,7.7750e-07,5.7350e-06,9.9347e-06,1.1217e-05,9.9721e-06
P1,60.00,0.00,30.00,0.00,1.2351e-07,2.7287e-07,9.1850e-07,5.3259e-06,1.0883e-05,1.0871e-05,7.7144e-06,1.2081e-07,2.4676e-07,6.6789e-07,5.3945e-06,9.6304e-06,1.0826e-05,9.0805e-06
P1,60.00,90.00,0.00,0.00,1.0188e-07,2.7286e-07,9.1850e-07,5.3247e-06,1.0883e-05,1.0871e-05,7.7144e-06,9.9636e-08,2.4676e-07,6.6789e-07,5.3932e-06,9.6302e-06,1.0825e-05,9.0805e-06
P1,60.00,135.00,30.00,0.00,8.9777e-08,2.7286e-07,9.1850e-07,5.3243e-06,1.0883e-05,1.0871e-05,7.7144e-06,8.7961e-08,2.4676e-07,6.6789e-07,5.3928e-06,9.6301e-06,1.0825e-05,9.0804e-06
P1,30.00,90.00,0.00,0.00,1.0210e-07,3.2456e-07,1.0660e-06,5.6864e-06,1.1298e-05,1.1286e-05,8.7366e-06,9.9808e-08,2.9439e-07,7.7750e-07,5.7350e-06,9.9347e-06,1.1217e-05,9.9721e-06
P1,0.00,135.00,30.00,0.00,9.4800e-08,3.3909e-07,1.1069e-06,5.7635e-06,1.1382e-05,1.1369e-05,8.9906e-06,9.2886e-08,3.0782e-07,8.0771e-07,5.8070e-06,9.9937e-06,1.1295e-05,1.0182e-05
P1,60.00,90.00,60.00,0.00,8.2908e-08,2.7285e-07,9.1850e-07,5.3245e-06,1.0883e-05,1.0871e-05,7.7144e-06,8.1627e-08,2.4676e-07,6.6789e-07,5.3930e-06,9.6301e-06,1.0825e-05,9.0804e-06
P1,60.00,0.00,60.00,0.00,1.4847e-07,2.7288e-07,9.1850e-07,5.3285e-06,1.0883e-05,1.0871e-05,7.7144e-06,1.4577e-07,2.4676e-07,6.6789e-07,5.3974e-06,9.6309e-06,1.0826e-05,9.0805e-06
P1,60.00,45.00,60.00,0.00,1.1619e-07,2.7287e-07,9.1850e-07,5.3263e-06,1.0883e-05,1.0871e-05,7.7144e-06,1.1413e-07,2.4676e-07,6.6789e-07,5.3950e-06,9.6305e-06,1.0826e-05,9.0805e-06
P1,60.00,180.00,30.00,0.00,8.6522e-08,2.7286e-07,9.1850e-07,5.3242e-06,1.0883e-05,1.0871e-05,7.7144e-06,8.4802e-08,2.4676e-07,6.6789e-07,5.3927e-06,9.6301e-06,1.0825e-05,9.0804e-06
P1,60.00,135.00,0.00,0.00,1.0188e-07,2.7286e-07,9.1850e-07,5.3247e-06,1.0883e-05,1.0871e-05,7.7144e-06,9.9636e-08,2.4676e-07,6.6789e-07,5.3932e-06,9.6302e-06,1.0825e-05,9.0805e-06
P2,30.00,90.00,0.00,0.00,8.6708e-08,3.2348e-07,1.1126e-06,3.7844e-06,8.5068e-06,8.4936e-06,7.4013e-06,8.3266e-08,2.9314e-07,8.0828e-07,3.7960e-06,7.0651e-06,8.3890e-06,8.1260e-06
P2,0.00,180.00,0.00,0.00,8.2772e-08,3.3947e-07,1.1548e-06,3.8261e-06,8.5320e-06,8.5188e-06,7.5529e-06,7.9498e-08,3.0800e-07,8.4428e-07,3.8347e-06,7.0888e-06,8.4123e-06,8.2401e-06
P2,30.00,180.00,0.00,0.00,8.6708e-08,3.2348e-07,1.1126e-06,3.7844e-06,8.5068e-06,8.4936e-06,7.4013e-06,8.3266e-08,2.9314e-07,8.0828e-07,3.7960e-06,7.0651e-06,8.3890e-06,8.1260e-06
P2,30.00,0.00,0.00,0.00,8.6708e-08,3.2348e-07,1.1126e-06,3.7844e-06,8.5068e-06,8.4936e-06,7.4013e-06,8.3266e-08,2.9314e-07,8.0828e-07,3.7960e-06,7.0651e-06,8.3890e-06,8.1260e-06
P2,0.00,0.00,0.00,0.00,8.2772e-08,3.3947e-07,1.1548e-06,3.8261e-06,8.5320e-06,8.5188e-06,7.5529e-06,7.9498e-08,3.0800e-07,8.4428e-07,3.8347e-06,7.0888e-06,8.4123e-06,8.2401e-06
P2,30.00,180.00,60.00,0.00,5.0444e-08,3.2345e-07,1.1126e-06,3.7837e-06,8.5067e-06,8.4936e-06,7.4013e-06,4.8851e-08,2.9314e-07,8.0827e-07,3.7953e-06,7.0651e-06,8.3890e-06,8.1260e-06
P2,60.00,180.00,0.00,0.00,9.2991e-08,2.6953e-07,9.4801e-07,3.5816e-06,8.3803e-06,8.3672e-06,6.7757e-06,8.9366e-08,2.4375e-07,6.7592e-07,3.6042e-06,6.9459e-06,8.2722e-06,7.6322e-06
P2,0.00,0.00,60.00,0.00,5.4803e-08,3.3945e-07,1.1547e-06,3.8258e-06,8.5320e-06,8.5188e-06,7.5529e-06,5.3090e-08,3.0800e-07,8.4427e-07,3.8344e-06,7.0888e-06,8.4123e-06,8.2401e-06
P2,0.00,45.00,0.00,0.00,8.2772e-08,3.3947e-07,1.1548e-06,3.8261e-06,8.5320e-06,8.5188e-06,7.5529e-06,7.9498e-08,3.0800e-07,8.4428e-07,3.8347e-06,7.0888e-06,8.4123e-06,8.2401e-06
P2,60.00,135.00,0.00,0.00,9.2991e-08,2.6953e-07,9.4801e-07,3.5816e-06,8.3803e-06,8.3672e-06,6.7757e-06,8.9366e-08,2.4375e-07,6.7592e-07,3.6042e-06,6.9459e-06,8.2722e-06,7.6322e-06
P2,30.00,90.00,30.00,0.00,8.2134e-08,3.2348e-07,1.1126e-06,3.7844e-06,8.5068e-06,8.4936e-06,7.4013e-06,7.8985e-08,2.9314e-07,8.0828e-07,3.7960e-06,7.0651e-06,8.3890e-06,8.1260e-06
P2,30.00,180.00,30.00,0.00,7.5450e-08,3.2347e-07,1.1126e-06,3.7840e-06,8.5068e-06,8.4936e-06,7.4013e-06,7.2547e-08,2.9314e-07,8.0828e-07,3.7956e-06,7.0651e-06,8.3890e-06,8.1260e-06
P2,30.00,135.00,60.00,0.00,5.2663e-08,3.2345e-07,1.1126e-06,3.7838e-06,8.5067e-06,8.4936e-06,7.4013e-06,5.0987e-08,2.9314e-07,8.0828e-07,3.7954e-06,7.0651e-06,8.3890e-06,8.1260e-06
P2,60.00,0.00,0.00,0.00,9.2991e-08,2.6953e-07,9.4801e-07,3.5816e-06,8.3803e-06,8.3672e-06,6.7757e-06,8.9366e-08,2.4375e-07,6.7592e-07,3.6042e-06,6.9459e-06,8.2722e-06,7.6322e-06
P2,0.00,135.00,0.00,0.00,8.2772e-08,3.3947e-07,1.1548e-06,3.8261e-06,8.5320e-06,8.5188e-06,7.5529e-06,7.9498e-08,3.0800e-07,8.4428e-07,3.8347e-06,7.0888e-06,8.4123e-06,8.2401e-06
P2,0.00,180.00,60.00,0.00,5.4803e-08,3.3945e-07,1.1547e-06,3.8258e-06,8.5320e-06,8.5188e-06,7.5529e-06,5.3090e-08,3.0800e-07,8.4427e-07,3.8344e-06,7.0888e-06,8.4123e-06,8.2401e-06
P2,0.00,90.00,30.00,0.00,7.7406e-08,3.3947e-07,1.1548e-06,3.8260e-06,8.5320e-06,8.5188e-06,7.5529e-06,7.4451e-08,3.0800e-07,8.4428e-07,3.8346e-06,7.0888e-06,8.4123e-06,8.2401e-06
P2,0.00,90.00,60.00,0.00,5.4803e-08,3.3945e-07,1.1547e-06,3.8258e-06,8.5320e-06,8.5188e-06,7.5529e-06,5.3090e-08,3.0800e-07,8.4427e-07,3.8344e-06,7.0888e-06,8.4123e-06,8.2401e-06
P2,60.00,0.00,60.00,0.00,1.5283e-07,2.6957e-07,9.4807e-07,3.5877e-06,8.3809e-06,8.3678e-06,6.7758e-06,1.4791e-07,2.4376e-07,6.7592e-07,3.6109e-06,6.9471e-06,8.2729e-06,7.6324e-06
P2,60.00,135.00,60.00,0.00,5.5975e-08,2.6950e-07,9.4796e-07,3.5805e-06,8.3802e-06,8.3671e-06,6.7757e-06,5.4084e-08,2.4375e-07,6.7591e-07,3.6031e-06,6.9458e-06,8.2721e-06,7.6321e-06
P2,60.00,0.00,30.00,0.00,1.1896e-07,2.6955e-07,9.4805e-07,3.5834e-06,8.3804e-06,8.3673e-06,6.7758e-06,1.1456e-07,2.4376e-07,6.7592e-07,3.6061e-06,6.9462e-06,8.2724e-06,7.6322e-06
P2,60.00,90.00,60.00,0.00,7.3192e-08,2.6952e-07,9.4798e-07,3.5815e-06,8.3803e-06,8.3672e-06,6.7757e-06,7.0682e-08,2.4375e-07,6.7591e-07,3.6041e-06,6.9459e-06,8.2722e-06,7.6321e-06
P2,60.00,45.00,30.00,0.00,1.0875e-07,2.6954e-07,9.4803e-07,3.5828e-06,8.3804e-06,8.3673e-06,6.7757e-06,1.0468e-07,2.4376e-07,6.7592e-07,3.6055e-06,6.9461e-06,8.2724e-06,7.6322e-06
P2,0.00,180.00,30.00,0.00,7.7406e-08,3.3947e-07,1.1548e-06,3.8260e-06,8.5320e-06,8.5188e-06,7.5529e-06,7.4451e-08,3.0800e-07,8.4428e-07,3.8346e-06,7.0888e-06,8.4123e-06,8.2401e-06
P2,60.00,180.00,30.00,0.00,7.5444e-08,2.6952e-07,9.4799e-07,3.5809e-06,8.3802e-06,8.3671e-06,6.7757e-06,7.2535e-08,2.4375e-07,6.7592e-07,3.6034e-06,6.9458e-06,8.2722e-06,7.6321e-06
P2,60.00,180.00,60.00,0.00,5.1409e-08,2.6950e-07,9.4796e-07,3.5802e-06,8.3802e-06,8.3670e-06,6.7757e-06,4.9689e-08,2.4375e-07,6.7591e-07,3.6027e-06,6.9457e-06,8.2721e-06,7.6321e-06
P2,30.00,90.00,60.00,0.00,5.9512e-08,3.2346e-07,1.1126e-06,3.7842e-06,8.5068e-06,8.4936e-06,7.4013e-06,5.7589e-08,2.9314e-07,8.0828e-07,3.7958e-06,7.0651e-06,8.3890e-06,8.1260e-06
P2,60.00,135.00,30.00,0.00,7.9271e-08,2.6952e-07,9.4799e-07,3.5810e-06,8.3802e-06,8.3671e-06,6.7757e-06,7.6220e-08,2.4375e-07,6.7592e-07,3.6036e-06,6.9458e-06,8.2722e-06,7.6321e-06
P2,30.00,0.00,30.00,0.00,9.0792e-08,3.2348e-07,1.1126e-06,3.7849e-06,8.5068e-06,8.4937e-06,7.4013e-06,8.7334e-08,2.9314e-07,8.0829e-07,3.7966e-06,7.0652e-06,8.3891e-06,8.1260e-06
P2,60.00,45.00,0.00,0.00,9.2991e-08,2.6953e-07,9.4801e-07,3.5816e-06,8.3803e-06,8.3672e-06,6.7757e-06,8.9366e-08,2.4375e-07,6.7592e-07,3.6042e-06,6.9459e-06,8.2722e-06,7.6322e-06
P2,60.00,90.00,0.00,0.00,9.2991e-08,2.6953e-07,9.4801e-07,3.5816e-06,8.3803e-06,8.3672e-06,6.7757e-06,8.9366e-08,2.4375e-07,6.7592e-07,3.6042e-06,6.9459e-06,8.2722e-06,7.6322e-06
P2,0.00,0.00,30.00,0.00,7.7406e-08,3.3947e-07,1.1548e-06,3.8260e-06,8.5320e-06,8.5188e-06,7.5529e-06,7.4451e-08,3.0800e-07,8.4428e-07,3.8346e-06,7.0888e-06,8.4123e-06,8.2401e-06
P2,0.00,45.00,60.00,0.00,5.4803e-08,3.3945e-07,1.1547e-06,3.8258e-06,8.5320e-06,8.5188e-06,7.5529e-06,5.3090e-08,3.0800e-07,8.4427e-07,3.8344e-06,7.0888e-06,8.4123e-06,8.2401e-06
P2,0.00,135.00,60.00,0.00,5.4803e-08,3.3945e-07,1.1547e-06,3.8258e-06,8.5320e-06,8.5188e-06,7.5529e-06,5.3090e-08,3.0800e-07,8.4427e-07,3.8344e-06,7.0888e-06,8.4123e-06,8.2401e-06
P2,30.00,45.00,60.00,0.00,6.9749e-08,3.2347e-07,1.1126e-06,3.7848e-06,8.5068e-06,8.4937e-06,7.4013e-06,6.7480e-08,2.9314e-07,8.0828e-07,3.7965e-06,7.0653e-06,8.3891e-06,8.1260e-06
P2,60.00,90.00,30.00,0.00,9.1085e-08,2.6953e-07,9.4800e-07,3.5817e-06,8.3803e-06,8.3672e-06,6.7757e-06,8.7611e-08,2.4375e-07,6.7592e-07,3.6043e-06,6.9459e-06,8.2723e-06,7.6322e-06
P2,30.00,45.00,0.00,0.00,8.6708e-08,3.2348e-07,1.1126e-06,3.7844e-06,8.5068e-06,8.4936e-06,7.4013e-06,8.3266e-08,2.9314e-07,8.0828e-07,3.7960e-06,7.0651e-06,8.3890e-06,8.1260e-06
P2,30.00,45.00,30.00,0.00,8.7988e-08,3.2348e-07,1.1126e-06,3.7848e-06,8.5068e-06,8.4937e-06,7.4013e-06,8.4628e-08,2.9314e-07,8.0828e-07,3.7964e-06,7.0652e-06,8.3891e-06,8.1260e-06
P2,30.00,0.00,60.00,0.00,7.5667e-08,3.2347e-07,1.1126e-06,3.7852e-06,8.5069e-06,8.4937e-06,7.4013e-06,7.3207e-08,2.9314e-07,8.0828e-07,3.7969e-06,7.0653e-06,8.3891e-06,8.1261e-06
P2,30.00,135.00,0.00,0.00,8.6708e-08,3.2348e-07,1.1126e-06,3.7844e-06,8.5068e-06,8.4936e-06,7.4013e-06,8.3266e-08,2.9314e-07,8.0828e-07,3.7960e-06,7.0651e-06,8.3890e-06,8.1260e-06
P2,0.00,45.00,30.00,0.00,7.7406e-08,3.3947e-07,1.1548e-06,3.8260e-06,8.5320e-06,8.5188e-06,7.5529e-06,7.4451e-08,3.0800e-07,8.4428e-07,3.8346e-06,7.0888e-06,8.4123e-06,8.2401e-06
P2,30.00,135.00,30.00,0.00,7.7243e-08,3.2347e-07,1.1126e-06,3.7842e-06,8.5068e-06,8.4936e-06,7.4013e-06,7.4273e-08,2.9314e-07,8.0828e-07,3.7957e-06,7.0651e-06,8.3890e-06,8.1260e-06
P2,0.00,135.00,30.00,0.00,7.7406e-08,3.3947e-07,1.1548e-06,3.8260e-06,8.5320e-06,8.5188e-06,7.5529e-06,7.4451e-08,3.0800e-07,8.4428e-07,3.8346e-06,7.0888e-06,8.4123e-06,8.2401e-06
P2,60.00,45.00,60.00,0.00,1.1363e-07,2.6954e-07,9.4802e-07,3.5843e-06,8.3805e-06,8.3674e-06,6.7757e-06,1.0983e-07,2.4376e-07,6.7592e-07,3.6072e-06,6.9465e-06,8.2725e-06,7.6323e-06
P2,0.00,90.00,0.00,0.00,8.2772e-08,3.3947e-07,1.1548e-06,3.8261e-06,8.5320e-06,8.5188e-06,7.5529e-06,7.9498e-08,3.0800e-07,8.4428e-07,3.8347e-06,7.0888e-06,8.4123e-06,8.2401e-06
P3,60.00,180.00,30.00,0.00,7.5695e-08,2.5858e-07,9.6083e-07,4.6146e-06,9.7455e-06,9.7334e-06,7.3430e-06,7.3869e-08,2.3124e-07,6.8197e-07,4.6557e-06,8.4305e-06,9.6621e-06,8.5123e-06
P3,60.00,90.00,0.00,0.00,9.0788e-08,2.5859e-07,9.6083e-07,4.6151e-06,9.7455e-06,9.7334e-06,7.3430e-06,8.8456e-08,2.3124e-07,6.8197e-07,4.6562e-06,8.4306e-06,9.6621e-06,8.5123e-06
P3,30.00,180.00,30.00,0.00,7.9508e-08,3.2073e-07,1.1229e-06,4.8734e-06,1.0048e-05,1.0035e-05,8.2078e-06,7.7531e-08,2.8903e-07,8.1505e-07,4.8974e-06,8.6644e-06,9.9491e-06,9.2246e-06
P3,60.00,45.00,30.00,0.00,1.0349e-07,2.5859e-07,9.6083e-07,4.6157e-06,9.7455e-06,9.7335e-06,7.3430e-06,1.0093e-07,2.3124e-07,6.8197e-07,4.6570e-06,8.4307e-06,9.6622e-06,8.5123e-06
P3,0.00,135.00,0.00,0.00,8.7213e-08,3.3832e-07,1.1647e-06,4.9315e-06,1.0112e-05,1.0099e-05,8.4190e-06,8.4884e-08,3.0554e-07,8.5018e-07,4.9514e-06,8.7136e-06,1.0010e-05,9.3923e-06
P3,60.00,135.00,0.00,0.00,9.0788e-08,2.5859e-07,9.6083e-07,4.6151e-06,9.7455e-06,9.7334e-06,7.3430e-06,8.8456e-08,2.3124e-07,6.8197e-07,4.6562e-06,8.4306e-06,9.6621e-06,8.5123e-06
P3,60.00,0.00,60.00,0.00,1.3633e-07,2.5860e-07,9.6083e-07,4.6183e-06,9.7457e-06,9.7336e-06,7.3430e-06,1.3359e-07,2.3124e-07,6.8197e-07,4.6598e-06,8.4311e-06,9.6623e-06,8.5123e-06
P3,60.00,45.00,60.00,0.00,1.0471e-07,2.5859e-07,9.6083e-07,4.6164e-06,9.7456e-06,9.7335e-06,7.3430e-06,1.0258e-07,2.3124e-07,6.8197e-07,4.6577e-06,8.4308e-06,9.6622e-06,8.5123e-06
P3,60.00,180.00,0.00,0.00,9.0788e-08,2.5859e-07,9.6083e-07,4.6151e-06,9.7455e-06,9.7334e-06,7.3430e-06,8.8456e-08,2.3124e-07,6.8197e-07,4.6562e-06,8.4306e-06,9.6621e-06,8.5123e-06
P3,60.00,180.00,60.00,0.00,5.4490e-08,2.5858e-07,9.6083e-07,4.6141e-06,9.7454e-06,9.7334e-06,7.3430e-06,5.3564e-08,2.3124e-07,6.8197e-07,4.6552e-06,8.4304e-06,9.6621e-06,8.5123e-06
P3,0.00,90.00,30.00,0.00,8.2124e-08,3.3832e-07,1.1647e-06,4.9314e-06,1.0112e-05,1.0099e-05,8.4190e-06,8.0076e-08,3.0554e-07,8.5018e-07,4.9513e-06,8.7136e-06,1.0010e-05,9.3923e-06
P3,0.00,135.00,60.00,0.00,6.1085e-08,3.3831e-07,1.1647e-06,4.9312e-06,1.0112e-05,1.0099e-05,8.4190e-06,6.0087e-08,3.0554e-07,8.5018e-07,4.9511e-06,8.7136e-06,1.0010e-05,9.3923e-06
P3,0.00,180.00,0.00,0.00,8.7213e-08,3.3832e-07,1.1647e-06,4.9315e-06,1.0112e-05,1.0099e-05,8.4190e-06,8.4884e-08,3.0554e-07,8.5018e-07,4.9514e-06,8.7136e-06,1.0010e-05,9.3923e-06
P3,60.00,0.00,30.00,0.00,1.1201e-07,2.5860e-07,9.6083e-07,4.6161e-06,9.7456e-06,9.7335e-06,7.3430e-06,1.0924e-07,2.3124e-07,6.8197e-07,4.6574e-06,8.4308e-06,9.6622e-06,8.5123e-06
P3,60.00,0.00,0.00,0.00,9.0788e-08,2.5859e-07,9.6083e-07,4.6151e-06,9.7455e-06,9.7334e-06,7.3430e-06,8.8456e-08,2.3124e-07,6.8197e-07,4.6562e-06,8.4306e-06,9.6621e-06,8.5123e-06
P3,30.00,135.00,30.00,0.00,8.1068e-08,3.2073e-07,1.1229e-06,4.8735e-06,1.0048e-05,1.0035e-05,8.2078e-06,7.9043e-08,2.8903e-07,8.1505e-07,4.8975e-06,8.6645e-06,9.9491e-06,9.2246e-06
P3,30.00,45.00,0.00,0.00,8.9709e-08,3.2074e-07,1.1229e-06,4.8736e-06,1.0048e-05,1.0035e-05,8.2078e-06,8.7297e-08,2.8903e-07,8.1505e-07,4.8977e-06,8.6645e-06,9.9491e-06,9.2246e-06
P3,30.00,0.00,30.00,0.00,9.2857e-08,3.2074e-07,1.1229e-06,4.8740e-06,1.0048e-05,1.0035e-05,8.2078e-06,9.0489e-08,2.8903e-07,8.1505e-07,4.8981e-06,8.6646e-06,9.9491e-06,9.2247e-06
P3,0.00,45.00,60.00,0.00,6.1085e-08,3.3831e-07,1.1647e-06,4.9312e-06,1.0112e-05,1.0099e-05,8.4190e-06,6.0087e-08,3.0554e-07,8.5018e-07,4.9511e-06,8.7136e-06,1.0010e-05,9.3923e-06
P3,60.00,135.00,30.00,0.00,7.8892e-08,2.5858e-07,9.6083e-07,4.6147e-06,9.7455e-06,9.7334e-06,7.3430e-06,7.6974e-08,2.3124e-07,6.8197e-07,4.6558e-06,8.4305e-06,9.6621e-06,8.5123e-06
P3,0.00,90.00,60.00,0.00,6.1085e-08,3.3831e-07,1.1647e-06,4.9312e-06,1.0112e-05,1.0099e-05,8.4190e-06,6.0087e-08,3.0554e-07,8.5018e-07,4.9511e-06,8.7136e-06,1.0010e-05,9.3923e-06
P3,30.00,90.00,60.00,0.00,6.4294e-08,3.2073e-07,1.1229e-06,4.8734e-06,1.0048e-05,1.0035e-05,8.2078e-06,6.3173e-08,2.8903e-07,8.1505e-07,4.8974e-06,8.6645e-06,9.9491e-06,9.2246e-06
P3,30.00,135.00,0.00,0.00,8.9709e-08,3.2074e-07,1.1229e-06,4.8736e-06,1.0048e-05,1.0035e-05,8.2078e-06,8.7297e-08,2.8903e-07,8.1505e-07,4.8977e-06,8.6645e-06,9.9491e-06,9.2246e-06
P3,0.00,0.00,0.00,0.00,8.7213e-08,3.3832e-07,1.1647e-06,4.9315e-06,1.0112e-05,1.0099e-05,8.4190e-06,8.4884e-08,3.0554e-07,8.5018e-07,4.9514e-06,8.7136e-06,1.0010e-05,9.3923e-06
P3,60.00,90.00,60.00,0.00,7.2084e-08,2.5858e-07,9.6083e-07,4.6148e-06,9.7455e-06,9.7334e-06,7.3430e-06,7.0686e-08,2.3124e-07,6.8197e-07,4.6560e-06,8.4306e-06,9.6621e-06,8.5123e-06
P3,30.00,135.00,60.00,0.00,5.8531e-08,3.2072e-07,1.1229e-06,4.8732e-06,1.0047e-05,1.0035e-05,8.2078e-06,5.7571e-08,2.8903e-07,8.1505e-07,4.8972e-06,8.6644e-06,9.9490e-06,9.2246e-06
P3,30.00,45.00,60.00,0.00,7.2904e-08,3.2073e-07,1.1229e-06,4.8738e-06,1.0048e-05,1.0035e-05,8.2078e-06,7.1562e-08,2.8903e-07,8.1505e-07,4.8979e-06,8.6645e-06,9.9491e-06,9.2246e-06
P3,30.00,180.00,60.00,0.00,5.6663e-08,3.2072e-07,1.1229e-06,4.8731e-06,1.0047e-05,1.0035e-05,8.2078e-06,5.5757e-08,2.8903e-07,8.1505e-07,4.8971e-06,8.6644e-06,9.9490e-06,9.2246e-06
P3,30.00,90.00,0.00,0.00,8.9709e-08,3.2074e-07,1.1229e-06,4.8736e-06,1.0048e-05,1.0035e-05,8.2078e-06,8.7297e-08,2.8903e-07,8.1505e-07,4.8977e-06,8.6645e-06,9.9491e-06,9.2246e-06
P3,0.00,180.00,60.00,0.00,6.1085e-08,3.3831e-07,1.1647e-06,4.9312e-06,1.0112e-05,1.0099e-05,8.4190e-06,6.0087e-08,3.0554e-07,8.5018e-07,4.9511e-06,8.7136e-06,1.0010e-05,9.3923e-06
P3,0.00,0.00,60.00,0.00,6.1085e-08,3.3831e-07,1.1647e-06,4.9312e-06,1.0112e-05,1.0099e-05,8.4190e-06,6.0087e-08,3.0554e-07,8.5018e-07,4.9511e-06,8.7136e-06,1.0010e-05,9.3923e-06
P3,30.00,0.00,0.00,0.00,8.9709e-08,3.2074e-07,1.1229e-06,4.8736e-06,1.0048e-05,1.0035e-05,8.2078e-06,8.7297e-08,2.8903e-07,8.1505e-07,4.8977e-06,8.6645e-06,9.9491e-06,9.2246e-06
P3,60.00,45.00,0.00,0.00,9.0788e-08,2.5859e-07,9.6083e-07,4.6151e-06,9.7455e-06,9.7334e-06,7.3430e-06,8.8456e-08,2.3124e-07,6.8197e-07,4.6562e-06,8.4306e-06,9.6621e-06,8.5123e-06
P3,60.00,135.00,60.00,0.00,5.8180e-08,2.5858e-07,9.6083e-07,4.6143e-06,9.7455e-06,9.7334e-06,7.3430e-06,5.7150e-08,2.3124e-07,6.8197e-07,4.6554e-06,8.4305e-06,9.6621e-06,8.5123e-06
P3,0.00,180.00,30.00,0.00,8.2124e-08,3.3832e-07,1.1647e-06,4.9314e-06,1.0112e-05,1.0099e-05,8.4190e-06,8.0076e-08,3.0554e-07,8.5018e-07,4.9513e-06,8.7136e-06,1.0010e-05,9.3923e-06
P3,30.00,45.00,30.00,0.00,9.0418e-08,3.2074e-07,1.1229e-06,4.8739e-06,1.0048e-05,1.0035e-05,8.2078e-06,8.8118e-08,2.8903e-07,8.1505e-07,4.8979e-06,8.6645e-06,9.9491e-06,9.2246e-06
P3,0.00,45.00,0.00,0.00,8.7213e-08,3.3832e-07,1.1647e-06,4.9315e-06,1.0112e-05,1.0099e-05,8.4190e-06,8.4884e-08,3.0554e-07,8.5018e-07,4.9514e-06,8.7136e-06,1.0010e-05,9.3923e-06
P3,30.00,0.00,60.00,0.00,7.7880e-08,3.2073e-07,1.1229e-06,4.8740e-06,1.0048e-05,1.0035e-05,8.2078e-06,7.6417e-08,2.8903e-07,8.1505e-07,4.8981e-06,8.6646e-06,9.9491e-06,9.2246e-06
P3,0.00,0.00,30.00,0.00,8.2124e-08,3.3832e-07,1.1647e-06,4.9314e-06,1.0112e-05,1.0099e-05,8.4190e-06,8.0076e-08,3.0554e-07,8.5018e-07,4.9513e-06,8.7136e-06,1.0010e-05,9.3923e-06
P3,0.00,45.00,30.00,0.00,8.2124e-08,3.3832e-07,1.1647e-06,4.9314e-06,1.0112e-05,1.0099e-05,8.4190e-06,8.0076e-08,3.0554e-07,8.5018e-07,4.9513e-06,8.7136e-06,1.0010e-05,9.3923e-06
P3,0.00,90.00,0.00,0.00,8.7213e-08,3.3832e-07,1.1647e-06,4.9315e-06,1.0112e-05,1.0099e-05,8.4190e-06,8.4884e-08,3.0554e-07,8.5018e-07,4.9514e-06,8.7136e-06,1.0010e-05,9.3923e-06
P3,30.00,90.00,30.00,0.00,8.5324e-08,3.2073e-07,1.1229e-06,4.8737e-06,1.0048e-05,1.0035e-05,8.2078e-06,8.3173e-08,2.8903e-07,8.1505e-07,4.8977e-06,8.6645e-06,9.9491e-06,9.2246e-06
P3,30.00,180.00,0.00,0.00,8.9709e-08,3.2074e-07,1.1229e-06,4.8736e-06,1.0048e-05,1.0035e-05,8.2078e-06,8.7297e-08,2.8903e-07,8.1505e-07,4.8977e-06,8.6645e-06,9.9491e-06,9.2246e-06
P3,60.00,90.00,30.00,0.00,8.8754e-08,2.5859e-07,9.6083e-07,4.6151e-06,9.7455e-06,9.7334e-06,7.3430e-06,8.6566e-08,2.3124e-07,6.8197e-07,4.6562e-06,8.4306e-06,9.6621e-06,8.5123e-06
P3,0.00,135.00,30.00,0.00,8.2124e-08,3.3832e-07,1.1647e-06,4.9314e-06,1.0112e-05,1.0099e-05,8.4190e-06,8.0076e-08,3.0554e-07,8.5018e-07,4.9513e-06,8.7136e-06,1.0010e-05,9.3923e-06
P4,0.00,135.00,30.00,0.00,6.6582e-08,1.5880e-07,3.8711e-07,1.0427e-06,3.3526e-06,3.3445e-06,3.8354e-06,6.3216e-08,1.4935e-07,3.2577e-07,1.0280e-06,2.4649e-06,3.2665e-06,3.8735e-06
P4,30.00,45.00,0.00,0.00,7.6771e-08,1.5699e-07,3.8583e-07,1.0399e-06,3.3568e-06,3.3488e-06,3.8049e-06,7.2880e-08,1.4751e-07,3.2442e-07,1.0256e-06,2.4703e-06,3.2712e-06,3.8570e-06
P4,60.00,90.00,60.00,0.00,6.5921e-08,1.4736e-07,3.7586e-07,1.0107e-06,3.3534e-06,3.3454e-06,3.6547e-06,6.2933e-08,1.3802e-07,3.1509e-07,9.9779e-07,2.4706e-06,3.2696e-06,3.7627e-06
P4,0.00,90.00,60.00,0.00,4.3505e-08,1.5861e-07,3.8665e-07,1.0425e-06,3.3526e-06,3.3445e-06,3.8354e-06,4.1435e-08,1.4921e-07,3.2535e-07,1.0278e-06,2.4649e-06,3.2665e-06,3.8735e-06
P4,0.00,180.00,60.00,0.00,4.3505e-08,1.5861e-07,3.8665e-07,1.0425e-06,3.3526e-06,3.3445e-06,3.8354e-06,4.1435e-08,1.4921e-07,3.2535e-07,1.0278e-06,2.4649e-06,3.2665e-06,3.8735e-06
P4,0.00,45.00,0.00,0.00,7.2032e-08,1.5887e-07,3.8726e-07,1.0428e-06,3.3526e-06,3.3445e-06,3.8354e-06,6.8334e-08,1.4940e-07,3.2592e-07,1.0281e-06,2.4649e-06,3.2665e-06,3.8735e-06
P4,60.00,45.00,0.00,0.00,8.6303e-08,1.4755e-07,3.7628e-07,1.0108e-06,3.3534e-06,3.3454e-06,3.6547e-06,8.2132e-08,1.3816e-07,3.1550e-07,9.9783e-07,2.4706e-06,3.2696e-06,3.7627e-06
P4,0.00,135.00,0.00,0.00,7.2032e-08,1.5887e-07,3.8726e-07,1.0428e-06,3.3526e-06,3.3445e-06,3.8354e-06,6.8334e-08,1.4940e-07,3.2592e-07,1.0281e-06,2.4649e-06,3.2665e-06,3.8735e-06
P4,0.00,90.00,30.00,0.00,6.6582e-08,1.5880e-07,3.8711e-07,1.0427e-06,3.3526e-06,3.3445e-06,3.8354e-06,6.3216e-08,1.4935e-07,3.2577e-07,1.0280e-06,2.4649e-06,3.2665e-06,3.8735e-06
P4,60.00,0.00,60.00,0.00,1.5015e-07,1.4853e-07,3.8150e-07,1.0179e-06,3.3541e-06,3.3461e-06,3.6550e-06,1.4448e-07,1.3878e-07,3.1908e-07,1.0054e-06,2.4719e-06,3.2703e-06,3.7632e-06
P4,0.00,180.00,30.00,0.00,6.6582e-08,1.5880e-07,3.8711e-07,1.0427e-06,3.3526e-06,3.3445e-06,3.8354e-06,6.3216e-08,1.4935e-07,3.2577e-07,1.0280e-06,2.4649e-06,3.2665e-06,3.8735e-06
P4,60.00,180.00,60.00,0.00,4.2849e-08,1.4710e-07,3.7462e-07,1.0092e-06,3.3532e-06,3.3452e-06,3.6547e-06,4.0739e-08,1.3784e-07,3.1422e-07,9.9612e-07,2.4704e-06,3.2695e-06,3.7626e-06
P4,30.00,0.00,30.00,0.00,8.1123e-08,1.5712e-07,3.8637e-07,1.0405e-06,3.3569e-06,3.3488e-06,3.8049e-06,7.7205e-08,1.4761e-07,3.2483e-07,1.0262e-06,2.4704e-06,3.2712e-06,3.8571e-06
P4,0.00,0.00,60.00,0.00,4.3505e-08,1.5861e-07,3.8665e-07,1.0425e-06,3.3526e-06,3.3445e-06,3.8354e-06,4.1435e-08,1.4921e-07,3.2535e-07,1.0278e-06,2.4649e-06,3.2665e-06,3.8735e-06
P4,30.00,135.00,0.00,0.00,7.6771e-08,1.5699e-07,3.8583e-07,1.0399e-06,3.3568e-06,3.3488e-06,3.8049e-06,7.2880e-08,1.4751e-07,3.2442e-07,1.0256e-06,2.4703e-06,3.2712e-06,3.8570e-06
P4,30.00,90.00,0.00,0.00,7.6771e-08,1.5699e-07,3.8583e-07,1.0399e-06,3.3568e-06,3.3488e-06,3.8049e-06,7.2880e-08,1.4751e-07,3.2442e-07,1.0256e-06,2.4703e-06,3.2712e-06,3.8570e-06
P4,30.00,45.00,30.00,0.00,7.8212e-08,1.5707e-07,3.8618e-07,1.0403e-06,3.3569e-06,3.3488e-06,3.8049e-06,7.4398e-08,1.4757e-07,3.2468e-07,1.0260e-06,2.4704e-06,3.2712e-06,3.8570e-06
P4,30.00,45.00,60.00,0.00,5.9737e-08,1.5691e-07,3.8596e-07,1.0404e-06,3.3569e-06,3.3489e-06,3.8049e-06,5.7057e-08,1.4745e-07,3.2441e-07,1.0262e-06,2.4704e-06,3.2713e-06,3.8570e-06
P4,30.00,180.00,60.00,0.00,3.9502e-08,1.5664e-07,3.8481e-07,1.0391e-06,3.3568e-06,3.3487e-06,3.8049e-06,3.7558e-08,1.4727e-07,3.2356e-07,1.0249e-06,2.4702e-06,3.2712e-06,3.8570e-06
P4,60.00,45.00,30.00,0.00,1.0295e-07,1.4779e-07,3.7741e-07,1.0121e-06,3.3535e-06,3.3455e-06,3.6548e-06,9.8286e-08,1.3832e-07,3.1632e-07,9.9922e-07,2.4708e-06,3.2697e-06,3.7628e-06
P4,60.00,0.00,0.00,0.00,8.6303e-08,1.4755e-07,3.7628e-07,1.0108e-06,3.3534e-06,3.3454e-06,3.6547e-06,8.2132e-08,1.3816e-07,3.1550e-07,9.9783e-07,2.4706e-06,3.2696e-06,3.7627e-06
P4,60.00,135.00,30.00,0.00,7.1946e-08,1.4737e-07,3.7563e-07,1.0101e-06,3.3533e-06,3.3453e-06,3.6547e-06,6.8398e-08,1.3803e-07,3.1500e-07,9.9714e-07,2.4705e-06,3.2696e-06,3.7627e-06
P4,30.00,90.00,60.00,0.00,4.9008e-08,1.5675e-07,3.8530e-07,1.0397e-06,3.3569e-06,3.3488e-06,3.8049e-06,4.6705e-08,1.4734e-07,3.2392e-07,1.0254e-06,2.4703e-06,3.2712e-06,3.8570e-06
P4,60.00,135.00,0.00,0.00,8.6303e-08,1.4755e-07,3.7628e-07,1.0108e-06,3.3534e-06,3.3454e-06,3.6547e-06,8.2132e-08,1.3816e-07,3.1550e-07,9.9783e-07,2.4706e-06,3.2696e-06,3.7627e-06
P4,60.00,45.00,60.00,0.00,1.0871e-07,1.4789e-07,3.7845e-07,1.0140e-06,3.3537e-06,3.3457e-06,3.6548e-06,1.0427e-07,1.3836e-07,3.1692e-07,1.0012e-06,2.4712e-06,3.2699e-06,3.7629e-06
P4,30.00,135.00,30.00,0.00,6.7049e-08,1.5688e-07,3.8553e-07,1.0396e-06,3.3568e-06,3.3488e-06,3.8049e-06,6.3655e-08,1.4743e-07,3.2417e-07,1.0254e-06,2.4703e-06,3.2712e-06,3.8570e-06
P4,30.00,135.00,60.00,0.00,4.1829e-08,1.5666e-07,3.8492e-07,1.0393e-06,3.3568e-06,3.3488e-06,3.8049e-06,3.9794e-08,1.4728e-07,3.2364e-07,1.0250e-06,2.4702e-06,3.2712e-06,3.8570e-06
P4,60.00,0.00,30.00,0.00,1.1369e-07,1.4794e-07,3.7806e-07,1.0128e-06,3.3536e-06,3.3455e-06,3.6548e-06,1.0866e-07,1.3842e-07,3.1680e-07,9.9997e-07,2.4709e-06,3.2698e-06,3.7628e-06
P4,30.00,180.00,30.00,0.00,6.5187e-08,1.5682e-07,3.8536e-07,1.0394e-06,3.3568e-06,3.3488e-06,3.8049e-06,6.1864e-08,1.4738e-07,3.2404e-07,1.0252e-06,2.4702e-06,3.2712e-06,3.8570e-06
P4,30.00,0.00,0.00,0.00,7.6771e-08,1.5699e-07,3.8583e-07,1.0399e-06,3.3568e-06,3.3488e-06,3.8049e-06,7.2880e-08,1.4751e-07,3.2442e-07,1.0256e-06,2.4703e-06,3.2712e-06,3.8570e-06
P4,30.00,180.00,0.00,0.00,7.6771e-08,1.5699e-07,3.8583e-07,1.0399e-06,3.3568e-06,3.3488e-06,3.8049e-06,7.2880e-08,1.4751e-07,3.2442e-07,1.0256e-06,2.4703e-06,3.2712e-06,3.8570e-06
P4,60.00,135.00,60.00,0.00,4.7687e-08,1.4717e-07,3.7494e-07,1.0096e-06,3.3533e-06,3.3453e-06,3.6547e-06,4.5387e-08,1.3790e-07,3.1443e-07,9.9659e-07,2.4704e-06,3.2695e-06,3.7626e-06
P4,0.00,180.00,0.00,0.00,7.2032e-08,1.5887e-07,3.8726e-07,1.0428e-06,3.3526e-06,3.3445e-06,3.8354e-06,6.8334e-08,1.4940e-07,3.2592e-07,1.0281e-06,2.4649e-06,3.2665e-06,3.8735e-06
P4,30.00,90.00,30.00,0.00,7.2131e-08,1.5697e-07,3.8583e-07,1.0399e-06,3.3569e-06,3.3488e-06,3.8049e-06,6.8543e-08,1.4750e-07,3.2440e-07,1.0257e-06,2.4703e-06,3.2712e-06,3.8570e-06
P4,30.00,0.00,60.00,0.00,6.5938e-08,1.5700e-07,3.8634e-07,1.0408e-06,3.3570e-06,3.3489e-06,3.8049e-06,6.3050e-08,1.4751e-07,3.2469e-07,1.0266e-06,2.4705e-06,3.2713e-06,3.8571e-06
P4,60.00,90.00,30.00,0.00,8.4376e-08,1.4753e-07,3.7628e-07,1.0109e-06,3.3534e-06,3.3454e-06,3.6547e-06,8.0364e-08,1.3814e-07,3.1549e-07,9.9789e-07,2.4706e-06,3.2696e-06,3.7627e-06
P4,0.00,0.00,30.00,0.00,6.6582e-08,1.5880e-07,3.8711e-07,1.0427e-06,3.3526e-06,3.3445e-06,3.8354e-06,6.3216e-08,1.4935e-07,3.2577e-07,1.0280e-06,2.4649e-06,3.2665e-06,3.8735e-06
P4,0.00,90.00,0.00,0.00,7.2032e-08,1.5887e-07,3.8726e-07,1.0428e-06,3.3526e-06,3.3445e-06,3.8354e-06,6.8334e-08,1.4940e-07,3.2592e-07,1.0281e-06,2.4649e-06,3.2665e-06,3.8735e-06
P4,0.00,45.00,30.00,0.00,6.6582e-08,1.5880e-07,3.8711e-07,1.0427e-06,3.3526e-06,3.3445e-06,3.8354e-06,6.3216e-08,1.4935e-07,3.2577e-07,1.0280e-06,2.4649e-06,3.2665e-06,3.8735e-06
P4,60.00,180.00,0.00,0.00,8.6303e-08,1.4755e-07,3.7628e-07,1.0108e-06,3.3534e-06,3.3454e-06,3.6547e-06,8.2132e-08,1.3816e-07,3.1550e-07,9.9783e-07,2.4706e-06,3.2696e-06,3.7627e-06
P4,0.00,45.00,60.00,0.00,4.3505e-08,1.5861e-07,3.8665e-07,1.0425e-06,3.3526e-06,3.3445e-06,3.8354e-06,4.1435e-08,1.4921e-07,3.2535e-07,1.0278e-06,2.4649e-06,3.2665e-06,3.8735e-06
P4,60.00,90.00,0.00,0.00,8.6303e-08,1.4755e-07,3.7628e-07,1.0108e-06,3.3534e-06,3.3454e-06,3.6547e-06,8.2132e-08,1.3816e-07,3.1550e-07,9.9783e-07,2.4706e-06,3.2696e-06,3.7627e-06
P4,60.00,180.00,30.00,0.00,6.7916e-08,1.4733e-07,3.7545e-07,1.0100e-06,3.3533e-06,3.3453e-06,3.6547e-06,6.4525e-08,1.3801e-07,3.1487e-07,9.9695e-07,2.4705e-06,3.2695e-06,3.7627e-06
P4,0.00,135.00,60.00,0.00,4.3505e-08,1.5861e-07,3.8665e-07,1.0425e-06,3.3526e-06,3.3445e-06,3.8354e-06,4.1435e-08,1.4921e-07,3.2535e-07,1.0278e-06,2.4649e-06,3.2665e-06,3.8735e-06
P4,0.00,0.00,0.00,0.00,7.2032e-08,1.5887e-07,3.8726e-07,1.0428e-06,3.3526e-06,3.3445e-06,3.8354e-06,6.8334e-08,1.4940e-07,3.2592e-07,1.0281e-06,2.4649e-06,3.2665e-06,3.8735e-06
P5,60.00,135.00,0.00,0.00,8.6585e-08,1.6759e-07,5.1866e-07,1.5110e-06,4.4969e-06,4.4874e-06,4.2044e-06,8.2460e-08,1.5389e-07,4.0847e-07,1.5120e-06,3.4548e-06,4.4028e-06,4.5797e-06
P5,30.00,180.00,30.00,0.00,6.5945e-08,1.9261e-07,5.6308e-07,1.5959e-06,4.5582e-06,4.5487e-06,4.5390e-06,6.2661e-08,1.7797e-07,4.4922e-07,1.5911e-06,3.5137e-06,4.4610e-06,4.8224e-06
P5,30.00,180.00,0.00,0.00,7.7479e-08,1.9269e-07,5.6340e-07,1.5963e-06,4.5582e-06,4.5488e-06,4.5391e-06,7.3629e-08,1.7801e-07,4.4943e-07,1.5916e-06,3.5138e-06,4.4610e-06,4.8224e-06
P5,30.00,135.00,0.00,0.00,7.7479e-08,1.9269e-07,5.6340e-07,1.5963e-06,4.5582e-06,4.5488e-06,4.5391e-06,7.3629e-08,1.7801e-07,4.4943e-07,1.5916e-06,3.5138e-06,4.4610e-06,4.8224e-06
P5,60.00,90.00,60.00,0.00,6.6258e-08,1.6750e-07,5.1832e-07,1.5110e-06,4.4969e-06,4.4874e-06,4.2044e-06,6.3312e-08,1.5384e-07,4.0821e-07,1.5119e-06,3.4548e-06,4.4028e-06,4.5797e-06
P5,0.00,135.00,60.00,0.00,4.4388e-08,1.9898e-07,5.7351e-07,1.6133e-06,4.5707e-06,4.5612e-06,4.6160e-06,4.2353e-08,1.8415e-07,4.5898e-07,1.6072e-06,3.5255e-06,4.4728e-06,4.8761e-06
P5,60.00,0.00,60.00,0.00,1.4970e-07,1.6793e-07,5.2140e-07,1.5180e-06,4.4976e-06,4.4881e-06,4.2046e-06,1.4408e-07,1.5403e-07,4.0984e-07,1.5194e-06,3.4561e-06,4.4035e-06,4.5801e-06
P5,60.00,90.00,30.00,0.00,8.4655e-08,1.6758e-07,5.1864e-07,1.5111e-06,4.4969e-06,4.4874e-06,4.2044e-06,8.0687e-08,1.5388e-07,4.0845e-07,1.5120e-06,3.4548e-06,4.4028e-06,4.5797e-06
P5,0.00,180.00,30.00,0.00,6.7398e-08,1.9908e-07,5.7386e-07,1.6135e-06,4.5707e-06,4.5612e-06,4.6160e-06,6.4070e-08,1.8421e-07,4.5925e-07,1.6074e-06,3.5255e-06,4.4728e-06,4.8761e-06
P5,30.00,45.00,30.00,0.00,7.8890e-08,1.9271e-07,5.6360e-07,1.5967e-06,4.5583e-06,4.5488e-06,4.5391e-06,7.5117e-08,1.7803e-07,4.4954e-07,1.5920e-06,3.5138e-06,4.4610e-06,4.8224e-06
P5,0.00,90.00,0.00,0.00,7.2839e-08,1.9911e-07,5.7399e-07,1.6136e-06,4.5707e-06,4.5612e-06,4.6161e-06,6.9182e-08,1.8423e-07,4.5934e-07,1.6075e-06,3.5255e-06,4.4728e-06,4.8761e-06
P5,30.00,180.00,60.00,0.00,4.0361e-08,1.9252e-07,5.6269e-07,1.5956e-06,4.5582e-06,4.5487e-06,4.5390e-06,3.8451e-08,1.7792e-07,4.4894e-07,1.5909e-06,3.5137e-06,4.4609e-06,4.8224e-06
P5,0.00,45.00,60.00,0.00,4.4388e-08,1.9898e-07,5.7351e-07,1.6133e-06,4.5707e-06,4.5612e-06,4.6160e-06,4.2353e-08,1.8415e-07,4.5898e-07,1.6072e-06,3.5255e-06,4.4728e-06,4.8761e-06
P5,60.00,90.00,0.00,0.00,8.6585e-08,1.6759e-07,5.1866e-07,1.5110e-06,4.4969e-06,4.4874e-06,4.2044e-06,8.2460e-08,1.5389e-07,4.0847e-07,1.5120e-06,3.4548e-06,4.4028e-06,4.5797e-06
P5,0.00,45.00,30.00,0.00,6.7398e-08,1.9908e-07,5.7386e-07,1.6135e-06,4.5707e-06,4.5612e-06,4.6160e-06,6.4070e-08,1.8421e-07,4.5925e-07,1.6074e-06,3.5255e-06,4.4728e-06,4.8761e-06
P5,30.00,45.00,0.00,0.00,7.7479e-08,1.9269e-07,5.6340e-07,1.5963e-06,4.5582e-06,4.5488e-06,4.5391e-06,7.3629e-08,1.7801e-07,4.4943e-07,1.5916e-06,3.5138e-06,4.4610e-06,4.8224e-06
P5,30.00,45.00,60.00,0.00,6.0439e-08,1.9263e-07,5.6337e-07,1.5968e-06,4.5583e-06,4.5488e-06,4.5391e-06,5.7797e-08,1.7798e-07,4.4932e-07,1.5921e-06,3.5139e-06,4.4611e-06,4.8225e-06
P5,60.00,45.00,60.00,0.00,1.0864e-07,1.6770e-07,5.1973e-07,1.5141e-06,4.4972e-06,4.4877e-06,4.2045e-06,1.0426e-07,1.5392e-07,4.0896e-07,1.5153e-06,3.4554e-06,4.4031e-06,4.5799e-06
P5,60.00,135.00,60.00,0.00,4.8200e-08,1.6742e-07,5.1782e-07,1.5099e-06,4.4968e-06,4.4873e-06,4.2043e-06,4.5937e-08,1.5381e-07,4.0795e-07,1.5108e-06,3.4547e-06,4.4027e-06,4.5796e-06
P5,30.00,0.00,0.00,0.00,7.7479e-08,1.9269e-07,5.6340e-07,1.5963e-06,4.5582e-06,4.5488e-06,4.5391e-06,7.3629e-08,1.7801e-07,4.4943e-07,1.5916e-06,3.5138e-06,4.4610e-06,4.8224e-06
P5,60.00,180.00,0.00,0.00,8.6585e-08,1.6759e-07,5.1866e-07,1.5110e-06,4.4969e-06,4.4874e-06,4.2044e-06,8.2460e-08,1.5389e-07,4.0847e-07,1.5120e-06,3.4548e-06,4.4028e-06,4.5797e-06
P5,60.00,135.00,30.00,0.00,7.2323e-08,1.6751e-07,5.1827e-07,1.5104e-06,4.4968e-06,4.4874e-06,4.2044e-06,6.8819e-08,1.5385e-07,4.0824e-07,1.5113e-06,3.4547e-06,4.4027e-06,4.5797e-06
P5,30.00,135.00,60.00,0.00,4.2669e-08,1.9253e-07,5.6276e-07,1.5957e-06,4.5582e-06,4.5487e-06,4.5390e-06,4.0669e-08,1.7793e-07,4.4897e-07,1.5910e-06,3.5137e-06,4.4610e-06,4.8224e-06
P5,60.00,180.00,30.00,0.00,6.8327e-08,1.6750e-07,5.1816e-07,1.5102e-06,4.4968e-06,4.4873e-06,4.2044e-06,6.4978e-08,1.5384e-07,4.0818e-07,1.5111e-06,3.4547e-06,4.4027e-06,4.5796e-06
P5,0.00,0.00,0.00,0.00,7.2839e-08,1.9911e-07,5.7399e-07,1.6136e-06,4.5707e-06,4.5612e-06,4.6161e-06,6.9182e-08,1.8423e-07,4.5934e-07,1.6075e-06,3.5255e-06,4.4728e-06,4.8761e-06
P5,30.00,0.00,30.00,0.00,8.1784e-08,1.9274e-07,5.6372e-07,1.5969e-06,4.5583e-06,4.5488e-06,4.5391e-06,7.7906e-08,1.7804e-07,4.4962e-07,1.5922e-06,3.5139e-06,4.4610e-06,4.8225e-06
P5,0.00,90.00,60.00,0.00,4.4388e-08,1.9898e-07,5.7351e-07,1.6133e-06,4.5707e-06,4.5612e-06,4.6160e-06,4.2353e-08,1.8415e-07,4.5898e-07,1.6072e-06,3.5255e-06,4.4728e-06,4.8761e-06
P5,0.00,180.00,60.00,0.00,4.4388e-08,1.9898e-07,5.7351e-07,1.6133e-06,4.5707e-06,4.5612e-06,4.6160e-06,4.2353e-08,1.8415e-07,4.5898e-07,1.6072e-06,3.5255e-06,4.4728e-06,4.8761e-06
P5,60.00,180.00,60.00,0.00,4.3408e-08,1.6740e-07,5.1765e-07,1.5094e-06,4.4968e-06,4.4873e-06,4.2043e-06,4.1334e-08,1.5379e-07,4.0786e-07,1.5103e-06,3.4546e-06,4.4027e-06,4.5796e-06
P5,60.00,0.00,0.00,0.00,8.6585e-08,1.6759e-07,5.1866e-07,1.5110e-06,4.4969e-06,4.4874e-06,4.2044e-06,8.2460e-08,1.5389e-07,4.0847e-07,1.5120e-06,3.4548e-06,4.4028e-06,4.5797e-06
P5,0.00,90.00,30.00,0.00,6.7398e-08,1.9908e-07,5.7386e-07,1.6135e-06,4.5707e-06,4.5612e-06,4.6160e-06,6.4070e-08,1.8421e-07,4.5925e-07,1.6074e-06,3.5255e-06,4.4728e-06,4.8761e-06
P5,30.00,0.00,60.00,0.00,6.6592e-08,1.9266e-07,5.6359e-07,1.5972e-06,4.5583e-06,4.5489e-06,4.5391e-06,6.3743e-08,1.7799e-07,4.4945e-07,1.5926e-06,3.5140e-06,4.4611e-06,4.8225e-06
P5,0.00,180.00,0.00,0.00,7.2839e-08,1.9911e-07,5.7399e-07,1.6136e-06,4.5707e-06,4.5612e-06,4.6161e-06,6.9182e-08,1.8423e-07,4.5934e-07,1.6075e-06,3.5255e-06,4.4728e-06,4.8761e-06
P5,30.00,135.00,30.00,0.00,6.7795e-08,1.9263e-07,5.6319e-07,1.5961e-06,4.5582e-06,4.5487e-06,4.5390e-06,6.4440e-08,1.7798e-07,4.4928e-07,1.5913e-06,3.5137e-06,4.4610e-06,4.8224e-06
P5,30.00,90.00,60.00,0.00,4.9792e-08,1.9256e-07,5.6298e-07,1.5961e-06,4.5582e-06,4.5488e-06,4.5390e-06,4.7526e-08,1.7794e-07,4.4910e-07,1.5914e-06,3.5138e-06,4.4610e-06,4.8224e-06
P5,0.00,135.00,30.00,0.00,6.7398e-08,1.9908e-07,5.7386e-07,1.6135e-06,4.5707e-06,4.5612e-06,4.6160e-06,6.4070e-08,1.8421e-07,4.5925e-07,1.6074e-06,3.5255e-06,4.4728e-06,4.8761e-06
P5,0.00,135.00,0.00,0.00,7.2839e-08,1.9911e-07,5.7399e-07,1.6136e-06,4.5707e-06,4.5612e-06,4.6161e-06,6.9182e-08,1.8423e-07,4.5934e-07,1.6075e-06,3.5255e-06,4.4728e-06,4.8761e-06
P5,30.00,90.00,30.00,0.00,7.2846e-08,1.9267e-07,5.6338e-07,1.5964e-06,4.5583e-06,4.5488e-06,4.5391e-06,6.9298e-08,1.7800e-07,4.4940e-07,1.5917e-06,3.5138e-06,4.4610e-06,4.8224e-06
P5,0.00,0.00,60.00,0.00,4.4388e-08,1.9898e-07,5.7351e-07,1.6133e-06,4.5707e-06,4.5612e-06,4.6160e-06,4.2353e-08,1.8415e-07,4.5898e-07,1.6072e-06,3.5255e-06,4.4728e-06,4.8761e-06
P5,0.00,0.00,30.00,0.00,6.7398e-08,1.9908e-07,5.7386e-07,1.6135e-06,4.5707e-06,4.5612e-06,4.6160e-06,6.4070e-08,1.8421e-07,4.5925e-07,1.6074e-06,3.5255e-06,4.4728e-06,4.8761e-06
P5,30.00,90.00,0.00,0.00,7.7479e-08,1.9269e-07,5.6340e-07,1.5963e-06,4.5582e-06,4.5488e-06,4.5391e-06,7.3629e-08,1.7801e-07,4.4943e-07,1.5916e-06,3.5138e-06,4.4610e-06,4.8224e-06
P5,60.00,45.00,30.00,0.00,1.0308e-07,1.6768e-07,5.1929e-07,1.5123e-06,4.4970e-06,4.4875e-06,4.2044e-06,9.8464e-08,1.5393e-07,4.0882e-07,1.5134e-06,3.4551e-06,4.4029e-06,4.5798e-06
P5,0.00,45.00,0.00,0.00,7.2839e-08,1.9911e-07,5.7399e-07,1.6136e-06,4.5707e-06,4.5612e-06,4.6161e-06,6.9182e-08,1.8423e-07,4.5934e-07,1.6075e-06,3.5255e-06,4.4728e-06,4.8761e-06
P5,60.00,0.00,30.00,0.00,1.1373e-07,1.6774e-07,5.1967e-07,1.5130e-06,4.4971e-06,4.4876e-06,4.2045e-06,1.0875e-07,1.5396e-07,4.0903e-07,1.5141e-06,3.4552e-06,4.4030e-06,4.5798e-06
P5,60.00,45.00,0.00,0.00,8.6585e-08,1.6759e-07,5.1866e-07,1.5110e-06,4.4969e-06,4.4874e-06,4.2044e-06,8.2460e-08,1.5389e-07,4.0847e-07,1.5120e-06,3.4548e-06,4.4028e-06,4.5797e-06
P6,30.00,0.00,30.00,0.00,9.9373e-08,3.9107e-07,1.4223e-06,4.9286e-06,1.0266e-05,1.0251e-05,8.4354e-06,9.6287e-08,3.5107e-07,1.0235e-06,4.9466e-06,8.7207e-06,1.0146e-05,9.4761e-06
P6,30.00,90.00,60.00,0.00,6.8804e-08,3.9106e-07,1.4223e-06,4.9279e-06,1.0266e-05,1.0251e-05,8.4354e-06,6.7175e-08,3.5107e-07,1.0235e-06,4.9458e-06,8.7206e-06,1.0146e-05,9.4761e-06
P6,30.00,90.00,30.00,0.00,9.1017e-08,3.9107e-07,1.4223e-06,4.9281e-06,1.0266e-05,1.0251e-05,8.4354e-06,8.8214e-08,3.5107e-07,1.0235e-06,4.9461e-06,8.7206e-06,1.0146e-05,9.4761e-06
P6,0.00,0.00,60.00,0.00,6.4780e-08,4.1616e-07,1.4803e-06,4.9773e-06,1.0295e-05,1.0281e-05,8.6357e-06,6.3334e-08,3.7469e-07,1.0749e-06,4.9912e-06,8.7480e-06,1.0173e-05,9.6231e-06
P6,30.00,45.00,60.00,0.00,7.8597e-08,3.9106e-07,1.4223e-06,4.9284e-06,1.0266e-05,1.0251e-05,8.4354e-06,7.6654e-08,3.5107e-07,1.0235e-06,4.9465e-06,8.7207e-06,1.0146e-05,9.4761e-06
P6,0.00,0.00,0.00,0.00,9.2263e-08,4.1617e-07,1.4803e-06,4.9776e-06,1.0295e-05,1.0281e-05,8.6357e-06,8.9320e-08,3.7469e-07,1.0749e-06,4.9915e-06,8.7480e-06,1.0173e-05,9.6231e-06
P6,0.00,135.00,0.00,0.00,9.2263e-08,4.1617e-07,1.4803e-06,4.9776e-06,1.0295e-05,1.0281e-05,8.6357e-06,8.9320e-08,3.7469e-07,1.0749e-06,4.9915e-06,8.7480e-06,1.0173e-05,9.6231e-06
P6,60.00,45.00,60.00,0.00,1.1771e-07,3.0504e-07,1.1917e-06,4.6951e-06,1.0121e-05,1.0106e-05,7.5977e-06,1.1447e-07,2.7129e-07,8.2879e-07,4.7297e-06,8.5848e-06,1.0012e-05,8.8374e-06
P6,0.00,135.00,30.00,0.00,8.6980e-08,4.1617e-07,1.4803e-06,4.9775e-06,1.0295e-05,1.0281e-05,8.6357e-06,8.4344e-08,3.7469e-07,1.0749e-06,4.9914e-06,8.7480e-06,1.0173e-05,9.6231e-06
P6,30.00,0.00,0.00,0.00,9.5534e-08,3.9107e-07,1.4223e-06,4.9281e-06,1.0266e-05,1.0251e-05,8.4354e-06,9.2449e-08,3.5107e-07,1.0235e-06,4.9461e-06,8.7206e-06,1.0146e-05,9.4761e-06
P6,60.00,180.00,60.00,0.00,5.9180e-08,3.0502e-07,1.1917e-06,4.6916e-06,1.0120e-05,1.0106e-05,7.5977e-06,5.7761e-08,2.7129e-07,8.2879e-07,4.7258e-06,8.5842e-06,1.0012e-05,8.8373e-06
P6,60.00,90.00,30.00,0.00,9.7322e-08,3.0503e-07,1.1917e-06,4.6929e-06,1.0120e-05,1.0106e-05,7.5977e-06,9.4294e-08,2.7129e-07,8.2879e-07,4.7272e-06,8.5844e-06,1.0012e-05,8.8373e-06
P6,30.00,45.00,0.00,0.00,9.5534e-08,3.9107e-07,1.4223e-06,4.9281e-06,1.0266e-05,1.0251e-05,8.4354e-06,9.2449e-08,3.5107e-07,1.0235e-06,4.9461e-06,8.7206e-06,1.0146e-05,9.4761e-06
P6,30.00,90.00,0.00,0.00,9.5534e-08,3.9107e-07,1.4223e-06,4.9281e-06,1.0266e-05,1.0251e-05,8.4354e-06,9.2449e-08,3.5107e-07,1.0235e-06,4.9461e-06,8.7206e-06,1.0146e-05,9.4761e-06
P6,60.00,0.00,0.00,0.00,9.9289e-08,3.0503e-07,1.1917e-06,4.6929e-06,1.0120e-05,1.0106e-05,7.5977e-06,9.6113e-08,2.7129e-07,8.2879e-07,4.7272e-06,8.5844e-06,1.0012e-05,8.8373e-06
P6,0.00,180.00,0.00,0.00,9.2263e-08,4.1617e-07,1.4803e-06,4.9776e-06,1.0295e-05,1.0281e-05,8.6357e-06,8.9320e-08,3.7469e-07,1.0749e-06,4.9915e-06,8.7480e-06,1.0173e-05,9.6231e-06
P6,0.00,45.00,30.00,0.00,8.6980e-08,4.1617e-07,1.4803e-06,4.9775e-06,1.0295e-05,1.0281e-05,8.6357e-06,8.4344e-08,3.7469e-07,1.0749e-06,4.9914e-06,8.7480e-06,1.0173e-05,9.6231e-06
P6,30.00,0.00,60.00,0.00,8.4255e-08,3.9106e-07,1.4223e-06,4.9288e-06,1.0266e-05,1.0252e-05,8.4354e-06,8.2140e-08,3.5107e-07,1.0235e-06,4.9468e-06,8.7207e-06,1.0146e-05,9.4761e-06
P6,60.00,45.00,30.00,0.00,1.1411e-07,3.0504e-07,1.1917e-06,4.6939e-06,1.0120e-05,1.0106e-05,7.5977e-06,1.1056e-07,2.7129e-07,8.2879e-07,4.7283e-06,8.5846e-06,1.0012e-05,8.8374e-06
P6,0.00,90.00,60.00,0.00,6.4780e-08,4.1616e-07,1.4803e-06,4.9773e-06,1.0295e-05,1.0281e-05,8.6357e-06,6.3334e-08,3.7469e-07,1.0749e-06,4.9912e-06,8.7480e-06,1.0173e-05,9.6231e-06
P6,0.00,180.00,60.00,0.00,6.4780e-08,4.1616e-07,1.4803e-06,4.9773e-06,1.0295e-05,1.0281e-05,8.6357e-06,6.3334e-08,3.7469e-07,1.0749e-06,4.9912e-06,8.7480e-06,1.0173e-05,9.6231e-06
P6,0.00,90.00,0.00,0.00,9.2263e-08,4.1617e-07,1.4803e-06,4.9776e-06,1.0295e-05,1.0281e-05,8.6357e-06,8.9320e-08,3.7469e-07,1.0749e-06,4.9915e-06,8.7480e-06,1.0173e-05,9.6231e-06
P6,0.00,135.00,60.00,0.00,6.4780e-08,4.1616e-07,1.4803e-06,4.9773e-06,1.0295e-05,1.0281e-05,8.6357e-06,6.3334e-08,3.7469e-07,1.0749e-06,4.9912e-06,8.7480e-06,1.0173e-05,9.6231e-06
P6,60.00,135.00,30.00,0.00,8.6085e-08,3.0503e-07,1.1917e-06,4.6923e-06,1.0120e-05,1.0106e-05,7.5977e-06,8.3436e-08,2.7129e-07,8.2879e-07,4.7266e-06,8.5843e-06,1.0012e-05,8.8373e-06
P6,0.00,45.00,0.00,0.00,9.2263e-08,4.1617e-07,1.4803e-06,4.9776e-06,1.0295e-05,1.0281e-05,8.6357e-06,8.9320e-08,3.7469e-07,1.0749e-06,4.9915e-06,8.7480e-06,1.0173e-05,9.6231e-06
P6,0.00,90.00,30.00,0.00,8.6980e-08,4.1617e-07,1.4803e-06,4.9775e-06,1.0295e-05,1.0281e-05,8.6357e-06,8.4344e-08,3.7469e-07,1.0749e-06,4.9914e-06,8.7480e-06,1.0173e-05,9.6231e-06
P6,60.00,90.00,60.00,0.00,7.9689e-08,3.0502e-07,1.1917e-06,4.6927e-06,1.0120e-05,1.0106e-05,7.5977e-06,7.7575e-08,2.7129e-07,8.2879e-07,4.7271e-06,8.5844e-06,1.0012e-05,8.8373e-06
P6,60.00,0.00,60.00,0.00,1.5452e-07,3.0506e-07,1.1917e-06,4.6980e-06,1.0121e-05,1.0107e-05,7.5978e-06,1.5033e-07,2.7129e-07,8.2879e-07,4.7328e-06,8.5854e-06,1.0012e-05,8.8375e-06
P6,60.00,135.00,60.00,0.00,6.3482e-08,3.0502e-07,1.1917e-06,4.6919e-06,1.0120e-05,1.0106e-05,7.5977e-06,6.1911e-08,2.7129e-07,8.2879e-07,4.7262e-06,8.5842e-06,1.0012e-05,8.8373e-06
P6,60.00,90.00,0.00,0.00,9.9289e-08,3.0503e-07,1.1917e-06,4.6929e-06,1.0120e-05,1.0106e-05,7.5977e-06,9.6113e-08,2.7129e-07,8.2879e-07,4.7272e-06,8.5844e-06,1.0012e-05,8.8373e-06
P6,60.00,180.00,30.00,0.00,8.2443e-08,3.0503e-07,1.1917e-06,4.6922e-06,1.0120e-05,1.0106e-05,7.5977e-06,7.9920e-08,2.7129e-07,8.2879e-07,4.7265e-06,8.5843e-06,1.0012e-05,8.8373e-06
P6,30.00,45.00,30.00,0.00,9.6667e-08,3.9107e-07,1.4223e-06,4.9284e-06,1.0266e-05,1.0251e-05,8.4354e-06,9.3670e-08,3.5107e-07,1.0235e-06,4.9464e-06,8.7206e-06,1.0146e-05,9.4761e-06
P6,0.00,180.00,30.00,0.00,8.6980e-08,4.1617e-07,1.4803e-06,4.9775e-06,1.0295e-05,1.0281e-05,8.6357e-06,8.4344e-08,3.7469e-07,1.0749e-06,4.9914e-06,8.7480e-06,1.0173e-05,9.6231e-06
P6,0.00,0.00,30.00,0.00,8.6980e-08,4.1617e-07,1.4803e-06,4.9775e-06,1.0295e-05,1.0281e-05,8.6357e-06,8.4344e-08,3.7469e-07,1.0749e-06,4.9914e-06,8.7480e-06,1.0173e-05,9.6231e-06
P6,30.00,180.00,0.00,0.00,9.5534e-08,3.9107e-07,1.4223e-06,4.9281e-06,1.0266e-05,1.0251e-05,8.4354e-06,9.2449e-08,3.5107e-07,1.0235e-06,4.9461e-06,8.7206e-06,1.0146e-05,9.4761e-06
P6,60.00,0.00,30.00,0.00,1.2381e-07,3.0504e-07,1.1917e-06,4.6944e-06,1.0120e-05,1.0106e-05,7.5977e-06,1.1997e-07,2.7129e-07,8.2879e-07,4.7289e-06,8.5847e-06,1.0012e-05,8.8374e-06
P6,60.00,180.00,0.00,0.00,9.9289e-08,3.0503e-07,1.1917e-06,4.6929e-06,1.0120e-05,1.0106e-05,7.5977e-06,9.6113e-08,2.7129e-07,8.2879e-07,4.7272e-06,8.5844e-06,1.0012e-05,8.8373e-06
P6,0.00,45.00,60.00,0.00,6.4780e-08,4.1616e-07,1.4803e-06,4.9773e-06,1.0295e-05,1.0281e-05,8.6357e-06,6.3334e-08,3.7469e-07,1.0749e-06,4.9912e-06,8.7480e-06,1.0173e-05,9.6231e-06
P6,30.00,135.00,60.00,0.00,6.2249e-08,3.9105e-07,1.4223e-06,4.9276e-06,1.0265e-05,1.0251e-05,8.4354e-06,6.0844e-08,3.5107e-07,1.0235e-06,4.9455e-06,8.7205e-06,1.0146e-05,9.4760e-06
P6,30.00,135.00,0.00,0.00,9.5534e-08,3.9107e-07,1.4223e-06,4.9281e-06,1.0266e-05,1.0251e-05,8.4354e-06,9.2449e-08,3.5107e-07,1.0235e-06,4.9461e-06,8.7206e-06,1.0146e-05,9.4761e-06
P6,60.00,135.00,0.00,0.00,9.9289e-08,3.0503e-07,1.1917e-06,4.6929e-06,1.0120e-05,1.0106e-05,7.5977e-06,9.6113e-08,2.7129e-07,8.2879e-07,4.7272e-06,8.5844e-06,1.0012e-05,8.8373e-06
P6,30.00,135.00,30.00,0.00,8.6294e-08,3.9106e-07,1.4223e-06,4.9279e-06,1.0266e-05,1.0251e-05,8.4354e-06,8.3657e-08,3.5107e-07,1.0235e-06,4.9459e-06,8.7206e-06,1.0146e-05,9.4761e-06
P6,30.00,180.00,30.00,0.00,8.4564e-08,3.9106e-07,1.4223e-06,4.9277e-06,1.0266e-05,1.0251e-05,8.4354e-06,8.1989e-08,3.5107e-07,1.0235e-06,4.9457e-06,8.7205e-06,1.0146e-05,9.4761e-06
P6,60.00,45.00,0.00,0.00,9.9289e-08,3.0503e-07,1.1917e-06,4.6929e-06,1.0120e-05,1.0106e-05,7.5977e-06,9.6113e-08,2.7129e-07,8.2879e-07,4.7272e-06,8.5844e-06,1.0012e-05,8.8373e-06
P6,30.00,180.00,60.00,0.00,6.0125e-08,3.9105e-07,1.4223e-06,4.9275e-06,1.0265e-05,1.0251e-05,8.4354e-06,5.8795e-08,3.5107e-07,1.0235e-06,4.9454e-06,8.7205e-06,1.0146e-05,9.4760e-06
P7,60.00,90.00,30.00,0.00,8.3687e-08,3.0741e-07,8.7910e-07,2.7733e-06,6.9176e-06,6.9055e-06,6.3156e-06,8.0397e-08,2.8482e-07,6.8385e-07,2.7727e-06,5.5956e-06,6.8088e-06,6.7861e-06
P7,30.00,0.00,30.00,0.00,8.3010e-08,3.4434e-07,9.6275e-07,2.9034e-06,6.9989e-06,6.9868e-06,6.7185e-06,7.9666e-08,3.1975e-07,7.5417e-07,2.8973e-06,5.6741e-06,6.8842e-06,7.1009e-06
P7,0.00,135.00,0.00,0.00,7.5125e-08,3.5429e-07,9.8385e-07,2.9297e-06,7.0150e-06,7.0029e-06,6.8154e-06,7.1920e-08,3.2923e-07,7.7245e-07,2.9220e-06,5.6895e-06,6.8991e-06,7.1732e-06
P7,60.00,135.00,30.00,0.00,7.2212e-08,3.0741e-07,8.7910e-07,2.7727e-06,6.9175e-06,6.9055e-06,6.3156e-06,6.9306e-08,2.8482e-07,6.8385e-07,2.7720e-06,5.5955e-06,6.8087e-06,6.7861e-06
P7,60.00,0.00,30.00,0.00,1.1075e-07,3.0743e-07,8.7911e-07,2.7749e-06,6.9177e-06,6.9057e-06,6.3156e-06,1.0662e-07,2.8482e-07,6.8386e-07,2.7744e-06,5.5959e-06,6.8089e-06,6.7862e-06
P7,30.00,180.00,0.00,0.00,7.9127e-08,3.4433e-07,9.6275e-07,2.9029e-06,6.9988e-06,6.9868e-06,6.7185e-06,7.5776e-08,3.1975e-07,7.5417e-07,2.8968e-06,5.6740e-06,6.8841e-06,7.1009e-06
P7,30.00,0.00,60.00,0.00,6.7694e-08,3.4433e-07,9.6274e-07,2.9036e-06,6.9989e-06,6.9869e-06,6.7185e-06,6.5361e-08,3.1975e-07,7.5417e-07,2.8976e-06,5.6742e-06,6.8842e-06,7.1010e-06
P7,0.00,0.00,60.00,0.00,4.7283e-08,3.5428e-07,9.8382e-07,2.9294e-06,7.0150e-06,7.0029e-06,6.8154e-06,4.5620e-08,3.2923e-07,7.7245e-07,2.9217e-06,5.6895e-06,6.8991e-06,7.1732e-06
P7,60.00,45.00,30.00,0.00,1.0084e-07,3.0742e-07,8.7911e-07,2.7744e-06,6.9177e-06,6.9056e-06,6.3156e-06,9.7007e-08,2.8482e-07,6.8386e-07,2.7738e-06,5.5958e-06,6.8089e-06,6.7862e-06
P7,30.00,180.00,60.00,0.00,4.3210e-08,3.4431e-07,9.6272e-07,2.9022e-06,6.9988e-06,6.9867e-06,6.7185e-06,4.1660e-08,3.1975e-07,7.5417e-07,2.8961e-06,5.6739e-06,6.8841e-06,7.1009e-06
P7,30.00,45.00,60.00,0.00,6.1951e-08,3.4432e-07,9.6273e-07,2.9033e-06,6.9989e-06,6.9868e-06,6.7185e-06,5.9789e-08,3.1975e-07,7.5417e-07,2.8972e-06,5.6741e-06,6.8842e-06,7.1009e-06
P7,60.00,135.00,0.00,0.00,8.5702e-08,3.0741e-07,8.7910e-07,2.7733e-06,6.9176e-06,6.9055e-06,6.3156e-06,8.2252e-08,2.8482e-07,6.8385e-07,2.7726e-06,5.5956e-06,6.8088e-06,6.7861e-06
P7,60.00,0.00,60.00,0.00,1.4222e-07,3.0744e-07,8.7911e-07,2.7790e-06,6.9181e-06,6.9061e-06,6.3157e-06,1.3779e-07,2.8482e-07,6.8386e-07,2.7789e-06,5.5967e-06,6.8094e-06,6.7864e-06
P7,30.00,45.00,0.00,0.00,7.9127e-08,3.4433e-07,9.6275e-07,2.9029e-06,6.9988e-06,6.9868e-06,6.7185e-06,7.5776e-08,3.1975e-07,7.5417e-07,2.8968e-06,5.6740e-06,6.8841e-06,7.1009e-06
P7,60.00,45.00,60.00,0.00,1.0455e-07,3.0742e-07,8.7910e-07,2.7758e-06,6.9178e-06,6.9058e-06,6.3156e-06,1.0109e-07,2.8482e-07,6.8386e-07,2.7754e-06,5.5961e-06,6.8090e-06,6.7862e-06
P7,0.00,90.00,60.00,0.00,4.7283e-08,3.5428e-07,9.8382e-07,2.9294e-06,7.0150e-06,7.0029e-06,6.8154e-06,4.5620e-08,3.2923e-07,7.7245e-07,2.9217e-06,5.6895e-06,6.8991e-06,7.1732e-06
P7,60.00,0.00,0.00,0.00,8.5702e-08,3.0741e-07,8.7910e-07,2.7733e-06,6.9176e-06,6.9055e-06,6.3156e-06,8.2252e-08,2.8482e-07,6.8385e-07,2.7726e-06,5.5956e-06,6.8088e-06,6.7861e-06
P7,60.00,90.00,0.00,0.00,8.5702e-08,3.0741e-07,8.7910e-07,2.7733e-06,6.9176e-06,6.9055e-06,6.3156e-06,8.2252e-08,2.8482e-07,6.8385e-07,2.7726e-06,5.5956e-06,6.8088e-06,6.7861e-06
P7,30.00,180.00,30.00,0.00,6.7996e-08,3.4433e-07,9.6274e-07,2.9025e-06,6.9988e-06,6.9867e-06,6.7185e-06,6.5168e-08,3.1975e-07,7.5417e-07,2.8964e-06,5.6739e-06,6.8841e-06,7.1009e-06
P7,30.00,135.00,60.00,0.00,4.5364e-08,3.4431e-07,9.6272e-07,2.9023e-06,6.9988e-06,6.9867e-06,6.7185e-06,4.3740e-08,3.1975e-07,7.5417e-07,2.8962e-06,5.6739e-06,6.8841e-06,7.1009e-06
P7,30.00,45.00,30.00,0.00,8.0267e-08,3.4433e-07,9.6275e-07,2.9032e-06,6.9989e-06,6.9868e-06,6.7185e-06,7.7013e-08,3.1975e-07,7.5417e-07,2.8972e-06,5.6740e-06,6.8841e-06,7.1009e-06
P7,0.00,135.00,30.00,0.00,6.9766e-08,3.5429e-07,9.8384e-07,2.9296e-06,7.0150e-06,7.0029e-06,6.8154e-06,6.6879e-08,3.2923e-07,7.7245e-07,2.9219e-06,5.6895e-06,6.8991e-06,7.1732e-06
P7,30.00,0.00,0.00,0.00,7.9127e-08,3.4433e-07,9.6275e-07,2.9029e-06,6.9988e-06,6.9868e-06,6.7185e-06,7.5776e-08,3.1975e-07,7.5417e-07,2.8968e-06,5.6740e-06,6.8841e-06,7.1009e-06
P7,30.00,90.00,60.00,0.00,5.2013e-08,3.4432e-07,9.6273e-07,2.9027e-06,6.9988e-06,6.9868e-06,6.7185e-06,5.0165e-08,3.1975e-07,7.5417e-07,2.8966e-06,5.6740e-06,6.8841e-06,7.1009e-06
P7,0.00,45.00,60.00,0.00,4.7283e-08,3.5428e-07,9.8382e-07,2.9294e-06,7.0150e-06,7.0029e-06,6.8154e-06,4.5620e-08,3.2923e-07,7.7245e-07,2.9217e-06,5.6895e-06,6.8991e-06,7.1732e-06
P7,60.00,180.00,0.00,0.00,8.5702e-08,3.0741e-07,8.7910e-07,2.7733e-06,6.9176e-06,6.9055e-06,6.3156e-06,8.2252e-08,2.8482e-07,6.8385e-07,2.7726e-06,5.5956e-06,6.8088e-06,6.7861e-06
P7,0.00,0.00,0.00,0.00,7.5125e-08,3.5429e-07,9.8385e-07,2.9297e-06,7.0150e-06,7.0029e-06,6.8154e-06,7.1920e-08,3.2923e-07,7.7245e-07,2.9220e-06,5.6895e-06,6.8991e-06,7.1732e-06
P7,60.00,180.00,60.00,0.00,4.4734e-08,3.0739e-07,8.7909e-07,2.7719e-06,6.9174e-06,6.9054e-06,6.3156e-06,4.3104e-08,2.8482e-07,6.8385e-07,2.7711e-06,5.5953e-06,6.8087e-06,6.7860e-06
P7,0.00,180.00,30.00,0.00,6.9766e-08,3.5429e-07,9.8384e-07,2.9296e-06,7.0150e-06,7.0029e-06,6.8154e-06,6.6879e-08,3.2923e-07,7.7245e-07,2.9219e-06,5.6895e-06,6.8991e-06,7.1732e-06
P7,60.00,45.00,0.00,0.00,8.5702e-08,3.0741e-07,8.7910e-07,2.7733e-06,6.9176e-06,6.9055e-06,6.3156e-06,8.2252e-08,2.8482e-07,6.8385e-07,2.7726e-06,5.5956e-06,6.8088e-06,6.7861e-06
P7,30.00,90.00,30.00,0.00,7.4538e-08,3.4433e-07,9.6275e-07,2.9029e-06,6.9988e-06,6.9868e-06,6.7185e-06,7.1480e-08,3.1975e-07,7.5417e-07,2.8968e-06,5.6740e-06,6.8841e-06,7.1009e-06
P7,60.00,180.00,30.00,0.00,6.8493e-08,3.0740e-07,8.7910e-07,2.7725e-06,6.9175e-06,6.9054e-06,6.3156e-06,6.5717e-08,2.8482e-07,6.8385e-07,2.7719e-06,5.5955e-06,6.8087e-06,6.7861e-06
P7,60.00,135.00,60.00,0.00,4.9128e-08,3.0739e-07,8.7909e-07,2.7722e-06,6.9175e-06,6.9054e-06,6.3156e-06,4.7345e-08,2.8482e-07,6.8385e-07,2.7715e-06,5.5954e-06,6.8087e-06,6.7860e-06
P7,30.00,135.00,0.00,0.00,7.9127e-08,3.4433e-07,9.6275e-07,2.9029e-06,6.9988e-06,6.9868e-06,6.7185e-06,7.5776e-08,3.1975e-07,7.5417e-07,2.8968e-06,5.6740e-06,6.8841e-06,7.1009e-06
P7,0.00,180.00,60.00,0.00,4.7283e-08,3.5428e-07,9.8382e-07,2.9294e-06,7.0150e-06,7.0029e-06,6.8154e-06,4.5620e-08,3.2923e-07,7.7245e-07,2.9217e-06,5.6895e-06,6.8991e-06,7.1732e-06
P7,0.00,180.00,0.00,0.00,7.5125e-08,3.5429e-07,9.8385e-07,2.9297e-06,7.0150e-06,7.0029e-06,6.8154e-06,7.1920e-08,3.2923e-07,7.7245e-07,2.9220e-06,5.6895e-06,6.8991e-06,7.1732e-06
P7,0.00,135.00,60.00,0.00,4.7283e-08,3.5428e-07,9.8382e-07,2.9294e-06,7.0150e-06,7.0029e-06,6.8154e-06,4.5620e-08,3.2923e-07,7.7245e-07,2.9217e-06,5.6895e-06,6.8991e-06,7.1732e-06
P7,0.00,90.00,30.00,0.00,6.9766e-08,3.5429e-07,9.8384e-07,2.9296e-06,7.0150e-06,7.0029e-06,6.8154e-06,6.6879e-08,3.2923e-07,7.7245e-07,2.9219e-06,5.6895e-06,6.8991e-06,7.1732e-06
P7,0.00,90.00,0.00,0.00,7.5125e-08,3.5429e-07,9.8385e-07,2.9297e-06,7.0150e-06,7.0029e-06,6.8154e-06,7.1920e-08,3.2923e-07,7.7245e-07,2.9220e-06,5.6895e-06,6.8991e-06,7.1732e-06
P7,30.00,135.00,30.00,0.00,6.9750e-08,3.4433e-07,9.6274e-07,2.9027e-06,6.9988e-06,6.9868e-06,6.7185e-06,6.6860e-08,3.1975e-07,7.5417e-07,2.8966e-06,5.6739e-06,6.8841e-06,7.1009e-06
P7,0.00,45.00,30.00,0.00,6.9766e-08,3.5429e-07,9.8384e-07,2.9296e-06,7.0150e-06,7.0029e-06,6.8154e-06,6.6879e-08,3.2923e-07,7.7245e-07,2.9219e-06,5.6895e-06,6.8991e-06,7.1732e-06
P7,60.00,90.00,60.00,0.00,6.5686e-08,3.0740e-07,8.7910e-07,2.7731e-06,6.9175e-06,6.9055e-06,6.3156e-06,6.3354e-08,2.8482e-07,6.8385e-07,2.7725e-06,5.5956e-06,6.8088e-06,6.7861e-06
P7,0.00,0.00,30.00,0.00,6.9766e-08,3.5429e-07,9.8384e-07,2.9296e-06,7.0150e-06,7.0029e-06,6.8154e-06,6.6879e-08,3.2923e-07,7.7245e-07,2.9219e-06,5.6895e-06,6.8991e-06,7.1732e-06
P7,30.00,90.00,0.00,0.00,7.9127e-08,3.4433e-07,9.6275e-07,2.9029e-06,6.9988e-06,6.9868e-06,6.7185e-06,7.5776e-08,3.1975e-07,7.5417e-07,2.8968e-06,5.6740e-06,6.8841e-06,7.1009e-06
P7,0.00,45.00,0.00,0.00,7.5125e-08,3.5429e-07,9.8385e-07,2.9297e-06,7.0150e-06,7.0029e-06,6.8154e-06,7.1920e-08,3.2923e-07,7.7245e-07,2.9220e-06,5.6895e-06,6.8991e-06,7.1732e-06
P8,30.00,180.00,60.00,0.00,5.8691e-08,3.0625e-07,1.0771e-06,5.1184e-06,1.0426e-05,1.0413e-05,8.5460e-06,5.7902e-08,2.7586e-07,7.6327e-07,5.1488e-06,9.0213e-06,1.0328e-05,9.5630e-06
P8,60.00,90.00,30.00,0.00,8.9279e-08,2.5303e-07,9.0695e-07,4.8705e-06,1.0142e-05,1.0129e-05,7.6757e-06,8.7300e-08,2.2718e-07,6.4008e-07,4.9202e-06,8.8061e-06,1.0059e-05,8.8489e-06
P8,30.00,135.00,60.00,0.00,6.0493e-08,3.0625e-07,1.0771e-06,5.1184e-06,1.0426e-05,1.0413e-05,8.5460e-06,5.9654e-08,2.7586e-07,7.6327e-07,5.1489e-06,9.0213e-06,1.0328e-05,9.5630e-06
P8,60.00,180.00,0.00,0.00,9.1306e-08,2.5303e-07,9.0695e-07,4.8706e-06,1.0142e-05,1.0129e-05,7.6757e-06,8.9187e-08,2.2718e-07,6.4008e-07,4.9202e-06,8.8061e-06,1.0059e-05,8.8489e-06
P8,0.00,135.00,0.00,0.00,8.8748e-08,3.2165e-07,1.1238e-06,5.1749e-06,1.0487e-05,1.0474e-05,8.7582e-06,8.6591e-08,2.9002e-07,7.9825e-07,5.2008e-06,9.0667e-06,1.0385e-05,9.7309e-06
P8,30.00,90.00,0.00,0.00,9.1013e-08,3.0626e-07,1.0771e-06,5.1189e-06,1.0426e-05,1.0413e-05,8.5460e-06,8.8785e-08,2.7587e-07,7.6327e-07,5.1493e-06,9.0213e-06,1.0328e-05,9.5630e-06
P8,30.00,0.00,60.00,0.00,7.9166e-08,3.0626e-07,1.0771e-06,5.1191e-06,1.0426e-05,1.0413e-05,8.5460e-06,7.7864e-08,2.7586e-07,7.6327e-07,5.1496e-06,9.0214e-06,1.0328e-05,9.5630e-06
P8,60.00,90.00,0.00,0.00,9.1306e-08,2.5303e-07,9.0695e-07,4.8706e-06,1.0142e-05,1.0129e-05,7.6757e-06,8.9187e-08,2.2718e-07,6.4008e-07,4.9202e-06,8.8061e-06,1.0059e-05,8.8489e-06
P8,0.00,135.00,60.00,0.00,6.3081e-08,3.2165e-07,1.1238e-06,5.1746e-06,1.0487e-05,1.0474e-05,8.7582e-06,6.2204e-08,2.9002e-07,7.9825e-07,5.2005e-06,9.0667e-06,1.0385e-05,9.7309e-06
P8,30.00,90.00,30.00,0.00,8.6690e-08,3.0626e-07,1.0771e-06,5.1189e-06,1.0426e-05,1.0413e-05,8.5460e-06,8.4713e-08,2.7587e-07,7.6327e-07,5.1493e-06,9.0213e-06,1.0328e-05,9.5630e-06
P8,0.00,0.00,0.00,0.00,8.8748e-08,3.2165e-07,1.1238e-06,5.1749e-06,1.0487e-05,1.0474e-05,8.7582e-06,8.6591e-08,2.9002e-07,7.9825e-07,5.2008e-06,9.0667e-06,1.0385e-05,9.7309e-06
P8,0.00,45.00,60.00,0.00,6.3081e-08,3.2165e-07,1.1238e-06,5.1746e-06,1.0487e-05,1.0474e-05,8.7582e-06,6.2204e-08,2.9002e-07,7.9825e-07,5.2005e-06,9.0667e-06,1.0385e-05,9.7309e-06
P8,60.00,180.00,30.00,0.00,7.6699e-08,2.5303e-07,9.0695e-07,4.8702e-06,1.0142e-05,1.0129e-05,7.6757e-06,7.5052e-08,2.2718e-07,6.4008e-07,4.9198e-06,8.8060e-06,1.0059e-05,8.8489e-06
P8,30.00,45.00,0.00,0.00,9.1013e-08,3.0626e-07,1.0771e-06,5.1189e-06,1.0426e-05,1.0413e-05,8.5460e-06,8.8785e-08,2.7587e-07,7.6327e-07,5.1493e-06,9.0213e-06,1.0328e-05,9.5630e-06
P8,60.00,0.00,0.00,0.00,9.1306e-08,2.5303e-07,9.0695e-07,4.8706e-06,1.0142e-05,1.0129e-05,7.6757e-06,8.9187e-08,2.2718e-07,6.4008e-07,4.9202e-06,8.8061e-06,1.0059e-05,8.8489e-06
P8,0.00,45.00,30.00,0.00,8.3736e-08,3.2165e-07,1.1238e-06,5.1748e-06,1.0487e-05,1.0474e-05,8.7582e-06,8.1849e-08,2.9002e-07,7.9825e-07,5.2007e-06,9.0667e-06,1.0385e-05,9.7309e-06
P8,60.00,45.00,60.00,0.00,1.0422e-07,2.5304e-07,9.0695e-07,4.8716e-06,1.0142e-05,1.0129e-05,7.6757e-06,1.0232e-07,2.2718e-07,6.4008e-07,4.9214e-06,8.8062e-06,1.0059e-05,8.8489e-06
P8,30.00,45.00,60.00,0.00,7.4364e-08,3.0626e-07,1.0771e-06,5.1189e-06,1.0426e-05,1.0413e-05,8.5460e-06,7.3173e-08,2.7586e-07,7.6327e-07,5.1494e-06,9.0213e-06,1.0328e-05,9.5630e-06
P8,60.00,135.00,0.00,0.00,9.1306e-08,2.5303e-07,9.0695e-07,4.8706e-06,1.0142e-05,1.0129e-05,7.6757e-06,8.9187e-08,2.2718e-07,6.4008e-07,4.9202e-06,8.8061e-06,1.0059e-05,8.8489e-06
P8,30.00,180.00,0.00,0.00,9.1013e-08,3.0626e-07,1.0771e-06,5.1189e-06,1.0426e-05,1.0413e-05,8.5460e-06,8.8785e-08,2.7587e-07,7.6327e-07,5.1493e-06,9.0213e-06,1.0328e-05,9.5630e-06
P8,30.00,0.00,30.00,0.00,9.4003e-08,3.0627e-07,1.0771e-06,5.1192e-06,1.0426e-05,1.0413e-05,8.5460e-06,9.1825e-08,2.7587e-07,7.6327e-07,5.1497e-06,9.0214e-06,1.0328e-05,9.5630e-06
P8,60.00,135.00,60.00,0.00,5.9637e-08,2.5302e-07,9.0695e-07,4.8699e-06,1.0142e-05,1.0129e-05,7.6757e-06,5.8744e-08,2.2718e-07,6.4008e-07,4.9195e-06,8.8060e-06,1.0059e-05,8.8488e-06
P8,0.00,90.00,30.00,0.00,8.3736e-08,3.2165e-07,1.1238e-06,5.1748e-06,1.0487e-05,1.0474e-05,8.7582e-06,8.1849e-08,2.9002e-07,7.9825e-07,5.2007e-06,9.0667e-06,1.0385e-05,9.7309e-06
P8,0.00,0.00,60.00,0.00,6.3081e-08,3.2165e-07,1.1238e-06,5.1746e-06,1.0487e-05,1.0474e-05,8.7582e-06,6.2204e-08,2.9002e-07,7.9825e-07,5.2005e-06,9.0667e-06,1.0385e-05,9.7309e-06
P8,60.00,90.00,60.00,0.00,7.2958e-08,2.5303e-07,9.0695e-07,4.8703e-06,1.0142e-05,1.0129e-05,7.6757e-06,7.1731e-08,2.2718e-07,6.4008e-07,4.9200e-06,8.8061e-06,1.0059e-05,8.8489e-06
P8,0.00,135.00,30.00,0.00,8.3736e-08,3.2165e-07,1.1238e-06,5.1748e-06,1.0487e-05,1.0474e-05,8.7582e-06,8.1849e-08,2.9002e-07,7.9825e-07,5.2007e-06,9.0667e-06,1.0385e-05,9.7309e-06
P8,30.00,45.00,30.00,0.00,9.1636e-08,3.0626e-07,1.0771e-06,5.1191e-06,1.0426e-05,1.0413e-05,8.5460e-06,8.9521e-08,2.7587e-07,7.6327e-07,5.1495e-06,9.0213e-06,1.0328e-05,9.5630e-06
P8,0.00,180.00,60.00,0.00,6.3081e-08,3.2165e-07,1.1238e-06,5.1746e-06,1.0487e-05,1.0474e-05,8.7582e-06,6.2204e-08,2.9002e-07,7.9825e-07,5.2005e-06,9.0667e-06,1.0385e-05,9.7309e-06
P8,30.00,135.00,30.00,0.00,8.2557e-08,3.0626e-07,1.0771e-06,5.1187e-06,1.0426e-05,1.0413e-05,8.5460e-06,8.0700e-08,2.7587e-07,7.6327e-07,5.1492e-06,9.0213e-06,1.0328e-05,9.5630e-06
P8,60.00,0.00,30.00,0.00,1.1168e-07,2.5304e-07,9.0695e-07,4.8714e-06,1.0142e-05,1.0129e-05,7.6757e-06,1.0917e-07,2.2718e-07,6.4008e-07,4.9212e-06,8.8062e-06,1.0059e-05,8.8489e-06
P8,30.00,90.00,60.00,0.00,6.6055e-08,3.0626e-07,1.0771e-06,5.1186e-06,1.0426e-05,1.0413e-05,8.5460e-06,6.5067e-08,2.7586e-07,7.6327e-07,5.1491e-06,9.0213e-06,1.0328e-05,9.5630e-06
P8,60.00,135.00,30.00,0.00,7.9778e-08,2.5303e-07,9.0695e-07,4.8702e-06,1.0142e-05,1.0129e-05,7.6757e-06,7.8047e-08,2.2718e-07,6.4008e-07,4.9199e-06,8.8060e-06,1.0059e-05,8.8489e-06
P8,30.00,180.00,30.00,0.00,8.1043e-08,3.0626e-07,1.0771e-06,5.1186e-06,1.0426e-05,1.0413e-05,8.5460e-06,7.9229e-08,2.7587e-07,7.6327e-07,5.1491e-06,9.0213e-06,1.0328e-05,9.5630e-06
P8,0.00,180.00,30.00,0.00,8.3736e-08,3.2165e-07,1.1238e-06,5.1748e-06,1.0487e-05,1.0474e-05,8.7582e-06,8.1849e-08,2.9002e-07,7.9825e-07,5.2007e-06,9.0667e-06,1.0385e-05,9.7309e-06
P8,0.00,90.00,0.00,0.00,8.8748e-08,3.2165e-07,1.1238e-06,5.1749e-06,1.0487e-05,1.0474e-05,8.7582e-06,8.6591e-08,2.9002e-07,7.9825e-07,5.2008e-06,9.0667e-06,1.0385e-05,9.7309e-06
P8,60.00,0.00,60.00,0.00,1.3450e-07,2.5305e-07,9.0695e-07,4.8730e-06,1.0142e-05,1.0129e-05,7.6757e-06,1.3207e-07,2.2718e-07,6.4008e-07,4.9230e-06,8.8065e-06,1.0059e-05,8.8489e-06
P8,60.00,45.00,30.00,0.00,1.0347e-07,2.5304e-07,9.0695e-07,4.8711e-06,1.0142e-05,1.0129e-05,7.6757e-06,1.0115e-07,2.2718e-07,6.4008e-07,4.9208e-06,8.8062e-06,1.0059e-05,8.8489e-06
P8,60.00,180.00,60.00,0.00,5.6103e-08,2.5302e-07,9.0695e-07,4.8697e-06,1.0142e-05,1.0129e-05,7.6757e-06,5.5304e-08,2.2718e-07,6.4008e-07,4.9193e-06,8.8060e-06,1.0059e-05,8.8488e-06
P8,0.00,0.00,30.00,0.00,8.3736e-08,3.2165e-07,1.1238e-06,5.1748e-06,1.0487e-05,1.0474e-05,8.7582e-06,8.1849e-08,2.9002e-07,7.9825e-07,5.2007e-06,9.0667e-06,1.0385e-05,9.7309e-06
P8,60.00,45.00,0.00,0.00,9.1306e-08,2.5303e-07,9.0695e-07,4.8706e-06,1.0142e-05,1.0129e-05,7.6757e-06,8.9187e-08,2.2718e-07,6.4008e-07,4.9202e-06,8.8061e-06,1.0059e-05,8.8489e-06
P8,30.00,135.00,0.00,0.00,9.1013e-08,3.0626e-07,1.0771e-06,5.1189e-06,1.0426e-05,1.0413e-05,8.5460e-06,8.8785e-08,2.7587e-07,7.6327e-07,5.1493e-06,9.0213e-06,1.0328e-05,9.5630e-06
P8,0.00,45.00,0.00,0.00,8.8748e-08,3.2165e-07,1.1238e-06,5.1749e-06,1.0487e-05,1.0474e-05,8.7582e-06,8.6591e-08,2.9002e-07,7.9825e-07,5.2008e-06,9.0667e-06,1.0385e-05,9.7309e-06
P8,0.00,180.00,0.00,0.00,8.8748e-08,3.2165e-07,1.1238e-06,5.1749e-06,1.0487e-05,1.0474e-05,8.7582e-06,8.6591e-08,2.9002e-07,7.9825e-07,5.2008e-06,9.0667e-06,1.0385e-05,9.7309e-06
P8,30.00,0.00,0.00,0.00,9.1013e-08,3.0626e-07,1.0771e-06,5.1189e-06,1.0426e-05,1.0413e-05,8.5460e-06,8.8785e-08,2.7587e-07,7.6327e-07,5.1493e-06,9.0213e-06,1.0328e-05,9.5630e-06
P8,0.00,90.00,60.00,0.00,6.3081e-08,3.2165e-07,1.1238e-06,5.1746e-06,1.0487e-05,1.0474e-05,8.7582e-06,6.2204e-08,2.9002e-07,7.9825e-07,5.2005e-06,9.0667e-06,1.0385e-05,9.7309e-06
P9,60.00,0.00,30.00,0.00,1.1438e-07,1.9071e-07,5.9302e-07,1.6920e-06,4.8539e-06,4.8439e-06,4.4733e-06,1.0938e-07,1.7503e-07,4.6864e-07,1.6874e-06,3.7569e-06,4.7553e-06,4.9158e-06
P9,60.00,45.00,30.00,0.00,1.0371e-07,1.9063e-07,5.9257e-07,1.6913e-06,4.8538e-06,4.8439e-06,4.4733e-06,9.9069e-08,1.7499e-07,4.6836e-07,1.6867e-06,3.7568e-06,4.7553e-06,4.9158e-06
P9,0.00,0.00,60.00,0.00,4.4940e-08,2.3048e-07,6.5354e-07,1.7905e-06,4.9180e-06,4.9080e-06,4.9091e-06,4.2906e-08,2.1374e-07,5.2658e-07,1.7796e-06,3.8188e-06,4.8155e-06,5.2184e-06
P9,60.00,135.00,0.00,0.00,8.7160e-08,1.9050e-07,5.9182e-07,1.6900e-06,4.8537e-06,4.8438e-06,4.4733e-06,8.3025e-08,1.7493e-07,4.6791e-07,1.6853e-06,3.7566e-06,4.7552e-06,4.9157e-06
P9,0.00,45.00,30.00,0.00,6.7956e-08,2.3060e-07,6.5390e-07,1.7907e-06,4.9180e-06,4.9080e-06,4.9091e-06,6.4628e-08,2.1381e-07,5.2688e-07,1.7798e-06,3.8188e-06,4.8155e-06,5.2184e-06
P9,30.00,90.00,60.00,0.00,5.0350e-08,2.2251e-07,6.4207e-07,1.7742e-06,4.9080e-06,4.8980e-06,4.8281e-06,4.8082e-08,2.0597e-07,5.1544e-07,1.7645e-06,3.8092e-06,4.8061e-06,5.1642e-06
P9,0.00,180.00,60.00,0.00,4.4940e-08,2.3048e-07,6.5354e-07,1.7905e-06,4.9180e-06,4.9080e-06,4.9091e-06,4.2906e-08,2.1374e-07,5.2658e-07,1.7796e-06,3.8188e-06,4.8155e-06,5.2184e-06
P9,60.00,90.00,60.00,0.00,6.6843e-08,1.9040e-07,5.9148e-07,1.6900e-06,4.8537e-06,4.8438e-06,4.4732e-06,6.3886e-08,1.7486e-07,4.6762e-07,1.6853e-06,3.7566e-06,4.7552e-06,4.9157e-06
P9,30.00,135.00,30.00,0.00,6.8350e-08,2.2259e-07,6.4227e-07,1.7741e-06,4.9080e-06,4.8980e-06,4.8281e-06,6.4994e-08,2.0602e-07,5.1562e-07,1.7645e-06,3.8092e-06,4.8061e-06,5.1642e-06
P9,30.00,90.00,30.00,0.00,7.3408e-08,2.2264e-07,6.4249e-07,1.7744e-06,4.9080e-06,4.8980e-06,4.8281e-06,6.9859e-08,2.0605e-07,5.1577e-07,1.7648e-06,3.8093e-06,4.8061e-06,5.1642e-06
P9,30.00,0.00,60.00,0.00,6.7185e-08,2.2265e-07,6.4279e-07,1.7753e-06,4.9081e-06,4.8981e-06,4.8281e-06,6.4330e-08,2.0605e-07,5.1589e-07,1.7657e-06,3.8094e-06,4.8062e-06,5.1643e-06
P9,30.00,0.00,0.00,0.00,7.8040e-08,2.2266e-07,6.4250e-07,1.7744e-06,4.9080e-06,4.8980e-06,4.8281e-06,7.4187e-08,2.0606e-07,5.1579e-07,1.7647e-06,3.8092e-06,4.8061e-06,5.1642e-06
P9,60.00,135.00,60.00,0.00,4.8735e-08,1.9030e-07,5.9087e-07,1.6889e-06,4.8536e-06,4.8437e-06,4.4732e-06,4.6467e-08,1.7481e-07,4.6727e-07,1.6841e-06,3.7564e-06,4.7551e-06,4.9156e-06
P9,30.00,45.00,30.00,0.00,7.9461e-08,2.2270e-07,6.4274e-07,1.7748e-06,4.9081e-06,4.8981e-06,4.8281e-06,7.5685e-08,2.0608e-07,5.1594e-07,1.7652e-06,3.8093e-06,4.8062e-06,5.1642e-06
P9,0.00,0.00,30.00,0.00,6.7956e-08,2.3060e-07,6.5390e-07,1.7907e-06,4.9180e-06,4.9080e-06,4.9091e-06,6.4628e-08,2.1381e-07,5.2688e-07,1.7798e-06,3.8188e-06,4.8155e-06,5.2184e-06
P9,30.00,0.00,30.00,0.00,8.2360e-08,2.2273e-07,6.4288e-07,1.7750e-06,4.9081e-06,4.8981e-06,4.8281e-06,7.8479e-08,2.0610e-07,5.1603e-07,1.7654e-06,3.8093e-06,4.8062e-06,5.1642e-06
P9,0.00,45.00,0.00,0.00,7.3397e-08,2.3064e-07,6.5403e-07,1.7908e-06,4.9180e-06,4.9080e-06,4.9091e-06,6.9740e-08,2.1383e-07,5.2698e-07,1.7799e-06,3.8188e-06,4.8155e-06,5.2184e-06
P9,30.00,135.00,0.00,0.00,7.8040e-08,2.2266e-07,6.4250e-07,1.7744e-06,4.9080e-06,4.8980e-06,4.8281e-06,7.4187e-08,2.0606e-07,5.1579e-07,1.7647e-06,3.8092e-06,4.8061e-06,5.1642e-06
P9,0.00,135.00,0.00,0.00,7.3397e-08,2.3064e-07,6.5403e-07,1.7908e-06,4.9180e-06,4.9080e-06,4.9091e-06,6.9740e-08,2.1383e-07,5.2698e-07,1.7799e-06,3.8188e-06,4.8155e-06,5.2184e-06
P9,0.00,90.00,30.00,0.00,6.7956e-08,2.3060e-07,6.5390e-07,1.7907e-06,4.9180e-06,4.9080e-06,4.9091e-06,6.4628e-08,2.1381e-07,5.2688e-07,1.7798e-06,3.8188e-06,4.8155e-06,5.2184e-06
P9,0.00,180.00,30.00,0.00,6.7956e-08,2.3060e-07,6.5390e-07,1.7907e-06,4.9180e-06,4.9080e-06,4.9091e-06,6.4628e-08,2.1381e-07,5.2688e-07,1.7798e-06,3.8188e-06,4.8155e-06,5.2184e-06
P9,60.00,0.00,0.00,0.00,8.7160e-08,1.9050e-07,5.9182e-07,1.6900e-06,4.8537e-06,4.8438e-06,4.4733e-06,8.3025e-08,1.7493e-07,4.6791e-07,1.6853e-06,3.7566e-06,4.7552e-06,4.9157e-06
P9,0.00,0.00,0.00,0.00,7.3397e-08,2.3064e-07,6.5403e-07,1.7908e-06,4.9180e-06,4.9080e-06,4.9091e-06,6.9740e-08,2.1383e-07,5.2698e-07,1.7799e-06,3.8188e-06,4.8155e-06,5.2184e-06
P9,0.00,90.00,60.00,0.00,4.4940e-08,2.3048e-07,6.5354e-07,1.7905e-06,4.9180e-06,4.9080e-06,4.9091e-06,4.2906e-08,2.1374e-07,5.2658e-07,1.7796e-06,3.8188e-06,4.8155e-06,5.2184e-06
P9,60.00,135.00,30.00,0.00,7.2879e-08,1.9041e-07,5.9137e-07,1.6894e-06,4.8537e-06,4.8437e-06,4.4732e-06,6.9366e-08,1.7487e-07,4.6761e-07,1.6846e-06,3.7565e-06,4.7551e-06,4.9156e-06
P9,30.00,180.00,30.00,0.00,6.6497e-08,2.2257e-07,6.4215e-07,1.7739e-06,4.9080e-06,4.8980e-06,4.8281e-06,6.3212e-08,2.0600e-07,5.1554e-07,1.7643e-06,3.8092e-06,4.8061e-06,5.1642e-06
P9,30.00,180.00,60.00,0.00,4.0899e-08,2.2245e-07,6.4174e-07,1.7737e-06,4.9080e-06,4.8980e-06,4.8280e-06,3.8990e-08,2.0594e-07,5.1522e-07,1.7640e-06,3.8092e-06,4.8061e-06,5.1642e-06
P9,60.00,180.00,30.00,0.00,6.8874e-08,1.9039e-07,5.9125e-07,1.6892e-06,4.8537e-06,4.8437e-06,4.4732e-06,6.5518e-08,1.7486e-07,4.6754e-07,1.6844e-06,3.7565e-06,4.7551e-06,4.9156e-06
P9,60.00,90.00,30.00,0.00,8.5237e-08,1.9049e-07,5.9181e-07,1.6901e-06,4.8537e-06,4.8438e-06,4.4733e-06,8.1258e-08,1.7492e-07,4.6789e-07,1.6854e-06,3.7566e-06,4.7552e-06,4.9157e-06
P9,30.00,90.00,0.00,0.00,7.8040e-08,2.2266e-07,6.4250e-07,1.7744e-06,4.9080e-06,4.8980e-06,4.8281e-06,7.4187e-08,2.0606e-07,5.1579e-07,1.7647e-06,3.8092e-06,4.8061e-06,5.1642e-06
P9,0.00,180.00,0.00,0.00,7.3397e-08,2.3064e-07,6.5403e-07,1.7908e-06,4.9180e-06,4.9080e-06,4.9091e-06,6.9740e-08,2.1383e-07,5.2698e-07,1.7799e-06,3.8188e-06,4.8155e-06,5.2184e-06
P9,60.00,0.00,60.00,0.00,1.5052e-07,1.9098e-07,5.9519e-07,1.6971e-06,4.8544e-06,4.8445e-06,4.4734e-06,1.4486e-07,1.7516e-07,4.6980e-07,1.6928e-06,3.7579e-06,4.7559e-06,4.9161e-06
P9,0.00,135.00,60.00,0.00,4.4940e-08,2.3048e-07,6.5354e-07,1.7905e-06,4.9180e-06,4.9080e-06,4.9091e-06,4.2906e-08,2.1374e-07,5.2658e-07,1.7796e-06,3.8188e-06,4.8155e-06,5.2184e-06
P9,30.00,135.00,60.00,0.00,4.3212e-08,2.2247e-07,6.4181e-07,1.7738e-06,4.9080e-06,4.8980e-06,4.8280e-06,4.1213e-08,2.0595e-07,5.1527e-07,1.7641e-06,3.8092e-06,4.8061e-06,5.1642e-06
P9,60.00,180.00,60.00,0.00,4.3930e-08,1.9026e-07,5.9067e-07,1.6884e-06,4.8536e-06,4.8436e-06,4.4732e-06,4.1853e-08,1.7479e-07,4.6715e-07,1.6836e-06,3.7564e-06,4.7550e-06,4.9156e-06
P9,60.00,180.00,0.00,0.00,8.7160e-08,1.9050e-07,5.9182e-07,1.6900e-06,4.8537e-06,4.8438e-06,4.4733e-06,8.3025e-08,1.7493e-07,4.6791e-07,1.6853e-06,3.7566e-06,4.7552e-06,4.9157e-06
P9,0.00,45.00,60.00,0.00,4.4940e-08,2.3048e-07,6.5354e-07,1.7905e-06,4.9180e-06,4.9080e-06,4.9091e-06,4.2906e-08,2.1374e-07,5.2658e-07,1.7796e-06,3.8188e-06,4.8155e-06,5.2184e-06
P9,30.00,45.00,0.00,0.00,7.8040e-08,2.2266e-07,6.4250e-07,1.7744e-06,4.9080e-06,4.8980e-06,4.8281e-06,7.4187e-08,2.0606e-07,5.1579e-07,1.7647e-06,3.8092e-06,4.8061e-06,5.1642e-06
P9,60.00,45.00,60.00,0.00,1.0934e-07,1.9067e-07,5.9318e-07,1.6932e-06,4.8540e-06,4.8441e-06,4.4733e-06,1.0493e-07,1.7499e-07,4.6862e-07,1.6887e-06,3.7572e-06,4.7555e-06,4.9159e-06
P9,60.00,90.00,0.00,0.00,8.7160e-08,1.9050e-07,5.9182e-07,1.6900e-06,4.8537e-06,4.8438e-06,4.4733e-06,8.3025e-08,1.7493e-07,4.6791e-07,1.6853e-06,3.7566e-06,4.7552e-06,4.9157e-06
P9,60.00,45.00,0.00,0.00,8.7160e-08,1.9050e-07,5.9182e-07,1.6900e-06,4.8537e-06,4.8438e-06,4.4733e-06,8.3025e-08,1.7493e-07,4.6791e-07,1.6853e-06,3.7566e-06,4.7552e-06,4.9157e-06
P9,0.00,135.00,30.00,0.00,6.7956e-08,2.3060e-07,6.5390e-07,1.7907e-06,4.9180e-06,4.9080e-06,4.9091e-06,6.4628e-08,2.1381e-07,5.2688e-07,1.7798e-06,3.8188e-06,4.8155e-06,5.2184e-06
P9,30.00,180.00,0.00,0.00,7.8040e-08,2.2266e-07,6.4250e-07,1.7744e-06,4.9080e-06,4.8980e-06,4.8281e-06,7.4187e-08,2.0606e-07,5.1579e-07,1.7647e-06,3.8092e-06,4.8061e-06,5.1642e-06
P9,0.00,90.00,0.00,0.00,7.3397e-08,2.3064e-07,6.5403e-07,1.7908e-06,4.9180e-06,4.9080e-06,4.9091e-06,6.9740e-08,2.1383e-07,5.2698e-07,1.7799e-06,3.8188e-06,4.8155e-06,5.2184e-06
P9,30.00,45.00,60.00,0.00,6.1019e-08,2.2260e-07,6.4253e-07,1.7749e-06,4.9081e-06,4.8981e-06,4.8281e-06,5.8372e-08,2.0602e-07,5.1572e-07,1.7653e-06,3.8094e-06,4.8062e-06,5.1642e-06
P10,60.00,90.00,0.00,0.00,8.6862e-08,2.4107e-07,5.8929e-07,1.5141e-06,4.4724e-06,4.4629e-06,4.7648e-06,8.2724e-08,2.2674e-07,4.9456e-07,1.4990e-06,3.4228e-06,4.3768e-06,4.8598e-06
P10,0.00,0.00,0.00,0.00,7.2914e-08,2.6191e-07,6.2180e-07,1.5881e-06,4.5122e-06,4.5027e-06,4.9799e-06,6.9248e-08,2.4702e-07,5.2365e-07,1.5719e-06,3.4614e-06,4.4134e-06,5.0250e-06
P10,30.00,90.00,60.00,0.00,4.9879e-08,2.5779e-07,6.1549e-07,1.5763e-06,4.5070e-06,4.4975e-06,4.9392e-06,4.7605e-08,2.4305e-07,5.1788e-07,1.5605e-06,3.4565e-06,4.4087e-06,4.9955e-06
P10,60.00,45.00,30.00,0.00,1.0343e-07,2.4136e-07,5.9048e-07,1.5154e-06,4.4726e-06,4.4630e-06,4.7648e-06,9.8794e-08,2.2694e-07,4.9546e-07,1.5004e-06,3.4230e-06,4.3769e-06,4.8599e-06
P10,30.00,180.00,30.00,0.00,6.6037e-08,2.5783e-07,6.1549e-07,1.5761e-06,4.5070e-06,4.4975e-06,4.9392e-06,6.2745e-08,2.4307e-07,5.1794e-07,1.5602e-06,3.4564e-06,4.4087e-06,4.9955e-06
P10,0.00,180.00,30.00,0.00,6.7470e-08,2.6184e-07,6.2165e-07,1.5880e-06,4.5122e-06,4.5027e-06,4.9799e-06,6.4134e-08,2.4697e-07,5.2352e-07,1.5718e-06,3.4613e-06,4.4134e-06,5.0250e-06
P10,30.00,180.00,60.00,0.00,4.0413e-08,2.5765e-07,6.1497e-07,1.5758e-06,4.5070e-06,4.4974e-06,4.9392e-06,3.8497e-08,2.4296e-07,5.1748e-07,1.5599e-06,3.4564e-06,4.4087e-06,4.9954e-06
P10,0.00,90.00,60.00,0.00,4.4437e-08,2.6166e-07,6.2123e-07,1.5878e-06,4.5122e-06,4.5027e-06,4.9798e-06,4.2396e-08,2.4685e-07,5.2314e-07,1.5716e-06,3.4614e-06,4.4134e-06,5.0250e-06
P10,30.00,180.00,0.00,0.00,7.7592e-08,2.5800e-07,6.1595e-07,1.5765e-06,4.5071e-06,4.4975e-06,4.9392e-06,7.3732e-08,2.4321e-07,5.1832e-07,1.5607e-06,3.4565e-06,4.4087e-06,4.9955e-06
P10,0.00,45.00,30.00,0.00,6.7470e-08,2.6184e-07,6.2165e-07,1.5880e-06,4.5122e-06,4.5027e-06,4.9799e-06,6.4134e-08,2.4697e-07,5.2352e-07,1.5718e-06,3.4613e-06,4.4134e-06,5.0250e-06
P10,60.00,135.00,30.00,0.00,7.2556e-08,2.4088e-07,5.8863e-07,1.5134e-06,4.4724e-06,4.4628e-06,4.7648e-06,6.9041e-08,2.2660e-07,4.9404e-07,1.4983e-06,3.4227e-06,4.3768e-06,4.8598e-06
P10,30.00,90.00,0.00,0.00,7.7592e-08,2.5800e-07,6.1595e-07,1.5765e-06,4.5071e-06,4.4975e-06,4.9392e-06,7.3732e-08,2.4321e-07,5.1832e-07,1.5607e-06,3.4565e-06,4.4087e-06,4.9955e-06
P10,0.00,135.00,60.00,0.00,4.4437e-08,2.6166e-07,6.2123e-07,1.5878e-06,4.5122e-06,4.5027e-06,4.9798e-06,4.2396e-08,2.4685e-07,5.2314e-07,1.5716e-06,3.4614e-06,4.4134e-06,5.0250e-06
P10,60.00,90.00,30.00,0.00,8.4933e-08,2.4105e-07,5.8931e-07,1.5141e-06,4.4724e-06,4.4629e-06,4.7648e-06,8.0954e-08,2.2672e-07,4.9456e-07,1.4991e-06,3.4228e-06,4.3768e-06,4.8598e-06
P10,30.00,45.00,60.00,0.00,6.0563e-08,2.5797e-07,6.1618e-07,1.5770e-06,4.5071e-06,4.4976e-06,4.9392e-06,5.7912e-08,2.4319e-07,5.1842e-07,1.5612e-06,3.4566e-06,4.4088e-06,4.9955e-06
P10,0.00,135.00,0.00,0.00,7.2914e-08,2.6191e-07,6.2180e-07,1.5881e-06,4.5122e-06,4.5027e-06,4.9799e-06,6.9248e-08,2.4702e-07,5.2365e-07,1.5719e-06,3.4614e-06,4.4134e-06,5.0250e-06
P10,60.00,180.00,30.00,0.00,6.8545e-08,2.4083e-07,5.8845e-07,1.5133e-06,4.4724e-06,4.4628e-06,4.7648e-06,6.5186e-08,2.2657e-07,4.9390e-07,1.4982e-06,3.4226e-06,4.3767e-06,4.8598e-06
P10,0.00,0.00,30.00,0.00,6.7470e-08,2.6184e-07,6.2165e-07,1.5880e-06,4.5122e-06,4.5027e-06,4.9799e-06,6.4134e-08,2.4697e-07,5.2352e-07,1.5718e-06,3.4613e-06,4.4134e-06,5.0250e-06
P10,0.00,135.00,30.00,0.00,6.7470e-08,2.6184e-07,6.2165e-07,1.5880e-06,4.5122e-06,4.5027e-06,4.9799e-06,6.4134e-08,2.4697e-07,5.2352e-07,1.5718e-06,3.4613e-06,4.4134e-06,5.0250e-06
P10,60.00,0.00,0.00,0.00,8.6862e-08,2.4107e-07,5.8929e-07,1.5141e-06,4.4724e-06,4.4629e-06,4.7648e-06,8.2724e-08,2.2674e-07,4.9456e-07,1.4990e-06,3.4228e-06,4.3768e-06,4.8598e-06
P10,30.00,135.00,30.00,0.00,6.7893e-08,2.5789e-07,6.1565e-07,1.5763e-06,4.5070e-06,4.4975e-06,4.9392e-06,6.4529e-08,2.4313e-07,5.1807e-07,1.5604e-06,3.4564e-06,4.4087e-06,4.9955e-06
P10,30.00,45.00,0.00,0.00,7.7592e-08,2.5800e-07,6.1595e-07,1.5765e-06,4.5071e-06,4.4975e-06,4.9392e-06,7.3732e-08,2.4321e-07,5.1832e-07,1.5607e-06,3.4565e-06,4.4087e-06,4.9955e-06
P10,60.00,0.00,30.00,0.00,1.1412e-07,2.4153e-07,5.9115e-07,1.5160e-06,4.4726e-06,4.4631e-06,4.7649e-06,1.0912e-07,2.2705e-07,4.9599e-07,1.5011e-06,3.4231e-06,4.3770e-06,4.8599e-06
P10,30.00,90.00,30.00,0.00,7.2957e-08,2.5799e-07,6.1596e-07,1.5766e-06,4.5071e-06,4.4975e-06,4.9392e-06,6.9401e-08,2.4320e-07,5.1832e-07,1.5607e-06,3.4565e-06,4.4087e-06,4.9955e-06
P10,0.00,0.00,60.00,0.00,4.4437e-08,2.6166e-07,6.2123e-07,1.5878e-06,4.5122e-06,4.5027e-06,4.9798e-06,4.2396e-08,2.4685e-07,5.2314e-07,1.5716e-06,3.4614e-06,4.4134e-06,5.0250e-06
P10,0.00,45.00,0.00,0.00,7.2914e-08,2.6191e-07,6.2180e-07,1.5881e-06,4.5122e-06,4.5027e-06,4.9799e-06,6.9248e-08,2.4702e-07,5.2365e-07,1.5719e-06,3.4614e-06,4.4134e-06,5.0250e-06
P10,60.00,45.00,0.00,0.00,8.6862e-08,2.4107e-07,5.8929e-07,1.5141e-06,4.4724e-06,4.4629e-06,4.7648e-06,8.2724e-08,2.2674e-07,4.9456e-07,1.4990e-06,3.4228e-06,4.3768e-06,4.8598e-06
P10,30.00,0.00,30.00,0.00,8.1920e-08,2.5817e-07,6.1652e-07,1.5771e-06,4.5071e-06,4.4975e-06,4.9392e-06,7.8033e-08,2.4334e-07,5.1877e-07,1.5613e-06,3.4565e-06,4.4088e-06,4.9955e-06
P10,60.00,180.00,60.00,0.00,4.3559e-08,2.4058e-07,5.8762e-07,1.5125e-06,4.4723e-06,4.4628e-06,4.7647e-06,4.1480e-08,2.2638e-07,4.9324e-07,1.4973e-06,3.4225e-06,4.3767e-06,4.8597e-06
P10,0.00,45.00,60.00,0.00,4.4437e-08,2.6166e-07,6.2123e-07,1.5878e-06,4.5122e-06,4.5027e-06,4.9798e-06,4.2396e-08,2.4685e-07,5.2314e-07,1.5716e-06,3.4614e-06,4.4134e-06,5.0250e-06
P10,60.00,45.00,60.00,0.00,1.0908e-07,2.4153e-07,5.9171e-07,1.5171e-06,4.4727e-06,4.4632e-06,4.7649e-06,1.0468e-07,2.2703e-07,4.9628e-07,1.5022e-06,3.4233e-06,4.3771e-06,4.8600e-06
P10,0.00,90.00,30.00,0.00,6.7470e-08,2.6184e-07,6.2165e-07,1.5880e-06,4.5122e-06,4.5027e-06,4.9799e-06,6.4134e-08,2.4697e-07,5.2352e-07,1.5718e-06,3.4613e-06,4.4134e-06,5.0250e-06
P10,30.00,135.00,0.00,0.00,7.7592e-08,2.5800e-07,6.1595e-07,1.5765e-06,4.5071e-06,4.4975e-06,4.9392e-06,7.3732e-08,2.4321e-07,5.1832e-07,1.5607e-06,3.4565e-06,4.4087e-06,4.9955e-06
P10,60.00,180.00,0.00,0.00,8.6862e-08,2.4107e-07,5.8929e-07,1.5141e-06,4.4724e-06,4.4629e-06,4.7648e-06,8.2724e-08,2.2674e-07,4.9456e-07,1.4990e-06,3.4228e-06,4.3768e-06,4.8598e-06
P10,0.00,180.00,0.00,0.00,7.2914e-08,2.6191e-07,6.2180e-07,1.5881e-06,4.5122e-06,4.5027e-06,4.9799e-06,6.9248e-08,2.4702e-07,5.2365e-07,1.5719e-06,3.4614e-06,4.4134e-06,5.0250e-06
P10,0.00,180.00,60.00,0.00,4.4437e-08,2.6166e-07,6.2123e-07,1.5878e-06,4.5122e-06,4.5027e-06,4.9798e-06,4.2396e-08,2.4685e-07,5.2314e-07,1.5716e-06,3.4614e-06,4.4134e-06,5.0250e-06
P10,30.00,0.00,0.00,0.00,7.7592e-08,2.5800e-07,6.1595e-07,1.5765e-06,4.5071e-06,4.4975e-06,4.9392e-06,7.3732e-08,2.4321e-07,5.1832e-07,1.5607e-06,3.4565e-06,4.4087e-06,4.9955e-06
P10,60.00,90.00,60.00,0.00,6.6511e-08,2.4089e-07,5.8894e-07,1.5140e-06,4.4724e-06,4.4629e-06,4.7648e-06,6.3555e-08,2.2660e-07,4.9421e-07,1.4989e-06,3.4228e-06,4.3768e-06,4.8598e-06
P10,30.00,45.00,30.00,0.00,7.9018e-08,2.5810e-07,6.1632e-07,1.5769e-06,4.5071e-06,4.4975e-06,4.9392e-06,7.5235e-08,2.4329e-07,5.1861e-07,1.5611e-06,3.4565e-06,4.4088e-06,4.9955e-06
P10,0.00,90.00,0.00,0.00,7.2914e-08,2.6191e-07,6.2180e-07,1.5881e-06,4.5122e-06,4.5027e-06,4.9799e-06,6.9248e-08,2.4702e-07,5.2365e-07,1.5719e-06,3.4614e-06,4.4134e-06,5.0250e-06
P10,30.00,135.00,60.00,0.00,4.2730e-08,2.5768e-07,6.1508e-07,1.5759e-06,4.5070e-06,4.4975e-06,4.9392e-06,4.0724e-08,2.4298e-07,5.1757e-07,1.5601e-06,3.4564e-06,4.4087e-06,4.9954e-06
P10,60.00,0.00,60.00,0.00,1.5031e-07,2.4229e-07,5.9497e-07,1.5209e-06,4.4731e-06,4.4636e-06,4.7650e-06,1.4467e-07,2.2757e-07,4.9871e-07,1.5063e-06,3.4240e-06,4.3775e-06,4.8602e-06
P10,60.00,135.00,60.00,0.00,4.8373e-08,2.4067e-07,5.8796e-07,1.5129e-06,4.4723e-06,4.4628e-06,4.7648e-06,4.6103e-08,2.2645e-07,4.9348e-07,1.4978e-06,3.4226e-06,4.3767e-06,4.8597e-06
P10,60.00,135.00,0.00,0.00,8.6862e-08,2.4107e-07,5.8929e-07,1.5141e-06,4.4724e-06,4.4629e-06,4.7648e-06,8.2724e-08,2.2674e-07,4.9456e-07,1.4990e-06,3.4228e-06,4.3768e-06,4.8598e-06
P10,30.00,0.00,60.00,0.00,6.6738e-08,2.5807e-07,6.1658e-07,1.5774e-06,4.5072e-06,4.4976e-06,4.9392e-06,6.3880e-08,2.4326e-07,5.1874e-07,1.5616e-06,3.4566e-06,4.4088e-06,4.9955e-06
P11,0.00,90.00,60.00,0.00,6.3211e-08,3.0918e-07,1.0725e-06,4.8865e-06,1.0150e-05,1.0137e-05,8.4573e-06,6.1911e-08,2.7907e-07,7.6366e-07,4.9033e-06,8.6835e-06,1.0040e-05,9.4460e-06
P11,60.00,180.00,30.00,0.00,7.9770e-08,2.4415e-07,8.6925e-07,4.5591e-06,9.8856e-06,9.8726e-06,7.3970e-06,7.7482e-08,2.1943e-07,6.1810e-07,4.5946e-06,8.4632e-06,9.7937e-06,8.6105e-06
P11,30.00,180.00,30.00,0.00,8.2525e-08,2.9477e-07,1.0280e-06,4.8279e-06,1.0104e-05,1.0091e-05,8.2513e-06,8.0145e-08,2.6581e-07,7.3151e-07,4.8485e-06,8.6447e-06,9.9972e-06,9.2885e-06
P11,60.00,90.00,60.00,0.00,7.6795e-08,2.4415e-07,8.6925e-07,4.5596e-06,9.8857e-06,9.8726e-06,7.3970e-06,7.4923e-08,2.1943e-07,6.1810e-07,4.5951e-06,8.4633e-06,9.7938e-06,8.6105e-06
P11,60.00,135.00,30.00,0.00,8.3287e-08,2.4416e-07,8.6925e-07,4.5593e-06,9.8857e-06,9.8726e-06,7.3970e-06,8.0883e-08,2.1943e-07,6.1810e-07,4.5947e-06,8.4633e-06,9.7938e-06,8.6105e-06
P11,60.00,90.00,30.00,0.00,9.4138e-08,2.4416e-07,8.6925e-07,4.5598e-06,9.8857e-06,9.8726e-06,7.3970e-06,9.1390e-08,2.1943e-07,6.1810e-07,4.5953e-06,8.4634e-06,9.7938e-06,8.6105e-06
P11,60.00,180.00,0.00,0.00,9.6117e-08,2.4416e-07,8.6925e-07,4.5598e-06,9.8857e-06,9.8726e-06,7.3970e-06,9.3221e-08,2.1943e-07,6.1810e-07,4.5953e-06,8.4634e-06,9.7938e-06,8.6105e-06
P11,60.00,45.00,60.00,0.00,1.1331e-07,2.4417e-07,8.6925e-07,4.5619e-06,9.8858e-06,9.8728e-06,7.3970e-06,1.1043e-07,2.1943e-07,6.1810e-07,4.5976e-06,8.4638e-06,9.7940e-06,8.6106e-06
P11,0.00,180.00,30.00,0.00,8.5051e-08,3.0919e-07,1.0725e-06,4.8867e-06,1.0150e-05,1.0137e-05,8.4573e-06,8.2604e-08,2.7907e-07,7.6366e-07,4.9036e-06,8.6835e-06,1.0040e-05,9.4461e-06
P11,30.00,90.00,0.00,0.00,9.3267e-08,2.9477e-07,1.0280e-06,4.8282e-06,1.0104e-05,1.0091e-05,8.2513e-06,9.0400e-08,2.6581e-07,7.3151e-07,4.8489e-06,8.6447e-06,9.9972e-06,9.2886e-06
P11,0.00,45.00,0.00,0.00,9.0266e-08,3.0919e-07,1.0725e-06,4.8868e-06,1.0150e-05,1.0137e-05,8.4573e-06,8.7520e-08,2.7907e-07,7.6366e-07,4.9037e-06,8.6835e-06,1.0040e-05,9.4461e-06
P11,0.00,0.00,60.00,0.00,6.3211e-08,3.0918e-07,1.0725e-06,4.8865e-06,1.0150e-05,1.0137e-05,8.4573e-06,6.1911e-08,2.7907e-07,7.6366e-07,4.9033e-06,8.6835e-06,1.0040e-05,9.4460e-06
P11,60.00,0.00,0.00,0.00,9.6117e-08,2.4416e-07,8.6925e-07,4.5598e-06,9.8857e-06,9.8726e-06,7.3970e-06,9.3221e-08,2.1943e-07,6.1810e-07,4.5953e-06,8.4634e-06,9.7938e-06,8.6105e-06
P11,30.00,90.00,30.00,0.00,8.8799e-08,2.9477e-07,1.0280e-06,4.8283e-06,1.0104e-05,1.0091e-05,8.2513e-06,8.6208e-08,2.6581e-07,7.3151e-07,4.8489e-06,8.6448e-06,9.9972e-06,9.2886e-06
P11,0.00,135.00,0.00,0.00,9.0266e-08,3.0919e-07,1.0725e-06,4.8868e-06,1.0150e-05,1.0137e-05,8.4573e-06,8.7520e-08,2.7907e-07,7.6366e-07,4.9037e-06,8.6835e-06,1.0040e-05,9.4461e-06
P11,60.00,0.00,30.00,0.00,1.1972e-07,2.4417e-07,8.6925e-07,4.5612e-06,9.8858e-06,9.8727e-06,7.3970e-06,1.1623e-07,2.1943e-07,6.1810e-07,4.5969e-06,8.4636e-06,9.7939e-06,8.6106e-06
P11,30.00,180.00,60.00,0.00,5.8567e-08,2.9476e-07,1.0280e-06,4.8276e-06,1.0104e-05,1.0091e-05,8.2513e-06,5.7377e-08,2.6581e-07,7.3151e-07,4.8482e-06,8.6447e-06,9.9972e-06,9.2885e-06
P11,60.00,90.00,0.00,0.00,9.6117e-08,2.4416e-07,8.6925e-07,4.5598e-06,9.8857e-06,9.8726e-06,7.3970e-06,9.3221e-08,2.1943e-07,6.1810e-07,4.5953e-06,8.4634e-06,9.7938e-06,8.6105e-06
P11,30.00,90.00,60.00,0.00,6.6952e-08,2.9476e-07,1.0280e-06,4.8280e-06,1.0104e-05,1.0091e-05,8.2513e-06,6.5489e-08,2.6581e-07,7.3151e-07,4.8486e-06,8.6447e-06,9.9972e-06,9.2885e-06
P11,0.00,180.00,0.00,0.00,9.0266e-08,3.0919e-07,1.0725e-06,4.8868e-06,1.0150e-05,1.0137e-05,8.4573e-06,8.7520e-08,2.7907e-07,7.6366e-07,4.9037e-06,8.6835e-06,1.0040e-05,9.4461e-06
P11,60.00,45.00,0.00,0.00,9.6117e-08,2.4416e-07,8.6925e-07,4.5598e-06,9.8857e-06,9.8726e-06,7.3970e-06,9.3221e-08,2.1943e-07,6.1810e-07,4.5953e-06,8.4634e-06,9.7938e-06,8.6105e-06
P11,0.00,0.00,0.00,0.00,9.0266e-08,3.0919e-07,1.0725e-06,4.8868e-06,1.0150e-05,1.0137e-05,8.4573e-06,8.7520e-08,2.7907e-07,7.6366e-07,4.9037e-06,8.6835e-06,1.0040e-05,9.4461e-06
P11,30.00,135.00,0.00,0.00,9.3267e-08,2.9477e-07,1.0280e-06,4.8282e-06,1.0104e-05,1.0091e-05,8.2513e-06,9.0400e-08,2.6581e-07,7.3151e-07,4.8489e-06,8.6447e-06,9.9972e-06,9.2886e-06
P11,30.00,45.00,0.00,0.00,9.3267e-08,2.9477e-07,1.0280e-06,4.8282e-06,1.0104e-05,1.0091e-05,8.2513e-06,9.0400e-08,2.6581e-07,7.3151e-07,4.8489e-06,8.6447e-06,9.9972e-06,9.2886e-06
P11,30.00,45.00,30.00,0.00,9.4293e-08,2.9478e-07,1.0280e-06,4.8285e-06,1.0104e-05,1.0091e-05,8.2513e-06,9.1521e-08,2.6581e-07,7.3151e-07,4.8492e-06,8.6448e-06,9.9973e-06,9.2886e-06
P11,0.00,45.00,60.00,0.00,6.3211e-08,3.0918e-07,1.0725e-06,4.8865e-06,1.0150e-05,1.0137e-05,8.4573e-06,6.1911e-08,2.7907e-07,7.6366e-07,4.9033e-06,8.6835e-06,1.0040e-05,9.4460e-06
P11,60.00,180.00,60.00,0.00,5.7104e-08,2.4415e-07,8.6925e-07,4.5585e-06,9.8856e-06,9.8725e-06,7.3970e-06,5.5859e-08,2.1943e-07,6.1810e-07,4.5939e-06,8.4631e-06,9.7937e-06,8.6105e-06
P11,0.00,135.00,30.00,0.00,8.5051e-08,3.0919e-07,1.0725e-06,4.8867e-06,1.0150e-05,1.0137e-05,8.4573e-06,8.2604e-08,2.7907e-07,7.6366e-07,4.9036e-06,8.6835e-06,1.0040e-05,9.4461e-06
P11,0.00,180.00,60.00,0.00,6.3211e-08,3.0918e-07,1.0725e-06,4.8865e-06,1.0150e-05,1.0137e-05,8.4573e-06,6.1911e-08,2.7907e-07,7.6366e-07,4.9033e-06,8.6835e-06,1.0040e-05,9.4460e-06
P11,0.00,45.00,30.00,0.00,8.5051e-08,3.0919e-07,1.0725e-06,4.8867e-06,1.0150e-05,1.0137e-05,8.4573e-06,8.2604e-08,2.7907e-07,7.6366e-07,4.9036e-06,8.6835e-06,1.0040e-05,9.4461e-06
P11,60.00,0.00,60.00,0.00,1.4867e-07,2.4418e-07,8.6926e-07,4.5647e-06,9.8861e-06,9.8731e-06,7.3970e-06,1.4495e-07,2.1943e-07,6.1810e-07,4.6006e-06,8.4644e-06,9.7942e-06,8.6107e-06
P11,60.00,135.00,60.00,0.00,6.1234e-08,2.4415e-07,8.6925e-07,4.5588e-06,9.8856e-06,9.8725e-06,7.3970e-06,5.9852e-08,2.1943e-07,6.1810e-07,4.5943e-06,8.4632e-06,9.7937e-06,8.6105e-06
P11,30.00,135.00,30.00,0.00,8.4208e-08,2.9477e-07,1.0280e-06,4.8280e-06,1.0104e-05,1.0091e-05,8.2513e-06,8.1770e-08,2.6581e-07,7.3151e-07,4.8486e-06,8.6447e-06,9.9972e-06,9.2885e-06
P11,60.00,135.00,0.00,0.00,9.6117e-08,2.4416e-07,8.6925e-07,4.5598e-06,9.8857e-06,9.8726e-06,7.3970e-06,9.3221e-08,2.1943e-07,6.1810e-07,4.5953e-06,8.4634e-06,9.7938e-06,8.6105e-06
P11,30.00,0.00,0.00,0.00,9.3267e-08,2.9477e-07,1.0280e-06,4.8282e-06,1.0104e-05,1.0091e-05,8.2513e-06,9.0400e-08,2.6581e-07,7.3151e-07,4.8489e-06,8.6447e-06,9.9972e-06,9.2886e-06
P11,0.00,135.00,60.00,0.00,6.3211e-08,3.0918e-07,1.0725e-06,4.8865e-06,1.0150e-05,1.0137e-05,8.4573e-06,6.1911e-08,2.7907e-07,7.6366e-07,4.9033e-06,8.6835e-06,1.0040e-05,9.4460e-06
P11,0.00,0.00,30.00,0.00,8.5051e-08,3.0919e-07,1.0725e-06,4.8867e-06,1.0150e-05,1.0137e-05,8.4573e-06,8.2604e-08,2.7907e-07,7.6366e-07,4.9036e-06,8.6835e-06,1.0040e-05,9.4461e-06
P11,30.00,135.00,60.00,0.00,6.0619e-08,2.9476e-07,1.0280e-06,4.8277e-06,1.0104e-05,1.0091e-05,8.2513e-06,5.9361e-08,2.6581e-07,7.3151e-07,4.8483e-06,8.6447e-06,9.9972e-06,9.2885e-06
P11,30.00,0.00,60.00,0.00,8.1883e-08,2.9477e-07,1.0280e-06,4.8289e-06,1.0104e-05,1.0091e-05,8.2513e-06,7.9979e-08,2.6581e-07,7.3151e-07,4.8496e-06,8.6449e-06,9.9973e-06,9.2886e-06
P11,30.00,0.00,30.00,0.00,9.6924e-08,2.9478e-07,1.0280e-06,4.8287e-06,1.0104e-05,1.0091e-05,8.2513e-06,9.4069e-08,2.6581e-07,7.3151e-07,4.8494e-06,8.6448e-06,9.9973e-06,9.2886e-06
P11,30.00,180.00,0.00,0.00,9.3267e-08,2.9477e-07,1.0280e-06,4.8282e-06,1.0104e-05,1.0091e-05,8.2513e-06,9.0400e-08,2.6581e-07,7.3151e-07,4.8489e-06,8.6447e-06,9.9972e-06,9.2886e-06
P11,0.00,90.00,30.00,0.00,8.5051e-08,3.0919e-07,1.0725e-06,4.8867e-06,1.0150e-05,1.0137e-05,8.4573e-06,8.2604e-08,2.7907e-07,7.6366e-07,4.9036e-06,8.6835e-06,1.0040e-05,9.4461e-06
P11,60.00,45.00,30.00,0.00,1.1035e-07,2.4417e-07,8.6925e-07,4.5607e-06,9.8858e-06,9.8727e-06,7.3970e-06,1.0712e-07,2.1943e-07,6.1810e-07,4.5963e-06,8.4635e-06,9.7939e-06,8.6106e-06
P11,30.00,45.00,60.00,0.00,7.6415e-08,2.9477e-07,1.0280e-06,4.8286e-06,1.0104e-05,1.0091e-05,8.2513e-06,7.4667e-08,2.6581e-07,7.3151e-07,4.8492e-06,8.6448e-06,9.9973e-06,9.2886e-06
P11,0.00,90.00,0.00,0.00,9.0266e-08,3.0919e-07,1.0725e-06,4.8868e-06,1.0150e-05,1.0137e-05,8.4573e-06,8.7520e-08,2.7907e-07,7.6366e-07,4.9037e-06,8.6835e-06,1.0040e-05,9.4461e-06
P12,60.00,180.00,30.00,0.00,6.8907e-08,2.0682e-07,6.7957e-07,2.2757e-06,6.0532e-06,6.0420e-06,5.3668e-06,6.5805e-08,1.8880e-07,5.0627e-07,2.2828e-06,4.8200e-06,5.9501e-06,5.8766e-06
P12,60.00,90.00,60.00,0.00,6.6457e-08,2.0682e-07,6.7955e-07,2.2763e-06,6.0533e-06,6.0420e-06,5.3668e-06,6.3783e-08,1.8880e-07,5.0627e-07,2.2836e-06,4.8201e-06,5.9501e-06,5.8767e-06
P12,60.00,45.00,30.00,0.00,1.0265e-07,2.0686e-07,6.7970e-07,2.2776e-06,6.0534e-06,6.0422e-06,5.3668e-06,9.8366e-08,1.8880e-07,5.0630e-07,2.2849e-06,4.8203e-06,5.9502e-06,5.8767e-06
P12,60.00,0.00,0.00,0.00,8.6740e-08,2.0684e-07,6.7964e-07,2.2765e-06,6.0533e-06,6.0420e-06,5.3668e-06,8.2904e-08,1.8880e-07,5.0629e-07,2.2837e-06,4.8201e-06,5.9501e-06,5.8767e-06
P12,30.00,0.00,30.00,0.00,8.2964e-08,2.3882e-07,7.6290e-07,2.4010e-06,6.1307e-06,6.1194e-06,5.7843e-06,7.9315e-08,2.1854e-07,5.7715e-07,2.4012e-06,4.8947e-06,6.0217e-06,6.1988e-06
P12,60.00,45.00,0.00,0.00,8.6740e-08,2.0684e-07,6.7964e-07,2.2765e-06,6.0533e-06,6.0420e-06,5.3668e-06,8.2904e-08,1.8880e-07,5.0629e-07,2.2837e-06,4.8201e-06,5.9501e-06,5.8767e-06
P12,30.00,180.00,30.00,0.00,6.7462e-08,2.3880e-07,7.6279e-07,2.4001e-06,6.1306e-06,6.1194e-06,5.7843e-06,6.4375e-08,2.1854e-07,5.7712e-07,2.4002e-06,4.8945e-06,6.0217e-06,6.1988e-06
P12,0.00,45.00,0.00,0.00,7.4502e-08,2.4789e-07,7.8359e-07,2.4261e-06,6.1462e-06,6.1350e-06,5.8843e-06,7.1039e-08,2.2710e-07,5.9552e-07,2.4243e-06,4.9097e-06,6.0362e-06,6.2723e-06
P12,60.00,135.00,0.00,0.00,8.6740e-08,2.0684e-07,6.7964e-07,2.2765e-06,6.0533e-06,6.0420e-06,5.3668e-06,8.2904e-08,1.8880e-07,5.0629e-07,2.2837e-06,4.8201e-06,5.9501e-06,5.8767e-06
P12,30.00,180.00,60.00,0.00,4.2165e-08,2.3877e-07,7.6269e-07,2.3998e-06,6.1306e-06,6.1193e-06,5.7843e-06,4.0416e-08,2.1854e-07,5.7709e-07,2.3999e-06,4.8945e-06,6.0216e-06,6.1987e-06
P12,0.00,45.00,60.00,0.00,4.6251e-08,2.4786e-07,7.8345e-07,2.4258e-06,6.1462e-06,6.1350e-06,5.8843e-06,4.4382e-08,2.2710e-07,5.9547e-07,2.4240e-06,4.9097e-06,6.0362e-06,6.2722e-06
P12,0.00,180.00,60.00,0.00,4.6251e-08,2.4786e-07,7.8345e-07,2.4258e-06,6.1462e-06,6.1350e-06,5.8843e-06,4.4382e-08,2.2710e-07,5.9547e-07,2.4240e-06,4.9097e-06,6.0362e-06,6.2722e-06
P12,0.00,90.00,60.00,0.00,4.6251e-08,2.4786e-07,7.8345e-07,2.4258e-06,6.1462e-06,6.1350e-06,5.8843e-06,4.4382e-08,2.2710e-07,5.9547e-07,2.4240e-06,4.9097e-06,6.0362e-06,6.2722e-06
P12,0.00,45.00,30.00,0.00,6.9086e-08,2.4789e-07,7.8356e-07,2.4260e-06,6.1462e-06,6.1350e-06,5.8843e-06,6.5949e-08,2.2710e-07,5.9551e-07,2.4242e-06,4.9097e-06,6.0362e-06,6.2722e-06
P12,30.00,45.00,30.00,0.00,8.0131e-08,2.3881e-07,7.6288e-07,2.4009e-06,6.1307e-06,6.1194e-06,5.7843e-06,7.6581e-08,2.1854e-07,5.7714e-07,2.4010e-06,4.8947e-06,6.0217e-06,6.1988e-06
P12,30.00,90.00,0.00,0.00,7.8843e-08,2.3881e-07,7.6286e-07,2.4005e-06,6.1306e-06,6.1194e-06,5.7843e-06,7.5206e-08,2.1854e-07,5.7714e-07,2.4006e-06,4.8946e-06,6.0217e-06,6.1988e-06
P12,60.00,45.00,60.00,0.00,1.0732e-07,2.0686e-07,6.7968e-07,2.2792e-06,6.0536e-06,6.0423e-06,5.3668e-06,1.0334e-07,1.8880e-07,5.0629e-07,2.2867e-06,4.8206e-06,5.9504e-06,5.8768e-06
P12,0.00,0.00,60.00,0.00,4.6251e-08,2.4786e-07,7.8345e-07,2.4258e-06,6.1462e-06,6.1350e-06,5.8843e-06,4.4382e-08,2.2710e-07,5.9547e-07,2.4240e-06,4.9097e-06,6.0362e-06,6.2722e-06
P12,30.00,0.00,60.00,0.00,6.7657e-08,2.3880e-07,7.6280e-07,2.4013e-06,6.1307e-06,6.1195e-06,5.7843e-06,6.5035e-08,2.1854e-07,5.7711e-07,2.4015e-06,4.8948e-06,6.0218e-06,6.1988e-06
P12,60.00,180.00,60.00,0.00,4.4428e-08,2.0680e-07,6.7950e-07,2.2749e-06,6.0532e-06,6.0419e-06,5.3668e-06,4.2552e-08,1.8880e-07,5.0626e-07,2.2821e-06,4.8198e-06,5.9500e-06,5.8766e-06
P12,0.00,135.00,0.00,0.00,7.4502e-08,2.4789e-07,7.8359e-07,2.4261e-06,6.1462e-06,6.1350e-06,5.8843e-06,7.1039e-08,2.2710e-07,5.9552e-07,2.4243e-06,4.9097e-06,6.0362e-06,6.2723e-06
P12,0.00,0.00,30.00,0.00,6.9086e-08,2.4789e-07,7.8356e-07,2.4260e-06,6.1462e-06,6.1350e-06,5.8843e-06,6.5949e-08,2.2710e-07,5.9551e-07,2.4242e-06,4.9097e-06,6.0362e-06,6.2722e-06
P12,30.00,90.00,30.00,0.00,7.4216e-08,2.3881e-07,7.6284e-07,2.4005e-06,6.1306e-06,6.1194e-06,5.7843e-06,7.0879e-08,2.1854e-07,5.7713e-07,2.4007e-06,4.8946e-06,6.0217e-06,6.1988e-06
P12,0.00,90.00,30.00,0.00,6.9086e-08,2.4789e-07,7.8356e-07,2.4260e-06,6.1462e-06,6.1350e-06,5.8843e-06,6.5949e-08,2.2710e-07,5.9551e-07,2.4242e-06,4.9097e-06,6.0362e-06,6.2722e-06
P12,30.00,135.00,60.00,0.00,4.4409e-08,2.3877e-07,7.6270e-07,2.3999e-06,6.1306e-06,6.1193e-06,5.7843e-06,4.2576e-08,2.1854e-07,5.7709e-07,2.4000e-06,4.8945e-06,6.0216e-06,6.1987e-06
P12,30.00,180.00,0.00,0.00,7.8843e-08,2.3881e-07,7.6286e-07,2.4005e-06,6.1306e-06,6.1194e-06,5.7843e-06,7.5206e-08,2.1854e-07,5.7714e-07,2.4006e-06,4.8946e-06,6.0217e-06,6.1988e-06
P12,30.00,135.00,30.00,0.00,6.9273e-08,2.3880e-07,7.6281e-07,2.4003e-06,6.1306e-06,6.1194e-06,5.7843e-06,6.6118e-08,2.1854e-07,5.7712e-07,2.4004e-06,4.8946e-06,6.0217e-06,6.1988e-06
P12,0.00,135.00,30.00,0.00,6.9086e-08,2.4789e-07,7.8356e-07,2.4260e-06,6.1462e-06,6.1350e-06,5.8843e-06,6.5949e-08,2.2710e-07,5.9551e-07,2.4242e-06,4.9097e-06,6.0362e-06,6.2722e-06
P12,60.00,90.00,0.00,0.00,8.6740e-08,2.0684e-07,6.7964e-07,2.2765e-06,6.0533e-06,6.0420e-06,5.3668e-06,8.2904e-08,1.8880e-07,5.0629e-07,2.2837e-06,4.8201e-06,5.9501e-06,5.8767e-06
P12,0.00,90.00,0.00,0.00,7.4502e-08,2.4789e-07,7.8359e-07,2.4261e-06,6.1462e-06,6.1350e-06,5.8843e-06,7.1039e-08,2.2710e-07,5.9552e-07,2.4243e-06,4.9097e-06,6.0362e-06,6.2723e-06
P12,30.00,135.00,0.00,0.00,7.8843e-08,2.3881e-07,7.6286e-07,2.4005e-06,6.1306e-06,6.1194e-06,5.7843e-06,7.5206e-08,2.1854e-07,5.7714e-07,2.4006e-06,4.8946e-06,6.0217e-06,6.1988e-06
P12,60.00,0.00,30.00,0.00,1.1299e-07,2.0687e-07,6.7975e-07,2.2783e-06,6.0535e-06,6.0422e-06,5.3668e-06,1.0837e-07,1.8881e-07,5.0631e-07,2.2856e-06,4.8204e-06,5.9503e-06,5.8768e-06
P12,0.00,135.00,60.00,0.00,4.6251e-08,2.4786e-07,7.8345e-07,2.4258e-06,6.1462e-06,6.1350e-06,5.8843e-06,4.4382e-08,2.2710e-07,5.9547e-07,2.4240e-06,4.9097e-06,6.0362e-06,6.2722e-06
P12,30.00,45.00,0.00,0.00,7.8843e-08,2.3881e-07,7.6286e-07,2.4005e-06,6.1306e-06,6.1194e-06,5.7843e-06,7.5206e-08,2.1854e-07,5.7714e-07,2.4006e-06,4.8946e-06,6.0217e-06,6.1988e-06
P12,0.00,180.00,0.00,0.00,7.4502e-08,2.4789e-07,7.8359e-07,2.4261e-06,6.1462e-06,6.1350e-06,5.8843e-06,7.1039e-08,2.2710e-07,5.9552e-07,2.4243e-06,4.9097e-06,6.0362e-06,6.2723e-06
P12,60.00,180.00,0.00,0.00,8.6740e-08,2.0684e-07,6.7964e-07,2.2765e-06,6.0533e-06,6.0420e-06,5.3668e-06,8.2904e-08,1.8880e-07,5.0629e-07,2.2837e-06,4.8201e-06,5.9501e-06,5.8767e-06
P12,30.00,90.00,60.00,0.00,5.1331e-08,2.3878e-07,7.6273e-07,2.4003e-06,6.1306e-06,6.1194e-06,5.7843e-06,4.9250e-08,2.1854e-07,5.7709e-07,2.4004e-06,4.8946e-06,6.0217e-06,6.1988e-06
P12,60.00,135.00,30.00,0.00,7.2787e-08,2.0683e-07,6.7958e-07,2.2758e-06,6.0532e-06,6.0420e-06,5.3668e-06,6.9540e-08,1.8880e-07,5.0628e-07,2.2830e-06,4.8200e-06,5.9501e-06,5.8767e-06
P12,0.00,0.00,0.00,0.00,7.4502e-08,2.4789e-07,7.8359e-07,2.4261e-06,6.1462e-06,6.1350e-06,5.8843e-06,7.1039e-08,2.2710e-07,5.9552e-07,2.4243e-06,4.9097e-06,6.0362e-06,6.2723e-06
P12,60.00,90.00,30.00,0.00,8.4758e-08,2.0684e-07,6.7963e-07,2.2765e-06,6.0533e-06,6.0420e-06,5.3668e-06,8.1081e-08,1.8880e-07,5.0628e-07,2.2837e-06,4.8201e-06,5.9501e-06,5.8767e-06
P12,30.00,45.00,60.00,0.00,6.1677e-08,2.3879e-07,7.6278e-07,2.4009e-06,6.1307e-06,6.1194e-06,5.7843e-06,5.9247e-08,2.1854e-07,5.7710e-07,2.4011e-06,4.8947e-06,6.0217e-06,6.1988e-06
P12,60.00,135.00,60.00,0.00,4.9048e-08,2.0681e-07,6.7951e-07,2.2753e-06,6.0532e-06,6.0419e-06,5.3668e-06,4.6998e-08,1.8880e-07,5.0626e-07,2.2825e-06,4.8199e-06,5.9500e-06,5.8766e-06
P12,30.00,0.00,0.00,0.00,7.8843e-08,2.3881e-07,7.6286e-07,2.4005e-06,6.1306e-06,6.1194e-06,5.7843e-06,7.5206e-08,2.1854e-07,5.7714e-07,2.4006e-06,4.8946e-06,6.0217e-06,6.1988e-06
P12,0.00,180.00,30.00,0.00,6.9086e-08,2.4789e-07,7.8356e-07,2.4260e-06,6.1462e-06,6.1350e-06,5.8843e-06,6.5949e-08,2.2710e-07,5.9551e-07,2.4242e-06,4.9097e-06,6.0362e-06,6.2722e-06
P12,60.00,0.00,60.00,0.00,1.4690e-07,2.0690e-07,6.7982e-07,2.2828e-06,6.0539e-06,6.0427e-06,5.3669e-06,1.4180e-07,1.8881e-07,5.0631e-07,2.2905e-06,4.8213e-06,5.9508e-06,5.8770e-06
P13,30.00,45.00,0.00,0.00,7.7153e-08,1.9267e-07,5.4293e-07,1.5466e-06,4.4232e-06,4.4138e-06,4.7557e-06,7.3310e-08,1.7874e-07,4.3484e-07,1.5282e-06,3.3953e-06,4.3276e-06,4.8548e-06
P13,30.00,0.00,60.00,0.00,6.6211e-08,1.9265e-07,5.4309e-07,1.5475e-06,4.4233e-06,4.4139e-06,4.7557e-06,6.3371e-08,1.7872e-07,4.3484e-07,1.5291e-06,3.3955e-06,4.3277e-06,4.8549e-06
P13,60.00,90.00,60.00,0.00,6.5907e-08,1.7380e-07,5.0518e-07,1.4806e-06,4.3748e-06,4.3654e-06,4.5848e-06,6.2972e-08,1.6083e-07,4.0028e-07,1.4617e-06,3.3482e-06,4.2822e-06,4.7111e-06
P13,0.00,90.00,60.00,0.00,4.4083e-08,1.9760e-07,5.5134e-07,1.5597e-06,4.4327e-06,4.4234e-06,4.7989e-06,4.2054e-08,1.8352e-07,4.4283e-07,1.5412e-06,3.4047e-06,4.3366e-06,4.8884e-06
P13,30.00,180.00,60.00,0.00,4.0073e-08,1.9251e-07,5.4224e-07,1.5459e-06,4.4232e-06,4.4138e-06,4.7556e-06,3.8168e-08,1.7866e-07,4.3437e-07,1.5274e-06,3.3952e-06,4.3275e-06,4.8548e-06
P13,30.00,90.00,0.00,0.00,7.7153e-08,1.9267e-07,5.4293e-07,1.5466e-06,4.4232e-06,4.4138e-06,4.7557e-06,7.3310e-08,1.7874e-07,4.3484e-07,1.5282e-06,3.3953e-06,4.3276e-06,4.8548e-06
P13,0.00,0.00,0.00,0.00,7.2540e-08,1.9773e-07,5.5182e-07,1.5600e-06,4.4327e-06,4.4234e-06,4.7989e-06,6.8888e-08,1.8360e-07,4.4319e-07,1.5415e-06,3.4047e-06,4.3366e-06,4.8884e-06
P13,30.00,0.00,0.00,0.00,7.7153e-08,1.9267e-07,5.4293e-07,1.5466e-06,4.4232e-06,4.4138e-06,4.7557e-06,7.3310e-08,1.7874e-07,4.3484e-07,1.5282e-06,3.3953e-06,4.3276e-06,4.8548e-06
P13,30.00,90.00,30.00,0.00,7.2517e-08,1.9266e-07,5.4291e-07,1.5466e-06,4.4232e-06,4.4138e-06,4.7557e-06,6.8977e-08,1.7873e-07,4.3481e-07,1.5282e-06,3.3953e-06,4.3276e-06,4.8548e-06
P13,0.00,0.00,30.00,0.00,6.7096e-08,1.9770e-07,5.5170e-07,1.5599e-06,4.4327e-06,4.4234e-06,4.7989e-06,6.3774e-08,1.8358e-07,4.4310e-07,1.5414e-06,3.4047e-06,4.3366e-06,4.8884e-06
P13,60.00,0.00,0.00,0.00,8.5991e-08,1.7389e-07,5.0551e-07,1.4807e-06,4.3748e-06,4.3654e-06,4.5849e-06,8.1890e-08,1.6088e-07,4.0053e-07,1.4618e-06,3.3482e-06,4.2822e-06,4.7112e-06
P13,60.00,135.00,0.00,0.00,8.5991e-08,1.7389e-07,5.0551e-07,1.4807e-06,4.3748e-06,4.3654e-06,4.5849e-06,8.1890e-08,1.6088e-07,4.0053e-07,1.4618e-06,3.3482e-06,4.2822e-06,4.7112e-06
P13,60.00,180.00,30.00,0.00,6.7855e-08,1.7381e-07,5.0504e-07,1.4799e-06,4.3747e-06,4.3653e-06,4.5848e-06,6.4524e-08,1.6084e-07,4.0026e-07,1.4609e-06,3.3481e-06,4.2822e-06,4.7111e-06
P13,60.00,45.00,30.00,0.00,1.0243e-07,1.7397e-07,5.0610e-07,1.4819e-06,4.3749e-06,4.3655e-06,4.5849e-06,9.7832e-08,1.6091e-07,4.0084e-07,1.4631e-06,3.3484e-06,4.2823e-06,4.7112e-06
P13,30.00,45.00,60.00,0.00,6.0080e-08,1.9261e-07,5.4288e-07,1.5471e-06,4.4233e-06,4.4139e-06,4.7557e-06,5.7446e-08,1.7870e-07,4.3472e-07,1.5287e-06,3.3954e-06,4.3276e-06,4.8548e-06
P13,30.00,135.00,30.00,0.00,6.7480e-08,1.9263e-07,5.4272e-07,1.5463e-06,4.4232e-06,4.4138e-06,4.7557e-06,6.4132e-08,1.7871e-07,4.3470e-07,1.5279e-06,3.3953e-06,4.3275e-06,4.8548e-06
P13,0.00,135.00,0.00,0.00,7.2540e-08,1.9773e-07,5.5182e-07,1.5600e-06,4.4327e-06,4.4234e-06,4.7989e-06,6.8888e-08,1.8360e-07,4.4319e-07,1.5415e-06,3.4047e-06,4.3366e-06,4.8884e-06
P13,30.00,0.00,30.00,0.00,8.1430e-08,1.9272e-07,5.4324e-07,1.5471e-06,4.4233e-06,4.4139e-06,4.7557e-06,7.7562e-08,1.7876e-07,4.3501e-07,1.5288e-06,3.3954e-06,4.3276e-06,4.8549e-06
P13,60.00,135.00,30.00,0.00,7.1830e-08,1.7382e-07,5.0514e-07,1.4801e-06,4.3747e-06,4.3653e-06,4.5848e-06,6.8344e-08,1.6085e-07,4.0031e-07,1.4611e-06,3.3481e-06,4.2822e-06,4.7111e-06
P13,60.00,180.00,0.00,0.00,8.5991e-08,1.7389e-07,5.0551e-07,1.4807e-06,4.3748e-06,4.3654e-06,4.5849e-06,8.1890e-08,1.6088e-07,4.0053e-07,1.4618e-06,3.3482e-06,4.2822e-06,4.7112e-06
P13,0.00,45.00,30.00,0.00,6.7096e-08,1.9770e-07,5.5170e-07,1.5599e-06,4.4327e-06,4.4234e-06,4.7989e-06,6.3774e-08,1.8358e-07,4.4310e-07,1.5414e-06,3.4047e-06,4.3366e-06,4.8884e-06
P13,30.00,90.00,60.00,0.00,4.9471e-08,1.9256e-07,5.4251e-07,1.5464e-06,4.4232e-06,4.4138e-06,4.7557e-06,4.7211e-08,1.7867e-07,4.3452e-07,1.5280e-06,3.3953e-06,4.3276e-06,4.8548e-06
P13,30.00,180.00,0.00,0.00,7.7153e-08,1.9267e-07,5.4293e-07,1.5466e-06,4.4232e-06,4.4138e-06,4.7557e-06,7.3310e-08,1.7874e-07,4.3484e-07,1.5282e-06,3.3953e-06,4.3276e-06,4.8548e-06
P13,30.00,45.00,30.00,0.00,7.8544e-08,1.9270e-07,5.4312e-07,1.5470e-06,4.4232e-06,4.4139e-06,4.7557e-06,7.4779e-08,1.7875e-07,4.3494e-07,1.5286e-06,3.3954e-06,4.3276e-06,4.8548e-06
P13,0.00,135.00,30.00,0.00,6.7096e-08,1.9770e-07,5.5170e-07,1.5599e-06,4.4327e-06,4.4234e-06,4.7989e-06,6.3774e-08,1.8358e-07,4.4310e-07,1.5414e-06,3.4047e-06,4.3366e-06,4.8884e-06
P13,60.00,45.00,60.00,0.00,1.0821e-07,1.7398e-07,5.0649e-07,1.4837e-06,4.3751e-06,4.3657e-06,4.5849e-06,1.0385e-07,1.6091e-07,4.0094e-07,1.4650e-06,3.3488e-06,4.2825e-06,4.7113e-06
P13,0.00,135.00,60.00,0.00,4.4083e-08,1.9760e-07,5.5134e-07,1.5597e-06,4.4327e-06,4.4234e-06,4.7989e-06,4.2054e-08,1.8352e-07,4.4283e-07,1.5412e-06,3.4047e-06,4.3366e-06,4.8884e-06
P13,0.00,45.00,0.00,0.00,7.2540e-08,1.9773e-07,5.5182e-07,1.5600e-06,4.4327e-06,4.4234e-06,4.7989e-06,6.8888e-08,1.8360e-07,4.4319e-07,1.5415e-06,3.4047e-06,4.3366e-06,4.8884e-06
P13,30.00,135.00,0.00,0.00,7.7153e-08,1.9267e-07,5.4293e-07,1.5466e-06,4.4232e-06,4.4138e-06,4.7557e-06,7.3310e-08,1.7874e-07,4.3484e-07,1.5282e-06,3.3953e-06,4.3276e-06,4.8548e-06
P13,0.00,180.00,30.00,0.00,6.7096e-08,1.9770e-07,5.5170e-07,1.5599e-06,4.4327e-06,4.4234e-06,4.7989e-06,6.3774e-08,1.8358e-07,4.4310e-07,1.5414e-06,3.4047e-06,4.3366e-06,4.8884e-06
P13,0.00,0.00,60.00,0.00,4.4083e-08,1.9760e-07,5.5134e-07,1.5597e-06,4.4327e-06,4.4234e-06,4.7989e-06,4.2054e-08,1.8352e-07,4.4283e-07,1.5412e-06,3.4047e-06,4.3366e-06,4.8884e-06
P13,60.00,135.00,60.00,0.00,4.7891e-08,1.7374e-07,5.0472e-07,1.4795e-06,4.3747e-06,4.3653e-06,4.5848e-06,4.5638e-08,1.6081e-07,4.0005e-07,1.4606e-06,3.3480e-06,4.2821e-06,4.7111e-06
P13,60.00,90.00,0.00,0.00,8.5991e-08,1.7389e-07,5.0551e-07,1.4807e-06,4.3748e-06,4.3654e-06,4.5849e-06,8.1890e-08,1.6088e-07,4.0053e-07,1.4618e-06,3.3482e-06,4.2822e-06,4.7112e-06
P13,0.00,90.00,0.00,0.00,7.2540e-08,1.9773e-07,5.5182e-07,1.5600e-06,4.4327e-06,4.4234e-06,4.7989e-06,6.8888e-08,1.8360e-07,4.4319e-07,1.5415e-06,3.4047e-06,4.3366e-06,4.8884e-06
P13,0.00,45.00,60.00,0.00,4.4083e-08,1.9760e-07,5.5134e-07,1.5597e-06,4.4327e-06,4.4234e-06,4.7989e-06,4.2054e-08,1.8352e-07,4.4283e-07,1.5412e-06,3.4047e-06,4.3366e-06,4.8884e-06
P13,0.00,90.00,30.00,0.00,6.7096e-08,1.9770e-07,5.5170e-07,1.5599e-06,4.4327e-06,4.4234e-06,4.7989e-06,6.3774e-08,1.8358e-07,4.4310e-07,1.5414e-06,3.4047e-06,4.3366e-06,4.8884e-06
P13,30.00,135.00,60.00,0.00,4.2373e-08,1.9252e-07,5.4230e-07,1.5460e-06,4.4232e-06,4.4138e-06,4.7556e-06,4.0379e-08,1.7866e-07,4.3440e-07,1.5276e-06,3.3952e-06,4.3275e-06,4.8548e-06
P13,0.00,180.00,60.00,0.00,4.4083e-08,1.9760e-07,5.5134e-07,1.5597e-06,4.4327e-06,4.4234e-06,4.7989e-06,4.2054e-08,1.8352e-07,4.4283e-07,1.5412e-06,3.4047e-06,4.3366e-06,4.8884e-06
P13,60.00,90.00,30.00,0.00,8.4096e-08,1.7388e-07,5.0549e-07,1.4807e-06,4.3748e-06,4.3654e-06,4.5849e-06,8.0150e-08,1.6087e-07,4.0051e-07,1.4618e-06,3.3482e-06,4.2822e-06,4.7112e-06
P13,60.00,180.00,60.00,0.00,4.3113e-08,1.7371e-07,5.0455e-07,1.4791e-06,4.3746e-06,4.3653e-06,4.5848e-06,4.1048e-08,1.6080e-07,3.9997e-07,1.4601e-06,3.3480e-06,4.2821e-06,4.7111e-06
P13,0.00,180.00,0.00,0.00,7.2540e-08,1.9773e-07,5.5182e-07,1.5600e-06,4.4327e-06,4.4234e-06,4.7989e-06,6.8888e-08,1.8360e-07,4.4319e-07,1.5415e-06,3.4047e-06,4.3366e-06,4.8884e-06
P13,60.00,0.00,30.00,0.00,1.1302e-07,1.7402e-07,5.0646e-07,1.4826e-06,4.3750e-06,4.3656e-06,4.5849e-06,1.0807e-07,1.6094e-07,4.0103e-07,1.4638e-06,3.3485e-06,4.2824e-06,4.7113e-06
P13,30.00,180.00,30.00,0.00,6.5634e-08,1.9261e-07,5.4262e-07,1.5461e-06,4.4232e-06,4.4138e-06,4.7557e-06,6.2357e-08,1.7870e-07,4.3464e-07,1.5277e-06,3.3952e-06,4.3275e-06,4.8548e-06
P13,60.00,0.00,60.00,0.00,1.4923e-07,1.7419e-07,5.0804e-07,1.4874e-06,4.3755e-06,4.3661e-06,4.5850e-06,1.4362e-07,1.6099e-07,4.0172e-07,1.4689e-06,3.3495e-06,4.2829e-06,4.7115e-06
P13,60.00,45.00,0.00,0.00,8.5991e-08,1.7389e-07,5.0551e-07,1.4807e-06,4.3748e-06,4.3654e-06,4.5849e-06,8.1890e-08,1.6088e-07,4.0053e-07,1.4618e-06,3.3482e-06,4.2822e-06,4.7112e-06
P14,60.00,45.00,30.00,0.00,1.0841e-07,4.1938e-07,1.2809e-06,4.7280e-06,1.0076e-05,1.0062e-05,7.4485e-06,1.0546e-07,3.8488e-07,9.8595e-07,4.7750e-06,8.6368e-06,9.9805e-06,8.6860e-06
P14,60.00,135.00,30.00,0.00,8.2480e-08,4.1937e-07,1.2809e-06,4.7268e-06,1.0076e-05,1.0062e-05,7.4485e-06,8.0268e-08,3.8488e-07,9.8595e-07,4.7737e-06,8.6366e-06,9.9804e-06,8.6859e-06
P14,0.00,90.00,60.00,0.00,6.3529e-08,5.1962e-07,1.4691e-06,5.0304e-06,1.0335e-05,1.0321e-05,8.5192e-06,6.2350e-08,4.8121e-07,1.1456e-06,5.0544e-06,8.8554e-06,1.0223e-05,9.5360e-06
P14,0.00,135.00,30.00,0.00,8.5021e-08,5.1963e-07,1.4691e-06,5.0306e-06,1.0335e-05,1.0321e-05,8.5192e-06,8.2738e-08,4.8121e-07,1.1456e-06,5.0546e-06,8.8555e-06,1.0223e-05,9.5360e-06
P14,60.00,90.00,60.00,0.00,7.5831e-08,4.1937e-07,1.2809e-06,4.7270e-06,1.0076e-05,1.0062e-05,7.4485e-06,7.4146e-08,3.8488e-07,9.8595e-07,4.7740e-06,8.6367e-06,9.9804e-06,8.6859e-06
P14,60.00,90.00,30.00,0.00,9.2877e-08,4.1938e-07,1.2809e-06,4.7272e-06,1.0076e-05,1.0062e-05,7.4485e-06,9.0355e-08,3.8488e-07,9.8595e-07,4.7742e-06,8.6367e-06,9.9805e-06,8.6859e-06
P14,0.00,0.00,0.00,0.00,9.0182e-08,5.1963e-07,1.4691e-06,5.0307e-06,1.0335e-05,1.0321e-05,8.5192e-06,8.7607e-08,4.8121e-07,1.1456e-06,5.0547e-06,8.8555e-06,1.0223e-05,9.5360e-06
P14,0.00,135.00,0.00,0.00,9.0182e-08,5.1963e-07,1.4691e-06,5.0307e-06,1.0335e-05,1.0321e-05,8.5192e-06,8.7607e-08,4.8121e-07,1.1456e-06,5.0547e-06,8.8555e-06,1.0223e-05,9.5360e-06
P14,30.00,180.00,0.00,0.00,9.2931e-08,4.9910e-07,1.4306e-06,4.9752e-06,1.0289e-05,1.0275e-05,8.3095e-06,9.0251e-08,4.6146e-07,1.1131e-06,5.0038e-06,8.8163e-06,1.0180e-05,9.3744e-06
P14,60.00,135.00,60.00,0.00,6.1037e-08,4.1937e-07,1.2809e-06,4.7263e-06,1.0075e-05,1.0062e-05,7.4485e-06,5.9786e-08,3.8488e-07,9.8595e-07,4.7733e-06,8.6366e-06,9.9803e-06,8.6859e-06
P14,30.00,180.00,30.00,0.00,8.2430e-08,4.9910e-07,1.4306e-06,4.9749e-06,1.0289e-05,1.0275e-05,8.3095e-06,8.0213e-08,4.6146e-07,1.1131e-06,5.0034e-06,8.8163e-06,1.0180e-05,9.3744e-06
P14,30.00,45.00,60.00,0.00,7.6084e-08,4.9910e-07,1.4306e-06,4.9754e-06,1.0289e-05,1.0275e-05,8.3095e-06,7.4501e-08,4.6146e-07,1.1131e-06,5.0040e-06,8.8164e-06,1.0180e-05,9.3744e-06
P14,0.00,180.00,60.00,0.00,6.3529e-08,5.1962e-07,1.4691e-06,5.0304e-06,1.0335e-05,1.0321e-05,8.5192e-06,6.2350e-08,4.8121e-07,1.1456e-06,5.0544e-06,8.8554e-06,1.0223e-05,9.5360e-06
P14,0.00,0.00,60.00,0.00,6.3529e-08,5.1962e-07,1.4691e-06,5.0304e-06,1.0335e-05,1.0321e-05,8.5192e-06,6.2350e-08,4.8121e-07,1.1456e-06,5.0544e-06,8.8554e-06,1.0223e-05,9.5360e-06
P14,0.00,90.00,30.00,0.00,8.5021e-08,5.1963e-07,1.4691e-06,5.0306e-06,1.0335e-05,1.0321e-05,8.5192e-06,8.2738e-08,4.8121e-07,1.1456e-06,5.0546e-06,8.8555e-06,1.0223e-05,9.5360e-06
P14,0.00,90.00,0.00,0.00,9.0182e-08,5.1963e-07,1.4691e-06,5.0307e-06,1.0335e-05,1.0321e-05,8.5192e-06,8.7607e-08,4.8121e-07,1.1456e-06,5.0547e-06,8.8555e-06,1.0223e-05,9.5360e-06
P14,0.00,180.00,30.00,0.00,8.5021e-08,5.1963e-07,1.4691e-06,5.0306e-06,1.0335e-05,1.0321e-05,8.5192e-06,8.2738e-08,4.8121e-07,1.1456e-06,5.0546e-06,8.8555e-06,1.0223e-05,9.5360e-06
P14,30.00,135.00,30.00,0.00,8.4057e-08,4.9910e-07,1.4306e-06,4.9750e-06,1.0289e-05,1.0275e-05,8.3095e-06,8.1788e-08,4.6146e-07,1.1131e-06,5.0036e-06,8.8163e-06,1.0180e-05,9.3744e-06
P14,0.00,45.00,60.00,0.00,6.3529e-08,5.1962e-07,1.4691e-06,5.0304e-06,1.0335e-05,1.0321e-05,8.5192e-06,6.2350e-08,4.8121e-07,1.1456e-06,5.0544e-06,8.8554e-06,1.0223e-05,9.5360e-06
P14,30.00,45.00,30.00,0.00,9.3815e-08,4.9910e-07,1.4306e-06,4.9755e-06,1.0289e-05,1.0275e-05,8.3095e-06,9.1237e-08,4.6146e-07,1.1131e-06,5.0040e-06,8.8164e-06,1.0180e-05,9.3744e-06
P14,0.00,45.00,0.00,0.00,9.0182e-08,5.1963e-07,1.4691e-06,5.0307e-06,1.0335e-05,1.0321e-05,8.5192e-06,8.7607e-08,4.8121e-07,1.1456e-06,5.0547e-06,8.8555e-06,1.0223e-05,9.5360e-06
P14,30.00,90.00,0.00,0.00,9.2931e-08,4.9910e-07,1.4306e-06,4.9752e-06,1.0289e-05,1.0275e-05,8.3095e-06,9.0251e-08,4.6146e-07,1.1131e-06,5.0038e-06,8.8163e-06,1.0180e-05,9.3744e-06
P14,30.00,180.00,60.00,0.00,5.8963e-08,4.9909e-07,1.4306e-06,4.9747e-06,1.0289e-05,1.0275e-05,8.3095e-06,5.7884e-08,4.6146e-07,1.1131e-06,5.0032e-06,8.8162e-06,1.0180e-05,9.3744e-06
P14,30.00,0.00,30.00,0.00,9.6360e-08,4.9910e-07,1.4306e-06,4.9756e-06,1.0289e-05,1.0275e-05,8.3095e-06,9.3706e-08,4.6146e-07,1.1131e-06,5.0042e-06,8.8164e-06,1.0180e-05,9.3744e-06
P14,60.00,45.00,60.00,0.00,1.1055e-07,4.1938e-07,1.2809e-06,4.7288e-06,1.0076e-05,1.0063e-05,7.4485e-06,1.0798e-07,3.8488e-07,9.8595e-07,4.7760e-06,8.6370e-06,9.9806e-06,8.6860e-06
P14,60.00,0.00,0.00,0.00,9.4883e-08,4.1938e-07,1.2809e-06,4.7272e-06,1.0076e-05,1.0062e-05,7.4485e-06,9.2215e-08,3.8488e-07,9.8595e-07,4.7742e-06,8.6367e-06,9.9805e-06,8.6859e-06
P14,30.00,0.00,0.00,0.00,9.2931e-08,4.9910e-07,1.4306e-06,4.9752e-06,1.0289e-05,1.0275e-05,8.3095e-06,9.0251e-08,4.6146e-07,1.1131e-06,5.0038e-06,8.8163e-06,1.0180e-05,9.3744e-06
P14,60.00,45.00,0.00,0.00,9.4883e-08,4.1938e-07,1.2809e-06,4.7272e-06,1.0076e-05,1.0062e-05,7.4485e-06,9.2215e-08,3.8488e-07,9.8595e-07,4.7742e-06,8.6367e-06,9.9805e-06,8.6859e-06
P14,30.00,135.00,60.00,0.00,6.0932e-08,4.9909e-07,1.4306e-06,4.9747e-06,1.0289e-05,1.0275e-05,8.3095e-06,5.9791e-08,4.6146e-07,1.1131e-06,5.0032e-06,8.8163e-06,1.0180e-05,9.3744e-06
P14,60.00,180.00,60.00,0.00,5.7112e-08,4.1937e-07,1.2809e-06,4.7261e-06,1.0075e-05,1.0062e-05,7.4485e-06,5.5981e-08,3.8488e-07,9.8595e-07,4.7730e-06,8.6365e-06,9.9803e-06,8.6859e-06
P14,0.00,180.00,0.00,0.00,9.0182e-08,5.1963e-07,1.4691e-06,5.0307e-06,1.0335e-05,1.0321e-05,8.5192e-06,8.7607e-08,4.8121e-07,1.1456e-06,5.0547e-06,8.8555e-06,1.0223e-05,9.5360e-06
P14,60.00,180.00,30.00,0.00,7.9111e-08,4.1937e-07,1.2809e-06,4.7266e-06,1.0076e-05,1.0062e-05,7.4485e-06,7.7004e-08,3.8488e-07,9.8595e-07,4.7736e-06,8.6366e-06,9.9804e-06,8.6859e-06
P14,0.00,45.00,30.00,0.00,8.5021e-08,5.1963e-07,1.4691e-06,5.0306e-06,1.0335e-05,1.0321e-05,8.5192e-06,8.2738e-08,4.8121e-07,1.1456e-06,5.0546e-06,8.8555e-06,1.0223e-05,9.5360e-06
P14,60.00,180.00,0.00,0.00,9.4883e-08,4.1938e-07,1.2809e-06,4.7272e-06,1.0076e-05,1.0062e-05,7.4485e-06,9.2215e-08,3.8488e-07,9.8595e-07,4.7742e-06,8.6367e-06,9.9805e-06,8.6859e-06
P14,0.00,0.00,30.00,0.00,8.5021e-08,5.1963e-07,1.4691e-06,5.0306e-06,1.0335e-05,1.0321e-05,8.5192e-06,8.2738e-08,4.8121e-07,1.1456e-06,5.0546e-06,8.8555e-06,1.0223e-05,9.5360e-06
P14,30.00,135.00,0.00,0.00,9.2931e-08,4.9910e-07,1.4306e-06,4.9752e-06,1.0289e-05,1.0275e-05,8.3095e-06,9.0251e-08,4.6146e-07,1.1131e-06,5.0038e-06,8.8163e-06,1.0180e-05,9.3744e-06
P14,60.00,135.00,0.00,0.00,9.4883e-08,4.1938e-07,1.2809e-06,4.7272e-06,1.0076e-05,1.0062e-05,7.4485e-06,9.2215e-08,3.8488e-07,9.8595e-07,4.7742e-06,8.6367e-06,9.9805e-06,8.6859e-06
P14,0.00,135.00,60.00,0.00,6.3529e-08,5.1962e-07,1.4691e-06,5.0304e-06,1.0335e-05,1.0321e-05,8.5192e-06,6.2350e-08,4.8121e-07,1.1456e-06,5.0544e-06,8.8554e-06,1.0223e-05,9.5360e-06
P14,60.00,0.00,60.00,0.00,1.4417e-07,4.1940e-07,1.2809e-06,4.7310e-06,1.0076e-05,1.0063e-05,7.4485e-06,1.4087e-07,3.8488e-07,9.8595e-07,4.7784e-06,8.6375e-06,9.9808e-06,8.6861e-06
P14,60.00,0.00,30.00,0.00,1.1739e-07,4.1939e-07,1.2809e-06,4.7284e-06,1.0076e-05,1.0062e-05,7.4485e-06,1.1420e-07,3.8488e-07,9.8595e-07,4.7755e-06,8.6369e-06,9.9805e-06,8.6860e-06
P14,60.00,90.00,0.00,0.00,9.4883e-08,4.1938e-07,1.2809e-06,4.7272e-06,1.0076e-05,1.0062e-05,7.4485e-06,9.2215e-08,3.8488e-07,9.8595e-07,4.7742e-06,8.6367e-06,9.9805e-06,8.6859e-06
P14,30.00,90.00,60.00,0.00,6.7007e-08,4.9909e-07,1.4306e-06,4.9750e-06,1.0289e-05,1.0275e-05,8.3095e-06,6.5681e-08,4.6146e-07,1.1131e-06,5.0035e-06,8.8163e-06,1.0180e-05,9.3744e-06
P14,30.00,0.00,60.00,0.00,8.1330e-08,4.9910e-07,1.4306e-06,4.9757e-06,1.0289e-05,1.0275e-05,8.3095e-06,7.9607e-08,4.6146e-07,1.1131e-06,5.0043e-06,8.8164e-06,1.0180e-05,9.3744e-06
P14,30.00,45.00,0.00,0.00,9.2931e-08,4.9910e-07,1.4306e-06,4.9752e-06,1.0289e-05,1.0275e-05,8.3095e-06,9.0251e-08,4.6146e-07,1.1131e-06,5.0038e-06,8.8163e-06,1.0180e-05,9.3744e-06
P14,30.00,90.00,30.00,0.00,8.8500e-08,4.9910e-07,1.4306e-06,4.9752e-06,1.0289e-05,1.0275e-05,8.3095e-06,8.6088e-08,4.6146e-07,1.1131e-06,5.0038e-06,8.8163e-06,1.0180e-05,9.3744e-06
P15,30.00,45.00,30.00,0.00,7.7633e-08,1.5176e-07,3.4178e-07,7.5111e-07,2.6412e-06,2.6344e-06,3.4326e-06,7.3850e-08,1.4346e-07,3.0222e-07,7.3761e-07,1.8927e-06,2.5655e-06,3.3118e-06
P15,0.00,90.00,60.00,0.00,4.2983e-08,1.5301e-07,3.3744e-07,7.5395e-07,2.6391e-06,2.6323e-06,3.4395e-06,4.0932e-08,1.4498e-07,2.9909e-07,7.4029e-07,1.8926e-06,2.5637e-06,3.3117e-06
P15,30.00,180.00,60.00,0.00,3.9015e-08,1.5156e-07,3.4085e-07,7.5000e-07,2.6411e-06,2.6343e-06,3.4325e-06,3.7089e-08,1.4335e-07,3.0159e-07,7.3646e-07,1.8925e-06,2.5654e-06,3.3117e-06
P15,60.00,0.00,30.00,0.00,1.1279e-07,1.4181e-07,3.5599e-07,7.3382e-07,2.6488e-06,2.6420e-06,3.3796e-06,1.0783e-07,1.3263e-07,3.0955e-07,7.2073e-07,1.8904e-06,2.5720e-06,3.2997e-06
P15,30.00,90.00,0.00,0.00,7.6207e-08,1.5174e-07,3.4159e-07,7.5072e-07,2.6411e-06,2.6343e-06,3.4326e-06,7.2343e-08,1.4345e-07,3.0211e-07,7.3719e-07,1.8926e-06,2.5654e-06,3.3118e-06
P15,30.00,45.00,60.00,0.00,5.9175e-08,1.5167e-07,3.4150e-07,7.5124e-07,2.6412e-06,2.6344e-06,3.4326e-06,5.6525e-08,1.4340e-07,3.0196e-07,7.3776e-07,1.8927e-06,2.5655e-06,3.3118e-06
P15,0.00,135.00,30.00,0.00,6.6041e-08,1.5312e-07,3.3783e-07,7.5415e-07,2.6391e-06,2.6323e-06,3.4395e-06,6.2697e-08,1.4504e-07,2.9940e-07,7.4049e-07,1.8926e-06,2.5637e-06,3.3117e-06
P15,30.00,180.00,0.00,0.00,7.6207e-08,1.5174e-07,3.4159e-07,7.5072e-07,2.6411e-06,2.6343e-06,3.4326e-06,7.2343e-08,1.4345e-07,3.0211e-07,7.3719e-07,1.8926e-06,2.5654e-06,3.3118e-06
P15,30.00,135.00,60.00,0.00,4.1333e-08,1.5157e-07,3.4091e-07,7.5011e-07,2.6411e-06,2.6343e-06,3.4325e-06,3.9318e-08,1.4335e-07,3.0162e-07,7.3657e-07,1.8926e-06,2.5654e-06,3.3117e-06
P15,0.00,45.00,0.00,0.00,7.1491e-08,1.5315e-07,3.3796e-07,7.5426e-07,2.6391e-06,2.6323e-06,3.4395e-06,6.7816e-08,1.4507e-07,2.9950e-07,7.4060e-07,1.8926e-06,2.5637e-06,3.3117e-06
P15,0.00,0.00,60.00,0.00,4.2983e-08,1.5301e-07,3.3744e-07,7.5395e-07,2.6391e-06,2.6323e-06,3.4395e-06,4.0932e-08,1.4498e-07,2.9909e-07,7.4029e-07,1.8926e-06,2.5637e-06,3.3117e-06
P15,30.00,135.00,30.00,0.00,6.6505e-08,1.5168e-07,3.4137e-07,7.5048e-07,2.6411e-06,2.6343e-06,3.4326e-06,6.3136e-08,1.4342e-07,3.0195e-07,7.3694e-07,1.8926e-06,2.5654e-06,3.3117e-06
P15,60.00,135.00,60.00,0.00,4.7215e-08,1.4148e-07,3.5411e-07,7.3065e-07,2.6486e-06,2.6417e-06,3.3795e-06,4.4947e-08,1.3247e-07,3.0844e-07,7.1739e-07,1.8899e-06,2.5717e-06,3.2994e-06
P15,60.00,180.00,0.00,0.00,8.5479e-08,1.4165e-07,3.5499e-07,7.3183e-07,2.6487e-06,2.6418e-06,3.3796e-06,8.1369e-08,1.3256e-07,3.0899e-07,7.1862e-07,1.8901e-06,2.5718e-06,3.2995e-06
P15,30.00,90.00,30.00,0.00,7.1571e-08,1.5172e-07,3.4156e-07,7.5077e-07,2.6411e-06,2.6343e-06,3.4326e-06,6.8011e-08,1.4344e-07,3.0208e-07,7.3725e-07,1.8926e-06,2.5654e-06,3.3118e-06
P15,0.00,0.00,0.00,0.00,7.1491e-08,1.5315e-07,3.3796e-07,7.5426e-07,2.6391e-06,2.6323e-06,3.4395e-06,6.7816e-08,1.4507e-07,2.9950e-07,7.4060e-07,1.8926e-06,2.5637e-06,3.3117e-06
P15,0.00,180.00,60.00,0.00,4.2983e-08,1.5301e-07,3.3744e-07,7.5395e-07,2.6391e-06,2.6323e-06,3.4395e-06,4.0932e-08,1.4498e-07,2.9909e-07,7.4029e-07,1.8926e-06,2.5637e-06,3.3117e-06
P15,0.00,180.00,0.00,0.00,7.1491e-08,1.5315e-07,3.3796e-07,7.5426e-07,2.6391e-06,2.6323e-06,3.4395e-06,6.7816e-08,1.4507e-07,2.9950e-07,7.4060e-07,1.8926e-06,2.5637e-06,3.3117e-06
P15,60.00,135.00,30.00,0.00,7.1241e-08,1.4158e-07,3.5458e-07,7.3117e-07,2.6486e-06,2.6417e-06,3.3796e-06,6.7743e-08,1.3252e-07,3.0875e-07,7.1794e-07,1.8899e-06,2.5717e-06,3.2995e-06
P15,60.00,135.00,0.00,0.00,8.5479e-08,1.4165e-07,3.5499e-07,7.3183e-07,2.6487e-06,2.6418e-06,3.3796e-06,8.1369e-08,1.3256e-07,3.0899e-07,7.1862e-07,1.8901e-06,2.5718e-06,3.2995e-06
P15,60.00,90.00,0.00,0.00,8.5479e-08,1.4165e-07,3.5499e-07,7.3183e-07,2.6487e-06,2.6418e-06,3.3796e-06,8.1369e-08,1.3256e-07,3.0899e-07,7.1862e-07,1.8901e-06,2.5718e-06,3.2995e-06
P15,0.00,135.00,60.00,0.00,4.2983e-08,1.5301e-07,3.3744e-07,7.5395e-07,2.6391e-06,2.6323e-06,3.4395e-06,4.0932e-08,1.4498e-07,2.9909e-07,7.4029e-07,1.8926e-06,2.5637e-06,3.3117e-06
P15,60.00,90.00,60.00,0.00,6.5422e-08,1.4155e-07,3.5460e-07,7.3176e-07,2.6487e-06,2.6418e-06,3.3796e-06,6.2478e-08,1.3251e-07,3.0870e-07,7.1857e-07,1.8901e-06,2.5718e-06,3.2995e-06
P15,0.00,135.00,0.00,0.00,7.1491e-08,1.5315e-07,3.3796e-07,7.5426e-07,2.6391e-06,2.6323e-06,3.4395e-06,6.7816e-08,1.4507e-07,2.9950e-07,7.4060e-07,1.8926e-06,2.5637e-06,3.3117e-06
P15,60.00,0.00,60.00,0.00,1.4963e-07,1.4199e-07,3.5761e-07,7.3884e-07,2.6494e-06,2.6425e-06,3.3798e-06,1.4405e-07,1.3270e-07,3.1029e-07,7.2607e-07,1.8913e-06,2.5725e-06,3.3000e-06
P15,60.00,180.00,30.00,0.00,6.7233e-08,1.4156e-07,3.5448e-07,7.3099e-07,2.6486e-06,2.6417e-06,3.3796e-06,6.3889e-08,1.3252e-07,3.0869e-07,7.1774e-07,1.8899e-06,2.5717e-06,3.2995e-06
P15,0.00,0.00,30.00,0.00,6.6041e-08,1.5312e-07,3.3783e-07,7.5415e-07,2.6391e-06,2.6323e-06,3.4395e-06,6.2697e-08,1.4504e-07,2.9940e-07,7.4049e-07,1.8926e-06,2.5637e-06,3.3117e-06
P15,60.00,90.00,30.00,0.00,8.3610e-08,1.4164e-07,3.5496e-07,7.3188e-07,2.6487e-06,2.6418e-06,3.3796e-06,7.9656e-08,1.3255e-07,3.0896e-07,7.1868e-07,1.8901e-06,2.5718e-06,3.2995e-06
P15,0.00,90.00,30.00,0.00,6.6041e-08,1.5312e-07,3.3783e-07,7.5415e-07,2.6391e-06,2.6323e-06,3.4395e-06,6.2697e-08,1.4504e-07,2.9940e-07,7.4049e-07,1.8926e-06,2.5637e-06,3.3117e-06
P15,0.00,90.00,0.00,0.00,7.1491e-08,1.5315e-07,3.3796e-07,7.5426e-07,2.6391e-06,2.6323e-06,3.4395e-06,6.7816e-08,1.4507e-07,2.9950e-07,7.4060e-07,1.8926e-06,2.5637e-06,3.3117e-06
P15,30.00,90.00,60.00,0.00,4.8485e-08,1.5160e-07,3.4113e-07,7.5051e-07,2.6411e-06,2.6343e-06,3.4326e-06,4.6206e-08,1.4337e-07,3.0175e-07,7.3699e-07,1.8926e-06,2.5654e-06,3.3117e-06
P15,30.00,135.00,0.00,0.00,7.6207e-08,1.5174e-07,3.4159e-07,7.5072e-07,2.6411e-06,2.6343e-06,3.4326e-06,7.2343e-08,1.4345e-07,3.0211e-07,7.3719e-07,1.8926e-06,2.5654e-06,3.3118e-06
P15,60.00,180.00,60.00,0.00,4.2385e-08,1.4146e-07,3.5395e-07,7.3021e-07,2.6485e-06,2.6417e-06,3.3795e-06,4.0305e-08,1.3246e-07,3.0836e-07,7.1693e-07,1.8898e-06,2.5716e-06,3.2994e-06
P15,30.00,0.00,0.00,0.00,7.6207e-08,1.5174e-07,3.4159e-07,7.5072e-07,2.6411e-06,2.6343e-06,3.4326e-06,7.2343e-08,1.4345e-07,3.0211e-07,7.3719e-07,1.8926e-06,2.5654e-06,3.3118e-06
P15,0.00,180.00,30.00,0.00,6.6041e-08,1.5312e-07,3.3783e-07,7.5415e-07,2.6391e-06,2.6323e-06,3.4395e-06,6.2697e-08,1.4504e-07,2.9940e-07,7.4049e-07,1.8926e-06,2.5637e-06,3.3117e-06
P15,30.00,0.00,30.00,0.00,8.0535e-08,1.5179e-07,3.4191e-07,7.5131e-07,2.6412e-06,2.6344e-06,3.4326e-06,7.6649e-08,1.4348e-07,3.0230e-07,7.3781e-07,1.8927e-06,2.5655e-06,3.3118e-06
P15,0.00,45.00,30.00,0.00,6.6041e-08,1.5312e-07,3.3783e-07,7.5415e-07,2.6391e-06,2.6323e-06,3.4395e-06,6.2697e-08,1.4504e-07,2.9940e-07,7.4049e-07,1.8926e-06,2.5637e-06,3.3117e-06
P15,60.00,45.00,30.00,0.00,1.0210e-07,1.4175e-07,3.5561e-07,7.3312e-07,2.6488e-06,2.6419e-06,3.3796e-06,9.7501e-08,1.3261e-07,3.0934e-07,7.1999e-07,1.8903e-06,2.5719e-06,3.2996e-06
P15,60.00,45.00,60.00,0.00,1.0818e-07,1.4176e-07,3.5598e-07,7.3495e-07,2.6490e-06,2.6421e-06,3.3797e-06,1.0382e-07,1.3259e-07,3.0943e-07,7.2195e-07,1.8906e-06,2.5721e-06,3.2997e-06
P15,60.00,45.00,0.00,0.00,8.5479e-08,1.4165e-07,3.5499e-07,7.3183e-07,2.6487e-06,2.6418e-06,3.3796e-06,8.1369e-08,1.3256e-07,3.0899e-07,7.1862e-07,1.8901e-06,2.5718e-06,3.2995e-06
P15,30.00,0.00,60.00,0.00,6.5354e-08,1.5170e-07,3.4172e-07,7.5164e-07,2.6412e-06,2.6344e-06,3.4326e-06,6.2499e-08,1.4342e-07,3.0209e-07,7.3818e-07,1.8928e-06,2.5655e-06,3.3118e-06
P15,30.00,180.00,30.00,0.00,6.4649e-08,1.5166e-07,3.4127e-07,7.5029e-07,2.6411e-06,2.6343e-06,3.4326e-06,6.1351e-08,1.4340e-07,3.0189e-07,7.3674e-07,1.8926e-06,2.5654e-06,3.3117e-06
P15,60.00,0.00,0.00,0.00,8.5479e-08,1.4165e-07,3.5499e-07,7.3183e-07,2.6487e-06,2.6418e-06,3.3796e-06,8.1369e-08,1.3256e-07,3.0899e-07,7.1862e-07,1.8901e-06,2.5718e-06,3.2995e-06
P15,30.00,45.00,0.00,0.00,7.6207e-08,1.5174e-07,3.4159e-07,7.5072e-07,2.6411e-06,2.6343e-06,3.4326e-06,7.2343e-08,1.4345e-07,3.0211e-07,7.3719e-07,1.8926e-06,2.5654e-06,3.3118e-06
P15,0.00,45.00,60.00,0.00,4.2983e-08,1.5301e-07,3.3744e-07,7.5395e-07,2.6391e-06,2.6323e-06,3.4395e-06,4.0932e-08,1.4498e-07,2.9909e-07,7.4029e-07,1.8926e-06,2.5637e-06,3.3117e-06
P16,60.00,90.00,30.00,0.00,8.8723e-08,3.0491e-07,9.7881e-07,3.0267e-06,7.4206e-06,7.4082e-06,6.0522e-06,8.5041e-08,2.7882e-07,7.4585e-07,3.0454e-06,6.0583e-06,7.3119e-06,6.8423e-06
P16,60.00,45.00,60.00,0.00,1.1166e-07,3.0493e-07,9.7888e-07,3.0294e-06,7.4209e-06,7.4085e-06,6.0522e-06,1.0761e-07,2.7882e-07,7.4586e-07,3.0484e-06,6.0588e-06,7.3122e-06,6.8424e-06
P16,60.00,0.00,0.00,0.00,9.0660e-08,3.0491e-07,9.7882e-07,3.0266e-06,7.4206e-06,7.4082e-06,6.0522e-06,8.6823e-08,2.7882e-07,7.4586e-07,3.0453e-06,6.0583e-06,7.3119e-06,6.8423e-06
P16,30.00,180.00,60.00,0.00,4.6749e-08,3.6314e-07,1.0937e-06,3.2052e-06,7.5385e-06,7.5261e-06,6.6396e-06,4.5029e-08,3.3451e-07,8.4642e-07,3.2133e-06,6.1730e-06,7.4224e-06,7.2974e-06
P16,0.00,0.00,30.00,0.00,7.3761e-08,3.7841e-07,1.1223e-06,3.2432e-06,7.5631e-06,7.5506e-06,6.7805e-06,7.0656e-08,3.4914e-07,8.7208e-07,3.2485e-06,6.1966e-06,7.4454e-06,7.4021e-06
P16,30.00,135.00,0.00,0.00,8.3343e-08,3.6317e-07,1.0938e-06,3.2059e-06,7.5386e-06,7.5261e-06,6.6397e-06,7.9734e-08,3.3452e-07,8.4647e-07,3.2140e-06,6.1730e-06,7.4224e-06,7.2974e-06
P16,0.00,45.00,30.00,0.00,7.3761e-08,3.7841e-07,1.1223e-06,3.2432e-06,7.5631e-06,7.5506e-06,6.7805e-06,7.0656e-08,3.4914e-07,8.7208e-07,3.2485e-06,6.1966e-06,7.4454e-06,7.4021e-06
P16,60.00,90.00,0.00,0.00,9.0660e-08,3.0491e-07,9.7882e-07,3.0266e-06,7.4206e-06,7.4082e-06,6.0522e-06,8.6823e-08,2.7882e-07,7.4586e-07,3.0453e-06,6.0583e-06,7.3119e-06,6.8423e-06
P16,30.00,180.00,0.00,0.00,8.3343e-08,3.6317e-07,1.0938e-06,3.2059e-06,7.5386e-06,7.5261e-06,6.6397e-06,7.9734e-08,3.3452e-07,8.4647e-07,3.2140e-06,6.1730e-06,7.4224e-06,7.2974e-06
P16,60.00,45.00,0.00,0.00,9.0660e-08,3.0491e-07,9.7882e-07,3.0266e-06,7.4206e-06,7.4082e-06,6.0522e-06,8.6823e-08,2.7882e-07,7.4586e-07,3.0453e-06,6.0583e-06,7.3119e-06,6.8423e-06
P16,60.00,135.00,30.00,0.00,7.6716e-08,3.0490e-07,9.7877e-07,3.0260e-06,7.4205e-06,7.4081e-06,6.0522e-06,7.3475e-08,2.7882e-07,7.4585e-07,3.0447e-06,6.0582e-06,7.3118e-06,6.8422e-06
P16,0.00,180.00,60.00,0.00,5.1004e-08,3.7839e-07,1.1222e-06,3.2430e-06,7.5631e-06,7.5506e-06,6.7805e-06,4.9163e-08,3.4914e-07,8.7205e-07,3.2483e-06,6.1966e-06,7.4454e-06,7.4020e-06
P16,30.00,135.00,30.00,0.00,7.3792e-08,3.6316e-07,1.0938e-06,3.2057e-06,7.5385e-06,7.5261e-06,6.6397e-06,7.0666e-08,3.3452e-07,8.4645e-07,3.2138e-06,6.1730e-06,7.4224e-06,7.2974e-06
P16,0.00,0.00,60.00,0.00,5.1004e-08,3.7839e-07,1.1222e-06,3.2430e-06,7.5631e-06,7.5506e-06,6.7805e-06,4.9163e-08,3.4914e-07,8.7205e-07,3.2483e-06,6.1966e-06,7.4454e-06,7.4020e-06
P16,0.00,90.00,60.00,0.00,5.1004e-08,3.7839e-07,1.1222e-06,3.2430e-06,7.5631e-06,7.5506e-06,6.7805e-06,4.9163e-08,3.4914e-07,8.7205e-07,3.2483e-06,6.1966e-06,7.4454e-06,7.4020e-06
P16,0.00,135.00,60.00,0.00,5.1004e-08,3.7839e-07,1.1222e-06,3.2430e-06,7.5631e-06,7.5506e-06,6.7805e-06,4.9163e-08,3.4914e-07,8.7205e-07,3.2483e-06,6.1966e-06,7.4454e-06,7.4020e-06
P16,60.00,135.00,0.00,0.00,9.0660e-08,3.0491e-07,9.7882e-07,3.0266e-06,7.4206e-06,7.4082e-06,6.0522e-06,8.6823e-08,2.7882e-07,7.4586e-07,3.0453e-06,6.0583e-06,7.3119e-06,6.8423e-06
P16,60.00,180.00,30.00,0.00,7.2825e-08,3.0489e-07,9.7876e-07,3.0258e-06,7.4205e-06,7.4081e-06,6.0522e-06,6.9732e-08,2.7882e-07,7.4584e-07,3.0445e-06,6.0581e-06,7.3118e-06,6.8422e-06
P16,60.00,180.00,60.00,0.00,4.8416e-08,3.0487e-07,9.7869e-07,3.0251e-06,7.4205e-06,7.4080e-06,6.0522e-06,4.6551e-08,2.7881e-07,7.4582e-07,3.0437e-06,6.0580e-06,7.3117e-06,6.8422e-06
P16,60.00,180.00,0.00,0.00,9.0660e-08,3.0491e-07,9.7882e-07,3.0266e-06,7.4206e-06,7.4082e-06,6.0522e-06,8.6823e-08,2.7882e-07,7.4586e-07,3.0453e-06,6.0583e-06,7.3119e-06,6.8423e-06
P16,30.00,135.00,60.00,0.00,4.9001e-08,3.6314e-07,1.0937e-06,3.2053e-06,7.5385e-06,7.5261e-06,6.6396e-06,4.7195e-08,3.3451e-07,8.4642e-07,3.2134e-06,6.1730e-06,7.4224e-06,7.2974e-06
P16,0.00,0.00,0.00,0.00,7.9156e-08,3.7842e-07,1.1223e-06,3.2433e-06,7.5631e-06,7.5507e-06,6.7805e-06,7.5728e-08,3.4914e-07,8.7209e-07,3.2486e-06,6.1967e-06,7.4455e-06,7.4021e-06
P16,30.00,45.00,30.00,0.00,8.4671e-08,3.6318e-07,1.0938e-06,3.2063e-06,7.5386e-06,7.5262e-06,6.6397e-06,8.1141e-08,3.3452e-07,8.4647e-07,3.2144e-06,6.1731e-06,7.4224e-06,7.2974e-06
P16,0.00,90.00,30.00,0.00,7.3761e-08,3.7841e-07,1.1223e-06,3.2432e-06,7.5631e-06,7.5506e-06,6.7805e-06,7.0656e-08,3.4914e-07,8.7208e-07,3.2485e-06,6.1966e-06,7.4454e-06,7.4021e-06
P16,60.00,0.00,30.00,0.00,1.1704e-07,3.0494e-07,9.7893e-07,3.0285e-06,7.4208e-06,7.4083e-06,6.0522e-06,1.1240e-07,2.7882e-07,7.4588e-07,3.0473e-06,6.0586e-06,7.3120e-06,6.8423e-06
P16,30.00,90.00,0.00,0.00,8.3343e-08,3.6317e-07,1.0938e-06,3.2059e-06,7.5386e-06,7.5261e-06,6.6397e-06,7.9734e-08,3.3452e-07,8.4647e-07,3.2140e-06,6.1730e-06,7.4224e-06,7.2974e-06
P16,0.00,45.00,0.00,0.00,7.9156e-08,3.7842e-07,1.1223e-06,3.2433e-06,7.5631e-06,7.5507e-06,6.7805e-06,7.5728e-08,3.4914e-07,8.7209e-07,3.2486e-06,6.1967e-06,7.4455e-06,7.4021e-06
P16,30.00,45.00,60.00,0.00,6.6343e-08,3.6316e-07,1.0937e-06,3.2064e-06,7.5386e-06,7.5262e-06,6.6397e-06,6.3921e-08,3.3451e-07,8.4644e-07,3.2146e-06,6.1732e-06,7.4225e-06,7.2974e-06
P16,60.00,90.00,60.00,0.00,7.0566e-08,3.0489e-07,9.7875e-07,3.0265e-06,7.4206e-06,7.4082e-06,6.0522e-06,6.7874e-08,2.7882e-07,7.4584e-07,3.0452e-06,6.0583e-06,7.3119e-06,6.8422e-06
P16,0.00,135.00,30.00,0.00,7.3761e-08,3.7841e-07,1.1223e-06,3.2432e-06,7.5631e-06,7.5506e-06,6.7805e-06,7.0656e-08,3.4914e-07,8.7208e-07,3.2485e-06,6.1966e-06,7.4454e-06,7.4021e-06
P16,60.00,0.00,60.00,0.00,1.5148e-07,3.0497e-07,9.7903e-07,3.0330e-06,7.4212e-06,7.4088e-06,6.0523e-06,1.4625e-07,2.7883e-07,7.4589e-07,3.0522e-06,6.0595e-06,7.3125e-06,6.8426e-06
P16,30.00,45.00,0.00,0.00,8.3343e-08,3.6317e-07,1.0938e-06,3.2059e-06,7.5386e-06,7.5261e-06,6.6397e-06,7.9734e-08,3.3452e-07,8.4647e-07,3.2140e-06,6.1730e-06,7.4224e-06,7.2974e-06
P16,0.00,180.00,0.00,0.00,7.9156e-08,3.7842e-07,1.1223e-06,3.2433e-06,7.5631e-06,7.5507e-06,6.7805e-06,7.5728e-08,3.4914e-07,8.7209e-07,3.2486e-06,6.1967e-06,7.4455e-06,7.4021e-06
P16,30.00,180.00,30.00,0.00,7.1978e-08,3.6316e-07,1.0937e-06,3.2055e-06,7.5385e-06,7.5261e-06,6.6396e-06,6.8921e-08,3.3452e-07,8.4645e-07,3.2136e-06,6.1730e-06,7.4224e-06,7.2974e-06
P16,0.00,45.00,60.00,0.00,5.1004e-08,3.7839e-07,1.1222e-06,3.2430e-06,7.5631e-06,7.5506e-06,6.7805e-06,4.9163e-08,3.4914e-07,8.7205e-07,3.2483e-06,6.1966e-06,7.4454e-06,7.4020e-06
P16,30.00,0.00,60.00,0.00,7.2349e-08,3.6317e-07,1.0938e-06,3.2068e-06,7.5387e-06,7.5262e-06,6.6397e-06,6.9728e-08,3.3451e-07,8.4645e-07,3.2150e-06,6.1732e-06,7.4225e-06,7.2974e-06
P16,60.00,135.00,60.00,0.00,5.3060e-08,3.0488e-07,9.7871e-07,3.0255e-06,7.4205e-06,7.4081e-06,6.0522e-06,5.1016e-08,2.7881e-07,7.4583e-07,3.0441e-06,6.0581e-06,7.3118e-06,6.8422e-06
P16,30.00,90.00,60.00,0.00,5.5953e-08,3.6315e-07,1.0937e-06,3.2057e-06,7.5386e-06,7.5261e-06,6.6396e-06,5.3891e-08,3.3451e-07,8.4643e-07,3.2138e-06,6.1730e-06,7.4224e-06,7.2974e-06
P16,30.00,90.00,30.00,0.00,7.8744e-08,3.6317e-07,1.0938e-06,3.2060e-06,7.5386e-06,7.5261e-06,6.6397e-06,7.5433e-08,3.3452e-07,8.4646e-07,3.2141e-06,6.1731e-06,7.4224e-06,7.2974e-06
P16,0.00,180.00,30.00,0.00,7.3761e-08,3.7841e-07,1.1223e-06,3.2432e-06,7.5631e-06,7.5506e-06,6.7805e-06,7.0656e-08,3.4914e-07,8.7208e-07,3.2485e-06,6.1966e-06,7.4454e-06,7.4021e-06
P16,0.00,90.00,0.00,0.00,7.9156e-08,3.7842e-07,1.1223e-06,3.2433e-06,7.5631e-06,7.5507e-06,6.7805e-06,7.5728e-08,3.4914e-07,8.7209e-07,3.2486e-06,6.1967e-06,7.4455e-06,7.4021e-06
P16,30.00,0.00,0.00,0.00,8.3343e-08,3.6317e-07,1.0938e-06,3.2059e-06,7.5386e-06,7.5261e-06,6.6397e-06,7.9734e-08,3.3452e-07,8.4647e-07,3.2140e-06,6.1730e-06,7.4224e-06,7.2974e-06
P16,60.00,45.00,30.00,0.00,1.0667e-07,3.0493e-07,9.7889e-07,3.0278e-06,7.4207e-06,7.4083e-06,6.0522e-06,1.0237e-07,2.7882e-07,7.4587e-07,3.0466e-06,6.0585e-06,7.3120e-06,6.8423e-06
P16,30.00,0.00,30.00,0.00,8.7509e-08,3.6318e-07,1.0938e-06,3.2065e-06,7.5386e-06,7.5262e-06,6.6397e-06,8.3879e-08,3.3452e-07,8.4648e-07,3.2146e-06,6.1731e-06,7.4224e-06,7.2974e-06
P16,0.00,135.00,0.00,0.00,7.9156e-08,3.7842e-07,1.1223e-06,3.2433e-06,7.5631e-06,7.5507e-06,6.7805e-06,7.5728e-08,3.4914e-07,8.7209e-07,3.2486e-06,6.1967e-06,7.4455e-06,7.4021e-06
P17,60.00,90.00,30.00,0.00,9.8235e-08,2.9180e-07,1.0013e-06,4.8382e-06,1.0329e-05,1.0316e-05,7.2352e-06,9.5419e-08,2.6360e-07,7.3383e-07,4.8908e-06,8.9129e-06,1.0245e-05,8.6333e-06
P17,60.00,90.00,60.00,0.00,8.0779e-08,2.9180e-07,1.0013e-06,4.8380e-06,1.0329e-05,1.0316e-05,7.2352e-06,7.8854e-08,2.6360e-07,7.3383e-07,4.8906e-06,8.9129e-06,1.0245e-05,8.6333e-06
P17,30.00,45.00,30.00,0.00,9.9045e-08,3.5433e-07,1.1604e-06,5.1543e-06,1.0594e-05,1.0580e-05,8.1780e-06,9.6241e-08,3.2207e-07,8.5530e-07,5.1891e-06,9.1368e-06,1.0493e-05,9.4109e-06
P17,60.00,180.00,30.00,0.00,8.3734e-08,2.9180e-07,1.0013e-06,4.8375e-06,1.0329e-05,1.0316e-05,7.2352e-06,8.1391e-08,2.6360e-07,7.3383e-07,4.8901e-06,8.9128e-06,1.0245e-05,8.6333e-06
P17,30.00,180.00,0.00,0.00,9.7998e-08,3.5433e-07,1.1604e-06,5.1540e-06,1.0594e-05,1.0580e-05,8.1780e-06,9.5100e-08,3.2207e-07,8.5530e-07,5.1887e-06,9.1367e-06,1.0493e-05,9.4109e-06
P17,0.00,45.00,0.00,0.00,9.5167e-08,3.7151e-07,1.2042e-06,5.2239e-06,1.0651e-05,1.0637e-05,8.4112e-06,9.2400e-08,3.3818e-07,8.8811e-07,5.2540e-06,9.1858e-06,1.0546e-05,9.5947e-06
P17,30.00,135.00,30.00,0.00,8.8888e-08,3.5432e-07,1.1604e-06,5.1538e-06,1.0594e-05,1.0580e-05,8.1780e-06,8.6425e-08,3.2207e-07,8.5530e-07,5.1885e-06,9.1367e-06,1.0493e-05,9.4108e-06
P17,30.00,180.00,30.00,0.00,8.7194e-08,3.5432e-07,1.1604e-06,5.1537e-06,1.0594e-05,1.0580e-05,8.1780e-06,8.4790e-08,3.2207e-07,8.5530e-07,5.1884e-06,9.1367e-06,1.0493e-05,9.4108e-06
P17,30.00,0.00,60.00,0.00,8.6606e-08,3.5432e-07,1.1604e-06,5.1546e-06,1.0594e-05,1.0580e-05,8.1780e-06,8.4677e-08,3.2206e-07,8.5530e-07,5.1894e-06,9.1369e-06,1.0493e-05,9.4109e-06
P17,60.00,0.00,30.00,0.00,1.2406e-07,2.9182e-07,1.0013e-06,4.8396e-06,1.0329e-05,1.0316e-05,7.2352e-06,1.2048e-07,2.6360e-07,7.3383e-07,4.8924e-06,8.9132e-06,1.0245e-05,8.6334e-06
P17,30.00,90.00,0.00,0.00,9.7998e-08,3.5433e-07,1.1604e-06,5.1540e-06,1.0594e-05,1.0580e-05,8.1780e-06,9.5100e-08,3.2207e-07,8.5530e-07,5.1887e-06,9.1367e-06,1.0493e-05,9.4109e-06
P17,0.00,90.00,0.00,0.00,9.5167e-08,3.7151e-07,1.2042e-06,5.2239e-06,1.0651e-05,1.0637e-05,8.4112e-06,9.2400e-08,3.3818e-07,8.8811e-07,5.2540e-06,9.1858e-06,1.0546e-05,9.5947e-06
P17,30.00,0.00,0.00,0.00,9.7998e-08,3.5433e-07,1.1604e-06,5.1540e-06,1.0594e-05,1.0580e-05,8.1780e-06,9.5100e-08,3.2207e-07,8.5530e-07,5.1887e-06,9.1367e-06,1.0493e-05,9.4109e-06
P17,0.00,45.00,60.00,0.00,6.7992e-08,3.7150e-07,1.2042e-06,5.2236e-06,1.0651e-05,1.0637e-05,8.4112e-06,6.6687e-08,3.3818e-07,8.8811e-07,5.2537e-06,9.1858e-06,1.0546e-05,9.5947e-06
P17,60.00,45.00,30.00,0.00,1.1460e-07,2.9181e-07,1.0013e-06,4.8391e-06,1.0329e-05,1.0316e-05,7.2352e-06,1.1129e-07,2.6360e-07,7.3383e-07,4.8918e-06,8.9131e-06,1.0245e-05,8.6333e-06
P17,60.00,90.00,0.00,0.00,1.0022e-07,2.9180e-07,1.0013e-06,4.8381e-06,1.0329e-05,1.0316e-05,7.2352e-06,9.7255e-08,2.6360e-07,7.3383e-07,4.8908e-06,8.9129e-06,1.0245e-05,8.6333e-06
P17,0.00,0.00,60.00,0.00,6.7992e-08,3.7150e-07,1.2042e-06,5.2236e-06,1.0651e-05,1.0637e-05,8.4112e-06,6.6687e-08,3.3818e-07,8.8811e-07,5.2537e-06,9.1858e-06,1.0546e-05,9.5947e-06
P17,30.00,45.00,0.00,0.00,9.7998e-08,3.5433e-07,1.1604e-06,5.1540e-06,1.0594e-05,1.0580e-05,8.1780e-06,9.5100e-08,3.2207e-07,8.5530e-07,5.1887e-06,9.1367e-06,1.0493e-05,9.4109e-06
P17,60.00,45.00,60.00,0.00,1.1766e-07,2.9181e-07,1.0013e-06,4.8403e-06,1.0329e-05,1.0316e-05,7.2352e-06,1.1470e-07,2.6360e-07,7.3383e-07,4.8932e-06,8.9134e-06,1.0245e-05,8.6334e-06
P17,0.00,0.00,0.00,0.00,9.5167e-08,3.7151e-07,1.2042e-06,5.2239e-06,1.0651e-05,1.0637e-05,8.4112e-06,9.2400e-08,3.3818e-07,8.8811e-07,5.2540e-06,9.1858e-06,1.0546e-05,9.5947e-06
P17,30.00,135.00,60.00,0.00,6.5173e-08,3.5431e-07,1.1604e-06,5.1535e-06,1.0594e-05,1.0580e-05,8.1780e-06,6.3905e-08,3.2206e-07,8.5530e-07,5.1882e-06,9.1367e-06,1.0493e-05,9.4108e-06
P17,60.00,45.00,0.00,0.00,1.0022e-07,2.9180e-07,1.0013e-06,4.8381e-06,1.0329e-05,1.0316e-05,7.2352e-06,9.7255e-08,2.6360e-07,7.3383e-07,4.8908e-06,8.9129e-06,1.0245e-05,8.6333e-06
P17,60.00,135.00,30.00,0.00,8.7283e-08,2.9180e-07,1.0013e-06,4.8376e-06,1.0329e-05,1.0316e-05,7.2352e-06,8.4820e-08,2.6360e-07,7.3383e-07,4.8902e-06,8.9128e-06,1.0245e-05,8.6333e-06
P17,0.00,135.00,30.00,0.00,8.9931e-08,3.7151e-07,1.2042e-06,5.2238e-06,1.0651e-05,1.0637e-05,8.4112e-06,8.7465e-08,3.3818e-07,8.8811e-07,5.2539e-06,9.1858e-06,1.0546e-05,9.5947e-06
P17,0.00,0.00,30.00,0.00,8.9931e-08,3.7151e-07,1.2042e-06,5.2238e-06,1.0651e-05,1.0637e-05,8.4112e-06,8.7465e-08,3.3818e-07,8.8811e-07,5.2539e-06,9.1858e-06,1.0546e-05,9.5947e-06
P17,0.00,180.00,0.00,0.00,9.5167e-08,3.7151e-07,1.2042e-06,5.2239e-06,1.0651e-05,1.0637e-05,8.4112e-06,9.2400e-08,3.3818e-07,8.8811e-07,5.2540e-06,9.1858e-06,1.0546e-05,9.5947e-06
P17,0.00,180.00,60.00,0.00,6.7992e-08,3.7150e-07,1.2042e-06,5.2236e-06,1.0651e-05,1.0637e-05,8.4112e-06,6.6687e-08,3.3818e-07,8.8811e-07,5.2537e-06,9.1858e-06,1.0546e-05,9.5947e-06
P17,60.00,180.00,0.00,0.00,1.0022e-07,2.9180e-07,1.0013e-06,4.8381e-06,1.0329e-05,1.0316e-05,7.2352e-06,9.7255e-08,2.6360e-07,7.3383e-07,4.8908e-06,8.9129e-06,1.0245e-05,8.6333e-06
P17,60.00,0.00,0.00,0.00,1.0022e-07,2.9180e-07,1.0013e-06,4.8381e-06,1.0329e-05,1.0316e-05,7.2352e-06,9.7255e-08,2.6360e-07,7.3383e-07,4.8908e-06,8.9129e-06,1.0245e-05,8.6333e-06
P17,60.00,135.00,0.00,0.00,1.0022e-07,2.9180e-07,1.0013e-06,4.8381e-06,1.0329e-05,1.0316e-05,7.2352e-06,9.7255e-08,2.6360e-07,7.3383e-07,4.8908e-06,8.9129e-06,1.0245e-05,8.6333e-06
P17,0.00,90.00,60.00,0.00,6.7992e-08,3.7150e-07,1.2042e-06,5.2236e-06,1.0651e-05,1.0637e-05,8.4112e-06,6.6687e-08,3.3818e-07,8.8811e-07,5.2537e-06,9.1858e-06,1.0546e-05,9.5947e-06
P17,30.00,90.00,30.00,0.00,9.3512e-08,3.5432e-07,1.1604e-06,5.1540e-06,1.0594e-05,1.0580e-05,8.1780e-06,9.0892e-08,3.2207e-07,8.5530e-07,5.1888e-06,9.1367e-06,1.0493e-05,9.4109e-06
P17,0.00,135.00,0.00,0.00,9.5167e-08,3.7151e-07,1.2042e-06,5.2239e-06,1.0651e-05,1.0637e-05,8.4112e-06,9.2400e-08,3.3818e-07,8.8811e-07,5.2540e-06,9.1858e-06,1.0546e-05,9.5947e-06
P17,30.00,135.00,0.00,0.00,9.7998e-08,3.5433e-07,1.1604e-06,5.1540e-06,1.0594e-05,1.0580e-05,8.1780e-06,9.5100e-08,3.2207e-07,8.5530e-07,5.1887e-06,9.1367e-06,1.0493e-05,9.4109e-06
P17,30.00,90.00,60.00,0.00,7.1556e-08,3.5431e-07,1.1604e-06,5.1538e-06,1.0594e-05,1.0580e-05,8.1780e-06,7.0079e-08,3.2206e-07,8.5530e-07,5.1885e-06,9.1367e-06,1.0493e-05,9.4108e-06
P17,60.00,0.00,60.00,0.00,1.5339e-07,2.9183e-07,1.0013e-06,4.8431e-06,1.0329e-05,1.0316e-05,7.2352e-06,1.4955e-07,2.6360e-07,7.3383e-07,4.8963e-06,8.9140e-06,1.0246e-05,8.6335e-06
P17,0.00,90.00,30.00,0.00,8.9931e-08,3.7151e-07,1.2042e-06,5.2238e-06,1.0651e-05,1.0637e-05,8.4112e-06,8.7465e-08,3.3818e-07,8.8811e-07,5.2539e-06,9.1858e-06,1.0546e-05,9.5947e-06
P17,60.00,180.00,60.00,0.00,6.0893e-08,2.9179e-07,1.0013e-06,4.8369e-06,1.0329e-05,1.0316e-05,7.2352e-06,5.9612e-08,2.6360e-07,7.3383e-07,4.8894e-06,8.9127e-06,1.0245e-05,8.6332e-06
P17,60.00,135.00,60.00,0.00,6.5063e-08,2.9179e-07,1.0013e-06,4.8372e-06,1.0329e-05,1.0316e-05,7.2352e-06,6.3641e-08,2.6360e-07,7.3383e-07,4.8898e-06,8.9128e-06,1.0245e-05,8.6333e-06
P17,30.00,180.00,60.00,0.00,6.3105e-08,3.5431e-07,1.1604e-06,5.1534e-06,1.0594e-05,1.0580e-05,8.1780e-06,6.1907e-08,3.2206e-07,8.5530e-07,5.1881e-06,9.1366e-06,1.0493e-05,9.4108e-06
P17,0.00,135.00,60.00,0.00,6.7992e-08,3.7150e-07,1.2042e-06,5.2236e-06,1.0651e-05,1.0637e-05,8.4112e-06,6.6687e-08,3.3818e-07,8.8811e-07,5.2537e-06,9.1858e-06,1.0546e-05,9.5947e-06
P17,0.00,45.00,30.00,0.00,8.9931e-08,3.7151e-07,1.2042e-06,5.2238e-06,1.0651e-05,1.0637e-05,8.4112e-06,8.7465e-08,3.3818e-07,8.8811e-07,5.2539e-06,9.1858e-06,1.0546e-05,9.5947e-06
P17,0.00,180.00,30.00,0.00,8.9931e-08,3.7151e-07,1.2042e-06,5.2238e-06,1.0651e-05,1.0637e-05,8.4112e-06,8.7465e-08,3.3818e-07,8.8811e-07,5.2539e-06,9.1858e-06,1.0546e-05,9.5947e-06
P17,30.00,0.00,30.00,0.00,1.0169e-07,3.5433e-07,1.1604e-06,5.1545e-06,1.0594e-05,1.0580e-05,8.1780e-06,9.8806e-08,3.2207e-07,8.5530e-07,5.1892e-06,9.1368e-06,1.0493e-05,9.4109e-06
P17,30.00,45.00,60.00,0.00,8.1094e-08,3.5432e-07,1.1604e-06,5.1543e-06,1.0594e-05,1.0580e-05,8.1780e-06,7.9325e-08,3.2206e-07,8.5530e-07,5.1891e-06,9.1368e-06,1.0493e-05,9.4109e-06
P18,30.00,90.00,0.00,0.00,8.1953e-08,2.6571e-07,8.9771e-07,3.6943e-06,8.3563e-06,8.3436e-06,7.0773e-06,7.8970e-08,2.4098e-07,6.5470e-07,3.7156e-06,6.9715e-06,8.2462e-06,7.8909e-06
P18,30.00,180.00,0.00,0.00,8.1953e-08,2.6571e-07,8.9771e-07,3.6943e-06,8.3563e-06,8.3436e-06,7.0773e-06,7.8970e-08,2.4098e-07,6.5470e-07,3.7156e-06,6.9715e-06,8.2462e-06,7.8909e-06
P18,60.00,180.00,60.00,0.00,4.7290e-08,2.2333e-07,7.7621e-07,3.4908e-06,8.1901e-06,8.1777e-06,6.3619e-06,4.5938e-08,2.0181e-07,5.6210e-07,3.5268e-06,6.8372e-06,8.0916e-06,7.3292e-06
P18,0.00,0.00,60.00,0.00,5.1321e-08,2.7760e-07,9.3017e-07,3.7363e-06,8.3896e-06,8.3769e-06,7.2481e-06,4.9915e-08,2.5206e-07,6.7990e-07,3.7538e-06,6.9977e-06,8.2771e-06,8.0195e-06
P18,30.00,135.00,0.00,0.00,8.1953e-08,2.6571e-07,8.9771e-07,3.6943e-06,8.3563e-06,8.3436e-06,7.0773e-06,7.8970e-08,2.4098e-07,6.5470e-07,3.7156e-06,6.9715e-06,8.2462e-06,7.8909e-06
P18,60.00,135.00,30.00,0.00,7.3482e-08,2.2334e-07,7.7621e-07,3.4915e-06,8.1902e-06,8.1778e-06,6.3619e-06,7.0977e-08,2.0181e-07,5.6210e-07,3.5276e-06,6.8373e-06,8.0916e-06,7.3293e-06
P18,0.00,90.00,30.00,0.00,7.3258e-08,2.7761e-07,9.3018e-07,3.7365e-06,8.3896e-06,8.3769e-06,7.2481e-06,7.0697e-08,2.5206e-07,6.7990e-07,3.7541e-06,6.9977e-06,8.2771e-06,8.0195e-06
P18,0.00,180.00,30.00,0.00,7.3258e-08,2.7761e-07,9.3018e-07,3.7365e-06,8.3896e-06,8.3769e-06,7.2481e-06,7.0697e-08,2.5206e-07,6.7990e-07,3.7541e-06,6.9977e-06,8.2771e-06,8.0195e-06
P18,30.00,45.00,30.00,0.00,8.2913e-08,2.6571e-07,8.9771e-07,3.6946e-06,8.3563e-06,8.3436e-06,7.0773e-06,8.0035e-08,2.4098e-07,6.5470e-07,3.7159e-06,6.9716e-06,8.2462e-06,7.8909e-06
P18,30.00,45.00,0.00,0.00,8.1953e-08,2.6571e-07,8.9771e-07,3.6943e-06,8.3563e-06,8.3436e-06,7.0773e-06,7.8970e-08,2.4098e-07,6.5470e-07,3.7156e-06,6.9715e-06,8.2462e-06,7.8909e-06
P18,0.00,90.00,60.00,0.00,5.1321e-08,2.7760e-07,9.3017e-07,3.7363e-06,8.3896e-06,8.3769e-06,7.2481e-06,4.9915e-08,2.5206e-07,6.7990e-07,3.7538e-06,6.9977e-06,8.2771e-06,8.0195e-06
P18,30.00,180.00,60.00,0.00,4.7155e-08,2.6569e-07,8.9771e-07,3.6936e-06,8.3562e-06,8.3436e-06,7.0772e-06,4.5854e-08,2.4098e-07,6.5470e-07,3.7149e-06,6.9714e-06,8.2461e-06,7.8909e-06
P18,0.00,0.00,0.00,0.00,7.8528e-08,2.7761e-07,9.3018e-07,3.7366e-06,8.3896e-06,8.3769e-06,7.2481e-06,7.5662e-08,2.5206e-07,6.7990e-07,3.7542e-06,6.9977e-06,8.2771e-06,8.0195e-06
P18,0.00,135.00,30.00,0.00,7.3258e-08,2.7761e-07,9.3018e-07,3.7365e-06,8.3896e-06,8.3769e-06,7.2481e-06,7.0697e-08,2.5206e-07,6.7990e-07,3.7541e-06,6.9977e-06,8.2771e-06,8.0195e-06
P18,0.00,180.00,0.00,0.00,7.8528e-08,2.7761e-07,9.3018e-07,3.7366e-06,8.3896e-06,8.3769e-06,7.2481e-06,7.5662e-08,2.5206e-07,6.7990e-07,3.7542e-06,6.9977e-06,8.2771e-06,8.0195e-06
P18,30.00,90.00,30.00,0.00,7.7436e-08,2.6570e-07,8.9771e-07,3.6943e-06,8.3563e-06,8.3436e-06,7.0773e-06,7.4734e-08,2.4098e-07,6.5470e-07,3.7156e-06,6.9715e-06,8.2462e-06,7.8909e-06
P18,0.00,135.00,60.00,0.00,5.1321e-08,2.7760e-07,9.3017e-07,3.7363e-06,8.3896e-06,8.3769e-06,7.2481e-06,4.9915e-08,2.5206e-07,6.7990e-07,3.7538e-06,6.9977e-06,8.2771e-06,8.0195e-06
P18,0.00,135.00,0.00,0.00,7.8528e-08,2.7761e-07,9.3018e-07,3.7366e-06,8.3896e-06,8.3769e-06,7.2481e-06,7.5662e-08,2.5206e-07,6.7990e-07,3.7542e-06,6.9977e-06,8.2771e-06,8.0195e-06
P18,60.00,180.00,30.00,0.00,6.9972e-08,2.2334e-07,7.7621e-07,3.4914e-06,8.1902e-06,8.1778e-06,6.3619e-06,6.7581e-08,2.0181e-07,5.6210e-07,3.5274e-06,6.8373e-06,8.0916e-06,7.3293e-06
P18,60.00,135.00,60.00,0.00,5.1406e-08,2.2334e-07,7.7621e-07,3.4911e-06,8.1901e-06,8.1778e-06,6.3619e-06,4.9923e-08,2.0181e-07,5.6210e-07,3.5271e-06,6.8373e-06,8.0916e-06,7.3292e-06
P18,60.00,45.00,0.00,0.00,8.6312e-08,2.2335e-07,7.7621e-07,3.4920e-06,8.1902e-06,8.1778e-06,6.3619e-06,8.3320e-08,2.0181e-07,5.6211e-07,3.5281e-06,6.8374e-06,8.0917e-06,7.3293e-06
P18,30.00,90.00,60.00,0.00,5.5493e-08,2.6569e-07,8.9771e-07,3.6940e-06,8.3563e-06,8.3436e-06,7.0772e-06,5.3930e-08,2.4098e-07,6.5470e-07,3.7153e-06,6.9715e-06,8.2462e-06,7.8909e-06
P18,30.00,45.00,60.00,0.00,6.4907e-08,2.6570e-07,8.9771e-07,3.6946e-06,8.3563e-06,8.3437e-06,7.0772e-06,6.3069e-08,2.4098e-07,6.5470e-07,3.7159e-06,6.9716e-06,8.2462e-06,7.8909e-06
P18,30.00,0.00,30.00,0.00,8.5536e-08,2.6571e-07,8.9771e-07,3.6947e-06,8.3563e-06,8.3437e-06,7.0773e-06,8.2577e-08,2.4098e-07,6.5470e-07,3.7161e-06,6.9716e-06,8.2462e-06,7.8909e-06
P18,60.00,45.00,60.00,0.00,1.0338e-07,2.2336e-07,7.7621e-07,3.4941e-06,8.1904e-06,8.1780e-06,6.3619e-06,1.0046e-07,2.0181e-07,5.6211e-07,3.5304e-06,6.8379e-06,8.0919e-06,7.3294e-06
P18,60.00,90.00,60.00,0.00,6.6926e-08,2.2334e-07,7.7621e-07,3.4919e-06,8.1902e-06,8.1778e-06,6.3619e-06,6.4973e-08,2.0181e-07,5.6210e-07,3.5280e-06,6.8374e-06,8.0917e-06,7.3293e-06
P18,30.00,0.00,0.00,0.00,8.1953e-08,2.6571e-07,8.9771e-07,3.6943e-06,8.3563e-06,8.3436e-06,7.0773e-06,7.8970e-08,2.4098e-07,6.5470e-07,3.7156e-06,6.9715e-06,8.2462e-06,7.8909e-06
P18,30.00,135.00,30.00,0.00,7.2859e-08,2.6570e-07,8.9771e-07,3.6941e-06,8.3563e-06,8.3436e-06,7.0772e-06,7.0307e-08,2.4098e-07,6.5470e-07,3.7154e-06,6.9715e-06,8.2462e-06,7.8909e-06
P18,30.00,135.00,60.00,0.00,4.9196e-08,2.6569e-07,8.9771e-07,3.6937e-06,8.3562e-06,8.3436e-06,7.0772e-06,4.7828e-08,2.4098e-07,6.5470e-07,3.7150e-06,6.9715e-06,8.2461e-06,7.8909e-06
P18,60.00,0.00,0.00,0.00,8.6312e-08,2.2335e-07,7.7621e-07,3.4920e-06,8.1902e-06,8.1778e-06,6.3619e-06,8.3320e-08,2.0181e-07,5.6211e-07,3.5281e-06,6.8374e-06,8.0917e-06,7.3293e-06
P18,60.00,45.00,30.00,0.00,1.0051e-07,2.2336e-07,7.7621e-07,3.4930e-06,8.1903e-06,8.1779e-06,6.3619e-06,9.7201e-08,2.0181e-07,5.6211e-07,3.5292e-06,6.8376e-06,8.0918e-06,7.3293e-06
P18,0.00,45.00,30.00,0.00,7.3258e-08,2.7761e-07,9.3018e-07,3.7365e-06,8.3896e-06,8.3769e-06,7.2481e-06,7.0697e-08,2.5206e-07,6.7990e-07,3.7541e-06,6.9977e-06,8.2771e-06,8.0195e-06
P18,0.00,90.00,0.00,0.00,7.8528e-08,2.7761e-07,9.3018e-07,3.7366e-06,8.3896e-06,8.3769e-06,7.2481e-06,7.5662e-08,2.5206e-07,6.7990e-07,3.7542e-06,6.9977e-06,8.2771e-06,8.0195e-06
P18,0.00,0.00,30.00,0.00,7.3258e-08,2.7761e-07,9.3018e-07,3.7365e-06,8.3896e-06,8.3769e-06,7.2481e-06,7.0697e-08,2.5206e-07,6.7990e-07,3.7541e-06,6.9977e-06,8.2771e-06,8.0195e-06
P18,0.00,45.00,60.00,0.00,5.1321e-08,2.7760e-07,9.3017e-07,3.7363e-06,8.3896e-06,8.3769e-06,7.2481e-06,4.9915e-08,2.5206e-07,6.7990e-07,3.7538e-06,6.9977e-06,8.2771e-06,8.0195e-06
P18,0.00,180.00,60.00,0.00,5.1321e-08,2.7760e-07,9.3017e-07,3.7363e-06,8.3896e-06,8.3769e-06,7.2481e-06,4.9915e-08,2.5206e-07,6.7990e-07,3.7538e-06,6.9977e-06,8.2771e-06,8.0195e-06
P18,60.00,0.00,30.00,0.00,1.0987e-07,2.2336e-07,7.7621e-07,3.4935e-06,8.1903e-06,8.1780e-06,6.3619e-06,1.0631e-07,2.0181e-07,5.6211e-07,3.5297e-06,6.8377e-06,8.0918e-06,7.3294e-06
P18,60.00,135.00,0.00,0.00,8.6312e-08,2.2335e-07,7.7621e-07,3.4920e-06,8.1902e-06,8.1778e-06,6.3619e-06,8.3320e-08,2.0181e-07,5.6211e-07,3.5281e-06,6.8374e-06,8.0917e-06,7.3293e-06
P18,0.00,45.00,0.00,0.00,7.8528e-08,2.7761e-07,9.3018e-07,3.7366e-06,8.3896e-06,8.3769e-06,7.2481e-06,7.5662e-08,2.5206e-07,6.7990e-07,3.7542e-06,6.9977e-06,8.2771e-06,8.0195e-06
P18,60.00,180.00,0.00,0.00,8.6312e-08,2.2335e-07,7.7621e-07,3.4920e-06,8.1902e-06,8.1778e-06,6.3619e-06,8.3320e-08,2.0181e-07,5.6211e-07,3.5281e-06,6.8374e-06,8.0917e-06,7.3293e-06
P18,60.00,90.00,0.00,0.00,8.6312e-08,2.2335e-07,7.7621e-07,3.4920e-06,8.1902e-06,8.1778e-06,6.3619e-06,8.3320e-08,2.0181e-07,5.6211e-07,3.5281e-06,6.8374e-06,8.0917e-06,7.3293e-06
P18,60.00,0.00,60.00,0.00,1.3872e-07,2.2337e-07,7.7621e-07,3.4969e-06,8.1907e-06,8.1783e-06,6.3619e-06,1.3500e-07,2.0181e-07,5.6211e-07,3.5335e-06,6.8384e-06,8.0921e-06,7.3295e-06
P18,60.00,90.00,30.00,0.00,8.4313e-08,2.2335e-07,7.7621e-07,3.4920e-06,8.1902e-06,8.1778e-06,6.3619e-06,8.1474e-08,2.0181e-07,5.6211e-07,3.5282e-06,6.8374e-06,8.0917e-06,7.3293e-06
P18,30.00,0.00,60.00,0.00,7.0348e-08,2.6570e-07,8.9771e-07,3.6949e-06,8.3563e-06,8.3437e-06,7.0773e-06,6.8361e-08,2.4098e-07,6.5470e-07,3.7163e-06,6.9717e-06,8.2463e-06,7.8909e-06
P18,30.00,180.00,30.00,0.00,7.1182e-08,2.6570e-07,8.9771e-07,3.6939e-06,8.3562e-06,8.3436e-06,7.0772e-06,6.8686e-08,2.4098e-07,6.5470e-07,3.7152e-06,6.9715e-06,8.2462e-06,7.8909e-06
P19,60.00,90.00,60.00,0.00,6.6227e-08,2.1378e-07,6.1413e-07,1.8283e-06,5.0875e-06,5.0772e-06,5.2217e-06,6.3393e-08,1.9818e-07,4.8162e-07,1.8067e-06,3.9609e-06,4.9880e-06,5.3927e-06
P19,60.00,45.00,30.00,0.00,1.0258e-07,2.1385e-07,6.1456e-07,1.8297e-06,5.0876e-06,5.0773e-06,5.2218e-06,9.8110e-08,1.9820e-07,4.8179e-07,1.8081e-06,3.9611e-06,4.9881e-06,5.3928e-06
P19,30.00,180.00,0.00,0.00,7.7731e-08,2.3547e-07,6.6246e-07,1.9045e-06,5.1390e-06,5.1287e-06,5.4211e-06,7.3969e-08,2.1858e-07,5.2536e-07,1.8831e-06,4.0090e-06,5.0357e-06,5.5562e-06
P19,60.00,90.00,0.00,0.00,8.6263e-08,2.1382e-07,6.1434e-07,1.8284e-06,5.0875e-06,5.0772e-06,5.2218e-06,8.2269e-08,1.9820e-07,4.8172e-07,1.8068e-06,3.9609e-06,4.9880e-06,5.3927e-06
P19,30.00,180.00,60.00,0.00,4.0774e-08,2.3540e-07,6.6207e-07,1.9038e-06,5.1390e-06,5.1287e-06,5.4211e-06,3.8931e-08,2.1855e-07,5.2517e-07,1.8824e-06,4.0089e-06,5.0357e-06,5.5561e-06
P19,60.00,135.00,0.00,0.00,8.6263e-08,2.1382e-07,6.1434e-07,1.8284e-06,5.0875e-06,5.0772e-06,5.2218e-06,8.2269e-08,1.9820e-07,4.8172e-07,1.8068e-06,3.9609e-06,4.9880e-06,5.3927e-06
P19,60.00,45.00,60.00,0.00,1.0819e-07,2.1385e-07,6.1460e-07,1.8314e-06,5.0878e-06,5.0775e-06,5.2218e-06,1.0397e-07,1.9820e-07,4.8177e-07,1.8100e-06,3.9614e-06,4.9883e-06,5.3929e-06
P19,60.00,90.00,30.00,0.00,8.4368e-08,2.1381e-07,6.1431e-07,1.8285e-06,5.0875e-06,5.0772e-06,5.2218e-06,8.0530e-08,1.9819e-07,4.8170e-07,1.8068e-06,3.9609e-06,4.9880e-06,5.3927e-06
P19,0.00,45.00,60.00,0.00,4.4790e-08,2.4138e-07,6.7364e-07,1.9187e-06,5.1477e-06,5.1374e-06,5.4707e-06,4.2825e-08,2.2425e-07,5.3599e-07,1.8970e-06,4.0168e-06,5.0436e-06,5.5936e-06
P19,0.00,135.00,30.00,0.00,6.7756e-08,2.4143e-07,6.7386e-07,1.9189e-06,5.1477e-06,5.1374e-06,5.4707e-06,6.4507e-08,2.2427e-07,5.3612e-07,1.8972e-06,4.0168e-06,5.0436e-06,5.5936e-06
P19,0.00,0.00,60.00,0.00,4.4790e-08,2.4138e-07,6.7364e-07,1.9187e-06,5.1477e-06,5.1374e-06,5.4707e-06,4.2825e-08,2.2425e-07,5.3599e-07,1.8970e-06,4.0168e-06,5.0436e-06,5.5936e-06
P19,30.00,135.00,60.00,0.00,4.3057e-08,2.3540e-07,6.6210e-07,1.9039e-06,5.1390e-06,5.1287e-06,5.4211e-06,4.1127e-08,2.1855e-07,5.2518e-07,1.8825e-06,4.0090e-06,5.0357e-06,5.5561e-06
P19,30.00,90.00,60.00,0.00,5.0103e-08,2.3541e-07,6.6219e-07,1.9043e-06,5.1390e-06,5.1287e-06,5.4211e-06,4.7914e-08,2.1856e-07,5.2521e-07,1.8829e-06,4.0090e-06,5.0357e-06,5.5562e-06
P19,0.00,135.00,60.00,0.00,4.4790e-08,2.4138e-07,6.7364e-07,1.9187e-06,5.1477e-06,5.1374e-06,5.4707e-06,4.2825e-08,2.2425e-07,5.3599e-07,1.8970e-06,4.0168e-06,5.0436e-06,5.5936e-06
P19,0.00,135.00,0.00,0.00,7.3195e-08,2.4145e-07,6.7394e-07,1.9190e-06,5.1477e-06,5.1374e-06,5.4707e-06,6.9617e-08,2.2427e-07,5.3616e-07,1.8973e-06,4.0169e-06,5.0436e-06,5.5936e-06
P19,60.00,0.00,0.00,0.00,8.6263e-08,2.1382e-07,6.1434e-07,1.8284e-06,5.0875e-06,5.0772e-06,5.2218e-06,8.2269e-08,1.9820e-07,4.8172e-07,1.8068e-06,3.9609e-06,4.9880e-06,5.3927e-06
P19,0.00,0.00,0.00,0.00,7.3195e-08,2.4145e-07,6.7394e-07,1.9190e-06,5.1477e-06,5.1374e-06,5.4707e-06,6.9617e-08,2.2427e-07,5.3616e-07,1.8973e-06,4.0169e-06,5.0436e-06,5.5936e-06
P19,60.00,45.00,0.00,0.00,8.6263e-08,2.1382e-07,6.1434e-07,1.8284e-06,5.0875e-06,5.0772e-06,5.2218e-06,8.2269e-08,1.9820e-07,4.8172e-07,1.8068e-06,3.9609e-06,4.9880e-06,5.3927e-06
P19,30.00,0.00,60.00,0.00,6.6721e-08,2.3545e-07,6.6243e-07,1.9054e-06,5.1391e-06,5.1288e-06,5.4212e-06,6.3967e-08,2.1856e-07,5.2530e-07,1.8840e-06,4.0092e-06,5.0358e-06,5.5562e-06
P19,0.00,45.00,0.00,0.00,7.3195e-08,2.4145e-07,6.7394e-07,1.9190e-06,5.1477e-06,5.1374e-06,5.4707e-06,6.9617e-08,2.2427e-07,5.3616e-07,1.8973e-06,4.0169e-06,5.0436e-06,5.5936e-06
P19,60.00,180.00,30.00,0.00,6.8238e-08,2.1378e-07,6.1413e-07,1.8276e-06,5.0874e-06,5.0772e-06,5.2217e-06,6.4999e-08,1.9819e-07,4.8164e-07,1.8059e-06,3.9607e-06,4.9879e-06,5.3927e-06
P19,0.00,0.00,30.00,0.00,6.7756e-08,2.4143e-07,6.7386e-07,1.9189e-06,5.1477e-06,5.1374e-06,5.4707e-06,6.4507e-08,2.2427e-07,5.3612e-07,1.8972e-06,4.0168e-06,5.0436e-06,5.5936e-06
P19,30.00,45.00,60.00,0.00,6.0634e-08,2.3543e-07,6.6234e-07,1.9050e-06,5.1391e-06,5.1288e-06,5.4211e-06,5.8081e-08,2.1856e-07,5.2527e-07,1.8836e-06,4.0091e-06,5.0358e-06,5.5562e-06
P19,0.00,180.00,0.00,0.00,7.3195e-08,2.4145e-07,6.7394e-07,1.9190e-06,5.1477e-06,5.1374e-06,5.4707e-06,6.9617e-08,2.2427e-07,5.3616e-07,1.8973e-06,4.0169e-06,5.0436e-06,5.5936e-06
P19,0.00,90.00,0.00,0.00,7.3195e-08,2.4145e-07,6.7394e-07,1.9190e-06,5.1477e-06,5.1374e-06,5.4707e-06,6.9617e-08,2.2427e-07,5.3616e-07,1.8973e-06,4.0169e-06,5.0436e-06,5.5936e-06
P19,0.00,180.00,30.00,0.00,6.7756e-08,2.4143e-07,6.7386e-07,1.9189e-06,5.1477e-06,5.1374e-06,5.4707e-06,6.4507e-08,2.2427e-07,5.3612e-07,1.8972e-06,4.0168e-06,5.0436e-06,5.5936e-06
P19,60.00,180.00,60.00,0.00,4.3620e-08,2.1374e-07,6.1390e-07,1.8268e-06,5.0874e-06,5.0771e-06,5.2217e-06,4.1631e-08,1.9818e-07,4.8154e-07,1.8051e-06,3.9606e-06,4.9879e-06,5.3926e-06
P19,0.00,90.00,30.00,0.00,6.7756e-08,2.4143e-07,6.7386e-07,1.9189e-06,5.1477e-06,5.1374e-06,5.4707e-06,6.4507e-08,2.2427e-07,5.3612e-07,1.8972e-06,4.0168e-06,5.0436e-06,5.5936e-06
P19,60.00,135.00,30.00,0.00,7.2186e-08,2.1379e-07,6.1417e-07,1.8278e-06,5.0875e-06,5.0772e-06,5.2217e-06,6.8797e-08,1.9819e-07,4.8165e-07,1.8061e-06,3.9608e-06,4.9880e-06,5.3927e-06
P19,30.00,0.00,0.00,0.00,7.7731e-08,2.3547e-07,6.6246e-07,1.9045e-06,5.1390e-06,5.1287e-06,5.4211e-06,7.3969e-08,2.1858e-07,5.2536e-07,1.8831e-06,4.0090e-06,5.0357e-06,5.5562e-06
P19,30.00,45.00,0.00,0.00,7.7731e-08,2.3547e-07,6.6246e-07,1.9045e-06,5.1390e-06,5.1287e-06,5.4211e-06,7.3969e-08,2.1858e-07,5.2536e-07,1.8831e-06,4.0090e-06,5.0357e-06,5.5562e-06
P19,60.00,135.00,60.00,0.00,4.8359e-08,2.1375e-07,6.1396e-07,1.8273e-06,5.0874e-06,5.0771e-06,5.2217e-06,4.6187e-08,1.9818e-07,4.8156e-07,1.8056e-06,3.9607e-06,4.9879e-06,5.3927e-06
P19,30.00,180.00,30.00,0.00,6.6254e-08,2.3544e-07,6.6230e-07,1.9041e-06,5.1390e-06,5.1287e-06,5.4211e-06,6.3052e-08,2.1857e-07,5.2528e-07,1.8826e-06,4.0090e-06,5.0357e-06,5.5562e-06
P19,0.00,90.00,60.00,0.00,4.4790e-08,2.4138e-07,6.7364e-07,1.9187e-06,5.1477e-06,5.1374e-06,5.4707e-06,4.2825e-08,2.2425e-07,5.3599e-07,1.8970e-06,4.0168e-06,5.0436e-06,5.5936e-06
P19,30.00,135.00,0.00,0.00,7.7731e-08,2.3547e-07,6.6246e-07,1.9045e-06,5.1390e-06,5.1287e-06,5.4211e-06,7.3969e-08,2.1858e-07,5.2536e-07,1.8831e-06,4.0090e-06,5.0357e-06,5.5562e-06
P19,60.00,0.00,60.00,0.00,1.4888e-07,2.1393e-07,6.1516e-07,1.8351e-06,5.0882e-06,5.0779e-06,5.2219e-06,1.4346e-07,1.9821e-07,4.8195e-07,1.8139e-06,3.9621e-06,4.9887e-06,5.3931e-06
P19,60.00,180.00,0.00,0.00,8.6263e-08,2.1382e-07,6.1434e-07,1.8284e-06,5.0875e-06,5.0772e-06,5.2218e-06,8.2269e-08,1.9820e-07,4.8172e-07,1.8068e-06,3.9609e-06,4.9880e-06,5.3927e-06
P19,30.00,135.00,30.00,0.00,6.8089e-08,2.3545e-07,6.6234e-07,1.9043e-06,5.1390e-06,5.1287e-06,5.4211e-06,6.4818e-08,2.1857e-07,5.2530e-07,1.8828e-06,4.0090e-06,5.0357e-06,5.5562e-06
P19,30.00,0.00,30.00,0.00,8.1961e-08,2.3549e-07,6.6259e-07,1.9051e-06,5.1391e-06,5.1288e-06,5.4212e-06,7.8179e-08,2.1858e-07,5.2541e-07,1.8837e-06,4.0091e-06,5.0357e-06,5.5562e-06
P19,0.00,45.00,30.00,0.00,6.7756e-08,2.4143e-07,6.7386e-07,1.9189e-06,5.1477e-06,5.1374e-06,5.4707e-06,6.4507e-08,2.2427e-07,5.3612e-07,1.8972e-06,4.0168e-06,5.0436e-06,5.5936e-06
P19,60.00,0.00,30.00,0.00,1.1311e-07,2.1387e-07,6.1471e-07,1.8303e-06,5.0877e-06,5.0774e-06,5.2218e-06,1.0829e-07,1.9821e-07,4.8185e-07,1.8088e-06,3.9612e-06,4.9882e-06,5.3928e-06
P19,30.00,90.00,30.00,0.00,7.3098e-08,2.3546e-07,6.6243e-07,1.9046e-06,5.1390e-06,5.1288e-06,5.4211e-06,6.9638e-08,2.1857e-07,5.2534e-07,1.8831e-06,4.0090e-06,5.0357e-06,5.5562e-06
P19,30.00,90.00,0.00,0.00,7.7731e-08,2.3547e-07,6.6246e-07,1.9045e-06,5.1390e-06,5.1287e-06,5.4211e-06,7.3969e-08,2.1858e-07,5.2536e-07,1.8831e-06,4.0090e-06,5.0357e-06,5.5562e-06
P19,0.00,180.00,60.00,0.00,4.4790e-08,2.4138e-07,6.7364e-07,1.9187e-06,5.1477e-06,5.1374e-06,5.4707e-06,4.2825e-08,2.2425e-07,5.3599e-07,1.8970e-06,4.0168e-06,5.0436e-06,5.5936e-06
P19,30.00,45.00,30.00,0.00,7.9091e-08,2.3548e-07,6.6253e-07,1.9049e-06,5.1391e-06,5.1288e-06,5.4211e-06,7.5411e-08,2.1858e-07,5.2538e-07,1.8835e-06,4.0091e-06,5.0357e-06,5.5562e-06
P20,0.00,135.00,60.00,0.00,4.8303e-08,3.1449e-07,9.6099e-07,2.7390e-06,6.7062e-06,6.6945e-06,6.1089e-06,4.6396e-08,2.8918e-07,7.4694e-07,2.7472e-06,5.4230e-06,6.5931e-06,6.6497e-06
P20,0.00,90.00,60.00,0.00,4.8303e-08,3.1449e-07,9.6099e-07,2.7390e-06,6.7062e-06,6.6945e-06,6.1089e-06,4.6396e-08,2.8918e-07,7.4694e-07,2.7472e-06,5.4230e-06,6.5931e-06,6.6497e-06
P20,30.00,45.00,60.00,0.00,6.3839e-08,3.0117e-07,9.3729e-07,2.7053e-06,6.6827e-06,6.6710e-06,5.9803e-06,6.1344e-08,2.7636e-07,7.2494e-07,2.7163e-06,5.3996e-06,6.5707e-06,6.5544e-06
P20,0.00,135.00,0.00,0.00,7.6550e-08,3.1453e-07,9.6120e-07,2.7393e-06,6.7062e-06,6.6946e-06,6.1089e-06,7.3044e-08,2.8919e-07,7.4703e-07,2.7475e-06,5.4230e-06,6.5931e-06,6.6497e-06
P20,60.00,90.00,30.00,0.00,8.6858e-08,2.5092e-07,8.4004e-07,2.5448e-06,6.5774e-06,6.5658e-06,5.4433e-06,8.3080e-08,2.2834e-07,6.3674e-07,2.5662e-06,5.2938e-06,6.4715e-06,6.1407e-06
P20,30.00,180.00,0.00,0.00,8.0882e-08,3.0119e-07,9.3737e-07,2.7048e-06,6.6826e-06,6.6710e-06,5.9803e-06,7.7191e-08,2.7637e-07,7.2499e-07,2.7158e-06,5.3995e-06,6.5706e-06,6.5544e-06
P20,0.00,45.00,30.00,0.00,7.1143e-08,3.1452e-07,9.6114e-07,2.7392e-06,6.7062e-06,6.6945e-06,6.1089e-06,6.7962e-08,2.8919e-07,7.4700e-07,2.7474e-06,5.4230e-06,6.5931e-06,6.6497e-06
P20,60.00,0.00,60.00,0.00,1.5009e-07,2.5101e-07,8.4048e-07,2.5512e-06,6.5781e-06,6.5664e-06,5.4435e-06,1.4475e-07,2.2835e-07,6.3683e-07,2.5732e-06,5.2950e-06,6.4721e-06,6.1410e-06
P20,0.00,90.00,30.00,0.00,7.1143e-08,3.1452e-07,9.6114e-07,2.7392e-06,6.7062e-06,6.6945e-06,6.1089e-06,6.7962e-08,2.8919e-07,7.4700e-07,2.7474e-06,5.4230e-06,6.5931e-06,6.6497e-06
P20,30.00,90.00,0.00,0.00,8.0882e-08,3.0119e-07,9.3737e-07,2.7048e-06,6.6826e-06,6.6710e-06,5.9803e-06,7.7191e-08,2.7637e-07,7.2499e-07,2.7158e-06,5.3995e-06,6.5706e-06,6.5544e-06
P20,0.00,180.00,60.00,0.00,4.8303e-08,3.1449e-07,9.6099e-07,2.7390e-06,6.7062e-06,6.6945e-06,6.1089e-06,4.6396e-08,2.8918e-07,7.4694e-07,2.7472e-06,5.4230e-06,6.5931e-06,6.6497e-06
P20,30.00,0.00,30.00,0.00,8.5083e-08,3.0121e-07,9.3745e-07,2.7054e-06,6.6827e-06,6.6710e-06,5.9803e-06,8.1370e-08,2.7637e-07,7.2501e-07,2.7164e-06,5.3996e-06,6.5707e-06,6.5544e-06
P20,60.00,180.00,60.00,0.00,4.6256e-08,2.5087e-07,8.3980e-07,2.5432e-06,6.5773e-06,6.5656e-06,5.4433e-06,4.4320e-08,2.2833e-07,6.3667e-07,2.5646e-06,5.2935e-06,6.4713e-06,6.1406e-06
P20,60.00,180.00,30.00,0.00,7.0843e-08,2.5090e-07,8.3994e-07,2.5440e-06,6.5774e-06,6.5657e-06,5.4433e-06,6.7663e-08,2.2834e-07,6.3671e-07,2.5654e-06,5.2937e-06,6.4714e-06,6.1406e-06
P20,30.00,90.00,30.00,0.00,7.6270e-08,3.0119e-07,9.3735e-07,2.7049e-06,6.6827e-06,6.6710e-06,5.9803e-06,7.2878e-08,2.7637e-07,7.2498e-07,2.7159e-06,5.3995e-06,6.5707e-06,6.5544e-06
P20,30.00,45.00,30.00,0.00,8.2229e-08,3.0120e-07,9.3741e-07,2.7052e-06,6.6827e-06,6.6710e-06,5.9803e-06,7.8618e-08,2.7637e-07,7.2500e-07,2.7162e-06,5.3996e-06,6.5707e-06,6.5544e-06
P20,60.00,135.00,30.00,0.00,7.4763e-08,2.5091e-07,8.3996e-07,2.5441e-06,6.5774e-06,6.5657e-06,5.4433e-06,7.1432e-08,2.2834e-07,6.3671e-07,2.5656e-06,5.2937e-06,6.4714e-06,6.1406e-06
P20,0.00,90.00,0.00,0.00,7.6550e-08,3.1453e-07,9.6120e-07,2.7393e-06,6.7062e-06,6.6946e-06,6.1089e-06,7.3044e-08,2.8919e-07,7.4703e-07,2.7475e-06,5.4230e-06,6.5931e-06,6.6497e-06
P20,30.00,180.00,60.00,0.00,4.4120e-08,3.0114e-07,9.3713e-07,2.7041e-06,6.6826e-06,6.6709e-06,5.9803e-06,4.2335e-08,2.7636e-07,7.2489e-07,2.7151e-06,5.3994e-06,6.5706e-06,6.5543e-06
P20,0.00,180.00,0.00,0.00,7.6550e-08,3.1453e-07,9.6120e-07,2.7393e-06,6.7062e-06,6.6946e-06,6.1089e-06,7.3044e-08,2.8919e-07,7.4703e-07,2.7475e-06,5.4230e-06,6.5931e-06,6.6497e-06
P20,30.00,135.00,60.00,0.00,4.6387e-08,3.0115e-07,9.3715e-07,2.7042e-06,6.6826e-06,6.6709e-06,5.9803e-06,4.4515e-08,2.7636e-07,7.2490e-07,2.7152e-06,5.3995e-06,6.5706e-06,6.5544e-06
P20,0.00,0.00,60.00,0.00,4.8303e-08,3.1449e-07,9.6099e-07,2.7390e-06,6.7062e-06,6.6945e-06,6.1089e-06,4.6396e-08,2.8918e-07,7.4694e-07,2.7472e-06,5.4230e-06,6.5931e-06,6.6497e-06
P20,0.00,0.00,0.00,0.00,7.6550e-08,3.1453e-07,9.6120e-07,2.7393e-06,6.7062e-06,6.6946e-06,6.1089e-06,7.3044e-08,2.8919e-07,7.4703e-07,2.7475e-06,5.4230e-06,6.5931e-06,6.6497e-06
P20,30.00,180.00,30.00,0.00,6.9465e-08,3.0118e-07,9.3727e-07,2.7044e-06,6.6826e-06,6.6709e-06,5.9803e-06,6.6331e-08,2.7636e-07,7.2495e-07,2.7154e-06,5.3995e-06,6.5706e-06,6.5544e-06
P20,0.00,135.00,30.00,0.00,7.1143e-08,3.1452e-07,9.6114e-07,2.7392e-06,6.7062e-06,6.6945e-06,6.1089e-06,6.7962e-08,2.8919e-07,7.4700e-07,2.7474e-06,5.4230e-06,6.5931e-06,6.6497e-06
P20,60.00,180.00,0.00,0.00,8.8808e-08,2.5092e-07,8.4005e-07,2.5447e-06,6.5774e-06,6.5658e-06,5.4433e-06,8.4874e-08,2.2834e-07,6.3674e-07,2.5662e-06,5.2938e-06,6.4715e-06,6.1407e-06
P20,60.00,90.00,0.00,0.00,8.8808e-08,2.5092e-07,8.4005e-07,2.5447e-06,6.5774e-06,6.5658e-06,5.4433e-06,8.4874e-08,2.2834e-07,6.3674e-07,2.5662e-06,5.2938e-06,6.4715e-06,6.1407e-06
P20,0.00,45.00,60.00,0.00,4.8303e-08,3.1449e-07,9.6099e-07,2.7390e-06,6.7062e-06,6.6945e-06,6.1089e-06,4.6396e-08,2.8918e-07,7.4694e-07,2.7472e-06,5.4230e-06,6.5931e-06,6.6497e-06
P20,60.00,0.00,0.00,0.00,8.8808e-08,2.5092e-07,8.4005e-07,2.5447e-06,6.5774e-06,6.5658e-06,5.4433e-06,8.4874e-08,2.2834e-07,6.3674e-07,2.5662e-06,5.2938e-06,6.4715e-06,6.1407e-06
P20,60.00,45.00,0.00,0.00,8.8808e-08,2.5092e-07,8.4005e-07,2.5447e-06,6.5774e-06,6.5658e-06,5.4433e-06,8.4874e-08,2.2834e-07,6.3674e-07,2.5662e-06,5.2938e-06,6.4715e-06,6.1407e-06
P20,0.00,0.00,30.00,0.00,7.1143e-08,3.1452e-07,9.6114e-07,2.7392e-06,6.7062e-06,6.6945e-06,6.1089e-06,6.7962e-08,2.8919e-07,7.4700e-07,2.7474e-06,5.4230e-06,6.5931e-06,6.6497e-06
P20,60.00,45.00,30.00,0.00,1.0493e-07,2.5095e-07,8.4018e-07,2.5459e-06,6.5775e-06,6.5659e-06,5.4434e-06,1.0053e-07,2.2834e-07,6.3678e-07,2.5675e-06,5.2940e-06,6.4716e-06,6.1407e-06
P20,30.00,135.00,0.00,0.00,8.0882e-08,3.0119e-07,9.3737e-07,2.7048e-06,6.6826e-06,6.6710e-06,5.9803e-06,7.7191e-08,2.7637e-07,7.2499e-07,2.7158e-06,5.3995e-06,6.5706e-06,6.5544e-06
P20,30.00,90.00,60.00,0.00,5.3383e-08,3.0116e-07,9.3720e-07,2.7046e-06,6.6826e-06,6.6710e-06,5.9803e-06,5.1252e-08,2.7636e-07,7.2491e-07,2.7156e-06,5.3995e-06,6.5707e-06,6.5544e-06
P20,30.00,0.00,60.00,0.00,6.9882e-08,3.0118e-07,9.3734e-07,2.7057e-06,6.6827e-06,6.6711e-06,5.9803e-06,6.7187e-08,2.7636e-07,7.2495e-07,2.7167e-06,5.3997e-06,6.5708e-06,6.5544e-06
P20,60.00,0.00,30.00,0.00,1.1538e-07,2.5096e-07,8.4026e-07,2.5466e-06,6.5776e-06,6.5659e-06,5.4434e-06,1.1062e-07,2.2835e-07,6.3680e-07,2.5682e-06,5.2941e-06,6.4716e-06,6.1408e-06
P20,0.00,180.00,30.00,0.00,7.1143e-08,3.1452e-07,9.6114e-07,2.7392e-06,6.7062e-06,6.6945e-06,6.1089e-06,6.7962e-08,2.8919e-07,7.4700e-07,2.7474e-06,5.4230e-06,6.5931e-06,6.6497e-06
P20,60.00,90.00,60.00,0.00,6.8578e-08,2.5090e-07,8.3993e-07,2.5446e-06,6.5774e-06,6.5658e-06,5.4433e-06,6.5804e-08,2.2834e-07,6.3669e-07,2.5661e-06,5.2938e-06,6.4715e-06,6.1407e-06
P20,60.00,135.00,0.00,0.00,8.8808e-08,2.5092e-07,8.4005e-07,2.5447e-06,6.5774e-06,6.5658e-06,5.4433e-06,8.4874e-08,2.2834e-07,6.3674e-07,2.5662e-06,5.2938e-06,6.4715e-06,6.1407e-06
P20,30.00,45.00,0.00,0.00,8.0882e-08,3.0119e-07,9.3737e-07,2.7048e-06,6.6826e-06,6.6710e-06,5.9803e-06,7.7191e-08,2.7637e-07,7.2499e-07,2.7158e-06,5.3995e-06,6.5706e-06,6.5544e-06
P20,60.00,135.00,60.00,0.00,5.0937e-08,2.5088e-07,8.3984e-07,2.5436e-06,6.5773e-06,6.5657e-06,5.4433e-06,4.8820e-08,2.2833e-07,6.3667e-07,2.5650e-06,5.2936e-06,6.4714e-06,6.1406e-06
P20,60.00,45.00,60.00,0.00,1.0998e-07,2.5095e-07,8.4018e-07,2.5476e-06,6.5777e-06,6.5660e-06,5.4434e-06,1.0583e-07,2.2834e-07,6.3676e-07,2.5693e-06,5.2943e-06,6.4718e-06,6.1408e-06
P20,30.00,0.00,0.00,0.00,8.0882e-08,3.0119e-07,9.3737e-07,2.7048e-06,6.6826e-06,6.6710e-06,5.9803e-06,7.7191e-08,2.7637e-07,7.2499e-07,2.7158e-06,5.3995e-06,6.5706e-06,6.5544e-06
P20,0.00,45.00,0.00,0.00,7.6550e-08,3.1453e-07,9.6120e-07,2.7393e-06,6.7062e-06,6.6946e-06,6.1089e-06,7.3044e-08,2.8919e-07,7.4703e-07,2.7475e-06,5.4230e-06,6.5931e-06,6.6497e-06
P20,30.00,135.00,30.00,0.00,7.1290e-08,3.0118e-07,9.3730e-07,2.7046e-06,6.6826e-06,6.6710e-06,5.9803e-06,6.8086e-08,2.7636e-07,7.2496e-07,2.7156e-06,5.3995e-06,6.5706e-06,6.5544e-06
P21,0.00,180.00,30.00,0.00,8.4732e-08,3.6228e-07,1.1398e-06,4.9604e-06,1.0269e-05,1.0255e-05,8.4666e-06,8.2414e-08,3.3117e-07,8.4112e-07,4.9826e-06,8.7995e-06,1.0161e-05,9.4865e-06
P21,60.00,90.00,30.00,0.00,9.3599e-08,2.9524e-07,9.5405e-07,4.6351e-06,9.9897e-06,9.9767e-06,7.3839e-06,9.0989e-08,2.6883e-07,7.0617e-07,4.6776e-06,8.5836e-06,9.9017e-06,8.6197e-06
P21,0.00,45.00,0.00,0.00,8.9822e-08,3.6228e-07,1.1398e-06,4.9605e-06,1.0269e-05,1.0255e-05,8.4666e-06,8.7218e-08,3.3117e-07,8.4112e-07,4.9827e-06,8.7995e-06,1.0161e-05,9.4865e-06
P21,30.00,0.00,60.00,0.00,8.1762e-08,3.4786e-07,1.0993e-06,4.9045e-06,1.0222e-05,1.0209e-05,8.2553e-06,7.9963e-08,3.1777e-07,8.1162e-07,4.9310e-06,8.7645e-06,1.0117e-05,9.3233e-06
P21,30.00,45.00,30.00,0.00,9.3840e-08,3.4787e-07,1.0993e-06,4.9042e-06,1.0222e-05,1.0209e-05,8.2553e-06,9.1209e-08,3.1777e-07,8.1162e-07,4.9306e-06,8.7644e-06,1.0117e-05,9.3233e-06
P21,0.00,90.00,30.00,0.00,8.4732e-08,3.6228e-07,1.1398e-06,4.9604e-06,1.0269e-05,1.0255e-05,8.4666e-06,8.2414e-08,3.3117e-07,8.4112e-07,4.9826e-06,8.7995e-06,1.0161e-05,9.4865e-06
P21,30.00,180.00,0.00,0.00,9.2778e-08,3.4787e-07,1.0993e-06,4.9039e-06,1.0222e-05,1.0209e-05,8.2553e-06,9.0058e-08,3.1777e-07,8.1162e-07,4.9303e-06,8.7643e-06,1.0117e-05,9.3233e-06
P21,60.00,0.00,0.00,0.00,9.5520e-08,2.9524e-07,9.5405e-07,4.6351e-06,9.9897e-06,9.9767e-06,7.3839e-06,9.2768e-08,2.6883e-07,7.0617e-07,4.6776e-06,8.5836e-06,9.9017e-06,8.6197e-06
P21,0.00,90.00,0.00,0.00,8.9822e-08,3.6228e-07,1.1398e-06,4.9605e-06,1.0269e-05,1.0255e-05,8.4666e-06,8.7218e-08,3.3117e-07,8.4112e-07,4.9827e-06,8.7995e-06,1.0161e-05,9.4865e-06
P21,30.00,135.00,60.00,0.00,6.0801e-08,3.4785e-07,1.0993e-06,4.9034e-06,1.0222e-05,1.0209e-05,8.2553e-06,5.9624e-08,3.1777e-07,8.1162e-07,4.9298e-06,8.7643e-06,1.0117e-05,9.3233e-06
P21,60.00,0.00,60.00,0.00,1.4748e-07,2.9526e-07,9.5406e-07,4.6397e-06,9.9900e-06,9.9771e-06,7.3839e-06,1.4393e-07,2.6883e-07,7.0617e-07,4.6826e-06,8.5845e-06,9.9021e-06,8.6198e-06
P21,60.00,135.00,60.00,0.00,6.1297e-08,2.9523e-07,9.5405e-07,4.6342e-06,9.9896e-06,9.9767e-06,7.3839e-06,5.9997e-08,2.6883e-07,7.0617e-07,4.6766e-06,8.5834e-06,9.9016e-06,8.6196e-06
P21,30.00,180.00,60.00,0.00,5.8780e-08,3.4785e-07,1.0993e-06,4.9033e-06,1.0222e-05,1.0209e-05,8.2553e-06,5.7669e-08,3.1777e-07,8.1162e-07,4.9297e-06,8.7643e-06,1.0117e-05,9.3233e-06
P21,0.00,135.00,0.00,0.00,8.9822e-08,3.6228e-07,1.1398e-06,4.9605e-06,1.0269e-05,1.0255e-05,8.4666e-06,8.7218e-08,3.3117e-07,8.4112e-07,4.9827e-06,8.7995e-06,1.0161e-05,9.4865e-06
P21,30.00,180.00,30.00,0.00,8.2239e-08,3.4786e-07,1.0993e-06,4.9036e-06,1.0222e-05,1.0209e-05,8.2553e-06,7.9986e-08,3.1777e-07,8.1162e-07,4.9300e-06,8.7643e-06,1.0117e-05,9.3233e-06
P21,60.00,90.00,60.00,0.00,7.6615e-08,2.9524e-07,9.5405e-07,4.6349e-06,9.9896e-06,9.9767e-06,7.3839e-06,7.4845e-08,2.6883e-07,7.0617e-07,4.6774e-06,8.5836e-06,9.9017e-06,8.6197e-06
P21,0.00,45.00,30.00,0.00,8.4732e-08,3.6228e-07,1.1398e-06,4.9604e-06,1.0269e-05,1.0255e-05,8.4666e-06,8.2414e-08,3.3117e-07,8.4112e-07,4.9826e-06,8.7995e-06,1.0161e-05,9.4865e-06
P21,0.00,90.00,60.00,0.00,6.3365e-08,3.6227e-07,1.1398e-06,4.9602e-06,1.0269e-05,1.0255e-05,8.4666e-06,6.2147e-08,3.3117e-07,8.4112e-07,4.9824e-06,8.7995e-06,1.0161e-05,9.4865e-06
P21,30.00,90.00,60.00,0.00,6.7040e-08,3.4786e-07,1.0993e-06,4.9037e-06,1.0222e-05,1.0209e-05,8.2553e-06,6.5666e-08,3.1777e-07,8.1162e-07,4.9301e-06,8.7643e-06,1.0117e-05,9.3233e-06
P21,30.00,135.00,0.00,0.00,9.2778e-08,3.4787e-07,1.0993e-06,4.9039e-06,1.0222e-05,1.0209e-05,8.2553e-06,9.0058e-08,3.1777e-07,8.1162e-07,4.9303e-06,8.7643e-06,1.0117e-05,9.3233e-06
P21,0.00,0.00,60.00,0.00,6.3365e-08,3.6227e-07,1.1398e-06,4.9602e-06,1.0269e-05,1.0255e-05,8.4666e-06,6.2147e-08,3.3117e-07,8.4112e-07,4.9824e-06,8.7995e-06,1.0161e-05,9.4865e-06
P21,30.00,45.00,0.00,0.00,9.2778e-08,3.4787e-07,1.0993e-06,4.9039e-06,1.0222e-05,1.0209e-05,8.2553e-06,9.0058e-08,3.1777e-07,8.1162e-07,4.9303e-06,8.7643e-06,1.0117e-05,9.3233e-06
P21,30.00,0.00,30.00,0.00,9.6435e-08,3.4787e-07,1.0993e-06,4.9043e-06,1.0222e-05,1.0209e-05,8.2553e-06,9.3723e-08,3.1777e-07,8.1162e-07,4.9308e-06,8.7644e-06,1.0117e-05,9.3233e-06
P21,30.00,45.00,60.00,0.00,7.6369e-08,3.4786e-07,1.0993e-06,4.9042e-06,1.0222e-05,1.0209e-05,8.2553e-06,7.4720e-08,3.1777e-07,8.1162e-07,4.9306e-06,8.7644e-06,1.0117e-05,9.3233e-06
P21,60.00,45.00,0.00,0.00,9.5520e-08,2.9524e-07,9.5405e-07,4.6351e-06,9.9897e-06,9.9767e-06,7.3839e-06,9.2768e-08,2.6883e-07,7.0617e-07,4.6776e-06,8.5836e-06,9.9017e-06,8.6197e-06
P21,0.00,135.00,60.00,0.00,6.3365e-08,3.6227e-07,1.1398e-06,4.9602e-06,1.0269e-05,1.0255e-05,8.4666e-06,6.2147e-08,3.3117e-07,8.4112e-07,4.9824e-06,8.7995e-06,1.0161e-05,9.4865e-06
P21,60.00,45.00,30.00,0.00,1.0959e-07,2.9525e-07,9.5405e-07,4.6360e-06,9.9897e-06,9.9768e-06,7.3839e-06,1.0651e-07,2.6883e-07,7.0617e-07,4.6785e-06,8.5837e-06,9.9018e-06,8.6197e-06
P21,30.00,90.00,0.00,0.00,9.2778e-08,3.4787e-07,1.0993e-06,4.9039e-06,1.0222e-05,1.0209e-05,8.2553e-06,9.0058e-08,3.1777e-07,8.1162e-07,4.9303e-06,8.7643e-06,1.0117e-05,9.3233e-06
P21,60.00,180.00,30.00,0.00,7.9444e-08,2.9524e-07,9.5405e-07,4.6345e-06,9.9896e-06,9.9767e-06,7.3839e-06,7.7276e-08,2.6883e-07,7.0617e-07,4.6769e-06,8.5835e-06,9.9016e-06,8.6196e-06
P21,60.00,135.00,0.00,0.00,9.5520e-08,2.9524e-07,9.5405e-07,4.6351e-06,9.9897e-06,9.9767e-06,7.3839e-06,9.2768e-08,2.6883e-07,7.0617e-07,4.6776e-06,8.5836e-06,9.9017e-06,8.6197e-06
P21,0.00,45.00,60.00,0.00,6.3365e-08,3.6227e-07,1.1398e-06,4.9602e-06,1.0269e-05,1.0255e-05,8.4666e-06,6.2147e-08,3.3117e-07,8.4112e-07,4.9824e-06,8.7995e-06,1.0161e-05,9.4865e-06
P21,0.00,0.00,30.00,0.00,8.4732e-08,3.6228e-07,1.1398e-06,4.9604e-06,1.0269e-05,1.0255e-05,8.4666e-06,8.2414e-08,3.3117e-07,8.4112e-07,4.9826e-06,8.7995e-06,1.0161e-05,9.4865e-06
P21,60.00,135.00,30.00,0.00,8.2907e-08,2.9524e-07,9.5405e-07,4.6346e-06,9.9896e-06,9.9767e-06,7.3839e-06,8.0628e-08,2.6883e-07,7.0617e-07,4.6770e-06,8.5835e-06,9.9016e-06,8.6197e-06
P21,60.00,90.00,0.00,0.00,9.5520e-08,2.9524e-07,9.5405e-07,4.6351e-06,9.9897e-06,9.9767e-06,7.3839e-06,9.2768e-08,2.6883e-07,7.0617e-07,4.6776e-06,8.5836e-06,9.9017e-06,8.6197e-06
P21,30.00,135.00,30.00,0.00,8.3897e-08,3.4786e-07,1.0993e-06,4.9037e-06,1.0222e-05,1.0209e-05,8.2553e-06,8.1588e-08,3.1777e-07,8.1162e-07,4.9301e-06,8.7643e-06,1.0117e-05,9.3233e-06
P21,0.00,180.00,60.00,0.00,6.3365e-08,3.6227e-07,1.1398e-06,4.9602e-06,1.0269e-05,1.0255e-05,8.4666e-06,6.2147e-08,3.3117e-07,8.4112e-07,4.9824e-06,8.7995e-06,1.0161e-05,9.4865e-06
P21,60.00,45.00,60.00,0.00,1.1260e-07,2.9525e-07,9.5405e-07,4.6371e-06,9.9898e-06,9.9769e-06,7.3839e-06,1.0986e-07,2.6883e-07,7.0617e-07,4.6798e-06,8.5840e-06,9.9019e-06,8.6197e-06
P21,30.00,0.00,0.00,0.00,9.2778e-08,3.4787e-07,1.0993e-06,4.9039e-06,1.0222e-05,1.0209e-05,8.2553e-06,9.0058e-08,3.1777e-07,8.1162e-07,4.9303e-06,8.7643e-06,1.0117e-05,9.3233e-06
P21,0.00,0.00,0.00,0.00,8.9822e-08,3.6228e-07,1.1398e-06,4.9605e-06,1.0269e-05,1.0255e-05,8.4666e-06,8.7218e-08,3.3117e-07,8.4112e-07,4.9827e-06,8.7995e-06,1.0161e-05,9.4865e-06
P21,60.00,180.00,60.00,0.00,5.7235e-08,2.9523e-07,9.5405e-07,4.6339e-06,9.9896e-06,9.9767e-06,7.3839e-06,5.6066e-08,2.6883e-07,7.0617e-07,4.6763e-06,8.5834e-06,9.9016e-06,8.6196e-06
P21,60.00,180.00,0.00,0.00,9.5520e-08,2.9524e-07,9.5405e-07,4.6351e-06,9.9897e-06,9.9767e-06,7.3839e-06,9.2768e-08,2.6883e-07,7.0617e-07,4.6776e-06,8.5836e-06,9.9017e-06,8.6197e-06
P21,0.00,180.00,0.00,0.00,8.9822e-08,3.6228e-07,1.1398e-06,4.9605e-06,1.0269e-05,1.0255e-05,8.4666e-06,8.7218e-08,3.3117e-07,8.4112e-07,4.9827e-06,8.7995e-06,1.0161e-05,9.4865e-06
P21,0.00,135.00,30.00,0.00,8.4732e-08,3.6228e-07,1.1398e-06,4.9604e-06,1.0269e-05,1.0255e-05,8.4666e-06,8.2414e-08,3.3117e-07,8.4112e-07,4.9826e-06,8.7995e-06,1.0161e-05,9.4865e-06
P21,60.00,0.00,30.00,0.00,1.1883e-07,2.9525e-07,9.5406e-07,4.6364e-06,9.9898e-06,9.9769e-06,7.3839e-06,1.1550e-07,2.6883e-07,7.0617e-07,4.6791e-06,8.5838e-06,9.9018e-06,8.6197e-06
P21,30.00,90.00,30.00,0.00,8.8423e-08,3.4786e-07,1.0993e-06,4.9039e-06,1.0222e-05,1.0209e-05,8.2553e-06,8.5965e-08,3.1777e-07,8.1162e-07,4.9303e-06,8.7644e-06,1.0117e-05,9.3233e-06
P22,60.00,135.00,0.00,0.00,9.1521e-08,2.3380e-07,8.4649e-07,3.0417e-06,7.4722e-06,7.4598e-06,5.9379e-06,8.7609e-08,2.1076e-07,6.0885e-07,3.0631e-06,6.1049e-06,7.3644e-06,6.8107e-06
P22,0.00,45.00,0.00,0.00,7.9664e-08,2.9967e-07,1.0264e-06,3.2588e-06,7.6053e-06,7.5928e-06,6.7129e-06,7.6193e-08,2.7175e-07,7.5926e-07,3.2652e-06,6.2299e-06,7.4874e-06,7.3952e-06
P22,0.00,90.00,60.00,0.00,5.1428e-08,2.9962e-07,1.0261e-06,3.2585e-06,7.6053e-06,7.5927e-06,6.7129e-06,4.9555e-08,2.7174e-07,7.5916e-07,3.2649e-06,6.2299e-06,7.4874e-06,7.3952e-06
P22,0.00,180.00,0.00,0.00,7.9664e-08,2.9967e-07,1.0264e-06,3.2588e-06,7.6053e-06,7.5928e-06,6.7129e-06,7.6193e-08,2.7175e-07,7.5926e-07,3.2652e-06,6.2299e-06,7.4874e-06,7.3952e-06
P22,30.00,45.00,0.00,0.00,8.3920e-08,2.8492e-07,9.9017e-07,3.2222e-06,7.5832e-06,7.5707e-06,6.5638e-06,8.0262e-08,2.5796e-07,7.2756e-07,3.2318e-06,6.2096e-06,7.4670e-06,7.2868e-06
P22,60.00,135.00,60.00,0.00,5.3628e-08,2.3375e-07,8.4621e-07,3.0406e-06,7.4721e-06,7.4597e-06,5.9378e-06,5.1537e-08,2.1075e-07,6.0874e-07,3.0619e-06,6.1047e-06,7.3643e-06,6.8106e-06
P22,30.00,90.00,60.00,0.00,5.6435e-08,2.8488e-07,9.8997e-07,3.2220e-06,7.5832e-06,7.5707e-06,6.5638e-06,5.4336e-08,2.5794e-07,7.2747e-07,3.2315e-06,6.2096e-06,7.4670e-06,7.2867e-06
P22,60.00,180.00,30.00,0.00,7.3534e-08,2.3377e-07,8.4634e-07,3.0409e-06,7.4721e-06,7.4597e-06,5.9378e-06,7.0379e-08,2.1076e-07,6.0879e-07,3.0623e-06,6.1047e-06,7.3643e-06,6.8106e-06
P22,0.00,180.00,30.00,0.00,7.4260e-08,2.9966e-07,1.0263e-06,3.2587e-06,7.6053e-06,7.5927e-06,6.7129e-06,7.1115e-08,2.7175e-07,7.5924e-07,3.2651e-06,6.2299e-06,7.4874e-06,7.3952e-06
P22,30.00,135.00,30.00,0.00,7.4326e-08,2.8490e-07,9.9008e-07,3.2220e-06,7.5832e-06,7.5707e-06,6.5638e-06,7.1155e-08,2.5795e-07,7.2752e-07,3.2315e-06,6.2095e-06,7.4670e-06,7.2867e-06
P22,0.00,135.00,60.00,0.00,5.1428e-08,2.9962e-07,1.0261e-06,3.2585e-06,7.6053e-06,7.5927e-06,6.7129e-06,4.9555e-08,2.7174e-07,7.5916e-07,3.2649e-06,6.2299e-06,7.4874e-06,7.3952e-06
P22,60.00,135.00,30.00,0.00,7.7461e-08,2.3378e-07,8.4637e-07,3.0411e-06,7.4722e-06,7.4597e-06,5.9379e-06,7.4155e-08,2.1076e-07,6.0880e-07,3.0625e-06,6.1048e-06,7.3643e-06,6.8106e-06
P22,60.00,90.00,60.00,0.00,7.1317e-08,2.3377e-07,8.4634e-07,3.0416e-06,7.4722e-06,7.4598e-06,5.9378e-06,6.8563e-08,2.1076e-07,6.0878e-07,3.0631e-06,6.1049e-06,7.3644e-06,6.8106e-06
P22,60.00,0.00,0.00,0.00,9.1521e-08,2.3380e-07,8.4649e-07,3.0417e-06,7.4722e-06,7.4598e-06,5.9379e-06,8.7609e-08,2.1076e-07,6.0885e-07,3.0631e-06,6.1049e-06,7.3644e-06,6.8107e-06
P22,30.00,180.00,0.00,0.00,8.3920e-08,2.8492e-07,9.9017e-07,3.2222e-06,7.5832e-06,7.5707e-06,6.5638e-06,8.0262e-08,2.5796e-07,7.2756e-07,3.2318e-06,6.2096e-06,7.4670e-06,7.2868e-06
P22,60.00,180.00,0.00,0.00,9.1521e-08,2.3380e-07,8.4649e-07,3.0417e-06,7.4722e-06,7.4598e-06,5.9379e-06,8.7609e-08,2.1076e-07,6.0885e-07,3.0631e-06,6.1049e-06,7.3644e-06,6.8107e-06
P22,0.00,135.00,0.00,0.00,7.9664e-08,2.9967e-07,1.0264e-06,3.2588e-06,7.6053e-06,7.5928e-06,6.7129e-06,7.6193e-08,2.7175e-07,7.5926e-07,3.2652e-06,6.2299e-06,7.4874e-06,7.3952e-06
P22,30.00,90.00,30.00,0.00,7.9313e-08,2.8491e-07,9.9015e-07,3.2223e-06,7.5832e-06,7.5707e-06,6.5638e-06,7.5953e-08,2.5795e-07,7.2755e-07,3.2318e-06,6.2096e-06,7.4670e-06,7.2868e-06
P22,30.00,0.00,30.00,0.00,8.8138e-08,2.8493e-07,9.9027e-07,3.2228e-06,7.5832e-06,7.5707e-06,6.5638e-06,8.4455e-08,2.5796e-07,7.2760e-07,3.2324e-06,6.2097e-06,7.4671e-06,7.2868e-06
P22,30.00,0.00,60.00,0.00,7.2970e-08,2.8491e-07,9.9016e-07,3.2231e-06,7.5833e-06,7.5708e-06,6.5638e-06,7.0301e-08,2.5795e-07,7.2753e-07,3.2327e-06,6.2098e-06,7.4671e-06,7.2868e-06
P22,30.00,135.00,0.00,0.00,8.3920e-08,2.8492e-07,9.9017e-07,3.2222e-06,7.5832e-06,7.5707e-06,6.5638e-06,8.0262e-08,2.5796e-07,7.2756e-07,3.2318e-06,6.2096e-06,7.4670e-06,7.2868e-06
P22,60.00,0.00,60.00,0.00,1.5305e-07,2.3390e-07,8.4714e-07,3.0483e-06,7.4729e-06,7.4604e-06,5.9380e-06,1.4770e-07,2.1078e-07,6.0902e-07,3.0702e-06,6.1061e-06,7.3651e-06,6.8110e-06
P22,0.00,45.00,60.00,0.00,5.1428e-08,2.9962e-07,1.0261e-06,3.2585e-06,7.6053e-06,7.5927e-06,6.7129e-06,4.9555e-08,2.7174e-07,7.5916e-07,3.2649e-06,6.2299e-06,7.4874e-06,7.3952e-06
P22,60.00,45.00,0.00,0.00,9.1521e-08,2.3380e-07,8.4649e-07,3.0417e-06,7.4722e-06,7.4598e-06,5.9379e-06,8.7609e-08,2.1076e-07,6.0885e-07,3.0631e-06,6.1049e-06,7.3644e-06,6.8107e-06
P22,0.00,180.00,60.00,0.00,5.1428e-08,2.9962e-07,1.0261e-06,3.2585e-06,7.6053e-06,7.5927e-06,6.7129e-06,4.9555e-08,2.7174e-07,7.5916e-07,3.2649e-06,6.2299e-06,7.4874e-06,7.3952e-06
P22,30.00,45.00,60.00,0.00,6.6914e-08,2.8489e-07,9.9009e-07,3.2227e-06,7.5833e-06,7.5708e-06,6.5638e-06,6.4447e-08,2.5795e-07,7.2750e-07,3.2323e-06,6.2097e-06,7.4671e-06,7.2868e-06
P22,60.00,0.00,30.00,0.00,1.1816e-07,2.3385e-07,8.4678e-07,3.0436e-06,7.4724e-06,7.4599e-06,5.9379e-06,1.1342e-07,2.1077e-07,6.0894e-07,3.0652e-06,6.1052e-06,7.3646e-06,6.8107e-06
P22,30.00,180.00,30.00,0.00,7.2499e-08,2.8490e-07,9.9004e-07,3.2218e-06,7.5832e-06,7.5707e-06,6.5638e-06,6.9398e-08,2.5795e-07,7.2751e-07,3.2313e-06,6.2095e-06,7.4670e-06,7.2867e-06
P22,60.00,180.00,60.00,0.00,4.8935e-08,2.3374e-07,8.4617e-07,3.0401e-06,7.4721e-06,7.4596e-06,5.9378e-06,4.7027e-08,2.1075e-07,6.0873e-07,3.0615e-06,6.1046e-06,7.3643e-06,6.8106e-06
P22,30.00,90.00,0.00,0.00,8.3920e-08,2.8492e-07,9.9017e-07,3.2222e-06,7.5832e-06,7.5707e-06,6.5638e-06,8.0262e-08,2.5796e-07,7.2756e-07,3.2318e-06,6.2096e-06,7.4670e-06,7.2868e-06
P22,30.00,180.00,60.00,0.00,4.7153e-08,2.8486e-07,9.8988e-07,3.2215e-06,7.5832e-06,7.5706e-06,6.5638e-06,4.5402e-08,2.5794e-07,7.2744e-07,3.2310e-06,6.2095e-06,7.4670e-06,7.2867e-06
P22,60.00,90.00,0.00,0.00,9.1521e-08,2.3380e-07,8.4649e-07,3.0417e-06,7.4722e-06,7.4598e-06,5.9379e-06,8.7609e-08,2.1076e-07,6.0885e-07,3.0631e-06,6.1049e-06,7.3644e-06,6.8107e-06
P22,30.00,135.00,60.00,0.00,4.9424e-08,2.8486e-07,9.8990e-07,3.2216e-06,7.5832e-06,7.5707e-06,6.5638e-06,4.7586e-08,2.5794e-07,7.2744e-07,3.2311e-06,6.2095e-06,7.4670e-06,7.2867e-06
P22,30.00,45.00,30.00,0.00,8.5280e-08,2.8493e-07,9.9022e-07,3.2226e-06,7.5832e-06,7.5707e-06,6.5638e-06,8.1700e-08,2.5796e-07,7.2758e-07,3.2322e-06,6.2096e-06,7.4671e-06,7.2868e-06
P22,60.00,90.00,30.00,0.00,8.9580e-08,2.3380e-07,8.4648e-07,3.0417e-06,7.4722e-06,7.4598e-06,5.9379e-06,8.5823e-08,2.1076e-07,6.0884e-07,3.0632e-06,6.1049e-06,7.3644e-06,6.8107e-06
P22,0.00,45.00,30.00,0.00,7.4260e-08,2.9966e-07,1.0263e-06,3.2587e-06,7.6053e-06,7.5927e-06,6.7129e-06,7.1115e-08,2.7175e-07,7.5924e-07,3.2651e-06,6.2299e-06,7.4874e-06,7.3952e-06
P22,60.00,45.00,30.00,0.00,1.0769e-07,2.3383e-07,8.4667e-07,3.0429e-06,7.4723e-06,7.4599e-06,5.9379e-06,1.0330e-07,2.1077e-07,6.0890e-07,3.0644e-06,6.1051e-06,7.3645e-06,6.8107e-06
P22,0.00,90.00,30.00,0.00,7.4260e-08,2.9966e-07,1.0263e-06,3.2587e-06,7.6053e-06,7.5927e-06,6.7129e-06,7.1115e-08,2.7175e-07,7.5924e-07,3.2651e-06,6.2299e-06,7.4874e-06,7.3952e-06
P22,0.00,0.00,0.00,0.00,7.9664e-08,2.9967e-07,1.0264e-06,3.2588e-06,7.6053e-06,7.5928e-06,6.7129e-06,7.6193e-08,2.7175e-07,7.5926e-07,3.2652e-06,6.2299e-06,7.4874e-06,7.3952e-06
P22,60.00,45.00,60.00,0.00,1.1283e-07,2.3383e-07,8.4671e-07,3.0446e-06,7.4725e-06,7.4600e-06,5.9379e-06,1.0868e-07,2.1077e-07,6.0889e-07,3.0663e-06,6.1054e-06,7.3647e-06,6.8108e-06
P22,30.00,0.00,0.00,0.00,8.3920e-08,2.8492e-07,9.9017e-07,3.2222e-06,7.5832e-06,7.5707e-06,6.5638e-06,8.0262e-08,2.5796e-07,7.2756e-07,3.2318e-06,6.2096e-06,7.4670e-06,7.2868e-06
P22,0.00,0.00,30.00,0.00,7.4260e-08,2.9966e-07,1.0263e-06,3.2587e-06,7.6053e-06,7.5927e-06,6.7129e-06,7.1115e-08,2.7175e-07,7.5924e-07,3.2651e-06,6.2299e-06,7.4874e-06,7.3952e-06
P22,0.00,135.00,30.00,0.00,7.4260e-08,2.9966e-07,1.0263e-06,3.2587e-06,7.6053e-06,7.5927e-06,6.7129e-06,7.1115e-08,2.7175e-07,7.5924e-07,3.2651e-06,6.2299e-06,7.4874e-06,7.3952e-06
P22,0.00,90.00,0.00,0.00,7.9664e-08,2.9967e-07,1.0264e-06,3.2588e-06,7.6053e-06,7.5928e-06,6.7129e-06,7.6193e-08,2.7175e-07,7.5926e-07,3.2652e-06,6.2299e-06,7.4874e-06,7.3952e-06
P22,0.00,0.00,60.00,0.00,5.1428e-08,2.9962e-07,1.0261e-06,3.2585e-06,7.6053e-06,7.5927e-06,6.7129e-06,4.9555e-08,2.7174e-07,7.5916e-07,3.2649e-06,6.2299e-06,7.4874e-06,7.3952e-06
P23,60.00,135.00,60.00,0.00,5.5700e-08,2.4858e-07,8.5938e-07,4.6142e-06,9.5177e-06,9.5068e-06,7.4486e-06,5.4993e-08,2.2426e-07,6.1986e-07,4.6588e-06,8.3379e-06,9.4470e-06,8.4502e-06
P23,0.00,135.00,30.00,0.00,7.9545e-08,3.1037e-07,1.0317e-06,4.9473e-06,1.0015e-05,1.0003e-05,8.4941e-06,7.7867e-08,2.8143e-07,7.5238e-07,4.9709e-06,8.7120e-06,9.9249e-06,9.3578e-06
P23,0.00,45.00,60.00,0.00,5.9349e-08,3.1036e-07,1.0317e-06,4.9471e-06,1.0015e-05,1.0003e-05,8.4941e-06,5.8629e-08,2.8143e-07,7.5238e-07,4.9707e-06,8.7120e-06,9.9249e-06,9.3578e-06
P23,30.00,90.00,60.00,0.00,6.2102e-08,2.9678e-07,9.9512e-07,4.8859e-06,9.9272e-06,9.9154e-06,8.2859e-06,6.1290e-08,2.6881e-07,7.2401e-07,4.9135e-06,8.6475e-06,9.8409e-06,9.1823e-06
P23,0.00,45.00,30.00,0.00,7.9545e-08,3.1037e-07,1.0317e-06,4.9473e-06,1.0015e-05,1.0003e-05,8.4941e-06,7.7867e-08,2.8143e-07,7.5238e-07,4.9709e-06,8.7120e-06,9.9249e-06,9.3578e-06
P23,60.00,180.00,60.00,0.00,5.2383e-08,2.4858e-07,8.5939e-07,4.6140e-06,9.5177e-06,9.5068e-06,7.4486e-06,5.1755e-08,2.2426e-07,6.1986e-07,4.6586e-06,8.3379e-06,9.4470e-06,8.4502e-06
P23,0.00,180.00,60.00,0.00,5.9349e-08,3.1036e-07,1.0317e-06,4.9471e-06,1.0015e-05,1.0003e-05,8.4941e-06,5.8629e-08,2.8143e-07,7.5238e-07,4.9707e-06,8.7120e-06,9.9249e-06,9.3578e-06
P23,60.00,135.00,0.00,0.00,8.6209e-08,2.4859e-07,8.5938e-07,4.6148e-06,9.5177e-06,9.5068e-06,7.4486e-06,8.4379e-08,2.2426e-07,6.1986e-07,4.6594e-06,8.3380e-06,9.4470e-06,8.4502e-06
P23,60.00,0.00,60.00,0.00,1.2599e-07,2.4860e-07,8.5938e-07,4.6166e-06,9.5177e-06,9.5069e-06,7.4486e-06,1.2404e-07,2.2426e-07,6.1986e-07,4.6615e-06,8.3382e-06,9.4471e-06,8.4503e-06
P23,0.00,180.00,0.00,0.00,8.4486e-08,3.1037e-07,1.0317e-06,4.9474e-06,1.0015e-05,1.0003e-05,8.4941e-06,8.2547e-08,2.8143e-07,7.5238e-07,4.9710e-06,8.7120e-06,9.9249e-06,9.3578e-06
P23,30.00,0.00,0.00,0.00,8.6551e-08,2.9679e-07,9.9512e-07,4.8861e-06,9.9272e-06,9.9154e-06,8.2859e-06,8.4560e-08,2.6881e-07,7.2401e-07,4.9138e-06,8.6475e-06,9.8409e-06,9.1823e-06
P23,30.00,0.00,30.00,0.00,8.9274e-08,2.9679e-07,9.9512e-07,4.8864e-06,9.9272e-06,9.9154e-06,8.2859e-06,8.7348e-08,2.6881e-07,7.2401e-07,4.9141e-06,8.6476e-06,9.8409e-06,9.1823e-06
P23,60.00,90.00,30.00,0.00,8.4157e-08,2.4859e-07,8.5938e-07,4.6147e-06,9.5177e-06,9.5068e-06,7.4486e-06,8.2465e-08,2.2426e-07,6.1986e-07,4.6594e-06,8.3380e-06,9.4470e-06,8.4502e-06
P23,0.00,90.00,30.00,0.00,7.9545e-08,3.1037e-07,1.0317e-06,4.9473e-06,1.0015e-05,1.0003e-05,8.4941e-06,7.7867e-08,2.8143e-07,7.5238e-07,4.9709e-06,8.7120e-06,9.9249e-06,9.3578e-06
P23,30.00,135.00,0.00,0.00,8.6551e-08,2.9679e-07,9.9512e-07,4.8861e-06,9.9272e-06,9.9154e-06,8.2859e-06,8.4560e-08,2.6881e-07,7.2401e-07,4.9138e-06,8.6475e-06,9.8409e-06,9.1823e-06
P23,30.00,45.00,30.00,0.00,8.7008e-08,2.9679e-07,9.9512e-07,4.8863e-06,9.9272e-06,9.9154e-06,8.2859e-06,8.5137e-08,2.6881e-07,7.2401e-07,4.9140e-06,8.6476e-06,9.8409e-06,9.1823e-06
P23,30.00,180.00,30.00,0.00,7.6870e-08,2.9679e-07,9.9512e-07,4.8859e-06,9.9272e-06,9.9154e-06,8.2859e-06,7.5267e-08,2.6881e-07,7.2401e-07,4.9136e-06,8.6475e-06,9.8409e-06,9.1823e-06
P23,0.00,0.00,60.00,0.00,5.9349e-08,3.1036e-07,1.0317e-06,4.9471e-06,1.0015e-05,1.0003e-05,8.4941e-06,5.8629e-08,2.8143e-07,7.5238e-07,4.9707e-06,8.7120e-06,9.9249e-06,9.3578e-06
P23,30.00,180.00,0.00,0.00,8.6551e-08,2.9679e-07,9.9512e-07,4.8861e-06,9.9272e-06,9.9154e-06,8.2859e-06,8.4560e-08,2.6881e-07,7.2401e-07,4.9138e-06,8.6475e-06,9.8409e-06,9.1823e-06
P23,0.00,45.00,0.00,0.00,8.4486e-08,3.1037e-07,1.0317e-06,4.9474e-06,1.0015e-05,1.0003e-05,8.4941e-06,8.2547e-08,2.8143e-07,7.5238e-07,4.9710e-06,8.7120e-06,9.9249e-06,9.3578e-06
P23,60.00,135.00,30.00,0.00,7.5150e-08,2.4858e-07,8.5939e-07,4.6145e-06,9.5177e-06,9.5068e-06,7.4486e-06,7.3670e-08,2.2426e-07,6.1986e-07,4.6591e-06,8.3379e-06,9.4470e-06,8.4502e-06
P23,0.00,90.00,0.00,0.00,8.4486e-08,3.1037e-07,1.0317e-06,4.9474e-06,1.0015e-05,1.0003e-05,8.4941e-06,8.2547e-08,2.8143e-07,7.5238e-07,4.9710e-06,8.7120e-06,9.9249e-06,9.3578e-06
P23,30.00,0.00,60.00,0.00,7.4514e-08,2.9679e-07,9.9512e-07,4.8863e-06,9.9272e-06,9.9154e-06,8.2859e-06,7.3436e-08,2.6881e-07,7.2401e-07,4.9140e-06,8.6476e-06,9.8409e-06,9.1823e-06
P23,60.00,90.00,0.00,0.00,8.6209e-08,2.4859e-07,8.5938e-07,4.6148e-06,9.5177e-06,9.5068e-06,7.4486e-06,8.4379e-08,2.2426e-07,6.1986e-07,4.6594e-06,8.3380e-06,9.4470e-06,8.4502e-06
P23,60.00,45.00,60.00,0.00,9.7549e-08,2.4859e-07,8.5938e-07,4.6155e-06,9.5177e-06,9.5068e-06,7.4486e-06,9.6023e-08,2.2426e-07,6.1986e-07,4.6602e-06,8.3380e-06,9.4470e-06,8.4502e-06
P23,0.00,90.00,60.00,0.00,5.9349e-08,3.1036e-07,1.0317e-06,4.9471e-06,1.0015e-05,1.0003e-05,8.4941e-06,5.8629e-08,2.8143e-07,7.5238e-07,4.9707e-06,8.7120e-06,9.9249e-06,9.3578e-06
P23,60.00,180.00,0.00,0.00,8.6209e-08,2.4859e-07,8.5938e-07,4.6148e-06,9.5177e-06,9.5068e-06,7.4486e-06,8.4379e-08,2.2426e-07,6.1986e-07,4.6594e-06,8.3380e-06,9.4470e-06,8.4502e-06
P23,30.00,90.00,30.00,0.00,8.2275e-08,2.9679e-07,9.9512e-07,4.8861e-06,9.9272e-06,9.9154e-06,8.2859e-06,8.0527e-08,2.6881e-07,7.2401e-07,4.9138e-06,8.6475e-06,9.8409e-06,9.1823e-06
P23,60.00,180.00,30.00,0.00,7.2231e-08,2.4858e-07,8.5939e-07,4.6144e-06,9.5177e-06,9.5068e-06,7.4486e-06,7.0823e-08,2.2426e-07,6.1986e-07,4.6590e-06,8.3379e-06,9.4470e-06,8.4502e-06
P23,30.00,45.00,0.00,0.00,8.6551e-08,2.9679e-07,9.9512e-07,4.8861e-06,9.9272e-06,9.9154e-06,8.2859e-06,8.4560e-08,2.6881e-07,7.2401e-07,4.9138e-06,8.6475e-06,9.8409e-06,9.1823e-06
P23,0.00,0.00,0.00,0.00,8.4486e-08,3.1037e-07,1.0317e-06,4.9474e-06,1.0015e-05,1.0003e-05,8.4941e-06,8.2547e-08,2.8143e-07,7.5238e-07,4.9710e-06,8.7120e-06,9.9249e-06,9.3578e-06
P23,60.00,0.00,0.00,0.00,8.6209e-08,2.4859e-07,8.5938e-07,4.6148e-06,9.5177e-06,9.5068e-06,7.4486e-06,8.4379e-08,2.2426e-07,6.1986e-07,4.6594e-06,8.3380e-06,9.4470e-06,8.4502e-06
P23,0.00,135.00,0.00,0.00,8.4486e-08,3.1037e-07,1.0317e-06,4.9474e-06,1.0015e-05,1.0003e-05,8.4941e-06,8.2547e-08,2.8143e-07,7.5238e-07,4.9710e-06,8.7120e-06,9.9249e-06,9.3578e-06
P23,30.00,180.00,60.00,0.00,5.5131e-08,2.9678e-07,9.9512e-07,4.8857e-06,9.9271e-06,9.9154e-06,8.2859e-06,5.4489e-08,2.6881e-07,7.2401e-07,4.9133e-06,8.6475e-06,9.8409e-06,9.1822e-06
P23,0.00,0.00,30.00,0.00,7.9545e-08,3.1037e-07,1.0317e-06,4.9473e-06,1.0015e-05,1.0003e-05,8.4941e-06,7.7867e-08,2.8143e-07,7.5238e-07,4.9709e-06,8.7120e-06,9.9249e-06,9.3578e-06
P23,60.00,45.00,0.00,0.00,8.6209e-08,2.4859e-07,8.5938e-07,4.6148e-06,9.5177e-06,9.5068e-06,7.4486e-06,8.4379e-08,2.2426e-07,6.1986e-07,4.6594e-06,8.3380e-06,9.4470e-06,8.4502e-06
P23,30.00,90.00,0.00,0.00,8.6551e-08,2.9679e-07,9.9512e-07,4.8861e-06,9.9272e-06,9.9154e-06,8.2859e-06,8.4560e-08,2.6881e-07,7.2401e-07,4.9138e-06,8.6475e-06,9.8409e-06,9.1823e-06
P23,0.00,135.00,60.00,0.00,5.9349e-08,3.1036e-07,1.0317e-06,4.9471e-06,1.0015e-05,1.0003e-05,8.4941e-06,5.8629e-08,2.8143e-07,7.5238e-07,4.9707e-06,8.7120e-06,9.9249e-06,9.3578e-06
P23,30.00,135.00,30.00,0.00,7.8319e-08,2.9679e-07,9.9512e-07,4.8860e-06,9.9272e-06,9.9154e-06,8.2859e-06,7.6676e-08,2.6881e-07,7.2401e-07,4.9137e-06,8.6475e-06,9.8409e-06,9.1823e-06
P23,30.00,45.00,60.00,0.00,6.9968e-08,2.9678e-07,9.9512e-07,4.8862e-06,9.9272e-06,9.9154e-06,8.2859e-06,6.8983e-08,2.6881e-07,7.2401e-07,4.9138e-06,8.6476e-06,9.8409e-06,9.1823e-06
P23,0.00,180.00,30.00,0.00,7.9545e-08,3.1037e-07,1.0317e-06,4.9473e-06,1.0015e-05,1.0003e-05,8.4941e-06,7.7867e-08,2.8143e-07,7.5238e-07,4.9709e-06,8.7120e-06,9.9249e-06,9.3578e-06
P23,60.00,45.00,30.00,0.00,9.7615e-08,2.4859e-07,8.5938e-07,4.6152e-06,9.5177e-06,9.5068e-06,7.4486e-06,9.5632e-08,2.2426e-07,6.1986e-07,4.6599e-06,8.3380e-06,9.4470e-06,8.4502e-06
P23,30.00,135.00,60.00,0.00,5.6837e-08,2.9678e-07,9.9512e-07,4.8857e-06,9.9271e-06,9.9154e-06,8.2859e-06,5.6152e-08,2.6881e-07,7.2401e-07,4.9134e-06,8.6475e-06,9.8409e-06,9.1822e-06
P23,60.00,90.00,60.00,0.00,6.8203e-08,2.4858e-07,8.5938e-07,4.6145e-06,9.5177e-06,9.5068e-06,7.4486e-06,6.7218e-08,2.2426e-07,6.1986e-07,4.6592e-06,8.3379e-06,9.4470e-06,8.4502e-06
P23,60.00,0.00,30.00,0.00,1.0539e-07,2.4859e-07,8.5938e-07,4.6154e-06,9.5177e-06,9.5068e-06,7.4486e-06,1.0325e-07,2.2426e-07,6.1986e-07,4.6602e-06,8.3381e-06,9.4470e-06,8.4502e-06
P24,30.00,90.00,0.00,0.00,8.9442e-08,3.3297e-07,1.0997e-06,5.3245e-06,1.0332e-05,1.0321e-05,8.6761e-06,8.7949e-08,3.0202e-07,8.0833e-07,5.3611e-06,9.1594e-06,1.0258e-05,9.5462e-06
P24,60.00,135.00,60.00,0.00,5.8763e-08,2.7600e-07,9.5495e-07,4.9907e-06,9.7867e-06,9.7767e-06,7.8088e-06,5.8422e-08,2.4888e-07,6.9190e-07,5.0456e-06,8.7065e-06,9.7237e-06,8.7617e-06
P24,30.00,0.00,30.00,0.00,9.1723e-08,3.3297e-07,1.0997e-06,5.3246e-06,1.0332e-05,1.0321e-05,8.6761e-06,9.0309e-08,3.0202e-07,8.0833e-07,5.3613e-06,9.1594e-06,1.0258e-05,9.5462e-06
P24,0.00,135.00,0.00,0.00,8.8058e-08,3.4881e-07,1.1378e-06,5.4003e-06,1.0457e-05,1.0446e-05,8.8960e-06,8.6591e-08,3.1688e-07,8.3930e-07,5.4324e-06,9.2573e-06,1.0380e-05,9.7410e-06
P24,0.00,45.00,30.00,0.00,8.3312e-08,3.4881e-07,1.1378e-06,5.4002e-06,1.0457e-05,1.0446e-05,8.8960e-06,8.2084e-08,3.1688e-07,8.3930e-07,5.4324e-06,9.2573e-06,1.0380e-05,9.7410e-06
P24,0.00,90.00,30.00,0.00,8.3312e-08,3.4881e-07,1.1378e-06,5.4002e-06,1.0457e-05,1.0446e-05,8.8960e-06,8.2084e-08,3.1688e-07,8.3930e-07,5.4324e-06,9.2573e-06,1.0380e-05,9.7410e-06
P24,60.00,45.00,60.00,0.00,9.5599e-08,2.7601e-07,9.5495e-07,4.9913e-06,9.7867e-06,9.7767e-06,7.8088e-06,9.4686e-08,2.4888e-07,6.9190e-07,5.0462e-06,8.7065e-06,9.7237e-06,8.7617e-06
P24,60.00,180.00,30.00,0.00,7.4117e-08,2.7601e-07,9.5495e-07,4.9909e-06,9.7867e-06,9.7767e-06,7.8088e-06,7.3178e-08,2.4888e-07,6.9190e-07,5.0458e-06,8.7065e-06,9.7237e-06,8.7617e-06
P24,60.00,180.00,0.00,0.00,8.6845e-08,2.7601e-07,9.5495e-07,4.9911e-06,9.7867e-06,9.7767e-06,7.8088e-06,8.5563e-08,2.4888e-07,6.9190e-07,5.0460e-06,8.7065e-06,9.7237e-06,8.7617e-06
P24,60.00,45.00,30.00,0.00,9.6868e-08,2.7601e-07,9.5495e-07,4.9913e-06,9.7867e-06,9.7767e-06,7.8088e-06,9.5496e-08,2.4888e-07,6.9190e-07,5.0462e-06,8.7065e-06,9.7237e-06,8.7617e-06
P24,30.00,90.00,60.00,0.00,6.6208e-08,3.3296e-07,1.0997e-06,5.3243e-06,1.0332e-05,1.0321e-05,8.6761e-06,6.5768e-08,3.0202e-07,8.0833e-07,5.3609e-06,9.1593e-06,1.0258e-05,9.5462e-06
P24,30.00,45.00,0.00,0.00,8.9442e-08,3.3297e-07,1.0997e-06,5.3245e-06,1.0332e-05,1.0321e-05,8.6761e-06,8.7949e-08,3.0202e-07,8.0833e-07,5.3611e-06,9.1594e-06,1.0258e-05,9.5462e-06
P24,30.00,180.00,0.00,0.00,8.9442e-08,3.3297e-07,1.0997e-06,5.3245e-06,1.0332e-05,1.0321e-05,8.6761e-06,8.7949e-08,3.0202e-07,8.0833e-07,5.3611e-06,9.1594e-06,1.0258e-05,9.5462e-06
P24,0.00,180.00,0.00,0.00,8.8058e-08,3.4881e-07,1.1378e-06,5.4003e-06,1.0457e-05,1.0446e-05,8.8960e-06,8.6591e-08,3.1688e-07,8.3930e-07,5.4324e-06,9.2573e-06,1.0380e-05,9.7410e-06
P24,30.00,45.00,30.00,0.00,8.9649e-08,3.3297e-07,1.0997e-06,5.3246e-06,1.0332e-05,1.0321e-05,8.6761e-06,8.8280e-08,3.0202e-07,8.0833e-07,5.3612e-06,9.1594e-06,1.0258e-05,9.5462e-06
P24,30.00,0.00,0.00,0.00,8.9442e-08,3.3297e-07,1.0997e-06,5.3245e-06,1.0332e-05,1.0321e-05,8.6761e-06,8.7949e-08,3.0202e-07,8.0833e-07,5.3611e-06,9.1594e-06,1.0258e-05,9.5462e-06
P24,30.00,135.00,30.00,0.00,8.1698e-08,3.3297e-07,1.0997e-06,5.3244e-06,1.0332e-05,1.0321e-05,8.6761e-06,8.0511e-08,3.0202e-07,8.0833e-07,5.3610e-06,9.1594e-06,1.0258e-05,9.5462e-06
P24,60.00,45.00,0.00,0.00,8.6845e-08,2.7601e-07,9.5495e-07,4.9911e-06,9.7867e-06,9.7767e-06,7.8088e-06,8.5563e-08,2.4888e-07,6.9190e-07,5.0460e-06,8.7065e-06,9.7237e-06,8.7617e-06
P24,60.00,135.00,0.00,0.00,8.6845e-08,2.7601e-07,9.5495e-07,4.9911e-06,9.7867e-06,9.7767e-06,7.8088e-06,8.5563e-08,2.4888e-07,6.9190e-07,5.0460e-06,8.7065e-06,9.7237e-06,8.7617e-06
P24,60.00,135.00,30.00,0.00,7.6733e-08,2.7601e-07,9.5495e-07,4.9909e-06,9.7867e-06,9.7767e-06,7.8088e-06,7.5739e-08,2.4888e-07,6.9190e-07,5.0458e-06,8.7065e-06,9.7237e-06,8.7617e-06
P24,60.00,90.00,0.00,0.00,8.6845e-08,2.7601e-07,9.5495e-07,4.9911e-06,9.7867e-06,9.7767e-06,7.8088e-06,8.5563e-08,2.4888e-07,6.9190e-07,5.0460e-06,8.7065e-06,9.7237e-06,8.7617e-06
P24,60.00,180.00,60.00,0.00,5.5844e-08,2.7600e-07,9.5495e-07,4.9907e-06,9.7867e-06,9.7767e-06,7.8088e-06,5.5560e-08,2.4888e-07,6.9190e-07,5.0455e-06,8.7065e-06,9.7237e-06,8.7617e-06
P24,0.00,0.00,60.00,0.00,6.4162e-08,3.4880e-07,1.1378e-06,5.4001e-06,1.0457e-05,1.0446e-05,8.8960e-06,6.3787e-08,3.1688e-07,8.3930e-07,5.4322e-06,9.2573e-06,1.0380e-05,9.7410e-06
P24,60.00,0.00,60.00,0.00,1.2065e-07,2.7602e-07,9.5495e-07,4.9918e-06,9.7867e-06,9.7767e-06,7.8088e-06,1.1945e-07,2.4888e-07,6.9190e-07,5.0468e-06,8.7065e-06,9.7237e-06,8.7617e-06
P24,0.00,0.00,30.00,0.00,8.3312e-08,3.4881e-07,1.1378e-06,5.4002e-06,1.0457e-05,1.0446e-05,8.8960e-06,8.2084e-08,3.1688e-07,8.3930e-07,5.4324e-06,9.2573e-06,1.0380e-05,9.7410e-06
P24,30.00,180.00,60.00,0.00,5.9956e-08,3.3296e-07,1.0997e-06,5.3242e-06,1.0332e-05,1.0321e-05,8.6761e-06,5.9644e-08,3.0202e-07,8.0833e-07,5.3608e-06,9.1593e-06,1.0258e-05,9.5462e-06
P24,0.00,180.00,30.00,0.00,8.3312e-08,3.4881e-07,1.1378e-06,5.4002e-06,1.0457e-05,1.0446e-05,8.8960e-06,8.2084e-08,3.1688e-07,8.3930e-07,5.4324e-06,9.2573e-06,1.0380e-05,9.7410e-06
P24,60.00,90.00,30.00,0.00,8.4805e-08,2.7601e-07,9.5495e-07,4.9910e-06,9.7867e-06,9.7767e-06,7.8088e-06,8.3651e-08,2.4888e-07,6.9190e-07,5.0459e-06,8.7065e-06,9.7237e-06,8.7617e-06
P24,60.00,0.00,30.00,0.00,1.0384e-07,2.7602e-07,9.5495e-07,4.9914e-06,9.7867e-06,9.7767e-06,7.8088e-06,1.0235e-07,2.4888e-07,6.9190e-07,5.0464e-06,8.7065e-06,9.7237e-06,8.7617e-06
P24,30.00,0.00,60.00,0.00,7.7344e-08,3.3297e-07,1.0997e-06,5.3245e-06,1.0332e-05,1.0321e-05,8.6761e-06,7.6705e-08,3.0202e-07,8.0833e-07,5.3611e-06,9.1594e-06,1.0258e-05,9.5462e-06
P24,30.00,90.00,30.00,0.00,8.5318e-08,3.3297e-07,1.0997e-06,5.3245e-06,1.0332e-05,1.0321e-05,8.6761e-06,8.4047e-08,3.0202e-07,8.0833e-07,5.3611e-06,9.1594e-06,1.0258e-05,9.5462e-06
P24,0.00,90.00,0.00,0.00,8.8058e-08,3.4881e-07,1.1378e-06,5.4003e-06,1.0457e-05,1.0446e-05,8.8960e-06,8.6591e-08,3.1688e-07,8.3930e-07,5.4324e-06,9.2573e-06,1.0380e-05,9.7410e-06
P24,0.00,90.00,60.00,0.00,6.4162e-08,3.4880e-07,1.1378e-06,5.4001e-06,1.0457e-05,1.0446e-05,8.8960e-06,6.3787e-08,3.1688e-07,8.3930e-07,5.4322e-06,9.2573e-06,1.0380e-05,9.7410e-06
P24,60.00,0.00,0.00,0.00,8.6845e-08,2.7601e-07,9.5495e-07,4.9911e-06,9.7867e-06,9.7767e-06,7.8088e-06,8.5563e-08,2.4888e-07,6.9190e-07,5.0460e-06,8.7065e-06,9.7237e-06,8.7617e-06
P24,0.00,45.00,60.00,0.00,6.4162e-08,3.4880e-07,1.1378e-06,5.4001e-06,1.0457e-05,1.0446e-05,8.8960e-06,6.3787e-08,3.1688e-07,8.3930e-07,5.4322e-06,9.2573e-06,1.0380e-05,9.7410e-06
P24,60.00,90.00,60.00,0.00,6.9766e-08,2.7601e-07,9.5495e-07,4.9909e-06,9.7867e-06,9.7767e-06,7.8088e-06,6.9226e-08,2.4888e-07,6.9190e-07,5.0458e-06,8.7065e-06,9.7237e-06,8.7617e-06
P24,0.00,180.00,60.00,0.00,6.4162e-08,3.4880e-07,1.1378e-06,5.4001e-06,1.0457e-05,1.0446e-05,8.8960e-06,6.3787e-08,3.1688e-07,8.3930e-07,5.4322e-06,9.2573e-06,1.0380e-05,9.7410e-06
P24,30.00,135.00,60.00,0.00,6.1486e-08,3.3296e-07,1.0997e-06,5.3242e-06,1.0332e-05,1.0321e-05,8.6761e-06,6.1141e-08,3.0202e-07,8.0833e-07,5.3608e-06,9.1593e-06,1.0258e-05,9.5462e-06
P24,30.00,180.00,30.00,0.00,8.0371e-08,3.3297e-07,1.0997e-06,5.3243e-06,1.0332e-05,1.0321e-05,8.6761e-06,7.9216e-08,3.0202e-07,8.0833e-07,5.3610e-06,9.1594e-06,1.0258e-05,9.5462e-06
P24,0.00,45.00,0.00,0.00,8.8058e-08,3.4881e-07,1.1378e-06,5.4003e-06,1.0457e-05,1.0446e-05,8.8960e-06,8.6591e-08,3.1688e-07,8.3930e-07,5.4324e-06,9.2573e-06,1.0380e-05,9.7410e-06
P24,30.00,135.00,0.00,0.00,8.9442e-08,3.3297e-07,1.0997e-06,5.3245e-06,1.0332e-05,1.0321e-05,8.6761e-06,8.7949e-08,3.0202e-07,8.0833e-07,5.3611e-06,9.1594e-06,1.0258e-05,9.5462e-06
P24,0.00,135.00,30.00,0.00,8.3312e-08,3.4881e-07,1.1378e-06,5.4002e-06,1.0457e-05,1.0446e-05,8.8960e-06,8.2084e-08,3.1688e-07,8.3930e-07,5.4324e-06,9.2573e-06,1.0380e-05,9.7410e-06
P24,30.00,45.00,60.00,0.00,7.3265e-08,3.3296e-07,1.0997e-06,5.3244e-06,1.0332e-05,1.0321e-05,8.6761e-06,7.2695e-08,3.0202e-07,8.0833e-07,5.3610e-06,9.1594e-06,1.0258e-05,9.5462e-06
P24,0.00,0.00,0.00,0.00,8.8058e-08,3.4881e-07,1.1378e-06,5.4003e-06,1.0457e-05,1.0446e-05,8.8960e-06,8.6591e-08,3.1688e-07,8.3930e-07,5.4324e-06,9.2573e-06,1.0380e-05,9.7410e-06
P24,0.00,135.00,60.00,0.00,6.4162e-08,3.4880e-07,1.1378e-06,5.4001e-06,1.0457e-05,1.0446e-05,8.8960e-06,6.3787e-08,3.1688e-07,8.3930e-07,5.4322e-06,9.2573e-06,1.0380e-05,9.7410e-06
P25,60.00,180.00,60.00,0.00,5.6808e-08,2.6002e-07,8.5039e-07,4.9724e-06,1.0013e-05,1.0002e-05,7.5769e-06,5.6259e-08,2.3612e-07,6.2145e-07,5.0245e-06,8.8687e-06,9.9517e-06,8.7102e-06
P25,0.00,90.00,30.00,0.00,8.4786e-08,3.1584e-07,1.0213e-06,5.3461e-06,1.0580e-05,1.0569e-05,8.7364e-06,8.3205e-08,2.8729e-07,7.4410e-07,5.3750e-06,9.2908e-06,1.0497e-05,9.7247e-06
P25,30.00,90.00,30.00,0.00,8.7281e-08,3.0353e-07,9.8396e-07,5.2777e-06,1.0481e-05,1.0469e-05,8.5051e-06,8.5631e-08,2.7598e-07,7.1717e-07,5.3112e-06,9.2187e-06,1.0402e-05,9.5286e-06
P25,30.00,45.00,30.00,0.00,9.1979e-08,3.0353e-07,9.8396e-07,5.2779e-06,1.0481e-05,1.0469e-05,8.5051e-06,9.0208e-08,2.7598e-07,7.1717e-07,5.3114e-06,9.2187e-06,1.0402e-05,9.5286e-06
P25,30.00,135.00,30.00,0.00,8.3355e-08,3.0353e-07,9.8396e-07,5.2776e-06,1.0481e-05,1.0469e-05,8.5051e-06,8.1809e-08,2.7598e-07,7.1717e-07,5.3110e-06,9.2187e-06,1.0402e-05,9.5286e-06
P25,60.00,180.00,0.00,0.00,9.0325e-08,2.6003e-07,8.5039e-07,4.9730e-06,1.0013e-05,1.0002e-05,7.5769e-06,8.8592e-08,2.3612e-07,6.2145e-07,5.0252e-06,8.8688e-06,9.9517e-06,8.7102e-06
P25,0.00,90.00,0.00,0.00,8.9693e-08,3.1585e-07,1.0213e-06,5.3461e-06,1.0580e-05,1.0569e-05,8.7364e-06,8.7854e-08,2.8729e-07,7.4410e-07,5.3751e-06,9.2908e-06,1.0497e-05,9.7247e-06
P25,0.00,180.00,30.00,0.00,8.4786e-08,3.1584e-07,1.0213e-06,5.3461e-06,1.0580e-05,1.0569e-05,8.7364e-06,8.3205e-08,2.8729e-07,7.4410e-07,5.3750e-06,9.2908e-06,1.0497e-05,9.7247e-06
P25,60.00,45.00,0.00,0.00,9.0325e-08,2.6003e-07,8.5039e-07,4.9730e-06,1.0013e-05,1.0002e-05,7.5769e-06,8.8592e-08,2.3612e-07,6.2145e-07,5.0252e-06,8.8688e-06,9.9517e-06,8.7102e-06
P25,30.00,180.00,0.00,0.00,9.1526e-08,3.0353e-07,9.8396e-07,5.2777e-06,1.0481e-05,1.0469e-05,8.5051e-06,8.9636e-08,2.7598e-07,7.1717e-07,5.3112e-06,9.2187e-06,1.0402e-05,9.5286e-06
P25,60.00,45.00,60.00,0.00,1.0151e-07,2.6003e-07,8.5039e-07,4.9737e-06,1.0013e-05,1.0002e-05,7.5769e-06,1.0007e-07,2.3612e-07,6.2145e-07,5.0259e-06,8.8689e-06,9.9517e-06,8.7102e-06
P25,60.00,135.00,30.00,0.00,7.9368e-08,2.6002e-07,8.5039e-07,4.9728e-06,1.0013e-05,1.0002e-05,7.5769e-06,7.7980e-08,2.3612e-07,6.2145e-07,5.0249e-06,8.8688e-06,9.9517e-06,8.7102e-06
P25,60.00,0.00,30.00,0.00,1.0932e-07,2.6003e-07,8.5039e-07,4.9737e-06,1.0013e-05,1.0002e-05,7.5769e-06,1.0728e-07,2.3612e-07,6.2145e-07,5.0259e-06,8.8689e-06,9.9517e-06,8.7102e-06
P25,30.00,0.00,30.00,0.00,9.4228e-08,3.0353e-07,9.8396e-07,5.2779e-06,1.0481e-05,1.0469e-05,8.5051e-06,9.2402e-08,2.7598e-07,7.1717e-07,5.3114e-06,9.2187e-06,1.0402e-05,9.5286e-06
P25,30.00,0.00,60.00,0.00,7.9558e-08,3.0353e-07,9.8396e-07,5.2779e-06,1.0481e-05,1.0469e-05,8.5051e-06,7.8568e-08,2.7598e-07,7.1717e-07,5.3114e-06,9.2187e-06,1.0402e-05,9.5286e-06
P25,0.00,45.00,60.00,0.00,6.4725e-08,3.1584e-07,1.0213e-06,5.3458e-06,1.0580e-05,1.0569e-05,8.7364e-06,6.4089e-08,2.8729e-07,7.4410e-07,5.3748e-06,9.2908e-06,1.0497e-05,9.7247e-06
P25,30.00,90.00,60.00,0.00,6.7247e-08,3.0352e-07,9.8396e-07,5.2775e-06,1.0481e-05,1.0469e-05,8.5051e-06,6.6521e-08,2.7598e-07,7.1717e-07,5.3109e-06,9.2187e-06,1.0402e-05,9.5286e-06
P25,30.00,90.00,0.00,0.00,9.1526e-08,3.0353e-07,9.8396e-07,5.2777e-06,1.0481e-05,1.0469e-05,8.5051e-06,8.9636e-08,2.7598e-07,7.1717e-07,5.3112e-06,9.2187e-06,1.0402e-05,9.5286e-06
P25,60.00,135.00,60.00,0.00,6.0092e-08,2.6002e-07,8.5039e-07,4.9725e-06,1.0013e-05,1.0002e-05,7.5769e-06,5.9465e-08,2.3612e-07,6.2145e-07,5.0246e-06,8.8687e-06,9.9517e-06,8.7102e-06
P25,0.00,0.00,0.00,0.00,8.9693e-08,3.1585e-07,1.0213e-06,5.3461e-06,1.0580e-05,1.0569e-05,8.7364e-06,8.7854e-08,2.8729e-07,7.4410e-07,5.3751e-06,9.2908e-06,1.0497e-05,9.7247e-06
P25,0.00,0.00,30.00,0.00,8.4786e-08,3.1584e-07,1.0213e-06,5.3461e-06,1.0580e-05,1.0569e-05,8.7364e-06,8.3205e-08,2.8729e-07,7.4410e-07,5.3750e-06,9.2908e-06,1.0497e-05,9.7247e-06
P25,60.00,180.00,30.00,0.00,7.6476e-08,2.6002e-07,8.5039e-07,4.9727e-06,1.0013e-05,1.0002e-05,7.5769e-06,7.5160e-08,2.3612e-07,6.2145e-07,5.0248e-06,8.8687e-06,9.9517e-06,8.7102e-06
P25,60.00,0.00,60.00,0.00,1.2966e-07,2.6004e-07,8.5039e-07,4.9748e-06,1.0013e-05,1.0002e-05,7.5769e-06,1.2780e-07,2.3612e-07,6.2145e-07,5.0271e-06,8.8690e-06,9.9517e-06,8.7102e-06
P25,30.00,45.00,60.00,0.00,7.5049e-08,3.0353e-07,9.8396e-07,5.2777e-06,1.0481e-05,1.0469e-05,8.5051e-06,7.4152e-08,2.7598e-07,7.1717e-07,5.3112e-06,9.2187e-06,1.0402e-05,9.5286e-06
P25,60.00,90.00,0.00,0.00,9.0325e-08,2.6003e-07,8.5039e-07,4.9730e-06,1.0013e-05,1.0002e-05,7.5769e-06,8.8592e-08,2.3612e-07,6.2145e-07,5.0252e-06,8.8688e-06,9.9517e-06,8.7102e-06
P25,30.00,180.00,30.00,0.00,8.1916e-08,3.0353e-07,9.8396e-07,5.2775e-06,1.0481e-05,1.0469e-05,8.5051e-06,8.0409e-08,2.7598e-07,7.1717e-07,5.3109e-06,9.2187e-06,1.0402e-05,9.5286e-06
P25,0.00,90.00,60.00,0.00,6.4725e-08,3.1584e-07,1.0213e-06,5.3458e-06,1.0580e-05,1.0569e-05,8.7364e-06,6.4089e-08,2.8729e-07,7.4410e-07,5.3748e-06,9.2908e-06,1.0497e-05,9.7247e-06
P25,30.00,0.00,0.00,0.00,9.1526e-08,3.0353e-07,9.8396e-07,5.2777e-06,1.0481e-05,1.0469e-05,8.5051e-06,8.9636e-08,2.7598e-07,7.1717e-07,5.3112e-06,9.2187e-06,1.0402e-05,9.5286e-06
P25,60.00,45.00,30.00,0.00,1.0162e-07,2.6003e-07,8.5039e-07,4.9734e-06,1.0013e-05,1.0002e-05,7.5769e-06,9.9735e-08,2.3612e-07,6.2145e-07,5.0256e-06,8.8688e-06,9.9517e-06,8.7102e-06
P25,0.00,45.00,30.00,0.00,8.4786e-08,3.1584e-07,1.0213e-06,5.3461e-06,1.0580e-05,1.0569e-05,8.7364e-06,8.3205e-08,2.8729e-07,7.4410e-07,5.3750e-06,9.2908e-06,1.0497e-05,9.7247e-06
P25,30.00,45.00,0.00,0.00,9.1526e-08,3.0353e-07,9.8396e-07,5.2777e-06,1.0481e-05,1.0469e-05,8.5051e-06,8.9636e-08,2.7598e-07,7.1717e-07,5.3112e-06,9.2187e-06,1.0402e-05,9.5286e-06
P25,60.00,0.00,0.00,0.00,9.0325e-08,2.6003e-07,8.5039e-07,4.9730e-06,1.0013e-05,1.0002e-05,7.5769e-06,8.8592e-08,2.3612e-07,6.2145e-07,5.0252e-06,8.8688e-06,9.9517e-06,8.7102e-06
P25,0.00,135.00,60.00,0.00,6.4725e-08,3.1584e-07,1.0213e-06,5.3458e-06,1.0580e-05,1.0569e-05,8.7364e-06,6.4089e-08,2.8729e-07,7.4410e-07,5.3748e-06,9.2908e-06,1.0497e-05,9.7247e-06
P25,0.00,0.00,60.00,0.00,6.4725e-08,3.1584e-07,1.0213e-06,5.3458e-06,1.0580e-05,1.0569e-05,8.7364e-06,6.4089e-08,2.8729e-07,7.4410e-07,5.3748e-06,9.2908e-06,1.0497e-05,9.7247e-06
P25,30.00,135.00,0.00,0.00,9.1526e-08,3.0353e-07,9.8396e-07,5.2777e-06,1.0481e-05,1.0469e-05,8.5051e-06,8.9636e-08,2.7598e-07,7.1717e-07,5.3112e-06,9.2187e-06,1.0402e-05,9.5286e-06
P25,0.00,180.00,0.00,0.00,8.9693e-08,3.1585e-07,1.0213e-06,5.3461e-06,1.0580e-05,1.0569e-05,8.7364e-06,8.7854e-08,2.8729e-07,7.4410e-07,5.3751e-06,9.2908e-06,1.0497e-05,9.7247e-06
P25,0.00,135.00,30.00,0.00,8.4786e-08,3.1584e-07,1.0213e-06,5.3461e-06,1.0580e-05,1.0569e-05,8.7364e-06,8.3205e-08,2.8729e-07,7.4410e-07,5.3750e-06,9.2908e-06,1.0497e-05,9.7247e-06
P25,0.00,45.00,0.00,0.00,8.9693e-08,3.1585e-07,1.0213e-06,5.3461e-06,1.0580e-05,1.0569e-05,8.7364e-06,8.7854e-08,2.8729e-07,7.4410e-07,5.3751e-06,9.2908e-06,1.0497e-05,9.7247e-06
P25,30.00,135.00,60.00,0.00,6.2026e-08,3.0352e-07,9.8396e-07,5.2773e-06,1.0481e-05,1.0469e-05,8.5051e-06,6.1425e-08,2.7598e-07,7.1717e-07,5.3108e-06,9.2187e-06,1.0402e-05,9.5286e-06
P25,0.00,135.00,0.00,0.00,8.9693e-08,3.1585e-07,1.0213e-06,5.3461e-06,1.0580e-05,1.0569e-05,8.7364e-06,8.7854e-08,2.8729e-07,7.4410e-07,5.3751e-06,9.2908e-06,1.0497e-05,9.7247e-06
P25,30.00,180.00,60.00,0.00,6.0334e-08,3.0352e-07,9.8396e-07,5.2773e-06,1.0481e-05,1.0469e-05,8.5051e-06,5.9776e-08,2.7598e-07,7.1717e-07,5.3107e-06,9.2187e-06,1.0402e-05,9.5286e-06
P25,0.00,180.00,60.00,0.00,6.4725e-08,3.1584e-07,1.0213e-06,5.3458e-06,1.0580e-05,1.0569e-05,8.7364e-06,6.4089e-08,2.8729e-07,7.4410e-07,5.3748e-06,9.2908e-06,1.0497e-05,9.7247e-06
P25,60.00,135.00,0.00,0.00,9.0325e-08,2.6003e-07,8.5039e-07,4.9730e-06,1.0013e-05,1.0002e-05,7.5769e-06,8.8592e-08,2.3612e-07,6.2145e-07,5.0252e-06,8.8688e-06,9.9517e-06,8.7102e-06
P25,60.00,90.00,30.00,0.00,8.8289e-08,2.6003e-07,8.5039e-07,4.9730e-06,1.0013e-05,1.0002e-05,7.5769e-06,8.6691e-08,2.3612e-07,6.2145e-07,5.0252e-06,8.8688e-06,9.9517e-06,8.7102e-06
P25,60.00,90.00,60.00,0.00,7.2467e-08,2.6002e-07,8.5039e-07,4.9728e-06,1.0013e-05,1.0002e-05,7.5769e-06,7.1565e-08,2.3612e-07,6.2145e-07,5.0249e-06,8.8688e-06,9.9517e-06,8.7102e-06
P26,60.00,180.00,0.00,0.00,9.1236e-08,3.1944e-07,9.9443e-07,3.0532e-06,7.4989e-06,7.4863e-06,6.0694e-06,8.7372e-08,2.9345e-07,7.5620e-07,3.0775e-06,6.1225e-06,7.3902e-06,6.8587e-06
P26,60.00,135.00,60.00,0.00,5.3479e-08,3.1940e-07,9.9426e-07,3.0521e-06,7.4988e-06,7.4862e-06,6.0694e-06,5.1419e-08,2.9344e-07,7.5615e-07,3.0763e-06,6.1223e-06,7.3901e-06,6.8587e-06
P26,0.00,0.00,60.00,0.00,5.1348e-08,3.8761e-07,1.1490e-06,3.2674e-06,7.6273e-06,7.6148e-06,6.7925e-06,4.9499e-08,3.5771e-07,8.9272e-07,3.2777e-06,6.2471e-06,7.5090e-06,7.4218e-06
P26,60.00,180.00,60.00,0.00,4.8811e-08,3.1939e-07,9.9424e-07,3.0517e-06,7.4987e-06,7.4862e-06,6.0694e-06,4.6931e-08,2.9344e-07,7.5614e-07,3.0759e-06,6.1222e-06,7.3900e-06,6.8587e-06
P26,30.00,90.00,0.00,0.00,8.3741e-08,3.7273e-07,1.1186e-06,3.2312e-06,7.6057e-06,7.5932e-06,6.6515e-06,8.0119e-08,3.4354e-07,8.6494e-07,3.2445e-06,6.2266e-06,7.4890e-06,7.3164e-06
P26,60.00,0.00,0.00,0.00,9.1236e-08,3.1944e-07,9.9443e-07,3.0532e-06,7.4989e-06,7.4863e-06,6.0694e-06,8.7372e-08,2.9345e-07,7.5620e-07,3.0775e-06,6.1225e-06,7.3902e-06,6.8587e-06
P26,0.00,90.00,0.00,0.00,7.9516e-08,3.8764e-07,1.1491e-06,3.2677e-06,7.6273e-06,7.6148e-06,6.7925e-06,7.6078e-08,3.5772e-07,8.9279e-07,3.2780e-06,6.2472e-06,7.5090e-06,7.4219e-06
P26,0.00,180.00,30.00,0.00,7.4125e-08,3.8763e-07,1.1491e-06,3.2676e-06,7.6273e-06,7.6148e-06,6.7925e-06,7.1010e-08,3.5771e-07,8.9276e-07,3.2779e-06,6.2471e-06,7.5090e-06,7.4219e-06
P26,60.00,0.00,60.00,0.00,1.5238e-07,3.1951e-07,9.9475e-07,3.0595e-06,7.4995e-06,7.4870e-06,6.0696e-06,1.4712e-07,2.9345e-07,7.5626e-07,3.0844e-06,6.1237e-06,7.3909e-06,6.8591e-06
P26,0.00,135.00,30.00,0.00,7.4125e-08,3.8763e-07,1.1491e-06,3.2676e-06,7.6273e-06,7.6148e-06,6.7925e-06,7.1010e-08,3.5771e-07,8.9276e-07,3.2779e-06,6.2471e-06,7.5090e-06,7.4219e-06
P26,0.00,180.00,0.00,0.00,7.9516e-08,3.8764e-07,1.1491e-06,3.2677e-06,7.6273e-06,7.6148e-06,6.7925e-06,7.6078e-08,3.5772e-07,8.9279e-07,3.2780e-06,6.2472e-06,7.5090e-06,7.4219e-06
P26,0.00,90.00,30.00,0.00,7.4125e-08,3.8763e-07,1.1491e-06,3.2676e-06,7.6273e-06,7.6148e-06,6.7925e-06,7.1010e-08,3.5771e-07,8.9276e-07,3.2779e-06,6.2471e-06,7.5090e-06,7.4219e-06
P26,30.00,45.00,60.00,0.00,6.6756e-08,3.7272e-07,1.1185e-06,3.2317e-06,7.6058e-06,7.5932e-06,6.6515e-06,6.4321e-08,3.4354e-07,8.6490e-07,3.2450e-06,6.2267e-06,7.4891e-06,7.3165e-06
P26,60.00,45.00,60.00,0.00,1.1237e-07,3.1946e-07,9.9452e-07,3.0560e-06,7.4992e-06,7.4866e-06,6.0695e-06,1.0829e-07,2.9345e-07,7.5620e-07,3.0806e-06,6.1230e-06,7.3905e-06,6.8589e-06
P26,60.00,45.00,0.00,0.00,9.1236e-08,3.1944e-07,9.9443e-07,3.0532e-06,7.4989e-06,7.4863e-06,6.0694e-06,8.7372e-08,2.9345e-07,7.5620e-07,3.0775e-06,6.1225e-06,7.3902e-06,6.8587e-06
P26,30.00,0.00,60.00,0.00,7.2787e-08,3.7272e-07,1.1186e-06,3.2321e-06,7.6058e-06,7.5933e-06,6.6515e-06,7.0152e-08,3.4354e-07,8.6491e-07,3.2455e-06,6.2268e-06,7.4891e-06,7.3165e-06
P26,30.00,0.00,0.00,0.00,8.3741e-08,3.7273e-07,1.1186e-06,3.2312e-06,7.6057e-06,7.5932e-06,6.6515e-06,8.0119e-08,3.4354e-07,8.6494e-07,3.2445e-06,6.2266e-06,7.4890e-06,7.3164e-06
P26,0.00,45.00,30.00,0.00,7.4125e-08,3.8763e-07,1.1491e-06,3.2676e-06,7.6273e-06,7.6148e-06,6.7925e-06,7.1010e-08,3.5771e-07,8.9276e-07,3.2779e-06,6.2471e-06,7.5090e-06,7.4219e-06
P26,30.00,135.00,30.00,0.00,7.4173e-08,3.7272e-07,1.1186e-06,3.2310e-06,7.6057e-06,7.5932e-06,6.6515e-06,7.1036e-08,3.4354e-07,8.6491e-07,3.2443e-06,6.2265e-06,7.4890e-06,7.3164e-06
P26,30.00,90.00,30.00,0.00,7.9143e-08,3.7273e-07,1.1186e-06,3.2313e-06,7.6057e-06,7.5932e-06,6.6515e-06,7.5818e-08,3.4354e-07,8.6493e-07,3.2446e-06,6.2266e-06,7.4890e-06,7.3164e-06
P26,30.00,90.00,60.00,0.00,5.6321e-08,3.7270e-07,1.1185e-06,3.2310e-06,7.6057e-06,7.5932e-06,6.6515e-06,5.4250e-08,3.4353e-07,8.6488e-07,3.2443e-06,6.2266e-06,7.4890e-06,7.3164e-06
P26,0.00,135.00,60.00,0.00,5.1348e-08,3.8761e-07,1.1490e-06,3.2674e-06,7.6273e-06,7.6148e-06,6.7925e-06,4.9499e-08,3.5771e-07,8.9272e-07,3.2777e-06,6.2471e-06,7.5090e-06,7.4218e-06
P26,0.00,180.00,60.00,0.00,5.1348e-08,3.8761e-07,1.1490e-06,3.2674e-06,7.6273e-06,7.6148e-06,6.7925e-06,4.9499e-08,3.5771e-07,8.9272e-07,3.2777e-06,6.2471e-06,7.5090e-06,7.4218e-06
P26,60.00,90.00,30.00,0.00,8.9293e-08,3.1943e-07,9.9442e-07,3.0532e-06,7.4989e-06,7.4863e-06,6.0694e-06,8.5585e-08,2.9344e-07,7.5619e-07,3.0776e-06,6.1225e-06,7.3902e-06,6.8587e-06
P26,60.00,45.00,30.00,0.00,1.0732e-07,3.1946e-07,9.9452e-07,3.0544e-06,7.4990e-06,7.4864e-06,6.0695e-06,1.0299e-07,2.9345e-07,7.5622e-07,3.0788e-06,6.1227e-06,7.3903e-06,6.8588e-06
P26,30.00,180.00,30.00,0.00,7.2352e-08,3.7272e-07,1.1185e-06,3.2308e-06,7.6057e-06,7.5932e-06,6.6515e-06,6.9284e-08,3.4354e-07,8.6491e-07,3.2441e-06,6.2265e-06,7.4890e-06,7.3164e-06
P26,30.00,45.00,30.00,0.00,8.5090e-08,3.7274e-07,1.1186e-06,3.2316e-06,7.6058e-06,7.5932e-06,6.6515e-06,8.1547e-08,3.4354e-07,8.6494e-07,3.2449e-06,6.2266e-06,7.4890e-06,7.3165e-06
P26,60.00,135.00,0.00,0.00,9.1236e-08,3.1944e-07,9.9443e-07,3.0532e-06,7.4989e-06,7.4863e-06,6.0694e-06,8.7372e-08,2.9345e-07,7.5620e-07,3.0775e-06,6.1225e-06,7.3902e-06,6.8587e-06
P26,30.00,180.00,60.00,0.00,4.7079e-08,3.7269e-07,1.1184e-06,3.2305e-06,7.6057e-06,7.5931e-06,6.6515e-06,4.5350e-08,3.4353e-07,8.6487e-07,3.2438e-06,6.2265e-06,7.4890e-06,7.3164e-06
P26,60.00,180.00,30.00,0.00,7.3319e-08,3.1942e-07,9.9434e-07,3.0524e-06,7.4988e-06,7.4863e-06,6.0694e-06,7.0205e-08,2.9344e-07,7.5617e-07,3.0767e-06,6.1223e-06,7.3901e-06,6.8587e-06
P26,0.00,0.00,30.00,0.00,7.4125e-08,3.8763e-07,1.1491e-06,3.2676e-06,7.6273e-06,7.6148e-06,6.7925e-06,7.1010e-08,3.5771e-07,8.9276e-07,3.2779e-06,6.2471e-06,7.5090e-06,7.4219e-06
P26,30.00,135.00,0.00,0.00,8.3741e-08,3.7273e-07,1.1186e-06,3.2312e-06,7.6057e-06,7.5932e-06,6.6515e-06,8.0119e-08,3.4354e-07,8.6494e-07,3.2445e-06,6.2266e-06,7.4890e-06,7.3164e-06
P26,60.00,135.00,30.00,0.00,7.7229e-08,3.1942e-07,9.9436e-07,3.0526e-06,7.4988e-06,7.4863e-06,6.0694e-06,7.3965e-08,2.9344e-07,7.5617e-07,3.0769e-06,6.1224e-06,7.3901e-06,6.8587e-06
P26,0.00,45.00,0.00,0.00,7.9516e-08,3.8764e-07,1.1491e-06,3.2677e-06,7.6273e-06,7.6148e-06,6.7925e-06,7.6078e-08,3.5772e-07,8.9279e-07,3.2780e-06,6.2472e-06,7.5090e-06,7.4219e-06
P26,0.00,0.00,0.00,0.00,7.9516e-08,3.8764e-07,1.1491e-06,3.2677e-06,7.6273e-06,7.6148e-06,6.7925e-06,7.6078e-08,3.5772e-07,8.9279e-07,3.2780e-06,6.2472e-06,7.5090e-06,7.4219e-06
P26,30.00,180.00,0.00,0.00,8.3741e-08,3.7273e-07,1.1186e-06,3.2312e-06,7.6057e-06,7.5932e-06,6.6515e-06,8.0119e-08,3.4354e-07,8.6494e-07,3.2445e-06,6.2266e-06,7.4890e-06,7.3164e-06
P26,60.00,0.00,30.00,0.00,1.1774e-07,3.1947e-07,9.9458e-07,3.0550e-06,7.4990e-06,7.4865e-06,6.0695e-06,1.1306e-07,2.9345e-07,7.5624e-07,3.0795e-06,6.1228e-06,7.3904e-06,6.8588e-06
P26,0.00,90.00,60.00,0.00,5.1348e-08,3.8761e-07,1.1490e-06,3.2674e-06,7.6273e-06,7.6148e-06,6.7925e-06,4.9499e-08,3.5771e-07,8.9272e-07,3.2777e-06,6.2471e-06,7.5090e-06,7.4218e-06
P26,60.00,90.00,0.00,0.00,9.1236e-08,3.1944e-07,9.9443e-07,3.0532e-06,7.4989e-06,7.4863e-06,6.0694e-06,8.7372e-08,2.9345e-07,7.5620e-07,3.0775e-06,6.1225e-06,7.3902e-06,6.8587e-06
P26,30.00,0.00,30.00,0.00,8.7938e-08,3.7274e-07,1.1187e-06,3.2318e-06,7.6058e-06,7.5932e-06,6.6515e-06,8.4293e-08,3.4354e-07,8.6495e-07,3.2451e-06,6.2267e-06,7.4891e-06,7.3165e-06
P26,30.00,135.00,60.00,0.00,4.9341e-08,3.7269e-07,1.1184e-06,3.2306e-06,7.6057e-06,7.5931e-06,6.6515e-06,4.7526e-08,3.4353e-07,8.6487e-07,3.2439e-06,6.2265e-06,7.4890e-06,7.3164e-06
P26,0.00,135.00,0.00,0.00,7.9516e-08,3.8764e-07,1.1491e-06,3.2677e-06,7.6273e-06,7.6148e-06,6.7925e-06,7.6078e-08,3.5772e-07,8.9279e-07,3.2780e-06,6.2472e-06,7.5090e-06,7.4219e-06
P26,30.00,45.00,0.00,0.00,8.3741e-08,3.7273e-07,1.1186e-06,3.2312e-06,7.6057e-06,7.5932e-06,6.6515e-06,8.0119e-08,3.4354e-07,8.6494e-07,3.2445e-06,6.2266e-06,7.4890e-06,7.3164e-06
P26,0.00,45.00,60.00,0.00,5.1348e-08,3.8761e-07,1.1490e-06,3.2674e-06,7.6273e-06,7.6148e-06,6.7925e-06,4.9499e-08,3.5771e-07,8.9272e-07,3.2777e-06,6.2471e-06,7.5090e-06,7.4218e-06
P26,60.00,90.00,60.00,0.00,7.1074e-08,3.1941e-07,9.9433e-07,3.0531e-06,7.4989e-06,7.4863e-06,6.0694e-06,6.8361e-08,2.9344e-07,7.5616e-07,3.0774e-06,6.1225e-06,7.3902e-06,6.8587e-06
P27,30.00,45.00,0.00,0.00,8.1087e-08,3.3260e-07,9.6457e-07,2.6705e-06,6.5987e-06,6.5870e-06,5.9687e-06,7.7333e-08,3.0774e-07,7.6332e-07,2.6738e-06,5.3197e-06,6.4864e-06,6.5199e-06
P27,0.00,0.00,60.00,0.00,4.8351e-08,3.4522e-07,9.8686e-07,2.7021e-06,6.6208e-06,6.6092e-06,6.0907e-06,4.6400e-08,3.1991e-07,7.8395e-07,2.7030e-06,5.3413e-06,6.5074e-06,6.6098e-06
P27,30.00,0.00,0.00,0.00,8.1087e-08,3.3260e-07,9.6457e-07,2.6705e-06,6.5987e-06,6.5870e-06,5.9687e-06,7.7333e-08,3.0774e-07,7.6332e-07,2.6738e-06,5.3197e-06,6.4864e-06,6.5199e-06
P27,60.00,45.00,0.00,0.00,8.9332e-08,2.8453e-07,8.7234e-07,2.5192e-06,6.4975e-06,6.4858e-06,5.4603e-06,8.5304e-08,2.6180e-07,6.8011e-07,2.5315e-06,5.2183e-06,6.3909e-06,6.1303e-06
P27,60.00,90.00,60.00,0.00,6.9056e-08,2.8449e-07,8.7213e-07,2.5191e-06,6.4975e-06,6.4858e-06,5.4603e-06,6.6196e-08,2.6178e-07,6.7999e-07,2.5315e-06,5.2183e-06,6.3909e-06,6.1303e-06
P27,30.00,180.00,0.00,0.00,8.1087e-08,3.3260e-07,9.6457e-07,2.6705e-06,6.5987e-06,6.5870e-06,5.9687e-06,7.7333e-08,3.0774e-07,7.6332e-07,2.6738e-06,5.3197e-06,6.4864e-06,6.5199e-06
P27,30.00,135.00,30.00,0.00,7.1454e-08,3.3258e-07,9.6445e-07,2.6703e-06,6.5987e-06,6.5870e-06,5.9687e-06,6.8193e-08,3.0773e-07,7.6326e-07,2.6735e-06,5.3197e-06,6.4864e-06,6.5199e-06
P27,60.00,0.00,30.00,0.00,1.1618e-07,2.8460e-07,8.7281e-07,2.5211e-06,6.4977e-06,6.4860e-06,5.4603e-06,1.1130e-07,2.6182e-07,6.8030e-07,2.5336e-06,5.2187e-06,6.3911e-06,6.1304e-06
P27,60.00,135.00,30.00,0.00,7.5182e-08,2.8450e-07,8.7214e-07,2.5186e-06,6.4974e-06,6.4858e-06,5.4603e-06,7.1770e-08,2.6178e-07,6.8002e-07,2.5309e-06,5.2182e-06,6.3909e-06,6.1303e-06
P27,60.00,0.00,0.00,0.00,8.9332e-08,2.8453e-07,8.7234e-07,2.5192e-06,6.4975e-06,6.4858e-06,5.4603e-06,8.5304e-08,2.6180e-07,6.8011e-07,2.5315e-06,5.2183e-06,6.3909e-06,6.1303e-06
P27,30.00,0.00,60.00,0.00,7.0154e-08,3.3258e-07,9.6461e-07,2.6714e-06,6.5988e-06,6.5871e-06,5.9687e-06,6.7392e-08,3.0773e-07,7.6330e-07,2.6747e-06,5.3199e-06,6.4865e-06,6.5200e-06
P27,30.00,135.00,0.00,0.00,8.1087e-08,3.3260e-07,9.6457e-07,2.6705e-06,6.5987e-06,6.5870e-06,5.9687e-06,7.7333e-08,3.0774e-07,7.6332e-07,2.6738e-06,5.3197e-06,6.4864e-06,6.5199e-06
P27,0.00,135.00,60.00,0.00,4.8351e-08,3.4522e-07,9.8686e-07,2.7021e-06,6.6208e-06,6.6092e-06,6.0907e-06,4.6400e-08,3.1991e-07,7.8395e-07,2.7030e-06,5.3413e-06,6.5074e-06,6.6098e-06
P27,60.00,0.00,60.00,0.00,1.5149e-07,2.8468e-07,8.7349e-07,2.5259e-06,6.4982e-06,6.4865e-06,5.4604e-06,1.4597e-07,2.6183e-07,6.8051e-07,2.5387e-06,5.2196e-06,6.3916e-06,6.1306e-06
P27,0.00,180.00,30.00,0.00,7.1260e-08,3.4527e-07,9.8708e-07,2.7023e-06,6.6208e-06,6.6092e-06,6.0908e-06,6.8026e-08,3.1993e-07,7.8408e-07,2.7032e-06,5.3413e-06,6.5074e-06,6.6098e-06
P27,0.00,45.00,60.00,0.00,4.8351e-08,3.4522e-07,9.8686e-07,2.7021e-06,6.6208e-06,6.6092e-06,6.0907e-06,4.6400e-08,3.1991e-07,7.8395e-07,2.7030e-06,5.3413e-06,6.5074e-06,6.6098e-06
P27,60.00,45.00,60.00,0.00,1.1093e-07,2.8458e-07,8.7275e-07,2.5222e-06,6.4978e-06,6.4861e-06,5.4603e-06,1.0664e-07,2.6180e-07,6.8023e-07,2.5347e-06,5.2189e-06,6.3912e-06,6.1304e-06
P27,0.00,0.00,0.00,0.00,7.6678e-08,3.4529e-07,9.8716e-07,2.7024e-06,6.6208e-06,6.6092e-06,6.0908e-06,7.3117e-08,3.1994e-07,7.8413e-07,2.7033e-06,5.3414e-06,6.5074e-06,6.6098e-06
P27,60.00,135.00,0.00,0.00,8.9332e-08,2.8453e-07,8.7234e-07,2.5192e-06,6.4975e-06,6.4858e-06,5.4603e-06,8.5304e-08,2.6180e-07,6.8011e-07,2.5315e-06,5.2183e-06,6.3909e-06,6.1303e-06
P27,60.00,180.00,30.00,0.00,7.1225e-08,2.8449e-07,8.7210e-07,2.5184e-06,6.4974e-06,6.4858e-06,5.4602e-06,6.7968e-08,2.6178e-07,6.8000e-07,2.5307e-06,5.2182e-06,6.3908e-06,6.1302e-06
P27,60.00,135.00,60.00,0.00,5.1214e-08,2.8445e-07,8.7191e-07,2.5180e-06,6.4974e-06,6.4857e-06,5.4602e-06,4.9033e-08,2.6177e-07,6.7991e-07,2.5303e-06,5.2182e-06,6.3908e-06,6.1302e-06
P27,0.00,135.00,0.00,0.00,7.6678e-08,3.4529e-07,9.8716e-07,2.7024e-06,6.6208e-06,6.6092e-06,6.0908e-06,7.3117e-08,3.1994e-07,7.8413e-07,2.7033e-06,5.3414e-06,6.5074e-06,6.6098e-06
P27,60.00,180.00,60.00,0.00,4.6480e-08,2.8444e-07,8.7183e-07,2.5176e-06,6.4973e-06,6.4857e-06,5.4602e-06,4.4487e-08,2.6177e-07,6.7988e-07,2.5299e-06,5.2181e-06,6.3908e-06,6.1302e-06
P27,0.00,0.00,30.00,0.00,7.1260e-08,3.4527e-07,9.8708e-07,2.7023e-06,6.6208e-06,6.6092e-06,6.0908e-06,6.8026e-08,3.1993e-07,7.8408e-07,2.7032e-06,5.3413e-06,6.5074e-06,6.6098e-06
P27,30.00,90.00,60.00,0.00,5.3511e-08,3.3254e-07,9.6430e-07,2.6703e-06,6.5987e-06,6.5870e-06,5.9687e-06,5.1329e-08,3.0771e-07,7.6317e-07,2.6736e-06,5.3197e-06,6.4864e-06,6.5199e-06
P27,0.00,135.00,30.00,0.00,7.1260e-08,3.4527e-07,9.8708e-07,2.7023e-06,6.6208e-06,6.6092e-06,6.0908e-06,6.8026e-08,3.1993e-07,7.8408e-07,2.7032e-06,5.3413e-06,6.5074e-06,6.6098e-06
P27,30.00,90.00,0.00,0.00,8.1087e-08,3.3260e-07,9.6457e-07,2.6705e-06,6.5987e-06,6.5870e-06,5.9687e-06,7.7333e-08,3.0774e-07,7.6332e-07,2.6738e-06,5.3197e-06,6.4864e-06,6.5199e-06
P27,0.00,90.00,0.00,0.00,7.6678e-08,3.4529e-07,9.8716e-07,2.7024e-06,6.6208e-06,6.6092e-06,6.0908e-06,7.3117e-08,3.1994e-07,7.8413e-07,2.7033e-06,5.3414e-06,6.5074e-06,6.6098e-06
P27,0.00,90.00,60.00,0.00,4.8351e-08,3.4522e-07,9.8686e-07,2.7021e-06,6.6208e-06,6.6092e-06,6.0907e-06,4.6400e-08,3.1991e-07,7.8395e-07,2.7030e-06,5.3413e-06,6.5074e-06,6.6098e-06
P27,30.00,45.00,30.00,0.00,8.2467e-08,3.3261e-07,9.6467e-07,2.6709e-06,6.5987e-06,6.5871e-06,5.9687e-06,7.8790e-08,3.0774e-07,7.6337e-07,2.6742e-06,5.3198e-06,6.4864e-06,6.5200e-06
P27,30.00,180.00,60.00,0.00,4.4168e-08,3.3252e-07,9.6416e-07,2.6698e-06,6.5986e-06,6.5870e-06,5.9687e-06,4.2340e-08,3.0770e-07,7.6311e-07,2.6730e-06,5.3196e-06,6.4864e-06,6.5199e-06
P27,30.00,45.00,60.00,0.00,6.4058e-08,3.3257e-07,9.6450e-07,2.6710e-06,6.5987e-06,6.5871e-06,5.9687e-06,6.1502e-08,3.0772e-07,7.6325e-07,2.6743e-06,5.3198e-06,6.4865e-06,6.5200e-06
P27,60.00,90.00,30.00,0.00,8.7391e-08,2.8452e-07,8.7232e-07,2.5192e-06,6.4975e-06,6.4858e-06,5.4603e-06,8.3519e-08,2.6179e-07,6.8009e-07,2.5316e-06,5.2183e-06,6.3909e-06,6.1303e-06
P27,0.00,90.00,30.00,0.00,7.1260e-08,3.4527e-07,9.8708e-07,2.7023e-06,6.6208e-06,6.6092e-06,6.0908e-06,6.8026e-08,3.1993e-07,7.8408e-07,2.7032e-06,5.3413e-06,6.5074e-06,6.6098e-06
P27,60.00,180.00,0.00,0.00,8.9332e-08,2.8453e-07,8.7234e-07,2.5192e-06,6.4975e-06,6.4858e-06,5.4603e-06,8.5304e-08,2.6180e-07,6.8011e-07,2.5315e-06,5.2183e-06,6.3909e-06,6.1303e-06
P27,0.00,180.00,0.00,0.00,7.6678e-08,3.4529e-07,9.8716e-07,2.7024e-06,6.6208e-06,6.6092e-06,6.0908e-06,7.3117e-08,3.1994e-07,7.8413e-07,2.7033e-06,5.3414e-06,6.5074e-06,6.6098e-06
P27,0.00,45.00,30.00,0.00,7.1260e-08,3.4527e-07,9.8708e-07,2.7023e-06,6.6208e-06,6.6092e-06,6.0908e-06,6.8026e-08,3.1993e-07,7.8408e-07,2.7032e-06,5.3413e-06,6.5074e-06,6.6098e-06
P27,30.00,180.00,30.00,0.00,6.9617e-08,3.3257e-07,9.6439e-07,2.6701e-06,6.5986e-06,6.5870e-06,5.9687e-06,6.6426e-08,3.0772e-07,7.6323e-07,2.6733e-06,5.3196e-06,6.4864e-06,6.5199e-06
P27,60.00,45.00,30.00,0.00,1.0564e-07,2.8457e-07,8.7263e-07,2.5204e-06,6.4976e-06,6.4859e-06,5.4603e-06,1.0112e-07,2.6181e-07,6.8022e-07,2.5329e-06,5.2185e-06,6.3910e-06,6.1304e-06
P27,30.00,0.00,30.00,0.00,8.5340e-08,3.3262e-07,9.6474e-07,2.6711e-06,6.5987e-06,6.5871e-06,5.9687e-06,8.1559e-08,3.0775e-07,7.6340e-07,2.6744e-06,5.3198e-06,6.4864e-06,6.5200e-06
P27,0.00,45.00,0.00,0.00,7.6678e-08,3.4529e-07,9.8716e-07,2.7024e-06,6.6208e-06,6.6092e-06,6.0908e-06,7.3117e-08,3.1994e-07,7.8413e-07,2.7033e-06,5.3414e-06,6.5074e-06,6.6098e-06
P27,60.00,90.00,0.00,0.00,8.9332e-08,2.8453e-07,8.7234e-07,2.5192e-06,6.4975e-06,6.4858e-06,5.4603e-06,8.5304e-08,2.6180e-07,6.8011e-07,2.5315e-06,5.2183e-06,6.3909e-06,6.1303e-06
P27,30.00,90.00,30.00,0.00,7.6468e-08,3.3259e-07,9.6456e-07,2.6705e-06,6.5987e-06,6.5870e-06,5.9687e-06,7.3015e-08,3.0773e-07,7.6331e-07,2.6738e-06,5.3197e-06,6.4864e-06,6.5199e-06
P27,30.00,135.00,60.00,0.00,4.6455e-08,3.3252e-07,9.6420e-07,2.6699e-06,6.5986e-06,6.5870e-06,5.9687e-06,4.4538e-08,3.0771e-07,7.6312e-07,2.6731e-06,5.3196e-06,6.4864e-06,6.5199e-06
P27,0.00,180.00,60.00,0.00,4.8351e-08,3.4522e-07,9.8686e-07,2.7021e-06,6.6208e-06,6.6092e-06,6.0907e-06,4.6400e-08,3.1991e-07,7.8395e-07,2.7030e-06,5.3413e-06,6.5074e-06,6.6098e-06
P28,30.00,0.00,0.00,0.00,8.3264e-08,3.5396e-07,1.0685e-06,3.2287e-06,7.5933e-06,7.5809e-06,6.5995e-06,7.9693e-08,3.2602e-07,8.2117e-07,3.2425e-06,6.2239e-06,7.4776e-06,7.2913e-06
P28,60.00,45.00,30.00,0.00,1.0631e-07,3.0255e-07,9.5018e-07,3.0469e-06,7.4757e-06,7.4632e-06,5.9882e-06,1.0207e-07,2.7749e-07,7.2117e-07,3.0729e-06,6.1102e-06,7.3678e-06,6.8168e-06
P28,0.00,0.00,0.00,0.00,7.9119e-08,3.6796e-07,1.0982e-06,3.2668e-06,7.6179e-06,7.6054e-06,6.7463e-06,7.5725e-08,3.3931e-07,8.4721e-07,3.2775e-06,6.2472e-06,7.5005e-06,7.4004e-06
P28,60.00,180.00,60.00,0.00,4.8331e-08,3.0250e-07,9.5005e-07,3.0443e-06,7.4754e-06,7.4630e-06,5.9881e-06,4.6498e-08,2.7748e-07,7.2115e-07,3.0700e-06,6.1097e-06,7.3675e-06,6.8167e-06
P28,60.00,135.00,30.00,0.00,7.6526e-08,3.0252e-07,9.5011e-07,3.0452e-06,7.4755e-06,7.4631e-06,5.9882e-06,7.3331e-08,2.7748e-07,7.2116e-07,3.0710e-06,6.1099e-06,7.3676e-06,6.8167e-06
P28,60.00,45.00,60.00,0.00,1.1112e-07,3.0255e-07,9.5017e-07,3.0485e-06,7.4758e-06,7.4634e-06,5.9882e-06,1.0715e-07,2.7749e-07,7.2116e-07,3.0746e-06,6.1105e-06,7.3679e-06,6.8169e-06
P28,30.00,45.00,30.00,0.00,8.4574e-08,3.5396e-07,1.0685e-06,3.2291e-06,7.5934e-06,7.5809e-06,6.5995e-06,8.1083e-08,3.2602e-07,8.2118e-07,3.2429e-06,6.2239e-06,7.4776e-06,7.2913e-06
P28,60.00,0.00,30.00,0.00,1.1662e-07,3.0255e-07,9.5021e-07,3.0476e-06,7.4757e-06,7.4633e-06,5.9882e-06,1.1205e-07,2.7749e-07,7.2118e-07,3.0736e-06,6.1103e-06,7.3678e-06,6.8168e-06
P28,30.00,135.00,60.00,0.00,4.9008e-08,3.5393e-07,1.0684e-06,3.2281e-06,7.5933e-06,7.5808e-06,6.5995e-06,4.7228e-08,3.2601e-07,8.2114e-07,3.2419e-06,6.2238e-06,7.4776e-06,7.2912e-06
P28,0.00,180.00,30.00,0.00,7.3734e-08,3.6795e-07,1.0982e-06,3.2667e-06,7.6179e-06,7.6054e-06,6.7463e-06,7.0662e-08,3.3931e-07,8.4720e-07,3.2773e-06,6.2471e-06,7.5005e-06,7.4004e-06
P28,0.00,45.00,0.00,0.00,7.9119e-08,3.6796e-07,1.0982e-06,3.2668e-06,7.6179e-06,7.6054e-06,6.7463e-06,7.5725e-08,3.3931e-07,8.4721e-07,3.2775e-06,6.2472e-06,7.5005e-06,7.4004e-06
P28,60.00,135.00,0.00,0.00,9.0415e-08,3.0253e-07,9.5014e-07,3.0457e-06,7.4756e-06,7.4631e-06,5.9882e-06,8.6631e-08,2.7748e-07,7.2117e-07,3.0716e-06,6.1100e-06,7.3677e-06,6.8167e-06
P28,0.00,135.00,60.00,0.00,5.1026e-08,3.6793e-07,1.0981e-06,3.2665e-06,7.6179e-06,7.6054e-06,6.7463e-06,4.9210e-08,3.3930e-07,8.4718e-07,3.2772e-06,6.2471e-06,7.5005e-06,7.4004e-06
P28,30.00,90.00,30.00,0.00,7.8671e-08,3.5396e-07,1.0685e-06,3.2288e-06,7.5933e-06,7.5809e-06,6.5995e-06,7.5395e-08,3.2601e-07,8.2117e-07,3.2426e-06,6.2239e-06,7.4776e-06,7.2913e-06
P28,60.00,135.00,60.00,0.00,5.2942e-08,3.0250e-07,9.5006e-07,3.0446e-06,7.4755e-06,7.4630e-06,5.9881e-06,5.0934e-08,2.7748e-07,7.2115e-07,3.0705e-06,6.1098e-06,7.3676e-06,6.8167e-06
P28,0.00,180.00,0.00,0.00,7.9119e-08,3.6796e-07,1.0982e-06,3.2668e-06,7.6179e-06,7.6054e-06,6.7463e-06,7.5725e-08,3.3931e-07,8.4721e-07,3.2775e-06,6.2472e-06,7.5005e-06,7.4004e-06
P28,30.00,0.00,60.00,0.00,7.2237e-08,3.5395e-07,1.0685e-06,3.2296e-06,7.5934e-06,7.5810e-06,6.5995e-06,6.9655e-08,3.2601e-07,8.2116e-07,3.2434e-06,6.2241e-06,7.4777e-06,7.2913e-06
P28,60.00,90.00,60.00,0.00,7.0324e-08,3.0252e-07,9.5009e-07,3.0456e-06,7.4756e-06,7.4631e-06,5.9882e-06,6.7681e-08,2.7748e-07,7.2115e-07,3.0715e-06,6.1100e-06,7.3677e-06,6.8167e-06
P28,0.00,135.00,30.00,0.00,7.3734e-08,3.6795e-07,1.0982e-06,3.2667e-06,7.6179e-06,7.6054e-06,6.7463e-06,7.0662e-08,3.3931e-07,8.4720e-07,3.2773e-06,6.2471e-06,7.5005e-06,7.4004e-06
P28,60.00,0.00,0.00,0.00,9.0415e-08,3.0253e-07,9.5014e-07,3.0457e-06,7.4756e-06,7.4631e-06,5.9882e-06,8.6631e-08,2.7748e-07,7.2117e-07,3.0716e-06,6.1100e-06,7.3677e-06,6.8167e-06
P28,60.00,0.00,60.00,0.00,1.5065e-07,3.0258e-07,9.5026e-07,3.0520e-06,7.4762e-06,7.4638e-06,5.9883e-06,1.4554e-07,2.7749e-07,7.2118e-07,3.0784e-06,6.1112e-06,7.3683e-06,6.8170e-06
P28,30.00,45.00,0.00,0.00,8.3264e-08,3.5396e-07,1.0685e-06,3.2287e-06,7.5933e-06,7.5809e-06,6.5995e-06,7.9693e-08,3.2602e-07,8.2117e-07,3.2425e-06,6.2239e-06,7.4776e-06,7.2913e-06
P28,60.00,180.00,0.00,0.00,9.0415e-08,3.0253e-07,9.5014e-07,3.0457e-06,7.4756e-06,7.4631e-06,5.9882e-06,8.6631e-08,2.7748e-07,7.2117e-07,3.0716e-06,6.1100e-06,7.3677e-06,6.8167e-06
P28,30.00,135.00,0.00,0.00,8.3264e-08,3.5396e-07,1.0685e-06,3.2287e-06,7.5933e-06,7.5809e-06,6.5995e-06,7.9693e-08,3.2602e-07,8.2117e-07,3.2425e-06,6.2239e-06,7.4776e-06,7.2913e-06
P28,0.00,0.00,60.00,0.00,5.1026e-08,3.6793e-07,1.0981e-06,3.2665e-06,7.6179e-06,7.6054e-06,6.7463e-06,4.9210e-08,3.3930e-07,8.4718e-07,3.2772e-06,6.2471e-06,7.5005e-06,7.4004e-06
P28,30.00,45.00,60.00,0.00,6.6262e-08,3.5395e-07,1.0684e-06,3.2292e-06,7.5934e-06,7.5809e-06,6.5995e-06,6.3875e-08,3.2601e-07,8.2115e-07,3.2430e-06,6.2240e-06,7.4777e-06,7.2913e-06
P28,0.00,90.00,0.00,0.00,7.9119e-08,3.6796e-07,1.0982e-06,3.2668e-06,7.6179e-06,7.6054e-06,6.7463e-06,7.5725e-08,3.3931e-07,8.4721e-07,3.2775e-06,6.2472e-06,7.5005e-06,7.4004e-06
P28,30.00,180.00,30.00,0.00,7.1931e-08,3.5395e-07,1.0684e-06,3.2283e-06,7.5933e-06,7.5808e-06,6.5995e-06,6.8907e-08,3.2601e-07,8.2116e-07,3.2421e-06,6.2238e-06,7.4776e-06,7.2912e-06
P28,0.00,180.00,60.00,0.00,5.1026e-08,3.6793e-07,1.0981e-06,3.2665e-06,7.6179e-06,7.6054e-06,6.7463e-06,4.9210e-08,3.3930e-07,8.4718e-07,3.2772e-06,6.2471e-06,7.5005e-06,7.4004e-06
P28,60.00,180.00,30.00,0.00,7.2657e-08,3.0252e-07,9.5010e-07,3.0450e-06,7.4755e-06,7.4630e-06,5.9882e-06,6.9608e-08,2.7748e-07,7.2116e-07,3.0708e-06,6.1098e-06,7.3676e-06,6.8167e-06
P28,30.00,90.00,60.00,0.00,5.5925e-08,3.5394e-07,1.0684e-06,3.2285e-06,7.5933e-06,7.5809e-06,6.5995e-06,5.3893e-08,3.2601e-07,8.2115e-07,3.2423e-06,6.2239e-06,7.4776e-06,7.2913e-06
P28,30.00,90.00,0.00,0.00,8.3264e-08,3.5396e-07,1.0685e-06,3.2287e-06,7.5933e-06,7.5809e-06,6.5995e-06,7.9693e-08,3.2602e-07,8.2117e-07,3.2425e-06,6.2239e-06,7.4776e-06,7.2913e-06
P28,0.00,0.00,30.00,0.00,7.3734e-08,3.6795e-07,1.0982e-06,3.2667e-06,7.6179e-06,7.6054e-06,6.7463e-06,7.0662e-08,3.3931e-07,8.4720e-07,3.2773e-06,6.2471e-06,7.5005e-06,7.4004e-06
P28,0.00,45.00,30.00,0.00,7.3734e-08,3.6795e-07,1.0982e-06,3.2667e-06,7.6179e-06,7.6054e-06,6.7463e-06,7.0662e-08,3.3931e-07,8.4720e-07,3.2773e-06,6.2471e-06,7.5005e-06,7.4004e-06
P28,60.00,90.00,30.00,0.00,8.8464e-08,3.0253e-07,9.5014e-07,3.0458e-06,7.4756e-06,7.4631e-06,5.9882e-06,8.4836e-08,2.7748e-07,7.2116e-07,3.0717e-06,6.1100e-06,7.3677e-06,6.8167e-06
P28,30.00,135.00,30.00,0.00,7.3738e-08,3.5395e-07,1.0685e-06,3.2285e-06,7.5933e-06,7.5809e-06,6.5995e-06,7.0646e-08,3.2601e-07,8.2116e-07,3.2423e-06,6.2238e-06,7.4776e-06,7.2913e-06
P28,30.00,180.00,0.00,0.00,8.3264e-08,3.5396e-07,1.0685e-06,3.2287e-06,7.5933e-06,7.5809e-06,6.5995e-06,7.9693e-08,3.2602e-07,8.2117e-07,3.2425e-06,6.2239e-06,7.4776e-06,7.2913e-06
P28,0.00,90.00,60.00,0.00,5.1026e-08,3.6793e-07,1.0981e-06,3.2665e-06,7.6179e-06,7.6054e-06,6.7463e-06,4.9210e-08,3.3930e-07,8.4718e-07,3.2772e-06,6.2471e-06,7.5005e-06,7.4004e-06
P28,60.00,45.00,0.00,0.00,9.0415e-08,3.0253e-07,9.5014e-07,3.0457e-06,7.4756e-06,7.4631e-06,5.9882e-06,8.6631e-08,2.7748e-07,7.2117e-07,3.0716e-06,6.1100e-06,7.3677e-06,6.8167e-06
P28,30.00,180.00,60.00,0.00,4.6767e-08,3.5393e-07,1.0684e-06,3.2281e-06,7.5933e-06,7.5808e-06,6.5995e-06,4.5072e-08,3.2601e-07,8.2114e-07,3.2418e-06,6.2238e-06,7.4776e-06,7.2912e-06
P28,0.00,45.00,60.00,0.00,5.1026e-08,3.6793e-07,1.0981e-06,3.2665e-06,7.6179e-06,7.6054e-06,6.7463e-06,4.9210e-08,3.3930e-07,8.4718e-07,3.2772e-06,6.2471e-06,7.5005e-06,7.4004e-06
P28,60.00,90.00,0.00,0.00,9.0415e-08,3.0253e-07,9.5014e-07,3.0457e-06,7.4756e-06,7.4631e-06,5.9882e-06,8.6631e-08,2.7748e-07,7.2117e-07,3.0716e-06,6.1100e-06,7.3677e-06,6.8167e-06
P28,30.00,0.00,30.00,0.00,8.7401e-08,3.5397e-07,1.0685e-06,3.2293e-06,7.5934e-06,7.5809e-06,6.5995e-06,8.3811e-08,3.2602e-07,8.2118e-07,3.2431e-06,6.2240e-06,7.4776e-06,7.2913e-06
P28,0.00,135.00,0.00,0.00,7.9119e-08,3.6796e-07,1.0982e-06,3.2668e-06,7.6179e-06,7.6054e-06,6.7463e-06,7.5725e-08,3.3931e-07,8.4721e-07,3.2775e-06,6.2472e-06,7.5005e-06,7.4004e-06
P28,0.00,90.00,30.00,0.00,7.3734e-08,3.6795e-07,1.0982e-06,3.2667e-06,7.6179e-06,7.6054e-06,6.7463e-06,7.0662e-08,3.3931e-07,8.4720e-07,3.2773e-06,6.2471e-06,7.5005e-06,7.4004e-06
P29,60.00,90.00,30.00,0.00,8.5002e-08,2.1794e-07,7.6610e-07,3.5528e-06,8.2709e-06,8.2586e-06,6.4101e-06,8.2140e-08,1.9660e-07,5.5308e-07,3.5822e-06,6.9185e-06,8.1734e-06,7.3958e-06
P29,0.00,0.00,60.00,0.00,5.2103e-08,2.7228e-07,9.2079e-07,3.8074e-06,8.4840e-06,8.4713e-06,7.2935e-06,5.0685e-08,2.4692e-07,6.7003e-07,3.8203e-06,7.0963e-06,8.3726e-06,8.0892e-06
P29,0.00,180.00,60.00,0.00,5.2103e-08,2.7228e-07,9.2079e-07,3.8074e-06,8.4840e-06,8.4713e-06,7.2935e-06,5.0685e-08,2.4692e-07,6.7003e-07,3.8203e-06,7.0963e-06,8.3726e-06,8.0892e-06
P29,30.00,0.00,0.00,0.00,8.2737e-08,2.6042e-07,8.8790e-07,3.7625e-06,8.4472e-06,8.4345e-06,7.1218e-06,7.9737e-08,2.3588e-07,6.4488e-07,3.7788e-06,7.0655e-06,8.3382e-06,7.9589e-06
P29,0.00,90.00,30.00,0.00,7.4070e-08,2.7229e-07,9.2080e-07,3.8076e-06,8.4840e-06,8.4713e-06,7.2935e-06,7.1493e-08,2.4692e-07,6.7003e-07,3.8206e-06,7.0963e-06,8.3726e-06,8.0892e-06
P29,60.00,0.00,0.00,0.00,8.6979e-08,2.1794e-07,7.6610e-07,3.5528e-06,8.2709e-06,8.2586e-06,6.4101e-06,8.3965e-08,1.9660e-07,5.5308e-07,3.5821e-06,6.9185e-06,8.1734e-06,7.3958e-06
P29,0.00,0.00,30.00,0.00,7.4070e-08,2.7229e-07,9.2080e-07,3.8076e-06,8.4840e-06,8.4713e-06,7.2935e-06,7.1493e-08,2.4692e-07,6.7003e-07,3.8206e-06,7.0963e-06,8.3726e-06,8.0892e-06
P29,60.00,0.00,30.00,0.00,1.1065e-07,2.1795e-07,7.6610e-07,3.5543e-06,8.2711e-06,8.2587e-06,6.4101e-06,1.0706e-07,1.9660e-07,5.5308e-07,3.5837e-06,6.9188e-06,8.1736e-06,7.3959e-06
P29,30.00,180.00,0.00,0.00,8.2737e-08,2.6042e-07,8.8790e-07,3.7625e-06,8.4472e-06,8.4345e-06,7.1218e-06,7.9737e-08,2.3588e-07,6.4488e-07,3.7788e-06,7.0655e-06,8.3382e-06,7.9589e-06
P29,0.00,45.00,30.00,0.00,7.4070e-08,2.7229e-07,9.2080e-07,3.8076e-06,8.4840e-06,8.4713e-06,7.2935e-06,7.1493e-08,2.4692e-07,6.7003e-07,3.8206e-06,7.0963e-06,8.3726e-06,8.0892e-06
P29,60.00,180.00,30.00,0.00,7.0609e-08,2.1794e-07,7.6610e-07,3.5522e-06,8.2709e-06,8.2585e-06,6.4101e-06,6.8201e-08,1.9660e-07,5.5308e-07,3.5814e-06,6.9184e-06,8.1734e-06,7.3958e-06
P29,0.00,45.00,60.00,0.00,5.2103e-08,2.7228e-07,9.2079e-07,3.8074e-06,8.4840e-06,8.4713e-06,7.2935e-06,5.0685e-08,2.4692e-07,6.7003e-07,3.8203e-06,7.0963e-06,8.3726e-06,8.0892e-06
P29,0.00,180.00,30.00,0.00,7.4070e-08,2.7229e-07,9.2080e-07,3.8076e-06,8.4840e-06,8.4713e-06,7.2935e-06,7.1493e-08,2.4692e-07,6.7003e-07,3.8206e-06,7.0963e-06,8.3726e-06,8.0892e-06
P29,60.00,45.00,0.00,0.00,8.6979e-08,2.1794e-07,7.6610e-07,3.5528e-06,8.2709e-06,8.2586e-06,6.4101e-06,8.3965e-08,1.9660e-07,5.5308e-07,3.5821e-06,6.9185e-06,8.1734e-06,7.3958e-06
P29,30.00,45.00,30.00,0.00,8.3717e-08,2.6042e-07,8.8790e-07,3.7628e-06,8.4472e-06,8.4346e-06,7.1218e-06,8.0820e-08,2.3588e-07,6.4488e-07,3.7791e-06,7.0655e-06,8.3382e-06,7.9589e-06
P29,60.00,180.00,60.00,0.00,4.7908e-08,2.1793e-07,7.6610e-07,3.5515e-06,8.2708e-06,8.2584e-06,6.4101e-06,4.6543e-08,1.9659e-07,5.5308e-07,3.5808e-06,6.9183e-06,8.1733e-06,7.3958e-06
P29,60.00,135.00,30.00,0.00,7.4131e-08,2.1794e-07,7.6610e-07,3.5523e-06,8.2709e-06,8.2585e-06,6.4101e-06,7.1608e-08,1.9660e-07,5.5308e-07,3.5816e-06,6.9184e-06,8.1734e-06,7.3958e-06
P29,30.00,90.00,0.00,0.00,8.2737e-08,2.6042e-07,8.8790e-07,3.7625e-06,8.4472e-06,8.4345e-06,7.1218e-06,7.9737e-08,2.3588e-07,6.4488e-07,3.7788e-06,7.0655e-06,8.3382e-06,7.9589e-06
P29,30.00,135.00,60.00,0.00,4.9930e-08,2.6040e-07,8.8790e-07,3.7619e-06,8.4471e-06,8.4345e-06,7.1218e-06,4.8552e-08,2.3588e-07,6.4488e-07,3.7782e-06,7.0654e-06,8.3381e-06,7.9589e-06
P29,0.00,135.00,0.00,0.00,7.9340e-08,2.7230e-07,9.2080e-07,3.8077e-06,8.4840e-06,8.4714e-06,7.2935e-06,7.6459e-08,2.4692e-07,6.7003e-07,3.8207e-06,7.0963e-06,8.3726e-06,8.0892e-06
P29,30.00,45.00,0.00,0.00,8.2737e-08,2.6042e-07,8.8790e-07,3.7625e-06,8.4472e-06,8.4345e-06,7.1218e-06,7.9737e-08,2.3588e-07,6.4488e-07,3.7788e-06,7.0655e-06,8.3382e-06,7.9589e-06
P29,30.00,135.00,0.00,0.00,8.2737e-08,2.6042e-07,8.8790e-07,3.7625e-06,8.4472e-06,8.4345e-06,7.1218e-06,7.9737e-08,2.3588e-07,6.4488e-07,3.7788e-06,7.0655e-06,8.3382e-06,7.9589e-06
P29,0.00,135.00,30.00,0.00,7.4070e-08,2.7229e-07,9.2080e-07,3.8076e-06,8.4840e-06,8.4713e-06,7.2935e-06,7.1493e-08,2.4692e-07,6.7003e-07,3.8206e-06,7.0963e-06,8.3726e-06,8.0892e-06
P29,60.00,0.00,60.00,0.00,1.3986e-07,2.1797e-07,7.6610e-07,3.5578e-06,8.2714e-06,8.2590e-06,6.4101e-06,1.3608e-07,1.9660e-07,5.5308e-07,3.5876e-06,6.9195e-06,8.1739e-06,7.3960e-06
P29,0.00,90.00,0.00,0.00,7.9340e-08,2.7230e-07,9.2080e-07,3.8077e-06,8.4840e-06,8.4714e-06,7.2935e-06,7.6459e-08,2.4692e-07,6.7003e-07,3.8207e-06,7.0963e-06,8.3726e-06,8.0892e-06
P29,0.00,90.00,60.00,0.00,5.2103e-08,2.7228e-07,9.2079e-07,3.8074e-06,8.4840e-06,8.4713e-06,7.2935e-06,5.0685e-08,2.4692e-07,6.7003e-07,3.8203e-06,7.0963e-06,8.3726e-06,8.0892e-06
P29,30.00,135.00,30.00,0.00,7.3630e-08,2.6041e-07,8.8790e-07,3.7623e-06,8.4471e-06,8.4345e-06,7.1218e-06,7.1063e-08,2.3588e-07,6.4488e-07,3.7786e-06,7.0654e-06,8.3381e-06,7.9589e-06
P29,30.00,90.00,30.00,0.00,7.8222e-08,2.6042e-07,8.8790e-07,3.7625e-06,8.4472e-06,8.4345e-06,7.1218e-06,7.5502e-08,2.3588e-07,6.4488e-07,3.7788e-06,7.0655e-06,8.3382e-06,7.9589e-06
P29,60.00,45.00,60.00,0.00,1.0432e-07,2.1795e-07,7.6610e-07,3.5550e-06,8.2711e-06,8.2588e-06,6.4101e-06,1.0136e-07,1.9660e-07,5.5308e-07,3.5845e-06,6.9189e-06,8.1736e-06,7.3959e-06
P29,60.00,135.00,0.00,0.00,8.6979e-08,2.1794e-07,7.6610e-07,3.5528e-06,8.2709e-06,8.2586e-06,6.4101e-06,8.3965e-08,1.9660e-07,5.5308e-07,3.5821e-06,6.9185e-06,8.1734e-06,7.3958e-06
P29,0.00,0.00,0.00,0.00,7.9340e-08,2.7230e-07,9.2080e-07,3.8077e-06,8.4840e-06,8.4714e-06,7.2935e-06,7.6459e-08,2.4692e-07,6.7003e-07,3.8207e-06,7.0963e-06,8.3726e-06,8.0892e-06
P29,0.00,180.00,0.00,0.00,7.9340e-08,2.7230e-07,9.2080e-07,3.8077e-06,8.4840e-06,8.4714e-06,7.2935e-06,7.6459e-08,2.4692e-07,6.7003e-07,3.8207e-06,7.0963e-06,8.3726e-06,8.0892e-06
P29,30.00,180.00,60.00,0.00,4.7881e-08,2.6040e-07,8.8790e-07,3.7619e-06,8.4471e-06,8.4345e-06,7.1218e-06,4.6570e-08,2.3588e-07,6.4488e-07,3.7781e-06,7.0654e-06,8.3381e-06,7.9589e-06
P29,60.00,135.00,60.00,0.00,5.2047e-08,2.1793e-07,7.6610e-07,3.5519e-06,8.2709e-06,8.2585e-06,6.4101e-06,5.0549e-08,1.9659e-07,5.5308e-07,3.5811e-06,6.9184e-06,8.1733e-06,7.3958e-06
P29,30.00,45.00,60.00,0.00,6.5708e-08,2.6041e-07,8.8790e-07,3.7628e-06,8.4472e-06,8.4346e-06,7.1218e-06,6.3853e-08,2.3588e-07,6.4488e-07,3.7791e-06,7.0656e-06,8.3382e-06,7.9589e-06
P29,60.00,45.00,30.00,0.00,1.0125e-07,2.1795e-07,7.6610e-07,3.5538e-06,8.2710e-06,8.2586e-06,6.4101e-06,9.7919e-08,1.9660e-07,5.5308e-07,3.5832e-06,6.9187e-06,8.1735e-06,7.3958e-06
P29,60.00,90.00,0.00,0.00,8.6979e-08,2.1794e-07,7.6610e-07,3.5528e-06,8.2709e-06,8.2586e-06,6.4101e-06,8.3965e-08,1.9660e-07,5.5308e-07,3.5821e-06,6.9185e-06,8.1734e-06,7.3958e-06
P29,30.00,180.00,30.00,0.00,7.1948e-08,2.6041e-07,8.8790e-07,3.7621e-06,8.4471e-06,8.4345e-06,7.1218e-06,6.9437e-08,2.3588e-07,6.4488e-07,3.7784e-06,7.0654e-06,8.3381e-06,7.9589e-06
P29,30.00,90.00,60.00,0.00,5.6255e-08,2.6041e-07,8.8790e-07,3.7622e-06,8.4471e-06,8.4345e-06,7.1218e-06,5.4677e-08,2.3588e-07,6.4488e-07,3.7785e-06,7.0655e-06,8.3381e-06,7.9589e-06
P29,60.00,180.00,0.00,0.00,8.6979e-08,2.1794e-07,7.6610e-07,3.5528e-06,8.2709e-06,8.2586e-06,6.4101e-06,8.3965e-08,1.9660e-07,5.5308e-07,3.5821e-06,6.9185e-06,8.1734e-06,7.3958e-06
P29,30.00,0.00,60.00,0.00,7.1173e-08,2.6041e-07,8.8790e-07,3.7631e-06,8.4472e-06,8.4346e-06,7.1218e-06,6.9166e-08,2.3588e-07,6.4488e-07,3.7795e-06,7.0656e-06,8.3382e-06,7.9589e-06
P29,60.00,90.00,60.00,0.00,6.7654e-08,2.1794e-07,7.6610e-07,3.5527e-06,8.2709e-06,8.2585e-06,6.4101e-06,6.5678e-08,1.9659e-07,5.5308e-07,3.5820e-06,6.9185e-06,8.1734e-06,7.3958e-06
P29,0.00,45.00,0.00,0.00,7.9340e-08,2.7230e-07,9.2080e-07,3.8077e-06,8.4840e-06,8.4714e-06,7.2935e-06,7.6459e-08,2.4692e-07,6.7003e-07,3.8207e-06,7.0963e-06,8.3726e-06,8.0892e-06
P29,30.00,0.00,30.00,0.00,8.6349e-08,2.6042e-07,8.8790e-07,3.7629e-06,8.4472e-06,8.4346e-06,7.1218e-06,8.3369e-08,2.3588e-07,6.4488e-07,3.7793e-06,7.0656e-06,8.3382e-06,7.9589e-06
P29,0.00,135.00,60.00,0.00,5.2103e-08,2.7228e-07,9.2079e-07,3.8074e-06,8.4840e-06,8.4713e-06,7.2935e-06,5.0685e-08,2.4692e-07,6.7003e-07,3.8203e-06,7.0963e-06,8.3726e-06,8.0892e-06
P30,0.00,90.00,30.00,0.00,7.2782e-08,3.7170e-07,1.0785e-06,3.1408e-06,7.3976e-06,7.3852e-06,6.7842e-06,6.9721e-08,3.4384e-07,8.3996e-07,3.1409e-06,6.0323e-06,7.2787e-06,7.3529e-06
P30,30.00,90.00,0.00,0.00,8.2384e-08,3.5837e-07,1.0520e-06,3.1096e-06,7.3805e-06,7.3681e-06,6.6520e-06,7.8826e-08,3.3110e-07,8.1643e-07,3.1124e-06,6.0157e-06,7.2629e-06,7.2592e-06
P30,60.00,0.00,60.00,0.00,1.4984e-07,3.0806e-07,9.4552e-07,2.9608e-06,7.2921e-06,7.2797e-06,6.0853e-06,1.4479e-07,2.8321e-07,7.2516e-07,2.9740e-06,5.9305e-06,7.1812e-06,6.8412e-06
P30,60.00,0.00,30.00,0.00,1.1597e-07,3.0803e-07,9.4547e-07,2.9563e-06,7.2916e-06,7.2792e-06,6.0852e-06,1.1143e-07,2.8320e-07,7.2516e-07,2.9691e-06,5.9296e-06,7.1807e-06,6.8410e-06
P30,30.00,45.00,0.00,0.00,8.2384e-08,3.5837e-07,1.0520e-06,3.1096e-06,7.3805e-06,7.3681e-06,6.6520e-06,7.8826e-08,3.3110e-07,8.1643e-07,3.1124e-06,6.0157e-06,7.2629e-06,7.2592e-06
P30,60.00,180.00,30.00,0.00,7.2004e-08,3.0798e-07,9.4533e-07,2.9537e-06,7.2914e-06,7.2790e-06,6.0851e-06,6.8976e-08,2.8320e-07,7.2513e-07,2.9663e-06,5.9291e-06,7.1805e-06,6.8408e-06
P30,60.00,135.00,60.00,0.00,5.2219e-08,3.0797e-07,9.4528e-07,2.9533e-06,7.2914e-06,7.2790e-06,6.0851e-06,5.0236e-08,2.8320e-07,7.2512e-07,2.9660e-06,5.9291e-06,7.1804e-06,6.8408e-06
P30,0.00,45.00,60.00,0.00,5.0025e-08,3.7168e-07,1.0784e-06,3.1406e-06,7.3976e-06,7.3852e-06,6.7842e-06,4.8224e-08,3.4383e-07,8.3993e-07,3.1407e-06,6.0323e-06,7.2787e-06,7.3529e-06
P30,30.00,180.00,30.00,0.00,7.1037e-08,3.5835e-07,1.0519e-06,3.1092e-06,7.3805e-06,7.3681e-06,6.6520e-06,6.8026e-08,3.3110e-07,8.1641e-07,3.1119e-06,6.0157e-06,7.2629e-06,7.2592e-06
P30,0.00,180.00,0.00,0.00,7.8177e-08,3.7170e-07,1.0785e-06,3.1409e-06,7.3976e-06,7.3852e-06,6.7842e-06,7.4793e-08,3.4384e-07,8.3997e-07,3.1410e-06,6.0323e-06,7.2787e-06,7.3529e-06
P30,0.00,0.00,0.00,0.00,7.8177e-08,3.7170e-07,1.0785e-06,3.1409e-06,7.3976e-06,7.3852e-06,6.7842e-06,7.4793e-08,3.4384e-07,8.3997e-07,3.1410e-06,6.0323e-06,7.2787e-06,7.3529e-06
P30,60.00,135.00,0.00,0.00,8.9785e-08,3.0800e-07,9.4538e-07,2.9545e-06,7.2915e-06,7.2791e-06,6.0852e-06,8.6025e-08,2.8320e-07,7.2514e-07,2.9672e-06,5.9292e-06,7.1805e-06,6.8409e-06
P30,0.00,90.00,60.00,0.00,5.0025e-08,3.7168e-07,1.0784e-06,3.1406e-06,7.3976e-06,7.3852e-06,6.7842e-06,4.8224e-08,3.4383e-07,8.3993e-07,3.1407e-06,6.0323e-06,7.2787e-06,7.3529e-06
P30,0.00,180.00,60.00,0.00,5.0025e-08,3.7168e-07,1.0784e-06,3.1406e-06,7.3976e-06,7.3852e-06,6.7842e-06,4.8224e-08,3.4383e-07,8.3993e-07,3.1407e-06,6.0323e-06,7.2787e-06,7.3529e-06
P30,0.00,90.00,0.00,0.00,7.8177e-08,3.7170e-07,1.0785e-06,3.1409e-06,7.3976e-06,7.3852e-06,6.7842e-06,7.4793e-08,3.4384e-07,8.3997e-07,3.1410e-06,6.0323e-06,7.2787e-06,7.3529e-06
P30,30.00,180.00,0.00,0.00,8.2384e-08,3.5837e-07,1.0520e-06,3.1096e-06,7.3805e-06,7.3681e-06,6.6520e-06,7.8826e-08,3.3110e-07,8.1643e-07,3.1124e-06,6.0157e-06,7.2629e-06,7.2592e-06
P30,0.00,45.00,30.00,0.00,7.2782e-08,3.7170e-07,1.0785e-06,3.1408e-06,7.3976e-06,7.3852e-06,6.7842e-06,6.9721e-08,3.4384e-07,8.3996e-07,3.1409e-06,6.0323e-06,7.2787e-06,7.3529e-06
P30,60.00,90.00,60.00,0.00,6.9584e-08,3.0798e-07,9.4531e-07,2.9543e-06,7.2915e-06,7.2791e-06,6.0851e-06,6.6975e-08,2.8320e-07,7.2512e-07,2.9671e-06,5.9292e-06,7.1805e-06,6.8409e-06
P30,30.00,45.00,60.00,0.00,6.5294e-08,3.5835e-07,1.0519e-06,3.1101e-06,7.3806e-06,7.3682e-06,6.6521e-06,6.2931e-08,3.3110e-07,8.1640e-07,3.1129e-06,6.0158e-06,7.2630e-06,7.2592e-06
P30,0.00,135.00,0.00,0.00,7.8177e-08,3.7170e-07,1.0785e-06,3.1409e-06,7.3976e-06,7.3852e-06,6.7842e-06,7.4793e-08,3.4384e-07,8.3997e-07,3.1410e-06,6.0323e-06,7.2787e-06,7.3529e-06
P30,30.00,0.00,0.00,0.00,8.2384e-08,3.5837e-07,1.0520e-06,3.1096e-06,7.3805e-06,7.3681e-06,6.6520e-06,7.8826e-08,3.3110e-07,8.1643e-07,3.1124e-06,6.0157e-06,7.2629e-06,7.2592e-06
P30,0.00,135.00,30.00,0.00,7.2782e-08,3.7170e-07,1.0785e-06,3.1408e-06,7.3976e-06,7.3852e-06,6.7842e-06,6.9721e-08,3.4384e-07,8.3996e-07,3.1409e-06,6.0323e-06,7.2787e-06,7.3529e-06
P30,0.00,45.00,0.00,0.00,7.8177e-08,3.7170e-07,1.0785e-06,3.1409e-06,7.3976e-06,7.3852e-06,6.7842e-06,7.4793e-08,3.4384e-07,8.3997e-07,3.1410e-06,6.0323e-06,7.2787e-06,7.3529e-06
P30,60.00,45.00,60.00,0.00,1.1034e-07,3.0802e-07,9.4541e-07,2.9572e-06,7.2918e-06,7.2794e-06,6.0852e-06,1.0642e-07,2.8320e-07,7.2514e-07,2.9702e-06,5.9298e-06,7.1808e-06,6.8410e-06
P30,30.00,0.00,30.00,0.00,8.6505e-08,3.5837e-07,1.0520e-06,3.1102e-06,7.3806e-06,7.3682e-06,6.6521e-06,8.2932e-08,3.3110e-07,8.1643e-07,3.1130e-06,6.0158e-06,7.2629e-06,7.2592e-06
P30,30.00,135.00,30.00,0.00,7.2844e-08,3.5836e-07,1.0519e-06,3.1094e-06,7.3805e-06,7.3681e-06,6.6520e-06,6.9766e-08,3.3110e-07,8.1641e-07,3.1121e-06,6.0157e-06,7.2629e-06,7.2592e-06
P30,60.00,180.00,60.00,0.00,4.7611e-08,3.0796e-07,9.4527e-07,2.9529e-06,7.2913e-06,7.2789e-06,6.0851e-06,4.5802e-08,2.8319e-07,7.2512e-07,2.9656e-06,5.9290e-06,7.1804e-06,6.8408e-06
P30,60.00,45.00,30.00,0.00,1.0566e-07,3.0802e-07,9.4543e-07,2.9556e-06,7.2916e-06,7.2792e-06,6.0852e-06,1.0145e-07,2.8320e-07,7.2515e-07,2.9684e-06,5.9294e-06,7.1807e-06,6.8410e-06
P30,60.00,45.00,0.00,0.00,8.9785e-08,3.0800e-07,9.4538e-07,2.9545e-06,7.2915e-06,7.2791e-06,6.0852e-06,8.6025e-08,2.8320e-07,7.2514e-07,2.9672e-06,5.9292e-06,7.1805e-06,6.8409e-06
P30,30.00,180.00,60.00,0.00,4.5825e-08,3.5833e-07,1.0519e-06,3.1089e-06,7.3805e-06,7.3681e-06,6.6520e-06,4.4144e-08,3.3109e-07,8.1639e-07,3.1117e-06,6.0156e-06,7.2629e-06,7.2591e-06
P30,30.00,90.00,60.00,0.00,5.4970e-08,3.5834e-07,1.0519e-06,3.1094e-06,7.3805e-06,7.3681e-06,6.6520e-06,5.2957e-08,3.3109e-07,8.1639e-07,3.1122e-06,6.0157e-06,7.2629e-06,7.2592e-06
P30,60.00,90.00,30.00,0.00,8.7814e-08,3.0800e-07,9.4537e-07,2.9545e-06,7.2915e-06,7.2791e-06,6.0852e-06,8.4213e-08,2.8320e-07,7.2514e-07,2.9672e-06,5.9292e-06,7.1805e-06,6.8409e-06
P30,0.00,135.00,60.00,0.00,5.0025e-08,3.7168e-07,1.0784e-06,3.1406e-06,7.3976e-06,7.3852e-06,6.7842e-06,4.8224e-08,3.4383e-07,8.3993e-07,3.1407e-06,6.0323e-06,7.2787e-06,7.3529e-06
P30,60.00,90.00,0.00,0.00,8.9785e-08,3.0800e-07,9.4538e-07,2.9545e-06,7.2915e-06,7.2791e-06,6.0852e-06,8.6025e-08,2.8320e-07,7.2514e-07,2.9672e-06,5.9292e-06,7.1805e-06,6.8409e-06
P30,30.00,135.00,60.00,0.00,4.8063e-08,3.5833e-07,1.0519e-06,3.1090e-06,7.3805e-06,7.3681e-06,6.6520e-06,4.6298e-08,3.3109e-07,8.1639e-07,3.1118e-06,6.0157e-06,7.2629e-06,7.2591e-06
P30,60.00,0.00,0.00,0.00,8.9785e-08,3.0800e-07,9.4538e-07,2.9545e-06,7.2915e-06,7.2791e-06,6.0852e-06,8.6025e-08,2.8320e-07,7.2514e-07,2.9672e-06,5.9292e-06,7.1805e-06,6.8409e-06
P30,30.00,135.00,0.00,0.00,8.2384e-08,3.5837e-07,1.0520e-06,3.1096e-06,7.3805e-06,7.3681e-06,6.6520e-06,7.8826e-08,3.3110e-07,8.1643e-07,3.1124e-06,6.0157e-06,7.2629e-06,7.2592e-06
P30,0.00,0.00,30.00,0.00,7.2782e-08,3.7170e-07,1.0785e-06,3.1408e-06,7.3976e-06,7.3852e-06,6.7842e-06,6.9721e-08,3.4384e-07,8.3996e-07,3.1409e-06,6.0323e-06,7.2787e-06,7.3529e-06
P30,30.00,0.00,60.00,0.00,7.1261e-08,3.5836e-07,1.0519e-06,3.1104e-06,7.3806e-06,7.3682e-06,6.6521e-06,6.8706e-08,3.3110e-07,8.1640e-07,3.1133e-06,6.0159e-06,7.2630e-06,7.2592e-06
P30,30.00,45.00,30.00,0.00,8.3678e-08,3.5837e-07,1.0520e-06,3.1100e-06,7.3806e-06,7.3682e-06,6.6521e-06,8.0205e-08,3.3110e-07,8.1643e-07,3.1128e-06,6.0158e-06,7.2629e-06,7.2592e-06
P30,0.00,180.00,30.00,0.00,7.2782e-08,3.7170e-07,1.0785e-06,3.1408e-06,7.3976e-06,7.3852e-06,6.7842e-06,6.9721e-08,3.4384e-07,8.3996e-07,3.1409e-06,6.0323e-06,7.2787e-06,7.3529e-06
P30,0.00,0.00,60.00,0.00,5.0025e-08,3.7168e-07,1.0784e-06,3.1406e-06,7.3976e-06,7.3852e-06,6.7842e-06,4.8224e-08,3.4383e-07,8.3993e-07,3.1407e-06,6.0323e-06,7.2787e-06,7.3529e-06
P30,30.00,90.00,30.00,0.00,7.7776e-08,3.5836e-07,1.0520e-06,3.1097e-06,7.3806e-06,7.3681e-06,6.6520e-06,7.4516e-08,3.3110e-07,8.1642e-07,3.1124e-06,6.0157e-06,7.2629e-06,7.2592e-06
P30,60.00,180.00,0.00,0.00,8.9785e-08,3.0800e-07,9.4538e-07,2.9545e-06,7.2915e-06,7.2791e-06,6.0852e-06,8.6025e-08,2.8320e-07,7.2514e-07,2.9672e-06,5.9292e-06,7.1805e-06,6.8409e-06
P30,60.00,135.00,30.00,0.00,7.5873e-08,3.0799e-07,9.4534e-07,2.9538e-06,7.2914e-06,7.2790e-06,6.0851e-06,7.2701e-08,2.8320e-07,7.2513e-07,2.9665e-06,5.9291e-06,7.1805e-06,6.8409e-06
P31,0.00,45.00,30.00,0.00,7.5122e-08,4.9168e-07,1.3482e-06,3.3332e-06,7.7423e-06,7.7296e-06,6.8716e-06,7.1945e-08,4.5746e-07,1.0927e-06,3.3440e-06,6.3410e-06,7.6206e-06,7.5401e-06
P31,30.00,135.00,0.00,0.00,8.4846e-08,4.7075e-07,1.3215e-06,3.2980e-06,7.7239e-06,7.7112e-06,6.7237e-06,8.1149e-08,4.3689e-07,1.0660e-06,3.3119e-06,6.3230e-06,7.6036e-06,7.4332e-06
P31,60.00,45.00,60.00,0.00,1.1453e-07,3.8629e-07,1.2048e-06,3.1238e-06,7.6278e-06,7.6151e-06,6.0999e-06,1.1026e-07,3.5432e-07,9.5018e-07,3.1494e-06,6.2279e-06,7.5150e-06,6.9602e-06
P31,0.00,0.00,30.00,0.00,7.5122e-08,4.9168e-07,1.3482e-06,3.3332e-06,7.7423e-06,7.7296e-06,6.8716e-06,7.1945e-08,4.5746e-07,1.0927e-06,3.3440e-06,6.3410e-06,7.6206e-06,7.5401e-06
P31,0.00,180.00,60.00,0.00,5.2251e-08,4.9162e-07,1.3480e-06,3.3330e-06,7.7423e-06,7.7296e-06,6.8716e-06,5.0352e-08,4.5743e-07,1.0926e-06,3.3438e-06,6.3410e-06,7.6206e-06,7.5401e-06
P31,60.00,45.00,30.00,0.00,1.0910e-07,3.8627e-07,1.2046e-06,3.1221e-06,7.6277e-06,7.6149e-06,6.0998e-06,1.0462e-07,3.5432e-07,9.5011e-07,3.1476e-06,6.2276e-06,7.5148e-06,6.9601e-06
P31,60.00,0.00,30.00,0.00,1.1967e-07,3.8631e-07,1.2048e-06,3.1227e-06,7.6277e-06,7.6150e-06,6.0999e-06,1.1483e-07,3.5434e-07,9.5022e-07,3.1483e-06,6.2277e-06,7.5148e-06,6.9602e-06
P31,0.00,135.00,60.00,0.00,5.2251e-08,4.9162e-07,1.3480e-06,3.3330e-06,7.7423e-06,7.7296e-06,6.8716e-06,5.0352e-08,4.5743e-07,1.0926e-06,3.3438e-06,6.3410e-06,7.6206e-06,7.5401e-06
P31,60.00,45.00,0.00,0.00,9.2740e-08,3.8621e-07,1.2042e-06,3.1208e-06,7.6275e-06,7.6148e-06,6.0998e-06,8.8758e-08,3.5430e-07,9.4993e-07,3.1462e-06,6.2274e-06,7.5147e-06,6.9601e-06
P31,0.00,90.00,30.00,0.00,7.5122e-08,4.9168e-07,1.3482e-06,3.3332e-06,7.7423e-06,7.7296e-06,6.8716e-06,7.1945e-08,4.5746e-07,1.0927e-06,3.3440e-06,6.3410e-06,7.6206e-06,7.5401e-06
P31,0.00,90.00,0.00,0.00,8.0528e-08,4.9169e-07,1.3482e-06,3.3333e-06,7.7423e-06,7.7296e-06,6.8716e-06,7.7026e-08,4.5747e-07,1.0927e-06,3.3441e-06,6.3410e-06,7.6206e-06,7.5401e-06
P31,60.00,90.00,0.00,0.00,9.2740e-08,3.8621e-07,1.2042e-06,3.1208e-06,7.6275e-06,7.6148e-06,6.0998e-06,8.8758e-08,3.5430e-07,9.4993e-07,3.1462e-06,6.2274e-06,7.5147e-06,6.9601e-06
P31,30.00,90.00,0.00,0.00,8.4846e-08,4.7075e-07,1.3215e-06,3.2980e-06,7.7239e-06,7.7112e-06,6.7237e-06,8.1149e-08,4.3689e-07,1.0660e-06,3.3119e-06,6.3230e-06,7.6036e-06,7.4332e-06
P31,0.00,180.00,30.00,0.00,7.5122e-08,4.9168e-07,1.3482e-06,3.3332e-06,7.7423e-06,7.7296e-06,6.8716e-06,7.1945e-08,4.5746e-07,1.0927e-06,3.3440e-06,6.3410e-06,7.6206e-06,7.5401e-06
P31,60.00,90.00,30.00,0.00,9.0814e-08,3.8621e-07,1.2042e-06,3.1209e-06,7.6275e-06,7.6148e-06,6.0998e-06,8.6986e-08,3.5430e-07,9.4992e-07,3.1463e-06,6.2274e-06,7.5147e-06,6.9601e-06
P31,0.00,135.00,30.00,0.00,7.5122e-08,4.9168e-07,1.3482e-06,3.3332e-06,7.7423e-06,7.7296e-06,6.8716e-06,7.1945e-08,4.5746e-07,1.0927e-06,3.3440e-06,6.3410e-06,7.6206e-06,7.5401e-06
P31,30.00,45.00,60.00,0.00,6.7894e-08,4.7073e-07,1.3215e-06,3.2984e-06,7.7240e-06,7.7112e-06,6.7237e-06,6.5386e-08,4.3688e-07,1.0659e-06,3.3124e-06,6.3231e-06,7.6037e-06,7.4332e-06
P31,30.00,180.00,60.00,0.00,4.7959e-08,4.7066e-07,1.3211e-06,3.2973e-06,7.7239e-06,7.7111e-06,6.7236e-06,4.6184e-08,4.3685e-07,1.0657e-06,3.3112e-06,6.3229e-06,7.6036e-06,7.4331e-06
P31,60.00,180.00,60.00,0.00,4.9873e-08,3.8610e-07,1.2036e-06,3.1193e-06,7.6274e-06,7.6147e-06,6.0998e-06,4.7927e-08,3.5425e-07,9.4963e-07,3.1446e-06,6.2271e-06,7.5145e-06,6.9600e-06
P31,30.00,0.00,0.00,0.00,8.4846e-08,4.7075e-07,1.3215e-06,3.2980e-06,7.7239e-06,7.7112e-06,6.7237e-06,8.1149e-08,4.3689e-07,1.0660e-06,3.3119e-06,6.3230e-06,7.6036e-06,7.4332e-06
P31,60.00,135.00,60.00,0.00,5.4622e-08,3.8612e-07,1.2037e-06,3.1197e-06,7.6274e-06,7.6147e-06,6.0998e-06,5.2486e-08,3.5426e-07,9.4968e-07,3.1450e-06,6.2272e-06,7.5146e-06,6.9600e-06
P31,60.00,135.00,0.00,0.00,9.2740e-08,3.8621e-07,1.2042e-06,3.1208e-06,7.6275e-06,7.6148e-06,6.0998e-06,8.8758e-08,3.5430e-07,9.4993e-07,3.1462e-06,6.2274e-06,7.5147e-06,6.9601e-06
P31,0.00,0.00,60.00,0.00,5.2251e-08,4.9162e-07,1.3480e-06,3.3330e-06,7.7423e-06,7.7296e-06,6.8716e-06,5.0352e-08,4.5743e-07,1.0926e-06,3.3438e-06,6.3410e-06,7.6206e-06,7.5401e-06
P31,30.00,45.00,0.00,0.00,8.4846e-08,4.7075e-07,1.3215e-06,3.2980e-06,7.7239e-06,7.7112e-06,6.7237e-06,8.1149e-08,4.3689e-07,1.0660e-06,3.3119e-06,6.3230e-06,7.6036e-06,7.4332e-06
P31,30.00,135.00,30.00,0.00,7.5220e-08,4.7072e-07,1.3214e-06,3.2977e-06,7.7239e-06,7.7111e-06,6.7237e-06,7.2015e-08,4.3688e-07,1.0659e-06,3.3116e-06,6.3230e-06,7.6036e-06,7.4331e-06
P31,30.00,90.00,60.00,0.00,5.7323e-08,4.7069e-07,1.3213e-06,3.2978e-06,7.7239e-06,7.7112e-06,6.7236e-06,5.5191e-08,4.3686e-07,1.0658e-06,3.3117e-06,6.3230e-06,7.6036e-06,7.4331e-06
P31,60.00,180.00,0.00,0.00,9.2740e-08,3.8621e-07,1.2042e-06,3.1208e-06,7.6275e-06,7.6148e-06,6.0998e-06,8.8758e-08,3.5430e-07,9.4993e-07,3.1462e-06,6.2274e-06,7.5147e-06,6.9601e-06
P31,30.00,0.00,30.00,0.00,8.9124e-08,4.7078e-07,1.3217e-06,3.2985e-06,7.7240e-06,7.7112e-06,6.7237e-06,8.5397e-08,4.3691e-07,1.0661e-06,3.3125e-06,6.3231e-06,7.6036e-06,7.4332e-06
P31,0.00,135.00,0.00,0.00,8.0528e-08,4.9169e-07,1.3482e-06,3.3333e-06,7.7423e-06,7.7296e-06,6.8716e-06,7.7026e-08,4.5747e-07,1.0927e-06,3.3441e-06,6.3410e-06,7.6206e-06,7.5401e-06
P31,0.00,180.00,0.00,0.00,8.0528e-08,4.9169e-07,1.3482e-06,3.3333e-06,7.7423e-06,7.7296e-06,6.8716e-06,7.7026e-08,4.5747e-07,1.0927e-06,3.3441e-06,6.3410e-06,7.6206e-06,7.5401e-06
P31,60.00,135.00,30.00,0.00,7.8578e-08,3.8617e-07,1.2040e-06,3.1202e-06,7.6275e-06,7.6147e-06,6.0998e-06,7.5213e-08,3.5428e-07,9.4981e-07,3.1456e-06,6.2273e-06,7.5146e-06,6.9601e-06
P31,60.00,0.00,60.00,0.00,1.5523e-07,3.8643e-07,1.2058e-06,3.1274e-06,7.6282e-06,7.6155e-06,6.0999e-06,1.4972e-07,3.5438e-07,9.5064e-07,3.1533e-06,6.2286e-06,7.5154e-06,6.9604e-06
P31,30.00,180.00,30.00,0.00,7.3381e-08,4.7071e-07,1.3213e-06,3.2975e-06,7.7239e-06,7.7111e-06,6.7236e-06,7.0247e-08,4.3687e-07,1.0659e-06,3.3114e-06,6.3229e-06,7.6036e-06,7.4331e-06
P31,0.00,45.00,0.00,0.00,8.0528e-08,4.9169e-07,1.3482e-06,3.3333e-06,7.7423e-06,7.7296e-06,6.8716e-06,7.7026e-08,4.5747e-07,1.0927e-06,3.3441e-06,6.3410e-06,7.6206e-06,7.5401e-06
P31,30.00,0.00,60.00,0.00,7.4004e-08,4.7075e-07,1.3217e-06,3.2988e-06,7.7240e-06,7.7113e-06,6.7237e-06,7.1288e-08,4.3689e-07,1.0660e-06,3.3128e-06,6.3232e-06,7.6037e-06,7.4332e-06
P31,60.00,90.00,60.00,0.00,7.2519e-08,3.8616e-07,1.2040e-06,3.1207e-06,7.6275e-06,7.6148e-06,6.0998e-06,6.9698e-08,3.5428e-07,9.4980e-07,3.1462e-06,6.2274e-06,7.5147e-06,6.9601e-06
P31,30.00,90.00,30.00,0.00,8.0240e-08,4.7075e-07,1.3215e-06,3.2980e-06,7.7239e-06,7.7112e-06,6.7237e-06,7.6842e-08,4.3689e-07,1.0660e-06,3.3119e-06,6.3230e-06,7.6036e-06,7.4332e-06
P31,60.00,0.00,0.00,0.00,9.2740e-08,3.8621e-07,1.2042e-06,3.1208e-06,7.6275e-06,7.6148e-06,6.0998e-06,8.8758e-08,3.5430e-07,9.4993e-07,3.1462e-06,6.2274e-06,7.5147e-06,6.9601e-06
P31,30.00,45.00,30.00,0.00,8.6247e-08,4.7077e-07,1.3217e-06,3.2983e-06,7.7239e-06,7.7112e-06,6.7237e-06,8.2624e-08,4.3690e-07,1.0660e-06,3.3123e-06,6.3231e-06,7.6036e-06,7.4332e-06
P31,0.00,90.00,60.00,0.00,5.2251e-08,4.9162e-07,1.3480e-06,3.3330e-06,7.7423e-06,7.7296e-06,6.8716e-06,5.0352e-08,4.5743e-07,1.0926e-06,3.3438e-06,6.3410e-06,7.6206e-06,7.5401e-06
P31,0.00,0.00,0.00,0.00,8.0528e-08,4.9169e-07,1.3482e-06,3.3333e-06,7.7423e-06,7.7296e-06,6.8716e-06,7.7026e-08,4.5747e-07,1.0927e-06,3.3441e-06,6.3410e-06,7.6206e-06,7.5401e-06
P31,60.00,180.00,30.00,0.00,7.4613e-08,3.8616e-07,1.2039e-06,3.1200e-06,7.6275e-06,7.6147e-06,6.0998e-06,7.1403e-08,3.5428e-07,9.4978e-07,3.1454e-06,6.2272e-06,7.5146e-06,6.9600e-06
P31,30.00,180.00,0.00,0.00,8.4846e-08,4.7075e-07,1.3215e-06,3.2980e-06,7.7239e-06,7.7112e-06,6.7237e-06,8.1149e-08,4.3689e-07,1.0660e-06,3.3119e-06,6.3230e-06,7.6036e-06,7.4332e-06
P31,30.00,135.00,60.00,0.00,5.0251e-08,4.7066e-07,1.3211e-06,3.2974e-06,7.7239e-06,7.7111e-06,6.7236e-06,4.8386e-08,4.3685e-07,1.0657e-06,3.3113e-06,6.3229e-06,7.6036e-06,7.4331e-06
P31,0.00,45.00,60.00,0.00,5.2251e-08,4.9162e-07,1.3480e-06,3.3330e-06,7.7423e-06,7.7296e-06,6.8716e-06,5.0352e-08,4.5743e-07,1.0926e-06,3.3438e-06,6.3410e-06,7.6206e-06,7.5401e-06
P32,60.00,180.00,30.00,0.00,7.6279e-08,2.8935e-07,1.0543e-06,3.5643e-06,8.3507e-06,8.3376e-06,6.2923e-06,7.3239e-08,2.6044e-07,7.6742e-07,3.5918e-06,6.9110e-06,8.2396e-06,7.4007e-06
P32,0.00,0.00,0.00,0.00,8.3264e-08,3.8264e-07,1.2619e-06,3.8180e-06,8.5072e-06,8.4941e-06,7.2227e-06,7.9905e-08,3.4855e-07,9.4918e-07,3.8276e-06,7.0635e-06,8.3855e-06,8.0938e-06
P32,30.00,135.00,30.00,0.00,7.7776e-08,3.6246e-07,1.2206e-06,3.7745e-06,8.4806e-06,8.4675e-06,7.0441e-06,7.4715e-08,3.2936e-07,9.1185e-07,3.7878e-06,7.0378e-06,8.3606e-06,7.9651e-06
P32,0.00,90.00,60.00,0.00,5.5207e-08,3.8262e-07,1.2618e-06,3.8177e-06,8.5072e-06,8.4941e-06,7.2226e-06,5.3423e-08,3.4855e-07,9.4914e-07,3.8273e-06,7.0635e-06,8.3855e-06,8.0938e-06
P32,0.00,90.00,0.00,0.00,8.3264e-08,3.8264e-07,1.2619e-06,3.8180e-06,8.5072e-06,8.4941e-06,7.2227e-06,7.9905e-08,3.4855e-07,9.4918e-07,3.8276e-06,7.0635e-06,8.3855e-06,8.0938e-06
P32,60.00,45.00,0.00,0.00,9.4097e-08,2.8936e-07,1.0543e-06,3.5651e-06,8.3508e-06,8.3377e-06,6.2923e-06,9.0314e-08,2.6044e-07,7.6743e-07,3.5927e-06,6.9112e-06,8.2396e-06,7.4008e-06
P32,60.00,90.00,30.00,0.00,9.2168e-08,2.8936e-07,1.0543e-06,3.5651e-06,8.3508e-06,8.3377e-06,6.2923e-06,8.8538e-08,2.6044e-07,7.6743e-07,3.5927e-06,6.9112e-06,8.2396e-06,7.4008e-06
P32,0.00,0.00,60.00,0.00,5.5207e-08,3.8262e-07,1.2618e-06,3.8177e-06,8.5072e-06,8.4941e-06,7.2226e-06,5.3423e-08,3.4855e-07,9.4914e-07,3.8273e-06,7.0635e-06,8.3855e-06,8.0938e-06
P32,60.00,0.00,0.00,0.00,9.4097e-08,2.8936e-07,1.0543e-06,3.5651e-06,8.3508e-06,8.3377e-06,6.2923e-06,9.0314e-08,2.6044e-07,7.6743e-07,3.5927e-06,6.9112e-06,8.2396e-06,7.4008e-06
P32,0.00,180.00,60.00,0.00,5.5207e-08,3.8262e-07,1.2618e-06,3.8177e-06,8.5072e-06,8.4941e-06,7.2226e-06,5.3423e-08,3.4855e-07,9.4914e-07,3.8273e-06,7.0635e-06,8.3855e-06,8.0938e-06
P32,60.00,0.00,30.00,0.00,1.2048e-07,2.8939e-07,1.0544e-06,3.5669e-06,8.3510e-06,8.3378e-06,6.2923e-06,1.1588e-07,2.6044e-07,7.6745e-07,3.5946e-06,6.9115e-06,8.2398e-06,7.4009e-06
P32,60.00,0.00,60.00,0.00,1.5495e-07,2.8943e-07,1.0545e-06,3.5715e-06,8.3514e-06,8.3383e-06,6.2924e-06,1.4976e-07,2.6045e-07,7.6746e-07,3.5996e-06,6.9124e-06,8.2403e-06,7.4011e-06
P32,30.00,180.00,60.00,0.00,5.0804e-08,3.6243e-07,1.2205e-06,3.7741e-06,8.4806e-06,8.4675e-06,7.0441e-06,4.9140e-08,3.2935e-07,9.1182e-07,3.7873e-06,7.0377e-06,8.3606e-06,7.9651e-06
P32,30.00,135.00,0.00,0.00,8.7303e-08,3.6247e-07,1.2207e-06,3.7747e-06,8.4806e-06,8.4675e-06,7.0441e-06,8.3762e-08,3.2936e-07,9.1186e-07,3.7880e-06,7.0378e-06,8.3607e-06,7.9651e-06
P32,30.00,135.00,60.00,0.00,5.3055e-08,3.6244e-07,1.2205e-06,3.7742e-06,8.4806e-06,8.4675e-06,7.0441e-06,5.1305e-08,3.2935e-07,9.1182e-07,3.7874e-06,7.0377e-06,8.3606e-06,7.9651e-06
P32,0.00,90.00,30.00,0.00,7.7890e-08,3.8264e-07,1.2619e-06,3.8179e-06,8.5072e-06,8.4941e-06,7.2227e-06,7.4852e-08,3.4855e-07,9.4916e-07,3.8275e-06,7.0635e-06,8.3855e-06,8.0938e-06
P32,60.00,135.00,0.00,0.00,9.4097e-08,2.8936e-07,1.0543e-06,3.5651e-06,8.3508e-06,8.3377e-06,6.2923e-06,9.0314e-08,2.6044e-07,7.6743e-07,3.5927e-06,6.9112e-06,8.2396e-06,7.4008e-06
P32,30.00,180.00,30.00,0.00,7.5963e-08,3.6246e-07,1.2206e-06,3.7743e-06,8.4806e-06,8.4675e-06,7.0441e-06,7.2971e-08,3.2936e-07,9.1184e-07,3.7876e-06,7.0377e-06,8.3606e-06,7.9651e-06
P32,30.00,45.00,30.00,0.00,8.8645e-08,3.6247e-07,1.2207e-06,3.7751e-06,8.4807e-06,8.4675e-06,7.0441e-06,8.5181e-08,3.2936e-07,9.1187e-07,3.7884e-06,7.0379e-06,8.3607e-06,7.9651e-06
P32,60.00,135.00,60.00,0.00,5.6558e-08,2.8933e-07,1.0542e-06,3.5640e-06,8.3507e-06,8.3376e-06,6.2923e-06,5.4561e-08,2.6043e-07,7.6740e-07,3.5915e-06,6.9110e-06,8.2395e-06,7.4007e-06
P32,0.00,135.00,0.00,0.00,8.3264e-08,3.8264e-07,1.2619e-06,3.8180e-06,8.5072e-06,8.4941e-06,7.2227e-06,7.9905e-08,3.4855e-07,9.4918e-07,3.8276e-06,7.0635e-06,8.3855e-06,8.0938e-06
P32,0.00,0.00,30.00,0.00,7.7890e-08,3.8264e-07,1.2619e-06,3.8179e-06,8.5072e-06,8.4941e-06,7.2227e-06,7.4852e-08,3.4855e-07,9.4916e-07,3.8275e-06,7.0635e-06,8.3855e-06,8.0938e-06
P32,30.00,0.00,60.00,0.00,7.6392e-08,3.6246e-07,1.2206e-06,3.7756e-06,8.4807e-06,8.4676e-06,7.0441e-06,7.3827e-08,3.2936e-07,9.1184e-07,3.7889e-06,7.0380e-06,8.3608e-06,7.9652e-06
P32,30.00,90.00,0.00,0.00,8.7303e-08,3.6247e-07,1.2207e-06,3.7747e-06,8.4806e-06,8.4675e-06,7.0441e-06,8.3762e-08,3.2936e-07,9.1186e-07,3.7880e-06,7.0378e-06,8.3607e-06,7.9651e-06
P32,60.00,45.00,60.00,0.00,1.1514e-07,2.8938e-07,1.0544e-06,3.5679e-06,8.3511e-06,8.3379e-06,6.2924e-06,1.1113e-07,2.6044e-07,7.6744e-07,3.5957e-06,6.9117e-06,8.2399e-06,7.4009e-06
P32,0.00,135.00,30.00,0.00,7.7890e-08,3.8264e-07,1.2619e-06,3.8179e-06,8.5072e-06,8.4941e-06,7.2227e-06,7.4852e-08,3.4855e-07,9.4916e-07,3.8275e-06,7.0635e-06,8.3855e-06,8.0938e-06
P32,0.00,45.00,60.00,0.00,5.5207e-08,3.8262e-07,1.2618e-06,3.8177e-06,8.5072e-06,8.4941e-06,7.2226e-06,5.3423e-08,3.4855e-07,9.4914e-07,3.8273e-06,7.0635e-06,8.3855e-06,8.0938e-06
P32,0.00,135.00,60.00,0.00,5.5207e-08,3.8262e-07,1.2618e-06,3.8177e-06,8.5072e-06,8.4941e-06,7.2226e-06,5.3423e-08,3.4855e-07,9.4914e-07,3.8273e-06,7.0635e-06,8.3855e-06,8.0938e-06
P32,30.00,0.00,0.00,0.00,8.7303e-08,3.6247e-07,1.2207e-06,3.7747e-06,8.4806e-06,8.4675e-06,7.0441e-06,8.3762e-08,3.2936e-07,9.1186e-07,3.7880e-06,7.0378e-06,8.3607e-06,7.9651e-06
P32,0.00,45.00,0.00,0.00,8.3264e-08,3.8264e-07,1.2619e-06,3.8180e-06,8.5072e-06,8.4941e-06,7.2227e-06,7.9905e-08,3.4855e-07,9.4918e-07,3.8276e-06,7.0635e-06,8.3855e-06,8.0938e-06
P32,60.00,90.00,0.00,0.00,9.4097e-08,2.8936e-07,1.0543e-06,3.5651e-06,8.3508e-06,8.3377e-06,6.2923e-06,9.0314e-08,2.6044e-07,7.6743e-07,3.5927e-06,6.9112e-06,8.2396e-06,7.4008e-06
P32,30.00,90.00,30.00,0.00,8.2724e-08,3.6246e-07,1.2207e-06,3.7748e-06,8.4807e-06,8.4675e-06,7.0441e-06,7.9477e-08,3.2936e-07,9.1186e-07,3.7881e-06,7.0378e-06,8.3607e-06,7.9651e-06
P32,60.00,180.00,0.00,0.00,9.4097e-08,2.8936e-07,1.0543e-06,3.5651e-06,8.3508e-06,8.3377e-06,6.2923e-06,9.0314e-08,2.6044e-07,7.6743e-07,3.5927e-06,6.9112e-06,8.2396e-06,7.4008e-06
P32,30.00,45.00,60.00,0.00,7.0388e-08,3.6245e-07,1.2206e-06,3.7752e-06,8.4807e-06,8.4676e-06,7.0441e-06,6.8022e-08,3.2936e-07,9.1184e-07,3.7885e-06,7.0379e-06,8.3607e-06,7.9651e-06
P32,0.00,180.00,0.00,0.00,8.3264e-08,3.8264e-07,1.2619e-06,3.8180e-06,8.5072e-06,8.4941e-06,7.2227e-06,7.9905e-08,3.4855e-07,9.4918e-07,3.8276e-06,7.0635e-06,8.3855e-06,8.0938e-06
P32,30.00,180.00,0.00,0.00,8.7303e-08,3.6247e-07,1.2207e-06,3.7747e-06,8.4806e-06,8.4675e-06,7.0441e-06,8.3762e-08,3.2936e-07,9.1186e-07,3.7880e-06,7.0378e-06,8.3607e-06,7.9651e-06
P32,60.00,180.00,60.00,0.00,5.1916e-08,2.8933e-07,1.0542e-06,3.5635e-06,8.3507e-06,8.3375e-06,6.2923e-06,5.0099e-08,2.6043e-07,7.6740e-07,3.5910e-06,6.9109e-06,8.2395e-06,7.4007e-06
P32,60.00,135.00,30.00,0.00,8.0167e-08,2.8935e-07,1.0543e-06,3.5644e-06,8.3507e-06,8.3376e-06,6.2923e-06,7.6979e-08,2.6044e-07,7.6742e-07,3.5920e-06,6.9111e-06,8.2396e-06,7.4008e-06
P32,60.00,45.00,30.00,0.00,1.1011e-07,2.8938e-07,1.0544e-06,3.5663e-06,8.3509e-06,8.3378e-06,6.2923e-06,1.0585e-07,2.6044e-07,7.6745e-07,3.5939e-06,6.9114e-06,8.2397e-06,7.4008e-06
P32,60.00,90.00,60.00,0.00,7.4055e-08,2.8935e-07,1.0543e-06,3.5650e-06,8.3508e-06,8.3377e-06,6.2923e-06,7.1410e-08,2.6044e-07,7.6741e-07,3.5926e-06,6.9112e-06,8.2396e-06,7.4008e-06
P32,30.00,45.00,0.00,0.00,8.7303e-08,3.6247e-07,1.2207e-06,3.7747e-06,8.4806e-06,8.4675e-06,7.0441e-06,8.3762e-08,3.2936e-07,9.1186e-07,3.7880e-06,7.0378e-06,8.3607e-06,7.9651e-06
P32,0.00,45.00,30.00,0.00,7.7890e-08,3.8264e-07,1.2619e-06,3.8179e-06,8.5072e-06,8.4941e-06,7.2227e-06,7.4852e-08,3.4855e-07,9.4916e-07,3.8275e-06,7.0635e-06,8.3855e-06,8.0938e-06
P32,0.00,180.00,30.00,0.00,7.7890e-08,3.8264e-07,1.2619e-06,3.8179e-06,8.5072e-06,8.4941e-06,7.2227e-06,7.4852e-08,3.4855e-07,9.4916e-07,3.8275e-06,7.0635e-06,8.3855e-06,8.0938e-06
P32,30.00,90.00,60.00,0.00,6.0002e-08,3.6244e-07,1.2206e-06,3.7745e-06,8.4806e-06,8.4675e-06,7.0441e-06,5.7997e-08,3.2935e-07,9.1183e-07,3.7878e-06,7.0378e-06,8.3607e-06,7.9651e-06
P32,30.00,0.00,30.00,0.00,9.1481e-08,3.6248e-07,1.2207e-06,3.7753e-06,8.4807e-06,8.4675e-06,7.0441e-06,8.7916e-08,3.2936e-07,9.1187e-07,3.7886e-06,7.0379e-06,8.3607e-06,7.9651e-06
P33,0.00,180.00,30.00,0.00,7.4076e-08,3.0678e-07,9.6111e-07,3.8743e-06,8.6011e-06,8.5884e-06,7.3960e-06,7.1572e-08,2.8092e-07,7.1333e-07,3.8924e-06,7.2047e-06,8.4901e-06,8.1757e-06
P33,0.00,45.00,60.00,0.00,5.2227e-08,3.0677e-07,9.6111e-07,3.8741e-06,8.6011e-06,8.5884e-06,7.3960e-06,5.0868e-08,2.8092e-07,7.1333e-07,3.8922e-06,7.2047e-06,8.4900e-06,8.1757e-06
P33,60.00,45.00,0.00,0.00,8.6635e-08,2.5862e-07,8.1214e-07,3.6202e-06,8.3838e-06,8.3714e-06,6.5171e-06,8.3721e-08,2.3675e-07,6.0328e-07,3.6559e-06,7.0308e-06,8.2877e-06,7.4730e-06
P33,30.00,90.00,30.00,0.00,7.8147e-08,2.9605e-07,9.2925e-07,3.8299e-06,8.5644e-06,8.5517e-06,7.2244e-06,7.5508e-08,2.7103e-07,6.8940e-07,3.8516e-06,7.1757e-06,8.4559e-06,8.0436e-06
P33,30.00,0.00,0.00,0.00,8.2653e-08,2.9605e-07,9.2925e-07,3.8299e-06,8.5644e-06,8.5517e-06,7.2244e-06,7.9734e-08,2.7103e-07,6.8940e-07,3.8516e-06,7.1757e-06,8.4559e-06,8.0436e-06
P33,0.00,90.00,30.00,0.00,7.4076e-08,3.0678e-07,9.6111e-07,3.8743e-06,8.6011e-06,8.5884e-06,7.3960e-06,7.1572e-08,2.8092e-07,7.1333e-07,3.8924e-06,7.2047e-06,8.4901e-06,8.1757e-06
P33,0.00,135.00,0.00,0.00,7.9329e-08,3.0678e-07,9.6111e-07,3.8744e-06,8.6011e-06,8.5884e-06,7.3960e-06,7.6523e-08,2.8092e-07,7.1333e-07,3.8925e-06,7.2047e-06,8.4901e-06,8.1757e-06
P33,30.00,0.00,30.00,0.00,8.6187e-08,2.9606e-07,9.2925e-07,3.8303e-06,8.5644e-06,8.5517e-06,7.2244e-06,8.3296e-08,2.7103e-07,6.8940e-07,3.8521e-06,7.1758e-06,8.4560e-06,8.0436e-06
P33,0.00,0.00,30.00,0.00,7.4076e-08,3.0678e-07,9.6111e-07,3.8743e-06,8.6011e-06,8.5884e-06,7.3960e-06,7.1572e-08,2.8092e-07,7.1333e-07,3.8924e-06,7.2047e-06,8.4901e-06,8.1757e-06
P33,60.00,0.00,60.00,0.00,1.3842e-07,2.5865e-07,8.1214e-07,3.6249e-06,8.3842e-06,8.3718e-06,6.5172e-06,1.3481e-07,2.3675e-07,6.0329e-07,3.6610e-06,7.0317e-06,8.2881e-06,7.4732e-06
P33,60.00,135.00,30.00,0.00,7.3912e-08,2.5862e-07,8.1214e-07,3.6197e-06,8.3837e-06,8.3713e-06,6.5171e-06,7.1476e-08,2.3675e-07,6.0328e-07,3.6554e-06,7.0307e-06,8.2876e-06,7.4730e-06
P33,30.00,180.00,30.00,0.00,7.1940e-08,2.9605e-07,9.2925e-07,3.8295e-06,8.5644e-06,8.5517e-06,7.2244e-06,6.9503e-08,2.7103e-07,6.8940e-07,3.8512e-06,7.1757e-06,8.4559e-06,8.0436e-06
P33,60.00,180.00,30.00,0.00,7.0436e-08,2.5862e-07,8.1214e-07,3.6196e-06,8.3837e-06,8.3713e-06,6.5171e-06,6.8111e-08,2.3675e-07,6.0328e-07,3.6552e-06,7.0307e-06,8.2876e-06,7.4730e-06
P33,30.00,45.00,30.00,0.00,8.3584e-08,2.9606e-07,9.2925e-07,3.8302e-06,8.5644e-06,8.5517e-06,7.2244e-06,8.0772e-08,2.7103e-07,6.8940e-07,3.8519e-06,7.1758e-06,8.4560e-06,8.0436e-06
P33,30.00,180.00,0.00,0.00,8.2653e-08,2.9605e-07,9.2925e-07,3.8299e-06,8.5644e-06,8.5517e-06,7.2244e-06,7.9734e-08,2.7103e-07,6.8940e-07,3.8516e-06,7.1757e-06,8.4559e-06,8.0436e-06
P33,0.00,180.00,0.00,0.00,7.9329e-08,3.0678e-07,9.6111e-07,3.8744e-06,8.6011e-06,8.5884e-06,7.3960e-06,7.6523e-08,2.8092e-07,7.1333e-07,3.8925e-06,7.2047e-06,8.4901e-06,8.1757e-06
P33,30.00,135.00,60.00,0.00,5.0058e-08,2.9604e-07,9.2925e-07,3.8293e-06,8.5643e-06,8.5517e-06,7.2244e-06,4.8737e-08,2.7103e-07,6.8940e-07,3.8510e-06,7.1756e-06,8.4559e-06,8.0435e-06
P33,60.00,135.00,0.00,0.00,8.6635e-08,2.5862e-07,8.1214e-07,3.6202e-06,8.3838e-06,8.3714e-06,6.5171e-06,8.3721e-08,2.3675e-07,6.0328e-07,3.6559e-06,7.0308e-06,8.2877e-06,7.4730e-06
P33,0.00,90.00,60.00,0.00,5.2227e-08,3.0677e-07,9.6111e-07,3.8741e-06,8.6011e-06,8.5884e-06,7.3960e-06,5.0868e-08,2.8092e-07,7.1333e-07,3.8922e-06,7.2047e-06,8.4900e-06,8.1757e-06
P33,60.00,45.00,60.00,0.00,1.0344e-07,2.5863e-07,8.1214e-07,3.6222e-06,8.3839e-06,8.3715e-06,6.5171e-06,1.0061e-07,2.3675e-07,6.0328e-07,3.6581e-06,7.0312e-06,8.2878e-06,7.4731e-06
P33,60.00,180.00,60.00,0.00,4.7930e-08,2.5861e-07,8.1214e-07,3.6190e-06,8.3837e-06,8.3713e-06,6.5171e-06,4.6627e-08,2.3675e-07,6.0328e-07,3.6546e-06,7.0306e-06,8.2876e-06,7.4730e-06
P33,30.00,135.00,0.00,0.00,8.2653e-08,2.9605e-07,9.2925e-07,3.8299e-06,8.5644e-06,8.5517e-06,7.2244e-06,7.9734e-08,2.7103e-07,6.8940e-07,3.8516e-06,7.1757e-06,8.4559e-06,8.0436e-06
P33,30.00,45.00,60.00,0.00,6.5624e-08,2.9605e-07,9.2925e-07,3.8302e-06,8.5644e-06,8.5517e-06,7.2244e-06,6.3845e-08,2.7103e-07,6.8940e-07,3.8519e-06,7.1758e-06,8.4560e-06,8.0436e-06
P33,0.00,0.00,60.00,0.00,5.2227e-08,3.0677e-07,9.6111e-07,3.8741e-06,8.6011e-06,8.5884e-06,7.3960e-06,5.0868e-08,2.8092e-07,7.1333e-07,3.8922e-06,7.2047e-06,8.4900e-06,8.1757e-06
P33,0.00,135.00,30.00,0.00,7.4076e-08,3.0678e-07,9.6111e-07,3.8743e-06,8.6011e-06,8.5884e-06,7.3960e-06,7.1572e-08,2.8092e-07,7.1333e-07,3.8924e-06,7.2047e-06,8.4901e-06,8.1757e-06
P33,30.00,180.00,60.00,0.00,4.8036e-08,2.9604e-07,9.2925e-07,3.8293e-06,8.5643e-06,8.5517e-06,7.2244e-06,4.6781e-08,2.7103e-07,6.8940e-07,3.8510e-06,7.1756e-06,8.4559e-06,8.0435e-06
P33,60.00,45.00,30.00,0.00,1.0068e-07,2.5863e-07,8.1214e-07,3.6211e-06,8.3838e-06,8.3714e-06,6.5171e-06,9.7463e-08,2.3675e-07,6.0328e-07,3.6569e-06,7.0309e-06,8.2877e-06,7.4731e-06
P33,60.00,180.00,0.00,0.00,8.6635e-08,2.5862e-07,8.1214e-07,3.6202e-06,8.3838e-06,8.3714e-06,6.5171e-06,8.3721e-08,2.3675e-07,6.0328e-07,3.6559e-06,7.0308e-06,8.2877e-06,7.4730e-06
P33,30.00,135.00,30.00,0.00,7.3605e-08,2.9605e-07,9.2925e-07,3.8297e-06,8.5644e-06,8.5517e-06,7.2244e-06,7.1113e-08,2.7103e-07,6.8940e-07,3.8514e-06,7.1757e-06,8.4559e-06,8.0436e-06
P33,30.00,90.00,60.00,0.00,5.6297e-08,2.9604e-07,9.2925e-07,3.8296e-06,8.5644e-06,8.5517e-06,7.2244e-06,5.4785e-08,2.7103e-07,6.8940e-07,3.8514e-06,7.1757e-06,8.4559e-06,8.0436e-06
P33,60.00,90.00,60.00,0.00,6.7359e-08,2.5862e-07,8.1214e-07,3.6200e-06,8.3837e-06,8.3713e-06,6.5171e-06,6.5471e-08,2.3675e-07,6.0328e-07,3.6557e-06,7.0308e-06,8.2876e-06,7.4730e-06
P33,60.00,0.00,30.00,0.00,1.0995e-07,2.5863e-07,8.1214e-07,3.6216e-06,8.3839e-06,8.3715e-06,6.5172e-06,1.0649e-07,2.3675e-07,6.0328e-07,3.6574e-06,7.0310e-06,8.2878e-06,7.4731e-06
P33,0.00,90.00,0.00,0.00,7.9329e-08,3.0678e-07,9.6111e-07,3.8744e-06,8.6011e-06,8.5884e-06,7.3960e-06,7.6523e-08,2.8092e-07,7.1333e-07,3.8925e-06,7.2047e-06,8.4901e-06,8.1757e-06
P33,0.00,135.00,60.00,0.00,5.2227e-08,3.0677e-07,9.6111e-07,3.8741e-06,8.6011e-06,8.5884e-06,7.3960e-06,5.0868e-08,2.8092e-07,7.1333e-07,3.8922e-06,7.2047e-06,8.4900e-06,8.1757e-06
P33,60.00,0.00,0.00,0.00,8.6635e-08,2.5862e-07,8.1214e-07,3.6202e-06,8.3838e-06,8.3714e-06,6.5171e-06,8.3721e-08,2.3675e-07,6.0328e-07,3.6559e-06,7.0308e-06,8.2877e-06,7.4730e-06
P33,60.00,90.00,30.00,0.00,8.4640e-08,2.5862e-07,8.1214e-07,3.6202e-06,8.3838e-06,8.3714e-06,6.5171e-06,8.1878e-08,2.3675e-07,6.0328e-07,3.6559e-06,7.0308e-06,8.2877e-06,7.4730e-06
P33,60.00,135.00,60.00,0.00,5.2002e-08,2.5861e-07,8.1214e-07,3.6193e-06,8.3837e-06,8.3713e-06,6.5171e-06,5.0572e-08,2.3675e-07,6.0328e-07,3.6549e-06,7.0306e-06,8.2876e-06,7.4730e-06
P33,0.00,45.00,30.00,0.00,7.4076e-08,3.0678e-07,9.6111e-07,3.8743e-06,8.6011e-06,8.5884e-06,7.3960e-06,7.1572e-08,2.8092e-07,7.1333e-07,3.8924e-06,7.2047e-06,8.4901e-06,8.1757e-06
P33,0.00,180.00,60.00,0.00,5.2227e-08,3.0677e-07,9.6111e-07,3.8741e-06,8.6011e-06,8.5884e-06,7.3960e-06,5.0868e-08,2.8092e-07,7.1333e-07,3.8922e-06,7.2047e-06,8.4900e-06,8.1757e-06
P33,0.00,45.00,0.00,0.00,7.9329e-08,3.0678e-07,9.6111e-07,3.8744e-06,8.6011e-06,8.5884e-06,7.3960e-06,7.6523e-08,2.8092e-07,7.1333e-07,3.8925e-06,7.2047e-06,8.4901e-06,8.1757e-06
P33,0.00,0.00,0.00,0.00,7.9329e-08,3.0678e-07,9.6111e-07,3.8744e-06,8.6011e-06,8.5884e-06,7.3960e-06,7.6523e-08,2.8092e-07,7.1333e-07,3.8925e-06,7.2047e-06,8.4901e-06,8.1757e-06
P33,30.00,0.00,60.00,0.00,7.1016e-08,2.9605e-07,9.2925e-07,3.8304e-06,8.5644e-06,8.5518e-06,7.2244e-06,6.9090e-08,2.7103e-07,6.8940e-07,3.8523e-06,7.1758e-06,8.4560e-06,8.0436e-06
P33,30.00,45.00,0.00,0.00,8.2653e-08,2.9605e-07,9.2925e-07,3.8299e-06,8.5644e-06,8.5517e-06,7.2244e-06,7.9734e-08,2.7103e-07,6.8940e-07,3.8516e-06,7.1757e-06,8.4559e-06,8.0436e-06
P33,60.00,90.00,0.00,0.00,8.6635e-08,2.5862e-07,8.1214e-07,3.6202e-06,8.3838e-06,8.3714e-06,6.5171e-06,8.3721e-08,2.3675e-07,6.0328e-07,3.6559e-06,7.0308e-06,8.2877e-06,7.4730e-06
P33,30.00,90.00,0.00,0.00,8.2653e-08,2.9605e-07,9.2925e-07,3.8299e-06,8.5644e-06,8.5517e-06,7.2244e-06,7.9734e-08,2.7103e-07,6.8940e-07,3.8516e-06,7.1757e-06,8.4559e-06,8.0436e-06
P34,60.00,180.00,30.00,0.00,7.5310e-08,2.5852e-07,8.6030e-07,4.4207e-06,9.5654e-06,9.5528e-06,7.2174e-06,7.3279e-08,2.3464e-07,6.2236e-07,4.4583e-06,8.1974e-06,9.4761e-06,8.3676e-06
P34,0.00,45.00,30.00,0.00,8.0932e-08,3.1600e-07,1.0502e-06,4.7292e-06,9.8591e-06,9.8461e-06,8.2441e-06,7.8712e-08,2.8706e-07,7.5629e-07,4.7471e-06,8.4391e-06,9.7530e-06,9.1906e-06
P34,0.00,0.00,30.00,0.00,8.0932e-08,3.1600e-07,1.0502e-06,4.7292e-06,9.8591e-06,9.8461e-06,8.2441e-06,7.8712e-08,2.8706e-07,7.5629e-07,4.7471e-06,8.4391e-06,9.7530e-06,9.1906e-06
P34,60.00,135.00,30.00,0.00,7.8636e-08,2.5852e-07,8.6030e-07,4.4208e-06,9.5654e-06,9.5528e-06,7.2174e-06,7.6504e-08,2.3464e-07,6.2236e-07,4.4584e-06,8.1974e-06,9.4761e-06,8.3676e-06
P34,0.00,90.00,60.00,0.00,5.9653e-08,3.1600e-07,1.0502e-06,4.7290e-06,9.8591e-06,9.8461e-06,8.2441e-06,5.8514e-08,2.8706e-07,7.5629e-07,4.7469e-06,8.4391e-06,9.7530e-06,9.1906e-06
P34,0.00,135.00,60.00,0.00,5.9653e-08,3.1600e-07,1.0502e-06,4.7290e-06,9.8591e-06,9.8461e-06,8.2441e-06,5.8514e-08,2.8706e-07,7.5629e-07,4.7469e-06,8.4391e-06,9.7530e-06,9.1906e-06
P34,30.00,180.00,30.00,0.00,7.8417e-08,3.0313e-07,1.0088e-06,4.6716e-06,9.8060e-06,9.7931e-06,8.0431e-06,7.6264e-08,2.7528e-07,7.2641e-07,4.6934e-06,8.3945e-06,9.7028e-06,9.0339e-06
P34,60.00,135.00,60.00,0.00,5.7428e-08,2.5851e-07,8.6030e-07,4.4204e-06,9.5654e-06,9.5528e-06,7.2174e-06,5.6234e-08,2.3464e-07,6.2236e-07,4.4580e-06,8.1973e-06,9.4761e-06,8.3676e-06
P34,30.00,0.00,0.00,0.00,8.8809e-08,3.0313e-07,1.0088e-06,4.6719e-06,9.8060e-06,9.7931e-06,8.0431e-06,8.6205e-08,2.7528e-07,7.2641e-07,4.6937e-06,8.3946e-06,9.7028e-06,9.0339e-06
P34,30.00,180.00,60.00,0.00,5.5198e-08,3.0312e-07,1.0088e-06,4.6713e-06,9.8060e-06,9.7931e-06,8.0431e-06,5.4157e-08,2.7528e-07,7.2641e-07,4.6931e-06,8.3945e-06,9.7028e-06,9.0338e-06
P34,30.00,0.00,30.00,0.00,9.2182e-08,3.0314e-07,1.0088e-06,4.6723e-06,9.8061e-06,9.7931e-06,8.0431e-06,8.9609e-08,2.7528e-07,7.2641e-07,4.6941e-06,8.3947e-06,9.7029e-06,9.0339e-06
P34,30.00,180.00,0.00,0.00,8.8809e-08,3.0313e-07,1.0088e-06,4.6719e-06,9.8060e-06,9.7931e-06,8.0431e-06,8.6205e-08,2.7528e-07,7.2641e-07,4.6937e-06,8.3946e-06,9.7028e-06,9.0339e-06
P34,30.00,135.00,0.00,0.00,8.8809e-08,3.0313e-07,1.0088e-06,4.6719e-06,9.8060e-06,9.7931e-06,8.0431e-06,8.6205e-08,2.7528e-07,7.2641e-07,4.6937e-06,8.3946e-06,9.7028e-06,9.0339e-06
P34,60.00,180.00,0.00,0.00,9.0898e-08,2.5853e-07,8.6030e-07,4.4212e-06,9.5654e-06,9.5528e-06,7.2174e-06,8.8323e-08,2.3464e-07,6.2236e-07,4.4589e-06,8.1975e-06,9.4762e-06,8.3676e-06
P34,0.00,135.00,0.00,0.00,8.6045e-08,3.1601e-07,1.0502e-06,4.7293e-06,9.8591e-06,9.8461e-06,8.2441e-06,8.3540e-08,2.8706e-07,7.5629e-07,4.7472e-06,8.4391e-06,9.7530e-06,9.1906e-06
P34,60.00,45.00,0.00,0.00,9.0898e-08,2.5853e-07,8.6030e-07,4.4212e-06,9.5654e-06,9.5528e-06,7.2174e-06,8.8323e-08,2.3464e-07,6.2236e-07,4.4589e-06,8.1975e-06,9.4762e-06,8.3676e-06
P34,30.00,90.00,60.00,0.00,6.3126e-08,3.0312e-07,1.0088e-06,4.6717e-06,9.8060e-06,9.7931e-06,8.0431e-06,6.1849e-08,2.7528e-07,7.2641e-07,4.6934e-06,8.3946e-06,9.7028e-06,9.0338e-06
P34,0.00,45.00,0.00,0.00,8.6045e-08,3.1601e-07,1.0502e-06,4.7293e-06,9.8591e-06,9.8461e-06,8.2441e-06,8.3540e-08,2.8706e-07,7.5629e-07,4.7472e-06,8.4391e-06,9.7530e-06,9.1906e-06
P34,30.00,135.00,60.00,0.00,5.7138e-08,3.0312e-07,1.0088e-06,4.6714e-06,9.8060e-06,9.7931e-06,8.0431e-06,5.6038e-08,2.7528e-07,7.2641e-07,4.6932e-06,8.3945e-06,9.7028e-06,9.0338e-06
P34,60.00,90.00,30.00,0.00,8.8898e-08,2.5852e-07,8.6030e-07,4.4212e-06,9.5654e-06,9.5528e-06,7.2174e-06,8.6469e-08,2.3464e-07,6.2236e-07,4.4589e-06,8.1975e-06,9.4762e-06,8.3676e-06
P34,0.00,0.00,60.00,0.00,5.9653e-08,3.1600e-07,1.0502e-06,4.7290e-06,9.8591e-06,9.8461e-06,8.2441e-06,5.8514e-08,2.8706e-07,7.5629e-07,4.7469e-06,8.4391e-06,9.7530e-06,9.1906e-06
P34,60.00,0.00,30.00,0.00,1.1310e-07,2.5853e-07,8.6030e-07,4.4224e-06,9.5655e-06,9.5529e-06,7.2174e-06,1.1004e-07,2.3464e-07,6.2236e-07,4.4602e-06,8.1977e-06,9.4763e-06,8.3676e-06
P34,60.00,0.00,0.00,0.00,9.0898e-08,2.5853e-07,8.6030e-07,4.4212e-06,9.5654e-06,9.5528e-06,7.2174e-06,8.8323e-08,2.3464e-07,6.2236e-07,4.4589e-06,8.1975e-06,9.4762e-06,8.3676e-06
P34,0.00,0.00,0.00,0.00,8.6045e-08,3.1601e-07,1.0502e-06,4.7293e-06,9.8591e-06,9.8461e-06,8.2441e-06,8.3540e-08,2.8706e-07,7.5629e-07,4.7472e-06,8.4391e-06,9.7530e-06,9.1906e-06
P34,60.00,45.00,60.00,0.00,1.0622e-07,2.5853e-07,8.6030e-07,4.4228e-06,9.5655e-06,9.5529e-06,7.2174e-06,1.0378e-07,2.3464e-07,6.2236e-07,4.4607e-06,8.1978e-06,9.4763e-06,8.3676e-06
P34,0.00,180.00,0.00,0.00,8.6045e-08,3.1601e-07,1.0502e-06,4.7293e-06,9.8591e-06,9.8461e-06,8.2441e-06,8.3540e-08,2.8706e-07,7.5629e-07,4.7472e-06,8.4391e-06,9.7530e-06,9.1906e-06
P34,60.00,90.00,0.00,0.00,9.0898e-08,2.5853e-07,8.6030e-07,4.4212e-06,9.5654e-06,9.5528e-06,7.2174e-06,8.8323e-08,2.3464e-07,6.2236e-07,4.4589e-06,8.1975e-06,9.4762e-06,8.3676e-06
P34,60.00,90.00,60.00,0.00,7.2001e-08,2.5852e-07,8.6030e-07,4.4210e-06,9.5654e-06,9.5528e-06,7.2174e-06,7.0394e-08,2.3464e-07,6.2236e-07,4.4587e-06,8.1975e-06,9.4761e-06,8.3676e-06
P34,0.00,45.00,60.00,0.00,5.9653e-08,3.1600e-07,1.0502e-06,4.7290e-06,9.8591e-06,9.8461e-06,8.2441e-06,5.8514e-08,2.8706e-07,7.5629e-07,4.7469e-06,8.4391e-06,9.7530e-06,9.1906e-06
P34,30.00,0.00,60.00,0.00,7.7247e-08,3.0313e-07,1.0088e-06,4.6724e-06,9.8061e-06,9.7932e-06,8.0431e-06,7.5593e-08,2.7528e-07,7.2641e-07,4.6942e-06,8.3947e-06,9.7029e-06,9.0339e-06
P34,30.00,45.00,30.00,0.00,8.9667e-08,3.0313e-07,1.0088e-06,4.6722e-06,9.8061e-06,9.7931e-06,8.0431e-06,8.7167e-08,2.7528e-07,7.2641e-07,4.6940e-06,8.3946e-06,9.7028e-06,9.0339e-06
P34,30.00,45.00,60.00,0.00,7.2075e-08,3.0313e-07,1.0088e-06,4.6721e-06,9.8061e-06,9.7931e-06,8.0431e-06,7.0553e-08,2.7528e-07,7.2641e-07,4.6939e-06,8.3947e-06,9.7028e-06,9.0339e-06
P34,30.00,90.00,0.00,0.00,8.8809e-08,3.0313e-07,1.0088e-06,4.6719e-06,9.8060e-06,9.7931e-06,8.0431e-06,8.6205e-08,2.7528e-07,7.2641e-07,4.6937e-06,8.3946e-06,9.7028e-06,9.0339e-06
P34,0.00,180.00,30.00,0.00,8.0932e-08,3.1600e-07,1.0502e-06,4.7292e-06,9.8591e-06,9.8461e-06,8.2441e-06,7.8712e-08,2.8706e-07,7.5629e-07,4.7471e-06,8.4391e-06,9.7530e-06,9.1906e-06
P34,30.00,90.00,30.00,0.00,8.4414e-08,3.0313e-07,1.0088e-06,4.6719e-06,9.8060e-06,9.7931e-06,8.0431e-06,8.2074e-08,2.7528e-07,7.2641e-07,4.6937e-06,8.3946e-06,9.7028e-06,9.0339e-06
P34,60.00,45.00,30.00,0.00,1.0424e-07,2.5853e-07,8.6030e-07,4.4220e-06,9.5655e-06,9.5529e-06,7.2174e-06,1.0140e-07,2.3464e-07,6.2236e-07,4.4597e-06,8.1976e-06,9.4762e-06,8.3676e-06
P34,60.00,180.00,60.00,0.00,5.3563e-08,2.5851e-07,8.6030e-07,4.4201e-06,9.5653e-06,9.5528e-06,7.2174e-06,5.2484e-08,2.3464e-07,6.2236e-07,4.4577e-06,8.1973e-06,9.4761e-06,8.3676e-06
P34,0.00,90.00,30.00,0.00,8.0932e-08,3.1600e-07,1.0502e-06,4.7292e-06,9.8591e-06,9.8461e-06,8.2441e-06,7.8712e-08,2.8706e-07,7.5629e-07,4.7471e-06,8.4391e-06,9.7530e-06,9.1906e-06
P34,30.00,45.00,0.00,0.00,8.8809e-08,3.0313e-07,1.0088e-06,4.6719e-06,9.8060e-06,9.7931e-06,8.0431e-06,8.6205e-08,2.7528e-07,7.2641e-07,4.6937e-06,8.3946e-06,9.7028e-06,9.0339e-06
P34,60.00,135.00,0.00,0.00,9.0898e-08,2.5853e-07,8.6030e-07,4.4212e-06,9.5654e-06,9.5528e-06,7.2174e-06,8.8323e-08,2.3464e-07,6.2236e-07,4.4589e-06,8.1975e-06,9.4762e-06,8.3676e-06
P34,30.00,135.00,30.00,0.00,8.0025e-08,3.0313e-07,1.0088e-06,4.6717e-06,9.8060e-06,9.7931e-06,8.0431e-06,7.7822e-08,2.7528e-07,7.2641e-07,4.6935e-06,8.3946e-06,9.7028e-06,9.0339e-06
P34,0.00,180.00,60.00,0.00,5.9653e-08,3.1600e-07,1.0502e-06,4.7290e-06,9.8591e-06,9.8461e-06,8.2441e-06,5.8514e-08,2.8706e-07,7.5629e-07,4.7469e-06,8.4391e-06,9.7530e-06,9.1906e-06
P34,0.00,135.00,30.00,0.00,8.0932e-08,3.1600e-07,1.0502e-06,4.7292e-06,9.8591e-06,9.8461e-06,8.2441e-06,7.8712e-08,2.8706e-07,7.5629e-07,4.7471e-06,8.4391e-06,9.7530e-06,9.1906e-06
P34,60.00,0.00,60.00,0.00,1.3939e-07,2.5854e-07,8.6030e-07,4.4250e-06,9.5657e-06,9.5531e-06,7.2174e-06,1.3626e-07,2.3465e-07,6.2236e-07,4.4631e-06,8.1982e-06,9.4765e-06,8.3677e-06
P34,0.00,90.00,0.00,0.00,8.6045e-08,3.1601e-07,1.0502e-06,4.7293e-06,9.8591e-06,9.8461e-06,8.2441e-06,8.3540e-08,2.8706e-07,7.5629e-07,4.7472e-06,8.4391e-06,9.7530e-06,9.1906e-06
P35,60.00,90.00,30.00,0.00,8.6663e-08,2.2394e-07,7.5128e-07,2.4966e-06,6.4870e-06,6.4754e-06,5.3353e-06,8.2878e-08,2.0392e-07,5.5812e-07,2.5171e-06,5.2136e-06,6.3821e-06,6.0466e-06
P35,0.00,0.00,60.00,0.00,4.8029e-08,2.7448e-07,8.7974e-07,2.6867e-06,6.6130e-06,6.6014e-06,6.0020e-06,4.6117e-08,2.5107e-07,6.6793e-07,2.6938e-06,5.3391e-06,6.5007e-06,6.5537e-06
P35,30.00,45.00,60.00,0.00,6.3581e-08,2.6328e-07,8.5405e-07,2.6538e-06,6.5902e-06,6.5786e-06,5.8733e-06,6.1081e-08,2.4051e-07,6.4520e-07,2.6638e-06,5.3165e-06,6.4791e-06,6.4590e-06
P35,0.00,180.00,30.00,0.00,7.0887e-08,2.7452e-07,8.7989e-07,2.6869e-06,6.6130e-06,6.6014e-06,6.0020e-06,6.7700e-08,2.5108e-07,6.6800e-07,2.6940e-06,5.3391e-06,6.5007e-06,6.5537e-06
P35,30.00,90.00,30.00,0.00,7.6028e-08,2.6330e-07,8.5412e-07,2.6534e-06,6.5901e-06,6.5785e-06,5.8733e-06,7.2629e-08,2.4052e-07,6.4525e-07,2.6633e-06,5.3164e-06,6.4790e-06,6.4590e-06
P35,60.00,180.00,0.00,0.00,8.8616e-08,2.2394e-07,7.5129e-07,2.4965e-06,6.4870e-06,6.4754e-06,5.3354e-06,8.4675e-08,2.0392e-07,5.5812e-07,2.5171e-06,5.2136e-06,6.3821e-06,6.0466e-06
P35,30.00,0.00,0.00,0.00,8.0644e-08,2.6330e-07,8.5414e-07,2.6534e-06,6.5901e-06,6.5785e-06,5.8733e-06,7.6946e-08,2.4052e-07,6.4526e-07,2.6633e-06,5.3163e-06,6.4790e-06,6.4590e-06
P35,30.00,135.00,0.00,0.00,8.0644e-08,2.6330e-07,8.5414e-07,2.6534e-06,6.5901e-06,6.5785e-06,5.8733e-06,7.6946e-08,2.4052e-07,6.4526e-07,2.6633e-06,5.3163e-06,6.4790e-06,6.4590e-06
P35,60.00,0.00,30.00,0.00,1.1520e-07,2.2398e-07,7.5152e-07,2.4984e-06,6.4872e-06,6.4756e-06,5.3354e-06,1.1044e-07,2.0393e-07,5.5819e-07,2.5191e-06,5.2139e-06,6.3822e-06,6.0467e-06
P35,0.00,45.00,0.00,0.00,7.6299e-08,2.7453e-07,8.7995e-07,2.6870e-06,6.6130e-06,6.6014e-06,6.0021e-06,7.2785e-08,2.5108e-07,6.6802e-07,2.6941e-06,5.3392e-06,6.5008e-06,6.5538e-06
P35,0.00,45.00,30.00,0.00,7.0887e-08,2.7452e-07,8.7989e-07,2.6869e-06,6.6130e-06,6.6014e-06,6.0020e-06,6.7700e-08,2.5108e-07,6.6800e-07,2.6940e-06,5.3391e-06,6.5007e-06,6.5537e-06
P35,0.00,135.00,60.00,0.00,4.8029e-08,2.7448e-07,8.7974e-07,2.6867e-06,6.6130e-06,6.6014e-06,6.0020e-06,4.6117e-08,2.5107e-07,6.6793e-07,2.6938e-06,5.3391e-06,6.5007e-06,6.5537e-06
P35,60.00,90.00,0.00,0.00,8.8616e-08,2.2394e-07,7.5129e-07,2.4965e-06,6.4870e-06,6.4754e-06,5.3354e-06,8.4675e-08,2.0392e-07,5.5812e-07,2.5171e-06,5.2136e-06,6.3821e-06,6.0466e-06
P35,30.00,180.00,0.00,0.00,8.0644e-08,2.6330e-07,8.5414e-07,2.6534e-06,6.5901e-06,6.5785e-06,5.8733e-06,7.6946e-08,2.4052e-07,6.4526e-07,2.6633e-06,5.3163e-06,6.4790e-06,6.4590e-06
P35,60.00,90.00,60.00,0.00,6.8365e-08,2.2392e-07,7.5116e-07,2.4964e-06,6.4870e-06,6.4754e-06,5.3353e-06,6.5586e-08,2.0392e-07,5.5807e-07,2.5170e-06,5.2136e-06,6.3821e-06,6.0466e-06
P35,0.00,45.00,60.00,0.00,4.8029e-08,2.7448e-07,8.7974e-07,2.6867e-06,6.6130e-06,6.6014e-06,6.0020e-06,4.6117e-08,2.5107e-07,6.6793e-07,2.6938e-06,5.3391e-06,6.5007e-06,6.5537e-06
P35,60.00,180.00,30.00,0.00,7.0640e-08,2.2392e-07,7.5116e-07,2.4957e-06,6.4869e-06,6.4753e-06,5.3353e-06,6.7453e-08,2.0392e-07,5.5808e-07,2.5162e-06,5.2134e-06,6.3820e-06,6.0466e-06
P35,0.00,135.00,30.00,0.00,7.0887e-08,2.7452e-07,8.7989e-07,2.6869e-06,6.6130e-06,6.6014e-06,6.0020e-06,6.7700e-08,2.5108e-07,6.6800e-07,2.6940e-06,5.3391e-06,6.5007e-06,6.5537e-06
P35,0.00,180.00,0.00,0.00,7.6299e-08,2.7453e-07,8.7995e-07,2.6870e-06,6.6130e-06,6.6014e-06,6.0021e-06,7.2785e-08,2.5108e-07,6.6802e-07,2.6941e-06,5.3392e-06,6.5008e-06,6.5538e-06
P35,30.00,180.00,60.00,0.00,4.3856e-08,2.6325e-07,8.5388e-07,2.6527e-06,6.5901e-06,6.5785e-06,5.8733e-06,4.2065e-08,2.4051e-07,6.4515e-07,2.6625e-06,5.3163e-06,6.4790e-06,6.4589e-06
P35,60.00,45.00,30.00,0.00,1.0475e-07,2.2397e-07,7.5143e-07,2.4977e-06,6.4871e-06,6.4755e-06,5.3354e-06,1.0033e-07,2.0393e-07,5.5816e-07,2.5184e-06,5.2137e-06,6.3822e-06,6.0467e-06
P35,60.00,0.00,60.00,0.00,1.4991e-07,2.2403e-07,7.5176e-07,2.5030e-06,6.4876e-06,6.4761e-06,5.3355e-06,1.4457e-07,2.0393e-07,5.5822e-07,2.5241e-06,5.2148e-06,6.3828e-06,6.0470e-06
P35,0.00,90.00,30.00,0.00,7.0887e-08,2.7452e-07,8.7989e-07,2.6869e-06,6.6130e-06,6.6014e-06,6.0020e-06,6.7700e-08,2.5108e-07,6.6800e-07,2.6940e-06,5.3391e-06,6.5007e-06,6.5537e-06
P35,30.00,90.00,60.00,0.00,5.3122e-08,2.6326e-07,8.5395e-07,2.6532e-06,6.5901e-06,6.5785e-06,5.8733e-06,5.0986e-08,2.4051e-07,6.4517e-07,2.6631e-06,5.3163e-06,6.4790e-06,6.4590e-06
P35,0.00,90.00,60.00,0.00,4.8029e-08,2.7448e-07,8.7974e-07,2.6867e-06,6.6130e-06,6.6014e-06,6.0020e-06,4.6117e-08,2.5107e-07,6.6793e-07,2.6938e-06,5.3391e-06,6.5007e-06,6.5537e-06
P35,60.00,135.00,60.00,0.00,5.0716e-08,2.2390e-07,7.5105e-07,2.4954e-06,6.4869e-06,6.4753e-06,5.3353e-06,4.8593e-08,2.0391e-07,5.5804e-07,2.5159e-06,5.2134e-06,6.3820e-06,6.0465e-06
P35,60.00,135.00,0.00,0.00,8.8616e-08,2.2394e-07,7.5129e-07,2.4965e-06,6.4870e-06,6.4754e-06,5.3354e-06,8.4675e-08,2.0392e-07,5.5812e-07,2.5171e-06,5.2136e-06,6.3821e-06,6.0466e-06
P35,0.00,90.00,0.00,0.00,7.6299e-08,2.7453e-07,8.7995e-07,2.6870e-06,6.6130e-06,6.6014e-06,6.0021e-06,7.2785e-08,2.5108e-07,6.6802e-07,2.6941e-06,5.3392e-06,6.5008e-06,6.5538e-06
P35,30.00,45.00,30.00,0.00,8.1989e-08,2.6331e-07,8.5419e-07,2.6537e-06,6.5901e-06,6.5785e-06,5.8733e-06,7.8371e-08,2.4052e-07,6.4527e-07,2.6637e-06,5.3164e-06,6.4791e-06,6.4590e-06
P35,60.00,45.00,60.00,0.00,1.0978e-07,2.2397e-07,7.5143e-07,2.4994e-06,6.4873e-06,6.4757e-06,5.3354e-06,1.0563e-07,2.0392e-07,5.5814e-07,2.5202e-06,5.2141e-06,6.3824e-06,6.0468e-06
P35,30.00,0.00,60.00,0.00,6.9626e-08,2.6329e-07,8.5411e-07,2.6542e-06,6.5902e-06,6.5786e-06,5.8733e-06,6.6926e-08,2.4051e-07,6.4522e-07,2.6642e-06,5.3165e-06,6.4791e-06,6.4590e-06
P35,30.00,180.00,30.00,0.00,6.9220e-08,2.6328e-07,8.5403e-07,2.6530e-06,6.5901e-06,6.5785e-06,5.8733e-06,6.6079e-08,2.4051e-07,6.4521e-07,2.6628e-06,5.3163e-06,6.4790e-06,6.4590e-06
P35,30.00,0.00,30.00,0.00,8.4844e-08,2.6331e-07,8.5422e-07,2.6539e-06,6.5901e-06,6.5786e-06,5.8733e-06,8.1124e-08,2.4052e-07,6.4528e-07,2.6639e-06,5.3164e-06,6.4791e-06,6.4590e-06
P35,0.00,135.00,0.00,0.00,7.6299e-08,2.7453e-07,8.7995e-07,2.6870e-06,6.6130e-06,6.6014e-06,6.0021e-06,7.2785e-08,2.5108e-07,6.6802e-07,2.6941e-06,5.3392e-06,6.5008e-06,6.5538e-06
P35,60.00,180.00,60.00,0.00,4.6032e-08,2.2389e-07,7.5102e-07,2.4950e-06,6.4869e-06,6.4753e-06,5.3353e-06,4.4091e-08,2.0391e-07,5.5804e-07,2.5155e-06,5.2133e-06,6.3819e-06,6.0465e-06
P35,60.00,135.00,30.00,0.00,7.4562e-08,2.2392e-07,7.5119e-07,2.4959e-06,6.4869e-06,6.4753e-06,5.3353e-06,7.1224e-08,2.0392e-07,5.5809e-07,2.5164e-06,5.2134e-06,6.3820e-06,6.0466e-06
P35,0.00,0.00,0.00,0.00,7.6299e-08,2.7453e-07,8.7995e-07,2.6870e-06,6.6130e-06,6.6014e-06,6.0021e-06,7.2785e-08,2.5108e-07,6.6802e-07,2.6941e-06,5.3392e-06,6.5008e-06,6.5538e-06
P35,60.00,45.00,0.00,0.00,8.8616e-08,2.2394e-07,7.5129e-07,2.4965e-06,6.4870e-06,6.4754e-06,5.3354e-06,8.4675e-08,2.0392e-07,5.5812e-07,2.5171e-06,5.2136e-06,6.3821e-06,6.0466e-06
P35,30.00,135.00,60.00,0.00,4.6123e-08,2.6325e-07,8.5390e-07,2.6528e-06,6.5901e-06,6.5785e-06,5.8733e-06,4.4246e-08,2.4051e-07,6.4516e-07,2.6626e-06,5.3163e-06,6.4790e-06,6.4589e-06
P35,30.00,135.00,30.00,0.00,7.1045e-08,2.6329e-07,8.5406e-07,2.6531e-06,6.5901e-06,6.5785e-06,5.8733e-06,6.7835e-08,2.4052e-07,6.4523e-07,2.6630e-06,5.3163e-06,6.4790e-06,6.4590e-06
P35,0.00,180.00,60.00,0.00,4.8029e-08,2.7448e-07,8.7974e-07,2.6867e-06,6.6130e-06,6.6014e-06,6.0020e-06,4.6117e-08,2.5107e-07,6.6793e-07,2.6938e-06,5.3391e-06,6.5007e-06,6.5537e-06
P35,0.00,0.00,30.00,0.00,7.0887e-08,2.7452e-07,8.7989e-07,2.6869e-06,6.6130e-06,6.6014e-06,6.0020e-06,6.7700e-08,2.5108e-07,6.6800e-07,2.6940e-06,5.3391e-06,6.5007e-06,6.5537e-06
P35,30.00,45.00,0.00,0.00,8.0644e-08,2.6330e-07,8.5414e-07,2.6534e-06,6.5901e-06,6.5785e-06,5.8733e-06,7.6946e-08,2.4052e-07,6.4526e-07,2.6633e-06,5.3163e-06,6.4790e-06,6.4590e-06
P35,60.00,0.00,0.00,0.00,8.8616e-08,2.2394e-07,7.5129e-07,2.4965e-06,6.4870e-06,6.4754e-06,5.3354e-06,8.4675e-08,2.0392e-07,5.5812e-07,2.5171e-06,5.2136e-06,6.3821e-06,6.0466e-06
P35,30.00,90.00,0.00,0.00,8.0644e-08,2.6330e-07,8.5414e-07,2.6534e-06,6.5901e-06,6.5785e-06,5.8733e-06,7.6946e-08,2.4052e-07,6.4526e-07,2.6633e-06,5.3163e-06,6.4790e-06,6.4590e-06
P36,30.00,90.00,30.00,0.00,7.8300e-08,2.9583e-07,9.8704e-07,3.3563e-06,7.7906e-06,7.7780e-06,6.8928e-06,7.5171e-08,2.6913e-07,7.2846e-07,3.3608e-06,6.4063e-06,7.6746e-06,7.5602e-06
P36,30.00,135.00,60.00,0.00,4.8955e-08,2.9581e-07,9.8701e-07,3.3557e-06,7.7906e-06,7.7780e-06,6.8927e-06,4.7284e-08,2.6913e-07,7.2846e-07,3.3602e-06,6.4063e-06,7.6746e-06,7.5602e-06
P36,0.00,180.00,30.00,0.00,7.3528e-08,3.0949e-07,1.0204e-06,3.3921e-06,7.8139e-06,7.8012e-06,7.0350e-06,7.0586e-08,2.8195e-07,7.5676e-07,3.3939e-06,6.4270e-06,7.6961e-06,7.6644e-06
P36,30.00,45.00,30.00,0.00,8.4105e-08,2.9584e-07,9.8705e-07,3.3566e-06,7.7907e-06,7.7781e-06,6.8928e-06,8.0771e-08,2.6913e-07,7.2846e-07,3.3611e-06,6.4064e-06,7.6746e-06,7.5602e-06
P36,30.00,0.00,0.00,0.00,8.2879e-08,2.9584e-07,9.8705e-07,3.3563e-06,7.7906e-06,7.7780e-06,6.8928e-06,7.9458e-08,2.6913e-07,7.2846e-07,3.3608e-06,6.4063e-06,7.6746e-06,7.5602e-06
P36,60.00,0.00,30.00,0.00,1.1496e-07,2.4747e-07,8.5647e-07,3.1823e-06,7.6743e-06,7.6618e-06,6.2949e-06,1.1065e-07,2.2416e-07,6.2250e-07,3.1972e-06,6.2989e-06,7.5665e-06,7.1047e-06
P36,30.00,45.00,60.00,0.00,6.5845e-08,2.9582e-07,9.8702e-07,3.3567e-06,7.7907e-06,7.7781e-06,6.8928e-06,6.3603e-08,2.6913e-07,7.2846e-07,3.3612e-06,6.4064e-06,7.6746e-06,7.5602e-06
P36,0.00,135.00,60.00,0.00,5.0987e-08,3.0948e-07,1.0204e-06,3.3919e-06,7.8139e-06,7.8012e-06,7.0349e-06,4.9278e-08,2.8195e-07,7.5675e-07,3.3937e-06,6.4270e-06,7.6961e-06,7.6643e-06
P36,30.00,90.00,0.00,0.00,8.2879e-08,2.9584e-07,9.8705e-07,3.3563e-06,7.7906e-06,7.7780e-06,6.8928e-06,7.9458e-08,2.6913e-07,7.2846e-07,3.3608e-06,6.4063e-06,7.6746e-06,7.5602e-06
P36,30.00,0.00,30.00,0.00,8.6885e-08,2.9584e-07,9.8706e-07,3.3568e-06,7.7907e-06,7.7781e-06,6.8928e-06,8.3456e-08,2.6913e-07,7.2846e-07,3.3613e-06,6.4064e-06,7.6746e-06,7.5602e-06
P36,0.00,90.00,0.00,0.00,7.8890e-08,3.0950e-07,1.0204e-06,3.3922e-06,7.8139e-06,7.8012e-06,7.0350e-06,7.5629e-08,2.8195e-07,7.5676e-07,3.3940e-06,6.4270e-06,7.6961e-06,7.6644e-06
P36,60.00,0.00,0.00,0.00,8.9393e-08,2.4745e-07,8.5645e-07,3.1806e-06,7.6741e-06,7.6616e-06,6.2949e-06,8.5820e-08,2.2415e-07,6.2250e-07,3.1953e-06,6.2986e-06,7.5663e-06,7.1046e-06
P36,0.00,90.00,30.00,0.00,7.3528e-08,3.0949e-07,1.0204e-06,3.3921e-06,7.8139e-06,7.8012e-06,7.0350e-06,7.0586e-08,2.8195e-07,7.5676e-07,3.3939e-06,6.4270e-06,7.6961e-06,7.6644e-06
P36,60.00,45.00,0.00,0.00,8.9393e-08,2.4745e-07,8.5645e-07,3.1806e-06,7.6741e-06,7.6616e-06,6.2949e-06,8.5820e-08,2.2415e-07,6.2250e-07,3.1953e-06,6.2986e-06,7.5663e-06,7.1046e-06
P36,0.00,45.00,60.00,0.00,5.0987e-08,3.0948e-07,1.0204e-06,3.3919e-06,7.8139e-06,7.8012e-06,7.0349e-06,4.9278e-08,2.8195e-07,7.5675e-07,3.3937e-06,6.4270e-06,7.6961e-06,7.6643e-06
P36,60.00,90.00,30.00,0.00,8.7423e-08,2.4745e-07,8.5644e-07,3.1806e-06,7.6741e-06,7.6616e-06,6.2949e-06,8.4005e-08,2.2415e-07,6.2250e-07,3.1954e-06,6.2986e-06,7.5663e-06,7.1046e-06
P36,0.00,0.00,30.00,0.00,7.3528e-08,3.0949e-07,1.0204e-06,3.3921e-06,7.8139e-06,7.8012e-06,7.0350e-06,7.0586e-08,2.8195e-07,7.5676e-07,3.3939e-06,6.4270e-06,7.6961e-06,7.6644e-06
P36,0.00,45.00,0.00,0.00,7.8890e-08,3.0950e-07,1.0204e-06,3.3922e-06,7.8139e-06,7.8012e-06,7.0350e-06,7.5629e-08,2.8195e-07,7.5676e-07,3.3940e-06,6.4270e-06,7.6961e-06,7.6644e-06
P36,60.00,180.00,0.00,0.00,8.9393e-08,2.4745e-07,8.5645e-07,3.1806e-06,7.6741e-06,7.6616e-06,6.2949e-06,8.5820e-08,2.2415e-07,6.2250e-07,3.1953e-06,6.2986e-06,7.5663e-06,7.1046e-06
P36,30.00,90.00,60.00,0.00,5.5726e-08,2.9582e-07,9.8701e-07,3.3561e-06,7.7906e-06,7.7780e-06,6.8927e-06,5.3817e-08,2.6913e-07,7.2846e-07,3.3605e-06,6.4063e-06,7.6746e-06,7.5602e-06
P36,0.00,135.00,0.00,0.00,7.8890e-08,3.0950e-07,1.0204e-06,3.3922e-06,7.8139e-06,7.8012e-06,7.0350e-06,7.5629e-08,2.8195e-07,7.5676e-07,3.3940e-06,6.4270e-06,7.6961e-06,7.6644e-06
P36,30.00,135.00,0.00,0.00,8.2879e-08,2.9584e-07,9.8705e-07,3.3563e-06,7.7906e-06,7.7780e-06,6.8928e-06,7.9458e-08,2.6913e-07,7.2846e-07,3.3608e-06,6.4063e-06,7.6746e-06,7.5602e-06
P36,30.00,0.00,60.00,0.00,7.1695e-08,2.9583e-07,9.8703e-07,3.3571e-06,7.7907e-06,7.7781e-06,6.8928e-06,6.9269e-08,2.6913e-07,7.2846e-07,3.3616e-06,6.4065e-06,7.6747e-06,7.5602e-06
P36,0.00,180.00,60.00,0.00,5.0987e-08,3.0948e-07,1.0204e-06,3.3919e-06,7.8139e-06,7.8012e-06,7.0349e-06,4.9278e-08,2.8195e-07,7.5675e-07,3.3937e-06,6.4270e-06,7.6961e-06,7.6643e-06
P36,60.00,90.00,60.00,0.00,6.9426e-08,2.4744e-07,8.5643e-07,3.1805e-06,7.6741e-06,7.6616e-06,6.2949e-06,6.6973e-08,2.2415e-07,6.2250e-07,3.1952e-06,6.2986e-06,7.5663e-06,7.1046e-06
P36,30.00,45.00,0.00,0.00,8.2879e-08,2.9584e-07,9.8705e-07,3.3563e-06,7.7906e-06,7.7780e-06,6.8928e-06,7.9458e-08,2.6913e-07,7.2846e-07,3.3608e-06,6.4063e-06,7.6746e-06,7.5602e-06
P36,60.00,180.00,60.00,0.00,4.8009e-08,2.4743e-07,8.5641e-07,3.1791e-06,7.6740e-06,7.6615e-06,6.2948e-06,4.6310e-08,2.2415e-07,6.2250e-07,3.1938e-06,6.2984e-06,7.5662e-06,7.1045e-06
P36,0.00,0.00,60.00,0.00,5.0987e-08,3.0948e-07,1.0204e-06,3.3919e-06,7.8139e-06,7.8012e-06,7.0349e-06,4.9278e-08,2.8195e-07,7.5675e-07,3.3937e-06,6.4270e-06,7.6961e-06,7.6643e-06
P36,30.00,180.00,60.00,0.00,4.6762e-08,2.9581e-07,9.8701e-07,3.3556e-06,7.7906e-06,7.7780e-06,6.8927e-06,4.5170e-08,2.6913e-07,7.2846e-07,3.3601e-06,6.4063e-06,7.6745e-06,7.5602e-06
P36,60.00,0.00,60.00,0.00,1.4767e-07,2.4749e-07,8.5647e-07,3.1866e-06,7.6748e-06,7.6622e-06,6.2950e-06,1.4293e-07,2.2416e-07,6.2250e-07,3.2019e-06,6.2998e-06,7.5669e-06,7.1049e-06
P36,60.00,135.00,30.00,0.00,7.5747e-08,2.4744e-07,8.5644e-07,3.1800e-06,7.6741e-06,7.6615e-06,6.2949e-06,7.2738e-08,2.2415e-07,6.2250e-07,3.1947e-06,6.2985e-06,7.5662e-06,7.1046e-06
P36,0.00,45.00,30.00,0.00,7.3528e-08,3.0949e-07,1.0204e-06,3.3921e-06,7.8139e-06,7.8012e-06,7.0350e-06,7.0586e-08,2.8195e-07,7.5676e-07,3.3939e-06,6.4270e-06,7.6961e-06,7.6644e-06
P36,0.00,180.00,0.00,0.00,7.8890e-08,3.0950e-07,1.0204e-06,3.3922e-06,7.8139e-06,7.8012e-06,7.0350e-06,7.5629e-08,2.8195e-07,7.5676e-07,3.3940e-06,6.4270e-06,7.6961e-06,7.6644e-06
P36,60.00,135.00,0.00,0.00,8.9393e-08,2.4745e-07,8.5645e-07,3.1806e-06,7.6741e-06,7.6616e-06,6.2949e-06,8.5820e-08,2.2415e-07,6.2250e-07,3.1953e-06,6.2986e-06,7.5663e-06,7.1046e-06
P36,60.00,135.00,60.00,0.00,5.2500e-08,2.4743e-07,8.5642e-07,3.1795e-06,7.6741e-06,7.6615e-06,6.2948e-06,5.0637e-08,2.2415e-07,6.2250e-07,3.1942e-06,6.2984e-06,7.5662e-06,7.1045e-06
P36,30.00,180.00,30.00,0.00,7.1672e-08,2.9583e-07,9.8703e-07,3.3559e-06,7.7906e-06,7.7780e-06,6.8928e-06,6.8784e-08,2.6913e-07,7.2846e-07,3.3603e-06,6.4063e-06,7.6746e-06,7.5602e-06
P36,0.00,0.00,0.00,0.00,7.8890e-08,3.0950e-07,1.0204e-06,3.3922e-06,7.8139e-06,7.8012e-06,7.0350e-06,7.5629e-08,2.8195e-07,7.5676e-07,3.3940e-06,6.4270e-06,7.6961e-06,7.6644e-06
P36,30.00,180.00,0.00,0.00,8.2879e-08,2.9584e-07,9.8705e-07,3.3563e-06,7.7906e-06,7.7780e-06,6.8928e-06,7.9458e-08,2.6913e-07,7.2846e-07,3.3608e-06,6.4063e-06,7.6746e-06,7.5602e-06
P36,60.00,90.00,0.00,0.00,8.9393e-08,2.4745e-07,8.5645e-07,3.1806e-06,7.6741e-06,7.6616e-06,6.2949e-06,8.5820e-08,2.2415e-07,6.2250e-07,3.1953e-06,6.2986e-06,7.5663e-06,7.1046e-06
P36,30.00,135.00,30.00,0.00,7.3450e-08,2.9583e-07,9.8704e-07,3.3560e-06,7.7906e-06,7.7780e-06,6.8928e-06,7.0496e-08,2.6913e-07,7.2846e-07,3.3605e-06,6.4063e-06,7.6746e-06,7.5602e-06
P36,60.00,180.00,30.00,0.00,7.1964e-08,2.4744e-07,8.5643e-07,3.1798e-06,7.6741e-06,7.6615e-06,6.2949e-06,6.9092e-08,2.2415e-07,6.2250e-07,3.1945e-06,6.2985e-06,7.5662e-06,7.1045e-06
P36,0.00,135.00,30.00,0.00,7.3528e-08,3.0949e-07,1.0204e-06,3.3921e-06,7.8139e-06,7.8012e-06,7.0350e-06,7.0586e-08,2.8195e-07,7.5676e-07,3.3939e-06,6.4270e-06,7.6961e-06,7.6644e-06
P36,0.00,90.00,60.00,0.00,5.0987e-08,3.0948e-07,1.0204e-06,3.3919e-06,7.8139e-06,7.8012e-06,7.0349e-06,4.9278e-08,2.8195e-07,7.5675e-07,3.3937e-06,6.4270e-06,7.6961e-06,7.6643e-06
P36,60.00,45.00,30.00,0.00,1.0487e-07,2.4746e-07,8.5646e-07,3.1817e-06,7.6742e-06,7.6617e-06,6.2949e-06,1.0088e-07,2.2416e-07,6.2250e-07,3.1966e-06,6.2988e-06,7.5664e-06,7.1046e-06
P36,60.00,45.00,60.00,0.00,1.0916e-07,2.4746e-07,8.5645e-07,3.1832e-06,7.6744e-06,7.6619e-06,6.2949e-06,1.0548e-07,2.2416e-07,6.2250e-07,3.1982e-06,6.2991e-06,7.5666e-06,7.1047e-06
P37,60.00,180.00,30.00,0.00,6.9710e-08,2.7158e-07,8.2503e-07,2.2279e-06,5.8753e-06,5.8640e-06,5.6141e-06,6.6472e-08,2.5020e-07,6.5149e-07,2.2044e-06,4.6367e-06,5.7668e-06,6.0080e-06
P37,0.00,180.00,30.00,0.00,6.9238e-08,3.2730e-07,8.9761e-07,2.3179e-06,5.9127e-06,5.9014e-06,5.9915e-06,6.6005e-08,3.0459e-07,7.2797e-07,2.2934e-06,4.6691e-06,5.7989e-06,6.2711e-06
P37,30.00,135.00,30.00,0.00,6.9553e-08,3.1619e-07,8.8468e-07,2.3055e-06,5.9104e-06,5.8990e-06,5.9204e-06,6.6295e-08,2.9367e-07,7.1403e-07,2.2813e-06,4.6680e-06,5.7975e-06,6.2244e-06
P37,0.00,0.00,60.00,0.00,4.6306e-08,3.2725e-07,8.9738e-07,2.3177e-06,5.9127e-06,5.9014e-06,5.9914e-06,4.4354e-08,3.0456e-07,7.2784e-07,2.2932e-06,4.6691e-06,5.7989e-06,6.2711e-06
P37,0.00,180.00,60.00,0.00,4.6306e-08,3.2725e-07,8.9738e-07,2.3177e-06,5.9127e-06,5.9014e-06,5.9914e-06,4.4354e-08,3.0456e-07,7.2784e-07,2.2932e-06,4.6691e-06,5.7989e-06,6.2711e-06
P37,60.00,0.00,60.00,0.00,1.5009e-07,2.7176e-07,8.2626e-07,2.2354e-06,5.8760e-06,5.8647e-06,5.6143e-06,1.4464e-07,2.5024e-07,6.5192e-07,2.2124e-06,4.6381e-06,5.7675e-06,6.0084e-06
P37,0.00,0.00,0.00,0.00,7.4661e-08,3.2732e-07,8.9769e-07,2.3180e-06,5.9127e-06,5.9014e-06,5.9915e-06,7.1100e-08,3.0459e-07,7.2802e-07,2.2935e-06,4.6691e-06,5.7990e-06,6.2711e-06
P37,30.00,180.00,60.00,0.00,4.2240e-08,3.1613e-07,8.8440e-07,2.3050e-06,5.9103e-06,5.8990e-06,5.9204e-06,4.0413e-08,2.9365e-07,7.1388e-07,2.2808e-06,4.6680e-06,5.7975e-06,6.2244e-06
P37,30.00,135.00,60.00,0.00,4.4528e-08,3.1614e-07,8.8443e-07,2.3051e-06,5.9103e-06,5.8990e-06,5.9204e-06,4.2613e-08,2.9365e-07,7.1389e-07,2.2809e-06,4.6680e-06,5.7975e-06,6.2244e-06
P37,60.00,0.00,30.00,0.00,1.1469e-07,2.7168e-07,8.2569e-07,2.2306e-06,5.8755e-06,5.8642e-06,5.6142e-06,1.0985e-07,2.5023e-07,6.5176e-07,2.2073e-06,4.6372e-06,5.7670e-06,6.0081e-06
P37,30.00,90.00,60.00,0.00,5.1590e-08,3.1616e-07,8.8453e-07,2.3055e-06,5.9104e-06,5.8991e-06,5.9204e-06,4.9413e-08,2.9365e-07,7.1393e-07,2.2814e-06,4.6680e-06,5.7975e-06,6.2244e-06
P37,0.00,45.00,30.00,0.00,6.9238e-08,3.2730e-07,8.9761e-07,2.3179e-06,5.9127e-06,5.9014e-06,5.9915e-06,6.6005e-08,3.0459e-07,7.2797e-07,2.2934e-06,4.6691e-06,5.7989e-06,6.2711e-06
P37,0.00,180.00,0.00,0.00,7.4661e-08,3.2732e-07,8.9769e-07,2.3180e-06,5.9127e-06,5.9014e-06,5.9915e-06,7.1100e-08,3.0459e-07,7.2802e-07,2.2935e-06,4.6691e-06,5.7990e-06,6.2711e-06
P37,0.00,45.00,60.00,0.00,4.6306e-08,3.2725e-07,8.9738e-07,2.3177e-06,5.9127e-06,5.9014e-06,5.9914e-06,4.4354e-08,3.0456e-07,7.2784e-07,2.2932e-06,4.6691e-06,5.7989e-06,6.2711e-06
P37,30.00,90.00,0.00,0.00,7.9194e-08,3.1622e-07,8.8480e-07,2.3057e-06,5.9104e-06,5.8991e-06,5.9204e-06,7.5445e-08,2.9368e-07,7.1409e-07,2.2816e-06,4.6680e-06,5.7975e-06,6.2244e-06
P37,60.00,90.00,60.00,0.00,6.7556e-08,2.7158e-07,8.2504e-07,2.2286e-06,5.8753e-06,5.8640e-06,5.6141e-06,6.4722e-08,2.5019e-07,6.5148e-07,2.2051e-06,4.6368e-06,5.7668e-06,6.0080e-06
P37,0.00,135.00,0.00,0.00,7.4661e-08,3.2732e-07,8.9769e-07,2.3180e-06,5.9127e-06,5.9014e-06,5.9915e-06,7.1100e-08,3.0459e-07,7.2802e-07,2.2935e-06,4.6691e-06,5.7990e-06,6.2711e-06
P37,30.00,0.00,60.00,0.00,6.8246e-08,3.1620e-07,8.8480e-07,2.3066e-06,5.9105e-06,5.8992e-06,5.9204e-06,6.5496e-08,2.9366e-07,7.1405e-07,2.2825e-06,4.6682e-06,5.7976e-06,6.2245e-06
P37,0.00,135.00,30.00,0.00,6.9238e-08,3.2730e-07,8.9761e-07,2.3179e-06,5.9127e-06,5.9014e-06,5.9915e-06,6.6005e-08,3.0459e-07,7.2797e-07,2.2934e-06,4.6691e-06,5.7989e-06,6.2711e-06
P37,60.00,135.00,60.00,0.00,4.9696e-08,2.7155e-07,8.2485e-07,2.2275e-06,5.8752e-06,5.8639e-06,5.6141e-06,4.7531e-08,2.5019e-07,6.5141e-07,2.2040e-06,4.6367e-06,5.7667e-06,6.0080e-06
P37,0.00,90.00,30.00,0.00,6.9238e-08,3.2730e-07,8.9761e-07,2.3179e-06,5.9127e-06,5.9014e-06,5.9915e-06,6.6005e-08,3.0459e-07,7.2797e-07,2.2934e-06,4.6691e-06,5.7989e-06,6.2711e-06
P37,0.00,90.00,60.00,0.00,4.6306e-08,3.2725e-07,8.9738e-07,2.3177e-06,5.9127e-06,5.9014e-06,5.9914e-06,4.4354e-08,3.0456e-07,7.2784e-07,2.2932e-06,4.6691e-06,5.7989e-06,6.2711e-06
P37,30.00,135.00,0.00,0.00,7.9194e-08,3.1622e-07,8.8480e-07,2.3057e-06,5.9104e-06,5.8991e-06,5.9204e-06,7.5445e-08,2.9368e-07,7.1409e-07,2.2816e-06,4.6680e-06,5.7975e-06,6.2244e-06
P37,60.00,45.00,60.00,0.00,1.0948e-07,2.7166e-07,8.2560e-07,2.2317e-06,5.8756e-06,5.8643e-06,5.6142e-06,1.0524e-07,2.5021e-07,6.5168e-07,2.2084e-06,4.6374e-06,5.7671e-06,6.0082e-06
P37,60.00,0.00,0.00,0.00,8.7823e-08,2.7162e-07,8.2526e-07,2.2287e-06,5.8753e-06,5.8640e-06,5.6142e-06,8.3820e-08,2.5021e-07,6.5159e-07,2.2052e-06,4.6368e-06,5.7668e-06,6.0080e-06
P37,60.00,90.00,30.00,0.00,8.5885e-08,2.7162e-07,8.2524e-07,2.2287e-06,5.8753e-06,5.8640e-06,5.6142e-06,8.2039e-08,2.5021e-07,6.5158e-07,2.2053e-06,4.6368e-06,5.7668e-06,6.0080e-06
P37,30.00,180.00,30.00,0.00,6.7714e-08,3.1618e-07,8.8463e-07,2.3053e-06,5.9103e-06,5.8990e-06,5.9204e-06,6.4527e-08,2.9366e-07,7.1400e-07,2.2811e-06,4.6680e-06,5.7975e-06,6.2244e-06
P37,30.00,45.00,0.00,0.00,7.9194e-08,3.1622e-07,8.8480e-07,2.3057e-06,5.9104e-06,5.8991e-06,5.9204e-06,7.5445e-08,2.9368e-07,7.1409e-07,2.2816e-06,4.6680e-06,5.7975e-06,6.2244e-06
P37,30.00,45.00,30.00,0.00,8.0575e-08,3.1623e-07,8.8489e-07,2.3061e-06,5.9104e-06,5.8991e-06,5.9204e-06,7.6905e-08,2.9368e-07,7.1412e-07,2.2820e-06,4.6681e-06,5.7975e-06,6.2245e-06
P37,60.00,180.00,0.00,0.00,8.7823e-08,2.7162e-07,8.2526e-07,2.2287e-06,5.8753e-06,5.8640e-06,5.6142e-06,8.3820e-08,2.5021e-07,6.5159e-07,2.2052e-06,4.6368e-06,5.7668e-06,6.0080e-06
P37,60.00,45.00,0.00,0.00,8.7823e-08,2.7162e-07,8.2526e-07,2.2287e-06,5.8753e-06,5.8640e-06,5.6142e-06,8.3820e-08,2.5021e-07,6.5159e-07,2.2052e-06,4.6368e-06,5.7668e-06,6.0080e-06
P37,30.00,0.00,30.00,0.00,8.3450e-08,3.1624e-07,8.8495e-07,2.3063e-06,5.9104e-06,5.8991e-06,5.9204e-06,7.9677e-08,2.9368e-07,7.1415e-07,2.2822e-06,4.6681e-06,5.7976e-06,6.2245e-06
P37,60.00,135.00,0.00,0.00,8.7823e-08,2.7162e-07,8.2526e-07,2.2287e-06,5.8753e-06,5.8640e-06,5.6142e-06,8.3820e-08,2.5021e-07,6.5159e-07,2.2052e-06,4.6368e-06,5.7668e-06,6.0080e-06
P37,30.00,45.00,60.00,0.00,6.2145e-08,3.1618e-07,8.8471e-07,2.3062e-06,5.9104e-06,5.8991e-06,5.9204e-06,5.9599e-08,2.9366e-07,7.1400e-07,2.2821e-06,4.6682e-06,5.7976e-06,6.2245e-06
P37,60.00,180.00,60.00,0.00,4.4957e-08,2.7154e-07,8.2478e-07,2.2271e-06,5.8752e-06,5.8639e-06,5.6141e-06,4.2977e-08,2.5018e-07,6.5138e-07,2.2036e-06,4.6366e-06,5.7667e-06,6.0079e-06
P37,60.00,45.00,30.00,0.00,1.0414e-07,2.7166e-07,8.2553e-07,2.2299e-06,5.8754e-06,5.8641e-06,5.6142e-06,9.9652e-08,2.5022e-07,6.5169e-07,2.2066e-06,4.6371e-06,5.7669e-06,6.0081e-06
P37,0.00,90.00,0.00,0.00,7.4661e-08,3.2732e-07,8.9769e-07,2.3180e-06,5.9127e-06,5.9014e-06,5.9915e-06,7.1100e-08,3.0459e-07,7.2802e-07,2.2935e-06,4.6691e-06,5.7990e-06,6.2711e-06
P37,0.00,0.00,30.00,0.00,6.9238e-08,3.2730e-07,8.9761e-07,2.3179e-06,5.9127e-06,5.9014e-06,5.9915e-06,6.6005e-08,3.0459e-07,7.2797e-07,2.2934e-06,4.6691e-06,5.7989e-06,6.2711e-06
P37,60.00,90.00,0.00,0.00,8.7823e-08,2.7162e-07,8.2526e-07,2.2287e-06,5.8753e-06,5.8640e-06,5.6142e-06,8.3820e-08,2.5021e-07,6.5159e-07,2.2052e-06,4.6368e-06,5.7668e-06,6.0080e-06
P37,0.00,45.00,0.00,0.00,7.4661e-08,3.2732e-07,8.9769e-07,2.3180e-06,5.9127e-06,5.9014e-06,5.9915e-06,7.1100e-08,3.0459e-07,7.2802e-07,2.2935e-06,4.6691e-06,5.7990e-06,6.2711e-06
P37,30.00,180.00,0.00,0.00,7.9194e-08,3.1622e-07,8.8480e-07,2.3057e-06,5.9104e-06,5.8991e-06,5.9204e-06,7.5445e-08,2.9368e-07,7.1409e-07,2.2816e-06,4.6680e-06,5.7975e-06,6.2244e-06
P37,0.00,135.00,60.00,0.00,4.6306e-08,3.2725e-07,8.9738e-07,2.3177e-06,5.9127e-06,5.9014e-06,5.9914e-06,4.4354e-08,3.0456e-07,7.2784e-07,2.2932e-06,4.6691e-06,5.7989e-06,6.2711e-06
P37,30.00,90.00,30.00,0.00,7.4571e-08,3.1621e-07,8.8478e-07,2.3058e-06,5.9104e-06,5.8991e-06,5.9204e-06,7.1123e-08,2.9367e-07,7.1407e-07,2.2816e-06,4.6681e-06,5.7975e-06,6.2244e-06
P37,30.00,0.00,0.00,0.00,7.9194e-08,3.1622e-07,8.8480e-07,2.3057e-06,5.9104e-06,5.8991e-06,5.9204e-06,7.5445e-08,2.9368e-07,7.1409e-07,2.2816e-06,4.6680e-06,5.7975e-06,6.2244e-06
P37,60.00,135.00,30.00,0.00,7.3669e-08,2.7159e-07,8.2508e-07,2.2280e-06,5.8753e-06,5.8640e-06,5.6141e-06,7.0278e-08,2.5020e-07,6.5151e-07,2.2045e-06,4.6367e-06,5.7668e-06,6.0080e-06
P38,60.00,90.00,60.00,0.00,6.8732e-08,3.7999e-07,1.1064e-06,4.8821e-06,9.6536e-06,9.6435e-06,7.7395e-06,6.8105e-08,3.5025e-07,8.5860e-07,4.9332e-06,8.5582e-06,9.5875e-06,8.6715e-06
P38,0.00,90.00,60.00,0.00,6.2394e-08,4.5249e-07,1.2496e-06,5.2699e-06,1.0297e-05,1.0285e-05,8.8034e-06,6.1948e-08,4.1959e-07,9.7582e-07,5.2990e-06,9.0795e-06,1.0216e-05,9.6277e-06
P38,0.00,180.00,0.00,0.00,8.6540e-08,4.5250e-07,1.2496e-06,5.2702e-06,1.0297e-05,1.0285e-05,8.8034e-06,8.4978e-08,4.1959e-07,9.7582e-07,5.2992e-06,9.0795e-06,1.0216e-05,9.6277e-06
P38,30.00,0.00,60.00,0.00,7.5964e-08,4.3770e-07,1.2196e-06,5.1984e-06,1.0178e-05,1.0167e-05,8.5885e-06,7.5239e-08,4.0546e-07,9.5167e-07,5.2318e-06,8.9875e-06,1.0101e-05,9.4382e-06
P38,60.00,180.00,60.00,0.00,5.4468e-08,3.7998e-07,1.1064e-06,4.8819e-06,9.6536e-06,9.6435e-06,7.7395e-06,5.4113e-08,3.5025e-07,8.5860e-07,4.9329e-06,8.5582e-06,9.5875e-06,8.6715e-06
P38,60.00,45.00,0.00,0.00,8.6009e-08,3.7999e-07,1.1064e-06,4.8823e-06,9.6536e-06,9.6435e-06,7.7395e-06,8.4620e-08,3.5025e-07,8.5860e-07,4.9334e-06,8.5583e-06,9.5875e-06,8.6715e-06
P38,60.00,180.00,30.00,0.00,7.3045e-08,3.7999e-07,1.1064e-06,4.8821e-06,9.6536e-06,9.6435e-06,7.7395e-06,7.2013e-08,3.5025e-07,8.5860e-07,4.9332e-06,8.5582e-06,9.5875e-06,8.6715e-06
P38,30.00,90.00,0.00,0.00,8.8080e-08,4.3770e-07,1.2196e-06,5.1984e-06,1.0178e-05,1.0167e-05,8.5885e-06,8.6486e-08,4.0546e-07,9.5167e-07,5.2318e-06,8.9875e-06,1.0101e-05,9.4382e-06
P38,0.00,180.00,60.00,0.00,6.2394e-08,4.5249e-07,1.2496e-06,5.2699e-06,1.0297e-05,1.0285e-05,8.8034e-06,6.1948e-08,4.1959e-07,9.7582e-07,5.2990e-06,9.0795e-06,1.0216e-05,9.6277e-06
P38,0.00,45.00,30.00,0.00,8.1753e-08,4.5249e-07,1.2496e-06,5.2701e-06,1.0297e-05,1.0285e-05,8.8034e-06,8.0434e-08,4.1959e-07,9.7582e-07,5.2992e-06,9.0795e-06,1.0216e-05,9.6277e-06
P38,60.00,135.00,0.00,0.00,8.6009e-08,3.7999e-07,1.1064e-06,4.8823e-06,9.6536e-06,9.6435e-06,7.7395e-06,8.4620e-08,3.5025e-07,8.5860e-07,4.9334e-06,8.5583e-06,9.5875e-06,8.6715e-06
P38,0.00,0.00,0.00,0.00,8.6540e-08,4.5250e-07,1.2496e-06,5.2702e-06,1.0297e-05,1.0285e-05,8.8034e-06,8.4978e-08,4.1959e-07,9.7582e-07,5.2992e-06,9.0795e-06,1.0216e-05,9.6277e-06
P38,30.00,180.00,60.00,0.00,5.8217e-08,4.3770e-07,1.2196e-06,5.1980e-06,1.0178e-05,1.0167e-05,8.5885e-06,5.7836e-08,4.0546e-07,9.5167e-07,5.2314e-06,8.9875e-06,1.0101e-05,9.4382e-06
P38,0.00,0.00,30.00,0.00,8.1753e-08,4.5249e-07,1.2496e-06,5.2701e-06,1.0297e-05,1.0285e-05,8.8034e-06,8.0434e-08,4.1959e-07,9.7582e-07,5.2992e-06,9.0795e-06,1.0216e-05,9.6277e-06
P38,60.00,90.00,0.00,0.00,8.6009e-08,3.7999e-07,1.1064e-06,4.8823e-06,9.6536e-06,9.6435e-06,7.7395e-06,8.4620e-08,3.5025e-07,8.5860e-07,4.9334e-06,8.5583e-06,9.5875e-06,8.6715e-06
P38,0.00,0.00,60.00,0.00,6.2394e-08,4.5249e-07,1.2496e-06,5.2699e-06,1.0297e-05,1.0285e-05,8.8034e-06,6.1948e-08,4.1959e-07,9.7582e-07,5.2990e-06,9.0795e-06,1.0216e-05,9.6277e-06
P38,30.00,45.00,0.00,0.00,8.8080e-08,4.3770e-07,1.2196e-06,5.1984e-06,1.0178e-05,1.0167e-05,8.5885e-06,8.6486e-08,4.0546e-07,9.5167e-07,5.2318e-06,8.9875e-06,1.0101e-05,9.4382e-06
P38,60.00,0.00,0.00,0.00,8.6009e-08,3.7999e-07,1.1064e-06,4.8823e-06,9.6536e-06,9.6435e-06,7.7395e-06,8.4620e-08,3.5025e-07,8.5860e-07,4.9334e-06,8.5583e-06,9.5875e-06,8.6715e-06
P38,60.00,135.00,60.00,0.00,5.7459e-08,3.7998e-07,1.1064e-06,4.8819e-06,9.6536e-06,9.6435e-06,7.7395e-06,5.7043e-08,3.5025e-07,8.5860e-07,4.9330e-06,8.5582e-06,9.5875e-06,8.6715e-06
P38,30.00,0.00,0.00,0.00,8.8080e-08,4.3770e-07,1.2196e-06,5.1984e-06,1.0178e-05,1.0167e-05,8.5885e-06,8.6486e-08,4.0546e-07,9.5167e-07,5.2318e-06,8.9875e-06,1.0101e-05,9.4382e-06
P38,60.00,90.00,30.00,0.00,8.3961e-08,3.7999e-07,1.1064e-06,4.8823e-06,9.6536e-06,9.6435e-06,7.7395e-06,8.2701e-08,3.5025e-07,8.5860e-07,4.9334e-06,8.5582e-06,9.5875e-06,8.6715e-06
P38,30.00,135.00,0.00,0.00,8.8080e-08,4.3770e-07,1.2196e-06,5.1984e-06,1.0178e-05,1.0167e-05,8.5885e-06,8.6486e-08,4.0546e-07,9.5167e-07,5.2318e-06,8.9875e-06,1.0101e-05,9.4382e-06
P38,60.00,0.00,30.00,0.00,1.0340e-07,3.8000e-07,1.1064e-06,4.8827e-06,9.6536e-06,9.6435e-06,7.7395e-06,1.0179e-07,3.5025e-07,8.5860e-07,4.9339e-06,8.5583e-06,9.5875e-06,8.6715e-06
P38,30.00,90.00,60.00,0.00,6.4599e-08,4.3770e-07,1.2196e-06,5.1981e-06,1.0178e-05,1.0167e-05,8.5885e-06,6.4083e-08,4.0546e-07,9.5167e-07,5.2315e-06,8.9875e-06,1.0101e-05,9.4382e-06
P38,30.00,180.00,30.00,0.00,7.8891e-08,4.3770e-07,1.2196e-06,5.1982e-06,1.0178e-05,1.0167e-05,8.5885e-06,7.7645e-08,4.0546e-07,9.5167e-07,5.2316e-06,8.9875e-06,1.0101e-05,9.4382e-06
P38,30.00,45.00,60.00,0.00,7.1802e-08,4.3770e-07,1.2196e-06,5.1983e-06,1.0178e-05,1.0167e-05,8.5885e-06,7.1149e-08,4.0546e-07,9.5167e-07,5.2317e-06,8.9875e-06,1.0101e-05,9.4382e-06
P38,0.00,135.00,60.00,0.00,6.2394e-08,4.5249e-07,1.2496e-06,5.2699e-06,1.0297e-05,1.0285e-05,8.8034e-06,6.1948e-08,4.1959e-07,9.7582e-07,5.2990e-06,9.0795e-06,1.0216e-05,9.6277e-06
P38,0.00,90.00,0.00,0.00,8.6540e-08,4.5250e-07,1.2496e-06,5.2702e-06,1.0297e-05,1.0285e-05,8.8034e-06,8.4978e-08,4.1959e-07,9.7582e-07,5.2992e-06,9.0795e-06,1.0216e-05,9.6277e-06
P38,30.00,135.00,30.00,0.00,8.0240e-08,4.3770e-07,1.2196e-06,5.1983e-06,1.0178e-05,1.0167e-05,8.5885e-06,7.8961e-08,4.0546e-07,9.5167e-07,5.2317e-06,8.9875e-06,1.0101e-05,9.4382e-06
P38,60.00,45.00,60.00,0.00,9.5200e-08,3.7999e-07,1.1064e-06,4.8826e-06,9.6536e-06,9.6435e-06,7.7395e-06,9.4173e-08,3.5025e-07,8.5860e-07,4.9338e-06,8.5583e-06,9.5875e-06,8.6715e-06
P38,0.00,135.00,30.00,0.00,8.1753e-08,4.5249e-07,1.2496e-06,5.2701e-06,1.0297e-05,1.0285e-05,8.8034e-06,8.0434e-08,4.1959e-07,9.7582e-07,5.2992e-06,9.0795e-06,1.0216e-05,9.6277e-06
P38,30.00,90.00,30.00,0.00,8.3921e-08,4.3770e-07,1.2196e-06,5.1984e-06,1.0178e-05,1.0167e-05,8.5885e-06,8.2554e-08,4.0546e-07,9.5167e-07,5.2318e-06,8.9875e-06,1.0101e-05,9.4382e-06
P38,0.00,135.00,0.00,0.00,8.6540e-08,4.5250e-07,1.2496e-06,5.2702e-06,1.0297e-05,1.0285e-05,8.8034e-06,8.4978e-08,4.1959e-07,9.7582e-07,5.2992e-06,9.0795e-06,1.0216e-05,9.6277e-06
P38,30.00,135.00,60.00,0.00,5.9779e-08,4.3770e-07,1.2196e-06,5.1980e-06,1.0178e-05,1.0167e-05,8.5885e-06,5.9363e-08,4.0546e-07,9.5167e-07,5.2314e-06,8.9875e-06,1.0101e-05,9.4382e-06
P38,0.00,45.00,60.00,0.00,6.2394e-08,4.5249e-07,1.2496e-06,5.2699e-06,1.0297e-05,1.0285e-05,8.8034e-06,6.1948e-08,4.1959e-07,9.7582e-07,5.2990e-06,9.0795e-06,1.0216e-05,9.6277e-06
P38,0.00,180.00,30.00,0.00,8.1753e-08,4.5249e-07,1.2496e-06,5.2701e-06,1.0297e-05,1.0285e-05,8.8034e-06,8.0434e-08,4.1959e-07,9.7582e-07,5.2992e-06,9.0795e-06,1.0216e-05,9.6277e-06
P38,0.00,90.00,30.00,0.00,8.1753e-08,4.5249e-07,1.2496e-06,5.2701e-06,1.0297e-05,1.0285e-05,8.8034e-06,8.0434e-08,4.1959e-07,9.7582e-07,5.2992e-06,9.0795e-06,1.0216e-05,9.6277e-06
P38,60.00,135.00,30.00,0.00,7.5717e-08,3.7999e-07,1.1064e-06,4.8822e-06,9.6536e-06,9.6435e-06,7.7395e-06,7.4627e-08,3.5025e-07,8.5860e-07,4.9332e-06,8.5582e-06,9.5875e-06,8.6715e-06
P38,30.00,45.00,30.00,0.00,8.8327e-08,4.3771e-07,1.2196e-06,5.1985e-06,1.0178e-05,1.0167e-05,8.5885e-06,8.6857e-08,4.0546e-07,9.5167e-07,5.2319e-06,8.9875e-06,1.0101e-05,9.4382e-06
P38,60.00,0.00,60.00,0.00,1.2086e-07,3.8000e-07,1.1064e-06,4.8832e-06,9.6536e-06,9.6435e-06,7.7395e-06,1.1953e-07,3.5025e-07,8.5860e-07,4.9345e-06,8.5583e-06,9.5875e-06,8.6715e-06
P38,60.00,45.00,30.00,0.00,9.6279e-08,3.7999e-07,1.1064e-06,4.8826e-06,9.6536e-06,9.6435e-06,7.7395e-06,9.4791e-08,3.5025e-07,8.5860e-07,4.9337e-06,8.5583e-06,9.5875e-06,8.6715e-06
P38,0.00,45.00,0.00,0.00,8.6540e-08,4.5250e-07,1.2496e-06,5.2702e-06,1.0297e-05,1.0285e-05,8.8034e-06,8.4978e-08,4.1959e-07,9.7582e-07,5.2992e-06,9.0795e-06,1.0216e-05,9.6277e-06
P38,30.00,180.00,0.00,0.00,8.8080e-08,4.3770e-07,1.2196e-06,5.1984e-06,1.0178e-05,1.0167e-05,8.5885e-06,8.6486e-08,4.0546e-07,9.5167e-07,5.2318e-06,8.9875e-06,1.0101e-05,9.4382e-06
P38,30.00,0.00,30.00,0.00,9.0436e-08,4.3771e-07,1.2196e-06,5.1985e-06,1.0178e-05,1.0167e-05,8.5885e-06,8.8920e-08,4.0546e-07,9.5167e-07,5.2320e-06,8.9876e-06,1.0101e-05,9.4382e-06
P38,60.00,180.00,0.00,0.00,8.6009e-08,3.7999e-07,1.1064e-06,4.8823e-06,9.6536e-06,9.6435e-06,7.7395e-06,8.4620e-08,3.5025e-07,8.5860e-07,4.9334e-06,8.5583e-06,9.5875e-06,8.6715e-06
P39,60.00,0.00,60.00,0.00,1.5014e-07,2.0289e-07,6.8860e-07,2.1140e-06,5.7396e-06,5.7287e-06,5.0995e-06,1.4465e-07,1.8426e-07,5.1996e-07,2.1205e-06,4.5407e-06,5.6377e-06,5.5896e-06
P39,30.00,135.00,30.00,0.00,6.9646e-08,2.4152e-07,7.6762e-07,2.2305e-06,5.8181e-06,5.8072e-06,5.5025e-06,6.6361e-08,2.2105e-07,5.9292e-07,2.2303e-06,4.6186e-06,5.7109e-06,5.9038e-06
P39,0.00,180.00,0.00,0.00,7.4808e-08,2.5215e-07,7.8739e-07,2.2571e-06,5.8353e-06,5.8244e-06,5.5999e-06,7.1220e-08,2.3122e-07,6.1134e-07,2.2552e-06,4.6364e-06,5.7272e-06,5.9762e-06
P39,0.00,135.00,0.00,0.00,7.4808e-08,2.5215e-07,7.8739e-07,2.2571e-06,5.8353e-06,5.8244e-06,5.5999e-06,7.1220e-08,2.3122e-07,6.1134e-07,2.2552e-06,4.6364e-06,5.7272e-06,5.9762e-06
P39,30.00,180.00,0.00,0.00,7.9306e-08,2.4156e-07,7.6778e-07,2.2307e-06,5.8181e-06,5.8072e-06,5.5026e-06,7.5529e-08,2.2106e-07,5.9301e-07,2.2306e-06,4.6186e-06,5.7110e-06,5.9038e-06
P39,0.00,90.00,30.00,0.00,6.9371e-08,2.5213e-07,7.8729e-07,2.2570e-06,5.8353e-06,5.8244e-06,5.5999e-06,6.6112e-08,2.3121e-07,6.1128e-07,2.2551e-06,4.6364e-06,5.7272e-06,5.9762e-06
P39,30.00,0.00,30.00,0.00,8.3559e-08,2.4158e-07,7.6799e-07,2.2313e-06,5.8182e-06,5.8073e-06,5.5026e-06,7.9759e-08,2.2107e-07,5.9311e-07,2.2312e-06,4.6187e-06,5.7110e-06,5.9038e-06
P39,0.00,135.00,60.00,0.00,4.6390e-08,2.5206e-07,7.8700e-07,2.2568e-06,5.8353e-06,5.8244e-06,5.5999e-06,4.4418e-08,2.3117e-07,6.1109e-07,2.2549e-06,4.6364e-06,5.7272e-06,5.9762e-06
P39,60.00,45.00,0.00,0.00,8.7879e-08,2.0271e-07,6.8706e-07,2.1074e-06,5.7389e-06,5.7280e-06,5.0994e-06,8.3840e-08,1.8421e-07,5.1936e-07,2.1134e-06,4.5394e-06,5.6370e-06,5.5892e-06
P39,30.00,135.00,0.00,0.00,7.9306e-08,2.4156e-07,7.6778e-07,2.2307e-06,5.8181e-06,5.8072e-06,5.5026e-06,7.5529e-08,2.2106e-07,5.9301e-07,2.2306e-06,4.6186e-06,5.7110e-06,5.9038e-06
P39,30.00,45.00,0.00,0.00,7.9306e-08,2.4156e-07,7.6778e-07,2.2307e-06,5.8181e-06,5.8072e-06,5.5026e-06,7.5529e-08,2.2106e-07,5.9301e-07,2.2306e-06,4.6186e-06,5.7110e-06,5.9038e-06
P39,30.00,0.00,0.00,0.00,7.9306e-08,2.4156e-07,7.6778e-07,2.2307e-06,5.8181e-06,5.8072e-06,5.5026e-06,7.5529e-08,2.2106e-07,5.9301e-07,2.2306e-06,4.6186e-06,5.7110e-06,5.9038e-06
P39,60.00,180.00,0.00,0.00,8.7879e-08,2.0271e-07,6.8706e-07,2.1074e-06,5.7389e-06,5.7280e-06,5.0994e-06,8.3840e-08,1.8421e-07,5.1936e-07,2.1134e-06,4.5394e-06,5.6370e-06,5.5892e-06
P39,0.00,45.00,60.00,0.00,4.6390e-08,2.5206e-07,7.8700e-07,2.2568e-06,5.8353e-06,5.8244e-06,5.5999e-06,4.4418e-08,2.3117e-07,6.1109e-07,2.2549e-06,4.6364e-06,5.7272e-06,5.9762e-06
P39,60.00,135.00,60.00,0.00,4.9644e-08,2.0261e-07,6.8650e-07,2.1062e-06,5.7388e-06,5.7279e-06,5.0993e-06,4.7450e-08,1.8417e-07,5.1908e-07,2.1122e-06,4.5392e-06,5.6369e-06,5.5892e-06
P39,30.00,180.00,30.00,0.00,6.7805e-08,2.4151e-07,7.6755e-07,2.2303e-06,5.8181e-06,5.8072e-06,5.5025e-06,6.4591e-08,2.2104e-07,5.9288e-07,2.2301e-06,4.6186e-06,5.7109e-06,5.9038e-06
P39,0.00,180.00,30.00,0.00,6.9371e-08,2.5213e-07,7.8729e-07,2.2570e-06,5.8353e-06,5.8244e-06,5.5999e-06,6.6112e-08,2.3121e-07,6.1128e-07,2.2551e-06,4.6364e-06,5.7272e-06,5.9762e-06
P39,30.00,90.00,60.00,0.00,5.1640e-08,2.4147e-07,7.6744e-07,2.2305e-06,5.8181e-06,5.8072e-06,5.5025e-06,4.9440e-08,2.2102e-07,5.9279e-07,2.2304e-06,4.6186e-06,5.7110e-06,5.9038e-06
P39,0.00,90.00,0.00,0.00,7.4808e-08,2.5215e-07,7.8739e-07,2.2571e-06,5.8353e-06,5.8244e-06,5.5999e-06,7.1220e-08,2.3122e-07,6.1134e-07,2.2552e-06,4.6364e-06,5.7272e-06,5.9762e-06
P39,30.00,135.00,60.00,0.00,4.4570e-08,2.4145e-07,7.6730e-07,2.2301e-06,5.8181e-06,5.8072e-06,5.5025e-06,4.2632e-08,2.2102e-07,5.9272e-07,2.2299e-06,4.6186e-06,5.7109e-06,5.9038e-06
P39,0.00,90.00,60.00,0.00,4.6390e-08,2.5206e-07,7.8700e-07,2.2568e-06,5.8353e-06,5.8244e-06,5.5999e-06,4.4418e-08,2.3117e-07,6.1109e-07,2.2549e-06,4.6364e-06,5.7272e-06,5.9762e-06
P39,30.00,90.00,0.00,0.00,7.9306e-08,2.4156e-07,7.6778e-07,2.2307e-06,5.8181e-06,5.8072e-06,5.5026e-06,7.5529e-08,2.2106e-07,5.9301e-07,2.2306e-06,4.6186e-06,5.7110e-06,5.9038e-06
P39,60.00,45.00,30.00,0.00,1.0421e-07,2.0276e-07,6.8744e-07,2.1086e-06,5.7390e-06,5.7281e-06,5.0994e-06,9.9690e-08,1.8423e-07,5.1953e-07,2.1147e-06,4.5396e-06,5.6371e-06,5.5893e-06
P39,60.00,180.00,30.00,0.00,6.9725e-08,2.0265e-07,6.8674e-07,2.1066e-06,5.7388e-06,5.7279e-06,5.0993e-06,6.6452e-08,1.8419e-07,5.1921e-07,2.1126e-06,4.5393e-06,5.6369e-06,5.5892e-06
P39,30.00,0.00,60.00,0.00,6.8313e-08,2.4153e-07,7.6784e-07,2.2316e-06,5.8182e-06,5.8073e-06,5.5026e-06,6.5539e-08,2.2104e-07,5.9297e-07,2.2315e-06,4.6188e-06,5.7111e-06,5.9039e-06
P39,0.00,0.00,30.00,0.00,6.9371e-08,2.5213e-07,7.8729e-07,2.2570e-06,5.8353e-06,5.8244e-06,5.5999e-06,6.6112e-08,2.3121e-07,6.1128e-07,2.2551e-06,4.6364e-06,5.7272e-06,5.9762e-06
P39,60.00,135.00,0.00,0.00,8.7879e-08,2.0271e-07,6.8706e-07,2.1074e-06,5.7389e-06,5.7280e-06,5.0994e-06,8.3840e-08,1.8421e-07,5.1936e-07,2.1134e-06,4.5394e-06,5.6370e-06,5.5892e-06
P39,30.00,45.00,60.00,0.00,6.2207e-08,2.4151e-07,7.6770e-07,2.2312e-06,5.8182e-06,5.8073e-06,5.5026e-06,5.9636e-08,2.2104e-07,5.9290e-07,2.2311e-06,4.6188e-06,5.7110e-06,5.9038e-06
P39,60.00,90.00,0.00,0.00,8.7879e-08,2.0271e-07,6.8706e-07,2.1074e-06,5.7389e-06,5.7280e-06,5.0994e-06,8.3840e-08,1.8421e-07,5.1936e-07,2.1134e-06,4.5394e-06,5.6370e-06,5.5892e-06
P39,60.00,0.00,0.00,0.00,8.7879e-08,2.0271e-07,6.8706e-07,2.1074e-06,5.7389e-06,5.7280e-06,5.0994e-06,8.3840e-08,1.8421e-07,5.1936e-07,2.1134e-06,4.5394e-06,5.6370e-06,5.5892e-06
P39,30.00,45.00,30.00,0.00,8.0680e-08,2.4157e-07,7.6791e-07,2.2311e-06,5.8181e-06,5.8072e-06,5.5026e-06,7.6983e-08,2.2107e-07,5.9307e-07,2.2310e-06,4.6187e-06,5.7110e-06,5.9038e-06
P39,30.00,180.00,60.00,0.00,4.2278e-08,2.4145e-07,7.6726e-07,2.2300e-06,5.8181e-06,5.8072e-06,5.5025e-06,4.0429e-08,2.2101e-07,5.9270e-07,2.2298e-06,4.6186e-06,5.7109e-06,5.9038e-06
P39,60.00,90.00,30.00,0.00,8.5927e-08,2.0270e-07,6.8704e-07,2.1074e-06,5.7389e-06,5.7280e-06,5.0994e-06,8.2046e-08,1.8421e-07,5.1934e-07,2.1135e-06,4.5394e-06,5.6370e-06,5.5892e-06
P39,0.00,180.00,60.00,0.00,4.6390e-08,2.5206e-07,7.8700e-07,2.2568e-06,5.8353e-06,5.8244e-06,5.5999e-06,4.4418e-08,2.3117e-07,6.1109e-07,2.2549e-06,4.6364e-06,5.7272e-06,5.9762e-06
P39,60.00,90.00,60.00,0.00,6.7526e-08,2.0265e-07,6.8679e-07,2.1073e-06,5.7389e-06,5.7280e-06,5.0994e-06,6.4662e-08,1.8419e-07,5.1920e-07,2.1134e-06,4.5394e-06,5.6370e-06,5.5892e-06
P39,60.00,180.00,60.00,0.00,4.4898e-08,2.0259e-07,6.8640e-07,2.1058e-06,5.7388e-06,5.7279e-06,5.0993e-06,4.2891e-08,1.8417e-07,5.1903e-07,2.1118e-06,4.5391e-06,5.6369e-06,5.5891e-06
P39,0.00,0.00,60.00,0.00,4.6390e-08,2.5206e-07,7.8700e-07,2.2568e-06,5.8353e-06,5.8244e-06,5.5999e-06,4.4418e-08,2.3117e-07,6.1109e-07,2.2549e-06,4.6364e-06,5.7272e-06,5.9762e-06
P39,60.00,45.00,60.00,0.00,1.0949e-07,2.0276e-07,6.8762e-07,2.1103e-06,5.7392e-06,5.7283e-06,5.0994e-06,1.0522e-07,1.8422e-07,5.1955e-07,2.1166e-06,4.5399e-06,5.6373e-06,5.5894e-06
P39,30.00,90.00,30.00,0.00,7.4670e-08,2.4154e-07,7.6776e-07,2.2308e-06,5.8181e-06,5.8072e-06,5.5026e-06,7.1195e-08,2.2106e-07,5.9298e-07,2.2306e-06,4.6187e-06,5.7110e-06,5.9038e-06
P39,0.00,135.00,30.00,0.00,6.9371e-08,2.5213e-07,7.8729e-07,2.2570e-06,5.8353e-06,5.8244e-06,5.5999e-06,6.6112e-08,2.3121e-07,6.1128e-07,2.2551e-06,4.6364e-06,5.7272e-06,5.9762e-06
P39,60.00,135.00,30.00,0.00,7.3691e-08,2.0266e-07,6.8681e-07,2.1068e-06,5.7389e-06,5.7279e-06,5.0994e-06,7.0265e-08,1.8419e-07,5.1924e-07,2.1128e-06,4.5393e-06,5.6369e-06,5.5892e-06
P39,60.00,0.00,30.00,0.00,1.1478e-07,2.0279e-07,6.8768e-07,2.1093e-06,5.7391e-06,5.7282e-06,5.0994e-06,1.0990e-07,1.8424e-07,5.1964e-07,2.1155e-06,4.5397e-06,5.6372e-06,5.5893e-06
P39,0.00,45.00,30.00,0.00,6.9371e-08,2.5213e-07,7.8729e-07,2.2570e-06,5.8353e-06,5.8244e-06,5.5999e-06,6.6112e-08,2.3121e-07,6.1128e-07,2.2551e-06,4.6364e-06,5.7272e-06,5.9762e-06
P39,0.00,45.00,0.00,0.00,7.4808e-08,2.5215e-07,7.8739e-07,2.2571e-06,5.8353e-06,5.8244e-06,5.5999e-06,7.1220e-08,2.3122e-07,6.1134e-07,2.2552e-06,4.6364e-06,5.7272e-06,5.9762e-06
P39,0.00,0.00,0.00,0.00,7.4808e-08,2.5215e-07,7.8739e-07,2.2571e-06,5.8353e-06,5.8244e-06,5.5999e-06,7.1220e-08,2.3122e-07,6.1134e-07,2.2552e-06,4.6364e-06,5.7272e-06,5.9762e-06
P40,0.00,135.00,0.00,0.00,9.0807e-08,5.2539e-07,1.4754e-06,5.2307e-06,1.0572e-05,1.0559e-05,8.7606e-06,8.8474e-08,4.8663e-07,1.1581e-06,5.2516e-06,9.1213e-06,1.0465e-05,9.7803e-06
P40,30.00,135.00,0.00,0.00,9.3266e-08,5.0415e-07,1.4395e-06,5.1759e-06,1.0515e-05,1.0502e-05,8.5437e-06,9.0848e-08,4.6606e-07,1.1269e-06,5.2011e-06,9.0785e-06,1.0412e-05,9.6105e-06
P40,0.00,180.00,30.00,0.00,8.5728e-08,5.2539e-07,1.4754e-06,5.2306e-06,1.0572e-05,1.0559e-05,8.7606e-06,8.3674e-08,4.8663e-07,1.1581e-06,5.2515e-06,9.1213e-06,1.0465e-05,9.7803e-06
P40,30.00,0.00,30.00,0.00,9.6462e-08,5.0415e-07,1.4395e-06,5.1762e-06,1.0515e-05,1.0502e-05,8.5437e-06,9.4081e-08,4.6606e-07,1.1269e-06,5.2015e-06,9.0785e-06,1.0412e-05,9.6106e-06
P40,60.00,135.00,30.00,0.00,8.2238e-08,4.2044e-07,1.2976e-06,4.9259e-06,1.0239e-05,1.0226e-05,7.6516e-06,8.0304e-08,3.8519e-07,1.0011e-06,4.9694e-06,8.8666e-06,1.0151e-05,8.8843e-06
P40,30.00,180.00,0.00,0.00,9.3266e-08,5.0415e-07,1.4395e-06,5.1759e-06,1.0515e-05,1.0502e-05,8.5437e-06,9.0848e-08,4.6606e-07,1.1269e-06,5.2011e-06,9.0785e-06,1.0412e-05,9.6105e-06
P40,30.00,180.00,30.00,0.00,8.3054e-08,5.0414e-07,1.4395e-06,5.1756e-06,1.0515e-05,1.0502e-05,8.5437e-06,8.1071e-08,4.6606e-07,1.1269e-06,5.2008e-06,9.0784e-06,1.0412e-05,9.6105e-06
P40,30.00,90.00,0.00,0.00,9.3266e-08,5.0415e-07,1.4395e-06,5.1759e-06,1.0515e-05,1.0502e-05,8.5437e-06,9.0848e-08,4.6606e-07,1.1269e-06,5.2011e-06,9.0785e-06,1.0412e-05,9.6105e-06
P40,0.00,90.00,0.00,0.00,9.0807e-08,5.2539e-07,1.4754e-06,5.2307e-06,1.0572e-05,1.0559e-05,8.7606e-06,8.8474e-08,4.8663e-07,1.1581e-06,5.2516e-06,9.1213e-06,1.0465e-05,9.7803e-06
P40,60.00,90.00,0.00,0.00,9.4157e-08,4.2044e-07,1.2976e-06,4.9263e-06,1.0239e-05,1.0226e-05,7.6516e-06,9.1805e-08,3.8519e-07,1.0011e-06,4.9698e-06,8.8667e-06,1.0151e-05,8.8843e-06
P40,30.00,45.00,60.00,0.00,7.6535e-08,5.0414e-07,1.4395e-06,5.1760e-06,1.0515e-05,1.0502e-05,8.5437e-06,7.5179e-08,4.6606e-07,1.1269e-06,5.2013e-06,9.0785e-06,1.0412e-05,9.6105e-06
P40,0.00,0.00,0.00,0.00,9.0807e-08,5.2539e-07,1.4754e-06,5.2307e-06,1.0572e-05,1.0559e-05,8.7606e-06,8.8474e-08,4.8663e-07,1.1581e-06,5.2516e-06,9.1213e-06,1.0465e-05,9.7803e-06
P40,60.00,0.00,0.00,0.00,9.4157e-08,4.2044e-07,1.2976e-06,4.9263e-06,1.0239e-05,1.0226e-05,7.6516e-06,9.1805e-08,3.8519e-07,1.0011e-06,4.9698e-06,8.8667e-06,1.0151e-05,8.8843e-06
P40,60.00,90.00,60.00,0.00,7.5508e-08,4.2044e-07,1.2976e-06,4.9260e-06,1.0239e-05,1.0226e-05,7.6516e-06,7.4088e-08,3.8519e-07,1.0011e-06,4.9696e-06,8.8666e-06,1.0151e-05,8.8843e-06
P40,60.00,135.00,0.00,0.00,9.4157e-08,4.2044e-07,1.2976e-06,4.9263e-06,1.0239e-05,1.0226e-05,7.6516e-06,9.1805e-08,3.8519e-07,1.0011e-06,4.9698e-06,8.8667e-06,1.0151e-05,8.8843e-06
P40,30.00,45.00,0.00,0.00,9.3266e-08,5.0415e-07,1.4395e-06,5.1759e-06,1.0515e-05,1.0502e-05,8.5437e-06,9.0848e-08,4.6606e-07,1.1269e-06,5.2011e-06,9.0785e-06,1.0412e-05,9.6105e-06
P40,60.00,90.00,30.00,0.00,9.2144e-08,4.2044e-07,1.2976e-06,4.9262e-06,1.0239e-05,1.0226e-05,7.6516e-06,8.9935e-08,3.8519e-07,1.0011e-06,4.9698e-06,8.8667e-06,1.0151e-05,8.8843e-06
P40,0.00,45.00,0.00,0.00,9.0807e-08,5.2539e-07,1.4754e-06,5.2307e-06,1.0572e-05,1.0559e-05,8.7606e-06,8.8474e-08,4.8663e-07,1.1581e-06,5.2516e-06,9.1213e-06,1.0465e-05,9.7803e-06
P40,60.00,135.00,60.00,0.00,6.1515e-08,4.2043e-07,1.2976e-06,4.9255e-06,1.0239e-05,1.0226e-05,7.6516e-06,6.0474e-08,3.8519e-07,1.0011e-06,4.9690e-06,8.8665e-06,1.0151e-05,8.8843e-06
P40,0.00,0.00,30.00,0.00,8.5728e-08,5.2539e-07,1.4754e-06,5.2306e-06,1.0572e-05,1.0559e-05,8.7606e-06,8.3674e-08,4.8663e-07,1.1581e-06,5.2515e-06,9.1213e-06,1.0465e-05,9.7803e-06
P40,30.00,135.00,30.00,0.00,8.4620e-08,5.0415e-07,1.4395e-06,5.1757e-06,1.0515e-05,1.0502e-05,8.5437e-06,8.2590e-08,4.6606e-07,1.1269e-06,5.2010e-06,9.0784e-06,1.0412e-05,9.6105e-06
P40,30.00,135.00,60.00,0.00,6.2068e-08,5.0414e-07,1.4395e-06,5.1754e-06,1.0515e-05,1.0502e-05,8.5437e-06,6.1106e-08,4.6606e-07,1.1269e-06,5.2006e-06,9.0784e-06,1.0412e-05,9.6105e-06
P40,30.00,90.00,30.00,0.00,8.8896e-08,5.0415e-07,1.4395e-06,5.1759e-06,1.0515e-05,1.0502e-05,8.5437e-06,8.6736e-08,4.6606e-07,1.1269e-06,5.2012e-06,9.0785e-06,1.0412e-05,9.6105e-06
P40,30.00,90.00,60.00,0.00,6.7869e-08,5.0414e-07,1.4395e-06,5.1756e-06,1.0515e-05,1.0502e-05,8.5437e-06,6.6742e-08,4.6606e-07,1.1269e-06,5.2009e-06,9.0784e-06,1.0412e-05,9.6105e-06
P40,60.00,180.00,0.00,0.00,9.4157e-08,4.2044e-07,1.2976e-06,4.9263e-06,1.0239e-05,1.0226e-05,7.6516e-06,9.1805e-08,3.8519e-07,1.0011e-06,4.9698e-06,8.8667e-06,1.0151e-05,8.8843e-06
P40,30.00,45.00,30.00,0.00,9.4012e-08,5.0415e-07,1.4395e-06,5.1761e-06,1.0515e-05,1.0502e-05,8.5437e-06,9.1701e-08,4.6606e-07,1.1269e-06,5.2014e-06,9.0785e-06,1.0412e-05,9.6105e-06
P40,60.00,180.00,30.00,0.00,7.9027e-08,4.2044e-07,1.2976e-06,4.9258e-06,1.0239e-05,1.0226e-05,7.6516e-06,7.7187e-08,3.8519e-07,1.0011e-06,4.9693e-06,8.8666e-06,1.0151e-05,8.8843e-06
P40,0.00,90.00,60.00,0.00,6.4685e-08,5.2538e-07,1.4754e-06,5.2304e-06,1.0572e-05,1.0559e-05,8.7606e-06,6.3685e-08,4.8663e-07,1.1581e-06,5.2513e-06,9.1213e-06,1.0465e-05,9.7803e-06
P40,60.00,0.00,30.00,0.00,1.1550e-07,4.2045e-07,1.2976e-06,4.9273e-06,1.0239e-05,1.0226e-05,7.6516e-06,1.1270e-07,3.8519e-07,1.0011e-06,4.9710e-06,8.8668e-06,1.0151e-05,8.8843e-06
P40,0.00,180.00,60.00,0.00,6.4685e-08,5.2538e-07,1.4754e-06,5.2304e-06,1.0572e-05,1.0559e-05,8.7606e-06,6.3685e-08,4.8663e-07,1.1581e-06,5.2513e-06,9.1213e-06,1.0465e-05,9.7803e-06
P40,60.00,0.00,60.00,0.00,1.4014e-07,4.2046e-07,1.2976e-06,4.9294e-06,1.0239e-05,1.0226e-05,7.6516e-06,1.3733e-07,3.8519e-07,1.0011e-06,4.9733e-06,8.8672e-06,1.0151e-05,8.8843e-06
P40,0.00,45.00,30.00,0.00,8.5728e-08,5.2539e-07,1.4754e-06,5.2306e-06,1.0572e-05,1.0559e-05,8.7606e-06,8.3674e-08,4.8663e-07,1.1581e-06,5.2515e-06,9.1213e-06,1.0465e-05,9.7803e-06
P40,0.00,180.00,0.00,0.00,9.0807e-08,5.2539e-07,1.4754e-06,5.2307e-06,1.0572e-05,1.0559e-05,8.7606e-06,8.8474e-08,4.8663e-07,1.1581e-06,5.2516e-06,9.1213e-06,1.0465e-05,9.7803e-06
P40,0.00,0.00,60.00,0.00,6.4685e-08,5.2538e-07,1.4754e-06,5.2304e-06,1.0572e-05,1.0559e-05,8.7606e-06,6.3685e-08,4.8663e-07,1.1581e-06,5.2513e-06,9.1213e-06,1.0465e-05,9.7803e-06
P40,0.00,135.00,30.00,0.00,8.5728e-08,5.2539e-07,1.4754e-06,5.2306e-06,1.0572e-05,1.0559e-05,8.7606e-06,8.3674e-08,4.8663e-07,1.1581e-06,5.2515e-06,9.1213e-06,1.0465e-05,9.7803e-06
P40,60.00,45.00,30.00,0.00,1.0695e-07,4.2045e-07,1.2976e-06,4.9269e-06,1.0239e-05,1.0226e-05,7.6516e-06,1.0435e-07,3.8519e-07,1.0011e-06,4.9706e-06,8.8668e-06,1.0151e-05,8.8843e-06
P40,0.00,90.00,30.00,0.00,8.5728e-08,5.2539e-07,1.4754e-06,5.2306e-06,1.0572e-05,1.0559e-05,8.7606e-06,8.3674e-08,4.8663e-07,1.1581e-06,5.2515e-06,9.1213e-06,1.0465e-05,9.7803e-06
P40,60.00,45.00,0.00,0.00,9.4157e-08,4.2044e-07,1.2976e-06,4.9263e-06,1.0239e-05,1.0226e-05,7.6516e-06,9.1805e-08,3.8519e-07,1.0011e-06,4.9698e-06,8.8667e-06,1.0151e-05,8.8843e-06
P40,60.00,45.00,60.00,0.00,1.0834e-07,4.2045e-07,1.2976e-06,4.9276e-06,1.0239e-05,1.0226e-05,7.6516e-06,1.0615e-07,3.8519e-07,1.0011e-06,4.9713e-06,8.8669e-06,1.0151e-05,8.8843e-06
P40,30.00,180.00,60.00,0.00,6.0188e-08,5.0414e-07,1.4395e-06,5.1754e-06,1.0515e-05,1.0502e-05,8.5436e-06,5.9282e-08,4.6606e-07,1.1269e-06,5.2006e-06,9.0784e-06,1.0412e-05,9.6105e-06
P40,60.00,180.00,60.00,0.00,5.7802e-08,4.2043e-07,1.2976e-06,4.9253e-06,1.0239e-05,1.0226e-05,7.6516e-06,5.6867e-08,3.8519e-07,1.0011e-06,4.9688e-06,8.8665e-06,1.0151e-05,8.8843e-06
P40,30.00,0.00,60.00,0.00,8.1542e-08,5.0414e-07,1.4395e-06,5.1762e-06,1.0515e-05,1.0502e-05,8.5437e-06,8.0063e-08,4.6606e-07,1.1269e-06,5.2015e-06,9.0785e-06,1.0412e-05,9.6106e-06
P40,0.00,45.00,60.00,0.00,6.4685e-08,5.2538e-07,1.4754e-06,5.2304e-06,1.0572e-05,1.0559e-05,8.7606e-06,6.3685e-08,4.8663e-07,1.1581e-06,5.2513e-06,9.1213e-06,1.0465e-05,9.7803e-06
P40,0.00,135.00,60.00,0.00,6.4685e-08,5.2538e-07,1.4754e-06,5.2304e-06,1.0572e-05,1.0559e-05,8.7606e-06,6.3685e-08,4.8663e-07,1.1581e-06,5.2513e-06,9.1213e-06,1.0465e-05,9.7803e-06
P40,30.00,0.00,0.00,0.00,9.3266e-08,5.0415e-07,1.4395e-06,5.1759e-06,1.0515e-05,1.0502e-05,8.5437e-06,9.0848e-08,4.6606e-07,1.1269e-06,5.2011e-06,9.0785e-06,1.0412e-05,9.6105e-06
P41,0.00,135.00,60.00,0.00,6.3749e-08,3.4630e-07,1.1985e-06,5.0062e-06,1.0311e-05,1.0297e-05,8.4632e-06,6.2570e-08,3.1245e-07,8.7420e-07,5.0313e-06,8.8582e-06,1.0204e-05,9.4918e-06
P41,60.00,90.00,60.00,0.00,7.6099e-08,2.6162e-07,9.8664e-07,4.6748e-06,1.0005e-05,9.9925e-06,7.3693e-06,7.4416e-08,2.3333e-07,7.0023e-07,4.7217e-06,8.6154e-06,9.9186e-06,8.6072e-06
P41,0.00,0.00,0.00,0.00,9.0528e-08,3.4631e-07,1.1986e-06,5.0065e-06,1.0311e-05,1.0297e-05,8.4632e-06,8.7940e-08,3.1245e-07,8.7420e-07,5.0316e-06,8.8583e-06,1.0204e-05,9.4918e-06
P41,0.00,180.00,0.00,0.00,9.0528e-08,3.4631e-07,1.1986e-06,5.0065e-06,1.0311e-05,1.0297e-05,8.4632e-06,8.7940e-08,3.1245e-07,8.7420e-07,5.0316e-06,8.8583e-06,1.0204e-05,9.4918e-06
P41,0.00,45.00,30.00,0.00,8.5344e-08,3.4631e-07,1.1986e-06,5.0064e-06,1.0311e-05,1.0297e-05,8.4632e-06,8.3050e-08,3.1245e-07,8.7420e-07,5.0315e-06,8.8582e-06,1.0204e-05,9.4918e-06
P41,30.00,180.00,0.00,0.00,9.3289e-08,3.2764e-07,1.1547e-06,4.9471e-06,1.0258e-05,1.0245e-05,8.2487e-06,9.0596e-08,2.9488e-07,8.3806e-07,4.9766e-06,8.8166e-06,1.0155e-05,9.3241e-06
P41,30.00,0.00,0.00,0.00,9.3289e-08,3.2764e-07,1.1547e-06,4.9471e-06,1.0258e-05,1.0245e-05,8.2487e-06,9.0596e-08,2.9488e-07,8.3806e-07,4.9766e-06,8.8166e-06,1.0155e-05,9.3241e-06
P41,60.00,0.00,0.00,0.00,9.5219e-08,2.6163e-07,9.8664e-07,4.6750e-06,1.0005e-05,9.9925e-06,7.3693e-06,9.2545e-08,2.3333e-07,7.0023e-07,4.7219e-06,8.6154e-06,9.9186e-06,8.6072e-06
P41,30.00,45.00,60.00,0.00,7.6392e-08,3.2764e-07,1.1547e-06,4.9473e-06,1.0258e-05,1.0245e-05,8.2487e-06,7.4805e-08,2.9488e-07,8.3806e-07,4.9768e-06,8.8167e-06,1.0155e-05,9.3241e-06
P41,60.00,0.00,30.00,0.00,1.1789e-07,2.6164e-07,9.8664e-07,4.6763e-06,1.0005e-05,9.9926e-06,7.3693e-06,1.1469e-07,2.3333e-07,7.0023e-07,4.7233e-06,8.6156e-06,9.9187e-06,8.6073e-06
P41,30.00,180.00,60.00,0.00,5.9145e-08,3.2763e-07,1.1547e-06,4.9465e-06,1.0258e-05,1.0245e-05,8.2487e-06,5.8070e-08,2.9488e-07,8.3806e-07,4.9759e-06,8.8165e-06,1.0155e-05,9.3240e-06
P41,30.00,135.00,0.00,0.00,9.3289e-08,3.2764e-07,1.1547e-06,4.9471e-06,1.0258e-05,1.0245e-05,8.2487e-06,9.0596e-08,2.9488e-07,8.3806e-07,4.9766e-06,8.8166e-06,1.0155e-05,9.3241e-06
P41,60.00,180.00,30.00,0.00,7.9349e-08,2.6162e-07,9.8664e-07,4.6745e-06,1.0005e-05,9.9924e-06,7.3693e-06,7.7242e-08,2.3333e-07,7.0023e-07,4.7213e-06,8.6153e-06,9.9186e-06,8.6072e-06
P41,0.00,90.00,60.00,0.00,6.3749e-08,3.4630e-07,1.1985e-06,5.0062e-06,1.0311e-05,1.0297e-05,8.4632e-06,6.2570e-08,3.1245e-07,8.7420e-07,5.0313e-06,8.8582e-06,1.0204e-05,9.4918e-06
P41,60.00,135.00,0.00,0.00,9.5219e-08,2.6163e-07,9.8664e-07,4.6750e-06,1.0005e-05,9.9925e-06,7.3693e-06,9.2545e-08,2.3333e-07,7.0023e-07,4.7219e-06,8.6154e-06,9.9186e-06,8.6072e-06
P41,30.00,90.00,30.00,0.00,8.8839e-08,3.2764e-07,1.1547e-06,4.9471e-06,1.0258e-05,1.0245e-05,8.2487e-06,8.6417e-08,2.9488e-07,8.3806e-07,4.9766e-06,8.8166e-06,1.0155e-05,9.3241e-06
P41,0.00,135.00,0.00,0.00,9.0528e-08,3.4631e-07,1.1986e-06,5.0065e-06,1.0311e-05,1.0297e-05,8.4632e-06,8.7940e-08,3.1245e-07,8.7420e-07,5.0316e-06,8.8583e-06,1.0204e-05,9.4918e-06
P41,0.00,45.00,0.00,0.00,9.0528e-08,3.4631e-07,1.1986e-06,5.0065e-06,1.0311e-05,1.0297e-05,8.4632e-06,8.7940e-08,3.1245e-07,8.7420e-07,5.0316e-06,8.8583e-06,1.0204e-05,9.4918e-06
P41,30.00,90.00,60.00,0.00,6.7249e-08,3.2763e-07,1.1547e-06,4.9469e-06,1.0258e-05,1.0245e-05,8.2487e-06,6.5923e-08,2.9488e-07,8.3806e-07,4.9763e-06,8.8166e-06,1.0155e-05,9.3240e-06
P41,60.00,180.00,60.00,0.00,5.7219e-08,2.6162e-07,9.8664e-07,4.6739e-06,1.0005e-05,9.9924e-06,7.3693e-06,5.6100e-08,2.3333e-07,7.0023e-07,4.7207e-06,8.6152e-06,9.9185e-06,8.6072e-06
P41,60.00,135.00,30.00,0.00,8.2742e-08,2.6163e-07,9.8664e-07,4.6746e-06,1.0005e-05,9.9925e-06,7.3693e-06,8.0529e-08,2.3333e-07,7.0023e-07,4.7214e-06,8.6153e-06,9.9186e-06,8.6072e-06
P41,30.00,180.00,30.00,0.00,8.2734e-08,3.2764e-07,1.1547e-06,4.9468e-06,1.0258e-05,1.0245e-05,8.2487e-06,8.0509e-08,2.9488e-07,8.3806e-07,4.9762e-06,8.8165e-06,1.0155e-05,9.3241e-06
P41,30.00,135.00,60.00,0.00,6.1129e-08,3.2763e-07,1.1547e-06,4.9466e-06,1.0258e-05,1.0245e-05,8.2487e-06,5.9990e-08,2.9488e-07,8.3806e-07,4.9760e-06,8.8165e-06,1.0155e-05,9.3240e-06
P41,0.00,0.00,60.00,0.00,6.3749e-08,3.4630e-07,1.1985e-06,5.0062e-06,1.0311e-05,1.0297e-05,8.4632e-06,6.2570e-08,3.1245e-07,8.7420e-07,5.0313e-06,8.8582e-06,1.0204e-05,9.4918e-06
P41,0.00,135.00,30.00,0.00,8.5344e-08,3.4631e-07,1.1986e-06,5.0064e-06,1.0311e-05,1.0297e-05,8.4632e-06,8.3050e-08,3.1245e-07,8.7420e-07,5.0315e-06,8.8582e-06,1.0204e-05,9.4918e-06
P41,0.00,0.00,30.00,0.00,8.5344e-08,3.4631e-07,1.1986e-06,5.0064e-06,1.0311e-05,1.0297e-05,8.4632e-06,8.3050e-08,3.1245e-07,8.7420e-07,5.0315e-06,8.8582e-06,1.0204e-05,9.4918e-06
P41,60.00,45.00,0.00,0.00,9.5219e-08,2.6163e-07,9.8664e-07,4.6750e-06,1.0005e-05,9.9925e-06,7.3693e-06,9.2545e-08,2.3333e-07,7.0023e-07,4.7219e-06,8.6154e-06,9.9186e-06,8.6072e-06
P41,30.00,45.00,30.00,0.00,9.4185e-08,3.2764e-07,1.1547e-06,4.9474e-06,1.0258e-05,1.0245e-05,8.2487e-06,9.1595e-08,2.9488e-07,8.3806e-07,4.9769e-06,8.8166e-06,1.0155e-05,9.3241e-06
P41,30.00,135.00,30.00,0.00,8.4371e-08,3.2764e-07,1.1547e-06,4.9469e-06,1.0258e-05,1.0245e-05,8.2487e-06,8.2093e-08,2.9488e-07,8.3806e-07,4.9764e-06,8.8166e-06,1.0155e-05,9.3241e-06
P41,0.00,90.00,0.00,0.00,9.0528e-08,3.4631e-07,1.1986e-06,5.0065e-06,1.0311e-05,1.0297e-05,8.4632e-06,8.7940e-08,3.1245e-07,8.7420e-07,5.0316e-06,8.8583e-06,1.0204e-05,9.4918e-06
P41,30.00,0.00,30.00,0.00,9.6745e-08,3.2764e-07,1.1547e-06,4.9475e-06,1.0258e-05,1.0245e-05,8.2487e-06,9.4078e-08,2.9488e-07,8.3806e-07,4.9770e-06,8.8167e-06,1.0155e-05,9.3241e-06
P41,0.00,180.00,30.00,0.00,8.5344e-08,3.4631e-07,1.1986e-06,5.0064e-06,1.0311e-05,1.0297e-05,8.4632e-06,8.3050e-08,3.1245e-07,8.7420e-07,5.0315e-06,8.8582e-06,1.0204e-05,9.4918e-06
P41,30.00,0.00,60.00,0.00,8.1675e-08,3.2764e-07,1.1547e-06,4.9476e-06,1.0258e-05,1.0245e-05,8.2487e-06,7.9946e-08,2.9488e-07,8.3806e-07,4.9771e-06,8.8167e-06,1.0155e-05,9.3241e-06
P41,60.00,90.00,0.00,0.00,9.5219e-08,2.6163e-07,9.8664e-07,4.6750e-06,1.0005e-05,9.9925e-06,7.3693e-06,9.2545e-08,2.3333e-07,7.0023e-07,4.7219e-06,8.6154e-06,9.9186e-06,8.6072e-06
P41,60.00,135.00,60.00,0.00,6.1179e-08,2.6162e-07,9.8664e-07,4.6742e-06,1.0005e-05,9.9924e-06,7.3693e-06,5.9936e-08,2.3333e-07,7.0023e-07,4.7210e-06,8.6153e-06,9.9185e-06,8.6072e-06
P41,60.00,45.00,30.00,0.00,1.0885e-07,2.6164e-07,9.8664e-07,4.6759e-06,1.0005e-05,9.9925e-06,7.3693e-06,1.0589e-07,2.3333e-07,7.0023e-07,4.7228e-06,8.6156e-06,9.9187e-06,8.6073e-06
P41,0.00,90.00,30.00,0.00,8.5344e-08,3.4631e-07,1.1986e-06,5.0064e-06,1.0311e-05,1.0297e-05,8.4632e-06,8.3050e-08,3.1245e-07,8.7420e-07,5.0315e-06,8.8582e-06,1.0204e-05,9.4918e-06
P41,0.00,180.00,60.00,0.00,6.3749e-08,3.4630e-07,1.1985e-06,5.0062e-06,1.0311e-05,1.0297e-05,8.4632e-06,6.2570e-08,3.1245e-07,8.7420e-07,5.0313e-06,8.8582e-06,1.0204e-05,9.4918e-06
P41,30.00,45.00,0.00,0.00,9.3289e-08,3.2764e-07,1.1547e-06,4.9471e-06,1.0258e-05,1.0245e-05,8.2487e-06,9.0596e-08,2.9488e-07,8.3806e-07,4.9766e-06,8.8166e-06,1.0155e-05,9.3241e-06
P41,60.00,90.00,30.00,0.00,9.3212e-08,2.6163e-07,9.8664e-07,4.6750e-06,1.0005e-05,9.9925e-06,7.3693e-06,9.0684e-08,2.3333e-07,7.0023e-07,4.7219e-06,8.6154e-06,9.9186e-06,8.6072e-06
P41,30.00,90.00,0.00,0.00,9.3289e-08,3.2764e-07,1.1547e-06,4.9471e-06,1.0258e-05,1.0245e-05,8.2487e-06,9.0596e-08,2.9488e-07,8.3806e-07,4.9766e-06,8.8166e-06,1.0155e-05,9.3241e-06
P41,60.00,45.00,60.00,0.00,1.1110e-07,2.6164e-07,9.8664e-07,4.6768e-06,1.0005e-05,9.9926e-06,7.3693e-06,1.0852e-07,2.3333e-07,7.0023e-07,4.7239e-06,8.6158e-06,9.9187e-06,8.6073e-06
P41,0.00,45.00,60.00,0.00,6.3749e-08,3.4630e-07,1.1985e-06,5.0062e-06,1.0311e-05,1.0297e-05,8.4632e-06,6.2570e-08,3.1245e-07,8.7420e-07,5.0313e-06,8.8582e-06,1.0204e-05,9.4918e-06
P41,60.00,180.00,0.00,0.00,9.5219e-08,2.6163e-07,9.8664e-07,4.6750e-06,1.0005e-05,9.9925e-06,7.3693e-06,9.2545e-08,2.3333e-07,7.0023e-07,4.7219e-06,8.6154e-06,9.9186e-06,8.6072e-06
P41,60.00,0.00,60.00,0.00,1.4500e-07,2.6165e-07,9.8664e-07,4.6792e-06,1.0006e-05,9.9928e-06,7.3693e-06,1.4167e-07,2.3333e-07,7.0023e-07,4.7265e-06,8.6163e-06,9.9189e-06,8.6073e-06
P42,60.00,90.00,30.00,0.00,8.6608e-08,3.7373e-07,1.0701e-06,3.1382e-06,7.5966e-06,7.5840e-06,6.2546e-06,8.3232e-08,3.4622e-07,8.4349e-07,3.1563e-06,6.2106e-06,7.4854e-06,7.0397e-06
P42,60.00,180.00,60.00,0.00,4.7402e-08,3.7371e-07,1.0701e-06,3.1368e-06,7.5965e-06,7.5838e-06,6.2545e-06,4.5723e-08,3.4622e-07,8.4349e-07,3.1547e-06,6.2104e-06,7.4852e-06,7.0396e-06
P42,30.00,0.00,60.00,0.00,7.0911e-08,4.2864e-07,1.1693e-06,3.3013e-06,7.6949e-06,7.6822e-06,6.8403e-06,6.8513e-08,3.9911e-07,9.3093e-07,3.3081e-06,6.3084e-06,7.5768e-06,7.4817e-06
P42,0.00,180.00,0.00,0.00,7.8186e-08,4.4265e-07,1.1937e-06,3.3343e-06,7.7148e-06,7.7022e-06,6.9788e-06,7.4946e-08,4.1263e-07,9.5279e-07,3.3382e-06,6.3280e-06,7.5954e-06,7.5822e-06
P42,0.00,180.00,60.00,0.00,5.0331e-08,4.4263e-07,1.1936e-06,3.3340e-06,7.7148e-06,7.7022e-06,6.9788e-06,4.8637e-08,4.1263e-07,9.5279e-07,3.3379e-06,6.3279e-06,7.5954e-06,7.5822e-06
P42,0.00,0.00,0.00,0.00,7.8186e-08,4.4265e-07,1.1937e-06,3.3343e-06,7.7148e-06,7.7022e-06,6.9788e-06,7.4946e-08,4.1263e-07,9.5279e-07,3.3382e-06,6.3280e-06,7.5954e-06,7.5822e-06
P42,0.00,135.00,0.00,0.00,7.8186e-08,4.4265e-07,1.1937e-06,3.3343e-06,7.7148e-06,7.7022e-06,6.9788e-06,7.4946e-08,4.1263e-07,9.5279e-07,3.3382e-06,6.3280e-06,7.5954e-06,7.5822e-06
P42,60.00,90.00,60.00,0.00,6.8643e-08,3.7372e-07,1.0701e-06,3.1381e-06,7.5966e-06,7.5839e-06,6.2545e-06,6.6225e-08,3.4622e-07,8.4349e-07,3.1561e-06,6.2106e-06,7.4854e-06,7.0397e-06
P42,30.00,180.00,0.00,0.00,8.2154e-08,4.2865e-07,1.1693e-06,3.3006e-06,7.6948e-06,7.6822e-06,6.8402e-06,7.8757e-08,3.9911e-07,9.3093e-07,3.3073e-06,6.3082e-06,7.5767e-06,7.4816e-06
P42,30.00,90.00,0.00,0.00,8.2154e-08,4.2865e-07,1.1693e-06,3.3006e-06,7.6948e-06,7.6822e-06,6.8402e-06,7.8757e-08,3.9911e-07,9.3093e-07,3.3073e-06,6.3082e-06,7.5767e-06,7.4816e-06
P42,0.00,90.00,30.00,0.00,7.2830e-08,4.4264e-07,1.1937e-06,3.3342e-06,7.7148e-06,7.7022e-06,6.9788e-06,6.9907e-08,4.1263e-07,9.5279e-07,3.3381e-06,6.3279e-06,7.5954e-06,7.5822e-06
P42,30.00,135.00,60.00,0.00,4.8317e-08,4.2863e-07,1.1692e-06,3.3000e-06,7.6948e-06,7.6821e-06,6.8402e-06,4.6661e-08,3.9911e-07,9.3093e-07,3.3067e-06,6.3081e-06,7.5767e-06,7.4816e-06
P42,30.00,45.00,0.00,0.00,8.2154e-08,4.2865e-07,1.1693e-06,3.3006e-06,7.6948e-06,7.6822e-06,6.8402e-06,7.8757e-08,3.9911e-07,9.3093e-07,3.3073e-06,6.3082e-06,7.5767e-06,7.4816e-06
P42,60.00,135.00,0.00,0.00,8.8588e-08,3.7373e-07,1.0701e-06,3.1382e-06,7.5966e-06,7.5840e-06,6.2546e-06,8.5056e-08,3.4622e-07,8.4350e-07,3.1563e-06,6.2106e-06,7.4854e-06,7.0397e-06
P42,60.00,0.00,60.00,0.00,1.4624e-07,3.7377e-07,1.0701e-06,3.1440e-06,7.5972e-06,7.5845e-06,6.2546e-06,1.4159e-07,3.4622e-07,8.4350e-07,3.1626e-06,6.2118e-06,7.4860e-06,7.0399e-06
P42,30.00,135.00,30.00,0.00,7.2750e-08,4.2864e-07,1.1693e-06,3.3003e-06,7.6948e-06,7.6821e-06,6.8402e-06,6.9819e-08,3.9911e-07,9.3093e-07,3.3071e-06,6.3082e-06,7.5767e-06,7.4816e-06
P42,60.00,45.00,30.00,0.00,1.0394e-07,3.7374e-07,1.0701e-06,3.1393e-06,7.5967e-06,7.5841e-06,6.2546e-06,1.0000e-07,3.4622e-07,8.4350e-07,3.1574e-06,6.2108e-06,7.4855e-06,7.0397e-06
P42,0.00,135.00,30.00,0.00,7.2830e-08,4.4264e-07,1.1937e-06,3.3342e-06,7.7148e-06,7.7022e-06,6.9788e-06,6.9907e-08,4.1263e-07,9.5279e-07,3.3381e-06,6.3279e-06,7.5954e-06,7.5822e-06
P42,30.00,45.00,60.00,0.00,6.5099e-08,4.2864e-07,1.1693e-06,3.3010e-06,7.6948e-06,7.6822e-06,6.8402e-06,6.2881e-08,3.9911e-07,9.3093e-07,3.3078e-06,6.3083e-06,7.5768e-06,7.4816e-06
P42,30.00,0.00,0.00,0.00,8.2154e-08,4.2865e-07,1.1693e-06,3.3006e-06,7.6948e-06,7.6822e-06,6.8402e-06,7.8757e-08,3.9911e-07,9.3093e-07,3.3073e-06,6.3082e-06,7.5767e-06,7.4816e-06
P42,0.00,45.00,0.00,0.00,7.8186e-08,4.4265e-07,1.1937e-06,3.3343e-06,7.7148e-06,7.7022e-06,6.9788e-06,7.4946e-08,4.1263e-07,9.5279e-07,3.3382e-06,6.3280e-06,7.5954e-06,7.5822e-06
P42,60.00,135.00,60.00,0.00,5.1856e-08,3.7371e-07,1.0701e-06,3.1371e-06,7.5965e-06,7.5839e-06,6.2545e-06,5.0016e-08,3.4622e-07,8.4349e-07,3.1551e-06,6.2104e-06,7.4853e-06,7.0396e-06
P42,0.00,90.00,60.00,0.00,5.0331e-08,4.4263e-07,1.1936e-06,3.3340e-06,7.7148e-06,7.7022e-06,6.9788e-06,4.8637e-08,4.1263e-07,9.5279e-07,3.3379e-06,6.3279e-06,7.5954e-06,7.5822e-06
P42,60.00,90.00,0.00,0.00,8.8588e-08,3.7373e-07,1.0701e-06,3.1382e-06,7.5966e-06,7.5840e-06,6.2546e-06,8.5056e-08,3.4622e-07,8.4350e-07,3.1563e-06,6.2106e-06,7.4854e-06,7.0397e-06
P42,60.00,0.00,30.00,0.00,1.1396e-07,3.7375e-07,1.0701e-06,3.1399e-06,7.5967e-06,7.5841e-06,6.2546e-06,1.0971e-07,3.4622e-07,8.4350e-07,3.1581e-06,6.2109e-06,7.4855e-06,7.0398e-06
P42,60.00,180.00,0.00,0.00,8.8588e-08,3.7373e-07,1.0701e-06,3.1382e-06,7.5966e-06,7.5840e-06,6.2546e-06,8.5056e-08,3.4622e-07,8.4350e-07,3.1563e-06,6.2106e-06,7.4854e-06,7.0397e-06
P42,0.00,45.00,60.00,0.00,5.0331e-08,4.4263e-07,1.1936e-06,3.3340e-06,7.7148e-06,7.7022e-06,6.9788e-06,4.8637e-08,4.1263e-07,9.5279e-07,3.3379e-06,6.3279e-06,7.5954e-06,7.5822e-06
P42,60.00,45.00,0.00,0.00,8.8588e-08,3.7373e-07,1.0701e-06,3.1382e-06,7.5966e-06,7.5840e-06,6.2546e-06,8.5056e-08,3.4622e-07,8.4350e-07,3.1563e-06,6.2106e-06,7.4854e-06,7.0397e-06
P42,30.00,180.00,30.00,0.00,7.0982e-08,4.2864e-07,1.1693e-06,3.3002e-06,7.6948e-06,7.6821e-06,6.8402e-06,6.8114e-08,3.9911e-07,9.3093e-07,3.3069e-06,6.3081e-06,7.5767e-06,7.4816e-06
P42,0.00,45.00,30.00,0.00,7.2830e-08,4.4264e-07,1.1937e-06,3.3342e-06,7.7148e-06,7.7022e-06,6.9788e-06,6.9907e-08,4.1263e-07,9.5279e-07,3.3381e-06,6.3279e-06,7.5954e-06,7.5822e-06
P42,30.00,180.00,60.00,0.00,4.6138e-08,4.2863e-07,1.1692e-06,3.2999e-06,7.6947e-06,7.6821e-06,6.8402e-06,4.4560e-08,3.9911e-07,9.3093e-07,3.3066e-06,6.3081e-06,7.5767e-06,7.4816e-06
P42,60.00,0.00,0.00,0.00,8.8588e-08,3.7373e-07,1.0701e-06,3.1382e-06,7.5966e-06,7.5840e-06,6.2546e-06,8.5056e-08,3.4622e-07,8.4350e-07,3.1563e-06,6.2106e-06,7.4854e-06,7.0397e-06
P42,60.00,180.00,30.00,0.00,7.1254e-08,3.7372e-07,1.0701e-06,3.1375e-06,7.5965e-06,7.5839e-06,6.2545e-06,6.8414e-08,3.4622e-07,8.4349e-07,3.1555e-06,6.2105e-06,7.4853e-06,7.0397e-06
P42,0.00,0.00,30.00,0.00,7.2830e-08,4.4264e-07,1.1937e-06,3.3342e-06,7.7148e-06,7.7022e-06,6.9788e-06,6.9907e-08,4.1263e-07,9.5279e-07,3.3381e-06,6.3279e-06,7.5954e-06,7.5822e-06
P42,0.00,90.00,0.00,0.00,7.8186e-08,4.4265e-07,1.1937e-06,3.3343e-06,7.7148e-06,7.7022e-06,6.9788e-06,7.4946e-08,4.1263e-07,9.5279e-07,3.3382e-06,6.3280e-06,7.5954e-06,7.5822e-06
P42,30.00,135.00,0.00,0.00,8.2154e-08,4.2865e-07,1.1693e-06,3.3006e-06,7.6948e-06,7.6822e-06,6.8402e-06,7.8757e-08,3.9911e-07,9.3093e-07,3.3073e-06,6.3082e-06,7.5767e-06,7.4816e-06
P42,0.00,135.00,60.00,0.00,5.0331e-08,4.4263e-07,1.1936e-06,3.3340e-06,7.7148e-06,7.7022e-06,6.9788e-06,4.8637e-08,4.1263e-07,9.5279e-07,3.3379e-06,6.3279e-06,7.5954e-06,7.5822e-06
P42,30.00,45.00,30.00,0.00,8.3353e-08,4.2865e-07,1.1693e-06,3.3009e-06,7.6948e-06,7.6822e-06,6.8402e-06,8.0046e-08,3.9911e-07,9.3093e-07,3.3077e-06,6.3083e-06,7.5768e-06,7.4816e-06
P42,30.00,0.00,30.00,0.00,8.6119e-08,4.2865e-07,1.1693e-06,3.3011e-06,7.6948e-06,7.6822e-06,6.8403e-06,8.2718e-08,3.9911e-07,9.3093e-07,3.3079e-06,6.3083e-06,7.5768e-06,7.4816e-06
P42,0.00,180.00,30.00,0.00,7.2830e-08,4.4264e-07,1.1937e-06,3.3342e-06,7.7148e-06,7.7022e-06,6.9788e-06,6.9907e-08,4.1263e-07,9.5279e-07,3.3381e-06,6.3279e-06,7.5954e-06,7.5822e-06
P42,30.00,90.00,30.00,0.00,7.7577e-08,4.2865e-07,1.1693e-06,3.3006e-06,7.6948e-06,7.6822e-06,6.8402e-06,7.4472e-08,3.9911e-07,9.3093e-07,3.3073e-06,6.3082e-06,7.5768e-06,7.4816e-06
P42,0.00,0.00,60.00,0.00,5.0331e-08,4.4263e-07,1.1936e-06,3.3340e-06,7.7148e-06,7.7022e-06,6.9788e-06,4.8637e-08,4.1263e-07,9.5279e-07,3.3379e-06,6.3279e-06,7.5954e-06,7.5822e-06
P42,60.00,45.00,60.00,0.00,1.0805e-07,3.7375e-07,1.0701e-06,3.1408e-06,7.5968e-06,7.5842e-06,6.2546e-06,1.0443e-07,3.4622e-07,8.4350e-07,3.1590e-06,6.2111e-06,7.4856e-06,7.0398e-06
P42,30.00,90.00,60.00,0.00,5.5045e-08,4.2863e-07,1.1692e-06,3.3003e-06,7.6948e-06,7.6822e-06,6.8402e-06,5.3154e-08,3.9911e-07,9.3093e-07,3.3071e-06,6.3082e-06,7.5767e-06,7.4816e-06
P42,60.00,135.00,30.00,0.00,7.5012e-08,3.7373e-07,1.0701e-06,3.1376e-06,7.5965e-06,7.5839e-06,6.2545e-06,7.2036e-08,3.4622e-07,8.4349e-07,3.1556e-06,6.2105e-06,7.4853e-06,7.0397e-06
P43,0.00,135.00,30.00,0.00,8.9169e-08,3.7188e-07,1.3153e-06,4.9910e-06,1.0367e-05,1.0353e-05,8.6035e-06,8.6349e-08,3.3542e-07,9.3343e-07,5.0088e-06,8.8081e-06,1.0246e-05,9.6312e-06
P43,60.00,45.00,0.00,0.00,1.0289e-07,2.8467e-07,1.0433e-06,4.6810e-06,1.0186e-05,1.0172e-05,7.5296e-06,9.9416e-08,2.5531e-07,7.3304e-07,4.7189e-06,8.6580e-06,1.0083e-05,8.8107e-06
P43,60.00,90.00,0.00,0.00,1.0289e-07,2.8467e-07,1.0433e-06,4.6810e-06,1.0186e-05,1.0172e-05,7.5296e-06,9.9416e-08,2.5531e-07,7.3304e-07,4.7189e-06,8.6580e-06,1.0083e-05,8.8107e-06
P43,30.00,135.00,60.00,0.00,6.4012e-08,3.5220e-07,1.2570e-06,4.9401e-06,1.0340e-05,1.0325e-05,8.3968e-06,6.2479e-08,3.1728e-07,8.8882e-07,4.9621e-06,8.7869e-06,1.0222e-05,9.4792e-06
P43,30.00,90.00,0.00,0.00,9.8106e-08,3.5223e-07,1.2571e-06,4.9407e-06,1.0340e-05,1.0325e-05,8.3968e-06,9.4803e-08,3.1728e-07,8.8883e-07,4.9627e-06,8.7870e-06,1.0222e-05,9.4792e-06
P43,60.00,135.00,60.00,0.00,6.5782e-08,2.8465e-07,1.0432e-06,4.6800e-06,1.0186e-05,1.0172e-05,7.5295e-06,6.4042e-08,2.5530e-07,7.3304e-07,4.7178e-06,8.6579e-06,1.0083e-05,8.8106e-06
P43,60.00,135.00,30.00,0.00,8.9160e-08,2.8466e-07,1.0432e-06,4.6804e-06,1.0186e-05,1.0172e-05,7.5296e-06,8.6259e-08,2.5531e-07,7.3304e-07,4.7183e-06,8.6579e-06,1.0083e-05,8.8106e-06
P43,0.00,135.00,0.00,0.00,9.4537e-08,3.7188e-07,1.3153e-06,4.9911e-06,1.0367e-05,1.0353e-05,8.6035e-06,9.1399e-08,3.3542e-07,9.3343e-07,5.0089e-06,8.8082e-06,1.0246e-05,9.6312e-06
P43,0.00,45.00,0.00,0.00,9.4537e-08,3.7188e-07,1.3153e-06,4.9911e-06,1.0367e-05,1.0353e-05,8.6035e-06,9.1399e-08,3.3542e-07,9.3343e-07,5.0089e-06,8.8082e-06,1.0246e-05,9.6312e-06
P43,0.00,180.00,60.00,0.00,6.6528e-08,3.7186e-07,1.3152e-06,4.9908e-06,1.0367e-05,1.0353e-05,8.6034e-06,6.4953e-08,3.3542e-07,9.3342e-07,5.0086e-06,8.8081e-06,1.0246e-05,9.6312e-06
P43,0.00,135.00,60.00,0.00,6.6528e-08,3.7186e-07,1.3152e-06,4.9908e-06,1.0367e-05,1.0353e-05,8.6034e-06,6.4953e-08,3.3542e-07,9.3342e-07,5.0086e-06,8.8081e-06,1.0246e-05,9.6312e-06
P43,60.00,0.00,60.00,0.00,1.6195e-07,2.8472e-07,1.0433e-06,4.6871e-06,1.0187e-05,1.0173e-05,7.5296e-06,1.5718e-07,2.5531e-07,7.3305e-07,4.7255e-06,8.6592e-06,1.0084e-05,8.8109e-06
P43,60.00,45.00,60.00,0.00,1.2306e-07,2.8469e-07,1.0433e-06,4.6837e-06,1.0187e-05,1.0173e-05,7.5296e-06,1.1941e-07,2.5531e-07,7.3304e-07,4.7218e-06,8.6585e-06,1.0083e-05,8.8108e-06
P43,60.00,45.00,30.00,0.00,1.1854e-07,2.8469e-07,1.0433e-06,4.6822e-06,1.0186e-05,1.0172e-05,7.5296e-06,1.1462e-07,2.5531e-07,7.3305e-07,4.7201e-06,8.6582e-06,1.0083e-05,8.8107e-06
P43,30.00,0.00,30.00,0.00,1.0218e-07,3.5223e-07,1.2571e-06,4.9412e-06,1.0340e-05,1.0325e-05,8.3968e-06,9.8858e-08,3.1728e-07,8.8884e-07,4.9633e-06,8.7871e-06,1.0222e-05,9.4792e-06
P43,30.00,0.00,60.00,0.00,8.6992e-08,3.5222e-07,1.2570e-06,4.9415e-06,1.0340e-05,1.0326e-05,8.3968e-06,8.4669e-08,3.1728e-07,8.8883e-07,4.9636e-06,8.7872e-06,1.0222e-05,9.4793e-06
P43,30.00,180.00,60.00,0.00,6.1794e-08,3.5220e-07,1.2570e-06,4.9400e-06,1.0340e-05,1.0325e-05,8.3968e-06,6.0344e-08,3.1728e-07,8.8882e-07,4.9620e-06,8.7869e-06,1.0222e-05,9.4792e-06
P43,0.00,90.00,60.00,0.00,6.6528e-08,3.7186e-07,1.3152e-06,4.9908e-06,1.0367e-05,1.0353e-05,8.6034e-06,6.4953e-08,3.3542e-07,9.3342e-07,5.0086e-06,8.8081e-06,1.0246e-05,9.6312e-06
P43,60.00,180.00,60.00,0.00,6.1238e-08,2.8465e-07,1.0432e-06,4.6796e-06,1.0186e-05,1.0172e-05,7.5295e-06,5.9670e-08,2.5530e-07,7.3304e-07,4.7173e-06,8.6578e-06,1.0083e-05,8.8106e-06
P43,0.00,90.00,0.00,0.00,9.4537e-08,3.7188e-07,1.3153e-06,4.9911e-06,1.0367e-05,1.0353e-05,8.6035e-06,9.1399e-08,3.3542e-07,9.3343e-07,5.0089e-06,8.8082e-06,1.0246e-05,9.6312e-06
P43,0.00,0.00,30.00,0.00,8.9169e-08,3.7188e-07,1.3153e-06,4.9910e-06,1.0367e-05,1.0353e-05,8.6035e-06,8.6349e-08,3.3542e-07,9.3343e-07,5.0088e-06,8.8081e-06,1.0246e-05,9.6312e-06
P43,60.00,90.00,30.00,0.00,1.0094e-07,2.8467e-07,1.0433e-06,4.6811e-06,1.0186e-05,1.0172e-05,7.5296e-06,9.7614e-08,2.5531e-07,7.3304e-07,4.7189e-06,8.6580e-06,1.0083e-05,8.8107e-06
P43,60.00,180.00,30.00,0.00,8.5343e-08,2.8466e-07,1.0432e-06,4.6803e-06,1.0186e-05,1.0172e-05,7.5296e-06,8.2583e-08,2.5531e-07,7.3304e-07,4.7181e-06,8.6579e-06,1.0083e-05,8.8106e-06
P43,60.00,90.00,60.00,0.00,8.2902e-08,2.8466e-07,1.0432e-06,4.6809e-06,1.0186e-05,1.0172e-05,7.5296e-06,8.0543e-08,2.5531e-07,7.3304e-07,4.7188e-06,8.6580e-06,1.0083e-05,8.8107e-06
P43,60.00,0.00,0.00,0.00,1.0289e-07,2.8467e-07,1.0433e-06,4.6810e-06,1.0186e-05,1.0172e-05,7.5296e-06,9.9416e-08,2.5531e-07,7.3304e-07,4.7189e-06,8.6580e-06,1.0083e-05,8.8107e-06
P43,30.00,180.00,30.00,0.00,8.6841e-08,3.5222e-07,1.2570e-06,4.9403e-06,1.0340e-05,1.0325e-05,8.3968e-06,8.4078e-08,3.1728e-07,8.8883e-07,4.9623e-06,8.7869e-06,1.0222e-05,9.4792e-06
P43,0.00,180.00,30.00,0.00,8.9169e-08,3.7188e-07,1.3153e-06,4.9910e-06,1.0367e-05,1.0353e-05,8.6035e-06,8.6349e-08,3.3542e-07,9.3343e-07,5.0088e-06,8.8081e-06,1.0246e-05,9.6312e-06
P43,30.00,90.00,30.00,0.00,9.3524e-08,3.5222e-07,1.2571e-06,4.9407e-06,1.0340e-05,1.0325e-05,8.3968e-06,9.0513e-08,3.1728e-07,8.8883e-07,4.9627e-06,8.7870e-06,1.0222e-05,9.4792e-06
P43,60.00,135.00,0.00,0.00,1.0289e-07,2.8467e-07,1.0433e-06,4.6810e-06,1.0186e-05,1.0172e-05,7.5296e-06,9.9416e-08,2.5531e-07,7.3304e-07,4.7189e-06,8.6580e-06,1.0083e-05,8.8107e-06
P43,30.00,45.00,60.00,0.00,8.1083e-08,3.5221e-07,1.2570e-06,4.9411e-06,1.0340e-05,1.0326e-05,8.3968e-06,7.8952e-08,3.1728e-07,8.8883e-07,4.9632e-06,8.7871e-06,1.0222e-05,9.4792e-06
P43,30.00,90.00,60.00,0.00,7.0856e-08,3.5221e-07,1.2570e-06,4.9405e-06,1.0340e-05,1.0325e-05,8.3968e-06,6.9075e-08,3.1728e-07,8.8882e-07,4.9625e-06,8.7870e-06,1.0222e-05,9.4792e-06
P43,0.00,90.00,30.00,0.00,8.9169e-08,3.7188e-07,1.3153e-06,4.9910e-06,1.0367e-05,1.0353e-05,8.6035e-06,8.6349e-08,3.3542e-07,9.3343e-07,5.0088e-06,8.8081e-06,1.0246e-05,9.6312e-06
P43,0.00,180.00,0.00,0.00,9.4537e-08,3.7188e-07,1.3153e-06,4.9911e-06,1.0367e-05,1.0353e-05,8.6035e-06,9.1399e-08,3.3542e-07,9.3343e-07,5.0089e-06,8.8082e-06,1.0246e-05,9.6312e-06
P43,0.00,45.00,30.00,0.00,8.9169e-08,3.7188e-07,1.3153e-06,4.9910e-06,1.0367e-05,1.0353e-05,8.6035e-06,8.6349e-08,3.3542e-07,9.3343e-07,5.0088e-06,8.8081e-06,1.0246e-05,9.6312e-06
P43,30.00,0.00,0.00,0.00,9.8106e-08,3.5223e-07,1.2571e-06,4.9407e-06,1.0340e-05,1.0325e-05,8.3968e-06,9.4803e-08,3.1728e-07,8.8883e-07,4.9627e-06,8.7870e-06,1.0222e-05,9.4792e-06
P43,60.00,180.00,0.00,0.00,1.0289e-07,2.8467e-07,1.0433e-06,4.6810e-06,1.0186e-05,1.0172e-05,7.5296e-06,9.9416e-08,2.5531e-07,7.3304e-07,4.7189e-06,8.6580e-06,1.0083e-05,8.8107e-06
P43,30.00,45.00,30.00,0.00,9.9376e-08,3.5223e-07,1.2571e-06,4.9410e-06,1.0340e-05,1.0325e-05,8.3968e-06,9.6154e-08,3.1728e-07,8.8883e-07,4.9631e-06,8.7871e-06,1.0222e-05,9.4792e-06
P43,0.00,0.00,60.00,0.00,6.6528e-08,3.7186e-07,1.3152e-06,4.9908e-06,1.0367e-05,1.0353e-05,8.6034e-06,6.4953e-08,3.3542e-07,9.3342e-07,5.0086e-06,8.8081e-06,1.0246e-05,9.6312e-06
P43,30.00,135.00,0.00,0.00,9.8106e-08,3.5223e-07,1.2571e-06,4.9407e-06,1.0340e-05,1.0325e-05,8.3968e-06,9.4803e-08,3.1728e-07,8.8883e-07,4.9627e-06,8.7870e-06,1.0222e-05,9.4792e-06
P43,0.00,45.00,60.00,0.00,6.6528e-08,3.7186e-07,1.3152e-06,4.9908e-06,1.0367e-05,1.0353e-05,8.6034e-06,6.4953e-08,3.3542e-07,9.3342e-07,5.0086e-06,8.8081e-06,1.0246e-05,9.6312e-06
P43,0.00,0.00,0.00,0.00,9.4537e-08,3.7188e-07,1.3153e-06,4.9911e-06,1.0367e-05,1.0353e-05,8.6035e-06,9.1399e-08,3.3542e-07,9.3343e-07,5.0089e-06,8.8082e-06,1.0246e-05,9.6312e-06
P43,30.00,180.00,0.00,0.00,9.8106e-08,3.5223e-07,1.2571e-06,4.9407e-06,1.0340e-05,1.0325e-05,8.3968e-06,9.4803e-08,3.1728e-07,8.8883e-07,4.9627e-06,8.7870e-06,1.0222e-05,9.4792e-06
P43,30.00,135.00,30.00,0.00,8.8633e-08,3.5222e-07,1.2570e-06,4.9405e-06,1.0340e-05,1.0325e-05,8.3968e-06,8.5803e-08,3.1728e-07,8.8883e-07,4.9624e-06,8.7870e-06,1.0222e-05,9.4792e-06
P43,60.00,0.00,30.00,0.00,1.2871e-07,2.8469e-07,1.0433e-06,4.6828e-06,1.0186e-05,1.0172e-05,7.5296e-06,1.2446e-07,2.5531e-07,7.3305e-07,4.7208e-06,8.6583e-06,1.0083e-05,8.8108e-06
P43,30.00,45.00,0.00,0.00,9.8106e-08,3.5223e-07,1.2571e-06,4.9407e-06,1.0340e-05,1.0325e-05,8.3968e-06,9.4803e-08,3.1728e-07,8.8883e-07,4.9627e-06,8.7870e-06,1.0222e-05,9.4792e-06
P44,0.00,180.00,0.00,0.00,7.1887e-08,1.6709e-07,4.2759e-07,1.1177e-06,3.5046e-06,3.4964e-06,4.0166e-06,6.8218e-08,1.5632e-07,3.5709e-07,1.1051e-06,2.6104e-06,3.4177e-06,4.0420e-06
P44,60.00,45.00,0.00,0.00,8.5907e-08,1.4809e-07,4.1409e-07,1.0635e-06,3.4733e-06,3.4652e-06,3.8090e-06,8.1786e-08,1.3727e-07,3.4130e-07,1.0536e-06,2.5790e-06,3.3879e-06,3.9059e-06
P44,0.00,180.00,30.00,0.00,6.6442e-08,1.6706e-07,4.2746e-07,1.1175e-06,3.5046e-06,3.4964e-06,4.0165e-06,6.3103e-08,1.5630e-07,3.5699e-07,1.1050e-06,2.6104e-06,3.4177e-06,4.0420e-06
P44,30.00,90.00,0.00,0.00,7.6577e-08,1.6374e-07,4.2531e-07,1.1090e-06,3.5002e-06,3.4921e-06,3.9803e-06,7.2718e-08,1.5294e-07,3.5452e-07,1.0970e-06,2.6060e-06,3.4135e-06,4.0190e-06
P44,30.00,135.00,60.00,0.00,4.1712e-08,1.6356e-07,4.2463e-07,1.1084e-06,3.5001e-06,3.4920e-06,3.9802e-06,3.9703e-08,1.5285e-07,3.5403e-07,1.0964e-06,2.6059e-06,3.4135e-06,4.0190e-06
P44,60.00,90.00,0.00,0.00,8.5907e-08,1.4809e-07,4.1409e-07,1.0635e-06,3.4733e-06,3.4652e-06,3.8090e-06,8.1786e-08,1.3727e-07,3.4130e-07,1.0536e-06,2.5790e-06,3.3879e-06,3.9059e-06
P44,30.00,180.00,0.00,0.00,7.6577e-08,1.6374e-07,4.2531e-07,1.1090e-06,3.5002e-06,3.4921e-06,3.9803e-06,7.2718e-08,1.5294e-07,3.5452e-07,1.0970e-06,2.6060e-06,3.4135e-06,4.0190e-06
P44,0.00,0.00,30.00,0.00,6.6442e-08,1.6706e-07,4.2746e-07,1.1175e-06,3.5046e-06,3.4964e-06,4.0165e-06,6.3103e-08,1.5630e-07,3.5699e-07,1.1050e-06,2.6104e-06,3.4177e-06,4.0420e-06
P44,0.00,135.00,60.00,0.00,4.3399e-08,1.6694e-07,4.2708e-07,1.1174e-06,3.5046e-06,3.4964e-06,4.0165e-06,4.1355e-08,1.5624e-07,3.5669e-07,1.1048e-06,2.6104e-06,3.4177e-06,4.0420e-06
P44,60.00,0.00,30.00,0.00,1.1310e-07,1.4825e-07,4.1512e-07,1.0655e-06,3.4735e-06,3.4654e-06,3.8091e-06,1.0814e-07,1.3734e-07,3.4188e-07,1.0557e-06,2.5794e-06,3.3881e-06,3.9060e-06
P44,30.00,0.00,30.00,0.00,8.0890e-08,1.6379e-07,4.2564e-07,1.1096e-06,3.5002e-06,3.4921e-06,3.9803e-06,7.7007e-08,1.5297e-07,3.5472e-07,1.0976e-06,2.6061e-06,3.4136e-06,4.0191e-06
P44,30.00,135.00,30.00,0.00,6.6878e-08,1.6368e-07,4.2509e-07,1.1088e-06,3.5002e-06,3.4920e-06,3.9802e-06,6.3515e-08,1.5291e-07,3.5436e-07,1.0968e-06,2.6060e-06,3.4135e-06,4.0190e-06
P44,0.00,90.00,30.00,0.00,6.6442e-08,1.6706e-07,4.2746e-07,1.1175e-06,3.5046e-06,3.4964e-06,4.0165e-06,6.3103e-08,1.5630e-07,3.5699e-07,1.1050e-06,2.6104e-06,3.4177e-06,4.0420e-06
P44,60.00,180.00,60.00,0.00,4.2633e-08,1.4789e-07,4.1303e-07,1.0619e-06,3.4732e-06,3.4651e-06,3.8090e-06,4.0557e-08,1.3717e-07,3.4065e-07,1.0519e-06,2.5788e-06,3.3877e-06,3.9058e-06
P44,30.00,0.00,0.00,0.00,7.6577e-08,1.6374e-07,4.2531e-07,1.1090e-06,3.5002e-06,3.4921e-06,3.9803e-06,7.2718e-08,1.5294e-07,3.5452e-07,1.0970e-06,2.6060e-06,3.4135e-06,4.0190e-06
P44,0.00,90.00,60.00,0.00,4.3399e-08,1.6694e-07,4.2708e-07,1.1174e-06,3.5046e-06,3.4964e-06,4.0165e-06,4.1355e-08,1.5624e-07,3.5669e-07,1.1048e-06,2.6104e-06,3.4177e-06,4.0420e-06
P44,30.00,45.00,30.00,0.00,7.7991e-08,1.6376e-07,4.2552e-07,1.1094e-06,3.5002e-06,3.4921e-06,3.9803e-06,7.4212e-08,1.5296e-07,3.5464e-07,1.0974e-06,2.6061e-06,3.4136e-06,4.0190e-06
P44,60.00,90.00,30.00,0.00,8.3970e-08,1.4808e-07,4.1407e-07,1.0636e-06,3.4733e-06,3.4652e-06,3.8090e-06,8.0007e-08,1.3726e-07,3.4127e-07,1.0536e-06,2.5790e-06,3.3879e-06,3.9059e-06
P44,30.00,0.00,60.00,0.00,6.5676e-08,1.6370e-07,4.2547e-07,1.1099e-06,3.5003e-06,3.4922e-06,3.9803e-06,6.2826e-08,1.5292e-07,3.5452e-07,1.0980e-06,2.6062e-06,3.4136e-06,4.0191e-06
P44,30.00,45.00,60.00,0.00,5.9513e-08,1.6367e-07,4.2525e-07,1.1095e-06,3.5002e-06,3.4921e-06,3.9803e-06,5.6867e-08,1.5290e-07,3.5439e-07,1.0976e-06,2.6061e-06,3.4136e-06,4.0190e-06
P44,60.00,135.00,0.00,0.00,8.5907e-08,1.4809e-07,4.1409e-07,1.0635e-06,3.4733e-06,3.4652e-06,3.8090e-06,8.1786e-08,1.3727e-07,3.4130e-07,1.0536e-06,2.5790e-06,3.3879e-06,3.9059e-06
P44,0.00,0.00,60.00,0.00,4.3399e-08,1.6694e-07,4.2708e-07,1.1174e-06,3.5046e-06,3.4964e-06,4.0165e-06,4.1355e-08,1.5624e-07,3.5669e-07,1.1048e-06,2.6104e-06,3.4177e-06,4.0420e-06
P44,0.00,180.00,60.00,0.00,4.3399e-08,1.6694e-07,4.2708e-07,1.1174e-06,3.5046e-06,3.4964e-06,4.0165e-06,4.1355e-08,1.5624e-07,3.5669e-07,1.1048e-06,2.6104e-06,3.4177e-06,4.0420e-06
P44,60.00,135.00,30.00,0.00,7.1614e-08,1.4802e-07,4.1368e-07,1.0629e-06,3.4733e-06,3.4652e-06,3.8090e-06,6.8111e-08,1.3723e-07,3.4105e-07,1.0529e-06,2.5789e-06,3.3878e-06,3.9058e-06
P44,60.00,180.00,30.00,0.00,6.7610e-08,1.4800e-07,4.1358e-07,1.0627e-06,3.4733e-06,3.4651e-06,3.8090e-06,6.4261e-08,1.3722e-07,3.4099e-07,1.0527e-06,2.5789e-06,3.3878e-06,3.9058e-06
P44,60.00,135.00,60.00,0.00,4.7435e-08,1.4792e-07,4.1321e-07,1.0623e-06,3.4732e-06,3.4651e-06,3.8090e-06,4.5172e-08,1.3718e-07,3.4074e-07,1.0523e-06,2.5788e-06,3.3878e-06,3.9058e-06
P44,0.00,90.00,0.00,0.00,7.1887e-08,1.6709e-07,4.2759e-07,1.1177e-06,3.5046e-06,3.4964e-06,4.0166e-06,6.8218e-08,1.5632e-07,3.5709e-07,1.1051e-06,2.6104e-06,3.4177e-06,4.0420e-06
P44,30.00,90.00,30.00,0.00,7.1937e-08,1.6372e-07,4.2529e-07,1.1091e-06,3.5002e-06,3.4921e-06,3.9803e-06,6.8382e-08,1.5293e-07,3.5449e-07,1.0971e-06,2.6060e-06,3.4135e-06,4.0190e-06
P44,0.00,45.00,60.00,0.00,4.3399e-08,1.6694e-07,4.2708e-07,1.1174e-06,3.5046e-06,3.4964e-06,4.0165e-06,4.1355e-08,1.5624e-07,3.5669e-07,1.1048e-06,2.6104e-06,3.4177e-06,4.0420e-06
P44,0.00,135.00,30.00,0.00,6.6442e-08,1.6706e-07,4.2746e-07,1.1175e-06,3.5046e-06,3.4964e-06,4.0165e-06,6.3103e-08,1.5630e-07,3.5699e-07,1.1050e-06,2.6104e-06,3.4177e-06,4.0420e-06
P44,60.00,180.00,0.00,0.00,8.5907e-08,1.4809e-07,4.1409e-07,1.0635e-06,3.4733e-06,3.4652e-06,3.8090e-06,8.1786e-08,1.3727e-07,3.4130e-07,1.0536e-06,2.5790e-06,3.3879e-06,3.9059e-06
P44,60.00,90.00,60.00,0.00,6.5530e-08,1.4799e-07,4.1371e-07,1.0634e-06,3.4733e-06,3.4652e-06,3.8090e-06,6.2590e-08,1.3721e-07,3.4101e-07,1.0535e-06,2.5790e-06,3.3879e-06,3.9059e-06
P44,0.00,45.00,0.00,0.00,7.1887e-08,1.6709e-07,4.2759e-07,1.1177e-06,3.5046e-06,3.4964e-06,4.0166e-06,6.8218e-08,1.5632e-07,3.5709e-07,1.1051e-06,2.6104e-06,3.4177e-06,4.0420e-06
P44,60.00,0.00,60.00,0.00,1.4912e-07,1.4844e-07,4.1681e-07,1.0705e-06,3.4740e-06,3.4659e-06,3.8092e-06,1.4355e-07,1.3741e-07,3.4266e-07,1.0610e-06,2.5803e-06,3.3886e-06,3.9063e-06
P44,60.00,45.00,30.00,0.00,1.0243e-07,1.4819e-07,4.1473e-07,1.0648e-06,3.4734e-06,3.4653e-06,3.8091e-06,9.7824e-08,1.3731e-07,3.4166e-07,1.0549e-06,2.5792e-06,3.3880e-06,3.9060e-06
P44,0.00,0.00,0.00,0.00,7.1887e-08,1.6709e-07,4.2759e-07,1.1177e-06,3.5046e-06,3.4964e-06,4.0166e-06,6.8218e-08,1.5632e-07,3.5709e-07,1.1051e-06,2.6104e-06,3.4177e-06,4.0420e-06
P44,60.00,45.00,60.00,0.00,1.0799e-07,1.4820e-07,4.1513e-07,1.0666e-06,3.4736e-06,3.4655e-06,3.8091e-06,1.0363e-07,1.3730e-07,3.4177e-07,1.0569e-06,2.5796e-06,3.3882e-06,3.9061e-06
P44,60.00,0.00,0.00,0.00,8.5907e-08,1.4809e-07,4.1409e-07,1.0635e-06,3.4733e-06,3.4652e-06,3.8090e-06,8.1786e-08,1.3727e-07,3.4130e-07,1.0536e-06,2.5790e-06,3.3879e-06,3.9059e-06
P44,30.00,45.00,0.00,0.00,7.6577e-08,1.6374e-07,4.2531e-07,1.1090e-06,3.5002e-06,3.4921e-06,3.9803e-06,7.2718e-08,1.5294e-07,3.5452e-07,1.0970e-06,2.6060e-06,3.4135e-06,4.0190e-06
P44,30.00,90.00,60.00,0.00,4.8848e-08,1.6360e-07,4.2486e-07,1.1088e-06,3.5002e-06,3.4921e-06,3.9802e-06,4.6575e-08,1.5287e-07,3.5416e-07,1.0968e-06,2.6060e-06,3.4135e-06,4.0190e-06
P44,30.00,180.00,30.00,0.00,6.5025e-08,1.6366e-07,4.2499e-07,1.1086e-06,3.5002e-06,3.4920e-06,3.9802e-06,6.1732e-08,1.5290e-07,3.5430e-07,1.0966e-06,2.6059e-06,3.4135e-06,4.0190e-06
P44,0.00,135.00,0.00,0.00,7.1887e-08,1.6709e-07,4.2759e-07,1.1177e-06,3.5046e-06,3.4964e-06,4.0166e-06,6.8218e-08,1.5632e-07,3.5709e-07,1.1051e-06,2.6104e-06,3.4177e-06,4.0420e-06
P44,30.00,180.00,60.00,0.00,3.9399e-08,1.6355e-07,4.2457e-07,1.1083e-06,3.5001e-06,3.4920e-06,3.9802e-06,3.7479e-08,1.5284e-07,3.5399e-07,1.0963e-06,2.6059e-06,3.4135e-06,4.0190e-06
P44,30.00,135.00,0.00,0.00,7.6577e-08,1.6374e-07,4.2531e-07,1.1090e-06,3.5002e-06,3.4921e-06,3.9803e-06,7.2718e-08,1.5294e-07,3.5452e-07,1.0970e-06,2.6060e-06,3.4135e-06,4.0190e-06
P44,0.00,45.00,30.00,0.00,6.6442e-08,1.6706e-07,4.2746e-07,1.1175e-06,3.5046e-06,3.4964e-06,4.0165e-06,6.3103e-08,1.5630e-07,3.5699e-07,1.1050e-06,2.6104e-06,3.4177e-06,4.0420e-06
P45,60.00,180.00,0.00,0.00,8.7740e-08,2.3378e-07,7.5831e-07,2.2362e-06,5.9639e-06,5.9528e-06,5.0206e-06,8.3766e-08,2.1367e-07,5.8465e-07,2.2459e-06,4.7363e-06,5.8583e-06,5.6994e-06
P45,0.00,180.00,60.00,0.00,4.6705e-08,2.8832e-07,8.5322e-07,2.3913e-06,6.0636e-06,6.0524e-06,5.6449e-06,4.4764e-08,2.6618e-07,6.7263e-07,2.3894e-06,4.8382e-06,5.9526e-06,6.1455e-06
P45,60.00,0.00,60.00,0.00,1.4986e-07,2.3388e-07,7.5896e-07,2.2429e-06,5.9646e-06,5.9535e-06,5.0208e-06,1.4447e-07,2.1368e-07,5.8481e-07,2.2531e-06,4.7375e-06,5.8590e-06,5.6997e-06
P45,30.00,45.00,0.00,0.00,7.9494e-08,2.7725e-07,8.3497e-07,2.3647e-06,6.0460e-06,6.0349e-06,5.5276e-06,7.5762e-08,2.5545e-07,6.5543e-07,2.3651e-06,4.8200e-06,5.9359e-06,6.0641e-06
P45,60.00,135.00,30.00,0.00,7.3655e-08,2.3375e-07,7.5818e-07,2.2356e-06,5.9639e-06,5.9527e-06,5.0206e-06,7.0286e-08,2.1366e-07,5.8460e-07,2.2452e-06,4.7362e-06,5.8583e-06,5.6993e-06
P45,30.00,0.00,60.00,0.00,6.8508e-08,2.7723e-07,8.3494e-07,2.3655e-06,6.0461e-06,6.0350e-06,5.5276e-06,6.5777e-08,2.5544e-07,6.5538e-07,2.3660e-06,4.8202e-06,5.9360e-06,6.0641e-06
P45,30.00,180.00,30.00,0.00,6.8032e-08,2.7722e-07,8.3483e-07,2.3642e-06,6.0460e-06,6.0349e-06,5.5276e-06,6.4859e-08,2.5544e-07,6.5536e-07,2.3646e-06,4.8199e-06,5.9359e-06,6.0641e-06
P45,0.00,135.00,60.00,0.00,4.6705e-08,2.8832e-07,8.5322e-07,2.3913e-06,6.0636e-06,6.0524e-06,5.6449e-06,4.4764e-08,2.6618e-07,6.7263e-07,2.3894e-06,4.8382e-06,5.9526e-06,6.1455e-06
P45,0.00,45.00,30.00,0.00,6.9624e-08,2.8837e-07,8.5341e-07,2.3915e-06,6.0636e-06,6.0524e-06,5.6450e-06,6.6405e-08,2.6620e-07,6.7272e-07,2.3896e-06,4.8382e-06,5.9526e-06,6.1455e-06
P45,0.00,180.00,0.00,0.00,7.5047e-08,2.8838e-07,8.5347e-07,2.3916e-06,6.0636e-06,6.0524e-06,5.6450e-06,7.1501e-08,2.6620e-07,6.7276e-07,2.3897e-06,4.8382e-06,5.9526e-06,6.1456e-06
P45,0.00,90.00,60.00,0.00,4.6705e-08,2.8832e-07,8.5322e-07,2.3913e-06,6.0636e-06,6.0524e-06,5.6449e-06,4.4764e-08,2.6618e-07,6.7263e-07,2.3894e-06,4.8382e-06,5.9526e-06,6.1455e-06
P45,0.00,45.00,60.00,0.00,4.6705e-08,2.8832e-07,8.5322e-07,2.3913e-06,6.0636e-06,6.0524e-06,5.6449e-06,4.4764e-08,2.6618e-07,6.7263e-07,2.3894e-06,4.8382e-06,5.9526e-06,6.1455e-06
P45,30.00,135.00,30.00,0.00,6.9866e-08,2.7723e-07,8.3487e-07,2.3644e-06,6.0460e-06,6.0349e-06,5.5276e-06,6.6623e-08,2.5544e-07,6.5538e-07,2.3648e-06,4.8200e-06,5.9359e-06,6.0641e-06
P45,30.00,135.00,60.00,0.00,4.4872e-08,2.7719e-07,8.3466e-07,2.3641e-06,6.0460e-06,6.0348e-06,5.5276e-06,4.2966e-08,2.5543e-07,6.5528e-07,2.3645e-06,4.8199e-06,5.9359e-06,6.0640e-06
P45,0.00,180.00,30.00,0.00,6.9624e-08,2.8837e-07,8.5341e-07,2.3915e-06,6.0636e-06,6.0524e-06,5.6450e-06,6.6405e-08,2.6620e-07,6.7272e-07,2.3896e-06,4.8382e-06,5.9526e-06,6.1455e-06
P45,60.00,0.00,30.00,0.00,1.1449e-07,2.3382e-07,7.5861e-07,2.2381e-06,5.9641e-06,5.9529e-06,5.0207e-06,1.0969e-07,2.1368e-07,5.8474e-07,2.2479e-06,4.7366e-06,5.8585e-06,5.6995e-06
P45,60.00,45.00,60.00,0.00,1.0937e-07,2.3381e-07,7.5851e-07,2.2392e-06,5.9642e-06,5.9531e-06,5.0207e-06,1.0517e-07,2.1367e-07,5.8468e-07,2.2491e-06,4.7368e-06,5.8586e-06,5.6995e-06
P45,0.00,90.00,0.00,0.00,7.5047e-08,2.8838e-07,8.5347e-07,2.3916e-06,6.0636e-06,6.0524e-06,5.6450e-06,7.1501e-08,2.6620e-07,6.7276e-07,2.3897e-06,4.8382e-06,5.9526e-06,6.1456e-06
P45,60.00,45.00,30.00,0.00,1.0399e-07,2.3381e-07,7.5850e-07,2.2375e-06,5.9640e-06,5.9529e-06,5.0207e-06,9.9535e-08,2.1367e-07,5.8470e-07,2.2472e-06,4.7365e-06,5.8584e-06,5.6994e-06
P45,30.00,135.00,0.00,0.00,7.9494e-08,2.7725e-07,8.3497e-07,2.3647e-06,6.0460e-06,6.0349e-06,5.5276e-06,7.5762e-08,2.5545e-07,6.5543e-07,2.3651e-06,4.8200e-06,5.9359e-06,6.0641e-06
P45,30.00,90.00,30.00,0.00,7.4870e-08,2.7724e-07,8.3494e-07,2.3647e-06,6.0460e-06,6.0349e-06,5.5276e-06,7.1439e-08,2.5545e-07,6.5541e-07,2.3651e-06,4.8200e-06,5.9359e-06,6.0641e-06
P45,0.00,0.00,0.00,0.00,7.5047e-08,2.8838e-07,8.5347e-07,2.3916e-06,6.0636e-06,6.0524e-06,5.6450e-06,7.1501e-08,2.6620e-07,6.7276e-07,2.3897e-06,4.8382e-06,5.9526e-06,6.1456e-06
P45,60.00,90.00,0.00,0.00,8.7740e-08,2.3378e-07,7.5831e-07,2.2362e-06,5.9639e-06,5.9528e-06,5.0206e-06,8.3766e-08,2.1367e-07,5.8465e-07,2.2459e-06,4.7363e-06,5.8583e-06,5.6994e-06
P45,30.00,45.00,60.00,0.00,6.2428e-08,2.7722e-07,8.3486e-07,2.3651e-06,6.0461e-06,6.0349e-06,5.5276e-06,5.9898e-08,2.5544e-07,6.5535e-07,2.3656e-06,4.8201e-06,5.9360e-06,6.0641e-06
P45,60.00,180.00,60.00,0.00,4.5076e-08,2.3371e-07,7.5796e-07,2.2346e-06,5.9638e-06,5.9526e-06,5.0206e-06,4.3106e-08,2.1365e-07,5.8452e-07,2.2442e-06,4.7360e-06,5.8582e-06,5.6993e-06
P45,0.00,0.00,30.00,0.00,6.9624e-08,2.8837e-07,8.5341e-07,2.3915e-06,6.0636e-06,6.0524e-06,5.6450e-06,6.6405e-08,2.6620e-07,6.7272e-07,2.3896e-06,4.8382e-06,5.9526e-06,6.1455e-06
P45,30.00,180.00,0.00,0.00,7.9494e-08,2.7725e-07,8.3497e-07,2.3647e-06,6.0460e-06,6.0349e-06,5.5276e-06,7.5762e-08,2.5545e-07,6.5543e-07,2.3651e-06,4.8200e-06,5.9359e-06,6.0641e-06
P45,60.00,135.00,0.00,0.00,8.7740e-08,2.3378e-07,7.5831e-07,2.2362e-06,5.9639e-06,5.9528e-06,5.0206e-06,8.3766e-08,2.1367e-07,5.8465e-07,2.2459e-06,4.7363e-06,5.8583e-06,5.6994e-06
P45,60.00,0.00,0.00,0.00,8.7740e-08,2.3378e-07,7.5831e-07,2.2362e-06,5.9639e-06,5.9528e-06,5.0206e-06,8.3766e-08,2.1367e-07,5.8465e-07,2.2459e-06,4.7363e-06,5.8583e-06,5.6994e-06
P45,30.00,45.00,30.00,0.00,8.0859e-08,2.7725e-07,8.3503e-07,2.3650e-06,6.0461e-06,6.0349e-06,5.5276e-06,7.7207e-08,2.5545e-07,6.5544e-07,2.3655e-06,4.8201e-06,5.9359e-06,6.0641e-06
P45,30.00,90.00,60.00,0.00,5.1910e-08,2.7720e-07,8.3474e-07,2.3644e-06,6.0460e-06,6.0349e-06,5.5276e-06,4.9745e-08,2.5543e-07,6.5531e-07,2.3649e-06,4.8200e-06,5.9359e-06,6.0641e-06
P45,30.00,0.00,30.00,0.00,8.3726e-08,2.7726e-07,8.3507e-07,2.3652e-06,6.0461e-06,6.0349e-06,5.5276e-06,7.9972e-08,2.5545e-07,6.5546e-07,2.3657e-06,4.8201e-06,5.9360e-06,6.0641e-06
P45,0.00,135.00,30.00,0.00,6.9624e-08,2.8837e-07,8.5341e-07,2.3915e-06,6.0636e-06,6.0524e-06,5.6450e-06,6.6405e-08,2.6620e-07,6.7272e-07,2.3896e-06,4.8382e-06,5.9526e-06,6.1455e-06
P45,0.00,90.00,30.00,0.00,6.9624e-08,2.8837e-07,8.5341e-07,2.3915e-06,6.0636e-06,6.0524e-06,5.6450e-06,6.6405e-08,2.6620e-07,6.7272e-07,2.3896e-06,4.8382e-06,5.9526e-06,6.1455e-06
P45,60.00,45.00,0.00,0.00,8.7740e-08,2.3378e-07,7.5831e-07,2.2362e-06,5.9639e-06,5.9528e-06,5.0206e-06,8.3766e-08,2.1367e-07,5.8465e-07,2.2459e-06,4.7363e-06,5.8583e-06,5.6994e-06
P45,30.00,0.00,0.00,0.00,7.9494e-08,2.7725e-07,8.3497e-07,2.3647e-06,6.0460e-06,6.0349e-06,5.5276e-06,7.5762e-08,2.5545e-07,6.5543e-07,2.3651e-06,4.8200e-06,5.9359e-06,6.0641e-06
P45,0.00,45.00,0.00,0.00,7.5047e-08,2.8838e-07,8.5347e-07,2.3916e-06,6.0636e-06,6.0524e-06,5.6450e-06,7.1501e-08,2.6620e-07,6.7276e-07,2.3897e-06,4.8382e-06,5.9526e-06,6.1456e-06
P45,60.00,135.00,60.00,0.00,4.9797e-08,2.3372e-07,7.5801e-07,2.2351e-06,5.9638e-06,5.9527e-06,5.0206e-06,4.7644e-08,2.1366e-07,5.8453e-07,2.2447e-06,4.7361e-06,5.8582e-06,5.6993e-06
P45,30.00,180.00,60.00,0.00,4.2591e-08,2.7718e-07,8.3465e-07,2.3639e-06,6.0460e-06,6.0348e-06,5.5276e-06,4.0773e-08,2.5543e-07,6.5528e-07,2.3643e-06,4.8199e-06,5.9359e-06,6.0640e-06
P45,30.00,90.00,0.00,0.00,7.9494e-08,2.7725e-07,8.3497e-07,2.3647e-06,6.0460e-06,6.0349e-06,5.5276e-06,7.5762e-08,2.5545e-07,6.5543e-07,2.3651e-06,4.8200e-06,5.9359e-06,6.0641e-06
P45,0.00,0.00,60.00,0.00,4.6705e-08,2.8832e-07,8.5322e-07,2.3913e-06,6.0636e-06,6.0524e-06,5.6449e-06,4.4764e-08,2.6618e-07,6.7263e-07,2.3894e-06,4.8382e-06,5.9526e-06,6.1455e-06
P45,60.00,90.00,30.00,0.00,8.5814e-08,2.3377e-07,7.5829e-07,2.2363e-06,5.9639e-06,5.9528e-06,5.0206e-06,8.1996e-08,2.1367e-07,5.8464e-07,2.2460e-06,4.7363e-06,5.8583e-06,5.6994e-06
P45,60.00,90.00,60.00,0.00,6.7590e-08,2.3375e-07,7.5814e-07,2.2361e-06,5.9639e-06,5.9528e-06,5.0206e-06,6.4776e-08,2.1366e-07,5.8457e-07,2.2458e-06,4.7363e-06,5.8583e-06,5.6994e-06
P45,60.00,180.00,30.00,0.00,6.9714e-08,2.3375e-07,7.5815e-07,2.2354e-06,5.9639e-06,5.9527e-06,5.0206e-06,6.6496e-08,2.1366e-07,5.8459e-07,2.2451e-06,4.7361e-06,5.8583e-06,5.6993e-06
P45,0.00,135.00,0.00,0.00,7.5047e-08,2.8838e-07,8.5347e-07,2.3916e-06,6.0636e-06,6.0524e-06,5.6450e-06,7.1501e-08,2.6620e-07,6.7276e-07,2.3897e-06,4.8382e-06,5.9526e-06,6.1456e-06
P46,0.00,135.00,30.00,0.00,8.5616e-08,3.8003e-07,1.2463e-06,4.9348e-06,1.0229e-05,1.0215e-05,8.4905e-06,8.3133e-08,3.4567e-07,9.1645e-07,4.9508e-06,8.7329e-06,1.0115e-05,9.5030e-06
P46,30.00,0.00,0.00,0.00,9.3913e-08,3.6178e-07,1.2010e-06,4.8796e-06,1.0189e-05,1.0175e-05,8.2839e-06,9.1004e-08,3.2851e-07,8.8121e-07,4.8996e-06,8.6986e-06,1.0078e-05,9.3474e-06
P46,30.00,90.00,60.00,0.00,6.7471e-08,3.6177e-07,1.2010e-06,4.8794e-06,1.0189e-05,1.0175e-05,8.2839e-06,6.5979e-08,3.2851e-07,8.8121e-07,4.8994e-06,8.6986e-06,1.0078e-05,9.3474e-06
P46,60.00,180.00,60.00,0.00,5.7696e-08,2.9547e-07,1.0329e-06,4.6214e-06,9.9965e-06,9.9830e-06,7.4248e-06,5.6415e-08,2.6638e-07,7.5100e-07,4.6570e-06,8.5335e-06,9.8993e-06,8.6757e-06
P46,30.00,0.00,60.00,0.00,8.2467e-08,3.6178e-07,1.2010e-06,4.8803e-06,1.0189e-05,1.0175e-05,8.2839e-06,8.0529e-08,3.2851e-07,8.8121e-07,4.9003e-06,8.6987e-06,1.0078e-05,9.3474e-06
P46,30.00,180.00,60.00,0.00,5.9049e-08,3.6177e-07,1.2010e-06,4.8790e-06,1.0189e-05,1.0175e-05,8.2839e-06,5.7833e-08,3.2851e-07,8.8121e-07,4.8990e-06,8.6985e-06,1.0078e-05,9.3474e-06
P46,0.00,180.00,0.00,0.00,9.0858e-08,3.8003e-07,1.2463e-06,4.9349e-06,1.0229e-05,1.0215e-05,8.4905e-06,8.8073e-08,3.4567e-07,9.1645e-07,4.9509e-06,8.7329e-06,1.0115e-05,9.5030e-06
P46,30.00,45.00,0.00,0.00,9.3913e-08,3.6178e-07,1.2010e-06,4.8796e-06,1.0189e-05,1.0175e-05,8.2839e-06,9.1004e-08,3.2851e-07,8.8121e-07,4.8996e-06,8.6986e-06,1.0078e-05,9.3474e-06
P46,60.00,135.00,30.00,0.00,8.4028e-08,2.9548e-07,1.0329e-06,4.6221e-06,9.9965e-06,9.9831e-06,7.4248e-06,8.1573e-08,2.6638e-07,7.5100e-07,4.6578e-06,8.5336e-06,9.8993e-06,8.6757e-06
P46,60.00,45.00,0.00,0.00,9.6930e-08,2.9549e-07,1.0329e-06,4.6226e-06,9.9966e-06,9.9832e-06,7.4248e-06,9.3977e-08,2.6638e-07,7.5100e-07,4.6583e-06,8.5337e-06,9.8994e-06,8.6757e-06
P46,30.00,90.00,0.00,0.00,9.3913e-08,3.6178e-07,1.2010e-06,4.8796e-06,1.0189e-05,1.0175e-05,8.2839e-06,9.1004e-08,3.2851e-07,8.8121e-07,4.8996e-06,8.6986e-06,1.0078e-05,9.3474e-06
P46,60.00,45.00,60.00,0.00,1.1421e-07,2.9550e-07,1.0329e-06,4.6248e-06,9.9967e-06,9.9833e-06,7.4248e-06,1.1127e-07,2.6638e-07,7.5100e-07,4.6607e-06,8.5341e-06,9.8996e-06,8.6758e-06
P46,60.00,0.00,30.00,0.00,1.2066e-07,2.9550e-07,1.0329e-06,4.6241e-06,9.9967e-06,9.9832e-06,7.4248e-06,1.1710e-07,2.6638e-07,7.5100e-07,4.6599e-06,8.5340e-06,9.8995e-06,8.6758e-06
P46,60.00,180.00,0.00,0.00,9.6930e-08,2.9549e-07,1.0329e-06,4.6226e-06,9.9966e-06,9.9832e-06,7.4248e-06,9.3977e-08,2.6638e-07,7.5100e-07,4.6583e-06,8.5337e-06,9.8994e-06,8.6757e-06
P46,60.00,0.00,0.00,0.00,9.6930e-08,2.9549e-07,1.0329e-06,4.6226e-06,9.9966e-06,9.9832e-06,7.4248e-06,9.3977e-08,2.6638e-07,7.5100e-07,4.6583e-06,8.5337e-06,9.8994e-06,8.6757e-06
P46,60.00,90.00,0.00,0.00,9.6930e-08,2.9549e-07,1.0329e-06,4.6226e-06,9.9966e-06,9.9832e-06,7.4248e-06,9.3977e-08,2.6638e-07,7.5100e-07,4.6583e-06,8.5337e-06,9.8994e-06,8.6757e-06
P46,0.00,45.00,60.00,0.00,6.3678e-08,3.8002e-07,1.2463e-06,4.9346e-06,1.0229e-05,1.0215e-05,8.4905e-06,6.2352e-08,3.4567e-07,9.1645e-07,4.9506e-06,8.7329e-06,1.0115e-05,9.5030e-06
P46,0.00,45.00,0.00,0.00,9.0858e-08,3.8003e-07,1.2463e-06,4.9349e-06,1.0229e-05,1.0215e-05,8.4905e-06,8.8073e-08,3.4567e-07,9.1645e-07,4.9509e-06,8.7329e-06,1.0115e-05,9.5030e-06
P46,30.00,45.00,30.00,0.00,9.4939e-08,3.6178e-07,1.2010e-06,4.8799e-06,1.0189e-05,1.0175e-05,8.2839e-06,9.2125e-08,3.2851e-07,8.8121e-07,4.8999e-06,8.6986e-06,1.0078e-05,9.3474e-06
P46,0.00,0.00,0.00,0.00,9.0858e-08,3.8003e-07,1.2463e-06,4.9349e-06,1.0229e-05,1.0215e-05,8.4905e-06,8.8073e-08,3.4567e-07,9.1645e-07,4.9509e-06,8.7329e-06,1.0115e-05,9.5030e-06
P46,60.00,135.00,0.00,0.00,9.6930e-08,2.9549e-07,1.0329e-06,4.6226e-06,9.9966e-06,9.9832e-06,7.4248e-06,9.3977e-08,2.6638e-07,7.5100e-07,4.6583e-06,8.5337e-06,9.8994e-06,8.6757e-06
P46,60.00,180.00,30.00,0.00,8.0492e-08,2.9548e-07,1.0329e-06,4.6220e-06,9.9965e-06,9.9831e-06,7.4248e-06,7.8155e-08,2.6638e-07,7.5100e-07,4.6576e-06,8.5336e-06,9.8993e-06,8.6757e-06
P46,0.00,135.00,0.00,0.00,9.0858e-08,3.8003e-07,1.2463e-06,4.9349e-06,1.0229e-05,1.0215e-05,8.4905e-06,8.8073e-08,3.4567e-07,9.1645e-07,4.9509e-06,8.7329e-06,1.0115e-05,9.5030e-06
P46,30.00,135.00,0.00,0.00,9.3913e-08,3.6178e-07,1.2010e-06,4.8796e-06,1.0189e-05,1.0175e-05,8.2839e-06,9.1004e-08,3.2851e-07,8.8121e-07,4.8996e-06,8.6986e-06,1.0078e-05,9.3474e-06
P46,30.00,45.00,60.00,0.00,7.6975e-08,3.6177e-07,1.2010e-06,4.8800e-06,1.0189e-05,1.0175e-05,8.2839e-06,7.5195e-08,3.2851e-07,8.8121e-07,4.9000e-06,8.6987e-06,1.0078e-05,9.3474e-06
P46,30.00,135.00,60.00,0.00,6.1110e-08,3.6177e-07,1.2010e-06,4.8791e-06,1.0189e-05,1.0175e-05,8.2839e-06,5.9825e-08,3.2851e-07,8.8121e-07,4.8991e-06,8.6985e-06,1.0078e-05,9.3474e-06
P46,30.00,135.00,30.00,0.00,8.4811e-08,3.6178e-07,1.2010e-06,4.8794e-06,1.0189e-05,1.0175e-05,8.2839e-06,8.2335e-08,3.2851e-07,8.8121e-07,4.8994e-06,8.6986e-06,1.0078e-05,9.3474e-06
P46,0.00,90.00,60.00,0.00,6.3678e-08,3.8002e-07,1.2463e-06,4.9346e-06,1.0229e-05,1.0215e-05,8.4905e-06,6.2352e-08,3.4567e-07,9.1645e-07,4.9506e-06,8.7329e-06,1.0115e-05,9.5030e-06
P46,0.00,180.00,30.00,0.00,8.5616e-08,3.8003e-07,1.2463e-06,4.9348e-06,1.0229e-05,1.0215e-05,8.4905e-06,8.3133e-08,3.4567e-07,9.1645e-07,4.9508e-06,8.7329e-06,1.0115e-05,9.5030e-06
P46,30.00,180.00,30.00,0.00,8.3121e-08,3.6177e-07,1.2010e-06,4.8793e-06,1.0189e-05,1.0175e-05,8.2839e-06,8.0703e-08,3.2851e-07,8.8121e-07,4.8992e-06,8.6985e-06,1.0078e-05,9.3474e-06
P46,60.00,90.00,30.00,0.00,9.4937e-08,2.9549e-07,1.0329e-06,4.6226e-06,9.9966e-06,9.9832e-06,7.4248e-06,9.2133e-08,2.6638e-07,7.5100e-07,4.6584e-06,8.5337e-06,9.8994e-06,8.6757e-06
P46,0.00,0.00,60.00,0.00,6.3678e-08,3.8002e-07,1.2463e-06,4.9346e-06,1.0229e-05,1.0215e-05,8.4905e-06,6.2352e-08,3.4567e-07,9.1645e-07,4.9506e-06,8.7329e-06,1.0115e-05,9.5030e-06
P46,0.00,90.00,0.00,0.00,9.0858e-08,3.8003e-07,1.2463e-06,4.9349e-06,1.0229e-05,1.0215e-05,8.4905e-06,8.8073e-08,3.4567e-07,9.1645e-07,4.9509e-06,8.7329e-06,1.0115e-05,9.5030e-06
P46,0.00,135.00,60.00,0.00,6.3678e-08,3.8002e-07,1.2463e-06,4.9346e-06,1.0229e-05,1.0215e-05,8.4905e-06,6.2352e-08,3.4567e-07,9.1645e-07,4.9506e-06,8.7329e-06,1.0115e-05,9.5030e-06
P46,0.00,90.00,30.00,0.00,8.5616e-08,3.8003e-07,1.2463e-06,4.9348e-06,1.0229e-05,1.0215e-05,8.4905e-06,8.3133e-08,3.4567e-07,9.1645e-07,4.9508e-06,8.7329e-06,1.0115e-05,9.5030e-06
P46,30.00,180.00,0.00,0.00,9.3913e-08,3.6178e-07,1.2010e-06,4.8796e-06,1.0189e-05,1.0175e-05,8.2839e-06,9.1004e-08,3.2851e-07,8.8121e-07,4.8996e-06,8.6986e-06,1.0078e-05,9.3474e-06
P46,0.00,0.00,30.00,0.00,8.5616e-08,3.8003e-07,1.2463e-06,4.9348e-06,1.0229e-05,1.0215e-05,8.4905e-06,8.3133e-08,3.4567e-07,9.1645e-07,4.9508e-06,8.7329e-06,1.0115e-05,9.5030e-06
P46,60.00,90.00,60.00,0.00,7.7495e-08,2.9548e-07,1.0329e-06,4.6225e-06,9.9966e-06,9.9831e-06,7.4248e-06,7.5578e-08,2.6638e-07,7.5100e-07,4.6582e-06,8.5337e-06,9.8994e-06,8.6757e-06
P46,0.00,180.00,60.00,0.00,6.3678e-08,3.8002e-07,1.2463e-06,4.9346e-06,1.0229e-05,1.0215e-05,8.4905e-06,6.2352e-08,3.4567e-07,9.1645e-07,4.9506e-06,8.7329e-06,1.0115e-05,9.5030e-06
P46,60.00,0.00,60.00,0.00,1.4977e-07,2.9551e-07,1.0329e-06,4.6276e-06,9.9970e-06,9.9836e-06,7.4248e-06,1.4597e-07,2.6638e-07,7.5100e-07,4.6638e-06,8.5347e-06,9.8999e-06,8.6759e-06
P46,30.00,0.00,30.00,0.00,9.7581e-08,3.6178e-07,1.2010e-06,4.8801e-06,1.0189e-05,1.0175e-05,8.2839e-06,9.4683e-08,3.2851e-07,8.8121e-07,4.9001e-06,8.6987e-06,1.0078e-05,9.3474e-06
P46,60.00,45.00,30.00,0.00,1.1124e-07,2.9550e-07,1.0329e-06,4.6236e-06,9.9966e-06,9.9832e-06,7.4248e-06,1.0795e-07,2.6638e-07,7.5100e-07,4.6594e-06,8.5339e-06,9.8995e-06,8.6758e-06
P46,60.00,135.00,60.00,0.00,6.1848e-08,2.9548e-07,1.0329e-06,4.6217e-06,9.9965e-06,9.9831e-06,7.4248e-06,6.0428e-08,2.6638e-07,7.5100e-07,4.6573e-06,8.5335e-06,9.8993e-06,8.6757e-06
P46,0.00,45.00,30.00,0.00,8.5616e-08,3.8003e-07,1.2463e-06,4.9348e-06,1.0229e-05,1.0215e-05,8.4905e-06,8.3133e-08,3.4567e-07,9.1645e-07,4.9508e-06,8.7329e-06,1.0115e-05,9.5030e-06
P46,30.00,90.00,30.00,0.00,8.9422e-08,3.6178e-07,1.2010e-06,4.8797e-06,1.0189e-05,1.0175e-05,8.2839e-06,8.6790e-08,3.2851e-07,8.8121e-07,4.8997e-06,8.6986e-06,1.0078e-05,9.3474e-06
P47,0.00,45.00,30.00,0.00,6.8767e-08,3.1620e-07,8.3120e-07,2.1693e-06,5.6795e-06,5.6685e-06,5.7541e-06,6.5525e-08,2.9545e-07,6.7755e-07,2.1603e-06,4.4687e-06,5.5693e-06,5.9898e-06
P47,60.00,0.00,30.00,0.00,1.1407e-07,2.7710e-07,7.6816e-07,2.0655e-06,5.6318e-06,5.6209e-06,5.3674e-06,1.0925e-07,2.5760e-07,6.1635e-07,2.0622e-06,4.4273e-06,5.5274e-06,5.7000e-06
P47,0.00,90.00,60.00,0.00,4.5803e-08,3.1615e-07,8.3096e-07,2.1691e-06,5.6795e-06,5.6685e-06,5.7541e-06,4.3844e-08,2.9543e-07,6.7741e-07,2.1601e-06,4.4687e-06,5.5693e-06,5.9898e-06
P47,0.00,45.00,0.00,0.00,7.4201e-08,3.1622e-07,8.3128e-07,2.1694e-06,5.6795e-06,5.6685e-06,5.7541e-06,7.0631e-08,2.9546e-07,6.7759e-07,2.1604e-06,4.4687e-06,5.5693e-06,5.9898e-06
P47,30.00,90.00,30.00,0.00,7.4101e-08,3.0821e-07,8.1955e-07,2.1539e-06,5.6748e-06,5.6638e-06,5.6810e-06,7.0647e-08,2.8767e-07,6.6596e-07,2.1462e-06,4.4655e-06,5.5655e-06,5.9381e-06
P47,30.00,180.00,60.00,0.00,4.1753e-08,3.0814e-07,8.1916e-07,2.1532e-06,5.6747e-06,5.6637e-06,5.6810e-06,3.9918e-08,2.8765e-07,6.6576e-07,2.1454e-06,4.4654e-06,5.5655e-06,5.9381e-06
P47,0.00,90.00,30.00,0.00,6.8767e-08,3.1620e-07,8.3120e-07,2.1693e-06,5.6795e-06,5.6685e-06,5.7541e-06,6.5525e-08,2.9545e-07,6.7755e-07,2.1603e-06,4.4687e-06,5.5693e-06,5.9898e-06
P47,30.00,90.00,0.00,0.00,7.8732e-08,3.0822e-07,8.1958e-07,2.1539e-06,5.6748e-06,5.6638e-06,5.6810e-06,7.4976e-08,2.8768e-07,6.6598e-07,2.1461e-06,4.4655e-06,5.5655e-06,5.9381e-06
P47,0.00,45.00,60.00,0.00,4.5803e-08,3.1615e-07,8.3096e-07,2.1691e-06,5.6795e-06,5.6685e-06,5.7541e-06,4.3844e-08,2.9543e-07,6.7741e-07,2.1601e-06,4.4687e-06,5.5693e-06,5.9898e-06
P47,60.00,90.00,0.00,0.00,8.7221e-08,2.7704e-07,7.6773e-07,2.0636e-06,5.6317e-06,5.6207e-06,5.3673e-06,8.3227e-08,2.5759e-07,6.1618e-07,2.0602e-06,4.4269e-06,5.5272e-06,5.6999e-06
P47,0.00,0.00,0.00,0.00,7.4201e-08,3.1622e-07,8.3128e-07,2.1694e-06,5.6795e-06,5.6685e-06,5.7541e-06,7.0631e-08,2.9546e-07,6.7759e-07,2.1604e-06,4.4687e-06,5.5693e-06,5.9898e-06
P47,60.00,180.00,0.00,0.00,8.7221e-08,2.7704e-07,7.6773e-07,2.0636e-06,5.6317e-06,5.6207e-06,5.3673e-06,8.3227e-08,2.5759e-07,6.1618e-07,2.0602e-06,4.4269e-06,5.5272e-06,5.6999e-06
P47,60.00,135.00,0.00,0.00,8.7221e-08,2.7704e-07,7.6773e-07,2.0636e-06,5.6317e-06,5.6207e-06,5.3673e-06,8.3227e-08,2.5759e-07,6.1618e-07,2.0602e-06,4.4269e-06,5.5272e-06,5.6999e-06
P47,30.00,45.00,30.00,0.00,8.0103e-08,3.0823e-07,8.1967e-07,2.1542e-06,5.6748e-06,5.6638e-06,5.6811e-06,7.6428e-08,2.8768e-07,6.6601e-07,2.1465e-06,4.4655e-06,5.5655e-06,5.9382e-06
P47,0.00,135.00,30.00,0.00,6.8767e-08,3.1620e-07,8.3120e-07,2.1693e-06,5.6795e-06,5.6685e-06,5.7541e-06,6.5525e-08,2.9545e-07,6.7755e-07,2.1603e-06,4.4687e-06,5.5693e-06,5.9898e-06
P47,60.00,45.00,30.00,0.00,1.0354e-07,2.7707e-07,7.6799e-07,2.0648e-06,5.6318e-06,5.6208e-06,5.3674e-06,9.9064e-08,2.5760e-07,6.1628e-07,2.0615e-06,4.4272e-06,5.5274e-06,5.7000e-06
P47,30.00,0.00,30.00,0.00,8.2978e-08,3.0824e-07,8.1973e-07,2.1544e-06,5.6748e-06,5.6638e-06,5.6811e-06,7.9200e-08,2.8768e-07,6.6604e-07,2.1467e-06,4.4655e-06,5.5656e-06,5.9382e-06
P47,30.00,0.00,60.00,0.00,6.7750e-08,3.0820e-07,8.1957e-07,2.1547e-06,5.6749e-06,5.6639e-06,5.6811e-06,6.4998e-08,2.8766e-07,6.6593e-07,2.1471e-06,4.4656e-06,5.5656e-06,5.9382e-06
P47,60.00,45.00,60.00,0.00,1.0911e-07,2.7708e-07,7.6806e-07,2.0665e-06,5.6320e-06,5.6210e-06,5.3674e-06,1.0489e-07,2.5759e-07,6.1626e-07,2.0633e-06,4.4275e-06,5.5275e-06,5.7001e-06
P47,0.00,135.00,0.00,0.00,7.4201e-08,3.1622e-07,8.3128e-07,2.1694e-06,5.6795e-06,5.6685e-06,5.7541e-06,7.0631e-08,2.9546e-07,6.7759e-07,2.1604e-06,4.4687e-06,5.5693e-06,5.9898e-06
P47,60.00,180.00,60.00,0.00,4.4499e-08,2.7695e-07,7.6724e-07,2.0621e-06,5.6315e-06,5.6206e-06,5.3673e-06,4.2516e-08,2.5756e-07,6.1597e-07,2.0585e-06,4.4267e-06,5.5271e-06,5.6998e-06
P47,60.00,90.00,60.00,0.00,6.7123e-08,2.7699e-07,7.6750e-07,2.0635e-06,5.6317e-06,5.6207e-06,5.3673e-06,6.4290e-08,2.5757e-07,6.1606e-07,2.0601e-06,4.4269e-06,5.5272e-06,5.6999e-06
P47,60.00,90.00,30.00,0.00,8.5310e-08,2.7703e-07,7.6770e-07,2.0636e-06,5.6317e-06,5.6207e-06,5.3673e-06,8.1472e-08,2.5759e-07,6.1617e-07,2.0602e-06,4.4269e-06,5.5272e-06,5.6999e-06
P47,60.00,135.00,60.00,0.00,4.9242e-08,2.7696e-07,7.6731e-07,2.0625e-06,5.6316e-06,5.6206e-06,5.3673e-06,4.7074e-08,2.5757e-07,6.1599e-07,2.0590e-06,4.4268e-06,5.5271e-06,5.6999e-06
P47,30.00,45.00,0.00,0.00,7.8732e-08,3.0822e-07,8.1958e-07,2.1539e-06,5.6748e-06,5.6638e-06,5.6810e-06,7.4976e-08,2.8768e-07,6.6598e-07,2.1461e-06,4.4655e-06,5.5655e-06,5.9381e-06
P47,30.00,135.00,30.00,0.00,6.9085e-08,3.0820e-07,8.1945e-07,2.1536e-06,5.6748e-06,5.6638e-06,5.6810e-06,6.5820e-08,2.8767e-07,6.6591e-07,2.1459e-06,4.4654e-06,5.5655e-06,5.9381e-06
P47,30.00,135.00,0.00,0.00,7.8732e-08,3.0822e-07,8.1958e-07,2.1539e-06,5.6748e-06,5.6638e-06,5.6810e-06,7.4976e-08,2.8768e-07,6.6598e-07,2.1461e-06,4.4655e-06,5.5655e-06,5.9381e-06
P47,0.00,180.00,60.00,0.00,4.5803e-08,3.1615e-07,8.3096e-07,2.1691e-06,5.6795e-06,5.6685e-06,5.7541e-06,4.3844e-08,2.9543e-07,6.7741e-07,2.1601e-06,4.4687e-06,5.5693e-06,5.9898e-06
P47,30.00,45.00,60.00,0.00,6.1651e-08,3.0819e-07,8.1947e-07,2.1543e-06,5.6748e-06,5.6638e-06,5.6810e-06,5.9101e-08,2.8766e-07,6.6588e-07,2.1467e-06,4.4656e-06,5.5656e-06,5.9382e-06
P47,60.00,135.00,30.00,0.00,7.3115e-08,2.7701e-07,7.6754e-07,2.0630e-06,5.6316e-06,5.6206e-06,5.3673e-06,6.9728e-08,2.5758e-07,6.1610e-07,2.0595e-06,4.4268e-06,5.5272e-06,5.6999e-06
P47,0.00,90.00,0.00,0.00,7.4201e-08,3.1622e-07,8.3128e-07,2.1694e-06,5.6795e-06,5.6685e-06,5.7541e-06,7.0631e-08,2.9546e-07,6.7759e-07,2.1604e-06,4.4687e-06,5.5693e-06,5.9898e-06
P47,60.00,0.00,0.00,0.00,8.7221e-08,2.7704e-07,7.6773e-07,2.0636e-06,5.6317e-06,5.6207e-06,5.3673e-06,8.3227e-08,2.5759e-07,6.1618e-07,2.0602e-06,4.4269e-06,5.5272e-06,5.6999e-06
P47,60.00,180.00,30.00,0.00,6.9162e-08,2.7700e-07,7.6749e-07,2.0628e-06,5.6316e-06,5.6206e-06,5.3673e-06,6.5927e-08,2.5758e-07,6.1608e-07,2.0593e-06,4.4268e-06,5.5272e-06,5.6999e-06
P47,30.00,180.00,0.00,0.00,7.8732e-08,3.0822e-07,8.1958e-07,2.1539e-06,5.6748e-06,5.6638e-06,5.6810e-06,7.4976e-08,2.8768e-07,6.6598e-07,2.1461e-06,4.4655e-06,5.5655e-06,5.9381e-06
P47,0.00,0.00,30.00,0.00,6.8767e-08,3.1620e-07,8.3120e-07,2.1693e-06,5.6795e-06,5.6685e-06,5.7541e-06,6.5525e-08,2.9545e-07,6.7755e-07,2.1603e-06,4.4687e-06,5.5693e-06,5.9898e-06
P47,60.00,45.00,0.00,0.00,8.7221e-08,2.7704e-07,7.6773e-07,2.0636e-06,5.6317e-06,5.6207e-06,5.3673e-06,8.3227e-08,2.5759e-07,6.1618e-07,2.0602e-06,4.4269e-06,5.5272e-06,5.6999e-06
P47,60.00,0.00,60.00,0.00,1.4982e-07,2.7717e-07,7.6872e-07,2.0702e-06,5.6323e-06,5.6214e-06,5.3675e-06,1.4439e-07,2.5761e-07,6.1650e-07,2.0672e-06,4.4282e-06,5.5279e-06,5.7003e-06
P47,0.00,135.00,60.00,0.00,4.5803e-08,3.1615e-07,8.3096e-07,2.1691e-06,5.6795e-06,5.6685e-06,5.7541e-06,4.3844e-08,2.9543e-07,6.7741e-07,2.1601e-06,4.4687e-06,5.5693e-06,5.9898e-06
P47,0.00,0.00,60.00,0.00,4.5803e-08,3.1615e-07,8.3096e-07,2.1691e-06,5.6795e-06,5.6685e-06,5.7541e-06,4.3844e-08,2.9543e-07,6.7741e-07,2.1601e-06,4.4687e-06,5.5693e-06,5.9898e-06
P47,30.00,180.00,30.00,0.00,6.7247e-08,3.0819e-07,8.1940e-07,2.1534e-06,5.6747e-06,5.6637e-06,5.6810e-06,6.4052e-08,2.8766e-07,6.6589e-07,2.1457e-06,4.4654e-06,5.5655e-06,5.9381e-06
P47,0.00,180.00,30.00,0.00,6.8767e-08,3.1620e-07,8.3120e-07,2.1693e-06,5.6795e-06,5.6685e-06,5.7541e-06,6.5525e-08,2.9545e-07,6.7755e-07,2.1603e-06,4.4687e-06,5.5693e-06,5.9898e-06
P47,30.00,135.00,60.00,0.00,4.4041e-08,3.0814e-07,8.1919e-07,2.1533e-06,5.6747e-06,5.6637e-06,5.6810e-06,4.2118e-08,2.8765e-07,6.6577e-07,2.1455e-06,4.4654e-06,5.5655e-06,5.9381e-06
P47,30.00,90.00,60.00,0.00,5.1100e-08,3.0816e-07,8.1929e-07,2.1536e-06,5.6748e-06,5.6638e-06,5.6810e-06,4.8917e-08,2.8765e-07,6.6581e-07,2.1459e-06,4.4655e-06,5.5655e-06,5.9381e-06
P47,0.00,180.00,0.00,0.00,7.4201e-08,3.1622e-07,8.3128e-07,2.1694e-06,5.6795e-06,5.6685e-06,5.7541e-06,7.0631e-08,2.9546e-07,6.7759e-07,2.1604e-06,4.4687e-06,5.5693e-06,5.9898e-06
P47,30.00,0.00,0.00,0.00,7.8732e-08,3.0822e-07,8.1958e-07,2.1539e-06,5.6748e-06,5.6638e-06,5.6810e-06,7.4976e-08,2.8768e-07,6.6598e-07,2.1461e-06,4.4655e-06,5.5655e-06,5.9381e-06
P48,60.00,0.00,0.00,0.00,1.0314e-07,2.8306e-07,1.0763e-06,4.8563e-06,1.0424e-05,1.0410e-05,7.6809e-06,9.9829e-08,2.5261e-07,7.4226e-07,4.8955e-06,8.8863e-06,1.0320e-05,8.9977e-06
P48,30.00,180.00,0.00,0.00,9.9176e-08,3.5456e-07,1.3070e-06,5.1206e-06,1.0586e-05,1.0572e-05,8.5700e-06,9.6001e-08,3.1787e-07,9.1516e-07,5.1430e-06,9.0294e-06,1.0469e-05,9.6815e-06
P48,30.00,135.00,0.00,0.00,9.9176e-08,3.5456e-07,1.3070e-06,5.1206e-06,1.0586e-05,1.0572e-05,8.5700e-06,9.6001e-08,3.1787e-07,9.1516e-07,5.1430e-06,9.0294e-06,1.0469e-05,9.6815e-06
P48,30.00,180.00,60.00,0.00,6.3315e-08,3.5454e-07,1.3070e-06,5.1200e-06,1.0586e-05,1.0572e-05,8.5700e-06,6.1943e-08,3.1787e-07,9.1516e-07,5.1423e-06,9.0293e-06,1.0468e-05,9.6815e-06
P48,60.00,90.00,60.00,0.00,8.3385e-08,2.8305e-07,1.0762e-06,4.8562e-06,1.0424e-05,1.0410e-05,7.6809e-06,8.1161e-08,2.5261e-07,7.4226e-07,4.8953e-06,8.8863e-06,1.0320e-05,8.9976e-06
P48,0.00,180.00,60.00,0.00,6.8109e-08,3.7562e-07,1.3688e-06,5.1738e-06,1.0617e-05,1.0603e-05,8.7821e-06,6.6615e-08,3.3728e-07,9.6428e-07,5.1918e-06,9.0558e-06,1.0497e-05,9.8378e-06
P48,0.00,45.00,60.00,0.00,6.8109e-08,3.7562e-07,1.3688e-06,5.1738e-06,1.0617e-05,1.0603e-05,8.7821e-06,6.6615e-08,3.3728e-07,9.6428e-07,5.1918e-06,9.0558e-06,1.0497e-05,9.8378e-06
P48,30.00,45.00,30.00,0.00,1.0040e-07,3.5457e-07,1.3070e-06,5.1210e-06,1.0586e-05,1.0572e-05,8.5700e-06,9.7305e-08,3.1787e-07,9.1516e-07,5.1433e-06,9.0295e-06,1.0469e-05,9.6815e-06
P48,0.00,45.00,30.00,0.00,9.0516e-08,3.7564e-07,1.3688e-06,5.1740e-06,1.0617e-05,1.0603e-05,8.7821e-06,8.7806e-08,3.3728e-07,9.6428e-07,5.1920e-06,9.0558e-06,1.0497e-05,9.8379e-06
P48,60.00,90.00,0.00,0.00,1.0314e-07,2.8306e-07,1.0763e-06,4.8563e-06,1.0424e-05,1.0410e-05,7.6809e-06,9.9829e-08,2.5261e-07,7.4226e-07,4.8955e-06,8.8863e-06,1.0320e-05,8.9977e-06
P48,60.00,135.00,0.00,0.00,1.0314e-07,2.8306e-07,1.0763e-06,4.8563e-06,1.0424e-05,1.0410e-05,7.6809e-06,9.9829e-08,2.5261e-07,7.4226e-07,4.8955e-06,8.8863e-06,1.0320e-05,8.9977e-06
P48,60.00,0.00,30.00,0.00,1.2838e-07,2.8307e-07,1.0763e-06,4.8580e-06,1.0424e-05,1.0410e-05,7.6810e-06,1.2434e-07,2.5261e-07,7.4226e-07,4.8973e-06,8.8866e-06,1.0320e-05,8.9978e-06
P48,60.00,135.00,60.00,0.00,6.6672e-08,2.8304e-07,1.0762e-06,4.8553e-06,1.0424e-05,1.0410e-05,7.6809e-06,6.5034e-08,2.5261e-07,7.4226e-07,4.8944e-06,8.8861e-06,1.0320e-05,8.9976e-06
P48,60.00,135.00,30.00,0.00,8.9661e-08,2.8305e-07,1.0762e-06,4.8557e-06,1.0424e-05,1.0410e-05,7.6809e-06,8.6903e-08,2.5261e-07,7.4226e-07,4.8949e-06,8.8862e-06,1.0320e-05,8.9976e-06
P48,0.00,135.00,60.00,0.00,6.8109e-08,3.7562e-07,1.3688e-06,5.1738e-06,1.0617e-05,1.0603e-05,8.7821e-06,6.6615e-08,3.3728e-07,9.6428e-07,5.1918e-06,9.0558e-06,1.0497e-05,9.8378e-06
P48,60.00,45.00,60.00,0.00,1.2259e-07,2.8307e-07,1.0763e-06,4.8588e-06,1.0424e-05,1.0410e-05,7.6810e-06,1.1914e-07,2.5261e-07,7.4226e-07,4.8982e-06,8.8868e-06,1.0321e-05,8.9978e-06
P48,30.00,90.00,30.00,0.00,9.4636e-08,3.5456e-07,1.3070e-06,5.1207e-06,1.0586e-05,1.0572e-05,8.5700e-06,9.1746e-08,3.1787e-07,9.1516e-07,5.1430e-06,9.0294e-06,1.0469e-05,9.6815e-06
P48,0.00,90.00,0.00,0.00,9.5834e-08,3.7564e-07,1.3688e-06,5.1741e-06,1.0617e-05,1.0603e-05,8.7821e-06,9.2812e-08,3.3728e-07,9.6428e-07,5.1921e-06,9.0558e-06,1.0497e-05,9.8379e-06
P48,0.00,0.00,60.00,0.00,6.8109e-08,3.7562e-07,1.3688e-06,5.1738e-06,1.0617e-05,1.0603e-05,8.7821e-06,6.6615e-08,3.3728e-07,9.6428e-07,5.1918e-06,9.0558e-06,1.0497e-05,9.8378e-06
P48,30.00,90.00,0.00,0.00,9.9176e-08,3.5456e-07,1.3070e-06,5.1206e-06,1.0586e-05,1.0572e-05,8.5700e-06,9.6001e-08,3.1787e-07,9.1516e-07,5.1430e-06,9.0294e-06,1.0469e-05,9.6815e-06
P48,0.00,45.00,0.00,0.00,9.5834e-08,3.7564e-07,1.3688e-06,5.1741e-06,1.0617e-05,1.0603e-05,8.7821e-06,9.2812e-08,3.3728e-07,9.6428e-07,5.1921e-06,9.0558e-06,1.0497e-05,9.8379e-06
P48,30.00,180.00,30.00,0.00,8.8055e-08,3.5456e-07,1.3070e-06,5.1203e-06,1.0586e-05,1.0572e-05,8.5700e-06,8.5405e-08,3.1787e-07,9.1516e-07,5.1426e-06,9.0293e-06,1.0469e-05,9.6815e-06
P48,60.00,180.00,60.00,0.00,6.2236e-08,2.8304e-07,1.0762e-06,4.8549e-06,1.0424e-05,1.0410e-05,7.6809e-06,6.0761e-08,2.5261e-07,7.4226e-07,4.8940e-06,8.8861e-06,1.0320e-05,8.9976e-06
P48,60.00,45.00,0.00,0.00,1.0314e-07,2.8306e-07,1.0763e-06,4.8563e-06,1.0424e-05,1.0410e-05,7.6809e-06,9.9829e-08,2.5261e-07,7.4226e-07,4.8955e-06,8.8863e-06,1.0320e-05,8.9977e-06
P48,30.00,135.00,60.00,0.00,6.5493e-08,3.5455e-07,1.3070e-06,5.1201e-06,1.0586e-05,1.0572e-05,8.5700e-06,6.4041e-08,3.1787e-07,9.1516e-07,5.1424e-06,9.0293e-06,1.0468e-05,9.6815e-06
P48,0.00,180.00,0.00,0.00,9.5834e-08,3.7564e-07,1.3688e-06,5.1741e-06,1.0617e-05,1.0603e-05,8.7821e-06,9.2812e-08,3.3728e-07,9.6428e-07,5.1921e-06,9.0558e-06,1.0497e-05,9.8379e-06
P48,0.00,0.00,30.00,0.00,9.0516e-08,3.7564e-07,1.3688e-06,5.1740e-06,1.0617e-05,1.0603e-05,8.7821e-06,8.7806e-08,3.3728e-07,9.6428e-07,5.1920e-06,9.0558e-06,1.0497e-05,9.8379e-06
P48,60.00,0.00,60.00,0.00,1.6054e-07,2.8309e-07,1.0763e-06,4.8620e-06,1.0424e-05,1.0410e-05,7.6810e-06,1.5605e-07,2.5262e-07,7.4226e-07,4.9017e-06,8.8875e-06,1.0321e-05,8.9980e-06
P48,60.00,90.00,30.00,0.00,1.0119e-07,2.8305e-07,1.0763e-06,4.8563e-06,1.0424e-05,1.0410e-05,7.6809e-06,9.8029e-08,2.5261e-07,7.4226e-07,4.8955e-06,8.8863e-06,1.0320e-05,8.9977e-06
P48,0.00,180.00,30.00,0.00,9.0516e-08,3.7564e-07,1.3688e-06,5.1740e-06,1.0617e-05,1.0603e-05,8.7821e-06,8.7806e-08,3.3728e-07,9.6428e-07,5.1920e-06,9.0558e-06,1.0497e-05,9.8379e-06
P48,30.00,90.00,60.00,0.00,7.2211e-08,3.5455e-07,1.3070e-06,5.1204e-06,1.0586e-05,1.0572e-05,8.5700e-06,7.0521e-08,3.1787e-07,9.1516e-07,5.1428e-06,9.0294e-06,1.0469e-05,9.6815e-06
P48,30.00,135.00,30.00,0.00,8.9820e-08,3.5456e-07,1.3070e-06,5.1204e-06,1.0586e-05,1.0572e-05,8.5700e-06,8.7106e-08,3.1787e-07,9.1516e-07,5.1427e-06,9.0294e-06,1.0469e-05,9.6815e-06
P48,60.00,180.00,0.00,0.00,1.0314e-07,2.8306e-07,1.0763e-06,4.8563e-06,1.0424e-05,1.0410e-05,7.6809e-06,9.9829e-08,2.5261e-07,7.4226e-07,4.8955e-06,8.8863e-06,1.0320e-05,8.9977e-06
P48,0.00,0.00,0.00,0.00,9.5834e-08,3.7564e-07,1.3688e-06,5.1741e-06,1.0617e-05,1.0603e-05,8.7821e-06,9.2812e-08,3.3728e-07,9.6428e-07,5.1921e-06,9.0558e-06,1.0497e-05,9.8379e-06
P48,30.00,45.00,0.00,0.00,9.9176e-08,3.5456e-07,1.3070e-06,5.1206e-06,1.0586e-05,1.0572e-05,8.5700e-06,9.6001e-08,3.1787e-07,9.1516e-07,5.1430e-06,9.0294e-06,1.0469e-05,9.6815e-06
P48,30.00,0.00,30.00,0.00,1.0316e-07,3.5457e-07,1.3070e-06,5.1212e-06,1.0586e-05,1.0572e-05,8.5700e-06,9.9970e-08,3.1787e-07,9.1516e-07,5.1435e-06,9.0295e-06,1.0469e-05,9.6815e-06
P48,60.00,180.00,30.00,0.00,8.5922e-08,2.8305e-07,1.0762e-06,4.8556e-06,1.0424e-05,1.0410e-05,7.6809e-06,8.3298e-08,2.5261e-07,7.4226e-07,4.8947e-06,8.8862e-06,1.0320e-05,8.9976e-06
P48,0.00,90.00,60.00,0.00,6.8109e-08,3.7562e-07,1.3688e-06,5.1738e-06,1.0617e-05,1.0603e-05,8.7821e-06,6.6615e-08,3.3728e-07,9.6428e-07,5.1918e-06,9.0558e-06,1.0497e-05,9.8378e-06
P48,0.00,135.00,0.00,0.00,9.5834e-08,3.7564e-07,1.3688e-06,5.1741e-06,1.0617e-05,1.0603e-05,8.7821e-06,9.2812e-08,3.3728e-07,9.6428e-07,5.1921e-06,9.0558e-06,1.0497e-05,9.8379e-06
P48,30.00,45.00,60.00,0.00,8.2249e-08,3.5456e-07,1.3070e-06,5.1211e-06,1.0586e-05,1.0572e-05,8.5700e-06,8.0225e-08,3.1787e-07,9.1516e-07,5.1434e-06,9.0295e-06,1.0469e-05,9.6815e-06
P48,0.00,90.00,30.00,0.00,9.0516e-08,3.7564e-07,1.3688e-06,5.1740e-06,1.0617e-05,1.0603e-05,8.7821e-06,8.7806e-08,3.3728e-07,9.6428e-07,5.1920e-06,9.0558e-06,1.0497e-05,9.8379e-06
P48,0.00,135.00,30.00,0.00,9.0516e-08,3.7564e-07,1.3688e-06,5.1740e-06,1.0617e-05,1.0603e-05,8.7821e-06,8.7806e-08,3.3728e-07,9.6428e-07,5.1920e-06,9.0558e-06,1.0497e-05,9.8379e-06
P48,60.00,45.00,30.00,0.00,1.1842e-07,2.8306e-07,1.0763e-06,4.8574e-06,1.0424e-05,1.0410e-05,7.6809e-06,1.1470e-07,2.5261e-07,7.4226e-07,4.8966e-06,8.8865e-06,1.0320e-05,8.9978e-06
P48,30.00,0.00,60.00,0.00,8.8049e-08,3.5456e-07,1.3070e-06,5.1214e-06,1.0586e-05,1.0572e-05,8.5700e-06,8.5842e-08,3.1787e-07,9.1516e-07,5.1438e-06,9.0296e-06,1.0469e-05,9.6815e-06
P48,30.00,0.00,0.00,0.00,9.9176e-08,3.5456e-07,1.3070e-06,5.1206e-06,1.0586e-05,1.0572e-05,8.5700e-06,9.6001e-08,3.1787e-07,9.1516e-07,5.1430e-06,9.0294e-06,1.0469e-05,9.6815e-06
P49,0.00,180.00,0.00,0.00,8.5713e-08,3.0456e-07,1.0013e-06,5.0703e-06,1.0129e-05,1.0117e-05,8.5038e-06,8.3903e-08,2.7643e-07,7.3175e-07,5.1015e-06,8.8794e-06,1.0046e-05,9.3885e-06
P49,0.00,45.00,60.00,0.00,6.0874e-08,3.0455e-07,1.0013e-06,5.0700e-06,1.0129e-05,1.0117e-05,8.5038e-06,6.0252e-08,2.7643e-07,7.3175e-07,5.1011e-06,8.8794e-06,1.0046e-05,9.3885e-06
P49,60.00,45.00,60.00,0.00,9.7240e-08,2.4568e-07,8.3803e-07,4.6991e-06,9.5350e-06,9.5248e-06,7.4183e-06,9.5883e-08,2.2192e-07,6.0779e-07,4.7525e-06,8.4279e-06,9.4730e-06,8.4158e-06
P49,60.00,90.00,30.00,0.00,8.4483e-08,2.4568e-07,8.3803e-07,4.6985e-06,9.5350e-06,9.5248e-06,7.4183e-06,8.2939e-08,2.2192e-07,6.0779e-07,4.7519e-06,8.4279e-06,9.4730e-06,8.4158e-06
P49,60.00,135.00,30.00,0.00,7.5703e-08,2.4567e-07,8.3803e-07,4.6983e-06,9.5350e-06,9.5248e-06,7.4183e-06,7.4358e-08,2.2192e-07,6.0779e-07,4.7516e-06,8.4278e-06,9.4730e-06,8.4158e-06
P49,0.00,0.00,0.00,0.00,8.5713e-08,3.0456e-07,1.0013e-06,5.0703e-06,1.0129e-05,1.0117e-05,8.5038e-06,8.3903e-08,2.7643e-07,7.3175e-07,5.1015e-06,8.8794e-06,1.0046e-05,9.3885e-06
P49,60.00,45.00,30.00,0.00,9.7602e-08,2.4568e-07,8.3803e-07,4.6989e-06,9.5351e-06,9.5248e-06,7.4183e-06,9.5787e-08,2.2192e-07,6.0779e-07,4.7523e-06,8.4279e-06,9.4730e-06,8.4158e-06
P49,60.00,135.00,0.00,0.00,8.6532e-08,2.4568e-07,8.3803e-07,4.6985e-06,9.5350e-06,9.5248e-06,7.4183e-06,8.4853e-08,2.2192e-07,6.0779e-07,4.7519e-06,8.4279e-06,9.4730e-06,8.4158e-06
P49,60.00,90.00,60.00,0.00,6.8749e-08,2.4567e-07,8.3803e-07,4.6983e-06,9.5350e-06,9.5248e-06,7.4183e-06,6.7890e-08,2.2192e-07,6.0779e-07,4.7516e-06,8.4278e-06,9.4730e-06,8.4158e-06
P49,30.00,90.00,0.00,0.00,8.7576e-08,2.9171e-07,9.6637e-07,5.0018e-06,1.0023e-05,1.0012e-05,8.2853e-06,8.5721e-08,2.6450e-07,7.0515e-07,5.0374e-06,8.8014e-06,9.9449e-06,9.1985e-06
P49,0.00,135.00,60.00,0.00,6.0874e-08,3.0455e-07,1.0013e-06,5.0700e-06,1.0129e-05,1.0117e-05,8.5038e-06,6.0252e-08,2.7643e-07,7.3175e-07,5.1011e-06,8.8794e-06,1.0046e-05,9.3885e-06
P49,0.00,90.00,0.00,0.00,8.5713e-08,3.0456e-07,1.0013e-06,5.0703e-06,1.0129e-05,1.0117e-05,8.5038e-06,8.3903e-08,2.7643e-07,7.3175e-07,5.1015e-06,8.8794e-06,1.0046e-05,9.3885e-06
P49,60.00,0.00,0.00,0.00,8.6532e-08,2.4568e-07,8.3803e-07,4.6985e-06,9.5350e-06,9.5248e-06,7.4183e-06,8.4853e-08,2.2192e-07,6.0779e-07,4.7519e-06,8.4279e-06,9.4730e-06,8.4158e-06
P49,60.00,180.00,30.00,0.00,7.2857e-08,2.4567e-07,8.3803e-07,4.6982e-06,9.5350e-06,9.5248e-06,7.4183e-06,7.1580e-08,2.2192e-07,6.0779e-07,4.7516e-06,8.4278e-06,9.4730e-06,8.4158e-06
P49,0.00,45.00,30.00,0.00,8.0820e-08,3.0456e-07,1.0013e-06,5.0703e-06,1.0129e-05,1.0117e-05,8.5038e-06,7.9266e-08,2.7643e-07,7.3175e-07,5.1014e-06,8.8794e-06,1.0046e-05,9.3885e-06
P49,30.00,0.00,30.00,0.00,9.0194e-08,2.9171e-07,9.6637e-07,5.0020e-06,1.0023e-05,1.0012e-05,8.2853e-06,8.8408e-08,2.6450e-07,7.0515e-07,5.0376e-06,8.8014e-06,9.9449e-06,9.1985e-06
P49,0.00,45.00,0.00,0.00,8.5713e-08,3.0456e-07,1.0013e-06,5.0703e-06,1.0129e-05,1.0117e-05,8.5038e-06,8.3903e-08,2.7643e-07,7.3175e-07,5.1015e-06,8.8794e-06,1.0046e-05,9.3885e-06
P49,60.00,0.00,60.00,0.00,1.2486e-07,2.4569e-07,8.3803e-07,4.7001e-06,9.5351e-06,9.5248e-06,7.4183e-06,1.2311e-07,2.2192e-07,6.0779e-07,4.7536e-06,8.4281e-06,9.4730e-06,8.4158e-06
P49,60.00,0.00,30.00,0.00,1.0518e-07,2.4568e-07,8.3803e-07,4.6991e-06,9.5351e-06,9.5248e-06,7.4183e-06,1.0322e-07,2.2192e-07,6.0779e-07,4.7525e-06,8.4279e-06,9.4730e-06,8.4158e-06
P49,0.00,135.00,30.00,0.00,8.0820e-08,3.0456e-07,1.0013e-06,5.0703e-06,1.0129e-05,1.0117e-05,8.5038e-06,7.9266e-08,2.7643e-07,7.3175e-07,5.1014e-06,8.8794e-06,1.0046e-05,9.3885e-06
P49,0.00,90.00,30.00,0.00,8.0820e-08,3.0456e-07,1.0013e-06,5.0703e-06,1.0129e-05,1.0117e-05,8.5038e-06,7.9266e-08,2.7643e-07,7.3175e-07,5.1014e-06,8.8794e-06,1.0046e-05,9.3885e-06
P49,30.00,45.00,60.00,0.00,7.1090e-08,2.9170e-07,9.6637e-07,5.0018e-06,1.0023e-05,1.0012e-05,8.2853e-06,7.0222e-08,2.6449e-07,7.0515e-07,5.0373e-06,8.8014e-06,9.9449e-06,9.1985e-06
P49,30.00,180.00,30.00,0.00,7.8042e-08,2.9171e-07,9.6637e-07,5.0016e-06,1.0023e-05,1.0012e-05,8.2853e-06,7.6562e-08,2.6450e-07,7.0515e-07,5.0371e-06,8.8013e-06,9.9449e-06,9.1985e-06
P49,60.00,180.00,60.00,0.00,5.3391e-08,2.4567e-07,8.3803e-07,4.6979e-06,9.5350e-06,9.5248e-06,7.4183e-06,5.2861e-08,2.2192e-07,6.0779e-07,4.7512e-06,8.4278e-06,9.4730e-06,8.4158e-06
P49,30.00,90.00,30.00,0.00,8.3337e-08,2.9171e-07,9.6637e-07,5.0018e-06,1.0023e-05,1.0012e-05,8.2853e-06,8.1720e-08,2.6450e-07,7.0515e-07,5.0374e-06,8.8014e-06,9.9449e-06,9.1985e-06
P49,60.00,45.00,0.00,0.00,8.6532e-08,2.4568e-07,8.3803e-07,4.6985e-06,9.5350e-06,9.5248e-06,7.4183e-06,8.4853e-08,2.2192e-07,6.0779e-07,4.7519e-06,8.4279e-06,9.4730e-06,8.4158e-06
P49,0.00,90.00,60.00,0.00,6.0874e-08,3.0455e-07,1.0013e-06,5.0700e-06,1.0129e-05,1.0117e-05,8.5038e-06,6.0252e-08,2.7643e-07,7.3175e-07,5.1011e-06,8.8794e-06,1.0046e-05,9.3885e-06
P49,30.00,45.00,30.00,0.00,8.7974e-08,2.9171e-07,9.6637e-07,5.0020e-06,1.0023e-05,1.0012e-05,8.2853e-06,8.6241e-08,2.6450e-07,7.0515e-07,5.0375e-06,8.8014e-06,9.9449e-06,9.1985e-06
P49,30.00,0.00,0.00,0.00,8.7576e-08,2.9171e-07,9.6637e-07,5.0018e-06,1.0023e-05,1.0012e-05,8.2853e-06,8.5721e-08,2.6450e-07,7.0515e-07,5.0374e-06,8.8014e-06,9.9449e-06,9.1985e-06
P49,60.00,180.00,0.00,0.00,8.6532e-08,2.4568e-07,8.3803e-07,4.6985e-06,9.5350e-06,9.5248e-06,7.4183e-06,8.4853e-08,2.2192e-07,6.0779e-07,4.7519e-06,8.4279e-06,9.4730e-06,8.4158e-06
P49,30.00,180.00,0.00,0.00,8.7576e-08,2.9171e-07,9.6637e-07,5.0018e-06,1.0023e-05,1.0012e-05,8.2853e-06,8.5721e-08,2.6450e-07,7.0515e-07,5.0374e-06,8.8014e-06,9.9449e-06,9.1985e-06
P49,30.00,135.00,30.00,0.00,7.9462e-08,2.9171e-07,9.6637e-07,5.0017e-06,1.0023e-05,1.0012e-05,8.2853e-06,7.7945e-08,2.6450e-07,7.0515e-07,5.0372e-06,8.8014e-06,9.9449e-06,9.1985e-06
P49,0.00,180.00,30.00,0.00,8.0820e-08,3.0456e-07,1.0013e-06,5.0703e-06,1.0129e-05,1.0117e-05,8.5038e-06,7.9266e-08,2.7643e-07,7.3175e-07,5.1014e-06,8.8794e-06,1.0046e-05,9.3885e-06
P49,30.00,45.00,0.00,0.00,8.7576e-08,2.9171e-07,9.6637e-07,5.0018e-06,1.0023e-05,1.0012e-05,8.2853e-06,8.5721e-08,2.6450e-07,7.0515e-07,5.0374e-06,8.8014e-06,9.9449e-06,9.1985e-06
P49,30.00,0.00,60.00,0.00,7.5524e-08,2.9171e-07,9.6637e-07,5.0019e-06,1.0023e-05,1.0012e-05,8.2853e-06,7.4569e-08,2.6449e-07,7.0515e-07,5.0375e-06,8.8014e-06,9.9449e-06,9.1985e-06
P49,60.00,135.00,60.00,0.00,5.6611e-08,2.4567e-07,8.3803e-07,4.6980e-06,9.5350e-06,9.5248e-06,7.4183e-06,5.6009e-08,2.2192e-07,6.0779e-07,4.7513e-06,8.4278e-06,9.4730e-06,8.4158e-06
P49,0.00,135.00,0.00,0.00,8.5713e-08,3.0456e-07,1.0013e-06,5.0703e-06,1.0129e-05,1.0117e-05,8.5038e-06,8.3903e-08,2.7643e-07,7.3175e-07,5.1015e-06,8.8794e-06,1.0046e-05,9.3885e-06
P49,30.00,135.00,60.00,0.00,5.8284e-08,2.9170e-07,9.6637e-07,5.0014e-06,1.0023e-05,1.0012e-05,8.2853e-06,5.7696e-08,2.6449e-07,7.0515e-07,5.0369e-06,8.8013e-06,9.9449e-06,9.1985e-06
P49,30.00,90.00,60.00,0.00,6.3419e-08,2.9170e-07,9.6637e-07,5.0016e-06,1.0023e-05,1.0012e-05,8.2853e-06,6.2712e-08,2.6449e-07,7.0515e-07,5.0371e-06,8.8013e-06,9.9449e-06,9.1985e-06
P49,30.00,180.00,60.00,0.00,5.6620e-08,2.9170e-07,9.6637e-07,5.0014e-06,1.0023e-05,1.0012e-05,8.2853e-06,5.6073e-08,2.6450e-07,7.0515e-07,5.0369e-06,8.8013e-06,9.9449e-06,9.1985e-06
P49,60.00,90.00,0.00,0.00,8.6532e-08,2.4568e-07,8.3803e-07,4.6985e-06,9.5350e-06,9.5248e-06,7.4183e-06,8.4853e-08,2.2192e-07,6.0779e-07,4.7519e-06,8.4279e-06,9.4730e-06,8.4158e-06
P49,0.00,0.00,30.00,0.00,8.0820e-08,3.0456e-07,1.0013e-06,5.0703e-06,1.0129e-05,1.0117e-05,8.5038e-06,7.9266e-08,2.7643e-07,7.3175e-07,5.1014e-06,8.8794e-06,1.0046e-05,9.3885e-06
P49,30.00,135.00,0.00,0.00,8.7576e-08,2.9171e-07,9.6637e-07,5.0018e-06,1.0023e-05,1.0012e-05,8.2853e-06,8.5721e-08,2.6450e-07,7.0515e-07,5.0374e-06,8.8014e-06,9.9449e-06,9.1985e-06
P49,0.00,0.00,60.00,0.00,6.0874e-08,3.0455e-07,1.0013e-06,5.0700e-06,1.0129e-05,1.0117e-05,8.5038e-06,6.0252e-08,2.7643e-07,7.3175e-07,5.1011e-06,8.8794e-06,1.0046e-05,9.3885e-06
P49,0.00,180.00,60.00,0.00,6.0874e-08,3.0455e-07,1.0013e-06,5.0700e-06,1.0129e-05,1.0117e-05,8.5038e-06,6.0252e-08,2.7643e-07,7.3175e-07,5.1011e-06,8.8794e-06,1.0046e-05,9.3885e-06
P50,0.00,45.00,60.00,0.00,5.8557e-08,3.3984e-07,1.0602e-06,4.8667e-06,9.8920e-06,9.8801e-06,8.4100e-06,5.7809e-08,3.1067e-07,7.9244e-07,4.8890e-06,8.5944e-06,9.8015e-06,9.2589e-06
P50,0.00,90.00,0.00,0.00,8.3790e-08,3.3984e-07,1.0602e-06,4.8670e-06,9.8921e-06,9.8801e-06,8.4100e-06,8.1814e-08,3.1067e-07,7.9244e-07,4.8893e-06,8.5945e-06,9.8016e-06,9.2589e-06
P50,0.00,135.00,0.00,0.00,8.3790e-08,3.3984e-07,1.0602e-06,4.8670e-06,9.8921e-06,9.8801e-06,8.4100e-06,8.1814e-08,3.1067e-07,7.9244e-07,4.8893e-06,8.5945e-06,9.8016e-06,9.2589e-06
P50,60.00,90.00,0.00,0.00,8.5782e-08,2.7613e-07,9.0425e-07,4.5351e-06,9.3918e-06,9.3810e-06,7.3760e-06,8.3910e-08,2.5088e-07,6.7047e-07,4.5777e-06,8.2178e-06,9.3207e-06,8.3581e-06
P50,30.00,180.00,30.00,0.00,7.6187e-08,3.2626e-07,1.0272e-06,4.8057e-06,9.8037e-06,9.7920e-06,8.2041e-06,7.4548e-08,2.9791e-07,7.6669e-07,4.8319e-06,8.5295e-06,9.7171e-06,9.0846e-06
P50,60.00,135.00,60.00,0.00,5.5082e-08,2.7612e-07,9.0425e-07,4.5345e-06,9.3918e-06,9.3810e-06,7.3760e-06,5.4347e-08,2.5088e-07,6.7047e-07,4.5771e-06,8.2177e-06,9.3206e-06,8.3581e-06
P50,0.00,135.00,30.00,0.00,7.8833e-08,3.3984e-07,1.0602e-06,4.8669e-06,9.8920e-06,9.8801e-06,8.4100e-06,7.7120e-08,3.1067e-07,7.9244e-07,4.8892e-06,8.5945e-06,9.8015e-06,9.2589e-06
P50,0.00,180.00,60.00,0.00,5.8557e-08,3.3984e-07,1.0602e-06,4.8667e-06,9.8920e-06,9.8801e-06,8.4100e-06,5.7809e-08,3.1067e-07,7.9244e-07,4.8890e-06,8.5944e-06,9.8015e-06,9.2589e-06
P50,0.00,90.00,60.00,0.00,5.8557e-08,3.3984e-07,1.0602e-06,4.8667e-06,9.8920e-06,9.8801e-06,8.4100e-06,5.7809e-08,3.1067e-07,7.9244e-07,4.8890e-06,8.5944e-06,9.8015e-06,9.2589e-06
P50,0.00,45.00,30.00,0.00,7.8833e-08,3.3984e-07,1.0602e-06,4.8669e-06,9.8920e-06,9.8801e-06,8.4100e-06,7.7120e-08,3.1067e-07,7.9244e-07,4.8892e-06,8.5945e-06,9.8015e-06,9.2589e-06
P50,0.00,0.00,60.00,0.00,5.8557e-08,3.3984e-07,1.0602e-06,4.8667e-06,9.8920e-06,9.8801e-06,8.4100e-06,5.7809e-08,3.1067e-07,7.9244e-07,4.8890e-06,8.5944e-06,9.8015e-06,9.2589e-06
P50,60.00,45.00,60.00,0.00,9.7320e-08,2.7614e-07,9.0425e-07,4.5359e-06,9.3919e-06,9.3810e-06,7.3760e-06,9.5748e-08,2.5088e-07,6.7047e-07,4.5786e-06,8.2179e-06,9.3207e-06,8.3581e-06
P50,60.00,90.00,60.00,0.00,6.7701e-08,2.7613e-07,9.0425e-07,4.5349e-06,9.3918e-06,9.3810e-06,7.3760e-06,6.6683e-08,2.5088e-07,6.7047e-07,4.5774e-06,8.2177e-06,9.3206e-06,8.3581e-06
P50,0.00,180.00,30.00,0.00,7.8833e-08,3.3984e-07,1.0602e-06,4.8669e-06,9.8920e-06,9.8801e-06,8.4100e-06,7.7120e-08,3.1067e-07,7.9244e-07,4.8892e-06,8.5945e-06,9.8015e-06,9.2589e-06
P50,0.00,180.00,0.00,0.00,8.3790e-08,3.3984e-07,1.0602e-06,4.8670e-06,9.8921e-06,9.8801e-06,8.4100e-06,8.1814e-08,3.1067e-07,7.9244e-07,4.8893e-06,8.5945e-06,9.8016e-06,9.2589e-06
P50,30.00,135.00,30.00,0.00,7.7646e-08,3.2626e-07,1.0272e-06,4.8058e-06,9.8037e-06,9.7920e-06,8.2041e-06,7.5967e-08,2.9791e-07,7.6669e-07,4.8320e-06,8.5295e-06,9.7171e-06,9.0846e-06
P50,30.00,180.00,0.00,0.00,8.5914e-08,3.2627e-07,1.0272e-06,4.8059e-06,9.8037e-06,9.7920e-06,8.2041e-06,8.3885e-08,2.9791e-07,7.6669e-07,4.8322e-06,8.5296e-06,9.7171e-06,9.0847e-06
P50,60.00,180.00,30.00,0.00,7.1706e-08,2.7613e-07,9.0425e-07,4.5347e-06,9.3918e-06,9.3810e-06,7.3760e-06,7.0262e-08,2.5088e-07,6.7047e-07,4.5773e-06,8.2177e-06,9.3206e-06,8.3581e-06
P50,30.00,0.00,60.00,0.00,7.3878e-08,3.2626e-07,1.0272e-06,4.8061e-06,9.8037e-06,9.7920e-06,8.2041e-06,7.2767e-08,2.9791e-07,7.6669e-07,4.8324e-06,8.5296e-06,9.7171e-06,9.0846e-06
P50,30.00,45.00,30.00,0.00,8.6389e-08,3.2627e-07,1.0272e-06,4.8061e-06,9.8037e-06,9.7920e-06,8.2041e-06,8.4480e-08,2.9791e-07,7.6669e-07,4.8323e-06,8.5296e-06,9.7171e-06,9.0847e-06
P50,60.00,0.00,30.00,0.00,1.0513e-07,2.7614e-07,9.0425e-07,4.5358e-06,9.3919e-06,9.3811e-06,7.3760e-06,1.0295e-07,2.5088e-07,6.7047e-07,4.5785e-06,8.2179e-06,9.3207e-06,8.3581e-06
P50,30.00,135.00,60.00,0.00,5.6065e-08,3.2626e-07,1.0272e-06,4.8055e-06,9.8037e-06,9.7920e-06,8.2040e-06,5.5353e-08,2.9791e-07,7.6669e-07,4.8317e-06,8.5295e-06,9.7171e-06,9.0846e-06
P50,60.00,135.00,0.00,0.00,8.5782e-08,2.7613e-07,9.0425e-07,4.5351e-06,9.3918e-06,9.3810e-06,7.3760e-06,8.3910e-08,2.5088e-07,6.7047e-07,4.5777e-06,8.2178e-06,9.3207e-06,8.3581e-06
P50,0.00,0.00,0.00,0.00,8.3790e-08,3.3984e-07,1.0602e-06,4.8670e-06,9.8921e-06,9.8801e-06,8.4100e-06,8.1814e-08,3.1067e-07,7.9244e-07,4.8893e-06,8.5945e-06,9.8016e-06,9.2589e-06
P50,30.00,180.00,60.00,0.00,5.4346e-08,3.2626e-07,1.0272e-06,4.8054e-06,9.8037e-06,9.7920e-06,8.2040e-06,5.3678e-08,2.9791e-07,7.6669e-07,4.8317e-06,8.5295e-06,9.7171e-06,9.0846e-06
P50,30.00,0.00,0.00,0.00,8.5914e-08,3.2627e-07,1.0272e-06,4.8059e-06,9.8037e-06,9.7920e-06,8.2041e-06,8.3885e-08,2.9791e-07,7.6669e-07,4.8322e-06,8.5296e-06,9.7171e-06,9.0847e-06
P50,30.00,90.00,60.00,0.00,6.1370e-08,3.2626e-07,1.0272e-06,4.8056e-06,9.8037e-06,9.7920e-06,8.2040e-06,6.0530e-08,2.9791e-07,7.6669e-07,4.8319e-06,8.5295e-06,9.7171e-06,9.0846e-06
P50,60.00,180.00,0.00,0.00,8.5782e-08,2.7613e-07,9.0425e-07,4.5351e-06,9.3918e-06,9.3810e-06,7.3760e-06,8.3910e-08,2.5088e-07,6.7047e-07,4.5777e-06,8.2178e-06,9.3207e-06,8.3581e-06
P50,30.00,0.00,30.00,0.00,8.8670e-08,3.2627e-07,1.0272e-06,4.8062e-06,9.8037e-06,9.7920e-06,8.2041e-06,8.6704e-08,2.9791e-07,7.6669e-07,4.8324e-06,8.5296e-06,9.7171e-06,9.0847e-06
P50,60.00,0.00,0.00,0.00,8.5782e-08,2.7613e-07,9.0425e-07,4.5351e-06,9.3918e-06,9.3810e-06,7.3760e-06,8.3910e-08,2.5088e-07,6.7047e-07,4.5777e-06,8.2178e-06,9.3207e-06,8.3581e-06
P50,60.00,45.00,0.00,0.00,8.5782e-08,2.7613e-07,9.0425e-07,4.5351e-06,9.3918e-06,9.3810e-06,7.3760e-06,8.3910e-08,2.5088e-07,6.7047e-07,4.5777e-06,8.2178e-06,9.3207e-06,8.3581e-06
P50,60.00,135.00,30.00,0.00,7.4649e-08,2.7613e-07,9.0425e-07,4.5348e-06,9.3918e-06,9.3810e-06,7.3760e-06,7.3131e-08,2.5088e-07,6.7047e-07,4.5774e-06,8.2177e-06,9.3207e-06,8.3581e-06
P50,60.00,0.00,60.00,0.00,1.2603e-07,2.7615e-07,9.0425e-07,4.5371e-06,9.3919e-06,9.3811e-06,7.3760e-06,1.2402e-07,2.5088e-07,6.7047e-07,4.5799e-06,8.2180e-06,9.3207e-06,8.3581e-06
P50,30.00,135.00,0.00,0.00,8.5914e-08,3.2627e-07,1.0272e-06,4.8059e-06,9.8037e-06,9.7920e-06,8.2041e-06,8.3885e-08,2.9791e-07,7.6669e-07,4.8322e-06,8.5296e-06,9.7171e-06,9.0847e-06
P50,0.00,45.00,0.00,0.00,8.3790e-08,3.3984e-07,1.0602e-06,4.8670e-06,9.8921e-06,9.8801e-06,8.4100e-06,8.1814e-08,3.1067e-07,7.9244e-07,4.8893e-06,8.5945e-06,9.8016e-06,9.2589e-06
P50,60.00,180.00,60.00,0.00,5.1733e-08,2.7612e-07,9.0425e-07,4.5344e-06,9.3918e-06,9.3810e-06,7.3760e-06,5.1079e-08,2.5088e-07,6.7047e-07,4.5769e-06,8.2177e-06,9.3206e-06,8.3581e-06
P50,0.00,90.00,30.00,0.00,7.8833e-08,3.3984e-07,1.0602e-06,4.8669e-06,9.8920e-06,9.8801e-06,8.4100e-06,7.7120e-08,3.1067e-07,7.9244e-07,4.8892e-06,8.5945e-06,9.8015e-06,9.2589e-06
P50,60.00,45.00,30.00,0.00,9.7294e-08,2.7614e-07,9.0425e-07,4.5356e-06,9.3919e-06,9.3810e-06,7.3760e-06,9.5265e-08,2.5088e-07,6.7047e-07,4.5782e-06,8.2178e-06,9.3207e-06,8.3581e-06
P50,30.00,90.00,30.00,0.00,8.1626e-08,3.2627e-07,1.0272e-06,4.8059e-06,9.8037e-06,9.7920e-06,8.2041e-06,7.9841e-08,2.9791e-07,7.6669e-07,4.8322e-06,8.5296e-06,9.7171e-06,9.0846e-06
P50,30.00,90.00,0.00,0.00,8.5914e-08,3.2627e-07,1.0272e-06,4.8059e-06,9.8037e-06,9.7920e-06,8.2041e-06,8.3885e-08,2.9791e-07,7.6669e-07,4.8322e-06,8.5296e-06,9.7171e-06,9.0847e-06
P50,30.00,45.00,60.00,0.00,6.9297e-08,3.2626e-07,1.0272e-06,4.8059e-06,9.8037e-06,9.7920e-06,8.2040e-06,6.8281e-08,2.9791e-07,7.6669e-07,4.8322e-06,8.5296e-06,9.7171e-06,9.0846e-06
P50,0.00,0.00,30.00,0.00,7.8833e-08,3.3984e-07,1.0602e-06,4.8669e-06,9.8920e-06,9.8801e-06,8.4100e-06,7.7120e-08,3.1067e-07,7.9244e-07,4.8892e-06,8.5945e-06,9.8015e-06,9.2589e-06
P50,30.00,45.00,0.00,0.00,8.5914e-08,3.2627e-07,1.0272e-06,4.8059e-06,9.8037e-06,9.7920e-06,8.2041e-06,8.3885e-08,2.9791e-07,7.6669e-07,4.8322e-06,8.5296e-06,9.7171e-06,9.0847e-06
P50,0.00,135.00,60.00,0.00,5.8557e-08,3.3984e-07,1.0602e-06,4.8667e-06,9.8920e-06,9.8801e-06,8.4100e-06,5.7809e-08,3.1067e-07,7.9244e-07,4.8890e-06,8.5944e-06,9.8015e-06,9.2589e-06
P50,60.00,90.00,30.00,0.00,8.3728e-08,2.7613e-07,9.0425e-07,4.5351e-06,9.3918e-06,9.3810e-06,7.3760e-06,8.1994e-08,2.5088e-07,6.7047e-07,4.5777e-06,8.2178e-06,9.3207e-06,8.3581e-06
P51,60.00,45.00,30.00,0.00,1.0462e-07,2.0456e-07,7.3225e-07,2.2855e-06,6.0854e-06,6.0742e-06,4.9861e-06,1.0011e-07,1.8463e-07,5.4781e-07,2.3017e-06,4.8465e-06,5.9801e-06,5.7219e-06
P51,0.00,0.00,60.00,0.00,4.7121e-08,2.6343e-07,8.4551e-07,2.4502e-06,6.1895e-06,6.1783e-06,5.6500e-06,4.5164e-08,2.4088e-07,6.5199e-07,2.4540e-06,4.9517e-06,6.0781e-06,6.2032e-06
P51,60.00,45.00,0.00,0.00,8.8335e-08,2.0452e-07,7.3198e-07,2.2842e-06,6.0853e-06,6.0741e-06,4.9860e-06,8.4313e-08,1.8462e-07,5.4771e-07,2.3004e-06,4.8463e-06,5.9800e-06,5.7218e-06
P51,0.00,135.00,0.00,0.00,7.5497e-08,2.6350e-07,8.4583e-07,2.4505e-06,6.1895e-06,6.1783e-06,5.6500e-06,7.1928e-08,2.4091e-07,6.5218e-07,2.4543e-06,4.9517e-06,6.0781e-06,6.2032e-06
P51,30.00,135.00,60.00,0.00,4.5269e-08,2.5102e-07,8.2318e-07,2.4209e-06,6.1710e-06,6.1598e-06,5.5242e-06,4.3347e-08,2.2897e-07,6.3116e-07,2.4272e-06,4.9326e-06,6.0606e-06,6.1149e-06
P51,0.00,0.00,30.00,0.00,7.0068e-08,2.6348e-07,8.4574e-07,2.4504e-06,6.1895e-06,6.1783e-06,5.6500e-06,6.6827e-08,2.4090e-07,6.5213e-07,2.4542e-06,4.9517e-06,6.0781e-06,6.2032e-06
P51,30.00,45.00,60.00,0.00,6.2858e-08,2.5106e-07,8.2347e-07,2.4220e-06,6.1711e-06,6.1599e-06,5.5242e-06,6.0304e-08,2.2898e-07,6.3128e-07,2.4283e-06,4.9328e-06,6.0607e-06,6.1150e-06
P51,0.00,45.00,60.00,0.00,4.7121e-08,2.6343e-07,8.4551e-07,2.4502e-06,6.1895e-06,6.1783e-06,5.6500e-06,4.5164e-08,2.4088e-07,6.5199e-07,2.4540e-06,4.9517e-06,6.0781e-06,6.2032e-06
P51,30.00,0.00,30.00,0.00,8.4187e-08,2.5112e-07,8.2373e-07,2.4221e-06,6.1711e-06,6.1599e-06,5.5242e-06,8.0404e-08,2.2900e-07,6.3144e-07,2.4284e-06,4.9328e-06,6.0606e-06,6.1150e-06
P51,0.00,0.00,0.00,0.00,7.5497e-08,2.6350e-07,8.4583e-07,2.4505e-06,6.1895e-06,6.1783e-06,5.6500e-06,7.1928e-08,2.4091e-07,6.5218e-07,2.4543e-06,4.9517e-06,6.0781e-06,6.2032e-06
P51,30.00,45.00,0.00,0.00,7.9947e-08,2.5110e-07,8.2357e-07,2.4215e-06,6.1711e-06,6.1598e-06,5.5242e-06,7.6188e-08,2.2900e-07,6.3137e-07,2.4278e-06,4.9327e-06,6.0606e-06,6.1150e-06
P51,60.00,90.00,30.00,0.00,8.6382e-08,2.0452e-07,7.3196e-07,2.2843e-06,6.0853e-06,6.0741e-06,4.9860e-06,8.2518e-08,1.8462e-07,5.4769e-07,2.3004e-06,4.8463e-06,5.9800e-06,5.7218e-06
P51,0.00,90.00,0.00,0.00,7.5497e-08,2.6350e-07,8.4583e-07,2.4505e-06,6.1895e-06,6.1783e-06,5.6500e-06,7.1928e-08,2.4091e-07,6.5218e-07,2.4543e-06,4.9517e-06,6.0781e-06,6.2032e-06
P51,0.00,180.00,0.00,0.00,7.5497e-08,2.6350e-07,8.4583e-07,2.4505e-06,6.1895e-06,6.1783e-06,5.6500e-06,7.1928e-08,2.4091e-07,6.5218e-07,2.4543e-06,4.9517e-06,6.0781e-06,6.2032e-06
P51,60.00,45.00,60.00,0.00,1.0983e-07,2.0456e-07,7.3233e-07,2.2872e-06,6.0856e-06,6.0744e-06,4.9861e-06,1.0558e-07,1.8462e-07,5.4780e-07,2.3035e-06,4.8468e-06,5.9803e-06,5.7220e-06
P51,0.00,45.00,0.00,0.00,7.5497e-08,2.6350e-07,8.4583e-07,2.4505e-06,6.1895e-06,6.1783e-06,5.6500e-06,7.1928e-08,2.4091e-07,6.5218e-07,2.4543e-06,4.9517e-06,6.0781e-06,6.2032e-06
P51,30.00,0.00,0.00,0.00,7.9947e-08,2.5110e-07,8.2357e-07,2.4215e-06,6.1711e-06,6.1598e-06,5.5242e-06,7.6188e-08,2.2900e-07,6.3137e-07,2.4278e-06,4.9327e-06,6.0606e-06,6.1150e-06
P51,60.00,90.00,60.00,0.00,6.8006e-08,2.0448e-07,7.3175e-07,2.2841e-06,6.0853e-06,6.0741e-06,4.9860e-06,6.5156e-08,1.8460e-07,5.4759e-07,2.3003e-06,4.8463e-06,5.9800e-06,5.7218e-06
P51,60.00,180.00,30.00,0.00,7.0224e-08,2.0448e-07,7.3174e-07,2.2834e-06,6.0852e-06,6.0740e-06,4.9860e-06,6.6969e-08,1.8461e-07,5.4761e-07,2.2995e-06,4.8462e-06,5.9800e-06,5.7218e-06
P51,30.00,90.00,30.00,0.00,7.5316e-08,2.5109e-07,8.2354e-07,2.4216e-06,6.1711e-06,6.1598e-06,5.5242e-06,7.1860e-08,2.2899e-07,6.3135e-07,2.4278e-06,4.9327e-06,6.0606e-06,6.1150e-06
P51,30.00,90.00,60.00,0.00,5.2320e-08,2.5103e-07,8.2329e-07,2.4213e-06,6.1711e-06,6.1598e-06,5.5242e-06,5.0136e-08,2.2897e-07,6.3121e-07,2.4276e-06,4.9327e-06,6.0606e-06,6.1149e-06
P51,30.00,135.00,0.00,0.00,7.9947e-08,2.5110e-07,8.2357e-07,2.4215e-06,6.1711e-06,6.1598e-06,5.5242e-06,7.6188e-08,2.2900e-07,6.3137e-07,2.4278e-06,4.9327e-06,6.0606e-06,6.1150e-06
P51,60.00,180.00,60.00,0.00,4.5453e-08,2.0444e-07,7.3148e-07,2.2826e-06,6.0852e-06,6.0739e-06,4.9860e-06,4.3460e-08,1.8459e-07,5.4749e-07,2.2987e-06,4.8460e-06,5.9799e-06,5.7217e-06
P51,30.00,45.00,30.00,0.00,8.1314e-08,2.5111e-07,8.2366e-07,2.4219e-06,6.1711e-06,6.1598e-06,5.5242e-06,7.7635e-08,2.2900e-07,6.3140e-07,2.4282e-06,4.9328e-06,6.0606e-06,6.1150e-06
P51,0.00,135.00,60.00,0.00,4.7121e-08,2.6343e-07,8.4551e-07,2.4502e-06,6.1895e-06,6.1783e-06,5.6500e-06,4.5164e-08,2.4088e-07,6.5199e-07,2.4540e-06,4.9517e-06,6.0781e-06,6.2032e-06
P51,30.00,90.00,0.00,0.00,7.9947e-08,2.5110e-07,8.2357e-07,2.4215e-06,6.1711e-06,6.1598e-06,5.5242e-06,7.6188e-08,2.2900e-07,6.3137e-07,2.4278e-06,4.9327e-06,6.0606e-06,6.1150e-06
P51,60.00,0.00,60.00,0.00,1.5035e-07,2.0465e-07,7.3301e-07,2.2909e-06,6.0860e-06,6.0747e-06,4.9862e-06,1.4488e-07,1.8465e-07,5.4804e-07,2.3075e-06,4.8475e-06,5.9807e-06,5.7222e-06
P51,0.00,180.00,60.00,0.00,4.7121e-08,2.6343e-07,8.4551e-07,2.4502e-06,6.1895e-06,6.1783e-06,5.6500e-06,4.5164e-08,2.4088e-07,6.5199e-07,2.4540e-06,4.9517e-06,6.0781e-06,6.2032e-06
P51,0.00,90.00,60.00,0.00,4.7121e-08,2.6343e-07,8.4551e-07,2.4502e-06,6.1895e-06,6.1783e-06,5.6500e-06,4.5164e-08,2.4088e-07,6.5199e-07,2.4540e-06,4.9517e-06,6.0781e-06,6.2032e-06
P51,60.00,0.00,0.00,0.00,8.8335e-08,2.0452e-07,7.3198e-07,2.2842e-06,6.0853e-06,6.0741e-06,4.9860e-06,8.4313e-08,1.8462e-07,5.4771e-07,2.3004e-06,4.8463e-06,5.9800e-06,5.7218e-06
P51,30.00,180.00,60.00,0.00,4.2984e-08,2.5101e-07,8.2315e-07,2.4208e-06,6.1710e-06,6.1598e-06,5.5242e-06,4.1150e-08,2.2897e-07,6.3115e-07,2.4271e-06,4.9326e-06,6.0606e-06,6.1149e-06
P51,30.00,135.00,30.00,0.00,7.0304e-08,2.5107e-07,8.2344e-07,2.4213e-06,6.1711e-06,6.1598e-06,5.5242e-06,6.7037e-08,2.2899e-07,6.3130e-07,2.4275e-06,4.9327e-06,6.0606e-06,6.1149e-06
P51,30.00,0.00,60.00,0.00,6.8949e-08,2.5108e-07,8.2357e-07,2.4224e-06,6.1712e-06,6.1599e-06,5.5243e-06,6.6191e-08,2.2898e-07,6.3132e-07,2.4287e-06,4.9329e-06,6.0607e-06,6.1150e-06
P51,0.00,45.00,30.00,0.00,7.0068e-08,2.6348e-07,8.4574e-07,2.4504e-06,6.1895e-06,6.1783e-06,5.6500e-06,6.6827e-08,2.4090e-07,6.5213e-07,2.4542e-06,4.9517e-06,6.0781e-06,6.2032e-06
P51,60.00,135.00,60.00,0.00,5.0183e-08,2.0445e-07,7.3155e-07,2.2831e-06,6.0852e-06,6.0740e-06,4.9860e-06,4.8004e-08,1.8460e-07,5.4752e-07,2.2991e-06,4.8461e-06,5.9799e-06,5.7217e-06
P51,30.00,180.00,30.00,0.00,6.8467e-08,2.5106e-07,8.2339e-07,2.4211e-06,6.1710e-06,6.1598e-06,5.5242e-06,6.5271e-08,2.2898e-07,6.3128e-07,2.4273e-06,4.9326e-06,6.0606e-06,6.1149e-06
P51,30.00,180.00,0.00,0.00,7.9947e-08,2.5110e-07,8.2357e-07,2.4215e-06,6.1711e-06,6.1598e-06,5.5242e-06,7.6188e-08,2.2900e-07,6.3137e-07,2.4278e-06,4.9327e-06,6.0606e-06,6.1150e-06
P51,60.00,180.00,0.00,0.00,8.8335e-08,2.0452e-07,7.3198e-07,2.2842e-06,6.0853e-06,6.0741e-06,4.9860e-06,8.4313e-08,1.8462e-07,5.4771e-07,2.3004e-06,4.8463e-06,5.9800e-06,5.7218e-06
P51,60.00,90.00,0.00,0.00,8.8335e-08,2.0452e-07,7.3198e-07,2.2842e-06,6.0853e-06,6.0741e-06,4.9860e-06,8.4313e-08,1.8462e-07,5.4771e-07,2.3004e-06,4.8463e-06,5.9800e-06,5.7218e-06
P51,0.00,180.00,30.00,0.00,7.0068e-08,2.6348e-07,8.4574e-07,2.4504e-06,6.1895e-06,6.1783e-06,5.6500e-06,6.6827e-08,2.4090e-07,6.5213e-07,2.4542e-06,4.9517e-06,6.0781e-06,6.2032e-06
P51,0.00,135.00,30.00,0.00,7.0068e-08,2.6348e-07,8.4574e-07,2.4504e-06,6.1895e-06,6.1783e-06,5.6500e-06,6.6827e-08,2.4090e-07,6.5213e-07,2.4542e-06,4.9517e-06,6.0781e-06,6.2032e-06
P51,60.00,135.00,30.00,0.00,7.4180e-08,2.0449e-07,7.3178e-07,2.2836e-06,6.0853e-06,6.0740e-06,4.9860e-06,7.0771e-08,1.8461e-07,5.4763e-07,2.2997e-06,4.8462e-06,5.9800e-06,5.7218e-06
P51,60.00,135.00,0.00,0.00,8.8335e-08,2.0452e-07,7.3198e-07,2.2842e-06,6.0853e-06,6.0741e-06,4.9860e-06,8.4313e-08,1.8462e-07,5.4771e-07,2.3004e-06,4.8463e-06,5.9800e-06,5.7218e-06
P51,60.00,0.00,30.00,0.00,1.1516e-07,2.0458e-07,7.3242e-07,2.2861e-06,6.0855e-06,6.0742e-06,4.9861e-06,1.1030e-07,1.8464e-07,5.4788e-07,2.3024e-06,4.8466e-06,5.9802e-06,5.7219e-06
P51,0.00,90.00,30.00,0.00,7.0068e-08,2.6348e-07,8.4574e-07,2.4504e-06,6.1895e-06,6.1783e-06,5.6500e-06,6.6827e-08,2.4090e-07,6.5213e-07,2.4542e-06,4.9517e-06,6.0781e-06,6.2032e-06
P52,30.00,180.00,30.00,0.00,8.4857e-08,3.1315e-07,1.0978e-06,5.1415e-06,1.0551e-05,1.0538e-05,8.3483e-06,8.2694e-08,2.8190e-07,7.9173e-07,5.1721e-06,9.1077e-06,1.0451e-05,9.5001e-06
P52,0.00,45.00,30.00,0.00,8.7502e-08,3.2987e-07,1.1417e-06,5.2036e-06,1.0606e-05,1.0593e-05,8.5744e-06,8.5274e-08,2.9748e-07,8.2606e-07,5.2298e-06,9.1495e-06,1.0503e-05,9.6776e-06
P52,30.00,180.00,0.00,0.00,9.5361e-08,3.1315e-07,1.0978e-06,5.1418e-06,1.0551e-05,1.0538e-05,8.3483e-06,9.2735e-08,2.8190e-07,7.9173e-07,5.1725e-06,9.1077e-06,1.0451e-05,9.5002e-06
P52,30.00,135.00,60.00,0.00,6.3413e-08,3.1314e-07,1.0978e-06,5.1413e-06,1.0551e-05,1.0538e-05,8.3483e-06,6.2320e-08,2.8190e-07,7.9173e-07,5.1719e-06,9.1077e-06,1.0451e-05,9.5001e-06
P52,60.00,0.00,60.00,0.00,1.4762e-07,2.5469e-07,9.3489e-07,4.8566e-06,1.0278e-05,1.0265e-05,7.4231e-06,1.4430e-07,2.2792e-07,6.6375e-07,4.9053e-06,8.8991e-06,1.0197e-05,8.7402e-06
P52,60.00,90.00,60.00,0.00,7.8221e-08,2.5466e-07,9.3489e-07,4.8522e-06,1.0278e-05,1.0265e-05,7.4231e-06,7.6568e-08,2.2792e-07,6.6375e-07,4.9004e-06,8.8982e-06,1.0197e-05,8.7400e-06
P52,60.00,90.00,0.00,0.00,9.7171e-08,2.5467e-07,9.3489e-07,4.8523e-06,1.0278e-05,1.0265e-05,7.4231e-06,9.4536e-08,2.2792e-07,6.6375e-07,4.9006e-06,8.8982e-06,1.0197e-05,8.7400e-06
P52,60.00,45.00,30.00,0.00,1.1091e-07,2.5467e-07,9.3489e-07,4.8532e-06,1.0278e-05,1.0265e-05,7.4231e-06,1.0798e-07,2.2792e-07,6.6375e-07,4.9015e-06,8.8984e-06,1.0197e-05,8.7400e-06
P52,30.00,45.00,30.00,0.00,9.6316e-08,3.1315e-07,1.0978e-06,5.1421e-06,1.0551e-05,1.0538e-05,8.3483e-06,9.3788e-08,2.8190e-07,7.9173e-07,5.1728e-06,9.1078e-06,1.0451e-05,9.5002e-06
P52,0.00,90.00,30.00,0.00,8.7502e-08,3.2987e-07,1.1417e-06,5.2036e-06,1.0606e-05,1.0593e-05,8.5744e-06,8.5274e-08,2.9748e-07,8.2606e-07,5.2298e-06,9.1495e-06,1.0503e-05,9.6776e-06
P52,30.00,0.00,30.00,0.00,9.8879e-08,3.1315e-07,1.0978e-06,5.1422e-06,1.0551e-05,1.0538e-05,8.3483e-06,9.6273e-08,2.8190e-07,7.9173e-07,5.1729e-06,9.1078e-06,1.0451e-05,9.5002e-06
P52,0.00,180.00,60.00,0.00,6.6094e-08,3.2986e-07,1.1417e-06,5.2034e-06,1.0606e-05,1.0593e-05,8.5744e-06,6.4963e-08,2.9748e-07,8.2606e-07,5.2295e-06,9.1495e-06,1.0503e-05,9.6776e-06
P52,60.00,180.00,30.00,0.00,8.1294e-08,2.5466e-07,9.3489e-07,4.8517e-06,1.0278e-05,1.0265e-05,7.4231e-06,7.9227e-08,2.2792e-07,6.6375e-07,4.8999e-06,8.8981e-06,1.0196e-05,8.7400e-06
P52,0.00,180.00,30.00,0.00,8.7502e-08,3.2987e-07,1.1417e-06,5.2036e-06,1.0606e-05,1.0593e-05,8.5744e-06,8.5274e-08,2.9748e-07,8.2606e-07,5.2298e-06,9.1495e-06,1.0503e-05,9.6776e-06
P52,60.00,45.00,60.00,0.00,1.1345e-07,2.5467e-07,9.3489e-07,4.8542e-06,1.0278e-05,1.0265e-05,7.4231e-06,1.1089e-07,2.2792e-07,6.6375e-07,4.9026e-06,8.8986e-06,1.0197e-05,8.7401e-06
P52,60.00,90.00,30.00,0.00,9.5206e-08,2.5467e-07,9.3489e-07,4.8523e-06,1.0278e-05,1.0265e-05,7.4231e-06,9.2715e-08,2.2792e-07,6.6375e-07,4.9006e-06,8.8982e-06,1.0197e-05,8.7400e-06
P52,30.00,45.00,0.00,0.00,9.5361e-08,3.1315e-07,1.0978e-06,5.1418e-06,1.0551e-05,1.0538e-05,8.3483e-06,9.2735e-08,2.8190e-07,7.9173e-07,5.1725e-06,9.1077e-06,1.0451e-05,9.5002e-06
P52,30.00,0.00,0.00,0.00,9.5361e-08,3.1315e-07,1.0978e-06,5.1418e-06,1.0551e-05,1.0538e-05,8.3483e-06,9.2735e-08,2.8190e-07,7.9173e-07,5.1725e-06,9.1077e-06,1.0451e-05,9.5002e-06
P52,60.00,0.00,0.00,0.00,9.7171e-08,2.5467e-07,9.3489e-07,4.8523e-06,1.0278e-05,1.0265e-05,7.4231e-06,9.4536e-08,2.2792e-07,6.6375e-07,4.9006e-06,8.8982e-06,1.0197e-05,8.7400e-06
P52,0.00,90.00,60.00,0.00,6.6094e-08,3.2986e-07,1.1417e-06,5.2034e-06,1.0606e-05,1.0593e-05,8.5744e-06,6.4963e-08,2.9748e-07,8.2606e-07,5.2295e-06,9.1495e-06,1.0503e-05,9.6776e-06
P52,0.00,135.00,30.00,0.00,8.7502e-08,3.2987e-07,1.1417e-06,5.2036e-06,1.0606e-05,1.0593e-05,8.5744e-06,8.5274e-08,2.9748e-07,8.2606e-07,5.2298e-06,9.1495e-06,1.0503e-05,9.6776e-06
P52,0.00,0.00,30.00,0.00,8.7502e-08,3.2987e-07,1.1417e-06,5.2036e-06,1.0606e-05,1.0593e-05,8.5744e-06,8.5274e-08,2.9748e-07,8.2606e-07,5.2298e-06,9.1495e-06,1.0503e-05,9.6776e-06
P52,0.00,90.00,0.00,0.00,9.2625e-08,3.2987e-07,1.1417e-06,5.2037e-06,1.0606e-05,1.0593e-05,8.5744e-06,9.0109e-08,2.9748e-07,8.2606e-07,5.2299e-06,9.1495e-06,1.0503e-05,9.6776e-06
P52,0.00,45.00,60.00,0.00,6.6094e-08,3.2986e-07,1.1417e-06,5.2034e-06,1.0606e-05,1.0593e-05,8.5744e-06,6.4963e-08,2.9748e-07,8.2606e-07,5.2295e-06,9.1495e-06,1.0503e-05,9.6776e-06
P52,30.00,90.00,60.00,0.00,6.9542e-08,3.1314e-07,1.0978e-06,5.1416e-06,1.0551e-05,1.0538e-05,8.3483e-06,6.8262e-08,2.8190e-07,7.9173e-07,5.1722e-06,9.1077e-06,1.0451e-05,9.5001e-06
P52,60.00,135.00,0.00,0.00,9.7171e-08,2.5467e-07,9.3489e-07,4.8523e-06,1.0278e-05,1.0265e-05,7.4231e-06,9.4536e-08,2.2792e-07,6.6375e-07,4.9006e-06,8.8982e-06,1.0197e-05,8.7400e-06
P52,60.00,0.00,30.00,0.00,1.1999e-07,2.5468e-07,9.3489e-07,4.8536e-06,1.0278e-05,1.0265e-05,7.4231e-06,1.1682e-07,2.2792e-07,6.6375e-07,4.9020e-06,8.8984e-06,1.0197e-05,8.7401e-06
P52,0.00,0.00,0.00,0.00,9.2625e-08,3.2987e-07,1.1417e-06,5.2037e-06,1.0606e-05,1.0593e-05,8.5744e-06,9.0109e-08,2.9748e-07,8.2606e-07,5.2299e-06,9.1495e-06,1.0503e-05,9.6776e-06
P52,60.00,45.00,0.00,0.00,9.7171e-08,2.5467e-07,9.3489e-07,4.8523e-06,1.0278e-05,1.0265e-05,7.4231e-06,9.4536e-08,2.2792e-07,6.6375e-07,4.9006e-06,8.8982e-06,1.0197e-05,8.7400e-06
P52,30.00,135.00,30.00,0.00,8.6495e-08,3.1315e-07,1.0978e-06,5.1416e-06,1.0551e-05,1.0538e-05,8.3483e-06,8.4278e-08,2.8190e-07,7.9173e-07,5.1723e-06,9.1077e-06,1.0451e-05,9.5001e-06
P52,30.00,180.00,60.00,0.00,6.1427e-08,3.1314e-07,1.0978e-06,5.1413e-06,1.0551e-05,1.0538e-05,8.3483e-06,6.0397e-08,2.8190e-07,7.9173e-07,5.1719e-06,9.1077e-06,1.0451e-05,9.5001e-06
P52,60.00,180.00,0.00,0.00,9.7171e-08,2.5467e-07,9.3489e-07,4.8523e-06,1.0278e-05,1.0265e-05,7.4231e-06,9.4536e-08,2.2792e-07,6.6375e-07,4.9006e-06,8.8982e-06,1.0197e-05,8.7400e-06
P52,30.00,0.00,60.00,0.00,8.4002e-08,3.1315e-07,1.0978e-06,5.1424e-06,1.0551e-05,1.0538e-05,8.3483e-06,8.2318e-08,2.8190e-07,7.9173e-07,5.1731e-06,9.1079e-06,1.0451e-05,9.5002e-06
P52,0.00,135.00,0.00,0.00,9.2625e-08,3.2987e-07,1.1417e-06,5.2037e-06,1.0606e-05,1.0593e-05,8.5744e-06,9.0109e-08,2.9748e-07,8.2606e-07,5.2299e-06,9.1495e-06,1.0503e-05,9.6776e-06
P52,0.00,180.00,0.00,0.00,9.2625e-08,3.2987e-07,1.1417e-06,5.2037e-06,1.0606e-05,1.0593e-05,8.5744e-06,9.0109e-08,2.9748e-07,8.2606e-07,5.2299e-06,9.1495e-06,1.0503e-05,9.6776e-06
P52,60.00,135.00,60.00,0.00,6.3222e-08,2.5465e-07,9.3489e-07,4.8515e-06,1.0277e-05,1.0265e-05,7.4231e-06,6.2013e-08,2.2792e-07,6.6375e-07,4.8996e-06,8.8981e-06,1.0196e-05,8.7400e-06
P52,30.00,90.00,0.00,0.00,9.5361e-08,3.1315e-07,1.0978e-06,5.1418e-06,1.0551e-05,1.0538e-05,8.3483e-06,9.2735e-08,2.8190e-07,7.9173e-07,5.1725e-06,9.1077e-06,1.0451e-05,9.5002e-06
P52,30.00,135.00,0.00,0.00,9.5361e-08,3.1315e-07,1.0978e-06,5.1418e-06,1.0551e-05,1.0538e-05,8.3483e-06,9.2735e-08,2.8190e-07,7.9173e-07,5.1725e-06,9.1077e-06,1.0451e-05,9.5002e-06
P52,30.00,45.00,60.00,0.00,7.8705e-08,3.1314e-07,1.0978e-06,5.1421e-06,1.0551e-05,1.0538e-05,8.3483e-06,7.7164e-08,2.8190e-07,7.9173e-07,5.1728e-06,9.1078e-06,1.0451e-05,9.5002e-06
P52,0.00,0.00,60.00,0.00,6.6094e-08,3.2986e-07,1.1417e-06,5.2034e-06,1.0606e-05,1.0593e-05,8.5744e-06,6.4963e-08,2.9748e-07,8.2606e-07,5.2295e-06,9.1495e-06,1.0503e-05,9.6776e-06
P52,30.00,90.00,30.00,0.00,9.0966e-08,3.1315e-07,1.0978e-06,5.1419e-06,1.0551e-05,1.0538e-05,8.3483e-06,8.8605e-08,2.8190e-07,7.9173e-07,5.1725e-06,9.1078e-06,1.0451e-05,9.5002e-06
P52,60.00,180.00,60.00,0.00,5.9245e-08,2.5465e-07,9.3489e-07,4.8512e-06,1.0277e-05,1.0265e-05,7.4231e-06,5.8160e-08,2.2792e-07,6.6375e-07,4.8993e-06,8.8980e-06,1.0196e-05,8.7400e-06
P52,60.00,135.00,30.00,0.00,8.4699e-08,2.5466e-07,9.3489e-07,4.8519e-06,1.0278e-05,1.0265e-05,7.4231e-06,8.2524e-08,2.2792e-07,6.6375e-07,4.9001e-06,8.8981e-06,1.0196e-05,8.7400e-06
P52,0.00,135.00,60.00,0.00,6.6094e-08,3.2986e-07,1.1417e-06,5.2034e-06,1.0606e-05,1.0593e-05,8.5744e-06,6.4963e-08,2.9748e-07,8.2606e-07,5.2295e-06,9.1495e-06,1.0503e-05,9.6776e-06
P52,0.00,45.00,0.00,0.00,9.2625e-08,3.2987e-07,1.1417e-06,5.2037e-06,1.0606e-05,1.0593e-05,8.5744e-06,9.0109e-08,2.9748e-07,8.2606e-07,5.2299e-06,9.1495e-06,1.0503e-05,9.6776e-06
P53,60.00,90.00,0.00,0.00,8.8492e-08,2.5287e-07,7.8125e-07,2.5163e-06,6.5019e-06,6.4903e-06,5.4597e-06,8.4561e-08,2.3260e-07,5.9461e-07,2.5318e-06,5.2295e-06,6.3973e-06,6.1155e-06
P53,0.00,90.00,30.00,0.00,7.0860e-08,2.9951e-07,9.0062e-07,2.7058e-06,6.6337e-06,6.6221e-06,6.0847e-06,6.7681e-08,2.7609e-07,6.9456e-07,2.7096e-06,5.3600e-06,6.5217e-06,6.6012e-06
P53,60.00,90.00,30.00,0.00,8.6538e-08,2.5287e-07,7.8124e-07,2.5164e-06,6.5019e-06,6.4903e-06,5.4597e-06,8.2764e-08,2.3260e-07,5.9460e-07,2.5318e-06,5.2295e-06,6.3973e-06,6.1155e-06
P53,0.00,135.00,60.00,0.00,4.8027e-08,2.9948e-07,9.0048e-07,2.7056e-06,6.6337e-06,6.6221e-06,6.0847e-06,4.6120e-08,2.7608e-07,6.9450e-07,2.7094e-06,5.3600e-06,6.5217e-06,6.6012e-06
P53,30.00,135.00,0.00,0.00,8.0595e-08,2.8924e-07,8.7646e-07,2.6723e-06,6.6096e-06,6.5980e-06,5.9626e-06,7.6906e-08,2.6644e-07,6.7368e-07,2.6786e-06,5.3364e-06,6.4989e-06,6.5096e-06
P53,0.00,135.00,30.00,0.00,7.0860e-08,2.9951e-07,9.0062e-07,2.7058e-06,6.6337e-06,6.6221e-06,6.0847e-06,6.7681e-08,2.7609e-07,6.9456e-07,2.7096e-06,5.3600e-06,6.5217e-06,6.6012e-06
P53,0.00,45.00,30.00,0.00,7.0860e-08,2.9951e-07,9.0062e-07,2.7058e-06,6.6337e-06,6.6221e-06,6.0847e-06,6.7681e-08,2.7609e-07,6.9456e-07,2.7096e-06,5.3600e-06,6.5217e-06,6.6012e-06
P53,60.00,0.00,60.00,0.00,1.4962e-07,2.5295e-07,7.8163e-07,2.5228e-06,6.5026e-06,6.4910e-06,5.4599e-06,1.4429e-07,2.3261e-07,5.9468e-07,2.5387e-06,5.2307e-06,6.3980e-06,6.1158e-06
P53,60.00,45.00,30.00,0.00,1.0458e-07,2.5289e-07,7.8137e-07,2.5175e-06,6.5020e-06,6.4904e-06,5.4598e-06,1.0018e-07,2.3260e-07,5.9463e-07,2.5331e-06,5.2297e-06,6.3974e-06,6.1156e-06
P53,0.00,180.00,0.00,0.00,7.6268e-08,2.9952e-07,9.0067e-07,2.7059e-06,6.6337e-06,6.6221e-06,6.0847e-06,7.2762e-08,2.7609e-07,6.9458e-07,2.7097e-06,5.3600e-06,6.5217e-06,6.6012e-06
P53,0.00,0.00,0.00,0.00,7.6268e-08,2.9952e-07,9.0067e-07,2.7059e-06,6.6337e-06,6.6221e-06,6.0847e-06,7.2762e-08,2.7609e-07,6.9458e-07,2.7097e-06,5.3600e-06,6.5217e-06,6.6012e-06
P53,60.00,135.00,0.00,0.00,8.8492e-08,2.5287e-07,7.8125e-07,2.5163e-06,6.5019e-06,6.4903e-06,5.4597e-06,8.4561e-08,2.3260e-07,5.9461e-07,2.5318e-06,5.2295e-06,6.3973e-06,6.1155e-06
P53,0.00,45.00,60.00,0.00,4.8027e-08,2.9948e-07,9.0048e-07,2.7056e-06,6.6337e-06,6.6221e-06,6.0847e-06,4.6120e-08,2.7608e-07,6.9450e-07,2.7094e-06,5.3600e-06,6.5217e-06,6.6012e-06
P53,30.00,90.00,30.00,0.00,7.5982e-08,2.8924e-07,8.7645e-07,2.6724e-06,6.6096e-06,6.5981e-06,5.9626e-06,7.2592e-08,2.6644e-07,6.7367e-07,2.6786e-06,5.3364e-06,6.4989e-06,6.5096e-06
P53,30.00,180.00,0.00,0.00,8.0595e-08,2.8924e-07,8.7646e-07,2.6723e-06,6.6096e-06,6.5980e-06,5.9626e-06,7.6906e-08,2.6644e-07,6.7368e-07,2.6786e-06,5.3364e-06,6.4989e-06,6.5096e-06
P53,0.00,180.00,30.00,0.00,7.0860e-08,2.9951e-07,9.0062e-07,2.7058e-06,6.6337e-06,6.6221e-06,6.0847e-06,6.7681e-08,2.7609e-07,6.9456e-07,2.7096e-06,5.3600e-06,6.5217e-06,6.6012e-06
P53,0.00,0.00,60.00,0.00,4.8027e-08,2.9948e-07,9.0048e-07,2.7056e-06,6.6337e-06,6.6221e-06,6.0847e-06,4.6120e-08,2.7608e-07,6.9450e-07,2.7094e-06,5.3600e-06,6.5217e-06,6.6012e-06
P53,60.00,90.00,60.00,0.00,6.8264e-08,2.5285e-07,7.8113e-07,2.5162e-06,6.5019e-06,6.4903e-06,5.4597e-06,6.5494e-08,2.3259e-07,5.9456e-07,2.5317e-06,5.2295e-06,6.3973e-06,6.1155e-06
P53,60.00,0.00,0.00,0.00,8.8492e-08,2.5287e-07,7.8125e-07,2.5163e-06,6.5019e-06,6.4903e-06,5.4597e-06,8.4561e-08,2.3260e-07,5.9461e-07,2.5318e-06,5.2295e-06,6.3973e-06,6.1155e-06
P53,30.00,180.00,60.00,0.00,4.3854e-08,2.8920e-07,8.7624e-07,2.6716e-06,6.6096e-06,6.5980e-06,5.9626e-06,4.2069e-08,2.6643e-07,6.7359e-07,2.6779e-06,5.3363e-06,6.4988e-06,6.5095e-06
P53,60.00,45.00,0.00,0.00,8.8492e-08,2.5287e-07,7.8125e-07,2.5163e-06,6.5019e-06,6.4903e-06,5.4597e-06,8.4561e-08,2.3260e-07,5.9461e-07,2.5318e-06,5.2295e-06,6.3973e-06,6.1155e-06
P53,60.00,135.00,60.00,0.00,5.0658e-08,2.5283e-07,7.8105e-07,2.5152e-06,6.5018e-06,6.4902e-06,5.4597e-06,4.8542e-08,2.3259e-07,5.9454e-07,2.5306e-06,5.2293e-06,6.3972e-06,6.1154e-06
P53,0.00,180.00,60.00,0.00,4.8027e-08,2.9948e-07,9.0048e-07,2.7056e-06,6.6337e-06,6.6221e-06,6.0847e-06,4.6120e-08,2.7608e-07,6.9450e-07,2.7094e-06,5.3600e-06,6.5217e-06,6.6012e-06
P53,30.00,90.00,0.00,0.00,8.0595e-08,2.8924e-07,8.7646e-07,2.6723e-06,6.6096e-06,6.5980e-06,5.9626e-06,7.6906e-08,2.6644e-07,6.7368e-07,2.6786e-06,5.3364e-06,6.4989e-06,6.5096e-06
P53,30.00,45.00,0.00,0.00,8.0595e-08,2.8924e-07,8.7646e-07,2.6723e-06,6.6096e-06,6.5980e-06,5.9626e-06,7.6906e-08,2.6644e-07,6.7368e-07,2.6786e-06,5.3364e-06,6.4989e-06,6.5096e-06
P53,30.00,135.00,60.00,0.00,4.6117e-08,2.8920e-07,8.7625e-07,2.6717e-06,6.6096e-06,6.5980e-06,5.9626e-06,4.4245e-08,2.6643e-07,6.7359e-07,2.6780e-06,5.3363e-06,6.4988e-06,6.5096e-06
P53,60.00,180.00,0.00,0.00,8.8492e-08,2.5287e-07,7.8125e-07,2.5163e-06,6.5019e-06,6.4903e-06,5.4597e-06,8.4561e-08,2.3260e-07,5.9461e-07,2.5318e-06,5.2295e-06,6.3973e-06,6.1155e-06
P53,60.00,45.00,60.00,0.00,1.0959e-07,2.5290e-07,7.8136e-07,2.5192e-06,6.5022e-06,6.4906e-06,5.4598e-06,1.0544e-07,2.3260e-07,5.9461e-07,2.5349e-06,5.2300e-06,6.3976e-06,6.1157e-06
P53,30.00,0.00,60.00,0.00,6.9577e-08,2.8923e-07,8.7643e-07,2.6732e-06,6.6097e-06,6.5981e-06,5.9627e-06,6.6884e-08,2.6643e-07,6.7364e-07,2.6795e-06,5.3365e-06,6.4990e-06,6.5096e-06
P53,60.00,180.00,30.00,0.00,7.0549e-08,2.5285e-07,7.8115e-07,2.5155e-06,6.5018e-06,6.4902e-06,5.4597e-06,6.7371e-08,2.3260e-07,5.9457e-07,2.5309e-06,5.2294e-06,6.3972e-06,6.1155e-06
P53,30.00,0.00,30.00,0.00,8.4785e-08,2.8925e-07,8.7654e-07,2.6729e-06,6.6097e-06,6.5981e-06,5.9627e-06,8.1074e-08,2.6644e-07,6.7370e-07,2.6792e-06,5.3365e-06,6.4989e-06,6.5096e-06
P53,30.00,45.00,30.00,0.00,8.1935e-08,2.8925e-07,8.7650e-07,2.6727e-06,6.6097e-06,6.5981e-06,5.9626e-06,7.8325e-08,2.6644e-07,6.7368e-07,2.6790e-06,5.3364e-06,6.4989e-06,6.5096e-06
P53,0.00,135.00,0.00,0.00,7.6268e-08,2.9952e-07,9.0067e-07,2.7059e-06,6.6337e-06,6.6221e-06,6.0847e-06,7.2762e-08,2.7609e-07,6.9458e-07,2.7097e-06,5.3600e-06,6.5217e-06,6.6012e-06
P53,0.00,90.00,60.00,0.00,4.8027e-08,2.9948e-07,9.0048e-07,2.7056e-06,6.6337e-06,6.6221e-06,6.0847e-06,4.6120e-08,2.7608e-07,6.9450e-07,2.7094e-06,5.3600e-06,6.5217e-06,6.6012e-06
P53,60.00,135.00,30.00,0.00,7.4462e-08,2.5285e-07,7.8117e-07,2.5157e-06,6.5018e-06,6.4902e-06,5.4597e-06,7.1135e-08,2.3260e-07,5.9458e-07,2.5311e-06,5.2294e-06,6.3972e-06,6.1155e-06
P53,30.00,135.00,30.00,0.00,7.1008e-08,2.8923e-07,8.7640e-07,2.6721e-06,6.6096e-06,6.5980e-06,5.9626e-06,6.7805e-08,2.6644e-07,6.7365e-07,2.6783e-06,5.3363e-06,6.4989e-06,6.5096e-06
P53,0.00,90.00,0.00,0.00,7.6268e-08,2.9952e-07,9.0067e-07,2.7059e-06,6.6337e-06,6.6221e-06,6.0847e-06,7.2762e-08,2.7609e-07,6.9458e-07,2.7097e-06,5.3600e-06,6.5217e-06,6.6012e-06
P53,30.00,45.00,60.00,0.00,6.3543e-08,2.8922e-07,8.7638e-07,2.6728e-06,6.6097e-06,6.5981e-06,5.9626e-06,6.1050e-08,2.6643e-07,6.7363e-07,2.6791e-06,5.3365e-06,6.4989e-06,6.5096e-06
P53,60.00,0.00,30.00,0.00,1.1501e-07,2.5291e-07,7.8144e-07,2.5182e-06,6.5021e-06,6.4905e-06,5.4598e-06,1.1027e-07,2.3261e-07,5.9465e-07,2.5338e-06,5.2298e-06,6.3975e-06,6.1156e-06
P53,30.00,180.00,30.00,0.00,6.9185e-08,2.8923e-07,8.7637e-07,2.6719e-06,6.6096e-06,6.5980e-06,5.9626e-06,6.6052e-08,2.6643e-07,6.7364e-07,2.6781e-06,5.3363e-06,6.4988e-06,6.5096e-06
P53,30.00,90.00,60.00,0.00,5.3103e-08,2.8921e-07,8.7630e-07,2.6721e-06,6.6096e-06,6.5980e-06,5.9626e-06,5.0973e-08,2.6643e-07,6.7361e-07,2.6784e-06,5.3364e-06,6.4989e-06,6.5096e-06
P53,0.00,45.00,0.00,0.00,7.6268e-08,2.9952e-07,9.0067e-07,2.7059e-06,6.6337e-06,6.6221e-06,6.0847e-06,7.2762e-08,2.7609e-07,6.9458e-07,2.7097e-06,5.3600e-06,6.5217e-06,6.6012e-06
P53,0.00,0.00,30.00,0.00,7.0860e-08,2.9951e-07,9.0062e-07,2.7058e-06,6.6337e-06,6.6221e-06,6.0847e-06,6.7681e-08,2.7609e-07,6.9456e-07,2.7096e-06,5.3600e-06,6.5217e-06,6.6012e-06
P53,30.00,0.00,0.00,0.00,8.0595e-08,2.8924e-07,8.7646e-07,2.6723e-06,6.6096e-06,6.5980e-06,5.9626e-06,7.6906e-08,2.6644e-07,6.7368e-07,2.6786e-06,5.3364e-06,6.4989e-06,6.5096e-06
P53,60.00,180.00,60.00,0.00,4.5986e-08,2.5282e-07,7.8103e-07,2.5148e-06,6.5018e-06,6.4902e-06,5.4597e-06,4.4051e-08,2.3259e-07,5.9454e-07,2.5301e-06,5.2292e-06,6.3972e-06,6.1154e-06
P54,60.00,0.00,60.00,0.00,1.4902e-07,1.7459e-07,6.0657e-07,1.9046e-06,5.2783e-06,5.2678e-06,4.6334e-06,1.4352e-07,1.5822e-07,4.5801e-07,1.9032e-06,4.1296e-06,5.1773e-06,5.1975e-06
P54,0.00,0.00,60.00,0.00,4.5252e-08,2.1785e-07,6.8700e-07,2.0148e-06,5.3524e-06,5.3420e-06,5.1484e-06,4.3264e-08,1.9967e-07,5.3353e-07,2.0051e-06,4.2021e-06,5.2467e-06,5.5566e-06
P54,30.00,45.00,60.00,0.00,6.1088e-08,2.0879e-07,6.7156e-07,1.9959e-06,5.3402e-06,5.3298e-06,5.0520e-06,5.8503e-08,1.9094e-07,5.1872e-07,1.9879e-06,4.1901e-06,5.2352e-06,5.4916e-06
P54,60.00,180.00,60.00,0.00,4.3949e-08,1.7438e-07,6.0507e-07,1.8961e-06,5.2775e-06,5.2670e-06,4.6332e-06,4.1929e-08,1.5817e-07,4.5749e-07,1.8942e-06,4.1281e-06,5.1764e-06,5.1970e-06
P54,30.00,180.00,30.00,0.00,6.6672e-08,2.0880e-07,6.7148e-07,1.9950e-06,5.3402e-06,5.3297e-06,5.0520e-06,6.3444e-08,1.9094e-07,5.1872e-07,1.9869e-06,4.1899e-06,5.2351e-06,5.4916e-06
P54,60.00,135.00,30.00,0.00,7.2667e-08,1.7443e-07,6.0537e-07,1.8971e-06,5.2775e-06,5.2671e-06,4.6333e-06,6.9231e-08,1.5819e-07,4.5762e-07,1.8952e-06,4.1282e-06,5.1765e-06,5.1971e-06
P54,0.00,90.00,0.00,0.00,7.3619e-08,2.1791e-07,6.8732e-07,2.0151e-06,5.3525e-06,5.3420e-06,5.1484e-06,7.0018e-08,1.9969e-07,5.3371e-07,2.0054e-06,4.2021e-06,5.2467e-06,5.5566e-06
P54,0.00,90.00,60.00,0.00,4.5252e-08,2.1785e-07,6.8700e-07,2.0148e-06,5.3524e-06,5.3420e-06,5.1484e-06,4.3264e-08,1.9967e-07,5.3353e-07,2.0051e-06,4.2021e-06,5.2467e-06,5.5566e-06
P54,60.00,90.00,60.00,0.00,6.6536e-08,1.7442e-07,6.0533e-07,1.8977e-06,5.2776e-06,5.2671e-06,4.6333e-06,6.3658e-08,1.5818e-07,4.5758e-07,1.8958e-06,4.1283e-06,5.1766e-06,5.1971e-06
P54,30.00,90.00,30.00,0.00,7.3526e-08,2.0882e-07,6.7164e-07,1.9955e-06,5.3402e-06,5.3297e-06,5.0520e-06,7.0038e-08,1.9095e-07,5.1879e-07,1.9874e-06,4.1899e-06,5.2351e-06,5.4916e-06
P54,60.00,90.00,0.00,0.00,8.6822e-08,1.7446e-07,6.0556e-07,1.8977e-06,5.2776e-06,5.2671e-06,4.6333e-06,8.2772e-08,1.5819e-07,4.5770e-07,1.8958e-06,4.1283e-06,5.1766e-06,5.1971e-06
P54,60.00,90.00,30.00,0.00,8.4879e-08,1.7446e-07,6.0554e-07,1.8978e-06,5.2776e-06,5.2671e-06,4.6333e-06,8.0987e-08,1.5819e-07,4.5768e-07,1.8959e-06,4.1283e-06,5.1766e-06,5.1971e-06
P54,60.00,45.00,30.00,0.00,1.0313e-07,1.7450e-07,6.0583e-07,1.8990e-06,5.2777e-06,5.2672e-06,4.6333e-06,9.8594e-08,1.5820e-07,4.5780e-07,1.8972e-06,4.1285e-06,5.1767e-06,5.1972e-06
P54,30.00,90.00,0.00,0.00,7.8153e-08,2.0883e-07,6.7166e-07,1.9954e-06,5.3402e-06,5.3297e-06,5.0520e-06,7.4363e-08,1.9096e-07,5.1881e-07,1.9873e-06,4.1899e-06,5.2351e-06,5.4916e-06
P54,60.00,45.00,0.00,0.00,8.6822e-08,1.7446e-07,6.0556e-07,1.8977e-06,5.2776e-06,5.2671e-06,4.6333e-06,8.2772e-08,1.5819e-07,4.5770e-07,1.8958e-06,4.1283e-06,5.1766e-06,5.1971e-06
P54,30.00,45.00,0.00,0.00,7.8153e-08,2.0883e-07,6.7166e-07,1.9954e-06,5.3402e-06,5.3297e-06,5.0520e-06,7.4363e-08,1.9096e-07,5.1881e-07,1.9873e-06,4.1899e-06,5.2351e-06,5.4916e-06
P54,0.00,135.00,30.00,0.00,6.8193e-08,2.1790e-07,6.8724e-07,2.0150e-06,5.3524e-06,5.3420e-06,5.1484e-06,6.4920e-08,1.9969e-07,5.3366e-07,2.0053e-06,4.2021e-06,5.2467e-06,5.5566e-06
P54,60.00,180.00,0.00,0.00,8.6822e-08,1.7446e-07,6.0556e-07,1.8977e-06,5.2776e-06,5.2671e-06,4.6333e-06,8.2772e-08,1.5819e-07,4.5770e-07,1.8958e-06,4.1283e-06,5.1766e-06,5.1971e-06
P54,30.00,0.00,0.00,0.00,7.8153e-08,2.0883e-07,6.7166e-07,1.9954e-06,5.3402e-06,5.3297e-06,5.0520e-06,7.4363e-08,1.9096e-07,5.1881e-07,1.9873e-06,4.1899e-06,5.2351e-06,5.4916e-06
P54,60.00,135.00,60.00,0.00,4.8686e-08,1.7439e-07,6.0513e-07,1.8966e-06,5.2775e-06,5.2670e-06,4.6332e-06,4.6479e-08,1.5817e-07,4.5752e-07,1.8946e-06,4.1281e-06,5.1765e-06,5.1970e-06
P54,0.00,180.00,60.00,0.00,4.5252e-08,2.1785e-07,6.8700e-07,2.0148e-06,5.3524e-06,5.3420e-06,5.1484e-06,4.3264e-08,1.9967e-07,5.3353e-07,2.0051e-06,4.2021e-06,5.2467e-06,5.5566e-06
P54,0.00,45.00,30.00,0.00,6.8193e-08,2.1790e-07,6.8724e-07,2.0150e-06,5.3524e-06,5.3420e-06,5.1484e-06,6.4920e-08,1.9969e-07,5.3366e-07,2.0053e-06,4.2021e-06,5.2467e-06,5.5566e-06
P54,30.00,180.00,60.00,0.00,4.1191e-08,2.0875e-07,6.7125e-07,1.9947e-06,5.3401e-06,5.3297e-06,5.0519e-06,3.9327e-08,1.9093e-07,5.1860e-07,1.9866e-06,4.1899e-06,5.2351e-06,5.4915e-06
P54,60.00,135.00,0.00,0.00,8.6822e-08,1.7446e-07,6.0556e-07,1.8977e-06,5.2776e-06,5.2671e-06,4.6333e-06,8.2772e-08,1.5819e-07,4.5770e-07,1.8958e-06,4.1283e-06,5.1766e-06,5.1971e-06
P54,30.00,180.00,0.00,0.00,7.8153e-08,2.0883e-07,6.7166e-07,1.9954e-06,5.3402e-06,5.3297e-06,5.0520e-06,7.4363e-08,1.9096e-07,5.1881e-07,1.9873e-06,4.1899e-06,5.2351e-06,5.4916e-06
P54,30.00,45.00,30.00,0.00,7.9529e-08,2.0884e-07,6.7175e-07,1.9958e-06,5.3402e-06,5.3297e-06,5.0520e-06,7.5818e-08,1.9096e-07,5.1884e-07,1.9877e-06,4.1900e-06,5.2352e-06,5.4916e-06
P54,0.00,180.00,0.00,0.00,7.3619e-08,2.1791e-07,6.8732e-07,2.0151e-06,5.3525e-06,5.3420e-06,5.1484e-06,7.0018e-08,1.9969e-07,5.3371e-07,2.0054e-06,4.2021e-06,5.2467e-06,5.5566e-06
P54,0.00,180.00,30.00,0.00,6.8193e-08,2.1790e-07,6.8724e-07,2.0150e-06,5.3524e-06,5.3420e-06,5.1484e-06,6.4920e-08,1.9969e-07,5.3366e-07,2.0053e-06,4.2021e-06,5.2467e-06,5.5566e-06
P54,30.00,90.00,60.00,0.00,5.0538e-08,2.0877e-07,6.7138e-07,1.9952e-06,5.3402e-06,5.3297e-06,5.0520e-06,4.8323e-08,1.9093e-07,5.1865e-07,1.9871e-06,4.1899e-06,5.2351e-06,5.4916e-06
P54,60.00,0.00,0.00,0.00,8.6822e-08,1.7446e-07,6.0556e-07,1.8977e-06,5.2776e-06,5.2671e-06,4.6333e-06,8.2772e-08,1.5819e-07,4.5770e-07,1.8958e-06,4.1283e-06,5.1766e-06,5.1971e-06
P54,60.00,0.00,30.00,0.00,1.1368e-07,1.7452e-07,6.0599e-07,1.8997e-06,5.2778e-06,5.2673e-06,4.6333e-06,1.0879e-07,1.5821e-07,4.5786e-07,1.8979e-06,4.1286e-06,5.1768e-06,5.1972e-06
P54,30.00,135.00,60.00,0.00,4.3478e-08,2.0875e-07,6.7128e-07,1.9948e-06,5.3401e-06,5.3297e-06,5.0519e-06,4.1526e-08,1.9093e-07,5.1861e-07,1.9867e-06,4.1899e-06,5.2351e-06,5.4915e-06
P54,0.00,45.00,0.00,0.00,7.3619e-08,2.1791e-07,6.8732e-07,2.0151e-06,5.3525e-06,5.3420e-06,5.1484e-06,7.0018e-08,1.9969e-07,5.3371e-07,2.0054e-06,4.2021e-06,5.2467e-06,5.5566e-06
P54,0.00,0.00,0.00,0.00,7.3619e-08,2.1791e-07,6.8732e-07,2.0151e-06,5.3525e-06,5.3420e-06,5.1484e-06,7.0018e-08,1.9969e-07,5.3371e-07,2.0054e-06,4.2021e-06,5.2467e-06,5.5566e-06
P54,0.00,90.00,30.00,0.00,6.8193e-08,2.1790e-07,6.8724e-07,2.0150e-06,5.3524e-06,5.3420e-06,5.1484e-06,6.4920e-08,1.9969e-07,5.3366e-07,2.0053e-06,4.2021e-06,5.2467e-06,5.5566e-06
P54,0.00,45.00,60.00,0.00,4.5252e-08,2.1785e-07,6.8700e-07,2.0148e-06,5.3524e-06,5.3420e-06,5.1484e-06,4.3264e-08,1.9967e-07,5.3353e-07,2.0051e-06,4.2021e-06,5.2467e-06,5.5566e-06
P54,60.00,180.00,30.00,0.00,6.8710e-08,1.7443e-07,6.0532e-07,1.8969e-06,5.2775e-06,5.2671e-06,4.6333e-06,6.5426e-08,1.5818e-07,4.5760e-07,1.8950e-06,4.1282e-06,5.1765e-06,5.1971e-06
P54,30.00,0.00,30.00,0.00,8.2404e-08,2.0885e-07,6.7182e-07,1.9960e-06,5.3402e-06,5.3298e-06,5.0520e-06,7.8589e-08,1.9096e-07,5.1887e-07,1.9879e-06,4.1900e-06,5.2352e-06,5.4916e-06
P54,0.00,0.00,30.00,0.00,6.8193e-08,2.1790e-07,6.8724e-07,2.0150e-06,5.3524e-06,5.3420e-06,5.1484e-06,6.4920e-08,1.9969e-07,5.3366e-07,2.0053e-06,4.2021e-06,5.2467e-06,5.5566e-06
P54,0.00,135.00,0.00,0.00,7.3619e-08,2.1791e-07,6.8732e-07,2.0151e-06,5.3525e-06,5.3420e-06,5.1484e-06,7.0018e-08,1.9969e-07,5.3371e-07,2.0054e-06,4.2021e-06,5.2467e-06,5.5566e-06
P54,0.00,135.00,60.00,0.00,4.5252e-08,2.1785e-07,6.8700e-07,2.0148e-06,5.3524e-06,5.3420e-06,5.1484e-06,4.3264e-08,1.9967e-07,5.3353e-07,2.0051e-06,4.2021e-06,5.2467e-06,5.5566e-06
P54,30.00,135.00,30.00,0.00,6.8510e-08,2.0881e-07,6.7154e-07,1.9952e-06,5.3402e-06,5.3297e-06,5.0520e-06,6.5212e-08,1.9095e-07,5.1875e-07,1.9871e-06,4.1899e-06,5.2351e-06,5.4916e-06
P54,30.00,135.00,0.00,0.00,7.8153e-08,2.0883e-07,6.7166e-07,1.9954e-06,5.3402e-06,5.3297e-06,5.0520e-06,7.4363e-08,1.9096e-07,5.1881e-07,1.9873e-06,4.1899e-06,5.2351e-06,5.4916e-06
P54,60.00,45.00,60.00,0.00,1.0843e-07,1.7450e-07,6.0590e-07,1.9008e-06,5.2779e-06,5.2674e-06,4.6334e-06,1.0414e-07,1.5820e-07,4.5778e-07,1.8991e-06,4.1289e-06,5.1769e-06,5.1973e-06
P54,30.00,0.00,60.00,0.00,6.7187e-08,2.0881e-07,6.7166e-07,1.9963e-06,5.3403e-06,5.3298e-06,5.0520e-06,6.4397e-08,1.9094e-07,5.1876e-07,1.9883e-06,4.1901e-06,5.2352e-06,5.4916e-06
P55,0.00,180.00,30.00,0.00,7.2305e-08,2.6537e-07,8.9215e-07,3.2220e-06,7.5243e-06,7.5120e-06,6.5783e-06,6.9355e-08,2.4131e-07,6.5440e-07,3.2284e-06,6.1769e-06,7.4099e-06,7.2970e-06
P55,30.00,90.00,0.00,0.00,8.1648e-08,2.5409e-07,8.6113e-07,3.1841e-06,7.4964e-06,7.4841e-06,6.4249e-06,7.8221e-08,2.3083e-07,6.2984e-07,3.1935e-06,6.1521e-06,7.3838e-06,7.1843e-06
P55,60.00,0.00,30.00,0.00,1.1363e-07,2.1426e-07,7.4374e-07,3.0054e-06,7.3653e-06,7.3531e-06,5.7850e-06,1.0933e-07,1.9407e-07,5.4020e-07,3.0266e-06,6.0317e-06,7.2610e-06,6.6947e-06
P55,60.00,45.00,0.00,0.00,8.8165e-08,2.1424e-07,7.4372e-07,3.0037e-06,7.3651e-06,7.3529e-06,5.7850e-06,8.4588e-08,1.9407e-07,5.4020e-07,3.0248e-06,6.0314e-06,7.2608e-06,6.6946e-06
P55,0.00,135.00,0.00,0.00,7.7663e-08,2.6537e-07,8.9216e-07,3.2221e-06,7.5243e-06,7.5121e-06,6.5783e-06,7.4395e-08,2.4131e-07,6.5440e-07,3.2285e-06,6.1769e-06,7.4100e-06,7.2970e-06
P55,30.00,180.00,0.00,0.00,8.1648e-08,2.5409e-07,8.6113e-07,3.1841e-06,7.4964e-06,7.4841e-06,6.4249e-06,7.8221e-08,2.3083e-07,6.2984e-07,3.1935e-06,6.1521e-06,7.3838e-06,7.1843e-06
P55,0.00,90.00,0.00,0.00,7.7663e-08,2.6537e-07,8.9216e-07,3.2221e-06,7.5243e-06,7.5121e-06,6.5783e-06,7.4395e-08,2.4131e-07,6.5440e-07,3.2285e-06,6.1769e-06,7.4100e-06,7.2970e-06
P55,0.00,45.00,60.00,0.00,4.9773e-08,2.6536e-07,8.9212e-07,3.2218e-06,7.5243e-06,7.5120e-06,6.5783e-06,4.8057e-08,2.4131e-07,6.5439e-07,3.2282e-06,6.1769e-06,7.4099e-06,7.2970e-06
P55,60.00,135.00,30.00,0.00,7.4543e-08,2.1423e-07,7.4371e-07,3.0031e-06,7.3650e-06,7.3529e-06,5.7850e-06,7.1527e-08,1.9407e-07,5.4019e-07,3.0241e-06,6.0313e-06,7.2608e-06,6.6946e-06
P55,60.00,180.00,30.00,0.00,7.0771e-08,2.1423e-07,7.4371e-07,3.0029e-06,7.3650e-06,7.3529e-06,5.7850e-06,6.7891e-08,1.9407e-07,5.4019e-07,3.0240e-06,6.0313e-06,7.2608e-06,6.6946e-06
P55,0.00,0.00,30.00,0.00,7.2305e-08,2.6537e-07,8.9215e-07,3.2220e-06,7.5243e-06,7.5120e-06,6.5783e-06,6.9355e-08,2.4131e-07,6.5440e-07,3.2284e-06,6.1769e-06,7.4099e-06,7.2970e-06
P55,30.00,45.00,0.00,0.00,8.1648e-08,2.5409e-07,8.6113e-07,3.1841e-06,7.4964e-06,7.4841e-06,6.4249e-06,7.8221e-08,2.3083e-07,6.2984e-07,3.1935e-06,6.1521e-06,7.3838e-06,7.1843e-06
P55,0.00,135.00,60.00,0.00,4.9773e-08,2.6536e-07,8.9212e-07,3.2218e-06,7.5243e-06,7.5120e-06,6.5783e-06,4.8057e-08,2.4131e-07,6.5439e-07,3.2282e-06,6.1769e-06,7.4099e-06,7.2970e-06
P55,30.00,180.00,30.00,0.00,7.0455e-08,2.5408e-07,8.6111e-07,3.1837e-06,7.4964e-06,7.4841e-06,6.4249e-06,6.7559e-08,2.3083e-07,6.2984e-07,3.1931e-06,6.1520e-06,7.3838e-06,7.1843e-06
P55,0.00,135.00,30.00,0.00,7.2305e-08,2.6537e-07,8.9215e-07,3.2220e-06,7.5243e-06,7.5120e-06,6.5783e-06,6.9355e-08,2.4131e-07,6.5440e-07,3.2284e-06,6.1769e-06,7.4099e-06,7.2970e-06
P55,60.00,180.00,0.00,0.00,8.8165e-08,2.1424e-07,7.4372e-07,3.0037e-06,7.3651e-06,7.3529e-06,5.7850e-06,8.4588e-08,1.9407e-07,5.4020e-07,3.0248e-06,6.0314e-06,7.2608e-06,6.6946e-06
P55,30.00,45.00,30.00,0.00,8.2859e-08,2.5409e-07,8.6113e-07,3.1845e-06,7.4964e-06,7.4842e-06,6.4249e-06,7.9522e-08,2.3083e-07,6.2984e-07,3.1939e-06,6.1522e-06,7.3838e-06,7.1843e-06
P55,30.00,90.00,30.00,0.00,7.7068e-08,2.5409e-07,8.6113e-07,3.1842e-06,7.4964e-06,7.4842e-06,6.4249e-06,7.3934e-08,2.3083e-07,6.2984e-07,3.1936e-06,6.1521e-06,7.3838e-06,7.1843e-06
P55,60.00,90.00,30.00,0.00,8.6182e-08,2.1424e-07,7.4372e-07,3.0037e-06,7.3651e-06,7.3529e-06,5.7850e-06,8.2762e-08,1.9407e-07,5.4019e-07,3.0248e-06,6.0314e-06,7.2608e-06,6.6946e-06
P55,0.00,90.00,60.00,0.00,4.9773e-08,2.6536e-07,8.9212e-07,3.2218e-06,7.5243e-06,7.5120e-06,6.5783e-06,4.8057e-08,2.4131e-07,6.5439e-07,3.2282e-06,6.1769e-06,7.4099e-06,7.2970e-06
P55,0.00,0.00,0.00,0.00,7.7663e-08,2.6537e-07,8.9216e-07,3.2221e-06,7.5243e-06,7.5121e-06,6.5783e-06,7.4395e-08,2.4131e-07,6.5440e-07,3.2285e-06,6.1769e-06,7.4100e-06,7.2970e-06
P55,0.00,180.00,60.00,0.00,4.9773e-08,2.6536e-07,8.9212e-07,3.2218e-06,7.5243e-06,7.5120e-06,6.5783e-06,4.8057e-08,2.4131e-07,6.5439e-07,3.2282e-06,6.1769e-06,7.4099e-06,7.2970e-06
P55,30.00,180.00,60.00,0.00,4.5562e-08,2.5407e-07,8.6109e-07,3.1835e-06,7.4964e-06,7.4841e-06,6.4249e-06,4.3961e-08,2.3083e-07,6.2984e-07,3.1928e-06,6.1520e-06,7.3837e-06,7.1843e-06
P55,0.00,0.00,60.00,0.00,4.9773e-08,2.6536e-07,8.9212e-07,3.2218e-06,7.5243e-06,7.5120e-06,6.5783e-06,4.8057e-08,2.4131e-07,6.5439e-07,3.2282e-06,6.1769e-06,7.4099e-06,7.2970e-06
P55,60.00,90.00,60.00,0.00,6.8165e-08,2.1423e-07,7.4370e-07,3.0036e-06,7.3651e-06,7.3529e-06,5.7850e-06,6.5711e-08,1.9407e-07,5.4019e-07,3.0247e-06,6.0314e-06,7.2608e-06,6.6946e-06
P55,60.00,135.00,0.00,0.00,8.8165e-08,2.1424e-07,7.4372e-07,3.0037e-06,7.3651e-06,7.3529e-06,5.7850e-06,8.4588e-08,1.9407e-07,5.4020e-07,3.0248e-06,6.0314e-06,7.2608e-06,6.6946e-06
P55,0.00,45.00,30.00,0.00,7.2305e-08,2.6537e-07,8.9215e-07,3.2220e-06,7.5243e-06,7.5120e-06,6.5783e-06,6.9355e-08,2.4131e-07,6.5440e-07,3.2284e-06,6.1769e-06,7.4099e-06,7.2970e-06
P55,60.00,45.00,60.00,0.00,1.0773e-07,2.1425e-07,7.4372e-07,3.0063e-06,7.3654e-06,7.3532e-06,5.7850e-06,1.0406e-07,1.9407e-07,5.4019e-07,3.0276e-06,6.0319e-06,7.2611e-06,6.6948e-06
P55,30.00,0.00,30.00,0.00,8.5633e-08,2.5410e-07,8.6114e-07,3.1846e-06,7.4964e-06,7.4842e-06,6.4249e-06,8.2201e-08,2.3083e-07,6.2984e-07,3.1941e-06,6.1522e-06,7.3838e-06,7.1843e-06
P55,30.00,45.00,60.00,0.00,6.4581e-08,2.5408e-07,8.6111e-07,3.1845e-06,7.4965e-06,7.4842e-06,6.4249e-06,6.2337e-08,2.3083e-07,6.2984e-07,3.1940e-06,6.1522e-06,7.3838e-06,7.1843e-06
P55,30.00,135.00,60.00,0.00,4.7749e-08,2.5407e-07,8.6109e-07,3.1835e-06,7.4964e-06,7.4841e-06,6.4249e-06,4.6069e-08,2.3083e-07,6.2984e-07,3.1929e-06,6.1521e-06,7.3837e-06,7.1843e-06
P55,30.00,90.00,60.00,0.00,5.4496e-08,2.5407e-07,8.6110e-07,3.1839e-06,7.4964e-06,7.4841e-06,6.4249e-06,5.2581e-08,2.3083e-07,6.2984e-07,3.1933e-06,6.1521e-06,7.3838e-06,7.1843e-06
P55,30.00,0.00,0.00,0.00,8.1648e-08,2.5409e-07,8.6113e-07,3.1841e-06,7.4964e-06,7.4841e-06,6.4249e-06,7.8221e-08,2.3083e-07,6.2984e-07,3.1935e-06,6.1521e-06,7.3838e-06,7.1843e-06
P55,60.00,180.00,60.00,0.00,4.6839e-08,2.1422e-07,7.4370e-07,3.0022e-06,7.3650e-06,7.3528e-06,5.7849e-06,4.5129e-08,1.9407e-07,5.4019e-07,3.0232e-06,6.0312e-06,7.2607e-06,6.6946e-06
P55,30.00,135.00,30.00,0.00,7.2228e-08,2.5409e-07,8.6112e-07,3.1839e-06,7.4964e-06,7.4841e-06,6.4249e-06,6.9268e-08,2.3083e-07,6.2984e-07,3.1933e-06,6.1521e-06,7.3838e-06,7.1843e-06
P55,0.00,90.00,30.00,0.00,7.2305e-08,2.6537e-07,8.9215e-07,3.2220e-06,7.5243e-06,7.5120e-06,6.5783e-06,6.9355e-08,2.4131e-07,6.5440e-07,3.2284e-06,6.1769e-06,7.4099e-06,7.2970e-06
P55,0.00,45.00,0.00,0.00,7.7663e-08,2.6537e-07,8.9216e-07,3.2221e-06,7.5243e-06,7.5121e-06,6.5783e-06,7.4395e-08,2.4131e-07,6.5440e-07,3.2285e-06,6.1769e-06,7.4100e-06,7.2970e-06
P55,60.00,90.00,0.00,0.00,8.8165e-08,2.1424e-07,7.4372e-07,3.0037e-06,7.3651e-06,7.3529e-06,5.7850e-06,8.4588e-08,1.9407e-07,5.4020e-07,3.0248e-06,6.0314e-06,7.2608e-06,6.6946e-06
P55,60.00,0.00,0.00,0.00,8.8165e-08,2.1424e-07,7.4372e-07,3.0037e-06,7.3651e-06,7.3529e-06,5.7850e-06,8.4588e-08,1.9407e-07,5.4020e-07,3.0248e-06,6.0314e-06,7.2608e-06,6.6946e-06
P55,60.00,0.00,60.00,0.00,1.4606e-07,2.1427e-07,7.4374e-07,3.0097e-06,7.3657e-06,7.3535e-06,5.7851e-06,1.4137e-07,1.9407e-07,5.4020e-07,3.0313e-06,6.0326e-06,7.2615e-06,6.6949e-06
P55,30.00,135.00,0.00,0.00,8.1648e-08,2.5409e-07,8.6113e-07,3.1841e-06,7.4964e-06,7.4841e-06,6.4249e-06,7.8221e-08,2.3083e-07,6.2984e-07,3.1935e-06,6.1521e-06,7.3838e-06,7.1843e-06
P55,60.00,45.00,30.00,0.00,1.0358e-07,2.1425e-07,7.4373e-07,3.0048e-06,7.3652e-06,7.3530e-06,5.7850e-06,9.9591e-08,1.9407e-07,5.4020e-07,3.0260e-06,6.0316e-06,7.2609e-06,6.6947e-06
P55,30.00,0.00,60.00,0.00,7.0410e-08,2.5409e-07,8.6111e-07,3.1849e-06,7.4965e-06,7.4842e-06,6.4249e-06,6.7985e-08,2.3083e-07,6.2984e-07,3.1944e-06,6.1523e-06,7.3839e-06,7.1843e-06
P55,0.00,180.00,0.00,0.00,7.7663e-08,2.6537e-07,8.9216e-07,3.2221e-06,7.5243e-06,7.5121e-06,6.5783e-06,7.4395e-08,2.4131e-07,6.5440e-07,3.2285e-06,6.1769e-06,7.4100e-06,7.2970e-06
P55,60.00,135.00,60.00,0.00,5.1311e-08,2.1422e-07,7.4370e-07,3.0026e-06,7.3650e-06,7.3528e-06,5.7849e-06,4.9439e-08,1.9407e-07,5.4019e-07,3.0236e-06,6.0313e-06,7.2607e-06,6.6946e-06
P56,0.00,90.00,0.00,0.00,8.8673e-08,3.5170e-07,1.1892e-06,4.9296e-06,1.0196e-05,1.0182e-05,8.4832e-06,8.6109e-08,3.1866e-07,8.6234e-07,4.9453e-06,8.7186e-06,1.0084e-05,9.4821e-06
P56,30.00,0.00,30.00,0.00,9.4900e-08,3.3499e-07,1.1435e-06,4.8790e-06,1.0154e-05,1.0140e-05,8.2772e-06,9.2261e-08,3.0314e-07,8.2645e-07,4.8987e-06,8.6857e-06,1.0046e-05,9.3261e-06
P56,30.00,45.00,0.00,0.00,9.1482e-08,3.3499e-07,1.1435e-06,4.8786e-06,1.0154e-05,1.0140e-05,8.2772e-06,8.8817e-08,3.0314e-07,8.2645e-07,4.8983e-06,8.6857e-06,1.0045e-05,9.3261e-06
P56,0.00,0.00,60.00,0.00,6.2049e-08,3.5169e-07,1.1892e-06,4.9293e-06,1.0196e-05,1.0182e-05,8.4832e-06,6.0876e-08,3.1866e-07,8.6234e-07,4.9450e-06,8.7185e-06,1.0084e-05,9.4821e-06
P56,0.00,180.00,0.00,0.00,8.8673e-08,3.5170e-07,1.1892e-06,4.9296e-06,1.0196e-05,1.0182e-05,8.4832e-06,8.6109e-08,3.1866e-07,8.6234e-07,4.9453e-06,8.7186e-06,1.0084e-05,9.4821e-06
P56,30.00,180.00,0.00,0.00,9.1482e-08,3.3499e-07,1.1435e-06,4.8786e-06,1.0154e-05,1.0140e-05,8.2772e-06,8.8817e-08,3.0314e-07,8.2645e-07,4.8983e-06,8.6857e-06,1.0045e-05,9.3261e-06
P56,0.00,0.00,0.00,0.00,8.8673e-08,3.5170e-07,1.1892e-06,4.9296e-06,1.0196e-05,1.0182e-05,8.4832e-06,8.6109e-08,3.1866e-07,8.6234e-07,4.9453e-06,8.7186e-06,1.0084e-05,9.4821e-06
P56,0.00,135.00,30.00,0.00,8.3518e-08,3.5170e-07,1.1892e-06,4.9295e-06,1.0196e-05,1.0182e-05,8.4832e-06,8.1244e-08,3.1866e-07,8.6234e-07,4.9452e-06,8.7186e-06,1.0084e-05,9.4821e-06
P56,60.00,0.00,30.00,0.00,1.1603e-07,2.7660e-07,9.7284e-07,4.6443e-06,9.9495e-06,9.9364e-06,7.4229e-06,1.1288e-07,2.4931e-07,6.9613e-07,4.6808e-06,8.5244e-06,9.8560e-06,8.6535e-06
P56,0.00,0.00,30.00,0.00,8.3518e-08,3.5170e-07,1.1892e-06,4.9295e-06,1.0196e-05,1.0182e-05,8.4832e-06,8.1244e-08,3.1866e-07,8.6234e-07,4.9452e-06,8.7186e-06,1.0084e-05,9.4821e-06
P56,30.00,45.00,30.00,0.00,9.2360e-08,3.3499e-07,1.1435e-06,4.8789e-06,1.0154e-05,1.0140e-05,8.2772e-06,8.9797e-08,3.0314e-07,8.2645e-07,4.8986e-06,8.6857e-06,1.0046e-05,9.3261e-06
P56,30.00,135.00,0.00,0.00,9.1482e-08,3.3499e-07,1.1435e-06,4.8786e-06,1.0154e-05,1.0140e-05,8.2772e-06,8.8817e-08,3.0314e-07,8.2645e-07,4.8983e-06,8.6857e-06,1.0045e-05,9.3261e-06
P56,60.00,180.00,60.00,0.00,5.5919e-08,2.7658e-07,9.7284e-07,4.6420e-06,9.9494e-06,9.9363e-06,7.4229e-06,5.4808e-08,2.4931e-07,6.9613e-07,4.6782e-06,8.5240e-06,9.8558e-06,8.6534e-06
P56,0.00,90.00,30.00,0.00,8.3518e-08,3.5170e-07,1.1892e-06,4.9295e-06,1.0196e-05,1.0182e-05,8.4832e-06,8.1244e-08,3.1866e-07,8.6234e-07,4.9452e-06,8.7186e-06,1.0084e-05,9.4821e-06
P56,60.00,90.00,60.00,0.00,7.4587e-08,2.7659e-07,9.7284e-07,4.6429e-06,9.9494e-06,9.9363e-06,7.4229e-06,7.2927e-08,2.4931e-07,6.9613e-07,4.6792e-06,8.5242e-06,9.8559e-06,8.6535e-06
P56,0.00,45.00,0.00,0.00,8.8673e-08,3.5170e-07,1.1892e-06,4.9296e-06,1.0196e-05,1.0182e-05,8.4832e-06,8.6109e-08,3.1866e-07,8.6234e-07,4.9453e-06,8.7186e-06,1.0084e-05,9.4821e-06
P56,30.00,90.00,0.00,0.00,9.1482e-08,3.3499e-07,1.1435e-06,4.8786e-06,1.0154e-05,1.0140e-05,8.2772e-06,8.8817e-08,3.0314e-07,8.2645e-07,4.8983e-06,8.6857e-06,1.0045e-05,9.3261e-06
P56,60.00,135.00,30.00,0.00,8.1225e-08,2.7659e-07,9.7284e-07,4.6426e-06,9.9494e-06,9.9363e-06,7.4229e-06,7.9039e-08,2.4931e-07,6.9613e-07,4.6789e-06,8.5241e-06,9.8559e-06,8.6535e-06
P56,60.00,90.00,0.00,0.00,9.3594e-08,2.7659e-07,9.7284e-07,4.6431e-06,9.9494e-06,9.9364e-06,7.4229e-06,9.0956e-08,2.4931e-07,6.9613e-07,4.6794e-06,8.5242e-06,9.8559e-06,8.6535e-06
P56,0.00,45.00,30.00,0.00,8.3518e-08,3.5170e-07,1.1892e-06,4.9295e-06,1.0196e-05,1.0182e-05,8.4832e-06,8.1244e-08,3.1866e-07,8.6234e-07,4.9452e-06,8.7186e-06,1.0084e-05,9.4821e-06
P56,30.00,135.00,60.00,0.00,5.9530e-08,3.3498e-07,1.1435e-06,4.8781e-06,1.0154e-05,1.0140e-05,8.2772e-06,5.8397e-08,3.0314e-07,8.2645e-07,4.8978e-06,8.6856e-06,1.0045e-05,9.3261e-06
P56,0.00,180.00,60.00,0.00,6.2049e-08,3.5169e-07,1.1892e-06,4.9293e-06,1.0196e-05,1.0182e-05,8.4832e-06,6.0876e-08,3.1866e-07,8.6234e-07,4.9450e-06,8.7185e-06,1.0084e-05,9.4821e-06
P56,0.00,90.00,60.00,0.00,6.2049e-08,3.5169e-07,1.1892e-06,4.9293e-06,1.0196e-05,1.0182e-05,8.4832e-06,6.0876e-08,3.1866e-07,8.6234e-07,4.9450e-06,8.7185e-06,1.0084e-05,9.4821e-06
P56,60.00,135.00,60.00,0.00,5.9834e-08,2.7658e-07,9.7284e-07,4.6422e-06,9.9494e-06,9.9363e-06,7.4229e-06,5.8603e-08,2.4931e-07,6.9613e-07,4.6785e-06,8.5241e-06,9.8558e-06,8.6534e-06
P56,0.00,135.00,0.00,0.00,8.8673e-08,3.5170e-07,1.1892e-06,4.9296e-06,1.0196e-05,1.0182e-05,8.4832e-06,8.6109e-08,3.1866e-07,8.6234e-07,4.9453e-06,8.7186e-06,1.0084e-05,9.4821e-06
P56,30.00,90.00,60.00,0.00,6.5593e-08,3.3498e-07,1.1435e-06,4.8784e-06,1.0154e-05,1.0140e-05,8.2772e-06,6.4276e-08,3.0314e-07,8.2645e-07,4.8980e-06,8.6857e-06,1.0045e-05,9.3261e-06
P56,60.00,135.00,0.00,0.00,9.3594e-08,2.7659e-07,9.7284e-07,4.6431e-06,9.9494e-06,9.9364e-06,7.4229e-06,9.0956e-08,2.4931e-07,6.9613e-07,4.6794e-06,8.5242e-06,9.8559e-06,8.6535e-06
P56,0.00,180.00,30.00,0.00,8.3518e-08,3.5170e-07,1.1892e-06,4.9295e-06,1.0196e-05,1.0182e-05,8.4832e-06,8.1244e-08,3.1866e-07,8.6234e-07,4.9452e-06,8.7186e-06,1.0084e-05,9.4821e-06
P56,60.00,90.00,30.00,0.00,9.1592e-08,2.7659e-07,9.7284e-07,4.6431e-06,9.9494e-06,9.9364e-06,7.4229e-06,8.9099e-08,2.4931e-07,6.9613e-07,4.6794e-06,8.5242e-06,9.8559e-06,8.6535e-06
P56,30.00,90.00,30.00,0.00,8.7056e-08,3.3499e-07,1.1435e-06,4.8786e-06,1.0154e-05,1.0140e-05,8.2772e-06,8.4658e-08,3.0314e-07,8.2645e-07,4.8983e-06,8.6857e-06,1.0045e-05,9.3261e-06
P56,60.00,180.00,30.00,0.00,7.7865e-08,2.7659e-07,9.7284e-07,4.6425e-06,9.9494e-06,9.9363e-06,7.4229e-06,7.5784e-08,2.4931e-07,6.9613e-07,4.6788e-06,8.5241e-06,9.8559e-06,8.6534e-06
P56,0.00,45.00,60.00,0.00,6.2049e-08,3.5169e-07,1.1892e-06,4.9293e-06,1.0196e-05,1.0182e-05,8.4832e-06,6.0876e-08,3.1866e-07,8.6234e-07,4.9450e-06,8.7185e-06,1.0084e-05,9.4821e-06
P56,60.00,0.00,60.00,0.00,1.4272e-07,2.7661e-07,9.7284e-07,4.6470e-06,9.9497e-06,9.9366e-06,7.4229e-06,1.3946e-07,2.4931e-07,6.9613e-07,4.6838e-06,8.5250e-06,9.8562e-06,8.6536e-06
P56,60.00,45.00,60.00,0.00,1.0920e-07,2.7660e-07,9.7284e-07,4.6448e-06,9.9496e-06,9.9365e-06,7.4229e-06,1.0667e-07,2.4931e-07,6.9613e-07,4.6813e-06,8.5245e-06,9.8561e-06,8.6535e-06
P56,60.00,45.00,0.00,0.00,9.3594e-08,2.7659e-07,9.7284e-07,4.6431e-06,9.9494e-06,9.9364e-06,7.4229e-06,9.0956e-08,2.4931e-07,6.9613e-07,4.6794e-06,8.5242e-06,9.8559e-06,8.6535e-06
P56,60.00,0.00,0.00,0.00,9.3594e-08,2.7659e-07,9.7284e-07,4.6431e-06,9.9494e-06,9.9364e-06,7.4229e-06,9.0956e-08,2.4931e-07,6.9613e-07,4.6794e-06,8.5242e-06,9.8559e-06,8.6535e-06
P56,60.00,180.00,0.00,0.00,9.3594e-08,2.7659e-07,9.7284e-07,4.6431e-06,9.9494e-06,9.9364e-06,7.4229e-06,9.0956e-08,2.4931e-07,6.9613e-07,4.6794e-06,8.5242e-06,9.8559e-06,8.6535e-06
P56,0.00,135.00,60.00,0.00,6.2049e-08,3.5169e-07,1.1892e-06,4.9293e-06,1.0196e-05,1.0182e-05,8.4832e-06,6.0876e-08,3.1866e-07,8.6234e-07,4.9450e-06,8.7185e-06,1.0084e-05,9.4821e-06
P56,30.00,135.00,30.00,0.00,8.2623e-08,3.3499e-07,1.1435e-06,4.8784e-06,1.0154e-05,1.0140e-05,8.2772e-06,8.0366e-08,3.0314e-07,8.2645e-07,4.8981e-06,8.6856e-06,1.0045e-05,9.3261e-06
P56,30.00,180.00,30.00,0.00,8.0998e-08,3.3498e-07,1.1435e-06,4.8783e-06,1.0154e-05,1.0140e-05,8.2772e-06,7.8794e-08,3.0314e-07,8.2645e-07,4.8979e-06,8.6856e-06,1.0045e-05,9.3261e-06
P56,60.00,45.00,30.00,0.00,1.0708e-07,2.7660e-07,9.7284e-07,4.6439e-06,9.9495e-06,9.9364e-06,7.4229e-06,1.0416e-07,2.4931e-07,6.9613e-07,4.6803e-06,8.5243e-06,9.8560e-06,8.6535e-06
P56,30.00,0.00,0.00,0.00,9.1482e-08,3.3499e-07,1.1435e-06,4.8786e-06,1.0154e-05,1.0140e-05,8.2772e-06,8.8817e-08,3.0314e-07,8.2645e-07,4.8983e-06,8.6857e-06,1.0045e-05,9.3261e-06
P56,30.00,45.00,60.00,0.00,7.4651e-08,3.3498e-07,1.1435e-06,4.8788e-06,1.0154e-05,1.0140e-05,8.2772e-06,7.3080e-08,3.0314e-07,8.2645e-07,4.8985e-06,8.6857e-06,1.0046e-05,9.3261e-06
P56,30.00,0.00,60.00,0.00,7.9885e-08,3.3498e-07,1.1435e-06,4.8791e-06,1.0154e-05,1.0140e-05,8.2772e-06,7.8175e-08,3.0314e-07,8.2645e-07,4.8988e-06,8.6858e-06,1.0046e-05,9.3261e-06
P56,30.00,180.00,60.00,0.00,5.7565e-08,3.3498e-07,1.1435e-06,4.8780e-06,1.0154e-05,1.0140e-05,8.2772e-06,5.6494e-08,3.0314e-07,8.2645e-07,4.8977e-06,8.6856e-06,1.0045e-05,9.3261e-06
P57,30.00,45.00,30.00,0.00,7.8286e-08,2.2672e-07,5.2580e-07,1.3369e-06,3.9753e-06,3.9663e-06,4.8721e-06,7.4524e-08,2.1417e-07,4.4519e-07,1.3094e-06,2.9925e-06,3.8818e-06,4.7182e-06
P57,0.00,180.00,60.00,0.00,4.3724e-08,2.2815e-07,5.2616e-07,1.3403e-06,3.9726e-06,3.9637e-06,4.8752e-06,4.1694e-08,2.1567e-07,4.4601e-07,1.3133e-06,2.9901e-06,3.8788e-06,4.7198e-06
P57,60.00,45.00,30.00,0.00,1.0266e-07,2.1986e-07,5.1947e-07,1.3077e-06,3.9697e-06,3.9607e-06,4.8534e-06,9.8074e-08,2.0733e-07,4.3792e-07,1.2772e-06,2.9874e-06,3.8778e-06,4.7007e-06
P57,30.00,180.00,0.00,0.00,7.6876e-08,2.2669e-07,5.2560e-07,1.3365e-06,3.9752e-06,3.9663e-06,4.8720e-06,7.3034e-08,2.1415e-07,4.4508e-07,1.3090e-06,2.9924e-06,3.8817e-06,4.7182e-06
P57,30.00,45.00,0.00,0.00,7.6876e-08,2.2669e-07,5.2560e-07,1.3365e-06,3.9752e-06,3.9663e-06,4.8720e-06,7.3034e-08,2.1415e-07,4.4508e-07,1.3090e-06,2.9924e-06,3.8817e-06,4.7182e-06
P57,0.00,0.00,0.00,0.00,7.2196e-08,2.2829e-07,5.2665e-07,1.3406e-06,3.9726e-06,3.9637e-06,4.8752e-06,6.8543e-08,2.1575e-07,4.4639e-07,1.3136e-06,2.9901e-06,3.8788e-06,4.7198e-06
P57,60.00,45.00,60.00,0.00,1.0819e-07,2.1988e-07,5.1984e-07,1.3094e-06,3.9699e-06,3.9609e-06,4.8535e-06,1.0386e-07,2.0732e-07,4.3802e-07,1.2791e-06,2.9878e-06,3.8780e-06,4.7008e-06
P57,60.00,180.00,60.00,0.00,4.2922e-08,2.1959e-07,5.1788e-07,1.3048e-06,3.9694e-06,3.9605e-06,4.8534e-06,4.0864e-08,2.0720e-07,4.3699e-07,1.2742e-06,2.9869e-06,3.8776e-06,4.7006e-06
P57,30.00,0.00,60.00,0.00,6.5972e-08,2.2666e-07,5.2575e-07,1.3374e-06,3.9753e-06,3.9664e-06,4.8721e-06,6.3137e-08,2.1413e-07,4.4508e-07,1.3100e-06,2.9926e-06,3.8818e-06,4.7182e-06
P57,30.00,135.00,60.00,0.00,4.2033e-08,2.2653e-07,5.2495e-07,1.3359e-06,3.9752e-06,3.9662e-06,4.8720e-06,4.0039e-08,2.1406e-07,4.4462e-07,1.3084e-06,2.9924e-06,3.8817e-06,4.7181e-06
P57,0.00,180.00,0.00,0.00,7.2196e-08,2.2829e-07,5.2665e-07,1.3406e-06,3.9726e-06,3.9637e-06,4.8752e-06,6.8543e-08,2.1575e-07,4.4639e-07,1.3136e-06,2.9901e-06,3.8788e-06,4.7198e-06
P57,60.00,0.00,0.00,0.00,8.6156e-08,2.1977e-07,5.1887e-07,1.3064e-06,3.9696e-06,3.9606e-06,4.8534e-06,8.2056e-08,2.0729e-07,4.3759e-07,1.2759e-06,2.9872e-06,3.8777e-06,4.7007e-06
P57,0.00,180.00,30.00,0.00,6.6753e-08,2.2825e-07,5.2652e-07,1.3405e-06,3.9726e-06,3.9637e-06,4.8752e-06,6.3431e-08,2.1573e-07,4.4630e-07,1.3135e-06,2.9901e-06,3.8788e-06,4.7198e-06
P57,60.00,90.00,60.00,0.00,6.5787e-08,2.1968e-07,5.1851e-07,1.3063e-06,3.9696e-06,3.9606e-06,4.8534e-06,6.2867e-08,2.0724e-07,4.3732e-07,1.2758e-06,2.9872e-06,3.8777e-06,4.7006e-06
P57,30.00,0.00,30.00,0.00,8.1182e-08,2.2674e-07,5.2592e-07,1.3371e-06,3.9753e-06,3.9663e-06,4.8721e-06,7.7317e-08,2.1418e-07,4.4526e-07,1.3096e-06,2.9925e-06,3.8818e-06,4.7182e-06
P57,0.00,135.00,0.00,0.00,7.2196e-08,2.2829e-07,5.2665e-07,1.3406e-06,3.9726e-06,3.9637e-06,4.8752e-06,6.8543e-08,2.1575e-07,4.4639e-07,1.3136e-06,2.9901e-06,3.8788e-06,4.7198e-06
P57,0.00,90.00,30.00,0.00,6.6753e-08,2.2825e-07,5.2652e-07,1.3405e-06,3.9726e-06,3.9637e-06,4.8752e-06,6.3431e-08,2.1573e-07,4.4630e-07,1.3135e-06,2.9901e-06,3.8788e-06,4.7198e-06
P57,0.00,135.00,60.00,0.00,4.3724e-08,2.2815e-07,5.2616e-07,1.3403e-06,3.9726e-06,3.9637e-06,4.8752e-06,4.1694e-08,2.1567e-07,4.4601e-07,1.3133e-06,2.9901e-06,3.8788e-06,4.7198e-06
P57,30.00,45.00,60.00,0.00,5.9814e-08,2.2663e-07,5.2554e-07,1.3370e-06,3.9753e-06,3.9663e-06,4.8720e-06,5.7185e-08,2.1411e-07,4.4495e-07,1.3095e-06,2.9926e-06,3.8818e-06,4.7182e-06
P57,0.00,90.00,0.00,0.00,7.2196e-08,2.2829e-07,5.2665e-07,1.3406e-06,3.9726e-06,3.9637e-06,4.8752e-06,6.8543e-08,2.1575e-07,4.4639e-07,1.3136e-06,2.9901e-06,3.8788e-06,4.7198e-06
P57,30.00,180.00,60.00,0.00,3.9723e-08,2.2652e-07,5.2489e-07,1.3358e-06,3.9752e-06,3.9662e-06,4.8720e-06,3.7818e-08,2.1406e-07,4.4458e-07,1.3083e-06,2.9924e-06,3.8817e-06,4.7181e-06
P57,0.00,90.00,60.00,0.00,4.3724e-08,2.2815e-07,5.2616e-07,1.3403e-06,3.9726e-06,3.9637e-06,4.8752e-06,4.1694e-08,2.1567e-07,4.4601e-07,1.3133e-06,2.9901e-06,3.8788e-06,4.7198e-06
P57,30.00,135.00,0.00,0.00,7.6876e-08,2.2669e-07,5.2560e-07,1.3365e-06,3.9752e-06,3.9663e-06,4.8720e-06,7.3034e-08,2.1415e-07,4.4508e-07,1.3090e-06,2.9924e-06,3.8817e-06,4.7182e-06
P57,30.00,180.00,30.00,0.00,6.5331e-08,2.2662e-07,5.2529e-07,1.3361e-06,3.9752e-06,3.9663e-06,4.8720e-06,6.2055e-08,2.1411e-07,4.4487e-07,1.3086e-06,2.9924e-06,3.8817e-06,4.7182e-06
P57,30.00,0.00,0.00,0.00,7.6876e-08,2.2669e-07,5.2560e-07,1.3365e-06,3.9752e-06,3.9663e-06,4.8720e-06,7.3034e-08,2.1415e-07,4.4508e-07,1.3090e-06,2.9924e-06,3.8817e-06,4.7182e-06
P57,0.00,45.00,0.00,0.00,7.2196e-08,2.2829e-07,5.2665e-07,1.3406e-06,3.9726e-06,3.9637e-06,4.8752e-06,6.8543e-08,2.1575e-07,4.4639e-07,1.3136e-06,2.9901e-06,3.8788e-06,4.7198e-06
P57,0.00,0.00,60.00,0.00,4.3724e-08,2.2815e-07,5.2616e-07,1.3403e-06,3.9726e-06,3.9637e-06,4.8752e-06,4.1694e-08,2.1567e-07,4.4601e-07,1.3133e-06,2.9901e-06,3.8788e-06,4.7198e-06
P57,60.00,90.00,0.00,0.00,8.6156e-08,2.1977e-07,5.1887e-07,1.3064e-06,3.9696e-06,3.9606e-06,4.8534e-06,8.2056e-08,2.0729e-07,4.3759e-07,1.2759e-06,2.9872e-06,3.8777e-06,4.7007e-06
P57,60.00,0.00,60.00,0.00,1.4927e-07,2.2010e-07,5.2140e-07,1.3132e-06,3.9703e-06,3.9613e-06,4.8536e-06,1.4371e-07,2.0742e-07,4.3884e-07,1.2831e-06,2.9885e-06,3.8784e-06,4.7010e-06
P57,60.00,90.00,30.00,0.00,8.4218e-08,2.1976e-07,5.1885e-07,1.3064e-06,3.9696e-06,3.9606e-06,4.8534e-06,8.0277e-08,2.0729e-07,4.3757e-07,1.2759e-06,2.9872e-06,3.8777e-06,4.7007e-06
P57,0.00,0.00,30.00,0.00,6.6753e-08,2.2825e-07,5.2652e-07,1.3405e-06,3.9726e-06,3.9637e-06,4.8752e-06,6.3431e-08,2.1573e-07,4.4630e-07,1.3135e-06,2.9901e-06,3.8788e-06,4.7198e-06
P57,30.00,90.00,60.00,0.00,4.9161e-08,2.2657e-07,5.2517e-07,1.3363e-06,3.9752e-06,3.9663e-06,4.8720e-06,4.6904e-08,2.1408e-07,4.4474e-07,1.3088e-06,2.9924e-06,3.8817e-06,4.7182e-06
P57,0.00,135.00,30.00,0.00,6.6753e-08,2.2825e-07,5.2652e-07,1.3405e-06,3.9726e-06,3.9637e-06,4.8752e-06,6.3431e-08,2.1573e-07,4.4630e-07,1.3135e-06,2.9901e-06,3.8788e-06,4.7198e-06
P57,30.00,90.00,30.00,0.00,7.2238e-08,2.2668e-07,5.2558e-07,1.3366e-06,3.9752e-06,3.9663e-06,4.8720e-06,6.8700e-08,2.1414e-07,4.4505e-07,1.3091e-06,2.9924e-06,3.8817e-06,4.7182e-06
P57,60.00,45.00,0.00,0.00,8.6156e-08,2.1977e-07,5.1887e-07,1.3064e-06,3.9696e-06,3.9606e-06,4.8534e-06,8.2056e-08,2.0729e-07,4.3759e-07,1.2759e-06,2.9872e-06,3.8777e-06,4.7007e-06
P57,60.00,180.00,0.00,0.00,8.6156e-08,2.1977e-07,5.1887e-07,1.3064e-06,3.9696e-06,3.9606e-06,4.8534e-06,8.2056e-08,2.0729e-07,4.3759e-07,1.2759e-06,2.9872e-06,3.8777e-06,4.7007e-06
P57,30.00,135.00,30.00,0.00,6.7183e-08,2.2664e-07,5.2539e-07,1.3363e-06,3.9752e-06,3.9663e-06,4.8720e-06,6.3836e-08,2.1412e-07,4.4493e-07,1.3088e-06,2.9924e-06,3.8817e-06,4.7182e-06
P57,30.00,90.00,0.00,0.00,7.6876e-08,2.2669e-07,5.2560e-07,1.3365e-06,3.9752e-06,3.9663e-06,4.8720e-06,7.3034e-08,2.1415e-07,4.4508e-07,1.3090e-06,2.9924e-06,3.8817e-06,4.7182e-06
P57,0.00,45.00,30.00,0.00,6.6753e-08,2.2825e-07,5.2652e-07,1.3405e-06,3.9726e-06,3.9637e-06,4.8752e-06,6.3431e-08,2.1573e-07,4.4630e-07,1.3135e-06,2.9901e-06,3.8788e-06,4.7198e-06
P57,60.00,135.00,60.00,0.00,4.7717e-08,2.1961e-07,5.1804e-07,1.3052e-06,3.9695e-06,3.9605e-06,4.8534e-06,4.5472e-08,2.0721e-07,4.3707e-07,1.2747e-06,2.9870e-06,3.8776e-06,4.7006e-06
P57,60.00,180.00,30.00,0.00,6.7877e-08,2.1969e-07,5.1839e-07,1.3056e-06,3.9695e-06,3.9605e-06,4.8534e-06,6.4548e-08,2.0725e-07,4.3730e-07,1.2750e-06,2.9871e-06,3.8777e-06,4.7006e-06
P57,60.00,135.00,30.00,0.00,7.1877e-08,2.1970e-07,5.1849e-07,1.3058e-06,3.9695e-06,3.9605e-06,4.8534e-06,6.8394e-08,2.0726e-07,4.3736e-07,1.2752e-06,2.9871e-06,3.8777e-06,4.7006e-06
P57,60.00,135.00,0.00,0.00,8.6156e-08,2.1977e-07,5.1887e-07,1.3064e-06,3.9696e-06,3.9606e-06,4.8534e-06,8.2056e-08,2.0729e-07,4.3759e-07,1.2759e-06,2.9872e-06,3.8777e-06,4.7007e-06
P57,60.00,0.00,30.00,0.00,1.1332e-07,2.1992e-07,5.1984e-07,1.3084e-06,3.9697e-06,3.9608e-06,4.8535e-06,1.0838e-07,2.0736e-07,4.3813e-07,1.2780e-06,2.9875e-06,3.8779e-06,4.7008e-06
P57,0.00,45.00,60.00,0.00,4.3724e-08,2.2815e-07,5.2616e-07,1.3403e-06,3.9726e-06,3.9637e-06,4.8752e-06,4.1694e-08,2.1567e-07,4.4601e-07,1.3133e-06,2.9901e-06,3.8788e-06,4.7198e-06
P58,30.00,45.00,30.00,0.00,9.2247e-08,4.3635e-07,1.3028e-06,4.9613e-06,1.0189e-05,1.0176e-05,8.2470e-06,8.9872e-08,4.0135e-07,1.0024e-06,4.9883e-06,8.7875e-06,1.0089e-05,9.2969e-06
P58,60.00,135.00,60.00,0.00,5.9683e-08,3.6303e-07,1.1613e-06,4.6952e-06,9.8923e-06,9.8800e-06,7.3745e-06,5.8591e-08,3.3124e-07,8.8044e-07,4.7396e-06,8.5527e-06,9.8071e-06,8.5754e-06
P58,60.00,45.00,30.00,0.00,1.0572e-07,3.6305e-07,1.1613e-06,4.6967e-06,9.8924e-06,9.8801e-06,7.3745e-06,1.0304e-07,3.3124e-07,8.8044e-07,4.7412e-06,8.5529e-06,9.8072e-06,8.5754e-06
P58,30.00,180.00,60.00,0.00,5.8119e-08,4.3634e-07,1.3028e-06,4.9605e-06,1.0189e-05,1.0176e-05,8.2470e-06,5.7171e-08,4.0135e-07,1.0024e-06,4.9874e-06,8.7874e-06,1.0089e-05,9.2968e-06
P58,60.00,0.00,0.00,0.00,9.2754e-08,3.6304e-07,1.1613e-06,4.6960e-06,9.8924e-06,9.8801e-06,7.3745e-06,9.0319e-08,3.3124e-07,8.8044e-07,4.7404e-06,8.5528e-06,9.8072e-06,8.5754e-06
P58,30.00,135.00,0.00,0.00,9.1493e-08,4.3635e-07,1.3028e-06,4.9610e-06,1.0189e-05,1.0176e-05,8.2470e-06,8.9007e-08,4.0136e-07,1.0024e-06,4.9880e-06,8.7875e-06,1.0089e-05,9.2969e-06
P58,0.00,180.00,0.00,0.00,8.8949e-08,4.5545e-07,1.3389e-06,5.0205e-06,1.0252e-05,1.0239e-05,8.4611e-06,8.6554e-08,4.1968e-07,1.0334e-06,5.0432e-06,8.8373e-06,1.0148e-05,9.4673e-06
P58,60.00,180.00,60.00,0.00,5.5919e-08,3.6303e-07,1.1613e-06,4.6950e-06,9.8923e-06,9.8800e-06,7.3745e-06,5.4935e-08,3.3124e-07,8.8044e-07,4.7393e-06,8.5526e-06,9.8071e-06,8.5754e-06
P58,60.00,45.00,0.00,0.00,9.2754e-08,3.6304e-07,1.1613e-06,4.6960e-06,9.8924e-06,9.8801e-06,7.3745e-06,9.0319e-08,3.3124e-07,8.8044e-07,4.7404e-06,8.5528e-06,9.8072e-06,8.5754e-06
P58,0.00,90.00,60.00,0.00,6.2621e-08,4.5544e-07,1.3389e-06,5.0202e-06,1.0252e-05,1.0239e-05,8.4611e-06,6.1580e-08,4.1968e-07,1.0334e-06,5.0429e-06,8.8373e-06,1.0148e-05,9.4673e-06
P58,30.00,0.00,60.00,0.00,7.9684e-08,4.3635e-07,1.3028e-06,4.9614e-06,1.0189e-05,1.0176e-05,8.2470e-06,7.8156e-08,4.0135e-07,1.0024e-06,4.9884e-06,8.7876e-06,1.0089e-05,9.2969e-06
P58,0.00,45.00,60.00,0.00,6.2621e-08,4.5544e-07,1.3389e-06,5.0202e-06,1.0252e-05,1.0239e-05,8.4611e-06,6.1580e-08,4.1968e-07,1.0334e-06,5.0429e-06,8.8373e-06,1.0148e-05,9.4673e-06
P58,0.00,90.00,30.00,0.00,8.3828e-08,4.5545e-07,1.3389e-06,5.0204e-06,1.0252e-05,1.0239e-05,8.4611e-06,8.1717e-08,4.1968e-07,1.0334e-06,5.0431e-06,8.8373e-06,1.0148e-05,9.4673e-06
P58,0.00,0.00,30.00,0.00,8.3828e-08,4.5545e-07,1.3389e-06,5.0204e-06,1.0252e-05,1.0239e-05,8.4611e-06,8.1717e-08,4.1968e-07,1.0334e-06,5.0431e-06,8.8373e-06,1.0148e-05,9.4673e-06
P58,60.00,90.00,0.00,0.00,9.2754e-08,3.6304e-07,1.1613e-06,4.6960e-06,9.8924e-06,9.8801e-06,7.3745e-06,9.0319e-08,3.3124e-07,8.8044e-07,4.7404e-06,8.5528e-06,9.8072e-06,8.5754e-06
P58,0.00,90.00,0.00,0.00,8.8949e-08,4.5545e-07,1.3389e-06,5.0205e-06,1.0252e-05,1.0239e-05,8.4611e-06,8.6554e-08,4.1968e-07,1.0334e-06,5.0432e-06,8.8373e-06,1.0148e-05,9.4673e-06
P58,0.00,135.00,60.00,0.00,6.2621e-08,4.5544e-07,1.3389e-06,5.0202e-06,1.0252e-05,1.0239e-05,8.4611e-06,6.1580e-08,4.1968e-07,1.0334e-06,5.0429e-06,8.8373e-06,1.0148e-05,9.4673e-06
P58,30.00,45.00,60.00,0.00,7.4626e-08,4.3634e-07,1.3028e-06,4.9612e-06,1.0189e-05,1.0176e-05,8.2470e-06,7.3223e-08,4.0135e-07,1.0024e-06,4.9882e-06,8.7875e-06,1.0089e-05,9.2969e-06
P58,0.00,180.00,60.00,0.00,6.2621e-08,4.5544e-07,1.3389e-06,5.0202e-06,1.0252e-05,1.0239e-05,8.4611e-06,6.1580e-08,4.1968e-07,1.0334e-06,5.0429e-06,8.8373e-06,1.0148e-05,9.4673e-06
P58,0.00,0.00,60.00,0.00,6.2621e-08,4.5544e-07,1.3389e-06,5.0202e-06,1.0252e-05,1.0239e-05,8.4611e-06,6.1580e-08,4.1968e-07,1.0334e-06,5.0429e-06,8.8373e-06,1.0148e-05,9.4673e-06
P58,60.00,180.00,30.00,0.00,7.7420e-08,3.6304e-07,1.1613e-06,4.6955e-06,9.8924e-06,9.8800e-06,7.3745e-06,7.5509e-08,3.3124e-07,8.8044e-07,4.7399e-06,8.5527e-06,9.8071e-06,8.5754e-06
P58,60.00,180.00,0.00,0.00,9.2754e-08,3.6304e-07,1.1613e-06,4.6960e-06,9.8924e-06,9.8801e-06,7.3745e-06,9.0319e-08,3.3124e-07,8.8044e-07,4.7404e-06,8.5528e-06,9.8072e-06,8.5754e-06
P58,0.00,135.00,30.00,0.00,8.3828e-08,4.5545e-07,1.3389e-06,5.0204e-06,1.0252e-05,1.0239e-05,8.4611e-06,8.1717e-08,4.1968e-07,1.0334e-06,5.0431e-06,8.8373e-06,1.0148e-05,9.4673e-06
P58,30.00,135.00,30.00,0.00,8.2767e-08,4.3635e-07,1.3028e-06,4.9609e-06,1.0189e-05,1.0176e-05,8.2470e-06,8.0676e-08,4.0135e-07,1.0024e-06,4.9878e-06,8.7875e-06,1.0089e-05,9.2969e-06
P58,60.00,135.00,30.00,0.00,8.0674e-08,3.6304e-07,1.1613e-06,4.6956e-06,9.8924e-06,9.8800e-06,7.3745e-06,7.8667e-08,3.3124e-07,8.8044e-07,4.7400e-06,8.5527e-06,9.8071e-06,8.5754e-06
P58,0.00,0.00,0.00,0.00,8.8949e-08,4.5545e-07,1.3389e-06,5.0205e-06,1.0252e-05,1.0239e-05,8.4611e-06,8.6554e-08,4.1968e-07,1.0334e-06,5.0432e-06,8.8373e-06,1.0148e-05,9.4673e-06
P58,60.00,0.00,30.00,0.00,1.1439e-07,3.6305e-07,1.1613e-06,4.6971e-06,9.8925e-06,9.8802e-06,7.3745e-06,1.1150e-07,3.3124e-07,8.8044e-07,4.7416e-06,8.5530e-06,9.8073e-06,8.5754e-06
P58,60.00,90.00,60.00,0.00,7.3869e-08,3.6304e-07,1.1613e-06,4.6957e-06,9.8924e-06,9.8800e-06,7.3745e-06,7.2391e-08,3.3124e-07,8.8044e-07,4.7402e-06,8.5527e-06,9.8071e-06,8.5754e-06
P58,0.00,135.00,0.00,0.00,8.8949e-08,4.5545e-07,1.3389e-06,5.0205e-06,1.0252e-05,1.0239e-05,8.4611e-06,8.6554e-08,4.1968e-07,1.0334e-06,5.0432e-06,8.8373e-06,1.0148e-05,9.4673e-06
P58,30.00,135.00,60.00,0.00,6.0017e-08,4.3634e-07,1.3028e-06,4.9606e-06,1.0189e-05,1.0176e-05,8.2470e-06,5.9013e-08,4.0135e-07,1.0024e-06,4.9875e-06,8.7874e-06,1.0089e-05,9.2968e-06
P58,60.00,0.00,60.00,0.00,1.3944e-07,3.6306e-07,1.1613e-06,4.6994e-06,9.8927e-06,9.8803e-06,7.3745e-06,1.3654e-07,3.3124e-07,8.8044e-07,4.7442e-06,8.5534e-06,9.8074e-06,8.5754e-06
P58,30.00,0.00,0.00,0.00,9.1493e-08,4.3635e-07,1.3028e-06,4.9610e-06,1.0189e-05,1.0176e-05,8.2470e-06,8.9007e-08,4.0136e-07,1.0024e-06,4.9880e-06,8.7875e-06,1.0089e-05,9.2969e-06
P58,60.00,90.00,30.00,0.00,9.0715e-08,3.6304e-07,1.1613e-06,4.6960e-06,9.8924e-06,9.8801e-06,7.3745e-06,8.8427e-08,3.3124e-07,8.8044e-07,4.7404e-06,8.5528e-06,9.8072e-06,8.5754e-06
P58,30.00,45.00,0.00,0.00,9.1493e-08,4.3635e-07,1.3028e-06,4.9610e-06,1.0189e-05,1.0176e-05,8.2470e-06,8.9007e-08,4.0136e-07,1.0024e-06,4.9880e-06,8.7875e-06,1.0089e-05,9.2969e-06
P58,0.00,45.00,0.00,0.00,8.8949e-08,4.5545e-07,1.3389e-06,5.0205e-06,1.0252e-05,1.0239e-05,8.4611e-06,8.6554e-08,4.1968e-07,1.0334e-06,5.0432e-06,8.8373e-06,1.0148e-05,9.4673e-06
P58,0.00,180.00,30.00,0.00,8.3828e-08,4.5545e-07,1.3389e-06,5.0204e-06,1.0252e-05,1.0239e-05,8.4611e-06,8.1717e-08,4.1968e-07,1.0334e-06,5.0431e-06,8.8373e-06,1.0148e-05,9.4673e-06
P58,60.00,45.00,60.00,0.00,1.0717e-07,3.6305e-07,1.1613e-06,4.6974e-06,9.8925e-06,9.8802e-06,7.3745e-06,1.0491e-07,3.3124e-07,8.8044e-07,4.7420e-06,8.5530e-06,9.8073e-06,8.5754e-06
P58,0.00,45.00,30.00,0.00,8.3828e-08,4.5545e-07,1.3389e-06,5.0204e-06,1.0252e-05,1.0239e-05,8.4611e-06,8.1717e-08,4.1968e-07,1.0334e-06,5.0431e-06,8.8373e-06,1.0148e-05,9.4673e-06
P58,30.00,180.00,0.00,0.00,9.1493e-08,4.3635e-07,1.3028e-06,4.9610e-06,1.0189e-05,1.0176e-05,8.2470e-06,8.9007e-08,4.0136e-07,1.0024e-06,4.9880e-06,8.7875e-06,1.0089e-05,9.2969e-06
P58,30.00,90.00,30.00,0.00,8.7083e-08,4.3635e-07,1.3028e-06,4.9611e-06,1.0189e-05,1.0176e-05,8.2470e-06,8.4861e-08,4.0135e-07,1.0024e-06,4.9880e-06,8.7875e-06,1.0089e-05,9.2969e-06
P58,30.00,90.00,0.00,0.00,9.1493e-08,4.3635e-07,1.3028e-06,4.9610e-06,1.0189e-05,1.0176e-05,8.2470e-06,8.9007e-08,4.0136e-07,1.0024e-06,4.9880e-06,8.7875e-06,1.0089e-05,9.2969e-06
P58,30.00,180.00,30.00,0.00,8.1186e-08,4.3635e-07,1.3028e-06,4.9607e-06,1.0189e-05,1.0176e-05,8.2470e-06,7.9144e-08,4.0135e-07,1.0024e-06,4.9877e-06,8.7874e-06,1.0089e-05,9.2969e-06
P58,30.00,90.00,60.00,0.00,6.5874e-08,4.3634e-07,1.3028e-06,4.9608e-06,1.0189e-05,1.0176e-05,8.2470e-06,6.4702e-08,4.0135e-07,1.0024e-06,4.9877e-06,8.7875e-06,1.0089e-05,9.2968e-06
P58,60.00,135.00,0.00,0.00,9.2754e-08,3.6304e-07,1.1613e-06,4.6960e-06,9.8924e-06,9.8801e-06,7.3745e-06,9.0319e-08,3.3124e-07,8.8044e-07,4.7404e-06,8.5528e-06,9.8072e-06,8.5754e-06
P58,30.00,0.00,30.00,0.00,9.4720e-08,4.3635e-07,1.3028e-06,4.9614e-06,1.0189e-05,1.0176e-05,8.2470e-06,9.2274e-08,4.0135e-07,1.0024e-06,4.9884e-06,8.7875e-06,1.0089e-05,9.2969e-06
P59,60.00,45.00,60.00,0.00,1.0954e-07,2.0093e-07,6.5480e-07,1.9844e-06,5.4244e-06,5.4138e-06,4.7955e-06,1.0517e-07,1.8359e-07,5.0493e-07,1.9774e-06,4.2577e-06,5.3219e-06,5.3574e-06
P59,60.00,135.00,60.00,0.00,4.9332e-08,2.0073e-07,6.5334e-07,1.9801e-06,5.4240e-06,5.4134e-06,4.7954e-06,4.7091e-08,1.8352e-07,5.0424e-07,1.9729e-06,4.2570e-06,5.3215e-06,5.3571e-06
P59,30.00,180.00,30.00,0.00,6.7338e-08,2.3734e-07,7.2258e-07,2.0823e-06,5.4914e-06,5.4807e-06,5.2069e-06,6.4081e-08,2.1846e-07,5.6748e-07,2.0700e-06,4.3249e-06,5.3850e-06,5.6492e-06
P59,60.00,0.00,30.00,0.00,1.1474e-07,2.0097e-07,6.5482e-07,1.9833e-06,5.4243e-06,5.4137e-06,4.7955e-06,1.0978e-07,1.8362e-07,5.0503e-07,1.9762e-06,4.2575e-06,5.3218e-06,5.3573e-06
P59,0.00,135.00,60.00,0.00,4.5847e-08,2.4688e-07,7.3897e-07,2.1034e-06,5.5052e-06,5.4946e-06,5.3028e-06,4.3838e-08,2.2766e-07,5.8295e-07,2.0897e-06,4.3392e-06,5.3982e-06,5.7145e-06
P59,60.00,180.00,0.00,0.00,8.7690e-08,2.0085e-07,6.5403e-07,1.9813e-06,5.4241e-06,5.4135e-06,4.7954e-06,8.3586e-08,1.8357e-07,5.0464e-07,1.9741e-06,4.2571e-06,5.3216e-06,5.3572e-06
P59,60.00,90.00,60.00,0.00,6.7322e-08,2.0078e-07,6.5372e-07,1.9812e-06,5.4241e-06,5.4135e-06,4.7954e-06,6.4396e-08,1.8354e-07,5.0442e-07,1.9740e-06,4.2571e-06,5.3216e-06,5.3572e-06
P59,0.00,45.00,30.00,0.00,6.8864e-08,2.4696e-07,7.3930e-07,2.1035e-06,5.5052e-06,5.4946e-06,5.3028e-06,6.5563e-08,2.2770e-07,5.8319e-07,2.0899e-06,4.3392e-06,5.3982e-06,5.7146e-06
P59,30.00,90.00,30.00,0.00,7.4227e-08,2.3738e-07,7.2283e-07,2.0828e-06,5.4914e-06,5.4808e-06,5.2069e-06,7.0706e-08,2.1848e-07,5.6762e-07,2.0705e-06,4.3249e-06,5.3850e-06,5.6492e-06
P59,0.00,180.00,30.00,0.00,6.8864e-08,2.4696e-07,7.3930e-07,2.1035e-06,5.5052e-06,5.4946e-06,5.3028e-06,6.5563e-08,2.2770e-07,5.8319e-07,2.0899e-06,4.3392e-06,5.3982e-06,5.7146e-06
P59,30.00,180.00,60.00,0.00,4.1758e-08,2.3726e-07,7.2223e-07,2.0820e-06,5.4913e-06,5.4807e-06,5.2068e-06,3.9873e-08,2.1842e-07,5.6725e-07,2.0697e-06,4.3249e-06,5.3849e-06,5.6492e-06
P59,0.00,90.00,30.00,0.00,6.8864e-08,2.4696e-07,7.3930e-07,2.1035e-06,5.5052e-06,5.4946e-06,5.3028e-06,6.5563e-08,2.2770e-07,5.8319e-07,2.0899e-06,4.3392e-06,5.3982e-06,5.7146e-06
P59,30.00,45.00,0.00,0.00,7.8867e-08,2.3740e-07,7.2285e-07,2.0827e-06,5.4914e-06,5.4808e-06,5.2069e-06,7.5043e-08,2.1849e-07,5.6765e-07,2.0704e-06,4.3249e-06,5.3850e-06,5.6492e-06
P59,0.00,45.00,60.00,0.00,4.5847e-08,2.4688e-07,7.3897e-07,2.1034e-06,5.5052e-06,5.4946e-06,5.3028e-06,4.3838e-08,2.2766e-07,5.8295e-07,2.0897e-06,4.3392e-06,5.3982e-06,5.7145e-06
P59,30.00,90.00,0.00,0.00,7.8867e-08,2.3740e-07,7.2285e-07,2.0827e-06,5.4914e-06,5.4808e-06,5.2069e-06,7.5043e-08,2.1849e-07,5.6765e-07,2.0704e-06,4.3249e-06,5.3850e-06,5.6492e-06
P59,60.00,90.00,0.00,0.00,8.7690e-08,2.0085e-07,6.5403e-07,1.9813e-06,5.4241e-06,5.4135e-06,4.7954e-06,8.3586e-08,1.8357e-07,5.0464e-07,1.9741e-06,4.2571e-06,5.3216e-06,5.3572e-06
P59,0.00,90.00,0.00,0.00,7.4307e-08,2.4699e-07,7.3941e-07,2.1037e-06,5.5052e-06,5.4946e-06,5.3028e-06,7.0676e-08,2.2772e-07,5.8327e-07,2.0900e-06,4.3392e-06,5.3982e-06,5.7146e-06
P59,30.00,45.00,60.00,0.00,6.1780e-08,2.3734e-07,7.2278e-07,2.0833e-06,5.4914e-06,5.4808e-06,5.2069e-06,5.9162e-08,2.1846e-07,5.6753e-07,2.0710e-06,4.3250e-06,5.3851e-06,5.6493e-06
P59,60.00,135.00,30.00,0.00,7.3448e-08,2.0080e-07,6.5371e-07,1.9806e-06,5.4240e-06,5.4134e-06,4.7954e-06,6.9965e-08,1.8355e-07,5.0446e-07,1.9734e-06,4.2570e-06,5.3215e-06,5.3572e-06
P59,30.00,180.00,0.00,0.00,7.8867e-08,2.3740e-07,7.2285e-07,2.0827e-06,5.4914e-06,5.4808e-06,5.2069e-06,7.5043e-08,2.1849e-07,5.6765e-07,2.0704e-06,4.3249e-06,5.3850e-06,5.6492e-06
P59,30.00,135.00,0.00,0.00,7.8867e-08,2.3740e-07,7.2285e-07,2.0827e-06,5.4914e-06,5.4808e-06,5.2069e-06,7.5043e-08,2.1849e-07,5.6765e-07,2.0704e-06,4.3249e-06,5.3850e-06,5.6492e-06
P59,30.00,135.00,60.00,0.00,4.4060e-08,2.3727e-07,7.2228e-07,2.0821e-06,5.4913e-06,5.4807e-06,5.2068e-06,4.2086e-08,2.1843e-07,5.6727e-07,2.0698e-06,4.3249e-06,5.3850e-06,5.6492e-06
P59,30.00,0.00,0.00,0.00,7.8867e-08,2.3740e-07,7.2285e-07,2.0827e-06,5.4914e-06,5.4808e-06,5.2069e-06,7.5043e-08,2.1849e-07,5.6765e-07,2.0704e-06,4.3249e-06,5.3850e-06,5.6492e-06
P59,60.00,180.00,30.00,0.00,6.9462e-08,2.0078e-07,6.5363e-07,1.9805e-06,5.4240e-06,5.4134e-06,4.7954e-06,6.6135e-08,1.8354e-07,5.0442e-07,1.9732e-06,4.2570e-06,5.3215e-06,5.3572e-06
P59,60.00,45.00,0.00,0.00,8.7690e-08,2.0085e-07,6.5403e-07,1.9813e-06,5.4241e-06,5.4135e-06,4.7954e-06,8.3586e-08,1.8357e-07,5.0464e-07,1.9741e-06,4.2571e-06,5.3216e-06,5.3572e-06
P59,30.00,90.00,60.00,0.00,5.1163e-08,2.3729e-07,7.2247e-07,2.0825e-06,5.4914e-06,5.4808e-06,5.2069e-06,4.8922e-08,2.1844e-07,5.6737e-07,2.0702e-06,4.3249e-06,5.3850e-06,5.6492e-06
P59,0.00,0.00,60.00,0.00,4.5847e-08,2.4688e-07,7.3897e-07,2.1034e-06,5.5052e-06,5.4946e-06,5.3028e-06,4.3838e-08,2.2766e-07,5.8295e-07,2.0897e-06,4.3392e-06,5.3982e-06,5.7145e-06
P59,60.00,45.00,30.00,0.00,1.0412e-07,2.0092e-07,6.5452e-07,1.9826e-06,5.4242e-06,5.4136e-06,4.7955e-06,9.9520e-08,1.8360e-07,5.0488e-07,1.9754e-06,4.2573e-06,5.3217e-06,5.3573e-06
P59,60.00,135.00,0.00,0.00,8.7690e-08,2.0085e-07,6.5403e-07,1.9813e-06,5.4241e-06,5.4135e-06,4.7954e-06,8.3586e-08,1.8357e-07,5.0464e-07,1.9741e-06,4.2571e-06,5.3216e-06,5.3572e-06
P59,60.00,90.00,30.00,0.00,8.5745e-08,2.0084e-07,6.5401e-07,1.9813e-06,5.4241e-06,5.4135e-06,4.7954e-06,8.1798e-08,1.8357e-07,5.0462e-07,1.9741e-06,4.2571e-06,5.3216e-06,5.3572e-06
P59,30.00,135.00,30.00,0.00,6.9186e-08,2.3736e-07,7.2267e-07,2.0825e-06,5.4914e-06,5.4807e-06,5.2069e-06,6.5858e-08,2.1847e-07,5.6753e-07,2.0701e-06,4.3249e-06,5.3850e-06,5.6492e-06
P59,60.00,180.00,60.00,0.00,4.4558e-08,2.0071e-07,6.5320e-07,1.9797e-06,5.4240e-06,5.4133e-06,4.7954e-06,4.2507e-08,1.8351e-07,5.0418e-07,1.9724e-06,4.2569e-06,5.3215e-06,5.3571e-06
P59,0.00,180.00,0.00,0.00,7.4307e-08,2.4699e-07,7.3941e-07,2.1037e-06,5.5052e-06,5.4946e-06,5.3028e-06,7.0676e-08,2.2772e-07,5.8327e-07,2.0900e-06,4.3392e-06,5.3982e-06,5.7146e-06
P59,0.00,135.00,0.00,0.00,7.4307e-08,2.4699e-07,7.3941e-07,2.1037e-06,5.5052e-06,5.4946e-06,5.3028e-06,7.0676e-08,2.2772e-07,5.8327e-07,2.0900e-06,4.3392e-06,5.3982e-06,5.7146e-06
P59,0.00,180.00,60.00,0.00,4.5847e-08,2.4688e-07,7.3897e-07,2.1034e-06,5.5052e-06,5.4946e-06,5.3028e-06,4.3838e-08,2.2766e-07,5.8295e-07,2.0897e-06,4.3392e-06,5.3982e-06,5.7145e-06
P59,30.00,0.00,60.00,0.00,6.7915e-08,2.3737e-07,7.2296e-07,2.0837e-06,5.4915e-06,5.4809e-06,5.2069e-06,6.5089e-08,2.1847e-07,5.6763e-07,2.0714e-06,4.3251e-06,5.3851e-06,5.6493e-06
P59,0.00,135.00,30.00,0.00,6.8864e-08,2.4696e-07,7.3930e-07,2.1035e-06,5.5052e-06,5.4946e-06,5.3028e-06,6.5563e-08,2.2770e-07,5.8319e-07,2.0899e-06,4.3392e-06,5.3982e-06,5.7146e-06
P59,60.00,0.00,0.00,0.00,8.7690e-08,2.0085e-07,6.5403e-07,1.9813e-06,5.4241e-06,5.4135e-06,4.7954e-06,8.3586e-08,1.8357e-07,5.0464e-07,1.9741e-06,4.2571e-06,5.3216e-06,5.3572e-06
P59,0.00,90.00,60.00,0.00,4.5847e-08,2.4688e-07,7.3897e-07,2.1034e-06,5.5052e-06,5.4946e-06,5.3028e-06,4.3838e-08,2.2766e-07,5.8295e-07,2.0897e-06,4.3392e-06,5.3982e-06,5.7145e-06
P59,0.00,45.00,0.00,0.00,7.4307e-08,2.4699e-07,7.3941e-07,2.1037e-06,5.5052e-06,5.4946e-06,5.3028e-06,7.0676e-08,2.2772e-07,5.8327e-07,2.0900e-06,4.3392e-06,5.3982e-06,5.7146e-06
P59,60.00,0.00,60.00,0.00,1.5043e-07,2.0110e-07,6.5607e-07,1.9883e-06,5.4248e-06,5.4142e-06,4.7956e-06,1.4482e-07,1.8365e-07,5.0553e-07,1.9815e-06,4.2584e-06,5.3223e-06,5.3576e-06
P59,30.00,45.00,30.00,0.00,8.0260e-08,2.3742e-07,7.2302e-07,2.0831e-06,5.4914e-06,5.4808e-06,5.2069e-06,7.6513e-08,2.1850e-07,5.6773e-07,2.0708e-06,4.3250e-06,5.3850e-06,5.6492e-06
P59,0.00,0.00,0.00,0.00,7.4307e-08,2.4699e-07,7.3941e-07,2.1037e-06,5.5052e-06,5.4946e-06,5.3028e-06,7.0676e-08,2.2772e-07,5.8327e-07,2.0900e-06,4.3392e-06,5.3982e-06,5.7146e-06
P59,0.00,0.00,30.00,0.00,6.8864e-08,2.4696e-07,7.3930e-07,2.1035e-06,5.5052e-06,5.4946e-06,5.3028e-06,6.5563e-08,2.2770e-07,5.8319e-07,2.0899e-06,4.3392e-06,5.3982e-06,5.7146e-06
P59,30.00,0.00,30.00,0.00,8.3149e-08,2.3744e-07,7.2312e-07,2.0833e-06,5.4914e-06,5.4808e-06,5.2069e-06,7.9297e-08,2.1851e-07,5.6779e-07,2.0710e-06,4.3250e-06,5.3850e-06,5.6493e-06
P60,60.00,135.00,30.00,0.00,7.5020e-08,2.2461e-07,7.8572e-07,3.9596e-06,8.8682e-06,8.8559e-06,6.7703e-06,7.2784e-08,2.0253e-07,5.6539e-07,3.9951e-06,7.5337e-06,8.7789e-06,7.8189e-06
P60,60.00,90.00,60.00,0.00,6.8460e-08,2.2460e-07,7.8572e-07,3.9598e-06,8.8682e-06,8.8559e-06,6.7703e-06,6.6759e-08,2.0253e-07,5.6539e-07,3.9954e-06,7.5337e-06,8.7789e-06,7.8189e-06
P60,60.00,0.00,60.00,0.00,1.3704e-07,2.2463e-07,7.8572e-07,3.9642e-06,8.8685e-06,8.8563e-06,6.7703e-06,1.3377e-07,2.0253e-07,5.6539e-07,4.0002e-06,7.5346e-06,8.7793e-06,7.8190e-06
P60,0.00,135.00,30.00,0.00,7.6470e-08,2.7998e-07,9.4871e-07,4.2460e-06,9.1446e-06,9.1319e-06,7.7267e-06,7.4134e-08,2.5357e-07,6.8706e-07,4.2634e-06,7.7535e-06,9.0384e-06,8.5921e-06
P60,30.00,180.00,30.00,0.00,7.4139e-08,2.6778e-07,9.1378e-07,4.1940e-06,9.0962e-06,9.0836e-06,7.5393e-06,7.1872e-08,2.4228e-07,6.6076e-07,4.2150e-06,7.7146e-06,8.9930e-06,8.4456e-06
P60,30.00,45.00,30.00,0.00,8.5511e-08,2.6778e-07,9.1378e-07,4.1946e-06,9.0963e-06,9.0836e-06,7.5393e-06,8.2889e-08,2.4228e-07,6.6076e-07,4.2157e-06,7.7147e-06,8.9930e-06,8.4456e-06
P60,30.00,45.00,60.00,0.00,6.7716e-08,2.6777e-07,9.1378e-07,4.1945e-06,9.0963e-06,9.0836e-06,7.5393e-06,6.6098e-08,2.4228e-07,6.6076e-07,4.2156e-06,7.7147e-06,8.9930e-06,8.4456e-06
P60,60.00,90.00,30.00,0.00,8.5402e-08,2.2461e-07,7.8572e-07,3.9600e-06,8.8682e-06,8.8559e-06,6.7703e-06,8.2863e-08,2.0253e-07,5.6539e-07,3.9956e-06,7.5338e-06,8.7790e-06,7.8189e-06
P60,0.00,180.00,30.00,0.00,7.6470e-08,2.7998e-07,9.4871e-07,4.2460e-06,9.1446e-06,9.1319e-06,7.7267e-06,7.4134e-08,2.5357e-07,6.8706e-07,4.2634e-06,7.7535e-06,9.0384e-06,8.5921e-06
P60,0.00,135.00,60.00,0.00,5.4922e-08,2.7997e-07,9.4871e-07,4.2458e-06,9.1446e-06,9.1319e-06,7.7267e-06,5.3694e-08,2.5357e-07,6.8706e-07,4.2632e-06,7.7535e-06,9.0384e-06,8.5921e-06
P60,30.00,90.00,60.00,0.00,5.8658e-08,2.6777e-07,9.1378e-07,4.1940e-06,9.0962e-06,9.0836e-06,7.5393e-06,5.7289e-08,2.4228e-07,6.6076e-07,4.2151e-06,7.7146e-06,8.9930e-06,8.4455e-06
P60,0.00,90.00,60.00,0.00,5.4922e-08,2.7997e-07,9.4871e-07,4.2458e-06,9.1446e-06,9.1319e-06,7.7267e-06,5.3694e-08,2.5357e-07,6.8706e-07,4.2632e-06,7.7535e-06,9.0384e-06,8.5921e-06
P60,60.00,180.00,60.00,0.00,4.9714e-08,2.2460e-07,7.8572e-07,3.9589e-06,8.8681e-06,8.8559e-06,6.7703e-06,4.8553e-08,2.0253e-07,5.6539e-07,3.9944e-06,7.5336e-06,8.7789e-06,7.8188e-06
P60,0.00,180.00,60.00,0.00,5.4922e-08,2.7997e-07,9.4871e-07,4.2458e-06,9.1446e-06,9.1319e-06,7.7267e-06,5.3694e-08,2.5357e-07,6.8706e-07,4.2632e-06,7.7535e-06,9.0384e-06,8.5921e-06
P60,0.00,0.00,60.00,0.00,5.4922e-08,2.7997e-07,9.4871e-07,4.2458e-06,9.1446e-06,9.1319e-06,7.7267e-06,5.3694e-08,2.5357e-07,6.8706e-07,4.2632e-06,7.7535e-06,9.0384e-06,8.5921e-06
P60,30.00,90.00,0.00,0.00,8.4657e-08,2.6778e-07,9.1379e-07,4.1943e-06,9.0962e-06,9.0836e-06,7.5393e-06,8.1927e-08,2.4228e-07,6.6076e-07,4.2154e-06,7.7146e-06,8.9930e-06,8.4456e-06
P60,60.00,180.00,30.00,0.00,7.1655e-08,2.2461e-07,7.8572e-07,3.9594e-06,8.8681e-06,8.8559e-06,6.7703e-06,6.9522e-08,2.0253e-07,5.6539e-07,3.9950e-06,7.5337e-06,8.7789e-06,7.8189e-06
P60,0.00,135.00,0.00,0.00,8.1657e-08,2.7998e-07,9.4871e-07,4.2461e-06,9.1446e-06,9.1319e-06,7.7267e-06,7.9027e-08,2.5357e-07,6.8706e-07,4.2635e-06,7.7535e-06,9.0384e-06,8.5922e-06
P60,30.00,180.00,0.00,0.00,8.4657e-08,2.6778e-07,9.1379e-07,4.1943e-06,9.0962e-06,9.0836e-06,7.5393e-06,8.1927e-08,2.4228e-07,6.6076e-07,4.2154e-06,7.7146e-06,8.9930e-06,8.4456e-06
P60,30.00,135.00,60.00,0.00,5.2596e-08,2.6777e-07,9.1378e-07,4.1938e-06,9.0962e-06,9.0836e-06,7.5393e-06,5.1407e-08,2.4228e-07,6.6076e-07,4.2148e-06,7.7146e-06,8.9930e-06,8.4455e-06
P60,0.00,180.00,0.00,0.00,8.1657e-08,2.7998e-07,9.4871e-07,4.2461e-06,9.1446e-06,9.1319e-06,7.7267e-06,7.9027e-08,2.5357e-07,6.8706e-07,4.2635e-06,7.7535e-06,9.0384e-06,8.5922e-06
P60,0.00,45.00,0.00,0.00,8.1657e-08,2.7998e-07,9.4871e-07,4.2461e-06,9.1446e-06,9.1319e-06,7.7267e-06,7.9027e-08,2.5357e-07,6.8706e-07,4.2635e-06,7.7535e-06,9.0384e-06,8.5922e-06
P60,0.00,90.00,30.00,0.00,7.6470e-08,2.7998e-07,9.4871e-07,4.2460e-06,9.1446e-06,9.1319e-06,7.7267e-06,7.4134e-08,2.5357e-07,6.8706e-07,4.2634e-06,7.7535e-06,9.0384e-06,8.5921e-06
P60,30.00,0.00,60.00,0.00,7.2952e-08,2.6778e-07,9.1378e-07,4.1948e-06,9.0963e-06,9.0836e-06,7.5393e-06,7.1198e-08,2.4228e-07,6.6076e-07,4.2159e-06,7.7148e-06,8.9931e-06,8.4456e-06
P60,30.00,135.00,0.00,0.00,8.4657e-08,2.6778e-07,9.1379e-07,4.1943e-06,9.0962e-06,9.0836e-06,7.5393e-06,8.1927e-08,2.4228e-07,6.6076e-07,4.2154e-06,7.7146e-06,8.9930e-06,8.4456e-06
P60,0.00,45.00,30.00,0.00,7.6470e-08,2.7998e-07,9.4871e-07,4.2460e-06,9.1446e-06,9.1319e-06,7.7267e-06,7.4134e-08,2.5357e-07,6.8706e-07,4.2634e-06,7.7535e-06,9.0384e-06,8.5921e-06
P60,0.00,45.00,60.00,0.00,5.4922e-08,2.7997e-07,9.4871e-07,4.2458e-06,9.1446e-06,9.1319e-06,7.7267e-06,5.3694e-08,2.5357e-07,6.8706e-07,4.2632e-06,7.7535e-06,9.0384e-06,8.5921e-06
P60,60.00,45.00,30.00,0.00,1.0092e-07,2.2462e-07,7.8572e-07,3.9609e-06,8.8683e-06,8.8560e-06,6.7703e-06,9.7961e-08,2.0253e-07,5.6539e-07,3.9965e-06,7.5339e-06,8.7790e-06,7.8189e-06
P60,60.00,180.00,0.00,0.00,8.7392e-08,2.2461e-07,7.8572e-07,3.9600e-06,8.8682e-06,8.8559e-06,6.7703e-06,8.4705e-08,2.0253e-07,5.6539e-07,3.9956e-06,7.5338e-06,8.7790e-06,7.8189e-06
P60,60.00,135.00,60.00,0.00,5.3643e-08,2.2460e-07,7.8572e-07,3.9591e-06,8.8681e-06,8.8559e-06,6.7703e-06,5.2364e-08,2.0253e-07,5.6539e-07,3.9947e-06,7.5336e-06,8.7789e-06,7.8188e-06
P60,60.00,45.00,60.00,0.00,1.0327e-07,2.2462e-07,7.8572e-07,3.9618e-06,8.8683e-06,8.8561e-06,6.7703e-06,1.0071e-07,2.0253e-07,5.6539e-07,3.9976e-06,7.5341e-06,8.7791e-06,7.8189e-06
P60,30.00,90.00,30.00,0.00,8.0202e-08,2.6778e-07,9.1378e-07,4.1943e-06,9.0962e-06,9.0836e-06,7.5393e-06,7.7742e-08,2.4228e-07,6.6076e-07,4.2154e-06,7.7147e-06,8.9930e-06,8.4456e-06
P60,30.00,45.00,0.00,0.00,8.4657e-08,2.6778e-07,9.1379e-07,4.1943e-06,9.0962e-06,9.0836e-06,7.5393e-06,8.1927e-08,2.4228e-07,6.6076e-07,4.2154e-06,7.7146e-06,8.9930e-06,8.4456e-06
P60,60.00,0.00,0.00,0.00,8.7392e-08,2.2461e-07,7.8572e-07,3.9600e-06,8.8682e-06,8.8559e-06,6.7703e-06,8.4705e-08,2.0253e-07,5.6539e-07,3.9956e-06,7.5338e-06,8.7790e-06,7.8189e-06
P60,0.00,0.00,30.00,0.00,7.6470e-08,2.7998e-07,9.4871e-07,4.2460e-06,9.1446e-06,9.1319e-06,7.7267e-06,7.4134e-08,2.5357e-07,6.8706e-07,4.2634e-06,7.7535e-06,9.0384e-06,8.5921e-06
P60,60.00,0.00,30.00,0.00,1.0989e-07,2.2462e-07,7.8572e-07,3.9613e-06,8.8683e-06,8.8560e-06,6.7703e-06,1.0670e-07,2.0253e-07,5.6539e-07,3.9970e-06,7.5340e-06,8.7791e-06,7.8189e-06
P60,30.00,0.00,0.00,0.00,8.4657e-08,2.6778e-07,9.1379e-07,4.1943e-06,9.0962e-06,9.0836e-06,7.5393e-06,8.1927e-08,2.4228e-07,6.6076e-07,4.2154e-06,7.7146e-06,8.9930e-06,8.4456e-06
P60,60.00,45.00,0.00,0.00,8.7392e-08,2.2461e-07,7.8572e-07,3.9600e-06,8.8682e-06,8.8559e-06,6.7703e-06,8.4705e-08,2.0253e-07,5.6539e-07,3.9956e-06,7.5338e-06,8.7790e-06,7.8189e-06
P60,30.00,135.00,30.00,0.00,7.5765e-08,2.6778e-07,9.1378e-07,4.1941e-06,9.0962e-06,9.0836e-06,7.5393e-06,7.3446e-08,2.4228e-07,6.6076e-07,4.2152e-06,7.7146e-06,8.9930e-06,8.4456e-06
P60,0.00,90.00,0.00,0.00,8.1657e-08,2.7998e-07,9.4871e-07,4.2461e-06,9.1446e-06,9.1319e-06,7.7267e-06,7.9027e-08,2.5357e-07,6.8706e-07,4.2635e-06,7.7535e-06,9.0384e-06,8.5922e-06
P60,60.00,90.00,0.00,0.00,8.7392e-08,2.2461e-07,7.8572e-07,3.9600e-06,8.8682e-06,8.8559e-06,6.7703e-06,8.4705e-08,2.0253e-07,5.6539e-07,3.9956e-06,7.5338e-06,8.7790e-06,7.8189e-06
P60,30.00,0.00,30.00,0.00,8.8052e-08,2.6778e-07,9.1379e-07,4.1947e-06,9.0963e-06,9.0836e-06,7.5393e-06,8.5355e-08,2.4228e-07,6.6076e-07,4.2158e-06,7.7147e-06,8.9930e-06,8.4456e-06
P60,0.00,0.00,0.00,0.00,8.1657e-08,2.7998e-07,9.4871e-07,4.2461e-06,9.1446e-06,9.1319e-06,7.7267e-06,7.9027e-08,2.5357e-07,6.8706e-07,4.2635e-06,7.7535e-06,9.0384e-06,8.5922e-06
P60,60.00,135.00,0.00,0.00,8.7392e-08,2.2461e-07,7.8572e-07,3.9600e-06,8.8682e-06,8.8559e-06,6.7703e-06,8.4705e-08,2.0253e-07,5.6539e-07,3.9956e-06,7.5338e-06,8.7790e-06,7.8189e-06
P60,30.00,180.00,60.00,0.00,5.0632e-08,2.6777e-07,9.1378e-07,4.1937e-06,9.0962e-06,9.0836e-06,7.5393e-06,4.9504e-08,2.4228e-07,6.6076e-07,4.2147e-06,7.7146e-06,8.9930e-06,8.4455e-06
P61,30.00,45.00,30.00,0.00,8.0017e-08,2.1442e-07,6.9142e-07,2.0424e-06,5.4493e-06,5.4388e-06,5.0979e-06,7.6287e-08,1.9592e-07,5.3345e-07,2.0416e-06,4.2922e-06,5.3443e-06,5.5425e-06
P61,30.00,90.00,0.00,0.00,7.8634e-08,2.1441e-07,6.9129e-07,2.0420e-06,5.4493e-06,5.4388e-06,5.0979e-06,7.4826e-08,1.9591e-07,5.3339e-07,2.0412e-06,4.2922e-06,5.3443e-06,5.5425e-06
P61,30.00,135.00,30.00,0.00,6.8968e-08,2.1437e-07,6.9113e-07,2.0418e-06,5.4493e-06,5.4388e-06,5.0979e-06,6.5654e-08,1.9590e-07,5.3330e-07,2.0410e-06,4.2921e-06,5.3442e-06,5.5424e-06
P61,30.00,135.00,0.00,0.00,7.8634e-08,2.1441e-07,6.9129e-07,2.0420e-06,5.4493e-06,5.4388e-06,5.0979e-06,7.4826e-08,1.9591e-07,5.3339e-07,2.0412e-06,4.2922e-06,5.3443e-06,5.5425e-06
P61,30.00,45.00,60.00,0.00,6.1546e-08,2.1436e-07,6.9120e-07,2.0425e-06,5.4494e-06,5.4389e-06,5.0979e-06,5.8944e-08,1.9589e-07,5.3328e-07,2.0418e-06,4.2923e-06,5.3443e-06,5.5425e-06
P61,60.00,45.00,30.00,0.00,1.0373e-07,1.7934e-07,6.1890e-07,1.9297e-06,5.3747e-06,5.3642e-06,4.6606e-06,9.9164e-08,1.6261e-07,4.6755e-07,1.9369e-06,4.2166e-06,5.2739e-06,5.2214e-06
P61,60.00,90.00,60.00,0.00,6.7009e-08,1.7923e-07,6.1823e-07,1.9283e-06,5.3746e-06,5.3640e-06,4.6606e-06,6.4107e-08,1.6257e-07,4.6721e-07,1.9354e-06,4.2164e-06,5.2738e-06,5.2213e-06
P61,0.00,90.00,30.00,0.00,6.8660e-08,2.2388e-07,7.0875e-07,2.0661e-06,5.4657e-06,5.4551e-06,5.2002e-06,6.5372e-08,2.0500e-07,5.4969e-07,2.0633e-06,4.3092e-06,5.3599e-06,5.6147e-06
P61,0.00,90.00,0.00,0.00,7.4097e-08,2.2390e-07,7.0885e-07,2.0662e-06,5.4657e-06,5.4552e-06,5.2002e-06,7.0481e-08,2.0501e-07,5.4976e-07,2.0635e-06,4.3093e-06,5.3599e-06,5.6147e-06
P61,0.00,45.00,0.00,0.00,7.4097e-08,2.2390e-07,7.0885e-07,2.0662e-06,5.4657e-06,5.4552e-06,5.2002e-06,7.0481e-08,2.0501e-07,5.4976e-07,2.0635e-06,4.3093e-06,5.3599e-06,5.6147e-06
P61,30.00,180.00,30.00,0.00,6.7125e-08,2.1436e-07,6.9105e-07,2.0416e-06,5.4493e-06,5.4388e-06,5.0979e-06,6.3881e-08,1.9589e-07,5.3326e-07,2.0408e-06,4.2921e-06,5.3442e-06,5.5424e-06
P61,60.00,0.00,0.00,0.00,8.7362e-08,1.7929e-07,6.1850e-07,1.9284e-06,5.3746e-06,5.3640e-06,4.6606e-06,8.3283e-08,1.6260e-07,4.6738e-07,1.9355e-06,4.2164e-06,5.2738e-06,5.2213e-06
P61,60.00,180.00,60.00,0.00,4.4330e-08,1.7918e-07,6.1782e-07,1.9268e-06,5.3744e-06,5.3639e-06,4.6605e-06,4.2293e-08,1.6255e-07,4.6704e-07,1.9338e-06,4.2162e-06,5.2737e-06,5.2212e-06
P61,60.00,0.00,30.00,0.00,1.1432e-07,1.7938e-07,6.1914e-07,1.9304e-06,5.3747e-06,5.3642e-06,4.6607e-06,1.0939e-07,1.6262e-07,4.6766e-07,1.9376e-06,4.2168e-06,5.2740e-06,5.2215e-06
P61,0.00,135.00,60.00,0.00,4.5671e-08,2.2381e-07,7.0846e-07,2.0659e-06,5.4656e-06,5.4551e-06,5.2002e-06,4.3673e-08,2.0497e-07,5.4950e-07,2.0632e-06,4.3092e-06,5.3599e-06,5.6147e-06
P61,60.00,135.00,30.00,0.00,7.3155e-08,1.7925e-07,6.1824e-07,1.9277e-06,5.3745e-06,5.3640e-06,4.6606e-06,6.9694e-08,1.6258e-07,4.6725e-07,1.9348e-06,4.2163e-06,5.2737e-06,5.2213e-06
P61,0.00,90.00,60.00,0.00,4.5671e-08,2.2381e-07,7.0846e-07,2.0659e-06,5.4656e-06,5.4551e-06,5.2002e-06,4.3673e-08,2.0497e-07,5.4950e-07,2.0632e-06,4.3092e-06,5.3599e-06,5.6147e-06
P61,60.00,45.00,0.00,0.00,8.7362e-08,1.7929e-07,6.1850e-07,1.9284e-06,5.3746e-06,5.3640e-06,4.6606e-06,8.3283e-08,1.6260e-07,4.6738e-07,1.9355e-06,4.2164e-06,5.2738e-06,5.2213e-06
P61,0.00,180.00,0.00,0.00,7.4097e-08,2.2390e-07,7.0885e-07,2.0662e-06,5.4657e-06,5.4552e-06,5.2002e-06,7.0481e-08,2.0501e-07,5.4976e-07,2.0635e-06,4.3093e-06,5.3599e-06,5.6147e-06
P61,60.00,180.00,30.00,0.00,6.9181e-08,1.7924e-07,6.1817e-07,1.9276e-06,5.3745e-06,5.3640e-06,4.6606e-06,6.5874e-08,1.6258e-07,4.6721e-07,1.9346e-06,4.2163e-06,5.2737e-06,5.2213e-06
P61,0.00,0.00,0.00,0.00,7.4097e-08,2.2390e-07,7.0885e-07,2.0662e-06,5.4657e-06,5.4552e-06,5.2002e-06,7.0481e-08,2.0501e-07,5.4976e-07,2.0635e-06,4.3093e-06,5.3599e-06,5.6147e-06
P61,60.00,90.00,30.00,0.00,8.5414e-08,1.7928e-07,6.1848e-07,1.9284e-06,5.3746e-06,5.3640e-06,4.6606e-06,8.1492e-08,1.6259e-07,4.6736e-07,1.9356e-06,4.2164e-06,5.2738e-06,5.2213e-06
P61,30.00,0.00,30.00,0.00,8.2899e-08,2.1443e-07,6.9151e-07,2.0426e-06,5.4493e-06,5.4388e-06,5.0979e-06,7.9065e-08,1.9593e-07,5.3350e-07,2.0418e-06,4.2923e-06,5.3443e-06,5.5425e-06
P61,0.00,45.00,30.00,0.00,6.8660e-08,2.2388e-07,7.0875e-07,2.0661e-06,5.4657e-06,5.4551e-06,5.2002e-06,6.5372e-08,2.0500e-07,5.4969e-07,2.0633e-06,4.3092e-06,5.3599e-06,5.6147e-06
P61,0.00,0.00,30.00,0.00,6.8660e-08,2.2388e-07,7.0875e-07,2.0661e-06,5.4657e-06,5.4551e-06,5.2002e-06,6.5372e-08,2.0500e-07,5.4969e-07,2.0633e-06,4.3092e-06,5.3599e-06,5.6147e-06
P61,30.00,90.00,30.00,0.00,7.3998e-08,2.1439e-07,6.9126e-07,2.0421e-06,5.4493e-06,5.4388e-06,5.0979e-06,7.0492e-08,1.9591e-07,5.3337e-07,2.0413e-06,4.2922e-06,5.3443e-06,5.5425e-06
P61,30.00,180.00,60.00,0.00,4.1583e-08,2.1429e-07,6.9075e-07,2.0413e-06,5.4493e-06,5.4387e-06,5.0979e-06,3.9708e-08,1.9587e-07,5.3307e-07,2.0405e-06,4.2921e-06,5.3442e-06,5.5424e-06
P61,30.00,180.00,0.00,0.00,7.8634e-08,2.1441e-07,6.9129e-07,2.0420e-06,5.4493e-06,5.4388e-06,5.0979e-06,7.4826e-08,1.9591e-07,5.3339e-07,2.0412e-06,4.2922e-06,5.3443e-06,5.5425e-06
P61,30.00,0.00,0.00,0.00,7.8634e-08,2.1441e-07,6.9129e-07,2.0420e-06,5.4493e-06,5.4388e-06,5.0979e-06,7.4826e-08,1.9591e-07,5.3339e-07,2.0412e-06,4.2922e-06,5.3443e-06,5.5425e-06
P61,0.00,135.00,0.00,0.00,7.4097e-08,2.2390e-07,7.0885e-07,2.0662e-06,5.4657e-06,5.4552e-06,5.2002e-06,7.0481e-08,2.0501e-07,5.4976e-07,2.0635e-06,4.3093e-06,5.3599e-06,5.6147e-06
P61,60.00,180.00,0.00,0.00,8.7362e-08,1.7929e-07,6.1850e-07,1.9284e-06,5.3746e-06,5.3640e-06,4.6606e-06,8.3283e-08,1.6260e-07,4.6738e-07,1.9355e-06,4.2164e-06,5.2738e-06,5.2213e-06
P61,0.00,180.00,60.00,0.00,4.5671e-08,2.2381e-07,7.0846e-07,2.0659e-06,5.4656e-06,5.4551e-06,5.2002e-06,4.3673e-08,2.0497e-07,5.4950e-07,2.0632e-06,4.3092e-06,5.3599e-06,5.6147e-06
P61,0.00,45.00,60.00,0.00,4.5671e-08,2.2381e-07,7.0846e-07,2.0659e-06,5.4656e-06,5.4551e-06,5.2002e-06,4.3673e-08,2.0497e-07,5.4950e-07,2.0632e-06,4.3092e-06,5.3599e-06,5.6147e-06
P61,0.00,135.00,30.00,0.00,6.8660e-08,2.2388e-07,7.0875e-07,2.0661e-06,5.4657e-06,5.4551e-06,5.2002e-06,6.5372e-08,2.0500e-07,5.4969e-07,2.0633e-06,4.3092e-06,5.3599e-06,5.6147e-06
P61,30.00,0.00,60.00,0.00,6.7664e-08,2.1438e-07,6.9135e-07,2.0429e-06,5.4494e-06,5.4389e-06,5.0979e-06,6.4856e-08,1.9590e-07,5.3335e-07,2.0422e-06,4.2924e-06,5.3444e-06,5.5425e-06
P61,60.00,135.00,60.00,0.00,4.9087e-08,1.7919e-07,6.1792e-07,1.9272e-06,5.3745e-06,5.3639e-06,4.6606e-06,4.6862e-08,1.6256e-07,4.6708e-07,1.9343e-06,4.2163e-06,5.2737e-06,5.2213e-06
P61,30.00,45.00,0.00,0.00,7.8634e-08,2.1441e-07,6.9129e-07,2.0420e-06,5.4493e-06,5.4388e-06,5.0979e-06,7.4826e-08,1.9591e-07,5.3339e-07,2.0412e-06,4.2922e-06,5.3443e-06,5.5425e-06
P61,30.00,90.00,60.00,0.00,5.0961e-08,2.1432e-07,6.9094e-07,2.0418e-06,5.4493e-06,5.4388e-06,5.0979e-06,4.8733e-08,1.9588e-07,5.3316e-07,2.0410e-06,4.2922e-06,5.3443e-06,5.5424e-06
P61,60.00,0.00,60.00,0.00,1.4981e-07,1.7948e-07,6.2010e-07,1.9352e-06,5.3753e-06,5.3647e-06,4.6608e-06,1.4426e-07,1.6264e-07,4.6799e-07,1.9428e-06,4.2177e-06,5.2745e-06,5.2217e-06
P61,30.00,135.00,60.00,0.00,4.3878e-08,2.1430e-07,6.9079e-07,2.0414e-06,5.4493e-06,5.4388e-06,5.0979e-06,4.1915e-08,1.9587e-07,5.3309e-07,2.0406e-06,4.2921e-06,5.3442e-06,5.5424e-06
P61,60.00,135.00,0.00,0.00,8.7362e-08,1.7929e-07,6.1850e-07,1.9284e-06,5.3746e-06,5.3640e-06,4.6606e-06,8.3283e-08,1.6260e-07,4.6738e-07,1.9355e-06,4.2164e-06,5.2738e-06,5.2213e-06
P61,60.00,45.00,60.00,0.00,1.0907e-07,1.7935e-07,6.1909e-07,1.9314e-06,5.3749e-06,5.3643e-06,4.6607e-06,1.0474e-07,1.6260e-07,4.6757e-07,1.9388e-06,4.2170e-06,5.2741e-06,5.2215e-06
P61,60.00,90.00,0.00,0.00,8.7362e-08,1.7929e-07,6.1850e-07,1.9284e-06,5.3746e-06,5.3640e-06,4.6606e-06,8.3283e-08,1.6260e-07,4.6738e-07,1.9355e-06,4.2164e-06,5.2738e-06,5.2213e-06
P61,0.00,180.00,30.00,0.00,6.8660e-08,2.2388e-07,7.0875e-07,2.0661e-06,5.4657e-06,5.4551e-06,5.2002e-06,6.5372e-08,2.0500e-07,5.4969e-07,2.0633e-06,4.3092e-06,5.3599e-06,5.6147e-06
P61,0.00,0.00,60.00,0.00,4.5671e-08,2.2381e-07,7.0846e-07,2.0659e-06,5.4656e-06,5.4551e-06,5.2002e-06,4.3673e-08,2.0497e-07,5.4950e-07,2.0632e-06,4.3092e-06,5.3599e-06,5.6147e-06
P62,60.00,90.00,30.00,0.00,9.0642e-08,2.8093e-07,9.0672e-07,4.8633e-06,1.0105e-05,1.0093e-05,7.5256e-06,8.8671e-08,2.5573e-07,6.6532e-07,4.9205e-06,8.8512e-06,1.0036e-05,8.6901e-06
P62,0.00,90.00,0.00,0.00,9.0125e-08,3.4094e-07,1.0859e-06,5.2364e-06,1.0557e-05,1.0544e-05,8.6450e-06,8.8021e-08,3.1089e-07,7.9672e-07,5.2705e-06,9.1944e-06,1.0465e-05,9.6526e-06
P62,60.00,135.00,60.00,0.00,6.0851e-08,2.8092e-07,9.0672e-07,4.8626e-06,1.0105e-05,1.0093e-05,7.5256e-06,5.9973e-08,2.5573e-07,6.6532e-07,4.9197e-06,8.8511e-06,1.0036e-05,8.6901e-06
P62,30.00,90.00,0.00,0.00,9.2349e-08,3.2773e-07,1.0471e-06,5.1678e-06,1.0477e-05,1.0465e-05,8.4217e-06,9.0167e-08,2.9872e-07,7.6794e-07,5.2064e-06,9.1347e-06,1.0390e-05,9.4672e-06
P62,30.00,135.00,60.00,0.00,6.2030e-08,3.2772e-07,1.0471e-06,5.1673e-06,1.0477e-05,1.0465e-05,8.4217e-06,6.1219e-08,2.9872e-07,7.6794e-07,5.2060e-06,9.1346e-06,1.0390e-05,9.4671e-06
P62,0.00,0.00,30.00,0.00,8.5194e-08,3.4094e-07,1.0859e-06,5.2363e-06,1.0557e-05,1.0544e-05,8.6450e-06,8.3355e-08,3.1089e-07,7.9672e-07,5.2704e-06,9.1944e-06,1.0465e-05,9.6525e-06
P62,60.00,180.00,30.00,0.00,7.7879e-08,2.8093e-07,9.0672e-07,4.8629e-06,1.0105e-05,1.0093e-05,7.5256e-06,7.6249e-08,2.5573e-07,6.6532e-07,4.9200e-06,8.8511e-06,1.0036e-05,8.6901e-06
P62,0.00,0.00,60.00,0.00,6.4752e-08,3.4093e-07,1.0859e-06,5.2361e-06,1.0556e-05,1.0544e-05,8.6450e-06,6.3906e-08,3.1089e-07,7.9672e-07,5.2702e-06,9.1944e-06,1.0465e-05,9.6525e-06
P62,60.00,90.00,0.00,0.00,9.2609e-08,2.8093e-07,9.0672e-07,4.8633e-06,1.0105e-05,1.0093e-05,7.5256e-06,9.0502e-08,2.5573e-07,6.6532e-07,4.9205e-06,8.8512e-06,1.0036e-05,8.6901e-06
P62,30.00,45.00,60.00,0.00,7.6077e-08,3.2772e-07,1.0471e-06,5.1679e-06,1.0477e-05,1.0465e-05,8.4217e-06,7.4906e-08,2.9872e-07,7.6794e-07,5.2066e-06,9.1347e-06,1.0390e-05,9.4672e-06
P62,0.00,45.00,30.00,0.00,8.5194e-08,3.4094e-07,1.0859e-06,5.2363e-06,1.0557e-05,1.0544e-05,8.6450e-06,8.3355e-08,3.1089e-07,7.9672e-07,5.2704e-06,9.1944e-06,1.0465e-05,9.6525e-06
P62,60.00,0.00,30.00,0.00,1.1339e-07,2.8094e-07,9.0672e-07,4.8643e-06,1.0105e-05,1.0093e-05,7.5256e-06,1.1088e-07,2.5573e-07,6.6532e-07,4.9215e-06,8.8513e-06,1.0036e-05,8.6901e-06
P62,0.00,180.00,0.00,0.00,9.0125e-08,3.4094e-07,1.0859e-06,5.2364e-06,1.0557e-05,1.0544e-05,8.6450e-06,8.8021e-08,3.1089e-07,7.9672e-07,5.2705e-06,9.1944e-06,1.0465e-05,9.6526e-06
P62,0.00,0.00,0.00,0.00,9.0125e-08,3.4094e-07,1.0859e-06,5.2364e-06,1.0557e-05,1.0544e-05,8.6450e-06,8.8021e-08,3.1089e-07,7.9672e-07,5.2705e-06,9.1944e-06,1.0465e-05,9.6526e-06
P62,60.00,45.00,0.00,0.00,9.2609e-08,2.8093e-07,9.0672e-07,4.8633e-06,1.0105e-05,1.0093e-05,7.5256e-06,9.0502e-08,2.5573e-07,6.6532e-07,4.9205e-06,8.8512e-06,1.0036e-05,8.6901e-06
P62,30.00,45.00,0.00,0.00,9.2349e-08,3.2773e-07,1.0471e-06,5.1678e-06,1.0477e-05,1.0465e-05,8.4217e-06,9.0167e-08,2.9872e-07,7.6794e-07,5.2064e-06,9.1347e-06,1.0390e-05,9.4672e-06
P62,30.00,45.00,30.00,0.00,9.3089e-08,3.2773e-07,1.0471e-06,5.1680e-06,1.0477e-05,1.0465e-05,8.4217e-06,9.1013e-08,2.9872e-07,7.6794e-07,5.2067e-06,9.1347e-06,1.0390e-05,9.4672e-06
P62,0.00,180.00,30.00,0.00,8.5194e-08,3.4094e-07,1.0859e-06,5.2363e-06,1.0557e-05,1.0544e-05,8.6450e-06,8.3355e-08,3.1089e-07,7.9672e-07,5.2704e-06,9.1944e-06,1.0465e-05,9.6525e-06
P62,60.00,0.00,60.00,0.00,1.3719e-07,2.8095e-07,9.0672e-07,4.8662e-06,1.0105e-05,1.0094e-05,7.5256e-06,1.3471e-07,2.5573e-07,6.6532e-07,4.9237e-06,8.8517e-06,1.0036e-05,8.6902e-06
P62,60.00,0.00,0.00,0.00,9.2609e-08,2.8093e-07,9.0672e-07,4.8633e-06,1.0105e-05,1.0093e-05,7.5256e-06,9.0502e-08,2.5573e-07,6.6532e-07,4.9205e-06,8.8512e-06,1.0036e-05,8.6901e-06
P62,60.00,90.00,60.00,0.00,7.4415e-08,2.8093e-07,9.0672e-07,4.8631e-06,1.0105e-05,1.0093e-05,7.5256e-06,7.3192e-08,2.5573e-07,6.6532e-07,4.9202e-06,8.8511e-06,1.0036e-05,8.6901e-06
P62,30.00,90.00,60.00,0.00,6.7660e-08,3.2772e-07,1.0471e-06,5.1675e-06,1.0477e-05,1.0465e-05,8.4217e-06,6.6698e-08,2.9872e-07,7.6794e-07,5.2062e-06,9.1346e-06,1.0390e-05,9.4672e-06
P62,30.00,0.00,60.00,0.00,8.0943e-08,3.2772e-07,1.0471e-06,5.1681e-06,1.0477e-05,1.0465e-05,8.4217e-06,7.9659e-08,2.9872e-07,7.6794e-07,5.2068e-06,9.1347e-06,1.0390e-05,9.4672e-06
P62,0.00,135.00,30.00,0.00,8.5194e-08,3.4094e-07,1.0859e-06,5.2363e-06,1.0557e-05,1.0544e-05,8.6450e-06,8.3355e-08,3.1089e-07,7.9672e-07,5.2704e-06,9.1944e-06,1.0465e-05,9.6525e-06
P62,60.00,45.00,60.00,0.00,1.0628e-07,2.8094e-07,9.0672e-07,4.8645e-06,1.0105e-05,1.0093e-05,7.5256e-06,1.0437e-07,2.5573e-07,6.6532e-07,4.9218e-06,8.8514e-06,1.0036e-05,8.6901e-06
P62,0.00,45.00,0.00,0.00,9.0125e-08,3.4094e-07,1.0859e-06,5.2364e-06,1.0557e-05,1.0544e-05,8.6450e-06,8.8021e-08,3.1089e-07,7.9672e-07,5.2705e-06,9.1944e-06,1.0465e-05,9.6526e-06
P62,0.00,90.00,60.00,0.00,6.4752e-08,3.4093e-07,1.0859e-06,5.2361e-06,1.0556e-05,1.0544e-05,8.6450e-06,6.3906e-08,3.1089e-07,7.9672e-07,5.2702e-06,9.1944e-06,1.0465e-05,9.6525e-06
P62,30.00,180.00,60.00,0.00,6.0207e-08,3.2772e-07,1.0471e-06,5.1673e-06,1.0477e-05,1.0465e-05,8.4217e-06,5.9447e-08,2.9872e-07,7.6794e-07,5.2059e-06,9.1346e-06,1.0390e-05,9.4671e-06
P62,0.00,45.00,60.00,0.00,6.4752e-08,3.4093e-07,1.0859e-06,5.2361e-06,1.0556e-05,1.0544e-05,8.6450e-06,6.3906e-08,3.1089e-07,7.9672e-07,5.2702e-06,9.1944e-06,1.0465e-05,9.6525e-06
P62,30.00,0.00,0.00,0.00,9.2349e-08,3.2773e-07,1.0471e-06,5.1678e-06,1.0477e-05,1.0465e-05,8.4217e-06,9.0167e-08,2.9872e-07,7.6794e-07,5.2064e-06,9.1347e-06,1.0390e-05,9.4672e-06
P62,30.00,180.00,0.00,0.00,9.2349e-08,3.2773e-07,1.0471e-06,5.1678e-06,1.0477e-05,1.0465e-05,8.4217e-06,9.0167e-08,2.9872e-07,7.6794e-07,5.2064e-06,9.1347e-06,1.0390e-05,9.4672e-06
P62,0.00,135.00,0.00,0.00,9.0125e-08,3.4094e-07,1.0859e-06,5.2364e-06,1.0557e-05,1.0544e-05,8.6450e-06,8.8021e-08,3.1089e-07,7.9672e-07,5.2705e-06,9.1944e-06,1.0465e-05,9.6526e-06
P62,30.00,135.00,0.00,0.00,9.2349e-08,3.2773e-07,1.0471e-06,5.1678e-06,1.0477e-05,1.0465e-05,8.4217e-06,9.0167e-08,2.9872e-07,7.6794e-07,5.2064e-06,9.1347e-06,1.0390e-05,9.4672e-06
P62,0.00,135.00,60.00,0.00,6.4752e-08,3.4093e-07,1.0859e-06,5.2361e-06,1.0556e-05,1.0544e-05,8.6450e-06,6.3906e-08,3.1089e-07,7.9672e-07,5.2702e-06,9.1944e-06,1.0465e-05,9.6525e-06
P62,60.00,180.00,0.00,0.00,9.2609e-08,2.8093e-07,9.0672e-07,4.8633e-06,1.0105e-05,1.0093e-05,7.5256e-06,9.0502e-08,2.5573e-07,6.6532e-07,4.9205e-06,8.8512e-06,1.0036e-05,8.6901e-06
P62,30.00,180.00,30.00,0.00,8.2413e-08,3.2772e-07,1.0471e-06,5.1675e-06,1.0477e-05,1.0465e-05,8.4217e-06,8.0642e-08,2.9872e-07,7.6794e-07,5.2062e-06,9.1346e-06,1.0390e-05,9.4672e-06
P62,0.00,180.00,60.00,0.00,6.4752e-08,3.4093e-07,1.0859e-06,5.2361e-06,1.0556e-05,1.0544e-05,8.6450e-06,6.3906e-08,3.1089e-07,7.9672e-07,5.2702e-06,9.1944e-06,1.0465e-05,9.6525e-06
P62,30.00,90.00,30.00,0.00,8.8104e-08,3.2772e-07,1.0471e-06,5.1678e-06,1.0477e-05,1.0465e-05,8.4217e-06,8.6168e-08,2.9872e-07,7.6794e-07,5.2065e-06,9.1347e-06,1.0390e-05,9.4672e-06
P62,60.00,45.00,30.00,0.00,1.0506e-07,2.8094e-07,9.0672e-07,4.8639e-06,1.0105e-05,1.0093e-05,7.5256e-06,1.0273e-07,2.5573e-07,6.6532e-07,4.9211e-06,8.8513e-06,1.0036e-05,8.6901e-06
P62,30.00,135.00,30.00,0.00,8.3939e-08,3.2772e-07,1.0471e-06,5.1676e-06,1.0477e-05,1.0465e-05,8.4217e-06,8.2123e-08,2.9872e-07,7.6794e-07,5.2063e-06,9.1346e-06,1.0390e-05,9.4672e-06
P62,60.00,135.00,30.00,0.00,8.1001e-08,2.8093e-07,9.0672e-07,4.8630e-06,1.0105e-05,1.0093e-05,7.5256e-06,7.9285e-08,2.5573e-07,6.6532e-07,4.9201e-06,8.8511e-06,1.0036e-05,8.6901e-06
P62,60.00,180.00,60.00,0.00,5.7256e-08,2.8092e-07,9.0672e-07,4.8624e-06,1.0105e-05,1.0093e-05,7.5256e-06,5.6475e-08,2.5573e-07,6.6532e-07,4.9195e-06,8.8510e-06,1.0036e-05,8.6901e-06
P62,0.00,90.00,30.00,0.00,8.5194e-08,3.4094e-07,1.0859e-06,5.2363e-06,1.0557e-05,1.0544e-05,8.6450e-06,8.3355e-08,3.1089e-07,7.9672e-07,5.2704e-06,9.1944e-06,1.0465e-05,9.6525e-06
P62,30.00,0.00,30.00,0.00,9.5478e-08,3.2773e-07,1.0471e-06,5.1681e-06,1.0477e-05,1.0465e-05,8.4217e-06,9.3336e-08,2.9872e-07,7.6794e-07,5.2068e-06,9.1347e-06,1.0390e-05,9.4672e-06
P62,60.00,135.00,0.00,0.00,9.2609e-08,2.8093e-07,9.0672e-07,4.8633e-06,1.0105e-05,1.0093e-05,7.5256e-06,9.0502e-08,2.5573e-07,6.6532e-07,4.9205e-06,8.8512e-06,1.0036e-05,8.6901e-06
P63,0.00,135.00,0.00,0.00,8.5354e-08,3.1207e-07,1.0186e-06,5.1120e-06,1.0131e-05,1.0119e-05,8.6133e-06,8.3659e-08,2.8347e-07,7.4719e-07,5.1392e-06,8.9053e-06,1.0050e-05,9.4497e-06
P63,0.00,135.00,30.00,0.00,8.0507e-08,3.1207e-07,1.0186e-06,5.1119e-06,1.0131e-05,1.0119e-05,8.6133e-06,7.9061e-08,2.8347e-07,7.4719e-07,5.1391e-06,8.9052e-06,1.0050e-05,9.4497e-06
P63,60.00,0.00,0.00,0.00,8.5651e-08,2.5162e-07,8.5548e-07,4.7347e-06,9.5050e-06,9.4950e-06,7.5454e-06,8.4111e-08,2.2736e-07,6.2160e-07,4.7832e-06,8.4205e-06,9.4432e-06,8.4866e-06
P63,30.00,90.00,60.00,0.00,6.3232e-08,2.9890e-07,9.8389e-07,5.0422e-06,1.0018e-05,1.0007e-05,8.3982e-06,6.2615e-08,2.7122e-07,7.2038e-07,5.0736e-06,8.8211e-06,9.9416e-06,9.2606e-06
P63,60.00,45.00,0.00,0.00,8.5651e-08,2.5162e-07,8.5548e-07,4.7347e-06,9.5050e-06,9.4950e-06,7.5454e-06,8.4111e-08,2.2736e-07,6.2160e-07,4.7832e-06,8.4205e-06,9.4432e-06,8.4866e-06
P63,0.00,180.00,60.00,0.00,6.0823e-08,3.1206e-07,1.0186e-06,5.1117e-06,1.0131e-05,1.0119e-05,8.6133e-06,6.0282e-08,2.8347e-07,7.4719e-07,5.1389e-06,8.9052e-06,1.0050e-05,9.4497e-06
P63,60.00,180.00,60.00,0.00,5.3228e-08,2.5161e-07,8.5548e-07,4.7341e-06,9.5050e-06,9.4949e-06,7.5454e-06,5.2784e-08,2.2736e-07,6.2160e-07,4.7826e-06,8.4204e-06,9.4432e-06,8.4866e-06
P63,0.00,90.00,30.00,0.00,8.0507e-08,3.1207e-07,1.0186e-06,5.1119e-06,1.0131e-05,1.0119e-05,8.6133e-06,7.9061e-08,2.8347e-07,7.4719e-07,5.1391e-06,8.9052e-06,1.0050e-05,9.4497e-06
P63,60.00,45.00,30.00,0.00,9.6353e-08,2.5162e-07,8.5548e-07,4.7350e-06,9.5050e-06,9.4950e-06,7.5454e-06,9.4697e-08,2.2736e-07,6.2160e-07,4.7835e-06,8.4205e-06,9.4433e-06,8.4866e-06
P63,30.00,135.00,60.00,0.00,5.8243e-08,2.9890e-07,9.8389e-07,5.0421e-06,1.0018e-05,1.0007e-05,8.3982e-06,5.7735e-08,2.7122e-07,7.2038e-07,5.0735e-06,8.8211e-06,9.9416e-06,9.2606e-06
P63,0.00,90.00,0.00,0.00,8.5354e-08,3.1207e-07,1.0186e-06,5.1120e-06,1.0131e-05,1.0119e-05,8.6133e-06,8.3659e-08,2.8347e-07,7.4719e-07,5.1392e-06,8.9053e-06,1.0050e-05,9.4497e-06
P63,0.00,180.00,0.00,0.00,8.5354e-08,3.1207e-07,1.0186e-06,5.1120e-06,1.0131e-05,1.0119e-05,8.6133e-06,8.3659e-08,2.8347e-07,7.4719e-07,5.1392e-06,8.9053e-06,1.0050e-05,9.4497e-06
P63,0.00,135.00,60.00,0.00,6.0823e-08,3.1206e-07,1.0186e-06,5.1117e-06,1.0131e-05,1.0119e-05,8.6133e-06,6.0282e-08,2.8347e-07,7.4719e-07,5.1389e-06,8.9052e-06,1.0050e-05,9.4497e-06
P63,60.00,45.00,60.00,0.00,9.5649e-08,2.5162e-07,8.5548e-07,4.7351e-06,9.5050e-06,9.4950e-06,7.5454e-06,9.4455e-08,2.2736e-07,6.2160e-07,4.7837e-06,8.4205e-06,9.4432e-06,8.4866e-06
P63,30.00,0.00,60.00,0.00,7.4997e-08,2.9891e-07,9.8389e-07,5.0425e-06,1.0018e-05,1.0007e-05,8.3982e-06,7.4151e-08,2.7122e-07,7.2038e-07,5.0740e-06,8.8211e-06,9.9416e-06,9.2606e-06
P63,30.00,45.00,0.00,0.00,8.7091e-08,2.9891e-07,9.8389e-07,5.0425e-06,1.0018e-05,1.0007e-05,8.3982e-06,8.5358e-08,2.7122e-07,7.2038e-07,5.0739e-06,8.8211e-06,9.9416e-06,9.2606e-06
P63,60.00,90.00,0.00,0.00,8.5651e-08,2.5162e-07,8.5548e-07,4.7347e-06,9.5050e-06,9.4950e-06,7.5454e-06,8.4111e-08,2.2736e-07,6.2160e-07,4.7832e-06,8.4205e-06,9.4432e-06,8.4866e-06
P63,0.00,45.00,0.00,0.00,8.5354e-08,3.1207e-07,1.0186e-06,5.1120e-06,1.0131e-05,1.0119e-05,8.6133e-06,8.3659e-08,2.8347e-07,7.4719e-07,5.1392e-06,8.9053e-06,1.0050e-05,9.4497e-06
P63,30.00,135.00,30.00,0.00,7.9099e-08,2.9891e-07,9.8389e-07,5.0423e-06,1.0018e-05,1.0007e-05,8.3982e-06,7.7694e-08,2.7122e-07,7.2038e-07,5.0737e-06,8.8211e-06,9.9416e-06,9.2606e-06
P63,0.00,0.00,0.00,0.00,8.5354e-08,3.1207e-07,1.0186e-06,5.1120e-06,1.0131e-05,1.0119e-05,8.6133e-06,8.3659e-08,2.8347e-07,7.4719e-07,5.1392e-06,8.9053e-06,1.0050e-05,9.4497e-06
P63,60.00,180.00,30.00,0.00,7.2297e-08,2.5161e-07,8.5548e-07,4.7344e-06,9.5050e-06,9.4949e-06,7.5454e-06,7.1138e-08,2.2736e-07,6.2160e-07,4.7829e-06,8.4205e-06,9.4432e-06,8.4866e-06
P63,60.00,135.00,30.00,0.00,7.5064e-08,2.5161e-07,8.5548e-07,4.7344e-06,9.5050e-06,9.4949e-06,7.5454e-06,7.3842e-08,2.2736e-07,6.2160e-07,4.7829e-06,8.4205e-06,9.4432e-06,8.4866e-06
P63,60.00,90.00,30.00,0.00,8.3599e-08,2.5162e-07,8.5548e-07,4.7346e-06,9.5050e-06,9.4950e-06,7.5454e-06,8.2193e-08,2.2736e-07,6.2160e-07,4.7832e-06,8.4205e-06,9.4432e-06,8.4866e-06
P63,60.00,135.00,0.00,0.00,8.5651e-08,2.5162e-07,8.5548e-07,4.7347e-06,9.5050e-06,9.4950e-06,7.5454e-06,8.4111e-08,2.2736e-07,6.2160e-07,4.7832e-06,8.4205e-06,9.4432e-06,8.4866e-06
P63,60.00,135.00,60.00,0.00,5.6344e-08,2.5161e-07,8.5548e-07,4.7342e-06,9.5050e-06,9.4949e-06,7.5454e-06,5.5833e-08,2.2736e-07,6.2160e-07,4.7827e-06,8.4204e-06,9.4432e-06,8.4866e-06
P63,60.00,0.00,60.00,0.00,1.2237e-07,2.5163e-07,8.5548e-07,4.7359e-06,9.5050e-06,9.4950e-06,7.5454e-06,1.2083e-07,2.2736e-07,6.2160e-07,4.7846e-06,8.4206e-06,9.4433e-06,8.4866e-06
P63,0.00,0.00,60.00,0.00,6.0823e-08,3.1206e-07,1.0186e-06,5.1117e-06,1.0131e-05,1.0119e-05,8.6133e-06,6.0282e-08,2.8347e-07,7.4719e-07,5.1389e-06,8.9052e-06,1.0050e-05,9.4497e-06
P63,0.00,0.00,30.00,0.00,8.0507e-08,3.1207e-07,1.0186e-06,5.1119e-06,1.0131e-05,1.0119e-05,8.6133e-06,7.9061e-08,2.8347e-07,7.4719e-07,5.1391e-06,8.9052e-06,1.0050e-05,9.4497e-06
P63,30.00,180.00,0.00,0.00,8.7091e-08,2.9891e-07,9.8389e-07,5.0425e-06,1.0018e-05,1.0007e-05,8.3982e-06,8.5358e-08,2.7122e-07,7.2038e-07,5.0739e-06,8.8211e-06,9.9416e-06,9.2606e-06
P63,30.00,180.00,60.00,0.00,5.6626e-08,2.9890e-07,9.8389e-07,5.0421e-06,1.0018e-05,1.0007e-05,8.3982e-06,5.6156e-08,2.7122e-07,7.2038e-07,5.0734e-06,8.8211e-06,9.9416e-06,9.2606e-06
P63,30.00,45.00,30.00,0.00,8.7417e-08,2.9891e-07,9.8389e-07,5.0426e-06,1.0018e-05,1.0007e-05,8.3982e-06,8.5807e-08,2.7122e-07,7.2038e-07,5.0740e-06,8.8211e-06,9.9416e-06,9.2606e-06
P63,0.00,90.00,60.00,0.00,6.0823e-08,3.1206e-07,1.0186e-06,5.1117e-06,1.0131e-05,1.0119e-05,8.6133e-06,6.0282e-08,2.8347e-07,7.4719e-07,5.1389e-06,8.9052e-06,1.0050e-05,9.4497e-06
P63,60.00,90.00,60.00,0.00,6.8085e-08,2.5161e-07,8.5548e-07,4.7344e-06,9.5050e-06,9.4949e-06,7.5454e-06,6.7340e-08,2.2736e-07,6.2160e-07,4.7829e-06,8.4205e-06,9.4432e-06,8.4866e-06
P63,30.00,90.00,0.00,0.00,8.7091e-08,2.9891e-07,9.8389e-07,5.0425e-06,1.0018e-05,1.0007e-05,8.3982e-06,8.5358e-08,2.7122e-07,7.2038e-07,5.0739e-06,8.8211e-06,9.9416e-06,9.2606e-06
P63,0.00,45.00,60.00,0.00,6.0823e-08,3.1206e-07,1.0186e-06,5.1117e-06,1.0131e-05,1.0119e-05,8.6133e-06,6.0282e-08,2.8347e-07,7.4719e-07,5.1389e-06,8.9052e-06,1.0050e-05,9.4497e-06
P63,30.00,90.00,30.00,0.00,8.2886e-08,2.9891e-07,9.8389e-07,5.0424e-06,1.0018e-05,1.0007e-05,8.3982e-06,8.1386e-08,2.7122e-07,7.2038e-07,5.0739e-06,8.8211e-06,9.9416e-06,9.2606e-06
P63,0.00,180.00,30.00,0.00,8.0507e-08,3.1207e-07,1.0186e-06,5.1119e-06,1.0131e-05,1.0119e-05,8.6133e-06,7.9061e-08,2.8347e-07,7.4719e-07,5.1391e-06,8.9052e-06,1.0050e-05,9.4497e-06
P63,0.00,45.00,30.00,0.00,8.0507e-08,3.1207e-07,1.0186e-06,5.1119e-06,1.0131e-05,1.0119e-05,8.6133e-06,7.9061e-08,2.8347e-07,7.4719e-07,5.1391e-06,8.9052e-06,1.0050e-05,9.4497e-06
P63,30.00,45.00,60.00,0.00,7.0688e-08,2.9891e-07,9.8389e-07,5.0424e-06,1.0018e-05,1.0007e-05,8.3982e-06,6.9921e-08,2.7122e-07,7.2038e-07,5.0738e-06,8.8211e-06,9.9416e-06,9.2606e-06
P63,60.00,180.00,0.00,0.00,8.5651e-08,2.5162e-07,8.5548e-07,4.7347e-06,9.5050e-06,9.4950e-06,7.5454e-06,8.4111e-08,2.2736e-07,6.2160e-07,4.7832e-06,8.4205e-06,9.4432e-06,8.4866e-06
P63,30.00,0.00,30.00,0.00,8.9586e-08,2.9891e-07,9.8389e-07,5.0426e-06,1.0018e-05,1.0007e-05,8.3982e-06,8.7927e-08,2.7122e-07,7.2038e-07,5.0741e-06,8.8211e-06,9.9416e-06,9.2606e-06
P63,30.00,0.00,0.00,0.00,8.7091e-08,2.9891e-07,9.8389e-07,5.0425e-06,1.0018e-05,1.0007e-05,8.3982e-06,8.5358e-08,2.7122e-07,7.2038e-07,5.0739e-06,8.8211e-06,9.9416e-06,9.2606e-06
P63,30.00,180.00,30.00,0.00,7.7712e-08,2.9891e-07,9.8389e-07,5.0423e-06,1.0018e-05,1.0007e-05,8.3982e-06,7.6341e-08,2.7122e-07,7.2038e-07,5.0737e-06,8.8211e-06,9.9416e-06,9.2606e-06
P63,30.00,135.00,0.00,0.00,8.7091e-08,2.9891e-07,9.8389e-07,5.0425e-06,1.0018e-05,1.0007e-05,8.3982e-06,8.5358e-08,2.7122e-07,7.2038e-07,5.0739e-06,8.8211e-06,9.9416e-06,9.2606e-06
P63,60.00,0.00,30.00,0.00,1.0372e-07,2.5162e-07,8.5548e-07,4.7352e-06,9.5050e-06,9.4950e-06,7.5454e-06,1.0193e-07,2.2736e-07,6.2160e-07,4.7837e-06,8.4206e-06,9.4433e-06,8.4866e-06
P64,0.00,135.00,60.00,0.00,4.9281e-08,2.6312e-07,8.6616e-07,3.2755e-06,7.6169e-06,7.6047e-06,6.8006e-06,4.7675e-08,2.3966e-07,6.3779e-07,3.2808e-06,6.2723e-06,7.5044e-06,7.4352e-06
P64,0.00,180.00,0.00,0.00,7.6991e-08,2.6314e-07,8.6617e-07,3.2758e-06,7.6169e-06,7.6047e-06,6.8006e-06,7.3859e-08,2.3966e-07,6.3779e-07,3.2811e-06,6.2724e-06,7.5044e-06,7.4352e-06
P64,60.00,180.00,0.00,0.00,8.6606e-08,2.1528e-07,7.3005e-07,3.0545e-06,7.4464e-06,7.4343e-06,6.0658e-06,8.3244e-08,1.9533e-07,5.3357e-07,3.0723e-06,6.1210e-06,7.3448e-06,6.8593e-06
P64,0.00,0.00,0.00,0.00,7.6991e-08,2.6314e-07,8.6617e-07,3.2758e-06,7.6169e-06,7.6047e-06,6.8006e-06,7.3859e-08,2.3966e-07,6.3779e-07,3.2811e-06,6.2724e-06,7.5044e-06,7.4352e-06
P64,30.00,180.00,0.00,0.00,8.0798e-08,2.5265e-07,8.3740e-07,3.2369e-06,7.5873e-06,7.5751e-06,6.6575e-06,7.7524e-08,2.2990e-07,6.1543e-07,3.2449e-06,6.2461e-06,7.4767e-06,7.3268e-06
P64,0.00,45.00,30.00,0.00,7.1646e-08,2.6313e-07,8.6617e-07,3.2757e-06,7.6169e-06,7.6047e-06,6.8006e-06,6.8830e-08,2.3966e-07,6.3779e-07,3.2810e-06,6.2723e-06,7.5044e-06,7.4352e-06
P64,60.00,45.00,60.00,0.00,1.0525e-07,2.1529e-07,7.3005e-07,3.0570e-06,7.4466e-06,7.4345e-06,6.0658e-06,1.0188e-07,1.9533e-07,5.3357e-07,3.0750e-06,6.1215e-06,7.3450e-06,6.8594e-06
P64,0.00,90.00,30.00,0.00,7.1646e-08,2.6313e-07,8.6617e-07,3.2757e-06,7.6169e-06,7.6047e-06,6.8006e-06,6.8830e-08,2.3966e-07,6.3779e-07,3.2810e-06,6.2723e-06,7.5044e-06,7.4352e-06
P64,0.00,0.00,60.00,0.00,4.9281e-08,2.6312e-07,8.6616e-07,3.2755e-06,7.6169e-06,7.6047e-06,6.8006e-06,4.7675e-08,2.3966e-07,6.3779e-07,3.2808e-06,6.2723e-06,7.5044e-06,7.4352e-06
P64,0.00,180.00,30.00,0.00,7.1646e-08,2.6313e-07,8.6617e-07,3.2757e-06,7.6169e-06,7.6047e-06,6.8006e-06,6.8830e-08,2.3966e-07,6.3779e-07,3.2810e-06,6.2723e-06,7.5044e-06,7.4352e-06
P64,60.00,0.00,60.00,0.00,1.4252e-07,2.1531e-07,7.3005e-07,3.0602e-06,7.4470e-06,7.4349e-06,6.0658e-06,1.3820e-07,1.9533e-07,5.3357e-07,3.0785e-06,6.1222e-06,7.3454e-06,6.8596e-06
P64,30.00,90.00,60.00,0.00,5.3836e-08,2.5263e-07,8.3739e-07,3.2367e-06,7.5873e-06,7.5751e-06,6.6575e-06,5.2048e-08,2.2990e-07,6.1543e-07,3.2446e-06,6.2461e-06,7.4767e-06,7.3268e-06
P64,60.00,0.00,0.00,0.00,8.6606e-08,2.1528e-07,7.3005e-07,3.0545e-06,7.4464e-06,7.4343e-06,6.0658e-06,8.3244e-08,1.9533e-07,5.3357e-07,3.0723e-06,6.1210e-06,7.3448e-06,6.8593e-06
P64,0.00,135.00,0.00,0.00,7.6991e-08,2.6314e-07,8.6617e-07,3.2758e-06,7.6169e-06,7.6047e-06,6.8006e-06,7.3859e-08,2.3966e-07,6.3779e-07,3.2811e-06,6.2724e-06,7.5044e-06,7.4352e-06
P64,30.00,90.00,30.00,0.00,7.6225e-08,2.5264e-07,8.3740e-07,3.2369e-06,7.5873e-06,7.5751e-06,6.6575e-06,7.3241e-08,2.2990e-07,6.1543e-07,3.2449e-06,6.2462e-06,7.4767e-06,7.3268e-06
P64,30.00,0.00,60.00,0.00,6.9358e-08,2.5264e-07,8.3740e-07,3.2376e-06,7.5874e-06,7.5752e-06,6.6575e-06,6.7093e-08,2.2990e-07,6.1543e-07,3.2457e-06,6.2463e-06,7.4767e-06,7.3269e-06
P64,60.00,90.00,60.00,0.00,6.6810e-08,2.1527e-07,7.3004e-07,3.0544e-06,7.4464e-06,7.4343e-06,6.0657e-06,6.4545e-08,1.9532e-07,5.3357e-07,3.0722e-06,6.1210e-06,7.3448e-06,6.8593e-06
P64,30.00,180.00,60.00,0.00,4.5124e-08,2.5263e-07,8.3739e-07,3.2363e-06,7.5873e-06,7.5751e-06,6.6575e-06,4.3629e-08,2.2990e-07,6.1543e-07,3.2442e-06,6.2461e-06,7.4766e-06,7.3268e-06
P64,0.00,135.00,30.00,0.00,7.1646e-08,2.6313e-07,8.6617e-07,3.2757e-06,7.6169e-06,7.6047e-06,6.8006e-06,6.8830e-08,2.3966e-07,6.3779e-07,3.2810e-06,6.2723e-06,7.5044e-06,7.4352e-06
P64,0.00,45.00,0.00,0.00,7.6991e-08,2.6314e-07,8.6617e-07,3.2758e-06,7.6169e-06,7.6047e-06,6.8006e-06,7.3859e-08,2.3966e-07,6.3779e-07,3.2811e-06,6.2724e-06,7.5044e-06,7.4352e-06
P64,60.00,135.00,30.00,0.00,7.3268e-08,2.1527e-07,7.3004e-07,3.0539e-06,7.4463e-06,7.4342e-06,6.0657e-06,7.0439e-08,1.9533e-07,5.3357e-07,3.0717e-06,6.1209e-06,7.3447e-06,6.8593e-06
P64,0.00,180.00,60.00,0.00,4.9281e-08,2.6312e-07,8.6616e-07,3.2755e-06,7.6169e-06,7.6047e-06,6.8006e-06,4.7675e-08,2.3966e-07,6.3779e-07,3.2808e-06,6.2723e-06,7.5044e-06,7.4352e-06
P64,60.00,180.00,60.00,0.00,4.6097e-08,2.1526e-07,7.3004e-07,3.0531e-06,7.4463e-06,7.4342e-06,6.0657e-06,4.4520e-08,1.9532e-07,5.3357e-07,3.0708e-06,6.1208e-06,7.3447e-06,6.8593e-06
P64,30.00,180.00,30.00,0.00,6.9742e-08,2.5264e-07,8.3740e-07,3.2365e-06,7.5873e-06,7.5751e-06,6.6575e-06,6.6985e-08,2.2990e-07,6.1543e-07,3.2445e-06,6.2461e-06,7.4766e-06,7.3268e-06
P64,30.00,45.00,30.00,0.00,8.1903e-08,2.5265e-07,8.3741e-07,3.2372e-06,7.5874e-06,7.5751e-06,6.6575e-06,7.8726e-08,2.2990e-07,6.1543e-07,3.2452e-06,6.2462e-06,7.4767e-06,7.3269e-06
P64,0.00,0.00,30.00,0.00,7.1646e-08,2.6313e-07,8.6617e-07,3.2757e-06,7.6169e-06,7.6047e-06,6.8006e-06,6.8830e-08,2.3966e-07,6.3779e-07,3.2810e-06,6.2723e-06,7.5044e-06,7.4352e-06
P64,30.00,45.00,0.00,0.00,8.0798e-08,2.5265e-07,8.3740e-07,3.2369e-06,7.5873e-06,7.5751e-06,6.6575e-06,7.7524e-08,2.2990e-07,6.1543e-07,3.2449e-06,6.2461e-06,7.4767e-06,7.3268e-06
P64,30.00,0.00,30.00,0.00,8.4622e-08,2.5265e-07,8.3741e-07,3.2374e-06,7.5874e-06,7.5751e-06,6.6575e-06,8.1356e-08,2.2990e-07,6.1543e-07,3.2454e-06,6.2462e-06,7.4767e-06,7.3269e-06
P64,60.00,45.00,0.00,0.00,8.6606e-08,2.1528e-07,7.3005e-07,3.0545e-06,7.4464e-06,7.4343e-06,6.0658e-06,8.3244e-08,1.9533e-07,5.3357e-07,3.0723e-06,6.1210e-06,7.3448e-06,6.8593e-06
P64,60.00,90.00,30.00,0.00,8.4616e-08,2.1528e-07,7.3005e-07,3.0545e-06,7.4464e-06,7.4343e-06,6.0658e-06,8.1410e-08,1.9533e-07,5.3357e-07,3.0724e-06,6.1210e-06,7.3448e-06,6.8593e-06
P64,30.00,135.00,60.00,0.00,4.7256e-08,2.5263e-07,8.3739e-07,3.2363e-06,7.5873e-06,7.5751e-06,6.6575e-06,4.5687e-08,2.2990e-07,6.1543e-07,3.2443e-06,6.2461e-06,7.4766e-06,7.3268e-06
P64,0.00,45.00,60.00,0.00,4.9281e-08,2.6312e-07,8.6616e-07,3.2755e-06,7.6169e-06,7.6047e-06,6.8006e-06,4.7675e-08,2.3966e-07,6.3779e-07,3.2808e-06,6.2723e-06,7.5044e-06,7.4352e-06
P64,60.00,90.00,0.00,0.00,8.6606e-08,2.1528e-07,7.3005e-07,3.0545e-06,7.4464e-06,7.4343e-06,6.0658e-06,8.3244e-08,1.9533e-07,5.3357e-07,3.0723e-06,6.1210e-06,7.3448e-06,6.8593e-06
P64,60.00,180.00,30.00,0.00,6.9591e-08,2.1527e-07,7.3004e-07,3.0538e-06,7.4463e-06,7.4342e-06,6.0657e-06,6.6890e-08,1.9533e-07,5.3357e-07,3.0716e-06,6.1209e-06,7.3447e-06,6.8593e-06
P64,60.00,135.00,0.00,0.00,8.6606e-08,2.1528e-07,7.3005e-07,3.0545e-06,7.4464e-06,7.4343e-06,6.0658e-06,8.3244e-08,1.9533e-07,5.3357e-07,3.0723e-06,6.1210e-06,7.3448e-06,6.8593e-06
P64,60.00,45.00,30.00,0.00,1.0158e-07,2.1528e-07,7.3005e-07,3.0556e-06,7.4465e-06,7.4344e-06,6.0658e-06,9.7846e-08,1.9533e-07,5.3357e-07,3.0735e-06,6.1212e-06,7.3449e-06,6.8594e-06
P64,0.00,90.00,60.00,0.00,4.9281e-08,2.6312e-07,8.6616e-07,3.2755e-06,7.6169e-06,7.6047e-06,6.8006e-06,4.7675e-08,2.3966e-07,6.3779e-07,3.2808e-06,6.2723e-06,7.5044e-06,7.4352e-06
P64,30.00,135.00,30.00,0.00,7.1481e-08,2.5264e-07,8.3740e-07,3.2367e-06,7.5873e-06,7.5751e-06,6.6575e-06,6.8662e-08,2.2990e-07,6.1543e-07,3.2446e-06,6.2461e-06,7.4766e-06,7.3268e-06
P64,60.00,135.00,60.00,0.00,5.0439e-08,2.1526e-07,7.3004e-07,3.0535e-06,7.4463e-06,7.4342e-06,6.0657e-06,4.8713e-08,1.9532e-07,5.3357e-07,3.0712e-06,6.1209e-06,7.3447e-06,6.8593e-06
P64,30.00,135.00,0.00,0.00,8.0798e-08,2.5265e-07,8.3740e-07,3.2369e-06,7.5873e-06,7.5751e-06,6.6575e-06,7.7524e-08,2.2990e-07,6.1543e-07,3.2449e-06,6.2461e-06,7.4767e-06,7.3268e-06
P64,0.00,90.00,0.00,0.00,7.6991e-08,2.6314e-07,8.6617e-07,3.2758e-06,7.6169e-06,7.6047e-06,6.8006e-06,7.3859e-08,2.3966e-07,6.3779e-07,3.2811e-06,6.2724e-06,7.5044e-06,7.4352e-06
P64,30.00,90.00,0.00,0.00,8.0798e-08,2.5265e-07,8.3740e-07,3.2369e-06,7.5873e-06,7.5751e-06,6.6575e-06,7.7524e-08,2.2990e-07,6.1543e-07,3.2449e-06,6.2461e-06,7.4767e-06,7.3268e-06
P64,30.00,0.00,0.00,0.00,8.0798e-08,2.5265e-07,8.3740e-07,3.2369e-06,7.5873e-06,7.5751e-06,6.6575e-06,7.7524e-08,2.2990e-07,6.1543e-07,3.2449e-06,6.2461e-06,7.4767e-06,7.3268e-06
P64,30.00,45.00,60.00,0.00,6.3672e-08,2.5264e-07,8.3739e-07,3.2373e-06,7.5874e-06,7.5751e-06,6.6575e-06,6.1576e-08,2.2990e-07,6.1543e-07,3.2453e-06,6.2463e-06,7.4767e-06,7.3269e-06
P64,60.00,0.00,30.00,0.00,1.1139e-07,2.1529e-07,7.3005e-07,3.0562e-06,7.4465e-06,7.4344e-06,6.0658e-06,1.0736e-07,1.9533e-07,5.3357e-07,3.0741e-06,6.1213e-06,7.3449e-06,6.8594e-06
P65,60.00,90.00,30.00,0.00,8.3842e-08,2.6055e-07,8.7935e-07,4.9176e-06,9.5894e-06,9.5800e-06,7.7156e-06,8.2759e-08,2.3562e-07,6.4013e-07,4.9723e-06,8.5686e-06,9.5319e-06,8.6198e-06
P65,0.00,180.00,60.00,0.00,6.3623e-08,3.2277e-07,1.0458e-06,5.3502e-06,1.0323e-05,1.0313e-05,8.8059e-06,6.3292e-08,2.9341e-07,7.6855e-07,5.3831e-06,9.1726e-06,1.0252e-05,9.6239e-06
P65,0.00,90.00,60.00,0.00,6.3623e-08,3.2277e-07,1.0458e-06,5.3502e-06,1.0323e-05,1.0313e-05,8.8059e-06,6.3292e-08,2.9341e-07,7.6855e-07,5.3831e-06,9.1726e-06,1.0252e-05,9.6239e-06
P65,0.00,135.00,30.00,0.00,8.2652e-08,3.2278e-07,1.0458e-06,5.3504e-06,1.0323e-05,1.0313e-05,8.8059e-06,8.1480e-08,2.9341e-07,7.6855e-07,5.3833e-06,9.1726e-06,1.0252e-05,9.6239e-06
P65,30.00,180.00,0.00,0.00,8.8696e-08,3.0925e-07,1.0104e-06,5.2704e-06,1.0186e-05,1.0176e-05,8.5839e-06,8.7265e-08,2.8081e-07,7.4113e-07,5.3077e-06,9.0651e-06,1.0118e-05,9.4231e-06
P65,60.00,0.00,0.00,0.00,8.5881e-08,2.6055e-07,8.7935e-07,4.9176e-06,9.5894e-06,9.5800e-06,7.7156e-06,8.4672e-08,2.3562e-07,6.4013e-07,4.9723e-06,8.5686e-06,9.5319e-06,8.6198e-06
P65,60.00,180.00,60.00,0.00,5.5202e-08,2.6054e-07,8.7935e-07,4.9172e-06,9.5894e-06,9.5800e-06,7.7156e-06,5.4966e-08,2.3562e-07,6.4013e-07,4.9719e-06,8.5686e-06,9.5319e-06,8.6198e-06
P65,60.00,45.00,30.00,0.00,9.5744e-08,2.6055e-07,8.7935e-07,4.9178e-06,9.5894e-06,9.5800e-06,7.7156e-06,9.4454e-08,2.3562e-07,6.4013e-07,4.9725e-06,8.5686e-06,9.5319e-06,8.6198e-06
P65,30.00,45.00,0.00,0.00,8.8696e-08,3.0925e-07,1.0104e-06,5.2704e-06,1.0186e-05,1.0176e-05,8.5839e-06,8.7265e-08,2.8081e-07,7.4113e-07,5.3077e-06,9.0651e-06,1.0118e-05,9.4231e-06
P65,0.00,45.00,0.00,0.00,8.7376e-08,3.2278e-07,1.0458e-06,5.3505e-06,1.0323e-05,1.0313e-05,8.8059e-06,8.5968e-08,2.9341e-07,7.6855e-07,5.3834e-06,9.1726e-06,1.0252e-05,9.6239e-06
P65,30.00,90.00,60.00,0.00,6.5602e-08,3.0924e-07,1.0104e-06,5.2702e-06,1.0186e-05,1.0176e-05,8.5839e-06,6.5209e-08,2.8081e-07,7.4113e-07,5.3074e-06,9.0650e-06,1.0118e-05,9.4231e-06
P65,60.00,180.00,30.00,0.00,7.3295e-08,2.6055e-07,8.7935e-07,4.9174e-06,9.5894e-06,9.5800e-06,7.7156e-06,7.2419e-08,2.3562e-07,6.4013e-07,4.9721e-06,8.5686e-06,9.5319e-06,8.6198e-06
P65,60.00,180.00,0.00,0.00,8.5881e-08,2.6055e-07,8.7935e-07,4.9176e-06,9.5894e-06,9.5800e-06,7.7156e-06,8.4672e-08,2.3562e-07,6.4013e-07,4.9723e-06,8.5686e-06,9.5319e-06,8.6198e-06
P65,60.00,0.00,30.00,0.00,1.0262e-07,2.6056e-07,8.7935e-07,4.9179e-06,9.5894e-06,9.5800e-06,7.7156e-06,1.0122e-07,2.3562e-07,6.4013e-07,4.9726e-06,8.5686e-06,9.5319e-06,8.6198e-06
P65,60.00,135.00,60.00,0.00,5.8076e-08,2.6054e-07,8.7935e-07,4.9173e-06,9.5894e-06,9.5800e-06,7.7156e-06,5.7785e-08,2.3562e-07,6.4013e-07,4.9719e-06,8.5686e-06,9.5319e-06,8.6198e-06
P65,30.00,180.00,60.00,0.00,5.9433e-08,3.0924e-07,1.0104e-06,5.2701e-06,1.0186e-05,1.0176e-05,8.5839e-06,5.9164e-08,2.8081e-07,7.4113e-07,5.3073e-06,9.0650e-06,1.0118e-05,9.4231e-06
P65,0.00,180.00,30.00,0.00,8.2652e-08,3.2278e-07,1.0458e-06,5.3504e-06,1.0323e-05,1.0313e-05,8.8059e-06,8.1480e-08,2.9341e-07,7.6855e-07,5.3833e-06,9.1726e-06,1.0252e-05,9.6239e-06
P65,0.00,45.00,60.00,0.00,6.3623e-08,3.2277e-07,1.0458e-06,5.3502e-06,1.0323e-05,1.0313e-05,8.8059e-06,6.3292e-08,2.9341e-07,7.6855e-07,5.3831e-06,9.1726e-06,1.0252e-05,9.6239e-06
P65,30.00,0.00,0.00,0.00,8.8696e-08,3.0925e-07,1.0104e-06,5.2704e-06,1.0186e-05,1.0176e-05,8.5839e-06,8.7265e-08,2.8081e-07,7.4113e-07,5.3077e-06,9.0651e-06,1.0118e-05,9.4231e-06
P65,30.00,0.00,30.00,0.00,9.0924e-08,3.0925e-07,1.0104e-06,5.2705e-06,1.0186e-05,1.0176e-05,8.5839e-06,8.9575e-08,2.8081e-07,7.4113e-07,5.3078e-06,9.0651e-06,1.0118e-05,9.4231e-06
P65,30.00,90.00,0.00,0.00,8.8696e-08,3.0925e-07,1.0104e-06,5.2704e-06,1.0186e-05,1.0176e-05,8.5839e-06,8.7265e-08,2.8081e-07,7.4113e-07,5.3077e-06,9.0651e-06,1.0118e-05,9.4231e-06
P65,0.00,135.00,60.00,0.00,6.3623e-08,3.2277e-07,1.0458e-06,5.3502e-06,1.0323e-05,1.0313e-05,8.8059e-06,6.3292e-08,2.9341e-07,7.6855e-07,5.3831e-06,9.1726e-06,1.0252e-05,9.6239e-06
P65,60.00,135.00,0.00,0.00,8.5881e-08,2.6055e-07,8.7935e-07,4.9176e-06,9.5894e-06,9.5800e-06,7.7156e-06,8.4672e-08,2.3562e-07,6.4013e-07,4.9723e-06,8.5686e-06,9.5319e-06,8.6198e-06
P65,0.00,45.00,30.00,0.00,8.2652e-08,3.2278e-07,1.0458e-06,5.3504e-06,1.0323e-05,1.0313e-05,8.8059e-06,8.1480e-08,2.9341e-07,7.6855e-07,5.3833e-06,9.1726e-06,1.0252e-05,9.6239e-06
P65,60.00,0.00,60.00,0.00,1.1900e-07,2.6056e-07,8.7935e-07,4.9183e-06,9.5894e-06,9.5800e-06,7.7156e-06,1.1791e-07,2.3562e-07,6.4013e-07,4.9730e-06,8.5686e-06,9.5319e-06,8.6198e-06
P65,30.00,45.00,60.00,0.00,7.2565e-08,3.0924e-07,1.0104e-06,5.2703e-06,1.0186e-05,1.0176e-05,8.5839e-06,7.2048e-08,2.8081e-07,7.4113e-07,5.3076e-06,9.0650e-06,1.0118e-05,9.4231e-06
P65,30.00,180.00,30.00,0.00,7.9695e-08,3.0925e-07,1.0104e-06,5.2703e-06,1.0186e-05,1.0176e-05,8.5839e-06,7.8597e-08,2.8081e-07,7.4113e-07,5.3075e-06,9.0650e-06,1.0118e-05,9.4231e-06
P65,0.00,90.00,30.00,0.00,8.2652e-08,3.2278e-07,1.0458e-06,5.3504e-06,1.0323e-05,1.0313e-05,8.8059e-06,8.1480e-08,2.9341e-07,7.6855e-07,5.3833e-06,9.1726e-06,1.0252e-05,9.6239e-06
P65,60.00,135.00,30.00,0.00,7.5876e-08,2.6055e-07,8.7935e-07,4.9174e-06,9.5894e-06,9.5800e-06,7.7156e-06,7.4947e-08,2.3562e-07,6.4013e-07,4.9721e-06,8.5686e-06,9.5319e-06,8.6198e-06
P65,30.00,45.00,30.00,0.00,8.8873e-08,3.0925e-07,1.0104e-06,5.2705e-06,1.0186e-05,1.0176e-05,8.5839e-06,8.7566e-08,2.8081e-07,7.4113e-07,5.3078e-06,9.0651e-06,1.0118e-05,9.4231e-06
P65,30.00,135.00,30.00,0.00,8.1007e-08,3.0925e-07,1.0104e-06,5.2703e-06,1.0186e-05,1.0176e-05,8.5839e-06,7.9878e-08,2.8081e-07,7.4113e-07,5.3076e-06,9.0650e-06,1.0118e-05,9.4231e-06
P65,60.00,45.00,60.00,0.00,9.4339e-08,2.6055e-07,8.7935e-07,4.9178e-06,9.5894e-06,9.5800e-06,7.7156e-06,9.3508e-08,2.3562e-07,6.4013e-07,4.9725e-06,8.5686e-06,9.5319e-06,8.6198e-06
P65,0.00,135.00,0.00,0.00,8.7376e-08,3.2278e-07,1.0458e-06,5.3505e-06,1.0323e-05,1.0313e-05,8.8059e-06,8.5968e-08,2.9341e-07,7.6855e-07,5.3834e-06,9.1726e-06,1.0252e-05,9.6239e-06
P65,30.00,135.00,60.00,0.00,6.0943e-08,3.0924e-07,1.0104e-06,5.2701e-06,1.0186e-05,1.0176e-05,8.5839e-06,6.0642e-08,2.8081e-07,7.4113e-07,5.3074e-06,9.0650e-06,1.0118e-05,9.4231e-06
P65,0.00,0.00,60.00,0.00,6.3623e-08,3.2277e-07,1.0458e-06,5.3502e-06,1.0323e-05,1.0313e-05,8.8059e-06,6.3292e-08,2.9341e-07,7.6855e-07,5.3831e-06,9.1726e-06,1.0252e-05,9.6239e-06
P65,0.00,0.00,0.00,0.00,8.7376e-08,3.2278e-07,1.0458e-06,5.3505e-06,1.0323e-05,1.0313e-05,8.8059e-06,8.5968e-08,2.9341e-07,7.6855e-07,5.3834e-06,9.1726e-06,1.0252e-05,9.6239e-06
P65,30.00,90.00,30.00,0.00,8.4588e-08,3.0925e-07,1.0104e-06,5.2704e-06,1.0186e-05,1.0176e-05,8.5839e-06,8.3377e-08,2.8081e-07,7.4113e-07,5.3077e-06,9.0651e-06,1.0118e-05,9.4231e-06
P65,0.00,180.00,0.00,0.00,8.7376e-08,3.2278e-07,1.0458e-06,5.3505e-06,1.0323e-05,1.0313e-05,8.8059e-06,8.5968e-08,2.9341e-07,7.6855e-07,5.3834e-06,9.1726e-06,1.0252e-05,9.6239e-06
P65,0.00,0.00,30.00,0.00,8.2652e-08,3.2278e-07,1.0458e-06,5.3504e-06,1.0323e-05,1.0313e-05,8.8059e-06,8.1480e-08,2.9341e-07,7.6855e-07,5.3833e-06,9.1726e-06,1.0252e-05,9.6239e-06
P65,60.00,90.00,0.00,0.00,8.5881e-08,2.6055e-07,8.7935e-07,4.9176e-06,9.5894e-06,9.5800e-06,7.7156e-06,8.4672e-08,2.3562e-07,6.4013e-07,4.9723e-06,8.5686e-06,9.5319e-06,8.6198e-06
P65,30.00,135.00,0.00,0.00,8.8696e-08,3.0925e-07,1.0104e-06,5.2704e-06,1.0186e-05,1.0176e-05,8.5839e-06,8.7265e-08,2.8081e-07,7.4113e-07,5.3077e-06,9.0651e-06,1.0118e-05,9.4231e-06
P65,60.00,90.00,60.00,0.00,6.8907e-08,2.6054e-07,8.7935e-07,4.9174e-06,9.5894e-06,9.5800e-06,7.7156e-06,6.8428e-08,2.3562e-07,6.4013e-07,4.9721e-06,8.5686e-06,9.5319e-06,8.6198e-06
P65,0.00,90.00,0.00,0.00,8.7376e-08,3.2278e-07,1.0458e-06,5.3505e-06,1.0323e-05,1.0313e-05,8.8059e-06,8.5968e-08,2.9341e-07,7.6855e-07,5.3834e-06,9.1726e-06,1.0252e-05,9.6239e-06
P65,60.00,45.00,0.00,0.00,8.5881e-08,2.6055e-07,8.7935e-07,4.9176e-06,9.5894e-06,9.5800e-06,7.7156e-06,8.4672e-08,2.3562e-07,6.4013e-07,4.9723e-06,8.5686e-06,9.5319e-06,8.6198e-06
P65,30.00,0.00,60.00,0.00,7.6588e-08,3.0925e-07,1.0104e-06,5.2704e-06,1.0186e-05,1.0176e-05,8.5839e-06,7.6006e-08,2.8081e-07,7.4113e-07,5.3077e-06,9.0650e-06,1.0118e-05,9.4231e-06
P66,60.00,0.00,0.00,0.00,8.6489e-08,1.9956e-07,7.1502e-07,2.7127e-06,6.8747e-06,6.8628e-06,5.5496e-06,8.2921e-08,1.8000e-07,5.1953e-07,2.7343e-06,5.5673e-06,6.7679e-06,6.3811e-06
P66,30.00,90.00,30.00,0.00,7.5064e-08,2.4031e-07,8.2000e-07,2.8647e-06,6.9715e-06,6.9596e-06,6.1524e-06,7.1925e-08,2.1810e-07,6.0402e-07,2.8745e-06,5.6570e-06,6.8580e-06,6.8217e-06
P66,30.00,135.00,0.00,0.00,7.9660e-08,2.4031e-07,8.2001e-07,2.8646e-06,6.9715e-06,6.9596e-06,6.1524e-06,7.6226e-08,2.1810e-07,6.0402e-07,2.8745e-06,5.6570e-06,6.8580e-06,6.8217e-06
P66,60.00,90.00,30.00,0.00,8.4487e-08,1.9956e-07,7.1502e-07,2.7128e-06,6.8747e-06,6.8628e-06,5.5496e-06,8.1078e-08,1.8000e-07,5.1953e-07,2.7343e-06,5.5673e-06,6.7679e-06,6.3811e-06
P66,0.00,45.00,0.00,0.00,7.5590e-08,2.5148e-07,8.4691e-07,2.8958e-06,6.9909e-06,6.9789e-06,6.2925e-06,7.2312e-08,2.2860e-07,6.2643e-07,2.9027e-06,5.6745e-06,6.8760e-06,6.9201e-06
P66,0.00,135.00,0.00,0.00,7.5590e-08,2.5148e-07,8.4691e-07,2.8958e-06,6.9909e-06,6.9789e-06,6.2925e-06,7.2312e-08,2.2860e-07,6.2643e-07,2.9027e-06,5.6745e-06,6.8760e-06,6.9201e-06
P66,0.00,90.00,60.00,0.00,4.7643e-08,2.5146e-07,8.4687e-07,2.8955e-06,6.9909e-06,6.9789e-06,6.2925e-06,4.5921e-08,2.2860e-07,6.2642e-07,2.9024e-06,5.6745e-06,6.8760e-06,6.9200e-06
P66,0.00,45.00,30.00,0.00,7.0218e-08,2.5148e-07,8.4690e-07,2.8957e-06,6.9909e-06,6.9789e-06,6.2925e-06,6.7260e-08,2.2860e-07,6.2643e-07,2.9026e-06,5.6745e-06,6.8760e-06,6.9201e-06
P66,30.00,180.00,30.00,0.00,6.8458e-08,2.4031e-07,8.1999e-07,2.8642e-06,6.9715e-06,6.9596e-06,6.1524e-06,6.5556e-08,2.1810e-07,6.0402e-07,2.8740e-06,5.6569e-06,6.8579e-06,6.8217e-06
P66,30.00,135.00,60.00,0.00,4.5713e-08,2.4029e-07,8.1997e-07,2.8641e-06,6.9715e-06,6.9595e-06,6.1524e-06,4.4028e-08,2.1810e-07,6.0401e-07,2.8739e-06,5.6569e-06,6.8579e-06,6.8217e-06
P66,30.00,135.00,30.00,0.00,7.0230e-08,2.4031e-07,8.1999e-07,2.8644e-06,6.9715e-06,6.9596e-06,6.1524e-06,6.7263e-08,2.1810e-07,6.0402e-07,2.8742e-06,5.6569e-06,6.8579e-06,6.8217e-06
P66,0.00,0.00,60.00,0.00,4.7643e-08,2.5146e-07,8.4687e-07,2.8955e-06,6.9909e-06,6.9789e-06,6.2925e-06,4.5921e-08,2.2860e-07,6.2642e-07,2.9024e-06,5.6745e-06,6.8760e-06,6.9200e-06
P66,60.00,180.00,30.00,0.00,6.9099e-08,1.9955e-07,7.1501e-07,2.7120e-06,6.8746e-06,6.8627e-06,5.5496e-06,6.6223e-08,1.8000e-07,5.1953e-07,2.7335e-06,5.5672e-06,6.7679e-06,6.3810e-06
P66,60.00,0.00,60.00,0.00,1.4410e-07,1.9960e-07,7.1504e-07,2.7187e-06,6.8753e-06,6.8634e-06,5.5497e-06,1.3946e-07,1.8001e-07,5.1953e-07,2.7408e-06,5.5685e-06,6.7686e-06,6.3814e-06
P66,30.00,0.00,60.00,0.00,6.8318e-08,2.4031e-07,8.1998e-07,2.8654e-06,6.9716e-06,6.9597e-06,6.1524e-06,6.5900e-08,2.1810e-07,6.0401e-07,2.8753e-06,5.6571e-06,6.8581e-06,6.8218e-06
P66,60.00,45.00,60.00,0.00,1.0587e-07,1.9958e-07,7.1502e-07,2.7154e-06,6.8749e-06,6.8630e-06,5.5496e-06,1.0224e-07,1.8000e-07,5.1953e-07,2.7371e-06,5.5679e-06,6.7682e-06,6.3812e-06
P66,60.00,0.00,30.00,0.00,1.1189e-07,1.9958e-07,7.1504e-07,2.7145e-06,6.8748e-06,6.8629e-06,5.5496e-06,1.0762e-07,1.8001e-07,5.1953e-07,2.7361e-06,5.5676e-06,6.7681e-06,6.3812e-06
P66,60.00,135.00,30.00,0.00,7.2865e-08,1.9956e-07,7.1501e-07,2.7121e-06,6.8746e-06,6.8627e-06,5.5496e-06,6.9855e-08,1.8000e-07,5.1953e-07,2.7336e-06,5.5672e-06,6.7679e-06,6.3810e-06
P66,0.00,90.00,30.00,0.00,7.0218e-08,2.5148e-07,8.4690e-07,2.8957e-06,6.9909e-06,6.9789e-06,6.2925e-06,6.7260e-08,2.2860e-07,6.2643e-07,2.9026e-06,5.6745e-06,6.8760e-06,6.9201e-06
P66,30.00,0.00,0.00,0.00,7.9660e-08,2.4031e-07,8.2001e-07,2.8646e-06,6.9715e-06,6.9596e-06,6.1524e-06,7.6226e-08,2.1810e-07,6.0402e-07,2.8745e-06,5.6570e-06,6.8580e-06,6.8217e-06
P66,0.00,180.00,60.00,0.00,4.7643e-08,2.5146e-07,8.4687e-07,2.8955e-06,6.9909e-06,6.9789e-06,6.2925e-06,4.5921e-08,2.2860e-07,6.2642e-07,2.9024e-06,5.6745e-06,6.8760e-06,6.9200e-06
P66,60.00,180.00,0.00,0.00,8.6489e-08,1.9956e-07,7.1502e-07,2.7127e-06,6.8747e-06,6.8628e-06,5.5496e-06,8.2921e-08,1.8000e-07,5.1953e-07,2.7343e-06,5.5673e-06,6.7679e-06,6.3811e-06
P66,30.00,180.00,0.00,0.00,7.9660e-08,2.4031e-07,8.2001e-07,2.8646e-06,6.9715e-06,6.9596e-06,6.1524e-06,7.6226e-08,2.1810e-07,6.0402e-07,2.8745e-06,5.6570e-06,6.8580e-06,6.8217e-06
P66,30.00,45.00,60.00,0.00,6.2504e-08,2.4030e-07,8.1998e-07,2.8651e-06,6.9716e-06,6.9596e-06,6.1524e-06,6.0263e-08,2.1810e-07,6.0401e-07,2.8749e-06,5.6571e-06,6.8580e-06,6.8217e-06
P66,30.00,180.00,60.00,0.00,4.3531e-08,2.4029e-07,8.1997e-07,2.8640e-06,6.9715e-06,6.9595e-06,6.1524e-06,4.1925e-08,2.1810e-07,6.0401e-07,2.8738e-06,5.6569e-06,6.8579e-06,6.8217e-06
P66,30.00,0.00,30.00,0.00,8.3619e-08,2.4032e-07,8.2001e-07,2.8652e-06,6.9716e-06,6.9596e-06,6.1524e-06,8.0185e-08,2.1810e-07,6.0402e-07,2.8750e-06,5.6570e-06,6.8580e-06,6.8217e-06
P66,30.00,45.00,30.00,0.00,8.0848e-08,2.4031e-07,8.2001e-07,2.8650e-06,6.9716e-06,6.9596e-06,6.1524e-06,7.7508e-08,2.1810e-07,6.0402e-07,2.8748e-06,5.6570e-06,6.8580e-06,6.8217e-06
P66,0.00,45.00,60.00,0.00,4.7643e-08,2.5146e-07,8.4687e-07,2.8955e-06,6.9909e-06,6.9789e-06,6.2925e-06,4.5921e-08,2.2860e-07,6.2642e-07,2.9024e-06,5.6745e-06,6.8760e-06,6.9200e-06
P66,0.00,180.00,0.00,0.00,7.5590e-08,2.5148e-07,8.4691e-07,2.8958e-06,6.9909e-06,6.9789e-06,6.2925e-06,7.2312e-08,2.2860e-07,6.2643e-07,2.9027e-06,5.6745e-06,6.8760e-06,6.9201e-06
P66,0.00,135.00,60.00,0.00,4.7643e-08,2.5146e-07,8.4687e-07,2.8955e-06,6.9909e-06,6.9789e-06,6.2925e-06,4.5921e-08,2.2860e-07,6.2642e-07,2.9024e-06,5.6745e-06,6.8760e-06,6.9200e-06
P66,0.00,90.00,0.00,0.00,7.5590e-08,2.5148e-07,8.4691e-07,2.8958e-06,6.9909e-06,6.9789e-06,6.2925e-06,7.2312e-08,2.2860e-07,6.2643e-07,2.9027e-06,5.6745e-06,6.8760e-06,6.9201e-06
P66,60.00,45.00,0.00,0.00,8.6489e-08,1.9956e-07,7.1502e-07,2.7127e-06,6.8747e-06,6.8628e-06,5.5496e-06,8.2921e-08,1.8000e-07,5.1953e-07,2.7343e-06,5.5673e-06,6.7679e-06,6.3811e-06
P66,60.00,45.00,30.00,0.00,1.0186e-07,1.9957e-07,7.1503e-07,2.7139e-06,6.8748e-06,6.8629e-06,5.5496e-06,9.7888e-08,1.8000e-07,5.1953e-07,2.7355e-06,5.5675e-06,6.7680e-06,6.3811e-06
P66,60.00,135.00,0.00,0.00,8.6489e-08,1.9956e-07,7.1502e-07,2.7127e-06,6.8747e-06,6.8628e-06,5.5496e-06,8.2921e-08,1.8000e-07,5.1953e-07,2.7343e-06,5.5673e-06,6.7679e-06,6.3811e-06
P66,0.00,0.00,30.00,0.00,7.0218e-08,2.5148e-07,8.4690e-07,2.8957e-06,6.9909e-06,6.9789e-06,6.2925e-06,6.7260e-08,2.2860e-07,6.2643e-07,2.9026e-06,5.6745e-06,6.8760e-06,6.9201e-06
P66,0.00,180.00,30.00,0.00,7.0218e-08,2.5148e-07,8.4690e-07,2.8957e-06,6.9909e-06,6.9789e-06,6.2925e-06,6.7260e-08,2.2860e-07,6.2643e-07,2.9026e-06,5.6745e-06,6.8760e-06,6.9201e-06
P66,0.00,0.00,0.00,0.00,7.5590e-08,2.5148e-07,8.4691e-07,2.8958e-06,6.9909e-06,6.9789e-06,6.2925e-06,7.2312e-08,2.2860e-07,6.2643e-07,2.9027e-06,5.6745e-06,6.8760e-06,6.9201e-06
P66,30.00,90.00,0.00,0.00,7.9660e-08,2.4031e-07,8.2001e-07,2.8646e-06,6.9715e-06,6.9596e-06,6.1524e-06,7.6226e-08,2.1810e-07,6.0402e-07,2.8745e-06,5.6570e-06,6.8580e-06,6.8217e-06
P66,60.00,90.00,60.00,0.00,6.6408e-08,1.9955e-07,7.1500e-07,2.7126e-06,6.8747e-06,6.8628e-06,5.5496e-06,6.3970e-08,1.8000e-07,5.1952e-07,2.7342e-06,5.5673e-06,6.7679e-06,6.3810e-06
P66,60.00,180.00,60.00,0.00,4.5137e-08,1.9954e-07,7.1500e-07,2.7113e-06,6.8745e-06,6.8626e-06,5.5495e-06,4.3431e-08,1.8000e-07,5.1952e-07,2.7327e-06,5.5671e-06,6.7678e-06,6.3810e-06
P66,60.00,135.00,60.00,0.00,4.9597e-08,1.9954e-07,7.1500e-07,2.7116e-06,6.8746e-06,6.8627e-06,5.5495e-06,4.7732e-08,1.8000e-07,5.1952e-07,2.7331e-06,5.5672e-06,6.7678e-06,6.3810e-06
P66,0.00,135.00,30.00,0.00,7.0218e-08,2.5148e-07,8.4690e-07,2.8957e-06,6.9909e-06,6.9789e-06,6.2925e-06,6.7260e-08,2.2860e-07,6.2643e-07,2.9026e-06,5.6745e-06,6.8760e-06,6.9201e-06
P66,30.00,90.00,60.00,0.00,5.2444e-08,2.4030e-07,8.1997e-07,2.8644e-06,6.9715e-06,6.9596e-06,6.1524e-06,5.0528e-08,2.1810e-07,6.0401e-07,2.8743e-06,5.6570e-06,6.8580e-06,6.8217e-06
P66,60.00,90.00,0.00,0.00,8.6489e-08,1.9956e-07,7.1502e-07,2.7127e-06,6.8747e-06,6.8628e-06,5.5496e-06,8.2921e-08,1.8000e-07,5.1953e-07,2.7343e-06,5.5673e-06,6.7679e-06,6.3811e-06
P66,30.00,45.00,0.00,0.00,7.9660e-08,2.4031e-07,8.2001e-07,2.8646e-06,6.9715e-06,6.9596e-06,6.1524e-06,7.6226e-08,2.1810e-07,6.0402e-07,2.8745e-06,5.6570e-06,6.8580e-06,6.8217e-06
P67,60.00,0.00,30.00,0.00,1.1592e-07,2.2480e-07,8.1849e-07,3.7973e-06,8.7275e-06,8.7146e-06,6.6416e-06,1.1202e-07,2.0190e-07,5.7903e-07,3.8315e-06,7.3202e-06,8.6275e-06,7.7054e-06
P67,60.00,45.00,0.00,0.00,9.1329e-08,2.2478e-07,8.1848e-07,3.7957e-06,8.7273e-06,8.7145e-06,6.6416e-06,8.8091e-08,2.0190e-07,5.7903e-07,3.8297e-06,7.3199e-06,8.6274e-06,7.7053e-06
P67,0.00,0.00,30.00,0.00,7.7923e-08,2.8563e-07,1.0082e-06,4.0824e-06,8.9363e-06,8.9232e-06,7.5691e-06,7.5223e-08,2.5767e-07,7.2030e-07,4.0991e-06,7.5084e-06,8.8223e-06,8.4336e-06
P67,30.00,45.00,60.00,0.00,6.9719e-08,2.7198e-07,9.6770e-07,4.0316e-06,8.8994e-06,8.8863e-06,7.3881e-06,6.7725e-08,2.4510e-07,6.8946e-07,4.0520e-06,7.4745e-06,8.7878e-06,8.2961e-06
P67,60.00,90.00,30.00,0.00,8.9383e-08,2.2478e-07,8.1848e-07,3.7957e-06,8.7273e-06,8.7145e-06,6.6416e-06,8.6297e-08,2.0190e-07,5.7903e-07,3.8297e-06,7.3199e-06,8.6274e-06,7.7053e-06
P67,60.00,135.00,0.00,0.00,9.1329e-08,2.2478e-07,8.1848e-07,3.7957e-06,8.7273e-06,8.7145e-06,6.6416e-06,8.8091e-08,2.0190e-07,5.7903e-07,3.8297e-06,7.3199e-06,8.6274e-06,7.7053e-06
P67,30.00,0.00,30.00,0.00,9.0544e-08,2.7199e-07,9.6771e-07,4.0317e-06,8.8993e-06,8.8863e-06,7.3881e-06,8.7399e-08,2.4510e-07,6.8946e-07,4.0522e-06,7.4745e-06,8.7877e-06,8.2961e-06
P67,30.00,180.00,0.00,0.00,8.6733e-08,2.7199e-07,9.6771e-07,4.0313e-06,8.8993e-06,8.8863e-06,7.3881e-06,8.3581e-08,2.4510e-07,6.8946e-07,4.0516e-06,7.4744e-06,8.7877e-06,8.2961e-06
P67,30.00,45.00,30.00,0.00,8.7840e-08,2.7199e-07,9.6771e-07,4.0316e-06,8.8993e-06,8.8863e-06,7.3881e-06,8.4783e-08,2.4510e-07,6.8946e-07,4.0520e-06,7.4745e-06,8.7877e-06,8.2961e-06
P67,60.00,45.00,60.00,0.00,1.1007e-07,2.2479e-07,8.1848e-07,3.7981e-06,8.7276e-06,8.7147e-06,6.6416e-06,1.0680e-07,2.0190e-07,5.7903e-07,3.8323e-06,7.3204e-06,8.6276e-06,7.7054e-06
P67,0.00,135.00,30.00,0.00,7.7923e-08,2.8563e-07,1.0082e-06,4.0824e-06,8.9363e-06,8.9232e-06,7.5691e-06,7.5223e-08,2.5767e-07,7.2030e-07,4.0991e-06,7.5084e-06,8.8223e-06,8.4336e-06
P67,0.00,180.00,30.00,0.00,7.7923e-08,2.8563e-07,1.0082e-06,4.0824e-06,8.9363e-06,8.9232e-06,7.5691e-06,7.5223e-08,2.5767e-07,7.2030e-07,4.0991e-06,7.5084e-06,8.8223e-06,8.4336e-06
P67,0.00,90.00,30.00,0.00,7.7923e-08,2.8563e-07,1.0082e-06,4.0824e-06,8.9363e-06,8.9232e-06,7.5691e-06,7.5223e-08,2.5767e-07,7.2030e-07,4.0991e-06,7.5084e-06,8.8223e-06,8.4336e-06
P67,0.00,135.00,60.00,0.00,5.5694e-08,2.8562e-07,1.0082e-06,4.0822e-06,8.9363e-06,8.9232e-06,7.5691e-06,5.4187e-08,2.5767e-07,7.2030e-07,4.0989e-06,7.5084e-06,8.8223e-06,8.4336e-06
P67,30.00,180.00,60.00,0.00,5.1293e-08,2.7197e-07,9.6770e-07,4.0306e-06,8.8993e-06,8.8863e-06,7.3881e-06,4.9896e-08,2.4510e-07,6.8945e-07,4.0510e-06,7.4744e-06,8.7877e-06,8.2961e-06
P67,0.00,90.00,60.00,0.00,5.5694e-08,2.8562e-07,1.0082e-06,4.0822e-06,8.9363e-06,8.9232e-06,7.5691e-06,5.4187e-08,2.5767e-07,7.2030e-07,4.0989e-06,7.5084e-06,8.8223e-06,8.4336e-06
P67,0.00,180.00,0.00,0.00,8.3225e-08,2.8563e-07,1.0082e-06,4.0825e-06,8.9363e-06,8.9232e-06,7.5691e-06,8.0215e-08,2.5767e-07,7.2030e-07,4.0992e-06,7.5084e-06,8.8224e-06,8.4336e-06
P67,60.00,0.00,0.00,0.00,9.1329e-08,2.2478e-07,8.1848e-07,3.7957e-06,8.7273e-06,8.7145e-06,6.6416e-06,8.8091e-08,2.0190e-07,5.7903e-07,3.8297e-06,7.3199e-06,8.6274e-06,7.7053e-06
P67,60.00,180.00,60.00,0.00,5.1272e-08,2.2477e-07,8.1848e-07,3.7943e-06,8.7272e-06,8.7143e-06,6.6416e-06,4.9789e-08,2.0190e-07,5.7903e-07,3.8283e-06,7.3197e-06,8.6273e-06,7.7052e-06
P67,30.00,90.00,30.00,0.00,8.2196e-08,2.7199e-07,9.6771e-07,4.0313e-06,8.8993e-06,8.8863e-06,7.3881e-06,7.9330e-08,2.4510e-07,6.8946e-07,4.0517e-06,7.4745e-06,8.7877e-06,8.2961e-06
P67,30.00,45.00,0.00,0.00,8.6733e-08,2.7199e-07,9.6771e-07,4.0313e-06,8.8993e-06,8.8863e-06,7.3881e-06,8.3581e-08,2.4510e-07,6.8946e-07,4.0516e-06,7.4744e-06,8.7877e-06,8.2961e-06
P67,60.00,135.00,30.00,0.00,7.8136e-08,2.2478e-07,8.1848e-07,3.7951e-06,8.7273e-06,8.7144e-06,6.6416e-06,7.5423e-08,2.0190e-07,5.7903e-07,3.8291e-06,7.3198e-06,8.6273e-06,7.7053e-06
P67,30.00,90.00,60.00,0.00,5.9947e-08,2.7198e-07,9.6770e-07,4.0310e-06,8.8993e-06,8.8863e-06,7.3881e-06,5.8259e-08,2.4510e-07,6.8945e-07,4.0514e-06,7.4744e-06,8.7877e-06,8.2961e-06
P67,60.00,45.00,30.00,0.00,1.0620e-07,2.2479e-07,8.1849e-07,3.7967e-06,8.7274e-06,8.7145e-06,6.6416e-06,1.0259e-07,2.0190e-07,5.7903e-07,3.8308e-06,7.3201e-06,8.6275e-06,7.7053e-06
P67,0.00,0.00,0.00,0.00,8.3225e-08,2.8563e-07,1.0082e-06,4.0825e-06,8.9363e-06,8.9232e-06,7.5691e-06,8.0215e-08,2.5767e-07,7.2030e-07,4.0992e-06,7.5084e-06,8.8224e-06,8.4336e-06
P67,30.00,0.00,0.00,0.00,8.6733e-08,2.7199e-07,9.6771e-07,4.0313e-06,8.8993e-06,8.8863e-06,7.3881e-06,8.3581e-08,2.4510e-07,6.8946e-07,4.0516e-06,7.4744e-06,8.7877e-06,8.2961e-06
P67,30.00,180.00,30.00,0.00,7.5751e-08,2.7199e-07,9.6770e-07,4.0309e-06,8.8993e-06,8.8863e-06,7.3881e-06,7.3110e-08,2.4510e-07,6.8946e-07,4.0512e-06,7.4744e-06,8.7877e-06,8.2961e-06
P67,30.00,135.00,60.00,0.00,5.3411e-08,2.7198e-07,9.6770e-07,4.0307e-06,8.8993e-06,8.8863e-06,7.3881e-06,5.1941e-08,2.4510e-07,6.8945e-07,4.0510e-06,7.4744e-06,8.7877e-06,8.2961e-06
P67,60.00,180.00,30.00,0.00,7.4493e-08,2.2478e-07,8.1848e-07,3.7950e-06,8.7273e-06,8.7144e-06,6.6416e-06,7.1906e-08,2.0190e-07,5.7903e-07,3.8290e-06,7.3198e-06,8.6273e-06,7.7052e-06
P67,0.00,135.00,0.00,0.00,8.3225e-08,2.8563e-07,1.0082e-06,4.0825e-06,8.9363e-06,8.9232e-06,7.5691e-06,8.0215e-08,2.5767e-07,7.2030e-07,4.0992e-06,7.5084e-06,8.8224e-06,8.4336e-06
P67,0.00,45.00,30.00,0.00,7.7923e-08,2.8563e-07,1.0082e-06,4.0824e-06,8.9363e-06,8.9232e-06,7.5691e-06,7.5223e-08,2.5767e-07,7.2030e-07,4.0991e-06,7.5084e-06,8.8223e-06,8.4336e-06
P67,60.00,0.00,60.00,0.00,1.4715e-07,2.2481e-07,8.1849e-07,3.8012e-06,8.7279e-06,8.7150e-06,6.6417e-06,1.4294e-07,2.0190e-07,5.7903e-07,3.8357e-06,7.3210e-06,8.6280e-06,7.7055e-06
P67,0.00,90.00,0.00,0.00,8.3225e-08,2.8563e-07,1.0082e-06,4.0825e-06,8.9363e-06,8.9232e-06,7.5691e-06,8.0215e-08,2.5767e-07,7.2030e-07,4.0992e-06,7.5084e-06,8.8224e-06,8.4336e-06
P67,30.00,0.00,60.00,0.00,7.5367e-08,2.7199e-07,9.6770e-07,4.0320e-06,8.8994e-06,8.8864e-06,7.3881e-06,7.3207e-08,2.4510e-07,6.8946e-07,4.0524e-06,7.4746e-06,8.7878e-06,8.2961e-06
P67,0.00,0.00,60.00,0.00,5.5694e-08,2.8562e-07,1.0082e-06,4.0822e-06,8.9363e-06,8.9232e-06,7.5691e-06,5.4187e-08,2.5767e-07,7.2030e-07,4.0989e-06,7.5084e-06,8.8223e-06,8.4336e-06
P67,0.00,45.00,60.00,0.00,5.5694e-08,2.8562e-07,1.0082e-06,4.0822e-06,8.9363e-06,8.9232e-06,7.5691e-06,5.4187e-08,2.5767e-07,7.2030e-07,4.0989e-06,7.5084e-06,8.8223e-06,8.4336e-06
P67,0.00,180.00,60.00,0.00,5.5694e-08,2.8562e-07,1.0082e-06,4.0822e-06,8.9363e-06,8.9232e-06,7.5691e-06,5.4187e-08,2.5767e-07,7.2030e-07,4.0989e-06,7.5084e-06,8.8223e-06,8.4336e-06
P67,60.00,90.00,60.00,0.00,7.1847e-08,2.2477e-07,8.1848e-07,3.7956e-06,8.7273e-06,8.7144e-06,6.6416e-06,6.9681e-08,2.0190e-07,5.7903e-07,3.8296e-06,7.3199e-06,8.6274e-06,7.7053e-06
P67,60.00,135.00,60.00,0.00,5.5584e-08,2.2477e-07,8.1848e-07,3.7947e-06,8.7272e-06,8.7144e-06,6.6416e-06,5.3952e-08,2.0190e-07,5.7903e-07,3.8286e-06,7.3197e-06,8.6273e-06,7.7052e-06
P67,30.00,135.00,0.00,0.00,8.6733e-08,2.7199e-07,9.6771e-07,4.0313e-06,8.8993e-06,8.8863e-06,7.3881e-06,8.3581e-08,2.4510e-07,6.8946e-07,4.0516e-06,7.4744e-06,8.7877e-06,8.2961e-06
P67,60.00,180.00,0.00,0.00,9.1329e-08,2.2478e-07,8.1848e-07,3.7957e-06,8.7273e-06,8.7145e-06,6.6416e-06,8.8091e-08,2.0190e-07,5.7903e-07,3.8297e-06,7.3199e-06,8.6274e-06,7.7053e-06
P67,0.00,45.00,0.00,0.00,8.3225e-08,2.8563e-07,1.0082e-06,4.0825e-06,8.9363e-06,8.9232e-06,7.5691e-06,8.0215e-08,2.5767e-07,7.2030e-07,4.0992e-06,7.5084e-06,8.8224e-06,8.4336e-06
P67,60.00,90.00,0.00,0.00,9.1329e-08,2.2478e-07,8.1848e-07,3.7957e-06,8.7273e-06,8.7145e-06,6.6416e-06,8.8091e-08,2.0190e-07,5.7903e-07,3.8297e-06,7.3199e-06,8.6274e-06,7.7053e-06
P67,30.00,90.00,0.00,0.00,8.6733e-08,2.7199e-07,9.6771e-07,4.0313e-06,8.8993e-06,8.8863e-06,7.3881e-06,8.3581e-08,2.4510e-07,6.8946e-07,4.0516e-06,7.4744e-06,8.7877e-06,8.2961e-06
P67,30.00,135.00,30.00,0.00,7.7479e-08,2.7199e-07,9.6771e-07,4.0310e-06,8.8993e-06,8.8863e-06,7.3881e-06,7.4776e-08,2.4510e-07,6.8946e-07,4.0514e-06,7.4744e-06,8.7877e-06,8.2961e-06
P68,0.00,45.00,0.00,0.00,7.5187e-08,2.8709e-07,8.3030e-07,2.3883e-06,6.0719e-06,6.0608e-06,5.7304e-06,7.1620e-08,2.6570e-07,6.5181e-07,2.3924e-06,4.8554e-06,5.9630e-06,6.1479e-06
P68,0.00,0.00,30.00,0.00,6.9762e-08,2.8707e-07,8.3022e-07,2.3882e-06,6.0719e-06,6.0608e-06,5.7304e-06,6.6522e-08,2.6569e-07,6.5177e-07,2.3923e-06,4.8554e-06,5.9630e-06,6.1479e-06
P68,60.00,90.00,30.00,0.00,8.6028e-08,2.4651e-07,7.3181e-07,2.2179e-06,5.9572e-06,5.9461e-06,5.1728e-06,8.2175e-08,2.2767e-07,5.6779e-07,2.2330e-06,4.7384e-06,5.8544e-06,5.7166e-06
P68,30.00,180.00,60.00,0.00,4.2699e-08,2.7816e-07,8.1001e-07,2.3570e-06,6.0504e-06,6.0394e-06,5.6223e-06,4.0865e-08,2.5732e-07,6.3418e-07,2.3634e-06,4.8333e-06,5.9425e-06,6.0669e-06
P68,0.00,45.00,60.00,0.00,4.6833e-08,2.8703e-07,8.3000e-07,2.3880e-06,6.0719e-06,6.0608e-06,5.7303e-06,4.4876e-08,2.6568e-07,6.5165e-07,2.3921e-06,4.8554e-06,5.9630e-06,6.1478e-06
P68,60.00,135.00,0.00,0.00,8.7980e-08,2.4652e-07,7.3183e-07,2.2179e-06,5.9572e-06,5.9461e-06,5.1728e-06,8.3969e-08,2.2767e-07,5.6781e-07,2.2329e-06,4.7384e-06,5.8544e-06,5.7166e-06
P68,30.00,45.00,60.00,0.00,6.2548e-08,2.7820e-07,8.1030e-07,2.3582e-06,6.0505e-06,6.0395e-06,5.6224e-06,5.9996e-08,2.5733e-07,6.3429e-07,2.3647e-06,4.8335e-06,5.9426e-06,6.0670e-06
P68,60.00,180.00,30.00,0.00,6.9897e-08,2.4648e-07,7.3162e-07,2.2171e-06,5.9571e-06,5.9460e-06,5.1728e-06,6.6650e-08,2.2766e-07,5.6772e-07,2.2321e-06,4.7383e-06,5.8543e-06,5.7165e-06
P68,60.00,180.00,0.00,0.00,8.7980e-08,2.4652e-07,7.3183e-07,2.2179e-06,5.9572e-06,5.9461e-06,5.1728e-06,8.3969e-08,2.2767e-07,5.6781e-07,2.2329e-06,4.7384e-06,5.8544e-06,5.7166e-06
P68,30.00,90.00,60.00,0.00,5.2023e-08,2.7818e-07,8.1014e-07,2.3575e-06,6.0505e-06,6.0394e-06,5.6223e-06,4.9840e-08,2.5732e-07,6.3422e-07,2.3639e-06,4.8334e-06,5.9425e-06,6.0669e-06
P68,0.00,90.00,30.00,0.00,6.9762e-08,2.8707e-07,8.3022e-07,2.3882e-06,6.0719e-06,6.0608e-06,5.7304e-06,6.6522e-08,2.6569e-07,6.5177e-07,2.3923e-06,4.8554e-06,5.9630e-06,6.1479e-06
P68,30.00,0.00,0.00,0.00,7.9628e-08,2.7823e-07,8.1040e-07,2.3577e-06,6.0505e-06,6.0394e-06,5.6224e-06,7.5872e-08,2.5734e-07,6.3437e-07,2.3641e-06,4.8333e-06,5.9426e-06,6.0669e-06
P68,60.00,135.00,30.00,0.00,7.3846e-08,2.4649e-07,7.3166e-07,2.2173e-06,5.9571e-06,5.9460e-06,5.1728e-06,7.0445e-08,2.2766e-07,5.6773e-07,2.2323e-06,4.7383e-06,5.8543e-06,5.7165e-06
P68,30.00,0.00,30.00,0.00,8.3861e-08,2.7825e-07,8.1055e-07,2.3583e-06,6.0505e-06,6.0395e-06,5.6224e-06,8.0082e-08,2.5735e-07,6.3443e-07,2.3647e-06,4.8335e-06,5.9426e-06,6.0670e-06
P68,30.00,0.00,60.00,0.00,6.8631e-08,2.7821e-07,8.1040e-07,2.3586e-06,6.0506e-06,6.0395e-06,5.6224e-06,6.5875e-08,2.5733e-07,6.3433e-07,2.3651e-06,4.8335e-06,5.9427e-06,6.0670e-06
P68,60.00,135.00,60.00,0.00,4.9882e-08,2.4645e-07,7.3144e-07,2.2168e-06,5.9571e-06,5.9460e-06,5.1728e-06,4.7708e-08,2.2765e-07,5.6764e-07,2.2317e-06,4.7383e-06,5.8543e-06,5.7165e-06
P68,30.00,135.00,0.00,0.00,7.9628e-08,2.7823e-07,8.1040e-07,2.3577e-06,6.0505e-06,6.0394e-06,5.6224e-06,7.5872e-08,2.5734e-07,6.3437e-07,2.3641e-06,4.8333e-06,5.9426e-06,6.0669e-06
P68,60.00,45.00,60.00,0.00,1.0942e-07,2.4656e-07,7.3215e-07,2.2208e-06,5.9575e-06,5.9464e-06,5.1729e-06,1.0518e-07,2.2767e-07,5.6788e-07,2.2361e-06,4.7390e-06,5.8547e-06,5.7167e-06
P68,30.00,180.00,0.00,0.00,7.9628e-08,2.7823e-07,8.1040e-07,2.3577e-06,6.0505e-06,6.0394e-06,5.6224e-06,7.5872e-08,2.5734e-07,6.3437e-07,2.3641e-06,4.8333e-06,5.9426e-06,6.0669e-06
P68,30.00,180.00,30.00,0.00,6.8159e-08,2.7820e-07,8.1024e-07,2.3573e-06,6.0505e-06,6.0394e-06,5.6223e-06,6.4964e-08,2.5733e-07,6.3429e-07,2.3637e-06,4.8333e-06,5.9425e-06,6.0669e-06
P68,0.00,135.00,60.00,0.00,4.6833e-08,2.8703e-07,8.3000e-07,2.3880e-06,6.0719e-06,6.0608e-06,5.7303e-06,4.4876e-08,2.6568e-07,6.5165e-07,2.3921e-06,4.8554e-06,5.9630e-06,6.1478e-06
P68,0.00,90.00,60.00,0.00,4.6833e-08,2.8703e-07,8.3000e-07,2.3880e-06,6.0719e-06,6.0608e-06,5.7303e-06,4.4876e-08,2.6568e-07,6.5165e-07,2.3921e-06,4.8554e-06,5.9630e-06,6.1478e-06
P68,30.00,45.00,0.00,0.00,7.9628e-08,2.7823e-07,8.1040e-07,2.3577e-06,6.0505e-06,6.0394e-06,5.6224e-06,7.5872e-08,2.5734e-07,6.3437e-07,2.3641e-06,4.8333e-06,5.9426e-06,6.0669e-06
P68,60.00,45.00,0.00,0.00,8.7980e-08,2.4652e-07,7.3183e-07,2.2179e-06,5.9572e-06,5.9461e-06,5.1728e-06,8.3969e-08,2.2767e-07,5.6781e-07,2.2329e-06,4.7384e-06,5.8544e-06,5.7166e-06
P68,0.00,135.00,0.00,0.00,7.5187e-08,2.8709e-07,8.3030e-07,2.3883e-06,6.0719e-06,6.0608e-06,5.7304e-06,7.1620e-08,2.6570e-07,6.5181e-07,2.3924e-06,4.8554e-06,5.9630e-06,6.1479e-06
P68,0.00,0.00,60.00,0.00,4.6833e-08,2.8703e-07,8.3000e-07,2.3880e-06,6.0719e-06,6.0608e-06,5.7303e-06,4.4876e-08,2.6568e-07,6.5165e-07,2.3921e-06,4.8554e-06,5.9630e-06,6.1478e-06
P68,0.00,0.00,0.00,0.00,7.5187e-08,2.8709e-07,8.3030e-07,2.3883e-06,6.0719e-06,6.0608e-06,5.7304e-06,7.1620e-08,2.6570e-07,6.5181e-07,2.3924e-06,4.8554e-06,5.9630e-06,6.1479e-06
P68,60.00,0.00,30.00,0.00,1.1475e-07,2.4657e-07,7.3223e-07,2.2198e-06,5.9573e-06,5.9463e-06,5.1729e-06,1.0991e-07,2.2769e-07,5.6795e-07,2.2350e-06,4.7388e-06,5.8546e-06,5.7167e-06
P68,60.00,90.00,0.00,0.00,8.7980e-08,2.4652e-07,7.3183e-07,2.2179e-06,5.9572e-06,5.9461e-06,5.1728e-06,8.3969e-08,2.2767e-07,5.6781e-07,2.2329e-06,4.7384e-06,5.8544e-06,5.7166e-06
P68,60.00,180.00,60.00,0.00,4.5161e-08,2.4644e-07,7.3138e-07,2.2163e-06,5.9570e-06,5.9459e-06,5.1728e-06,4.3172e-08,2.2765e-07,5.6762e-07,2.2313e-06,4.7382e-06,5.8542e-06,5.7165e-06
P68,60.00,0.00,60.00,0.00,1.4986e-07,2.4664e-07,7.3277e-07,2.2245e-06,5.9578e-06,5.9468e-06,5.1729e-06,1.4441e-07,2.2769e-07,5.6809e-07,2.2400e-06,4.7397e-06,5.8551e-06,5.7169e-06
P68,30.00,135.00,60.00,0.00,4.4981e-08,2.7816e-07,8.1004e-07,2.3571e-06,6.0504e-06,6.0394e-06,5.6223e-06,4.3059e-08,2.5732e-07,6.3419e-07,2.3635e-06,4.8333e-06,5.9425e-06,6.0669e-06
P68,0.00,135.00,30.00,0.00,6.9762e-08,2.8707e-07,8.3022e-07,2.3882e-06,6.0719e-06,6.0608e-06,5.7304e-06,6.6522e-08,2.6569e-07,6.5177e-07,2.3923e-06,4.8554e-06,5.9630e-06,6.1479e-06
P68,0.00,45.00,30.00,0.00,6.9762e-08,2.8707e-07,8.3022e-07,2.3882e-06,6.0719e-06,6.0608e-06,5.7304e-06,6.6522e-08,2.6569e-07,6.5177e-07,2.3923e-06,4.8554e-06,5.9630e-06,6.1479e-06
P68,60.00,45.00,30.00,0.00,1.0423e-07,2.4655e-07,7.3208e-07,2.2191e-06,5.9573e-06,5.9462e-06,5.1729e-06,9.9741e-08,2.2768e-07,5.6789e-07,2.2343e-06,4.7386e-06,5.8545e-06,5.7166e-06
P68,0.00,180.00,30.00,0.00,6.9762e-08,2.8707e-07,8.3022e-07,2.3882e-06,6.0719e-06,6.0608e-06,5.7304e-06,6.6522e-08,2.6569e-07,6.5177e-07,2.3923e-06,4.8554e-06,5.9630e-06,6.1479e-06
P68,30.00,45.00,30.00,0.00,8.0992e-08,2.7824e-07,8.1049e-07,2.3581e-06,6.0505e-06,6.0395e-06,5.6224e-06,7.7316e-08,2.5734e-07,6.3440e-07,2.3645e-06,4.8334e-06,5.9426e-06,6.0669e-06
P68,60.00,90.00,60.00,0.00,6.7672e-08,2.4648e-07,7.3163e-07,2.2178e-06,5.9572e-06,5.9461e-06,5.1728e-06,6.4831e-08,2.2766e-07,5.6770e-07,2.2329e-06,4.7384e-06,5.8544e-06,5.7165e-06
P68,60.00,0.00,0.00,0.00,8.7980e-08,2.4652e-07,7.3183e-07,2.2179e-06,5.9572e-06,5.9461e-06,5.1728e-06,8.3969e-08,2.2767e-07,5.6781e-07,2.2329e-06,4.7384e-06,5.8544e-06,5.7166e-06
P68,0.00,180.00,60.00,0.00,4.6833e-08,2.8703e-07,8.3000e-07,2.3880e-06,6.0719e-06,6.0608e-06,5.7303e-06,4.4876e-08,2.6568e-07,6.5165e-07,2.3921e-06,4.8554e-06,5.9630e-06,6.1478e-06
P68,0.00,90.00,0.00,0.00,7.5187e-08,2.8709e-07,8.3030e-07,2.3883e-06,6.0719e-06,6.0608e-06,5.7304e-06,7.1620e-08,2.6570e-07,6.5181e-07,2.3924e-06,4.8554e-06,5.9630e-06,6.1479e-06
P68,30.00,90.00,0.00,0.00,7.9628e-08,2.7823e-07,8.1040e-07,2.3577e-06,6.0505e-06,6.0394e-06,5.6224e-06,7.5872e-08,2.5734e-07,6.3437e-07,2.3641e-06,4.8333e-06,5.9426e-06,6.0669e-06
P68,0.00,180.00,0.00,0.00,7.5187e-08,2.8709e-07,8.3030e-07,2.3883e-06,6.0719e-06,6.0608e-06,5.7304e-06,7.1620e-08,2.6570e-07,6.5181e-07,2.3924e-06,4.8554e-06,5.9630e-06,6.1479e-06
P68,30.00,90.00,30.00,0.00,7.5000e-08,2.7823e-07,8.1038e-07,2.3578e-06,6.0505e-06,6.0394e-06,5.6224e-06,7.1546e-08,2.5734e-07,6.3435e-07,2.3642e-06,4.8334e-06,5.9426e-06,6.0669e-06
P68,30.00,135.00,30.00,0.00,6.9993e-08,2.7821e-07,8.1029e-07,2.3575e-06,6.0505e-06,6.0394e-06,5.6223e-06,6.6729e-08,2.5733e-07,6.3431e-07,2.3639e-06,4.8333e-06,5.9425e-06,6.0669e-06
P69,30.00,45.00,60.00,0.00,6.7464e-08,2.8683e-07,1.0288e-06,3.3505e-06,7.7987e-06,7.7861e-06,6.6441e-06,6.5041e-08,2.5854e-07,7.5114e-07,3.3644e-06,6.4122e-06,7.6824e-06,7.4199e-06
P69,60.00,180.00,0.00,0.00,9.1705e-08,2.3082e-07,8.7714e-07,3.1574e-06,7.6772e-06,7.6646e-06,5.9873e-06,8.7855e-08,2.0667e-07,6.2294e-07,3.1841e-06,6.2956e-06,7.5695e-06,6.9149e-06
P69,30.00,180.00,0.00,0.00,8.4442e-08,2.8685e-07,1.0289e-06,3.3501e-06,7.7987e-06,7.7860e-06,6.6441e-06,8.0834e-08,2.5855e-07,7.5117e-07,3.3639e-06,6.4121e-06,7.6823e-06,7.4199e-06
P69,60.00,180.00,60.00,0.00,4.9373e-08,2.3078e-07,8.7696e-07,3.1559e-06,7.6770e-06,7.6644e-06,5.9872e-06,4.7503e-08,2.0667e-07,6.2289e-07,3.1825e-06,6.2953e-06,7.5694e-06,6.9148e-06
P69,0.00,135.00,0.00,0.00,8.0275e-08,3.0306e-07,1.0668e-06,3.3900e-06,7.8237e-06,7.8111e-06,6.8016e-06,7.6850e-08,2.7378e-07,7.8490e-07,3.4005e-06,6.4359e-06,7.7056e-06,7.5358e-06
P69,30.00,0.00,0.00,0.00,8.4442e-08,2.8685e-07,1.0289e-06,3.3501e-06,7.7987e-06,7.7860e-06,6.6441e-06,8.0834e-08,2.5855e-07,7.5117e-07,3.3639e-06,6.4121e-06,7.6823e-06,7.4199e-06
P69,30.00,90.00,0.00,0.00,8.4442e-08,2.8685e-07,1.0289e-06,3.3501e-06,7.7987e-06,7.7860e-06,6.6441e-06,8.0834e-08,2.5855e-07,7.5117e-07,3.3639e-06,6.4121e-06,7.6823e-06,7.4199e-06
P69,30.00,90.00,30.00,0.00,7.9847e-08,2.8684e-07,1.0289e-06,3.3501e-06,7.7987e-06,7.7860e-06,6.6441e-06,7.6535e-08,2.5855e-07,7.5116e-07,3.3640e-06,6.4121e-06,7.6823e-06,7.4199e-06
P69,60.00,0.00,30.00,0.00,1.1816e-07,2.3085e-07,8.7729e-07,3.1593e-06,7.6773e-06,7.6647e-06,5.9873e-06,1.1349e-07,2.0668e-07,6.2297e-07,3.1861e-06,6.2959e-06,7.5697e-06,6.9150e-06
P69,0.00,135.00,60.00,0.00,5.2129e-08,3.0303e-07,1.0667e-06,3.3897e-06,7.8237e-06,7.8110e-06,6.8016e-06,5.0291e-08,2.7377e-07,7.8484e-07,3.4002e-06,6.4359e-06,7.7056e-06,7.5358e-06
P69,30.00,90.00,60.00,0.00,5.7051e-08,2.8682e-07,1.0288e-06,3.3499e-06,7.7987e-06,7.7860e-06,6.6441e-06,5.4990e-08,2.5854e-07,7.5112e-07,3.3637e-06,6.4121e-06,7.6823e-06,7.4199e-06
P69,0.00,45.00,60.00,0.00,5.2129e-08,3.0303e-07,1.0667e-06,3.3897e-06,7.8237e-06,7.8110e-06,6.8016e-06,5.0291e-08,2.7377e-07,7.8484e-07,3.4002e-06,6.4359e-06,7.7056e-06,7.5358e-06
P69,60.00,90.00,60.00,0.00,7.1581e-08,2.3080e-07,8.7704e-07,3.1573e-06,7.6771e-06,7.6645e-06,5.9872e-06,6.8879e-08,2.0667e-07,6.2290e-07,3.1840e-06,6.2956e-06,7.5695e-06,6.9149e-06
P69,0.00,90.00,30.00,0.00,7.4884e-08,3.0306e-07,1.0668e-06,3.3898e-06,7.8237e-06,7.8110e-06,6.8016e-06,7.1782e-08,2.7378e-07,7.8488e-07,3.4004e-06,6.4359e-06,7.7056e-06,7.5358e-06
P69,60.00,135.00,0.00,0.00,9.1705e-08,2.3082e-07,8.7714e-07,3.1574e-06,7.6772e-06,7.6646e-06,5.9873e-06,8.7855e-08,2.0667e-07,6.2294e-07,3.1841e-06,6.2956e-06,7.5695e-06,6.9149e-06
P69,60.00,135.00,30.00,0.00,7.7729e-08,2.3080e-07,8.7707e-07,3.1568e-06,7.6771e-06,7.6645e-06,5.9873e-06,7.4477e-08,2.0667e-07,6.2292e-07,3.1835e-06,6.2955e-06,7.5694e-06,6.9149e-06
P69,0.00,90.00,0.00,0.00,8.0275e-08,3.0306e-07,1.0668e-06,3.3900e-06,7.8237e-06,7.8111e-06,6.8016e-06,7.6850e-08,2.7378e-07,7.8490e-07,3.4005e-06,6.4359e-06,7.7056e-06,7.5358e-06
P69,30.00,180.00,60.00,0.00,4.7827e-08,2.8680e-07,1.0287e-06,3.3494e-06,7.7986e-06,7.7860e-06,6.6441e-06,4.6109e-08,2.5854e-07,7.5111e-07,3.3632e-06,6.4120e-06,7.6823e-06,7.4199e-06
P69,0.00,180.00,0.00,0.00,8.0275e-08,3.0306e-07,1.0668e-06,3.3900e-06,7.8237e-06,7.8111e-06,6.8016e-06,7.6850e-08,2.7378e-07,7.8490e-07,3.4005e-06,6.4359e-06,7.7056e-06,7.5358e-06
P69,60.00,45.00,30.00,0.00,1.0776e-07,2.3084e-07,8.7723e-07,3.1586e-06,7.6773e-06,7.6647e-06,5.9873e-06,1.0343e-07,2.0667e-07,6.2296e-07,3.1854e-06,6.2958e-06,7.5696e-06,6.9150e-06
P69,0.00,90.00,60.00,0.00,5.2129e-08,3.0303e-07,1.0667e-06,3.3897e-06,7.8237e-06,7.8110e-06,6.8016e-06,5.0291e-08,2.7377e-07,7.8484e-07,3.4002e-06,6.4359e-06,7.7056e-06,7.5358e-06
P69,60.00,0.00,60.00,0.00,1.5270e-07,2.3089e-07,8.7744e-07,3.1639e-06,7.6778e-06,7.6652e-06,5.9874e-06,1.4745e-07,2.0668e-07,6.2299e-07,3.1911e-06,6.2968e-06,7.5702e-06,6.9152e-06
P69,0.00,0.00,30.00,0.00,7.4884e-08,3.0306e-07,1.0668e-06,3.3898e-06,7.8237e-06,7.8110e-06,6.8016e-06,7.1782e-08,2.7378e-07,7.8488e-07,3.4004e-06,6.4359e-06,7.7056e-06,7.5358e-06
P69,30.00,0.00,30.00,0.00,8.8626e-08,2.8685e-07,1.0290e-06,3.3506e-06,7.7987e-06,7.7861e-06,6.6441e-06,8.4995e-08,2.5855e-07,7.5119e-07,3.3645e-06,6.4122e-06,7.6824e-06,7.4200e-06
P69,60.00,45.00,60.00,0.00,1.1278e-07,2.3084e-07,8.7722e-07,3.1603e-06,7.6774e-06,7.6649e-06,5.9873e-06,1.0871e-07,2.0667e-07,6.2294e-07,3.1872e-06,6.2961e-06,7.5698e-06,6.9151e-06
P69,0.00,180.00,60.00,0.00,5.2129e-08,3.0303e-07,1.0667e-06,3.3897e-06,7.8237e-06,7.8110e-06,6.8016e-06,5.0291e-08,2.7377e-07,7.8484e-07,3.4002e-06,6.4359e-06,7.7056e-06,7.5358e-06
P69,0.00,45.00,0.00,0.00,8.0275e-08,3.0306e-07,1.0668e-06,3.3900e-06,7.8237e-06,7.8111e-06,6.8016e-06,7.6850e-08,2.7378e-07,7.8490e-07,3.4005e-06,6.4359e-06,7.7056e-06,7.5358e-06
P69,60.00,180.00,30.00,0.00,7.3829e-08,2.3080e-07,8.7706e-07,3.1566e-06,7.6771e-06,7.6645e-06,5.9872e-06,7.0726e-08,2.0667e-07,6.2291e-07,3.1833e-06,6.2955e-06,7.5694e-06,6.9149e-06
P69,0.00,45.00,30.00,0.00,7.4884e-08,3.0306e-07,1.0668e-06,3.3898e-06,7.8237e-06,7.8110e-06,6.8016e-06,7.1782e-08,2.7378e-07,7.8488e-07,3.4004e-06,6.4359e-06,7.7056e-06,7.5358e-06
P69,30.00,180.00,30.00,0.00,7.3068e-08,2.8683e-07,1.0288e-06,3.3496e-06,7.7986e-06,7.7860e-06,6.6441e-06,7.0012e-08,2.5855e-07,7.5114e-07,3.3635e-06,6.4120e-06,7.6823e-06,7.4199e-06
P69,0.00,0.00,0.00,0.00,8.0275e-08,3.0306e-07,1.0668e-06,3.3900e-06,7.8237e-06,7.8111e-06,6.8016e-06,7.6850e-08,2.7378e-07,7.8490e-07,3.4005e-06,6.4359e-06,7.7056e-06,7.5358e-06
P69,0.00,135.00,30.00,0.00,7.4884e-08,3.0306e-07,1.0668e-06,3.3898e-06,7.8237e-06,7.8110e-06,6.8016e-06,7.1782e-08,2.7378e-07,7.8488e-07,3.4004e-06,6.4359e-06,7.7056e-06,7.5358e-06
P69,60.00,90.00,30.00,0.00,8.9766e-08,2.3082e-07,8.7713e-07,3.1575e-06,7.6772e-06,7.6646e-06,5.9873e-06,8.6071e-08,2.0667e-07,6.2293e-07,3.1842e-06,6.2956e-06,7.5695e-06,6.9149e-06
P69,60.00,45.00,0.00,0.00,9.1705e-08,2.3082e-07,8.7714e-07,3.1574e-06,7.6772e-06,7.6646e-06,5.9873e-06,8.7855e-08,2.0667e-07,6.2294e-07,3.1841e-06,6.2956e-06,7.5695e-06,6.9149e-06
P69,60.00,90.00,0.00,0.00,9.1705e-08,2.3082e-07,8.7714e-07,3.1574e-06,7.6772e-06,7.6646e-06,5.9873e-06,8.7855e-08,2.0667e-07,6.2294e-07,3.1841e-06,6.2956e-06,7.5695e-06,6.9149e-06
P69,30.00,135.00,30.00,0.00,7.4886e-08,2.8683e-07,1.0288e-06,3.3498e-06,7.7987e-06,7.7860e-06,6.6441e-06,7.1761e-08,2.5855e-07,7.5115e-07,3.3637e-06,6.4120e-06,7.6823e-06,7.4199e-06
P69,30.00,135.00,60.00,0.00,5.0084e-08,2.8681e-07,1.0287e-06,3.3495e-06,7.7986e-06,7.7860e-06,6.6441e-06,4.8280e-08,2.5854e-07,7.5111e-07,3.3633e-06,6.4120e-06,7.6823e-06,7.4199e-06
P69,30.00,0.00,60.00,0.00,7.3484e-08,2.8684e-07,1.0289e-06,3.3509e-06,7.7988e-06,7.7861e-06,6.6441e-06,7.0861e-08,2.5855e-07,7.5114e-07,3.3648e-06,6.4122e-06,7.6824e-06,7.4200e-06
P69,0.00,180.00,30.00,0.00,7.4884e-08,3.0306e-07,1.0668e-06,3.3898e-06,7.8237e-06,7.8110e-06,6.8016e-06,7.1782e-08,2.7378e-07,7.8488e-07,3.4004e-06,6.4359e-06,7.7056e-06,7.5358e-06
P69,60.00,0.00,0.00,0.00,9.1705e-08,2.3082e-07,8.7714e-07,3.1574e-06,7.6772e-06,7.6646e-06,5.9873e-06,8.7855e-08,2.0667e-07,6.2294e-07,3.1841e-06,6.2956e-06,7.5695e-06,6.9149e-06
P69,30.00,135.00,0.00,0.00,8.4442e-08,2.8685e-07,1.0289e-06,3.3501e-06,7.7987e-06,7.7860e-06,6.6441e-06,8.0834e-08,2.5855e-07,7.5117e-07,3.3639e-06,6.4121e-06,7.6823e-06,7.4199e-06
P69,30.00,45.00,30.00,0.00,8.5783e-08,2.8685e-07,1.0289e-06,3.3504e-06,7.7987e-06,7.7861e-06,6.6441e-06,8.2253e-08,2.5855e-07,7.5118e-07,3.3643e-06,6.4121e-06,7.6824e-06,7.4199e-06
P69,0.00,0.00,60.00,0.00,5.2129e-08,3.0303e-07,1.0667e-06,3.3897e-06,7.8237e-06,7.8110e-06,6.8016e-06,5.0291e-08,2.7377e-07,7.8484e-07,3.4002e-06,6.4359e-06,7.7056e-06,7.5358e-06
P69,30.00,45.00,0.00,0.00,8.4442e-08,2.8685e-07,1.0289e-06,3.3501e-06,7.7987e-06,7.7860e-06,6.6441e-06,8.0834e-08,2.5855e-07,7.5117e-07,3.3639e-06,6.4121e-06,7.6823e-06,7.4199e-06
P69,60.00,135.00,60.00,0.00,5.4030e-08,2.3078e-07,8.7698e-07,3.1563e-06,7.6771e-06,7.6645e-06,5.9872e-06,5.1979e-08,2.0667e-07,6.2289e-07,3.1829e-06,6.2954e-06,7.5694e-06,6.9149e-06
P70,0.00,180.00,60.00,0.00,4.8299e-08,3.0452e-07,9.4113e-07,2.7367e-06,6.6961e-06,6.6844e-06,6.0788e-06,4.6389e-08,2.7971e-07,7.2763e-07,2.7420e-06,5.4082e-06,6.5820e-06,6.6500e-06
P70,30.00,45.00,60.00,0.00,6.3872e-08,2.9173e-07,9.1676e-07,2.7052e-06,6.6751e-06,6.6634e-06,5.9481e-06,6.1374e-08,2.6747e-07,7.0527e-07,2.7133e-06,5.3873e-06,6.5621e-06,6.5559e-06
P70,60.00,0.00,30.00,0.00,1.1556e-07,2.4423e-07,8.1733e-07,2.5539e-06,6.5784e-06,6.5666e-06,5.3946e-06,1.1079e-07,2.2235e-07,6.1667e-07,2.5728e-06,5.2899e-06,6.4712e-06,6.1421e-06
P70,30.00,0.00,0.00,0.00,8.0934e-08,2.9176e-07,9.1685e-07,2.7048e-06,6.6751e-06,6.6633e-06,5.9481e-06,7.7237e-08,2.6748e-07,7.0533e-07,2.7127e-06,5.3871e-06,6.5621e-06,6.5559e-06
P70,60.00,180.00,30.00,0.00,7.0938e-08,2.4417e-07,8.1698e-07,2.5513e-06,6.5781e-06,6.5664e-06,5.3945e-06,6.7751e-08,2.2234e-07,6.1657e-07,2.5700e-06,5.2895e-06,6.4709e-06,6.1420e-06
P70,60.00,45.00,30.00,0.00,1.0509e-07,2.4422e-07,8.1724e-07,2.5533e-06,6.5783e-06,6.5666e-06,5.3946e-06,1.0067e-07,2.2235e-07,6.1664e-07,2.5721e-06,5.2898e-06,6.4711e-06,6.1421e-06
P70,0.00,135.00,30.00,0.00,7.1168e-08,3.0455e-07,9.4129e-07,2.7369e-06,6.6961e-06,6.6844e-06,6.0788e-06,6.7983e-08,2.7972e-07,7.2770e-07,2.7422e-06,5.4082e-06,6.5820e-06,6.6500e-06
P70,60.00,0.00,60.00,0.00,1.5036e-07,2.4428e-07,8.1758e-07,2.5586e-06,6.5789e-06,6.5671e-06,5.3947e-06,1.4501e-07,2.2235e-07,6.1671e-07,2.5779e-06,5.2909e-06,6.4717e-06,6.1424e-06
P70,0.00,0.00,0.00,0.00,7.6581e-08,3.0456e-07,9.4134e-07,2.7370e-06,6.6961e-06,6.6844e-06,6.0789e-06,7.3069e-08,2.7973e-07,7.2773e-07,2.7423e-06,5.4083e-06,6.5820e-06,6.6500e-06
P70,30.00,135.00,60.00,0.00,4.6392e-08,2.9171e-07,9.1660e-07,2.7042e-06,6.6750e-06,6.6633e-06,5.9480e-06,4.4517e-08,2.6746e-07,7.0523e-07,2.7121e-06,5.3871e-06,6.5620e-06,6.5559e-06
P70,0.00,180.00,30.00,0.00,7.1168e-08,3.0455e-07,9.4129e-07,2.7369e-06,6.6961e-06,6.6844e-06,6.0788e-06,6.7983e-08,2.7972e-07,7.2770e-07,2.7422e-06,5.4082e-06,6.5820e-06,6.6500e-06
P70,0.00,90.00,60.00,0.00,4.8299e-08,3.0452e-07,9.4113e-07,2.7367e-06,6.6961e-06,6.6844e-06,6.0788e-06,4.6389e-08,2.7971e-07,7.2763e-07,2.7420e-06,5.4082e-06,6.5820e-06,6.6500e-06
P70,60.00,135.00,60.00,0.00,5.0997e-08,2.4415e-07,8.1687e-07,2.5509e-06,6.5781e-06,6.5664e-06,5.3945e-06,4.8875e-08,2.2233e-07,6.1653e-07,2.5696e-06,5.2894e-06,6.4709e-06,6.1419e-06
P70,0.00,45.00,30.00,0.00,7.1168e-08,3.0455e-07,9.4129e-07,2.7369e-06,6.6961e-06,6.6844e-06,6.0788e-06,6.7983e-08,2.7972e-07,7.2770e-07,2.7422e-06,5.4082e-06,6.5820e-06,6.6500e-06
P70,30.00,180.00,0.00,0.00,8.0934e-08,2.9176e-07,9.1685e-07,2.7048e-06,6.6751e-06,6.6633e-06,5.9481e-06,7.7237e-08,2.6748e-07,7.0533e-07,2.7127e-06,5.3871e-06,6.5621e-06,6.5559e-06
P70,30.00,135.00,0.00,0.00,8.0934e-08,2.9176e-07,9.1685e-07,2.7048e-06,6.6751e-06,6.6633e-06,5.9481e-06,7.7237e-08,2.6748e-07,7.0533e-07,2.7127e-06,5.3871e-06,6.5621e-06,6.5559e-06
P70,30.00,45.00,30.00,0.00,8.2284e-08,2.9176e-07,9.1690e-07,2.7051e-06,6.6751e-06,6.6634e-06,5.9481e-06,7.8667e-08,2.6748e-07,7.0535e-07,2.7131e-06,5.3872e-06,6.5621e-06,6.5559e-06
P70,0.00,0.00,30.00,0.00,7.1168e-08,3.0455e-07,9.4129e-07,2.7369e-06,6.6961e-06,6.6844e-06,6.0788e-06,6.7983e-08,2.7972e-07,7.2770e-07,2.7422e-06,5.4082e-06,6.5820e-06,6.6500e-06
P70,0.00,0.00,60.00,0.00,4.8299e-08,3.0452e-07,9.4113e-07,2.7367e-06,6.6961e-06,6.6844e-06,6.0788e-06,4.6389e-08,2.7971e-07,7.2763e-07,2.7420e-06,5.4082e-06,6.5820e-06,6.6500e-06
P70,0.00,135.00,60.00,0.00,4.8299e-08,3.0452e-07,9.4113e-07,2.7367e-06,6.6961e-06,6.6844e-06,6.0788e-06,4.6389e-08,2.7971e-07,7.2763e-07,2.7420e-06,5.4082e-06,6.5820e-06,6.6500e-06
P70,60.00,45.00,60.00,0.00,1.1016e-07,2.4422e-07,8.1725e-07,2.5550e-06,6.5785e-06,6.5668e-06,5.3946e-06,1.0600e-07,2.2234e-07,6.1662e-07,2.5740e-06,5.2902e-06,6.4713e-06,6.1422e-06
P70,30.00,180.00,30.00,0.00,6.9502e-08,2.9174e-07,9.1674e-07,2.7043e-06,6.6750e-06,6.6633e-06,5.9480e-06,6.6362e-08,2.6747e-07,7.0529e-07,2.7123e-06,5.3871e-06,6.5621e-06,6.5559e-06
P70,60.00,90.00,60.00,0.00,6.8675e-08,2.4417e-07,8.1697e-07,2.5520e-06,6.5782e-06,6.5665e-06,5.3945e-06,6.5895e-08,2.2234e-07,6.1655e-07,2.5707e-06,5.2896e-06,6.4710e-06,6.1420e-06
P70,60.00,90.00,0.00,0.00,8.8935e-08,2.4419e-07,8.1711e-07,2.5521e-06,6.5782e-06,6.5665e-06,5.3946e-06,8.4992e-08,2.2234e-07,6.1661e-07,2.5708e-06,5.2896e-06,6.4710e-06,6.1420e-06
P70,30.00,90.00,0.00,0.00,8.0934e-08,2.9176e-07,9.1685e-07,2.7048e-06,6.6751e-06,6.6633e-06,5.9481e-06,7.7237e-08,2.6748e-07,7.0533e-07,2.7127e-06,5.3871e-06,6.5621e-06,6.5559e-06
P70,30.00,90.00,30.00,0.00,7.6316e-08,2.9175e-07,9.1683e-07,2.7048e-06,6.6751e-06,6.6633e-06,5.9481e-06,7.2919e-08,2.6747e-07,7.0532e-07,2.7128e-06,5.3872e-06,6.5621e-06,6.5559e-06
P70,60.00,180.00,60.00,0.00,4.6306e-08,2.4414e-07,8.1684e-07,2.5505e-06,6.5781e-06,6.5663e-06,5.3945e-06,4.4366e-08,2.2233e-07,6.1652e-07,2.5692e-06,5.2894e-06,6.4709e-06,6.1419e-06
P70,60.00,45.00,0.00,0.00,8.8935e-08,2.4419e-07,8.1711e-07,2.5521e-06,6.5782e-06,6.5665e-06,5.3946e-06,8.4992e-08,2.2234e-07,6.1661e-07,2.5708e-06,5.2896e-06,6.4710e-06,6.1420e-06
P70,0.00,45.00,60.00,0.00,4.8299e-08,3.0452e-07,9.4113e-07,2.7367e-06,6.6961e-06,6.6844e-06,6.0788e-06,4.6389e-08,2.7971e-07,7.2763e-07,2.7420e-06,5.4082e-06,6.5820e-06,6.6500e-06
P70,30.00,0.00,60.00,0.00,6.9925e-08,2.9174e-07,9.1681e-07,2.7056e-06,6.6752e-06,6.6634e-06,5.9481e-06,6.7225e-08,2.6747e-07,7.0529e-07,2.7137e-06,5.3873e-06,6.5622e-06,6.5559e-06
P70,60.00,180.00,0.00,0.00,8.8935e-08,2.4419e-07,8.1711e-07,2.5521e-06,6.5782e-06,6.5665e-06,5.3946e-06,8.4992e-08,2.2234e-07,6.1661e-07,2.5708e-06,5.2896e-06,6.4710e-06,6.1420e-06
P70,30.00,45.00,0.00,0.00,8.0934e-08,2.9176e-07,9.1685e-07,2.7048e-06,6.6751e-06,6.6633e-06,5.9481e-06,7.7237e-08,2.6748e-07,7.0533e-07,2.7127e-06,5.3871e-06,6.5621e-06,6.5559e-06
P70,30.00,0.00,30.00,0.00,8.5142e-08,2.9177e-07,9.1693e-07,2.7053e-06,6.6751e-06,6.6634e-06,5.9481e-06,8.1423e-08,2.6748e-07,7.0536e-07,2.7133e-06,5.3872e-06,6.5621e-06,6.5559e-06
P70,60.00,90.00,30.00,0.00,8.6983e-08,2.4419e-07,8.1709e-07,2.5521e-06,6.5782e-06,6.5665e-06,5.3946e-06,8.3197e-08,2.2234e-07,6.1660e-07,2.5709e-06,5.2896e-06,6.4710e-06,6.1420e-06
P70,0.00,90.00,30.00,0.00,7.1168e-08,3.0455e-07,9.4129e-07,2.7369e-06,6.6961e-06,6.6844e-06,6.0788e-06,6.7983e-08,2.7972e-07,7.2770e-07,2.7422e-06,5.4082e-06,6.5820e-06,6.6500e-06
P70,0.00,180.00,0.00,0.00,7.6581e-08,3.0456e-07,9.4134e-07,2.7370e-06,6.6961e-06,6.6844e-06,6.0789e-06,7.3069e-08,2.7973e-07,7.2773e-07,2.7423e-06,5.4083e-06,6.5820e-06,6.6500e-06
P70,30.00,90.00,60.00,0.00,5.3400e-08,2.9172e-07,9.1666e-07,2.7046e-06,6.6751e-06,6.6633e-06,5.9480e-06,5.1266e-08,2.6747e-07,7.0525e-07,2.7125e-06,5.3871e-06,6.5621e-06,6.5559e-06
P70,0.00,135.00,0.00,0.00,7.6581e-08,3.0456e-07,9.4134e-07,2.7370e-06,6.6961e-06,6.6844e-06,6.0789e-06,7.3069e-08,2.7973e-07,7.2773e-07,2.7423e-06,5.4083e-06,6.5820e-06,6.6500e-06
P70,60.00,135.00,30.00,0.00,7.4865e-08,2.4417e-07,8.1700e-07,2.5514e-06,6.5781e-06,6.5664e-06,5.3945e-06,7.1527e-08,2.2234e-07,6.1657e-07,2.5701e-06,5.2895e-06,6.4710e-06,6.1420e-06
P70,30.00,180.00,60.00,0.00,4.4122e-08,2.9170e-07,9.1659e-07,2.7041e-06,6.6750e-06,6.6633e-06,5.9480e-06,4.2334e-08,2.6746e-07,7.0522e-07,2.7120e-06,5.3871e-06,6.5620e-06,6.5559e-06
P70,0.00,45.00,0.00,0.00,7.6581e-08,3.0456e-07,9.4134e-07,2.7370e-06,6.6961e-06,6.6844e-06,6.0789e-06,7.3069e-08,2.7973e-07,7.2773e-07,2.7423e-06,5.4083e-06,6.5820e-06,6.6500e-06
P70,30.00,135.00,30.00,0.00,7.1329e-08,2.9174e-07,9.1677e-07,2.7045e-06,6.6750e-06,6.6633e-06,5.9480e-06,6.8120e-08,2.6747e-07,7.0530e-07,2.7125e-06,5.3871e-06,6.5621e-06,6.5559e-06
P70,60.00,135.00,0.00,0.00,8.8935e-08,2.4419e-07,8.1711e-07,2.5521e-06,6.5782e-06,6.5665e-06,5.3946e-06,8.4992e-08,2.2234e-07,6.1661e-07,2.5708e-06,5.2896e-06,6.4710e-06,6.1420e-06
P70,0.00,90.00,0.00,0.00,7.6581e-08,3.0456e-07,9.4134e-07,2.7370e-06,6.6961e-06,6.6844e-06,6.0789e-06,7.3069e-08,2.7973e-07,7.2773e-07,2.7423e-06,5.4083e-06,6.5820e-06,6.6500e-06
P70,60.00,0.00,0.00,0.00,8.8935e-08,2.4419e-07,8.1711e-07,2.5521e-06,6.5782e-06,6.5665e-06,5.3946e-06,8.4992e-08,2.2234e-07,6.1661e-07,2.5708e-06,5.2896e-06,6.4710e-06,6.1420e-06
P71,0.00,90.00,30.00,0.00,6.7701e-08,2.2284e-07,6.1887e-07,1.7264e-06,4.7499e-06,4.7402e-06,4.8651e-06,6.4373e-08,2.0713e-07,4.9950e-07,1.7071e-06,3.6858e-06,4.6504e-06,5.1058e-06
P71,60.00,45.00,30.00,0.00,1.0324e-07,1.9147e-07,5.6300e-07,1.6274e-06,4.6681e-06,4.6584e-06,4.5157e-06,9.8609e-08,1.7699e-07,4.4844e-07,1.6104e-06,3.6050e-06,4.5721e-06,4.8459e-06
P71,60.00,135.00,30.00,0.00,7.2488e-08,1.9131e-07,5.6200e-07,1.6254e-06,4.6679e-06,4.6582e-06,4.5156e-06,6.8980e-08,1.7691e-07,4.4788e-07,1.6083e-06,3.6047e-06,4.5719e-06,4.8458e-06
P71,0.00,135.00,60.00,0.00,4.4682e-08,2.2274e-07,6.1852e-07,1.7262e-06,4.7499e-06,4.7402e-06,4.8651e-06,4.2647e-08,2.0707e-07,4.9923e-07,1.7070e-06,3.6858e-06,4.6504e-06,5.1058e-06
P71,0.00,0.00,0.00,0.00,7.3144e-08,2.2287e-07,6.1899e-07,1.7265e-06,4.7499e-06,4.7402e-06,4.8651e-06,6.9486e-08,2.0715e-07,4.9959e-07,1.7073e-06,3.6858e-06,4.6504e-06,5.1058e-06
P71,0.00,135.00,0.00,0.00,7.3144e-08,2.2287e-07,6.1899e-07,1.7265e-06,4.7499e-06,4.7402e-06,4.8651e-06,6.9486e-08,2.0715e-07,4.9959e-07,1.7073e-06,3.6858e-06,4.6504e-06,5.1058e-06
P71,0.00,135.00,30.00,0.00,6.7701e-08,2.2284e-07,6.1887e-07,1.7264e-06,4.7499e-06,4.7402e-06,4.8651e-06,6.4373e-08,2.0713e-07,4.9950e-07,1.7071e-06,3.6858e-06,4.6504e-06,5.1058e-06
P71,60.00,135.00,0.00,0.00,8.6685e-08,1.9138e-07,5.6238e-07,1.6261e-06,4.6679e-06,4.6583e-06,4.5157e-06,8.2558e-08,1.7695e-07,4.4811e-07,1.6090e-06,3.6048e-06,4.5719e-06,4.8458e-06
P71,60.00,90.00,30.00,0.00,8.4814e-08,1.9137e-07,5.6237e-07,1.6261e-06,4.6679e-06,4.6583e-06,4.5157e-06,8.0841e-08,1.7694e-07,4.4808e-07,1.6090e-06,3.6048e-06,4.5719e-06,4.8459e-06
P71,30.00,45.00,30.00,0.00,7.9177e-08,2.1646e-07,6.0804e-07,1.7094e-06,4.7355e-06,4.7258e-06,4.7974e-06,7.5400e-08,2.0097e-07,4.8946e-07,1.6907e-06,3.6713e-06,4.6365e-06,5.0574e-06
P71,60.00,0.00,30.00,0.00,1.1389e-07,1.9153e-07,5.6336e-07,1.6281e-06,4.6681e-06,4.6584e-06,4.5157e-06,1.0890e-07,1.7701e-07,4.4864e-07,1.6111e-06,3.6051e-06,4.5721e-06,4.8460e-06
P71,0.00,45.00,30.00,0.00,6.7701e-08,2.2284e-07,6.1887e-07,1.7264e-06,4.7499e-06,4.7402e-06,4.8651e-06,6.4373e-08,2.0713e-07,4.9950e-07,1.7071e-06,3.6858e-06,4.6504e-06,5.1058e-06
P71,30.00,135.00,60.00,0.00,4.2961e-08,2.1628e-07,6.0721e-07,1.7084e-06,4.7354e-06,4.7257e-06,4.7974e-06,4.0960e-08,2.0087e-07,4.8891e-07,1.6897e-06,3.6712e-06,4.6365e-06,5.0573e-06
P71,30.00,45.00,0.00,0.00,7.7764e-08,2.1643e-07,6.0784e-07,1.7090e-06,4.7355e-06,4.7258e-06,4.7974e-06,7.3911e-08,2.0095e-07,4.8935e-07,1.6903e-06,3.6712e-06,4.6365e-06,5.0574e-06
P71,30.00,180.00,60.00,0.00,4.0652e-08,2.1627e-07,6.0715e-07,1.7083e-06,4.7354e-06,4.7257e-06,4.7974e-06,3.8742e-08,2.0086e-07,4.8887e-07,1.6896e-06,3.6712e-06,4.6364e-06,5.0573e-06
P71,60.00,45.00,60.00,0.00,1.0922e-07,1.9149e-07,5.6343e-07,1.6292e-06,4.6682e-06,4.6586e-06,4.5157e-06,1.0479e-07,1.7698e-07,4.4857e-07,1.6124e-06,3.6053e-06,4.5723e-06,4.8460e-06
P71,30.00,135.00,0.00,0.00,7.7764e-08,2.1643e-07,6.0784e-07,1.7090e-06,4.7355e-06,4.7258e-06,4.7974e-06,7.3911e-08,2.0095e-07,4.8935e-07,1.6903e-06,3.6712e-06,4.6365e-06,5.0574e-06
P71,0.00,45.00,60.00,0.00,4.4682e-08,2.2274e-07,6.1852e-07,1.7262e-06,4.7499e-06,4.7402e-06,4.8651e-06,4.2647e-08,2.0707e-07,4.9923e-07,1.7070e-06,3.6858e-06,4.6504e-06,5.1058e-06
P71,0.00,90.00,60.00,0.00,4.4682e-08,2.2274e-07,6.1852e-07,1.7262e-06,4.7499e-06,4.7402e-06,4.8651e-06,4.2647e-08,2.0707e-07,4.9923e-07,1.7070e-06,3.6858e-06,4.6504e-06,5.1058e-06
P71,30.00,135.00,30.00,0.00,6.8082e-08,2.1638e-07,6.0763e-07,1.7088e-06,4.7355e-06,4.7258e-06,4.7974e-06,6.4726e-08,2.0092e-07,4.8921e-07,1.6901e-06,3.6712e-06,4.6365e-06,5.0573e-06
P71,60.00,90.00,0.00,0.00,8.6685e-08,1.9138e-07,5.6238e-07,1.6261e-06,4.6679e-06,4.6583e-06,4.5157e-06,8.2558e-08,1.7695e-07,4.4811e-07,1.6090e-06,3.6048e-06,4.5719e-06,4.8458e-06
P71,30.00,90.00,60.00,0.00,5.0087e-08,2.1631e-07,6.0743e-07,1.7088e-06,4.7355e-06,4.7258e-06,4.7974e-06,4.7817e-08,2.0088e-07,4.8903e-07,1.6901e-06,3.6712e-06,4.6365e-06,5.0573e-06
P71,0.00,180.00,30.00,0.00,6.7701e-08,2.2284e-07,6.1887e-07,1.7264e-06,4.7499e-06,4.7402e-06,4.8651e-06,6.4373e-08,2.0713e-07,4.9950e-07,1.7071e-06,3.6858e-06,4.6504e-06,5.1058e-06
P71,60.00,180.00,0.00,0.00,8.6685e-08,1.9138e-07,5.6238e-07,1.6261e-06,4.6679e-06,4.6583e-06,4.5157e-06,8.2558e-08,1.7695e-07,4.4811e-07,1.6090e-06,3.6048e-06,4.5719e-06,4.8458e-06
P71,30.00,180.00,30.00,0.00,6.6232e-08,2.1636e-07,6.0753e-07,1.7086e-06,4.7354e-06,4.7258e-06,4.7974e-06,6.2947e-08,2.0091e-07,4.8915e-07,1.6899e-06,3.6712e-06,4.6365e-06,5.0573e-06
P71,60.00,0.00,0.00,0.00,8.6685e-08,1.9138e-07,5.6238e-07,1.6261e-06,4.6679e-06,4.6583e-06,4.5157e-06,8.2558e-08,1.7695e-07,4.4811e-07,1.6090e-06,3.6048e-06,4.5719e-06,4.8458e-06
P71,0.00,90.00,0.00,0.00,7.3144e-08,2.2287e-07,6.1899e-07,1.7265e-06,4.7499e-06,4.7402e-06,4.8651e-06,6.9486e-08,2.0715e-07,4.9959e-07,1.7073e-06,3.6858e-06,4.6504e-06,5.1058e-06
P71,0.00,45.00,0.00,0.00,7.3144e-08,2.2287e-07,6.1899e-07,1.7265e-06,4.7499e-06,4.7402e-06,4.8651e-06,6.9486e-08,2.0715e-07,4.9959e-07,1.7073e-06,3.6858e-06,4.6504e-06,5.1058e-06
P71,30.00,0.00,30.00,0.00,8.2071e-08,2.1648e-07,6.0816e-07,1.7096e-06,4.7355e-06,4.7258e-06,4.7975e-06,7.8189e-08,2.0098e-07,4.8954e-07,1.6909e-06,3.6713e-06,4.6365e-06,5.0574e-06
P71,0.00,0.00,60.00,0.00,4.4682e-08,2.2274e-07,6.1852e-07,1.7262e-06,4.7499e-06,4.7402e-06,4.8651e-06,4.2647e-08,2.0707e-07,4.9923e-07,1.7070e-06,3.6858e-06,4.6504e-06,5.1058e-06
P71,0.00,180.00,0.00,0.00,7.3144e-08,2.2287e-07,6.1899e-07,1.7265e-06,4.7499e-06,4.7402e-06,4.8651e-06,6.9486e-08,2.0715e-07,4.9959e-07,1.7073e-06,3.6858e-06,4.6504e-06,5.1058e-06
P71,30.00,90.00,30.00,0.00,7.3133e-08,2.1642e-07,6.0782e-07,1.7091e-06,4.7355e-06,4.7258e-06,4.7974e-06,6.9583e-08,2.0094e-07,4.8933e-07,1.6904e-06,3.6713e-06,4.6365e-06,5.0574e-06
P71,30.00,0.00,60.00,0.00,6.6893e-08,2.1641e-07,6.0803e-07,1.7099e-06,4.7356e-06,4.7259e-06,4.7975e-06,6.4035e-08,2.0093e-07,4.8938e-07,1.6913e-06,3.6714e-06,4.6366e-06,5.0574e-06
P71,30.00,90.00,0.00,0.00,7.7764e-08,2.1643e-07,6.0784e-07,1.7090e-06,4.7355e-06,4.7258e-06,4.7974e-06,7.3911e-08,2.0095e-07,4.8935e-07,1.6903e-06,3.6712e-06,4.6365e-06,5.0574e-06
P71,30.00,180.00,0.00,0.00,7.7764e-08,2.1643e-07,6.0784e-07,1.7090e-06,4.7355e-06,4.7258e-06,4.7974e-06,7.3911e-08,2.0095e-07,4.8935e-07,1.6903e-06,3.6712e-06,4.6365e-06,5.0574e-06
P71,60.00,0.00,60.00,0.00,1.5048e-07,1.9172e-07,5.6506e-07,1.6332e-06,4.6686e-06,4.6590e-06,4.5158e-06,1.4480e-07,1.7708e-07,4.4942e-07,1.6165e-06,3.6061e-06,4.5727e-06,4.8463e-06
P71,60.00,180.00,30.00,0.00,6.8493e-08,1.9130e-07,5.6190e-07,1.6252e-06,4.6679e-06,4.6582e-06,4.5156e-06,6.5142e-08,1.7690e-07,4.4782e-07,1.6081e-06,3.6047e-06,4.5719e-06,4.8458e-06
P71,30.00,0.00,0.00,0.00,7.7764e-08,2.1643e-07,6.0784e-07,1.7090e-06,4.7355e-06,4.7258e-06,4.7974e-06,7.3911e-08,2.0095e-07,4.8935e-07,1.6903e-06,3.6712e-06,4.6365e-06,5.0574e-06
P71,60.00,45.00,0.00,0.00,8.6685e-08,1.9138e-07,5.6238e-07,1.6261e-06,4.6679e-06,4.6583e-06,4.5157e-06,8.2558e-08,1.7695e-07,4.4811e-07,1.6090e-06,3.6048e-06,4.5719e-06,4.8458e-06
P71,60.00,180.00,60.00,0.00,4.3707e-08,1.9120e-07,5.6140e-07,1.6245e-06,4.6678e-06,4.6581e-06,4.5156e-06,4.1628e-08,1.7686e-07,4.4752e-07,1.6073e-06,3.6045e-06,4.5718e-06,4.8457e-06
P71,0.00,0.00,30.00,0.00,6.7701e-08,2.2284e-07,6.1887e-07,1.7264e-06,4.7499e-06,4.7402e-06,4.8651e-06,6.4373e-08,2.0713e-07,4.9950e-07,1.7071e-06,3.6858e-06,4.6504e-06,5.1058e-06
P71,0.00,180.00,60.00,0.00,4.4682e-08,2.2274e-07,6.1852e-07,1.7262e-06,4.7499e-06,4.7402e-06,4.8651e-06,4.2647e-08,2.0707e-07,4.9923e-07,1.7070e-06,3.6858e-06,4.6504e-06,5.1058e-06
P71,60.00,135.00,60.00,0.00,4.8515e-08,1.9122e-07,5.6156e-07,1.6249e-06,4.6678e-06,4.6582e-06,4.5156e-06,4.6244e-08,1.7687e-07,4.4760e-07,1.6078e-06,3.6046e-06,4.5718e-06,4.8458e-06
P71,30.00,45.00,60.00,0.00,6.0737e-08,2.1637e-07,6.0781e-07,1.7095e-06,4.7355e-06,4.7258e-06,4.7974e-06,5.8089e-08,2.0091e-07,4.8925e-07,1.6909e-06,3.6714e-06,4.6366e-06,5.0574e-06
P71,60.00,90.00,60.00,0.00,6.6642e-08,1.9130e-07,5.6205e-07,1.6260e-06,4.6679e-06,4.6583e-06,4.5156e-06,6.3678e-08,1.7690e-07,4.4786e-07,1.6089e-06,3.6048e-06,4.5719e-06,4.8458e-06
P72,60.00,90.00,30.00,0.00,8.5244e-08,1.8071e-07,5.8183e-07,1.7316e-06,4.8899e-06,4.8799e-06,4.6466e-06,8.1265e-08,1.6538e-07,4.5278e-07,1.7112e-06,3.7883e-06,4.7910e-06,5.0349e-06
P72,60.00,45.00,60.00,0.00,1.0945e-07,1.8087e-07,5.8316e-07,1.7347e-06,4.8902e-06,4.8802e-06,4.6467e-06,1.0503e-07,1.6545e-07,4.5348e-07,1.7145e-06,3.7888e-06,4.7913e-06,5.0351e-06
P72,60.00,135.00,60.00,0.00,4.8787e-08,1.8052e-07,5.8091e-07,1.7304e-06,4.8898e-06,4.8798e-06,4.6466e-06,4.6519e-08,1.6528e-07,4.5219e-07,1.7099e-06,3.7881e-06,4.7909e-06,5.0348e-06
P72,0.00,90.00,60.00,0.00,4.4947e-08,2.2041e-07,6.4703e-07,1.8164e-06,4.9483e-06,4.9382e-06,5.0130e-06,4.2917e-08,2.0370e-07,5.1548e-07,1.7945e-06,3.8377e-06,4.8448e-06,5.2957e-06
P72,60.00,135.00,30.00,0.00,7.2887e-08,1.8063e-07,5.8140e-07,1.7309e-06,4.8899e-06,4.8798e-06,4.6466e-06,6.9375e-08,1.6534e-07,4.5252e-07,1.7105e-06,3.7882e-06,4.7910e-06,5.0348e-06
P72,0.00,180.00,0.00,0.00,7.3407e-08,2.2056e-07,6.4752e-07,1.8167e-06,4.9483e-06,4.9382e-06,5.0130e-06,6.9752e-08,2.0379e-07,5.1587e-07,1.7948e-06,3.8377e-06,4.8448e-06,5.2957e-06
P72,30.00,135.00,0.00,0.00,7.8052e-08,2.1244e-07,6.3574e-07,1.8042e-06,4.9410e-06,4.9309e-06,4.9434e-06,7.4202e-08,1.9589e-07,5.0437e-07,1.7827e-06,3.8325e-06,4.8383e-06,5.2490e-06
P72,30.00,180.00,60.00,0.00,4.0921e-08,2.1225e-07,6.3499e-07,1.8035e-06,4.9410e-06,4.9309e-06,4.9433e-06,3.9015e-08,1.9578e-07,5.0382e-07,1.7819e-06,3.8324e-06,4.8383e-06,5.2490e-06
P72,30.00,45.00,0.00,0.00,7.8052e-08,2.1244e-07,6.3574e-07,1.8042e-06,4.9410e-06,4.9309e-06,4.9434e-06,7.4202e-08,1.9589e-07,5.0437e-07,1.7827e-06,3.8325e-06,4.8383e-06,5.2490e-06
P72,0.00,135.00,30.00,0.00,6.7964e-08,2.2052e-07,6.4739e-07,1.8166e-06,4.9483e-06,4.9382e-06,5.0130e-06,6.4639e-08,2.0377e-07,5.1577e-07,1.7946e-06,3.8377e-06,4.8448e-06,5.2957e-06
P72,30.00,180.00,30.00,0.00,6.6512e-08,2.1236e-07,6.3540e-07,1.8038e-06,4.9410e-06,4.9309e-06,4.9434e-06,6.3230e-08,1.9583e-07,5.0413e-07,1.7822e-06,3.8324e-06,4.8383e-06,5.2490e-06
P72,60.00,45.00,30.00,0.00,1.0371e-07,1.8084e-07,5.8257e-07,1.7329e-06,4.8901e-06,4.8800e-06,4.6467e-06,9.9073e-08,1.6545e-07,4.5324e-07,1.7125e-06,3.7885e-06,4.7911e-06,5.0350e-06
P72,0.00,45.00,0.00,0.00,7.3407e-08,2.2056e-07,6.4752e-07,1.8167e-06,4.9483e-06,4.9382e-06,5.0130e-06,6.9752e-08,2.0379e-07,5.1587e-07,1.7948e-06,3.8377e-06,4.8448e-06,5.2957e-06
P72,30.00,0.00,30.00,0.00,8.2370e-08,2.1251e-07,6.3611e-07,1.8048e-06,4.9410e-06,4.9309e-06,4.9434e-06,7.8491e-08,1.9593e-07,5.0460e-07,1.7833e-06,3.8326e-06,4.8384e-06,5.2490e-06
P72,0.00,0.00,0.00,0.00,7.3407e-08,2.2056e-07,6.4752e-07,1.8167e-06,4.9483e-06,4.9382e-06,5.0130e-06,6.9752e-08,2.0379e-07,5.1587e-07,1.7948e-06,3.8377e-06,4.8448e-06,5.2957e-06
P72,30.00,45.00,60.00,0.00,6.1036e-08,2.1238e-07,6.3576e-07,1.8047e-06,4.9411e-06,4.9310e-06,4.9434e-06,5.8390e-08,1.9585e-07,5.0430e-07,1.7832e-06,3.8326e-06,4.8384e-06,5.2490e-06
P72,0.00,90.00,30.00,0.00,6.7964e-08,2.2052e-07,6.4739e-07,1.8166e-06,4.9483e-06,4.9382e-06,5.0130e-06,6.4639e-08,2.0377e-07,5.1577e-07,1.7946e-06,3.8377e-06,4.8448e-06,5.2957e-06
P72,30.00,180.00,0.00,0.00,7.8052e-08,2.1244e-07,6.3574e-07,1.8042e-06,4.9410e-06,4.9309e-06,4.9434e-06,7.4202e-08,1.9589e-07,5.0437e-07,1.7827e-06,3.8325e-06,4.8383e-06,5.2490e-06
P72,30.00,45.00,30.00,0.00,7.9473e-08,2.1248e-07,6.3597e-07,1.8046e-06,4.9410e-06,4.9309e-06,4.9434e-06,7.5698e-08,1.9591e-07,5.0451e-07,1.7831e-06,3.8325e-06,4.8384e-06,5.2490e-06
P72,30.00,135.00,60.00,0.00,4.3233e-08,2.1226e-07,6.3506e-07,1.8036e-06,4.9410e-06,4.9309e-06,4.9433e-06,4.1237e-08,1.9578e-07,5.0387e-07,1.7820e-06,3.8324e-06,4.8383e-06,5.2490e-06
P72,0.00,0.00,30.00,0.00,6.7964e-08,2.2052e-07,6.4739e-07,1.8166e-06,4.9483e-06,4.9382e-06,5.0130e-06,6.4639e-08,2.0377e-07,5.1577e-07,1.7946e-06,3.8377e-06,4.8448e-06,5.2957e-06
P72,60.00,180.00,0.00,0.00,8.7147e-08,1.8072e-07,5.8184e-07,1.7316e-06,4.8899e-06,4.8799e-06,4.6466e-06,8.3012e-08,1.6539e-07,4.5281e-07,1.7111e-06,3.7883e-06,4.7910e-06,5.0349e-06
P72,30.00,90.00,60.00,0.00,5.0370e-08,2.1231e-07,6.3532e-07,1.8040e-06,4.9410e-06,4.9309e-06,4.9434e-06,4.8104e-08,1.9581e-07,5.0403e-07,1.7825e-06,3.8325e-06,4.8383e-06,5.2490e-06
P72,0.00,45.00,60.00,0.00,4.4947e-08,2.2041e-07,6.4703e-07,1.8164e-06,4.9483e-06,4.9382e-06,5.0130e-06,4.2917e-08,2.0370e-07,5.1548e-07,1.7945e-06,3.8377e-06,4.8448e-06,5.2957e-06
P72,0.00,90.00,0.00,0.00,7.3407e-08,2.2056e-07,6.4752e-07,1.8167e-06,4.9483e-06,4.9382e-06,5.0130e-06,6.9752e-08,2.0379e-07,5.1587e-07,1.7948e-06,3.8377e-06,4.8448e-06,5.2957e-06
P72,0.00,135.00,60.00,0.00,4.4947e-08,2.2041e-07,6.4703e-07,1.8164e-06,4.9483e-06,4.9382e-06,5.0130e-06,4.2917e-08,2.0370e-07,5.1548e-07,1.7945e-06,3.8377e-06,4.8448e-06,5.2957e-06
P72,60.00,90.00,60.00,0.00,6.6909e-08,1.8061e-07,5.8150e-07,1.7315e-06,4.8899e-06,4.8799e-06,4.6466e-06,6.3948e-08,1.6532e-07,4.5253e-07,1.7111e-06,3.7883e-06,4.7910e-06,5.0349e-06
P72,60.00,0.00,60.00,0.00,1.5066e-07,1.8117e-07,5.8512e-07,1.7387e-06,4.8906e-06,4.8806e-06,4.6468e-06,1.4498e-07,1.6560e-07,4.5461e-07,1.7187e-06,3.7896e-06,4.7917e-06,5.0353e-06
P72,60.00,0.00,0.00,0.00,8.7147e-08,1.8072e-07,5.8184e-07,1.7316e-06,4.8899e-06,4.8799e-06,4.6466e-06,8.3012e-08,1.6539e-07,4.5281e-07,1.7111e-06,3.7883e-06,4.7910e-06,5.0349e-06
P72,60.00,180.00,30.00,0.00,6.8883e-08,1.8061e-07,5.8128e-07,1.7307e-06,4.8899e-06,4.8798e-06,4.6466e-06,6.5529e-08,1.6533e-07,4.5245e-07,1.7103e-06,3.7882e-06,4.7909e-06,5.0348e-06
P72,30.00,0.00,0.00,0.00,7.8052e-08,2.1244e-07,6.3574e-07,1.8042e-06,4.9410e-06,4.9309e-06,4.9434e-06,7.4202e-08,1.9589e-07,5.0437e-07,1.7827e-06,3.8325e-06,4.8383e-06,5.2490e-06
P72,60.00,90.00,0.00,0.00,8.7147e-08,1.8072e-07,5.8184e-07,1.7316e-06,4.8899e-06,4.8799e-06,4.6466e-06,8.3012e-08,1.6539e-07,4.5281e-07,1.7111e-06,3.7883e-06,4.7910e-06,5.0349e-06
P72,0.00,180.00,60.00,0.00,4.4947e-08,2.2041e-07,6.4703e-07,1.8164e-06,4.9483e-06,4.9382e-06,5.0130e-06,4.2917e-08,2.0370e-07,5.1548e-07,1.7945e-06,3.8377e-06,4.8448e-06,5.2957e-06
P72,0.00,0.00,60.00,0.00,4.4947e-08,2.2041e-07,6.4703e-07,1.8164e-06,4.9483e-06,4.9382e-06,5.0130e-06,4.2917e-08,2.0370e-07,5.1548e-07,1.7945e-06,3.8377e-06,4.8448e-06,5.2957e-06
P72,30.00,135.00,30.00,0.00,6.8365e-08,2.1238e-07,6.3551e-07,1.8040e-06,4.9410e-06,4.9309e-06,4.9434e-06,6.5011e-08,1.9585e-07,5.0421e-07,1.7824e-06,3.8324e-06,4.8383e-06,5.2490e-06
P72,30.00,90.00,0.00,0.00,7.8052e-08,2.1244e-07,6.3574e-07,1.8042e-06,4.9410e-06,4.9309e-06,4.9434e-06,7.4202e-08,1.9589e-07,5.0437e-07,1.7827e-06,3.8325e-06,4.8383e-06,5.2490e-06
P72,60.00,0.00,30.00,0.00,1.1439e-07,1.8091e-07,5.8300e-07,1.7336e-06,4.8901e-06,4.8801e-06,4.6467e-06,1.0938e-07,1.6549e-07,4.5350e-07,1.7133e-06,3.7886e-06,4.7912e-06,5.0350e-06
P72,60.00,45.00,0.00,0.00,8.7147e-08,1.8072e-07,5.8184e-07,1.7316e-06,4.8899e-06,4.8799e-06,4.6466e-06,8.3012e-08,1.6539e-07,4.5281e-07,1.7111e-06,3.7883e-06,4.7910e-06,5.0349e-06
P72,60.00,180.00,60.00,0.00,4.3979e-08,1.8049e-07,5.8071e-07,1.7299e-06,4.8898e-06,4.8798e-06,4.6466e-06,4.1902e-08,1.6526e-07,4.5208e-07,1.7094e-06,3.7880e-06,4.7909e-06,5.0348e-06
P72,0.00,45.00,30.00,0.00,6.7964e-08,2.2052e-07,6.4739e-07,1.8166e-06,4.9483e-06,4.9382e-06,5.0130e-06,6.4639e-08,2.0377e-07,5.1577e-07,1.7946e-06,3.8377e-06,4.8448e-06,5.2957e-06
P72,60.00,135.00,0.00,0.00,8.7147e-08,1.8072e-07,5.8184e-07,1.7316e-06,4.8899e-06,4.8799e-06,4.6466e-06,8.3012e-08,1.6539e-07,4.5281e-07,1.7111e-06,3.7883e-06,4.7910e-06,5.0349e-06
P72,30.00,0.00,60.00,0.00,6.7200e-08,2.1243e-07,6.3602e-07,1.8052e-06,4.9411e-06,4.9310e-06,4.9434e-06,6.4345e-08,1.9587e-07,5.0446e-07,1.7837e-06,3.8327e-06,4.8384e-06,5.2491e-06
P72,30.00,90.00,30.00,0.00,7.3422e-08,2.1243e-07,6.3572e-07,1.8043e-06,4.9410e-06,4.9309e-06,4.9434e-06,6.9874e-08,1.9588e-07,5.0435e-07,1.7827e-06,3.8325e-06,4.8383e-06,5.2490e-06
P72,0.00,135.00,0.00,0.00,7.3407e-08,2.2056e-07,6.4752e-07,1.8167e-06,4.9483e-06,4.9382e-06,5.0130e-06,6.9752e-08,2.0379e-07,5.1587e-07,1.7948e-06,3.8377e-06,4.8448e-06,5.2957e-06
P72,0.00,180.00,30.00,0.00,6.7964e-08,2.2052e-07,6.4739e-07,1.8166e-06,4.9483e-06,4.9382e-06,5.0130e-06,6.4639e-08,2.0377e-07,5.1577e-07,1.7946e-06,3.8377e-06,4.8448e-06,5.2957e-06
P73,0.00,135.00,30.00,0.00,7.0528e-08,2.5970e-07,8.4144e-07,2.7229e-06,6.6713e-06,6.6597e-06,6.0727e-06,6.7409e-08,2.3730e-07,6.3107e-07,2.7282e-06,5.3934e-06,6.5591e-06,6.6287e-06
P73,30.00,0.00,0.00,0.00,8.0188e-08,2.4952e-07,8.1590e-07,2.6899e-06,6.6481e-06,6.6365e-06,5.9442e-06,7.6569e-08,2.2777e-07,6.0947e-07,2.6978e-06,5.3710e-06,6.5371e-06,6.5347e-06
P73,0.00,135.00,0.00,0.00,7.5927e-08,2.5971e-07,8.4148e-07,2.7230e-06,6.6714e-06,6.6597e-06,6.0727e-06,7.2484e-08,2.3730e-07,6.3109e-07,2.7284e-06,5.3935e-06,6.5591e-06,6.6287e-06
P73,0.00,0.00,0.00,0.00,7.5927e-08,2.5971e-07,8.4148e-07,2.7230e-06,6.6714e-06,6.6597e-06,6.0727e-06,7.2484e-08,2.3730e-07,6.3109e-07,2.7284e-06,5.3935e-06,6.5591e-06,6.6287e-06
P73,60.00,90.00,30.00,0.00,8.5830e-08,2.1358e-07,7.1600e-07,2.5350e-06,6.5427e-06,6.5311e-06,5.4066e-06,8.2162e-08,1.9450e-07,5.2852e-07,2.5530e-06,5.2680e-06,6.4379e-06,6.1254e-06
P73,60.00,135.00,0.00,0.00,8.7798e-08,2.1358e-07,7.1602e-07,2.5349e-06,6.5427e-06,6.5311e-06,5.4066e-06,8.3972e-08,1.9450e-07,5.2852e-07,2.5529e-06,5.2680e-06,6.4379e-06,6.1254e-06
P73,60.00,180.00,60.00,0.00,4.5601e-08,2.1355e-07,7.1590e-07,2.5334e-06,6.5426e-06,6.5310e-06,5.4066e-06,4.3734e-08,1.9449e-07,5.2850e-07,2.5513e-06,5.2678e-06,6.4377e-06,6.1253e-06
P73,30.00,180.00,30.00,0.00,6.8832e-08,2.4951e-07,8.1584e-07,2.6895e-06,6.6481e-06,6.6365e-06,5.9442e-06,6.5762e-08,2.2777e-07,6.0945e-07,2.6974e-06,5.3710e-06,6.5370e-06,6.5347e-06
P73,0.00,0.00,30.00,0.00,7.0528e-08,2.5970e-07,8.4144e-07,2.7229e-06,6.6713e-06,6.6597e-06,6.0727e-06,6.7409e-08,2.3730e-07,6.3107e-07,2.7282e-06,5.3934e-06,6.5591e-06,6.6287e-06
P73,60.00,180.00,0.00,0.00,8.7798e-08,2.1358e-07,7.1602e-07,2.5349e-06,6.5427e-06,6.5311e-06,5.4066e-06,8.3972e-08,1.9450e-07,5.2852e-07,2.5529e-06,5.2680e-06,6.4379e-06,6.1254e-06
P73,0.00,45.00,60.00,0.00,4.7756e-08,2.5968e-07,8.4135e-07,2.7227e-06,6.6713e-06,6.6597e-06,6.0727e-06,4.5901e-08,2.3729e-07,6.3105e-07,2.7280e-06,5.3934e-06,6.5591e-06,6.6287e-06
P73,30.00,90.00,0.00,0.00,8.0188e-08,2.4952e-07,8.1590e-07,2.6899e-06,6.6481e-06,6.6365e-06,5.9442e-06,7.6569e-08,2.2777e-07,6.0947e-07,2.6978e-06,5.3710e-06,6.5371e-06,6.5347e-06
P73,30.00,0.00,30.00,0.00,8.4315e-08,2.4953e-07,8.1594e-07,2.6905e-06,6.6482e-06,6.6366e-06,5.9443e-06,8.0681e-08,2.2777e-07,6.0947e-07,2.6984e-06,5.3711e-06,6.5371e-06,6.5348e-06
P73,60.00,0.00,30.00,0.00,1.1401e-07,2.1361e-07,7.1611e-07,2.5368e-06,6.5429e-06,6.5313e-06,5.4067e-06,1.0940e-07,1.9450e-07,5.2854e-07,2.5549e-06,5.2683e-06,6.4381e-06,6.1255e-06
P73,0.00,180.00,0.00,0.00,7.5927e-08,2.5971e-07,8.4148e-07,2.7230e-06,6.6714e-06,6.6597e-06,6.0727e-06,7.2484e-08,2.3730e-07,6.3109e-07,2.7284e-06,5.3935e-06,6.5591e-06,6.6287e-06
P73,30.00,180.00,60.00,0.00,4.3602e-08,2.4948e-07,8.1576e-07,2.6892e-06,6.6481e-06,6.6365e-06,5.9442e-06,4.1867e-08,2.2777e-07,6.0943e-07,2.6971e-06,5.3710e-06,6.5370e-06,6.5347e-06
P73,30.00,135.00,30.00,0.00,7.0641e-08,2.4951e-07,8.1586e-07,2.6897e-06,6.6481e-06,6.6365e-06,5.9442e-06,6.7504e-08,2.2777e-07,6.0945e-07,2.6976e-06,5.3710e-06,6.5371e-06,6.5347e-06
P73,0.00,0.00,60.00,0.00,4.7756e-08,2.5968e-07,8.4135e-07,2.7227e-06,6.6713e-06,6.6597e-06,6.0727e-06,4.5901e-08,2.3729e-07,6.3105e-07,2.7280e-06,5.3934e-06,6.5591e-06,6.6287e-06
P73,30.00,90.00,60.00,0.00,5.2760e-08,2.4949e-07,8.1579e-07,2.6897e-06,6.6481e-06,6.6365e-06,5.9442e-06,5.0691e-08,2.2777e-07,6.0943e-07,2.6976e-06,5.3710e-06,6.5371e-06,6.5347e-06
P73,60.00,0.00,60.00,0.00,1.4794e-07,2.1364e-07,7.1617e-07,2.5413e-06,6.5434e-06,6.5318e-06,5.4067e-06,1.4282e-07,1.9451e-07,5.2854e-07,2.5598e-06,5.2692e-06,6.4385e-06,6.1257e-06
P73,60.00,90.00,60.00,0.00,6.7602e-08,2.1356e-07,7.1594e-07,2.5348e-06,6.5427e-06,6.5311e-06,5.4066e-06,6.4930e-08,1.9450e-07,5.2850e-07,2.5528e-06,5.2680e-06,6.4379e-06,6.1254e-06
P73,30.00,90.00,30.00,0.00,7.5578e-08,2.4951e-07,8.1588e-07,2.6900e-06,6.6482e-06,6.6365e-06,5.9442e-06,7.2258e-08,2.2777e-07,6.0946e-07,2.6979e-06,5.3710e-06,6.5371e-06,6.5347e-06
P73,30.00,45.00,30.00,0.00,8.1486e-08,2.4952e-07,8.1592e-07,2.6903e-06,6.6482e-06,6.6365e-06,5.9442e-06,7.7951e-08,2.2777e-07,6.0947e-07,2.6982e-06,5.3711e-06,6.5371e-06,6.5348e-06
P73,60.00,135.00,60.00,0.00,5.0215e-08,2.1355e-07,7.1591e-07,2.5338e-06,6.5426e-06,6.5310e-06,5.4066e-06,4.8172e-08,1.9450e-07,5.2850e-07,2.5517e-06,5.2678e-06,6.4378e-06,6.1253e-06
P73,0.00,90.00,30.00,0.00,7.0528e-08,2.5970e-07,8.4144e-07,2.7229e-06,6.6713e-06,6.6597e-06,6.0727e-06,6.7409e-08,2.3730e-07,6.3107e-07,2.7282e-06,5.3934e-06,6.5591e-06,6.6287e-06
P73,60.00,45.00,60.00,0.00,1.0841e-07,2.1360e-07,7.1604e-07,2.5377e-06,6.5430e-06,6.5314e-06,5.4067e-06,1.0442e-07,1.9450e-07,5.2852e-07,2.5560e-06,5.2685e-06,6.4382e-06,6.1256e-06
P73,0.00,180.00,30.00,0.00,7.0528e-08,2.5970e-07,8.4144e-07,2.7229e-06,6.6713e-06,6.6597e-06,6.0727e-06,6.7409e-08,2.3730e-07,6.3107e-07,2.7282e-06,5.3934e-06,6.5591e-06,6.6287e-06
P73,60.00,45.00,0.00,0.00,8.7798e-08,2.1358e-07,7.1602e-07,2.5349e-06,6.5427e-06,6.5311e-06,5.4066e-06,8.3972e-08,1.9450e-07,5.2852e-07,2.5529e-06,5.2680e-06,6.4379e-06,6.1254e-06
P73,0.00,90.00,60.00,0.00,4.7756e-08,2.5968e-07,8.4135e-07,2.7227e-06,6.6713e-06,6.6597e-06,6.0727e-06,4.5901e-08,2.3729e-07,6.3105e-07,2.7280e-06,5.3934e-06,6.5591e-06,6.6287e-06
P73,60.00,135.00,30.00,0.00,7.3878e-08,2.1357e-07,7.1597e-07,2.5343e-06,6.5427e-06,6.5311e-06,5.4066e-06,7.0643e-08,1.9450e-07,5.2851e-07,2.5523e-06,5.2679e-06,6.4378e-06,6.1254e-06
P73,60.00,0.00,0.00,0.00,8.7798e-08,2.1358e-07,7.1602e-07,2.5349e-06,6.5427e-06,6.5311e-06,5.4066e-06,8.3972e-08,1.9450e-07,5.2852e-07,2.5529e-06,5.2680e-06,6.4379e-06,6.1254e-06
P73,30.00,180.00,0.00,0.00,8.0188e-08,2.4952e-07,8.1590e-07,2.6899e-06,6.6481e-06,6.6365e-06,5.9442e-06,7.6569e-08,2.2777e-07,6.0947e-07,2.6978e-06,5.3710e-06,6.5371e-06,6.5347e-06
P73,30.00,45.00,60.00,0.00,6.3098e-08,2.4950e-07,8.1583e-07,2.6904e-06,6.6482e-06,6.6366e-06,5.9442e-06,6.0676e-08,2.2777e-07,6.0944e-07,2.6984e-06,5.3711e-06,6.5371e-06,6.5348e-06
P73,0.00,90.00,0.00,0.00,7.5927e-08,2.5971e-07,8.4148e-07,2.7230e-06,6.6714e-06,6.6597e-06,6.0727e-06,7.2484e-08,2.3730e-07,6.3109e-07,2.7284e-06,5.3935e-06,6.5591e-06,6.6287e-06
P73,30.00,135.00,0.00,0.00,8.0188e-08,2.4952e-07,8.1590e-07,2.6899e-06,6.6481e-06,6.6365e-06,5.9442e-06,7.6569e-08,2.2777e-07,6.0947e-07,2.6978e-06,5.3710e-06,6.5371e-06,6.5347e-06
P73,0.00,180.00,60.00,0.00,4.7756e-08,2.5968e-07,8.4135e-07,2.7227e-06,6.6713e-06,6.6597e-06,6.0727e-06,4.5901e-08,2.3729e-07,6.3105e-07,2.7280e-06,5.3934e-06,6.5591e-06,6.6287e-06
P73,60.00,180.00,30.00,0.00,7.0005e-08,2.1356e-07,7.1596e-07,2.5341e-06,6.5427e-06,6.5311e-06,5.4066e-06,6.6915e-08,1.9450e-07,5.2851e-07,2.5521e-06,5.2679e-06,6.4378e-06,6.1254e-06
P73,0.00,45.00,0.00,0.00,7.5927e-08,2.5971e-07,8.4148e-07,2.7230e-06,6.6714e-06,6.6597e-06,6.0727e-06,7.2484e-08,2.3730e-07,6.3109e-07,2.7284e-06,5.3935e-06,6.5591e-06,6.6287e-06
P73,60.00,90.00,0.00,0.00,8.7798e-08,2.1358e-07,7.1602e-07,2.5349e-06,6.5427e-06,6.5311e-06,5.4066e-06,8.3972e-08,1.9450e-07,5.2852e-07,2.5529e-06,5.2680e-06,6.4379e-06,6.1254e-06
P73,30.00,135.00,60.00,0.00,4.5843e-08,2.4949e-07,8.1577e-07,2.6893e-06,6.6481e-06,6.6365e-06,5.9442e-06,4.4024e-08,2.2777e-07,6.0943e-07,2.6972e-06,5.3710e-06,6.5370e-06,6.5347e-06
P73,0.00,135.00,60.00,0.00,4.7756e-08,2.5968e-07,8.4135e-07,2.7227e-06,6.6713e-06,6.6597e-06,6.0727e-06,4.5901e-08,2.3729e-07,6.3105e-07,2.7280e-06,5.3934e-06,6.5591e-06,6.6287e-06
P73,30.00,45.00,0.00,0.00,8.0188e-08,2.4952e-07,8.1590e-07,2.6899e-06,6.6481e-06,6.6365e-06,5.9442e-06,7.6569e-08,2.2777e-07,6.0947e-07,2.6978e-06,5.3710e-06,6.5371e-06,6.5347e-06
P73,0.00,45.00,30.00,0.00,7.0528e-08,2.5970e-07,8.4144e-07,2.7229e-06,6.6713e-06,6.6597e-06,6.0727e-06,6.7409e-08,2.3730e-07,6.3107e-07,2.7282e-06,5.3934e-06,6.5591e-06,6.6287e-06
P73,60.00,45.00,30.00,0.00,1.0369e-07,2.1360e-07,7.1607e-07,2.5361e-06,6.5428e-06,6.5312e-06,5.4067e-06,9.9415e-08,1.9450e-07,5.2853e-07,2.5542e-06,5.2682e-06,6.4380e-06,6.1255e-06
P73,30.00,0.00,60.00,0.00,6.9073e-08,2.4951e-07,8.1586e-07,2.6908e-06,6.6482e-06,6.6366e-06,5.9443e-06,6.6458e-08,2.2777e-07,6.0945e-07,2.6987e-06,5.3712e-06,6.5372e-06,6.5348e-06
P74,60.00,45.00,0.00,0.00,9.4726e-08,2.5585e-07,9.3499e-07,4.1789e-06,9.3403e-06,9.3268e-06,7.1652e-06,9.1476e-08,2.2995e-07,6.4850e-07,4.2149e-06,7.8702e-06,9.2380e-06,8.2218e-06
P74,30.00,90.00,60.00,0.00,6.3631e-08,3.0877e-07,1.1232e-06,4.4123e-06,9.4940e-06,9.4805e-06,7.8984e-06,6.1937e-08,2.7752e-07,7.9093e-07,4.4337e-06,8.0117e-06,9.3796e-06,8.8079e-06
P74,0.00,90.00,60.00,0.00,5.9442e-08,3.2505e-07,1.1731e-06,4.4624e-06,9.5267e-06,9.5131e-06,8.0782e-06,5.7935e-08,2.9242e-07,8.3093e-07,4.4799e-06,8.0418e-06,9.4098e-06,8.9452e-06
P74,0.00,0.00,30.00,0.00,8.1552e-08,3.2506e-07,1.1731e-06,4.4626e-06,9.5267e-06,9.5132e-06,8.0782e-06,7.8861e-08,2.9242e-07,8.3093e-07,4.4801e-06,8.0418e-06,9.4099e-06,8.9452e-06
P74,60.00,180.00,30.00,0.00,7.7831e-08,2.5584e-07,9.3499e-07,4.1782e-06,9.3402e-06,9.3268e-06,7.1652e-06,7.5238e-08,2.2995e-07,6.4850e-07,4.2141e-06,7.8701e-06,9.2380e-06,8.2217e-06
P74,30.00,180.00,60.00,0.00,5.4918e-08,3.0877e-07,1.1232e-06,4.4119e-06,9.4940e-06,9.4804e-06,7.8984e-06,5.3525e-08,2.7752e-07,7.9093e-07,4.4332e-06,8.0116e-06,9.3796e-06,8.8079e-06
P74,60.00,45.00,30.00,0.00,1.0967e-07,2.5585e-07,9.3500e-07,4.1799e-06,9.3404e-06,9.3269e-06,7.1652e-06,1.0603e-07,2.2995e-07,6.4850e-07,4.2160e-06,7.8704e-06,9.2381e-06,8.2218e-06
P74,60.00,135.00,30.00,0.00,8.1491e-08,2.5584e-07,9.3499e-07,4.1783e-06,9.3402e-06,9.3268e-06,7.1652e-06,7.8770e-08,2.2995e-07,6.4850e-07,4.2143e-06,7.8701e-06,9.2380e-06,8.2217e-06
P74,60.00,0.00,0.00,0.00,9.4726e-08,2.5585e-07,9.3499e-07,4.1789e-06,9.3403e-06,9.3268e-06,7.1652e-06,9.1476e-08,2.2995e-07,6.4850e-07,4.2149e-06,7.8702e-06,9.2380e-06,8.2218e-06
P74,30.00,135.00,30.00,0.00,8.1030e-08,3.0878e-07,1.1232e-06,4.4123e-06,9.4940e-06,9.4805e-06,7.8984e-06,7.8335e-08,2.7752e-07,7.9094e-07,4.4337e-06,8.0116e-06,9.3796e-06,8.8079e-06
P74,0.00,135.00,60.00,0.00,5.9442e-08,3.2505e-07,1.1731e-06,4.4624e-06,9.5267e-06,9.5131e-06,8.0782e-06,5.7935e-08,2.9242e-07,8.3093e-07,4.4799e-06,8.0418e-06,9.4098e-06,8.9452e-06
P74,30.00,45.00,60.00,0.00,7.3466e-08,3.0878e-07,1.1232e-06,4.4129e-06,9.4941e-06,9.4805e-06,7.8984e-06,7.1457e-08,2.7752e-07,7.9093e-07,4.4343e-06,8.0118e-06,9.3797e-06,8.8079e-06
P74,0.00,180.00,0.00,0.00,8.6802e-08,3.2507e-07,1.1731e-06,4.4627e-06,9.5267e-06,9.5132e-06,8.0782e-06,8.3806e-08,2.9242e-07,8.3094e-07,4.4802e-06,8.0418e-06,9.4099e-06,8.9452e-06
P74,30.00,180.00,0.00,0.00,9.0251e-08,3.0879e-07,1.1232e-06,4.4125e-06,9.4940e-06,9.4805e-06,7.8984e-06,8.7109e-08,2.7752e-07,7.9094e-07,4.4339e-06,8.0117e-06,9.3796e-06,8.8079e-06
P74,0.00,45.00,30.00,0.00,8.1552e-08,3.2506e-07,1.1731e-06,4.4626e-06,9.5267e-06,9.5132e-06,8.0782e-06,7.8861e-08,2.9242e-07,8.3093e-07,4.4801e-06,8.0418e-06,9.4099e-06,8.9452e-06
P74,0.00,90.00,0.00,0.00,8.6802e-08,3.2507e-07,1.1731e-06,4.4627e-06,9.5267e-06,9.5132e-06,8.0782e-06,8.3806e-08,2.9242e-07,8.3094e-07,4.4802e-06,8.0418e-06,9.4099e-06,8.9452e-06
P74,30.00,45.00,30.00,0.00,9.1431e-08,3.0879e-07,1.1232e-06,4.4129e-06,9.4941e-06,9.4805e-06,7.8984e-06,8.8374e-08,2.7752e-07,7.9094e-07,4.4343e-06,8.0117e-06,9.3797e-06,8.8079e-06
P74,60.00,90.00,30.00,0.00,9.2785e-08,2.5584e-07,9.3499e-07,4.1789e-06,9.3403e-06,9.3268e-06,7.1652e-06,8.9684e-08,2.2995e-07,6.4850e-07,4.2149e-06,7.8702e-06,9.2380e-06,8.2218e-06
P74,30.00,90.00,0.00,0.00,9.0251e-08,3.0879e-07,1.1232e-06,4.4125e-06,9.4940e-06,9.4805e-06,7.8984e-06,8.7109e-08,2.7752e-07,7.9094e-07,4.4339e-06,8.0117e-06,9.3796e-06,8.8079e-06
P74,30.00,180.00,30.00,0.00,7.9295e-08,3.0878e-07,1.1232e-06,4.4122e-06,9.4940e-06,9.4805e-06,7.8984e-06,7.6662e-08,2.7752e-07,7.9094e-07,4.4335e-06,8.0116e-06,9.3796e-06,8.8079e-06
P74,0.00,45.00,0.00,0.00,8.6802e-08,3.2507e-07,1.1731e-06,4.4627e-06,9.5267e-06,9.5132e-06,8.0782e-06,8.3806e-08,2.9242e-07,8.3094e-07,4.4802e-06,8.0418e-06,9.4099e-06,8.9452e-06
P74,30.00,135.00,60.00,0.00,5.7050e-08,3.0877e-07,1.1232e-06,4.4120e-06,9.4940e-06,9.4805e-06,7.8984e-06,5.5582e-08,2.7752e-07,7.9093e-07,4.4333e-06,8.0116e-06,9.3796e-06,8.8079e-06
P74,30.00,45.00,0.00,0.00,9.0251e-08,3.0879e-07,1.1232e-06,4.4125e-06,9.4940e-06,9.4805e-06,7.8984e-06,8.7109e-08,2.7752e-07,7.9094e-07,4.4339e-06,8.0117e-06,9.3796e-06,8.8079e-06
P74,60.00,135.00,60.00,0.00,5.8891e-08,2.5583e-07,9.3499e-07,4.1779e-06,9.3402e-06,9.3267e-06,7.1652e-06,5.7251e-08,2.2995e-07,6.4850e-07,4.2138e-06,7.8701e-06,9.2379e-06,8.2217e-06
P74,60.00,45.00,60.00,0.00,1.1349e-07,2.5585e-07,9.3500e-07,4.1812e-06,9.3405e-06,9.3270e-06,7.1652e-06,1.1016e-07,2.2995e-07,6.4850e-07,4.2174e-06,7.8707e-06,9.2383e-06,8.2218e-06
P74,0.00,180.00,60.00,0.00,5.9442e-08,3.2505e-07,1.1731e-06,4.4624e-06,9.5267e-06,9.5131e-06,8.0782e-06,5.7935e-08,2.9242e-07,8.3093e-07,4.4799e-06,8.0418e-06,9.4098e-06,8.9452e-06
P74,30.00,0.00,0.00,0.00,9.0251e-08,3.0879e-07,1.1232e-06,4.4125e-06,9.4940e-06,9.4805e-06,7.8984e-06,8.7109e-08,2.7752e-07,7.9094e-07,4.4339e-06,8.0117e-06,9.3796e-06,8.8079e-06
P74,60.00,0.00,60.00,0.00,1.5059e-07,2.5587e-07,9.3500e-07,4.1842e-06,9.3408e-06,9.3274e-06,7.1652e-06,1.4629e-07,2.2995e-07,6.4850e-07,4.2207e-06,7.8713e-06,9.2386e-06,8.2219e-06
P74,60.00,135.00,0.00,0.00,9.4726e-08,2.5585e-07,9.3499e-07,4.1789e-06,9.3403e-06,9.3268e-06,7.1652e-06,9.1476e-08,2.2995e-07,6.4850e-07,4.2149e-06,7.8702e-06,9.2380e-06,8.2218e-06
P74,0.00,180.00,30.00,0.00,8.1552e-08,3.2506e-07,1.1731e-06,4.4626e-06,9.5267e-06,9.5132e-06,8.0782e-06,7.8861e-08,2.9242e-07,8.3093e-07,4.4801e-06,8.0418e-06,9.4099e-06,8.9452e-06
P74,60.00,180.00,60.00,0.00,5.4563e-08,2.5583e-07,9.3499e-07,4.1775e-06,9.3402e-06,9.3267e-06,7.1651e-06,5.3076e-08,2.2995e-07,6.4850e-07,4.2134e-06,7.8700e-06,9.2379e-06,8.2217e-06
P74,0.00,45.00,60.00,0.00,5.9442e-08,3.2505e-07,1.1731e-06,4.4624e-06,9.5267e-06,9.5131e-06,8.0782e-06,5.7935e-08,2.9242e-07,8.3093e-07,4.4799e-06,8.0418e-06,9.4098e-06,8.9452e-06
P74,60.00,180.00,0.00,0.00,9.4726e-08,2.5585e-07,9.3499e-07,4.1789e-06,9.3403e-06,9.3268e-06,7.1652e-06,9.1476e-08,2.2995e-07,6.4850e-07,4.2149e-06,7.8702e-06,9.2380e-06,8.2218e-06
P74,30.00,90.00,30.00,0.00,8.5765e-08,3.0878e-07,1.1232e-06,4.4126e-06,9.4940e-06,9.4805e-06,7.8984e-06,8.2903e-08,2.7752e-07,7.9094e-07,4.4340e-06,8.0117e-06,9.3797e-06,8.8079e-06
P74,0.00,0.00,0.00,0.00,8.6802e-08,3.2507e-07,1.1731e-06,4.4627e-06,9.5267e-06,9.5132e-06,8.0782e-06,8.3806e-08,2.9242e-07,8.3094e-07,4.4802e-06,8.0418e-06,9.4099e-06,8.9452e-06
P74,60.00,90.00,60.00,0.00,7.5204e-08,2.5584e-07,9.3499e-07,4.1787e-06,9.3403e-06,9.3268e-06,7.1652e-06,7.3015e-08,2.2995e-07,6.4850e-07,4.2147e-06,7.8702e-06,9.2380e-06,8.2217e-06
P74,60.00,0.00,30.00,0.00,1.1942e-07,2.5586e-07,9.3500e-07,4.1804e-06,9.3404e-06,9.3270e-06,7.1652e-06,1.1550e-07,2.2995e-07,6.4850e-07,4.2166e-06,7.8705e-06,9.2382e-06,8.2218e-06
P74,30.00,0.00,30.00,0.00,9.4145e-08,3.0879e-07,1.1232e-06,4.4130e-06,9.4941e-06,9.4805e-06,7.8984e-06,9.0998e-08,2.7752e-07,7.9094e-07,4.4344e-06,8.0118e-06,9.3797e-06,8.8079e-06
P74,0.00,135.00,0.00,0.00,8.6802e-08,3.2507e-07,1.1731e-06,4.4627e-06,9.5267e-06,9.5132e-06,8.0782e-06,8.3806e-08,2.9242e-07,8.3094e-07,4.4802e-06,8.0418e-06,9.4099e-06,8.9452e-06
P74,0.00,135.00,30.00,0.00,8.1552e-08,3.2506e-07,1.1731e-06,4.4626e-06,9.5267e-06,9.5132e-06,8.0782e-06,7.8861e-08,2.9242e-07,8.3093e-07,4.4801e-06,8.0418e-06,9.4099e-06,8.9452e-06
P74,0.00,0.00,60.00,0.00,5.9442e-08,3.2505e-07,1.1731e-06,4.4624e-06,9.5267e-06,9.5131e-06,8.0782e-06,5.7935e-08,2.9242e-07,8.3093e-07,4.4799e-06,8.0418e-06,9.4098e-06,8.9452e-06
P74,30.00,0.00,60.00,0.00,7.9151e-08,3.0878e-07,1.1232e-06,4.4132e-06,9.4941e-06,9.4806e-06,7.8984e-06,7.6969e-08,2.7752e-07,7.9094e-07,4.4347e-06,8.0118e-06,9.3797e-06,8.8080e-06
P74,30.00,135.00,0.00,0.00,9.0251e-08,3.0879e-07,1.1232e-06,4.4125e-06,9.4940e-06,9.4805e-06,7.8984e-06,8.7109e-08,2.7752e-07,7.9094e-07,4.4339e-06,8.0117e-06,9.3796e-06,8.8079e-06
P74,0.00,90.00,30.00,0.00,8.1552e-08,3.2506e-07,1.1731e-06,4.4626e-06,9.5267e-06,9.5132e-06,8.0782e-06,7.8861e-08,2.9242e-07,8.3093e-07,4.4801e-06,8.0418e-06,9.4099e-06,8.9452e-06
P74,60.00,90.00,0.00,0.00,9.4726e-08,2.5585e-07,9.3499e-07,4.1789e-06,9.3403e-06,9.3268e-06,7.1652e-06,9.1476e-08,2.2995e-07,6.4850e-07,4.2149e-06,7.8702e-06,9.2380e-06,8.2218e-06
P75,30.00,135.00,0.00,0.00,7.8271e-08,2.2384e-07,6.7684e-07,1.9840e-06,5.2659e-06,5.2557e-06,5.3825e-06,7.4466e-08,2.0622e-07,5.2855e-07,1.9641e-06,4.1436e-06,5.1642e-06,5.5852e-06
P75,0.00,180.00,60.00,0.00,4.5346e-08,2.3155e-07,6.9214e-07,2.0061e-06,5.2854e-06,5.2752e-06,5.4407e-06,4.3349e-08,2.1359e-07,5.4272e-07,1.9861e-06,4.1642e-06,5.1830e-06,5.6334e-06
P75,0.00,135.00,0.00,0.00,7.3737e-08,2.3164e-07,6.9254e-07,2.0064e-06,5.2854e-06,5.2752e-06,5.4407e-06,7.0123e-08,2.1363e-07,5.4299e-07,1.9864e-06,4.1642e-06,5.1830e-06,5.6334e-06
P75,30.00,0.00,0.00,0.00,7.8271e-08,2.2384e-07,6.7684e-07,1.9840e-06,5.2659e-06,5.2557e-06,5.3825e-06,7.4466e-08,2.0622e-07,5.2855e-07,1.9641e-06,4.1436e-06,5.1642e-06,5.5852e-06
P75,30.00,90.00,60.00,0.00,5.0635e-08,2.2375e-07,6.7650e-07,1.9838e-06,5.2659e-06,5.2557e-06,5.3825e-06,4.8408e-08,2.0618e-07,5.2831e-07,1.9639e-06,4.1436e-06,5.1642e-06,5.5852e-06
P75,30.00,45.00,30.00,0.00,7.9656e-08,2.2386e-07,6.7699e-07,1.9844e-06,5.2660e-06,5.2557e-06,5.3825e-06,7.5929e-08,2.0623e-07,5.2861e-07,1.9645e-06,4.1437e-06,5.1642e-06,5.5852e-06
P75,0.00,180.00,30.00,0.00,6.8307e-08,2.3162e-07,6.9243e-07,2.0063e-06,5.2854e-06,5.2752e-06,5.4407e-06,6.5022e-08,2.1362e-07,5.4292e-07,1.9863e-06,4.1642e-06,5.1830e-06,5.6334e-06
P75,0.00,135.00,30.00,0.00,6.8307e-08,2.3162e-07,6.9243e-07,2.0063e-06,5.2854e-06,5.2752e-06,5.4407e-06,6.5022e-08,2.1362e-07,5.4292e-07,1.9863e-06,4.1642e-06,5.1830e-06,5.6334e-06
P75,30.00,90.00,30.00,0.00,7.3642e-08,2.2383e-07,6.7682e-07,1.9840e-06,5.2659e-06,5.2557e-06,5.3825e-06,7.0140e-08,2.0621e-07,5.2852e-07,1.9642e-06,4.1437e-06,5.1642e-06,5.5852e-06
P75,60.00,90.00,30.00,0.00,8.5022e-08,1.9634e-07,6.1395e-07,1.8868e-06,5.1856e-06,5.1754e-06,5.1701e-06,8.1109e-08,1.8045e-07,4.7190e-07,1.8663e-06,4.0608e-06,5.0877e-06,5.3948e-06
P75,0.00,90.00,30.00,0.00,6.8307e-08,2.3162e-07,6.9243e-07,2.0063e-06,5.2854e-06,5.2752e-06,5.4407e-06,6.5022e-08,2.1362e-07,5.4292e-07,1.9863e-06,4.1642e-06,5.1830e-06,5.6334e-06
P75,60.00,45.00,60.00,0.00,1.0869e-07,1.9642e-07,6.1463e-07,1.8896e-06,5.1859e-06,5.1757e-06,5.1702e-06,1.0438e-07,1.8047e-07,4.7215e-07,1.8694e-06,4.0613e-06,5.0880e-06,5.3950e-06
P75,30.00,45.00,0.00,0.00,7.8271e-08,2.2384e-07,6.7684e-07,1.9840e-06,5.2659e-06,5.2557e-06,5.3825e-06,7.4466e-08,2.0622e-07,5.2855e-07,1.9641e-06,4.1436e-06,5.1642e-06,5.5852e-06
P75,60.00,0.00,60.00,0.00,1.4940e-07,1.9656e-07,6.1575e-07,1.8933e-06,5.1863e-06,5.1761e-06,5.1702e-06,1.4386e-07,1.8052e-07,4.7265e-07,1.8733e-06,4.0620e-06,5.0884e-06,5.3952e-06
P75,0.00,45.00,0.00,0.00,7.3737e-08,2.3164e-07,6.9254e-07,2.0064e-06,5.2854e-06,5.2752e-06,5.4407e-06,7.0123e-08,2.1363e-07,5.4299e-07,1.9864e-06,4.1642e-06,5.1830e-06,5.6334e-06
P75,0.00,0.00,30.00,0.00,6.8307e-08,2.3162e-07,6.9243e-07,2.0063e-06,5.2854e-06,5.2752e-06,5.4407e-06,6.5022e-08,2.1362e-07,5.4292e-07,1.9863e-06,4.1642e-06,5.1830e-06,5.6334e-06
P75,60.00,135.00,0.00,0.00,8.6960e-08,1.9635e-07,6.1397e-07,1.8867e-06,5.1856e-06,5.1754e-06,5.1701e-06,8.2890e-08,1.8045e-07,4.7192e-07,1.8663e-06,4.0608e-06,5.0877e-06,5.3948e-06
P75,0.00,0.00,0.00,0.00,7.3737e-08,2.3164e-07,6.9254e-07,2.0064e-06,5.2854e-06,5.2752e-06,5.4407e-06,7.0123e-08,2.1363e-07,5.4299e-07,1.9864e-06,4.1642e-06,5.1830e-06,5.6334e-06
P75,30.00,0.00,60.00,0.00,6.7321e-08,2.2382e-07,6.7693e-07,1.9848e-06,5.2660e-06,5.2558e-06,5.3825e-06,6.4517e-08,2.0620e-07,5.2853e-07,1.9651e-06,4.1438e-06,5.1643e-06,5.5853e-06
P75,30.00,180.00,60.00,0.00,4.1267e-08,2.2372e-07,6.7629e-07,1.9833e-06,5.2659e-06,5.2556e-06,5.3825e-06,3.9392e-08,2.0617e-07,5.2821e-07,1.9634e-06,4.1436e-06,5.1642e-06,5.5852e-06
P75,30.00,135.00,60.00,0.00,4.3559e-08,2.2373e-07,6.7634e-07,1.9834e-06,5.2659e-06,5.2557e-06,5.3825e-06,4.1596e-08,2.0617e-07,5.2823e-07,1.9635e-06,4.1436e-06,5.1642e-06,5.5852e-06
P75,60.00,90.00,0.00,0.00,8.6960e-08,1.9635e-07,6.1397e-07,1.8867e-06,5.1856e-06,5.1754e-06,5.1701e-06,8.2890e-08,1.8045e-07,4.7192e-07,1.8663e-06,4.0608e-06,5.0877e-06,5.3948e-06
P75,30.00,180.00,0.00,0.00,7.8271e-08,2.2384e-07,6.7684e-07,1.9840e-06,5.2659e-06,5.2557e-06,5.3825e-06,7.4466e-08,2.0622e-07,5.2855e-07,1.9641e-06,4.1436e-06,5.1642e-06,5.5852e-06
P75,60.00,180.00,0.00,0.00,8.6960e-08,1.9635e-07,6.1397e-07,1.8867e-06,5.1856e-06,5.1754e-06,5.1701e-06,8.2890e-08,1.8045e-07,4.7192e-07,1.8663e-06,4.0608e-06,5.0877e-06,5.3948e-06
P75,60.00,0.00,0.00,0.00,8.6960e-08,1.9635e-07,6.1397e-07,1.8867e-06,5.1856e-06,5.1754e-06,5.1701e-06,8.2890e-08,1.8045e-07,4.7192e-07,1.8663e-06,4.0608e-06,5.0877e-06,5.3948e-06
P75,0.00,90.00,0.00,0.00,7.3737e-08,2.3164e-07,6.9254e-07,2.0064e-06,5.2854e-06,5.2752e-06,5.4407e-06,7.0123e-08,2.1363e-07,5.4299e-07,1.9864e-06,4.1642e-06,5.1830e-06,5.6334e-06
P75,60.00,135.00,30.00,0.00,7.2784e-08,1.9631e-07,6.1368e-07,1.8861e-06,5.1856e-06,5.1753e-06,5.1701e-06,6.9329e-08,1.8044e-07,4.7177e-07,1.8656e-06,4.0607e-06,5.0876e-06,5.3948e-06
P75,0.00,180.00,0.00,0.00,7.3737e-08,2.3164e-07,6.9254e-07,2.0064e-06,5.2854e-06,5.2752e-06,5.4407e-06,7.0123e-08,2.1363e-07,5.4299e-07,1.9864e-06,4.1642e-06,5.1830e-06,5.6334e-06
P75,0.00,45.00,30.00,0.00,6.8307e-08,2.3162e-07,6.9243e-07,2.0063e-06,5.2854e-06,5.2752e-06,5.4407e-06,6.5022e-08,2.1362e-07,5.4292e-07,1.9863e-06,4.1642e-06,5.1830e-06,5.6334e-06
P75,30.00,45.00,60.00,0.00,6.1209e-08,2.2379e-07,6.7677e-07,1.9845e-06,5.2660e-06,5.2558e-06,5.3825e-06,5.8610e-08,2.0619e-07,5.2845e-07,1.9647e-06,4.1438e-06,5.1643e-06,5.5852e-06
P75,60.00,45.00,30.00,0.00,1.0331e-07,1.9641e-07,6.1440e-07,1.8880e-06,5.1858e-06,5.1755e-06,5.1701e-06,9.8752e-08,1.8048e-07,4.7212e-07,1.8676e-06,4.0610e-06,5.0878e-06,5.3949e-06
P75,60.00,135.00,60.00,0.00,4.8776e-08,1.9624e-07,6.1335e-07,1.8856e-06,5.1855e-06,5.1753e-06,5.1701e-06,4.6554e-08,1.8041e-07,4.7159e-07,1.8651e-06,4.0606e-06,5.0876e-06,5.3947e-06
P75,0.00,0.00,60.00,0.00,4.5346e-08,2.3155e-07,6.9214e-07,2.0061e-06,5.2854e-06,5.2752e-06,5.4407e-06,4.3349e-08,2.1359e-07,5.4272e-07,1.9861e-06,4.1642e-06,5.1830e-06,5.6334e-06
P75,0.00,135.00,60.00,0.00,4.5346e-08,2.3155e-07,6.9214e-07,2.0061e-06,5.2854e-06,5.2752e-06,5.4407e-06,4.3349e-08,2.1359e-07,5.4272e-07,1.9861e-06,4.1642e-06,5.1830e-06,5.6334e-06
P75,30.00,135.00,30.00,0.00,6.8617e-08,2.2381e-07,6.7668e-07,1.9837e-06,5.2659e-06,5.2557e-06,5.3825e-06,6.5306e-08,2.0620e-07,5.2845e-07,1.9639e-06,4.1436e-06,5.1642e-06,5.5852e-06
P75,60.00,180.00,60.00,0.00,4.4026e-08,1.9623e-07,6.1324e-07,1.8852e-06,5.1855e-06,5.1752e-06,5.1701e-06,4.1990e-08,1.8041e-07,4.7154e-07,1.8646e-06,4.0605e-06,5.0876e-06,5.3947e-06
P75,30.00,90.00,0.00,0.00,7.8271e-08,2.2384e-07,6.7684e-07,1.9840e-06,5.2659e-06,5.2557e-06,5.3825e-06,7.4466e-08,2.0622e-07,5.2855e-07,1.9641e-06,4.1436e-06,5.1642e-06,5.5852e-06
P75,60.00,180.00,30.00,0.00,6.8818e-08,1.9629e-07,6.1361e-07,1.8859e-06,5.1856e-06,5.1753e-06,5.1701e-06,6.5516e-08,1.8043e-07,4.7174e-07,1.8654e-06,4.0606e-06,5.0876e-06,5.3947e-06
P75,0.00,90.00,60.00,0.00,4.5346e-08,2.3155e-07,6.9214e-07,2.0061e-06,5.2854e-06,5.2752e-06,5.4407e-06,4.3349e-08,2.1359e-07,5.4272e-07,1.9861e-06,4.1642e-06,5.1830e-06,5.6334e-06
P75,30.00,180.00,30.00,0.00,6.6776e-08,2.2379e-07,6.7660e-07,1.9836e-06,5.2659e-06,5.2557e-06,5.3825e-06,6.3535e-08,2.0620e-07,5.2840e-07,1.9637e-06,4.1436e-06,5.1642e-06,5.5852e-06
P75,30.00,0.00,30.00,0.00,8.2535e-08,2.2387e-07,6.7708e-07,1.9845e-06,5.2660e-06,5.2557e-06,5.3825e-06,7.8705e-08,2.0623e-07,5.2866e-07,1.9647e-06,4.1437e-06,5.1643e-06,5.5852e-06
P75,60.00,0.00,30.00,0.00,1.1388e-07,1.9645e-07,6.1466e-07,1.8886e-06,5.1858e-06,5.1755e-06,5.1702e-06,1.0897e-07,1.8049e-07,4.7224e-07,1.8683e-06,4.0611e-06,5.0879e-06,5.3949e-06
P75,60.00,90.00,60.00,0.00,6.6677e-08,1.9629e-07,6.1369e-07,1.8866e-06,5.1856e-06,5.1754e-06,5.1701e-06,6.3780e-08,1.8043e-07,4.7174e-07,1.8662e-06,4.0608e-06,5.0877e-06,5.3948e-06
P75,60.00,45.00,0.00,0.00,8.6960e-08,1.9635e-07,6.1397e-07,1.8867e-06,5.1856e-06,5.1754e-06,5.1701e-06,8.2890e-08,1.8045e-07,4.7192e-07,1.8663e-06,4.0608e-06,5.0877e-06,5.3948e-06
P75,0.00,45.00,60.00,0.00,4.5346e-08,2.3155e-07,6.9214e-07,2.0061e-06,5.2854e-06,5.2752e-06,5.4407e-06,4.3349e-08,2.1359e-07,5.4272e-07,1.9861e-06,4.1642e-06,5.1830e-06,5.6334e-06
P76,30.00,90.00,30.00,0.00,7.5224e-08,2.5047e-07,8.0267e-07,2.6403e-06,6.5433e-06,6.5318e-06,6.0831e-06,7.1908e-08,2.2925e-07,6.0136e-07,2.6381e-06,5.2761e-06,6.4339e-06,6.5383e-06
P76,60.00,135.00,0.00,0.00,8.7480e-08,2.1847e-07,7.0831e-07,2.4988e-06,6.4454e-06,6.4339e-06,5.6665e-06,8.3664e-08,1.9986e-07,5.2510e-07,2.5025e-06,5.1809e-06,6.3426e-06,6.2003e-06
P76,0.00,180.00,0.00,0.00,7.5569e-08,2.5979e-07,8.2693e-07,2.6708e-06,6.5648e-06,6.5533e-06,6.1870e-06,7.2129e-08,2.3792e-07,6.2185e-07,2.6669e-06,5.2971e-06,6.4541e-06,6.6183e-06
P76,60.00,45.00,30.00,0.00,1.0335e-07,2.1848e-07,7.0836e-07,2.5000e-06,6.4455e-06,6.4340e-06,5.6665e-06,9.9090e-08,1.9986e-07,5.2510e-07,2.5037e-06,5.1811e-06,6.3427e-06,6.2004e-06
P76,0.00,45.00,0.00,0.00,7.5569e-08,2.5979e-07,8.2693e-07,2.6708e-06,6.5648e-06,6.5533e-06,6.1870e-06,7.2129e-08,2.3792e-07,6.2185e-07,2.6669e-06,5.2971e-06,6.4541e-06,6.6183e-06
P76,0.00,45.00,60.00,0.00,4.7379e-08,2.5976e-07,8.2681e-07,2.6705e-06,6.5648e-06,6.5533e-06,6.1870e-06,4.5527e-08,2.3791e-07,6.2181e-07,2.6666e-06,5.2971e-06,6.4541e-06,6.6183e-06
P76,0.00,0.00,0.00,0.00,7.5569e-08,2.5979e-07,8.2693e-07,2.6708e-06,6.5648e-06,6.5533e-06,6.1870e-06,7.2129e-08,2.3792e-07,6.2185e-07,2.6669e-06,5.2971e-06,6.4541e-06,6.6183e-06
P76,60.00,180.00,60.00,0.00,4.5279e-08,2.1843e-07,7.0819e-07,2.4973e-06,6.4453e-06,6.4337e-06,5.6664e-06,4.3416e-08,1.9986e-07,5.2507e-07,2.5009e-06,5.1807e-06,6.3425e-06,6.2002e-06
P76,0.00,180.00,60.00,0.00,4.7379e-08,2.5976e-07,8.2681e-07,2.6705e-06,6.5648e-06,6.5533e-06,6.1870e-06,4.5527e-08,2.3791e-07,6.2181e-07,2.6666e-06,5.2971e-06,6.4541e-06,6.6183e-06
P76,30.00,135.00,30.00,0.00,7.0290e-08,2.5046e-07,8.0264e-07,2.6400e-06,6.5433e-06,6.5318e-06,6.0831e-06,6.7156e-08,2.2925e-07,6.0136e-07,2.6378e-06,5.2761e-06,6.4339e-06,6.5383e-06
P76,60.00,180.00,30.00,0.00,6.9692e-08,2.1845e-07,7.0825e-07,2.4980e-06,6.4453e-06,6.4338e-06,5.6664e-06,6.6608e-08,1.9986e-07,5.2508e-07,2.5017e-06,5.1808e-06,6.3425e-06,6.2003e-06
P76,30.00,45.00,60.00,0.00,6.2715e-08,2.5046e-07,8.0262e-07,2.6407e-06,6.5434e-06,6.5318e-06,6.0831e-06,6.0302e-08,2.2925e-07,6.0134e-07,2.6386e-06,5.2762e-06,6.4339e-06,6.5384e-06
P76,30.00,0.00,0.00,0.00,7.9839e-08,2.5047e-07,8.0268e-07,2.6403e-06,6.5433e-06,6.5318e-06,6.0831e-06,7.6225e-08,2.2925e-07,6.0137e-07,2.6381e-06,5.2761e-06,6.4339e-06,6.5383e-06
P76,0.00,0.00,60.00,0.00,4.7379e-08,2.5976e-07,8.2681e-07,2.6705e-06,6.5648e-06,6.5533e-06,6.1870e-06,4.5527e-08,2.3791e-07,6.2181e-07,2.6666e-06,5.2971e-06,6.4541e-06,6.6183e-06
P76,30.00,135.00,60.00,0.00,4.5480e-08,2.5044e-07,8.0255e-07,2.6397e-06,6.5433e-06,6.5318e-06,6.0831e-06,4.3664e-08,2.2925e-07,6.0133e-07,2.6375e-06,5.2761e-06,6.4338e-06,6.5383e-06
P76,0.00,45.00,30.00,0.00,7.0166e-08,2.5978e-07,8.2690e-07,2.6707e-06,6.5648e-06,6.5533e-06,6.1870e-06,6.7050e-08,2.3792e-07,6.2184e-07,2.6668e-06,5.2971e-06,6.4541e-06,6.6183e-06
P76,0.00,180.00,30.00,0.00,7.0166e-08,2.5978e-07,8.2690e-07,2.6707e-06,6.5648e-06,6.5533e-06,6.1870e-06,6.7050e-08,2.3792e-07,6.2184e-07,2.6668e-06,5.2971e-06,6.4541e-06,6.6183e-06
P76,60.00,180.00,0.00,0.00,8.7480e-08,2.1847e-07,7.0831e-07,2.4988e-06,6.4454e-06,6.4339e-06,5.6665e-06,8.3664e-08,1.9986e-07,5.2510e-07,2.5025e-06,5.1809e-06,6.3426e-06,6.2003e-06
P76,60.00,45.00,60.00,0.00,1.0801e-07,2.1849e-07,7.0834e-07,2.5015e-06,6.4457e-06,6.4341e-06,5.6665e-06,1.0404e-07,1.9986e-07,5.2509e-07,2.5055e-06,5.1815e-06,6.3429e-06,6.2005e-06
P76,0.00,90.00,0.00,0.00,7.5569e-08,2.5979e-07,8.2693e-07,2.6708e-06,6.5648e-06,6.5533e-06,6.1870e-06,7.2129e-08,2.3792e-07,6.2185e-07,2.6669e-06,5.2971e-06,6.4541e-06,6.6183e-06
P76,60.00,135.00,60.00,0.00,4.9887e-08,2.1844e-07,7.0820e-07,2.4977e-06,6.4453e-06,6.4338e-06,5.6664e-06,4.7850e-08,1.9986e-07,5.2507e-07,2.5013e-06,5.1807e-06,6.3425e-06,6.2003e-06
P76,30.00,0.00,30.00,0.00,8.3956e-08,2.5048e-07,8.0272e-07,2.6408e-06,6.5434e-06,6.5318e-06,6.0831e-06,8.0329e-08,2.2925e-07,6.0137e-07,2.6387e-06,5.2762e-06,6.4339e-06,6.5384e-06
P76,30.00,0.00,60.00,0.00,6.8684e-08,2.5046e-07,8.0264e-07,2.6411e-06,6.5434e-06,6.5319e-06,6.0831e-06,6.6078e-08,2.2925e-07,6.0135e-07,2.6390e-06,5.2763e-06,6.4340e-06,6.5384e-06
P76,30.00,90.00,60.00,0.00,5.2389e-08,2.5045e-07,8.0258e-07,2.6400e-06,6.5433e-06,6.5318e-06,6.0831e-06,5.0325e-08,2.2925e-07,6.0133e-07,2.6379e-06,5.2761e-06,6.4339e-06,6.5383e-06
P76,30.00,180.00,60.00,0.00,4.3241e-08,2.5044e-07,8.0254e-07,2.6396e-06,6.5433e-06,6.5317e-06,6.0831e-06,4.1508e-08,2.2925e-07,6.0133e-07,2.6374e-06,5.2761e-06,6.4338e-06,6.5383e-06
P76,0.00,135.00,0.00,0.00,7.5569e-08,2.5979e-07,8.2693e-07,2.6708e-06,6.5648e-06,6.5533e-06,6.1870e-06,7.2129e-08,2.3792e-07,6.2185e-07,2.6669e-06,5.2971e-06,6.4541e-06,6.6183e-06
P76,60.00,0.00,30.00,0.00,1.1367e-07,2.1849e-07,7.0840e-07,2.5006e-06,6.4456e-06,6.4340e-06,5.6665e-06,1.0907e-07,1.9986e-07,5.2511e-07,2.5044e-06,5.1812e-06,6.3428e-06,6.2004e-06
P76,60.00,90.00,30.00,0.00,8.5504e-08,2.1847e-07,7.0830e-07,2.4988e-06,6.4454e-06,6.4339e-06,5.6665e-06,8.1847e-08,1.9986e-07,5.2509e-07,2.5025e-06,5.1809e-06,6.3426e-06,6.2003e-06
P76,0.00,135.00,30.00,0.00,7.0166e-08,2.5978e-07,8.2690e-07,2.6707e-06,6.5648e-06,6.5533e-06,6.1870e-06,6.7050e-08,2.3792e-07,6.2184e-07,2.6668e-06,5.2971e-06,6.4541e-06,6.6183e-06
P76,60.00,0.00,0.00,0.00,8.7480e-08,2.1847e-07,7.0831e-07,2.4988e-06,6.4454e-06,6.4339e-06,5.6665e-06,8.3664e-08,1.9986e-07,5.2510e-07,2.5025e-06,5.1809e-06,6.3426e-06,6.2003e-06
P76,30.00,45.00,0.00,0.00,7.9839e-08,2.5047e-07,8.0268e-07,2.6403e-06,6.5433e-06,6.5318e-06,6.0831e-06,7.6225e-08,2.2925e-07,6.0137e-07,2.6381e-06,5.2761e-06,6.4339e-06,6.5383e-06
P76,60.00,0.00,60.00,0.00,1.4749e-07,2.1852e-07,7.0846e-07,2.5050e-06,6.4461e-06,6.4345e-06,5.6666e-06,1.4241e-07,1.9987e-07,5.2511e-07,2.5092e-06,5.1821e-06,6.3433e-06,6.2006e-06
P76,30.00,180.00,0.00,0.00,7.9839e-08,2.5047e-07,8.0268e-07,2.6403e-06,6.5433e-06,6.5318e-06,6.0831e-06,7.6225e-08,2.2925e-07,6.0137e-07,2.6381e-06,5.2761e-06,6.4339e-06,6.5383e-06
P76,0.00,135.00,60.00,0.00,4.7379e-08,2.5976e-07,8.2681e-07,2.6705e-06,6.5648e-06,6.5533e-06,6.1870e-06,4.5527e-08,2.3791e-07,6.2181e-07,2.6666e-06,5.2971e-06,6.4541e-06,6.6183e-06
P76,0.00,90.00,30.00,0.00,7.0166e-08,2.5978e-07,8.2690e-07,2.6707e-06,6.5648e-06,6.5533e-06,6.1870e-06,6.7050e-08,2.3792e-07,6.2184e-07,2.6668e-06,5.2971e-06,6.4541e-06,6.6183e-06
P76,30.00,45.00,30.00,0.00,8.1129e-08,2.5048e-07,8.0270e-07,2.6406e-06,6.5434e-06,6.5318e-06,6.0831e-06,7.7600e-08,2.2925e-07,6.0137e-07,2.6385e-06,5.2762e-06,6.4339e-06,6.5384e-06
P76,60.00,45.00,0.00,0.00,8.7480e-08,2.1847e-07,7.0831e-07,2.4988e-06,6.4454e-06,6.4339e-06,5.6665e-06,8.3664e-08,1.9986e-07,5.2510e-07,2.5025e-06,5.1809e-06,6.3426e-06,6.2003e-06
P76,60.00,90.00,60.00,0.00,6.7252e-08,2.1845e-07,7.0824e-07,2.4987e-06,6.4454e-06,6.4339e-06,5.6664e-06,6.4591e-08,1.9986e-07,5.2508e-07,2.5024e-06,5.1809e-06,6.3426e-06,6.2003e-06
P76,0.00,90.00,60.00,0.00,4.7379e-08,2.5976e-07,8.2681e-07,2.6705e-06,6.5648e-06,6.5533e-06,6.1870e-06,4.5527e-08,2.3791e-07,6.2181e-07,2.6666e-06,5.2971e-06,6.4541e-06,6.6183e-06
P76,60.00,135.00,30.00,0.00,7.3562e-08,2.1846e-07,7.0826e-07,2.4982e-06,6.4454e-06,6.4338e-06,5.6664e-06,7.0334e-08,1.9986e-07,5.2509e-07,2.5018e-06,5.1808e-06,6.3425e-06,6.2003e-06
P76,30.00,90.00,0.00,0.00,7.9839e-08,2.5047e-07,8.0268e-07,2.6403e-06,6.5433e-06,6.5318e-06,6.0831e-06,7.6225e-08,2.2925e-07,6.0137e-07,2.6381e-06,5.2761e-06,6.4339e-06,6.5383e-06
P76,30.00,135.00,0.00,0.00,7.9839e-08,2.5047e-07,8.0268e-07,2.6403e-06,6.5433e-06,6.5318e-06,6.0831e-06,7.6225e-08,2.2925e-07,6.0137e-07,2.6381e-06,5.2761e-06,6.4339e-06,6.5383e-06
P76,30.00,180.00,30.00,0.00,6.8482e-08,2.5046e-07,8.0262e-07,2.6398e-06,6.5433e-06,6.5318e-06,6.0831e-06,6.5416e-08,2.2925e-07,6.0135e-07,2.6377e-06,5.2761e-06,6.4339e-06,6.5383e-06
P76,60.00,90.00,0.00,0.00,8.7480e-08,2.1847e-07,7.0831e-07,2.4988e-06,6.4454e-06,6.4339e-06,5.6665e-06,8.3664e-08,1.9986e-07,5.2510e-07,2.5025e-06,5.1809e-06,6.3426e-06,6.2003e-06
P76,0.00,0.00,30.00,0.00,7.0166e-08,2.5978e-07,8.2690e-07,2.6707e-06,6.5648e-06,6.5533e-06,6.1870e-06,6.7050e-08,2.3792e-07,6.2184e-07,2.6668e-06,5.2971e-06,6.4541e-06,6.6183e-06
P77,0.00,135.00,0.00,0.00,7.5130e-08,3.0784e-07,8.6307e-07,2.2836e-06,5.8630e-06,5.8520e-06,5.6745e-06,7.1504e-08,2.8566e-07,6.9557e-07,2.2784e-06,4.6531e-06,5.7520e-06,6.0603e-06
P77,0.00,45.00,30.00,0.00,6.9691e-08,3.0780e-07,8.6294e-07,2.2834e-06,5.8630e-06,5.8520e-06,5.6745e-06,6.6395e-08,2.8564e-07,6.9547e-07,2.2782e-06,4.6531e-06,5.7520e-06,6.0603e-06
P77,0.00,135.00,30.00,0.00,6.9691e-08,3.0780e-07,8.6294e-07,2.2834e-06,5.8630e-06,5.8520e-06,5.6745e-06,6.6395e-08,2.8564e-07,6.9547e-07,2.2782e-06,4.6531e-06,5.7520e-06,6.0603e-06
P77,60.00,135.00,60.00,0.00,5.0092e-08,2.4968e-07,7.7270e-07,2.1411e-06,5.7772e-06,5.7662e-06,5.1384e-06,4.7854e-08,2.2923e-07,6.0986e-07,2.1454e-06,4.5648e-06,5.6708e-06,5.6765e-06
P77,60.00,0.00,30.00,0.00,1.1559e-07,2.5007e-07,7.7473e-07,2.1442e-06,5.7775e-06,5.7665e-06,5.1385e-06,1.1062e-07,2.2945e-07,6.1116e-07,2.1487e-06,4.5653e-06,5.6711e-06,5.6767e-06
P77,30.00,0.00,0.00,0.00,7.9679e-08,2.9626e-07,8.4614e-07,2.2595e-06,5.8483e-06,5.8373e-06,5.5743e-06,7.5859e-08,2.7437e-07,6.7932e-07,2.2562e-06,4.6378e-06,5.7380e-06,5.9905e-06
P77,30.00,90.00,60.00,0.00,5.1988e-08,2.9613e-07,8.4573e-07,2.2593e-06,5.8483e-06,5.8373e-06,5.5743e-06,4.9750e-08,2.7429e-07,6.7898e-07,2.2560e-06,4.6378e-06,5.7380e-06,5.9905e-06
P77,0.00,0.00,30.00,0.00,6.9691e-08,3.0780e-07,8.6294e-07,2.2834e-06,5.8630e-06,5.8520e-06,5.6745e-06,6.6395e-08,2.8564e-07,6.9547e-07,2.2782e-06,4.6531e-06,5.7520e-06,6.0603e-06
P77,30.00,180.00,60.00,0.00,4.2565e-08,2.9607e-07,8.4541e-07,2.2588e-06,5.8483e-06,5.8373e-06,5.5743e-06,4.0686e-08,2.7426e-07,6.7877e-07,2.2555e-06,4.6378e-06,5.7380e-06,5.9905e-06
P77,30.00,90.00,0.00,0.00,7.9679e-08,2.9626e-07,8.4614e-07,2.2595e-06,5.8483e-06,5.8373e-06,5.5743e-06,7.5859e-08,2.7437e-07,6.7932e-07,2.2562e-06,4.6378e-06,5.7380e-06,5.9905e-06
P77,30.00,135.00,30.00,0.00,6.9997e-08,2.9620e-07,8.4592e-07,2.2593e-06,5.8483e-06,5.8373e-06,5.5743e-06,6.6672e-08,2.7434e-07,6.7916e-07,2.2560e-06,4.6378e-06,5.7380e-06,5.9905e-06
P77,60.00,0.00,0.00,0.00,8.8479e-08,2.4987e-07,7.7360e-07,2.1422e-06,5.7773e-06,5.7663e-06,5.1385e-06,8.4373e-08,2.2934e-07,6.1047e-07,2.1466e-06,4.5650e-06,5.6709e-06,5.6766e-06
P77,0.00,90.00,60.00,0.00,4.6681e-08,3.0769e-07,8.6259e-07,2.2833e-06,5.8630e-06,5.8520e-06,5.6745e-06,4.4677e-08,2.8557e-07,6.9518e-07,2.2781e-06,4.6531e-06,5.7520e-06,6.0602e-06
P77,30.00,0.00,60.00,0.00,6.8771e-08,2.9626e-07,8.4644e-07,2.2604e-06,5.8484e-06,5.8374e-06,5.5744e-06,6.5944e-08,2.7436e-07,6.7942e-07,2.2572e-06,4.6380e-06,5.7381e-06,5.9906e-06
P77,0.00,45.00,0.00,0.00,7.5130e-08,3.0784e-07,8.6307e-07,2.2836e-06,5.8630e-06,5.8520e-06,5.6745e-06,7.1504e-08,2.8566e-07,6.9557e-07,2.2784e-06,4.6531e-06,5.7520e-06,6.0603e-06
P77,0.00,135.00,60.00,0.00,4.6681e-08,3.0769e-07,8.6259e-07,2.2833e-06,5.8630e-06,5.8520e-06,5.6745e-06,4.4677e-08,2.8557e-07,6.9518e-07,2.2781e-06,4.6531e-06,5.7520e-06,6.0602e-06
P77,0.00,180.00,0.00,0.00,7.5130e-08,3.0784e-07,8.6307e-07,2.2836e-06,5.8630e-06,5.8520e-06,5.6745e-06,7.1504e-08,2.8566e-07,6.9557e-07,2.2784e-06,4.6531e-06,5.7520e-06,6.0603e-06
P77,30.00,180.00,30.00,0.00,6.8147e-08,2.9618e-07,8.4581e-07,2.2591e-06,5.8483e-06,5.8373e-06,5.5743e-06,6.4895e-08,2.7432e-07,6.7908e-07,2.2558e-06,4.6378e-06,5.7380e-06,5.9905e-06
P77,60.00,45.00,30.00,0.00,1.0495e-07,2.4999e-07,7.7431e-07,2.1435e-06,5.7774e-06,5.7664e-06,5.1385e-06,1.0034e-07,2.2941e-07,6.1090e-07,2.1480e-06,4.5652e-06,5.6710e-06,5.6766e-06
P77,30.00,45.00,0.00,0.00,7.9679e-08,2.9626e-07,8.4614e-07,2.2595e-06,5.8483e-06,5.8373e-06,5.5743e-06,7.5859e-08,2.7437e-07,6.7932e-07,2.2562e-06,4.6378e-06,5.7380e-06,5.9905e-06
P77,30.00,180.00,0.00,0.00,7.9679e-08,2.9626e-07,8.4614e-07,2.2595e-06,5.8483e-06,5.8373e-06,5.5743e-06,7.5859e-08,2.7437e-07,6.7932e-07,2.2562e-06,4.6378e-06,5.7380e-06,5.9905e-06
P77,30.00,135.00,0.00,0.00,7.9679e-08,2.9626e-07,8.4614e-07,2.2595e-06,5.8483e-06,5.8373e-06,5.5743e-06,7.5859e-08,2.7437e-07,6.7932e-07,2.2562e-06,4.6378e-06,5.7380e-06,5.9905e-06
P77,60.00,90.00,30.00,0.00,8.6541e-08,2.4986e-07,7.7359e-07,2.1423e-06,5.7773e-06,5.7663e-06,5.1385e-06,8.2591e-08,2.2933e-07,6.1045e-07,2.1467e-06,4.5650e-06,5.6709e-06,5.6766e-06
P77,0.00,0.00,60.00,0.00,4.6681e-08,3.0769e-07,8.6259e-07,2.2833e-06,5.8630e-06,5.8520e-06,5.6745e-06,4.4677e-08,2.8557e-07,6.9518e-07,2.2781e-06,4.6531e-06,5.7520e-06,6.0602e-06
P77,0.00,0.00,0.00,0.00,7.5130e-08,3.0784e-07,8.6307e-07,2.2836e-06,5.8630e-06,5.8520e-06,5.6745e-06,7.1504e-08,2.8566e-07,6.9557e-07,2.2784e-06,4.6531e-06,5.7520e-06,6.0603e-06
P77,60.00,90.00,0.00,0.00,8.8479e-08,2.4987e-07,7.7360e-07,2.1422e-06,5.7773e-06,5.7663e-06,5.1385e-06,8.4373e-08,2.2934e-07,6.1047e-07,2.1466e-06,4.5650e-06,5.6709e-06,5.6766e-06
P77,60.00,180.00,0.00,0.00,8.8479e-08,2.4987e-07,7.7360e-07,2.1422e-06,5.7773e-06,5.7663e-06,5.1385e-06,8.4373e-08,2.2934e-07,6.1047e-07,2.1466e-06,4.5650e-06,5.6709e-06,5.6766e-06
P77,60.00,180.00,30.00,0.00,7.0227e-08,2.4976e-07,7.7305e-07,2.1414e-06,5.7772e-06,5.7662e-06,5.1384e-06,6.6901e-08,2.2928e-07,6.1012e-07,2.1458e-06,4.5649e-06,5.6708e-06,5.6765e-06
P77,60.00,135.00,0.00,0.00,8.8479e-08,2.4987e-07,7.7360e-07,2.1422e-06,5.7773e-06,5.7663e-06,5.1385e-06,8.4373e-08,2.2934e-07,6.1047e-07,2.1466e-06,4.5650e-06,5.6709e-06,5.6766e-06
P77,30.00,45.00,30.00,0.00,8.1085e-08,2.9630e-07,8.4638e-07,2.2599e-06,5.8484e-06,5.8374e-06,5.5743e-06,7.7340e-08,2.7440e-07,6.7947e-07,2.2567e-06,4.6379e-06,5.7380e-06,5.9906e-06
P77,30.00,0.00,30.00,0.00,8.3978e-08,2.9633e-07,8.4652e-07,2.2601e-06,5.8484e-06,5.8374e-06,5.5743e-06,8.0128e-08,2.7442e-07,6.7956e-07,2.2569e-06,4.6379e-06,5.7381e-06,5.9906e-06
P77,0.00,90.00,30.00,0.00,6.9691e-08,3.0780e-07,8.6294e-07,2.2834e-06,5.8630e-06,5.8520e-06,5.6745e-06,6.6395e-08,2.8564e-07,6.9547e-07,2.2782e-06,4.6531e-06,5.7520e-06,6.0603e-06
P77,60.00,0.00,60.00,0.00,1.5144e-07,2.5034e-07,7.7680e-07,2.1492e-06,5.7780e-06,5.7670e-06,5.1386e-06,1.4580e-07,2.2957e-07,6.1225e-07,2.1540e-06,4.5663e-06,5.6716e-06,5.6769e-06
P77,0.00,180.00,30.00,0.00,6.9691e-08,3.0780e-07,8.6294e-07,2.2834e-06,5.8630e-06,5.8520e-06,5.6745e-06,6.6395e-08,2.8564e-07,6.9547e-07,2.2782e-06,4.6531e-06,5.7520e-06,6.0603e-06
P77,60.00,45.00,60.00,0.00,1.1045e-07,2.5003e-07,7.7489e-07,2.1453e-06,5.7776e-06,5.7666e-06,5.1385e-06,1.0606e-07,2.2941e-07,6.1114e-07,2.1500e-06,4.5655e-06,5.6712e-06,5.6767e-06
P77,0.00,45.00,60.00,0.00,4.6681e-08,3.0769e-07,8.6259e-07,2.2833e-06,5.8630e-06,5.8520e-06,5.6745e-06,4.4677e-08,2.8557e-07,6.9518e-07,2.2781e-06,4.6531e-06,5.7520e-06,6.0602e-06
P77,60.00,90.00,60.00,0.00,6.8127e-08,2.4977e-07,7.7327e-07,2.1422e-06,5.7773e-06,5.7663e-06,5.1385e-06,6.5197e-08,2.2928e-07,6.1020e-07,2.1466e-06,4.5650e-06,5.6709e-06,5.6765e-06
P77,60.00,180.00,60.00,0.00,4.5307e-08,2.4964e-07,7.7249e-07,2.1406e-06,5.7772e-06,5.7662e-06,5.1384e-06,4.3259e-08,2.2922e-07,6.0975e-07,2.1450e-06,4.5647e-06,5.6708e-06,5.6765e-06
P77,0.00,180.00,60.00,0.00,4.6681e-08,3.0769e-07,8.6259e-07,2.2833e-06,5.8630e-06,5.8520e-06,5.6745e-06,4.4677e-08,2.8557e-07,6.9518e-07,2.2781e-06,4.6531e-06,5.7520e-06,6.0602e-06
P77,30.00,90.00,30.00,0.00,7.5045e-08,2.9625e-07,8.4613e-07,2.2596e-06,5.8483e-06,5.8373e-06,5.5743e-06,7.1527e-08,2.7437e-07,6.7930e-07,2.2563e-06,4.6378e-06,5.7380e-06,5.9905e-06
P77,60.00,135.00,30.00,0.00,7.4221e-08,2.4979e-07,7.7317e-07,2.1416e-06,5.7773e-06,5.7662e-06,5.1385e-06,7.0738e-08,2.2929e-07,6.1019e-07,2.1460e-06,4.5649e-06,5.6708e-06,5.6765e-06
P77,30.00,45.00,60.00,0.00,6.2624e-08,2.9621e-07,8.4618e-07,2.2600e-06,5.8484e-06,5.8374e-06,5.5743e-06,6.0006e-08,2.7434e-07,6.7926e-07,2.2568e-06,4.6379e-06,5.7381e-06,5.9906e-06
P77,30.00,135.00,60.00,0.00,4.4871e-08,2.9608e-07,8.4548e-07,2.2589e-06,5.8483e-06,5.8373e-06,5.5743e-06,4.2902e-08,2.7427e-07,6.7882e-07,2.2556e-06,4.6378e-06,5.7380e-06,5.9905e-06
P77,60.00,45.00,0.00,0.00,8.8479e-08,2.4987e-07,7.7360e-07,2.1422e-06,5.7773e-06,5.7663e-06,5.1385e-06,8.4373e-08,2.2934e-07,6.1047e-07,2.1466e-06,4.5650e-06,5.6709e-06,5.6766e-06
P77,0.00,90.00,0.00,0.00,7.5130e-08,3.0784e-07,8.6307e-07,2.2836e-06,5.8630e-06,5.8520e-06,5.6745e-06,7.1504e-08,2.8566e-07,6.9557e-07,2.2784e-06,4.6531e-06,5.7520e-06,6.0603e-06
P78,60.00,135.00,0.00,0.00,8.7310e-08,1.7949e-07,6.5507e-07,2.2771e-06,6.0602e-06,6.0490e-06,4.9947e-06,8.3402e-08,1.6166e-07,4.7840e-07,2.2927e-06,4.8286e-06,5.9562e-06,5.7146e-06
P78,30.00,135.00,30.00,0.00,6.9674e-08,2.1724e-07,7.4629e-07,2.4120e-06,6.1477e-06,6.1365e-06,5.5246e-06,6.6477e-08,1.9706e-07,5.5615e-07,2.4173e-06,4.9154e-06,6.0383e-06,6.1016e-06
P78,60.00,135.00,30.00,0.00,7.3286e-08,1.7948e-07,6.5499e-07,2.2765e-06,6.0601e-06,6.0489e-06,4.9947e-06,6.9977e-08,1.6165e-07,4.7837e-07,2.2920e-06,4.8285e-06,5.9561e-06,5.7146e-06
P78,0.00,90.00,60.00,0.00,4.6608e-08,2.2759e-07,7.6893e-07,2.4406e-06,6.1666e-06,6.1554e-06,5.6483e-06,4.4704e-08,2.0686e-07,5.7622e-07,2.4433e-06,4.9345e-06,6.0562e-06,6.1886e-06
P78,0.00,180.00,30.00,0.00,6.9479e-08,2.2762e-07,7.6907e-07,2.4408e-06,6.1666e-06,6.1554e-06,5.6483e-06,6.6302e-08,2.0687e-07,5.7627e-07,2.4435e-06,4.9345e-06,6.0562e-06,6.1886e-06
P78,60.00,90.00,30.00,0.00,8.5340e-08,1.7949e-07,6.5506e-07,2.2771e-06,6.0602e-06,6.0490e-06,4.9947e-06,8.1591e-08,1.6166e-07,4.7839e-07,2.2927e-06,4.8286e-06,5.9562e-06,5.7146e-06
P78,30.00,0.00,60.00,0.00,6.8158e-08,2.1724e-07,7.4630e-07,2.4131e-06,6.1478e-06,6.1366e-06,5.5246e-06,6.5483e-08,1.9706e-07,5.5614e-07,2.4184e-06,4.9156e-06,6.0384e-06,6.1017e-06
P78,0.00,180.00,0.00,0.00,7.4899e-08,2.2763e-07,7.6911e-07,2.4409e-06,6.1666e-06,6.1554e-06,5.6483e-06,7.1395e-08,2.0687e-07,5.7629e-07,2.4436e-06,4.9345e-06,6.0562e-06,6.1886e-06
P78,30.00,135.00,0.00,0.00,7.9270e-08,2.1725e-07,7.4635e-07,2.4122e-06,6.1477e-06,6.1365e-06,5.5246e-06,7.5586e-08,1.9706e-07,5.5617e-07,2.4175e-06,4.9154e-06,6.0383e-06,6.1016e-06
P78,30.00,180.00,0.00,0.00,7.9270e-08,2.1725e-07,7.4635e-07,2.4122e-06,6.1477e-06,6.1365e-06,5.5246e-06,7.5586e-08,1.9706e-07,5.5617e-07,2.4175e-06,4.9154e-06,6.0383e-06,6.1016e-06
P78,60.00,90.00,0.00,0.00,8.7310e-08,1.7949e-07,6.5507e-07,2.2771e-06,6.0602e-06,6.0490e-06,4.9947e-06,8.3402e-08,1.6166e-07,4.7840e-07,2.2927e-06,4.8286e-06,5.9562e-06,5.7146e-06
P78,60.00,45.00,30.00,0.00,1.0335e-07,1.7951e-07,6.5517e-07,2.2783e-06,6.0603e-06,6.0491e-06,4.9948e-06,9.8986e-08,1.6166e-07,4.7842e-07,2.2940e-06,4.8288e-06,5.9563e-06,5.7147e-06
P78,30.00,0.00,0.00,0.00,7.9270e-08,2.1725e-07,7.4635e-07,2.4122e-06,6.1477e-06,6.1365e-06,5.5246e-06,7.5586e-08,1.9706e-07,5.5617e-07,2.4175e-06,4.9154e-06,6.0383e-06,6.1016e-06
P78,30.00,180.00,60.00,0.00,4.2494e-08,2.1721e-07,7.4614e-07,2.4115e-06,6.1476e-06,6.1364e-06,5.5246e-06,4.0711e-08,1.9705e-07,5.5610e-07,2.4168e-06,4.9153e-06,6.0383e-06,6.1016e-06
P78,60.00,0.00,30.00,0.00,1.1376e-07,1.7953e-07,6.5523e-07,2.2790e-06,6.0604e-06,6.0492e-06,4.9948e-06,1.0906e-07,1.6166e-07,4.7843e-07,2.2947e-06,4.8289e-06,5.9563e-06,5.7148e-06
P78,0.00,180.00,60.00,0.00,4.6608e-08,2.2759e-07,7.6893e-07,2.4406e-06,6.1666e-06,6.1554e-06,5.6483e-06,4.4704e-08,2.0686e-07,5.7622e-07,2.4433e-06,4.9345e-06,6.0562e-06,6.1886e-06
P78,0.00,0.00,0.00,0.00,7.4899e-08,2.2763e-07,7.6911e-07,2.4409e-06,6.1666e-06,6.1554e-06,5.6483e-06,7.1395e-08,2.0687e-07,5.7629e-07,2.4436e-06,4.9345e-06,6.0562e-06,6.1886e-06
P78,60.00,135.00,60.00,0.00,4.9460e-08,1.7945e-07,6.5489e-07,2.2760e-06,6.0601e-06,6.0489e-06,4.9947e-06,4.7358e-08,1.6165e-07,4.7834e-07,2.2915e-06,4.8284e-06,5.9561e-06,5.7146e-06
P78,60.00,90.00,60.00,0.00,6.7018e-08,1.7947e-07,6.5496e-07,2.2770e-06,6.0602e-06,6.0490e-06,4.9947e-06,6.4275e-08,1.6165e-07,4.7836e-07,2.2926e-06,4.8286e-06,5.9562e-06,5.7146e-06
P78,60.00,180.00,0.00,0.00,8.7310e-08,1.7949e-07,6.5507e-07,2.2771e-06,6.0602e-06,6.0490e-06,4.9947e-06,8.3402e-08,1.6166e-07,4.7840e-07,2.2927e-06,4.8286e-06,5.9562e-06,5.7146e-06
P78,0.00,45.00,30.00,0.00,6.9479e-08,2.2762e-07,7.6907e-07,2.4408e-06,6.1666e-06,6.1554e-06,5.6483e-06,6.6302e-08,2.0687e-07,5.7627e-07,2.4435e-06,4.9345e-06,6.0562e-06,6.1886e-06
P78,60.00,45.00,60.00,0.00,1.0822e-07,1.7952e-07,6.5515e-07,2.2800e-06,6.0605e-06,6.0493e-06,4.9948e-06,1.0414e-07,1.6166e-07,4.7840e-07,2.2958e-06,4.8291e-06,5.9565e-06,5.7148e-06
P78,0.00,135.00,60.00,0.00,4.6608e-08,2.2759e-07,7.6893e-07,2.4406e-06,6.1666e-06,6.1554e-06,5.6483e-06,4.4704e-08,2.0686e-07,5.7622e-07,2.4433e-06,4.9345e-06,6.0562e-06,6.1886e-06
P78,60.00,180.00,60.00,0.00,4.4801e-08,1.7945e-07,6.5487e-07,2.2755e-06,6.0601e-06,6.0489e-06,4.9947e-06,4.2877e-08,1.6165e-07,4.7834e-07,2.2910e-06,4.8283e-06,5.9560e-06,5.7145e-06
P78,30.00,45.00,0.00,0.00,7.9270e-08,2.1725e-07,7.4635e-07,2.4122e-06,6.1477e-06,6.1365e-06,5.5246e-06,7.5586e-08,1.9706e-07,5.5617e-07,2.4175e-06,4.9154e-06,6.0383e-06,6.1016e-06
P78,0.00,135.00,0.00,0.00,7.4899e-08,2.2763e-07,7.6911e-07,2.4409e-06,6.1666e-06,6.1554e-06,5.6483e-06,7.1395e-08,2.0687e-07,5.7629e-07,2.4436e-06,4.9345e-06,6.0562e-06,6.1886e-06
P78,30.00,90.00,60.00,0.00,5.1722e-08,2.1722e-07,7.4619e-07,2.4120e-06,6.1477e-06,6.1365e-06,5.5246e-06,4.9600e-08,1.9705e-07,5.5611e-07,2.4173e-06,4.9154e-06,6.0383e-06,6.1016e-06
P78,30.00,0.00,30.00,0.00,8.3434e-08,2.1726e-07,7.4641e-07,2.4128e-06,6.1477e-06,6.1365e-06,5.5246e-06,7.9734e-08,1.9706e-07,5.5619e-07,2.4181e-06,4.9155e-06,6.0384e-06,6.1016e-06
P78,30.00,45.00,60.00,0.00,6.2138e-08,2.1723e-07,7.4626e-07,2.4127e-06,6.1478e-06,6.1365e-06,5.5246e-06,5.9659e-08,1.9706e-07,5.5613e-07,2.4180e-06,4.9155e-06,6.0384e-06,6.1016e-06
P78,60.00,0.00,0.00,0.00,8.7310e-08,1.7949e-07,6.5507e-07,2.2771e-06,6.0602e-06,6.0490e-06,4.9947e-06,8.3402e-08,1.6166e-07,4.7840e-07,2.2927e-06,4.8286e-06,5.9562e-06,5.7146e-06
P78,0.00,45.00,60.00,0.00,4.6608e-08,2.2759e-07,7.6893e-07,2.4406e-06,6.1666e-06,6.1554e-06,5.6483e-06,4.4704e-08,2.0686e-07,5.7622e-07,2.4433e-06,4.9345e-06,6.0562e-06,6.1886e-06
P78,60.00,45.00,0.00,0.00,8.7310e-08,1.7949e-07,6.5507e-07,2.2771e-06,6.0602e-06,6.0490e-06,4.9947e-06,8.3402e-08,1.6166e-07,4.7840e-07,2.2927e-06,4.8286e-06,5.9562e-06,5.7146e-06
P78,60.00,0.00,60.00,0.00,1.4815e-07,1.7956e-07,6.5537e-07,2.2837e-06,6.0609e-06,6.0497e-06,4.9949e-06,1.4291e-07,1.6166e-07,4.7844e-07,2.2997e-06,4.8298e-06,5.9568e-06,5.7150e-06
P78,30.00,90.00,0.00,0.00,7.9270e-08,2.1725e-07,7.4635e-07,2.4122e-06,6.1477e-06,6.1365e-06,5.5246e-06,7.5586e-08,1.9706e-07,5.5617e-07,2.4175e-06,4.9154e-06,6.0383e-06,6.1016e-06
P78,30.00,90.00,30.00,0.00,7.4643e-08,2.1725e-07,7.4633e-07,2.4123e-06,6.1477e-06,6.1365e-06,5.5246e-06,7.1259e-08,1.9706e-07,5.5616e-07,2.4175e-06,4.9154e-06,6.0383e-06,6.1016e-06
P78,0.00,90.00,30.00,0.00,6.9479e-08,2.2762e-07,7.6907e-07,2.4408e-06,6.1666e-06,6.1554e-06,5.6483e-06,6.6302e-08,2.0687e-07,5.7627e-07,2.4435e-06,4.9345e-06,6.0562e-06,6.1886e-06
P78,0.00,0.00,60.00,0.00,4.6608e-08,2.2759e-07,7.6893e-07,2.4406e-06,6.1666e-06,6.1554e-06,5.6483e-06,4.4704e-08,2.0686e-07,5.7622e-07,2.4433e-06,4.9345e-06,6.0562e-06,6.1886e-06
P78,30.00,45.00,30.00,0.00,8.0588e-08,2.1726e-07,7.4638e-07,2.4126e-06,6.1477e-06,6.1365e-06,5.5246e-06,7.6988e-08,1.9706e-07,5.5618e-07,2.4179e-06,4.9155e-06,6.0383e-06,6.1016e-06
P78,0.00,90.00,0.00,0.00,7.4899e-08,2.2763e-07,7.6911e-07,2.4409e-06,6.1666e-06,6.1554e-06,5.6483e-06,7.1395e-08,2.0687e-07,5.7629e-07,2.4436e-06,4.9345e-06,6.0562e-06,6.1886e-06
P78,30.00,180.00,30.00,0.00,6.7854e-08,2.1724e-07,7.4626e-07,2.4118e-06,6.1477e-06,6.1365e-06,5.5246e-06,6.4724e-08,1.9706e-07,5.5614e-07,2.4171e-06,4.9153e-06,6.0383e-06,6.1016e-06
P78,0.00,45.00,0.00,0.00,7.4899e-08,2.2763e-07,7.6911e-07,2.4409e-06,6.1666e-06,6.1554e-06,5.6483e-06,7.1395e-08,2.0687e-07,5.7629e-07,2.4436e-06,4.9345e-06,6.0562e-06,6.1886e-06
P78,0.00,135.00,30.00,0.00,6.9479e-08,2.2762e-07,7.6907e-07,2.4408e-06,6.1666e-06,6.1554e-06,5.6483e-06,6.6302e-08,2.0687e-07,5.7627e-07,2.4435e-06,4.9345e-06,6.0562e-06,6.1886e-06
P78,0.00,0.00,30.00,0.00,6.9479e-08,2.2762e-07,7.6907e-07,2.4408e-06,6.1666e-06,6.1554e-06,5.6483e-06,6.6302e-08,2.0687e-07,5.7627e-07,2.4435e-06,4.9345e-06,6.0562e-06,6.1886e-06
P78,60.00,180.00,30.00,0.00,6.9379e-08,1.7947e-07,6.5498e-07,2.2763e-06,6.0601e-06,6.0489e-06,4.9947e-06,6.6217e-08,1.6165e-07,4.7837e-07,2.2918e-06,4.8284e-06,5.9561e-06,5.7146e-06
P78,30.00,135.00,60.00,0.00,4.4752e-08,2.1721e-07,7.4615e-07,2.4116e-06,6.1477e-06,6.1364e-06,5.5246e-06,4.2884e-08,1.9705e-07,5.5610e-07,2.4169e-06,4.9153e-06,6.0383e-06,6.1016e-06
P79,30.00,135.00,60.00,0.00,4.5031e-08,2.6042e-07,8.2019e-07,2.3846e-06,6.0555e-06,6.0442e-06,5.6044e-06,4.3092e-08,2.3880e-07,6.3672e-07,2.3693e-06,4.8169e-06,5.9437e-06,6.1410e-06
P79,30.00,180.00,60.00,0.00,4.2739e-08,2.6041e-07,8.2015e-07,2.3845e-06,6.0555e-06,6.0442e-06,5.6044e-06,4.0889e-08,2.3879e-07,6.3670e-07,2.3692e-06,4.8169e-06,5.9437e-06,6.1410e-06
P79,0.00,0.00,30.00,0.00,6.9826e-08,2.7222e-07,8.4027e-07,2.4063e-06,6.0677e-06,6.0564e-06,5.7131e-06,6.6563e-08,2.5014e-07,6.5571e-07,2.3897e-06,4.8288e-06,5.9550e-06,6.2134e-06
P79,60.00,0.00,60.00,0.00,1.5065e-07,2.1612e-07,7.3805e-07,2.2835e-06,5.9898e-06,5.9785e-06,5.1349e-06,1.4511e-07,1.9633e-07,5.5949e-07,2.2739e-06,4.7531e-06,5.8826e-06,5.8142e-06
P79,60.00,0.00,0.00,0.00,8.8328e-08,2.1596e-07,7.3680e-07,2.2765e-06,5.9891e-06,5.9778e-06,5.1347e-06,8.4272e-08,1.9630e-07,5.5904e-07,2.2665e-06,4.7518e-06,5.8819e-06,5.8138e-06
P79,60.00,90.00,0.00,0.00,8.8328e-08,2.1596e-07,7.3680e-07,2.2765e-06,5.9891e-06,5.9778e-06,5.1347e-06,8.4272e-08,1.9630e-07,5.5904e-07,2.2665e-06,4.7518e-06,5.8819e-06,5.8138e-06
P79,60.00,90.00,60.00,0.00,6.7986e-08,2.1591e-07,7.3655e-07,2.2765e-06,5.9891e-06,5.9778e-06,5.1347e-06,6.5104e-08,1.9628e-07,5.5890e-07,2.2664e-06,4.7518e-06,5.8819e-06,5.8137e-06
P79,60.00,180.00,60.00,0.00,4.5345e-08,2.1586e-07,7.3622e-07,2.2749e-06,5.9890e-06,5.9777e-06,5.1347e-06,4.3331e-08,1.9626e-07,5.5878e-07,2.2648e-06,4.7516e-06,5.8817e-06,5.8137e-06
P79,60.00,135.00,30.00,0.00,7.4137e-08,2.1592e-07,7.3658e-07,2.2759e-06,5.9890e-06,5.9778e-06,5.1347e-06,7.0699e-08,1.9628e-07,5.5894e-07,2.2658e-06,4.7517e-06,5.8818e-06,5.8137e-06
P79,30.00,90.00,0.00,0.00,7.9761e-08,2.6051e-07,8.2062e-07,2.3852e-06,6.0555e-06,6.0442e-06,5.6045e-06,7.5977e-08,2.3883e-07,6.3697e-07,2.3699e-06,4.8170e-06,5.9437e-06,6.1411e-06
P79,0.00,0.00,60.00,0.00,4.6852e-08,2.7216e-07,8.4001e-07,2.4061e-06,6.0677e-06,6.0564e-06,5.7131e-06,4.4877e-08,2.5011e-07,6.5555e-07,2.3895e-06,4.8288e-06,5.9550e-06,6.2134e-06
P79,30.00,0.00,60.00,0.00,6.8784e-08,2.6048e-07,8.2065e-07,2.3861e-06,6.0556e-06,6.0443e-06,5.6045e-06,6.5999e-08,2.3882e-07,6.3692e-07,2.3709e-06,4.8172e-06,5.9438e-06,6.1411e-06
P79,60.00,180.00,30.00,0.00,7.0169e-08,2.1592e-07,7.3652e-07,2.2757e-06,5.9890e-06,5.9777e-06,5.1347e-06,6.6886e-08,1.9628e-07,5.5892e-07,2.2656e-06,4.7517e-06,5.8818e-06,5.8137e-06
P79,30.00,180.00,30.00,0.00,6.8261e-08,2.6047e-07,8.2042e-07,2.3848e-06,6.0555e-06,6.0442e-06,5.6044e-06,6.5043e-08,2.3882e-07,6.3686e-07,2.3695e-06,4.8169e-06,5.9437e-06,6.1411e-06
P79,30.00,135.00,30.00,0.00,7.0102e-08,2.6048e-07,8.2048e-07,2.3850e-06,6.0555e-06,6.0442e-06,5.6044e-06,6.6813e-08,2.3882e-07,6.3689e-07,2.3697e-06,4.8169e-06,5.9437e-06,6.1411e-06
P79,0.00,135.00,60.00,0.00,4.6852e-08,2.7216e-07,8.4001e-07,2.4061e-06,6.0677e-06,6.0564e-06,5.7131e-06,4.4877e-08,2.5011e-07,6.5555e-07,2.3895e-06,4.8288e-06,5.9550e-06,6.2134e-06
P79,30.00,90.00,60.00,0.00,5.2104e-08,2.6044e-07,8.2031e-07,2.3850e-06,6.0555e-06,6.0442e-06,5.6044e-06,4.9899e-08,2.3880e-07,6.3677e-07,2.3697e-06,4.8170e-06,5.9437e-06,6.1411e-06
P79,0.00,90.00,30.00,0.00,6.9826e-08,2.7222e-07,8.4027e-07,2.4063e-06,6.0677e-06,6.0564e-06,5.7131e-06,6.6563e-08,2.5014e-07,6.5571e-07,2.3897e-06,4.8288e-06,5.9550e-06,6.2134e-06
P79,0.00,135.00,30.00,0.00,6.9826e-08,2.7222e-07,8.4027e-07,2.4063e-06,6.0677e-06,6.0564e-06,5.7131e-06,6.6563e-08,2.5014e-07,6.5571e-07,2.3897e-06,4.8288e-06,5.9550e-06,6.2134e-06
P79,60.00,0.00,30.00,0.00,1.1524e-07,2.1603e-07,7.3732e-07,2.2785e-06,5.9893e-06,5.9780e-06,5.1348e-06,1.1034e-07,1.9632e-07,5.5926e-07,2.2686e-06,4.7522e-06,5.8821e-06,5.8139e-06
P79,0.00,45.00,0.00,0.00,7.5260e-08,2.7224e-07,8.4036e-07,2.4064e-06,6.0677e-06,6.0564e-06,5.7131e-06,7.1669e-08,2.5015e-07,6.5577e-07,2.3898e-06,4.8288e-06,5.9550e-06,6.2134e-06
P79,0.00,0.00,0.00,0.00,7.5260e-08,2.7224e-07,8.4036e-07,2.4064e-06,6.0677e-06,6.0564e-06,5.7131e-06,7.1669e-08,2.5015e-07,6.5577e-07,2.3898e-06,4.8288e-06,5.9550e-06,6.2134e-06
P79,60.00,45.00,30.00,0.00,1.0467e-07,2.1601e-07,7.3712e-07,2.2778e-06,5.9892e-06,5.9779e-06,5.1347e-06,1.0012e-07,1.9631e-07,5.5917e-07,2.2678e-06,4.7520e-06,5.8820e-06,5.8138e-06
P79,60.00,135.00,0.00,0.00,8.8328e-08,2.1596e-07,7.3680e-07,2.2765e-06,5.9891e-06,5.9778e-06,5.1347e-06,8.4272e-08,1.9630e-07,5.5904e-07,2.2665e-06,4.7518e-06,5.8819e-06,5.8138e-06
P79,30.00,45.00,30.00,0.00,8.1139e-08,2.6052e-07,8.2073e-07,2.3856e-06,6.0555e-06,6.0443e-06,5.6045e-06,7.7433e-08,2.3884e-07,6.3701e-07,2.3703e-06,4.8170e-06,5.9437e-06,6.1411e-06
P79,0.00,180.00,0.00,0.00,7.5260e-08,2.7224e-07,8.4036e-07,2.4064e-06,6.0677e-06,6.0564e-06,5.7131e-06,7.1669e-08,2.5015e-07,6.5577e-07,2.3898e-06,4.8288e-06,5.9550e-06,6.2134e-06
P79,0.00,45.00,30.00,0.00,6.9826e-08,2.7222e-07,8.4027e-07,2.4063e-06,6.0677e-06,6.0564e-06,5.7131e-06,6.6563e-08,2.5014e-07,6.5571e-07,2.3897e-06,4.8288e-06,5.9550e-06,6.2134e-06
P79,0.00,180.00,30.00,0.00,6.9826e-08,2.7222e-07,8.4027e-07,2.4063e-06,6.0677e-06,6.0564e-06,5.7131e-06,6.6563e-08,2.5014e-07,6.5571e-07,2.3897e-06,4.8288e-06,5.9550e-06,6.2134e-06
P79,0.00,90.00,60.00,0.00,4.6852e-08,2.7216e-07,8.4001e-07,2.4061e-06,6.0677e-06,6.0564e-06,5.7131e-06,4.4877e-08,2.5011e-07,6.5555e-07,2.3895e-06,4.8288e-06,5.9550e-06,6.2134e-06
P79,30.00,0.00,0.00,0.00,7.9761e-08,2.6051e-07,8.2062e-07,2.3852e-06,6.0555e-06,6.0442e-06,5.6045e-06,7.5977e-08,2.3883e-07,6.3697e-07,2.3699e-06,4.8170e-06,5.9437e-06,6.1411e-06
P79,30.00,45.00,60.00,0.00,6.2675e-08,2.6047e-07,8.2052e-07,2.3857e-06,6.0556e-06,6.0443e-06,5.6045e-06,6.0096e-08,2.3881e-07,6.3686e-07,2.3705e-06,4.8171e-06,5.9438e-06,6.1411e-06
P79,0.00,45.00,60.00,0.00,4.6852e-08,2.7216e-07,8.4001e-07,2.4061e-06,6.0677e-06,6.0564e-06,5.7131e-06,4.4877e-08,2.5011e-07,6.5555e-07,2.3895e-06,4.8288e-06,5.9550e-06,6.2134e-06
P79,30.00,90.00,30.00,0.00,7.5127e-08,2.6050e-07,8.2060e-07,2.3853e-06,6.0555e-06,6.0442e-06,5.6045e-06,7.1646e-08,2.3883e-07,6.3694e-07,2.3700e-06,4.8170e-06,5.9437e-06,6.1411e-06
P79,60.00,135.00,60.00,0.00,5.0093e-08,2.1587e-07,7.3630e-07,2.2754e-06,5.9890e-06,5.9777e-06,5.1347e-06,4.7891e-08,1.9627e-07,5.5881e-07,2.2653e-06,4.7517e-06,5.8818e-06,5.8137e-06
P79,60.00,180.00,0.00,0.00,8.8328e-08,2.1596e-07,7.3680e-07,2.2765e-06,5.9891e-06,5.9778e-06,5.1347e-06,8.4272e-08,1.9630e-07,5.5904e-07,2.2665e-06,4.7518e-06,5.8819e-06,5.8138e-06
P79,60.00,90.00,30.00,0.00,8.6379e-08,2.1596e-07,7.3677e-07,2.2766e-06,5.9891e-06,5.9778e-06,5.1347e-06,8.2480e-08,1.9629e-07,5.5903e-07,2.2665e-06,4.7518e-06,5.8819e-06,5.8138e-06
P79,60.00,45.00,0.00,0.00,8.8328e-08,2.1596e-07,7.3680e-07,2.2765e-06,5.9891e-06,5.9778e-06,5.1347e-06,8.4272e-08,1.9630e-07,5.5904e-07,2.2665e-06,4.7518e-06,5.8819e-06,5.8138e-06
P79,30.00,0.00,30.00,0.00,8.4018e-08,2.6053e-07,8.2081e-07,2.3858e-06,6.0556e-06,6.0443e-06,5.6045e-06,8.0209e-08,2.3884e-07,6.3705e-07,2.3705e-06,4.8171e-06,5.9437e-06,6.1411e-06
P79,30.00,180.00,0.00,0.00,7.9761e-08,2.6051e-07,8.2062e-07,2.3852e-06,6.0555e-06,6.0442e-06,5.6045e-06,7.5977e-08,2.3883e-07,6.3697e-07,2.3699e-06,4.8170e-06,5.9437e-06,6.1411e-06
P79,60.00,45.00,60.00,0.00,1.0997e-07,2.1601e-07,7.3724e-07,2.2796e-06,5.9894e-06,5.9781e-06,5.1348e-06,1.0566e-07,1.9630e-07,5.5917e-07,2.2698e-06,4.7524e-06,5.8822e-06,5.8139e-06
P79,0.00,90.00,0.00,0.00,7.5260e-08,2.7224e-07,8.4036e-07,2.4064e-06,6.0677e-06,6.0564e-06,5.7131e-06,7.1669e-08,2.5015e-07,6.5577e-07,2.3898e-06,4.8288e-06,5.9550e-06,6.2134e-06
P79,30.00,45.00,0.00,0.00,7.9761e-08,2.6051e-07,8.2062e-07,2.3852e-06,6.0555e-06,6.0442e-06,5.6045e-06,7.5977e-08,2.3883e-07,6.3697e-07,2.3699e-06,4.8170e-06,5.9437e-06,6.1411e-06
P79,0.00,180.00,60.00,0.00,4.6852e-08,2.7216e-07,8.4001e-07,2.4061e-06,6.0677e-06,6.0564e-06,5.7131e-06,4.4877e-08,2.5011e-07,6.5555e-07,2.3895e-06,4.8288e-06,5.9550e-06,6.2134e-06
P79,30.00,135.00,0.00,0.00,7.9761e-08,2.6051e-07,8.2062e-07,2.3852e-06,6.0555e-06,6.0442e-06,5.6045e-06,7.5977e-08,2.3883e-07,6.3697e-07,2.3699e-06,4.8170e-06,5.9437e-06,6.1411e-06
P79,0.00,135.00,0.00,0.00,7.5260e-08,2.7224e-07,8.4036e-07,2.4064e-06,6.0677e-06,6.0564e-06,5.7131e-06,7.1669e-08,2.5015e-07,6.5577e-07,2.3898e-06,4.8288e-06,5.9550e-06,6.2134e-06
