Profile,VZA,VAA,SZA,SAA,fy4a_ch07_Radiance,fy4a_ch09_Radiance,fy4a_ch10_Radiance,fy4a_ch11_Radiance,fy4a_ch12_Radiance,fy4a_ch13_Radiance,fy4a_ch14_Radiance,fy4b_ch07_Radiance,fy4b_ch09_Radiance,fy4b_ch10_Radiance,fy4b_ch12_Radiance,fy4b_ch13_Radiance,fy4b_ch14_Radiance,fy4b_ch15_Radiance
P0,60.00,180.00,30.00,0.00,7.1912e-08,1.8326e-07,5.5399e-07,2.9764e-06,6.7530e-06,6.7437e-06,4.9318e-06,7.1458e-08,1.6833e-07,4.1544e-07,3.0311e-06,5.7523e-06,6.6994e-06,5.6756e-06
P0,30.00,180.00,0.00,0.00,6.4809e-08,2.1910e-07,6.9412e-07,3.7774e-06,8.1553e-06,8.1446e-06,5.9079e-06,6.4506e-08,1.9998e-07,5.1169e-07,3.8325e-06,6.9921e-06,8.0868e-06,6.9079e-06
P0,60.00,90.00,0.00,0.00,7.4966e-08,1.8348e-07,5.5417e-07,2.9767e-06,6.7531e-06,6.7438e-06,4.9319e-06,7.4473e-08,1.6856e-07,4.1563e-07,3.0314e-06,5.7525e-06,6.6995e-06,5.6757e-06
P0,30.00,0.00,0.00,0.00,6.4809e-08,2.1910e-07,6.9412e-07,3.7774e-06,8.1553e-06,8.1446e-06,5.9079e-06,6.4506e-08,1.9998e-07,5.1169e-07,3.8325e-06,6.9921e-06,8.0868e-06,6.9079e-06
P0,30.00,90.00,60.00,0.00,5.3428e-08,2.1824e-07,6.9344e-07,3.7764e-06,8.1549e-06,8.1442e-06,5.9076e-06,5.3277e-08,1.9912e-07,5.1098e-07,3.8314e-06,6.9915e-06,8.0863e-06,6.9076e-06
P0,60.00,180.00,60.00,0.00,6.0240e-08,1.8220e-07,5.5310e-07,2.9753e-06,6.7525e-06,6.7432e-06,4.9315e-06,5.9911e-08,1.6728e-07,4.1453e-07,3.0299e-06,5.7516e-06,6.6988e-06,5.6753e-06
P0,30.00,135.00,30.00,0.00,6.2381e-08,2.1895e-07,6.9400e-07,3.7772e-06,8.1553e-06,8.1445e-06,5.9078e-06,6.2116e-08,1.9982e-07,5.1156e-07,3.8323e-06,6.9920e-06,8.0867e-06,6.9078e-06
P0,60.00,135.00,30.00,0.00,7.1961e-08,1.8326e-07,5.5399e-07,2.9764e-06,6.7530e-06,6.7437e-06,4.9318e-06,7.1506e-08,1.6834e-07,4.1545e-07,3.0311e-06,5.7523e-06,6.6994e-06,5.6756e-06
P0,30.00,180.00,30.00,0.00,6.2368e-08,2.1894e-07,6.9400e-07,3.7772e-06,8.1553e-06,8.1445e-06,5.9078e-06,6.2103e-08,1.9982e-07,5.1156e-07,3.8323e-06,6.9920e-06,8.0867e-06,6.9078e-06
P0,30.00,180.00,60.00,0.00,5.3272e-08,2.1822e-07,6.9342e-07,3.7764e-06,8.1549e-06,8.1442e-06,5.9076e-06,5.3123e-08,1.9910e-07,5.1097e-07,3.8314e-06,6.9915e-06,8.0863e-06,6.9076e-06
P0,30.00,90.00,30.00,0.00,6.2415e-08,2.1895e-07,6.9400e-07,3.7772e-06,8.1553e-06,8.1445e-06,5.9078e-06,6.2149e-08,1.9983e-07,5.1157e-07,3.8323e-06,6.9920e-06,8.0867e-06,6.9078e-06
P0,60.00,45.00,0.00,0.00,7.4966e-08,1.8348e-07,5.5417e-07,2.9767e-06,6.7531e-06,6.7438e-06,4.9319e-06,7.4473e-08,1.6856e-07,4.1563e-07,3.0314e-06,5.7525e-06,6.6995e-06,5.6757e-06
P0,30.00,0.00,30.00,0.00,6.2462e-08,2.1895e-07,6.9400e-07,3.7772e-06,8.1553e-06,8.1445e-06,5.9078e-06,6.2196e-08,1.9983e-07,5.1157e-07,3.8323e-06,6.9920e-06,8.0867e-06,6.9078e-06
P0,30.00,0.00,60.00,0.00,5.3582e-08,2.1826e-07,6.9345e-07,3.7764e-06,8.1549e-06,8.1442e-06,5.9076e-06,5.3429e-08,1.9914e-07,5.1100e-07,3.8315e-06,6.9915e-06,8.0863e-06,6.9076e-06
P0,0.00,0.00,30.00,0.00,6.0105e-08,2.2969e-07,7.3313e-07,3.9566e-06,8.4583e-06,8.4472e-06,6.1834e-06,5.9884e-08,2.0942e-07,5.3878e-07,4.0095e-06,7.2548e-06,8.3849e-06,7.2230e-06
P0,0.00,180.00,60.00,0.00,5.1744e-08,2.2906e-07,7.3263e-07,3.9559e-06,8.4580e-06,8.4468e-06,6.1832e-06,5.1637e-08,2.0878e-07,5.3826e-07,4.0087e-06,7.2543e-06,8.3845e-06,7.2228e-06
P0,60.00,45.00,30.00,0.00,7.2194e-08,1.8329e-07,5.5402e-07,2.9765e-06,6.7530e-06,6.7437e-06,4.9318e-06,7.1736e-08,1.6837e-07,4.1547e-07,3.0311e-06,5.7524e-06,6.6994e-06,5.6756e-06
P0,0.00,180.00,0.00,0.00,6.2357e-08,2.2983e-07,7.3323e-07,3.9568e-06,8.4583e-06,8.4472e-06,6.1834e-06,6.2098e-08,2.0955e-07,5.3889e-07,4.0097e-06,7.2549e-06,8.3849e-06,7.2231e-06
P0,30.00,135.00,60.00,0.00,5.3318e-08,2.1823e-07,6.9342e-07,3.7764e-06,8.1549e-06,8.1442e-06,5.9076e-06,5.3168e-08,1.9911e-07,5.1097e-07,3.8314e-06,6.9915e-06,8.0863e-06,6.9076e-06
P0,60.00,135.00,0.00,0.00,7.4966e-08,1.8348e-07,5.5417e-07,2.9767e-06,6.7531e-06,6.7438e-06,4.9319e-06,7.4473e-08,1.6856e-07,4.1563e-07,3.0314e-06,5.7525e-06,6.6995e-06,5.6757e-06
P0,30.00,45.00,30.00,0.00,6.2448e-08,2.1895e-07,6.9400e-07,3.7772e-06,8.1553e-06,8.1445e-06,5.9078e-06,6.2182e-08,1.9983e-07,5.1157e-07,3.8323e-06,6.9920e-06,8.0867e-06,6.9078e-06
P0,60.00,0.00,0.00,0.00,7.4966e-08,1.8348e-07,5.5417e-07,2.9767e-06,6.7531e-06,6.7438e-06,4.9319e-06,7.4473e-08,1.6856e-07,4.1563e-07,3.0314e-06,5.7525e-06,6.6995e-06,5.6757e-06
P0,60.00,0.00,30.00,0.00,7.2241e-08,1.8329e-07,5.5402e-07,2.9765e-06,6.7530e-06,6.7437e-06,4.9318e-06,7.1783e-08,1.6837e-07,4.1547e-07,3.0311e-06,5.7524e-06,6.6994e-06,5.6756e-06
P0,60.00,0.00,60.00,0.00,6.1423e-08,1.8236e-07,5.5323e-07,2.9754e-06,6.7525e-06,6.7432e-06,4.9316e-06,6.1084e-08,1.6744e-07,4.1467e-07,3.0300e-06,5.7517e-06,6.6989e-06,5.6753e-06
P0,0.00,135.00,30.00,0.00,6.0105e-08,2.2969e-07,7.3313e-07,3.9566e-06,8.4583e-06,8.4472e-06,6.1834e-06,5.9884e-08,2.0942e-07,5.3878e-07,4.0095e-06,7.2548e-06,8.3849e-06,7.2230e-06
P0,0.00,90.00,30.00,0.00,6.0105e-08,2.2969e-07,7.3313e-07,3.9566e-06,8.4583e-06,8.4472e-06,6.1834e-06,5.9884e-08,2.0942e-07,5.3878e-07,4.0095e-06,7.2548e-06,8.3849e-06,7.2230e-06
P0,60.00,135.00,60.00,0.00,6.0421e-08,1.8223e-07,5.5312e-07,2.9753e-06,6.7525e-06,6.7432e-06,4.9315e-06,6.0090e-08,1.6730e-07,4.1455e-07,3.0299e-06,5.7516e-06,6.6988e-06,5.6753e-06
P0,60.00,180.00,0.00,0.00,7.4966e-08,1.8348e-07,5.5417e-07,2.9767e-06,6.7531e-06,6.7438e-06,4.9319e-06,7.4473e-08,1.6856e-07,4.1563e-07,3.0314e-06,5.7525e-06,6.6995e-06,5.6757e-06
P0,0.00,180.00,30.00,0.00,6.0105e-08,2.2969e-07,7.3313e-07,3.9566e-06,8.4583e-06,8.4472e-06,6.1834e-06,5.9884e-08,2.0942e-07,5.3878e-07,4.0095e-06,7.2548e-06,8.3849e-06,7.2230e-06
P0,0.00,90.00,0.00,0.00,6.2357e-08,2.2983e-07,7.3323e-07,3.9568e-06,8.4583e-06,8.4472e-06,6.1834e-06,6.2098e-08,2.0955e-07,5.3889e-07,4.0097e-06,7.2549e-06,8.3849e-06,7.2231e-06
P0,60.00,90.00,60.00,0.00,6.0846e-08,1.8228e-07,5.5317e-07,2.9753e-06,6.7525e-06,6.7432e-06,4.9315e-06,6.0512e-08,1.6736e-07,4.1460e-07,3.0299e-06,5.7516e-06,6.6989e-06,5.6753e-06
P0,0.00,135.00,60.00,0.00,5.1744e-08,2.2906e-07,7.3263e-07,3.9559e-06,8.4580e-06,8.4468e-06,6.1832e-06,5.1637e-08,2.0878e-07,5.3826e-07,4.0087e-06,7.2543e-06,8.3845e-06,7.2228e-06
P0,30.00,45.00,0.00,0.00,6.4809e-08,2.1910e-07,6.9412e-07,3.7774e-06,8.1553e-06,8.1446e-06,5.9079e-06,6.4506e-08,1.9998e-07,5.1169e-07,3.8325e-06,6.9921e-06,8.0868e-06,6.9079e-06
P0,0.00,135.00,0.00,0.00,6.2357e-08,2.2983e-07,7.3323e-07,3.9568e-06,8.4583e-06,8.4472e-06,6.1834e-06,6.2098e-08,2.0955e-07,5.3889e-07,4.0097e-06,7.2549e-06,8.3849e-06,7.2231e-06
P0,0.00,45.00,0.00,0.00,6.2357e-08,2.2983e-07,7.3323e-07,3.9568e-06,8.4583e-06,8.4472e-06,6.1834e-06,6.2098e-08,2.0955e-07,5.3889e-07,4.0097e-06,7.2549e-06,8.3849e-06,7.2231e-06
P0,0.00,45.00,60.00,0.00,5.1744e-08,2.2906e-07,7.3263e-07,3.9559e-06,8.4580e-06,8.4468e-06,6.1832e-06,5.1637e-08,2.0878e-07,5.3826e-07,4.0087e-06,7.2543e-06,8.3845e-06,7.2228e-06
P0,0.00,0.00,60.00,0.00,5.1744e-08,2.2906e-07,7.3263e-07,3.9559e-06,8.4580e-06,8.4468e-06,6.1832e-06,5.1637e-08,2.0878e-07,5.3826e-07,4.0087e-06,7.2543e-06,8.3845e-06,7.2228e-06
P0,0.00,0.00,0.00,0.00,6.2357e-08,2.2983e-07,7.3323e-07,3.9568e-06,8.4583e-06,8.4472e-06,6.1834e-06,6.2098e-08,2.0955e-07,5.3889e-07,4.0097e-06,7.2549e-06,8.3849e-06,7.2231e-06
P0,30.00,45.00,60.00,0.00,5.3537e-08,2.1825e-07,6.9345e-07,3.7764e-06,8.1549e-06,8.1442e-06,5.9076e-06,5.3385e-08,1.9913e-07,5.1099e-07,3.8315e-06,6.9915e-06,8.0863e-06,6.9076e-06
P0,0.00,90.00,60.00,0.00,5.1744e-08,2.2906e-07,7.3263e-07,3.9559e-06,8.4580e-06,8.4468e-06,6.1832e-06,5.1637e-08,2.0878e-07,5.3826e-07,4.0087e-06,7.2543e-06,8.3845e-06,7.2228e-06
P0,60.00,45.00,60.00,0.00,6.1257e-08,1.8234e-07,5.5321e-07,2.9754e-06,6.7525e-06,6.7432e-06,4.9315e-06,6.0919e-08,1.6742e-07,4.1465e-07,3.0300e-06,5.7517e-06,6.6989e-06,5.6753e-06
P0,30.00,90.00,0.00,0.00,6.4809e-08,2.1910e-07,6.9412e-07,3.7774e-06,8.1553e-06,8.1446e-06,5.9079e-06,6.4506e-08,1.9998e-07,5.1169e-07,3.8325e-06,6.9921e-06,8.0868e-06,6.9079e-06
P0,30.00,135.00,0.00,0.00,6.4809e-08,2.1910e-07,6.9412e-07,3.7774e-06,8.1553e-06,8.1446e-06,5.9079e-06,6.4506e-08,1.9998e-07,5.1169e-07,3.8325e-06,6.9921e-06,8.0868e-06,6.9079e-06
P0,0.00,45.00,30.00,0.00,6.0105e-08,2.2969e-07,7.3313e-07,3.9566e-06,8.4583e-06,8.4472e-06,6.1834e-06,5.9884e-08,2.0942e-07,5.3878e-07,4.0095e-06,7.2548e-06,8.3849e-06,7.2230e-06
P0,60.00,90.00,30.00,0.00,7.2078e-08,1.8328e-07,5.5400e-07,2.9764e-06,6.7530e-06,6.7437e-06,4.9318e-06,7.1621e-08,1.6835e-07,4.1546e-07,3.0311e-06,5.7523e-06,6.6994e-06,5.6756e-06
P1,30.00,180.00,30.00,0.00,6.4249e-08,3.1486e-07,9.8795e-07,4.5784e-06,9.2737e-06,9.2613e-06,7.9008e-06,6.4230e-08,2.8741e-07,7.3619e-07,4.6043e-06,7.9160e-06,9.1662e-06,8.7674e-06
P1,0.00,45.00,60.00,0.00,5.3160e-08,3.2892e-07,1.0308e-06,4.6944e-06,9.4745e-06,9.4619e-06,8.1928e-06,5.3295e-08,3.0032e-07,7.6660e-07,4.7165e-06,8.0857e-06,9.3630e-06,9.0408e-06
P1,0.00,180.00,0.00,0.00,6.4884e-08,3.2922e-07,1.0313e-06,4.6951e-06,9.4749e-06,9.4623e-06,8.1931e-06,6.4811e-08,3.0060e-07,7.6705e-07,4.7173e-06,8.0863e-06,9.3635e-06,9.0411e-06
P1,0.00,90.00,0.00,0.00,6.4884e-08,3.2922e-07,1.0313e-06,4.6951e-06,9.4749e-06,9.4623e-06,8.1931e-06,6.4811e-08,3.0060e-07,7.6705e-07,4.7173e-06,8.0863e-06,9.3635e-06,9.0411e-06
P1,30.00,135.00,30.00,0.00,6.4264e-08,3.1486e-07,9.8795e-07,4.5784e-06,9.2737e-06,9.2613e-06,7.9008e-06,6.4245e-08,2.8741e-07,7.3619e-07,4.6043e-06,7.9160e-06,9.1662e-06,8.7674e-06
P1,30.00,0.00,30.00,0.00,6.4355e-08,3.1486e-07,9.8795e-07,4.5784e-06,9.2737e-06,9.2613e-06,7.9008e-06,6.4332e-08,2.8742e-07,7.3620e-07,4.6043e-06,7.9160e-06,9.1662e-06,8.7674e-06
P1,0.00,45.00,0.00,0.00,6.4884e-08,3.2922e-07,1.0313e-06,4.6951e-06,9.4749e-06,9.4623e-06,8.1931e-06,6.4811e-08,3.0060e-07,7.6705e-07,4.7173e-06,8.0863e-06,9.3635e-06,9.0411e-06
P1,30.00,180.00,60.00,0.00,5.4688e-08,3.1461e-07,9.8749e-07,4.5777e-06,9.2733e-06,9.2610e-06,7.9006e-06,5.4810e-08,2.8719e-07,7.3580e-07,4.6036e-06,7.9155e-06,9.1658e-06,8.7672e-06
P1,0.00,135.00,0.00,0.00,6.4884e-08,3.2922e-07,1.0313e-06,4.6951e-06,9.4749e-06,9.4623e-06,8.1931e-06,6.4811e-08,3.0060e-07,7.6705e-07,4.7173e-06,8.0863e-06,9.3635e-06,9.0411e-06
P1,0.00,180.00,30.00,0.00,6.2131e-08,3.2916e-07,1.0313e-06,4.6950e-06,9.4748e-06,9.4622e-06,8.1931e-06,6.2116e-08,3.0054e-07,7.6696e-07,4.7172e-06,8.0862e-06,9.3634e-06,9.0411e-06
P1,30.00,90.00,60.00,0.00,5.4835e-08,3.1461e-07,9.8750e-07,4.5777e-06,9.2733e-06,9.2610e-06,7.9006e-06,5.4955e-08,2.8719e-07,7.3580e-07,4.6037e-06,7.9155e-06,9.1658e-06,8.7672e-06
P1,60.00,180.00,60.00,0.00,6.1654e-08,2.6443e-07,8.3510e-07,4.0061e-06,8.2818e-06,8.2708e-06,6.7445e-06,6.1682e-08,2.4125e-07,6.2716e-07,4.0436e-06,7.0655e-06,8.1909e-06,7.5950e-06
P1,60.00,0.00,0.00,0.00,7.6753e-08,2.6475e-07,8.3583e-07,4.0073e-06,8.2824e-06,8.2714e-06,6.7447e-06,7.6628e-08,2.4154e-07,6.2775e-07,4.0448e-06,7.0664e-06,8.1915e-06,7.5954e-06
P1,0.00,135.00,60.00,0.00,5.3160e-08,3.2892e-07,1.0308e-06,4.6944e-06,9.4745e-06,9.4619e-06,8.1928e-06,5.3295e-08,3.0032e-07,7.6660e-07,4.7165e-06,8.0857e-06,9.3630e-06,9.0408e-06
P1,60.00,45.00,0.00,0.00,7.6753e-08,2.6475e-07,8.3583e-07,4.0073e-06,8.2824e-06,8.2714e-06,6.7447e-06,7.6628e-08,2.4154e-07,6.2775e-07,4.0448e-06,7.0664e-06,8.1915e-06,7.5954e-06
P1,0.00,45.00,30.00,0.00,6.2131e-08,3.2916e-07,1.0313e-06,4.6950e-06,9.4748e-06,9.4622e-06,8.1931e-06,6.2116e-08,3.0054e-07,7.6696e-07,4.7172e-06,8.0862e-06,9.3634e-06,9.0411e-06
P1,0.00,0.00,0.00,0.00,6.4884e-08,3.2922e-07,1.0313e-06,4.6951e-06,9.4749e-06,9.4623e-06,8.1931e-06,6.4811e-08,3.0060e-07,7.6705e-07,4.7173e-06,8.0863e-06,9.3635e-06,9.0411e-06
P1,30.00,45.00,60.00,0.00,5.4938e-08,3.1462e-07,9.8751e-07,4.5777e-06,9.2733e-06,9.2610e-06,7.9006e-06,5.5056e-08,2.8719e-07,7.3581e-07,4.6037e-06,7.9155e-06,9.1658e-06,8.7672e-06
P1,60.00,135.00,60.00,0.00,6.1813e-08,2.6444e-07,8.3512e-07,4.0061e-06,8.2818e-06,8.2708e-06,6.7445e-06,6.1840e-08,2.4125e-07,6.2717e-07,4.0436e-06,7.0655e-06,8.1909e-06,7.5950e-06
P1,0.00,180.00,60.00,0.00,5.3160e-08,3.2892e-07,1.0308e-06,4.6944e-06,9.4745e-06,9.4619e-06,8.1928e-06,5.3295e-08,3.0032e-07,7.6660e-07,4.7165e-06,8.0857e-06,9.3630e-06,9.0408e-06
P1,30.00,135.00,60.00,0.00,5.4731e-08,3.1461e-07,9.8749e-07,4.5777e-06,9.2733e-06,9.2610e-06,7.9006e-06,5.4853e-08,2.8719e-07,7.3580e-07,4.6036e-06,7.9155e-06,9.1658e-06,8.7672e-06
P1,0.00,90.00,60.00,0.00,5.3160e-08,3.2892e-07,1.0308e-06,4.6944e-06,9.4745e-06,9.4619e-06,8.1928e-06,5.3295e-08,3.0032e-07,7.6660e-07,4.7165e-06,8.0857e-06,9.3630e-06,9.0408e-06
P1,30.00,0.00,0.00,0.00,6.7170e-08,3.1492e-07,9.8805e-07,4.5785e-06,9.2737e-06,9.2614e-06,7.9008e-06,6.7094e-08,2.8747e-07,7.3629e-07,4.6045e-06,7.9162e-06,9.1663e-06,8.7674e-06
P1,30.00,90.00,30.00,0.00,6.4302e-08,3.1486e-07,9.8795e-07,4.5784e-06,9.2737e-06,9.2613e-06,7.9008e-06,6.4281e-08,2.8742e-07,7.3619e-07,4.6043e-06,7.9160e-06,9.1662e-06,8.7674e-06
P1,30.00,135.00,0.00,0.00,6.7170e-08,3.1492e-07,9.8805e-07,4.5785e-06,9.2737e-06,9.2614e-06,7.9008e-06,6.7094e-08,2.8747e-07,7.3629e-07,4.6045e-06,7.9162e-06,9.1663e-06,8.7674e-06
P1,60.00,180.00,0.00,0.00,7.6753e-08,2.6475e-07,8.3583e-07,4.0073e-06,8.2824e-06,8.2714e-06,6.7447e-06,7.6628e-08,2.4154e-07,6.2775e-07,4.0448e-06,7.0664e-06,8.1915e-06,7.5954e-06
P1,0.00,0.00,30.00,0.00,6.2131e-08,3.2916e-07,1.0313e-06,4.6950e-06,9.4748e-06,9.4622e-06,8.1931e-06,6.2116e-08,3.0054e-07,7.6696e-07,4.7172e-06,8.0862e-06,9.3634e-06,9.0411e-06
P1,60.00,90.00,30.00,0.00,7.3482e-08,2.6469e-07,8.3570e-07,4.0071e-06,8.2823e-06,8.2713e-06,6.7447e-06,7.3397e-08,2.4148e-07,6.2765e-07,4.0446e-06,7.0662e-06,8.1914e-06,7.5953e-06
P1,30.00,0.00,60.00,0.00,5.4980e-08,3.1462e-07,9.8751e-07,4.5777e-06,9.2733e-06,9.2610e-06,7.9006e-06,5.5098e-08,2.8720e-07,7.3581e-07,4.6037e-06,7.9155e-06,9.1659e-06,8.7672e-06
P1,0.00,90.00,30.00,0.00,6.2131e-08,3.2916e-07,1.0313e-06,4.6950e-06,9.4748e-06,9.4622e-06,8.1931e-06,6.2116e-08,3.0054e-07,7.6696e-07,4.7172e-06,8.0862e-06,9.3634e-06,9.0411e-06
P1,60.00,45.00,30.00,0.00,7.3596e-08,2.6470e-07,8.3571e-07,4.0071e-06,8.2823e-06,8.2713e-06,6.7447e-06,7.3509e-08,2.4149e-07,6.2765e-07,4.0446e-06,7.0662e-06,8.1914e-06,7.5953e-06
P1,30.00,180.00,0.00,0.00,6.7170e-08,3.1492e-07,9.8805e-07,4.5785e-06,9.2737e-06,9.2614e-06,7.9008e-06,6.7094e-08,2.8747e-07,7.3629e-07,4.6045e-06,7.9162e-06,9.1663e-06,8.7674e-06
P1,30.00,45.00,30.00,0.00,6.4339e-08,3.1486e-07,9.8795e-07,4.5784e-06,9.2737e-06,9.2613e-06,7.9008e-06,6.4317e-08,2.8742e-07,7.3620e-07,4.6043e-06,7.9160e-06,9.1662e-06,8.7674e-06
P1,0.00,0.00,60.00,0.00,5.3160e-08,3.2892e-07,1.0308e-06,4.6944e-06,9.4745e-06,9.4619e-06,8.1928e-06,5.3295e-08,3.0032e-07,7.6660e-07,4.7165e-06,8.0857e-06,9.3630e-06,9.0408e-06
P1,30.00,45.00,0.00,0.00,6.7170e-08,3.1492e-07,9.8805e-07,4.5785e-06,9.2737e-06,9.2614e-06,7.9008e-06,6.7094e-08,2.8747e-07,7.3629e-07,4.6045e-06,7.9162e-06,9.1663e-06,8.7674e-06
P1,60.00,0.00,30.00,0.00,7.3643e-08,2.6470e-07,8.3572e-07,4.0071e-06,8.2823e-06,8.2713e-06,6.7447e-06,7.3555e-08,2.4149e-07,6.2766e-07,4.0446e-06,7.0662e-06,8.1914e-06,7.5953e-06
P1,60.00,90.00,0.00,0.00,7.6753e-08,2.6475e-07,8.3583e-07,4.0073e-06,8.2824e-06,8.2714e-06,6.7447e-06,7.6628e-08,2.4154e-07,6.2775e-07,4.0448e-06,7.0664e-06,8.1915e-06,7.5954e-06
P1,60.00,135.00,30.00,0.00,7.3367e-08,2.6469e-07,8.3570e-07,4.0071e-06,8.2823e-06,8.2713e-06,6.7447e-06,7.3285e-08,2.4148e-07,6.2764e-07,4.0446e-06,7.0662e-06,8.1914e-06,7.5953e-06
P1,30.00,90.00,0.00,0.00,6.7170e-08,3.1492e-07,9.8805e-07,4.5785e-06,9.2737e-06,9.2614e-06,7.9008e-06,6.7094e-08,2.8747e-07,7.3629e-07,4.6045e-06,7.9162e-06,9.1663e-06,8.7674e-06
P1,0.00,135.00,30.00,0.00,6.2131e-08,3.2916e-07,1.0313e-06,4.6950e-06,9.4748e-06,9.4622e-06,8.1931e-06,6.2116e-08,3.0054e-07,7.6696e-07,4.7172e-06,8.0862e-06,9.3634e-06,9.0411e-06
P1,60.00,90.00,60.00,0.00,6.2189e-08,2.6445e-07,8.3514e-07,4.0062e-06,8.2818e-06,8.2708e-06,6.7445e-06,6.2212e-08,2.4127e-07,6.2720e-07,4.0436e-06,7.0655e-06,8.1909e-06,7.5951e-06
P1,60.00,0.00,60.00,0.00,6.2701e-08,2.6447e-07,8.3518e-07,4.0062e-06,8.2819e-06,8.2708e-06,6.7445e-06,6.2721e-08,2.4128e-07,6.2723e-07,4.0437e-06,7.0656e-06,8.1909e-06,7.5951e-06
P1,60.00,45.00,60.00,0.00,6.2553e-08,2.6446e-07,8.3517e-07,4.0062e-06,8.2818e-06,8.2708e-06,6.7445e-06,6.2574e-08,2.4128e-07,6.2722e-07,4.0437e-06,7.0655e-06,8.1909e-06,7.5951e-06
P1,60.00,180.00,30.00,0.00,7.3320e-08,2.6469e-07,8.3569e-07,4.0071e-06,8.2823e-06,8.2713e-06,6.7447e-06,7.3238e-08,2.4148e-07,6.2764e-07,4.0446e-06,7.0662e-06,8.1914e-06,7.5953e-06
P1,60.00,135.00,0.00,0.00,7.6753e-08,2.6475e-07,8.3583e-07,4.0073e-06,8.2824e-06,8.2714e-06,6.7447e-06,7.6628e-08,2.4154e-07,6.2775e-07,4.0448e-06,7.0664e-06,8.1915e-06,7.5954e-06
P2,30.00,90.00,0.00,0.00,6.2194e-08,2.9291e-07,9.7135e-07,4.1502e-06,8.6602e-06,8.6482e-06,6.9578e-06,6.2105e-08,2.6619e-07,7.0572e-07,4.1885e-06,7.3487e-06,8.5658e-06,7.8182e-06
P2,0.00,180.00,0.00,0.00,5.9942e-08,3.0966e-07,1.0289e-06,4.3011e-06,8.9159e-06,8.9036e-06,7.2310e-06,5.9882e-08,2.8131e-07,7.4829e-07,4.3366e-06,7.5749e-06,8.8179e-06,8.1057e-06
P2,30.00,180.00,0.00,0.00,6.2194e-08,2.9291e-07,9.7135e-07,4.1502e-06,8.6602e-06,8.6482e-06,6.9578e-06,6.2105e-08,2.6619e-07,7.0572e-07,4.1885e-06,7.3487e-06,8.5658e-06,7.8182e-06
P2,30.00,0.00,0.00,0.00,6.2194e-08,2.9291e-07,9.7135e-07,4.1502e-06,8.6602e-06,8.6482e-06,6.9578e-06,6.2105e-08,2.6619e-07,7.0572e-07,4.1885e-06,7.3487e-06,8.5658e-06,7.8182e-06
P2,0.00,0.00,0.00,0.00,5.9942e-08,3.0966e-07,1.0289e-06,4.3011e-06,8.9159e-06,8.9036e-06,7.2310e-06,5.9882e-08,2.8131e-07,7.4829e-07,4.3366e-06,7.5749e-06,8.8179e-06,8.1057e-06
P2,30.00,180.00,60.00,0.00,5.2374e-08,2.9214e-07,9.7064e-07,4.1494e-06,8.6598e-06,8.6477e-06,6.9575e-06,5.2387e-08,2.6542e-07,7.0500e-07,4.1877e-06,7.3481e-06,8.5653e-06,7.8180e-06
P2,60.00,180.00,0.00,0.00,7.1772e-08,2.3945e-07,7.6369e-07,3.4482e-06,7.4422e-06,7.4313e-06,5.9339e-06,7.1537e-08,2.1878e-07,5.5898e-07,3.4906e-06,6.2618e-06,7.3607e-06,6.6398e-06
P2,0.00,0.00,60.00,0.00,5.0900e-08,3.0897e-07,1.0282e-06,4.3004e-06,8.9155e-06,8.9032e-06,7.2307e-06,5.0945e-08,2.8062e-07,7.4765e-07,4.3358e-06,7.5743e-06,8.8174e-06,8.1055e-06
P2,0.00,45.00,0.00,0.00,5.9942e-08,3.0966e-07,1.0289e-06,4.3011e-06,8.9159e-06,8.9036e-06,7.2310e-06,5.9882e-08,2.8131e-07,7.4829e-07,4.3366e-06,7.5749e-06,8.8179e-06,8.1057e-06
P2,60.00,135.00,0.00,0.00,7.1772e-08,2.3945e-07,7.6369e-07,3.4482e-06,7.4422e-06,7.4313e-06,5.9339e-06,7.1537e-08,2.1878e-07,5.5898e-07,3.4906e-06,6.2618e-06,7.3607e-06,6.6398e-06
P2,30.00,90.00,30.00,0.00,6.0148e-08,2.9277e-07,9.7123e-07,4.1501e-06,8.6601e-06,8.6481e-06,6.9577e-06,6.0086e-08,2.6605e-07,7.0560e-07,4.1884e-06,7.3486e-06,8.5657e-06,7.8182e-06
P2,30.00,180.00,30.00,0.00,6.0106e-08,2.9277e-07,9.7122e-07,4.1501e-06,8.6601e-06,8.6481e-06,6.9577e-06,6.0044e-08,2.6604e-07,7.0559e-07,4.1884e-06,7.3486e-06,8.5657e-06,7.8182e-06
P2,30.00,135.00,60.00,0.00,5.2415e-08,2.9215e-07,9.7064e-07,4.1494e-06,8.6598e-06,8.6478e-06,6.9575e-06,5.2427e-08,2.6543e-07,7.0500e-07,4.1877e-06,7.3481e-06,8.5653e-06,7.8180e-06
P2,60.00,0.00,0.00,0.00,7.1772e-08,2.3945e-07,7.6369e-07,3.4482e-06,7.4422e-06,7.4313e-06,5.9339e-06,7.1537e-08,2.1878e-07,5.5898e-07,3.4906e-06,6.2618e-06,7.3607e-06,6.6398e-06
P2,0.00,135.00,0.00,0.00,5.9942e-08,3.0966e-07,1.0289e-06,4.3011e-06,8.9159e-06,8.9036e-06,7.2310e-06,5.9882e-08,2.8131e-07,7.4829e-07,4.3366e-06,7.5749e-06,8.8179e-06,8.1057e-06
P2,0.00,180.00,60.00,0.00,5.0900e-08,3.0897e-07,1.0282e-06,4.3004e-06,8.9155e-06,8.9032e-06,7.2307e-06,5.0945e-08,2.8062e-07,7.4765e-07,4.3358e-06,7.5743e-06,8.8174e-06,8.1055e-06
P2,0.00,90.00,30.00,0.00,5.8013e-08,3.0954e-07,1.0288e-06,4.3010e-06,8.9158e-06,8.9036e-06,7.2309e-06,5.7981e-08,2.8118e-07,7.4818e-07,4.3365e-06,7.5748e-06,8.8178e-06,8.1057e-06
P2,0.00,90.00,60.00,0.00,5.0900e-08,3.0897e-07,1.0282e-06,4.3004e-06,8.9155e-06,8.9032e-06,7.2307e-06,5.0945e-08,2.8062e-07,7.4765e-07,4.3358e-06,7.5743e-06,8.8174e-06,8.1055e-06
P2,60.00,0.00,60.00,0.00,6.0238e-08,2.3857e-07,7.6276e-07,3.4472e-06,7.4416e-06,7.4307e-06,5.9336e-06,6.0090e-08,2.1790e-07,5.5807e-07,3.4895e-06,6.2610e-06,7.3601e-06,6.6395e-06
P2,60.00,135.00,60.00,0.00,5.9343e-08,2.3846e-07,7.6266e-07,3.4470e-06,7.4415e-06,7.4307e-06,5.9336e-06,5.9200e-08,2.1780e-07,5.5796e-07,3.4894e-06,6.2609e-06,7.3600e-06,6.6394e-06
P2,60.00,0.00,30.00,0.00,6.9454e-08,2.3930e-07,7.6353e-07,3.4480e-06,7.4420e-06,7.4312e-06,5.9339e-06,6.9238e-08,2.1863e-07,5.5883e-07,3.4904e-06,6.2617e-06,7.3606e-06,6.6398e-06
P2,60.00,90.00,60.00,0.00,5.9722e-08,2.3851e-07,7.6270e-07,3.4471e-06,7.4415e-06,7.4307e-06,5.9336e-06,5.9577e-08,2.1784e-07,5.5801e-07,3.4894e-06,6.2610e-06,7.3601e-06,6.6394e-06
P2,60.00,45.00,30.00,0.00,6.9411e-08,2.3929e-07,7.6353e-07,3.4480e-06,7.4420e-06,7.4312e-06,5.9339e-06,6.9196e-08,2.1862e-07,5.5882e-07,3.4904e-06,6.2617e-06,7.3606e-06,6.6398e-06
P2,0.00,180.00,30.00,0.00,5.8013e-08,3.0954e-07,1.0288e-06,4.3010e-06,8.9158e-06,8.9036e-06,7.2309e-06,5.7981e-08,2.8118e-07,7.4818e-07,4.3365e-06,7.5748e-06,8.8178e-06,8.1057e-06
P2,60.00,180.00,30.00,0.00,6.9160e-08,2.3927e-07,7.6351e-07,3.4480e-06,7.4420e-06,7.4312e-06,5.9338e-06,6.8948e-08,2.1859e-07,5.5880e-07,3.4904e-06,6.2617e-06,7.3606e-06,6.6398e-06
P2,60.00,180.00,60.00,0.00,5.9181e-08,2.3844e-07,7.6264e-07,3.4470e-06,7.4415e-06,7.4307e-06,5.9336e-06,5.9039e-08,2.1778e-07,5.5794e-07,3.4894e-06,6.2609e-06,7.3600e-06,6.6394e-06
P2,30.00,90.00,60.00,0.00,5.2512e-08,2.9216e-07,9.7066e-07,4.1494e-06,8.6598e-06,8.6478e-06,6.9575e-06,5.2524e-08,2.6544e-07,7.0501e-07,4.1877e-06,7.3481e-06,8.5653e-06,7.8180e-06
P2,60.00,135.00,30.00,0.00,6.9203e-08,2.3927e-07,7.6351e-07,3.4480e-06,7.4420e-06,7.4312e-06,5.9339e-06,6.8991e-08,2.1860e-07,5.5880e-07,3.4904e-06,6.2617e-06,7.3606e-06,6.6398e-06
P2,30.00,0.00,30.00,0.00,6.0191e-08,2.9277e-07,9.7123e-07,4.1501e-06,8.6601e-06,8.6481e-06,6.9577e-06,6.0127e-08,2.6605e-07,7.0560e-07,4.1884e-06,7.3486e-06,8.5657e-06,7.8182e-06
P2,60.00,45.00,0.00,0.00,7.1772e-08,2.3945e-07,7.6369e-07,3.4482e-06,7.4422e-06,7.4313e-06,5.9339e-06,7.1537e-08,2.1878e-07,5.5898e-07,3.4906e-06,6.2618e-06,7.3607e-06,6.6398e-06
P2,60.00,90.00,0.00,0.00,7.1772e-08,2.3945e-07,7.6369e-07,3.4482e-06,7.4422e-06,7.4313e-06,5.9339e-06,7.1537e-08,2.1878e-07,5.5898e-07,3.4906e-06,6.2618e-06,7.3607e-06,6.6398e-06
P2,0.00,0.00,30.00,0.00,5.8013e-08,3.0954e-07,1.0288e-06,4.3010e-06,8.9158e-06,8.9036e-06,7.2309e-06,5.7981e-08,2.8118e-07,7.4818e-07,4.3365e-06,7.5748e-06,8.8178e-06,8.1057e-06
P2,0.00,45.00,60.00,0.00,5.0900e-08,3.0897e-07,1.0282e-06,4.3004e-06,8.9155e-06,8.9032e-06,7.2307e-06,5.0945e-08,2.8062e-07,7.4765e-07,4.3358e-06,7.5743e-06,8.8174e-06,8.1055e-06
P2,0.00,135.00,60.00,0.00,5.0900e-08,3.0897e-07,1.0282e-06,4.3004e-06,8.9155e-06,8.9032e-06,7.2307e-06,5.0945e-08,2.8062e-07,7.4765e-07,4.3358e-06,7.5743e-06,8.8174e-06,8.1055e-06
P2,30.00,45.00,60.00,0.00,5.2609e-08,2.9217e-07,9.7066e-07,4.1494e-06,8.6598e-06,8.6478e-06,6.9575e-06,5.2620e-08,2.6545e-07,7.0502e-07,4.1877e-06,7.3481e-06,8.5653e-06,7.8180e-06
P2,60.00,90.00,30.00,0.00,6.9307e-08,2.3928e-07,7.6352e-07,3.4480e-06,7.4420e-06,7.4312e-06,5.9339e-06,6.9094e-08,2.1861e-07,5.5881e-07,3.4904e-06,6.2617e-06,7.3606e-06,6.6398e-06
P2,30.00,45.00,0.00,0.00,6.2194e-08,2.9291e-07,9.7135e-07,4.1502e-06,8.6602e-06,8.6482e-06,6.9578e-06,6.2105e-08,2.6619e-07,7.0572e-07,4.1885e-06,7.3487e-06,8.5658e-06,7.8182e-06
P2,30.00,45.00,30.00,0.00,6.0178e-08,2.9277e-07,9.7123e-07,4.1501e-06,8.6601e-06,8.6481e-06,6.9577e-06,6.0115e-08,2.6605e-07,7.0560e-07,4.1884e-06,7.3486e-06,8.5657e-06,7.8182e-06
P2,30.00,0.00,60.00,0.00,5.2649e-08,2.9217e-07,9.7067e-07,4.1494e-06,8.6598e-06,8.6478e-06,6.9575e-06,5.2659e-08,2.6546e-07,7.0503e-07,4.1877e-06,7.3481e-06,8.5653e-06,7.8180e-06
P2,30.00,135.00,0.00,0.00,6.2194e-08,2.9291e-07,9.7135e-07,4.1502e-06,8.6602e-06,8.6482e-06,6.9578e-06,6.2105e-08,2.6619e-07,7.0572e-07,4.1885e-06,7.3487e-06,8.5658e-06,7.8182e-06
P2,0.00,45.00,30.00,0.00,5.8013e-08,3.0954e-07,1.0288e-06,4.3010e-06,8.9158e-06,8.9036e-06,7.2309e-06,5.7981e-08,2.8118e-07,7.4818e-07,4.3365e-06,7.5748e-06,8.8178e-06,8.1057e-06
P2,30.00,135.00,30.00,0.00,6.0119e-08,2.9277e-07,9.7122e-07,4.1501e-06,8.6601e-06,8.6481e-06,6.9577e-06,6.0057e-08,2.6605e-07,7.0559e-07,4.1884e-06,7.3486e-06,8.5657e-06,7.8182e-06
P2,0.00,135.00,30.00,0.00,5.8013e-08,3.0954e-07,1.0288e-06,4.3010e-06,8.9158e-06,8.9036e-06,7.2309e-06,5.7981e-08,2.8118e-07,7.4818e-07,4.3365e-06,7.5748e-06,8.8178e-06,8.1057e-06
P2,60.00,45.00,60.00,0.00,6.0089e-08,2.3855e-07,7.6275e-07,3.4471e-06,7.4416e-06,7.4307e-06,5.9336e-06,5.9942e-08,2.1789e-07,5.5805e-07,3.4895e-06,6.2610e-06,7.3601e-06,6.6395e-06
P2,0.00,90.00,0.00,0.00,5.9942e-08,3.0966e-07,1.0289e-06,4.3011e-06,8.9159e-06,8.9036e-06,7.2310e-06,5.9882e-08,2.8131e-07,7.4829e-07,4.3366e-06,7.5749e-06,8.8179e-06,8.1057e-06
P3,60.00,180.00,30.00,0.00,6.8227e-08,2.3331e-07,7.6374e-07,3.4078e-06,7.0794e-06,7.0708e-06,5.8733e-06,6.8247e-08,2.1211e-07,5.7114e-07,3.4373e-06,6.1422e-06,7.0177e-06,6.5076e-06
P3,60.00,90.00,0.00,0.00,7.0332e-08,2.3347e-07,7.6398e-07,3.4081e-06,7.0795e-06,7.0709e-06,5.8734e-06,7.0353e-08,2.1226e-07,5.7135e-07,3.4375e-06,6.1424e-06,7.0178e-06,6.5077e-06
P3,30.00,180.00,30.00,0.00,5.9835e-08,2.9129e-07,9.4599e-07,4.2048e-06,8.5309e-06,8.5206e-06,7.0488e-06,5.9981e-08,2.6495e-07,7.0607e-07,4.2301e-06,7.4131e-06,8.4578e-06,7.8348e-06
P3,60.00,45.00,30.00,0.00,6.8469e-08,2.3333e-07,7.6377e-07,3.4078e-06,7.0794e-06,7.0708e-06,5.8733e-06,6.8489e-08,2.1213e-07,5.7118e-07,3.4373e-06,6.1423e-06,7.0177e-06,6.5076e-06
P3,0.00,135.00,0.00,0.00,5.9276e-08,3.0867e-07,9.9629e-07,4.3758e-06,8.8530e-06,8.8422e-06,7.3685e-06,5.9446e-08,2.8094e-07,7.4445e-07,4.3982e-06,7.6778e-06,8.7743e-06,8.1751e-06
P3,60.00,135.00,0.00,0.00,7.0332e-08,2.3347e-07,7.6398e-07,3.4081e-06,7.0795e-06,7.0709e-06,5.8734e-06,7.0353e-08,2.1226e-07,5.7135e-07,3.4375e-06,6.1424e-06,7.0178e-06,6.5077e-06
P3,60.00,0.00,60.00,0.00,6.0289e-08,2.3276e-07,7.6281e-07,3.4068e-06,7.0788e-06,7.0702e-06,5.8729e-06,6.0308e-08,2.1159e-07,5.7038e-07,3.4362e-06,6.1416e-06,7.0172e-06,6.5072e-06
P3,60.00,45.00,60.00,0.00,6.0139e-08,2.3275e-07,7.6279e-07,3.4067e-06,7.0788e-06,7.0702e-06,5.8729e-06,6.0159e-08,2.1158e-07,5.7036e-07,3.4362e-06,6.1416e-06,7.0172e-06,6.5072e-06
P3,60.00,180.00,0.00,0.00,7.0332e-08,2.3347e-07,7.6398e-07,3.4081e-06,7.0795e-06,7.0709e-06,5.8734e-06,7.0353e-08,2.1226e-07,5.7135e-07,3.4375e-06,6.1424e-06,7.0178e-06,6.5077e-06
P3,60.00,180.00,60.00,0.00,5.9224e-08,2.3267e-07,7.6266e-07,3.4066e-06,7.0788e-06,7.0702e-06,5.8728e-06,5.9243e-08,2.1150e-07,5.7025e-07,3.4361e-06,6.1415e-06,7.0171e-06,6.5071e-06
P3,0.00,90.00,30.00,0.00,5.7786e-08,3.0853e-07,9.9612e-07,4.3756e-06,8.8529e-06,8.8421e-06,7.3684e-06,5.7955e-08,2.8080e-07,7.4429e-07,4.3980e-06,7.6777e-06,8.7742e-06,8.1750e-06
P3,0.00,135.00,60.00,0.00,5.1484e-08,3.0800e-07,9.9538e-07,4.3749e-06,8.8525e-06,8.8417e-06,7.3682e-06,5.1649e-08,2.8029e-07,7.4364e-07,4.3972e-06,7.6773e-06,8.7738e-06,8.1747e-06
P3,0.00,180.00,0.00,0.00,5.9276e-08,3.0867e-07,9.9629e-07,4.3758e-06,8.8530e-06,8.8422e-06,7.3685e-06,5.9446e-08,2.8094e-07,7.4445e-07,4.3982e-06,7.6778e-06,8.7743e-06,8.1751e-06
P3,60.00,0.00,30.00,0.00,6.8510e-08,2.3334e-07,7.6378e-07,3.4078e-06,7.0794e-06,7.0708e-06,5.8733e-06,6.8530e-08,2.1213e-07,5.7118e-07,3.4373e-06,6.1423e-06,7.0177e-06,6.5076e-06
P3,60.00,0.00,0.00,0.00,7.0332e-08,2.3347e-07,7.6398e-07,3.4081e-06,7.0795e-06,7.0709e-06,5.8734e-06,7.0353e-08,2.1226e-07,5.7135e-07,3.4375e-06,6.1424e-06,7.0178e-06,6.5077e-06
P3,30.00,135.00,30.00,0.00,5.9846e-08,2.9130e-07,9.4599e-07,4.2048e-06,8.5309e-06,8.5206e-06,7.0488e-06,5.9993e-08,2.6495e-07,7.0608e-07,4.2301e-06,7.4131e-06,8.4578e-06,7.8348e-06
P3,30.00,45.00,0.00,0.00,6.1476e-08,2.9144e-07,9.4617e-07,4.2050e-06,8.5310e-06,8.5207e-06,7.0488e-06,6.1623e-08,2.6509e-07,7.0624e-07,4.2303e-06,7.4132e-06,8.4579e-06,7.8349e-06
P3,30.00,0.00,30.00,0.00,5.9912e-08,2.9130e-07,9.4600e-07,4.2048e-06,8.5309e-06,8.5206e-06,7.0488e-06,6.0058e-08,2.6496e-07,7.0608e-07,4.2301e-06,7.4131e-06,8.4578e-06,7.8348e-06
P3,0.00,45.00,60.00,0.00,5.1484e-08,3.0800e-07,9.9538e-07,4.3749e-06,8.8525e-06,8.8417e-06,7.3682e-06,5.1649e-08,2.8029e-07,7.4364e-07,4.3972e-06,7.6773e-06,8.7738e-06,8.1747e-06
P3,60.00,135.00,30.00,0.00,6.8268e-08,2.3331e-07,7.6375e-07,3.4078e-06,7.0794e-06,7.0708e-06,5.8733e-06,6.8289e-08,2.1211e-07,5.7115e-07,3.4373e-06,6.1422e-06,7.0177e-06,6.5076e-06
P3,0.00,90.00,60.00,0.00,5.1484e-08,3.0800e-07,9.9538e-07,4.3749e-06,8.8525e-06,8.8417e-06,7.3682e-06,5.1649e-08,2.8029e-07,7.4364e-07,4.3972e-06,7.6773e-06,8.7738e-06,8.1747e-06
P3,30.00,90.00,60.00,0.00,5.3050e-08,2.9074e-07,9.4519e-07,4.2040e-06,8.5305e-06,8.5202e-06,7.0485e-06,5.3192e-08,2.6441e-07,7.0538e-07,4.2292e-06,7.4126e-06,8.4574e-06,7.8345e-06
P3,30.00,135.00,0.00,0.00,6.1476e-08,2.9144e-07,9.4617e-07,4.2050e-06,8.5310e-06,8.5207e-06,7.0488e-06,6.1623e-08,2.6509e-07,7.0624e-07,4.2303e-06,7.4132e-06,8.4579e-06,7.8349e-06
P3,0.00,0.00,0.00,0.00,5.9276e-08,3.0867e-07,9.9629e-07,4.3758e-06,8.8530e-06,8.8422e-06,7.3685e-06,5.9446e-08,2.8094e-07,7.4445e-07,4.3982e-06,7.6778e-06,8.7743e-06,8.1751e-06
P3,60.00,90.00,60.00,0.00,5.9770e-08,2.3272e-07,7.6274e-07,3.4067e-06,7.0788e-06,7.0702e-06,5.8729e-06,5.9789e-08,2.1155e-07,5.7032e-07,3.4361e-06,6.1416e-06,7.0171e-06,6.5071e-06
P3,30.00,135.00,60.00,0.00,5.2953e-08,2.9073e-07,9.4517e-07,4.2040e-06,8.5304e-06,8.5202e-06,7.0485e-06,5.3094e-08,2.6441e-07,7.0536e-07,4.2292e-06,7.4126e-06,8.4574e-06,7.8344e-06
P3,30.00,45.00,60.00,0.00,5.3147e-08,2.9075e-07,9.4520e-07,4.2040e-06,8.5305e-06,8.5202e-06,7.0485e-06,5.3289e-08,2.6442e-07,7.0539e-07,4.2292e-06,7.4126e-06,8.4574e-06,7.8345e-06
P3,30.00,180.00,60.00,0.00,5.2912e-08,2.9072e-07,9.4516e-07,4.2040e-06,8.5304e-06,8.5202e-06,7.0485e-06,5.3054e-08,2.6440e-07,7.0536e-07,4.2292e-06,7.4126e-06,8.4573e-06,7.8344e-06
P3,30.00,90.00,0.00,0.00,6.1476e-08,2.9144e-07,9.4617e-07,4.2050e-06,8.5310e-06,8.5207e-06,7.0488e-06,6.1623e-08,2.6509e-07,7.0624e-07,4.2303e-06,7.4132e-06,8.4579e-06,7.8349e-06
P3,0.00,180.00,60.00,0.00,5.1484e-08,3.0800e-07,9.9538e-07,4.3749e-06,8.8525e-06,8.8417e-06,7.3682e-06,5.1649e-08,2.8029e-07,7.4364e-07,4.3972e-06,7.6773e-06,8.7738e-06,8.1747e-06
P3,0.00,0.00,60.00,0.00,5.1484e-08,3.0800e-07,9.9538e-07,4.3749e-06,8.8525e-06,8.8417e-06,7.3682e-06,5.1649e-08,2.8029e-07,7.4364e-07,4.3972e-06,7.6773e-06,8.7738e-06,8.1747e-06
P3,30.00,0.00,0.00,0.00,6.1476e-08,2.9144e-07,9.4617e-07,4.2050e-06,8.5310e-06,8.5207e-06,7.0488e-06,6.1623e-08,2.6509e-07,7.0624e-07,4.2303e-06,7.4132e-06,8.4579e-06,7.8349e-06
P3,60.00,45.00,0.00,0.00,7.0332e-08,2.3347e-07,7.6398e-07,3.4081e-06,7.0795e-06,7.0709e-06,5.8734e-06,7.0353e-08,2.1226e-07,5.7135e-07,3.4375e-06,6.1424e-06,7.0178e-06,6.5077e-06
P3,60.00,135.00,60.00,0.00,5.9387e-08,2.3269e-07,7.6268e-07,3.4066e-06,7.0788e-06,7.0702e-06,5.8729e-06,5.9406e-08,2.1152e-07,5.7027e-07,3.4361e-06,6.1415e-06,7.0171e-06,6.5071e-06
P3,0.00,180.00,30.00,0.00,5.7786e-08,3.0853e-07,9.9612e-07,4.3756e-06,8.8529e-06,8.8421e-06,7.3684e-06,5.7955e-08,2.8080e-07,7.4429e-07,4.3980e-06,7.6777e-06,8.7742e-06,8.1750e-06
P3,30.00,45.00,30.00,0.00,5.9901e-08,2.9130e-07,9.4599e-07,4.2048e-06,8.5309e-06,8.5206e-06,7.0488e-06,6.0047e-08,2.6496e-07,7.0608e-07,4.2301e-06,7.4131e-06,8.4578e-06,7.8348e-06
P3,0.00,45.00,0.00,0.00,5.9276e-08,3.0867e-07,9.9629e-07,4.3758e-06,8.8530e-06,8.8422e-06,7.3685e-06,5.9446e-08,2.8094e-07,7.4445e-07,4.3982e-06,7.6778e-06,8.7743e-06,8.1751e-06
P3,30.00,0.00,60.00,0.00,5.3187e-08,2.9075e-07,9.4520e-07,4.2040e-06,8.5305e-06,8.5202e-06,7.0485e-06,5.3329e-08,2.6443e-07,7.0539e-07,4.2292e-06,7.4126e-06,8.4574e-06,7.8345e-06
P3,0.00,0.00,30.00,0.00,5.7786e-08,3.0853e-07,9.9612e-07,4.3756e-06,8.8529e-06,8.8421e-06,7.3684e-06,5.7955e-08,2.8080e-07,7.4429e-07,4.3980e-06,7.6777e-06,8.7742e-06,8.1750e-06
P3,0.00,45.00,30.00,0.00,5.7786e-08,3.0853e-07,9.9612e-07,4.3756e-06,8.8529e-06,8.8421e-06,7.3684e-06,5.7955e-08,2.8080e-07,7.4429e-07,4.3980e-06,7.6777e-06,8.7742e-06,8.1750e-06
P3,0.00,90.00,0.00,0.00,5.9276e-08,3.0867e-07,9.9629e-07,4.3758e-06,8.8530e-06,8.8422e-06,7.3685e-06,5.9446e-08,2.8094e-07,7.4445e-07,4.3982e-06,7.6778e-06,8.7743e-06,8.1751e-06
P3,30.00,90.00,30.00,0.00,5.9873e-08,2.9130e-07,9.4599e-07,4.2048e-06,8.5309e-06,8.5206e-06,7.0488e-06,6.0020e-08,2.6495e-07,7.0608e-07,4.2301e-06,7.4131e-06,8.4578e-06,7.8348e-06
P3,30.00,180.00,0.00,0.00,6.1476e-08,2.9144e-07,9.4617e-07,4.2050e-06,8.5310e-06,8.5207e-06,7.0488e-06,6.1623e-08,2.6509e-07,7.0624e-07,4.2303e-06,7.4132e-06,8.4579e-06,7.8349e-06
P3,60.00,90.00,30.00,0.00,6.8369e-08,2.3332e-07,7.6376e-07,3.4078e-06,7.0794e-06,7.0708e-06,5.8733e-06,6.8390e-08,2.1212e-07,5.7116e-07,3.4373e-06,6.1422e-06,7.0177e-06,6.5076e-06
P3,0.00,135.00,30.00,0.00,5.7786e-08,3.0853e-07,9.9612e-07,4.3756e-06,8.8529e-06,8.8421e-06,7.3684e-06,5.7955e-08,2.8080e-07,7.4429e-07,4.3980e-06,7.6777e-06,8.7742e-06,8.1750e-06
P4,0.00,135.00,30.00,0.00,5.8326e-08,3.3629e-07,1.4130e-06,3.9450e-06,8.4763e-06,8.4636e-06,5.3893e-06,5.7935e-08,2.9743e-07,1.0323e-06,3.9873e-06,7.0898e-06,8.3694e-06,6.9913e-06
P4,30.00,45.00,0.00,0.00,6.2518e-08,2.9732e-07,1.3034e-06,3.7468e-06,8.1566e-06,8.1441e-06,5.0529e-06,6.2032e-08,2.6135e-07,9.4028e-07,3.7927e-06,6.8037e-06,8.0543e-06,6.6215e-06
P4,60.00,90.00,60.00,0.00,6.1298e-08,1.8309e-07,8.7811e-07,2.8462e-06,6.6370e-06,6.6260e-06,3.8885e-06,6.0689e-08,1.5903e-07,6.0662e-07,2.8973e-06,5.4496e-06,6.5539e-06,5.1447e-06
P4,0.00,90.00,60.00,0.00,5.1593e-08,3.3549e-07,1.4122e-06,3.9444e-06,8.4759e-06,8.4632e-06,5.3890e-06,5.1291e-08,2.9664e-07,1.0315e-06,3.9866e-06,7.0893e-06,8.3691e-06,6.9911e-06
P4,0.00,180.00,60.00,0.00,5.1593e-08,3.3549e-07,1.4122e-06,3.9444e-06,8.4759e-06,8.4632e-06,5.3890e-06,5.1291e-08,2.9664e-07,1.0315e-06,3.9866e-06,7.0893e-06,8.3691e-06,6.9911e-06
P4,0.00,45.00,0.00,0.00,6.0035e-08,3.3646e-07,1.4131e-06,3.9452e-06,8.4763e-06,8.4636e-06,5.3893e-06,5.9616e-08,2.9760e-07,1.0325e-06,3.9874e-06,7.0899e-06,8.3695e-06,6.9914e-06
P4,60.00,45.00,0.00,0.00,7.3265e-08,1.8457e-07,8.7957e-07,2.8474e-06,6.6377e-06,6.6267e-06,3.8889e-06,7.2511e-08,1.6050e-07,6.0803e-07,2.8985e-06,5.4504e-06,6.5546e-06,5.1452e-06
P4,0.00,135.00,0.00,0.00,6.0035e-08,3.3646e-07,1.4131e-06,3.9452e-06,8.4763e-06,8.4636e-06,5.3893e-06,5.9616e-08,2.9760e-07,1.0325e-06,3.9874e-06,7.0899e-06,8.3695e-06,6.9914e-06
P4,0.00,90.00,30.00,0.00,5.8326e-08,3.3629e-07,1.4130e-06,3.9450e-06,8.4763e-06,8.4636e-06,5.3893e-06,5.7935e-08,2.9743e-07,1.0323e-06,3.9873e-06,7.0898e-06,8.3694e-06,6.9913e-06
P4,60.00,0.00,60.00,0.00,6.1832e-08,1.8318e-07,8.7820e-07,2.8462e-06,6.6370e-06,6.6261e-06,3.8886e-06,6.1218e-08,1.5912e-07,6.0671e-07,2.8973e-06,5.4496e-06,6.5540e-06,5.1448e-06
P4,0.00,180.00,30.00,0.00,5.8326e-08,3.3629e-07,1.4130e-06,3.9450e-06,8.4763e-06,8.4636e-06,5.3893e-06,5.7935e-08,2.9743e-07,1.0323e-06,3.9873e-06,7.0898e-06,8.3694e-06,6.9913e-06
P4,60.00,180.00,60.00,0.00,6.0736e-08,1.8299e-07,8.7802e-07,2.8461e-06,6.6370e-06,6.6260e-06,3.8885e-06,6.0132e-08,1.5894e-07,6.0654e-07,2.8972e-06,5.4495e-06,6.5539e-06,5.1447e-06
P4,30.00,0.00,30.00,0.00,6.0715e-08,2.9714e-07,1.3032e-06,3.7466e-06,8.1565e-06,8.1441e-06,5.0528e-06,6.0257e-08,2.6117e-07,9.4010e-07,3.7925e-06,6.8036e-06,8.0542e-06,6.6214e-06
P4,0.00,0.00,60.00,0.00,5.1593e-08,3.3549e-07,1.4122e-06,3.9444e-06,8.4759e-06,8.4632e-06,5.3890e-06,5.1291e-08,2.9664e-07,1.0315e-06,3.9866e-06,7.0893e-06,8.3691e-06,6.9911e-06
P4,30.00,135.00,0.00,0.00,6.2518e-08,2.9732e-07,1.3034e-06,3.7468e-06,8.1566e-06,8.1441e-06,5.0529e-06,6.2032e-08,2.6135e-07,9.4028e-07,3.7927e-06,6.8037e-06,8.0543e-06,6.6215e-06
P4,30.00,90.00,0.00,0.00,6.2518e-08,2.9732e-07,1.3034e-06,3.7468e-06,8.1566e-06,8.1441e-06,5.0529e-06,6.2032e-08,2.6135e-07,9.4028e-07,3.7927e-06,6.8037e-06,8.0543e-06,6.6215e-06
P4,30.00,45.00,30.00,0.00,6.0704e-08,2.9713e-07,1.3032e-06,3.7466e-06,8.1565e-06,8.1441e-06,5.0528e-06,6.0246e-08,2.6116e-07,9.4009e-07,3.7925e-06,6.8036e-06,8.0542e-06,6.6214e-06
P4,30.00,45.00,60.00,0.00,5.3450e-08,2.9627e-07,1.3024e-06,3.7460e-06,8.1561e-06,8.1437e-06,5.0526e-06,5.3085e-08,2.6030e-07,9.3926e-07,3.7918e-06,6.8031e-06,8.0538e-06,6.6212e-06
P4,30.00,180.00,60.00,0.00,5.3217e-08,2.9623e-07,1.3023e-06,3.7459e-06,8.1561e-06,8.1436e-06,5.0526e-06,5.2854e-08,2.6027e-07,9.3923e-07,3.7918e-06,6.8031e-06,8.0538e-06,6.6211e-06
P4,60.00,45.00,30.00,0.00,7.1020e-08,1.8432e-07,8.7932e-07,2.8472e-06,6.6376e-06,6.6266e-06,3.8888e-06,7.0296e-08,1.6026e-07,6.0779e-07,2.8983e-06,5.4503e-06,6.5545e-06,5.1451e-06
P4,60.00,0.00,0.00,0.00,7.3265e-08,1.8457e-07,8.7957e-07,2.8474e-06,6.6377e-06,6.6267e-06,3.8889e-06,7.2511e-08,1.6050e-07,6.0803e-07,2.8985e-06,5.4504e-06,6.5546e-06,5.1452e-06
P4,60.00,135.00,30.00,0.00,7.0815e-08,1.8429e-07,8.7929e-07,2.8471e-06,6.6376e-06,6.6266e-06,3.8888e-06,7.0093e-08,1.6023e-07,6.0777e-07,2.8983e-06,5.4503e-06,6.5545e-06,5.1451e-06
P4,30.00,90.00,60.00,0.00,5.3354e-08,2.9625e-07,1.3023e-06,3.7459e-06,8.1561e-06,8.1437e-06,5.0526e-06,5.2990e-08,2.6029e-07,9.3925e-07,3.7918e-06,6.8031e-06,8.0538e-06,6.6212e-06
P4,60.00,135.00,0.00,0.00,7.3265e-08,1.8457e-07,8.7957e-07,2.8474e-06,6.6377e-06,6.6267e-06,3.8889e-06,7.2511e-08,1.6050e-07,6.0803e-07,2.8985e-06,5.4504e-06,6.5546e-06,5.1452e-06
P4,60.00,45.00,60.00,0.00,6.1678e-08,1.8315e-07,8.7818e-07,2.8462e-06,6.6370e-06,6.6261e-06,3.8885e-06,6.1066e-08,1.5909e-07,6.0668e-07,2.8973e-06,5.4496e-06,6.5540e-06,5.1448e-06
P4,30.00,135.00,30.00,0.00,6.0650e-08,2.9713e-07,1.3032e-06,3.7466e-06,8.1565e-06,8.1441e-06,5.0528e-06,6.0193e-08,2.6116e-07,9.4009e-07,3.7925e-06,6.8036e-06,8.0542e-06,6.6214e-06
P4,30.00,135.00,60.00,0.00,5.3257e-08,2.9624e-07,1.3023e-06,3.7459e-06,8.1561e-06,8.1437e-06,5.0526e-06,5.2894e-08,2.6028e-07,9.3924e-07,3.7918e-06,6.8031e-06,8.0538e-06,6.6211e-06
P4,60.00,0.00,30.00,0.00,7.1062e-08,1.8433e-07,8.7933e-07,2.8472e-06,6.6376e-06,6.6266e-06,3.8888e-06,7.0337e-08,1.6027e-07,6.0780e-07,2.8983e-06,5.4503e-06,6.5545e-06,5.1451e-06
P4,30.00,180.00,30.00,0.00,6.0638e-08,2.9713e-07,1.3032e-06,3.7466e-06,8.1565e-06,8.1441e-06,5.0528e-06,6.0182e-08,2.6116e-07,9.4009e-07,3.7925e-06,6.8036e-06,8.0542e-06,6.6214e-06
P4,30.00,0.00,0.00,0.00,6.2518e-08,2.9732e-07,1.3034e-06,3.7468e-06,8.1566e-06,8.1441e-06,5.0529e-06,6.2032e-08,2.6135e-07,9.4028e-07,3.7927e-06,6.8037e-06,8.0543e-06,6.6215e-06
P4,30.00,180.00,0.00,0.00,6.2518e-08,2.9732e-07,1.3034e-06,3.7468e-06,8.1566e-06,8.1441e-06,5.0529e-06,6.2032e-08,2.6135e-07,9.4028e-07,3.7927e-06,6.8037e-06,8.0543e-06,6.6215e-06
P4,60.00,135.00,60.00,0.00,6.0904e-08,1.8302e-07,8.7806e-07,2.8461e-06,6.6370e-06,6.6260e-06,3.8885e-06,6.0298e-08,1.5897e-07,6.0657e-07,2.8972e-06,5.4495e-06,6.5539e-06,5.1447e-06
P4,0.00,180.00,0.00,0.00,6.0035e-08,3.3646e-07,1.4131e-06,3.9452e-06,8.4763e-06,8.4636e-06,5.3893e-06,5.9616e-08,2.9760e-07,1.0325e-06,3.9874e-06,7.0899e-06,8.3695e-06,6.9914e-06
P4,30.00,90.00,30.00,0.00,6.0677e-08,2.9713e-07,1.3032e-06,3.7466e-06,8.1565e-06,8.1441e-06,5.0528e-06,6.0219e-08,2.6116e-07,9.4009e-07,3.7925e-06,6.8036e-06,8.0542e-06,6.6214e-06
P4,30.00,0.00,60.00,0.00,5.3490e-08,2.9627e-07,1.3024e-06,3.7460e-06,8.1561e-06,8.1437e-06,5.0526e-06,5.3124e-08,2.6031e-07,9.3927e-07,3.7918e-06,6.8031e-06,8.0538e-06,6.6212e-06
P4,60.00,90.00,30.00,0.00,7.0918e-08,1.8431e-07,8.7931e-07,2.8471e-06,6.6376e-06,6.6266e-06,3.8888e-06,7.0195e-08,1.6024e-07,6.0778e-07,2.8983e-06,5.4503e-06,6.5545e-06,5.1451e-06
P4,0.00,0.00,30.00,0.00,5.8326e-08,3.3629e-07,1.4130e-06,3.9450e-06,8.4763e-06,8.4636e-06,5.3893e-06,5.7935e-08,2.9743e-07,1.0323e-06,3.9873e-06,7.0898e-06,8.3694e-06,6.9913e-06
P4,0.00,90.00,0.00,0.00,6.0035e-08,3.3646e-07,1.4131e-06,3.9452e-06,8.4763e-06,8.4636e-06,5.3893e-06,5.9616e-08,2.9760e-07,1.0325e-06,3.9874e-06,7.0899e-06,8.3695e-06,6.9914e-06
P4,0.00,45.00,30.00,0.00,5.8326e-08,3.3629e-07,1.4130e-06,3.9450e-06,8.4763e-06,8.4636e-06,5.3893e-06,5.7935e-08,2.9743e-07,1.0323e-06,3.9873e-06,7.0898e-06,8.3694e-06,6.9913e-06
P4,60.00,180.00,0.00,0.00,7.3265e-08,1.8457e-07,8.7957e-07,2.8474e-06,6.6377e-06,6.6267e-06,3.8889e-06,7.2511e-08,1.6050e-07,6.0803e-07,2.8985e-06,5.4504e-06,6.5546e-06,5.1452e-06
P4,0.00,45.00,60.00,0.00,5.1593e-08,3.3549e-07,1.4122e-06,3.9444e-06,8.4759e-06,8.4632e-06,5.3890e-06,5.1291e-08,2.9664e-07,1.0315e-06,3.9866e-06,7.0893e-06,8.3691e-06,6.9911e-06
P4,60.00,90.00,0.00,0.00,7.3265e-08,1.8457e-07,8.7957e-07,2.8474e-06,6.6377e-06,6.6267e-06,3.8889e-06,7.2511e-08,1.6050e-07,6.0803e-07,2.8985e-06,5.4504e-06,6.5546e-06,5.1452e-06
P4,60.00,180.00,30.00,0.00,7.0772e-08,1.8429e-07,8.7929e-07,2.8471e-06,6.6376e-06,6.6266e-06,3.8888e-06,7.0051e-08,1.6022e-07,6.0776e-07,2.8982e-06,5.4503e-06,6.5545e-06,5.1451e-06
P4,0.00,135.00,60.00,0.00,5.1593e-08,3.3549e-07,1.4122e-06,3.9444e-06,8.4759e-06,8.4632e-06,5.3890e-06,5.1291e-08,2.9664e-07,1.0315e-06,3.9866e-06,7.0893e-06,8.3691e-06,6.9911e-06
P4,0.00,0.00,0.00,0.00,6.0035e-08,3.3646e-07,1.4131e-06,3.9452e-06,8.4763e-06,8.4636e-06,5.3893e-06,5.9616e-08,2.9760e-07,1.0325e-06,3.9874e-06,7.0899e-06,8.3695e-06,6.9914e-06
P5,60.00,135.00,0.00,0.00,7.2854e-08,1.5443e-07,5.9763e-07,2.9186e-06,6.8142e-06,6.8032e-06,4.1364e-06,7.2174e-08,1.3828e-07,3.9999e-07,2.9820e-06,5.6220e-06,6.7357e-06,5.2837e-06
P5,30.00,180.00,30.00,0.00,6.0413e-08,2.0180e-07,8.8613e-07,3.7855e-06,8.2662e-06,8.2538e-06,5.2349e-06,6.0012e-08,1.7734e-07,5.7741e-07,3.8431e-06,6.9159e-06,8.1693e-06,6.6756e-06
P5,30.00,180.00,0.00,0.00,6.2294e-08,2.0197e-07,8.8629e-07,3.7857e-06,8.2663e-06,8.2539e-06,5.2349e-06,6.1864e-08,1.7751e-07,5.7757e-07,3.8433e-06,6.9160e-06,8.1694e-06,6.6756e-06
P5,30.00,135.00,0.00,0.00,6.2294e-08,2.0197e-07,8.8629e-07,3.7857e-06,8.2663e-06,8.2539e-06,5.2349e-06,6.1864e-08,1.7751e-07,5.7757e-07,3.8433e-06,6.9160e-06,8.1694e-06,6.6756e-06
P5,60.00,90.00,60.00,0.00,6.0913e-08,1.5303e-07,5.9642e-07,2.9174e-06,6.8135e-06,6.8025e-06,4.1360e-06,6.0372e-08,1.3688e-07,3.9881e-07,2.9808e-06,5.6211e-06,6.7350e-06,5.2832e-06
P5,0.00,135.00,60.00,0.00,5.1391e-08,2.1782e-07,9.7215e-07,3.9767e-06,8.5721e-06,8.5594e-06,5.5505e-06,5.1139e-08,1.9080e-07,6.3571e-07,4.0304e-06,7.1889e-06,8.4705e-06,7.0270e-06
P5,60.00,0.00,60.00,0.00,6.1446e-08,1.5312e-07,5.9650e-07,2.9175e-06,6.8135e-06,6.8025e-06,4.1360e-06,6.0901e-08,1.3696e-07,3.9888e-07,2.9809e-06,5.6211e-06,6.7350e-06,5.2833e-06
P5,60.00,90.00,30.00,0.00,7.0512e-08,1.5419e-07,5.9742e-07,2.9184e-06,6.8140e-06,6.8030e-06,4.1363e-06,6.9862e-08,1.3804e-07,3.9979e-07,2.9818e-06,5.6218e-06,6.7356e-06,5.2836e-06
P5,0.00,180.00,30.00,0.00,5.8134e-08,2.1856e-07,9.7280e-07,3.9773e-06,8.5725e-06,8.5598e-06,5.5507e-06,5.7793e-08,1.9154e-07,6.3634e-07,4.0310e-06,7.1894e-06,8.4709e-06,7.0272e-06
P5,30.00,45.00,30.00,0.00,6.0479e-08,2.0180e-07,8.8614e-07,3.7855e-06,8.2662e-06,8.2538e-06,5.2349e-06,6.0077e-08,1.7734e-07,5.7742e-07,3.8431e-06,6.9159e-06,8.1693e-06,6.6756e-06
P5,0.00,90.00,0.00,0.00,5.9844e-08,2.1871e-07,9.7295e-07,3.9774e-06,8.5726e-06,8.5599e-06,5.5507e-06,5.9476e-08,1.9169e-07,6.3648e-07,4.0312e-06,7.1895e-06,8.4710e-06,7.0273e-06
P5,30.00,180.00,60.00,0.00,5.2985e-08,2.0096e-07,8.8540e-07,3.7848e-06,8.2658e-06,8.2534e-06,5.2346e-06,5.2676e-08,1.7651e-07,5.7671e-07,3.8424e-06,6.9153e-06,8.1689e-06,6.6753e-06
P5,0.00,45.00,60.00,0.00,5.1391e-08,2.1782e-07,9.7215e-07,3.9767e-06,8.5721e-06,8.5594e-06,5.5505e-06,5.1139e-08,1.9080e-07,6.3571e-07,4.0304e-06,7.1889e-06,8.4705e-06,7.0270e-06
P5,60.00,90.00,0.00,0.00,7.2854e-08,1.5443e-07,5.9763e-07,2.9186e-06,6.8142e-06,6.8032e-06,4.1364e-06,7.2174e-08,1.3828e-07,3.9999e-07,2.9820e-06,5.6220e-06,6.7357e-06,5.2837e-06
P5,0.00,45.00,30.00,0.00,5.8134e-08,2.1856e-07,9.7280e-07,3.9773e-06,8.5725e-06,8.5598e-06,5.5507e-06,5.7793e-08,1.9154e-07,6.3634e-07,4.0310e-06,7.1894e-06,8.4709e-06,7.0272e-06
P5,30.00,45.00,0.00,0.00,6.2294e-08,2.0197e-07,8.8629e-07,3.7857e-06,8.2663e-06,8.2539e-06,5.2349e-06,6.1864e-08,1.7751e-07,5.7757e-07,3.8433e-06,6.9160e-06,8.1694e-06,6.6756e-06
P5,30.00,45.00,60.00,0.00,5.3219e-08,2.0100e-07,8.8543e-07,3.7849e-06,8.2658e-06,8.2534e-06,5.2346e-06,5.2907e-08,1.7654e-07,5.7674e-07,3.8424e-06,6.9154e-06,8.1689e-06,6.6753e-06
P5,60.00,45.00,60.00,0.00,6.1293e-08,1.5310e-07,5.9648e-07,2.9175e-06,6.8135e-06,6.8025e-06,4.1360e-06,6.0748e-08,1.3694e-07,3.9886e-07,2.9809e-06,5.6211e-06,6.7350e-06,5.2833e-06
P5,60.00,135.00,60.00,0.00,6.0519e-08,1.5297e-07,5.9637e-07,2.9174e-06,6.8134e-06,6.8024e-06,4.1360e-06,5.9981e-08,1.3681e-07,3.9876e-07,2.9808e-06,5.6211e-06,6.7350e-06,5.2832e-06
P5,30.00,0.00,0.00,0.00,6.2294e-08,2.0197e-07,8.8629e-07,3.7857e-06,8.2663e-06,8.2539e-06,5.2349e-06,6.1864e-08,1.7751e-07,5.7757e-07,3.8433e-06,6.9160e-06,8.1694e-06,6.6756e-06
P5,60.00,180.00,0.00,0.00,7.2854e-08,1.5443e-07,5.9763e-07,2.9186e-06,6.8142e-06,6.8032e-06,4.1364e-06,7.2174e-08,1.3828e-07,3.9999e-07,2.9820e-06,5.6220e-06,6.7357e-06,5.2837e-06
P5,60.00,135.00,30.00,0.00,7.0409e-08,1.5418e-07,5.9741e-07,2.9184e-06,6.8140e-06,6.8030e-06,4.1363e-06,6.9761e-08,1.3802e-07,3.9978e-07,2.9818e-06,5.6218e-06,6.7356e-06,5.2836e-06
P5,30.00,135.00,60.00,0.00,5.3026e-08,2.0097e-07,8.8541e-07,3.7848e-06,8.2658e-06,8.2534e-06,5.2346e-06,5.2716e-08,1.7651e-07,5.7672e-07,3.8424e-06,6.9153e-06,8.1689e-06,6.6753e-06
P5,60.00,180.00,30.00,0.00,7.0366e-08,1.5417e-07,5.9740e-07,2.9184e-06,6.8140e-06,6.8030e-06,4.1363e-06,6.9718e-08,1.3802e-07,3.9977e-07,2.9818e-06,5.6218e-06,6.7356e-06,5.2836e-06
P5,0.00,0.00,0.00,0.00,5.9844e-08,2.1871e-07,9.7295e-07,3.9774e-06,8.5726e-06,8.5599e-06,5.5507e-06,5.9476e-08,1.9169e-07,6.3648e-07,4.0312e-06,7.1895e-06,8.4710e-06,7.0273e-06
P5,30.00,0.00,30.00,0.00,6.0491e-08,2.0181e-07,8.8614e-07,3.7855e-06,8.2662e-06,8.2538e-06,5.2349e-06,6.0088e-08,1.7735e-07,5.7742e-07,3.8431e-06,6.9159e-06,8.1693e-06,6.6756e-06
P5,0.00,90.00,60.00,0.00,5.1391e-08,2.1782e-07,9.7215e-07,3.9767e-06,8.5721e-06,8.5594e-06,5.5505e-06,5.1139e-08,1.9080e-07,6.3571e-07,4.0304e-06,7.1889e-06,8.4705e-06,7.0270e-06
P5,0.00,180.00,60.00,0.00,5.1391e-08,2.1782e-07,9.7215e-07,3.9767e-06,8.5721e-06,8.5594e-06,5.5505e-06,5.1139e-08,1.9080e-07,6.3571e-07,4.0304e-06,7.1889e-06,8.4705e-06,7.0270e-06
P5,60.00,180.00,60.00,0.00,6.0351e-08,1.5294e-07,5.9635e-07,2.9174e-06,6.8134e-06,6.8024e-06,4.1360e-06,5.9814e-08,1.3679e-07,3.9873e-07,2.9807e-06,5.6210e-06,6.7350e-06,5.2832e-06
P5,60.00,0.00,0.00,0.00,7.2854e-08,1.5443e-07,5.9763e-07,2.9186e-06,6.8142e-06,6.8032e-06,4.1364e-06,7.2174e-08,1.3828e-07,3.9999e-07,2.9820e-06,5.6220e-06,6.7357e-06,5.2837e-06
P5,0.00,90.00,30.00,0.00,5.8134e-08,2.1856e-07,9.7280e-07,3.9773e-06,8.5725e-06,8.5598e-06,5.5507e-06,5.7793e-08,1.9154e-07,6.3634e-07,4.0310e-06,7.1894e-06,8.4709e-06,7.0272e-06
P5,30.00,0.00,60.00,0.00,5.3259e-08,2.0100e-07,8.8544e-07,3.7849e-06,8.2658e-06,8.2534e-06,5.2346e-06,5.2946e-08,1.7655e-07,5.7674e-07,3.8424e-06,6.9154e-06,8.1689e-06,6.6753e-06
P5,0.00,180.00,0.00,0.00,5.9844e-08,2.1871e-07,9.7295e-07,3.9774e-06,8.5726e-06,8.5599e-06,5.5507e-06,5.9476e-08,1.9169e-07,6.3648e-07,4.0312e-06,7.1895e-06,8.4710e-06,7.0273e-06
P5,30.00,135.00,30.00,0.00,6.0424e-08,2.0180e-07,8.8613e-07,3.7855e-06,8.2662e-06,8.2538e-06,5.2349e-06,6.0023e-08,1.7734e-07,5.7742e-07,3.8431e-06,6.9159e-06,8.1693e-06,6.6756e-06
P5,30.00,90.00,60.00,0.00,5.3123e-08,2.0098e-07,8.8542e-07,3.7848e-06,8.2658e-06,8.2534e-06,5.2346e-06,5.2812e-08,1.7653e-07,5.7673e-07,3.8424e-06,6.9154e-06,8.1689e-06,6.6753e-06
P5,0.00,135.00,30.00,0.00,5.8134e-08,2.1856e-07,9.7280e-07,3.9773e-06,8.5725e-06,8.5598e-06,5.5507e-06,5.7793e-08,1.9154e-07,6.3634e-07,4.0310e-06,7.1894e-06,8.4709e-06,7.0272e-06
P5,0.00,135.00,0.00,0.00,5.9844e-08,2.1871e-07,9.7295e-07,3.9774e-06,8.5726e-06,8.5599e-06,5.5507e-06,5.9476e-08,1.9169e-07,6.3648e-07,4.0312e-06,7.1895e-06,8.4710e-06,7.0273e-06
P5,30.00,90.00,30.00,0.00,6.0452e-08,2.0180e-07,8.8613e-07,3.7855e-06,8.2662e-06,8.2538e-06,5.2349e-06,6.0050e-08,1.7734e-07,5.7742e-07,3.8431e-06,6.9159e-06,8.1693e-06,6.6756e-06
P5,0.00,0.00,60.00,0.00,5.1391e-08,2.1782e-07,9.7215e-07,3.9767e-06,8.5721e-06,8.5594e-06,5.5505e-06,5.1139e-08,1.9080e-07,6.3571e-07,4.0304e-06,7.1889e-06,8.4705e-06,7.0270e-06
P5,0.00,0.00,30.00,0.00,5.8134e-08,2.1856e-07,9.7280e-07,3.9773e-06,8.5725e-06,8.5598e-06,5.5507e-06,5.7793e-08,1.9154e-07,6.3634e-07,4.0310e-06,7.1894e-06,8.4709e-06,7.0272e-06
P5,30.00,90.00,0.00,0.00,6.2294e-08,2.0197e-07,8.8629e-07,3.7857e-06,8.2663e-06,8.2539e-06,5.2349e-06,6.1864e-08,1.7751e-07,5.7757e-07,3.8433e-06,6.9160e-06,8.1694e-06,6.6756e-06
P5,60.00,45.00,30.00,0.00,7.0615e-08,1.5421e-07,5.9743e-07,2.9184e-06,6.8140e-06,6.8030e-06,4.1363e-06,6.9964e-08,1.3805e-07,3.9980e-07,2.9818e-06,5.6218e-06,6.7356e-06,5.2836e-06
P5,0.00,45.00,0.00,0.00,5.9844e-08,2.1871e-07,9.7295e-07,3.9774e-06,8.5726e-06,8.5599e-06,5.5507e-06,5.9476e-08,1.9169e-07,6.3648e-07,4.0312e-06,7.1895e-06,8.4710e-06,7.0273e-06
P5,60.00,0.00,30.00,0.00,7.0657e-08,1.5421e-07,5.9744e-07,2.9184e-06,6.8140e-06,6.8031e-06,4.1363e-06,7.0005e-08,1.3806e-07,3.9981e-07,2.9818e-06,5.6218e-06,6.7356e-06,5.2836e-06
P5,60.00,45.00,0.00,0.00,7.2854e-08,1.5443e-07,5.9763e-07,2.9186e-06,6.8142e-06,6.8032e-06,4.1364e-06,7.2174e-08,1.3828e-07,3.9999e-07,2.9820e-06,5.6220e-06,6.7357e-06,5.2837e-06
P6,30.00,0.00,30.00,0.00,6.1915e-08,3.4158e-07,1.1466e-06,4.2714e-06,8.7988e-06,8.7871e-06,7.2532e-06,6.1966e-08,3.0979e-07,8.4453e-07,4.2927e-06,7.5178e-06,8.7067e-06,8.0823e-06
P6,30.00,90.00,60.00,0.00,5.4227e-08,3.4095e-07,1.1457e-06,4.2705e-06,8.7983e-06,8.7866e-06,7.2529e-06,5.4284e-08,3.0918e-07,8.4377e-07,4.2918e-06,7.5173e-06,8.7063e-06,8.0819e-06
P6,30.00,90.00,30.00,0.00,6.1873e-08,3.4157e-07,1.1466e-06,4.2714e-06,8.7988e-06,8.7871e-06,7.2532e-06,6.1924e-08,3.0979e-07,8.4453e-07,4.2927e-06,7.5178e-06,8.7067e-06,8.0823e-06
P6,0.00,0.00,60.00,0.00,5.2591e-08,3.6511e-07,1.2172e-06,4.4371e-06,9.1018e-06,9.0896e-06,7.5736e-06,5.2676e-08,3.3138e-07,8.9981e-07,4.4553e-06,7.7677e-06,9.0039e-06,8.4179e-06
P6,30.00,45.00,60.00,0.00,5.4332e-08,3.4096e-07,1.1457e-06,4.2705e-06,8.7984e-06,8.7866e-06,7.2529e-06,5.4390e-08,3.0919e-07,8.4378e-07,4.2918e-06,7.5173e-06,8.7063e-06,8.0819e-06
P6,0.00,0.00,0.00,0.00,6.1357e-08,3.6585e-07,1.2182e-06,4.4381e-06,9.1023e-06,9.0900e-06,7.5739e-06,6.1435e-08,3.3210e-07,9.0069e-07,4.4564e-06,7.7683e-06,9.0044e-06,8.4183e-06
P6,0.00,135.00,0.00,0.00,6.1357e-08,3.6585e-07,1.2182e-06,4.4381e-06,9.1023e-06,9.0900e-06,7.5739e-06,6.1435e-08,3.3210e-07,9.0069e-07,4.4564e-06,7.7683e-06,9.0044e-06,8.4183e-06
P6,60.00,45.00,60.00,0.00,6.1467e-08,2.6388e-07,8.8722e-07,3.4856e-06,7.3761e-06,7.3662e-06,6.0591e-06,6.1396e-08,2.3946e-07,6.5131e-07,3.5122e-06,6.2915e-06,7.3000e-06,6.7381e-06
P6,0.00,135.00,30.00,0.00,5.9672e-08,3.6571e-07,1.2180e-06,4.4379e-06,9.1022e-06,9.0900e-06,7.5739e-06,5.9751e-08,3.3195e-07,9.0052e-07,4.4562e-06,7.7682e-06,9.0043e-06,8.4182e-06
P6,30.00,0.00,0.00,0.00,6.3681e-08,3.4173e-07,1.1468e-06,4.2716e-06,8.7989e-06,8.7871e-06,7.2532e-06,6.3730e-08,3.0994e-07,8.4470e-07,4.2929e-06,7.5180e-06,8.7068e-06,8.0824e-06
P6,60.00,180.00,60.00,0.00,6.0487e-08,2.6380e-07,8.8709e-07,3.4855e-06,7.3760e-06,7.3661e-06,6.0590e-06,6.0417e-08,2.3938e-07,6.5118e-07,3.5121e-06,6.2914e-06,7.2999e-06,6.7381e-06
P6,60.00,90.00,30.00,0.00,7.0554e-08,2.6453e-07,8.8827e-07,3.4868e-06,7.3767e-06,7.3668e-06,6.0595e-06,7.0471e-08,2.4008e-07,6.5218e-07,3.5134e-06,6.2922e-06,7.3006e-06,6.7386e-06
P6,30.00,45.00,0.00,0.00,6.3681e-08,3.4173e-07,1.1468e-06,4.2716e-06,8.7989e-06,8.7871e-06,7.2532e-06,6.3730e-08,3.0994e-07,8.4470e-07,4.2929e-06,7.5180e-06,8.7068e-06,8.0824e-06
P6,30.00,90.00,0.00,0.00,6.3681e-08,3.4173e-07,1.1468e-06,4.2716e-06,8.7989e-06,8.7871e-06,7.2532e-06,6.3730e-08,3.0994e-07,8.4470e-07,4.2929e-06,7.5180e-06,8.7068e-06,8.0824e-06
P6,60.00,0.00,0.00,0.00,7.2736e-08,2.6469e-07,8.8852e-07,3.4871e-06,7.3768e-06,7.3669e-06,6.0596e-06,7.2651e-08,2.4023e-07,6.5238e-07,3.5137e-06,6.2924e-06,7.3007e-06,6.7387e-06
P6,0.00,180.00,0.00,0.00,6.1357e-08,3.6585e-07,1.2182e-06,4.4381e-06,9.1023e-06,9.0900e-06,7.5739e-06,6.1435e-08,3.3210e-07,9.0069e-07,4.4564e-06,7.7683e-06,9.0044e-06,8.4183e-06
P6,0.00,45.00,30.00,0.00,5.9672e-08,3.6571e-07,1.2180e-06,4.4379e-06,9.1022e-06,9.0900e-06,7.5739e-06,5.9751e-08,3.3195e-07,9.0052e-07,4.4562e-06,7.7682e-06,9.0043e-06,8.4182e-06
P6,30.00,0.00,60.00,0.00,5.4376e-08,3.4096e-07,1.1458e-06,4.2705e-06,8.7984e-06,8.7866e-06,7.2529e-06,5.4433e-08,3.0920e-07,8.4378e-07,4.2918e-06,7.5173e-06,8.7063e-06,8.0819e-06
P6,60.00,45.00,30.00,0.00,7.0663e-08,2.6454e-07,8.8829e-07,3.4868e-06,7.3767e-06,7.3668e-06,6.0595e-06,7.0579e-08,2.4009e-07,6.5219e-07,3.5134e-06,6.2922e-06,7.3006e-06,6.7386e-06
P6,0.00,90.00,60.00,0.00,5.2591e-08,3.6511e-07,1.2172e-06,4.4371e-06,9.1018e-06,9.0896e-06,7.5736e-06,5.2676e-08,3.3138e-07,8.9981e-07,4.4553e-06,7.7677e-06,9.0039e-06,8.4179e-06
P6,0.00,180.00,60.00,0.00,5.2591e-08,3.6511e-07,1.2172e-06,4.4371e-06,9.1018e-06,9.0896e-06,7.5736e-06,5.2676e-08,3.3138e-07,8.9981e-07,4.4553e-06,7.7677e-06,9.0039e-06,8.4179e-06
P6,0.00,90.00,0.00,0.00,6.1357e-08,3.6585e-07,1.2182e-06,4.4381e-06,9.1023e-06,9.0900e-06,7.5739e-06,6.1435e-08,3.3210e-07,9.0069e-07,4.4564e-06,7.7683e-06,9.0044e-06,8.4183e-06
P6,0.00,135.00,60.00,0.00,5.2591e-08,3.6511e-07,1.2172e-06,4.4371e-06,9.1018e-06,9.0896e-06,7.5736e-06,5.2676e-08,3.3138e-07,8.9981e-07,4.4553e-06,7.7677e-06,9.0039e-06,8.4179e-06
P6,60.00,135.00,30.00,0.00,7.0445e-08,2.6452e-07,8.8826e-07,3.4868e-06,7.3767e-06,7.3667e-06,6.0595e-06,7.0362e-08,2.4007e-07,6.5216e-07,3.5134e-06,6.2922e-06,7.3006e-06,6.7386e-06
P6,0.00,45.00,0.00,0.00,6.1357e-08,3.6585e-07,1.2182e-06,4.4381e-06,9.1023e-06,9.0900e-06,7.5739e-06,6.1435e-08,3.3210e-07,9.0069e-07,4.4564e-06,7.7683e-06,9.0044e-06,8.4183e-06
P6,0.00,90.00,30.00,0.00,5.9672e-08,3.6571e-07,1.2180e-06,4.4379e-06,9.1022e-06,9.0900e-06,7.5739e-06,5.9751e-08,3.3195e-07,9.0052e-07,4.4562e-06,7.7682e-06,9.0043e-06,8.4182e-06
P6,60.00,90.00,60.00,0.00,6.1071e-08,2.6385e-07,8.8717e-07,3.4856e-06,7.3761e-06,7.3661e-06,6.0591e-06,6.1000e-08,2.3943e-07,6.5126e-07,3.5122e-06,6.2915e-06,7.2999e-06,6.7381e-06
P6,60.00,0.00,60.00,0.00,6.1627e-08,2.6390e-07,8.8725e-07,3.4857e-06,7.3761e-06,7.3662e-06,6.0591e-06,6.1556e-08,2.3948e-07,6.5133e-07,3.5122e-06,6.2915e-06,7.3000e-06,6.7382e-06
P6,60.00,135.00,60.00,0.00,6.0661e-08,2.6381e-07,8.8711e-07,3.4855e-06,7.3760e-06,7.3661e-06,6.0590e-06,6.0591e-08,2.3939e-07,6.5120e-07,3.5121e-06,6.2914e-06,7.2999e-06,6.7381e-06
P6,60.00,90.00,0.00,0.00,7.2736e-08,2.6469e-07,8.8852e-07,3.4871e-06,7.3768e-06,7.3669e-06,6.0596e-06,7.2651e-08,2.4023e-07,6.5238e-07,3.5137e-06,6.2924e-06,7.3007e-06,6.7387e-06
P6,60.00,180.00,30.00,0.00,7.0400e-08,2.6452e-07,8.8825e-07,3.4868e-06,7.3767e-06,7.3667e-06,6.0595e-06,7.0317e-08,2.4006e-07,6.5216e-07,3.5134e-06,6.2922e-06,7.3006e-06,6.7386e-06
P6,30.00,45.00,30.00,0.00,6.1903e-08,3.4158e-07,1.1466e-06,4.2714e-06,8.7988e-06,8.7871e-06,7.2532e-06,6.1954e-08,3.0979e-07,8.4453e-07,4.2927e-06,7.5178e-06,8.7067e-06,8.0823e-06
P6,0.00,180.00,30.00,0.00,5.9672e-08,3.6571e-07,1.2180e-06,4.4379e-06,9.1022e-06,9.0900e-06,7.5739e-06,5.9751e-08,3.3195e-07,9.0052e-07,4.4562e-06,7.7682e-06,9.0043e-06,8.4182e-06
P6,0.00,0.00,30.00,0.00,5.9672e-08,3.6571e-07,1.2180e-06,4.4379e-06,9.1022e-06,9.0900e-06,7.5739e-06,5.9751e-08,3.3195e-07,9.0052e-07,4.4562e-06,7.7682e-06,9.0043e-06,8.4182e-06
P6,30.00,180.00,0.00,0.00,6.3681e-08,3.4173e-07,1.1468e-06,4.2716e-06,8.7989e-06,8.7871e-06,7.2532e-06,6.3730e-08,3.0994e-07,8.4470e-07,4.2929e-06,7.5180e-06,8.7068e-06,8.0824e-06
P6,60.00,0.00,30.00,0.00,7.0707e-08,2.6455e-07,8.8830e-07,3.4868e-06,7.3767e-06,7.3668e-06,6.0595e-06,7.0624e-08,2.4009e-07,6.5220e-07,3.5134e-06,6.2922e-06,7.3006e-06,6.7386e-06
P6,60.00,180.00,0.00,0.00,7.2736e-08,2.6469e-07,8.8852e-07,3.4871e-06,7.3768e-06,7.3669e-06,6.0596e-06,7.2651e-08,2.4023e-07,6.5238e-07,3.5137e-06,6.2924e-06,7.3007e-06,6.7387e-06
P6,0.00,45.00,60.00,0.00,5.2591e-08,3.6511e-07,1.2172e-06,4.4371e-06,9.1018e-06,9.0896e-06,7.5736e-06,5.2676e-08,3.3138e-07,8.9981e-07,4.4553e-06,7.7677e-06,9.0039e-06,8.4179e-06
P6,30.00,135.00,60.00,0.00,5.4121e-08,3.4094e-07,1.1457e-06,4.2705e-06,8.7983e-06,8.7866e-06,7.2528e-06,5.4178e-08,3.0917e-07,8.4375e-07,4.2918e-06,7.5173e-06,8.7063e-06,8.0819e-06
P6,30.00,135.00,0.00,0.00,6.3681e-08,3.4173e-07,1.1468e-06,4.2716e-06,8.7989e-06,8.7871e-06,7.2532e-06,6.3730e-08,3.0994e-07,8.4470e-07,4.2929e-06,7.5180e-06,8.7068e-06,8.0824e-06
P6,60.00,135.00,0.00,0.00,7.2736e-08,2.6469e-07,8.8852e-07,3.4871e-06,7.3768e-06,7.3669e-06,6.0596e-06,7.2651e-08,2.4023e-07,6.5238e-07,3.5137e-06,6.2924e-06,7.3007e-06,6.7387e-06
P6,30.00,135.00,30.00,0.00,6.1843e-08,3.4157e-07,1.1466e-06,4.2714e-06,8.7988e-06,8.7871e-06,7.2532e-06,6.1894e-08,3.0978e-07,8.4452e-07,4.2927e-06,7.5178e-06,8.7067e-06,8.0823e-06
P6,30.00,180.00,30.00,0.00,6.1831e-08,3.4157e-07,1.1466e-06,4.2714e-06,8.7988e-06,8.7871e-06,7.2532e-06,6.1882e-08,3.0978e-07,8.4452e-07,4.2927e-06,7.5178e-06,8.7067e-06,8.0823e-06
P6,60.00,45.00,0.00,0.00,7.2736e-08,2.6469e-07,8.8852e-07,3.4871e-06,7.3768e-06,7.3669e-06,6.0596e-06,7.2651e-08,2.4023e-07,6.5238e-07,3.5137e-06,6.2924e-06,7.3007e-06,6.7387e-06
P6,30.00,180.00,60.00,0.00,5.4076e-08,3.4093e-07,1.1457e-06,4.2705e-06,8.7983e-06,8.7866e-06,7.2528e-06,5.4134e-08,3.0917e-07,8.4375e-07,4.2918e-06,7.5173e-06,8.7063e-06,8.0819e-06
P7,60.00,90.00,30.00,0.00,6.9626e-08,2.6109e-07,6.6898e-07,2.8247e-06,6.3376e-06,6.3288e-06,5.4588e-06,6.9428e-08,2.4422e-07,5.3556e-07,2.8502e-06,5.3925e-06,6.2799e-06,5.8554e-06
P7,30.00,0.00,30.00,0.00,6.0565e-08,3.0274e-07,8.0313e-07,3.6098e-06,7.7429e-06,7.7329e-06,6.3052e-06,6.0517e-08,2.8200e-07,6.3504e-07,3.6419e-06,6.6541e-06,7.6766e-06,6.9693e-06
P7,0.00,135.00,0.00,0.00,6.0354e-08,3.1492e-07,8.3905e-07,3.7939e-06,8.0643e-06,8.0539e-06,6.5514e-06,6.0321e-08,2.9317e-07,6.6190e-07,3.8256e-06,6.9363e-06,7.9943e-06,7.2647e-06
P7,60.00,135.00,30.00,0.00,6.9509e-08,2.6107e-07,6.6896e-07,2.8247e-06,6.3376e-06,6.3288e-06,5.4588e-06,6.9312e-08,2.4420e-07,5.3555e-07,2.8502e-06,5.3925e-06,6.2799e-06,5.8554e-06
P7,60.00,0.00,30.00,0.00,6.9789e-08,2.6111e-07,6.6900e-07,2.8247e-06,6.3376e-06,6.3288e-06,5.4588e-06,6.9590e-08,2.4424e-07,5.3558e-07,2.8502e-06,5.3925e-06,6.2799e-06,5.8554e-06
P7,30.00,180.00,0.00,0.00,6.2697e-08,3.0295e-07,8.0331e-07,3.6100e-06,7.7430e-06,7.7330e-06,6.3052e-06,6.2631e-08,2.8221e-07,6.3522e-07,3.6422e-06,6.6542e-06,7.6767e-06,6.9693e-06
P7,30.00,0.00,60.00,0.00,5.1977e-08,3.0181e-07,8.0228e-07,3.6088e-06,7.7425e-06,7.7324e-06,6.3049e-06,5.1988e-08,2.8107e-07,6.3418e-07,3.6410e-06,6.6535e-06,7.6761e-06,6.9689e-06
P7,0.00,0.00,60.00,0.00,5.0240e-08,3.1386e-07,8.3810e-07,3.7928e-06,8.0638e-06,8.0534e-06,6.5511e-06,5.0285e-08,2.9211e-07,6.6094e-07,3.8245e-06,6.9356e-06,7.9938e-06,7.2644e-06
P7,60.00,45.00,30.00,0.00,6.9742e-08,2.6111e-07,6.6900e-07,2.8247e-06,6.3376e-06,6.3288e-06,5.4588e-06,6.9542e-08,2.4424e-07,5.3558e-07,2.8502e-06,5.3925e-06,6.2799e-06,5.8554e-06
P7,30.00,180.00,60.00,0.00,5.1662e-08,3.0176e-07,8.0224e-07,3.6088e-06,7.7425e-06,7.7324e-06,6.3049e-06,5.1673e-08,2.8102e-07,6.3414e-07,3.6409e-06,6.6535e-06,7.6761e-06,6.9689e-06
P7,30.00,45.00,60.00,0.00,5.1932e-08,3.0180e-07,8.0227e-07,3.6088e-06,7.7425e-06,7.7324e-06,6.3049e-06,5.1942e-08,2.8106e-07,6.3417e-07,3.6410e-06,6.6535e-06,7.6761e-06,6.9689e-06
P7,60.00,135.00,0.00,0.00,7.2242e-08,2.6136e-07,6.6923e-07,2.8250e-06,6.3377e-06,6.3289e-06,5.4589e-06,7.2027e-08,2.4449e-07,5.3582e-07,2.8505e-06,5.3927e-06,6.2801e-06,5.8555e-06
P7,60.00,0.00,60.00,0.00,5.9441e-08,2.5993e-07,6.6785e-07,2.8235e-06,6.3370e-06,6.3282e-06,5.4585e-06,5.9301e-08,2.4307e-07,5.3444e-07,2.8489e-06,5.3918e-06,6.2793e-06,5.8550e-06
P7,30.00,45.00,0.00,0.00,6.2697e-08,3.0295e-07,8.0331e-07,3.6100e-06,7.7430e-06,7.7330e-06,6.3052e-06,6.2631e-08,2.8221e-07,6.3522e-07,3.6422e-06,6.6542e-06,7.6767e-06,6.9693e-06
P7,60.00,45.00,60.00,0.00,5.9272e-08,2.5990e-07,6.6782e-07,2.8235e-06,6.3370e-06,6.3282e-06,5.4584e-06,5.9133e-08,2.4304e-07,5.3441e-07,2.8489e-06,5.3917e-06,6.2793e-06,5.8550e-06
P7,0.00,90.00,60.00,0.00,5.0240e-08,3.1386e-07,8.3810e-07,3.7928e-06,8.0638e-06,8.0534e-06,6.5511e-06,5.0285e-08,2.9211e-07,6.6094e-07,3.8245e-06,6.9356e-06,7.9938e-06,7.2644e-06
P7,60.00,0.00,0.00,0.00,7.2242e-08,2.6136e-07,6.6923e-07,2.8250e-06,6.3377e-06,6.3289e-06,5.4589e-06,7.2027e-08,2.4449e-07,5.3582e-07,2.8505e-06,5.3927e-06,6.2801e-06,5.8555e-06
P7,60.00,90.00,0.00,0.00,7.2242e-08,2.6136e-07,6.6923e-07,2.8250e-06,6.3377e-06,6.3289e-06,5.4589e-06,7.2027e-08,2.4449e-07,5.3582e-07,2.8505e-06,5.3927e-06,6.2801e-06,5.8555e-06
P7,30.00,180.00,30.00,0.00,6.0473e-08,3.0273e-07,8.0312e-07,3.6098e-06,7.7429e-06,7.7328e-06,6.3052e-06,6.0425e-08,2.8199e-07,6.3503e-07,3.6419e-06,6.6541e-06,7.6766e-06,6.9693e-06
P7,30.00,135.00,60.00,0.00,5.1708e-08,3.0177e-07,8.0224e-07,3.6088e-06,7.7425e-06,7.7324e-06,6.3049e-06,5.1720e-08,2.8103e-07,6.3414e-07,3.6409e-06,6.6535e-06,7.6761e-06,6.9689e-06
P7,30.00,45.00,30.00,0.00,6.0551e-08,3.0274e-07,8.0313e-07,3.6098e-06,7.7429e-06,7.7329e-06,6.3052e-06,6.0503e-08,2.8200e-07,6.3504e-07,3.6419e-06,6.6541e-06,7.6766e-06,6.9693e-06
P7,0.00,135.00,30.00,0.00,5.8314e-08,3.1473e-07,8.3888e-07,3.7937e-06,8.0642e-06,8.0538e-06,6.5514e-06,5.8301e-08,2.9298e-07,6.6173e-07,3.8254e-06,6.9362e-06,7.9942e-06,7.2647e-06
P7,30.00,0.00,0.00,0.00,6.2697e-08,3.0295e-07,8.0331e-07,3.6100e-06,7.7430e-06,7.7330e-06,6.3052e-06,6.2631e-08,2.8221e-07,6.3522e-07,3.6422e-06,6.6542e-06,7.6767e-06,6.9693e-06
P7,30.00,90.00,60.00,0.00,5.1820e-08,3.0178e-07,8.0226e-07,3.6088e-06,7.7425e-06,7.7324e-06,6.3049e-06,5.1831e-08,2.8105e-07,6.3416e-07,3.6409e-06,6.6535e-06,7.6761e-06,6.9689e-06
P7,0.00,45.00,60.00,0.00,5.0240e-08,3.1386e-07,8.3810e-07,3.7928e-06,8.0638e-06,8.0534e-06,6.5511e-06,5.0285e-08,2.9211e-07,6.6094e-07,3.8245e-06,6.9356e-06,7.9938e-06,7.2644e-06
P7,60.00,180.00,0.00,0.00,7.2242e-08,2.6136e-07,6.6923e-07,2.8250e-06,6.3377e-06,6.3289e-06,5.4589e-06,7.2027e-08,2.4449e-07,5.3582e-07,2.8505e-06,5.3927e-06,6.2801e-06,5.8555e-06
P7,0.00,0.00,0.00,0.00,6.0354e-08,3.1492e-07,8.3905e-07,3.7939e-06,8.0643e-06,8.0539e-06,6.5514e-06,6.0321e-08,2.9317e-07,6.6190e-07,3.8256e-06,6.9363e-06,7.9943e-06,7.2647e-06
P7,60.00,180.00,60.00,0.00,5.8240e-08,2.5973e-07,6.6767e-07,2.8233e-06,6.3369e-06,6.3281e-06,5.4584e-06,5.8105e-08,2.4287e-07,5.3426e-07,2.8488e-06,5.3916e-06,6.2793e-06,5.8549e-06
P7,0.00,180.00,30.00,0.00,5.8314e-08,3.1473e-07,8.3888e-07,3.7937e-06,8.0642e-06,8.0538e-06,6.5514e-06,5.8301e-08,2.9298e-07,6.6173e-07,3.8254e-06,6.9362e-06,7.9942e-06,7.2647e-06
P7,60.00,45.00,0.00,0.00,7.2242e-08,2.6136e-07,6.6923e-07,2.8250e-06,6.3377e-06,6.3289e-06,5.4589e-06,7.2027e-08,2.4449e-07,5.3582e-07,2.8505e-06,5.3927e-06,6.2801e-06,5.8555e-06
P7,30.00,90.00,30.00,0.00,6.0519e-08,3.0274e-07,8.0313e-07,3.6098e-06,7.7429e-06,7.7328e-06,6.3052e-06,6.0471e-08,2.8200e-07,6.3503e-07,3.6419e-06,6.6541e-06,7.6766e-06,6.9693e-06
P7,60.00,180.00,30.00,0.00,6.9461e-08,2.6106e-07,6.6896e-07,2.8247e-06,6.3376e-06,6.3288e-06,5.4588e-06,6.9263e-08,2.4419e-07,5.3554e-07,2.8502e-06,5.3925e-06,6.2799e-06,5.8554e-06
P7,60.00,135.00,60.00,0.00,5.8423e-08,2.5976e-07,6.6770e-07,2.8234e-06,6.3369e-06,6.3281e-06,5.4584e-06,5.8288e-08,2.4290e-07,5.3429e-07,2.8488e-06,5.3917e-06,6.2793e-06,5.8549e-06
P7,30.00,135.00,0.00,0.00,6.2697e-08,3.0295e-07,8.0331e-07,3.6100e-06,7.7430e-06,7.7330e-06,6.3052e-06,6.2631e-08,2.8221e-07,6.3522e-07,3.6422e-06,6.6542e-06,7.6767e-06,6.9693e-06
P7,0.00,180.00,60.00,0.00,5.0240e-08,3.1386e-07,8.3810e-07,3.7928e-06,8.0638e-06,8.0534e-06,6.5511e-06,5.0285e-08,2.9211e-07,6.6094e-07,3.8245e-06,6.9356e-06,7.9938e-06,7.2644e-06
P7,0.00,180.00,0.00,0.00,6.0354e-08,3.1492e-07,8.3905e-07,3.7939e-06,8.0643e-06,8.0539e-06,6.5514e-06,6.0321e-08,2.9317e-07,6.6190e-07,3.8256e-06,6.9363e-06,7.9943e-06,7.2647e-06
P7,0.00,135.00,60.00,0.00,5.0240e-08,3.1386e-07,8.3810e-07,3.7928e-06,8.0638e-06,8.0534e-06,6.5511e-06,5.0285e-08,2.9211e-07,6.6094e-07,3.8245e-06,6.9356e-06,7.9938e-06,7.2644e-06
P7,0.00,90.00,30.00,0.00,5.8314e-08,3.1473e-07,8.3888e-07,3.7937e-06,8.0642e-06,8.0538e-06,6.5514e-06,5.8301e-08,2.9298e-07,6.6173e-07,3.8254e-06,6.9362e-06,7.9942e-06,7.2647e-06
P7,0.00,90.00,0.00,0.00,6.0354e-08,3.1492e-07,8.3905e-07,3.7939e-06,8.0643e-06,8.0539e-06,6.5514e-06,6.0321e-08,2.9317e-07,6.6190e-07,3.8256e-06,6.9363e-06,7.9943e-06,7.2647e-06
P7,30.00,135.00,30.00,0.00,6.0486e-08,3.0273e-07,8.0312e-07,3.6098e-06,7.7429e-06,7.7328e-06,6.3052e-06,6.0439e-08,2.8199e-07,6.3503e-07,3.6419e-06,6.6541e-06,7.6766e-06,6.9693e-06
P7,0.00,45.00,30.00,0.00,5.8314e-08,3.1473e-07,8.3888e-07,3.7937e-06,8.0642e-06,8.0538e-06,6.5514e-06,5.8301e-08,2.9298e-07,6.6173e-07,3.8254e-06,6.9362e-06,7.9942e-06,7.2647e-06
P7,60.00,90.00,60.00,0.00,5.8855e-08,2.5983e-07,6.6776e-07,2.8234e-06,6.3370e-06,6.3282e-06,5.4584e-06,5.8718e-08,2.4297e-07,5.3435e-07,2.8489e-06,5.3917e-06,6.2793e-06,5.8550e-06
P7,0.00,0.00,30.00,0.00,5.8314e-08,3.1473e-07,8.3888e-07,3.7937e-06,8.0642e-06,8.0538e-06,6.5514e-06,5.8301e-08,2.9298e-07,6.6173e-07,3.8254e-06,6.9362e-06,7.9942e-06,7.2647e-06
P7,30.00,90.00,0.00,0.00,6.2697e-08,3.0295e-07,8.0331e-07,3.6100e-06,7.7430e-06,7.7330e-06,6.3052e-06,6.2631e-08,2.8221e-07,6.3522e-07,3.6422e-06,6.6542e-06,7.6767e-06,6.9693e-06
P7,0.00,45.00,0.00,0.00,6.0354e-08,3.1492e-07,8.3905e-07,3.7939e-06,8.0643e-06,8.0539e-06,6.5514e-06,6.0321e-08,2.9317e-07,6.6190e-07,3.8256e-06,6.9363e-06,7.9943e-06,7.2647e-06
P8,30.00,180.00,60.00,0.00,5.5023e-08,2.9668e-07,9.9015e-07,4.7416e-06,9.3734e-06,9.3631e-06,7.7244e-06,5.5154e-08,2.6895e-07,7.2124e-07,4.7759e-06,8.2480e-06,9.3031e-06,8.5649e-06
P8,60.00,90.00,30.00,0.00,7.1351e-08,2.4583e-07,8.2248e-07,4.0291e-06,8.0980e-06,8.0889e-06,6.6188e-06,7.1391e-08,2.2275e-07,6.0467e-07,4.0713e-06,7.1092e-06,8.0343e-06,7.3621e-06
P8,30.00,135.00,60.00,0.00,5.5064e-08,2.9668e-07,9.9016e-07,4.7416e-06,9.3734e-06,9.3631e-06,7.7244e-06,5.5194e-08,2.6895e-07,7.2124e-07,4.7759e-06,8.2480e-06,9.3031e-06,8.5649e-06
P8,60.00,180.00,0.00,0.00,7.4059e-08,2.4588e-07,8.2261e-07,4.0292e-06,8.0981e-06,8.0890e-06,6.6189e-06,7.4090e-08,2.2279e-07,6.0477e-07,4.0715e-06,7.1092e-06,8.0344e-06,7.3622e-06
P8,0.00,135.00,0.00,0.00,6.3958e-08,3.1191e-07,1.0390e-06,4.8845e-06,9.6556e-06,9.6448e-06,8.0175e-06,6.4017e-08,2.8284e-07,7.5603e-07,4.9148e-06,8.4754e-06,9.5806e-06,8.8686e-06
P8,30.00,90.00,0.00,0.00,6.5995e-08,2.9696e-07,9.9075e-07,4.7422e-06,9.3737e-06,9.3634e-06,7.7246e-06,6.6055e-08,2.6921e-07,7.2172e-07,4.7765e-06,8.2484e-06,9.3034e-06,8.5652e-06
P8,30.00,0.00,60.00,0.00,5.5298e-08,2.9669e-07,9.9018e-07,4.7416e-06,9.3734e-06,9.3631e-06,7.7244e-06,5.5427e-08,2.6896e-07,7.2125e-07,4.7759e-06,8.2480e-06,9.3031e-06,8.5649e-06
P8,60.00,90.00,0.00,0.00,7.4059e-08,2.4588e-07,8.2261e-07,4.0292e-06,8.0981e-06,8.0890e-06,6.6189e-06,7.4090e-08,2.2279e-07,6.0477e-07,4.0715e-06,7.1092e-06,8.0344e-06,7.3622e-06
P8,0.00,135.00,60.00,0.00,5.3613e-08,3.1164e-07,1.0384e-06,4.8839e-06,9.6554e-06,9.6445e-06,8.0173e-06,5.3755e-08,2.8259e-07,7.5559e-07,4.9142e-06,8.4750e-06,9.5803e-06,8.8683e-06
P8,30.00,90.00,30.00,0.00,6.3529e-08,2.9691e-07,9.9064e-07,4.7421e-06,9.3737e-06,9.3633e-06,7.7246e-06,6.3611e-08,2.6916e-07,7.2163e-07,4.7764e-06,8.2483e-06,9.3033e-06,8.5652e-06
P8,0.00,0.00,0.00,0.00,6.3958e-08,3.1191e-07,1.0390e-06,4.8845e-06,9.6556e-06,9.6448e-06,8.0175e-06,6.4017e-08,2.8284e-07,7.5603e-07,4.9148e-06,8.4754e-06,9.5806e-06,8.8686e-06
P8,0.00,45.00,60.00,0.00,5.3613e-08,3.1164e-07,1.0384e-06,4.8839e-06,9.6554e-06,9.6445e-06,8.0173e-06,5.3755e-08,2.8259e-07,7.5559e-07,4.9142e-06,8.4750e-06,9.5803e-06,8.8683e-06
P8,60.00,180.00,30.00,0.00,7.1204e-08,2.4582e-07,8.2247e-07,4.0291e-06,8.0980e-06,8.0889e-06,6.6188e-06,7.1244e-08,2.2274e-07,6.0467e-07,4.0713e-06,7.1091e-06,8.0343e-06,7.3621e-06
P8,30.00,45.00,0.00,0.00,6.5995e-08,2.9696e-07,9.9075e-07,4.7422e-06,9.3737e-06,9.3634e-06,7.7246e-06,6.6055e-08,2.6921e-07,7.2172e-07,4.7765e-06,8.2484e-06,9.3034e-06,8.5652e-06
P8,60.00,0.00,0.00,0.00,7.4059e-08,2.4588e-07,8.2261e-07,4.0292e-06,8.0981e-06,8.0890e-06,6.6189e-06,7.4090e-08,2.2279e-07,6.0477e-07,4.0715e-06,7.1092e-06,8.0344e-06,7.3622e-06
P8,0.00,45.00,30.00,0.00,6.1574e-08,3.1185e-07,1.0389e-06,4.8843e-06,9.6556e-06,9.6447e-06,8.0175e-06,6.1659e-08,2.8278e-07,7.5595e-07,4.9147e-06,8.4753e-06,9.5805e-06,8.8685e-06
P8,60.00,45.00,60.00,0.00,6.1980e-08,2.4563e-07,8.2194e-07,4.0284e-06,8.0976e-06,8.0886e-06,6.6185e-06,6.2034e-08,2.2257e-07,6.0428e-07,4.0706e-06,7.1088e-06,8.0340e-06,7.3619e-06
P8,30.00,45.00,60.00,0.00,5.5258e-08,2.9669e-07,9.9017e-07,4.7416e-06,9.3734e-06,9.3631e-06,7.7244e-06,5.5388e-08,2.6896e-07,7.2125e-07,4.7759e-06,8.2480e-06,9.3031e-06,8.5649e-06
P8,60.00,135.00,0.00,0.00,7.4059e-08,2.4588e-07,8.2261e-07,4.0292e-06,8.0981e-06,8.0890e-06,6.6189e-06,7.4090e-08,2.2279e-07,6.0477e-07,4.0715e-06,7.1092e-06,8.0344e-06,7.3622e-06
P8,30.00,180.00,0.00,0.00,6.5995e-08,2.9696e-07,9.9075e-07,4.7422e-06,9.3737e-06,9.3634e-06,7.7246e-06,6.6055e-08,2.6921e-07,7.2172e-07,4.7765e-06,8.2484e-06,9.3034e-06,8.5652e-06
P8,30.00,0.00,30.00,0.00,6.3577e-08,2.9691e-07,9.9064e-07,4.7421e-06,9.3737e-06,9.3633e-06,7.7246e-06,6.3659e-08,2.6916e-07,7.2163e-07,4.7764e-06,8.2483e-06,9.3033e-06,8.5652e-06
P8,60.00,135.00,60.00,0.00,6.1284e-08,2.4561e-07,8.2188e-07,4.0283e-06,8.0976e-06,8.0885e-06,6.6185e-06,6.1340e-08,2.2255e-07,6.0423e-07,4.0705e-06,7.1087e-06,8.0339e-06,7.3618e-06
P8,0.00,90.00,30.00,0.00,6.1574e-08,3.1185e-07,1.0389e-06,4.8843e-06,9.6556e-06,9.6447e-06,8.0175e-06,6.1659e-08,2.8278e-07,7.5595e-07,4.9147e-06,8.4753e-06,9.5805e-06,8.8685e-06
P8,0.00,0.00,60.00,0.00,5.3613e-08,3.1164e-07,1.0384e-06,4.8839e-06,9.6554e-06,9.6445e-06,8.0173e-06,5.3755e-08,2.8259e-07,7.5559e-07,4.9142e-06,8.4750e-06,9.5803e-06,8.8683e-06
P8,60.00,90.00,60.00,0.00,6.1637e-08,2.4562e-07,8.2191e-07,4.0283e-06,8.0976e-06,8.0885e-06,6.6185e-06,6.1692e-08,2.2256e-07,6.0425e-07,4.0706e-06,7.1087e-06,8.0340e-06,7.3618e-06
P8,0.00,135.00,30.00,0.00,6.1574e-08,3.1185e-07,1.0389e-06,4.8843e-06,9.6556e-06,9.6447e-06,8.0175e-06,6.1659e-08,2.8278e-07,7.5595e-07,4.9147e-06,8.4753e-06,9.5805e-06,8.8685e-06
P8,30.00,45.00,30.00,0.00,6.3563e-08,2.9691e-07,9.9064e-07,4.7421e-06,9.3737e-06,9.3633e-06,7.7246e-06,6.3645e-08,2.6916e-07,7.2163e-07,4.7764e-06,8.2483e-06,9.3033e-06,8.5652e-06
P8,0.00,180.00,60.00,0.00,5.3613e-08,3.1164e-07,1.0384e-06,4.8839e-06,9.6554e-06,9.6445e-06,8.0173e-06,5.3755e-08,2.8259e-07,7.5559e-07,4.9142e-06,8.4750e-06,9.5803e-06,8.8683e-06
P8,30.00,135.00,30.00,0.00,6.3494e-08,2.9690e-07,9.9064e-07,4.7421e-06,9.3737e-06,9.3633e-06,7.7246e-06,6.3578e-08,2.6915e-07,7.2163e-07,4.7764e-06,8.2483e-06,9.3033e-06,8.5652e-06
P8,60.00,0.00,30.00,0.00,7.1498e-08,2.4583e-07,8.2249e-07,4.0291e-06,8.0980e-06,8.0889e-06,6.6188e-06,7.1536e-08,2.2275e-07,6.0468e-07,4.0713e-06,7.1092e-06,8.0343e-06,7.3621e-06
P8,30.00,90.00,60.00,0.00,5.5161e-08,2.9668e-07,9.9017e-07,4.7416e-06,9.3734e-06,9.3631e-06,7.7244e-06,5.5291e-08,2.6896e-07,7.2125e-07,4.7759e-06,8.2480e-06,9.3031e-06,8.5649e-06
P8,60.00,135.00,30.00,0.00,7.1247e-08,2.4583e-07,8.2247e-07,4.0291e-06,8.0980e-06,8.0889e-06,6.6188e-06,7.1287e-08,2.2274e-07,6.0467e-07,4.0713e-06,7.1091e-06,8.0343e-06,7.3621e-06
P8,30.00,180.00,30.00,0.00,6.3480e-08,2.9690e-07,9.9064e-07,4.7421e-06,9.3737e-06,9.3633e-06,7.7246e-06,6.3564e-08,2.6915e-07,7.2162e-07,4.7764e-06,8.2483e-06,9.3033e-06,8.5651e-06
P8,0.00,180.00,30.00,0.00,6.1574e-08,3.1185e-07,1.0389e-06,4.8843e-06,9.6556e-06,9.6447e-06,8.0175e-06,6.1659e-08,2.8278e-07,7.5595e-07,4.9147e-06,8.4753e-06,9.5805e-06,8.8685e-06
P8,0.00,90.00,0.00,0.00,6.3958e-08,3.1191e-07,1.0390e-06,4.8845e-06,9.6556e-06,9.6448e-06,8.0175e-06,6.4017e-08,2.8284e-07,7.5603e-07,4.9148e-06,8.4754e-06,9.5806e-06,8.8686e-06
P8,60.00,0.00,60.00,0.00,6.2119e-08,2.4563e-07,8.2195e-07,4.0284e-06,8.0977e-06,8.0886e-06,6.6186e-06,6.2173e-08,2.2258e-07,6.0429e-07,4.0706e-06,7.1088e-06,8.0340e-06,7.3619e-06
P8,60.00,45.00,30.00,0.00,7.1455e-08,2.4583e-07,8.2249e-07,4.0291e-06,8.0980e-06,8.0889e-06,6.6188e-06,7.1493e-08,2.2275e-07,6.0468e-07,4.0713e-06,7.1092e-06,8.0343e-06,7.3621e-06
P8,60.00,180.00,60.00,0.00,6.1134e-08,2.4560e-07,8.2186e-07,4.0283e-06,8.0976e-06,8.0885e-06,6.6185e-06,6.1190e-08,2.2255e-07,6.0422e-07,4.0705e-06,7.1087e-06,8.0339e-06,7.3618e-06
P8,0.00,0.00,30.00,0.00,6.1574e-08,3.1185e-07,1.0389e-06,4.8843e-06,9.6556e-06,9.6447e-06,8.0175e-06,6.1659e-08,2.8278e-07,7.5595e-07,4.9147e-06,8.4753e-06,9.5805e-06,8.8685e-06
P8,60.00,45.00,0.00,0.00,7.4059e-08,2.4588e-07,8.2261e-07,4.0292e-06,8.0981e-06,8.0890e-06,6.6189e-06,7.4090e-08,2.2279e-07,6.0477e-07,4.0715e-06,7.1092e-06,8.0344e-06,7.3622e-06
P8,30.00,135.00,0.00,0.00,6.5995e-08,2.9696e-07,9.9075e-07,4.7422e-06,9.3737e-06,9.3634e-06,7.7246e-06,6.6055e-08,2.6921e-07,7.2172e-07,4.7765e-06,8.2484e-06,9.3034e-06,8.5652e-06
P8,0.00,45.00,0.00,0.00,6.3958e-08,3.1191e-07,1.0390e-06,4.8845e-06,9.6556e-06,9.6448e-06,8.0175e-06,6.4017e-08,2.8284e-07,7.5603e-07,4.9148e-06,8.4754e-06,9.5806e-06,8.8686e-06
P8,0.00,180.00,0.00,0.00,6.3958e-08,3.1191e-07,1.0390e-06,4.8845e-06,9.6556e-06,9.6448e-06,8.0175e-06,6.4017e-08,2.8284e-07,7.5603e-07,4.9148e-06,8.4754e-06,9.5806e-06,8.8686e-06
P8,30.00,0.00,0.00,0.00,6.5995e-08,2.9696e-07,9.9075e-07,4.7422e-06,9.3737e-06,9.3634e-06,7.7246e-06,6.6055e-08,2.6921e-07,7.2172e-07,4.7765e-06,8.2484e-06,9.3034e-06,8.5652e-06
P8,0.00,90.00,60.00,0.00,5.3613e-08,3.1164e-07,1.0384e-06,4.8839e-06,9.6554e-06,9.6445e-06,8.0173e-06,5.3755e-08,2.8259e-07,7.5559e-07,4.9142e-06,8.4750e-06,9.5803e-06,8.8683e-06
P9,60.00,0.00,30.00,0.00,7.1200e-08,1.5607e-07,5.7621e-07,2.7232e-06,6.3242e-06,6.3139e-06,3.9879e-06,7.0581e-08,1.4064e-07,3.9549e-07,2.7707e-06,5.2125e-06,6.2509e-06,5.0047e-06
P9,60.00,45.00,30.00,0.00,7.1156e-08,1.5606e-07,5.7620e-07,2.7231e-06,6.3242e-06,6.3139e-06,3.9879e-06,7.0537e-08,1.4064e-07,3.9549e-07,2.7707e-06,5.2125e-06,6.2509e-06,5.0047e-06
P9,0.00,0.00,60.00,0.00,5.1459e-08,2.2802e-07,9.5327e-07,3.8379e-06,8.2422e-06,8.2300e-06,5.4382e-06,5.1216e-08,2.0186e-07,6.3607e-07,3.8790e-06,6.9120e-06,8.1448e-06,6.8211e-06
P9,60.00,135.00,0.00,0.00,7.3534e-08,1.5634e-07,5.7644e-07,2.7234e-06,6.3243e-06,6.3140e-06,3.9880e-06,7.2886e-08,1.4091e-07,3.9572e-07,2.7709e-06,5.2127e-06,6.2510e-06,5.0048e-06
P9,0.00,45.00,30.00,0.00,5.8739e-08,2.2891e-07,9.5404e-07,3.8386e-06,8.2426e-06,8.2304e-06,5.4384e-06,5.8406e-08,2.0275e-07,6.3682e-07,3.8798e-06,6.9126e-06,8.1453e-06,6.8214e-06
P9,30.00,90.00,60.00,0.00,5.3178e-08,2.0978e-07,8.6607e-07,3.6328e-06,7.9024e-06,7.8905e-06,5.1142e-06,5.2880e-08,1.8614e-07,5.7681e-07,3.6772e-06,6.6105e-06,7.8099e-06,6.4527e-06
P9,0.00,180.00,60.00,0.00,5.1459e-08,2.2802e-07,9.5327e-07,3.8379e-06,8.2422e-06,8.2300e-06,5.4382e-06,5.1216e-08,2.0186e-07,6.3607e-07,3.8790e-06,6.9120e-06,8.1448e-06,6.8211e-06
P9,60.00,90.00,60.00,0.00,6.0836e-08,1.5465e-07,5.7501e-07,2.7220e-06,6.3235e-06,6.3133e-06,3.9875e-06,6.0329e-08,1.3921e-07,3.9429e-07,2.7695e-06,5.2117e-06,6.2502e-06,5.0042e-06
P9,30.00,135.00,30.00,0.00,6.1049e-08,2.1076e-07,8.6692e-07,3.6336e-06,7.9028e-06,7.8910e-06,5.1145e-06,6.0658e-08,1.8712e-07,5.7764e-07,3.6780e-06,6.6110e-06,7.8104e-06,6.4530e-06
P9,30.00,90.00,30.00,0.00,6.1079e-08,2.1076e-07,8.6692e-07,3.6336e-06,7.9028e-06,7.8910e-06,5.1145e-06,6.0687e-08,1.8713e-07,5.7764e-07,3.6780e-06,6.6110e-06,7.8104e-06,6.4530e-06
P9,30.00,0.00,60.00,0.00,5.3322e-08,2.0980e-07,8.6609e-07,3.6329e-06,7.9024e-06,7.8905e-06,5.1142e-06,5.3023e-08,1.8617e-07,5.7683e-07,3.6772e-06,6.6105e-06,7.8099e-06,6.4527e-06
P9,30.00,0.00,0.00,0.00,6.3058e-08,2.1097e-07,8.6710e-07,3.6338e-06,7.9029e-06,7.8911e-06,5.1145e-06,6.2637e-08,1.8734e-07,5.7782e-07,3.6782e-06,6.6112e-06,7.8105e-06,6.4531e-06
P9,60.00,135.00,60.00,0.00,6.0424e-08,1.5457e-07,5.7494e-07,2.7220e-06,6.3235e-06,6.3132e-06,3.9875e-06,5.9920e-08,1.3914e-07,3.9423e-07,2.7695e-06,5.2116e-06,6.2502e-06,5.0042e-06
P9,30.00,45.00,30.00,0.00,6.1108e-08,2.1076e-07,8.6692e-07,3.6336e-06,7.9028e-06,7.8910e-06,5.1145e-06,6.0715e-08,1.8713e-07,5.7764e-07,3.6780e-06,6.6110e-06,7.8104e-06,6.4530e-06
P9,0.00,0.00,30.00,0.00,5.8739e-08,2.2891e-07,9.5404e-07,3.8386e-06,8.2426e-06,8.2304e-06,5.4384e-06,5.8406e-08,2.0275e-07,6.3682e-07,3.8798e-06,6.9126e-06,8.1453e-06,6.8214e-06
P9,30.00,0.00,30.00,0.00,6.1120e-08,2.1077e-07,8.6692e-07,3.6336e-06,7.9028e-06,7.8910e-06,5.1145e-06,6.0727e-08,1.8713e-07,5.7764e-07,3.6780e-06,6.6110e-06,7.8104e-06,6.4530e-06
P9,0.00,45.00,0.00,0.00,6.0579e-08,2.2910e-07,9.5421e-07,3.8387e-06,8.2427e-06,8.2305e-06,5.4385e-06,6.0218e-08,2.0294e-07,6.3698e-07,3.8799e-06,6.9127e-06,8.1454e-06,6.8215e-06
P9,30.00,135.00,0.00,0.00,6.3058e-08,2.1097e-07,8.6710e-07,3.6338e-06,7.9029e-06,7.8911e-06,5.1145e-06,6.2637e-08,1.8734e-07,5.7782e-07,3.6782e-06,6.6112e-06,7.8105e-06,6.4531e-06
P9,0.00,135.00,0.00,0.00,6.0579e-08,2.2910e-07,9.5421e-07,3.8387e-06,8.2427e-06,8.2305e-06,5.4385e-06,6.0218e-08,2.0294e-07,6.3698e-07,3.8799e-06,6.9127e-06,8.1454e-06,6.8215e-06
P9,0.00,90.00,30.00,0.00,5.8739e-08,2.2891e-07,9.5404e-07,3.8386e-06,8.2426e-06,8.2304e-06,5.4384e-06,5.8406e-08,2.0275e-07,6.3682e-07,3.8798e-06,6.9126e-06,8.1453e-06,6.8214e-06
P9,0.00,180.00,30.00,0.00,5.8739e-08,2.2891e-07,9.5404e-07,3.8386e-06,8.2426e-06,8.2304e-06,5.4384e-06,5.8406e-08,2.0275e-07,6.3682e-07,3.8798e-06,6.9126e-06,8.1453e-06,6.8214e-06
P9,60.00,0.00,0.00,0.00,7.3534e-08,1.5634e-07,5.7644e-07,2.7234e-06,6.3243e-06,6.3140e-06,3.9880e-06,7.2886e-08,1.4091e-07,3.9572e-07,2.7709e-06,5.2127e-06,6.2510e-06,5.0048e-06
P9,0.00,0.00,0.00,0.00,6.0579e-08,2.2910e-07,9.5421e-07,3.8387e-06,8.2427e-06,8.2305e-06,5.4385e-06,6.0218e-08,2.0294e-07,6.3698e-07,3.8799e-06,6.9127e-06,8.1454e-06,6.8215e-06
P9,0.00,90.00,60.00,0.00,5.1459e-08,2.2802e-07,9.5327e-07,3.8379e-06,8.2422e-06,8.2300e-06,5.4382e-06,5.1216e-08,2.0186e-07,6.3607e-07,3.8790e-06,6.9120e-06,8.1448e-06,6.8211e-06
P9,60.00,135.00,30.00,0.00,7.0939e-08,1.5603e-07,5.7618e-07,2.7231e-06,6.3242e-06,6.3139e-06,3.9879e-06,7.0323e-08,1.4060e-07,3.9546e-07,2.7707e-06,5.2125e-06,6.2509e-06,5.0047e-06
P9,30.00,180.00,30.00,0.00,6.1037e-08,2.1075e-07,8.6691e-07,3.6336e-06,7.9028e-06,7.8910e-06,5.1145e-06,6.0646e-08,1.8712e-07,5.7764e-07,3.6780e-06,6.6110e-06,7.8104e-06,6.4530e-06
P9,30.00,180.00,60.00,0.00,5.3032e-08,2.0975e-07,8.6605e-07,3.6328e-06,7.9024e-06,7.8905e-06,5.1142e-06,5.2735e-08,1.8612e-07,5.7679e-07,3.6772e-06,6.6104e-06,7.8099e-06,6.4527e-06
P9,60.00,180.00,30.00,0.00,7.0894e-08,1.5602e-07,5.7617e-07,2.7231e-06,6.3242e-06,6.3139e-06,3.9879e-06,7.0278e-08,1.4059e-07,3.9545e-07,2.7707e-06,5.2125e-06,6.2508e-06,5.0046e-06
P9,60.00,90.00,30.00,0.00,7.1048e-08,1.5605e-07,5.7619e-07,2.7231e-06,6.3242e-06,6.3139e-06,3.9879e-06,7.0430e-08,1.4062e-07,3.9547e-07,2.7707e-06,5.2125e-06,6.2509e-06,5.0047e-06
P9,30.00,90.00,0.00,0.00,6.3058e-08,2.1097e-07,8.6710e-07,3.6338e-06,7.9029e-06,7.8911e-06,5.1145e-06,6.2637e-08,1.8734e-07,5.7782e-07,3.6782e-06,6.6112e-06,7.8105e-06,6.4531e-06
P9,0.00,180.00,0.00,0.00,6.0579e-08,2.2910e-07,9.5421e-07,3.8387e-06,8.2427e-06,8.2305e-06,5.4385e-06,6.0218e-08,2.0294e-07,6.3698e-07,3.8799e-06,6.9127e-06,8.1454e-06,6.8215e-06
P9,60.00,0.00,60.00,0.00,6.1394e-08,1.5475e-07,5.7509e-07,2.7221e-06,6.3236e-06,6.3133e-06,3.9876e-06,6.0883e-08,1.3932e-07,3.9438e-07,2.7696e-06,5.2117e-06,6.2502e-06,5.0043e-06
P9,0.00,135.00,60.00,0.00,5.1459e-08,2.2802e-07,9.5327e-07,3.8379e-06,8.2422e-06,8.2300e-06,5.4382e-06,5.1216e-08,2.0186e-07,6.3607e-07,3.8790e-06,6.9120e-06,8.1448e-06,6.8211e-06
P9,30.00,135.00,60.00,0.00,5.3075e-08,2.0976e-07,8.6605e-07,3.6328e-06,7.9024e-06,7.8905e-06,5.1142e-06,5.2778e-08,1.8613e-07,5.7679e-07,3.6772e-06,6.6104e-06,7.8099e-06,6.4527e-06
P9,60.00,180.00,60.00,0.00,6.0248e-08,1.5454e-07,5.7492e-07,2.7219e-06,6.3235e-06,6.3132e-06,3.9875e-06,5.9746e-08,1.3911e-07,3.9420e-07,2.7695e-06,5.2116e-06,6.2502e-06,5.0042e-06
P9,60.00,180.00,0.00,0.00,7.3534e-08,1.5634e-07,5.7644e-07,2.7234e-06,6.3243e-06,6.3140e-06,3.9880e-06,7.2886e-08,1.4091e-07,3.9572e-07,2.7709e-06,5.2127e-06,6.2510e-06,5.0048e-06
P9,0.00,45.00,60.00,0.00,5.1459e-08,2.2802e-07,9.5327e-07,3.8379e-06,8.2422e-06,8.2300e-06,5.4382e-06,5.1216e-08,2.0186e-07,6.3607e-07,3.8790e-06,6.9120e-06,8.1448e-06,6.8211e-06
P9,30.00,45.00,0.00,0.00,6.3058e-08,2.1097e-07,8.6710e-07,3.6338e-06,7.9029e-06,7.8911e-06,5.1145e-06,6.2637e-08,1.8734e-07,5.7782e-07,3.6782e-06,6.6112e-06,7.8105e-06,6.4531e-06
P9,60.00,45.00,60.00,0.00,6.1234e-08,1.5472e-07,5.7507e-07,2.7221e-06,6.3236e-06,6.3133e-06,3.9875e-06,6.0724e-08,1.3929e-07,3.9435e-07,2.7696e-06,5.2117e-06,6.2502e-06,5.0042e-06
P9,60.00,90.00,0.00,0.00,7.3534e-08,1.5634e-07,5.7644e-07,2.7234e-06,6.3243e-06,6.3140e-06,3.9880e-06,7.2886e-08,1.4091e-07,3.9572e-07,2.7709e-06,5.2127e-06,6.2510e-06,5.0048e-06
P9,60.00,45.00,0.00,0.00,7.3534e-08,1.5634e-07,5.7644e-07,2.7234e-06,6.3243e-06,6.3140e-06,3.9880e-06,7.2886e-08,1.4091e-07,3.9572e-07,2.7709e-06,5.2127e-06,6.2510e-06,5.0048e-06
P9,0.00,135.00,30.00,0.00,5.8739e-08,2.2891e-07,9.5404e-07,3.8386e-06,8.2426e-06,8.2304e-06,5.4384e-06,5.8406e-08,2.0275e-07,6.3682e-07,3.8798e-06,6.9126e-06,8.1453e-06,6.8214e-06
P9,30.00,180.00,0.00,0.00,6.3058e-08,2.1097e-07,8.6710e-07,3.6338e-06,7.9029e-06,7.8911e-06,5.1145e-06,6.2637e-08,1.8734e-07,5.7782e-07,3.6782e-06,6.6112e-06,7.8105e-06,6.4531e-06
P9,0.00,90.00,0.00,0.00,6.0579e-08,2.2910e-07,9.5421e-07,3.8387e-06,8.2427e-06,8.2305e-06,5.4385e-06,6.0218e-08,2.0294e-07,6.3698e-07,3.8799e-06,6.9127e-06,8.1454e-06,6.8215e-06
P9,30.00,45.00,60.00,0.00,5.3280e-08,2.0979e-07,8.6608e-07,3.6329e-06,7.9024e-06,7.8905e-06,5.1142e-06,5.2981e-08,1.8616e-07,5.7682e-07,3.6772e-06,6.6105e-06,7.8099e-06,6.4527e-06
P10,60.00,90.00,0.00,0.00,7.3447e-08,2.2084e-07,6.9044e-07,2.9618e-06,6.9121e-06,6.9011e-06,4.7709e-06,7.2767e-08,2.0326e-07,4.9329e-07,3.0158e-06,5.7197e-06,6.8346e-06,5.6300e-06
P10,0.00,0.00,0.00,0.00,6.0339e-08,2.8125e-07,1.0547e-06,3.9835e-06,8.6094e-06,8.5967e-06,5.9183e-06,5.9965e-08,2.5306e-07,7.2274e-07,4.0367e-06,7.2307e-06,8.5096e-06,7.1770e-06
P10,30.00,90.00,60.00,0.00,5.3366e-08,2.6445e-07,9.6933e-07,3.7955e-06,8.3109e-06,8.2986e-06,5.6501e-06,5.3054e-08,2.3878e-07,6.6426e-07,3.8511e-06,6.9646e-06,8.2157e-06,6.8569e-06
P10,60.00,45.00,30.00,0.00,7.1148e-08,2.2060e-07,6.9023e-07,2.9616e-06,6.9120e-06,6.9010e-06,4.7708e-06,7.0498e-08,2.0302e-07,4.9308e-07,3.0156e-06,5.7195e-06,6.8344e-06,5.6299e-06
P10,30.00,180.00,30.00,0.00,6.0886e-08,2.6531e-07,9.7010e-07,3.7962e-06,8.3113e-06,8.2990e-06,5.6503e-06,6.0481e-08,2.3964e-07,6.6501e-07,3.8519e-06,6.9651e-06,8.2162e-06,6.8572e-06
P10,0.00,180.00,30.00,0.00,5.8576e-08,2.8108e-07,1.0545e-06,3.9833e-06,8.6093e-06,8.5967e-06,5.9182e-06,5.8231e-08,2.5289e-07,7.2260e-07,4.0366e-06,7.2306e-06,8.5095e-06,7.1770e-06
P10,30.00,180.00,60.00,0.00,5.3225e-08,2.6443e-07,9.6931e-07,3.7955e-06,8.3109e-06,8.2985e-06,5.6500e-06,5.2915e-08,2.3876e-07,6.6424e-07,3.8511e-06,6.9646e-06,8.2157e-06,6.8569e-06
P10,0.00,90.00,60.00,0.00,5.1619e-08,2.8030e-07,1.0538e-06,3.9827e-06,8.6090e-06,8.5963e-06,5.9180e-06,5.1365e-08,2.5211e-07,7.2192e-07,4.0359e-06,7.2301e-06,8.5092e-06,7.1767e-06
P10,30.00,180.00,0.00,0.00,6.2823e-08,2.6550e-07,9.7028e-07,3.7964e-06,8.3114e-06,8.2990e-06,5.6503e-06,6.2388e-08,2.3983e-07,6.6517e-07,3.8520e-06,6.9652e-06,8.2163e-06,6.8573e-06
P10,0.00,45.00,30.00,0.00,5.8576e-08,2.8108e-07,1.0545e-06,3.9833e-06,8.6093e-06,8.5967e-06,5.9182e-06,5.8231e-08,2.5289e-07,7.2260e-07,4.0366e-06,7.2306e-06,8.5095e-06,7.1770e-06
P10,60.00,135.00,30.00,0.00,7.0938e-08,2.2057e-07,6.9020e-07,2.9615e-06,6.9120e-06,6.9010e-06,4.7708e-06,7.0291e-08,2.0299e-07,4.9305e-07,3.0156e-06,5.7195e-06,6.8344e-06,5.6299e-06
P10,30.00,90.00,0.00,0.00,6.2823e-08,2.6550e-07,9.7028e-07,3.7964e-06,8.3114e-06,8.2990e-06,5.6503e-06,6.2388e-08,2.3983e-07,6.6517e-07,3.8520e-06,6.9652e-06,8.2163e-06,6.8573e-06
P10,0.00,135.00,60.00,0.00,5.1619e-08,2.8030e-07,1.0538e-06,3.9827e-06,8.6090e-06,8.5963e-06,5.9180e-06,5.1365e-08,2.5211e-07,7.2192e-07,4.0359e-06,7.2301e-06,8.5092e-06,7.1767e-06
P10,60.00,90.00,30.00,0.00,7.1043e-08,2.2059e-07,6.9021e-07,2.9615e-06,6.9120e-06,6.9010e-06,4.7708e-06,7.0395e-08,2.0300e-07,4.9307e-07,3.0156e-06,5.7195e-06,6.8344e-06,5.6299e-06
P10,30.00,45.00,60.00,0.00,5.3465e-08,2.6447e-07,9.6934e-07,3.7955e-06,8.3109e-06,8.2986e-06,5.6501e-06,5.3152e-08,2.3880e-07,6.6428e-07,3.8511e-06,6.9646e-06,8.2158e-06,6.8569e-06
P10,0.00,135.00,0.00,0.00,6.0339e-08,2.8125e-07,1.0547e-06,3.9835e-06,8.6094e-06,8.5967e-06,5.9183e-06,5.9965e-08,2.5306e-07,7.2274e-07,4.0367e-06,7.2307e-06,8.5096e-06,7.1770e-06
P10,60.00,180.00,30.00,0.00,7.0894e-08,2.2057e-07,6.9019e-07,2.9615e-06,6.9120e-06,6.9010e-06,4.7708e-06,7.0247e-08,2.0298e-07,4.9305e-07,3.0156e-06,5.7195e-06,6.8344e-06,5.6299e-06
P10,0.00,0.00,30.00,0.00,5.8576e-08,2.8108e-07,1.0545e-06,3.9833e-06,8.6093e-06,8.5967e-06,5.9182e-06,5.8231e-08,2.5289e-07,7.2260e-07,4.0366e-06,7.2306e-06,8.5095e-06,7.1770e-06
P10,0.00,135.00,30.00,0.00,5.8576e-08,2.8108e-07,1.0545e-06,3.9833e-06,8.6093e-06,8.5967e-06,5.9182e-06,5.8231e-08,2.5289e-07,7.2260e-07,4.0366e-06,7.2306e-06,8.5095e-06,7.1770e-06
P10,60.00,0.00,0.00,0.00,7.3447e-08,2.2084e-07,6.9044e-07,2.9618e-06,6.9121e-06,6.9011e-06,4.7709e-06,7.2767e-08,2.0326e-07,4.9329e-07,3.0158e-06,5.7197e-06,6.8346e-06,5.6300e-06
P10,30.00,135.00,30.00,0.00,6.0898e-08,2.6531e-07,9.7011e-07,3.7962e-06,8.3113e-06,8.2990e-06,5.6503e-06,6.0492e-08,2.3964e-07,6.6501e-07,3.8519e-06,6.9651e-06,8.2162e-06,6.8572e-06
P10,30.00,45.00,0.00,0.00,6.2823e-08,2.6550e-07,9.7028e-07,3.7964e-06,8.3114e-06,8.2990e-06,5.6503e-06,6.2388e-08,2.3983e-07,6.6517e-07,3.8520e-06,6.9652e-06,8.2163e-06,6.8573e-06
P10,60.00,0.00,30.00,0.00,7.1191e-08,2.2061e-07,6.9023e-07,2.9616e-06,6.9120e-06,6.9010e-06,4.7708e-06,7.0541e-08,2.0302e-07,4.9309e-07,3.0156e-06,5.7195e-06,6.8344e-06,5.6299e-06
P10,30.00,90.00,30.00,0.00,6.0926e-08,2.6532e-07,9.7011e-07,3.7962e-06,8.3113e-06,8.2990e-06,5.6503e-06,6.0520e-08,2.3965e-07,6.6501e-07,3.8519e-06,6.9651e-06,8.2162e-06,6.8572e-06
P10,0.00,0.00,60.00,0.00,5.1619e-08,2.8030e-07,1.0538e-06,3.9827e-06,8.6090e-06,8.5963e-06,5.9180e-06,5.1365e-08,2.5211e-07,7.2192e-07,4.0359e-06,7.2301e-06,8.5092e-06,7.1767e-06
P10,0.00,45.00,0.00,0.00,6.0339e-08,2.8125e-07,1.0547e-06,3.9835e-06,8.6094e-06,8.5967e-06,5.9183e-06,5.9965e-08,2.5306e-07,7.2274e-07,4.0367e-06,7.2307e-06,8.5096e-06,7.1770e-06
P10,60.00,45.00,0.00,0.00,7.3447e-08,2.2084e-07,6.9044e-07,2.9618e-06,6.9121e-06,6.9011e-06,4.7709e-06,7.2767e-08,2.0326e-07,4.9329e-07,3.0158e-06,5.7197e-06,6.8346e-06,5.6300e-06
P10,30.00,0.00,30.00,0.00,6.0965e-08,2.6532e-07,9.7011e-07,3.7962e-06,8.3113e-06,8.2990e-06,5.6503e-06,6.0559e-08,2.3965e-07,6.6501e-07,3.8519e-06,6.9651e-06,8.2162e-06,6.8572e-06
P10,60.00,180.00,60.00,0.00,6.0608e-08,2.1927e-07,6.8906e-07,2.9605e-06,6.9114e-06,6.9004e-06,4.7705e-06,6.0078e-08,2.0168e-07,4.9194e-07,3.0145e-06,5.7187e-06,6.8338e-06,5.6295e-06
P10,0.00,45.00,60.00,0.00,5.1619e-08,2.8030e-07,1.0538e-06,3.9827e-06,8.6090e-06,8.5963e-06,5.9180e-06,5.1365e-08,2.5211e-07,7.2192e-07,4.0359e-06,7.2301e-06,8.5092e-06,7.1767e-06
P10,60.00,45.00,60.00,0.00,6.1569e-08,2.1943e-07,6.8919e-07,2.9606e-06,6.9115e-06,6.9005e-06,4.7705e-06,6.1031e-08,2.0184e-07,4.9207e-07,3.0146e-06,5.7188e-06,6.8339e-06,5.6295e-06
P10,0.00,90.00,30.00,0.00,5.8576e-08,2.8108e-07,1.0545e-06,3.9833e-06,8.6093e-06,8.5967e-06,5.9182e-06,5.8231e-08,2.5289e-07,7.2260e-07,4.0366e-06,7.2306e-06,8.5095e-06,7.1770e-06
P10,30.00,135.00,0.00,0.00,6.2823e-08,2.6550e-07,9.7028e-07,3.7964e-06,8.3114e-06,8.2990e-06,5.6503e-06,6.2388e-08,2.3983e-07,6.6517e-07,3.8520e-06,6.9652e-06,8.2163e-06,6.8573e-06
P10,60.00,180.00,0.00,0.00,7.3447e-08,2.2084e-07,6.9044e-07,2.9618e-06,6.9121e-06,6.9011e-06,4.7709e-06,7.2767e-08,2.0326e-07,4.9329e-07,3.0158e-06,5.7197e-06,6.8346e-06,5.6300e-06
P10,0.00,180.00,0.00,0.00,6.0339e-08,2.8125e-07,1.0547e-06,3.9835e-06,8.6094e-06,8.5967e-06,5.9183e-06,5.9965e-08,2.5306e-07,7.2274e-07,4.0367e-06,7.2307e-06,8.5096e-06,7.1770e-06
P10,0.00,180.00,60.00,0.00,5.1619e-08,2.8030e-07,1.0538e-06,3.9827e-06,8.6090e-06,8.5963e-06,5.9180e-06,5.1365e-08,2.5211e-07,7.2192e-07,4.0359e-06,7.2301e-06,8.5092e-06,7.1767e-06
P10,30.00,0.00,0.00,0.00,6.2823e-08,2.6550e-07,9.7028e-07,3.7964e-06,8.3114e-06,8.2990e-06,5.6503e-06,6.2388e-08,2.3983e-07,6.6517e-07,3.8520e-06,6.9652e-06,8.2163e-06,6.8573e-06
P10,60.00,90.00,60.00,0.00,6.1181e-08,2.1936e-07,6.8914e-07,2.9605e-06,6.9114e-06,6.9004e-06,4.7705e-06,6.0646e-08,2.0178e-07,4.9202e-07,3.0145e-06,5.7188e-06,6.8338e-06,5.6295e-06
P10,30.00,45.00,30.00,0.00,6.0954e-08,2.6532e-07,9.7011e-07,3.7962e-06,8.3113e-06,8.2990e-06,5.6503e-06,6.0547e-08,2.3965e-07,6.6501e-07,3.8519e-06,6.9651e-06,8.2162e-06,6.8572e-06
P10,0.00,90.00,0.00,0.00,6.0339e-08,2.8125e-07,1.0547e-06,3.9835e-06,8.6094e-06,8.5967e-06,5.9183e-06,5.9965e-08,2.5306e-07,7.2274e-07,4.0367e-06,7.2307e-06,8.5096e-06,7.1770e-06
P10,30.00,135.00,60.00,0.00,5.3267e-08,2.6444e-07,9.6932e-07,3.7955e-06,8.3109e-06,8.2986e-06,5.6501e-06,5.2956e-08,2.3877e-07,6.6425e-07,3.8511e-06,6.9646e-06,8.2157e-06,6.8569e-06
P10,60.00,0.00,60.00,0.00,6.1725e-08,2.1945e-07,6.8922e-07,2.9606e-06,6.9115e-06,6.9005e-06,4.7705e-06,6.1186e-08,2.0187e-07,4.9209e-07,3.0146e-06,5.7188e-06,6.8339e-06,5.6296e-06
P10,60.00,135.00,60.00,0.00,6.0779e-08,2.1930e-07,6.8908e-07,2.9605e-06,6.9114e-06,6.9004e-06,4.7705e-06,6.0248e-08,2.0171e-07,4.9196e-07,3.0145e-06,5.7187e-06,6.8338e-06,5.6295e-06
P10,60.00,135.00,0.00,0.00,7.3447e-08,2.2084e-07,6.9044e-07,2.9618e-06,6.9121e-06,6.9011e-06,4.7709e-06,7.2767e-08,2.0326e-07,4.9329e-07,3.0158e-06,5.7197e-06,6.8346e-06,5.6300e-06
P10,30.00,0.00,60.00,0.00,5.3505e-08,2.6447e-07,9.6935e-07,3.7955e-06,8.3109e-06,8.2986e-06,5.6501e-06,5.3192e-08,2.3880e-07,6.6428e-07,3.8511e-06,6.9646e-06,8.2158e-06,6.8569e-06
P11,0.00,90.00,60.00,0.00,5.3681e-08,2.8832e-07,9.3336e-07,4.6520e-06,9.4183e-06,9.4061e-06,7.6069e-06,5.3770e-08,2.6215e-07,6.8433e-07,4.6786e-06,8.0841e-06,9.3264e-06,8.5632e-06
P11,60.00,180.00,30.00,0.00,7.0849e-08,2.2675e-07,7.2019e-07,3.6933e-06,7.6446e-06,7.6351e-06,6.0206e-06,7.0789e-08,2.0663e-07,5.4014e-07,3.7308e-06,6.6197e-06,7.5837e-06,6.7882e-06
P11,30.00,180.00,30.00,0.00,6.2337e-08,2.7471e-07,8.8529e-07,4.4910e-06,9.1180e-06,9.1063e-06,7.2673e-06,6.2394e-08,2.4989e-07,6.5181e-07,4.5214e-06,7.8483e-06,9.0342e-06,8.2082e-06
P11,60.00,90.00,60.00,0.00,6.2156e-08,2.2618e-07,7.1923e-07,3.6922e-06,7.6440e-06,7.6345e-06,6.0203e-06,6.2105e-08,2.0610e-07,5.3934e-07,3.7297e-06,6.6190e-06,7.5831e-06,6.7878e-06
P11,60.00,135.00,30.00,0.00,7.0892e-08,2.2675e-07,7.2019e-07,3.6933e-06,7.6446e-06,7.6351e-06,6.0206e-06,7.0831e-08,2.0664e-07,5.4014e-07,3.7308e-06,6.6197e-06,7.5837e-06,6.7882e-06
P11,60.00,90.00,30.00,0.00,7.0993e-08,2.2676e-07,7.2021e-07,3.6934e-06,7.6446e-06,7.6351e-06,6.0206e-06,7.0933e-08,2.0664e-07,5.4015e-07,3.7308e-06,6.6198e-06,7.5837e-06,6.7882e-06
P11,60.00,180.00,0.00,0.00,7.3058e-08,2.2690e-07,7.2042e-07,3.6936e-06,7.6447e-06,7.6352e-06,6.0207e-06,7.2995e-08,2.0677e-07,5.4034e-07,3.7311e-06,6.6199e-06,7.5838e-06,6.7883e-06
P11,60.00,45.00,60.00,0.00,6.2527e-08,2.2621e-07,7.1928e-07,3.6923e-06,7.6440e-06,7.6346e-06,6.0203e-06,6.2476e-08,2.0613e-07,5.3939e-07,3.7297e-06,6.6191e-06,7.5831e-06,6.7878e-06
P11,0.00,180.00,30.00,0.00,6.0195e-08,2.8883e-07,9.3407e-07,4.6528e-06,9.4187e-06,9.4065e-06,7.6071e-06,6.0275e-08,2.6263e-07,6.8496e-07,4.6793e-06,8.0846e-06,9.3268e-06,8.5635e-06
P11,30.00,90.00,0.00,0.00,6.4074e-08,2.7485e-07,8.8547e-07,4.4912e-06,9.1181e-06,9.1064e-06,7.2674e-06,6.4127e-08,2.5002e-07,6.5197e-07,4.5216e-06,7.8484e-06,9.0343e-06,8.2083e-06
P11,0.00,45.00,0.00,0.00,6.1780e-08,2.8895e-07,9.3423e-07,4.6529e-06,9.4188e-06,9.4065e-06,7.6072e-06,6.1856e-08,2.6276e-07,6.8511e-07,4.6795e-06,8.0847e-06,9.3269e-06,8.5635e-06
P11,0.00,0.00,60.00,0.00,5.3681e-08,2.8832e-07,9.3336e-07,4.6520e-06,9.4183e-06,9.4061e-06,7.6069e-06,5.3770e-08,2.6215e-07,6.8433e-07,4.6786e-06,8.0841e-06,9.3264e-06,8.5632e-06
P11,60.00,0.00,0.00,0.00,7.3058e-08,2.2690e-07,7.2042e-07,3.6936e-06,7.6447e-06,7.6352e-06,6.0207e-06,7.2995e-08,2.0677e-07,5.4034e-07,3.7311e-06,6.6199e-06,7.5838e-06,6.7883e-06
P11,30.00,90.00,30.00,0.00,6.2376e-08,2.7472e-07,8.8530e-07,4.4910e-06,9.1180e-06,9.1063e-06,7.2673e-06,6.2433e-08,2.4989e-07,6.5182e-07,4.5214e-06,7.8483e-06,9.0342e-06,8.2082e-06
P11,0.00,135.00,0.00,0.00,6.1780e-08,2.8895e-07,9.3423e-07,4.6529e-06,9.4188e-06,9.4065e-06,7.6072e-06,6.1856e-08,2.6276e-07,6.8511e-07,4.6795e-06,8.0847e-06,9.3269e-06,8.5635e-06
P11,60.00,0.00,30.00,0.00,7.1136e-08,2.2677e-07,7.2023e-07,3.6934e-06,7.6446e-06,7.6351e-06,6.0206e-06,7.1075e-08,2.0666e-07,5.4017e-07,3.7308e-06,6.6198e-06,7.5837e-06,6.7883e-06
P11,30.00,180.00,60.00,0.00,5.5198e-08,2.7417e-07,8.8451e-07,4.4902e-06,9.1176e-06,9.1059e-06,7.2671e-06,5.5263e-08,2.4937e-07,6.5113e-07,4.5205e-06,7.8477e-06,9.0338e-06,8.2079e-06
P11,60.00,90.00,0.00,0.00,7.3058e-08,2.2690e-07,7.2042e-07,3.6936e-06,7.6447e-06,7.6352e-06,6.0207e-06,7.2995e-08,2.0677e-07,5.4034e-07,3.7311e-06,6.6199e-06,7.5838e-06,6.7883e-06
P11,30.00,90.00,60.00,0.00,5.5337e-08,2.7419e-07,8.8452e-07,4.4902e-06,9.1176e-06,9.1059e-06,7.2671e-06,5.5403e-08,2.4938e-07,6.5115e-07,4.5206e-06,7.8477e-06,9.0338e-06,8.2079e-06
P11,0.00,180.00,0.00,0.00,6.1780e-08,2.8895e-07,9.3423e-07,4.6529e-06,9.4188e-06,9.4065e-06,7.6072e-06,6.1856e-08,2.6276e-07,6.8511e-07,4.6795e-06,8.0847e-06,9.3269e-06,8.5635e-06
P11,60.00,45.00,0.00,0.00,7.3058e-08,2.2690e-07,7.2042e-07,3.6936e-06,7.6447e-06,7.6352e-06,6.0207e-06,7.2995e-08,2.0677e-07,5.4034e-07,3.7311e-06,6.6199e-06,7.5838e-06,6.7883e-06
P11,0.00,0.00,0.00,0.00,6.1780e-08,2.8895e-07,9.3423e-07,4.6529e-06,9.4188e-06,9.4065e-06,7.6072e-06,6.1856e-08,2.6276e-07,6.8511e-07,4.6795e-06,8.0847e-06,9.3269e-06,8.5635e-06
P11,30.00,135.00,0.00,0.00,6.4074e-08,2.7485e-07,8.8547e-07,4.4912e-06,9.1181e-06,9.1064e-06,7.2674e-06,6.4127e-08,2.5002e-07,6.5197e-07,4.5216e-06,7.8484e-06,9.0343e-06,8.2083e-06
P11,30.00,45.00,0.00,0.00,6.4074e-08,2.7485e-07,8.8547e-07,4.4912e-06,9.1181e-06,9.1064e-06,7.2674e-06,6.4127e-08,2.5002e-07,6.5197e-07,4.5216e-06,7.8484e-06,9.0343e-06,8.2083e-06
P11,30.00,45.00,30.00,0.00,6.2404e-08,2.7472e-07,8.8530e-07,4.4910e-06,9.1180e-06,9.1063e-06,7.2673e-06,6.2461e-08,2.4989e-07,6.5182e-07,4.5214e-06,7.8483e-06,9.0342e-06,8.2082e-06
P11,0.00,45.00,60.00,0.00,5.3681e-08,2.8832e-07,9.3336e-07,4.6520e-06,9.4183e-06,9.4061e-06,7.6069e-06,5.3770e-08,2.6215e-07,6.8433e-07,4.6786e-06,8.0841e-06,9.3264e-06,8.5632e-06
P11,60.00,180.00,60.00,0.00,6.1607e-08,2.2614e-07,7.1915e-07,3.6922e-06,7.6440e-06,7.6345e-06,6.0202e-06,6.1557e-08,2.0606e-07,5.3928e-07,3.7296e-06,6.6190e-06,7.5831e-06,6.7878e-06
P11,0.00,135.00,30.00,0.00,6.0195e-08,2.8883e-07,9.3407e-07,4.6528e-06,9.4187e-06,9.4065e-06,7.6071e-06,6.0275e-08,2.6263e-07,6.8496e-07,4.6793e-06,8.0846e-06,9.3268e-06,8.5635e-06
P11,0.00,180.00,60.00,0.00,5.3681e-08,2.8832e-07,9.3336e-07,4.6520e-06,9.4183e-06,9.4061e-06,7.6069e-06,5.3770e-08,2.6215e-07,6.8433e-07,4.6786e-06,8.0841e-06,9.3264e-06,8.5632e-06
P11,0.00,45.00,30.00,0.00,6.0195e-08,2.8883e-07,9.3407e-07,4.6528e-06,9.4187e-06,9.4065e-06,7.6071e-06,6.0275e-08,2.6263e-07,6.8496e-07,4.6793e-06,8.0846e-06,9.3268e-06,8.5635e-06
P11,60.00,0.00,60.00,0.00,6.2678e-08,2.2623e-07,7.1930e-07,3.6923e-06,7.6440e-06,7.6346e-06,6.0203e-06,6.2627e-08,2.0614e-07,5.3941e-07,3.7298e-06,6.6191e-06,7.5832e-06,6.7878e-06
P11,60.00,135.00,60.00,0.00,6.1771e-08,2.2615e-07,7.1918e-07,3.6922e-06,7.6440e-06,7.6345e-06,6.0202e-06,6.1720e-08,2.0607e-07,5.3930e-07,3.7296e-06,6.6190e-06,7.5831e-06,6.7878e-06
P11,30.00,135.00,30.00,0.00,6.2348e-08,2.7471e-07,8.8530e-07,4.4910e-06,9.1180e-06,9.1063e-06,7.2673e-06,6.2406e-08,2.4989e-07,6.5181e-07,4.5214e-06,7.8483e-06,9.0342e-06,8.2082e-06
P11,60.00,135.00,0.00,0.00,7.3058e-08,2.2690e-07,7.2042e-07,3.6936e-06,7.6447e-06,7.6352e-06,6.0207e-06,7.2995e-08,2.0677e-07,5.4034e-07,3.7311e-06,6.6199e-06,7.5838e-06,6.7883e-06
P11,30.00,0.00,0.00,0.00,6.4074e-08,2.7485e-07,8.8547e-07,4.4912e-06,9.1181e-06,9.1064e-06,7.2674e-06,6.4127e-08,2.5002e-07,6.5197e-07,4.5216e-06,7.8484e-06,9.0343e-06,8.2083e-06
P11,0.00,135.00,60.00,0.00,5.3681e-08,2.8832e-07,9.3336e-07,4.6520e-06,9.4183e-06,9.4061e-06,7.6069e-06,5.3770e-08,2.6215e-07,6.8433e-07,4.6786e-06,8.0841e-06,9.3264e-06,8.5632e-06
P11,0.00,0.00,30.00,0.00,6.0195e-08,2.8883e-07,9.3407e-07,4.6528e-06,9.4187e-06,9.4065e-06,7.6071e-06,6.0275e-08,2.6263e-07,6.8496e-07,4.6793e-06,8.0846e-06,9.3268e-06,8.5635e-06
P11,30.00,135.00,60.00,0.00,5.5239e-08,2.7418e-07,8.8451e-07,4.4902e-06,9.1176e-06,9.1059e-06,7.2671e-06,5.5304e-08,2.4937e-07,6.5113e-07,4.5206e-06,7.8477e-06,9.0338e-06,8.2079e-06
P11,30.00,0.00,60.00,0.00,5.5475e-08,2.7420e-07,8.8454e-07,4.4902e-06,9.1176e-06,9.1059e-06,7.2671e-06,5.5540e-08,2.4939e-07,6.5116e-07,4.5206e-06,7.8477e-06,9.0338e-06,8.2079e-06
P11,30.00,0.00,30.00,0.00,6.2416e-08,2.7472e-07,8.8530e-07,4.4910e-06,9.1180e-06,9.1063e-06,7.2673e-06,6.2473e-08,2.4989e-07,6.5182e-07,4.5214e-06,7.8483e-06,9.0342e-06,8.2082e-06
P11,30.00,180.00,0.00,0.00,6.4074e-08,2.7485e-07,8.8547e-07,4.4912e-06,9.1181e-06,9.1064e-06,7.2674e-06,6.4127e-08,2.5002e-07,6.5197e-07,4.5216e-06,7.8484e-06,9.0343e-06,8.2083e-06
P11,0.00,90.00,30.00,0.00,6.0195e-08,2.8883e-07,9.3407e-07,4.6528e-06,9.4187e-06,9.4065e-06,7.6071e-06,6.0275e-08,2.6263e-07,6.8496e-07,4.6793e-06,8.0846e-06,9.3268e-06,8.5635e-06
P11,60.00,45.00,30.00,0.00,7.1094e-08,2.2677e-07,7.2022e-07,3.6934e-06,7.6446e-06,7.6351e-06,6.0206e-06,7.1034e-08,2.0665e-07,5.4017e-07,3.7308e-06,6.6198e-06,7.5837e-06,6.7883e-06
P11,30.00,45.00,60.00,0.00,5.5435e-08,2.7420e-07,8.8453e-07,4.4902e-06,9.1176e-06,9.1059e-06,7.2671e-06,5.5500e-08,2.4939e-07,6.5116e-07,4.5206e-06,7.8477e-06,9.0338e-06,8.2079e-06
P11,0.00,90.00,0.00,0.00,6.1780e-08,2.8895e-07,9.3423e-07,4.6529e-06,9.4188e-06,9.4065e-06,7.6072e-06,6.1856e-08,2.6276e-07,6.8511e-07,4.6795e-06,8.0847e-06,9.3269e-06,8.5635e-06
P12,60.00,180.00,30.00,0.00,6.9301e-08,1.8492e-07,5.2034e-07,2.6975e-06,6.2510e-06,6.2416e-06,4.7425e-06,6.8985e-08,1.7122e-07,4.0005e-07,2.7433e-06,5.2372e-06,6.1904e-06,5.3657e-06
P12,60.00,90.00,60.00,0.00,5.8991e-08,1.8341e-07,5.1904e-07,2.6963e-06,6.2503e-06,6.2409e-06,4.7422e-06,5.8750e-08,1.6971e-07,3.9874e-07,2.7420e-06,5.2363e-06,6.1897e-06,5.3652e-06
P12,60.00,45.00,30.00,0.00,6.9572e-08,1.8496e-07,5.2038e-07,2.6976e-06,6.2510e-06,6.2416e-06,4.7426e-06,6.9253e-08,1.7127e-07,4.0010e-07,2.7433e-06,5.2372e-06,6.1904e-06,5.3657e-06
P12,60.00,0.00,0.00,0.00,7.2003e-08,1.8527e-07,5.2063e-07,2.6978e-06,6.2511e-06,6.2417e-06,4.7426e-06,7.1664e-08,1.7157e-07,4.0036e-07,2.7436e-06,5.2374e-06,6.1906e-06,5.3658e-06
P12,30.00,0.00,30.00,0.00,6.0224e-08,2.1439e-07,6.4876e-07,3.5410e-06,7.7492e-06,7.7383e-06,5.6597e-06,6.0058e-08,1.9662e-07,4.8635e-07,3.5915e-06,6.5689e-06,7.6749e-06,6.5965e-06
P12,60.00,45.00,0.00,0.00,7.2003e-08,1.8527e-07,5.2063e-07,2.6978e-06,6.2511e-06,6.2417e-06,4.7426e-06,7.1664e-08,1.7157e-07,4.0036e-07,2.7436e-06,5.2374e-06,6.1906e-06,5.3658e-06
P12,30.00,180.00,30.00,0.00,6.0136e-08,2.1437e-07,6.4875e-07,3.5410e-06,7.7492e-06,7.7383e-06,5.6597e-06,5.9971e-08,1.9660e-07,4.8634e-07,3.5915e-06,6.5689e-06,7.6749e-06,6.5965e-06
P12,0.00,45.00,0.00,0.00,5.9909e-08,2.2422e-07,6.8680e-07,3.7380e-06,8.0853e-06,8.0740e-06,5.9329e-06,5.9759e-08,2.0531e-07,5.1171e-07,3.7871e-06,6.8647e-06,8.0065e-06,6.9236e-06
P12,60.00,135.00,0.00,0.00,7.2003e-08,1.8527e-07,5.2063e-07,2.6978e-06,6.2511e-06,6.2417e-06,4.7426e-06,7.1664e-08,1.7157e-07,4.0036e-07,2.7436e-06,5.2374e-06,6.1906e-06,5.3658e-06
P12,30.00,180.00,60.00,0.00,5.1728e-08,2.1324e-07,6.4781e-07,3.5401e-06,7.7486e-06,7.7377e-06,5.6594e-06,5.1635e-08,1.9547e-07,4.8537e-07,3.5905e-06,6.5683e-06,7.6744e-06,6.5961e-06
P12,0.00,45.00,60.00,0.00,5.0292e-08,2.2299e-07,6.8579e-07,3.7370e-06,8.0847e-06,8.0735e-06,5.9326e-06,5.0236e-08,2.0408e-07,5.1068e-07,3.7861e-06,6.8640e-06,8.0060e-06,6.9232e-06
P12,0.00,180.00,60.00,0.00,5.0292e-08,2.2299e-07,6.8579e-07,3.7370e-06,8.0847e-06,8.0735e-06,5.9326e-06,5.0236e-08,2.0408e-07,5.1068e-07,3.7861e-06,6.8640e-06,8.0060e-06,6.9232e-06
P12,0.00,90.00,60.00,0.00,5.0292e-08,2.2299e-07,6.8579e-07,3.7370e-06,8.0847e-06,8.0735e-06,5.9326e-06,5.0236e-08,2.0408e-07,5.1068e-07,3.7861e-06,6.8640e-06,8.0060e-06,6.9232e-06
P12,0.00,45.00,30.00,0.00,5.7971e-08,2.2400e-07,6.8663e-07,3.7378e-06,8.0852e-06,8.0739e-06,5.9329e-06,5.7844e-08,2.0509e-07,5.1153e-07,3.7870e-06,6.8646e-06,8.0064e-06,6.9235e-06
P12,30.00,45.00,30.00,0.00,6.0211e-08,2.1438e-07,6.4876e-07,3.5410e-06,7.7492e-06,7.7383e-06,5.6597e-06,6.0045e-08,1.9662e-07,4.8635e-07,3.5915e-06,6.5689e-06,7.6749e-06,6.5965e-06
P12,30.00,90.00,0.00,0.00,6.2256e-08,2.1462e-07,6.4895e-07,3.5412e-06,7.7493e-06,7.7384e-06,5.6598e-06,6.2068e-08,1.9685e-07,4.8654e-07,3.5917e-06,6.5691e-06,7.6750e-06,6.5966e-06
P12,60.00,45.00,60.00,0.00,5.9398e-08,1.8349e-07,5.1911e-07,2.6964e-06,6.2503e-06,6.2409e-06,4.7422e-06,5.9154e-08,1.6979e-07,3.9881e-07,2.7421e-06,5.2364e-06,6.1897e-06,5.3653e-06
P12,0.00,0.00,60.00,0.00,5.0292e-08,2.2299e-07,6.8579e-07,3.7370e-06,8.0847e-06,8.0735e-06,5.9326e-06,5.0236e-08,2.0408e-07,5.1068e-07,3.7861e-06,6.8640e-06,8.0060e-06,6.9232e-06
P12,30.00,0.00,60.00,0.00,5.2031e-08,2.1329e-07,6.4785e-07,3.5401e-06,7.7487e-06,7.7378e-06,5.6594e-06,5.1936e-08,1.9552e-07,4.8542e-07,3.5905e-06,6.5683e-06,7.6744e-06,6.5961e-06
P12,60.00,180.00,60.00,0.00,5.8391e-08,1.8329e-07,5.1894e-07,2.6962e-06,6.2502e-06,6.2408e-06,4.7421e-06,5.8153e-08,1.6959e-07,3.9864e-07,2.7419e-06,5.2363e-06,6.1896e-06,5.3652e-06
P12,0.00,135.00,0.00,0.00,5.9909e-08,2.2422e-07,6.8680e-07,3.7380e-06,8.0853e-06,8.0740e-06,5.9329e-06,5.9759e-08,2.0531e-07,5.1171e-07,3.7871e-06,6.8647e-06,8.0065e-06,6.9236e-06
P12,0.00,0.00,30.00,0.00,5.7971e-08,2.2400e-07,6.8663e-07,3.7378e-06,8.0852e-06,8.0739e-06,5.9329e-06,5.7844e-08,2.0509e-07,5.1153e-07,3.7870e-06,6.8646e-06,8.0064e-06,6.9235e-06
P12,30.00,90.00,30.00,0.00,6.0180e-08,2.1438e-07,6.4875e-07,3.5410e-06,7.7492e-06,7.7383e-06,5.6597e-06,6.0014e-08,1.9661e-07,4.8634e-07,3.5915e-06,6.5689e-06,7.6749e-06,6.5965e-06
P12,0.00,90.00,30.00,0.00,5.7971e-08,2.2400e-07,6.8663e-07,3.7378e-06,8.0852e-06,8.0739e-06,5.9329e-06,5.7844e-08,2.0509e-07,5.1153e-07,3.7870e-06,6.8646e-06,8.0064e-06,6.9235e-06
P12,30.00,135.00,60.00,0.00,5.1773e-08,2.1324e-07,6.4781e-07,3.5401e-06,7.7486e-06,7.7377e-06,5.6594e-06,5.1680e-08,1.9547e-07,4.8538e-07,3.5905e-06,6.5683e-06,7.6744e-06,6.5961e-06
P12,30.00,180.00,0.00,0.00,6.2256e-08,2.1462e-07,6.4895e-07,3.5412e-06,7.7493e-06,7.7384e-06,5.6598e-06,6.2068e-08,1.9685e-07,4.8654e-07,3.5917e-06,6.5691e-06,7.6750e-06,6.5966e-06
P12,30.00,135.00,30.00,0.00,6.0149e-08,2.1437e-07,6.4875e-07,3.5410e-06,7.7492e-06,7.7383e-06,5.6597e-06,5.9984e-08,1.9661e-07,4.8634e-07,3.5915e-06,6.5689e-06,7.6749e-06,6.5965e-06
P12,0.00,135.00,30.00,0.00,5.7971e-08,2.2400e-07,6.8663e-07,3.7378e-06,8.0852e-06,8.0739e-06,5.9329e-06,5.7844e-08,2.0509e-07,5.1153e-07,3.7870e-06,6.8646e-06,8.0064e-06,6.9235e-06
P12,60.00,90.00,0.00,0.00,7.2003e-08,1.8527e-07,5.2063e-07,2.6978e-06,6.2511e-06,6.2417e-06,4.7426e-06,7.1664e-08,1.7157e-07,4.0036e-07,2.7436e-06,5.2374e-06,6.1906e-06,5.3658e-06
P12,0.00,90.00,0.00,0.00,5.9909e-08,2.2422e-07,6.8680e-07,3.7380e-06,8.0853e-06,8.0740e-06,5.9329e-06,5.9759e-08,2.0531e-07,5.1171e-07,3.7871e-06,6.8647e-06,8.0065e-06,6.9236e-06
P12,30.00,135.00,0.00,0.00,6.2256e-08,2.1462e-07,6.4895e-07,3.5412e-06,7.7493e-06,7.7384e-06,5.6598e-06,6.2068e-08,1.9685e-07,4.8654e-07,3.5917e-06,6.5691e-06,7.6750e-06,6.5966e-06
P12,60.00,0.00,30.00,0.00,6.9618e-08,1.8497e-07,5.2038e-07,2.6976e-06,6.2510e-06,6.2416e-06,4.7426e-06,6.9299e-08,1.7127e-07,4.0010e-07,2.7433e-06,5.2372e-06,6.1904e-06,5.3657e-06
P12,0.00,135.00,60.00,0.00,5.0292e-08,2.2299e-07,6.8579e-07,3.7370e-06,8.0847e-06,8.0735e-06,5.9326e-06,5.0236e-08,2.0408e-07,5.1068e-07,3.7861e-06,6.8640e-06,8.0060e-06,6.9232e-06
P12,30.00,45.00,0.00,0.00,6.2256e-08,2.1462e-07,6.4895e-07,3.5412e-06,7.7493e-06,7.7384e-06,5.6598e-06,6.2068e-08,1.9685e-07,4.8654e-07,3.5917e-06,6.5691e-06,7.6750e-06,6.5966e-06
P12,0.00,180.00,0.00,0.00,5.9909e-08,2.2422e-07,6.8680e-07,3.7380e-06,8.0853e-06,8.0740e-06,5.9329e-06,5.9759e-08,2.0531e-07,5.1171e-07,3.7871e-06,6.8647e-06,8.0065e-06,6.9236e-06
P12,60.00,180.00,0.00,0.00,7.2003e-08,1.8527e-07,5.2063e-07,2.6978e-06,6.2511e-06,6.2417e-06,4.7426e-06,7.1664e-08,1.7157e-07,4.0036e-07,2.7436e-06,5.2374e-06,6.1906e-06,5.3658e-06
P12,30.00,90.00,60.00,0.00,5.1881e-08,2.1326e-07,6.4783e-07,3.5401e-06,7.7486e-06,7.7377e-06,5.6594e-06,5.1787e-08,1.9549e-07,4.8539e-07,3.5905e-06,6.5683e-06,7.6744e-06,6.5961e-06
P12,60.00,135.00,30.00,0.00,6.9348e-08,1.8492e-07,5.2034e-07,2.6976e-06,6.2510e-06,6.2416e-06,4.7425e-06,6.9031e-08,1.7123e-07,4.0006e-07,2.7433e-06,5.2372e-06,6.1904e-06,5.3657e-06
P12,0.00,0.00,0.00,0.00,5.9909e-08,2.2422e-07,6.8680e-07,3.7380e-06,8.0853e-06,8.0740e-06,5.9329e-06,5.9759e-08,2.0531e-07,5.1171e-07,3.7871e-06,6.8647e-06,8.0065e-06,6.9236e-06
P12,60.00,90.00,30.00,0.00,6.9460e-08,1.8494e-07,5.2036e-07,2.6976e-06,6.2510e-06,6.2416e-06,4.7426e-06,6.9143e-08,1.7125e-07,4.0008e-07,2.7433e-06,5.2372e-06,6.1904e-06,5.3657e-06
P12,30.00,45.00,60.00,0.00,5.1987e-08,2.1328e-07,6.4784e-07,3.5401e-06,7.7487e-06,7.7378e-06,5.6594e-06,5.1893e-08,1.9551e-07,4.8541e-07,3.5905e-06,6.5683e-06,7.6744e-06,6.5961e-06
P12,60.00,135.00,60.00,0.00,5.8570e-08,1.8333e-07,5.1897e-07,2.6963e-06,6.2503e-06,6.2408e-06,4.7422e-06,5.8331e-08,1.6963e-07,3.9867e-07,2.7420e-06,5.2363e-06,6.1897e-06,5.3652e-06
P12,30.00,0.00,0.00,0.00,6.2256e-08,2.1462e-07,6.4895e-07,3.5412e-06,7.7493e-06,7.7384e-06,5.6598e-06,6.2068e-08,1.9685e-07,4.8654e-07,3.5917e-06,6.5691e-06,7.6750e-06,6.5966e-06
P12,0.00,180.00,30.00,0.00,5.7971e-08,2.2400e-07,6.8663e-07,3.7378e-06,8.0852e-06,8.0739e-06,5.9329e-06,5.7844e-08,2.0509e-07,5.1153e-07,3.7870e-06,6.8646e-06,8.0064e-06,6.9235e-06
P12,60.00,0.00,60.00,0.00,5.9562e-08,1.8352e-07,5.1913e-07,2.6964e-06,6.2503e-06,6.2409e-06,4.7422e-06,5.9318e-08,1.6982e-07,3.9883e-07,2.7421e-06,5.2364e-06,6.1897e-06,5.3653e-06
P13,30.00,45.00,0.00,0.00,6.3981e-08,1.9046e-07,6.7648e-07,3.7998e-06,8.2759e-06,8.2639e-06,5.5957e-06,6.3520e-08,1.7186e-07,4.6036e-07,3.8572e-06,6.9671e-06,8.1885e-06,6.8079e-06
P13,30.00,0.00,60.00,0.00,5.3555e-08,1.8953e-07,6.7573e-07,3.7989e-06,8.2754e-06,8.2634e-06,5.5954e-06,5.3264e-08,1.7093e-07,4.5961e-07,3.8563e-06,6.9664e-06,8.1880e-06,6.8075e-06
P13,60.00,90.00,60.00,0.00,6.1077e-08,1.6119e-07,5.0043e-07,2.9664e-06,6.8421e-06,6.8315e-06,4.6900e-06,6.0579e-08,1.4774e-07,3.6191e-07,3.0203e-06,5.6944e-06,6.7728e-06,5.5536e-06
P13,0.00,90.00,60.00,0.00,5.1703e-08,1.9911e-07,7.3279e-07,3.9842e-06,8.5786e-06,8.5662e-06,5.8708e-06,5.1467e-08,1.7889e-07,4.9215e-07,4.0395e-06,7.2347e-06,8.4863e-06,7.1333e-06
P13,30.00,180.00,60.00,0.00,5.3266e-08,1.8949e-07,6.7569e-07,3.7989e-06,8.2754e-06,8.2633e-06,5.5954e-06,5.2979e-08,1.7089e-07,4.5958e-07,3.8562e-06,6.9664e-06,8.1880e-06,6.8075e-06
P13,30.00,90.00,0.00,0.00,6.3981e-08,1.9046e-07,6.7648e-07,3.7998e-06,8.2759e-06,8.2639e-06,5.5957e-06,6.3520e-08,1.7186e-07,4.6036e-07,3.8572e-06,6.9671e-06,8.1885e-06,6.8079e-06
P13,0.00,0.00,0.00,0.00,6.1535e-08,1.9996e-07,7.3348e-07,3.9851e-06,8.5790e-06,8.5667e-06,5.8710e-06,6.1128e-08,1.7975e-07,4.9284e-07,4.0404e-06,7.2353e-06,8.4867e-06,7.1336e-06
P13,30.00,0.00,0.00,0.00,6.3981e-08,1.9046e-07,6.7648e-07,3.7998e-06,8.2759e-06,8.2639e-06,5.5957e-06,6.3520e-08,1.7186e-07,4.6036e-07,3.8572e-06,6.9671e-06,8.1885e-06,6.8079e-06
P13,30.00,90.00,30.00,0.00,6.1745e-08,1.9030e-07,6.7635e-07,3.7996e-06,8.2758e-06,8.2638e-06,5.5957e-06,6.1326e-08,1.7170e-07,4.6023e-07,3.8570e-06,6.9670e-06,8.1884e-06,6.8078e-06
P13,0.00,0.00,30.00,0.00,5.9435e-08,1.9981e-07,7.3336e-07,3.9849e-06,8.5790e-06,8.5666e-06,5.8710e-06,5.9072e-08,1.7960e-07,4.9272e-07,4.0402e-06,7.2352e-06,8.4866e-06,7.1335e-06
P13,60.00,0.00,0.00,0.00,7.4462e-08,1.6254e-07,5.0153e-07,2.9677e-06,6.8428e-06,6.8322e-06,4.6904e-06,7.3776e-08,1.4910e-07,3.6303e-07,3.0217e-06,5.6954e-06,6.7735e-06,5.5541e-06
P13,60.00,135.00,0.00,0.00,7.4462e-08,1.6254e-07,5.0153e-07,2.9677e-06,6.8428e-06,6.8322e-06,4.6904e-06,7.3776e-08,1.4910e-07,3.6303e-07,3.0217e-06,5.6954e-06,6.7735e-06,5.5541e-06
P13,60.00,180.00,30.00,0.00,7.1553e-08,1.6229e-07,5.0132e-07,2.9675e-06,6.8427e-06,6.8320e-06,4.6903e-06,7.0914e-08,1.4885e-07,3.6282e-07,3.0214e-06,5.6952e-06,6.7734e-06,5.5540e-06
P13,60.00,45.00,30.00,0.00,7.1819e-08,1.6233e-07,5.0135e-07,2.9675e-06,6.8427e-06,6.8321e-06,4.6903e-06,7.1175e-08,1.4888e-07,3.6285e-07,3.0214e-06,5.6953e-06,6.7734e-06,5.5540e-06
P13,30.00,45.00,60.00,0.00,5.3513e-08,1.8953e-07,6.7573e-07,3.7989e-06,8.2754e-06,8.2634e-06,5.5954e-06,5.3223e-08,1.7092e-07,4.5961e-07,3.8563e-06,6.9664e-06,8.1880e-06,6.8075e-06
P13,30.00,135.00,30.00,0.00,6.1713e-08,1.9030e-07,6.7634e-07,3.7996e-06,8.2758e-06,8.2638e-06,5.5957e-06,6.1295e-08,1.7169e-07,4.6022e-07,3.8570e-06,6.9670e-06,8.1884e-06,6.8078e-06
P13,0.00,135.00,0.00,0.00,6.1535e-08,1.9996e-07,7.3348e-07,3.9851e-06,8.5790e-06,8.5667e-06,5.8710e-06,6.1128e-08,1.7975e-07,4.9284e-07,4.0404e-06,7.2353e-06,8.4867e-06,7.1336e-06
P13,30.00,0.00,30.00,0.00,6.1789e-08,1.9030e-07,6.7635e-07,3.7996e-06,8.2758e-06,8.2638e-06,5.5957e-06,6.1369e-08,1.7170e-07,4.6023e-07,3.8570e-06,6.9670e-06,8.1884e-06,6.8078e-06
P13,60.00,135.00,30.00,0.00,7.1599e-08,1.6230e-07,5.0133e-07,2.9675e-06,6.8427e-06,6.8321e-06,4.6903e-06,7.0959e-08,1.4885e-07,3.6283e-07,3.0214e-06,5.6952e-06,6.7734e-06,5.5540e-06
P13,60.00,180.00,0.00,0.00,7.4462e-08,1.6254e-07,5.0153e-07,2.9677e-06,6.8428e-06,6.8322e-06,4.6904e-06,7.3776e-08,1.4910e-07,3.6303e-07,3.0217e-06,5.6954e-06,6.7735e-06,5.5541e-06
P13,0.00,45.00,30.00,0.00,5.9435e-08,1.9981e-07,7.3336e-07,3.9849e-06,8.5790e-06,8.5666e-06,5.8710e-06,5.9072e-08,1.7960e-07,4.9272e-07,4.0402e-06,7.2352e-06,8.4866e-06,7.1335e-06
P13,30.00,90.00,60.00,0.00,5.3412e-08,1.8951e-07,6.7571e-07,3.7989e-06,8.2754e-06,8.2633e-06,5.5954e-06,5.3123e-08,1.7091e-07,4.5959e-07,3.8562e-06,6.9664e-06,8.1880e-06,6.8075e-06
P13,30.00,180.00,0.00,0.00,6.3981e-08,1.9046e-07,6.7648e-07,3.7998e-06,8.2759e-06,8.2639e-06,5.5957e-06,6.3520e-08,1.7186e-07,4.6036e-07,3.8572e-06,6.9671e-06,8.1885e-06,6.8079e-06
P13,30.00,45.00,30.00,0.00,6.1776e-08,1.9030e-07,6.7635e-07,3.7996e-06,8.2758e-06,8.2638e-06,5.5957e-06,6.1356e-08,1.7170e-07,4.6023e-07,3.8570e-06,6.9670e-06,8.1884e-06,6.8078e-06
P13,0.00,135.00,30.00,0.00,5.9435e-08,1.9981e-07,7.3336e-07,3.9849e-06,8.5790e-06,8.5666e-06,5.8710e-06,5.9072e-08,1.7960e-07,4.9272e-07,4.0402e-06,7.2352e-06,8.4866e-06,7.1335e-06
P13,60.00,45.00,60.00,0.00,6.1467e-08,1.6125e-07,5.0047e-07,2.9665e-06,6.8421e-06,6.8315e-06,4.6900e-06,6.0964e-08,1.4780e-07,3.6196e-07,3.0204e-06,5.6945e-06,6.7728e-06,5.5536e-06
P13,0.00,135.00,60.00,0.00,5.1703e-08,1.9911e-07,7.3279e-07,3.9842e-06,8.5786e-06,8.5662e-06,5.8708e-06,5.1467e-08,1.7889e-07,4.9215e-07,4.0395e-06,7.2347e-06,8.4863e-06,7.1333e-06
P13,0.00,45.00,0.00,0.00,6.1535e-08,1.9996e-07,7.3348e-07,3.9851e-06,8.5790e-06,8.5667e-06,5.8710e-06,6.1128e-08,1.7975e-07,4.9284e-07,4.0404e-06,7.2353e-06,8.4867e-06,7.1336e-06
P13,30.00,135.00,0.00,0.00,6.3981e-08,1.9046e-07,6.7648e-07,3.7998e-06,8.2759e-06,8.2639e-06,5.5957e-06,6.3520e-08,1.7186e-07,4.6036e-07,3.8572e-06,6.9671e-06,8.1885e-06,6.8079e-06
P13,0.00,180.00,30.00,0.00,5.9435e-08,1.9981e-07,7.3336e-07,3.9849e-06,8.5790e-06,8.5666e-06,5.8710e-06,5.9072e-08,1.7960e-07,4.9272e-07,4.0402e-06,7.2352e-06,8.4866e-06,7.1335e-06
P13,0.00,0.00,60.00,0.00,5.1703e-08,1.9911e-07,7.3279e-07,3.9842e-06,8.5786e-06,8.5662e-06,5.8708e-06,5.1467e-08,1.7889e-07,4.9215e-07,4.0395e-06,7.2347e-06,8.4863e-06,7.1333e-06
P13,60.00,135.00,60.00,0.00,6.0674e-08,1.6112e-07,5.0038e-07,2.9664e-06,6.8421e-06,6.8314e-06,4.6900e-06,6.0180e-08,1.4768e-07,3.6186e-07,3.0203e-06,5.6944e-06,6.7727e-06,5.5536e-06
P13,60.00,90.00,0.00,0.00,7.4462e-08,1.6254e-07,5.0153e-07,2.9677e-06,6.8428e-06,6.8322e-06,4.6904e-06,7.3776e-08,1.4910e-07,3.6303e-07,3.0217e-06,5.6954e-06,6.7735e-06,5.5541e-06
P13,0.00,90.00,0.00,0.00,6.1535e-08,1.9996e-07,7.3348e-07,3.9851e-06,8.5790e-06,8.5667e-06,5.8710e-06,6.1128e-08,1.7975e-07,4.9284e-07,4.0404e-06,7.2353e-06,8.4867e-06,7.1336e-06
P13,0.00,45.00,60.00,0.00,5.1703e-08,1.9911e-07,7.3279e-07,3.9842e-06,8.5786e-06,8.5662e-06,5.8708e-06,5.1467e-08,1.7889e-07,4.9215e-07,4.0395e-06,7.2347e-06,8.4863e-06,7.1333e-06
P13,0.00,90.00,30.00,0.00,5.9435e-08,1.9981e-07,7.3336e-07,3.9849e-06,8.5790e-06,8.5666e-06,5.8710e-06,5.9072e-08,1.7960e-07,4.9272e-07,4.0402e-06,7.2352e-06,8.4866e-06,7.1335e-06
P13,30.00,135.00,60.00,0.00,5.3309e-08,1.8950e-07,6.7570e-07,3.7989e-06,8.2754e-06,8.2633e-06,5.5954e-06,5.3021e-08,1.7090e-07,4.5958e-07,3.8562e-06,6.9664e-06,8.1880e-06,6.8075e-06
P13,0.00,180.00,60.00,0.00,5.1703e-08,1.9911e-07,7.3279e-07,3.9842e-06,8.5786e-06,8.5662e-06,5.8708e-06,5.1467e-08,1.7889e-07,4.9215e-07,4.0395e-06,7.2347e-06,8.4863e-06,7.1333e-06
P13,60.00,90.00,30.00,0.00,7.1709e-08,1.6231e-07,5.0134e-07,2.9675e-06,6.8427e-06,6.8321e-06,4.6903e-06,7.1067e-08,1.4887e-07,3.6284e-07,3.0214e-06,5.6953e-06,6.7734e-06,5.5540e-06
P13,60.00,180.00,60.00,0.00,6.0503e-08,1.6110e-07,5.0035e-07,2.9664e-06,6.8421e-06,6.8314e-06,4.6900e-06,6.0010e-08,1.4765e-07,3.6184e-07,3.0203e-06,5.6944e-06,6.7727e-06,5.5536e-06
P13,0.00,180.00,0.00,0.00,6.1535e-08,1.9996e-07,7.3348e-07,3.9851e-06,8.5790e-06,8.5667e-06,5.8710e-06,6.1128e-08,1.7975e-07,4.9284e-07,4.0404e-06,7.2353e-06,8.4867e-06,7.1336e-06
P13,60.00,0.00,30.00,0.00,7.1864e-08,1.6233e-07,5.0135e-07,2.9675e-06,6.8427e-06,6.8321e-06,4.6903e-06,7.1220e-08,1.4889e-07,3.6286e-07,3.0214e-06,5.6953e-06,6.7734e-06,5.5540e-06
P13,30.00,180.00,30.00,0.00,6.1700e-08,1.9029e-07,6.7634e-07,3.7996e-06,8.2758e-06,8.2638e-06,5.5957e-06,6.1283e-08,1.7169e-07,4.6022e-07,3.8570e-06,6.9670e-06,8.1884e-06,6.8078e-06
P13,60.00,0.00,60.00,0.00,6.1624e-08,1.6127e-07,5.0049e-07,2.9665e-06,6.8421e-06,6.8315e-06,4.6900e-06,6.1120e-08,1.4782e-07,3.6198e-07,3.0204e-06,5.6945e-06,6.7728e-06,5.5536e-06
P13,60.00,45.00,0.00,0.00,7.4462e-08,1.6254e-07,5.0153e-07,2.9677e-06,6.8428e-06,6.8322e-06,4.6904e-06,7.3776e-08,1.4910e-07,3.6303e-07,3.0217e-06,5.6954e-06,6.7735e-06,5.5541e-06
P14,60.00,45.00,30.00,0.00,6.9245e-08,3.3336e-07,9.3128e-07,3.4321e-06,7.2544e-06,7.2448e-06,5.9602e-06,6.9208e-08,3.0898e-07,7.3623e-07,3.4633e-06,6.2136e-06,7.1836e-06,6.6152e-06
P14,60.00,135.00,30.00,0.00,6.9040e-08,3.3332e-07,9.3125e-07,3.4321e-06,7.2544e-06,7.2448e-06,5.9602e-06,6.9003e-08,3.0894e-07,7.3619e-07,3.4633e-06,6.2135e-06,7.1836e-06,6.6152e-06
P14,0.00,90.00,60.00,0.00,5.1765e-08,4.4330e-07,1.2083e-06,4.3784e-06,8.9763e-06,8.9644e-06,7.4691e-06,5.1886e-08,4.1195e-07,9.5329e-07,4.4019e-06,7.6780e-06,8.8819e-06,8.3011e-06
P14,0.00,135.00,30.00,0.00,5.8297e-08,4.4419e-07,1.2091e-06,4.3792e-06,8.9767e-06,8.9648e-06,7.4694e-06,5.8418e-08,4.1283e-07,9.5410e-07,4.4027e-06,7.6785e-06,8.8823e-06,8.3014e-06
P14,60.00,90.00,60.00,0.00,6.0248e-08,3.3217e-07,9.2999e-07,3.4309e-06,7.2537e-06,7.2442e-06,5.9598e-06,6.0214e-08,3.0781e-07,7.3503e-07,3.4621e-06,6.2128e-06,7.1830e-06,6.6147e-06
P14,60.00,90.00,30.00,0.00,6.9143e-08,3.3334e-07,9.3127e-07,3.4321e-06,7.2544e-06,7.2448e-06,5.9602e-06,6.9106e-08,3.0896e-07,7.3621e-07,3.4633e-06,6.2136e-06,7.1836e-06,6.6152e-06
P14,0.00,0.00,0.00,0.00,5.9843e-08,4.4439e-07,1.2093e-06,4.3794e-06,8.9768e-06,8.9649e-06,7.4695e-06,5.9964e-08,4.1303e-07,9.5429e-07,4.4029e-06,7.6786e-06,8.8824e-06,8.3015e-06
P14,0.00,135.00,0.00,0.00,5.9843e-08,4.4439e-07,1.2093e-06,4.3794e-06,8.9768e-06,8.9649e-06,7.4695e-06,5.9964e-08,4.1303e-07,9.5429e-07,4.4029e-06,7.6786e-06,8.8824e-06,8.3015e-06
P14,30.00,180.00,0.00,0.00,6.2103e-08,4.2050e-07,1.1514e-06,4.2127e-06,8.6739e-06,8.6625e-06,7.1467e-06,6.2199e-08,3.9056e-07,9.0868e-07,4.2391e-06,7.4294e-06,8.5857e-06,7.9623e-06
P14,60.00,135.00,60.00,0.00,5.9857e-08,3.3211e-07,9.2992e-07,3.4308e-06,7.2537e-06,7.2442e-06,5.9597e-06,5.9823e-08,3.0774e-07,7.3496e-07,3.4620e-06,6.2128e-06,7.1830e-06,6.6147e-06
P14,30.00,180.00,30.00,0.00,6.0402e-08,4.2027e-07,1.1512e-06,4.2125e-06,8.6738e-06,8.6624e-06,7.1466e-06,6.0497e-08,3.9034e-07,9.0847e-07,4.2389e-06,7.4292e-06,8.5856e-06,7.9622e-06
P14,30.00,45.00,60.00,0.00,5.3469e-08,4.1934e-07,1.1503e-06,4.2116e-06,8.6734e-06,8.6620e-06,7.1463e-06,5.3563e-08,3.8942e-07,9.0760e-07,4.2380e-06,7.4287e-06,8.5851e-06,7.9619e-06
P14,0.00,180.00,60.00,0.00,5.1765e-08,4.4330e-07,1.2083e-06,4.3784e-06,8.9763e-06,8.9644e-06,7.4691e-06,5.1886e-08,4.1195e-07,9.5329e-07,4.4019e-06,7.6780e-06,8.8819e-06,8.3011e-06
P14,0.00,0.00,60.00,0.00,5.1765e-08,4.4330e-07,1.2083e-06,4.3784e-06,8.9763e-06,8.9644e-06,7.4691e-06,5.1886e-08,4.1195e-07,9.5329e-07,4.4019e-06,7.6780e-06,8.8819e-06,8.3011e-06
P14,0.00,90.00,30.00,0.00,5.8297e-08,4.4419e-07,1.2091e-06,4.3792e-06,8.9767e-06,8.9648e-06,7.4694e-06,5.8418e-08,4.1283e-07,9.5410e-07,4.4027e-06,7.6785e-06,8.8823e-06,8.3014e-06
P14,0.00,90.00,0.00,0.00,5.9843e-08,4.4439e-07,1.2093e-06,4.3794e-06,8.9768e-06,8.9649e-06,7.4695e-06,5.9964e-08,4.1303e-07,9.5429e-07,4.4029e-06,7.6786e-06,8.8824e-06,8.3015e-06
P14,0.00,180.00,30.00,0.00,5.8297e-08,4.4419e-07,1.2091e-06,4.3792e-06,8.9767e-06,8.9648e-06,7.4694e-06,5.8418e-08,4.1283e-07,9.5410e-07,4.4027e-06,7.6785e-06,8.8823e-06,8.3014e-06
P14,30.00,135.00,30.00,0.00,6.0413e-08,4.2028e-07,1.1512e-06,4.2125e-06,8.6738e-06,8.6624e-06,7.1466e-06,6.0509e-08,3.9034e-07,9.0847e-07,4.2389e-06,7.4292e-06,8.5856e-06,7.9622e-06
P14,0.00,45.00,60.00,0.00,5.1765e-08,4.4330e-07,1.2083e-06,4.3784e-06,8.9763e-06,8.9644e-06,7.4691e-06,5.1886e-08,4.1195e-07,9.5329e-07,4.4019e-06,7.6780e-06,8.8819e-06,8.3011e-06
P14,30.00,45.00,30.00,0.00,6.0469e-08,4.2029e-07,1.1512e-06,4.2125e-06,8.6738e-06,8.6624e-06,7.1466e-06,6.0564e-08,3.9035e-07,9.0848e-07,4.2389e-06,7.4292e-06,8.5856e-06,7.9622e-06
P14,0.00,45.00,0.00,0.00,5.9843e-08,4.4439e-07,1.2093e-06,4.3794e-06,8.9768e-06,8.9649e-06,7.4695e-06,5.9964e-08,4.1303e-07,9.5429e-07,4.4029e-06,7.6786e-06,8.8824e-06,8.3015e-06
P14,30.00,90.00,0.00,0.00,6.2103e-08,4.2050e-07,1.1514e-06,4.2127e-06,8.6739e-06,8.6625e-06,7.1467e-06,6.2199e-08,3.9056e-07,9.0868e-07,4.2391e-06,7.4294e-06,8.5857e-06,7.9623e-06
P14,30.00,180.00,60.00,0.00,5.3228e-08,4.1930e-07,1.1502e-06,4.2116e-06,8.6734e-06,8.6620e-06,7.1463e-06,5.3322e-08,3.8937e-07,9.0756e-07,4.2380e-06,7.4287e-06,8.5851e-06,7.9618e-06
P14,30.00,0.00,30.00,0.00,6.0480e-08,4.2029e-07,1.1512e-06,4.2125e-06,8.6738e-06,8.6624e-06,7.1466e-06,6.0576e-08,3.9035e-07,9.0848e-07,4.2389e-06,7.4292e-06,8.5856e-06,7.9622e-06
P14,60.00,45.00,60.00,0.00,6.0627e-08,3.3224e-07,9.3006e-07,3.4309e-06,7.2538e-06,7.2442e-06,5.9598e-06,6.0593e-08,3.0787e-07,7.3510e-07,3.4622e-06,6.2128e-06,7.1830e-06,6.6147e-06
P14,60.00,0.00,0.00,0.00,7.1177e-08,3.3360e-07,9.3154e-07,3.4323e-06,7.2545e-06,7.2450e-06,5.9603e-06,7.1139e-08,3.0922e-07,7.3647e-07,3.4636e-06,6.2137e-06,7.1838e-06,6.6153e-06
P14,30.00,0.00,0.00,0.00,6.2103e-08,4.2050e-07,1.1514e-06,4.2127e-06,8.6739e-06,8.6625e-06,7.1467e-06,6.2199e-08,3.9056e-07,9.0868e-07,4.2391e-06,7.4294e-06,8.5857e-06,7.9623e-06
P14,60.00,45.00,0.00,0.00,7.1177e-08,3.3360e-07,9.3154e-07,3.4323e-06,7.2545e-06,7.2450e-06,5.9603e-06,7.1139e-08,3.0922e-07,7.3647e-07,3.4636e-06,6.2137e-06,7.1838e-06,6.6153e-06
P14,30.00,135.00,60.00,0.00,5.3269e-08,4.1931e-07,1.1503e-06,4.2116e-06,8.6734e-06,8.6620e-06,7.1463e-06,5.3364e-08,3.8938e-07,9.0756e-07,4.2380e-06,7.4287e-06,8.5851e-06,7.9618e-06
P14,60.00,180.00,60.00,0.00,5.9690e-08,3.3208e-07,9.2989e-07,3.4308e-06,7.2537e-06,7.2442e-06,5.9597e-06,5.9656e-08,3.0771e-07,7.3493e-07,3.4620e-06,6.2128e-06,7.1829e-06,6.6147e-06
P14,0.00,180.00,0.00,0.00,5.9843e-08,4.4439e-07,1.2093e-06,4.3794e-06,8.9768e-06,8.9649e-06,7.4695e-06,5.9964e-08,4.1303e-07,9.5429e-07,4.4029e-06,7.6786e-06,8.8824e-06,8.3015e-06
P14,60.00,180.00,30.00,0.00,6.8997e-08,3.3332e-07,9.3124e-07,3.4321e-06,7.2544e-06,7.2448e-06,5.9602e-06,6.8960e-08,3.0893e-07,7.3619e-07,3.4633e-06,6.2135e-06,7.1836e-06,6.6152e-06
P14,0.00,45.00,30.00,0.00,5.8297e-08,4.4419e-07,1.2091e-06,4.3792e-06,8.9767e-06,8.9648e-06,7.4694e-06,5.8418e-08,4.1283e-07,9.5410e-07,4.4027e-06,7.6785e-06,8.8823e-06,8.3014e-06
P14,60.00,180.00,0.00,0.00,7.1177e-08,3.3360e-07,9.3154e-07,3.4323e-06,7.2545e-06,7.2450e-06,5.9603e-06,7.1139e-08,3.0922e-07,7.3647e-07,3.4636e-06,6.2137e-06,7.1838e-06,6.6153e-06
P14,0.00,0.00,30.00,0.00,5.8297e-08,4.4419e-07,1.2091e-06,4.3792e-06,8.9767e-06,8.9648e-06,7.4694e-06,5.8418e-08,4.1283e-07,9.5410e-07,4.4027e-06,7.6785e-06,8.8823e-06,8.3014e-06
P14,30.00,135.00,0.00,0.00,6.2103e-08,4.2050e-07,1.1514e-06,4.2127e-06,8.6739e-06,8.6625e-06,7.1467e-06,6.2199e-08,3.9056e-07,9.0868e-07,4.2391e-06,7.4294e-06,8.5857e-06,7.9623e-06
P14,60.00,135.00,0.00,0.00,7.1177e-08,3.3360e-07,9.3154e-07,3.4323e-06,7.2545e-06,7.2450e-06,5.9603e-06,7.1139e-08,3.0922e-07,7.3647e-07,3.4636e-06,6.2137e-06,7.1838e-06,6.6153e-06
P14,0.00,135.00,60.00,0.00,5.1765e-08,4.4330e-07,1.2083e-06,4.3784e-06,8.9763e-06,8.9644e-06,7.4691e-06,5.1886e-08,4.1195e-07,9.5329e-07,4.4019e-06,7.6780e-06,8.8819e-06,8.3011e-06
P14,60.00,0.00,60.00,0.00,6.0780e-08,3.3227e-07,9.3009e-07,3.4310e-06,7.2538e-06,7.2442e-06,5.9598e-06,6.0746e-08,3.0790e-07,7.3513e-07,3.4622e-06,6.2129e-06,7.1830e-06,6.6147e-06
P14,60.00,0.00,30.00,0.00,6.9287e-08,3.3337e-07,9.3129e-07,3.4321e-06,7.2544e-06,7.2448e-06,5.9602e-06,6.9250e-08,3.0899e-07,7.3624e-07,3.4633e-06,6.2136e-06,7.1836e-06,6.6152e-06
P14,60.00,90.00,0.00,0.00,7.1177e-08,3.3360e-07,9.3154e-07,3.4323e-06,7.2545e-06,7.2450e-06,5.9603e-06,7.1139e-08,3.0922e-07,7.3647e-07,3.4636e-06,6.2137e-06,7.1838e-06,6.6153e-06
P14,30.00,90.00,60.00,0.00,5.3370e-08,4.1933e-07,1.1503e-06,4.2116e-06,8.6734e-06,8.6620e-06,7.1463e-06,5.3464e-08,3.8940e-07,9.0758e-07,4.2380e-06,7.4287e-06,8.5851e-06,7.9619e-06
P14,30.00,0.00,60.00,0.00,5.3510e-08,4.1935e-07,1.1503e-06,4.2116e-06,8.6734e-06,8.6620e-06,7.1463e-06,5.3604e-08,3.8942e-07,9.0760e-07,4.2381e-06,7.4287e-06,8.5851e-06,7.9619e-06
P14,30.00,45.00,0.00,0.00,6.2103e-08,4.2050e-07,1.1514e-06,4.2127e-06,8.6739e-06,8.6625e-06,7.1467e-06,6.2199e-08,3.9056e-07,9.0868e-07,4.2391e-06,7.4294e-06,8.5857e-06,7.9623e-06
P14,30.00,90.00,30.00,0.00,6.0441e-08,4.2028e-07,1.1512e-06,4.2125e-06,8.6738e-06,8.6624e-06,7.1466e-06,6.0536e-08,3.9035e-07,9.0848e-07,4.2389e-06,7.4292e-06,8.5856e-06,7.9622e-06
P15,30.00,45.00,30.00,0.00,6.0713e-08,2.3984e-07,1.1475e-06,3.7115e-06,8.1138e-06,8.1015e-06,5.0221e-06,6.0253e-08,2.0763e-07,7.8985e-07,3.7621e-06,6.7812e-06,8.0142e-06,6.5965e-06
P15,0.00,90.00,60.00,0.00,5.1575e-08,2.6945e-07,1.2526e-06,3.9121e-06,8.4376e-06,8.4250e-06,5.3669e-06,5.1272e-08,2.3425e-07,8.7385e-07,3.9588e-06,7.0695e-06,8.3332e-06,6.9728e-06
P15,30.00,180.00,60.00,0.00,5.3194e-08,2.3899e-07,1.1467e-06,3.7108e-06,8.1134e-06,8.1011e-06,5.0218e-06,5.2831e-08,2.0679e-07,7.8906e-07,3.7614e-06,6.7807e-06,8.0138e-06,6.5962e-06
P15,60.00,0.00,30.00,0.00,7.1045e-08,1.5474e-07,7.5566e-07,2.8012e-06,6.5761e-06,6.5654e-06,3.8126e-06,7.0321e-08,1.3395e-07,5.0127e-07,2.8582e-06,5.4160e-06,6.4964e-06,5.0856e-06
P15,30.00,90.00,0.00,0.00,6.2533e-08,2.4001e-07,1.1477e-06,3.7116e-06,8.1139e-06,8.1016e-06,5.0221e-06,6.2045e-08,2.0780e-07,7.9001e-07,3.7622e-06,6.7814e-06,8.0143e-06,6.5966e-06
P15,30.00,45.00,60.00,0.00,5.3429e-08,2.3903e-07,1.1467e-06,3.7108e-06,8.1134e-06,8.1012e-06,5.0219e-06,5.3063e-08,2.0682e-07,7.8909e-07,3.7614e-06,6.7808e-06,8.0138e-06,6.5963e-06
P15,0.00,135.00,30.00,0.00,5.8337e-08,2.7019e-07,1.2534e-06,3.9127e-06,8.4379e-06,8.4254e-06,5.3671e-06,5.7944e-08,2.3499e-07,8.7455e-07,3.9594e-06,7.0700e-06,8.3336e-06,6.9731e-06
P15,30.00,180.00,0.00,0.00,6.2533e-08,2.4001e-07,1.1477e-06,3.7116e-06,8.1139e-06,8.1016e-06,5.0221e-06,6.2045e-08,2.0780e-07,7.9001e-07,3.7622e-06,6.7814e-06,8.0143e-06,6.5966e-06
P15,30.00,135.00,60.00,0.00,5.3235e-08,2.3900e-07,1.1467e-06,3.7108e-06,8.1134e-06,8.1012e-06,5.0218e-06,5.2871e-08,2.0680e-07,7.8906e-07,3.7614e-06,6.7807e-06,8.0138e-06,6.5963e-06
P15,0.00,45.00,0.00,0.00,6.0053e-08,2.7036e-07,1.2535e-06,3.9128e-06,8.4380e-06,8.4254e-06,5.3672e-06,5.9631e-08,2.3515e-07,8.7470e-07,3.9595e-06,7.0701e-06,8.3336e-06,6.9731e-06
P15,0.00,0.00,60.00,0.00,5.1575e-08,2.6945e-07,1.2526e-06,3.9121e-06,8.4376e-06,8.4250e-06,5.3669e-06,5.1272e-08,2.3425e-07,8.7385e-07,3.9588e-06,7.0695e-06,8.3332e-06,6.9728e-06
P15,30.00,135.00,30.00,0.00,6.0658e-08,2.3983e-07,1.1475e-06,3.7115e-06,8.1138e-06,8.1015e-06,5.0221e-06,6.0199e-08,2.0762e-07,7.8984e-07,3.7621e-06,6.7812e-06,8.0142e-06,6.5965e-06
P15,60.00,135.00,60.00,0.00,6.0853e-08,1.5351e-07,7.5449e-07,2.8002e-06,6.5755e-06,6.5648e-06,3.8122e-06,6.0249e-08,1.3273e-07,5.0015e-07,2.8571e-06,5.4152e-06,6.4958e-06,5.0852e-06
P15,60.00,180.00,0.00,0.00,7.3254e-08,1.5496e-07,7.5588e-07,2.8014e-06,6.5762e-06,6.5655e-06,3.8126e-06,7.2501e-08,1.3417e-07,5.0148e-07,2.8584e-06,5.4161e-06,6.4965e-06,5.0857e-06
P15,30.00,90.00,30.00,0.00,6.0685e-08,2.3984e-07,1.1475e-06,3.7115e-06,8.1138e-06,8.1015e-06,5.0221e-06,6.0226e-08,2.0763e-07,7.8984e-07,3.7621e-06,6.7812e-06,8.0142e-06,6.5965e-06
P15,0.00,0.00,0.00,0.00,6.0053e-08,2.7036e-07,1.2535e-06,3.9128e-06,8.4380e-06,8.4254e-06,5.3672e-06,5.9631e-08,2.3515e-07,8.7470e-07,3.9595e-06,7.0701e-06,8.3336e-06,6.9731e-06
P15,0.00,180.00,60.00,0.00,5.1575e-08,2.6945e-07,1.2526e-06,3.9121e-06,8.4376e-06,8.4250e-06,5.3669e-06,5.1272e-08,2.3425e-07,8.7385e-07,3.9588e-06,7.0695e-06,8.3332e-06,6.9728e-06
P15,0.00,180.00,0.00,0.00,6.0053e-08,2.7036e-07,1.2535e-06,3.9128e-06,8.4380e-06,8.4254e-06,5.3672e-06,5.9631e-08,2.3515e-07,8.7470e-07,3.9595e-06,7.0701e-06,8.3336e-06,6.9731e-06
P15,60.00,135.00,30.00,0.00,7.0797e-08,1.5470e-07,7.5563e-07,2.8012e-06,6.5760e-06,6.5653e-06,3.8126e-06,7.0076e-08,1.3392e-07,5.0124e-07,2.8581e-06,5.4160e-06,6.4964e-06,5.0856e-06
P15,60.00,135.00,0.00,0.00,7.3254e-08,1.5496e-07,7.5588e-07,2.8014e-06,6.5762e-06,6.5655e-06,3.8126e-06,7.2501e-08,1.3417e-07,5.0148e-07,2.8584e-06,5.4161e-06,6.4965e-06,5.0857e-06
P15,60.00,90.00,0.00,0.00,7.3254e-08,1.5496e-07,7.5588e-07,2.8014e-06,6.5762e-06,6.5655e-06,3.8126e-06,7.2501e-08,1.3417e-07,5.0148e-07,2.8584e-06,5.4161e-06,6.4965e-06,5.0857e-06
P15,0.00,135.00,60.00,0.00,5.1575e-08,2.6945e-07,1.2526e-06,3.9121e-06,8.4376e-06,8.4250e-06,5.3669e-06,5.1272e-08,2.3425e-07,8.7385e-07,3.9588e-06,7.0695e-06,8.3332e-06,6.9728e-06
P15,60.00,90.00,60.00,0.00,6.1249e-08,1.5357e-07,7.5455e-07,2.8002e-06,6.5755e-06,6.5648e-06,3.8123e-06,6.0641e-08,1.3279e-07,5.0020e-07,2.8571e-06,5.4152e-06,6.4958e-06,5.0852e-06
P15,0.00,135.00,0.00,0.00,6.0053e-08,2.7036e-07,1.2535e-06,3.9128e-06,8.4380e-06,8.4254e-06,5.3672e-06,5.9631e-08,2.3515e-07,8.7470e-07,3.9595e-06,7.0701e-06,8.3336e-06,6.9731e-06
P15,60.00,0.00,60.00,0.00,6.1784e-08,1.5365e-07,7.5463e-07,2.8003e-06,6.5755e-06,6.5648e-06,3.8123e-06,6.1172e-08,1.3287e-07,5.0028e-07,2.8572e-06,5.4153e-06,6.4959e-06,5.0852e-06
P15,60.00,180.00,30.00,0.00,7.0754e-08,1.5470e-07,7.5563e-07,2.8012e-06,6.5760e-06,6.5653e-06,3.8125e-06,7.0034e-08,1.3391e-07,5.0124e-07,2.8581e-06,5.4160e-06,6.4964e-06,5.0856e-06
P15,0.00,0.00,30.00,0.00,5.8337e-08,2.7019e-07,1.2534e-06,3.9127e-06,8.4379e-06,8.4254e-06,5.3671e-06,5.7944e-08,2.3499e-07,8.7455e-07,3.9594e-06,7.0700e-06,8.3336e-06,6.9731e-06
P15,60.00,90.00,30.00,0.00,7.0900e-08,1.5472e-07,7.5564e-07,2.8012e-06,6.5761e-06,6.5653e-06,3.8126e-06,7.0178e-08,1.3393e-07,5.0125e-07,2.8581e-06,5.4160e-06,6.4964e-06,5.0856e-06
P15,0.00,90.00,30.00,0.00,5.8337e-08,2.7019e-07,1.2534e-06,3.9127e-06,8.4379e-06,8.4254e-06,5.3671e-06,5.7944e-08,2.3499e-07,8.7455e-07,3.9594e-06,7.0700e-06,8.3336e-06,6.9731e-06
P15,0.00,90.00,0.00,0.00,6.0053e-08,2.7036e-07,1.2535e-06,3.9128e-06,8.4380e-06,8.4254e-06,5.3672e-06,5.9631e-08,2.3515e-07,8.7470e-07,3.9595e-06,7.0701e-06,8.3336e-06,6.9731e-06
P15,30.00,90.00,60.00,0.00,5.3332e-08,2.3901e-07,1.1467e-06,3.7108e-06,8.1134e-06,8.1012e-06,5.0219e-06,5.2967e-08,2.0681e-07,7.8907e-07,3.7614e-06,6.7807e-06,8.0138e-06,6.5963e-06
P15,30.00,135.00,0.00,0.00,6.2533e-08,2.4001e-07,1.1477e-06,3.7116e-06,8.1139e-06,8.1016e-06,5.0221e-06,6.2045e-08,2.0780e-07,7.9001e-07,3.7622e-06,6.7814e-06,8.0143e-06,6.5966e-06
P15,60.00,180.00,60.00,0.00,6.0685e-08,1.5348e-07,7.5446e-07,2.8002e-06,6.5755e-06,6.5647e-06,3.8122e-06,6.0082e-08,1.3270e-07,5.0012e-07,2.8571e-06,5.4152e-06,6.4958e-06,5.0852e-06
P15,30.00,0.00,0.00,0.00,6.2533e-08,2.4001e-07,1.1477e-06,3.7116e-06,8.1139e-06,8.1016e-06,5.0221e-06,6.2045e-08,2.0780e-07,7.9001e-07,3.7622e-06,6.7814e-06,8.0143e-06,6.5966e-06
P15,0.00,180.00,30.00,0.00,5.8337e-08,2.7019e-07,1.2534e-06,3.9127e-06,8.4379e-06,8.4254e-06,5.3671e-06,5.7944e-08,2.3499e-07,8.7455e-07,3.9594e-06,7.0700e-06,8.3336e-06,6.9731e-06
P15,30.00,0.00,30.00,0.00,6.0724e-08,2.3984e-07,1.1475e-06,3.7115e-06,8.1138e-06,8.1015e-06,5.0221e-06,6.0264e-08,2.0763e-07,7.8985e-07,3.7621e-06,6.7812e-06,8.0142e-06,6.5965e-06
P15,0.00,45.00,30.00,0.00,5.8337e-08,2.7019e-07,1.2534e-06,3.9127e-06,8.4379e-06,8.4254e-06,5.3671e-06,5.7944e-08,2.3499e-07,8.7455e-07,3.9594e-06,7.0700e-06,8.3336e-06,6.9731e-06
P15,60.00,45.00,30.00,0.00,7.1003e-08,1.5473e-07,7.5566e-07,2.8012e-06,6.5761e-06,6.5653e-06,3.8126e-06,7.0279e-08,1.3395e-07,5.0127e-07,2.8582e-06,5.4160e-06,6.4964e-06,5.0856e-06
P15,60.00,45.00,60.00,0.00,6.1630e-08,1.5363e-07,7.5460e-07,2.8003e-06,6.5755e-06,6.5648e-06,3.8123e-06,6.1019e-08,1.3285e-07,5.0026e-07,2.8572e-06,5.4153e-06,6.4959e-06,5.0852e-06
P15,60.00,45.00,0.00,0.00,7.3254e-08,1.5496e-07,7.5588e-07,2.8014e-06,6.5762e-06,6.5655e-06,3.8126e-06,7.2501e-08,1.3417e-07,5.0148e-07,2.8584e-06,5.4161e-06,6.4965e-06,5.0857e-06
P15,30.00,0.00,60.00,0.00,5.3468e-08,2.3903e-07,1.1467e-06,3.7108e-06,8.1134e-06,8.1012e-06,5.0219e-06,5.3102e-08,2.0683e-07,7.8909e-07,3.7614e-06,6.7808e-06,8.0138e-06,6.5963e-06
P15,30.00,180.00,30.00,0.00,6.0646e-08,2.3983e-07,1.1475e-06,3.7115e-06,8.1138e-06,8.1015e-06,5.0221e-06,6.0188e-08,2.0762e-07,7.8984e-07,3.7621e-06,6.7812e-06,8.0142e-06,6.5965e-06
P15,60.00,0.00,0.00,0.00,7.3254e-08,1.5496e-07,7.5588e-07,2.8014e-06,6.5762e-06,6.5655e-06,3.8126e-06,7.2501e-08,1.3417e-07,5.0148e-07,2.8584e-06,5.4161e-06,6.4965e-06,5.0857e-06
P15,30.00,45.00,0.00,0.00,6.2533e-08,2.4001e-07,1.1477e-06,3.7116e-06,8.1139e-06,8.1016e-06,5.0221e-06,6.2045e-08,2.0780e-07,7.9001e-07,3.7622e-06,6.7814e-06,8.0143e-06,6.5966e-06
P15,0.00,45.00,60.00,0.00,5.1575e-08,2.6945e-07,1.2526e-06,3.9121e-06,8.4376e-06,8.4250e-06,5.3669e-06,5.1272e-08,2.3425e-07,8.7385e-07,3.9588e-06,7.0695e-06,8.3332e-06,6.9728e-06
P16,60.00,90.00,30.00,0.00,6.7935e-08,2.2726e-07,6.7676e-07,2.8671e-06,6.3408e-06,6.3315e-06,4.9952e-06,6.7779e-08,2.0912e-07,5.2175e-07,2.9065e-06,5.3254e-06,6.2719e-06,5.6267e-06
P16,60.00,45.00,60.00,0.00,5.8884e-08,2.2600e-07,6.7551e-07,2.8659e-06,6.3402e-06,6.3308e-06,4.9949e-06,5.8760e-08,2.0787e-07,5.2051e-07,2.9053e-06,5.3246e-06,6.2712e-06,5.6263e-06
P16,60.00,0.00,0.00,0.00,7.0096e-08,2.2754e-07,6.7704e-07,2.8674e-06,6.3410e-06,6.3316e-06,4.9953e-06,6.9931e-08,2.0940e-07,5.2202e-07,2.9068e-06,5.3256e-06,6.2721e-06,5.6268e-06
P16,30.00,180.00,60.00,0.00,5.1358e-08,2.9311e-07,8.7554e-07,3.6907e-06,7.8123e-06,7.8015e-06,6.0847e-06,5.1385e-08,2.6961e-07,6.6992e-07,3.7301e-06,6.6357e-06,7.7303e-06,6.9404e-06
P16,0.00,0.00,30.00,0.00,5.6763e-08,3.1322e-07,9.3031e-07,3.8790e-06,8.1408e-06,8.1296e-06,6.3879e-06,5.6801e-08,2.8831e-07,7.1143e-07,3.9164e-06,6.9254e-06,8.0548e-06,7.2761e-06
P16,30.00,135.00,0.00,0.00,6.0654e-08,2.9438e-07,8.7670e-07,3.6918e-06,7.8130e-06,7.8022e-06,6.0851e-06,6.0650e-08,2.7088e-07,6.7109e-07,3.7313e-06,6.6366e-06,7.7310e-06,6.9409e-06
P16,0.00,45.00,30.00,0.00,5.6763e-08,3.1322e-07,9.3031e-07,3.8790e-06,8.1408e-06,8.1296e-06,6.3879e-06,5.6801e-08,2.8831e-07,7.1143e-07,3.9164e-06,6.9254e-06,8.0548e-06,7.2761e-06
P16,60.00,90.00,0.00,0.00,7.0096e-08,2.2754e-07,6.7704e-07,2.8674e-06,6.3410e-06,6.3316e-06,4.9953e-06,6.9931e-08,2.0940e-07,5.2202e-07,2.9068e-06,5.3256e-06,6.2721e-06,5.6268e-06
P16,30.00,180.00,0.00,0.00,6.0654e-08,2.9438e-07,8.7670e-07,3.6918e-06,7.8130e-06,7.8022e-06,6.0851e-06,6.0650e-08,2.7088e-07,6.7109e-07,3.7313e-06,6.6366e-06,7.7310e-06,6.9409e-06
P16,60.00,45.00,0.00,0.00,7.0096e-08,2.2754e-07,6.7704e-07,2.8674e-06,6.3410e-06,6.3316e-06,4.9953e-06,6.9931e-08,2.0940e-07,5.2202e-07,2.9068e-06,5.3256e-06,6.2721e-06,5.6268e-06
P16,60.00,135.00,30.00,0.00,6.7828e-08,2.2724e-07,6.7674e-07,2.8671e-06,6.3408e-06,6.3315e-06,4.9952e-06,6.7672e-08,2.0910e-07,5.2173e-07,2.9065e-06,5.3254e-06,6.2719e-06,5.6267e-06
P16,0.00,180.00,60.00,0.00,4.9936e-08,3.1229e-07,9.2946e-07,3.8782e-06,8.1403e-06,8.1291e-06,6.3877e-06,4.9998e-08,2.8738e-07,7.1057e-07,3.9156e-06,6.9248e-06,8.0543e-06,7.2758e-06
P16,30.00,135.00,30.00,0.00,5.8892e-08,2.9415e-07,8.7650e-07,3.6916e-06,7.8128e-06,7.8020e-06,6.0850e-06,5.8894e-08,2.7065e-07,6.7089e-07,3.7311e-06,6.6364e-06,7.7309e-06,6.9408e-06
P16,0.00,0.00,60.00,0.00,4.9936e-08,3.1229e-07,9.2946e-07,3.8782e-06,8.1403e-06,8.1291e-06,6.3877e-06,4.9998e-08,2.8738e-07,7.1057e-07,3.9156e-06,6.9248e-06,8.0543e-06,7.2758e-06
P16,0.00,90.00,60.00,0.00,4.9936e-08,3.1229e-07,9.2946e-07,3.8782e-06,8.1403e-06,8.1291e-06,6.3877e-06,4.9998e-08,2.8738e-07,7.1057e-07,3.9156e-06,6.9248e-06,8.0543e-06,7.2758e-06
P16,0.00,135.00,60.00,0.00,4.9936e-08,3.1229e-07,9.2946e-07,3.8782e-06,8.1403e-06,8.1291e-06,6.3877e-06,4.9998e-08,2.8738e-07,7.1057e-07,3.9156e-06,6.9248e-06,8.0543e-06,7.2758e-06
P16,60.00,135.00,0.00,0.00,7.0096e-08,2.2754e-07,6.7704e-07,2.8674e-06,6.3410e-06,6.3316e-06,4.9953e-06,6.9931e-08,2.0940e-07,5.2202e-07,2.9068e-06,5.3256e-06,6.2721e-06,5.6268e-06
P16,60.00,180.00,30.00,0.00,6.7783e-08,2.2723e-07,6.7674e-07,2.8671e-06,6.3408e-06,6.3315e-06,4.9952e-06,6.7627e-08,2.0909e-07,5.2172e-07,2.9065e-06,5.3254e-06,6.2719e-06,5.6267e-06
P16,60.00,180.00,60.00,0.00,5.7901e-08,2.2582e-07,6.7535e-07,2.8657e-06,6.3401e-06,6.3307e-06,4.9948e-06,5.7780e-08,2.0769e-07,5.2034e-07,2.9051e-06,5.3245e-06,6.2711e-06,5.6262e-06
P16,60.00,180.00,0.00,0.00,7.0096e-08,2.2754e-07,6.7704e-07,2.8674e-06,6.3410e-06,6.3316e-06,4.9953e-06,6.9931e-08,2.0940e-07,5.2202e-07,2.9068e-06,5.3256e-06,6.2721e-06,5.6268e-06
P16,30.00,135.00,60.00,0.00,5.1401e-08,2.9312e-07,8.7555e-07,3.6907e-06,7.8123e-06,7.8015e-06,6.0847e-06,5.1429e-08,2.6962e-07,6.6993e-07,3.7302e-06,6.6358e-06,7.7303e-06,6.9404e-06
P16,0.00,0.00,0.00,0.00,5.8369e-08,3.1343e-07,9.3049e-07,3.8792e-06,8.1409e-06,8.1297e-06,6.3880e-06,5.8400e-08,2.8852e-07,7.1161e-07,3.9166e-06,6.9255e-06,8.0549e-06,7.2762e-06
P16,30.00,45.00,30.00,0.00,5.8949e-08,2.9416e-07,8.7651e-07,3.6916e-06,7.8128e-06,7.8020e-06,6.0850e-06,5.8951e-08,2.7066e-07,6.7090e-07,3.7311e-06,6.6364e-06,7.7309e-06,6.9408e-06
P16,0.00,90.00,30.00,0.00,5.6763e-08,3.1322e-07,9.3031e-07,3.8790e-06,8.1408e-06,8.1296e-06,6.3879e-06,5.6801e-08,2.8831e-07,7.1143e-07,3.9164e-06,6.9254e-06,8.0548e-06,7.2761e-06
P16,60.00,0.00,30.00,0.00,6.8086e-08,2.2728e-07,6.7678e-07,2.8671e-06,6.3408e-06,6.3315e-06,4.9952e-06,6.7929e-08,2.0914e-07,5.2177e-07,2.9065e-06,5.3255e-06,6.2719e-06,5.6267e-06
P16,30.00,90.00,0.00,0.00,6.0654e-08,2.9438e-07,8.7670e-07,3.6918e-06,7.8130e-06,7.8022e-06,6.0851e-06,6.0650e-08,2.7088e-07,6.7109e-07,3.7313e-06,6.6366e-06,7.7310e-06,6.9409e-06
P16,0.00,45.00,0.00,0.00,5.8369e-08,3.1343e-07,9.3049e-07,3.8792e-06,8.1409e-06,8.1297e-06,6.3880e-06,5.8400e-08,2.8852e-07,7.1161e-07,3.9166e-06,6.9255e-06,8.0549e-06,7.2762e-06
P16,30.00,45.00,60.00,0.00,5.1608e-08,2.9316e-07,8.7558e-07,3.6907e-06,7.8123e-06,7.8015e-06,6.0847e-06,5.1635e-08,2.6966e-07,6.6996e-07,3.7302e-06,6.6358e-06,7.7304e-06,6.9405e-06
P16,60.00,90.00,60.00,0.00,5.8487e-08,2.2593e-07,6.7545e-07,2.8658e-06,6.3401e-06,6.3308e-06,4.9948e-06,5.8364e-08,2.0779e-07,5.2044e-07,2.9052e-06,5.3246e-06,6.2712e-06,5.6263e-06
P16,0.00,135.00,30.00,0.00,5.6763e-08,3.1322e-07,9.3031e-07,3.8790e-06,8.1408e-06,8.1296e-06,6.3879e-06,5.6801e-08,2.8831e-07,7.1143e-07,3.9164e-06,6.9254e-06,8.0548e-06,7.2761e-06
P16,60.00,0.00,60.00,0.00,5.9044e-08,2.2603e-07,6.7554e-07,2.8659e-06,6.3402e-06,6.3308e-06,4.9949e-06,5.8920e-08,2.0790e-07,5.2053e-07,2.9053e-06,5.3246e-06,6.2712e-06,5.6263e-06
P16,30.00,45.00,0.00,0.00,6.0654e-08,2.9438e-07,8.7670e-07,3.6918e-06,7.8130e-06,7.8022e-06,6.0851e-06,6.0650e-08,2.7088e-07,6.7109e-07,3.7313e-06,6.6366e-06,7.7310e-06,6.9409e-06
P16,0.00,180.00,0.00,0.00,5.8369e-08,3.1343e-07,9.3049e-07,3.8792e-06,8.1409e-06,8.1297e-06,6.3880e-06,5.8400e-08,2.8852e-07,7.1161e-07,3.9166e-06,6.9255e-06,8.0549e-06,7.2762e-06
P16,30.00,180.00,30.00,0.00,5.8880e-08,2.9415e-07,8.7650e-07,3.6916e-06,7.8128e-06,7.8020e-06,6.0850e-06,5.8883e-08,2.7065e-07,6.7089e-07,3.7311e-06,6.6364e-06,7.7309e-06,6.9408e-06
P16,0.00,45.00,60.00,0.00,4.9936e-08,3.1229e-07,9.2946e-07,3.8782e-06,8.1403e-06,8.1291e-06,6.3877e-06,4.9998e-08,2.8738e-07,7.1057e-07,3.9156e-06,6.9248e-06,8.0543e-06,7.2758e-06
P16,30.00,0.00,60.00,0.00,5.1651e-08,2.9316e-07,8.7558e-07,3.6907e-06,7.8123e-06,7.8015e-06,6.0847e-06,5.1677e-08,2.6967e-07,6.6997e-07,3.7302e-06,6.6358e-06,7.7304e-06,6.9405e-06
P16,60.00,135.00,60.00,0.00,5.8076e-08,2.2585e-07,6.7538e-07,2.8658e-06,6.3401e-06,6.3308e-06,4.9948e-06,5.7954e-08,2.0772e-07,5.2037e-07,2.9052e-06,5.3245e-06,6.2711e-06,5.6262e-06
P16,30.00,90.00,60.00,0.00,5.1505e-08,2.9314e-07,8.7556e-07,3.6907e-06,7.8123e-06,7.8015e-06,6.0847e-06,5.1532e-08,2.6964e-07,6.6994e-07,3.7302e-06,6.6358e-06,7.7303e-06,6.9405e-06
P16,30.00,90.00,30.00,0.00,5.8921e-08,2.9416e-07,8.7650e-07,3.6916e-06,7.8128e-06,7.8020e-06,6.0850e-06,5.8923e-08,2.7066e-07,6.7089e-07,3.7311e-06,6.6364e-06,7.7309e-06,6.9408e-06
P16,0.00,180.00,30.00,0.00,5.6763e-08,3.1322e-07,9.3031e-07,3.8790e-06,8.1408e-06,8.1296e-06,6.3879e-06,5.6801e-08,2.8831e-07,7.1143e-07,3.9164e-06,6.9254e-06,8.0548e-06,7.2761e-06
P16,0.00,90.00,0.00,0.00,5.8369e-08,3.1343e-07,9.3049e-07,3.8792e-06,8.1409e-06,8.1297e-06,6.3880e-06,5.8400e-08,2.8852e-07,7.1161e-07,3.9166e-06,6.9255e-06,8.0549e-06,7.2762e-06
P16,30.00,0.00,0.00,0.00,6.0654e-08,2.9438e-07,8.7670e-07,3.6918e-06,7.8130e-06,7.8022e-06,6.0851e-06,6.0650e-08,2.7088e-07,6.7109e-07,3.7313e-06,6.6366e-06,7.7310e-06,6.9409e-06
P16,60.00,45.00,30.00,0.00,6.8042e-08,2.2728e-07,6.7678e-07,2.8671e-06,6.3408e-06,6.3315e-06,4.9952e-06,6.7885e-08,2.0913e-07,5.2176e-07,2.9065e-06,5.3255e-06,6.2719e-06,5.6267e-06
P16,30.00,0.00,30.00,0.00,5.8961e-08,2.9416e-07,8.7651e-07,3.6916e-06,7.8128e-06,7.8020e-06,6.0850e-06,5.8963e-08,2.7066e-07,6.7090e-07,3.7311e-06,6.6364e-06,7.7309e-06,6.9408e-06
P16,0.00,135.00,0.00,0.00,5.8369e-08,3.1343e-07,9.3049e-07,3.8792e-06,8.1409e-06,8.1297e-06,6.3880e-06,5.8400e-08,2.8852e-07,7.1161e-07,3.9166e-06,6.9255e-06,8.0549e-06,7.2762e-06
P17,60.00,90.00,30.00,0.00,7.1018e-08,2.4303e-07,7.4967e-07,3.6747e-06,7.5268e-06,7.5161e-06,5.8976e-06,7.0953e-08,2.2235e-07,5.6693e-07,3.7131e-06,6.3482e-06,7.4362e-06,6.7717e-06
P17,60.00,90.00,60.00,0.00,6.2595e-08,2.4202e-07,7.4856e-07,3.6736e-06,7.5261e-06,7.5154e-06,5.8973e-06,6.2550e-08,2.2135e-07,5.6587e-07,3.7119e-06,6.3474e-06,7.4355e-06,6.7713e-06
P17,30.00,45.00,30.00,0.00,6.1779e-08,3.0628e-07,9.5160e-07,4.4284e-06,8.8504e-06,8.8379e-06,7.2284e-06,6.1869e-08,2.7988e-07,7.1152e-07,4.4568e-06,7.4790e-06,8.7361e-06,8.2218e-06
P17,60.00,180.00,30.00,0.00,7.0878e-08,2.4301e-07,7.4965e-07,3.6747e-06,7.5268e-06,7.5160e-06,5.8976e-06,7.0813e-08,2.2233e-07,5.6691e-07,3.7131e-06,6.3482e-06,7.4361e-06,6.7717e-06
P17,30.00,180.00,0.00,0.00,6.3224e-08,3.0646e-07,9.5177e-07,4.4286e-06,8.8505e-06,8.8380e-06,7.2285e-06,6.3312e-08,2.8006e-07,7.1168e-07,4.4570e-06,7.4792e-06,8.7363e-06,8.2218e-06
P17,0.00,45.00,0.00,0.00,6.0795e-08,3.2494e-07,1.0089e-06,4.5810e-06,9.1202e-06,9.1074e-06,7.5818e-06,6.0914e-08,2.9699e-07,7.5210e-07,4.6054e-06,7.7071e-06,9.0005e-06,8.5693e-06
P17,30.00,135.00,30.00,0.00,6.1728e-08,3.0627e-07,9.5160e-07,4.4284e-06,8.8504e-06,8.8379e-06,7.2284e-06,6.1818e-08,2.7988e-07,7.1151e-07,4.4568e-06,7.4790e-06,8.7361e-06,8.2218e-06
P17,30.00,180.00,30.00,0.00,6.1718e-08,3.0627e-07,9.5160e-07,4.4284e-06,8.8504e-06,8.8379e-06,7.2284e-06,6.1808e-08,2.7987e-07,7.1151e-07,4.4568e-06,7.4790e-06,8.7361e-06,8.2218e-06
P17,30.00,0.00,60.00,0.00,5.5391e-08,3.0549e-07,9.5081e-07,4.4276e-06,8.8499e-06,8.8375e-06,7.2282e-06,5.5490e-08,2.7910e-07,7.1074e-07,4.4560e-06,7.4784e-06,8.7357e-06,8.2215e-06
P17,60.00,0.00,30.00,0.00,7.1156e-08,2.4306e-07,7.4969e-07,3.6747e-06,7.5268e-06,7.5161e-06,5.8976e-06,7.1091e-08,2.2237e-07,5.6695e-07,3.7131e-06,6.3482e-06,7.4362e-06,6.7717e-06
P17,30.00,90.00,0.00,0.00,6.3224e-08,3.0646e-07,9.5177e-07,4.4286e-06,8.8505e-06,8.8380e-06,7.2285e-06,6.3312e-08,2.8006e-07,7.1168e-07,4.4570e-06,7.4792e-06,8.7363e-06,8.2218e-06
P17,0.00,90.00,0.00,0.00,6.0795e-08,3.2494e-07,1.0089e-06,4.5810e-06,9.1202e-06,9.1074e-06,7.5818e-06,6.0914e-08,2.9699e-07,7.5210e-07,4.6054e-06,7.7071e-06,9.0005e-06,8.5693e-06
P17,30.00,0.00,0.00,0.00,6.3224e-08,3.0646e-07,9.5177e-07,4.4286e-06,8.8505e-06,8.8380e-06,7.2285e-06,6.3312e-08,2.8006e-07,7.1168e-07,4.4570e-06,7.4792e-06,8.7363e-06,8.2218e-06
P17,0.00,45.00,60.00,0.00,5.3487e-08,3.2402e-07,1.0080e-06,4.5801e-06,9.1197e-06,9.1069e-06,7.5815e-06,5.3615e-08,2.9607e-07,7.5122e-07,4.6045e-06,7.7064e-06,8.9999e-06,8.5690e-06
P17,60.00,45.00,30.00,0.00,7.1116e-08,2.4305e-07,7.4969e-07,3.6747e-06,7.5268e-06,7.5161e-06,5.8976e-06,7.1051e-08,2.2237e-07,5.6695e-07,3.7131e-06,6.3482e-06,7.4362e-06,6.7717e-06
P17,60.00,90.00,0.00,0.00,7.2891e-08,2.4326e-07,7.4991e-07,3.6750e-06,7.5269e-06,7.5162e-06,5.8977e-06,7.2822e-08,2.2257e-07,5.6716e-07,3.7133e-06,6.3483e-06,7.4363e-06,6.7718e-06
P17,0.00,0.00,60.00,0.00,5.3487e-08,3.2402e-07,1.0080e-06,4.5801e-06,9.1197e-06,9.1069e-06,7.5815e-06,5.3615e-08,2.9607e-07,7.5122e-07,4.6045e-06,7.7064e-06,8.9999e-06,8.5690e-06
P17,30.00,45.00,0.00,0.00,6.3224e-08,3.0646e-07,9.5177e-07,4.4286e-06,8.8505e-06,8.8380e-06,7.2285e-06,6.3312e-08,2.8006e-07,7.1168e-07,4.4570e-06,7.4792e-06,8.7363e-06,8.2218e-06
P17,60.00,45.00,60.00,0.00,6.2967e-08,2.4207e-07,7.4862e-07,3.6737e-06,7.5262e-06,7.5155e-06,5.8973e-06,6.2921e-08,2.2141e-07,5.6592e-07,3.7120e-06,6.3474e-06,7.4355e-06,6.7713e-06
P17,0.00,0.00,0.00,0.00,6.0795e-08,3.2494e-07,1.0089e-06,4.5810e-06,9.1202e-06,9.1074e-06,7.5818e-06,6.0914e-08,2.9699e-07,7.5210e-07,4.6054e-06,7.7071e-06,9.0005e-06,8.5693e-06
P17,30.00,135.00,60.00,0.00,5.5161e-08,3.0545e-07,9.5077e-07,4.4276e-06,8.8499e-06,8.8375e-06,7.2281e-06,5.5261e-08,2.7906e-07,7.1071e-07,4.4560e-06,7.4784e-06,8.7357e-06,8.2215e-06
P17,60.00,45.00,0.00,0.00,7.2891e-08,2.4326e-07,7.4991e-07,3.6750e-06,7.5269e-06,7.5162e-06,5.8977e-06,7.2822e-08,2.2257e-07,5.6716e-07,3.7133e-06,6.3483e-06,7.4363e-06,6.7718e-06
P17,60.00,135.00,30.00,0.00,7.0919e-08,2.4302e-07,7.4966e-07,3.6747e-06,7.5268e-06,7.5160e-06,5.8976e-06,7.0854e-08,2.2234e-07,5.6692e-07,3.7131e-06,6.3482e-06,7.4361e-06,6.7717e-06
P17,0.00,135.00,30.00,0.00,5.9441e-08,3.2477e-07,1.0087e-06,4.5809e-06,9.1201e-06,9.1073e-06,7.5818e-06,5.9562e-08,2.9682e-07,7.5194e-07,4.6052e-06,7.7070e-06,9.0004e-06,8.5693e-06
P17,0.00,0.00,30.00,0.00,5.9441e-08,3.2477e-07,1.0087e-06,4.5809e-06,9.1201e-06,9.1073e-06,7.5818e-06,5.9562e-08,2.9682e-07,7.5194e-07,4.6052e-06,7.7070e-06,9.0004e-06,8.5693e-06
P17,0.00,180.00,0.00,0.00,6.0795e-08,3.2494e-07,1.0089e-06,4.5810e-06,9.1202e-06,9.1074e-06,7.5818e-06,6.0914e-08,2.9699e-07,7.5210e-07,4.6054e-06,7.7071e-06,9.0005e-06,8.5693e-06
P17,0.00,180.00,60.00,0.00,5.3487e-08,3.2402e-07,1.0080e-06,4.5801e-06,9.1197e-06,9.1069e-06,7.5815e-06,5.3615e-08,2.9607e-07,7.5122e-07,4.6045e-06,7.7064e-06,8.9999e-06,8.5690e-06
P17,60.00,180.00,0.00,0.00,7.2891e-08,2.4326e-07,7.4991e-07,3.6750e-06,7.5269e-06,7.5162e-06,5.8977e-06,7.2822e-08,2.2257e-07,5.6716e-07,3.7133e-06,6.3483e-06,7.4363e-06,6.7718e-06
P17,60.00,0.00,0.00,0.00,7.2891e-08,2.4326e-07,7.4991e-07,3.6750e-06,7.5269e-06,7.5162e-06,5.8977e-06,7.2822e-08,2.2257e-07,5.6716e-07,3.7133e-06,6.3483e-06,7.4363e-06,6.7718e-06
P17,60.00,135.00,0.00,0.00,7.2891e-08,2.4326e-07,7.4991e-07,3.6750e-06,7.5269e-06,7.5162e-06,5.8977e-06,7.2822e-08,2.2257e-07,5.6716e-07,3.7133e-06,6.3483e-06,7.4363e-06,6.7718e-06
P17,0.00,90.00,60.00,0.00,5.3487e-08,3.2402e-07,1.0080e-06,4.5801e-06,9.1197e-06,9.1069e-06,7.5815e-06,5.3615e-08,2.9607e-07,7.5122e-07,4.6045e-06,7.7064e-06,8.9999e-06,8.5690e-06
P17,30.00,90.00,30.00,0.00,6.1753e-08,3.0628e-07,9.5160e-07,4.4284e-06,8.8504e-06,8.8379e-06,7.2284e-06,6.1844e-08,2.7988e-07,7.1151e-07,4.4568e-06,7.4790e-06,8.7361e-06,8.2218e-06
P17,0.00,135.00,0.00,0.00,6.0795e-08,3.2494e-07,1.0089e-06,4.5810e-06,9.1202e-06,9.1074e-06,7.5818e-06,6.0914e-08,2.9699e-07,7.5210e-07,4.6054e-06,7.7071e-06,9.0005e-06,8.5693e-06
P17,30.00,135.00,0.00,0.00,6.3224e-08,3.0646e-07,9.5177e-07,4.4286e-06,8.8505e-06,8.8380e-06,7.2285e-06,6.3312e-08,2.8006e-07,7.1168e-07,4.4570e-06,7.4792e-06,8.7363e-06,8.2218e-06
P17,30.00,90.00,60.00,0.00,5.5257e-08,3.0547e-07,9.5079e-07,4.4276e-06,8.8499e-06,8.8375e-06,7.2282e-06,5.5356e-08,2.7908e-07,7.1072e-07,4.4560e-06,7.4784e-06,8.7357e-06,8.2215e-06
P17,60.00,0.00,60.00,0.00,6.3118e-08,2.4210e-07,7.4864e-07,3.6737e-06,7.5262e-06,7.5155e-06,5.8973e-06,6.3071e-08,2.2143e-07,5.6595e-07,3.7120e-06,6.3474e-06,7.4356e-06,6.7713e-06
P17,0.00,90.00,30.00,0.00,5.9441e-08,3.2477e-07,1.0087e-06,4.5809e-06,9.1201e-06,9.1073e-06,7.5818e-06,5.9562e-08,2.9682e-07,7.5194e-07,4.6052e-06,7.7070e-06,9.0004e-06,8.5693e-06
P17,60.00,180.00,60.00,0.00,6.2046e-08,2.4194e-07,7.4847e-07,3.6735e-06,7.5261e-06,7.5154e-06,5.8972e-06,6.2001e-08,2.2127e-07,5.6578e-07,3.7119e-06,6.3473e-06,7.4355e-06,6.7713e-06
P17,60.00,135.00,60.00,0.00,6.2210e-08,2.4196e-07,7.4850e-07,3.6735e-06,7.5261e-06,7.5154e-06,5.8972e-06,6.2165e-08,2.2129e-07,5.6581e-07,3.7119e-06,6.3473e-06,7.4355e-06,6.7713e-06
P17,30.00,180.00,60.00,0.00,5.5121e-08,3.0545e-07,9.5077e-07,4.4275e-06,8.8499e-06,8.8375e-06,7.2281e-06,5.5221e-08,2.7905e-07,7.1070e-07,4.4559e-06,7.4784e-06,8.7357e-06,8.2215e-06
P17,0.00,135.00,60.00,0.00,5.3487e-08,3.2402e-07,1.0080e-06,4.5801e-06,9.1197e-06,9.1069e-06,7.5815e-06,5.3615e-08,2.9607e-07,7.5122e-07,4.6045e-06,7.7064e-06,8.9999e-06,8.5690e-06
P17,0.00,45.00,30.00,0.00,5.9441e-08,3.2477e-07,1.0087e-06,4.5809e-06,9.1201e-06,9.1073e-06,7.5818e-06,5.9562e-08,2.9682e-07,7.5194e-07,4.6052e-06,7.7070e-06,9.0004e-06,8.5693e-06
P17,0.00,180.00,30.00,0.00,5.9441e-08,3.2477e-07,1.0087e-06,4.5809e-06,9.1201e-06,9.1073e-06,7.5818e-06,5.9562e-08,2.9682e-07,7.5194e-07,4.6052e-06,7.7070e-06,9.0004e-06,8.5693e-06
P17,30.00,0.00,30.00,0.00,6.1789e-08,3.0628e-07,9.5160e-07,4.4284e-06,8.8504e-06,8.8379e-06,7.2284e-06,6.1880e-08,2.7989e-07,7.1152e-07,4.4568e-06,7.4790e-06,8.7361e-06,8.2218e-06
P17,30.00,45.00,60.00,0.00,5.5352e-08,3.0548e-07,9.5080e-07,4.4276e-06,8.8499e-06,8.8375e-06,7.2282e-06,5.5451e-08,2.7909e-07,7.1073e-07,4.4560e-06,7.4784e-06,8.7357e-06,8.2215e-06
P18,30.00,90.00,0.00,0.00,6.1374e-08,2.2265e-07,7.0959e-07,3.5609e-06,7.5354e-06,7.5259e-06,6.0956e-06,6.1462e-08,2.0309e-07,5.2425e-07,3.5966e-06,6.4990e-06,7.4686e-06,6.8327e-06
P18,30.00,180.00,0.00,0.00,6.1374e-08,2.2265e-07,7.0959e-07,3.5609e-06,7.5354e-06,7.5259e-06,6.0956e-06,6.1462e-08,2.0309e-07,5.2425e-07,3.5966e-06,6.4990e-06,7.4686e-06,6.8327e-06
P18,60.00,180.00,60.00,0.00,5.7508e-08,1.7595e-07,5.4718e-07,2.7416e-06,6.0683e-06,6.0601e-06,4.9758e-06,5.7468e-08,1.6105e-07,4.0756e-07,2.7767e-06,5.1805e-06,6.0113e-06,5.5213e-06
P18,0.00,0.00,60.00,0.00,4.9757e-08,2.3503e-07,7.5297e-07,3.7489e-06,7.8699e-06,7.8600e-06,6.4000e-06,4.9900e-08,2.1422e-07,5.5566e-07,3.7830e-06,6.7930e-06,7.7995e-06,7.1666e-06
P18,30.00,135.00,0.00,0.00,6.1374e-08,2.2265e-07,7.0959e-07,3.5609e-06,7.5354e-06,7.5259e-06,6.0956e-06,6.1462e-08,2.0309e-07,5.2425e-07,3.5966e-06,6.4990e-06,7.4686e-06,6.8327e-06
P18,60.00,135.00,30.00,0.00,6.8053e-08,1.7724e-07,5.4846e-07,2.7429e-06,6.0689e-06,6.0607e-06,4.9762e-06,6.7987e-08,1.6233e-07,4.0879e-07,2.7781e-06,5.1813e-06,6.0119e-06,5.5218e-06
P18,0.00,90.00,30.00,0.00,5.7298e-08,2.3587e-07,7.5373e-07,3.7498e-06,7.8703e-06,7.8603e-06,6.4002e-06,5.7424e-08,2.1506e-07,5.5642e-07,3.7839e-06,6.7935e-06,7.7998e-06,7.1669e-06
P18,0.00,180.00,30.00,0.00,5.7298e-08,2.3587e-07,7.5373e-07,3.7498e-06,7.8703e-06,7.8603e-06,6.4002e-06,5.7424e-08,2.1506e-07,5.5642e-07,3.7839e-06,6.7935e-06,7.7998e-06,7.1669e-06
P18,30.00,45.00,30.00,0.00,5.9472e-08,2.2245e-07,7.0941e-07,3.5607e-06,7.5353e-06,7.5258e-06,6.0955e-06,5.9565e-08,2.0290e-07,5.2407e-07,3.5964e-06,6.4989e-06,7.4685e-06,6.8327e-06
P18,30.00,45.00,0.00,0.00,6.1374e-08,2.2265e-07,7.0959e-07,3.5609e-06,7.5354e-06,7.5259e-06,6.0956e-06,6.1462e-08,2.0309e-07,5.2425e-07,3.5966e-06,6.4990e-06,7.4686e-06,6.8327e-06
P18,0.00,90.00,60.00,0.00,4.9757e-08,2.3503e-07,7.5297e-07,3.7489e-06,7.8699e-06,7.8600e-06,6.4000e-06,4.9900e-08,2.1422e-07,5.5566e-07,3.7830e-06,6.7930e-06,7.7995e-06,7.1666e-06
P18,30.00,180.00,60.00,0.00,5.1143e-08,2.2150e-07,7.0853e-07,3.5597e-06,7.5349e-06,7.5254e-06,6.0952e-06,5.1254e-08,2.0195e-07,5.2321e-07,3.5954e-06,6.4983e-06,7.4681e-06,6.8323e-06
P18,0.00,0.00,0.00,0.00,5.9100e-08,2.3605e-07,7.5390e-07,3.7500e-06,7.8703e-06,7.8604e-06,6.4003e-06,5.9221e-08,2.1525e-07,5.5658e-07,3.7841e-06,6.7936e-06,7.7999e-06,7.1670e-06
P18,0.00,135.00,30.00,0.00,5.7298e-08,2.3587e-07,7.5373e-07,3.7498e-06,7.8703e-06,7.8603e-06,6.4002e-06,5.7424e-08,2.1506e-07,5.5642e-07,3.7839e-06,6.7935e-06,7.7998e-06,7.1669e-06
P18,0.00,180.00,0.00,0.00,5.9100e-08,2.3605e-07,7.5390e-07,3.7500e-06,7.8703e-06,7.8604e-06,6.4003e-06,5.9221e-08,2.1525e-07,5.5658e-07,3.7841e-06,6.7936e-06,7.7999e-06,7.1670e-06
P18,30.00,90.00,30.00,0.00,5.9441e-08,2.2244e-07,7.0941e-07,3.5607e-06,7.5353e-06,7.5258e-06,6.0955e-06,5.9534e-08,2.0289e-07,5.2407e-07,3.5964e-06,6.4988e-06,7.4685e-06,6.8327e-06
P18,0.00,135.00,60.00,0.00,4.9757e-08,2.3503e-07,7.5297e-07,3.7489e-06,7.8699e-06,7.8600e-06,6.4000e-06,4.9900e-08,2.1422e-07,5.5566e-07,3.7830e-06,6.7930e-06,7.7995e-06,7.1666e-06
P18,0.00,135.00,0.00,0.00,5.9100e-08,2.3605e-07,7.5390e-07,3.7500e-06,7.8703e-06,7.8604e-06,6.4003e-06,5.9221e-08,2.1525e-07,5.5658e-07,3.7841e-06,6.7936e-06,7.7999e-06,7.1670e-06
P18,60.00,180.00,30.00,0.00,6.8005e-08,1.7723e-07,5.4845e-07,2.7429e-06,6.0689e-06,6.0607e-06,4.9762e-06,6.7940e-08,1.6232e-07,4.0879e-07,2.7780e-06,5.1813e-06,6.0119e-06,5.5218e-06
P18,60.00,135.00,60.00,0.00,5.7689e-08,1.7598e-07,5.4721e-07,2.7416e-06,6.0683e-06,6.0601e-06,4.9758e-06,5.7649e-08,1.6108e-07,4.0759e-07,2.7767e-06,5.1805e-06,6.0113e-06,5.5213e-06
P18,60.00,45.00,0.00,0.00,7.0495e-08,1.7751e-07,5.4872e-07,2.7432e-06,6.0690e-06,6.0608e-06,4.9763e-06,7.0423e-08,1.6260e-07,4.0905e-07,2.7784e-06,5.1815e-06,6.0120e-06,5.5219e-06
P18,30.00,90.00,60.00,0.00,5.1300e-08,2.2153e-07,7.0856e-07,3.5597e-06,7.5349e-06,7.5254e-06,6.0952e-06,5.1411e-08,2.0198e-07,5.2323e-07,3.5954e-06,6.4983e-06,7.4681e-06,6.8323e-06
P18,30.00,45.00,60.00,0.00,5.1410e-08,2.2154e-07,7.0857e-07,3.5597e-06,7.5349e-06,7.5254e-06,6.0952e-06,5.1521e-08,2.0200e-07,5.2325e-07,3.5954e-06,6.4983e-06,7.4681e-06,6.8323e-06
P18,30.00,0.00,30.00,0.00,5.9485e-08,2.2245e-07,7.0941e-07,3.5607e-06,7.5353e-06,7.5258e-06,6.0955e-06,5.9578e-08,2.0290e-07,5.2407e-07,3.5964e-06,6.4989e-06,7.4685e-06,6.8327e-06
P18,60.00,45.00,60.00,0.00,5.8528e-08,1.7612e-07,5.4734e-07,2.7417e-06,6.0683e-06,6.0601e-06,4.9758e-06,5.8487e-08,1.6122e-07,4.0772e-07,2.7769e-06,5.1806e-06,6.0114e-06,5.5214e-06
P18,60.00,90.00,60.00,0.00,5.8116e-08,1.7605e-07,5.4728e-07,2.7417e-06,6.0683e-06,6.0601e-06,4.9758e-06,5.8075e-08,1.6115e-07,4.0766e-07,2.7768e-06,5.1805e-06,6.0113e-06,5.5214e-06
P18,30.00,0.00,0.00,0.00,6.1374e-08,2.2265e-07,7.0959e-07,3.5609e-06,7.5354e-06,7.5259e-06,6.0956e-06,6.1462e-08,2.0309e-07,5.2425e-07,3.5966e-06,6.4990e-06,7.4686e-06,6.8327e-06
P18,30.00,135.00,30.00,0.00,5.9409e-08,2.2244e-07,7.0941e-07,3.5607e-06,7.5353e-06,7.5258e-06,6.0955e-06,5.9503e-08,2.0289e-07,5.2406e-07,3.5964e-06,6.4988e-06,7.4685e-06,6.8327e-06
P18,30.00,135.00,60.00,0.00,5.1189e-08,2.2151e-07,7.0854e-07,3.5597e-06,7.5349e-06,7.5254e-06,6.0952e-06,5.1301e-08,2.0196e-07,5.2322e-07,3.5954e-06,6.4983e-06,7.4681e-06,6.8323e-06
P18,60.00,0.00,0.00,0.00,7.0495e-08,1.7751e-07,5.4872e-07,2.7432e-06,6.0690e-06,6.0608e-06,4.9763e-06,7.0423e-08,1.6260e-07,4.0905e-07,2.7784e-06,5.1815e-06,6.0120e-06,5.5219e-06
P18,60.00,45.00,30.00,0.00,6.8281e-08,1.7727e-07,5.4849e-07,2.7429e-06,6.0689e-06,6.0607e-06,4.9762e-06,6.8215e-08,1.6236e-07,4.0882e-07,2.7781e-06,5.1813e-06,6.0119e-06,5.5218e-06
P18,0.00,45.00,30.00,0.00,5.7298e-08,2.3587e-07,7.5373e-07,3.7498e-06,7.8703e-06,7.8603e-06,6.4002e-06,5.7424e-08,2.1506e-07,5.5642e-07,3.7839e-06,6.7935e-06,7.7998e-06,7.1669e-06
P18,0.00,90.00,0.00,0.00,5.9100e-08,2.3605e-07,7.5390e-07,3.7500e-06,7.8703e-06,7.8604e-06,6.4003e-06,5.9221e-08,2.1525e-07,5.5658e-07,3.7841e-06,6.7936e-06,7.7999e-06,7.1670e-06
P18,0.00,0.00,30.00,0.00,5.7298e-08,2.3587e-07,7.5373e-07,3.7498e-06,7.8703e-06,7.8603e-06,6.4002e-06,5.7424e-08,2.1506e-07,5.5642e-07,3.7839e-06,6.7935e-06,7.7998e-06,7.1669e-06
P18,0.00,45.00,60.00,0.00,4.9757e-08,2.3503e-07,7.5297e-07,3.7489e-06,7.8699e-06,7.8600e-06,6.4000e-06,4.9900e-08,2.1422e-07,5.5566e-07,3.7830e-06,6.7930e-06,7.7995e-06,7.1666e-06
P18,0.00,180.00,60.00,0.00,4.9757e-08,2.3503e-07,7.5297e-07,3.7489e-06,7.8699e-06,7.8600e-06,6.4000e-06,4.9900e-08,2.1422e-07,5.5566e-07,3.7830e-06,6.7930e-06,7.7995e-06,7.1666e-06
P18,60.00,0.00,30.00,0.00,6.8327e-08,1.7728e-07,5.4849e-07,2.7429e-06,6.0689e-06,6.0607e-06,4.9762e-06,6.8261e-08,1.6237e-07,4.0883e-07,2.7781e-06,5.1813e-06,6.0119e-06,5.5218e-06
P18,60.00,135.00,0.00,0.00,7.0495e-08,1.7751e-07,5.4872e-07,2.7432e-06,6.0690e-06,6.0608e-06,4.9763e-06,7.0423e-08,1.6260e-07,4.0905e-07,2.7784e-06,5.1815e-06,6.0120e-06,5.5219e-06
P18,0.00,45.00,0.00,0.00,5.9100e-08,2.3605e-07,7.5390e-07,3.7500e-06,7.8703e-06,7.8604e-06,6.4003e-06,5.9221e-08,2.1525e-07,5.5658e-07,3.7841e-06,6.7936e-06,7.7999e-06,7.1670e-06
P18,60.00,180.00,0.00,0.00,7.0495e-08,1.7751e-07,5.4872e-07,2.7432e-06,6.0690e-06,6.0608e-06,4.9763e-06,7.0423e-08,1.6260e-07,4.0905e-07,2.7784e-06,5.1815e-06,6.0120e-06,5.5219e-06
P18,60.00,90.00,0.00,0.00,7.0495e-08,1.7751e-07,5.4872e-07,2.7432e-06,6.0690e-06,6.0608e-06,4.9763e-06,7.0423e-08,1.6260e-07,4.0905e-07,2.7784e-06,5.1815e-06,6.0120e-06,5.5219e-06
P18,60.00,0.00,60.00,0.00,5.8695e-08,1.7615e-07,5.4736e-07,2.7418e-06,6.0683e-06,6.0602e-06,4.9758e-06,5.8654e-08,1.6125e-07,4.0775e-07,2.7769e-06,5.1806e-06,6.0114e-06,5.5214e-06
P18,60.00,90.00,30.00,0.00,6.8168e-08,1.7725e-07,5.4847e-07,2.7429e-06,6.0689e-06,6.0607e-06,4.9762e-06,6.8101e-08,1.6235e-07,4.0881e-07,2.7781e-06,5.1813e-06,6.0119e-06,5.5218e-06
P18,30.00,0.00,60.00,0.00,5.1456e-08,2.2155e-07,7.0858e-07,3.5597e-06,7.5349e-06,7.5254e-06,6.0952e-06,5.1567e-08,2.0200e-07,5.2326e-07,3.5954e-06,6.4983e-06,7.4681e-06,6.8323e-06
P18,30.00,180.00,30.00,0.00,5.9396e-08,2.2244e-07,7.0940e-07,3.5606e-06,7.5353e-06,7.5258e-06,6.0955e-06,5.9490e-08,2.0288e-07,5.2406e-07,3.5964e-06,6.4988e-06,7.4685e-06,6.8327e-06
P19,60.00,90.00,60.00,0.00,6.0799e-08,1.9125e-07,5.3235e-07,2.9805e-06,6.8165e-06,6.8062e-06,5.0036e-06,6.0326e-08,1.7731e-07,4.0160e-07,3.0186e-06,5.7104e-06,6.7514e-06,5.7214e-06
P19,60.00,45.00,30.00,0.00,7.0757e-08,1.9242e-07,5.3329e-07,2.9816e-06,6.8170e-06,6.8067e-06,5.0039e-06,7.0175e-08,1.7848e-07,4.0256e-07,3.0196e-06,5.7111e-06,6.7520e-06,5.7217e-06
P19,30.00,180.00,0.00,0.00,6.2608e-08,2.1958e-07,6.9520e-07,3.8078e-06,8.2420e-06,8.2303e-06,5.8373e-06,6.2228e-08,2.0094e-07,4.9075e-07,3.8489e-06,6.9689e-06,8.1592e-06,6.9155e-06
P19,60.00,90.00,0.00,0.00,7.3054e-08,1.9264e-07,5.3347e-07,2.9818e-06,6.8171e-06,6.8068e-06,5.0040e-06,7.2443e-08,1.7870e-07,4.0274e-07,3.0199e-06,5.7112e-06,6.7521e-06,5.7218e-06
P19,30.00,180.00,60.00,0.00,5.2980e-08,2.1859e-07,6.9441e-07,3.8069e-06,8.2416e-06,8.2298e-06,5.8370e-06,5.2720e-08,1.9995e-07,4.8996e-07,3.8479e-06,6.9683e-06,8.1588e-06,6.9152e-06
P19,60.00,135.00,0.00,0.00,7.3054e-08,1.9264e-07,5.3347e-07,2.9818e-06,6.8171e-06,6.8068e-06,5.0040e-06,7.2443e-08,1.7870e-07,4.0274e-07,3.0199e-06,5.7112e-06,6.7521e-06,5.7218e-06
P19,60.00,45.00,60.00,0.00,6.1187e-08,1.9131e-07,5.3240e-07,2.9806e-06,6.8165e-06,6.8062e-06,5.0036e-06,6.0711e-08,1.7737e-07,4.0165e-07,3.0186e-06,5.7104e-06,6.7514e-06,5.7214e-06
P19,60.00,90.00,30.00,0.00,7.0652e-08,1.9240e-07,5.3328e-07,2.9816e-06,6.8170e-06,6.8067e-06,5.0039e-06,7.0071e-08,1.7847e-07,4.0255e-07,3.0196e-06,5.7111e-06,6.7520e-06,5.7217e-06
P19,0.00,45.00,60.00,0.00,5.1404e-08,2.2748e-07,7.4812e-07,3.9918e-06,8.5456e-06,8.5335e-06,6.0932e-06,5.1197e-08,2.0736e-07,5.1930e-07,4.0309e-06,7.2350e-06,8.4578e-06,7.2276e-06
P19,0.00,135.00,30.00,0.00,5.8388e-08,2.2820e-07,7.4869e-07,3.9924e-06,8.5459e-06,8.5339e-06,6.0934e-06,5.8092e-08,2.0808e-07,5.1988e-07,4.0316e-06,7.2354e-06,8.4581e-06,7.2279e-06
P19,0.00,0.00,60.00,0.00,5.1404e-08,2.2748e-07,7.4812e-07,3.9918e-06,8.5456e-06,8.5335e-06,6.0932e-06,5.1197e-08,2.0736e-07,5.1930e-07,4.0309e-06,7.2350e-06,8.4578e-06,7.2276e-06
P19,30.00,135.00,60.00,0.00,5.3022e-08,2.1860e-07,6.9441e-07,3.8069e-06,8.2416e-06,8.2298e-06,5.8371e-06,5.2761e-08,1.9996e-07,4.8996e-07,3.8479e-06,6.9683e-06,8.1588e-06,6.9152e-06
P19,30.00,90.00,60.00,0.00,5.3122e-08,2.1861e-07,6.9442e-07,3.8069e-06,8.2416e-06,8.2298e-06,5.8371e-06,5.2860e-08,1.9997e-07,4.8997e-07,3.8480e-06,6.9683e-06,8.1588e-06,6.9152e-06
P19,0.00,135.00,60.00,0.00,5.1404e-08,2.2748e-07,7.4812e-07,3.9918e-06,8.5456e-06,8.5335e-06,6.0932e-06,5.1197e-08,2.0736e-07,5.1930e-07,4.0309e-06,7.2350e-06,8.4578e-06,7.2276e-06
P19,0.00,135.00,0.00,0.00,6.0157e-08,2.2835e-07,7.4881e-07,3.9926e-06,8.5460e-06,8.5339e-06,6.0934e-06,5.9834e-08,2.0823e-07,5.2000e-07,4.0317e-06,7.2355e-06,8.4582e-06,7.2279e-06
P19,60.00,0.00,0.00,0.00,7.3054e-08,1.9264e-07,5.3347e-07,2.9818e-06,6.8171e-06,6.8068e-06,5.0040e-06,7.2443e-08,1.7870e-07,4.0274e-07,3.0199e-06,5.7112e-06,6.7521e-06,5.7218e-06
P19,0.00,0.00,0.00,0.00,6.0157e-08,2.2835e-07,7.4881e-07,3.9926e-06,8.5460e-06,8.5339e-06,6.0934e-06,5.9834e-08,2.0823e-07,5.2000e-07,4.0317e-06,7.2355e-06,8.4582e-06,7.2279e-06
P19,60.00,45.00,0.00,0.00,7.3054e-08,1.9264e-07,5.3347e-07,2.9818e-06,6.8171e-06,6.8068e-06,5.0040e-06,7.2443e-08,1.7870e-07,4.0274e-07,3.0199e-06,5.7112e-06,6.7521e-06,5.7218e-06
P19,30.00,0.00,60.00,0.00,5.3261e-08,2.1863e-07,6.9444e-07,3.8070e-06,8.2416e-06,8.2299e-06,5.8371e-06,5.2999e-08,1.9999e-07,4.8999e-07,3.8480e-06,6.9683e-06,8.1588e-06,6.9152e-06
P19,0.00,45.00,0.00,0.00,6.0157e-08,2.2835e-07,7.4881e-07,3.9926e-06,8.5460e-06,8.5339e-06,6.0934e-06,5.9834e-08,2.0823e-07,5.2000e-07,4.0317e-06,7.2355e-06,8.4582e-06,7.2279e-06
P19,60.00,180.00,30.00,0.00,7.0503e-08,1.9238e-07,5.3326e-07,2.9815e-06,6.8170e-06,6.8067e-06,5.0039e-06,6.9923e-08,1.7844e-07,4.0253e-07,3.0196e-06,5.7111e-06,6.7520e-06,5.7217e-06
P19,0.00,0.00,30.00,0.00,5.8388e-08,2.2820e-07,7.4869e-07,3.9924e-06,8.5459e-06,8.5339e-06,6.0934e-06,5.8092e-08,2.0808e-07,5.1988e-07,4.0316e-06,7.2354e-06,8.4581e-06,7.2279e-06
P19,30.00,45.00,60.00,0.00,5.3221e-08,2.1863e-07,6.9444e-07,3.8070e-06,8.2416e-06,8.2298e-06,5.8371e-06,5.2959e-08,1.9999e-07,4.8999e-07,3.8480e-06,6.9683e-06,8.1588e-06,6.9152e-06
P19,0.00,180.00,0.00,0.00,6.0157e-08,2.2835e-07,7.4881e-07,3.9926e-06,8.5460e-06,8.5339e-06,6.0934e-06,5.9834e-08,2.0823e-07,5.2000e-07,4.0317e-06,7.2355e-06,8.4582e-06,7.2279e-06
P19,0.00,90.00,0.00,0.00,6.0157e-08,2.2835e-07,7.4881e-07,3.9926e-06,8.5460e-06,8.5339e-06,6.0934e-06,5.9834e-08,2.0823e-07,5.2000e-07,4.0317e-06,7.2355e-06,8.4582e-06,7.2279e-06
P19,0.00,180.00,30.00,0.00,5.8388e-08,2.2820e-07,7.4869e-07,3.9924e-06,8.5459e-06,8.5339e-06,6.0934e-06,5.8092e-08,2.0808e-07,5.1988e-07,4.0316e-06,7.2354e-06,8.4581e-06,7.2279e-06
P19,60.00,180.00,60.00,0.00,6.0225e-08,1.9116e-07,5.3228e-07,2.9805e-06,6.8164e-06,6.8061e-06,5.0036e-06,5.9757e-08,1.7721e-07,4.0153e-07,3.0185e-06,5.7103e-06,6.7514e-06,5.7213e-06
P19,0.00,90.00,30.00,0.00,5.8388e-08,2.2820e-07,7.4869e-07,3.9924e-06,8.5459e-06,8.5339e-06,6.0934e-06,5.8092e-08,2.0808e-07,5.1988e-07,4.0316e-06,7.2354e-06,8.4581e-06,7.2279e-06
P19,60.00,135.00,30.00,0.00,7.0547e-08,1.9239e-07,5.3326e-07,2.9815e-06,6.8170e-06,6.8067e-06,5.0039e-06,6.9966e-08,1.7845e-07,4.0254e-07,3.0196e-06,5.7111e-06,6.7520e-06,5.7217e-06
P19,30.00,0.00,0.00,0.00,6.2608e-08,2.1958e-07,6.9520e-07,3.8078e-06,8.2420e-06,8.2303e-06,5.8373e-06,6.2228e-08,2.0094e-07,4.9075e-07,3.8489e-06,6.9689e-06,8.1592e-06,6.9155e-06
P19,30.00,45.00,0.00,0.00,6.2608e-08,2.1958e-07,6.9520e-07,3.8078e-06,8.2420e-06,8.2303e-06,5.8373e-06,6.2228e-08,2.0094e-07,4.9075e-07,3.8489e-06,6.9689e-06,8.1592e-06,6.9155e-06
P19,60.00,135.00,60.00,0.00,6.0396e-08,1.9118e-07,5.3230e-07,2.9805e-06,6.8164e-06,6.8062e-06,5.0036e-06,5.9927e-08,1.7724e-07,4.0155e-07,3.0185e-06,5.7103e-06,6.7514e-06,5.7213e-06
P19,30.00,180.00,30.00,0.00,6.0665e-08,2.1941e-07,6.9506e-07,3.8077e-06,8.2420e-06,8.2302e-06,5.8373e-06,6.0313e-08,2.0077e-07,4.9061e-07,3.8487e-06,6.9688e-06,8.1592e-06,6.9155e-06
P19,0.00,90.00,60.00,0.00,5.1404e-08,2.2748e-07,7.4812e-07,3.9918e-06,8.5456e-06,8.5335e-06,6.0932e-06,5.1197e-08,2.0736e-07,5.1930e-07,4.0309e-06,7.2350e-06,8.4578e-06,7.2276e-06
P19,30.00,135.00,0.00,0.00,6.2608e-08,2.1958e-07,6.9520e-07,3.8078e-06,8.2420e-06,8.2303e-06,5.8373e-06,6.2228e-08,2.0094e-07,4.9075e-07,3.8489e-06,6.9689e-06,8.1592e-06,6.9155e-06
P19,60.00,0.00,60.00,0.00,6.1344e-08,1.9133e-07,5.3242e-07,2.9806e-06,6.8165e-06,6.8062e-06,5.0036e-06,6.0866e-08,1.7739e-07,4.0167e-07,3.0186e-06,5.7104e-06,6.7515e-06,5.7214e-06
P19,60.00,180.00,0.00,0.00,7.3054e-08,1.9264e-07,5.3347e-07,2.9818e-06,6.8171e-06,6.8068e-06,5.0040e-06,7.2443e-08,1.7870e-07,4.0274e-07,3.0199e-06,5.7112e-06,6.7521e-06,5.7218e-06
P19,30.00,135.00,30.00,0.00,6.0677e-08,2.1941e-07,6.9506e-07,3.8077e-06,8.2420e-06,8.2302e-06,5.8373e-06,6.0324e-08,2.0077e-07,4.9062e-07,3.8487e-06,6.9688e-06,8.1592e-06,6.9155e-06
P19,30.00,0.00,30.00,0.00,6.0745e-08,2.1942e-07,6.9507e-07,3.8077e-06,8.2420e-06,8.2302e-06,5.8373e-06,6.0392e-08,2.0078e-07,4.9062e-07,3.8487e-06,6.9688e-06,8.1592e-06,6.9155e-06
P19,0.00,45.00,30.00,0.00,5.8388e-08,2.2820e-07,7.4869e-07,3.9924e-06,8.5459e-06,8.5339e-06,6.0934e-06,5.8092e-08,2.0808e-07,5.1988e-07,4.0316e-06,7.2354e-06,8.4581e-06,7.2279e-06
P19,60.00,0.00,30.00,0.00,7.0801e-08,1.9242e-07,5.3329e-07,2.9816e-06,6.8170e-06,6.8067e-06,5.0039e-06,7.0217e-08,1.7849e-07,4.0257e-07,3.0196e-06,5.7111e-06,6.7520e-06,5.7217e-06
P19,30.00,90.00,30.00,0.00,6.0705e-08,2.1941e-07,6.9506e-07,3.8077e-06,8.2420e-06,8.2302e-06,5.8373e-06,6.0352e-08,2.0077e-07,4.9062e-07,3.8487e-06,6.9688e-06,8.1592e-06,6.9155e-06
P19,30.00,90.00,0.00,0.00,6.2608e-08,2.1958e-07,6.9520e-07,3.8078e-06,8.2420e-06,8.2303e-06,5.8373e-06,6.2228e-08,2.0094e-07,4.9075e-07,3.8489e-06,6.9689e-06,8.1592e-06,6.9155e-06
P19,0.00,180.00,60.00,0.00,5.1404e-08,2.2748e-07,7.4812e-07,3.9918e-06,8.5456e-06,8.5335e-06,6.0932e-06,5.1197e-08,2.0736e-07,5.1930e-07,4.0309e-06,7.2350e-06,8.4578e-06,7.2276e-06
P19,30.00,45.00,30.00,0.00,6.0733e-08,2.1942e-07,6.9507e-07,3.8077e-06,8.2420e-06,8.2302e-06,5.8373e-06,6.0380e-08,2.0078e-07,4.9062e-07,3.8487e-06,6.9688e-06,8.1592e-06,6.9155e-06
P20,0.00,135.00,60.00,0.00,5.0267e-08,2.7977e-07,8.6748e-07,4.0154e-06,8.5145e-06,8.5034e-06,6.2351e-06,5.0269e-08,2.5614e-07,6.5666e-07,4.0719e-06,7.3075e-06,8.4382e-06,7.3024e-06
P20,0.00,90.00,60.00,0.00,5.0267e-08,2.7977e-07,8.6748e-07,4.0154e-06,8.5145e-06,8.5034e-06,6.2351e-06,5.0269e-08,2.5614e-07,6.5666e-07,4.0719e-06,7.3075e-06,8.4382e-06,7.3024e-06
P20,30.00,45.00,60.00,0.00,5.1989e-08,2.6422e-07,8.2380e-07,3.8424e-06,8.2205e-06,8.2097e-06,5.9481e-06,5.1949e-08,2.4177e-07,6.2352e-07,3.9018e-06,7.0518e-06,8.1487e-06,6.9855e-06
P20,0.00,135.00,0.00,0.00,5.7898e-08,2.8052e-07,8.6807e-07,4.0162e-06,8.5149e-06,8.5037e-06,6.2353e-06,5.7855e-08,2.5690e-07,6.5728e-07,4.0727e-06,7.3080e-06,8.4386e-06,7.3027e-06
P20,60.00,90.00,30.00,0.00,6.7949e-08,2.1114e-07,6.5859e-07,3.0648e-06,6.8588e-06,6.8494e-06,4.9145e-06,6.7676e-08,1.9332e-07,4.9994e-07,3.1273e-06,5.8449e-06,6.8013e-06,5.7342e-06
P20,30.00,180.00,0.00,0.00,6.0209e-08,2.6505e-07,8.2445e-07,3.8433e-06,8.2209e-06,8.2101e-06,5.9484e-06,6.0121e-08,2.4260e-07,6.2419e-07,3.9027e-06,7.0523e-06,8.1491e-06,6.9858e-06
P20,0.00,45.00,30.00,0.00,5.6453e-08,2.8039e-07,8.6797e-07,4.0160e-06,8.5148e-06,8.5037e-06,6.2352e-06,5.6420e-08,2.5677e-07,6.5717e-07,4.0726e-06,7.3079e-06,8.4385e-06,7.3026e-06
P20,60.00,0.00,60.00,0.00,5.9674e-08,2.1022e-07,6.5782e-07,3.0639e-06,6.8584e-06,6.8490e-06,4.9142e-06,5.9451e-08,1.9240e-07,4.9916e-07,3.1263e-06,5.8443e-06,6.8008e-06,5.7340e-06
P20,0.00,90.00,30.00,0.00,5.6453e-08,2.8039e-07,8.6797e-07,4.0160e-06,8.5148e-06,8.5037e-06,6.2352e-06,5.6420e-08,2.5677e-07,6.5717e-07,4.0726e-06,7.3079e-06,8.4385e-06,7.3026e-06
P20,30.00,90.00,0.00,0.00,6.0209e-08,2.6505e-07,8.2445e-07,3.8433e-06,8.2209e-06,8.2101e-06,5.9484e-06,6.0121e-08,2.4260e-07,6.2419e-07,3.9027e-06,7.0523e-06,8.1491e-06,6.9858e-06
P20,0.00,180.00,60.00,0.00,5.0267e-08,2.7977e-07,8.6748e-07,4.0154e-06,8.5145e-06,8.5034e-06,6.2351e-06,5.0269e-08,2.5614e-07,6.5666e-07,4.0719e-06,7.3075e-06,8.4382e-06,7.3024e-06
P20,30.00,0.00,30.00,0.00,5.8678e-08,2.6490e-07,8.2435e-07,3.8431e-06,8.2208e-06,8.2100e-06,5.9483e-06,5.8600e-08,2.4246e-07,6.2408e-07,3.9026e-06,7.0522e-06,8.1491e-06,6.9857e-06
P20,60.00,180.00,60.00,0.00,5.8574e-08,2.1005e-07,6.5769e-07,3.0638e-06,6.8583e-06,6.8489e-06,4.9142e-06,5.8356e-08,1.9224e-07,4.9902e-07,3.1262e-06,5.8442e-06,6.8007e-06,5.7339e-06
P20,60.00,180.00,30.00,0.00,6.7806e-08,2.1112e-07,6.5857e-07,3.0648e-06,6.8588e-06,6.8494e-06,4.9145e-06,6.7533e-08,1.9330e-07,4.9992e-07,3.1273e-06,5.8449e-06,6.8012e-06,5.7342e-06
P20,30.00,90.00,30.00,0.00,5.8641e-08,2.6490e-07,8.2434e-07,3.8431e-06,8.2208e-06,8.2100e-06,5.9483e-06,5.8564e-08,2.4246e-07,6.2408e-07,3.9026e-06,7.0522e-06,8.1490e-06,6.9857e-06
P20,30.00,45.00,30.00,0.00,5.8667e-08,2.6490e-07,8.2435e-07,3.8431e-06,8.2208e-06,8.2100e-06,5.9483e-06,5.8589e-08,2.4246e-07,6.2408e-07,3.9026e-06,7.0522e-06,8.1490e-06,6.9857e-06
P20,60.00,135.00,30.00,0.00,6.7848e-08,2.1112e-07,6.5858e-07,3.0648e-06,6.8588e-06,6.8494e-06,4.9145e-06,6.7575e-08,1.9331e-07,4.9993e-07,3.1273e-06,5.8449e-06,6.8012e-06,5.7342e-06
P20,0.00,90.00,0.00,0.00,5.7898e-08,2.8052e-07,8.6807e-07,4.0162e-06,8.5149e-06,8.5037e-06,6.2353e-06,5.7855e-08,2.5690e-07,6.5728e-07,4.0727e-06,7.3080e-06,8.4386e-06,7.3027e-06
P20,30.00,180.00,60.00,0.00,5.1754e-08,2.6418e-07,8.2377e-07,3.8424e-06,8.2205e-06,8.2097e-06,5.9481e-06,5.1716e-08,2.4174e-07,6.2349e-07,3.9018e-06,7.0518e-06,8.1487e-06,6.9855e-06
P20,0.00,180.00,0.00,0.00,5.7898e-08,2.8052e-07,8.6807e-07,4.0162e-06,8.5149e-06,8.5037e-06,6.2353e-06,5.7855e-08,2.5690e-07,6.5728e-07,4.0727e-06,7.3080e-06,8.4386e-06,7.3027e-06
P20,30.00,135.00,60.00,0.00,5.1795e-08,2.6419e-07,8.2378e-07,3.8424e-06,8.2205e-06,8.2097e-06,5.9481e-06,5.1756e-08,2.4174e-07,6.2350e-07,3.9018e-06,7.0518e-06,8.1487e-06,6.9855e-06
P20,0.00,0.00,60.00,0.00,5.0267e-08,2.7977e-07,8.6748e-07,4.0154e-06,8.5145e-06,8.5034e-06,6.2351e-06,5.0269e-08,2.5614e-07,6.5666e-07,4.0719e-06,7.3075e-06,8.4382e-06,7.3024e-06
P20,0.00,0.00,0.00,0.00,5.7898e-08,2.8052e-07,8.6807e-07,4.0162e-06,8.5149e-06,8.5037e-06,6.2353e-06,5.7855e-08,2.5690e-07,6.5728e-07,4.0727e-06,7.3080e-06,8.4386e-06,7.3027e-06
P20,30.00,180.00,30.00,0.00,5.8604e-08,2.6490e-07,8.2434e-07,3.8431e-06,8.2208e-06,8.2100e-06,5.9483e-06,5.8527e-08,2.4245e-07,6.2407e-07,3.9026e-06,7.0522e-06,8.1490e-06,6.9857e-06
P20,0.00,135.00,30.00,0.00,5.6453e-08,2.8039e-07,8.6797e-07,4.0160e-06,8.5148e-06,8.5037e-06,6.2352e-06,5.6420e-08,2.5677e-07,6.5717e-07,4.0726e-06,7.3079e-06,8.4385e-06,7.3026e-06
P20,60.00,180.00,0.00,0.00,6.9954e-08,2.1134e-07,6.5876e-07,3.0651e-06,6.8589e-06,6.8495e-06,4.9145e-06,6.9668e-08,1.9353e-07,5.0011e-07,3.1275e-06,5.8450e-06,6.8014e-06,5.7343e-06
P20,60.00,90.00,0.00,0.00,6.9954e-08,2.1134e-07,6.5876e-07,3.0651e-06,6.8589e-06,6.8495e-06,4.9145e-06,6.9668e-08,1.9353e-07,5.0011e-07,3.1275e-06,5.8450e-06,6.8014e-06,5.7343e-06
P20,0.00,45.00,60.00,0.00,5.0267e-08,2.7977e-07,8.6748e-07,4.0154e-06,8.5145e-06,8.5034e-06,6.2351e-06,5.0269e-08,2.5614e-07,6.5666e-07,4.0719e-06,7.3075e-06,8.4382e-06,7.3024e-06
P20,60.00,0.00,0.00,0.00,6.9954e-08,2.1134e-07,6.5876e-07,3.0651e-06,6.8589e-06,6.8495e-06,4.9145e-06,6.9668e-08,1.9353e-07,5.0011e-07,3.1275e-06,5.8450e-06,6.8014e-06,5.7343e-06
P20,60.00,45.00,0.00,0.00,6.9954e-08,2.1134e-07,6.5876e-07,3.0651e-06,6.8589e-06,6.8495e-06,4.9145e-06,6.9668e-08,1.9353e-07,5.0011e-07,3.1275e-06,5.8450e-06,6.8014e-06,5.7343e-06
P20,0.00,0.00,30.00,0.00,5.6453e-08,2.8039e-07,8.6797e-07,4.0160e-06,8.5148e-06,8.5037e-06,6.2352e-06,5.6420e-08,2.5677e-07,6.5717e-07,4.0726e-06,7.3079e-06,8.4385e-06,7.3026e-06
P20,60.00,45.00,30.00,0.00,6.8050e-08,2.1115e-07,6.5860e-07,3.0648e-06,6.8588e-06,6.8494e-06,4.9145e-06,6.7776e-08,1.9334e-07,4.9995e-07,3.1273e-06,5.8449e-06,6.8013e-06,5.7343e-06
P20,30.00,135.00,0.00,0.00,6.0209e-08,2.6505e-07,8.2445e-07,3.8433e-06,8.2209e-06,8.2101e-06,5.9484e-06,6.0121e-08,2.4260e-07,6.2419e-07,3.9027e-06,7.0523e-06,8.1491e-06,6.9858e-06
P20,30.00,90.00,60.00,0.00,5.1892e-08,2.6420e-07,8.2379e-07,3.8424e-06,8.2205e-06,8.2097e-06,5.9481e-06,5.1853e-08,2.4176e-07,6.2351e-07,3.9018e-06,7.0518e-06,8.1487e-06,6.9855e-06
P20,30.00,0.00,60.00,0.00,5.2029e-08,2.6422e-07,8.2380e-07,3.8424e-06,8.2205e-06,8.2097e-06,5.9481e-06,5.1989e-08,2.4178e-07,6.2352e-07,3.9018e-06,7.0518e-06,8.1487e-06,6.9855e-06
P20,60.00,0.00,30.00,0.00,6.8091e-08,2.1116e-07,6.5860e-07,3.0649e-06,6.8588e-06,6.8494e-06,4.9145e-06,6.7817e-08,1.9334e-07,4.9996e-07,3.1273e-06,5.8449e-06,6.8013e-06,5.7343e-06
P20,0.00,180.00,30.00,0.00,5.6453e-08,2.8039e-07,8.6797e-07,4.0160e-06,8.5148e-06,8.5037e-06,6.2352e-06,5.6420e-08,2.5677e-07,6.5717e-07,4.0726e-06,7.3079e-06,8.4385e-06,7.3026e-06
P20,60.00,90.00,60.00,0.00,5.9139e-08,2.1014e-07,6.5776e-07,3.0639e-06,6.8584e-06,6.8490e-06,4.9142e-06,5.8918e-08,1.9232e-07,4.9909e-07,3.1263e-06,5.8443e-06,6.8008e-06,5.7339e-06
P20,60.00,135.00,0.00,0.00,6.9954e-08,2.1134e-07,6.5876e-07,3.0651e-06,6.8589e-06,6.8495e-06,4.9145e-06,6.9668e-08,1.9353e-07,5.0011e-07,3.1275e-06,5.8450e-06,6.8014e-06,5.7343e-06
P20,30.00,45.00,0.00,0.00,6.0209e-08,2.6505e-07,8.2445e-07,3.8433e-06,8.2209e-06,8.2101e-06,5.9484e-06,6.0121e-08,2.4260e-07,6.2419e-07,3.9027e-06,7.0523e-06,8.1491e-06,6.9858e-06
P20,60.00,135.00,60.00,0.00,5.8743e-08,2.1008e-07,6.5771e-07,3.0638e-06,6.8583e-06,6.8489e-06,4.9142e-06,5.8524e-08,1.9226e-07,4.9904e-07,3.1262e-06,5.8442e-06,6.8007e-06,5.7339e-06
P20,60.00,45.00,60.00,0.00,5.9520e-08,2.1020e-07,6.5781e-07,3.0639e-06,6.8584e-06,6.8490e-06,4.9142e-06,5.9297e-08,1.9238e-07,4.9914e-07,3.1263e-06,5.8443e-06,6.8008e-06,5.7340e-06
P20,30.00,0.00,0.00,0.00,6.0209e-08,2.6505e-07,8.2445e-07,3.8433e-06,8.2209e-06,8.2101e-06,5.9484e-06,6.0121e-08,2.4260e-07,6.2419e-07,3.9027e-06,7.0523e-06,8.1491e-06,6.9858e-06
P20,0.00,45.00,0.00,0.00,5.7898e-08,2.8052e-07,8.6807e-07,4.0162e-06,8.5149e-06,8.5037e-06,6.2353e-06,5.7855e-08,2.5690e-07,6.5728e-07,4.0727e-06,7.3080e-06,8.4386e-06,7.3027e-06
P20,30.00,135.00,30.00,0.00,5.8615e-08,2.6490e-07,8.2434e-07,3.8431e-06,8.2208e-06,8.2100e-06,5.9483e-06,5.8538e-08,2.4246e-07,6.2408e-07,3.9026e-06,7.0522e-06,8.1490e-06,6.9857e-06
P21,0.00,180.00,30.00,0.00,5.8005e-08,3.3048e-07,9.8054e-07,4.3795e-06,9.0259e-06,9.0140e-06,7.4651e-06,5.8135e-08,3.0400e-07,7.4054e-07,4.4022e-06,7.7232e-06,8.9332e-06,8.3225e-06
P21,60.00,90.00,30.00,0.00,6.8891e-08,2.6199e-07,7.6314e-07,3.4607e-06,7.3582e-06,7.3485e-06,5.9643e-06,6.8854e-08,2.4145e-07,5.8935e-07,3.4911e-06,6.3039e-06,7.2888e-06,6.6628e-06
P21,0.00,45.00,0.00,0.00,5.9537e-08,3.3065e-07,9.8070e-07,4.3797e-06,9.0260e-06,9.0140e-06,7.4651e-06,5.9664e-08,3.0417e-07,7.4070e-07,4.4024e-06,7.7233e-06,8.9333e-06,8.3226e-06
P21,30.00,0.00,60.00,0.00,5.3282e-08,3.1461e-07,9.3128e-07,4.2177e-06,8.7357e-06,8.7242e-06,7.1482e-06,5.3389e-08,2.8945e-07,7.0614e-07,4.2433e-06,7.4832e-06,8.6488e-06,7.9929e-06
P21,30.00,45.00,30.00,0.00,6.0181e-08,3.1537e-07,9.3208e-07,4.2185e-06,8.7361e-06,8.7246e-06,7.1485e-06,6.0283e-08,2.9020e-07,7.0689e-07,4.2441e-06,7.4837e-06,8.6492e-06,7.9932e-06
P21,0.00,90.00,30.00,0.00,5.8005e-08,3.3048e-07,9.8054e-07,4.3795e-06,9.0259e-06,9.0140e-06,7.4651e-06,5.8135e-08,3.0400e-07,7.4054e-07,4.4022e-06,7.7232e-06,8.9332e-06,8.3225e-06
P21,30.00,180.00,0.00,0.00,6.1801e-08,3.1554e-07,9.3226e-07,4.2187e-06,8.7362e-06,8.7247e-06,7.1486e-06,6.1901e-08,2.9037e-07,7.0706e-07,4.2443e-06,7.4838e-06,8.6493e-06,7.9933e-06
P21,60.00,0.00,0.00,0.00,7.0913e-08,2.6220e-07,7.6338e-07,3.4609e-06,7.3583e-06,7.3486e-06,5.9644e-06,7.0874e-08,2.4165e-07,5.8956e-07,3.4913e-06,6.3041e-06,7.2889e-06,6.6629e-06
P21,0.00,90.00,0.00,0.00,5.9537e-08,3.3065e-07,9.8070e-07,4.3797e-06,9.0260e-06,9.0140e-06,7.4651e-06,5.9664e-08,3.0417e-07,7.4070e-07,4.4024e-06,7.7233e-06,8.9333e-06,8.3226e-06
P21,30.00,135.00,60.00,0.00,5.3043e-08,3.1458e-07,9.3125e-07,4.2177e-06,8.7357e-06,8.7242e-06,7.1482e-06,5.3149e-08,2.8942e-07,7.0610e-07,4.2432e-06,7.4831e-06,8.6488e-06,7.9929e-06
P21,60.00,0.00,60.00,0.00,6.0585e-08,2.6113e-07,7.6212e-07,3.4596e-06,7.3577e-06,7.3480e-06,5.9640e-06,6.0557e-08,2.4060e-07,5.8842e-07,3.4900e-06,6.3033e-06,7.2883e-06,6.6624e-06
P21,60.00,135.00,60.00,0.00,5.9662e-08,2.6100e-07,7.6198e-07,3.4595e-06,7.3576e-06,7.3479e-06,5.9639e-06,5.9635e-08,2.4048e-07,5.8828e-07,3.4899e-06,6.3032e-06,7.2882e-06,6.6623e-06
P21,30.00,180.00,60.00,0.00,5.3001e-08,3.1457e-07,9.3124e-07,4.2177e-06,8.7357e-06,8.7242e-06,7.1482e-06,5.3108e-08,2.8941e-07,7.0610e-07,4.2432e-06,7.4831e-06,8.6488e-06,7.9929e-06
P21,0.00,135.00,0.00,0.00,5.9537e-08,3.3065e-07,9.8070e-07,4.3797e-06,9.0260e-06,9.0140e-06,7.4651e-06,5.9664e-08,3.0417e-07,7.4070e-07,4.4024e-06,7.7233e-06,8.9333e-06,8.3226e-06
P21,30.00,180.00,30.00,0.00,6.0114e-08,3.1536e-07,9.3208e-07,4.2185e-06,8.7361e-06,8.7246e-06,7.1485e-06,6.0216e-08,2.9019e-07,7.0688e-07,4.2441e-06,7.4837e-06,8.6492e-06,7.9932e-06
P21,60.00,90.00,60.00,0.00,6.0054e-08,2.6105e-07,7.6204e-07,3.4595e-06,7.3576e-06,7.3479e-06,5.9639e-06,6.0026e-08,2.4053e-07,5.8834e-07,3.4899e-06,6.3032e-06,7.2882e-06,6.6624e-06
P21,0.00,45.00,30.00,0.00,5.8005e-08,3.3048e-07,9.8054e-07,4.3795e-06,9.0259e-06,9.0140e-06,7.4651e-06,5.8135e-08,3.0400e-07,7.4054e-07,4.4022e-06,7.7232e-06,8.9332e-06,8.3225e-06
P21,0.00,90.00,60.00,0.00,5.1533e-08,3.2976e-07,9.7980e-07,4.3788e-06,9.0255e-06,9.0136e-06,7.4648e-06,5.1667e-08,3.0329e-07,7.3984e-07,4.4015e-06,7.7227e-06,8.9328e-06,8.3222e-06
P21,30.00,90.00,60.00,0.00,5.3143e-08,3.1459e-07,9.3126e-07,4.2177e-06,8.7357e-06,8.7242e-06,7.1482e-06,5.3249e-08,2.8943e-07,7.0612e-07,4.2433e-06,7.4832e-06,8.6488e-06,7.9929e-06
P21,30.00,135.00,0.00,0.00,6.1801e-08,3.1554e-07,9.3226e-07,4.2187e-06,8.7362e-06,8.7247e-06,7.1486e-06,6.1901e-08,2.9037e-07,7.0706e-07,4.2443e-06,7.4838e-06,8.6493e-06,7.9933e-06
P21,0.00,0.00,60.00,0.00,5.1533e-08,3.2976e-07,9.7980e-07,4.3788e-06,9.0255e-06,9.0136e-06,7.4648e-06,5.1667e-08,3.0329e-07,7.3984e-07,4.4015e-06,7.7227e-06,8.9328e-06,8.3222e-06
P21,30.00,45.00,0.00,0.00,6.1801e-08,3.1554e-07,9.3226e-07,4.2187e-06,8.7362e-06,8.7247e-06,7.1486e-06,6.1901e-08,2.9037e-07,7.0706e-07,4.2443e-06,7.4838e-06,8.6493e-06,7.9933e-06
P21,30.00,0.00,30.00,0.00,6.0192e-08,3.1537e-07,9.3209e-07,4.2185e-06,8.7361e-06,8.7246e-06,7.1485e-06,6.0294e-08,2.9020e-07,7.0689e-07,4.2441e-06,7.4837e-06,8.6492e-06,7.9932e-06
P21,30.00,45.00,60.00,0.00,5.3242e-08,3.1460e-07,9.3127e-07,4.2177e-06,8.7357e-06,8.7242e-06,7.1482e-06,5.3348e-08,2.8944e-07,7.0613e-07,4.2433e-06,7.4832e-06,8.6488e-06,7.9929e-06
P21,60.00,45.00,0.00,0.00,7.0913e-08,2.6220e-07,7.6338e-07,3.4609e-06,7.3583e-06,7.3486e-06,5.9644e-06,7.0874e-08,2.4165e-07,5.8956e-07,3.4913e-06,6.3041e-06,7.2889e-06,6.6629e-06
P21,0.00,135.00,60.00,0.00,5.1533e-08,3.2976e-07,9.7980e-07,4.3788e-06,9.0255e-06,9.0136e-06,7.4648e-06,5.1667e-08,3.0329e-07,7.3984e-07,4.4015e-06,7.7227e-06,8.9328e-06,8.3222e-06
P21,60.00,45.00,30.00,0.00,6.8993e-08,2.6200e-07,7.6316e-07,3.4607e-06,7.3582e-06,7.3485e-06,5.9643e-06,6.8956e-08,2.4146e-07,5.8936e-07,3.4911e-06,6.3039e-06,7.2888e-06,6.6628e-06
P21,30.00,90.00,0.00,0.00,6.1801e-08,3.1554e-07,9.3226e-07,4.2187e-06,8.7362e-06,8.7247e-06,7.1486e-06,6.1901e-08,2.9037e-07,7.0706e-07,4.2443e-06,7.4838e-06,8.6493e-06,7.9933e-06
P21,60.00,180.00,30.00,0.00,6.8745e-08,2.6197e-07,7.6312e-07,3.4606e-06,7.3582e-06,7.3485e-06,5.9643e-06,6.8708e-08,2.4143e-07,5.8932e-07,3.4910e-06,6.3039e-06,7.2888e-06,6.6628e-06
P21,60.00,135.00,0.00,0.00,7.0913e-08,2.6220e-07,7.6338e-07,3.4609e-06,7.3583e-06,7.3486e-06,5.9644e-06,7.0874e-08,2.4165e-07,5.8956e-07,3.4913e-06,6.3041e-06,7.2889e-06,6.6629e-06
P21,0.00,45.00,60.00,0.00,5.1533e-08,3.2976e-07,9.7980e-07,4.3788e-06,9.0255e-06,9.0136e-06,7.4648e-06,5.1667e-08,3.0329e-07,7.3984e-07,4.4015e-06,7.7227e-06,8.9328e-06,8.3222e-06
P21,0.00,0.00,30.00,0.00,5.8005e-08,3.3048e-07,9.8054e-07,4.3795e-06,9.0259e-06,9.0140e-06,7.4651e-06,5.8135e-08,3.0400e-07,7.4054e-07,4.4022e-06,7.7232e-06,8.9332e-06,8.3225e-06
P21,60.00,135.00,30.00,0.00,6.8788e-08,2.6197e-07,7.6313e-07,3.4606e-06,7.3582e-06,7.3485e-06,5.9643e-06,6.8751e-08,2.4143e-07,5.8933e-07,3.4910e-06,6.3039e-06,7.2888e-06,6.6628e-06
P21,60.00,90.00,0.00,0.00,7.0913e-08,2.6220e-07,7.6338e-07,3.4609e-06,7.3583e-06,7.3486e-06,5.9644e-06,7.0874e-08,2.4165e-07,5.8956e-07,3.4913e-06,6.3041e-06,7.2889e-06,6.6629e-06
P21,30.00,135.00,30.00,0.00,6.0125e-08,3.1536e-07,9.3208e-07,4.2185e-06,8.7361e-06,8.7246e-06,7.1485e-06,6.0228e-08,2.9019e-07,7.0688e-07,4.2441e-06,7.4837e-06,8.6492e-06,7.9932e-06
P21,0.00,180.00,60.00,0.00,5.1533e-08,3.2976e-07,9.7980e-07,4.3788e-06,9.0255e-06,9.0136e-06,7.4648e-06,5.1667e-08,3.0329e-07,7.3984e-07,4.4015e-06,7.7227e-06,8.9328e-06,8.3222e-06
P21,60.00,45.00,60.00,0.00,6.0432e-08,2.6111e-07,7.6210e-07,3.4596e-06,7.3577e-06,7.3480e-06,5.9639e-06,6.0404e-08,2.4058e-07,5.8839e-07,3.4900e-06,6.3033e-06,7.2882e-06,6.6624e-06
P21,30.00,0.00,0.00,0.00,6.1801e-08,3.1554e-07,9.3226e-07,4.2187e-06,8.7362e-06,8.7247e-06,7.1486e-06,6.1901e-08,2.9037e-07,7.0706e-07,4.2443e-06,7.4838e-06,8.6493e-06,7.9933e-06
P21,0.00,0.00,0.00,0.00,5.9537e-08,3.3065e-07,9.8070e-07,4.3797e-06,9.0260e-06,9.0140e-06,7.4651e-06,5.9664e-08,3.0417e-07,7.4070e-07,4.4024e-06,7.7233e-06,8.9333e-06,8.3226e-06
P21,60.00,180.00,60.00,0.00,5.9496e-08,2.6098e-07,7.6195e-07,3.4595e-06,7.3576e-06,7.3479e-06,5.9639e-06,5.9469e-08,2.4045e-07,5.8825e-07,3.4898e-06,6.3032e-06,7.2882e-06,6.6623e-06
P21,60.00,180.00,0.00,0.00,7.0913e-08,2.6220e-07,7.6338e-07,3.4609e-06,7.3583e-06,7.3486e-06,5.9644e-06,7.0874e-08,2.4165e-07,5.8956e-07,3.4913e-06,6.3041e-06,7.2889e-06,6.6629e-06
P21,0.00,180.00,0.00,0.00,5.9537e-08,3.3065e-07,9.8070e-07,4.3797e-06,9.0260e-06,9.0140e-06,7.4651e-06,5.9664e-08,3.0417e-07,7.4070e-07,4.4024e-06,7.7233e-06,8.9333e-06,8.3226e-06
P21,0.00,135.00,30.00,0.00,5.8005e-08,3.3048e-07,9.8054e-07,4.3795e-06,9.0259e-06,9.0140e-06,7.4651e-06,5.8135e-08,3.0400e-07,7.4054e-07,4.4022e-06,7.7232e-06,8.9332e-06,8.3225e-06
P21,60.00,0.00,30.00,0.00,6.9035e-08,2.6201e-07,7.6316e-07,3.4607e-06,7.3582e-06,7.3485e-06,5.9643e-06,6.8998e-08,2.4147e-07,5.8937e-07,3.4911e-06,6.3039e-06,7.2888e-06,6.6628e-06
P21,30.00,90.00,30.00,0.00,6.0153e-08,3.1536e-07,9.3208e-07,4.2185e-06,8.7361e-06,8.7246e-06,7.1485e-06,6.0255e-08,2.9019e-07,7.0689e-07,4.2441e-06,7.4837e-06,8.6492e-06,7.9932e-06
P22,60.00,135.00,0.00,0.00,6.9864e-08,1.9562e-07,6.6600e-07,3.2002e-06,7.0287e-06,7.0187e-06,5.1312e-06,6.9574e-08,1.7738e-07,4.8006e-07,3.2513e-06,5.9474e-06,6.9622e-06,5.9641e-06
P22,0.00,45.00,0.00,0.00,5.7708e-08,2.6711e-07,9.2505e-07,4.1330e-06,8.6550e-06,8.6434e-06,6.5221e-06,5.7668e-08,2.4136e-07,6.6943e-07,4.1754e-06,7.3883e-06,8.5695e-06,7.5605e-06
P22,0.00,90.00,60.00,0.00,5.0458e-08,2.6637e-07,9.2447e-07,4.1323e-06,8.6547e-06,8.6430e-06,6.5219e-06,5.0461e-08,2.4061e-07,6.6882e-07,4.1747e-06,7.3878e-06,8.5691e-06,7.5602e-06
P22,0.00,180.00,0.00,0.00,5.7708e-08,2.6711e-07,9.2505e-07,4.1330e-06,8.6550e-06,8.6434e-06,6.5221e-06,5.7668e-08,2.4136e-07,6.6943e-07,4.1754e-06,7.3883e-06,8.5695e-06,7.5605e-06
P22,30.00,45.00,0.00,0.00,6.0022e-08,2.5035e-07,8.6994e-07,3.9661e-06,8.3705e-06,8.3591e-06,6.2269e-06,5.9937e-08,2.2617e-07,6.2767e-07,4.0117e-06,7.1390e-06,8.2893e-06,7.2443e-06
P22,60.00,135.00,60.00,0.00,5.9098e-08,1.9440e-07,6.6498e-07,3.1990e-06,7.0282e-06,7.0182e-06,5.1308e-06,5.8872e-08,1.7616e-07,4.7901e-07,3.2501e-06,5.9466e-06,6.9616e-06,5.9637e-06
P22,30.00,90.00,60.00,0.00,5.2109e-08,2.4952e-07,8.6928e-07,3.9653e-06,8.3701e-06,8.3588e-06,6.2267e-06,5.2069e-08,2.2534e-07,6.2699e-07,4.0109e-06,7.1384e-06,8.2889e-06,7.2441e-06
P22,60.00,180.00,30.00,0.00,6.7807e-08,1.9540e-07,6.6582e-07,3.2000e-06,7.0286e-06,7.0186e-06,5.1311e-06,6.7529e-08,1.7716e-07,4.7987e-07,3.2511e-06,5.9473e-06,6.9621e-06,5.9640e-06
P22,0.00,180.00,30.00,0.00,5.6338e-08,2.6698e-07,9.2495e-07,4.1329e-06,8.6550e-06,8.6433e-06,6.5221e-06,5.6308e-08,2.4123e-07,6.6933e-07,4.1753e-06,7.3882e-06,8.5694e-06,7.5604e-06
P22,30.00,135.00,30.00,0.00,5.8509e-08,2.5020e-07,8.6982e-07,3.9660e-06,8.3704e-06,8.3591e-06,6.2269e-06,5.8434e-08,2.2602e-07,6.2755e-07,4.0116e-06,7.1389e-06,8.2892e-06,7.2443e-06
P22,0.00,135.00,60.00,0.00,5.0458e-08,2.6637e-07,9.2447e-07,4.1323e-06,8.6547e-06,8.6430e-06,6.5219e-06,5.0461e-08,2.4061e-07,6.6882e-07,4.1747e-06,7.3878e-06,8.5691e-06,7.5602e-06
P22,60.00,135.00,30.00,0.00,6.7847e-08,1.9540e-07,6.6583e-07,3.2000e-06,7.0286e-06,7.0186e-06,5.1311e-06,6.7570e-08,1.7717e-07,4.7988e-07,3.2511e-06,5.9473e-06,6.9621e-06,5.9640e-06
P22,60.00,90.00,60.00,0.00,5.9482e-08,1.9445e-07,6.6503e-07,3.1990e-06,7.0282e-06,7.0182e-06,5.1308e-06,5.9255e-08,1.7622e-07,4.7906e-07,3.2501e-06,5.9467e-06,6.9616e-06,5.9637e-06
P22,60.00,0.00,0.00,0.00,6.9864e-08,1.9562e-07,6.6600e-07,3.2002e-06,7.0287e-06,7.0187e-06,5.1312e-06,6.9574e-08,1.7738e-07,4.8006e-07,3.2513e-06,5.9474e-06,6.9622e-06,5.9641e-06
P22,30.00,180.00,0.00,0.00,6.0022e-08,2.5035e-07,8.6994e-07,3.9661e-06,8.3705e-06,8.3591e-06,6.2269e-06,5.9937e-08,2.2617e-07,6.2767e-07,4.0117e-06,7.1390e-06,8.2893e-06,7.2443e-06
P22,60.00,180.00,0.00,0.00,6.9864e-08,1.9562e-07,6.6600e-07,3.2002e-06,7.0287e-06,7.0187e-06,5.1312e-06,6.9574e-08,1.7738e-07,4.8006e-07,3.2513e-06,5.9474e-06,6.9622e-06,5.9641e-06
P22,0.00,135.00,0.00,0.00,5.7708e-08,2.6711e-07,9.2505e-07,4.1330e-06,8.6550e-06,8.6434e-06,6.5221e-06,5.7668e-08,2.4136e-07,6.6943e-07,4.1754e-06,7.3883e-06,8.5695e-06,7.5605e-06
P22,30.00,90.00,30.00,0.00,5.8534e-08,2.5021e-07,8.6983e-07,3.9660e-06,8.3704e-06,8.3591e-06,6.2269e-06,5.8459e-08,2.2602e-07,6.2756e-07,4.0116e-06,7.1389e-06,8.2892e-06,7.2443e-06
P22,30.00,0.00,30.00,0.00,5.8569e-08,2.5021e-07,8.6983e-07,3.9660e-06,8.3704e-06,8.3591e-06,6.2269e-06,5.8494e-08,2.2603e-07,6.2756e-07,4.0116e-06,7.1389e-06,8.2892e-06,7.2443e-06
P22,30.00,0.00,60.00,0.00,5.2240e-08,2.4954e-07,8.6930e-07,3.9653e-06,8.3701e-06,8.3588e-06,6.2267e-06,5.2200e-08,2.2536e-07,6.2701e-07,4.0109e-06,7.1384e-06,8.2889e-06,7.2441e-06
P22,30.00,135.00,0.00,0.00,6.0022e-08,2.5035e-07,8.6994e-07,3.9661e-06,8.3705e-06,8.3591e-06,6.2269e-06,5.9937e-08,2.2617e-07,6.2767e-07,4.0117e-06,7.1390e-06,8.2893e-06,7.2443e-06
P22,60.00,0.00,60.00,0.00,6.0003e-08,1.9453e-07,6.6509e-07,3.1991e-06,7.0282e-06,7.0182e-06,5.1309e-06,5.9774e-08,1.7629e-07,4.7912e-07,3.2502e-06,5.9467e-06,6.9617e-06,5.9637e-06
P22,0.00,45.00,60.00,0.00,5.0458e-08,2.6637e-07,9.2447e-07,4.1323e-06,8.6547e-06,8.6430e-06,6.5219e-06,5.0461e-08,2.4061e-07,6.6882e-07,4.1747e-06,7.3878e-06,8.5691e-06,7.5602e-06
P22,60.00,45.00,0.00,0.00,6.9864e-08,1.9562e-07,6.6600e-07,3.2002e-06,7.0287e-06,7.0187e-06,5.1312e-06,6.9574e-08,1.7738e-07,4.8006e-07,3.2513e-06,5.9474e-06,6.9622e-06,5.9641e-06
P22,0.00,180.00,60.00,0.00,5.0458e-08,2.6637e-07,9.2447e-07,4.1323e-06,8.6547e-06,8.6430e-06,6.5219e-06,5.0461e-08,2.4061e-07,6.6882e-07,4.1747e-06,7.3878e-06,8.5691e-06,7.5602e-06
P22,30.00,45.00,60.00,0.00,5.2202e-08,2.4954e-07,8.6929e-07,3.9653e-06,8.3701e-06,8.3588e-06,6.2267e-06,5.2162e-08,2.2535e-07,6.2700e-07,4.0109e-06,7.1384e-06,8.2889e-06,7.2441e-06
P22,60.00,0.00,30.00,0.00,6.8082e-08,1.9544e-07,6.6585e-07,3.2000e-06,7.0286e-06,7.0187e-06,5.1311e-06,6.7803e-08,1.7720e-07,4.7990e-07,3.2511e-06,5.9473e-06,6.9621e-06,5.9640e-06
P22,30.00,180.00,30.00,0.00,5.8499e-08,2.5020e-07,8.6982e-07,3.9660e-06,8.3704e-06,8.3591e-06,6.2269e-06,5.8424e-08,2.2602e-07,6.2755e-07,4.0116e-06,7.1389e-06,8.2892e-06,7.2443e-06
P22,60.00,180.00,60.00,0.00,5.8934e-08,1.9437e-07,6.6496e-07,3.1990e-06,7.0282e-06,7.0182e-06,5.1308e-06,5.8709e-08,1.7613e-07,4.7899e-07,3.2501e-06,5.9466e-06,6.9616e-06,5.9637e-06
P22,30.00,90.00,0.00,0.00,6.0022e-08,2.5035e-07,8.6994e-07,3.9661e-06,8.3705e-06,8.3591e-06,6.2269e-06,5.9937e-08,2.2617e-07,6.2767e-07,4.0117e-06,7.1390e-06,8.2893e-06,7.2443e-06
P22,30.00,180.00,60.00,0.00,5.1976e-08,2.4951e-07,8.6927e-07,3.9653e-06,8.3701e-06,8.3587e-06,6.2267e-06,5.1937e-08,2.2532e-07,6.2698e-07,4.0109e-06,7.1384e-06,8.2888e-06,7.2440e-06
P22,60.00,90.00,0.00,0.00,6.9864e-08,1.9562e-07,6.6600e-07,3.2002e-06,7.0287e-06,7.0187e-06,5.1312e-06,6.9574e-08,1.7738e-07,4.8006e-07,3.2513e-06,5.9474e-06,6.9622e-06,5.9641e-06
P22,30.00,135.00,60.00,0.00,5.2015e-08,2.4951e-07,8.6927e-07,3.9653e-06,8.3701e-06,8.3587e-06,6.2267e-06,5.1976e-08,2.2533e-07,6.2698e-07,4.0109e-06,7.1384e-06,8.2888e-06,7.2440e-06
P22,30.00,45.00,30.00,0.00,5.8559e-08,2.5021e-07,8.6983e-07,3.9660e-06,8.3704e-06,8.3591e-06,6.2269e-06,5.8483e-08,2.2603e-07,6.2756e-07,4.0116e-06,7.1389e-06,8.2892e-06,7.2443e-06
P22,60.00,90.00,30.00,0.00,6.7945e-08,1.9542e-07,6.6584e-07,3.2000e-06,7.0286e-06,7.0186e-06,5.1311e-06,6.7667e-08,1.7718e-07,4.7989e-07,3.2511e-06,5.9473e-06,6.9621e-06,5.9640e-06
P22,0.00,45.00,30.00,0.00,5.6338e-08,2.6698e-07,9.2495e-07,4.1329e-06,8.6550e-06,8.6433e-06,6.5221e-06,5.6308e-08,2.4123e-07,6.6933e-07,4.1753e-06,7.3882e-06,8.5694e-06,7.5604e-06
P22,60.00,45.00,30.00,0.00,6.8042e-08,1.9543e-07,6.6585e-07,3.2000e-06,7.0286e-06,7.0187e-06,5.1311e-06,6.7763e-08,1.7719e-07,4.7990e-07,3.2511e-06,5.9473e-06,6.9621e-06,5.9640e-06
P22,0.00,90.00,30.00,0.00,5.6338e-08,2.6698e-07,9.2495e-07,4.1329e-06,8.6550e-06,8.6433e-06,6.5221e-06,5.6308e-08,2.4123e-07,6.6933e-07,4.1753e-06,7.3882e-06,8.5694e-06,7.5604e-06
P22,0.00,0.00,0.00,0.00,5.7708e-08,2.6711e-07,9.2505e-07,4.1330e-06,8.6550e-06,8.6434e-06,6.5221e-06,5.7668e-08,2.4136e-07,6.6943e-07,4.1754e-06,7.3883e-06,8.5695e-06,7.5605e-06
P22,60.00,45.00,60.00,0.00,5.9854e-08,1.9451e-07,6.6507e-07,3.1991e-06,7.0282e-06,7.0182e-06,5.1309e-06,5.9624e-08,1.7627e-07,4.7910e-07,3.2502e-06,5.9467e-06,6.9617e-06,5.9637e-06
P22,30.00,0.00,0.00,0.00,6.0022e-08,2.5035e-07,8.6994e-07,3.9661e-06,8.3705e-06,8.3591e-06,6.2269e-06,5.9937e-08,2.2617e-07,6.2767e-07,4.0117e-06,7.1390e-06,8.2893e-06,7.2443e-06
P22,0.00,0.00,30.00,0.00,5.6338e-08,2.6698e-07,9.2495e-07,4.1329e-06,8.6550e-06,8.6433e-06,6.5221e-06,5.6308e-08,2.4123e-07,6.6933e-07,4.1753e-06,7.3882e-06,8.5694e-06,7.5604e-06
P22,0.00,135.00,30.00,0.00,5.6338e-08,2.6698e-07,9.2495e-07,4.1329e-06,8.6550e-06,8.6433e-06,6.5221e-06,5.6308e-08,2.4123e-07,6.6933e-07,4.1753e-06,7.3882e-06,8.5694e-06,7.5604e-06
P22,0.00,90.00,0.00,0.00,5.7708e-08,2.6711e-07,9.2505e-07,4.1330e-06,8.6550e-06,8.6434e-06,6.5221e-06,5.7668e-08,2.4136e-07,6.6943e-07,4.1754e-06,7.3883e-06,8.5695e-06,7.5605e-06
P22,0.00,0.00,60.00,0.00,5.0458e-08,2.6637e-07,9.2447e-07,4.1323e-06,8.6547e-06,8.6430e-06,6.5219e-06,5.0461e-08,2.4061e-07,6.6882e-07,4.1747e-06,7.3878e-06,8.5691e-06,7.5602e-06
P23,60.00,135.00,60.00,0.00,5.8512e-08,2.4327e-07,7.9730e-07,3.8465e-06,7.7248e-06,7.7163e-06,6.5130e-06,5.8667e-08,2.2103e-07,5.9447e-07,3.8829e-06,6.8056e-06,7.6653e-06,7.1485e-06
P23,0.00,135.00,30.00,0.00,5.6362e-08,3.0373e-07,9.7261e-07,4.6764e-06,9.2231e-06,9.2131e-06,7.8156e-06,5.6635e-08,2.7661e-07,7.2402e-07,4.7035e-06,8.1439e-06,9.1563e-06,8.5609e-06
P23,0.00,45.00,60.00,0.00,5.0949e-08,3.0356e-07,9.7221e-07,4.6759e-06,9.2229e-06,9.2129e-06,7.8155e-06,5.1213e-08,2.7646e-07,7.2371e-07,4.7030e-06,8.1437e-06,9.1561e-06,8.5608e-06
P23,30.00,90.00,60.00,0.00,5.2452e-08,2.9021e-07,9.3424e-07,4.5333e-06,8.9432e-06,8.9337e-06,7.5407e-06,5.2701e-08,2.6414e-07,6.9551e-07,4.5637e-06,7.9124e-06,8.8801e-06,8.2725e-06
P23,0.00,45.00,30.00,0.00,5.6362e-08,3.0373e-07,9.7261e-07,4.6764e-06,9.2231e-06,9.2131e-06,7.8156e-06,5.6635e-08,2.7661e-07,7.2402e-07,4.7035e-06,8.1439e-06,9.1563e-06,8.5609e-06
P23,60.00,180.00,60.00,0.00,5.8369e-08,2.4327e-07,7.9729e-07,3.8465e-06,7.7248e-06,7.7163e-06,6.5130e-06,5.8524e-08,2.2102e-07,5.9446e-07,3.8829e-06,6.8056e-06,7.6653e-06,7.1485e-06
P23,0.00,180.00,60.00,0.00,5.0949e-08,3.0356e-07,9.7221e-07,4.6759e-06,9.2229e-06,9.2129e-06,7.8155e-06,5.1213e-08,2.7646e-07,7.2371e-07,4.7030e-06,8.1437e-06,9.1561e-06,8.5608e-06
P23,60.00,135.00,0.00,0.00,6.7819e-08,2.4349e-07,7.9794e-07,3.8473e-06,7.7252e-06,7.7167e-06,6.5133e-06,6.7990e-08,2.2121e-07,5.9492e-07,3.8838e-06,6.8061e-06,7.6657e-06,7.1488e-06
P23,60.00,0.00,60.00,0.00,5.9309e-08,2.4329e-07,7.9737e-07,3.8466e-06,7.7248e-06,7.7164e-06,6.5130e-06,5.9465e-08,2.2104e-07,5.9451e-07,3.8830e-06,6.8056e-06,7.6653e-06,7.1485e-06
P23,0.00,180.00,0.00,0.00,5.7658e-08,3.0378e-07,9.7270e-07,4.6765e-06,9.2231e-06,9.2131e-06,7.8157e-06,5.7932e-08,2.7666e-07,7.2410e-07,4.7036e-06,8.1440e-06,9.1563e-06,8.5610e-06
P23,30.00,0.00,0.00,0.00,5.9685e-08,2.9043e-07,9.3477e-07,4.5340e-06,8.9435e-06,8.9340e-06,7.5409e-06,5.9946e-08,2.6434e-07,6.9592e-07,4.5643e-06,7.9127e-06,8.8804e-06,8.2727e-06
P23,30.00,0.00,30.00,0.00,5.8331e-08,2.9039e-07,9.3467e-07,4.5339e-06,8.9434e-06,8.9339e-06,7.5409e-06,5.8591e-08,2.6430e-07,6.9584e-07,4.5642e-06,7.9127e-06,8.8804e-06,8.2727e-06
P23,60.00,90.00,30.00,0.00,6.6142e-08,2.4345e-07,7.9783e-07,3.8472e-06,7.7251e-06,7.7167e-06,6.5132e-06,6.6310e-08,2.2118e-07,5.9483e-07,3.8837e-06,6.8060e-06,7.6656e-06,7.1488e-06
P23,0.00,90.00,30.00,0.00,5.6362e-08,3.0373e-07,9.7261e-07,4.6764e-06,9.2231e-06,9.2131e-06,7.8156e-06,5.6635e-08,2.7661e-07,7.2402e-07,4.7035e-06,8.1439e-06,9.1563e-06,8.5609e-06
P23,30.00,135.00,0.00,0.00,5.9685e-08,2.9043e-07,9.3477e-07,4.5340e-06,8.9435e-06,8.9340e-06,7.5409e-06,5.9946e-08,2.6434e-07,6.9592e-07,4.5643e-06,7.9127e-06,8.8804e-06,8.2727e-06
P23,30.00,45.00,30.00,0.00,5.8321e-08,2.9039e-07,9.3467e-07,4.5338e-06,8.9434e-06,8.9339e-06,7.5409e-06,5.8581e-08,2.6430e-07,6.9584e-07,4.5642e-06,7.9127e-06,8.8804e-06,8.2727e-06
P23,30.00,180.00,30.00,0.00,5.8263e-08,2.9038e-07,9.3467e-07,4.5338e-06,8.9434e-06,8.9339e-06,7.5409e-06,5.8522e-08,2.6430e-07,6.9584e-07,4.5642e-06,7.9127e-06,8.8804e-06,8.2727e-06
P23,0.00,0.00,60.00,0.00,5.0949e-08,3.0356e-07,9.7221e-07,4.6759e-06,9.2229e-06,9.2129e-06,7.8155e-06,5.1213e-08,2.7646e-07,7.2371e-07,4.7030e-06,8.1437e-06,9.1561e-06,8.5608e-06
P23,30.00,180.00,0.00,0.00,5.9685e-08,2.9043e-07,9.3477e-07,4.5340e-06,8.9435e-06,8.9340e-06,7.5409e-06,5.9946e-08,2.6434e-07,6.9592e-07,4.5643e-06,7.9127e-06,8.8804e-06,8.2727e-06
P23,0.00,45.00,0.00,0.00,5.7658e-08,3.0378e-07,9.7270e-07,4.6765e-06,9.2231e-06,9.2131e-06,7.8157e-06,5.7932e-08,2.7666e-07,7.2410e-07,4.7036e-06,8.1440e-06,9.1563e-06,8.5610e-06
P23,60.00,135.00,30.00,0.00,6.6053e-08,2.4344e-07,7.9782e-07,3.8472e-06,7.7251e-06,7.7167e-06,6.5132e-06,6.6220e-08,2.2117e-07,5.9483e-07,3.8837e-06,6.8060e-06,7.6656e-06,7.1488e-06
P23,0.00,90.00,0.00,0.00,5.7658e-08,3.0378e-07,9.7270e-07,4.6765e-06,9.2231e-06,9.2131e-06,7.8157e-06,5.7932e-08,2.7666e-07,7.2410e-07,4.7036e-06,8.1440e-06,9.1563e-06,8.5610e-06
P23,30.00,0.00,60.00,0.00,5.2573e-08,2.9021e-07,9.3425e-07,4.5333e-06,8.9432e-06,8.9337e-06,7.5407e-06,5.2822e-08,2.6415e-07,6.9552e-07,4.5637e-06,7.9124e-06,8.8801e-06,8.2725e-06
P23,60.00,90.00,0.00,0.00,6.7819e-08,2.4349e-07,7.9794e-07,3.8473e-06,7.7252e-06,7.7167e-06,6.5133e-06,6.7990e-08,2.2121e-07,5.9492e-07,3.8838e-06,6.8061e-06,7.6657e-06,7.1488e-06
P23,60.00,45.00,60.00,0.00,5.9176e-08,2.4329e-07,7.9736e-07,3.8465e-06,7.7248e-06,7.7164e-06,6.5130e-06,5.9333e-08,2.2104e-07,5.9451e-07,3.8830e-06,6.8056e-06,7.6653e-06,7.1485e-06
P23,0.00,90.00,60.00,0.00,5.0949e-08,3.0356e-07,9.7221e-07,4.6759e-06,9.2229e-06,9.2129e-06,7.8155e-06,5.1213e-08,2.7646e-07,7.2371e-07,4.7030e-06,8.1437e-06,9.1561e-06,8.5608e-06
P23,60.00,180.00,0.00,0.00,6.7819e-08,2.4349e-07,7.9794e-07,3.8473e-06,7.7252e-06,7.7167e-06,6.5133e-06,6.7990e-08,2.2121e-07,5.9492e-07,3.8838e-06,6.8061e-06,7.6657e-06,7.1488e-06
P23,30.00,90.00,30.00,0.00,5.8297e-08,2.9038e-07,9.3467e-07,4.5338e-06,8.9434e-06,8.9339e-06,7.5409e-06,5.8557e-08,2.6430e-07,6.9584e-07,4.5642e-06,7.9127e-06,8.8804e-06,8.2727e-06
P23,60.00,180.00,30.00,0.00,6.6016e-08,2.4344e-07,7.9782e-07,3.8472e-06,7.7251e-06,7.7167e-06,6.5132e-06,6.6183e-08,2.2117e-07,5.9483e-07,3.8837e-06,6.8060e-06,7.6656e-06,7.1488e-06
P23,30.00,45.00,0.00,0.00,5.9685e-08,2.9043e-07,9.3477e-07,4.5340e-06,8.9435e-06,8.9340e-06,7.5409e-06,5.9946e-08,2.6434e-07,6.9592e-07,4.5643e-06,7.9127e-06,8.8804e-06,8.2727e-06
P23,0.00,0.00,0.00,0.00,5.7658e-08,3.0378e-07,9.7270e-07,4.6765e-06,9.2231e-06,9.2131e-06,7.8157e-06,5.7932e-08,2.7666e-07,7.2410e-07,4.7036e-06,8.1440e-06,9.1563e-06,8.5610e-06
P23,60.00,0.00,0.00,0.00,6.7819e-08,2.4349e-07,7.9794e-07,3.8473e-06,7.7252e-06,7.7167e-06,6.5133e-06,6.7990e-08,2.2121e-07,5.9492e-07,3.8838e-06,6.8061e-06,7.6657e-06,7.1488e-06
P23,0.00,135.00,0.00,0.00,5.7658e-08,3.0378e-07,9.7270e-07,4.6765e-06,9.2231e-06,9.2131e-06,7.8157e-06,5.7932e-08,2.7666e-07,7.2410e-07,4.7036e-06,8.1440e-06,9.1563e-06,8.5610e-06
P23,30.00,180.00,60.00,0.00,5.2330e-08,2.9020e-07,9.3423e-07,4.5333e-06,8.9432e-06,8.9337e-06,7.5407e-06,5.2579e-08,2.6414e-07,6.9550e-07,4.5637e-06,7.9124e-06,8.8801e-06,8.2725e-06
P23,0.00,0.00,30.00,0.00,5.6362e-08,3.0373e-07,9.7261e-07,4.6764e-06,9.2231e-06,9.2131e-06,7.8156e-06,5.6635e-08,2.7661e-07,7.2402e-07,4.7035e-06,8.1439e-06,9.1563e-06,8.5609e-06
P23,60.00,45.00,0.00,0.00,6.7819e-08,2.4349e-07,7.9794e-07,3.8473e-06,7.7252e-06,7.7167e-06,6.5133e-06,6.7990e-08,2.2121e-07,5.9492e-07,3.8838e-06,6.8061e-06,7.6657e-06,7.1488e-06
P23,30.00,90.00,0.00,0.00,5.9685e-08,2.9043e-07,9.3477e-07,4.5340e-06,8.9435e-06,8.9340e-06,7.5409e-06,5.9946e-08,2.6434e-07,6.9592e-07,4.5643e-06,7.9127e-06,8.8804e-06,8.2727e-06
P23,0.00,135.00,60.00,0.00,5.0949e-08,3.0356e-07,9.7221e-07,4.6759e-06,9.2229e-06,9.2129e-06,7.8155e-06,5.1213e-08,2.7646e-07,7.2371e-07,4.7030e-06,8.1437e-06,9.1561e-06,8.5608e-06
P23,30.00,135.00,30.00,0.00,5.8273e-08,2.9038e-07,9.3467e-07,4.5338e-06,8.9434e-06,8.9339e-06,7.5409e-06,5.8532e-08,2.6430e-07,6.9584e-07,4.5642e-06,7.9127e-06,8.8804e-06,8.2727e-06
P23,30.00,45.00,60.00,0.00,5.2538e-08,2.9021e-07,9.3425e-07,4.5333e-06,8.9432e-06,8.9337e-06,7.5407e-06,5.2787e-08,2.6415e-07,6.9552e-07,4.5637e-06,7.9124e-06,8.8801e-06,8.2725e-06
P23,0.00,180.00,30.00,0.00,5.6362e-08,3.0373e-07,9.7261e-07,4.6764e-06,9.2231e-06,9.2131e-06,7.8156e-06,5.6635e-08,2.7661e-07,7.2402e-07,4.7035e-06,8.1439e-06,9.1563e-06,8.5609e-06
P23,60.00,45.00,30.00,0.00,6.6230e-08,2.4345e-07,7.9784e-07,3.8472e-06,7.7251e-06,7.7167e-06,6.5132e-06,6.6398e-08,2.2118e-07,5.9484e-07,3.8837e-06,6.8060e-06,7.6656e-06,7.1488e-06
P23,30.00,135.00,60.00,0.00,5.2366e-08,2.9021e-07,9.3424e-07,4.5333e-06,8.9432e-06,8.9337e-06,7.5407e-06,5.2615e-08,2.6414e-07,6.9551e-07,4.5637e-06,7.9124e-06,8.8801e-06,8.2725e-06
P23,60.00,90.00,60.00,0.00,5.8850e-08,2.4328e-07,7.9733e-07,3.8465e-06,7.7248e-06,7.7163e-06,6.5130e-06,5.9005e-08,2.2103e-07,5.9449e-07,3.8830e-06,6.8056e-06,7.6653e-06,7.1485e-06
P23,60.00,0.00,30.00,0.00,6.6267e-08,2.4345e-07,7.9784e-07,3.8472e-06,7.7251e-06,7.7167e-06,6.5132e-06,6.6435e-08,2.2118e-07,5.9484e-07,3.8837e-06,6.8060e-06,7.6656e-06,7.1488e-06
P24,30.00,90.00,0.00,0.00,6.3474e-08,3.2868e-07,1.0550e-06,4.7097e-06,9.1082e-06,9.0989e-06,7.9095e-06,6.3753e-08,2.9932e-07,7.9015e-07,4.7397e-06,8.0967e-06,9.0431e-06,8.5684e-06
P24,60.00,135.00,60.00,0.00,6.1152e-08,2.7251e-07,9.1095e-07,4.0105e-06,7.9513e-06,7.9426e-06,6.9053e-06,6.1350e-08,2.4707e-07,6.7665e-07,4.0459e-06,6.9993e-06,7.8849e-06,7.4937e-06
P24,30.00,0.00,30.00,0.00,6.1884e-08,3.2865e-07,1.0549e-06,4.7096e-06,9.1082e-06,9.0989e-06,7.9095e-06,6.2160e-08,2.9929e-07,7.9008e-07,4.7396e-06,8.0966e-06,9.0430e-06,8.5684e-06
P24,0.00,135.00,0.00,0.00,6.1354e-08,3.4433e-07,1.0936e-06,4.8577e-06,9.3874e-06,9.3777e-06,8.1772e-06,6.1639e-08,3.1395e-07,8.2066e-07,4.8846e-06,8.3410e-06,9.3205e-06,8.8466e-06
P24,0.00,45.00,30.00,0.00,5.9819e-08,3.4430e-07,1.0935e-06,4.8576e-06,9.3873e-06,9.3777e-06,8.1771e-06,6.0102e-08,3.1392e-07,8.2060e-07,4.8845e-06,8.3409e-06,9.3204e-06,8.8465e-06
P24,0.00,90.00,30.00,0.00,5.9819e-08,3.4430e-07,1.0935e-06,4.8576e-06,9.3873e-06,9.3777e-06,8.1771e-06,6.0102e-08,3.1392e-07,8.2060e-07,4.8845e-06,8.3409e-06,9.3204e-06,8.8465e-06
P24,60.00,45.00,60.00,0.00,6.1850e-08,2.7252e-07,9.1099e-07,4.0105e-06,7.9514e-06,7.9427e-06,6.9054e-06,6.2050e-08,2.4708e-07,6.7668e-07,4.0460e-06,6.9994e-06,7.8850e-06,7.4937e-06
P24,60.00,180.00,30.00,0.00,6.9395e-08,2.7261e-07,9.1136e-07,4.0112e-06,7.9517e-06,7.9430e-06,6.9056e-06,6.9608e-08,2.4715e-07,6.7690e-07,4.0467e-06,6.9998e-06,7.8853e-06,7.4940e-06
P24,60.00,180.00,0.00,0.00,7.1409e-08,2.7264e-07,9.1146e-07,4.0114e-06,7.9518e-06,7.9431e-06,6.9057e-06,7.1626e-08,2.4717e-07,6.7696e-07,4.0468e-06,6.9999e-06,7.8854e-06,7.4941e-06
P24,60.00,45.00,30.00,0.00,6.9627e-08,2.7262e-07,9.1137e-07,4.0112e-06,7.9517e-06,7.9430e-06,6.9056e-06,6.9841e-08,2.4715e-07,6.7691e-07,4.0467e-06,6.9998e-06,7.8853e-06,7.4940e-06
P24,30.00,90.00,60.00,0.00,5.5129e-08,3.2854e-07,1.0545e-06,4.7090e-06,9.1079e-06,9.0986e-06,7.9093e-06,5.5392e-08,2.9920e-07,7.8984e-07,4.7391e-06,8.0963e-06,9.0428e-06,8.5681e-06
P24,30.00,45.00,0.00,0.00,6.3474e-08,3.2868e-07,1.0550e-06,4.7097e-06,9.1082e-06,9.0989e-06,7.9095e-06,6.3753e-08,2.9932e-07,7.9015e-07,4.7397e-06,8.0967e-06,9.0431e-06,8.5684e-06
P24,30.00,180.00,0.00,0.00,6.3474e-08,3.2868e-07,1.0550e-06,4.7097e-06,9.1082e-06,9.0989e-06,7.9095e-06,6.3753e-08,2.9932e-07,7.9015e-07,4.7397e-06,8.0967e-06,9.0431e-06,8.5684e-06
P24,0.00,180.00,0.00,0.00,6.1354e-08,3.4433e-07,1.0936e-06,4.8577e-06,9.3874e-06,9.3777e-06,8.1772e-06,6.1639e-08,3.1395e-07,8.2066e-07,4.8846e-06,8.3410e-06,9.3205e-06,8.8466e-06
P24,30.00,45.00,30.00,0.00,6.1872e-08,3.2865e-07,1.0549e-06,4.7096e-06,9.1082e-06,9.0989e-06,7.9095e-06,6.2148e-08,2.9929e-07,7.9008e-07,4.7396e-06,8.0966e-06,9.0430e-06,8.5684e-06
P24,30.00,0.00,0.00,0.00,6.3474e-08,3.2868e-07,1.0550e-06,4.7097e-06,9.1082e-06,9.0989e-06,7.9095e-06,6.3753e-08,2.9932e-07,7.9015e-07,4.7397e-06,8.0967e-06,9.0431e-06,8.5684e-06
P24,30.00,135.00,30.00,0.00,6.1817e-08,3.2865e-07,1.0549e-06,4.7095e-06,9.1082e-06,9.0989e-06,7.9095e-06,6.2093e-08,2.9929e-07,7.9008e-07,4.7396e-06,8.0966e-06,9.0430e-06,8.5684e-06
P24,60.00,45.00,0.00,0.00,7.1409e-08,2.7264e-07,9.1146e-07,4.0114e-06,7.9518e-06,7.9431e-06,6.9057e-06,7.1626e-08,2.4717e-07,6.7696e-07,4.0468e-06,6.9999e-06,7.8854e-06,7.4941e-06
P24,60.00,135.00,0.00,0.00,7.1409e-08,2.7264e-07,9.1146e-07,4.0114e-06,7.9518e-06,7.9431e-06,6.9057e-06,7.1626e-08,2.4717e-07,6.7696e-07,4.0468e-06,6.9999e-06,7.8854e-06,7.4941e-06
P24,60.00,135.00,30.00,0.00,6.9435e-08,2.7261e-07,9.1136e-07,4.0112e-06,7.9517e-06,7.9430e-06,6.9056e-06,6.9648e-08,2.4715e-07,6.7690e-07,4.0467e-06,6.9998e-06,7.8853e-06,7.4940e-06
P24,60.00,90.00,0.00,0.00,7.1409e-08,2.7264e-07,9.1146e-07,4.0114e-06,7.9518e-06,7.9431e-06,6.9057e-06,7.1626e-08,2.4717e-07,6.7696e-07,4.0468e-06,6.9999e-06,7.8854e-06,7.4941e-06
P24,60.00,180.00,60.00,0.00,6.1001e-08,2.7251e-07,9.1094e-07,4.0104e-06,7.9513e-06,7.9426e-06,6.9053e-06,6.1199e-08,2.4707e-07,6.7665e-07,4.0459e-06,6.9993e-06,7.8849e-06,7.4937e-06
P24,0.00,0.00,60.00,0.00,5.3546e-08,3.4419e-07,1.0932e-06,4.8571e-06,9.3871e-06,9.3775e-06,8.1770e-06,5.3818e-08,3.1383e-07,8.2037e-07,4.8840e-06,8.3407e-06,9.3202e-06,8.8463e-06
P24,60.00,0.00,60.00,0.00,6.1989e-08,2.7252e-07,9.1100e-07,4.0106e-06,7.9514e-06,7.9427e-06,6.9054e-06,6.2189e-08,2.4708e-07,6.7668e-07,4.0460e-06,6.9994e-06,7.8850e-06,7.4937e-06
P24,0.00,0.00,30.00,0.00,5.9819e-08,3.4430e-07,1.0935e-06,4.8576e-06,9.3873e-06,9.3777e-06,8.1771e-06,6.0102e-08,3.1392e-07,8.2060e-07,4.8845e-06,8.3409e-06,9.3204e-06,8.8465e-06
P24,30.00,180.00,60.00,0.00,5.4996e-08,3.2854e-07,1.0545e-06,4.7090e-06,9.1079e-06,9.0986e-06,7.9093e-06,5.5258e-08,2.9920e-07,7.8984e-07,4.7391e-06,8.0963e-06,9.0428e-06,8.5681e-06
P24,0.00,180.00,30.00,0.00,5.9819e-08,3.4430e-07,1.0935e-06,4.8576e-06,9.3873e-06,9.3777e-06,8.1771e-06,6.0102e-08,3.1392e-07,8.2060e-07,4.8845e-06,8.3409e-06,9.3204e-06,8.8465e-06
P24,60.00,90.00,30.00,0.00,6.9531e-08,2.7262e-07,9.1137e-07,4.0112e-06,7.9517e-06,7.9430e-06,6.9056e-06,6.9745e-08,2.4715e-07,6.7690e-07,4.0467e-06,6.9998e-06,7.8853e-06,7.4940e-06
P24,60.00,0.00,30.00,0.00,6.9667e-08,2.7262e-07,9.1138e-07,4.0112e-06,7.9517e-06,7.9430e-06,6.9056e-06,6.9880e-08,2.4715e-07,6.7691e-07,4.0467e-06,6.9998e-06,7.8853e-06,7.4940e-06
P24,30.00,0.00,60.00,0.00,5.5261e-08,3.2854e-07,1.0545e-06,4.7090e-06,9.1079e-06,9.0986e-06,7.9093e-06,5.5524e-08,2.9920e-07,7.8985e-07,4.7391e-06,8.0963e-06,9.0428e-06,8.5681e-06
P24,30.00,90.00,30.00,0.00,6.1845e-08,3.2865e-07,1.0549e-06,4.7095e-06,9.1082e-06,9.0989e-06,7.9095e-06,6.2120e-08,2.9929e-07,7.9008e-07,4.7396e-06,8.0966e-06,9.0430e-06,8.5684e-06
P24,0.00,90.00,0.00,0.00,6.1354e-08,3.4433e-07,1.0936e-06,4.8577e-06,9.3874e-06,9.3777e-06,8.1772e-06,6.1639e-08,3.1395e-07,8.2066e-07,4.8846e-06,8.3410e-06,9.3205e-06,8.8466e-06
P24,0.00,90.00,60.00,0.00,5.3546e-08,3.4419e-07,1.0932e-06,4.8571e-06,9.3871e-06,9.3775e-06,8.1770e-06,5.3818e-08,3.1383e-07,8.2037e-07,4.8840e-06,8.3407e-06,9.3202e-06,8.8463e-06
P24,60.00,0.00,0.00,0.00,7.1409e-08,2.7264e-07,9.1146e-07,4.0114e-06,7.9518e-06,7.9431e-06,6.9057e-06,7.1626e-08,2.4717e-07,6.7696e-07,4.0468e-06,6.9999e-06,7.8854e-06,7.4941e-06
P24,0.00,45.00,60.00,0.00,5.3546e-08,3.4419e-07,1.0932e-06,4.8571e-06,9.3871e-06,9.3775e-06,8.1770e-06,5.3818e-08,3.1383e-07,8.2037e-07,4.8840e-06,8.3407e-06,9.3202e-06,8.8463e-06
P24,60.00,90.00,60.00,0.00,6.1507e-08,2.7252e-07,9.1097e-07,4.0105e-06,7.9513e-06,7.9426e-06,6.9054e-06,6.1705e-08,2.4707e-07,6.7667e-07,4.0459e-06,6.9993e-06,7.8849e-06,7.4937e-06
P24,0.00,180.00,60.00,0.00,5.3546e-08,3.4419e-07,1.0932e-06,4.8571e-06,9.3871e-06,9.3775e-06,8.1770e-06,5.3818e-08,3.1383e-07,8.2037e-07,4.8840e-06,8.3407e-06,9.3202e-06,8.8463e-06
P24,30.00,135.00,60.00,0.00,5.5035e-08,3.2854e-07,1.0545e-06,4.7090e-06,9.1079e-06,9.0986e-06,7.9093e-06,5.5297e-08,2.9920e-07,7.8984e-07,4.7391e-06,8.0963e-06,9.0428e-06,8.5681e-06
P24,30.00,180.00,30.00,0.00,6.1806e-08,3.2865e-07,1.0549e-06,4.7095e-06,9.1082e-06,9.0989e-06,7.9095e-06,6.2081e-08,2.9929e-07,7.9008e-07,4.7396e-06,8.0966e-06,9.0430e-06,8.5684e-06
P24,0.00,45.00,0.00,0.00,6.1354e-08,3.4433e-07,1.0936e-06,4.8577e-06,9.3874e-06,9.3777e-06,8.1772e-06,6.1639e-08,3.1395e-07,8.2066e-07,4.8846e-06,8.3410e-06,9.3205e-06,8.8466e-06
P24,30.00,135.00,0.00,0.00,6.3474e-08,3.2868e-07,1.0550e-06,4.7097e-06,9.1082e-06,9.0989e-06,7.9095e-06,6.3753e-08,2.9932e-07,7.9015e-07,4.7397e-06,8.0967e-06,9.0431e-06,8.5684e-06
P24,0.00,135.00,30.00,0.00,5.9819e-08,3.4430e-07,1.0935e-06,4.8576e-06,9.3873e-06,9.3777e-06,8.1771e-06,6.0102e-08,3.1392e-07,8.2060e-07,4.8845e-06,8.3409e-06,9.3204e-06,8.8465e-06
P24,30.00,45.00,60.00,0.00,5.5223e-08,3.2854e-07,1.0545e-06,4.7090e-06,9.1079e-06,9.0986e-06,7.9093e-06,5.5486e-08,2.9920e-07,7.8985e-07,4.7391e-06,8.0963e-06,9.0428e-06,8.5681e-06
P24,0.00,0.00,0.00,0.00,6.1354e-08,3.4433e-07,1.0936e-06,4.8577e-06,9.3874e-06,9.3777e-06,8.1772e-06,6.1639e-08,3.1395e-07,8.2066e-07,4.8846e-06,8.3410e-06,9.3205e-06,8.8466e-06
P24,0.00,135.00,60.00,0.00,5.3546e-08,3.4419e-07,1.0932e-06,4.8571e-06,9.3871e-06,9.3775e-06,8.1770e-06,5.3818e-08,3.1383e-07,8.2037e-07,4.8840e-06,8.3407e-06,9.3202e-06,8.8463e-06
P25,60.00,180.00,60.00,0.00,6.0545e-08,2.5551e-07,7.9445e-07,3.9467e-06,7.9210e-06,7.9123e-06,6.5525e-06,6.0668e-08,2.3363e-07,6.0043e-07,3.9828e-06,6.9815e-06,7.8619e-06,7.2581e-06
P25,0.00,90.00,30.00,0.00,5.9573e-08,3.0995e-07,9.6361e-07,4.8024e-06,9.4765e-06,9.4662e-06,7.9540e-06,5.9806e-08,2.8330e-07,7.1840e-07,4.8282e-06,8.3582e-06,9.4071e-06,8.7638e-06
P25,30.00,90.00,30.00,0.00,6.1620e-08,2.9791e-07,9.2586e-07,4.6573e-06,9.1902e-06,9.1804e-06,7.6600e-06,6.1839e-08,2.7231e-07,6.9213e-07,4.6865e-06,8.1230e-06,9.1250e-06,8.4598e-06
P25,30.00,45.00,30.00,0.00,6.1649e-08,2.9791e-07,9.2586e-07,4.6573e-06,9.1902e-06,9.1804e-06,7.6600e-06,6.1867e-08,2.7231e-07,6.9213e-07,4.6865e-06,8.1230e-06,9.1250e-06,8.4598e-06
P25,30.00,135.00,30.00,0.00,6.1592e-08,2.9791e-07,9.2586e-07,4.6573e-06,9.1902e-06,9.1804e-06,7.6600e-06,6.1811e-08,2.7231e-07,6.9212e-07,4.6865e-06,8.1230e-06,9.1250e-06,8.4598e-06
P25,60.00,180.00,0.00,0.00,7.1348e-08,2.5571e-07,7.9510e-07,3.9476e-06,7.9214e-06,7.9128e-06,6.5528e-06,7.1480e-08,2.3380e-07,6.0087e-07,3.9838e-06,6.9821e-06,7.8623e-06,7.2585e-06
P25,0.00,90.00,0.00,0.00,6.1144e-08,3.1000e-07,9.6371e-07,4.8025e-06,9.4765e-06,9.4662e-06,7.9541e-06,6.1378e-08,2.8334e-07,7.1848e-07,4.8283e-06,8.3583e-06,9.4071e-06,8.7638e-06
P25,0.00,180.00,30.00,0.00,5.9573e-08,3.0995e-07,9.6361e-07,4.8024e-06,9.4765e-06,9.4662e-06,7.9540e-06,5.9806e-08,2.8330e-07,7.1840e-07,4.8282e-06,8.3582e-06,9.4071e-06,8.7638e-06
P25,60.00,45.00,0.00,0.00,7.1348e-08,2.5571e-07,7.9510e-07,3.9476e-06,7.9214e-06,7.9128e-06,6.5528e-06,7.1480e-08,2.3380e-07,6.0087e-07,3.9838e-06,6.9821e-06,7.8623e-06,7.2585e-06
P25,30.00,180.00,0.00,0.00,6.3293e-08,2.9796e-07,9.2596e-07,4.6574e-06,9.1903e-06,9.1805e-06,7.6600e-06,6.3513e-08,2.7235e-07,6.9221e-07,4.6866e-06,8.1231e-06,9.1250e-06,8.4598e-06
P25,60.00,45.00,60.00,0.00,6.1425e-08,2.5553e-07,7.9452e-07,3.9468e-06,7.9210e-06,7.9124e-06,6.5525e-06,6.1548e-08,2.3365e-07,6.0048e-07,3.9829e-06,6.9816e-06,7.8619e-06,7.2581e-06
P25,60.00,135.00,30.00,0.00,6.9302e-08,2.5567e-07,7.9498e-07,3.9474e-06,7.9214e-06,7.9127e-06,6.5527e-06,6.9432e-08,2.3377e-07,6.0078e-07,3.9836e-06,6.9820e-06,7.8623e-06,7.2584e-06
P25,60.00,0.00,30.00,0.00,6.9542e-08,2.5567e-07,7.9500e-07,3.9475e-06,7.9214e-06,7.9127e-06,6.5527e-06,6.9672e-08,2.3377e-07,6.0080e-07,3.9837e-06,6.9820e-06,7.8623e-06,7.2584e-06
P25,30.00,0.00,30.00,0.00,6.1660e-08,2.9792e-07,9.2586e-07,4.6573e-06,9.1902e-06,9.1804e-06,7.6600e-06,6.1879e-08,2.7231e-07,6.9213e-07,4.6865e-06,8.1230e-06,9.1250e-06,8.4598e-06
P25,30.00,0.00,60.00,0.00,5.4832e-08,2.9775e-07,9.2545e-07,4.6568e-06,9.1900e-06,9.1802e-06,7.6598e-06,5.5044e-08,2.7217e-07,6.9182e-07,4.6860e-06,8.1228e-06,9.1247e-06,8.4596e-06
P25,0.00,45.00,60.00,0.00,5.3117e-08,3.0979e-07,9.6322e-07,4.8019e-06,9.4763e-06,9.4660e-06,7.9539e-06,5.3343e-08,2.8316e-07,7.1810e-07,4.8277e-06,8.3580e-06,9.4069e-06,8.7636e-06
P25,30.00,90.00,60.00,0.00,5.4696e-08,2.9775e-07,9.2544e-07,4.6568e-06,9.1900e-06,9.1802e-06,7.6598e-06,5.4907e-08,2.7217e-07,6.9181e-07,4.6860e-06,8.1228e-06,9.1247e-06,8.4596e-06
P25,30.00,90.00,0.00,0.00,6.3293e-08,2.9796e-07,9.2596e-07,4.6574e-06,9.1903e-06,9.1805e-06,7.6600e-06,6.3513e-08,2.7235e-07,6.9221e-07,4.6866e-06,8.1231e-06,9.1250e-06,8.4598e-06
P25,60.00,135.00,60.00,0.00,6.0701e-08,2.5551e-07,7.9447e-07,3.9467e-06,7.9210e-06,7.9124e-06,6.5525e-06,6.0824e-08,2.3364e-07,6.0044e-07,3.9829e-06,6.9815e-06,7.8619e-06,7.2581e-06
P25,0.00,0.00,0.00,0.00,6.1144e-08,3.1000e-07,9.6371e-07,4.8025e-06,9.4765e-06,9.4662e-06,7.9541e-06,6.1378e-08,2.8334e-07,7.1848e-07,4.8283e-06,8.3583e-06,9.4071e-06,8.7638e-06
P25,0.00,0.00,30.00,0.00,5.9573e-08,3.0995e-07,9.6361e-07,4.8024e-06,9.4765e-06,9.4662e-06,7.9540e-06,5.9806e-08,2.8330e-07,7.1840e-07,4.8282e-06,8.3582e-06,9.4071e-06,8.7638e-06
P25,60.00,180.00,30.00,0.00,6.9261e-08,2.5567e-07,7.9497e-07,3.9474e-06,7.9214e-06,7.9127e-06,6.5527e-06,6.9390e-08,2.3377e-07,6.0078e-07,3.9836e-06,6.9820e-06,7.8623e-06,7.2584e-06
P25,60.00,0.00,60.00,0.00,6.1569e-08,2.5553e-07,7.9453e-07,3.9468e-06,7.9210e-06,7.9124e-06,6.5525e-06,6.1693e-08,2.3365e-07,6.0048e-07,3.9830e-06,6.9816e-06,7.8619e-06,7.2581e-06
P25,30.00,45.00,60.00,0.00,5.4792e-08,2.9775e-07,9.2544e-07,4.6568e-06,9.1900e-06,9.1802e-06,7.6598e-06,5.5004e-08,2.7217e-07,6.9182e-07,4.6860e-06,8.1228e-06,9.1247e-06,8.4596e-06
P25,60.00,90.00,0.00,0.00,7.1348e-08,2.5571e-07,7.9510e-07,3.9476e-06,7.9214e-06,7.9128e-06,6.5528e-06,7.1480e-08,2.3380e-07,6.0087e-07,3.9838e-06,6.9821e-06,7.8623e-06,7.2585e-06
P25,30.00,180.00,30.00,0.00,6.1580e-08,2.9791e-07,9.2585e-07,4.6573e-06,9.1902e-06,9.1804e-06,7.6600e-06,6.1799e-08,2.7231e-07,6.9212e-07,4.6865e-06,8.1230e-06,9.1250e-06,8.4598e-06
P25,0.00,90.00,60.00,0.00,5.3117e-08,3.0979e-07,9.6322e-07,4.8019e-06,9.4763e-06,9.4660e-06,7.9539e-06,5.3343e-08,2.8316e-07,7.1810e-07,4.8277e-06,8.3580e-06,9.4069e-06,8.7636e-06
P25,30.00,0.00,0.00,0.00,6.3293e-08,2.9796e-07,9.2596e-07,4.6574e-06,9.1903e-06,9.1805e-06,7.6600e-06,6.3513e-08,2.7235e-07,6.9221e-07,4.6866e-06,8.1231e-06,9.1250e-06,8.4598e-06
P25,60.00,45.00,30.00,0.00,6.9501e-08,2.5567e-07,7.9499e-07,3.9475e-06,7.9214e-06,7.9127e-06,6.5527e-06,6.9631e-08,2.3377e-07,6.0080e-07,3.9836e-06,6.9820e-06,7.8623e-06,7.2584e-06
P25,0.00,45.00,30.00,0.00,5.9573e-08,3.0995e-07,9.6361e-07,4.8024e-06,9.4765e-06,9.4662e-06,7.9540e-06,5.9806e-08,2.8330e-07,7.1840e-07,4.8282e-06,8.3582e-06,9.4071e-06,8.7638e-06
P25,30.00,45.00,0.00,0.00,6.3293e-08,2.9796e-07,9.2596e-07,4.6574e-06,9.1903e-06,9.1805e-06,7.6600e-06,6.3513e-08,2.7235e-07,6.9221e-07,4.6866e-06,8.1231e-06,9.1250e-06,8.4598e-06
P25,60.00,0.00,0.00,0.00,7.1348e-08,2.5571e-07,7.9510e-07,3.9476e-06,7.9214e-06,7.9128e-06,6.5528e-06,7.1480e-08,2.3380e-07,6.0087e-07,3.9838e-06,6.9821e-06,7.8623e-06,7.2585e-06
P25,0.00,135.00,60.00,0.00,5.3117e-08,3.0979e-07,9.6322e-07,4.8019e-06,9.4763e-06,9.4660e-06,7.9539e-06,5.3343e-08,2.8316e-07,7.1810e-07,4.8277e-06,8.3580e-06,9.4069e-06,8.7636e-06
P25,0.00,0.00,60.00,0.00,5.3117e-08,3.0979e-07,9.6322e-07,4.8019e-06,9.4763e-06,9.4660e-06,7.9539e-06,5.3343e-08,2.8316e-07,7.1810e-07,4.8277e-06,8.3580e-06,9.4069e-06,8.7636e-06
P25,30.00,135.00,0.00,0.00,6.3293e-08,2.9796e-07,9.2596e-07,4.6574e-06,9.1903e-06,9.1805e-06,7.6600e-06,6.3513e-08,2.7235e-07,6.9221e-07,4.6866e-06,8.1231e-06,9.1250e-06,8.4598e-06
P25,0.00,180.00,0.00,0.00,6.1144e-08,3.1000e-07,9.6371e-07,4.8025e-06,9.4765e-06,9.4662e-06,7.9541e-06,6.1378e-08,2.8334e-07,7.1848e-07,4.8283e-06,8.3583e-06,9.4071e-06,8.7638e-06
P25,0.00,135.00,30.00,0.00,5.9573e-08,3.0995e-07,9.6361e-07,4.8024e-06,9.4765e-06,9.4662e-06,7.9540e-06,5.9806e-08,2.8330e-07,7.1840e-07,4.8282e-06,8.3582e-06,9.4071e-06,8.7638e-06
P25,0.00,45.00,0.00,0.00,6.1144e-08,3.1000e-07,9.6371e-07,4.8025e-06,9.4765e-06,9.4662e-06,7.9541e-06,6.1378e-08,2.8334e-07,7.1848e-07,4.8283e-06,8.3583e-06,9.4071e-06,8.7638e-06
P25,30.00,135.00,60.00,0.00,5.4598e-08,2.9775e-07,9.2543e-07,4.6568e-06,9.1900e-06,9.1802e-06,7.6598e-06,5.4810e-08,2.7217e-07,6.9180e-07,4.6859e-06,8.1227e-06,9.1247e-06,8.4596e-06
P25,0.00,135.00,0.00,0.00,6.1144e-08,3.1000e-07,9.6371e-07,4.8025e-06,9.4765e-06,9.4662e-06,7.9541e-06,6.1378e-08,2.8334e-07,7.1848e-07,4.8283e-06,8.3583e-06,9.4071e-06,8.7638e-06
P25,30.00,180.00,60.00,0.00,5.4558e-08,2.9775e-07,9.2542e-07,4.6567e-06,9.1900e-06,9.1802e-06,7.6598e-06,5.4769e-08,2.7217e-07,6.9180e-07,4.6859e-06,8.1227e-06,9.1247e-06,8.4596e-06
P25,0.00,180.00,60.00,0.00,5.3117e-08,3.0979e-07,9.6322e-07,4.8019e-06,9.4763e-06,9.4660e-06,7.9539e-06,5.3343e-08,2.8316e-07,7.1810e-07,4.8277e-06,8.3580e-06,9.4069e-06,8.7636e-06
P25,60.00,135.00,0.00,0.00,7.1348e-08,2.5571e-07,7.9510e-07,3.9476e-06,7.9214e-06,7.9128e-06,6.5528e-06,7.1480e-08,2.3380e-07,6.0087e-07,3.9838e-06,6.9821e-06,7.8623e-06,7.2585e-06
P25,60.00,90.00,30.00,0.00,6.9402e-08,2.5567e-07,7.9499e-07,3.9474e-06,7.9214e-06,7.9127e-06,6.5527e-06,6.9532e-08,2.3377e-07,6.0079e-07,3.9836e-06,6.9820e-06,7.8623e-06,7.2584e-06
P25,60.00,90.00,60.00,0.00,6.1069e-08,2.5552e-07,7.9449e-07,3.9467e-06,7.9210e-06,7.9124e-06,6.5525e-06,6.1192e-08,2.3364e-07,6.0046e-07,3.9829e-06,6.9816e-06,7.8619e-06,7.2581e-06
P26,60.00,180.00,0.00,0.00,7.3851e-08,2.7529e-07,7.8544e-07,3.0586e-06,6.8456e-06,6.8363e-06,5.3660e-06,7.3518e-08,2.5499e-07,6.0844e-07,3.1036e-06,5.8464e-06,6.7844e-06,6.0230e-06
P26,60.00,135.00,60.00,0.00,6.0568e-08,2.7397e-07,7.8433e-07,3.0570e-06,6.8450e-06,6.8358e-06,5.3657e-06,6.0326e-08,2.5367e-07,6.0731e-07,3.1019e-06,5.8456e-06,6.7838e-06,6.0226e-06
P26,0.00,0.00,60.00,0.00,5.1894e-08,3.4745e-07,1.0091e-06,3.9741e-06,8.4213e-06,8.4106e-06,6.5552e-06,5.1880e-08,3.2085e-07,7.8110e-07,4.0179e-06,7.2587e-06,8.3472e-06,7.4444e-06
P26,60.00,180.00,60.00,0.00,6.0377e-08,2.7394e-07,7.8431e-07,3.0570e-06,6.8450e-06,6.8358e-06,5.3657e-06,6.0136e-08,2.5364e-07,6.0729e-07,3.1019e-06,5.8456e-06,6.7838e-06,6.0226e-06
P26,30.00,90.00,0.00,0.00,6.3842e-08,3.3162e-07,9.6365e-07,3.8050e-06,8.1341e-06,8.1237e-06,6.2958e-06,6.3723e-08,3.0629e-07,7.4503e-07,3.8507e-06,7.0071e-06,8.0636e-06,7.1534e-06
P26,60.00,0.00,0.00,0.00,7.3851e-08,2.7529e-07,7.8544e-07,3.0586e-06,6.8456e-06,6.8363e-06,5.3660e-06,7.3518e-08,2.5499e-07,6.0844e-07,3.1036e-06,5.8464e-06,6.7844e-06,6.0230e-06
P26,0.00,90.00,0.00,0.00,6.1310e-08,3.4825e-07,1.0097e-06,3.9751e-06,8.4216e-06,8.4109e-06,6.5555e-06,6.1241e-08,3.2166e-07,7.8176e-07,4.0190e-06,7.2592e-06,8.3475e-06,7.4447e-06
P26,0.00,180.00,30.00,0.00,5.9547e-08,3.4811e-07,1.0096e-06,3.9749e-06,8.4216e-06,8.4108e-06,6.5554e-06,5.9487e-08,3.2152e-07,7.8165e-07,4.0188e-06,7.2592e-06,8.3475e-06,7.4446e-06
P26,60.00,0.00,60.00,0.00,6.1631e-08,2.7412e-07,7.8445e-07,3.0571e-06,6.8451e-06,6.8358e-06,5.3657e-06,6.1384e-08,2.5382e-07,6.0743e-07,3.1021e-06,5.8456e-06,6.7839e-06,6.0226e-06
P26,0.00,135.00,30.00,0.00,5.9547e-08,3.4811e-07,1.0096e-06,3.9749e-06,8.4216e-06,8.4108e-06,6.5554e-06,5.9487e-08,3.2152e-07,7.8165e-07,4.0188e-06,7.2592e-06,8.3475e-06,7.4446e-06
P26,0.00,180.00,0.00,0.00,6.1310e-08,3.4825e-07,1.0097e-06,3.9751e-06,8.4216e-06,8.4109e-06,6.5555e-06,6.1241e-08,3.2166e-07,7.8176e-07,4.0190e-06,7.2592e-06,8.3475e-06,7.4447e-06
P26,0.00,90.00,30.00,0.00,5.9547e-08,3.4811e-07,1.0096e-06,3.9749e-06,8.4216e-06,8.4108e-06,6.5554e-06,5.9487e-08,3.2152e-07,7.8165e-07,4.0188e-06,7.2592e-06,8.3475e-06,7.4446e-06
P26,30.00,45.00,60.00,0.00,5.3739e-08,3.3074e-07,9.6295e-07,3.8039e-06,8.1337e-06,8.1233e-06,6.2955e-06,5.3681e-08,3.0541e-07,7.4431e-07,3.8495e-06,7.0066e-06,8.0632e-06,7.1531e-06
P26,60.00,45.00,60.00,0.00,6.1455e-08,2.7409e-07,7.8443e-07,3.0571e-06,6.8451e-06,6.8358e-06,5.3657e-06,6.1209e-08,2.5379e-07,6.0741e-07,3.1020e-06,5.8456e-06,6.7839e-06,6.0226e-06
P26,60.00,45.00,0.00,0.00,7.3851e-08,2.7529e-07,7.8544e-07,3.0586e-06,6.8456e-06,6.8363e-06,5.3660e-06,7.3518e-08,2.5499e-07,6.0844e-07,3.1036e-06,5.8464e-06,6.7844e-06,6.0230e-06
P26,30.00,0.00,60.00,0.00,5.3786e-08,3.3075e-07,9.6296e-07,3.8039e-06,8.1337e-06,8.1233e-06,6.2955e-06,5.3727e-08,3.0542e-07,7.4431e-07,3.8495e-06,7.0066e-06,8.0632e-06,7.1531e-06
P26,30.00,0.00,0.00,0.00,6.3842e-08,3.3162e-07,9.6365e-07,3.8050e-06,8.1341e-06,8.1237e-06,6.2958e-06,6.3723e-08,3.0629e-07,7.4503e-07,3.8507e-06,7.0071e-06,8.0636e-06,7.1534e-06
P26,0.00,45.00,30.00,0.00,5.9547e-08,3.4811e-07,1.0096e-06,3.9749e-06,8.4216e-06,8.4108e-06,6.5554e-06,5.9487e-08,3.2152e-07,7.8165e-07,4.0188e-06,7.2592e-06,8.3475e-06,7.4446e-06
P26,30.00,135.00,30.00,0.00,6.1903e-08,3.3146e-07,9.6353e-07,3.8048e-06,8.1340e-06,8.1236e-06,6.2957e-06,6.1795e-08,3.0613e-07,7.4491e-07,3.8505e-06,7.0070e-06,8.0636e-06,7.1534e-06
P26,30.00,90.00,30.00,0.00,6.1934e-08,3.3146e-07,9.6353e-07,3.8048e-06,8.1340e-06,8.1236e-06,6.2957e-06,6.1826e-08,3.0613e-07,7.4491e-07,3.8505e-06,7.0070e-06,8.0636e-06,7.1534e-06
P26,30.00,90.00,60.00,0.00,5.3625e-08,3.3073e-07,9.6294e-07,3.8039e-06,8.1337e-06,8.1233e-06,6.2955e-06,5.3567e-08,3.0540e-07,7.4430e-07,3.8495e-06,7.0066e-06,8.0632e-06,7.1531e-06
P26,0.00,135.00,60.00,0.00,5.1894e-08,3.4745e-07,1.0091e-06,3.9741e-06,8.4213e-06,8.4106e-06,6.5552e-06,5.1880e-08,3.2085e-07,7.8110e-07,4.0179e-06,7.2587e-06,8.3472e-06,7.4444e-06
P26,0.00,180.00,60.00,0.00,5.1894e-08,3.4745e-07,1.0091e-06,3.9741e-06,8.4213e-06,8.4106e-06,6.5552e-06,5.1880e-08,3.2085e-07,7.8110e-07,4.0179e-06,7.2587e-06,8.3472e-06,7.4444e-06
P26,60.00,90.00,30.00,0.00,7.1487e-08,2.7507e-07,7.8526e-07,3.0583e-06,6.8455e-06,6.8362e-06,5.3659e-06,7.1170e-08,2.5477e-07,6.0826e-07,3.1033e-06,5.8462e-06,6.7843e-06,6.0230e-06
P26,60.00,45.00,30.00,0.00,7.1605e-08,2.7509e-07,7.8528e-07,3.0583e-06,6.8455e-06,6.8362e-06,5.3659e-06,7.1287e-08,2.5479e-07,6.0827e-07,3.1033e-06,5.8462e-06,6.7843e-06,6.0230e-06
P26,30.00,180.00,30.00,0.00,6.1890e-08,3.3146e-07,9.6353e-07,3.8048e-06,8.1340e-06,8.1236e-06,6.2957e-06,6.1782e-08,3.0613e-07,7.4490e-07,3.8505e-06,7.0070e-06,8.0636e-06,7.1534e-06
P26,30.00,45.00,30.00,0.00,6.1966e-08,3.3147e-07,9.6353e-07,3.8048e-06,8.1340e-06,8.1236e-06,6.2957e-06,6.1857e-08,3.0614e-07,7.4491e-07,3.8505e-06,7.0070e-06,8.0636e-06,7.1534e-06
P26,60.00,135.00,0.00,0.00,7.3851e-08,2.7529e-07,7.8544e-07,3.0586e-06,6.8456e-06,6.8363e-06,5.3660e-06,7.3518e-08,2.5499e-07,6.0844e-07,3.1036e-06,5.8464e-06,6.7844e-06,6.0230e-06
P26,30.00,180.00,60.00,0.00,5.3462e-08,3.3071e-07,9.6292e-07,3.8038e-06,8.1337e-06,8.1233e-06,6.2955e-06,5.3404e-08,3.0538e-07,7.4428e-07,3.8495e-06,7.0066e-06,8.0632e-06,7.1531e-06
P26,60.00,180.00,30.00,0.00,7.1318e-08,2.7505e-07,7.8525e-07,3.0583e-06,6.8455e-06,6.8362e-06,5.3659e-06,7.1002e-08,2.5475e-07,6.0824e-07,3.1032e-06,5.8462e-06,6.7843e-06,6.0229e-06
P26,0.00,0.00,30.00,0.00,5.9547e-08,3.4811e-07,1.0096e-06,3.9749e-06,8.4216e-06,8.4108e-06,6.5554e-06,5.9487e-08,3.2152e-07,7.8165e-07,4.0188e-06,7.2592e-06,8.3475e-06,7.4446e-06
P26,30.00,135.00,0.00,0.00,6.3842e-08,3.3162e-07,9.6365e-07,3.8050e-06,8.1341e-06,8.1237e-06,6.2958e-06,6.3723e-08,3.0629e-07,7.4503e-07,3.8507e-06,7.0071e-06,8.0636e-06,7.1534e-06
P26,60.00,135.00,30.00,0.00,7.1368e-08,2.7506e-07,7.8525e-07,3.0583e-06,6.8455e-06,6.8362e-06,5.3659e-06,7.1052e-08,2.5476e-07,6.0825e-07,3.1033e-06,5.8462e-06,6.7843e-06,6.0229e-06
P26,0.00,45.00,0.00,0.00,6.1310e-08,3.4825e-07,1.0097e-06,3.9751e-06,8.4216e-06,8.4109e-06,6.5555e-06,6.1241e-08,3.2166e-07,7.8176e-07,4.0190e-06,7.2592e-06,8.3475e-06,7.4447e-06
P26,0.00,0.00,0.00,0.00,6.1310e-08,3.4825e-07,1.0097e-06,3.9751e-06,8.4216e-06,8.4109e-06,6.5555e-06,6.1241e-08,3.2166e-07,7.8176e-07,4.0190e-06,7.2592e-06,8.3475e-06,7.4447e-06
P26,30.00,180.00,0.00,0.00,6.3842e-08,3.3162e-07,9.6365e-07,3.8050e-06,8.1341e-06,8.1237e-06,6.2958e-06,6.3723e-08,3.0629e-07,7.4503e-07,3.8507e-06,7.0071e-06,8.0636e-06,7.1534e-06
P26,60.00,0.00,30.00,0.00,7.1653e-08,2.7509e-07,7.8528e-07,3.0583e-06,6.8455e-06,6.8362e-06,5.3659e-06,7.1335e-08,2.5479e-07,6.0828e-07,3.1033e-06,5.8462e-06,6.7843e-06,6.0230e-06
P26,0.00,90.00,60.00,0.00,5.1894e-08,3.4745e-07,1.0091e-06,3.9741e-06,8.4213e-06,8.4106e-06,6.5552e-06,5.1880e-08,3.2085e-07,7.8110e-07,4.0179e-06,7.2587e-06,8.3472e-06,7.4444e-06
P26,60.00,90.00,0.00,0.00,7.3851e-08,2.7529e-07,7.8544e-07,3.0586e-06,6.8456e-06,6.8363e-06,5.3660e-06,7.3518e-08,2.5499e-07,6.0844e-07,3.1036e-06,5.8464e-06,6.7844e-06,6.0230e-06
P26,30.00,0.00,30.00,0.00,6.1979e-08,3.3147e-07,9.6354e-07,3.8048e-06,8.1340e-06,8.1236e-06,6.2957e-06,6.1870e-08,3.0614e-07,7.4491e-07,3.8505e-06,7.0070e-06,8.0636e-06,7.1534e-06
P26,30.00,135.00,60.00,0.00,5.3510e-08,3.3072e-07,9.6293e-07,3.8038e-06,8.1337e-06,8.1233e-06,6.2955e-06,5.3452e-08,3.0538e-07,7.4428e-07,3.8495e-06,7.0066e-06,8.0632e-06,7.1531e-06
P26,0.00,135.00,0.00,0.00,6.1310e-08,3.4825e-07,1.0097e-06,3.9751e-06,8.4216e-06,8.4109e-06,6.5555e-06,6.1241e-08,3.2166e-07,7.8176e-07,4.0190e-06,7.2592e-06,8.3475e-06,7.4447e-06
P26,30.00,45.00,0.00,0.00,6.3842e-08,3.3162e-07,9.6365e-07,3.8050e-06,8.1341e-06,8.1237e-06,6.2958e-06,6.3723e-08,3.0629e-07,7.4503e-07,3.8507e-06,7.0071e-06,8.0636e-06,7.1534e-06
P26,0.00,45.00,60.00,0.00,5.1894e-08,3.4745e-07,1.0091e-06,3.9741e-06,8.4213e-06,8.4106e-06,6.5552e-06,5.1880e-08,3.2085e-07,7.8110e-07,4.0179e-06,7.2587e-06,8.3472e-06,7.4444e-06
P26,60.00,90.00,60.00,0.00,6.1020e-08,2.7403e-07,7.8439e-07,3.0570e-06,6.8450e-06,6.8358e-06,5.3657e-06,6.0775e-08,2.5373e-07,6.0736e-07,3.1020e-06,5.8456e-06,6.7838e-06,6.0226e-06
P27,30.00,45.00,0.00,0.00,5.9027e-08,2.9293e-07,8.8194e-07,3.9690e-06,8.3909e-06,8.3794e-06,6.0583e-06,5.8927e-08,2.6930e-07,6.7157e-07,4.0223e-06,7.1360e-06,8.3070e-06,7.1556e-06
P27,0.00,0.00,60.00,0.00,4.9962e-08,3.0877e-07,9.2977e-07,4.1357e-06,8.6759e-06,8.6640e-06,6.3494e-06,4.9948e-08,2.8383e-07,7.0693e-07,4.1856e-06,7.3856e-06,8.5876e-06,7.4723e-06
P27,30.00,0.00,0.00,0.00,5.9027e-08,2.9293e-07,8.8194e-07,3.9690e-06,8.3909e-06,8.3794e-06,6.0583e-06,5.8927e-08,2.6930e-07,6.7157e-07,4.0223e-06,7.1360e-06,8.3070e-06,7.1556e-06
P27,60.00,45.00,0.00,0.00,6.8758e-08,2.3442e-07,7.0046e-07,3.2009e-06,7.0422e-06,7.0320e-06,5.0065e-06,6.8456e-08,2.1584e-07,5.3688e-07,3.2595e-06,5.9411e-06,6.9735e-06,5.8878e-06
P27,60.00,90.00,60.00,0.00,5.8876e-08,2.3317e-07,6.9945e-07,3.1998e-06,7.0415e-06,7.0313e-06,5.0062e-06,5.8631e-08,2.1458e-07,5.3584e-07,3.2583e-06,5.9402e-06,6.9728e-06,5.8874e-06
P27,30.00,180.00,0.00,0.00,5.9027e-08,2.9293e-07,8.8194e-07,3.9690e-06,8.3909e-06,8.3794e-06,6.0583e-06,5.8927e-08,2.6930e-07,6.7157e-07,4.0223e-06,7.1360e-06,8.3070e-06,7.1556e-06
P27,30.00,135.00,30.00,0.00,5.7606e-08,2.9278e-07,8.8182e-07,3.9689e-06,8.3908e-06,8.3793e-06,6.0582e-06,5.7515e-08,2.6915e-07,6.7145e-07,4.0222e-06,7.1359e-06,8.3069e-06,7.1556e-06
P27,60.00,0.00,30.00,0.00,6.7066e-08,2.3423e-07,7.0031e-07,3.2008e-06,7.0420e-06,7.0319e-06,5.0065e-06,6.6774e-08,2.1564e-07,5.3672e-07,3.2593e-06,5.9410e-06,6.9733e-06,5.8877e-06
P27,60.00,135.00,30.00,0.00,6.6842e-08,2.3420e-07,7.0028e-07,3.2007e-06,7.0420e-06,7.0319e-06,5.0065e-06,6.6551e-08,2.1561e-07,5.3670e-07,3.2593e-06,5.9409e-06,6.9733e-06,5.8877e-06
P27,60.00,0.00,0.00,0.00,6.8758e-08,2.3442e-07,7.0046e-07,3.2009e-06,7.0422e-06,7.0320e-06,5.0065e-06,6.8456e-08,2.1584e-07,5.3688e-07,3.2595e-06,5.9411e-06,6.9735e-06,5.8878e-06
P27,30.00,0.00,60.00,0.00,5.1702e-08,2.9209e-07,8.8128e-07,3.9683e-06,8.3905e-06,8.3789e-06,6.0580e-06,5.1644e-08,2.6846e-07,6.7089e-07,4.0215e-06,7.1354e-06,8.3065e-06,7.1553e-06
P27,30.00,135.00,0.00,0.00,5.9027e-08,2.9293e-07,8.8194e-07,3.9690e-06,8.3909e-06,8.3794e-06,6.0583e-06,5.8927e-08,2.6930e-07,6.7157e-07,4.0223e-06,7.1360e-06,8.3070e-06,7.1556e-06
P27,0.00,135.00,60.00,0.00,4.9962e-08,3.0877e-07,9.2977e-07,4.1357e-06,8.6759e-06,8.6640e-06,6.3494e-06,4.9948e-08,2.8383e-07,7.0693e-07,4.1856e-06,7.3856e-06,8.5876e-06,7.4723e-06
P27,60.00,0.00,60.00,0.00,5.9376e-08,2.3326e-07,6.9952e-07,3.1999e-06,7.0415e-06,7.0314e-06,5.0062e-06,5.9130e-08,2.1467e-07,5.3591e-07,3.2584e-06,5.9403e-06,6.9728e-06,5.8874e-06
P27,0.00,180.00,30.00,0.00,5.5491e-08,3.0940e-07,9.3027e-07,4.1363e-06,8.6762e-06,8.6644e-06,6.3495e-06,5.5445e-08,2.8447e-07,7.0744e-07,4.1862e-06,7.3861e-06,8.5879e-06,7.4725e-06
P27,0.00,45.00,60.00,0.00,4.9962e-08,3.0877e-07,9.2977e-07,4.1357e-06,8.6759e-06,8.6640e-06,6.3494e-06,4.9948e-08,2.8383e-07,7.0693e-07,4.1856e-06,7.3856e-06,8.5876e-06,7.4723e-06
P27,60.00,45.00,60.00,0.00,5.9232e-08,2.3323e-07,6.9950e-07,3.1999e-06,7.0415e-06,7.0313e-06,5.0062e-06,5.8986e-08,2.1464e-07,5.3589e-07,3.2584e-06,5.9403e-06,6.9728e-06,5.8874e-06
P27,0.00,0.00,0.00,0.00,5.6776e-08,3.0954e-07,9.3037e-07,4.1364e-06,8.6763e-06,8.6645e-06,6.3496e-06,5.6721e-08,2.8460e-07,7.0755e-07,4.1864e-06,7.3862e-06,8.5880e-06,7.4725e-06
P27,60.00,135.00,0.00,0.00,6.8758e-08,2.3442e-07,7.0046e-07,3.2009e-06,7.0422e-06,7.0320e-06,5.0065e-06,6.8456e-08,2.1584e-07,5.3688e-07,3.2595e-06,5.9411e-06,6.9735e-06,5.8878e-06
P27,60.00,180.00,30.00,0.00,6.6803e-08,2.3419e-07,7.0028e-07,3.2007e-06,7.0420e-06,7.0319e-06,5.0064e-06,6.6512e-08,2.1560e-07,5.3669e-07,3.2593e-06,5.9409e-06,6.9733e-06,5.8877e-06
P27,60.00,135.00,60.00,0.00,5.8505e-08,2.3311e-07,6.9941e-07,3.1998e-06,7.0415e-06,7.0313e-06,5.0062e-06,5.8263e-08,2.1452e-07,5.3579e-07,3.2583e-06,5.9402e-06,6.9727e-06,5.8874e-06
P27,0.00,135.00,0.00,0.00,5.6776e-08,3.0954e-07,9.3037e-07,4.1364e-06,8.6763e-06,8.6645e-06,6.3496e-06,5.6721e-08,2.8460e-07,7.0755e-07,4.1864e-06,7.3862e-06,8.5880e-06,7.4725e-06
P27,60.00,180.00,60.00,0.00,5.8348e-08,2.3309e-07,6.9939e-07,3.1998e-06,7.0414e-06,7.0313e-06,5.0062e-06,5.8106e-08,2.1449e-07,5.3577e-07,3.2583e-06,5.9402e-06,6.9727e-06,5.8874e-06
P27,0.00,0.00,30.00,0.00,5.5491e-08,3.0940e-07,9.3027e-07,4.1363e-06,8.6762e-06,8.6644e-06,6.3495e-06,5.5445e-08,2.8447e-07,7.0744e-07,4.1862e-06,7.3861e-06,8.5879e-06,7.4725e-06
P27,30.00,90.00,60.00,0.00,5.1577e-08,2.9208e-07,8.8127e-07,3.9683e-06,8.3905e-06,8.3789e-06,6.0580e-06,5.1520e-08,2.6844e-07,6.7088e-07,4.0215e-06,7.1354e-06,8.3065e-06,7.1553e-06
P27,0.00,135.00,30.00,0.00,5.5491e-08,3.0940e-07,9.3027e-07,4.1363e-06,8.6762e-06,8.6644e-06,6.3495e-06,5.5445e-08,2.8447e-07,7.0744e-07,4.1862e-06,7.3861e-06,8.5879e-06,7.4725e-06
P27,30.00,90.00,0.00,0.00,5.9027e-08,2.9293e-07,8.8194e-07,3.9690e-06,8.3909e-06,8.3794e-06,6.0583e-06,5.8927e-08,2.6930e-07,6.7157e-07,4.0223e-06,7.1360e-06,8.3070e-06,7.1556e-06
P27,0.00,90.00,0.00,0.00,5.6776e-08,3.0954e-07,9.3037e-07,4.1364e-06,8.6763e-06,8.6645e-06,6.3496e-06,5.6721e-08,2.8460e-07,7.0755e-07,4.1864e-06,7.3862e-06,8.5880e-06,7.4725e-06
P27,0.00,90.00,60.00,0.00,4.9962e-08,3.0877e-07,9.2977e-07,4.1357e-06,8.6759e-06,8.6640e-06,6.3494e-06,4.9948e-08,2.8383e-07,7.0693e-07,4.1856e-06,7.3856e-06,8.5876e-06,7.4723e-06
P27,30.00,45.00,30.00,0.00,5.7653e-08,2.9279e-07,8.8183e-07,3.9689e-06,8.3908e-06,8.3793e-06,6.0582e-06,5.7561e-08,2.6916e-07,6.7146e-07,4.0222e-06,7.1359e-06,8.3069e-06,7.1556e-06
P27,30.00,180.00,60.00,0.00,5.1450e-08,2.9206e-07,8.8125e-07,3.9682e-06,8.3905e-06,8.3789e-06,6.0580e-06,5.1394e-08,2.6842e-07,6.7086e-07,4.0215e-06,7.1354e-06,8.3065e-06,7.1553e-06
P27,30.00,45.00,60.00,0.00,5.1666e-08,2.9209e-07,8.8128e-07,3.9683e-06,8.3905e-06,8.3789e-06,6.0580e-06,5.1608e-08,2.6845e-07,6.7089e-07,4.0215e-06,7.1354e-06,8.3065e-06,7.1553e-06
P27,60.00,90.00,30.00,0.00,6.6935e-08,2.3421e-07,7.0029e-07,3.2007e-06,7.0420e-06,7.0319e-06,5.0065e-06,6.6644e-08,2.1562e-07,5.3671e-07,3.2593e-06,5.9409e-06,6.9733e-06,5.8877e-06
P27,0.00,90.00,30.00,0.00,5.5491e-08,3.0940e-07,9.3027e-07,4.1363e-06,8.6762e-06,8.6644e-06,6.3495e-06,5.5445e-08,2.8447e-07,7.0744e-07,4.1862e-06,7.3861e-06,8.5879e-06,7.4725e-06
P27,60.00,180.00,0.00,0.00,6.8758e-08,2.3442e-07,7.0046e-07,3.2009e-06,7.0422e-06,7.0320e-06,5.0065e-06,6.8456e-08,2.1584e-07,5.3688e-07,3.2595e-06,5.9411e-06,6.9735e-06,5.8878e-06
P27,0.00,180.00,0.00,0.00,5.6776e-08,3.0954e-07,9.3037e-07,4.1364e-06,8.6763e-06,8.6645e-06,6.3496e-06,5.6721e-08,2.8460e-07,7.0755e-07,4.1864e-06,7.3862e-06,8.5880e-06,7.4725e-06
P27,0.00,45.00,30.00,0.00,5.5491e-08,3.0940e-07,9.3027e-07,4.1363e-06,8.6762e-06,8.6644e-06,6.3495e-06,5.5445e-08,2.8447e-07,7.0744e-07,4.1862e-06,7.3861e-06,8.5879e-06,7.4725e-06
P27,30.00,180.00,30.00,0.00,5.7596e-08,2.9278e-07,8.8182e-07,3.9689e-06,8.3908e-06,8.3793e-06,6.0582e-06,5.7505e-08,2.6915e-07,6.7145e-07,4.0222e-06,7.1359e-06,8.3069e-06,7.1556e-06
P27,60.00,45.00,30.00,0.00,6.7028e-08,2.3422e-07,7.0030e-07,3.2008e-06,7.0420e-06,7.0319e-06,5.0065e-06,6.6736e-08,2.1564e-07,5.3672e-07,3.2593e-06,5.9410e-06,6.9733e-06,5.8877e-06
P27,30.00,0.00,30.00,0.00,5.7662e-08,2.9279e-07,8.8183e-07,3.9689e-06,8.3908e-06,8.3793e-06,6.0582e-06,5.7571e-08,2.6916e-07,6.7146e-07,4.0222e-06,7.1359e-06,8.3069e-06,7.1556e-06
P27,0.00,45.00,0.00,0.00,5.6776e-08,3.0954e-07,9.3037e-07,4.1364e-06,8.6763e-06,8.6645e-06,6.3496e-06,5.6721e-08,2.8460e-07,7.0755e-07,4.1864e-06,7.3862e-06,8.5880e-06,7.4725e-06
P27,60.00,90.00,0.00,0.00,6.8758e-08,2.3442e-07,7.0046e-07,3.2009e-06,7.0422e-06,7.0320e-06,5.0065e-06,6.8456e-08,2.1584e-07,5.3688e-07,3.2595e-06,5.9411e-06,6.9735e-06,5.8878e-06
P27,30.00,90.00,30.00,0.00,5.7629e-08,2.9279e-07,8.8182e-07,3.9689e-06,8.3908e-06,8.3793e-06,6.0582e-06,5.7538e-08,2.6916e-07,6.7145e-07,4.0222e-06,7.1359e-06,8.3069e-06,7.1556e-06
P27,30.00,135.00,60.00,0.00,5.1488e-08,2.9206e-07,8.8126e-07,3.9682e-06,8.3905e-06,8.3789e-06,6.0580e-06,5.1431e-08,2.6843e-07,6.7087e-07,4.0215e-06,7.1354e-06,8.3065e-06,7.1553e-06
P27,0.00,180.00,60.00,0.00,4.9962e-08,3.0877e-07,9.2977e-07,4.1357e-06,8.6759e-06,8.6640e-06,6.3494e-06,4.9948e-08,2.8383e-07,7.0693e-07,4.1856e-06,7.3856e-06,8.5876e-06,7.4723e-06
P28,30.00,0.00,0.00,0.00,6.5982e-08,3.0383e-07,8.9269e-07,3.7352e-06,7.9725e-06,7.9620e-06,6.1623e-06,6.5831e-08,2.8016e-07,6.8442e-07,3.7787e-06,6.8337e-06,7.8983e-06,7.0334e-06
P28,60.00,45.00,30.00,0.00,7.2716e-08,2.4640e-07,7.1219e-07,2.9567e-06,6.6172e-06,6.6079e-06,5.1399e-06,7.2432e-08,2.2770e-07,5.5015e-07,3.0011e-06,5.6119e-06,6.5528e-06,5.8166e-06
P28,0.00,0.00,0.00,0.00,6.3535e-08,3.2034e-07,9.4075e-07,3.9126e-06,8.2754e-06,8.2646e-06,6.4442e-06,6.3420e-08,2.9538e-07,7.2091e-07,3.9540e-06,7.1013e-06,8.1976e-06,7.3439e-06
P28,60.00,180.00,60.00,0.00,6.0021e-08,2.4512e-07,7.1105e-07,2.9553e-06,6.6166e-06,6.6073e-06,5.1396e-06,5.9830e-08,2.2643e-07,5.4900e-07,2.9996e-06,5.6111e-06,6.5522e-06,5.8162e-06
P28,60.00,135.00,30.00,0.00,7.2468e-08,2.4637e-07,7.1217e-07,2.9566e-06,6.6172e-06,6.6079e-06,5.1399e-06,7.2185e-08,2.2767e-07,5.5012e-07,3.0010e-06,5.6119e-06,6.5528e-06,5.8166e-06
P28,60.00,45.00,60.00,0.00,6.1094e-08,2.4529e-07,7.1119e-07,2.9554e-06,6.6167e-06,6.6074e-06,5.1396e-06,6.0897e-08,2.2659e-07,5.4914e-07,2.9998e-06,5.6112e-06,6.5523e-06,5.8162e-06
P28,30.00,45.00,30.00,0.00,6.3413e-08,3.0366e-07,8.9255e-07,3.7350e-06,7.9724e-06,7.9619e-06,6.1623e-06,6.3291e-08,2.7998e-07,6.8427e-07,3.7784e-06,6.8336e-06,7.8982e-06,7.0333e-06
P28,60.00,0.00,30.00,0.00,7.2767e-08,2.4641e-07,7.1220e-07,2.9567e-06,6.6172e-06,6.6079e-06,5.1399e-06,7.2482e-08,2.2771e-07,5.5016e-07,3.0011e-06,5.6119e-06,6.5528e-06,5.8166e-06
P28,30.00,135.00,60.00,0.00,5.3388e-08,3.0279e-07,8.9181e-07,3.7340e-06,7.9720e-06,7.9615e-06,6.1620e-06,5.3354e-08,2.7912e-07,6.8351e-07,3.7774e-06,6.8330e-06,7.8978e-06,7.0330e-06
P28,0.00,180.00,30.00,0.00,6.1074e-08,3.2018e-07,9.4062e-07,3.9124e-06,8.2753e-06,8.2645e-06,6.4441e-06,6.0988e-08,2.9521e-07,7.2078e-07,3.9538e-06,7.1012e-06,8.1976e-06,7.3438e-06
P28,0.00,45.00,0.00,0.00,6.3535e-08,3.2034e-07,9.4075e-07,3.9126e-06,8.2754e-06,8.2646e-06,6.4442e-06,6.3420e-08,2.9538e-07,7.2091e-07,3.9540e-06,7.1013e-06,8.1976e-06,7.3439e-06
P28,60.00,135.00,0.00,0.00,7.5632e-08,2.4663e-07,7.1239e-07,2.9569e-06,6.6173e-06,6.6080e-06,5.1400e-06,7.5323e-08,2.2793e-07,5.5036e-07,3.0014e-06,5.6121e-06,6.5530e-06,5.8167e-06
P28,0.00,135.00,60.00,0.00,5.1847e-08,3.1942e-07,9.3997e-07,3.9115e-06,8.2750e-06,8.2642e-06,6.4439e-06,5.1850e-08,2.9445e-07,7.2012e-07,3.9529e-06,7.1007e-06,8.1972e-06,7.3435e-06
P28,30.00,90.00,30.00,0.00,6.3377e-08,3.0365e-07,8.9254e-07,3.7350e-06,7.9724e-06,7.9619e-06,6.1623e-06,6.3255e-08,2.7998e-07,6.8426e-07,3.7784e-06,6.8336e-06,7.8982e-06,7.0333e-06
P28,60.00,135.00,60.00,0.00,6.0212e-08,2.4515e-07,7.1107e-07,2.9553e-06,6.6166e-06,6.6073e-06,5.1396e-06,6.0019e-08,2.2646e-07,5.4902e-07,2.9997e-06,5.6111e-06,6.5523e-06,5.8162e-06
P28,0.00,180.00,0.00,0.00,6.3535e-08,3.2034e-07,9.4075e-07,3.9126e-06,8.2754e-06,8.2646e-06,6.4442e-06,6.3420e-08,2.9538e-07,7.2091e-07,3.9540e-06,7.1013e-06,8.1976e-06,7.3439e-06
P28,30.00,0.00,60.00,0.00,5.3674e-08,3.0283e-07,8.9184e-07,3.7340e-06,7.9720e-06,7.9615e-06,6.1620e-06,5.3638e-08,2.7916e-07,6.8355e-07,3.7774e-06,6.8330e-06,7.8978e-06,7.0330e-06
P28,60.00,90.00,60.00,0.00,6.0660e-08,2.4523e-07,7.1113e-07,2.9554e-06,6.6166e-06,6.6074e-06,5.1396e-06,6.0465e-08,2.2653e-07,5.4908e-07,2.9997e-06,5.6112e-06,6.5523e-06,5.8162e-06
P28,0.00,135.00,30.00,0.00,6.1074e-08,3.2018e-07,9.4062e-07,3.9124e-06,8.2753e-06,8.2645e-06,6.4441e-06,6.0988e-08,2.9521e-07,7.2078e-07,3.9538e-06,7.1012e-06,8.1976e-06,7.3438e-06
P28,60.00,0.00,0.00,0.00,7.5632e-08,2.4663e-07,7.1239e-07,2.9569e-06,6.6173e-06,6.6080e-06,5.1400e-06,7.5323e-08,2.2793e-07,5.5036e-07,3.0014e-06,5.6121e-06,6.5530e-06,5.8167e-06
P28,60.00,0.00,60.00,0.00,6.1270e-08,2.4532e-07,7.1121e-07,2.9555e-06,6.6167e-06,6.6074e-06,5.1396e-06,6.1071e-08,2.2662e-07,5.4916e-07,2.9998e-06,5.6112e-06,6.5523e-06,5.8162e-06
P28,30.00,45.00,0.00,0.00,6.5982e-08,3.0383e-07,8.9269e-07,3.7352e-06,7.9725e-06,7.9620e-06,6.1623e-06,6.5831e-08,2.8016e-07,6.8442e-07,3.7787e-06,6.8337e-06,7.8983e-06,7.0334e-06
P28,60.00,180.00,0.00,0.00,7.5632e-08,2.4663e-07,7.1239e-07,2.9569e-06,6.6173e-06,6.6080e-06,5.1400e-06,7.5323e-08,2.2793e-07,5.5036e-07,3.0014e-06,5.6121e-06,6.5530e-06,5.8167e-06
P28,30.00,135.00,0.00,0.00,6.5982e-08,3.0383e-07,8.9269e-07,3.7352e-06,7.9725e-06,7.9620e-06,6.1623e-06,6.5831e-08,2.8016e-07,6.8442e-07,3.7787e-06,6.8337e-06,7.8983e-06,7.0334e-06
P28,0.00,0.00,60.00,0.00,5.1847e-08,3.1942e-07,9.3997e-07,3.9115e-06,8.2750e-06,8.2642e-06,6.4439e-06,5.1850e-08,2.9445e-07,7.2012e-07,3.9529e-06,7.1007e-06,8.1972e-06,7.3435e-06
P28,30.00,45.00,60.00,0.00,5.3625e-08,3.0283e-07,8.9183e-07,3.7340e-06,7.9720e-06,7.9615e-06,6.1620e-06,5.3590e-08,2.7915e-07,6.8354e-07,3.7774e-06,6.8330e-06,7.8978e-06,7.0330e-06
P28,0.00,90.00,0.00,0.00,6.3535e-08,3.2034e-07,9.4075e-07,3.9126e-06,8.2754e-06,8.2646e-06,6.4442e-06,6.3420e-08,2.9538e-07,7.2091e-07,3.9540e-06,7.1013e-06,8.1976e-06,7.3439e-06
P28,30.00,180.00,30.00,0.00,6.3325e-08,3.0365e-07,8.9254e-07,3.7349e-06,7.9724e-06,7.9619e-06,6.1623e-06,6.3204e-08,2.7997e-07,6.8426e-07,3.7784e-06,6.8336e-06,7.8982e-06,7.0333e-06
P28,0.00,180.00,60.00,0.00,5.1847e-08,3.1942e-07,9.3997e-07,3.9115e-06,8.2750e-06,8.2642e-06,6.4439e-06,5.1850e-08,2.9445e-07,7.2012e-07,3.9529e-06,7.1007e-06,8.1972e-06,7.3435e-06
P28,60.00,180.00,30.00,0.00,7.2416e-08,2.4636e-07,7.1216e-07,2.9566e-06,6.6172e-06,6.6079e-06,5.1399e-06,7.2134e-08,2.2766e-07,5.5012e-07,3.0010e-06,5.6119e-06,6.5528e-06,5.8166e-06
P28,30.00,90.00,60.00,0.00,5.3507e-08,3.0281e-07,8.9182e-07,3.7340e-06,7.9720e-06,7.9615e-06,6.1620e-06,5.3472e-08,2.7914e-07,6.8353e-07,3.7774e-06,6.8330e-06,7.8978e-06,7.0330e-06
P28,30.00,90.00,0.00,0.00,6.5982e-08,3.0383e-07,8.9269e-07,3.7352e-06,7.9725e-06,7.9620e-06,6.1623e-06,6.5831e-08,2.8016e-07,6.8442e-07,3.7787e-06,6.8337e-06,7.8983e-06,7.0334e-06
P28,0.00,0.00,30.00,0.00,6.1074e-08,3.2018e-07,9.4062e-07,3.9124e-06,8.2753e-06,8.2645e-06,6.4441e-06,6.0988e-08,2.9521e-07,7.2078e-07,3.9538e-06,7.1012e-06,8.1976e-06,7.3438e-06
P28,0.00,45.00,30.00,0.00,6.1074e-08,3.2018e-07,9.4062e-07,3.9124e-06,8.2753e-06,8.2645e-06,6.4441e-06,6.0988e-08,2.9521e-07,7.2078e-07,3.9538e-06,7.1012e-06,8.1976e-06,7.3438e-06
P28,60.00,90.00,30.00,0.00,7.2593e-08,2.4639e-07,7.1218e-07,2.9567e-06,6.6172e-06,6.6079e-06,5.1399e-06,7.2309e-08,2.2768e-07,5.5014e-07,3.0010e-06,5.6119e-06,6.5528e-06,5.8166e-06
P28,30.00,135.00,30.00,0.00,6.3340e-08,3.0365e-07,8.9254e-07,3.7349e-06,7.9724e-06,7.9619e-06,6.1623e-06,6.3219e-08,2.7998e-07,6.8426e-07,3.7784e-06,6.8336e-06,7.8982e-06,7.0333e-06
P28,30.00,180.00,0.00,0.00,6.5982e-08,3.0383e-07,8.9269e-07,3.7352e-06,7.9725e-06,7.9620e-06,6.1623e-06,6.5831e-08,2.8016e-07,6.8442e-07,3.7787e-06,6.8337e-06,7.8983e-06,7.0334e-06
P28,0.00,90.00,60.00,0.00,5.1847e-08,3.1942e-07,9.3997e-07,3.9115e-06,8.2750e-06,8.2642e-06,6.4439e-06,5.1850e-08,2.9445e-07,7.2012e-07,3.9529e-06,7.1007e-06,8.1972e-06,7.3435e-06
P28,60.00,45.00,0.00,0.00,7.5632e-08,2.4663e-07,7.1239e-07,2.9569e-06,6.6173e-06,6.6080e-06,5.1400e-06,7.5323e-08,2.2793e-07,5.5036e-07,3.0014e-06,5.6121e-06,6.5530e-06,5.8167e-06
P28,30.00,180.00,60.00,0.00,5.3338e-08,3.0279e-07,8.9180e-07,3.7340e-06,7.9720e-06,7.9615e-06,6.1620e-06,5.3305e-08,2.7912e-07,6.8351e-07,3.7774e-06,6.8330e-06,7.8978e-06,7.0330e-06
P28,0.00,45.00,60.00,0.00,5.1847e-08,3.1942e-07,9.3997e-07,3.9115e-06,8.2750e-06,8.2642e-06,6.4439e-06,5.1850e-08,2.9445e-07,7.2012e-07,3.9529e-06,7.1007e-06,8.1972e-06,7.3435e-06
P28,60.00,90.00,0.00,0.00,7.5632e-08,2.4663e-07,7.1239e-07,2.9569e-06,6.6173e-06,6.6080e-06,5.1400e-06,7.5323e-08,2.2793e-07,5.5036e-07,3.0014e-06,5.6121e-06,6.5530e-06,5.8167e-06
P28,30.00,0.00,30.00,0.00,6.3428e-08,3.0366e-07,8.9255e-07,3.7350e-06,7.9724e-06,7.9619e-06,6.1623e-06,6.3306e-08,2.7999e-07,6.8427e-07,3.7784e-06,6.8336e-06,7.8982e-06,7.0333e-06
P28,0.00,135.00,0.00,0.00,6.3535e-08,3.2034e-07,9.4075e-07,3.9126e-06,8.2754e-06,8.2646e-06,6.4442e-06,6.3420e-08,2.9538e-07,7.2091e-07,3.9540e-06,7.1013e-06,8.1976e-06,7.3439e-06
P28,0.00,90.00,30.00,0.00,6.1074e-08,3.2018e-07,9.4062e-07,3.9124e-06,8.2753e-06,8.2645e-06,6.4441e-06,6.0988e-08,2.9521e-07,7.2078e-07,3.9538e-06,7.1012e-06,8.1976e-06,7.3438e-06
P29,60.00,90.00,30.00,0.00,6.7562e-08,1.8373e-07,5.8192e-07,2.9980e-06,6.5507e-06,6.5420e-06,5.2311e-06,6.7510e-08,1.6776e-07,4.3265e-07,3.0321e-06,5.6095e-06,6.4908e-06,5.8834e-06
P29,0.00,0.00,60.00,0.00,4.9787e-08,2.4021e-07,7.7821e-07,3.9377e-06,8.2148e-06,8.2045e-06,6.6299e-06,4.9944e-08,2.1861e-07,5.7223e-07,3.9688e-06,7.0940e-06,8.1409e-06,7.4625e-06
P29,0.00,180.00,60.00,0.00,4.9787e-08,2.4021e-07,7.7821e-07,3.9377e-06,8.2148e-06,8.2045e-06,6.6299e-06,4.9944e-08,2.1861e-07,5.7223e-07,3.9688e-06,7.0940e-06,8.1409e-06,7.4625e-06
P29,30.00,0.00,0.00,0.00,6.0669e-08,2.2813e-07,7.3638e-07,3.7651e-06,7.9114e-06,7.9014e-06,6.3348e-06,6.0775e-08,2.0772e-07,5.4234e-07,3.7982e-06,6.8282e-06,7.8411e-06,7.1467e-06
P29,0.00,90.00,30.00,0.00,5.6769e-08,2.4089e-07,7.7883e-07,3.9384e-06,8.2151e-06,8.2048e-06,6.6302e-06,5.6911e-08,2.1929e-07,5.7285e-07,3.9696e-06,7.0944e-06,8.1412e-06,7.4628e-06
P29,60.00,0.00,0.00,0.00,6.9735e-08,1.8393e-07,5.8212e-07,2.9982e-06,6.5508e-06,6.5421e-06,5.2312e-06,6.9679e-08,1.6796e-07,4.3284e-07,3.0324e-06,5.6097e-06,6.4909e-06,5.8834e-06
P29,0.00,0.00,30.00,0.00,5.6769e-08,2.4089e-07,7.7883e-07,3.9384e-06,8.2151e-06,8.2048e-06,6.6302e-06,5.6911e-08,2.1929e-07,5.7285e-07,3.9696e-06,7.0944e-06,8.1412e-06,7.4628e-06
P29,60.00,0.00,30.00,0.00,6.7714e-08,1.8375e-07,5.8194e-07,2.9980e-06,6.5507e-06,6.5420e-06,5.2311e-06,6.7662e-08,1.6778e-07,4.3266e-07,3.0321e-06,5.6096e-06,6.4908e-06,5.8834e-06
P29,30.00,180.00,0.00,0.00,6.0669e-08,2.2813e-07,7.3638e-07,3.7651e-06,7.9114e-06,7.9014e-06,6.3348e-06,6.0775e-08,2.0772e-07,5.4234e-07,3.7982e-06,6.8282e-06,7.8411e-06,7.1467e-06
P29,0.00,45.00,30.00,0.00,5.6769e-08,2.4089e-07,7.7883e-07,3.9384e-06,8.2151e-06,8.2048e-06,6.6302e-06,5.6911e-08,2.1929e-07,5.7285e-07,3.9696e-06,7.0944e-06,8.1412e-06,7.4628e-06
P29,60.00,180.00,30.00,0.00,6.7408e-08,1.8371e-07,5.8190e-07,2.9980e-06,6.5507e-06,6.5420e-06,5.2311e-06,6.7357e-08,1.6774e-07,4.3263e-07,3.0321e-06,5.6095e-06,6.4908e-06,5.8834e-06
P29,0.00,45.00,60.00,0.00,4.9787e-08,2.4021e-07,7.7821e-07,3.9377e-06,8.2148e-06,8.2045e-06,6.6299e-06,4.9944e-08,2.1861e-07,5.7223e-07,3.9688e-06,7.0940e-06,8.1409e-06,7.4625e-06
P29,0.00,180.00,30.00,0.00,5.6769e-08,2.4089e-07,7.7883e-07,3.9384e-06,8.2151e-06,8.2048e-06,6.6302e-06,5.6911e-08,2.1929e-07,5.7285e-07,3.9696e-06,7.0944e-06,8.1412e-06,7.4628e-06
P29,60.00,45.00,0.00,0.00,6.9735e-08,1.8393e-07,5.8212e-07,2.9982e-06,6.5508e-06,6.5421e-06,5.2312e-06,6.9679e-08,1.6796e-07,4.3284e-07,3.0324e-06,5.6097e-06,6.4909e-06,5.8834e-06
P29,30.00,45.00,30.00,0.00,5.8912e-08,2.2796e-07,7.3624e-07,3.7649e-06,7.9113e-06,7.9013e-06,6.3348e-06,5.9022e-08,2.0756e-07,5.4220e-07,3.7980e-06,6.8281e-06,7.8410e-06,7.1466e-06
P29,60.00,180.00,60.00,0.00,5.7559e-08,1.8268e-07,5.8087e-07,2.9968e-06,6.5502e-06,6.5415e-06,5.2308e-06,5.7531e-08,1.6672e-07,4.3163e-07,3.0309e-06,5.6089e-06,6.4903e-06,5.8830e-06
P29,60.00,135.00,30.00,0.00,6.7453e-08,1.8371e-07,5.8191e-07,2.9980e-06,6.5507e-06,6.5420e-06,5.2311e-06,6.7402e-08,1.6774e-07,4.3263e-07,3.0321e-06,5.6095e-06,6.4908e-06,5.8834e-06
P29,30.00,90.00,0.00,0.00,6.0669e-08,2.2813e-07,7.3638e-07,3.7651e-06,7.9114e-06,7.9014e-06,6.3348e-06,6.0775e-08,2.0772e-07,5.4234e-07,3.7982e-06,6.8282e-06,7.8411e-06,7.1467e-06
P29,30.00,135.00,60.00,0.00,5.1228e-08,2.2720e-07,7.3553e-07,3.7641e-06,7.9110e-06,7.9010e-06,6.3345e-06,5.1353e-08,2.0680e-07,5.4150e-07,3.7971e-06,6.8277e-06,7.8407e-06,7.1464e-06
P29,0.00,135.00,0.00,0.00,5.8431e-08,2.4104e-07,7.7895e-07,3.9386e-06,8.2152e-06,8.2048e-06,6.6302e-06,5.8570e-08,2.1944e-07,5.7298e-07,3.9697e-06,7.0945e-06,8.1413e-06,7.4628e-06
P29,30.00,45.00,0.00,0.00,6.0669e-08,2.2813e-07,7.3638e-07,3.7651e-06,7.9114e-06,7.9014e-06,6.3348e-06,6.0775e-08,2.0772e-07,5.4234e-07,3.7982e-06,6.8282e-06,7.8411e-06,7.1467e-06
P29,30.00,135.00,0.00,0.00,6.0669e-08,2.2813e-07,7.3638e-07,3.7651e-06,7.9114e-06,7.9014e-06,6.3348e-06,6.0775e-08,2.0772e-07,5.4234e-07,3.7982e-06,6.8282e-06,7.8411e-06,7.1467e-06
P29,0.00,135.00,30.00,0.00,5.6769e-08,2.4089e-07,7.7883e-07,3.9384e-06,8.2151e-06,8.2048e-06,6.6302e-06,5.6911e-08,2.1929e-07,5.7285e-07,3.9696e-06,7.0944e-06,8.1412e-06,7.4628e-06
P29,60.00,0.00,60.00,0.00,5.8698e-08,1.8284e-07,5.8102e-07,2.9970e-06,6.5502e-06,6.5416e-06,5.2308e-06,5.8669e-08,1.6688e-07,4.3178e-07,3.0311e-06,5.6090e-06,6.4904e-06,5.8830e-06
P29,0.00,90.00,0.00,0.00,5.8431e-08,2.4104e-07,7.7895e-07,3.9386e-06,8.2152e-06,8.2048e-06,6.6302e-06,5.8570e-08,2.1944e-07,5.7298e-07,3.9697e-06,7.0945e-06,8.1413e-06,7.4628e-06
P29,0.00,90.00,60.00,0.00,4.9787e-08,2.4021e-07,7.7821e-07,3.9377e-06,8.2148e-06,8.2045e-06,6.6299e-06,4.9944e-08,2.1861e-07,5.7223e-07,3.9688e-06,7.0940e-06,8.1409e-06,7.4625e-06
P29,30.00,135.00,30.00,0.00,5.8853e-08,2.2796e-07,7.3623e-07,3.7649e-06,7.9113e-06,7.9013e-06,6.3348e-06,5.8963e-08,2.0755e-07,5.4219e-07,3.7980e-06,6.8281e-06,7.8410e-06,7.1466e-06
P29,30.00,90.00,30.00,0.00,5.8882e-08,2.2796e-07,7.3623e-07,3.7649e-06,7.9113e-06,7.9013e-06,6.3348e-06,5.8993e-08,2.0755e-07,5.4219e-07,3.7980e-06,6.8281e-06,7.8410e-06,7.1466e-06
P29,60.00,45.00,60.00,0.00,5.8538e-08,1.8282e-07,5.8100e-07,2.9970e-06,6.5502e-06,6.5415e-06,5.2308e-06,5.8509e-08,1.6686e-07,4.3176e-07,3.0311e-06,5.6090e-06,6.4903e-06,5.8830e-06
P29,60.00,135.00,0.00,0.00,6.9735e-08,1.8393e-07,5.8212e-07,2.9982e-06,6.5508e-06,6.5421e-06,5.2312e-06,6.9679e-08,1.6796e-07,4.3284e-07,3.0324e-06,5.6097e-06,6.4909e-06,5.8834e-06
P29,0.00,0.00,0.00,0.00,5.8431e-08,2.4104e-07,7.7895e-07,3.9386e-06,8.2152e-06,8.2048e-06,6.6302e-06,5.8570e-08,2.1944e-07,5.7298e-07,3.9697e-06,7.0945e-06,8.1413e-06,7.4628e-06
P29,0.00,180.00,0.00,0.00,5.8431e-08,2.4104e-07,7.7895e-07,3.9386e-06,8.2152e-06,8.2048e-06,6.6302e-06,5.8570e-08,2.1944e-07,5.7298e-07,3.9697e-06,7.0945e-06,8.1413e-06,7.4628e-06
P29,30.00,180.00,60.00,0.00,5.1184e-08,2.2720e-07,7.3553e-07,3.7641e-06,7.9110e-06,7.9010e-06,6.3345e-06,5.1309e-08,2.0679e-07,5.4150e-07,3.7971e-06,6.8277e-06,7.8407e-06,7.1463e-06
P29,60.00,135.00,60.00,0.00,5.7733e-08,1.8271e-07,5.8089e-07,2.9968e-06,6.5502e-06,6.5415e-06,5.2308e-06,5.7705e-08,1.6675e-07,4.3165e-07,3.0310e-06,5.6089e-06,6.4903e-06,5.8830e-06
P29,30.00,45.00,60.00,0.00,5.1437e-08,2.2723e-07,7.3556e-07,3.7641e-06,7.9110e-06,7.9010e-06,6.3345e-06,5.1562e-08,2.0683e-07,5.4153e-07,3.7972e-06,6.8277e-06,7.8407e-06,7.1464e-06
P29,60.00,45.00,30.00,0.00,6.7669e-08,1.8374e-07,5.8193e-07,2.9980e-06,6.5507e-06,6.5420e-06,5.2311e-06,6.7618e-08,1.6777e-07,4.3266e-07,3.0321e-06,5.6096e-06,6.4908e-06,5.8834e-06
P29,60.00,90.00,0.00,0.00,6.9735e-08,1.8393e-07,5.8212e-07,2.9982e-06,6.5508e-06,6.5421e-06,5.2312e-06,6.9679e-08,1.6796e-07,4.3284e-07,3.0324e-06,5.6097e-06,6.4909e-06,5.8834e-06
P29,30.00,180.00,30.00,0.00,5.8841e-08,2.2796e-07,7.3623e-07,3.7649e-06,7.9113e-06,7.9013e-06,6.3348e-06,5.8951e-08,2.0755e-07,5.4219e-07,3.7980e-06,6.8281e-06,7.8410e-06,7.1466e-06
P29,30.00,90.00,60.00,0.00,5.1333e-08,2.2722e-07,7.3555e-07,3.7641e-06,7.9110e-06,7.9010e-06,6.3345e-06,5.1458e-08,2.0681e-07,5.4152e-07,3.7972e-06,6.8277e-06,7.8407e-06,7.1464e-06
P29,60.00,180.00,0.00,0.00,6.9735e-08,1.8393e-07,5.8212e-07,2.9982e-06,6.5508e-06,6.5421e-06,5.2312e-06,6.9679e-08,1.6796e-07,4.3284e-07,3.0324e-06,5.6097e-06,6.4909e-06,5.8834e-06
P29,30.00,0.00,60.00,0.00,5.1480e-08,2.2724e-07,7.3557e-07,3.7641e-06,7.9110e-06,7.9010e-06,6.3345e-06,5.1605e-08,2.0683e-07,5.4153e-07,3.7972e-06,6.8277e-06,7.8407e-06,7.1464e-06
P29,60.00,90.00,60.00,0.00,5.8143e-08,1.8277e-07,5.8095e-07,2.9969e-06,6.5502e-06,6.5415e-06,5.2308e-06,5.8114e-08,1.6680e-07,4.3171e-07,3.0310e-06,5.6089e-06,6.4903e-06,5.8830e-06
P29,0.00,45.00,0.00,0.00,5.8431e-08,2.4104e-07,7.7895e-07,3.9386e-06,8.2152e-06,8.2048e-06,6.6302e-06,5.8570e-08,2.1944e-07,5.7298e-07,3.9697e-06,7.0945e-06,8.1413e-06,7.4628e-06
P29,30.00,0.00,30.00,0.00,5.8924e-08,2.2797e-07,7.3624e-07,3.7649e-06,7.9113e-06,7.9013e-06,6.3348e-06,5.9034e-08,2.0756e-07,5.4220e-07,3.7980e-06,6.8281e-06,7.8410e-06,7.1466e-06
P29,0.00,135.00,60.00,0.00,4.9787e-08,2.4021e-07,7.7821e-07,3.9377e-06,8.2148e-06,8.2045e-06,6.6299e-06,4.9944e-08,2.1861e-07,5.7223e-07,3.9688e-06,7.0940e-06,8.1409e-06,7.4625e-06
P30,0.00,90.00,30.00,0.00,5.6979e-08,3.2055e-07,9.2082e-07,3.9484e-06,8.4077e-06,8.3959e-06,6.4297e-06,5.6899e-08,2.9612e-07,7.0894e-07,3.9867e-06,7.1233e-06,8.3193e-06,7.3848e-06
P30,30.00,90.00,0.00,0.00,6.0925e-08,3.0406e-07,8.7328e-07,3.7653e-06,8.0984e-06,8.0869e-06,6.1422e-06,6.0787e-08,2.8092e-07,6.7354e-07,3.8059e-06,6.8496e-06,8.0141e-06,7.0646e-06
P30,60.00,0.00,60.00,0.00,5.9683e-08,2.4257e-07,6.9324e-07,2.9503e-06,6.6750e-06,6.6649e-06,5.0870e-06,5.9447e-08,2.2434e-07,5.3883e-07,2.9923e-06,5.5806e-06,6.6041e-06,5.7901e-06
P30,60.00,0.00,30.00,0.00,6.8669e-08,2.4380e-07,6.9430e-07,2.9514e-06,6.6757e-06,6.6656e-06,5.0874e-06,6.8370e-08,2.2558e-07,5.3991e-07,2.9934e-06,5.5814e-06,6.6047e-06,5.7905e-06
P30,30.00,45.00,0.00,0.00,6.0925e-08,3.0406e-07,8.7328e-07,3.7653e-06,8.0984e-06,8.0869e-06,6.1422e-06,6.0787e-08,2.8092e-07,6.7354e-07,3.8059e-06,6.8496e-06,8.0141e-06,7.0646e-06
P30,60.00,180.00,30.00,0.00,6.8375e-08,2.4376e-07,6.9426e-07,2.9514e-06,6.6756e-06,6.6655e-06,5.0873e-06,6.8079e-08,2.2553e-07,5.3987e-07,2.9933e-06,5.5814e-06,6.6047e-06,5.7905e-06
P30,60.00,135.00,60.00,0.00,5.8742e-08,2.4240e-07,6.9310e-07,2.9502e-06,6.6750e-06,6.6649e-06,5.0870e-06,5.8510e-08,2.2417e-07,5.3869e-07,2.9921e-06,5.5805e-06,6.6040e-06,5.7901e-06
P30,0.00,45.00,60.00,0.00,5.0302e-08,3.1969e-07,9.2012e-07,3.9477e-06,8.4073e-06,8.3954e-06,6.4295e-06,5.0274e-08,2.9526e-07,7.0822e-07,3.9859e-06,7.1227e-06,8.3189e-06,7.3845e-06
P30,30.00,180.00,30.00,0.00,5.9135e-08,3.0385e-07,8.7311e-07,3.7651e-06,8.0983e-06,8.0868e-06,6.1421e-06,5.9014e-08,2.8071e-07,6.7336e-07,3.8057e-06,6.8495e-06,8.0140e-06,7.0645e-06
P30,0.00,180.00,0.00,0.00,5.8601e-08,3.2074e-07,9.2096e-07,3.9486e-06,8.4078e-06,8.3959e-06,6.4298e-06,5.8505e-08,2.9631e-07,7.0909e-07,3.9869e-06,7.1234e-06,8.3194e-06,7.3849e-06
P30,0.00,0.00,0.00,0.00,5.8601e-08,3.2074e-07,9.2096e-07,3.9486e-06,8.4078e-06,8.3959e-06,6.4298e-06,5.8505e-08,2.9631e-07,7.0909e-07,3.9869e-06,7.1234e-06,8.3194e-06,7.3849e-06
P30,60.00,135.00,0.00,0.00,7.0728e-08,2.4406e-07,6.9451e-07,2.9516e-06,6.6758e-06,6.6657e-06,5.0874e-06,7.0413e-08,2.2583e-07,5.4013e-07,2.9936e-06,5.5816e-06,6.6049e-06,5.7906e-06
P30,0.00,90.00,60.00,0.00,5.0302e-08,3.1969e-07,9.2012e-07,3.9477e-06,8.4073e-06,8.3954e-06,6.4295e-06,5.0274e-08,2.9526e-07,7.0822e-07,3.9859e-06,7.1227e-06,8.3189e-06,7.3845e-06
P30,0.00,180.00,60.00,0.00,5.0302e-08,3.1969e-07,9.2012e-07,3.9477e-06,8.4073e-06,8.3954e-06,6.4295e-06,5.0274e-08,2.9526e-07,7.0822e-07,3.9859e-06,7.1227e-06,8.3189e-06,7.3845e-06
P30,0.00,90.00,0.00,0.00,5.8601e-08,3.2074e-07,9.2096e-07,3.9486e-06,8.4078e-06,8.3959e-06,6.4298e-06,5.8505e-08,2.9631e-07,7.0909e-07,3.9869e-06,7.1234e-06,8.3194e-06,7.3849e-06
P30,30.00,180.00,0.00,0.00,6.0925e-08,3.0406e-07,8.7328e-07,3.7653e-06,8.0984e-06,8.0869e-06,6.1422e-06,6.0787e-08,2.8092e-07,6.7354e-07,3.8059e-06,6.8496e-06,8.0141e-06,7.0646e-06
P30,0.00,45.00,30.00,0.00,5.6979e-08,3.2055e-07,9.2082e-07,3.9484e-06,8.4077e-06,8.3959e-06,6.4297e-06,5.6899e-08,2.9612e-07,7.0894e-07,3.9867e-06,7.1233e-06,8.3193e-06,7.3848e-06
P30,60.00,90.00,60.00,0.00,5.9142e-08,2.4247e-07,6.9316e-07,2.9502e-06,6.6750e-06,6.6649e-06,5.0870e-06,5.8908e-08,2.2425e-07,5.3875e-07,2.9922e-06,5.5805e-06,6.6041e-06,5.7901e-06
P30,30.00,45.00,60.00,0.00,5.2015e-08,3.0292e-07,8.7235e-07,3.7643e-06,8.0979e-06,8.0864e-06,6.1419e-06,5.1946e-08,2.7977e-07,6.7259e-07,3.8049e-06,6.8489e-06,8.0136e-06,7.0642e-06
P30,0.00,135.00,0.00,0.00,5.8601e-08,3.2074e-07,9.2096e-07,3.9486e-06,8.4078e-06,8.3959e-06,6.4298e-06,5.8505e-08,2.9631e-07,7.0909e-07,3.9869e-06,7.1234e-06,8.3194e-06,7.3849e-06
P30,30.00,0.00,0.00,0.00,6.0925e-08,3.0406e-07,8.7328e-07,3.7653e-06,8.0984e-06,8.0869e-06,6.1422e-06,6.0787e-08,2.8092e-07,6.7354e-07,3.8059e-06,6.8496e-06,8.0141e-06,7.0646e-06
P30,0.00,135.00,30.00,0.00,5.6979e-08,3.2055e-07,9.2082e-07,3.9484e-06,8.4077e-06,8.3959e-06,6.4297e-06,5.6899e-08,2.9612e-07,7.0894e-07,3.9867e-06,7.1233e-06,8.3193e-06,7.3848e-06
P30,0.00,45.00,0.00,0.00,5.8601e-08,3.2074e-07,9.2096e-07,3.9486e-06,8.4078e-06,8.3959e-06,6.4298e-06,5.8505e-08,2.9631e-07,7.0909e-07,3.9869e-06,7.1234e-06,8.3194e-06,7.3849e-06
P30,60.00,45.00,60.00,0.00,5.9527e-08,2.4254e-07,6.9322e-07,2.9503e-06,6.6750e-06,6.6649e-06,5.0870e-06,5.9292e-08,2.2431e-07,5.3881e-07,2.9923e-06,5.5806e-06,6.6041e-06,5.7901e-06
P30,30.00,0.00,30.00,0.00,5.9213e-08,3.0386e-07,8.7312e-07,3.7651e-06,8.0983e-06,8.0868e-06,6.1421e-06,5.9091e-08,2.8072e-07,6.7337e-07,3.8057e-06,6.8495e-06,8.0140e-06,7.0645e-06
P30,30.00,135.00,30.00,0.00,5.9147e-08,3.0385e-07,8.7311e-07,3.7651e-06,8.0983e-06,8.0868e-06,6.1421e-06,5.9025e-08,2.8071e-07,6.7337e-07,3.8057e-06,6.8495e-06,8.0140e-06,7.0645e-06
P30,60.00,180.00,60.00,0.00,5.8572e-08,2.4237e-07,6.9308e-07,2.9502e-06,6.6750e-06,6.6649e-06,5.0870e-06,5.8341e-08,2.2414e-07,5.3866e-07,2.9921e-06,5.5805e-06,6.6040e-06,5.7901e-06
P30,60.00,45.00,30.00,0.00,6.8626e-08,2.4380e-07,6.9430e-07,2.9514e-06,6.6757e-06,6.6656e-06,5.0874e-06,6.8328e-08,2.2557e-07,5.3990e-07,2.9934e-06,5.5814e-06,6.6047e-06,5.7905e-06
P30,60.00,45.00,0.00,0.00,7.0728e-08,2.4406e-07,6.9451e-07,2.9516e-06,6.6758e-06,6.6657e-06,5.0874e-06,7.0413e-08,2.2583e-07,5.4013e-07,2.9936e-06,5.5816e-06,6.6049e-06,5.7906e-06
P30,30.00,180.00,60.00,0.00,5.1775e-08,3.0288e-07,8.7232e-07,3.7642e-06,8.0979e-06,8.0864e-06,6.1419e-06,5.1707e-08,2.7973e-07,6.7255e-07,3.8049e-06,6.8489e-06,8.0135e-06,7.0642e-06
P30,30.00,90.00,60.00,0.00,5.1916e-08,3.0290e-07,8.7234e-07,3.7643e-06,8.0979e-06,8.0864e-06,6.1419e-06,5.1848e-08,2.7975e-07,6.7257e-07,3.8049e-06,6.8489e-06,8.0135e-06,7.0642e-06
P30,60.00,90.00,30.00,0.00,6.8523e-08,2.4378e-07,6.9428e-07,2.9514e-06,6.6756e-06,6.6656e-06,5.0874e-06,6.8225e-08,2.2555e-07,5.3989e-07,2.9934e-06,5.5814e-06,6.6047e-06,5.7905e-06
P30,0.00,135.00,60.00,0.00,5.0302e-08,3.1969e-07,9.2012e-07,3.9477e-06,8.4073e-06,8.3954e-06,6.4295e-06,5.0274e-08,2.9526e-07,7.0822e-07,3.9859e-06,7.1227e-06,8.3189e-06,7.3845e-06
P30,60.00,90.00,0.00,0.00,7.0728e-08,2.4406e-07,6.9451e-07,2.9516e-06,6.6758e-06,6.6657e-06,5.0874e-06,7.0413e-08,2.2583e-07,5.4013e-07,2.9936e-06,5.5816e-06,6.6049e-06,5.7906e-06
P30,30.00,135.00,60.00,0.00,5.1816e-08,3.0288e-07,8.7233e-07,3.7643e-06,8.0979e-06,8.0864e-06,6.1419e-06,5.1749e-08,2.7974e-07,6.7256e-07,3.8049e-06,6.8489e-06,8.0135e-06,7.0642e-06
P30,60.00,0.00,0.00,0.00,7.0728e-08,2.4406e-07,6.9451e-07,2.9516e-06,6.6758e-06,6.6657e-06,5.0874e-06,7.0413e-08,2.2583e-07,5.4013e-07,2.9936e-06,5.5816e-06,6.6049e-06,5.7906e-06
P30,30.00,135.00,0.00,0.00,6.0925e-08,3.0406e-07,8.7328e-07,3.7653e-06,8.0984e-06,8.0869e-06,6.1422e-06,6.0787e-08,2.8092e-07,6.7354e-07,3.8059e-06,6.8496e-06,8.0141e-06,7.0646e-06
P30,0.00,0.00,30.00,0.00,5.6979e-08,3.2055e-07,9.2082e-07,3.9484e-06,8.4077e-06,8.3959e-06,6.4297e-06,5.6899e-08,2.9612e-07,7.0894e-07,3.9867e-06,7.1233e-06,8.3193e-06,7.3848e-06
P30,30.00,0.00,60.00,0.00,5.2055e-08,3.0292e-07,8.7236e-07,3.7643e-06,8.0979e-06,8.0864e-06,6.1419e-06,5.1987e-08,2.7978e-07,6.7259e-07,3.8049e-06,6.8489e-06,8.0136e-06,7.0642e-06
P30,30.00,45.00,30.00,0.00,5.9202e-08,3.0386e-07,8.7312e-07,3.7651e-06,8.0983e-06,8.0868e-06,6.1421e-06,5.9080e-08,2.8072e-07,6.7337e-07,3.8057e-06,6.8495e-06,8.0140e-06,7.0645e-06
P30,0.00,180.00,30.00,0.00,5.6979e-08,3.2055e-07,9.2082e-07,3.9484e-06,8.4077e-06,8.3959e-06,6.4297e-06,5.6899e-08,2.9612e-07,7.0894e-07,3.9867e-06,7.1233e-06,8.3193e-06,7.3848e-06
P30,0.00,0.00,60.00,0.00,5.0302e-08,3.1969e-07,9.2012e-07,3.9477e-06,8.4073e-06,8.3954e-06,6.4295e-06,5.0274e-08,2.9526e-07,7.0822e-07,3.9859e-06,7.1227e-06,8.3189e-06,7.3845e-06
P30,30.00,90.00,30.00,0.00,5.9174e-08,3.0385e-07,8.7312e-07,3.7651e-06,8.0983e-06,8.0868e-06,6.1421e-06,5.9052e-08,2.8071e-07,6.7337e-07,3.8057e-06,6.8495e-06,8.0140e-06,7.0645e-06
P30,60.00,180.00,0.00,0.00,7.0728e-08,2.4406e-07,6.9451e-07,2.9516e-06,6.6758e-06,6.6657e-06,5.0874e-06,7.0413e-08,2.2583e-07,5.4013e-07,2.9936e-06,5.5816e-06,6.6049e-06,5.7906e-06
P30,60.00,135.00,30.00,0.00,6.8419e-08,2.4376e-07,6.9427e-07,2.9514e-06,6.6756e-06,6.6655e-06,5.0873e-06,6.8122e-08,2.2554e-07,5.3987e-07,2.9934e-06,5.5814e-06,6.6047e-06,5.7905e-06
P31,0.00,45.00,30.00,0.00,6.1481e-08,4.0798e-07,1.1472e-06,3.9029e-06,8.2637e-06,8.2528e-06,6.4326e-06,6.1342e-08,3.7808e-07,9.1333e-07,3.9441e-06,7.0843e-06,8.1848e-06,7.3275e-06
P31,30.00,135.00,0.00,0.00,6.6302e-08,3.8102e-07,1.0909e-06,3.7215e-06,7.9521e-06,7.9416e-06,6.1435e-06,6.6093e-08,3.5239e-07,8.6574e-07,3.7644e-06,6.8102e-06,7.8770e-06,7.0085e-06
P31,60.00,45.00,60.00,0.00,6.2116e-08,2.7905e-07,8.5580e-07,2.9184e-06,6.5419e-06,6.5327e-06,5.0821e-06,6.1839e-08,2.5610e-07,6.7040e-07,2.9601e-06,5.5450e-06,6.4781e-06,5.7445e-06
P31,0.00,0.00,30.00,0.00,6.1481e-08,4.0798e-07,1.1472e-06,3.9029e-06,8.2637e-06,8.2528e-06,6.4326e-06,6.1342e-08,3.7808e-07,9.1333e-07,3.9441e-06,7.0843e-06,8.1848e-06,7.3275e-06
P31,0.00,180.00,60.00,0.00,5.2568e-08,4.0724e-07,1.1466e-06,3.9020e-06,8.2634e-06,8.2525e-06,6.4324e-06,5.2515e-08,3.7733e-07,9.1271e-07,3.9432e-06,7.0839e-06,8.1844e-06,7.3273e-06
P31,60.00,45.00,30.00,0.00,7.3579e-08,2.8015e-07,8.5676e-07,2.9196e-06,6.5424e-06,6.5332e-06,5.0824e-06,7.3202e-08,2.5719e-07,6.7138e-07,2.9613e-06,5.5456e-06,6.4786e-06,5.7448e-06
P31,60.00,0.00,30.00,0.00,7.3630e-08,2.8015e-07,8.5677e-07,2.9196e-06,6.5424e-06,6.5332e-06,5.0824e-06,7.3253e-08,2.5720e-07,6.7138e-07,2.9614e-06,5.5456e-06,6.4786e-06,5.7448e-06
P31,0.00,135.00,60.00,0.00,5.2568e-08,4.0724e-07,1.1466e-06,3.9020e-06,8.2634e-06,8.2525e-06,6.4324e-06,5.2515e-08,3.7733e-07,9.1271e-07,3.9432e-06,7.0839e-06,8.1844e-06,7.3273e-06
P31,60.00,45.00,0.00,0.00,7.6323e-08,2.8037e-07,8.5695e-07,2.9199e-06,6.5425e-06,6.5333e-06,5.0824e-06,7.5921e-08,2.5741e-07,6.7157e-07,2.9616e-06,5.5458e-06,6.4787e-06,5.7449e-06
P31,0.00,90.00,30.00,0.00,6.1481e-08,4.0798e-07,1.1472e-06,3.9029e-06,8.2637e-06,8.2528e-06,6.4326e-06,6.1342e-08,3.7808e-07,9.1333e-07,3.9441e-06,7.0843e-06,8.1848e-06,7.3275e-06
P31,0.00,90.00,0.00,0.00,6.3730e-08,4.0814e-07,1.1473e-06,3.9031e-06,8.2638e-06,8.2529e-06,6.4326e-06,6.3566e-08,3.7823e-07,9.1347e-07,3.9444e-06,7.0844e-06,8.1848e-06,7.3276e-06
P31,60.00,90.00,0.00,0.00,7.6323e-08,2.8037e-07,8.5695e-07,2.9199e-06,6.5425e-06,6.5333e-06,5.0824e-06,7.5921e-08,2.5741e-07,6.7157e-07,2.9616e-06,5.5458e-06,6.4787e-06,5.7449e-06
P31,30.00,90.00,0.00,0.00,6.6302e-08,3.8102e-07,1.0909e-06,3.7215e-06,7.9521e-06,7.9416e-06,6.1435e-06,6.6093e-08,3.5239e-07,8.6574e-07,3.7644e-06,6.8102e-06,7.8770e-06,7.0085e-06
P31,0.00,180.00,30.00,0.00,6.1481e-08,4.0798e-07,1.1472e-06,3.9029e-06,8.2637e-06,8.2528e-06,6.4326e-06,6.1342e-08,3.7808e-07,9.1333e-07,3.9441e-06,7.0843e-06,8.1848e-06,7.3275e-06
P31,60.00,90.00,30.00,0.00,7.3454e-08,2.8013e-07,8.5674e-07,2.9196e-06,6.5424e-06,6.5332e-06,5.0824e-06,7.3078e-08,2.5717e-07,6.7136e-07,2.9613e-06,5.5456e-06,6.4786e-06,5.7448e-06
P31,0.00,135.00,30.00,0.00,6.1481e-08,4.0798e-07,1.1472e-06,3.9029e-06,8.2637e-06,8.2528e-06,6.4326e-06,6.1342e-08,3.7808e-07,9.1333e-07,3.9441e-06,7.0843e-06,8.1848e-06,7.3275e-06
P31,30.00,45.00,60.00,0.00,5.4427e-08,3.8003e-07,1.0901e-06,3.7203e-06,7.9517e-06,7.9411e-06,6.1432e-06,5.4330e-08,3.5141e-07,8.6491e-07,3.7632e-06,6.8096e-06,7.8766e-06,7.0082e-06
P31,30.00,180.00,60.00,0.00,5.4135e-08,3.8000e-07,1.0901e-06,3.7203e-06,7.9517e-06,7.9411e-06,6.1432e-06,5.4040e-08,3.5137e-07,8.6488e-07,3.7631e-06,6.8096e-06,7.8765e-06,7.0082e-06
P31,60.00,180.00,60.00,0.00,6.1010e-08,2.7889e-07,8.5567e-07,2.9182e-06,6.5418e-06,6.5326e-06,5.0820e-06,6.0739e-08,2.5594e-07,6.7027e-07,2.9599e-06,5.5449e-06,6.4780e-06,5.7444e-06
P31,30.00,0.00,0.00,0.00,6.6302e-08,3.8102e-07,1.0909e-06,3.7215e-06,7.9521e-06,7.9416e-06,6.1435e-06,6.6093e-08,3.5239e-07,8.6574e-07,3.7644e-06,6.8102e-06,7.8770e-06,7.0085e-06
P31,60.00,135.00,60.00,0.00,6.1206e-08,2.7892e-07,8.5569e-07,2.9183e-06,6.5418e-06,6.5326e-06,5.0820e-06,6.0935e-08,2.5597e-07,6.7029e-07,2.9599e-06,5.5449e-06,6.4780e-06,5.7445e-06
P31,60.00,135.00,0.00,0.00,7.6323e-08,2.8037e-07,8.5695e-07,2.9199e-06,6.5425e-06,6.5333e-06,5.0824e-06,7.5921e-08,2.5741e-07,6.7157e-07,2.9616e-06,5.5458e-06,6.4787e-06,5.7449e-06
P31,0.00,0.00,60.00,0.00,5.2568e-08,4.0724e-07,1.1466e-06,3.9020e-06,8.2634e-06,8.2525e-06,6.4324e-06,5.2515e-08,3.7733e-07,9.1271e-07,3.9432e-06,7.0839e-06,8.1844e-06,7.3273e-06
P31,30.00,45.00,0.00,0.00,6.6302e-08,3.8102e-07,1.0909e-06,3.7215e-06,7.9521e-06,7.9416e-06,6.1435e-06,6.6093e-08,3.5239e-07,8.6574e-07,3.7644e-06,6.8102e-06,7.8770e-06,7.0085e-06
P31,30.00,135.00,30.00,0.00,6.3865e-08,3.8084e-07,1.0908e-06,3.7213e-06,7.9520e-06,7.9415e-06,6.1434e-06,6.3681e-08,3.5221e-07,8.6560e-07,3.7642e-06,6.8101e-06,7.8769e-06,7.0084e-06
P31,30.00,90.00,60.00,0.00,5.4307e-08,3.8002e-07,1.0901e-06,3.7203e-06,7.9517e-06,7.9411e-06,6.1432e-06,5.4210e-08,3.5139e-07,8.6489e-07,3.7632e-06,6.8096e-06,7.8766e-06,7.0082e-06
P31,60.00,180.00,0.00,0.00,7.6323e-08,2.8037e-07,8.5695e-07,2.9199e-06,6.5425e-06,6.5333e-06,5.0824e-06,7.5921e-08,2.5741e-07,6.7157e-07,2.9616e-06,5.5458e-06,6.4787e-06,5.7449e-06
P31,30.00,0.00,30.00,0.00,6.3950e-08,3.8085e-07,1.0908e-06,3.7213e-06,7.9520e-06,7.9415e-06,6.1434e-06,6.3765e-08,3.5222e-07,8.6560e-07,3.7642e-06,6.8101e-06,7.8769e-06,7.0085e-06
P31,0.00,135.00,0.00,0.00,6.3730e-08,4.0814e-07,1.1473e-06,3.9031e-06,8.2638e-06,8.2529e-06,6.4326e-06,6.3566e-08,3.7823e-07,9.1347e-07,3.9444e-06,7.0844e-06,8.1848e-06,7.3276e-06
P31,0.00,180.00,0.00,0.00,6.3730e-08,4.0814e-07,1.1473e-06,3.9031e-06,8.2638e-06,8.2529e-06,6.4326e-06,6.3566e-08,3.7823e-07,9.1347e-07,3.9444e-06,7.0844e-06,8.1848e-06,7.3276e-06
P31,60.00,135.00,30.00,0.00,7.3328e-08,2.8011e-07,8.5673e-07,2.9196e-06,6.5424e-06,6.5332e-06,5.0824e-06,7.2953e-08,2.5716e-07,6.7135e-07,2.9613e-06,5.5456e-06,6.4786e-06,5.7448e-06
P31,60.00,0.00,60.00,0.00,6.2297e-08,2.7908e-07,8.5582e-07,2.9184e-06,6.5419e-06,6.5327e-06,5.0821e-06,6.2019e-08,2.5613e-07,6.7042e-07,2.9601e-06,5.5450e-06,6.4781e-06,5.7445e-06
P31,30.00,180.00,30.00,0.00,6.3850e-08,3.8084e-07,1.0908e-06,3.7213e-06,7.9520e-06,7.9415e-06,6.1434e-06,6.3666e-08,3.5221e-07,8.6559e-07,3.7642e-06,6.8101e-06,7.8769e-06,7.0084e-06
P31,0.00,45.00,0.00,0.00,6.3730e-08,4.0814e-07,1.1473e-06,3.9031e-06,8.2638e-06,8.2529e-06,6.4326e-06,6.3566e-08,3.7823e-07,9.1347e-07,3.9444e-06,7.0844e-06,8.1848e-06,7.3276e-06
P31,30.00,0.00,60.00,0.00,5.4476e-08,3.8004e-07,1.0901e-06,3.7203e-06,7.9517e-06,7.9411e-06,6.1432e-06,5.4379e-08,3.5141e-07,8.6491e-07,3.7632e-06,6.8096e-06,7.8766e-06,7.0082e-06
P31,60.00,90.00,60.00,0.00,6.1669e-08,2.7899e-07,8.5575e-07,2.9183e-06,6.5419e-06,6.5327e-06,5.0821e-06,6.1394e-08,2.5603e-07,6.7035e-07,2.9600e-06,5.5449e-06,6.4781e-06,5.7445e-06
P31,30.00,90.00,30.00,0.00,6.3900e-08,3.8084e-07,1.0908e-06,3.7213e-06,7.9520e-06,7.9415e-06,6.1434e-06,6.3716e-08,3.5221e-07,8.6560e-07,3.7642e-06,6.8101e-06,7.8769e-06,7.0085e-06
P31,60.00,0.00,0.00,0.00,7.6323e-08,2.8037e-07,8.5695e-07,2.9199e-06,6.5425e-06,6.5333e-06,5.0824e-06,7.5921e-08,2.5741e-07,6.7157e-07,2.9616e-06,5.5458e-06,6.4787e-06,5.7449e-06
P31,30.00,45.00,30.00,0.00,6.3936e-08,3.8085e-07,1.0908e-06,3.7213e-06,7.9520e-06,7.9415e-06,6.1434e-06,6.3751e-08,3.5222e-07,8.6560e-07,3.7642e-06,6.8101e-06,7.8769e-06,7.0085e-06
P31,0.00,90.00,60.00,0.00,5.2568e-08,4.0724e-07,1.1466e-06,3.9020e-06,8.2634e-06,8.2525e-06,6.4324e-06,5.2515e-08,3.7733e-07,9.1271e-07,3.9432e-06,7.0839e-06,8.1844e-06,7.3273e-06
P31,0.00,0.00,0.00,0.00,6.3730e-08,4.0814e-07,1.1473e-06,3.9031e-06,8.2638e-06,8.2529e-06,6.4326e-06,6.3566e-08,3.7823e-07,9.1347e-07,3.9444e-06,7.0844e-06,8.1848e-06,7.3276e-06
P31,60.00,180.00,30.00,0.00,7.3276e-08,2.8011e-07,8.5672e-07,2.9196e-06,6.5424e-06,6.5332e-06,5.0824e-06,7.2901e-08,2.5715e-07,6.7134e-07,2.9613e-06,5.5456e-06,6.4786e-06,5.7448e-06
P31,30.00,180.00,0.00,0.00,6.6302e-08,3.8102e-07,1.0909e-06,3.7215e-06,7.9521e-06,7.9416e-06,6.1435e-06,6.6093e-08,3.5239e-07,8.6574e-07,3.7644e-06,6.8102e-06,7.8770e-06,7.0085e-06
P31,30.00,135.00,60.00,0.00,5.4186e-08,3.8000e-07,1.0901e-06,3.7203e-06,7.9517e-06,7.9411e-06,6.1432e-06,5.4090e-08,3.5138e-07,8.6489e-07,3.7631e-06,6.8096e-06,7.8766e-06,7.0082e-06
P31,0.00,45.00,60.00,0.00,5.2568e-08,4.0724e-07,1.1466e-06,3.9020e-06,8.2634e-06,8.2525e-06,6.4324e-06,5.2515e-08,3.7733e-07,9.1271e-07,3.9432e-06,7.0839e-06,8.1844e-06,7.3273e-06
P32,60.00,180.00,30.00,0.00,7.4885e-08,2.0764e-07,7.0081e-07,2.6899e-06,6.0712e-06,6.0621e-06,4.7956e-06,7.4479e-08,1.8860e-07,5.1613e-07,2.7175e-06,5.0873e-06,6.0025e-06,5.4486e-06
P32,0.00,0.00,0.00,0.00,6.6097e-08,3.0949e-07,1.0179e-06,3.7444e-06,7.9381e-06,7.9273e-06,6.2979e-06,6.5864e-08,2.8179e-07,7.5798e-07,3.7699e-06,6.7575e-06,7.8543e-06,7.1694e-06
P32,30.00,135.00,30.00,0.00,6.5701e-08,2.8581e-07,9.5097e-07,3.5460e-06,7.5940e-06,7.5835e-06,5.9791e-06,6.5463e-08,2.5990e-07,7.0500e-07,3.5732e-06,6.4529e-06,7.5139e-06,6.8228e-06
P32,0.00,90.00,60.00,0.00,5.2832e-08,3.0826e-07,1.0168e-06,3.7431e-06,7.9376e-06,7.9267e-06,6.2975e-06,5.2754e-08,2.8056e-07,7.5691e-07,3.7685e-06,6.7567e-06,7.8537e-06,7.1690e-06
P32,0.00,90.00,0.00,0.00,6.6097e-08,3.0949e-07,1.0179e-06,3.7444e-06,7.9381e-06,7.9273e-06,6.2979e-06,6.5864e-08,2.8179e-07,7.5798e-07,3.7699e-06,6.7575e-06,7.8543e-06,7.1694e-06
P32,60.00,45.00,0.00,0.00,7.8471e-08,2.0798e-07,7.0112e-07,2.6903e-06,6.0713e-06,6.0623e-06,4.7957e-06,7.8026e-08,1.8894e-07,5.1644e-07,2.7180e-06,5.0876e-06,6.0026e-06,5.4488e-06
P32,60.00,90.00,30.00,0.00,7.5078e-08,2.0767e-07,7.0084e-07,2.6899e-06,6.0712e-06,6.0621e-06,4.7956e-06,7.4669e-08,1.8862e-07,5.1616e-07,2.7176e-06,5.0873e-06,6.0025e-06,5.4486e-06
P32,0.00,0.00,60.00,0.00,5.2832e-08,3.0826e-07,1.0168e-06,3.7431e-06,7.9376e-06,7.9267e-06,6.2975e-06,5.2754e-08,2.8056e-07,7.5691e-07,3.7685e-06,6.7567e-06,7.8537e-06,7.1690e-06
P32,60.00,0.00,0.00,0.00,7.8471e-08,2.0798e-07,7.0112e-07,2.6903e-06,6.0713e-06,6.0623e-06,4.7957e-06,7.8026e-08,1.8894e-07,5.1644e-07,2.7180e-06,5.0876e-06,6.0026e-06,5.4488e-06
P32,0.00,180.00,60.00,0.00,5.2832e-08,3.0826e-07,1.0168e-06,3.7431e-06,7.9376e-06,7.9267e-06,6.2975e-06,5.2754e-08,2.8056e-07,7.5691e-07,3.7685e-06,6.7567e-06,7.8537e-06,7.1690e-06
P32,60.00,0.00,30.00,0.00,7.5267e-08,2.0769e-07,7.0086e-07,2.6899e-06,6.0712e-06,6.0622e-06,4.7957e-06,7.4857e-08,1.8865e-07,5.1618e-07,2.7176e-06,5.0874e-06,6.0025e-06,5.4487e-06
P32,60.00,0.00,60.00,0.00,6.2388e-08,2.0632e-07,6.9958e-07,2.6884e-06,6.0705e-06,6.0615e-06,4.7953e-06,6.2103e-08,1.8728e-07,5.1490e-07,2.7160e-06,5.0865e-06,6.0018e-06,5.4482e-06
P32,30.00,180.00,60.00,0.00,5.4357e-08,2.8469e-07,9.4999e-07,3.5448e-06,7.5935e-06,7.5830e-06,5.9788e-06,5.4240e-08,2.5878e-07,7.0400e-07,3.5719e-06,6.4522e-06,7.5134e-06,6.8224e-06
P32,30.00,135.00,0.00,0.00,6.8685e-08,2.8605e-07,9.5118e-07,3.5463e-06,7.5941e-06,7.5836e-06,5.9792e-06,6.8409e-08,2.6015e-07,7.0521e-07,3.5735e-06,6.4530e-06,7.5140e-06,6.8228e-06
P32,30.00,135.00,60.00,0.00,5.4412e-08,2.8469e-07,9.4999e-07,3.5448e-06,7.5935e-06,7.5830e-06,5.9788e-06,5.4294e-08,2.5879e-07,7.0401e-07,3.5719e-06,6.4522e-06,7.5134e-06,6.8224e-06
P32,0.00,90.00,30.00,0.00,6.3316e-08,3.0927e-07,1.0177e-06,3.7442e-06,7.9380e-06,7.9272e-06,6.2978e-06,6.3120e-08,2.8157e-07,7.5779e-07,3.7696e-06,6.7573e-06,7.8542e-06,7.1693e-06
P32,60.00,135.00,0.00,0.00,7.8471e-08,2.0798e-07,7.0112e-07,2.6903e-06,6.0713e-06,6.0623e-06,4.7957e-06,7.8026e-08,1.8894e-07,5.1644e-07,2.7180e-06,5.0876e-06,6.0026e-06,5.4488e-06
P32,30.00,180.00,30.00,0.00,6.5685e-08,2.8581e-07,9.5097e-07,3.5460e-06,7.5940e-06,7.5835e-06,5.9791e-06,6.5447e-08,2.5990e-07,7.0500e-07,3.5732e-06,6.4529e-06,7.5139e-06,6.8228e-06
P32,30.00,45.00,30.00,0.00,6.5782e-08,2.8582e-07,9.5098e-07,3.5460e-06,7.5940e-06,7.5835e-06,5.9791e-06,6.5542e-08,2.5991e-07,7.0501e-07,3.5732e-06,6.4529e-06,7.5139e-06,6.8228e-06
P32,60.00,135.00,60.00,0.00,6.1248e-08,2.0613e-07,6.9941e-07,2.6882e-06,6.0705e-06,6.0614e-06,4.7952e-06,6.0971e-08,1.8709e-07,5.1473e-07,2.7159e-06,5.0864e-06,6.0017e-06,5.4481e-06
P32,0.00,135.00,0.00,0.00,6.6097e-08,3.0949e-07,1.0179e-06,3.7444e-06,7.9381e-06,7.9273e-06,6.2979e-06,6.5864e-08,2.8179e-07,7.5798e-07,3.7699e-06,6.7575e-06,7.8543e-06,7.1694e-06
P32,0.00,0.00,30.00,0.00,6.3316e-08,3.0927e-07,1.0177e-06,3.7442e-06,7.9380e-06,7.9272e-06,6.2978e-06,6.3120e-08,2.8157e-07,7.5779e-07,3.7696e-06,6.7573e-06,7.8542e-06,7.1693e-06
P32,30.00,0.00,60.00,0.00,5.4725e-08,2.8474e-07,9.5003e-07,3.5448e-06,7.5935e-06,7.5830e-06,5.9788e-06,5.4604e-08,2.5884e-07,7.0405e-07,3.5719e-06,6.4522e-06,7.5134e-06,6.8224e-06
P32,30.00,90.00,0.00,0.00,6.8685e-08,2.8605e-07,9.5118e-07,3.5463e-06,7.5941e-06,7.5836e-06,5.9792e-06,6.8409e-08,2.6015e-07,7.0521e-07,3.5735e-06,6.4530e-06,7.5140e-06,6.8228e-06
P32,60.00,45.00,60.00,0.00,6.2198e-08,2.0629e-07,6.9955e-07,2.6884e-06,6.0705e-06,6.0615e-06,4.7953e-06,6.1915e-08,1.8725e-07,5.1487e-07,2.7160e-06,5.0865e-06,6.0018e-06,5.4482e-06
P32,0.00,135.00,30.00,0.00,6.3316e-08,3.0927e-07,1.0177e-06,3.7442e-06,7.9380e-06,7.9272e-06,6.2978e-06,6.3120e-08,2.8157e-07,7.5779e-07,3.7696e-06,6.7573e-06,7.8542e-06,7.1693e-06
P32,0.00,45.00,60.00,0.00,5.2832e-08,3.0826e-07,1.0168e-06,3.7431e-06,7.9376e-06,7.9267e-06,6.2975e-06,5.2754e-08,2.8056e-07,7.5691e-07,3.7685e-06,6.7567e-06,7.8537e-06,7.1690e-06
P32,0.00,135.00,60.00,0.00,5.2832e-08,3.0826e-07,1.0168e-06,3.7431e-06,7.9376e-06,7.9267e-06,6.2975e-06,5.2754e-08,2.8056e-07,7.5691e-07,3.7685e-06,6.7567e-06,7.8537e-06,7.1690e-06
P32,30.00,0.00,0.00,0.00,6.8685e-08,2.8605e-07,9.5118e-07,3.5463e-06,7.5941e-06,7.5836e-06,5.9792e-06,6.8409e-08,2.6015e-07,7.0521e-07,3.5735e-06,6.4530e-06,7.5140e-06,6.8228e-06
P32,0.00,45.00,0.00,0.00,6.6097e-08,3.0949e-07,1.0179e-06,3.7444e-06,7.9381e-06,7.9273e-06,6.2979e-06,6.5864e-08,2.8179e-07,7.5798e-07,3.7699e-06,6.7575e-06,7.8543e-06,7.1694e-06
P32,60.00,90.00,0.00,0.00,7.8471e-08,2.0798e-07,7.0112e-07,2.6903e-06,6.0713e-06,6.0623e-06,4.7957e-06,7.8026e-08,1.8894e-07,5.1644e-07,2.7180e-06,5.0876e-06,6.0026e-06,5.4488e-06
P32,30.00,90.00,30.00,0.00,6.5741e-08,2.8581e-07,9.5098e-07,3.5460e-06,7.5940e-06,7.5835e-06,5.9791e-06,6.5503e-08,2.5991e-07,7.0500e-07,3.5732e-06,6.4529e-06,7.5139e-06,6.8228e-06
P32,60.00,180.00,0.00,0.00,7.8471e-08,2.0798e-07,7.0112e-07,2.6903e-06,6.0713e-06,6.0623e-06,4.7957e-06,7.8026e-08,1.8894e-07,5.1644e-07,2.7180e-06,5.0876e-06,6.0026e-06,5.4488e-06
P32,30.00,45.00,60.00,0.00,5.4671e-08,2.8473e-07,9.5003e-07,3.5448e-06,7.5935e-06,7.5830e-06,5.9788e-06,5.4551e-08,2.5883e-07,7.0404e-07,3.5719e-06,6.4522e-06,7.5134e-06,6.8224e-06
P32,0.00,180.00,0.00,0.00,6.6097e-08,3.0949e-07,1.0179e-06,3.7444e-06,7.9381e-06,7.9273e-06,6.2979e-06,6.5864e-08,2.8179e-07,7.5798e-07,3.7699e-06,6.7575e-06,7.8543e-06,7.1694e-06
P32,30.00,180.00,0.00,0.00,6.8685e-08,2.8605e-07,9.5118e-07,3.5463e-06,7.5941e-06,7.5836e-06,5.9792e-06,6.8409e-08,2.6015e-07,7.0521e-07,3.5735e-06,6.4530e-06,7.5140e-06,6.8228e-06
P32,60.00,180.00,60.00,0.00,6.1043e-08,2.0610e-07,6.9938e-07,2.6882e-06,6.0704e-06,6.0614e-06,4.7952e-06,6.0767e-08,1.8706e-07,5.1470e-07,2.7158e-06,5.0864e-06,6.0017e-06,5.4481e-06
P32,60.00,135.00,30.00,0.00,7.4942e-08,2.0765e-07,7.0082e-07,2.6899e-06,6.0712e-06,6.0621e-06,4.7956e-06,7.4535e-08,1.8860e-07,5.1614e-07,2.7175e-06,5.0873e-06,6.0025e-06,5.4486e-06
P32,60.00,45.00,30.00,0.00,7.5212e-08,2.0769e-07,7.0086e-07,2.6899e-06,6.0712e-06,6.0621e-06,4.7956e-06,7.4802e-08,1.8864e-07,5.1618e-07,2.7176e-06,5.0874e-06,6.0025e-06,5.4487e-06
P32,60.00,90.00,60.00,0.00,6.1731e-08,2.0621e-07,6.9948e-07,2.6883e-06,6.0705e-06,6.0614e-06,4.7952e-06,6.1451e-08,1.8718e-07,5.1480e-07,2.7159e-06,5.0864e-06,6.0018e-06,5.4482e-06
P32,30.00,45.00,0.00,0.00,6.8685e-08,2.8605e-07,9.5118e-07,3.5463e-06,7.5941e-06,7.5836e-06,5.9792e-06,6.8409e-08,2.6015e-07,7.0521e-07,3.5735e-06,6.4530e-06,7.5140e-06,6.8228e-06
P32,0.00,45.00,30.00,0.00,6.3316e-08,3.0927e-07,1.0177e-06,3.7442e-06,7.9380e-06,7.9272e-06,6.2978e-06,6.3120e-08,2.8157e-07,7.5779e-07,3.7696e-06,6.7573e-06,7.8542e-06,7.1693e-06
P32,0.00,180.00,30.00,0.00,6.3316e-08,3.0927e-07,1.0177e-06,3.7442e-06,7.9380e-06,7.9272e-06,6.2978e-06,6.3120e-08,2.8157e-07,7.5779e-07,3.7696e-06,6.7573e-06,7.8542e-06,7.1693e-06
P32,30.00,90.00,60.00,0.00,5.4542e-08,2.8471e-07,9.5001e-07,3.5448e-06,7.5935e-06,7.5830e-06,5.9788e-06,5.4423e-08,2.5881e-07,7.0403e-07,3.5719e-06,6.4522e-06,7.5134e-06,6.8224e-06
P32,30.00,0.00,30.00,0.00,6.5798e-08,2.8582e-07,9.5099e-07,3.5460e-06,7.5940e-06,7.5835e-06,5.9791e-06,6.5559e-08,2.5992e-07,7.0501e-07,3.5732e-06,6.4529e-06,7.5139e-06,6.8228e-06
P33,0.00,180.00,30.00,0.00,5.5480e-08,2.8056e-07,8.3334e-07,3.9892e-06,8.3218e-06,8.3114e-06,6.7946e-06,5.5654e-08,2.5817e-07,6.2798e-07,4.0244e-06,7.1916e-06,8.2471e-06,7.5887e-06
P33,0.00,45.00,60.00,0.00,4.9207e-08,2.7988e-07,8.3277e-07,3.9885e-06,8.3215e-06,8.3111e-06,6.7944e-06,4.9385e-08,2.5749e-07,6.2740e-07,4.0237e-06,7.1912e-06,8.2468e-06,7.5885e-06
P33,60.00,45.00,0.00,0.00,6.8150e-08,2.3116e-07,6.4980e-07,3.0892e-06,6.7479e-06,6.7390e-06,5.4937e-06,6.8127e-08,2.1412e-07,5.0016e-07,3.1272e-06,5.7818e-06,6.6856e-06,6.1087e-06
P33,30.00,90.00,30.00,0.00,5.7548e-08,2.6913e-07,7.9331e-07,3.8229e-06,8.0335e-06,8.0234e-06,6.5178e-06,5.7690e-08,2.4789e-07,5.9961e-07,3.8601e-06,6.9383e-06,7.9622e-06,7.2907e-06
P33,30.00,0.00,0.00,0.00,5.9110e-08,2.6929e-07,7.9344e-07,3.8231e-06,8.0336e-06,8.0235e-06,6.5179e-06,5.9250e-08,2.4805e-07,5.9975e-07,3.8603e-06,6.9384e-06,7.9622e-06,7.2907e-06
P33,0.00,90.00,30.00,0.00,5.5480e-08,2.8056e-07,8.3334e-07,3.9892e-06,8.3218e-06,8.3114e-06,6.7946e-06,5.5654e-08,2.5817e-07,6.2798e-07,4.0244e-06,7.1916e-06,8.2471e-06,7.5887e-06
P33,0.00,135.00,0.00,0.00,5.6924e-08,2.8071e-07,8.3347e-07,3.9894e-06,8.3218e-06,8.3114e-06,6.7946e-06,5.7097e-08,2.5832e-07,6.2810e-07,4.0246e-06,7.1917e-06,8.2472e-06,7.5887e-06
P33,30.00,0.00,30.00,0.00,5.7586e-08,2.6914e-07,7.9331e-07,3.8229e-06,8.0335e-06,8.0234e-06,6.5178e-06,5.7728e-08,2.4790e-07,5.9962e-07,3.8601e-06,6.9383e-06,7.9622e-06,7.2907e-06
P33,0.00,0.00,30.00,0.00,5.5480e-08,2.8056e-07,8.3334e-07,3.9892e-06,8.3218e-06,8.3114e-06,6.7946e-06,5.5654e-08,2.5817e-07,6.2798e-07,4.0244e-06,7.1916e-06,8.2471e-06,7.5887e-06
P33,60.00,0.00,60.00,0.00,5.8072e-08,2.3001e-07,6.4875e-07,3.0881e-06,6.7474e-06,6.7385e-06,5.4934e-06,5.8066e-08,2.1297e-07,4.9913e-07,3.1260e-06,5.7811e-06,6.6851e-06,6.1083e-06
P33,60.00,135.00,30.00,0.00,6.6101e-08,2.3093e-07,6.4960e-07,3.0890e-06,6.7478e-06,6.7389e-06,5.4937e-06,6.6081e-08,2.1388e-07,4.9996e-07,3.1270e-06,5.7817e-06,6.6855e-06,6.1086e-06
P33,30.00,180.00,30.00,0.00,5.7510e-08,2.6913e-07,7.9331e-07,3.8229e-06,8.0335e-06,8.0234e-06,6.5178e-06,5.7652e-08,2.4788e-07,5.9961e-07,3.8601e-06,6.9383e-06,7.9622e-06,7.2907e-06
P33,60.00,180.00,30.00,0.00,6.6059e-08,2.3092e-07,6.4959e-07,3.0890e-06,6.7478e-06,6.7389e-06,5.4937e-06,6.6039e-08,2.1388e-07,4.9995e-07,3.1270e-06,5.7817e-06,6.6855e-06,6.1086e-06
P33,30.00,45.00,30.00,0.00,5.7575e-08,2.6914e-07,7.9331e-07,3.8229e-06,8.0335e-06,8.0234e-06,6.5178e-06,5.7717e-08,2.4789e-07,5.9961e-07,3.8601e-06,6.9383e-06,7.9622e-06,7.2907e-06
P33,30.00,180.00,0.00,0.00,5.9110e-08,2.6929e-07,7.9344e-07,3.8231e-06,8.0336e-06,8.0235e-06,6.5179e-06,5.9250e-08,2.4805e-07,5.9975e-07,3.8603e-06,6.9384e-06,7.9622e-06,7.2907e-06
P33,0.00,180.00,0.00,0.00,5.6924e-08,2.8071e-07,8.3347e-07,3.9894e-06,8.3218e-06,8.3114e-06,6.7946e-06,5.7097e-08,2.5832e-07,6.2810e-07,4.0246e-06,7.1917e-06,8.2472e-06,7.5887e-06
P33,30.00,135.00,60.00,0.00,5.0632e-08,2.6836e-07,7.9265e-07,3.8222e-06,8.0332e-06,8.0231e-06,6.5176e-06,5.0780e-08,2.4712e-07,5.9895e-07,3.8593e-06,6.9378e-06,7.9618e-06,7.2904e-06
P33,60.00,135.00,0.00,0.00,6.8150e-08,2.3116e-07,6.4980e-07,3.0892e-06,6.7479e-06,6.7390e-06,5.4937e-06,6.8127e-08,2.1412e-07,5.0016e-07,3.1272e-06,5.7818e-06,6.6856e-06,6.1087e-06
P33,0.00,90.00,60.00,0.00,4.9207e-08,2.7988e-07,8.3277e-07,3.9885e-06,8.3215e-06,8.3111e-06,6.7944e-06,4.9385e-08,2.5749e-07,6.2740e-07,4.0237e-06,7.1912e-06,8.2468e-06,7.5885e-06
P33,60.00,45.00,60.00,0.00,5.7919e-08,2.2998e-07,6.4873e-07,3.0881e-06,6.7474e-06,6.7385e-06,5.4934e-06,5.7912e-08,2.1294e-07,4.9910e-07,3.1260e-06,5.7811e-06,6.6851e-06,6.1083e-06
P33,60.00,180.00,60.00,0.00,5.6979e-08,2.2983e-07,6.4860e-07,3.0879e-06,6.7473e-06,6.7384e-06,5.4934e-06,5.6974e-08,2.1279e-07,4.9897e-07,3.1259e-06,5.7811e-06,6.6851e-06,6.1083e-06
P33,30.00,135.00,0.00,0.00,5.9110e-08,2.6929e-07,7.9344e-07,3.8231e-06,8.0336e-06,8.0235e-06,6.5179e-06,5.9250e-08,2.4805e-07,5.9975e-07,3.8603e-06,6.9384e-06,7.9622e-06,7.2907e-06
P33,30.00,45.00,60.00,0.00,5.0830e-08,2.6839e-07,7.9268e-07,3.8222e-06,8.0332e-06,8.0231e-06,6.5176e-06,5.0977e-08,2.4715e-07,5.9898e-07,3.8593e-06,6.9378e-06,7.9619e-06,7.2904e-06
P33,0.00,0.00,60.00,0.00,4.9207e-08,2.7988e-07,8.3277e-07,3.9885e-06,8.3215e-06,8.3111e-06,6.7944e-06,4.9385e-08,2.5749e-07,6.2740e-07,4.0237e-06,7.1912e-06,8.2468e-06,7.5885e-06
P33,0.00,135.00,30.00,0.00,5.5480e-08,2.8056e-07,8.3334e-07,3.9892e-06,8.3218e-06,8.3114e-06,6.7946e-06,5.5654e-08,2.5817e-07,6.2798e-07,4.0244e-06,7.1916e-06,8.2471e-06,7.5887e-06
P33,30.00,180.00,60.00,0.00,5.0591e-08,2.6836e-07,7.9265e-07,3.8222e-06,8.0332e-06,8.0231e-06,6.5176e-06,5.0738e-08,2.4712e-07,5.9895e-07,3.8593e-06,6.9378e-06,7.9618e-06,7.2904e-06
P33,60.00,45.00,30.00,0.00,6.6305e-08,2.3096e-07,6.4962e-07,3.0890e-06,6.7478e-06,6.7389e-06,5.4937e-06,6.6285e-08,2.1392e-07,4.9998e-07,3.1270e-06,5.7817e-06,6.6855e-06,6.1086e-06
P33,60.00,180.00,0.00,0.00,6.8150e-08,2.3116e-07,6.4980e-07,3.0892e-06,6.7479e-06,6.7390e-06,5.4937e-06,6.8127e-08,2.1412e-07,5.0016e-07,3.1272e-06,5.7818e-06,6.6856e-06,6.1087e-06
P33,30.00,135.00,30.00,0.00,5.7521e-08,2.6913e-07,7.9331e-07,3.8229e-06,8.0335e-06,8.0234e-06,6.5178e-06,5.7663e-08,2.4789e-07,5.9961e-07,3.8601e-06,6.9383e-06,7.9622e-06,7.2907e-06
P33,30.00,90.00,60.00,0.00,5.0732e-08,2.6838e-07,7.9267e-07,3.8222e-06,8.0332e-06,8.0231e-06,6.5176e-06,5.0879e-08,2.4714e-07,5.9897e-07,3.8593e-06,6.9378e-06,7.9619e-06,7.2904e-06
P33,60.00,90.00,60.00,0.00,5.7539e-08,2.2992e-07,6.4868e-07,3.0880e-06,6.7474e-06,6.7384e-06,5.4934e-06,5.7533e-08,2.1288e-07,4.9905e-07,3.1260e-06,5.7811e-06,6.6851e-06,6.1083e-06
P33,60.00,0.00,30.00,0.00,6.6347e-08,2.3096e-07,6.4963e-07,3.0890e-06,6.7478e-06,6.7389e-06,5.4937e-06,6.6327e-08,2.1392e-07,4.9999e-07,3.1270e-06,5.7817e-06,6.6855e-06,6.1086e-06
P33,0.00,90.00,0.00,0.00,5.6924e-08,2.8071e-07,8.3347e-07,3.9894e-06,8.3218e-06,8.3114e-06,6.7946e-06,5.7097e-08,2.5832e-07,6.2810e-07,4.0246e-06,7.1917e-06,8.2472e-06,7.5887e-06
P33,0.00,135.00,60.00,0.00,4.9207e-08,2.7988e-07,8.3277e-07,3.9885e-06,8.3215e-06,8.3111e-06,6.7944e-06,4.9385e-08,2.5749e-07,6.2740e-07,4.0237e-06,7.1912e-06,8.2468e-06,7.5885e-06
P33,60.00,0.00,0.00,0.00,6.8150e-08,2.3116e-07,6.4980e-07,3.0892e-06,6.7479e-06,6.7390e-06,5.4937e-06,6.8127e-08,2.1412e-07,5.0016e-07,3.1272e-06,5.7818e-06,6.6856e-06,6.1087e-06
P33,60.00,90.00,30.00,0.00,6.6204e-08,2.3094e-07,6.4961e-07,3.0890e-06,6.7478e-06,6.7389e-06,5.4937e-06,6.6184e-08,2.1390e-07,4.9997e-07,3.1270e-06,5.7817e-06,6.6855e-06,6.1086e-06
P33,60.00,135.00,60.00,0.00,5.7146e-08,2.2986e-07,6.4862e-07,3.0880e-06,6.7473e-06,6.7384e-06,5.4934e-06,5.7140e-08,2.1282e-07,4.9899e-07,3.1259e-06,5.7811e-06,6.6851e-06,6.1083e-06
P33,0.00,45.00,30.00,0.00,5.5480e-08,2.8056e-07,8.3334e-07,3.9892e-06,8.3218e-06,8.3114e-06,6.7946e-06,5.5654e-08,2.5817e-07,6.2798e-07,4.0244e-06,7.1916e-06,8.2471e-06,7.5887e-06
P33,0.00,180.00,60.00,0.00,4.9207e-08,2.7988e-07,8.3277e-07,3.9885e-06,8.3215e-06,8.3111e-06,6.7944e-06,4.9385e-08,2.5749e-07,6.2740e-07,4.0237e-06,7.1912e-06,8.2468e-06,7.5885e-06
P33,0.00,45.00,0.00,0.00,5.6924e-08,2.8071e-07,8.3347e-07,3.9894e-06,8.3218e-06,8.3114e-06,6.7946e-06,5.7097e-08,2.5832e-07,6.2810e-07,4.0246e-06,7.1917e-06,8.2472e-06,7.5887e-06
P33,0.00,0.00,0.00,0.00,5.6924e-08,2.8071e-07,8.3347e-07,3.9894e-06,8.3218e-06,8.3114e-06,6.7946e-06,5.7097e-08,2.5832e-07,6.2810e-07,4.0246e-06,7.1917e-06,8.2472e-06,7.5887e-06
P33,30.00,0.00,60.00,0.00,5.0871e-08,2.6840e-07,7.9268e-07,3.8222e-06,8.0333e-06,8.0232e-06,6.5176e-06,5.1018e-08,2.4716e-07,5.9898e-07,3.8593e-06,6.9378e-06,7.9619e-06,7.2904e-06
P33,30.00,45.00,0.00,0.00,5.9110e-08,2.6929e-07,7.9344e-07,3.8231e-06,8.0336e-06,8.0235e-06,6.5179e-06,5.9250e-08,2.4805e-07,5.9975e-07,3.8603e-06,6.9384e-06,7.9622e-06,7.2907e-06
P33,60.00,90.00,0.00,0.00,6.8150e-08,2.3116e-07,6.4980e-07,3.0892e-06,6.7479e-06,6.7390e-06,5.4937e-06,6.8127e-08,2.1412e-07,5.0016e-07,3.1272e-06,5.7818e-06,6.6856e-06,6.1087e-06
P33,30.00,90.00,0.00,0.00,5.9110e-08,2.6929e-07,7.9344e-07,3.8231e-06,8.0336e-06,8.0235e-06,6.5179e-06,5.9250e-08,2.4805e-07,5.9975e-07,3.8603e-06,6.9384e-06,7.9622e-06,7.2907e-06
P34,60.00,180.00,30.00,0.00,6.6816e-08,2.3945e-07,7.1445e-07,3.4677e-06,7.3544e-06,7.3446e-06,5.9490e-06,6.6818e-08,2.2013e-07,5.4155e-07,3.4990e-06,6.2956e-06,7.2845e-06,6.6599e-06
P34,0.00,45.00,30.00,0.00,5.6158e-08,2.9519e-07,9.2137e-07,4.3419e-06,8.9166e-06,8.9049e-06,7.4104e-06,5.6327e-08,2.7000e-07,6.7987e-07,4.3646e-06,7.6380e-06,8.8250e-06,8.2534e-06
P34,0.00,0.00,30.00,0.00,5.6158e-08,2.9519e-07,9.2137e-07,4.3419e-06,8.9166e-06,8.9049e-06,7.4104e-06,5.6327e-08,2.7000e-07,6.7987e-07,4.3646e-06,7.6380e-06,8.8250e-06,8.2534e-06
P34,60.00,135.00,30.00,0.00,6.6856e-08,2.3945e-07,7.1445e-07,3.4677e-06,7.3544e-06,7.3446e-06,5.9490e-06,6.6858e-08,2.2014e-07,5.4155e-07,3.4990e-06,6.2956e-06,7.2845e-06,6.6599e-06
P34,0.00,90.00,60.00,0.00,5.0329e-08,2.9467e-07,9.2076e-07,4.3412e-06,8.9163e-06,8.9046e-06,7.4102e-06,5.0503e-08,2.6949e-07,6.7930e-07,4.3639e-06,7.6376e-06,8.8246e-06,8.2531e-06
P34,0.00,135.00,60.00,0.00,5.0329e-08,2.9467e-07,9.2076e-07,4.3412e-06,8.9163e-06,8.9046e-06,7.4102e-06,5.0503e-08,2.6949e-07,6.7930e-07,4.3639e-06,7.6376e-06,8.8246e-06,8.2531e-06
P34,30.00,180.00,30.00,0.00,5.8198e-08,2.8237e-07,8.7479e-07,4.1881e-06,8.6450e-06,8.6336e-06,7.1057e-06,5.8341e-08,2.5849e-07,6.4811e-07,4.2137e-06,7.4089e-06,8.5584e-06,7.9405e-06
P34,60.00,135.00,60.00,0.00,5.8450e-08,2.3877e-07,7.1353e-07,3.4667e-06,7.3538e-06,7.3441e-06,5.9487e-06,5.8461e-08,2.1948e-07,5.4073e-07,3.4979e-06,6.2950e-06,7.2840e-06,6.6595e-06
P34,30.00,0.00,0.00,0.00,5.9713e-08,2.8251e-07,8.7494e-07,4.1883e-06,8.6450e-06,8.6337e-06,7.1057e-06,5.9854e-08,2.5863e-07,6.4825e-07,4.2139e-06,7.4091e-06,8.5584e-06,7.9405e-06
P34,30.00,180.00,60.00,0.00,5.1768e-08,2.8180e-07,8.7410e-07,4.1874e-06,8.6446e-06,8.6333e-06,7.1054e-06,5.1915e-08,2.5794e-07,6.4748e-07,4.2130e-06,7.4085e-06,8.5580e-06,7.9402e-06
P34,30.00,0.00,30.00,0.00,5.8269e-08,2.8238e-07,8.7480e-07,4.1882e-06,8.6450e-06,8.6336e-06,7.1057e-06,5.8412e-08,2.5850e-07,6.4812e-07,4.2138e-06,7.4090e-06,8.5584e-06,7.9405e-06
P34,30.00,180.00,0.00,0.00,5.9713e-08,2.8251e-07,8.7494e-07,4.1883e-06,8.6450e-06,8.6337e-06,7.1057e-06,5.9854e-08,2.5863e-07,6.4825e-07,4.2139e-06,7.4091e-06,8.5584e-06,7.9405e-06
P34,30.00,135.00,0.00,0.00,5.9713e-08,2.8251e-07,8.7494e-07,4.1883e-06,8.6450e-06,8.6337e-06,7.1057e-06,5.9854e-08,2.5863e-07,6.4825e-07,4.2139e-06,7.4091e-06,8.5584e-06,7.9405e-06
P34,60.00,180.00,0.00,0.00,6.8803e-08,2.3961e-07,7.1466e-07,3.4679e-06,7.3545e-06,7.3447e-06,5.9491e-06,6.8803e-08,2.2029e-07,5.4174e-07,3.4992e-06,6.2958e-06,7.2846e-06,6.6599e-06
P34,0.00,135.00,0.00,0.00,5.7529e-08,2.9532e-07,9.2151e-07,4.3420e-06,8.9167e-06,8.9050e-06,7.4104e-06,5.7696e-08,2.7013e-07,6.8000e-07,4.3648e-06,7.6381e-06,8.8250e-06,8.2534e-06
P34,60.00,45.00,0.00,0.00,6.8803e-08,2.3961e-07,7.1466e-07,3.4679e-06,7.3545e-06,7.3447e-06,5.9491e-06,6.8803e-08,2.2029e-07,5.4174e-07,3.4992e-06,6.2958e-06,7.2846e-06,6.6599e-06
P34,30.00,90.00,60.00,0.00,5.1899e-08,2.8181e-07,8.7412e-07,4.1874e-06,8.6446e-06,8.6333e-06,7.1054e-06,5.2047e-08,2.5795e-07,6.4750e-07,4.2130e-06,7.4085e-06,8.5580e-06,7.9402e-06
P34,0.00,45.00,0.00,0.00,5.7529e-08,2.9532e-07,9.2151e-07,4.3420e-06,8.9167e-06,8.9050e-06,7.4104e-06,5.7696e-08,2.7013e-07,6.8000e-07,4.3648e-06,7.6381e-06,8.8250e-06,8.2534e-06
P34,30.00,135.00,60.00,0.00,5.1807e-08,2.8180e-07,8.7411e-07,4.1874e-06,8.6446e-06,8.6333e-06,7.1054e-06,5.1954e-08,2.5794e-07,6.4749e-07,4.2130e-06,7.4085e-06,8.5580e-06,7.9402e-06
P34,60.00,90.00,30.00,0.00,6.6951e-08,2.3946e-07,7.1446e-07,3.4677e-06,7.3544e-06,7.3446e-06,5.9490e-06,6.6954e-08,2.2015e-07,5.4156e-07,3.4990e-06,6.2956e-06,7.2845e-06,6.6599e-06
P34,0.00,0.00,60.00,0.00,5.0329e-08,2.9467e-07,9.2076e-07,4.3412e-06,8.9163e-06,8.9046e-06,7.4102e-06,5.0503e-08,2.6949e-07,6.7930e-07,4.3639e-06,7.6376e-06,8.8246e-06,8.2531e-06
P34,60.00,0.00,30.00,0.00,6.7085e-08,2.3948e-07,7.1448e-07,3.4677e-06,7.3544e-06,7.3446e-06,5.9490e-06,6.7088e-08,2.2016e-07,5.4158e-07,3.4990e-06,6.2956e-06,7.2845e-06,6.6599e-06
P34,60.00,0.00,0.00,0.00,6.8803e-08,2.3961e-07,7.1466e-07,3.4679e-06,7.3545e-06,7.3447e-06,5.9491e-06,6.8803e-08,2.2029e-07,5.4174e-07,3.4992e-06,6.2958e-06,7.2846e-06,6.6599e-06
P34,0.00,0.00,0.00,0.00,5.7529e-08,2.9532e-07,9.2151e-07,4.3420e-06,8.9167e-06,8.9050e-06,7.4104e-06,5.7696e-08,2.7013e-07,6.8000e-07,4.3648e-06,7.6381e-06,8.8250e-06,8.2534e-06
P34,60.00,45.00,60.00,0.00,5.9177e-08,2.3884e-07,7.1362e-07,3.4668e-06,7.3539e-06,7.3442e-06,5.9487e-06,5.9188e-08,2.1955e-07,5.4082e-07,3.4980e-06,6.2950e-06,7.2840e-06,6.6595e-06
P34,0.00,180.00,0.00,0.00,5.7529e-08,2.9532e-07,9.2151e-07,4.3420e-06,8.9167e-06,8.9050e-06,7.4104e-06,5.7696e-08,2.7013e-07,6.8000e-07,4.3648e-06,7.6381e-06,8.8250e-06,8.2534e-06
P34,60.00,90.00,0.00,0.00,6.8803e-08,2.3961e-07,7.1466e-07,3.4679e-06,7.3545e-06,7.3447e-06,5.9491e-06,6.8803e-08,2.2029e-07,5.4174e-07,3.4992e-06,6.2958e-06,7.2846e-06,6.6599e-06
P34,60.00,90.00,60.00,0.00,5.8820e-08,2.3881e-07,7.1358e-07,3.4667e-06,7.3539e-06,7.3441e-06,5.9487e-06,5.8831e-08,2.1951e-07,5.4078e-07,3.4980e-06,6.2950e-06,7.2840e-06,6.6595e-06
P34,0.00,45.00,60.00,0.00,5.0329e-08,2.9467e-07,9.2076e-07,4.3412e-06,8.9163e-06,8.9046e-06,7.4102e-06,5.0503e-08,2.6949e-07,6.7930e-07,4.3639e-06,7.6376e-06,8.8246e-06,8.2531e-06
P34,30.00,0.00,60.00,0.00,5.2029e-08,2.8183e-07,8.7414e-07,4.1874e-06,8.6446e-06,8.6333e-06,7.1054e-06,5.2176e-08,2.5796e-07,6.4751e-07,4.2130e-06,7.4085e-06,8.5580e-06,7.9402e-06
P34,30.00,45.00,30.00,0.00,5.8259e-08,2.8238e-07,8.7479e-07,4.1881e-06,8.6450e-06,8.6336e-06,7.1057e-06,5.8401e-08,2.5850e-07,6.4812e-07,4.2137e-06,7.4089e-06,8.5584e-06,7.9405e-06
P34,30.00,45.00,60.00,0.00,5.1991e-08,2.8182e-07,8.7413e-07,4.1874e-06,8.6446e-06,8.6333e-06,7.1054e-06,5.2138e-08,2.5796e-07,6.4751e-07,4.2130e-06,7.4085e-06,8.5580e-06,7.9402e-06
P34,30.00,90.00,0.00,0.00,5.9713e-08,2.8251e-07,8.7494e-07,4.1883e-06,8.6450e-06,8.6337e-06,7.1057e-06,5.9854e-08,2.5863e-07,6.4825e-07,4.2139e-06,7.4091e-06,8.5584e-06,7.9405e-06
P34,0.00,180.00,30.00,0.00,5.6158e-08,2.9519e-07,9.2137e-07,4.3419e-06,8.9166e-06,8.9049e-06,7.4104e-06,5.6327e-08,2.7000e-07,6.7987e-07,4.3646e-06,7.6380e-06,8.8250e-06,8.2534e-06
P34,30.00,90.00,30.00,0.00,5.8234e-08,2.8237e-07,8.7479e-07,4.1881e-06,8.6450e-06,8.6336e-06,7.1057e-06,5.8376e-08,2.5850e-07,6.4811e-07,4.2137e-06,7.4089e-06,8.5584e-06,7.9405e-06
P34,60.00,45.00,30.00,0.00,6.7046e-08,2.3948e-07,7.1448e-07,3.4677e-06,7.3544e-06,7.3446e-06,5.9490e-06,6.7049e-08,2.2016e-07,5.4158e-07,3.4990e-06,6.2956e-06,7.2845e-06,6.6599e-06
P34,60.00,180.00,60.00,0.00,5.8293e-08,2.3875e-07,7.1351e-07,3.4666e-06,7.3538e-06,7.3441e-06,5.9486e-06,5.8304e-08,2.1946e-07,5.4071e-07,3.4979e-06,6.2949e-06,7.2839e-06,6.6595e-06
P34,0.00,90.00,30.00,0.00,5.6158e-08,2.9519e-07,9.2137e-07,4.3419e-06,8.9166e-06,8.9049e-06,7.4104e-06,5.6327e-08,2.7000e-07,6.7987e-07,4.3646e-06,7.6380e-06,8.8250e-06,8.2534e-06
P34,30.00,45.00,0.00,0.00,5.9713e-08,2.8251e-07,8.7494e-07,4.1883e-06,8.6450e-06,8.6337e-06,7.1057e-06,5.9854e-08,2.5863e-07,6.4825e-07,4.2139e-06,7.4091e-06,8.5584e-06,7.9405e-06
P34,60.00,135.00,0.00,0.00,6.8803e-08,2.3961e-07,7.1466e-07,3.4679e-06,7.3545e-06,7.3447e-06,5.9491e-06,6.8803e-08,2.2029e-07,5.4174e-07,3.4992e-06,6.2958e-06,7.2846e-06,6.6599e-06
P34,30.00,135.00,30.00,0.00,5.8208e-08,2.8237e-07,8.7479e-07,4.1881e-06,8.6450e-06,8.6336e-06,7.1057e-06,5.8351e-08,2.5849e-07,6.4811e-07,4.2137e-06,7.4089e-06,8.5584e-06,7.9405e-06
P34,0.00,180.00,60.00,0.00,5.0329e-08,2.9467e-07,9.2076e-07,4.3412e-06,8.9163e-06,8.9046e-06,7.4102e-06,5.0503e-08,2.6949e-07,6.7930e-07,4.3639e-06,7.6376e-06,8.8246e-06,8.2531e-06
P34,0.00,135.00,30.00,0.00,5.6158e-08,2.9519e-07,9.2137e-07,4.3419e-06,8.9166e-06,8.9049e-06,7.4104e-06,5.6327e-08,2.7000e-07,6.7987e-07,4.3646e-06,7.6380e-06,8.8250e-06,8.2534e-06
P34,60.00,0.00,60.00,0.00,5.9322e-08,2.3886e-07,7.1364e-07,3.4668e-06,7.3539e-06,7.3442e-06,5.9487e-06,5.9332e-08,2.1956e-07,5.4084e-07,3.4981e-06,6.2950e-06,7.2840e-06,6.6595e-06
P34,0.00,90.00,0.00,0.00,5.7529e-08,2.9532e-07,9.2151e-07,4.3420e-06,8.9167e-06,8.9050e-06,7.4104e-06,5.7696e-08,2.7013e-07,6.8000e-07,4.3648e-06,7.6381e-06,8.8250e-06,8.2534e-06
P35,60.00,90.00,30.00,0.00,7.0468e-08,2.0047e-07,6.2073e-07,3.0769e-06,6.9400e-06,6.9303e-06,4.8853e-06,7.0077e-08,1.8385e-07,4.6272e-07,3.1389e-06,5.8912e-06,6.8796e-06,5.7556e-06
P35,0.00,0.00,60.00,0.00,5.1282e-08,2.5332e-07,8.2688e-07,4.0282e-06,8.5751e-06,8.5637e-06,6.1959e-06,5.1211e-08,2.3059e-07,6.0744e-07,4.0834e-06,7.3372e-06,8.4957e-06,7.3134e-06
P35,30.00,45.00,60.00,0.00,5.3071e-08,2.4057e-07,7.8191e-07,3.8549e-06,8.2853e-06,8.2742e-06,5.9101e-06,5.2955e-08,2.1915e-07,5.7501e-07,3.9131e-06,7.0844e-06,8.2104e-06,6.9981e-06
P35,0.00,180.00,30.00,0.00,5.8536e-08,2.5398e-07,8.2740e-07,4.0289e-06,8.5754e-06,8.5640e-06,6.1961e-06,5.8389e-08,2.3125e-07,6.0798e-07,4.0841e-06,7.3376e-06,8.4960e-06,7.3136e-06
P35,30.00,90.00,30.00,0.00,6.0823e-08,2.4129e-07,7.8248e-07,3.8557e-06,8.2856e-06,8.2745e-06,5.9103e-06,6.0630e-08,2.1987e-07,5.7560e-07,3.9139e-06,7.0849e-06,8.2107e-06,6.9984e-06
P35,60.00,180.00,0.00,0.00,7.2910e-08,2.0068e-07,6.2091e-07,3.0772e-06,6.9401e-06,6.9304e-06,4.8854e-06,7.2495e-08,1.8407e-07,4.6290e-07,3.1391e-06,5.8914e-06,6.8797e-06,5.7557e-06
P35,30.00,0.00,0.00,0.00,6.2792e-08,2.4144e-07,7.8259e-07,3.8558e-06,8.2857e-06,8.2746e-06,5.9104e-06,6.2575e-08,2.2002e-07,5.7572e-07,3.9140e-06,7.0850e-06,8.2108e-06,6.9984e-06
P35,30.00,135.00,0.00,0.00,6.2792e-08,2.4144e-07,7.8259e-07,3.8558e-06,8.2857e-06,8.2746e-06,5.9104e-06,6.2575e-08,2.2002e-07,5.7572e-07,3.9140e-06,7.0850e-06,8.2108e-06,6.9984e-06
P35,60.00,0.00,30.00,0.00,7.0621e-08,2.0049e-07,6.2075e-07,3.0770e-06,6.9401e-06,6.9303e-06,4.8853e-06,7.0228e-08,1.8387e-07,4.6273e-07,3.1389e-06,5.8913e-06,6.8796e-06,5.7556e-06
P35,0.00,45.00,0.00,0.00,6.0371e-08,2.5412e-07,8.2750e-07,4.0291e-06,8.5754e-06,8.5640e-06,6.1961e-06,6.0200e-08,2.3139e-07,6.0808e-07,4.0842e-06,7.3377e-06,8.4961e-06,7.3137e-06
P35,0.00,45.00,30.00,0.00,5.8536e-08,2.5398e-07,8.2740e-07,4.0289e-06,8.5754e-06,8.5640e-06,6.1961e-06,5.8389e-08,2.3125e-07,6.0798e-07,4.0841e-06,7.3376e-06,8.4960e-06,7.3136e-06
P35,0.00,135.00,60.00,0.00,5.1282e-08,2.5332e-07,8.2688e-07,4.0282e-06,8.5751e-06,8.5637e-06,6.1959e-06,5.1211e-08,2.3059e-07,6.0744e-07,4.0834e-06,7.3372e-06,8.4957e-06,7.3134e-06
P35,60.00,90.00,0.00,0.00,7.2910e-08,2.0068e-07,6.2091e-07,3.0772e-06,6.9401e-06,6.9304e-06,4.8854e-06,7.2495e-08,1.8407e-07,4.6290e-07,3.1391e-06,5.8914e-06,6.8797e-06,5.7557e-06
P35,30.00,180.00,0.00,0.00,6.2792e-08,2.4144e-07,7.8259e-07,3.8558e-06,8.2857e-06,8.2746e-06,5.9104e-06,6.2575e-08,2.2002e-07,5.7572e-07,3.9140e-06,7.0850e-06,8.2108e-06,6.9984e-06
P35,60.00,90.00,60.00,0.00,6.0427e-08,1.9942e-07,6.1987e-07,3.0759e-06,6.9396e-06,6.9299e-06,4.8851e-06,6.0125e-08,1.8280e-07,4.6183e-07,3.1378e-06,5.8906e-06,6.8791e-06,5.7553e-06
P35,0.00,45.00,60.00,0.00,5.1282e-08,2.5332e-07,8.2688e-07,4.0282e-06,8.5751e-06,8.5637e-06,6.1959e-06,5.1211e-08,2.3059e-07,6.0744e-07,4.0834e-06,7.3372e-06,8.4957e-06,7.3134e-06
P35,60.00,180.00,30.00,0.00,7.0313e-08,2.0045e-07,6.2072e-07,3.0769e-06,6.9400e-06,6.9303e-06,4.8853e-06,6.9923e-08,1.8383e-07,4.6270e-07,3.1389e-06,5.8912e-06,6.8796e-06,5.7556e-06
P35,0.00,135.00,30.00,0.00,5.8536e-08,2.5398e-07,8.2740e-07,4.0289e-06,8.5754e-06,8.5640e-06,6.1961e-06,5.8389e-08,2.3125e-07,6.0798e-07,4.0841e-06,7.3376e-06,8.4960e-06,7.3136e-06
P35,0.00,180.00,0.00,0.00,6.0371e-08,2.5412e-07,8.2750e-07,4.0291e-06,8.5754e-06,8.5640e-06,6.1961e-06,6.0200e-08,2.3139e-07,6.0808e-07,4.0842e-06,7.3377e-06,8.4961e-06,7.3137e-06
P35,30.00,180.00,60.00,0.00,5.2821e-08,2.4053e-07,7.8188e-07,3.8549e-06,8.2853e-06,8.2742e-06,5.9101e-06,5.2707e-08,2.1911e-07,5.7498e-07,3.9131e-06,7.0844e-06,8.2104e-06,6.9981e-06
P35,60.00,45.00,30.00,0.00,7.0576e-08,2.0048e-07,6.2074e-07,3.0769e-06,6.9400e-06,6.9303e-06,4.8853e-06,7.0184e-08,1.8387e-07,4.6273e-07,3.1389e-06,5.8913e-06,6.8796e-06,5.7556e-06
P35,60.00,0.00,60.00,0.00,6.0987e-08,1.9950e-07,6.1994e-07,3.0760e-06,6.9396e-06,6.9299e-06,4.8851e-06,6.0680e-08,1.8289e-07,4.6190e-07,3.1379e-06,5.8906e-06,6.8791e-06,5.7553e-06
P35,0.00,90.00,30.00,0.00,5.8536e-08,2.5398e-07,8.2740e-07,4.0289e-06,8.5754e-06,8.5640e-06,6.1961e-06,5.8389e-08,2.3125e-07,6.0798e-07,4.0841e-06,7.3376e-06,8.4960e-06,7.3136e-06
P35,30.00,90.00,60.00,0.00,5.2968e-08,2.4055e-07,7.8190e-07,3.8549e-06,8.2853e-06,8.2742e-06,5.9101e-06,5.2853e-08,2.1913e-07,5.7500e-07,3.9131e-06,7.0844e-06,8.2104e-06,6.9981e-06
P35,0.00,90.00,60.00,0.00,5.1282e-08,2.5332e-07,8.2688e-07,4.0282e-06,8.5751e-06,8.5637e-06,6.1959e-06,5.1211e-08,2.3059e-07,6.0744e-07,4.0834e-06,7.3372e-06,8.4957e-06,7.3134e-06
P35,60.00,135.00,60.00,0.00,6.0014e-08,1.9936e-07,6.1983e-07,3.0758e-06,6.9395e-06,6.9298e-06,4.8850e-06,5.9715e-08,1.8274e-07,4.6178e-07,3.1377e-06,5.8906e-06,6.8791e-06,5.7553e-06
P35,60.00,135.00,0.00,0.00,7.2910e-08,2.0068e-07,6.2091e-07,3.0772e-06,6.9401e-06,6.9304e-06,4.8854e-06,7.2495e-08,1.8407e-07,4.6290e-07,3.1391e-06,5.8914e-06,6.8797e-06,5.7557e-06
P35,0.00,90.00,0.00,0.00,6.0371e-08,2.5412e-07,8.2750e-07,4.0291e-06,8.5754e-06,8.5640e-06,6.1961e-06,6.0200e-08,2.3139e-07,6.0808e-07,4.0842e-06,7.3377e-06,8.4961e-06,7.3137e-06
P35,30.00,45.00,30.00,0.00,6.0853e-08,2.4129e-07,7.8248e-07,3.8557e-06,8.2856e-06,8.2745e-06,5.9103e-06,6.0659e-08,2.1987e-07,5.7560e-07,3.9139e-06,7.0849e-06,8.2107e-06,6.9984e-06
P35,60.00,45.00,60.00,0.00,6.0826e-08,1.9948e-07,6.1992e-07,3.0759e-06,6.9396e-06,6.9299e-06,4.8851e-06,6.0520e-08,1.8286e-07,4.6188e-07,3.1378e-06,5.8906e-06,6.8791e-06,5.7553e-06
P35,30.00,0.00,60.00,0.00,5.3113e-08,2.4057e-07,7.8191e-07,3.8549e-06,8.2853e-06,8.2742e-06,5.9101e-06,5.2997e-08,2.1915e-07,5.7501e-07,3.9131e-06,7.0845e-06,8.2104e-06,6.9981e-06
P35,30.00,180.00,30.00,0.00,6.0781e-08,2.4128e-07,7.8248e-07,3.8557e-06,8.2856e-06,8.2745e-06,5.9103e-06,6.0589e-08,2.1986e-07,5.7559e-07,3.9139e-06,7.0849e-06,8.2107e-06,6.9984e-06
P35,30.00,0.00,30.00,0.00,6.0865e-08,2.4129e-07,7.8248e-07,3.8557e-06,8.2856e-06,8.2745e-06,5.9103e-06,6.0672e-08,2.1987e-07,5.7560e-07,3.9139e-06,7.0849e-06,8.2107e-06,6.9984e-06
P35,0.00,135.00,0.00,0.00,6.0371e-08,2.5412e-07,8.2750e-07,4.0291e-06,8.5754e-06,8.5640e-06,6.1961e-06,6.0200e-08,2.3139e-07,6.0808e-07,4.0842e-06,7.3377e-06,8.4961e-06,7.3137e-06
P35,60.00,180.00,60.00,0.00,5.9839e-08,1.9933e-07,6.1980e-07,3.0758e-06,6.9395e-06,6.9298e-06,4.8850e-06,5.9540e-08,1.8271e-07,4.6176e-07,3.1377e-06,5.8906e-06,6.8790e-06,5.7553e-06
P35,60.00,135.00,30.00,0.00,7.0358e-08,2.0045e-07,6.2072e-07,3.0769e-06,6.9400e-06,6.9303e-06,4.8853e-06,6.9968e-08,1.8384e-07,4.6271e-07,3.1389e-06,5.8912e-06,6.8796e-06,5.7556e-06
P35,0.00,0.00,0.00,0.00,6.0371e-08,2.5412e-07,8.2750e-07,4.0291e-06,8.5754e-06,8.5640e-06,6.1961e-06,6.0200e-08,2.3139e-07,6.0808e-07,4.0842e-06,7.3377e-06,8.4961e-06,7.3137e-06
P35,60.00,45.00,0.00,0.00,7.2910e-08,2.0068e-07,6.2091e-07,3.0772e-06,6.9401e-06,6.9304e-06,4.8854e-06,7.2495e-08,1.8407e-07,4.6290e-07,3.1391e-06,5.8914e-06,6.8797e-06,5.7557e-06
P35,30.00,135.00,60.00,0.00,5.2864e-08,2.4054e-07,7.8189e-07,3.8549e-06,8.2853e-06,8.2742e-06,5.9101e-06,5.2750e-08,2.1912e-07,5.7499e-07,3.9131e-06,7.0844e-06,8.2104e-06,6.9981e-06
P35,30.00,135.00,30.00,0.00,6.0793e-08,2.4128e-07,7.8248e-07,3.8557e-06,8.2856e-06,8.2745e-06,5.9103e-06,6.0601e-08,2.1987e-07,5.7559e-07,3.9139e-06,7.0849e-06,8.2107e-06,6.9984e-06
P35,0.00,180.00,60.00,0.00,5.1282e-08,2.5332e-07,8.2688e-07,4.0282e-06,8.5751e-06,8.5637e-06,6.1959e-06,5.1211e-08,2.3059e-07,6.0744e-07,4.0834e-06,7.3372e-06,8.4957e-06,7.3134e-06
P35,0.00,0.00,30.00,0.00,5.8536e-08,2.5398e-07,8.2740e-07,4.0289e-06,8.5754e-06,8.5640e-06,6.1961e-06,5.8389e-08,2.3125e-07,6.0798e-07,4.0841e-06,7.3376e-06,8.4960e-06,7.3136e-06
P35,30.00,45.00,0.00,0.00,6.2792e-08,2.4144e-07,7.8259e-07,3.8558e-06,8.2857e-06,8.2746e-06,5.9104e-06,6.2575e-08,2.2002e-07,5.7572e-07,3.9140e-06,7.0850e-06,8.2108e-06,6.9984e-06
P35,60.00,0.00,0.00,0.00,7.2910e-08,2.0068e-07,6.2091e-07,3.0772e-06,6.9401e-06,6.9304e-06,4.8854e-06,7.2495e-08,1.8407e-07,4.6290e-07,3.1391e-06,5.8914e-06,6.8797e-06,5.7557e-06
P35,30.00,90.00,0.00,0.00,6.2792e-08,2.4144e-07,7.8259e-07,3.8558e-06,8.2857e-06,8.2746e-06,5.9104e-06,6.2575e-08,2.2002e-07,5.7572e-07,3.9140e-06,7.0850e-06,8.2108e-06,6.9984e-06
P36,30.00,90.00,30.00,0.00,5.9327e-08,2.4639e-07,7.7857e-07,3.6030e-06,7.6679e-06,7.6575e-06,6.1040e-06,5.9337e-08,2.2509e-07,5.7994e-07,3.6342e-06,6.5393e-06,7.5926e-06,6.8812e-06
P36,30.00,135.00,60.00,0.00,5.1370e-08,2.4534e-07,7.7758e-07,3.6020e-06,7.6673e-06,7.6569e-06,6.1037e-06,5.1409e-08,2.2404e-07,5.7895e-07,3.6332e-06,6.5386e-06,7.5921e-06,6.8809e-06
P36,0.00,180.00,30.00,0.00,5.7152e-08,2.6165e-07,8.2804e-07,3.7940e-06,8.0031e-06,7.9924e-06,6.4020e-06,5.7199e-08,2.3895e-07,6.1650e-07,3.8236e-06,6.8348e-06,7.9240e-06,7.2140e-06
P36,30.00,45.00,30.00,0.00,5.9357e-08,2.4639e-07,7.7858e-07,3.6030e-06,7.6679e-06,7.6575e-06,6.1040e-06,5.9367e-08,2.2509e-07,5.7994e-07,3.6342e-06,6.5393e-06,7.5926e-06,6.8812e-06
P36,30.00,0.00,0.00,0.00,6.1170e-08,2.4662e-07,7.7878e-07,3.6032e-06,7.6680e-06,7.6576e-06,6.1041e-06,6.1174e-08,2.2532e-07,5.8015e-07,3.6345e-06,6.5394e-06,7.5927e-06,6.8813e-06
P36,60.00,0.00,30.00,0.00,6.8484e-08,1.9588e-07,5.9996e-07,2.7751e-06,6.1827e-06,6.1737e-06,5.0273e-06,6.8335e-08,1.7972e-07,4.5148e-07,2.8050e-06,5.2117e-06,6.1190e-06,5.5823e-06
P36,30.00,45.00,60.00,0.00,5.1586e-08,2.4538e-07,7.7762e-07,3.6021e-06,7.6674e-06,7.6570e-06,6.1037e-06,5.1624e-08,2.2408e-07,5.7898e-07,3.6333e-06,6.5386e-06,7.5921e-06,6.8809e-06
P36,0.00,135.00,60.00,0.00,4.9912e-08,2.6070e-07,8.2716e-07,3.7931e-06,8.0027e-06,7.9919e-06,6.4017e-06,4.9985e-08,2.3801e-07,6.1561e-07,3.8227e-06,6.8342e-06,7.9236e-06,7.2137e-06
P36,30.00,90.00,0.00,0.00,6.1170e-08,2.4662e-07,7.7878e-07,3.6032e-06,7.6680e-06,7.6576e-06,6.1041e-06,6.1174e-08,2.2532e-07,5.8015e-07,3.6345e-06,6.5394e-06,7.5927e-06,6.8813e-06
P36,30.00,0.00,30.00,0.00,5.9369e-08,2.4640e-07,7.7858e-07,3.6030e-06,7.6679e-06,7.6575e-06,6.1040e-06,5.9380e-08,2.2510e-07,5.7995e-07,3.6342e-06,6.5393e-06,7.5926e-06,6.8812e-06
P36,0.00,90.00,0.00,0.00,5.8863e-08,2.6186e-07,8.2823e-07,3.7942e-06,8.0032e-06,7.9925e-06,6.4020e-06,5.8902e-08,2.3916e-07,6.1669e-07,3.8238e-06,6.8349e-06,7.9241e-06,7.2141e-06
P36,60.00,0.00,0.00,0.00,7.0599e-08,1.9615e-07,6.0022e-07,2.7754e-06,6.1828e-06,6.1738e-06,5.0274e-06,7.0442e-08,1.7998e-07,4.5174e-07,2.8052e-06,5.2119e-06,6.1192e-06,5.5824e-06
P36,0.00,90.00,30.00,0.00,5.7152e-08,2.6165e-07,8.2804e-07,3.7940e-06,8.0031e-06,7.9924e-06,6.4020e-06,5.7199e-08,2.3895e-07,6.1650e-07,3.8236e-06,6.8348e-06,7.9240e-06,7.2140e-06
P36,60.00,45.00,0.00,0.00,7.0599e-08,1.9615e-07,6.0022e-07,2.7754e-06,6.1828e-06,6.1738e-06,5.0274e-06,7.0442e-08,1.7998e-07,4.5174e-07,2.8052e-06,5.2119e-06,6.1192e-06,5.5824e-06
P36,0.00,45.00,60.00,0.00,4.9912e-08,2.6070e-07,8.2716e-07,3.7931e-06,8.0027e-06,7.9919e-06,6.4017e-06,4.9985e-08,2.3801e-07,6.1561e-07,3.8227e-06,6.8342e-06,7.9236e-06,7.2137e-06
P36,60.00,90.00,30.00,0.00,6.8328e-08,1.9586e-07,5.9993e-07,2.7751e-06,6.1826e-06,6.1737e-06,5.0273e-06,6.8179e-08,1.7969e-07,4.5145e-07,2.8049e-06,5.2117e-06,6.1190e-06,5.5823e-06
P36,0.00,0.00,30.00,0.00,5.7152e-08,2.6165e-07,8.2804e-07,3.7940e-06,8.0031e-06,7.9924e-06,6.4020e-06,5.7199e-08,2.3895e-07,6.1650e-07,3.8236e-06,6.8348e-06,7.9240e-06,7.2140e-06
P36,0.00,45.00,0.00,0.00,5.8863e-08,2.6186e-07,8.2823e-07,3.7942e-06,8.0032e-06,7.9925e-06,6.4020e-06,5.8902e-08,2.3916e-07,6.1669e-07,3.8238e-06,6.8349e-06,7.9241e-06,7.2141e-06
P36,60.00,180.00,0.00,0.00,7.0599e-08,1.9615e-07,6.0022e-07,2.7754e-06,6.1828e-06,6.1738e-06,5.0274e-06,7.0442e-08,1.7998e-07,4.5174e-07,2.8052e-06,5.2119e-06,6.1192e-06,5.5824e-06
P36,30.00,90.00,60.00,0.00,5.1478e-08,2.4536e-07,7.7760e-07,3.6020e-06,7.6674e-06,7.6570e-06,6.1037e-06,5.1517e-08,2.2406e-07,5.7896e-07,3.6332e-06,6.5386e-06,7.5921e-06,6.8809e-06
P36,0.00,135.00,0.00,0.00,5.8863e-08,2.6186e-07,8.2823e-07,3.7942e-06,8.0032e-06,7.9925e-06,6.4020e-06,5.8902e-08,2.3916e-07,6.1669e-07,3.8238e-06,6.8349e-06,7.9241e-06,7.2141e-06
P36,30.00,135.00,0.00,0.00,6.1170e-08,2.4662e-07,7.7878e-07,3.6032e-06,7.6680e-06,7.6576e-06,6.1041e-06,6.1174e-08,2.2532e-07,5.8015e-07,3.6345e-06,6.5394e-06,7.5927e-06,6.8813e-06
P36,30.00,0.00,60.00,0.00,5.1630e-08,2.4539e-07,7.7762e-07,3.6021e-06,7.6674e-06,7.6570e-06,6.1037e-06,5.1668e-08,2.2409e-07,5.7899e-07,3.6333e-06,6.5386e-06,7.5921e-06,6.8809e-06
P36,0.00,180.00,60.00,0.00,4.9912e-08,2.6070e-07,8.2716e-07,3.7931e-06,8.0027e-06,7.9919e-06,6.4017e-06,4.9985e-08,2.3801e-07,6.1561e-07,3.8227e-06,6.8342e-06,7.9236e-06,7.2137e-06
P36,60.00,90.00,60.00,0.00,5.8440e-08,1.9452e-07,5.9859e-07,2.7738e-06,6.1820e-06,6.1730e-06,5.0269e-06,5.8328e-08,1.7837e-07,4.5012e-07,2.8036e-06,5.2109e-06,6.1183e-06,5.5818e-06
P36,30.00,45.00,0.00,0.00,6.1170e-08,2.4662e-07,7.7878e-07,3.6032e-06,7.6680e-06,7.6576e-06,6.1041e-06,6.1174e-08,2.2532e-07,5.8015e-07,3.6345e-06,6.5394e-06,7.5927e-06,6.8813e-06
P36,60.00,180.00,60.00,0.00,5.7837e-08,1.9441e-07,5.9849e-07,2.7737e-06,6.1819e-06,6.1730e-06,5.0269e-06,5.7727e-08,1.7826e-07,4.5002e-07,2.8035e-06,5.2108e-06,6.1183e-06,5.5818e-06
P36,0.00,0.00,60.00,0.00,4.9912e-08,2.6070e-07,8.2716e-07,3.7931e-06,8.0027e-06,7.9919e-06,6.4017e-06,4.9985e-08,2.3801e-07,6.1561e-07,3.8227e-06,6.8342e-06,7.9236e-06,7.2137e-06
P36,30.00,180.00,60.00,0.00,5.1325e-08,2.4533e-07,7.7758e-07,3.6020e-06,7.6673e-06,7.6569e-06,6.1037e-06,5.1364e-08,2.2404e-07,5.7894e-07,3.6332e-06,6.5386e-06,7.5921e-06,6.8809e-06
P36,60.00,0.00,60.00,0.00,5.9015e-08,1.9463e-07,5.9868e-07,2.7739e-06,6.1820e-06,6.1731e-06,5.0269e-06,5.8901e-08,1.7847e-07,4.5021e-07,2.8037e-06,5.2109e-06,6.1184e-06,5.5818e-06
P36,60.00,135.00,30.00,0.00,6.8216e-08,1.9584e-07,5.9992e-07,2.7751e-06,6.1826e-06,6.1737e-06,5.0273e-06,6.8068e-08,1.7968e-07,4.5144e-07,2.8049e-06,5.2117e-06,6.1190e-06,5.5823e-06
P36,0.00,45.00,30.00,0.00,5.7152e-08,2.6165e-07,8.2804e-07,3.7940e-06,8.0031e-06,7.9924e-06,6.4020e-06,5.7199e-08,2.3895e-07,6.1650e-07,3.8236e-06,6.8348e-06,7.9240e-06,7.2140e-06
P36,0.00,180.00,0.00,0.00,5.8863e-08,2.6186e-07,8.2823e-07,3.7942e-06,8.0032e-06,7.9925e-06,6.4020e-06,5.8902e-08,2.3916e-07,6.1669e-07,3.8238e-06,6.8349e-06,7.9241e-06,7.2141e-06
P36,60.00,135.00,0.00,0.00,7.0599e-08,1.9615e-07,6.0022e-07,2.7754e-06,6.1828e-06,6.1738e-06,5.0274e-06,7.0442e-08,1.7998e-07,4.5174e-07,2.8052e-06,5.2119e-06,6.1192e-06,5.5824e-06
P36,60.00,135.00,60.00,0.00,5.8017e-08,1.9445e-07,5.9852e-07,2.7737e-06,6.1819e-06,6.1730e-06,5.0269e-06,5.7906e-08,1.7829e-07,4.5005e-07,2.8035e-06,5.2108e-06,6.1183e-06,5.5818e-06
P36,30.00,180.00,30.00,0.00,5.9284e-08,2.4638e-07,7.7857e-07,3.6030e-06,7.6679e-06,7.6575e-06,6.1040e-06,5.9295e-08,2.2508e-07,5.7993e-07,3.6342e-06,6.5393e-06,7.5926e-06,6.8812e-06
P36,0.00,0.00,0.00,0.00,5.8863e-08,2.6186e-07,8.2823e-07,3.7942e-06,8.0032e-06,7.9925e-06,6.4020e-06,5.8902e-08,2.3916e-07,6.1669e-07,3.8238e-06,6.8349e-06,7.9241e-06,7.2141e-06
P36,30.00,180.00,0.00,0.00,6.1170e-08,2.4662e-07,7.7878e-07,3.6032e-06,7.6680e-06,7.6576e-06,6.1041e-06,6.1174e-08,2.2532e-07,5.8015e-07,3.6345e-06,6.5394e-06,7.5927e-06,6.8813e-06
P36,60.00,90.00,0.00,0.00,7.0599e-08,1.9615e-07,6.0022e-07,2.7754e-06,6.1828e-06,6.1738e-06,5.0274e-06,7.0442e-08,1.7998e-07,4.5174e-07,2.8052e-06,5.2119e-06,6.1192e-06,5.5824e-06
P36,30.00,135.00,30.00,0.00,5.9297e-08,2.4638e-07,7.7857e-07,3.6030e-06,7.6679e-06,7.6575e-06,6.1040e-06,5.9307e-08,2.2508e-07,5.7994e-07,3.6342e-06,6.5393e-06,7.5926e-06,6.8812e-06
P36,60.00,180.00,30.00,0.00,6.8170e-08,1.9583e-07,5.9991e-07,2.7751e-06,6.1826e-06,6.1737e-06,5.0273e-06,6.8021e-08,1.7967e-07,4.5143e-07,2.8049e-06,5.2117e-06,6.1190e-06,5.5823e-06
P36,0.00,135.00,30.00,0.00,5.7152e-08,2.6165e-07,8.2804e-07,3.7940e-06,8.0031e-06,7.9924e-06,6.4020e-06,5.7199e-08,2.3895e-07,6.1650e-07,3.8236e-06,6.8348e-06,7.9240e-06,7.2140e-06
P36,0.00,90.00,60.00,0.00,4.9912e-08,2.6070e-07,8.2716e-07,3.7931e-06,8.0027e-06,7.9919e-06,6.4017e-06,4.9985e-08,2.3801e-07,6.1561e-07,3.8227e-06,6.8342e-06,7.9236e-06,7.2137e-06
P36,60.00,45.00,30.00,0.00,6.8439e-08,1.9588e-07,5.9995e-07,2.7751e-06,6.1827e-06,6.1737e-06,5.0273e-06,6.8290e-08,1.7971e-07,4.5147e-07,2.8049e-06,5.2117e-06,6.1190e-06,5.5823e-06
P36,60.00,45.00,60.00,0.00,5.8849e-08,1.9460e-07,5.9866e-07,2.7738e-06,6.1820e-06,6.1730e-06,5.0269e-06,5.8736e-08,1.7844e-07,4.5019e-07,2.8037e-06,5.2109e-06,6.1184e-06,5.5818e-06
P37,60.00,180.00,30.00,0.00,7.0706e-08,1.9558e-07,5.5869e-07,2.5832e-06,5.9171e-06,5.9075e-06,4.5796e-06,7.0236e-08,1.8101e-07,4.3061e-07,2.5994e-06,4.8827e-06,5.8497e-06,5.1528e-06
P37,0.00,180.00,30.00,0.00,5.9017e-08,2.6943e-07,8.2737e-07,3.6983e-06,7.9170e-06,7.9053e-06,5.8445e-06,5.8772e-08,2.4762e-07,6.0726e-07,3.7199e-06,6.6521e-06,7.8282e-06,6.8385e-06
P37,30.00,135.00,30.00,0.00,6.1284e-08,2.5294e-07,7.6525e-07,3.4880e-06,7.5532e-06,7.5419e-06,5.5557e-06,6.0991e-08,2.3275e-07,5.6764e-07,3.5105e-06,6.3305e-06,7.4692e-06,6.4885e-06
P37,0.00,0.00,60.00,0.00,5.1037e-08,2.6830e-07,8.2645e-07,3.6974e-06,7.9165e-06,7.9048e-06,5.8442e-06,5.0877e-08,2.4649e-07,6.0631e-07,3.7191e-06,6.6514e-06,7.8277e-06,6.8382e-06
P37,0.00,180.00,60.00,0.00,5.1037e-08,2.6830e-07,8.2645e-07,3.6974e-06,7.9165e-06,7.9048e-06,5.8442e-06,5.0877e-08,2.4649e-07,6.0631e-07,3.7191e-06,6.6514e-06,7.8277e-06,6.8382e-06
P37,60.00,0.00,60.00,0.00,6.0551e-08,1.9403e-07,5.5739e-07,2.5820e-06,5.9164e-06,5.9068e-06,4.5792e-06,6.0176e-08,1.7945e-07,4.2927e-07,2.5981e-06,4.8818e-06,5.8490e-06,5.1524e-06
P37,0.00,0.00,0.00,0.00,6.1029e-08,2.6967e-07,8.2758e-07,3.6985e-06,7.9171e-06,7.9054e-06,5.8445e-06,6.0757e-08,2.4787e-07,6.0746e-07,3.7201e-06,6.6522e-06,7.8283e-06,6.8386e-06
P37,30.00,180.00,60.00,0.00,5.2528e-08,2.5167e-07,7.6421e-07,3.4870e-06,7.5526e-06,7.5413e-06,5.5554e-06,5.2324e-08,2.3148e-07,5.6658e-07,3.5095e-06,6.3298e-06,7.4686e-06,6.4881e-06
P37,30.00,135.00,60.00,0.00,5.2574e-08,2.5168e-07,7.6422e-07,3.4870e-06,7.5526e-06,7.5413e-06,5.5554e-06,5.2370e-08,2.3149e-07,5.6658e-07,3.5096e-06,6.3298e-06,7.4686e-06,6.4881e-06
P37,60.00,0.00,30.00,0.00,7.1031e-08,1.9564e-07,5.5874e-07,2.5832e-06,5.9172e-06,5.9076e-06,4.5796e-06,7.0558e-08,1.8107e-07,4.3066e-07,2.5994e-06,4.8827e-06,5.8497e-06,5.1528e-06
P37,30.00,90.00,60.00,0.00,5.2685e-08,2.5170e-07,7.6424e-07,3.4871e-06,7.5526e-06,7.5414e-06,5.5554e-06,5.2480e-08,2.3151e-07,5.6660e-07,3.5096e-06,6.3298e-06,7.4686e-06,6.4881e-06
P37,0.00,45.00,30.00,0.00,5.9017e-08,2.6943e-07,8.2737e-07,3.6983e-06,7.9170e-06,7.9053e-06,5.8445e-06,5.8772e-08,2.4762e-07,6.0726e-07,3.7199e-06,6.6521e-06,7.8282e-06,6.8385e-06
P37,0.00,180.00,0.00,0.00,6.1029e-08,2.6967e-07,8.2758e-07,3.6985e-06,7.9171e-06,7.9054e-06,5.8445e-06,6.0757e-08,2.4787e-07,6.0746e-07,3.7201e-06,6.6522e-06,7.8283e-06,6.8386e-06
P37,0.00,45.00,60.00,0.00,5.1037e-08,2.6830e-07,8.2645e-07,3.6974e-06,7.9165e-06,7.9048e-06,5.8442e-06,5.0877e-08,2.4649e-07,6.0631e-07,3.7191e-06,6.6514e-06,7.8277e-06,6.8382e-06
P37,30.00,90.00,0.00,0.00,6.3473e-08,2.5321e-07,7.6548e-07,3.4882e-06,7.5533e-06,7.5420e-06,5.5558e-06,6.3153e-08,2.3303e-07,5.6786e-07,3.5108e-06,6.3307e-06,7.4693e-06,6.4886e-06
P37,60.00,90.00,60.00,0.00,5.9966e-08,1.9391e-07,5.5729e-07,2.5819e-06,5.9164e-06,5.9068e-06,4.5792e-06,5.9594e-08,1.7933e-07,4.2917e-07,2.5980e-06,4.8818e-06,5.8489e-06,5.1523e-06
P37,0.00,135.00,0.00,0.00,6.1029e-08,2.6967e-07,8.2758e-07,3.6985e-06,7.9171e-06,7.9054e-06,5.8445e-06,6.0757e-08,2.4787e-07,6.0746e-07,3.7201e-06,6.6522e-06,7.8283e-06,6.8386e-06
P37,30.00,0.00,60.00,0.00,5.2839e-08,2.5173e-07,7.6426e-07,3.4871e-06,7.5526e-06,7.5414e-06,5.5554e-06,5.2633e-08,2.3154e-07,5.6662e-07,3.5096e-06,6.3299e-06,7.4686e-06,6.4881e-06
P37,0.00,135.00,30.00,0.00,5.9017e-08,2.6943e-07,8.2737e-07,3.6983e-06,7.9170e-06,7.9053e-06,5.8445e-06,5.8772e-08,2.4762e-07,6.0726e-07,3.7199e-06,6.6521e-06,7.8282e-06,6.8385e-06
P37,60.00,135.00,60.00,0.00,5.9534e-08,1.9383e-07,5.5722e-07,2.5818e-06,5.9164e-06,5.9067e-06,4.5792e-06,5.9165e-08,1.7925e-07,4.2910e-07,2.5980e-06,4.8817e-06,5.8489e-06,5.1523e-06
P37,0.00,90.00,30.00,0.00,5.9017e-08,2.6943e-07,8.2737e-07,3.6983e-06,7.9170e-06,7.9053e-06,5.8445e-06,5.8772e-08,2.4762e-07,6.0726e-07,3.7199e-06,6.6521e-06,7.8282e-06,6.8385e-06
P37,0.00,90.00,60.00,0.00,5.1037e-08,2.6830e-07,8.2645e-07,3.6974e-06,7.9165e-06,7.9048e-06,5.8442e-06,5.0877e-08,2.4649e-07,6.0631e-07,3.7191e-06,6.6514e-06,7.8277e-06,6.8382e-06
P37,30.00,135.00,0.00,0.00,6.3473e-08,2.5321e-07,7.6548e-07,3.4882e-06,7.5533e-06,7.5420e-06,5.5558e-06,6.3153e-08,2.3303e-07,5.6786e-07,3.5108e-06,6.3307e-06,7.4693e-06,6.4886e-06
P37,60.00,45.00,60.00,0.00,6.0382e-08,1.9400e-07,5.5736e-07,2.5820e-06,5.9164e-06,5.9068e-06,4.5792e-06,6.0008e-08,1.7942e-07,4.2924e-07,2.5981e-06,4.8818e-06,5.8489e-06,5.1523e-06
P37,60.00,0.00,0.00,0.00,7.3520e-08,1.9597e-07,5.5902e-07,2.5835e-06,5.9173e-06,5.9077e-06,4.5797e-06,7.3022e-08,1.8140e-07,4.3094e-07,2.5997e-06,4.8829e-06,5.8499e-06,5.1529e-06
P37,60.00,90.00,30.00,0.00,7.0869e-08,1.9561e-07,5.5872e-07,2.5832e-06,5.9171e-06,5.9075e-06,4.5796e-06,7.0398e-08,1.8104e-07,4.3063e-07,2.5994e-06,4.8827e-06,5.8497e-06,5.1528e-06
P37,30.00,180.00,30.00,0.00,6.1271e-08,2.5294e-07,7.6525e-07,3.4880e-06,7.5532e-06,7.5419e-06,5.5557e-06,6.0978e-08,2.3275e-07,5.6764e-07,3.5105e-06,6.3305e-06,7.4692e-06,6.4885e-06
P37,30.00,45.00,0.00,0.00,6.3473e-08,2.5321e-07,7.6548e-07,3.4882e-06,7.5533e-06,7.5420e-06,5.5558e-06,6.3153e-08,2.3303e-07,5.6786e-07,3.5108e-06,6.3307e-06,7.4693e-06,6.4886e-06
P37,30.00,45.00,30.00,0.00,6.1347e-08,2.5295e-07,7.6526e-07,3.4880e-06,7.5532e-06,7.5419e-06,5.5557e-06,6.1054e-08,2.3276e-07,5.6765e-07,3.5106e-06,6.3305e-06,7.4692e-06,6.4885e-06
P37,60.00,180.00,0.00,0.00,7.3520e-08,1.9597e-07,5.5902e-07,2.5835e-06,5.9173e-06,5.9077e-06,4.5797e-06,7.3022e-08,1.8140e-07,4.3094e-07,2.5997e-06,4.8829e-06,5.8499e-06,5.1529e-06
P37,60.00,45.00,0.00,0.00,7.3520e-08,1.9597e-07,5.5902e-07,2.5835e-06,5.9173e-06,5.9077e-06,4.5797e-06,7.3022e-08,1.8140e-07,4.3094e-07,2.5997e-06,4.8829e-06,5.8499e-06,5.1529e-06
P37,30.00,0.00,30.00,0.00,6.1360e-08,2.5295e-07,7.6526e-07,3.4880e-06,7.5532e-06,7.5419e-06,5.5557e-06,6.1067e-08,2.3277e-07,5.6765e-07,3.5106e-06,6.3305e-06,7.4692e-06,6.4885e-06
P37,60.00,135.00,0.00,0.00,7.3520e-08,1.9597e-07,5.5902e-07,2.5835e-06,5.9173e-06,5.9077e-06,4.5797e-06,7.3022e-08,1.8140e-07,4.3094e-07,2.5997e-06,4.8829e-06,5.8499e-06,5.1529e-06
P37,30.00,45.00,60.00,0.00,5.2794e-08,2.5172e-07,7.6425e-07,3.4871e-06,7.5526e-06,7.5414e-06,5.5554e-06,5.2588e-08,2.3153e-07,5.6662e-07,3.5096e-06,6.3299e-06,7.4686e-06,6.4881e-06
P37,60.00,180.00,60.00,0.00,5.9350e-08,1.9379e-07,5.5719e-07,2.5818e-06,5.9163e-06,5.9067e-06,4.5792e-06,5.8983e-08,1.7921e-07,4.2907e-07,2.5979e-06,4.8817e-06,5.8489e-06,5.1523e-06
P37,60.00,45.00,30.00,0.00,7.0984e-08,1.9563e-07,5.5873e-07,2.5832e-06,5.9172e-06,5.9076e-06,4.5796e-06,7.0512e-08,1.8106e-07,4.3065e-07,2.5994e-06,4.8827e-06,5.8497e-06,5.1528e-06
P37,0.00,90.00,0.00,0.00,6.1029e-08,2.6967e-07,8.2758e-07,3.6985e-06,7.9171e-06,7.9054e-06,5.8445e-06,6.0757e-08,2.4787e-07,6.0746e-07,3.7201e-06,6.6522e-06,7.8283e-06,6.8386e-06
P37,0.00,0.00,30.00,0.00,5.9017e-08,2.6943e-07,8.2737e-07,3.6983e-06,7.9170e-06,7.9053e-06,5.8445e-06,5.8772e-08,2.4762e-07,6.0726e-07,3.7199e-06,6.6521e-06,7.8282e-06,6.8385e-06
P37,60.00,90.00,0.00,0.00,7.3520e-08,1.9597e-07,5.5902e-07,2.5835e-06,5.9173e-06,5.9077e-06,4.5797e-06,7.3022e-08,1.8140e-07,4.3094e-07,2.5997e-06,4.8829e-06,5.8499e-06,5.1529e-06
P37,0.00,45.00,0.00,0.00,6.1029e-08,2.6967e-07,8.2758e-07,3.6985e-06,7.9171e-06,7.9054e-06,5.8445e-06,6.0757e-08,2.4787e-07,6.0746e-07,3.7201e-06,6.6522e-06,7.8283e-06,6.8386e-06
P37,30.00,180.00,0.00,0.00,6.3473e-08,2.5321e-07,7.6548e-07,3.4882e-06,7.5533e-06,7.5420e-06,5.5558e-06,6.3153e-08,2.3303e-07,5.6786e-07,3.5108e-06,6.3307e-06,7.4693e-06,6.4886e-06
P37,0.00,135.00,60.00,0.00,5.1037e-08,2.6830e-07,8.2645e-07,3.6974e-06,7.9165e-06,7.9048e-06,5.8442e-06,5.0877e-08,2.4649e-07,6.0631e-07,3.7191e-06,6.6514e-06,7.8277e-06,6.8382e-06
P37,30.00,90.00,30.00,0.00,6.1316e-08,2.5295e-07,7.6526e-07,3.4880e-06,7.5532e-06,7.5419e-06,5.5557e-06,6.1022e-08,2.3276e-07,5.6764e-07,3.5106e-06,6.3305e-06,7.4692e-06,6.4885e-06
P37,30.00,0.00,0.00,0.00,6.3473e-08,2.5321e-07,7.6548e-07,3.4882e-06,7.5533e-06,7.5420e-06,5.5558e-06,6.3153e-08,2.3303e-07,5.6786e-07,3.5108e-06,6.3307e-06,7.4693e-06,6.4886e-06
P37,60.00,135.00,30.00,0.00,7.0754e-08,1.9559e-07,5.5870e-07,2.5832e-06,5.9171e-06,5.9075e-06,4.5796e-06,7.0284e-08,1.8101e-07,4.3062e-07,2.5994e-06,4.8827e-06,5.8497e-06,5.1528e-06
P38,60.00,90.00,60.00,0.00,6.1202e-08,3.7457e-07,1.0536e-06,3.9521e-06,7.8608e-06,7.8521e-06,6.8456e-06,6.1373e-08,3.4675e-07,8.3696e-07,3.9857e-06,6.9104e-06,7.7936e-06,7.4223e-06
P38,0.00,90.00,60.00,0.00,5.3052e-08,4.4646e-07,1.2014e-06,4.7729e-06,9.2759e-06,9.2662e-06,8.0959e-06,5.3320e-08,4.1520e-07,9.5372e-07,4.7981e-06,8.2216e-06,9.2075e-06,8.7550e-06
P38,0.00,180.00,0.00,0.00,6.0966e-08,4.4672e-07,1.2019e-06,4.7735e-06,9.2762e-06,9.2665e-06,8.0961e-06,6.1247e-08,4.1544e-07,9.5410e-07,4.7987e-06,8.2220e-06,9.2078e-06,8.7552e-06
P38,30.00,0.00,60.00,0.00,5.4783e-08,4.3175e-07,1.1701e-06,4.6290e-06,9.0018e-06,8.9925e-06,7.8323e-06,5.5038e-08,4.0121e-07,9.2944e-07,4.6572e-06,7.9843e-06,8.9354e-06,8.4806e-06
P38,60.00,180.00,60.00,0.00,6.0690e-08,3.7456e-07,1.0536e-06,3.9521e-06,7.8608e-06,7.8521e-06,6.8456e-06,6.0860e-08,3.4674e-07,8.3693e-07,3.9856e-06,6.9104e-06,7.7936e-06,7.4223e-06
P38,60.00,45.00,0.00,0.00,7.1268e-08,3.7484e-07,1.0542e-06,3.9530e-06,7.8612e-06,7.8526e-06,6.8459e-06,7.1456e-08,3.4699e-07,8.3740e-07,3.9866e-06,6.9109e-06,7.7940e-06,7.4227e-06
P38,60.00,180.00,30.00,0.00,6.9221e-08,3.7478e-07,1.0541e-06,3.9529e-06,7.8612e-06,7.8525e-06,6.8458e-06,6.9406e-08,3.4694e-07,8.3731e-07,3.9864e-06,6.9108e-06,7.7940e-06,7.4226e-06
P38,30.00,90.00,0.00,0.00,6.3112e-08,4.3201e-07,1.1706e-06,4.6297e-06,9.0021e-06,8.9927e-06,7.8325e-06,6.3382e-08,4.0145e-07,9.2984e-07,4.6579e-06,7.9846e-06,8.9357e-06,8.4809e-06
P38,0.00,180.00,60.00,0.00,5.3052e-08,4.4646e-07,1.2014e-06,4.7729e-06,9.2759e-06,9.2662e-06,8.0959e-06,5.3320e-08,4.1520e-07,9.5372e-07,4.7981e-06,8.2216e-06,9.2075e-06,8.7550e-06
P38,0.00,45.00,30.00,0.00,5.9411e-08,4.4667e-07,1.2018e-06,4.7733e-06,9.2762e-06,9.2665e-06,8.0961e-06,5.9691e-08,4.1539e-07,9.5402e-07,4.7986e-06,8.2219e-06,9.2077e-06,8.7552e-06
P38,60.00,135.00,0.00,0.00,7.1268e-08,3.7484e-07,1.0542e-06,3.9530e-06,7.8612e-06,7.8526e-06,6.8459e-06,7.1456e-08,3.4699e-07,8.3740e-07,3.9866e-06,6.9109e-06,7.7940e-06,7.4227e-06
P38,0.00,0.00,0.00,0.00,6.0966e-08,4.4672e-07,1.2019e-06,4.7735e-06,9.2762e-06,9.2665e-06,8.0961e-06,6.1247e-08,4.1544e-07,9.5410e-07,4.7987e-06,8.2220e-06,9.2078e-06,8.7552e-06
P38,30.00,180.00,60.00,0.00,5.4514e-08,4.3174e-07,1.1700e-06,4.6290e-06,9.0018e-06,8.9924e-06,7.8323e-06,5.4769e-08,4.0120e-07,9.2943e-07,4.6572e-06,7.9843e-06,8.9354e-06,8.4806e-06
P38,0.00,0.00,30.00,0.00,5.9411e-08,4.4667e-07,1.2018e-06,4.7733e-06,9.2762e-06,9.2665e-06,8.0961e-06,5.9691e-08,4.1539e-07,9.5402e-07,4.7986e-06,8.2219e-06,9.2077e-06,8.7552e-06
P38,60.00,90.00,0.00,0.00,7.1268e-08,3.7484e-07,1.0542e-06,3.9530e-06,7.8612e-06,7.8526e-06,6.8459e-06,7.1456e-08,3.4699e-07,8.3740e-07,3.9866e-06,6.9109e-06,7.7940e-06,7.4227e-06
P38,0.00,0.00,60.00,0.00,5.3052e-08,4.4646e-07,1.2014e-06,4.7729e-06,9.2759e-06,9.2662e-06,8.0959e-06,5.3320e-08,4.1520e-07,9.5372e-07,4.7981e-06,8.2216e-06,9.2075e-06,8.7550e-06
P38,30.00,45.00,0.00,0.00,6.3112e-08,4.3201e-07,1.1706e-06,4.6297e-06,9.0021e-06,8.9927e-06,7.8325e-06,6.3382e-08,4.0145e-07,9.2984e-07,4.6579e-06,7.9846e-06,8.9357e-06,8.4809e-06
P38,60.00,0.00,0.00,0.00,7.1268e-08,3.7484e-07,1.0542e-06,3.9530e-06,7.8612e-06,7.8526e-06,6.8459e-06,7.1456e-08,3.4699e-07,8.3740e-07,3.9866e-06,6.9109e-06,7.7940e-06,7.4227e-06
P38,60.00,135.00,60.00,0.00,6.0842e-08,3.7456e-07,1.0536e-06,3.9521e-06,7.8608e-06,7.8521e-06,6.8456e-06,6.1013e-08,3.4674e-07,8.3694e-07,3.9856e-06,6.9104e-06,7.7936e-06,7.4223e-06
P38,30.00,0.00,0.00,0.00,6.3112e-08,4.3201e-07,1.1706e-06,4.6297e-06,9.0021e-06,8.9927e-06,7.8325e-06,6.3382e-08,4.0145e-07,9.2984e-07,4.6579e-06,7.9846e-06,8.9357e-06,8.4809e-06
P38,60.00,90.00,30.00,0.00,6.9360e-08,3.7479e-07,1.0541e-06,3.9529e-06,7.8612e-06,7.8525e-06,6.8458e-06,6.9544e-08,3.4694e-07,8.3732e-07,3.9864e-06,6.9108e-06,7.7940e-06,7.4226e-06
P38,30.00,135.00,0.00,0.00,6.3112e-08,4.3201e-07,1.1706e-06,4.6297e-06,9.0021e-06,8.9927e-06,7.8325e-06,6.3382e-08,4.0145e-07,9.2984e-07,4.6579e-06,7.9846e-06,8.9357e-06,8.4809e-06
P38,60.00,0.00,30.00,0.00,6.9497e-08,3.7479e-07,1.0541e-06,3.9529e-06,7.8612e-06,7.8525e-06,6.8458e-06,6.9682e-08,3.4695e-07,8.3733e-07,3.9864e-06,6.9108e-06,7.7940e-06,7.4226e-06
P38,30.00,90.00,60.00,0.00,5.4649e-08,4.3174e-07,1.1700e-06,4.6290e-06,9.0018e-06,8.9924e-06,7.8323e-06,5.4904e-08,4.0121e-07,9.2943e-07,4.6572e-06,7.9843e-06,8.9354e-06,8.4806e-06
P38,30.00,180.00,30.00,0.00,6.1422e-08,4.3195e-07,1.1705e-06,4.6296e-06,9.0021e-06,8.9927e-06,7.8325e-06,6.1689e-08,4.0140e-07,9.2976e-07,4.6578e-06,7.9846e-06,8.9356e-06,8.4809e-06
P38,30.00,45.00,60.00,0.00,5.4743e-08,4.3175e-07,1.1701e-06,4.6290e-06,9.0018e-06,8.9925e-06,7.8323e-06,5.4999e-08,4.0121e-07,9.2944e-07,4.6572e-06,7.9843e-06,8.9354e-06,8.4806e-06
P38,0.00,135.00,60.00,0.00,5.3052e-08,4.4646e-07,1.2014e-06,4.7729e-06,9.2759e-06,9.2662e-06,8.0959e-06,5.3320e-08,4.1520e-07,9.5372e-07,4.7981e-06,8.2216e-06,9.2075e-06,8.7550e-06
P38,0.00,90.00,0.00,0.00,6.0966e-08,4.4672e-07,1.2019e-06,4.7735e-06,9.2762e-06,9.2665e-06,8.0961e-06,6.1247e-08,4.1544e-07,9.5410e-07,4.7987e-06,8.2220e-06,9.2078e-06,8.7552e-06
P38,30.00,135.00,30.00,0.00,6.1433e-08,4.3195e-07,1.1705e-06,4.6296e-06,9.0021e-06,8.9927e-06,7.8325e-06,6.1701e-08,4.0140e-07,9.2976e-07,4.6578e-06,7.9846e-06,8.9356e-06,8.4809e-06
P38,60.00,45.00,60.00,0.00,6.1550e-08,3.7459e-07,1.0537e-06,3.9522e-06,7.8608e-06,7.8521e-06,6.8456e-06,6.1722e-08,3.4676e-07,8.3698e-07,3.9857e-06,6.9104e-06,7.7936e-06,7.4223e-06
P38,0.00,135.00,30.00,0.00,5.9411e-08,4.4667e-07,1.2018e-06,4.7733e-06,9.2762e-06,9.2665e-06,8.0961e-06,5.9691e-08,4.1539e-07,9.5402e-07,4.7986e-06,8.2219e-06,9.2077e-06,8.7552e-06
P38,30.00,90.00,30.00,0.00,6.1461e-08,4.3195e-07,1.1705e-06,4.6296e-06,9.0021e-06,8.9927e-06,7.8325e-06,6.1729e-08,4.0140e-07,9.2976e-07,4.6578e-06,7.9846e-06,8.9356e-06,8.4809e-06
P38,0.00,135.00,0.00,0.00,6.0966e-08,4.4672e-07,1.2019e-06,4.7735e-06,9.2762e-06,9.2665e-06,8.0961e-06,6.1247e-08,4.1544e-07,9.5410e-07,4.7987e-06,8.2220e-06,9.2078e-06,8.7552e-06
P38,30.00,135.00,60.00,0.00,5.4553e-08,4.3174e-07,1.1700e-06,4.6290e-06,9.0018e-06,8.9924e-06,7.8323e-06,5.4809e-08,4.0120e-07,9.2943e-07,4.6572e-06,7.9843e-06,8.9354e-06,8.4806e-06
P38,0.00,45.00,60.00,0.00,5.3052e-08,4.4646e-07,1.2014e-06,4.7729e-06,9.2759e-06,9.2662e-06,8.0959e-06,5.3320e-08,4.1520e-07,9.5372e-07,4.7981e-06,8.2216e-06,9.2075e-06,8.7550e-06
P38,0.00,180.00,30.00,0.00,5.9411e-08,4.4667e-07,1.2018e-06,4.7733e-06,9.2762e-06,9.2665e-06,8.0961e-06,5.9691e-08,4.1539e-07,9.5402e-07,4.7986e-06,8.2219e-06,9.2077e-06,8.7552e-06
P38,0.00,90.00,30.00,0.00,5.9411e-08,4.4667e-07,1.2018e-06,4.7733e-06,9.2762e-06,9.2665e-06,8.0961e-06,5.9691e-08,4.1539e-07,9.5402e-07,4.7986e-06,8.2219e-06,9.2077e-06,8.7552e-06
P38,60.00,135.00,30.00,0.00,6.9262e-08,3.7479e-07,1.0541e-06,3.9529e-06,7.8612e-06,7.8525e-06,6.8458e-06,6.9446e-08,3.4694e-07,8.3732e-07,3.9864e-06,6.9108e-06,7.7940e-06,7.4226e-06
P38,30.00,45.00,30.00,0.00,6.1489e-08,4.3196e-07,1.1705e-06,4.6296e-06,9.0021e-06,8.9927e-06,7.8325e-06,6.1757e-08,4.0140e-07,9.2976e-07,4.6578e-06,7.9846e-06,8.9356e-06,8.4809e-06
P38,60.00,0.00,60.00,0.00,6.1691e-08,3.7459e-07,1.0537e-06,3.9522e-06,7.8608e-06,7.8521e-06,6.8456e-06,6.1863e-08,3.4676e-07,8.3699e-07,3.9857e-06,6.9104e-06,7.7936e-06,7.4223e-06
P38,60.00,45.00,30.00,0.00,6.9457e-08,3.7479e-07,1.0541e-06,3.9529e-06,7.8612e-06,7.8525e-06,6.8458e-06,6.9642e-08,3.4695e-07,8.3733e-07,3.9864e-06,6.9108e-06,7.7940e-06,7.4226e-06
P38,0.00,45.00,0.00,0.00,6.0966e-08,4.4672e-07,1.2019e-06,4.7735e-06,9.2762e-06,9.2665e-06,8.0961e-06,6.1247e-08,4.1544e-07,9.5410e-07,4.7987e-06,8.2220e-06,9.2078e-06,8.7552e-06
P38,30.00,180.00,0.00,0.00,6.3112e-08,4.3201e-07,1.1706e-06,4.6297e-06,9.0021e-06,8.9927e-06,7.8325e-06,6.3382e-08,4.0145e-07,9.2984e-07,4.6579e-06,7.9846e-06,8.9357e-06,8.4809e-06
P38,30.00,0.00,30.00,0.00,6.1500e-08,4.3196e-07,1.1705e-06,4.6296e-06,9.0021e-06,8.9927e-06,7.8325e-06,6.1768e-08,4.0140e-07,9.2976e-07,4.6578e-06,7.9846e-06,8.9356e-06,8.4809e-06
P38,60.00,180.00,0.00,0.00,7.1268e-08,3.7484e-07,1.0542e-06,3.9530e-06,7.8612e-06,7.8526e-06,6.8459e-06,7.1456e-08,3.4699e-07,8.3740e-07,3.9866e-06,6.9109e-06,7.7940e-06,7.4227e-06
P39,60.00,0.00,60.00,0.00,6.0685e-08,1.6988e-07,5.4221e-07,2.7790e-06,6.3999e-06,6.3906e-06,4.5653e-06,6.0294e-08,1.5506e-07,4.0356e-07,2.8342e-06,5.4008e-06,6.3436e-06,5.2927e-06
P39,30.00,135.00,30.00,0.00,5.9989e-08,2.1419e-07,7.1104e-07,3.6399e-06,7.9231e-06,7.9121e-06,5.5366e-06,5.9734e-08,1.9435e-07,5.1895e-07,3.6990e-06,6.7381e-06,7.8487e-06,6.5915e-06
P39,0.00,180.00,0.00,0.00,5.9281e-08,2.2762e-07,7.6049e-07,3.8356e-06,8.2544e-06,8.2430e-06,5.8222e-06,5.9067e-08,2.0641e-07,5.5167e-07,3.8927e-06,7.0258e-06,8.1746e-06,6.9299e-06
P39,0.00,135.00,0.00,0.00,5.9281e-08,2.2762e-07,7.6049e-07,3.8356e-06,8.2544e-06,8.2430e-06,5.8222e-06,5.9067e-08,2.0641e-07,5.5167e-07,3.8927e-06,7.0258e-06,8.1746e-06,6.9299e-06
P39,30.00,180.00,0.00,0.00,6.1718e-08,2.1439e-07,7.1119e-07,3.6401e-06,7.9232e-06,7.9122e-06,5.5367e-06,6.1448e-08,1.9455e-07,5.1911e-07,3.6992e-06,6.7382e-06,7.8488e-06,6.5915e-06
P39,0.00,90.00,30.00,0.00,5.7714e-08,2.2745e-07,7.6036e-07,3.8354e-06,8.2543e-06,8.2430e-06,5.8221e-06,5.7514e-08,2.0623e-07,5.5153e-07,3.8926e-06,7.0257e-06,8.1746e-06,6.9298e-06
P39,30.00,0.00,30.00,0.00,6.0055e-08,2.1420e-07,7.1104e-07,3.6400e-06,7.9231e-06,7.9122e-06,5.5366e-06,5.9800e-08,1.9436e-07,5.1896e-07,3.6990e-06,6.7381e-06,7.8487e-06,6.5915e-06
P39,0.00,135.00,60.00,0.00,5.0993e-08,2.2662e-07,7.5969e-07,3.8347e-06,8.2539e-06,8.2426e-06,5.8219e-06,5.0847e-08,2.0540e-07,5.5085e-07,3.8918e-06,7.0252e-06,8.1742e-06,6.9296e-06
P39,60.00,45.00,0.00,0.00,7.1874e-08,1.7135e-07,5.4342e-07,2.7803e-06,6.4006e-06,6.3913e-06,4.5657e-06,7.1385e-08,1.5653e-07,4.0480e-07,2.8356e-06,5.4017e-06,6.3443e-06,5.2932e-06
P39,30.00,135.00,0.00,0.00,6.1718e-08,2.1439e-07,7.1119e-07,3.6401e-06,7.9232e-06,7.9122e-06,5.5367e-06,6.1448e-08,1.9455e-07,5.1911e-07,3.6992e-06,6.7382e-06,7.8488e-06,6.5915e-06
P39,30.00,45.00,0.00,0.00,6.1718e-08,2.1439e-07,7.1119e-07,3.6401e-06,7.9232e-06,7.9122e-06,5.5367e-06,6.1448e-08,1.9455e-07,5.1911e-07,3.6992e-06,6.7382e-06,7.8488e-06,6.5915e-06
P39,30.00,0.00,0.00,0.00,6.1718e-08,2.1439e-07,7.1119e-07,3.6401e-06,7.9232e-06,7.9122e-06,5.5367e-06,6.1448e-08,1.9455e-07,5.1911e-07,3.6992e-06,6.7382e-06,7.8488e-06,6.5915e-06
P39,60.00,180.00,0.00,0.00,7.1874e-08,1.7135e-07,5.4342e-07,2.7803e-06,6.4006e-06,6.3913e-06,4.5657e-06,7.1385e-08,1.5653e-07,4.0480e-07,2.8356e-06,5.4017e-06,6.3443e-06,5.2932e-06
P39,0.00,45.00,60.00,0.00,5.0993e-08,2.2662e-07,7.5969e-07,3.8347e-06,8.2539e-06,8.2426e-06,5.8219e-06,5.0847e-08,2.0540e-07,5.5085e-07,3.8918e-06,7.0252e-06,8.1742e-06,6.9296e-06
P39,60.00,135.00,60.00,0.00,5.9703e-08,1.6971e-07,5.4207e-07,2.7789e-06,6.3998e-06,6.3905e-06,4.5653e-06,5.9319e-08,1.5489e-07,4.0342e-07,2.8341e-06,5.4007e-06,6.3435e-06,5.2927e-06
P39,30.00,180.00,30.00,0.00,5.9977e-08,2.1419e-07,7.1104e-07,3.6399e-06,7.9231e-06,7.9121e-06,5.5366e-06,5.9722e-08,1.9435e-07,5.1895e-07,3.6990e-06,6.7381e-06,7.8487e-06,6.5915e-06
P39,0.00,180.00,30.00,0.00,5.7714e-08,2.2745e-07,7.6036e-07,3.8354e-06,8.2543e-06,8.2430e-06,5.8221e-06,5.7514e-08,2.0623e-07,5.5153e-07,3.8926e-06,7.0257e-06,8.1746e-06,6.9298e-06
P39,30.00,90.00,60.00,0.00,5.2680e-08,2.1327e-07,7.1030e-07,3.6391e-06,7.9227e-06,7.9117e-06,5.5364e-06,5.2484e-08,1.9343e-07,5.1820e-07,3.6981e-06,6.7375e-06,7.8483e-06,6.5912e-06
P39,0.00,90.00,0.00,0.00,5.9281e-08,2.2762e-07,7.6049e-07,3.8356e-06,8.2544e-06,8.2430e-06,5.8222e-06,5.9067e-08,2.0641e-07,5.5167e-07,3.8927e-06,7.0258e-06,8.1746e-06,6.9299e-06
P39,30.00,135.00,60.00,0.00,5.2577e-08,2.1325e-07,7.1029e-07,3.6391e-06,7.9227e-06,7.9117e-06,5.5364e-06,5.2381e-08,1.9341e-07,5.1819e-07,3.6981e-06,6.7375e-06,7.8483e-06,6.5912e-06
P39,0.00,90.00,60.00,0.00,5.0993e-08,2.2662e-07,7.5969e-07,3.8347e-06,8.2539e-06,8.2426e-06,5.8219e-06,5.0847e-08,2.0540e-07,5.5085e-07,3.8918e-06,7.0252e-06,8.1742e-06,6.9296e-06
P39,30.00,90.00,0.00,0.00,6.1718e-08,2.1439e-07,7.1119e-07,3.6401e-06,7.9232e-06,7.9122e-06,5.5367e-06,6.1448e-08,1.9455e-07,5.1911e-07,3.6992e-06,6.7382e-06,7.8488e-06,6.5915e-06
P39,60.00,45.00,30.00,0.00,6.9800e-08,1.7110e-07,5.4321e-07,2.7801e-06,6.4005e-06,6.3912e-06,4.5656e-06,6.9330e-08,1.5628e-07,4.0459e-07,2.8353e-06,5.4015e-06,6.3442e-06,5.2931e-06
P39,60.00,180.00,30.00,0.00,6.9542e-08,1.7106e-07,5.4318e-07,2.7801e-06,6.4004e-06,6.3912e-06,4.5656e-06,6.9073e-08,1.5624e-07,4.0456e-07,2.8353e-06,5.4015e-06,6.3441e-06,5.2931e-06
P39,30.00,0.00,60.00,0.00,5.2824e-08,2.1329e-07,7.1032e-07,3.6391e-06,7.9227e-06,7.9117e-06,5.5364e-06,5.2627e-08,1.9345e-07,5.1822e-07,3.6981e-06,6.7375e-06,7.8483e-06,6.5912e-06
P39,0.00,0.00,30.00,0.00,5.7714e-08,2.2745e-07,7.6036e-07,3.8354e-06,8.2543e-06,8.2430e-06,5.8221e-06,5.7514e-08,2.0623e-07,5.5153e-07,3.8926e-06,7.0257e-06,8.1746e-06,6.9298e-06
P39,60.00,135.00,0.00,0.00,7.1874e-08,1.7135e-07,5.4342e-07,2.7803e-06,6.4006e-06,6.3913e-06,4.5657e-06,7.1385e-08,1.5653e-07,4.0480e-07,2.8356e-06,5.4017e-06,6.3443e-06,5.2932e-06
P39,30.00,45.00,60.00,0.00,5.2782e-08,2.1329e-07,7.1031e-07,3.6391e-06,7.9227e-06,7.9117e-06,5.5364e-06,5.2585e-08,1.9344e-07,5.1821e-07,3.6981e-06,6.7375e-06,7.8483e-06,6.5912e-06
P39,60.00,90.00,0.00,0.00,7.1874e-08,1.7135e-07,5.4342e-07,2.7803e-06,6.4006e-06,6.3913e-06,4.5657e-06,7.1385e-08,1.5653e-07,4.0480e-07,2.8356e-06,5.4017e-06,6.3443e-06,5.2932e-06
P39,60.00,0.00,0.00,0.00,7.1874e-08,1.7135e-07,5.4342e-07,2.7803e-06,6.4006e-06,6.3913e-06,4.5657e-06,7.1385e-08,1.5653e-07,4.0480e-07,2.8356e-06,5.4017e-06,6.3443e-06,5.2932e-06
P39,30.00,45.00,30.00,0.00,6.0044e-08,2.1419e-07,7.1104e-07,3.6400e-06,7.9231e-06,7.9122e-06,5.5366e-06,5.9788e-08,1.9436e-07,5.1896e-07,3.6990e-06,6.7381e-06,7.8487e-06,6.5915e-06
P39,30.00,180.00,60.00,0.00,5.2534e-08,2.1325e-07,7.1028e-07,3.6391e-06,7.9227e-06,7.9117e-06,5.5364e-06,5.2338e-08,1.9341e-07,5.1818e-07,3.6981e-06,6.7375e-06,7.8483e-06,6.5912e-06
P39,60.00,90.00,30.00,0.00,6.9694e-08,1.7108e-07,5.4320e-07,2.7801e-06,6.4004e-06,6.3912e-06,4.5656e-06,6.9224e-08,1.5626e-07,4.0458e-07,2.8353e-06,5.4015e-06,6.3441e-06,5.2931e-06
P39,0.00,180.00,60.00,0.00,5.0993e-08,2.2662e-07,7.5969e-07,3.8347e-06,8.2539e-06,8.2426e-06,5.8219e-06,5.0847e-08,2.0540e-07,5.5085e-07,3.8918e-06,7.0252e-06,8.1742e-06,6.9296e-06
P39,60.00,90.00,60.00,0.00,6.0120e-08,1.6978e-07,5.4213e-07,2.7790e-06,6.3999e-06,6.3906e-06,4.5653e-06,5.9733e-08,1.5496e-07,4.0348e-07,2.8341e-06,5.4008e-06,6.3435e-06,5.2927e-06
P39,60.00,180.00,60.00,0.00,5.9526e-08,1.6968e-07,5.4205e-07,2.7789e-06,6.3998e-06,6.3905e-06,4.5653e-06,5.9143e-08,1.5486e-07,4.0340e-07,2.8340e-06,5.4007e-06,6.3435e-06,5.2927e-06
P39,0.00,0.00,60.00,0.00,5.0993e-08,2.2662e-07,7.5969e-07,3.8347e-06,8.2539e-06,8.2426e-06,5.8219e-06,5.0847e-08,2.0540e-07,5.5085e-07,3.8918e-06,7.0252e-06,8.1742e-06,6.9296e-06
P39,60.00,45.00,60.00,0.00,6.0522e-08,1.6985e-07,5.4218e-07,2.7790e-06,6.3999e-06,6.3906e-06,4.5653e-06,6.0133e-08,1.5503e-07,4.0354e-07,2.8342e-06,5.4008e-06,6.3436e-06,5.2927e-06
P39,30.00,90.00,30.00,0.00,6.0016e-08,2.1419e-07,7.1104e-07,3.6400e-06,7.9231e-06,7.9121e-06,5.5366e-06,5.9761e-08,1.9435e-07,5.1896e-07,3.6990e-06,6.7381e-06,7.8487e-06,6.5915e-06
P39,0.00,135.00,30.00,0.00,5.7714e-08,2.2745e-07,7.6036e-07,3.8354e-06,8.2543e-06,8.2430e-06,5.8221e-06,5.7514e-08,2.0623e-07,5.5153e-07,3.8926e-06,7.0257e-06,8.1746e-06,6.9298e-06
P39,60.00,135.00,30.00,0.00,6.9587e-08,1.7106e-07,5.4318e-07,2.7801e-06,6.4004e-06,6.3912e-06,4.5656e-06,6.9118e-08,1.5625e-07,4.0457e-07,2.8353e-06,5.4015e-06,6.3441e-06,5.2931e-06
P39,60.00,0.00,30.00,0.00,6.9844e-08,1.7111e-07,5.4321e-07,2.7801e-06,6.4005e-06,6.3912e-06,4.5656e-06,6.9373e-08,1.5629e-07,4.0460e-07,2.8353e-06,5.4015e-06,6.3442e-06,5.2931e-06
P39,0.00,45.00,30.00,0.00,5.7714e-08,2.2745e-07,7.6036e-07,3.8354e-06,8.2543e-06,8.2430e-06,5.8221e-06,5.7514e-08,2.0623e-07,5.5153e-07,3.8926e-06,7.0257e-06,8.1746e-06,6.9298e-06
P39,0.00,45.00,0.00,0.00,5.9281e-08,2.2762e-07,7.6049e-07,3.8356e-06,8.2544e-06,8.2430e-06,5.8222e-06,5.9067e-08,2.0641e-07,5.5167e-07,3.8927e-06,7.0258e-06,8.1746e-06,6.9299e-06
P39,0.00,0.00,0.00,0.00,5.9281e-08,2.2762e-07,7.6049e-07,3.8356e-06,8.2544e-06,8.2430e-06,5.8222e-06,5.9067e-08,2.0641e-07,5.5167e-07,3.8927e-06,7.0258e-06,8.1746e-06,6.9299e-06
P40,0.00,135.00,0.00,0.00,5.9951e-08,4.6978e-07,1.2808e-06,4.7315e-06,9.4413e-06,9.4301e-06,7.8435e-06,6.0111e-08,4.3639e-07,1.0156e-06,4.7543e-06,8.2258e-06,9.3595e-06,8.6981e-06
P40,30.00,135.00,0.00,0.00,6.2136e-08,4.4586e-07,1.2287e-06,4.5793e-06,9.1459e-06,9.1352e-06,7.5352e-06,6.2275e-08,4.1368e-07,9.7347e-07,4.6056e-06,7.9848e-06,9.0689e-06,8.3786e-06
P40,0.00,180.00,30.00,0.00,5.8531e-08,4.6963e-07,1.2806e-06,4.7314e-06,9.4412e-06,9.4301e-06,7.8435e-06,5.8691e-08,4.3624e-07,1.0154e-06,4.7541e-06,8.2257e-06,9.3594e-06,8.6981e-06
P40,30.00,0.00,30.00,0.00,6.0651e-08,4.4570e-07,1.2285e-06,4.5792e-06,9.1458e-06,9.1351e-06,7.5351e-06,6.0790e-08,4.1352e-07,9.7333e-07,4.6054e-06,7.9847e-06,9.0689e-06,8.3785e-06
P40,60.00,135.00,30.00,0.00,6.8848e-08,3.5558e-07,1.0231e-06,3.8320e-06,7.7968e-06,7.7875e-06,6.3686e-06,6.8867e-08,3.2838e-07,8.0720e-07,3.8652e-06,6.7892e-06,7.7290e-06,7.1009e-06
P40,30.00,180.00,0.00,0.00,6.2136e-08,4.4586e-07,1.2287e-06,4.5793e-06,9.1459e-06,9.1352e-06,7.5352e-06,6.2275e-08,4.1368e-07,9.7347e-07,4.6056e-06,7.9848e-06,9.0689e-06,8.3786e-06
P40,30.00,180.00,30.00,0.00,6.0578e-08,4.4569e-07,1.2285e-06,4.5792e-06,9.1458e-06,9.1351e-06,7.5351e-06,6.0716e-08,4.1351e-07,9.7333e-07,4.6054e-06,7.9847e-06,9.0688e-06,8.3785e-06
P40,30.00,90.00,0.00,0.00,6.2136e-08,4.4586e-07,1.2287e-06,4.5793e-06,9.1459e-06,9.1352e-06,7.5352e-06,6.2275e-08,4.1368e-07,9.7347e-07,4.6056e-06,7.9848e-06,9.0689e-06,8.3786e-06
P40,0.00,90.00,0.00,0.00,5.9951e-08,4.6978e-07,1.2808e-06,4.7315e-06,9.4413e-06,9.4301e-06,7.8435e-06,6.0111e-08,4.3639e-07,1.0156e-06,4.7543e-06,8.2258e-06,9.3595e-06,8.6981e-06
P40,60.00,90.00,0.00,0.00,7.0784e-08,3.5579e-07,1.0233e-06,3.8322e-06,7.7969e-06,7.7876e-06,6.3686e-06,7.0804e-08,3.2859e-07,8.0740e-07,3.8654e-06,6.7894e-06,7.7291e-06,7.1010e-06
P40,30.00,45.00,60.00,0.00,5.4285e-08,4.4499e-07,1.2279e-06,4.5786e-06,9.1455e-06,9.1349e-06,7.5349e-06,5.4415e-08,4.1281e-07,9.7269e-07,4.6048e-06,7.9843e-06,9.0686e-06,8.3783e-06
P40,0.00,0.00,0.00,0.00,5.9951e-08,4.6978e-07,1.2808e-06,4.7315e-06,9.4413e-06,9.4301e-06,7.8435e-06,6.0111e-08,4.3639e-07,1.0156e-06,4.7543e-06,8.2258e-06,9.3595e-06,8.6981e-06
P40,60.00,0.00,0.00,0.00,7.0784e-08,3.5579e-07,1.0233e-06,3.8322e-06,7.7969e-06,7.7876e-06,6.3686e-06,7.0804e-08,3.2859e-07,8.0740e-07,3.8654e-06,6.7894e-06,7.7291e-06,7.1010e-06
P40,60.00,90.00,60.00,0.00,6.0930e-08,3.5470e-07,1.0222e-06,3.8312e-06,7.7964e-06,7.7871e-06,6.3682e-06,6.0943e-08,3.2750e-07,8.0633e-07,3.8643e-06,6.7887e-06,7.7286e-06,7.1005e-06
P40,60.00,135.00,0.00,0.00,7.0784e-08,3.5579e-07,1.0233e-06,3.8322e-06,7.7969e-06,7.7876e-06,6.3686e-06,7.0804e-08,3.2859e-07,8.0740e-07,3.8654e-06,6.7894e-06,7.7291e-06,7.1010e-06
P40,30.00,45.00,0.00,0.00,6.2136e-08,4.4586e-07,1.2287e-06,4.5793e-06,9.1459e-06,9.1352e-06,7.5352e-06,6.2275e-08,4.1368e-07,9.7347e-07,4.6056e-06,7.9848e-06,9.0689e-06,8.3786e-06
P40,60.00,90.00,30.00,0.00,6.8944e-08,3.5560e-07,1.0231e-06,3.8320e-06,7.7968e-06,7.7875e-06,6.3686e-06,6.8962e-08,3.2839e-07,8.0721e-07,3.8652e-06,6.7893e-06,7.7290e-06,7.1009e-06
P40,0.00,45.00,0.00,0.00,5.9951e-08,4.6978e-07,1.2808e-06,4.7315e-06,9.4413e-06,9.4301e-06,7.8435e-06,6.0111e-08,4.3639e-07,1.0156e-06,4.7543e-06,8.2258e-06,9.3595e-06,8.6981e-06
P40,60.00,135.00,60.00,0.00,6.0567e-08,3.5465e-07,1.0221e-06,3.8311e-06,7.7963e-06,7.7871e-06,6.3682e-06,6.0579e-08,3.2745e-07,8.0628e-07,3.8643e-06,6.7887e-06,7.7285e-06,7.1005e-06
P40,0.00,0.00,30.00,0.00,5.8531e-08,4.6963e-07,1.2806e-06,4.7314e-06,9.4412e-06,9.4301e-06,7.8435e-06,5.8691e-08,4.3624e-07,1.0154e-06,4.7541e-06,8.2257e-06,9.3594e-06,8.6981e-06
P40,30.00,135.00,30.00,0.00,6.0588e-08,4.4569e-07,1.2285e-06,4.5792e-06,9.1458e-06,9.1351e-06,7.5351e-06,6.0727e-08,4.1351e-07,9.7333e-07,4.6054e-06,7.9847e-06,9.0689e-06,8.3785e-06
P40,30.00,135.00,60.00,0.00,5.4099e-08,4.4496e-07,1.2279e-06,4.5785e-06,9.1455e-06,9.1348e-06,7.5349e-06,5.4230e-08,4.1278e-07,9.7267e-07,4.6048e-06,7.9843e-06,9.0685e-06,8.3783e-06
P40,30.00,90.00,30.00,0.00,6.0615e-08,4.4569e-07,1.2285e-06,4.5792e-06,9.1458e-06,9.1351e-06,7.5351e-06,6.0753e-08,4.1351e-07,9.7333e-07,4.6054e-06,7.9847e-06,9.0689e-06,8.3785e-06
P40,30.00,90.00,60.00,0.00,5.4192e-08,4.4497e-07,1.2279e-06,4.5785e-06,9.1455e-06,9.1348e-06,7.5349e-06,5.4323e-08,4.1280e-07,9.7268e-07,4.6048e-06,7.9843e-06,9.0686e-06,8.3783e-06
P40,60.00,180.00,0.00,0.00,7.0784e-08,3.5579e-07,1.0233e-06,3.8322e-06,7.7969e-06,7.7876e-06,6.3686e-06,7.0804e-08,3.2859e-07,8.0740e-07,3.8654e-06,6.7894e-06,7.7291e-06,7.1010e-06
P40,30.00,45.00,30.00,0.00,6.0641e-08,4.4570e-07,1.2285e-06,4.5792e-06,9.1458e-06,9.1351e-06,7.5351e-06,6.0779e-08,4.1352e-07,9.7333e-07,4.6054e-06,7.9847e-06,9.0689e-06,8.3785e-06
P40,60.00,180.00,30.00,0.00,6.8808e-08,3.5558e-07,1.0231e-06,3.8320e-06,7.7968e-06,7.7875e-06,6.3686e-06,6.8827e-08,3.2837e-07,8.0719e-07,3.8652e-06,6.7892e-06,7.7290e-06,7.1009e-06
P40,0.00,90.00,60.00,0.00,5.2585e-08,4.6896e-07,1.2800e-06,4.7308e-06,9.4410e-06,9.4298e-06,7.8433e-06,5.2738e-08,4.3558e-07,1.0148e-06,4.7536e-06,8.2254e-06,9.3591e-06,8.6979e-06
P40,60.00,0.00,30.00,0.00,6.9078e-08,3.5561e-07,1.0231e-06,3.8321e-06,7.7968e-06,7.7876e-06,6.3686e-06,6.9097e-08,3.2841e-07,8.0723e-07,3.8652e-06,6.7893e-06,7.7290e-06,7.1009e-06
P40,0.00,180.00,60.00,0.00,5.2585e-08,4.6896e-07,1.2800e-06,4.7308e-06,9.4410e-06,9.4298e-06,7.8433e-06,5.2738e-08,4.3558e-07,1.0148e-06,4.7536e-06,8.2254e-06,9.3591e-06,8.6979e-06
P40,60.00,0.00,60.00,0.00,6.1423e-08,3.5477e-07,1.0223e-06,3.8312e-06,7.7964e-06,7.7872e-06,6.3683e-06,6.1436e-08,3.2758e-07,8.0641e-07,3.8644e-06,6.7888e-06,7.7286e-06,7.1006e-06
P40,0.00,45.00,30.00,0.00,5.8531e-08,4.6963e-07,1.2806e-06,4.7314e-06,9.4412e-06,9.4301e-06,7.8435e-06,5.8691e-08,4.3624e-07,1.0154e-06,4.7541e-06,8.2257e-06,9.3594e-06,8.6981e-06
P40,0.00,180.00,0.00,0.00,5.9951e-08,4.6978e-07,1.2808e-06,4.7315e-06,9.4413e-06,9.4301e-06,7.8435e-06,6.0111e-08,4.3639e-07,1.0156e-06,4.7543e-06,8.2258e-06,9.3595e-06,8.6981e-06
P40,0.00,0.00,60.00,0.00,5.2585e-08,4.6896e-07,1.2800e-06,4.7308e-06,9.4410e-06,9.4298e-06,7.8433e-06,5.2738e-08,4.3558e-07,1.0148e-06,4.7536e-06,8.2254e-06,9.3591e-06,8.6979e-06
P40,0.00,135.00,30.00,0.00,5.8531e-08,4.6963e-07,1.2806e-06,4.7314e-06,9.4412e-06,9.4301e-06,7.8435e-06,5.8691e-08,4.3624e-07,1.0154e-06,4.7541e-06,8.2257e-06,9.3594e-06,8.6981e-06
P40,60.00,45.00,30.00,0.00,6.9039e-08,3.5561e-07,1.0231e-06,3.8321e-06,7.7968e-06,7.7876e-06,6.3686e-06,6.9058e-08,3.2840e-07,8.0722e-07,3.8652e-06,6.7893e-06,7.7290e-06,7.1009e-06
P40,0.00,90.00,30.00,0.00,5.8531e-08,4.6963e-07,1.2806e-06,4.7314e-06,9.4412e-06,9.4301e-06,7.8435e-06,5.8691e-08,4.3624e-07,1.0154e-06,4.7541e-06,8.2257e-06,9.3594e-06,8.6981e-06
P40,60.00,45.00,0.00,0.00,7.0784e-08,3.5579e-07,1.0233e-06,3.8322e-06,7.7969e-06,7.7876e-06,6.3686e-06,7.0804e-08,3.2859e-07,8.0740e-07,3.8654e-06,6.7894e-06,7.7291e-06,7.1010e-06
P40,60.00,45.00,60.00,0.00,6.1281e-08,3.5475e-07,1.0223e-06,3.8312e-06,7.7964e-06,7.7871e-06,6.3683e-06,6.1294e-08,3.2756e-07,8.0639e-07,3.8644e-06,6.7888e-06,7.7286e-06,7.1006e-06
P40,30.00,180.00,60.00,0.00,5.4060e-08,4.4495e-07,1.2279e-06,4.5785e-06,9.1455e-06,9.1348e-06,7.5349e-06,5.4191e-08,4.1278e-07,9.7266e-07,4.6048e-06,7.9843e-06,9.0685e-06,8.3783e-06
P40,60.00,180.00,60.00,0.00,6.0413e-08,3.5462e-07,1.0221e-06,3.8311e-06,7.7963e-06,7.7871e-06,6.3682e-06,6.0425e-08,3.2743e-07,8.0625e-07,3.8643e-06,6.7887e-06,7.7285e-06,7.1005e-06
P40,30.00,0.00,60.00,0.00,5.4323e-08,4.4499e-07,1.2279e-06,4.5786e-06,9.1455e-06,9.1349e-06,7.5349e-06,5.4453e-08,4.1281e-07,9.7270e-07,4.6048e-06,7.9843e-06,9.0686e-06,8.3783e-06
P40,0.00,45.00,60.00,0.00,5.2585e-08,4.6896e-07,1.2800e-06,4.7308e-06,9.4410e-06,9.4298e-06,7.8433e-06,5.2738e-08,4.3558e-07,1.0148e-06,4.7536e-06,8.2254e-06,9.3591e-06,8.6979e-06
P40,0.00,135.00,60.00,0.00,5.2585e-08,4.6896e-07,1.2800e-06,4.7308e-06,9.4410e-06,9.4298e-06,7.8433e-06,5.2738e-08,4.3558e-07,1.0148e-06,4.7536e-06,8.2254e-06,9.3591e-06,8.6979e-06
P40,30.00,0.00,0.00,0.00,6.2136e-08,4.4586e-07,1.2287e-06,4.5793e-06,9.1459e-06,9.1352e-06,7.5352e-06,6.2275e-08,4.1368e-07,9.7347e-07,4.6056e-06,7.9848e-06,9.0689e-06,8.3786e-06
P41,0.00,135.00,60.00,0.00,5.2333e-08,3.0930e-07,1.0088e-06,4.3881e-06,9.0464e-06,9.0347e-06,7.4244e-06,5.2451e-08,2.8108e-07,7.5055e-07,4.4127e-06,7.7689e-06,8.9588e-06,8.2877e-06
P41,60.00,90.00,60.00,0.00,6.0710e-08,2.2948e-07,7.6001e-07,3.4280e-06,7.2787e-06,7.2693e-06,5.9016e-06,6.0675e-08,2.0826e-07,5.6556e-07,3.4601e-06,6.2641e-06,7.2139e-06,6.5812e-06
P41,0.00,0.00,0.00,0.00,6.1074e-08,3.1000e-07,1.0097e-06,4.3891e-06,9.0469e-06,9.0351e-06,7.4247e-06,6.1186e-08,2.8176e-07,7.5139e-07,4.4138e-06,7.7695e-06,8.9593e-06,8.2880e-06
P41,0.00,180.00,0.00,0.00,6.1074e-08,3.1000e-07,1.0097e-06,4.3891e-06,9.0469e-06,9.0351e-06,7.4247e-06,6.1186e-08,2.8176e-07,7.5139e-07,4.4138e-06,7.7695e-06,8.9593e-06,8.2880e-06
P41,0.00,45.00,30.00,0.00,5.9391e-08,3.0986e-07,1.0095e-06,4.3889e-06,9.0468e-06,9.0351e-06,7.4247e-06,5.9505e-08,2.8162e-07,7.5123e-07,4.4136e-06,7.7694e-06,8.9592e-06,8.2880e-06
P41,30.00,180.00,0.00,0.00,6.3369e-08,2.9156e-07,9.5586e-07,4.2207e-06,8.7357e-06,8.7245e-06,7.1001e-06,6.3454e-08,2.6479e-07,7.1076e-07,4.2484e-06,7.5154e-06,8.6544e-06,7.9450e-06
P41,30.00,0.00,0.00,0.00,6.3369e-08,2.9156e-07,9.5586e-07,4.2207e-06,8.7357e-06,8.7245e-06,7.1001e-06,6.3454e-08,2.6479e-07,7.1076e-07,4.2484e-06,7.5154e-06,8.6544e-06,7.9450e-06
P41,60.00,0.00,0.00,0.00,7.2309e-08,2.3026e-07,7.6130e-07,3.4294e-06,7.2794e-06,7.2701e-06,5.9020e-06,7.2260e-08,2.0901e-07,5.6665e-07,3.4616e-06,6.2649e-06,7.2146e-06,6.5817e-06
P41,30.00,45.00,60.00,0.00,5.4052e-08,2.9083e-07,9.5486e-07,4.2197e-06,8.7352e-06,8.7240e-06,7.0997e-06,5.4144e-08,2.6409e-07,7.0987e-07,4.2473e-06,7.5148e-06,8.6538e-06,7.9446e-06
P41,60.00,0.00,30.00,0.00,7.0290e-08,2.3013e-07,7.6109e-07,3.4292e-06,7.2793e-06,7.2699e-06,5.9020e-06,7.0243e-08,2.0888e-07,5.6647e-07,3.4613e-06,6.2648e-06,7.2145e-06,6.5816e-06
P41,30.00,180.00,60.00,0.00,5.3797e-08,2.9081e-07,9.5482e-07,4.2196e-06,8.7352e-06,8.7239e-06,7.0997e-06,5.3889e-08,2.6406e-07,7.0983e-07,4.2473e-06,7.5148e-06,8.6538e-06,7.9446e-06
P41,30.00,135.00,0.00,0.00,6.3369e-08,2.9156e-07,9.5586e-07,4.2207e-06,8.7357e-06,8.7245e-06,7.1001e-06,6.3454e-08,2.6479e-07,7.1076e-07,4.2484e-06,7.5154e-06,8.6544e-06,7.9450e-06
P41,60.00,180.00,30.00,0.00,6.9983e-08,2.3010e-07,7.6105e-07,3.4291e-06,7.2792e-06,7.2699e-06,5.9020e-06,6.9936e-08,2.0885e-07,5.6643e-07,3.4613e-06,6.2648e-06,7.2145e-06,6.5816e-06
P41,0.00,90.00,60.00,0.00,5.2333e-08,3.0930e-07,1.0088e-06,4.3881e-06,9.0464e-06,9.0347e-06,7.4244e-06,5.2451e-08,2.8108e-07,7.5055e-07,4.4127e-06,7.7689e-06,8.9588e-06,8.2877e-06
P41,60.00,135.00,0.00,0.00,7.2309e-08,2.3026e-07,7.6130e-07,3.4294e-06,7.2794e-06,7.2701e-06,5.9020e-06,7.2260e-08,2.0901e-07,5.6665e-07,3.4616e-06,6.2649e-06,7.2146e-06,6.5817e-06
P41,30.00,90.00,30.00,0.00,6.1565e-08,2.9141e-07,9.5568e-07,4.2205e-06,8.7356e-06,8.7244e-06,7.1000e-06,6.1652e-08,2.6464e-07,7.1059e-07,4.2482e-06,7.5153e-06,8.6543e-06,7.9449e-06
P41,0.00,135.00,0.00,0.00,6.1074e-08,3.1000e-07,1.0097e-06,4.3891e-06,9.0469e-06,9.0351e-06,7.4247e-06,6.1186e-08,2.8176e-07,7.5139e-07,4.4138e-06,7.7695e-06,8.9593e-06,8.2880e-06
P41,0.00,45.00,0.00,0.00,6.1074e-08,3.1000e-07,1.0097e-06,4.3891e-06,9.0469e-06,9.0351e-06,7.4247e-06,6.1186e-08,2.8176e-07,7.5139e-07,4.4138e-06,7.7695e-06,8.9593e-06,8.2880e-06
P41,30.00,90.00,60.00,0.00,5.3947e-08,2.9082e-07,9.5484e-07,4.2196e-06,8.7352e-06,8.7239e-06,7.0997e-06,5.4039e-08,2.6408e-07,7.0986e-07,4.2473e-06,7.5148e-06,8.6538e-06,7.9446e-06
P41,60.00,180.00,60.00,0.00,6.0129e-08,2.2943e-07,7.5993e-07,3.4279e-06,7.2786e-06,7.2693e-06,5.9016e-06,6.0094e-08,2.0822e-07,5.6549e-07,3.4600e-06,6.2640e-06,7.2138e-06,6.5811e-06
P41,60.00,135.00,30.00,0.00,7.0028e-08,2.3010e-07,7.6106e-07,3.4291e-06,7.2793e-06,7.2699e-06,5.9020e-06,6.9982e-08,2.0886e-07,5.6644e-07,3.4613e-06,6.2648e-06,7.2145e-06,6.5816e-06
P41,30.00,180.00,30.00,0.00,6.1523e-08,2.9141e-07,9.5567e-07,4.2205e-06,8.7356e-06,8.7244e-06,7.1000e-06,6.1609e-08,2.6464e-07,7.1058e-07,4.2482e-06,7.5153e-06,8.6543e-06,7.9449e-06
P41,30.00,135.00,60.00,0.00,5.3841e-08,2.9081e-07,9.5483e-07,4.2196e-06,8.7352e-06,8.7239e-06,7.0997e-06,5.3933e-08,2.6407e-07,7.0984e-07,4.2473e-06,7.5148e-06,8.6538e-06,7.9446e-06
P41,0.00,0.00,60.00,0.00,5.2333e-08,3.0930e-07,1.0088e-06,4.3881e-06,9.0464e-06,9.0347e-06,7.4244e-06,5.2451e-08,2.8108e-07,7.5055e-07,4.4127e-06,7.7689e-06,8.9588e-06,8.2877e-06
P41,0.00,135.00,30.00,0.00,5.9391e-08,3.0986e-07,1.0095e-06,4.3889e-06,9.0468e-06,9.0351e-06,7.4247e-06,5.9505e-08,2.8162e-07,7.5123e-07,4.4136e-06,7.7694e-06,8.9592e-06,8.2880e-06
P41,0.00,0.00,30.00,0.00,5.9391e-08,3.0986e-07,1.0095e-06,4.3889e-06,9.0468e-06,9.0351e-06,7.4247e-06,5.9505e-08,2.8162e-07,7.5123e-07,4.4136e-06,7.7694e-06,8.9592e-06,8.2880e-06
P41,60.00,45.00,0.00,0.00,7.2309e-08,2.3026e-07,7.6130e-07,3.4294e-06,7.2794e-06,7.2701e-06,5.9020e-06,7.2260e-08,2.0901e-07,5.6665e-07,3.4616e-06,6.2649e-06,7.2146e-06,6.5817e-06
P41,30.00,45.00,30.00,0.00,6.1595e-08,2.9141e-07,9.5568e-07,4.2205e-06,8.7356e-06,8.7244e-06,7.1000e-06,6.1682e-08,2.6465e-07,7.1059e-07,4.2482e-06,7.5153e-06,8.6543e-06,7.9449e-06
P41,30.00,135.00,30.00,0.00,6.1535e-08,2.9141e-07,9.5567e-07,4.2205e-06,8.7356e-06,8.7244e-06,7.1000e-06,6.1622e-08,2.6464e-07,7.1059e-07,4.2482e-06,7.5153e-06,8.6543e-06,7.9449e-06
P41,0.00,90.00,0.00,0.00,6.1074e-08,3.1000e-07,1.0097e-06,4.3891e-06,9.0469e-06,9.0351e-06,7.4247e-06,6.1186e-08,2.8176e-07,7.5139e-07,4.4138e-06,7.7695e-06,8.9593e-06,8.2880e-06
P41,30.00,0.00,30.00,0.00,6.1607e-08,2.9141e-07,9.5568e-07,4.2205e-06,8.7356e-06,8.7244e-06,7.1000e-06,6.1694e-08,2.6465e-07,7.1059e-07,4.2482e-06,7.5153e-06,8.6543e-06,7.9449e-06
P41,0.00,180.00,30.00,0.00,5.9391e-08,3.0986e-07,1.0095e-06,4.3889e-06,9.0468e-06,9.0351e-06,7.4247e-06,5.9505e-08,2.8162e-07,7.5123e-07,4.4136e-06,7.7694e-06,8.9592e-06,8.2880e-06
P41,30.00,0.00,60.00,0.00,5.4095e-08,2.9083e-07,9.5486e-07,4.2197e-06,8.7352e-06,8.7240e-06,7.0997e-06,5.4187e-08,2.6409e-07,7.0987e-07,4.2473e-06,7.5148e-06,8.6538e-06,7.9446e-06
P41,60.00,90.00,0.00,0.00,7.2309e-08,2.3026e-07,7.6130e-07,3.4294e-06,7.2794e-06,7.2701e-06,5.9020e-06,7.2260e-08,2.0901e-07,5.6665e-07,3.4616e-06,6.2649e-06,7.2146e-06,6.5817e-06
P41,60.00,135.00,60.00,0.00,6.0302e-08,2.2944e-07,7.5995e-07,3.4279e-06,7.2786e-06,7.2693e-06,5.9016e-06,6.0267e-08,2.0823e-07,5.6551e-07,3.4600e-06,6.2640e-06,7.2138e-06,6.5812e-06
P41,60.00,45.00,30.00,0.00,7.0245e-08,2.3012e-07,7.6108e-07,3.4292e-06,7.2793e-06,7.2699e-06,5.9020e-06,7.0199e-08,2.0888e-07,5.6647e-07,3.4613e-06,6.2648e-06,7.2145e-06,6.5816e-06
P41,0.00,90.00,30.00,0.00,5.9391e-08,3.0986e-07,1.0095e-06,4.3889e-06,9.0468e-06,9.0351e-06,7.4247e-06,5.9505e-08,2.8162e-07,7.5123e-07,4.4136e-06,7.7694e-06,8.9592e-06,8.2880e-06
P41,0.00,180.00,60.00,0.00,5.2333e-08,3.0930e-07,1.0088e-06,4.3881e-06,9.0464e-06,9.0347e-06,7.4244e-06,5.2451e-08,2.8108e-07,7.5055e-07,4.4127e-06,7.7689e-06,8.9588e-06,8.2877e-06
P41,30.00,45.00,0.00,0.00,6.3369e-08,2.9156e-07,9.5586e-07,4.2207e-06,8.7357e-06,8.7245e-06,7.1001e-06,6.3454e-08,2.6479e-07,7.1076e-07,4.2484e-06,7.5154e-06,8.6544e-06,7.9450e-06
P41,60.00,90.00,30.00,0.00,7.0137e-08,2.3011e-07,7.6107e-07,3.4291e-06,7.2793e-06,7.2699e-06,5.9020e-06,7.0091e-08,2.0887e-07,5.6645e-07,3.4613e-06,6.2648e-06,7.2145e-06,6.5816e-06
P41,30.00,90.00,0.00,0.00,6.3369e-08,2.9156e-07,9.5586e-07,4.2207e-06,8.7357e-06,8.7245e-06,7.1001e-06,6.3454e-08,2.6479e-07,7.1076e-07,4.2484e-06,7.5154e-06,8.6544e-06,7.9450e-06
P41,60.00,45.00,60.00,0.00,6.1105e-08,2.2951e-07,7.6007e-07,3.4280e-06,7.2787e-06,7.2694e-06,5.9016e-06,6.1070e-08,2.0830e-07,5.6561e-07,3.4602e-06,6.2641e-06,7.2139e-06,6.5812e-06
P41,0.00,45.00,60.00,0.00,5.2333e-08,3.0930e-07,1.0088e-06,4.3881e-06,9.0464e-06,9.0347e-06,7.4244e-06,5.2451e-08,2.8108e-07,7.5055e-07,4.4127e-06,7.7689e-06,8.9588e-06,8.2877e-06
P41,60.00,180.00,0.00,0.00,7.2309e-08,2.3026e-07,7.6130e-07,3.4294e-06,7.2794e-06,7.2701e-06,5.9020e-06,7.2260e-08,2.0901e-07,5.6665e-07,3.4616e-06,6.2649e-06,7.2146e-06,6.5817e-06
P41,60.00,0.00,60.00,0.00,6.1265e-08,2.2953e-07,7.6009e-07,3.4280e-06,7.2787e-06,7.2694e-06,5.9016e-06,6.1229e-08,2.0831e-07,5.6563e-07,3.4602e-06,6.2641e-06,7.2139e-06,6.5812e-06
P42,60.00,90.00,30.00,0.00,6.8466e-08,2.8020e-07,7.4233e-07,2.7727e-06,6.1928e-06,6.1841e-06,5.1252e-06,6.8339e-08,2.6128e-07,5.9666e-07,2.8052e-06,5.2411e-06,6.1291e-06,5.6467e-06
P42,60.00,180.00,60.00,0.00,5.7702e-08,2.7861e-07,7.4081e-07,2.7713e-06,6.1921e-06,6.1834e-06,5.1248e-06,5.7611e-08,2.5969e-07,5.9514e-07,2.8037e-06,5.2401e-06,6.1283e-06,5.6462e-06
P42,30.00,0.00,60.00,0.00,5.1506e-08,3.4754e-07,9.2050e-07,3.5721e-06,7.6114e-06,7.6014e-06,6.1262e-06,5.1562e-08,3.2399e-07,7.3668e-07,3.6058e-06,6.5193e-06,7.5391e-06,6.8605e-06
P42,0.00,180.00,0.00,0.00,5.9096e-08,3.6754e-07,9.6777e-07,3.7610e-06,7.9401e-06,7.9297e-06,6.4069e-06,5.9154e-08,3.4283e-07,7.7443e-07,3.7933e-06,6.8103e-06,7.8644e-06,7.1779e-06
P42,0.00,180.00,60.00,0.00,4.9788e-08,3.6630e-07,9.6666e-07,3.7598e-06,7.9396e-06,7.9292e-06,6.4066e-06,4.9878e-08,3.4159e-07,7.7331e-07,3.7921e-06,6.8095e-06,7.8639e-06,7.1774e-06
P42,0.00,0.00,0.00,0.00,5.9096e-08,3.6754e-07,9.6777e-07,3.7610e-06,7.9401e-06,7.9297e-06,6.4069e-06,5.9154e-08,3.4283e-07,7.7443e-07,3.7933e-06,6.8103e-06,7.8644e-06,7.1779e-06
P42,0.00,135.00,0.00,0.00,5.9096e-08,3.6754e-07,9.6777e-07,3.7610e-06,7.9401e-06,7.9297e-06,6.4069e-06,5.9154e-08,3.4283e-07,7.7443e-07,3.7933e-06,6.8103e-06,7.8644e-06,7.1779e-06
P42,60.00,90.00,60.00,0.00,5.8315e-08,2.7873e-07,7.4092e-07,2.7714e-06,6.1922e-06,6.1834e-06,5.1248e-06,5.8223e-08,2.5981e-07,5.9525e-07,2.8038e-06,5.2402e-06,6.1284e-06,5.6462e-06
P42,30.00,180.00,0.00,0.00,6.1410e-08,3.4887e-07,9.2170e-07,3.5733e-06,7.6120e-06,7.6019e-06,6.1265e-06,6.1432e-08,3.2532e-07,7.3789e-07,3.6071e-06,6.5201e-06,7.5397e-06,6.8609e-06
P42,30.00,90.00,0.00,0.00,6.1410e-08,3.4887e-07,9.2170e-07,3.5733e-06,7.6120e-06,7.6019e-06,6.1265e-06,6.1432e-08,3.2532e-07,7.3789e-07,3.6071e-06,6.5201e-06,7.5397e-06,6.8609e-06
P42,0.00,90.00,30.00,0.00,5.7311e-08,3.6732e-07,9.6757e-07,3.7608e-06,7.9400e-06,7.9296e-06,6.4069e-06,5.7375e-08,3.4261e-07,7.7424e-07,3.7931e-06,6.8101e-06,7.8643e-06,7.1778e-06
P42,30.00,135.00,60.00,0.00,5.1240e-08,3.4749e-07,9.2046e-07,3.5720e-06,7.6114e-06,7.6013e-06,6.1262e-06,5.1296e-08,3.2394e-07,7.3664e-07,3.6058e-06,6.5193e-06,7.5391e-06,6.8605e-06
P42,30.00,45.00,0.00,0.00,6.1410e-08,3.4887e-07,9.2170e-07,3.5733e-06,7.6120e-06,7.6019e-06,6.1265e-06,6.1432e-08,3.2532e-07,7.3789e-07,3.6071e-06,6.5201e-06,7.5397e-06,6.8609e-06
P42,60.00,135.00,0.00,0.00,7.0807e-08,2.8052e-07,7.4262e-07,2.7730e-06,6.1930e-06,6.1842e-06,5.1253e-06,7.0672e-08,2.6159e-07,5.9695e-07,2.8055e-06,5.2412e-06,6.1292e-06,5.6468e-06
P42,60.00,0.00,60.00,0.00,5.8899e-08,2.7885e-07,7.4102e-07,2.7715e-06,6.1922e-06,6.1834e-06,5.1249e-06,5.8805e-08,2.5993e-07,5.9536e-07,2.8039e-06,5.2403e-06,6.1284e-06,5.6463e-06
P42,30.00,135.00,30.00,0.00,5.9458e-08,3.4862e-07,9.2149e-07,3.5730e-06,7.6119e-06,7.6018e-06,6.1265e-06,5.9487e-08,3.2507e-07,7.3767e-07,3.6068e-06,6.5200e-06,7.5396e-06,6.8608e-06
P42,60.00,45.00,30.00,0.00,6.8580e-08,2.8023e-07,7.4235e-07,2.7728e-06,6.1929e-06,6.1841e-06,5.1253e-06,6.8452e-08,2.6130e-07,5.9667e-07,2.8052e-06,5.2411e-06,6.1291e-06,5.6467e-06
P42,0.00,135.00,30.00,0.00,5.7311e-08,3.6732e-07,9.6757e-07,3.7608e-06,7.9400e-06,7.9296e-06,6.4069e-06,5.7375e-08,3.4261e-07,7.7424e-07,3.7931e-06,6.8101e-06,7.8643e-06,7.1778e-06
P42,30.00,45.00,60.00,0.00,5.1461e-08,3.4753e-07,9.2050e-07,3.5721e-06,7.6114e-06,7.6013e-06,6.1262e-06,5.1516e-08,3.2399e-07,7.3668e-07,3.6058e-06,6.5193e-06,7.5391e-06,6.8605e-06
P42,30.00,0.00,0.00,0.00,6.1410e-08,3.4887e-07,9.2170e-07,3.5733e-06,7.6120e-06,7.6019e-06,6.1265e-06,6.1432e-08,3.2532e-07,7.3789e-07,3.6071e-06,6.5201e-06,7.5397e-06,6.8609e-06
P42,0.00,45.00,0.00,0.00,5.9096e-08,3.6754e-07,9.6777e-07,3.7610e-06,7.9401e-06,7.9297e-06,6.4069e-06,5.9154e-08,3.4283e-07,7.7443e-07,3.7933e-06,6.8103e-06,7.8644e-06,7.1779e-06
P42,60.00,135.00,60.00,0.00,5.7885e-08,2.7865e-07,7.4085e-07,2.7713e-06,6.1921e-06,6.1834e-06,5.1248e-06,5.7794e-08,2.5973e-07,5.9518e-07,2.8038e-06,5.2402e-06,6.1283e-06,5.6462e-06
P42,0.00,90.00,60.00,0.00,4.9788e-08,3.6630e-07,9.6666e-07,3.7598e-06,7.9396e-06,7.9292e-06,6.4066e-06,4.9878e-08,3.4159e-07,7.7331e-07,3.7921e-06,6.8095e-06,7.8639e-06,7.1774e-06
P42,60.00,90.00,0.00,0.00,7.0807e-08,2.8052e-07,7.4262e-07,2.7730e-06,6.1930e-06,6.1842e-06,5.1253e-06,7.0672e-08,2.6159e-07,5.9695e-07,2.8055e-06,5.2412e-06,6.1292e-06,5.6468e-06
P42,60.00,0.00,30.00,0.00,6.8626e-08,2.8023e-07,7.4235e-07,2.7728e-06,6.1929e-06,6.1841e-06,5.1253e-06,6.8499e-08,2.6131e-07,5.9668e-07,2.8052e-06,5.2411e-06,6.1291e-06,5.6467e-06
P42,60.00,180.00,0.00,0.00,7.0807e-08,2.8052e-07,7.4262e-07,2.7730e-06,6.1930e-06,6.1842e-06,5.1253e-06,7.0672e-08,2.6159e-07,5.9695e-07,2.8055e-06,5.2412e-06,6.1292e-06,5.6468e-06
P42,0.00,45.00,60.00,0.00,4.9788e-08,3.6630e-07,9.6666e-07,3.7598e-06,7.9396e-06,7.9292e-06,6.4066e-06,4.9878e-08,3.4159e-07,7.7331e-07,3.7921e-06,6.8095e-06,7.8639e-06,7.1774e-06
P42,60.00,45.00,0.00,0.00,7.0807e-08,2.8052e-07,7.4262e-07,2.7730e-06,6.1930e-06,6.1842e-06,5.1253e-06,7.0672e-08,2.6159e-07,5.9695e-07,2.8055e-06,5.2412e-06,6.1292e-06,5.6468e-06
P42,30.00,180.00,30.00,0.00,5.9445e-08,3.4862e-07,9.2148e-07,3.5730e-06,7.6119e-06,7.6018e-06,6.1265e-06,5.9475e-08,3.2507e-07,7.3767e-07,3.6068e-06,6.5200e-06,7.5396e-06,6.8608e-06
P42,0.00,45.00,30.00,0.00,5.7311e-08,3.6732e-07,9.6757e-07,3.7608e-06,7.9400e-06,7.9296e-06,6.4069e-06,5.7375e-08,3.4261e-07,7.7424e-07,3.7931e-06,6.8101e-06,7.8643e-06,7.1778e-06
P42,30.00,180.00,60.00,0.00,5.1193e-08,3.4748e-07,9.2045e-07,3.5720e-06,7.6114e-06,7.6013e-06,6.1261e-06,5.1250e-08,3.2393e-07,7.3663e-07,3.6058e-06,6.5193e-06,7.5391e-06,6.8604e-06
P42,60.00,0.00,0.00,0.00,7.0807e-08,2.8052e-07,7.4262e-07,2.7730e-06,6.1930e-06,6.1842e-06,5.1253e-06,7.0672e-08,2.6159e-07,5.9695e-07,2.8055e-06,5.2412e-06,6.1292e-06,5.6468e-06
P42,60.00,180.00,30.00,0.00,6.8304e-08,2.8017e-07,7.4230e-07,2.7727e-06,6.1928e-06,6.1841e-06,5.1252e-06,6.8177e-08,2.6125e-07,5.9663e-07,2.8052e-06,5.2410e-06,6.1291e-06,5.6467e-06
P42,0.00,0.00,30.00,0.00,5.7311e-08,3.6732e-07,9.6757e-07,3.7608e-06,7.9400e-06,7.9296e-06,6.4069e-06,5.7375e-08,3.4261e-07,7.7424e-07,3.7931e-06,6.8101e-06,7.8643e-06,7.1778e-06
P42,0.00,90.00,0.00,0.00,5.9096e-08,3.6754e-07,9.6777e-07,3.7610e-06,7.9401e-06,7.9297e-06,6.4069e-06,5.9154e-08,3.4283e-07,7.7443e-07,3.7933e-06,6.8103e-06,7.8644e-06,7.1779e-06
P42,30.00,135.00,0.00,0.00,6.1410e-08,3.4887e-07,9.2170e-07,3.5733e-06,7.6120e-06,7.6019e-06,6.1265e-06,6.1432e-08,3.2532e-07,7.3789e-07,3.6071e-06,6.5201e-06,7.5397e-06,6.8609e-06
P42,0.00,135.00,60.00,0.00,4.9788e-08,3.6630e-07,9.6666e-07,3.7598e-06,7.9396e-06,7.9292e-06,6.4066e-06,4.9878e-08,3.4159e-07,7.7331e-07,3.7921e-06,6.8095e-06,7.8639e-06,7.1774e-06
P42,30.00,45.00,30.00,0.00,5.9520e-08,3.4863e-07,9.2150e-07,3.5731e-06,7.6119e-06,7.6018e-06,6.1265e-06,5.9549e-08,3.2508e-07,7.3768e-07,3.6068e-06,6.5200e-06,7.5396e-06,6.8608e-06
P42,30.00,0.00,30.00,0.00,5.9533e-08,3.4863e-07,9.2150e-07,3.5731e-06,7.6119e-06,7.6018e-06,6.1265e-06,5.9562e-08,3.2508e-07,7.3768e-07,3.6068e-06,6.5200e-06,7.5396e-06,6.8608e-06
P42,0.00,180.00,30.00,0.00,5.7311e-08,3.6732e-07,9.6757e-07,3.7608e-06,7.9400e-06,7.9296e-06,6.4069e-06,5.7375e-08,3.4261e-07,7.7424e-07,3.7931e-06,6.8101e-06,7.8643e-06,7.1778e-06
P42,30.00,90.00,30.00,0.00,5.9489e-08,3.4862e-07,9.2149e-07,3.5731e-06,7.6119e-06,7.6018e-06,6.1265e-06,5.9518e-08,3.2508e-07,7.3768e-07,3.6068e-06,6.5200e-06,7.5396e-06,6.8608e-06
P42,0.00,0.00,60.00,0.00,4.9788e-08,3.6630e-07,9.6666e-07,3.7598e-06,7.9396e-06,7.9292e-06,6.4066e-06,4.9878e-08,3.4159e-07,7.7331e-07,3.7921e-06,6.8095e-06,7.8639e-06,7.1774e-06
P42,60.00,45.00,60.00,0.00,5.8731e-08,2.7882e-07,7.4099e-07,2.7715e-06,6.1922e-06,6.1834e-06,5.1249e-06,5.8637e-08,2.5990e-07,5.9533e-07,2.8039e-06,5.2402e-06,6.1284e-06,5.6463e-06
P42,30.00,90.00,60.00,0.00,5.1351e-08,3.4751e-07,9.2048e-07,3.5720e-06,7.6114e-06,7.6013e-06,6.1262e-06,5.1406e-08,3.2396e-07,7.3666e-07,3.6058e-06,6.5193e-06,7.5391e-06,6.8605e-06
P42,60.00,135.00,30.00,0.00,6.8352e-08,2.8018e-07,7.4231e-07,2.7727e-06,6.1928e-06,6.1841e-06,5.1252e-06,6.8225e-08,2.6126e-07,5.9664e-07,2.8052e-06,5.2410e-06,6.1291e-06,5.6467e-06
P43,0.00,135.00,30.00,0.00,5.9422e-08,3.3001e-07,1.0916e-06,4.4791e-06,9.1959e-06,9.1832e-06,7.5451e-06,5.9476e-08,2.9991e-07,7.9133e-07,4.5017e-06,7.7992e-06,9.0915e-06,8.4494e-06
P43,60.00,45.00,0.00,0.00,7.2541e-08,2.4746e-07,7.9427e-07,3.5144e-06,7.4520e-06,7.4417e-06,5.9637e-06,7.2424e-08,2.2562e-07,5.8693e-07,3.5468e-06,6.3302e-06,7.3757e-06,6.6926e-06
P43,60.00,90.00,0.00,0.00,7.2541e-08,2.4746e-07,7.9427e-07,3.5144e-06,7.4520e-06,7.4417e-06,5.9637e-06,7.2424e-08,2.2562e-07,5.8693e-07,3.5468e-06,6.3302e-06,7.3757e-06,6.6926e-06
P43,30.00,135.00,60.00,0.00,5.4276e-08,3.0982e-07,1.0233e-06,4.3116e-06,8.8978e-06,8.8855e-06,7.2103e-06,5.4308e-08,2.8160e-07,7.4287e-07,4.3377e-06,7.5542e-06,8.8000e-06,8.1016e-06
P43,30.00,90.00,0.00,0.00,6.3337e-08,3.1076e-07,1.0244e-06,4.3127e-06,8.8983e-06,8.8860e-06,7.2106e-06,6.3359e-08,2.8251e-07,7.4389e-07,4.3388e-06,7.5549e-06,8.8005e-06,8.1021e-06
P43,60.00,135.00,60.00,0.00,6.0896e-08,2.4636e-07,7.9278e-07,3.5129e-06,7.4512e-06,7.4409e-06,5.9632e-06,6.0798e-08,2.2456e-07,5.8561e-07,3.5452e-06,6.3292e-06,7.3749e-06,6.6920e-06
P43,60.00,135.00,30.00,0.00,7.0343e-08,2.4725e-07,7.9400e-07,3.5141e-06,7.4518e-06,7.4416e-06,5.9636e-06,7.0230e-08,2.2542e-07,5.8669e-07,3.5465e-06,6.3300e-06,7.3756e-06,6.6925e-06
P43,0.00,135.00,0.00,0.00,6.1003e-08,3.3018e-07,1.0918e-06,4.4792e-06,9.1960e-06,9.1833e-06,7.5452e-06,6.1054e-08,3.0007e-07,7.9150e-07,4.5019e-06,7.7993e-06,9.0916e-06,8.4495e-06
P43,0.00,45.00,0.00,0.00,6.1003e-08,3.3018e-07,1.0918e-06,4.4792e-06,9.1960e-06,9.1833e-06,7.5452e-06,6.1054e-08,3.0007e-07,7.9150e-07,4.5019e-06,7.7993e-06,9.0916e-06,8.4495e-06
P43,0.00,180.00,60.00,0.00,5.2724e-08,3.2932e-07,1.0908e-06,4.4782e-06,9.1955e-06,9.1828e-06,7.5448e-06,5.2786e-08,2.9922e-07,7.9058e-07,4.5009e-06,7.7986e-06,9.0911e-06,8.4491e-06
P43,0.00,135.00,60.00,0.00,5.2724e-08,3.2932e-07,1.0908e-06,4.4782e-06,9.1955e-06,9.1828e-06,7.5448e-06,5.2786e-08,2.9922e-07,7.9058e-07,4.5009e-06,7.7986e-06,9.0911e-06,8.4491e-06
P43,60.00,0.00,60.00,0.00,6.1842e-08,2.4647e-07,7.9293e-07,3.5130e-06,7.4513e-06,7.4410e-06,5.9633e-06,6.1742e-08,2.2467e-07,5.8575e-07,3.5454e-06,6.3293e-06,7.3750e-06,6.6921e-06
P43,60.00,45.00,60.00,0.00,6.1685e-08,2.4646e-07,7.9291e-07,3.5130e-06,7.4513e-06,7.4410e-06,5.9632e-06,6.1586e-08,2.2465e-07,5.8573e-07,3.5454e-06,6.3292e-06,7.3750e-06,6.6921e-06
P43,60.00,45.00,30.00,0.00,7.0553e-08,2.4728e-07,7.9403e-07,3.5142e-06,7.4519e-06,7.4416e-06,5.9636e-06,7.0440e-08,2.2545e-07,5.8672e-07,3.5465e-06,6.3300e-06,7.3756e-06,6.6925e-06
P43,30.00,0.00,30.00,0.00,6.1675e-08,3.1059e-07,1.0242e-06,4.3125e-06,8.8982e-06,8.8859e-06,7.2106e-06,6.1699e-08,2.8234e-07,7.4371e-07,4.3386e-06,7.5548e-06,8.8004e-06,8.1020e-06
P43,30.00,0.00,60.00,0.00,5.4522e-08,3.0985e-07,1.0233e-06,4.3116e-06,8.8978e-06,8.8855e-06,7.2103e-06,5.4554e-08,2.8163e-07,7.4290e-07,4.3377e-06,7.5542e-06,8.8000e-06,8.1016e-06
P43,30.00,180.00,60.00,0.00,5.4233e-08,3.0982e-07,1.0233e-06,4.3116e-06,8.8978e-06,8.8855e-06,7.2103e-06,5.4266e-08,2.8159e-07,7.4286e-07,4.3377e-06,7.5542e-06,8.8000e-06,8.1016e-06
P43,0.00,90.00,60.00,0.00,5.2724e-08,3.2932e-07,1.0908e-06,4.4782e-06,9.1955e-06,9.1828e-06,7.5448e-06,5.2786e-08,2.9922e-07,7.9058e-07,4.5009e-06,7.7986e-06,9.0911e-06,8.4491e-06
P43,60.00,180.00,60.00,0.00,6.0726e-08,2.4634e-07,7.9276e-07,3.5129e-06,7.4512e-06,7.4409e-06,5.9632e-06,6.0627e-08,2.2454e-07,5.8559e-07,3.5452e-06,6.3292e-06,7.3749e-06,6.6920e-06
P43,0.00,90.00,0.00,0.00,6.1003e-08,3.3018e-07,1.0918e-06,4.4792e-06,9.1960e-06,9.1833e-06,7.5452e-06,6.1054e-08,3.0007e-07,7.9150e-07,4.5019e-06,7.7993e-06,9.0916e-06,8.4495e-06
P43,0.00,0.00,30.00,0.00,5.9422e-08,3.3001e-07,1.0916e-06,4.4791e-06,9.1959e-06,9.1832e-06,7.5451e-06,5.9476e-08,2.9991e-07,7.9133e-07,4.5017e-06,7.7992e-06,9.0915e-06,8.4494e-06
P43,60.00,90.00,30.00,0.00,7.0449e-08,2.4726e-07,7.9402e-07,3.5141e-06,7.4519e-06,7.4416e-06,5.9636e-06,7.0335e-08,2.2543e-07,5.8670e-07,3.5465e-06,6.3300e-06,7.3756e-06,6.6925e-06
P43,60.00,180.00,30.00,0.00,7.0299e-08,2.4725e-07,7.9399e-07,3.5141e-06,7.4518e-06,7.4416e-06,5.9636e-06,7.0186e-08,2.2542e-07,5.8668e-07,3.5465e-06,6.3300e-06,7.3756e-06,6.6925e-06
P43,60.00,90.00,60.00,0.00,6.1298e-08,2.4641e-07,7.9285e-07,3.5129e-06,7.4512e-06,7.4409e-06,5.9632e-06,6.1198e-08,2.2461e-07,5.8567e-07,3.5453e-06,6.3292e-06,7.3749e-06,6.6920e-06
P43,60.00,0.00,0.00,0.00,7.2541e-08,2.4746e-07,7.9427e-07,3.5144e-06,7.4520e-06,7.4417e-06,5.9637e-06,7.2424e-08,2.2562e-07,5.8693e-07,3.5468e-06,6.3302e-06,7.3757e-06,6.6926e-06
P43,30.00,180.00,30.00,0.00,6.1595e-08,3.1057e-07,1.0242e-06,4.3125e-06,8.8982e-06,8.8859e-06,7.2106e-06,6.1619e-08,2.8233e-07,7.4370e-07,4.3386e-06,7.5548e-06,8.8004e-06,8.1020e-06
P43,0.00,180.00,30.00,0.00,5.9422e-08,3.3001e-07,1.0916e-06,4.4791e-06,9.1959e-06,9.1832e-06,7.5451e-06,5.9476e-08,2.9991e-07,7.9133e-07,4.5017e-06,7.7992e-06,9.0915e-06,8.4494e-06
P43,30.00,90.00,30.00,0.00,6.1635e-08,3.1058e-07,1.0242e-06,4.3125e-06,8.8982e-06,8.8859e-06,7.2106e-06,6.1659e-08,2.8234e-07,7.4370e-07,4.3386e-06,7.5548e-06,8.8004e-06,8.1020e-06
P43,60.00,135.00,0.00,0.00,7.2541e-08,2.4746e-07,7.9427e-07,3.5144e-06,7.4520e-06,7.4417e-06,5.9637e-06,7.2424e-08,2.2562e-07,5.8693e-07,3.5468e-06,6.3302e-06,7.3757e-06,6.6926e-06
P43,30.00,45.00,60.00,0.00,5.4480e-08,3.0985e-07,1.0233e-06,4.3116e-06,8.8978e-06,8.8855e-06,7.2103e-06,5.4512e-08,2.8162e-07,7.4290e-07,4.3377e-06,7.5542e-06,8.8000e-06,8.1016e-06
P43,30.00,90.00,60.00,0.00,5.4378e-08,3.0984e-07,1.0233e-06,4.3116e-06,8.8978e-06,8.8855e-06,7.2103e-06,5.4410e-08,2.8161e-07,7.4289e-07,4.3377e-06,7.5542e-06,8.8000e-06,8.1016e-06
P43,0.00,90.00,30.00,0.00,5.9422e-08,3.3001e-07,1.0916e-06,4.4791e-06,9.1959e-06,9.1832e-06,7.5451e-06,5.9476e-08,2.9991e-07,7.9133e-07,4.5017e-06,7.7992e-06,9.0915e-06,8.4494e-06
P43,0.00,180.00,0.00,0.00,6.1003e-08,3.3018e-07,1.0918e-06,4.4792e-06,9.1960e-06,9.1833e-06,7.5452e-06,6.1054e-08,3.0007e-07,7.9150e-07,4.5019e-06,7.7993e-06,9.0916e-06,8.4495e-06
P43,0.00,45.00,30.00,0.00,5.9422e-08,3.3001e-07,1.0916e-06,4.4791e-06,9.1959e-06,9.1832e-06,7.5451e-06,5.9476e-08,2.9991e-07,7.9133e-07,4.5017e-06,7.7992e-06,9.0915e-06,8.4494e-06
P43,30.00,0.00,0.00,0.00,6.3337e-08,3.1076e-07,1.0244e-06,4.3127e-06,8.8983e-06,8.8860e-06,7.2106e-06,6.3359e-08,2.8251e-07,7.4389e-07,4.3388e-06,7.5549e-06,8.8005e-06,8.1021e-06
P43,60.00,180.00,0.00,0.00,7.2541e-08,2.4746e-07,7.9427e-07,3.5144e-06,7.4520e-06,7.4417e-06,5.9637e-06,7.2424e-08,2.2562e-07,5.8693e-07,3.5468e-06,6.3302e-06,7.3757e-06,6.6926e-06
P43,30.00,45.00,30.00,0.00,6.1664e-08,3.1058e-07,1.0242e-06,4.3125e-06,8.8982e-06,8.8859e-06,7.2106e-06,6.1688e-08,2.8234e-07,7.4371e-07,4.3386e-06,7.5548e-06,8.8004e-06,8.1020e-06
P43,0.00,0.00,60.00,0.00,5.2724e-08,3.2932e-07,1.0908e-06,4.4782e-06,9.1955e-06,9.1828e-06,7.5448e-06,5.2786e-08,2.9922e-07,7.9058e-07,4.5009e-06,7.7986e-06,9.0911e-06,8.4491e-06
P43,30.00,135.00,0.00,0.00,6.3337e-08,3.1076e-07,1.0244e-06,4.3127e-06,8.8983e-06,8.8860e-06,7.2106e-06,6.3359e-08,2.8251e-07,7.4389e-07,4.3388e-06,7.5549e-06,8.8005e-06,8.1021e-06
P43,0.00,45.00,60.00,0.00,5.2724e-08,3.2932e-07,1.0908e-06,4.4782e-06,9.1955e-06,9.1828e-06,7.5448e-06,5.2786e-08,2.9922e-07,7.9058e-07,4.5009e-06,7.7986e-06,9.0911e-06,8.4491e-06
P43,0.00,0.00,0.00,0.00,6.1003e-08,3.3018e-07,1.0918e-06,4.4792e-06,9.1960e-06,9.1833e-06,7.5452e-06,6.1054e-08,3.0007e-07,7.9150e-07,4.5019e-06,7.7993e-06,9.0916e-06,8.4495e-06
P43,30.00,180.00,0.00,0.00,6.3337e-08,3.1076e-07,1.0244e-06,4.3127e-06,8.8983e-06,8.8860e-06,7.2106e-06,6.3359e-08,2.8251e-07,7.4389e-07,4.3388e-06,7.5549e-06,8.8005e-06,8.1021e-06
P43,30.00,135.00,30.00,0.00,6.1607e-08,3.1058e-07,1.0242e-06,4.3125e-06,8.8982e-06,8.8859e-06,7.2106e-06,6.1631e-08,2.8233e-07,7.4370e-07,4.3386e-06,7.5548e-06,8.8004e-06,8.1020e-06
P43,60.00,0.00,30.00,0.00,7.0596e-08,2.4728e-07,7.9404e-07,3.5142e-06,7.4519e-06,7.4416e-06,5.9636e-06,7.0483e-08,2.2545e-07,5.8672e-07,3.5465e-06,6.3300e-06,7.3756e-06,6.6925e-06
P43,30.00,45.00,0.00,0.00,6.3337e-08,3.1076e-07,1.0244e-06,4.3127e-06,8.8983e-06,8.8860e-06,7.2106e-06,6.3359e-08,2.8251e-07,7.4389e-07,4.3388e-06,7.5549e-06,8.8005e-06,8.1021e-06
P44,0.00,180.00,0.00,0.00,6.1574e-08,2.1333e-07,1.0023e-06,3.6180e-06,7.8673e-06,7.8555e-06,5.1322e-06,6.1209e-08,1.8523e-07,6.6754e-07,3.6620e-06,6.5821e-06,7.7713e-06,6.5060e-06
P44,60.00,45.00,0.00,0.00,7.4330e-08,1.3755e-07,5.7383e-07,2.4574e-06,5.8468e-06,5.8371e-06,3.7117e-06,7.3722e-08,1.2213e-07,3.7913e-07,2.5043e-06,4.7947e-06,5.7747e-06,4.6636e-06
P44,0.00,180.00,30.00,0.00,5.9519e-08,2.1307e-07,1.0021e-06,3.6178e-06,7.8672e-06,7.8554e-06,5.1321e-06,5.9182e-08,1.8497e-07,6.6731e-07,3.6618e-06,6.5820e-06,7.7712e-06,6.5059e-06
P44,30.00,90.00,0.00,0.00,6.4074e-08,1.9257e-07,9.0377e-07,3.3981e-06,7.4981e-06,7.4867e-06,4.8048e-06,6.3655e-08,1.6740e-07,5.9615e-07,3.4446e-06,6.2551e-06,7.4071e-06,6.1227e-06
P44,30.00,135.00,60.00,0.00,5.2934e-08,1.9097e-07,9.0234e-07,3.3968e-06,7.4974e-06,7.4860e-06,4.8044e-06,5.2642e-08,1.6580e-07,5.9475e-07,3.4434e-06,6.2542e-06,7.4064e-06,6.1222e-06
P44,60.00,90.00,0.00,0.00,7.4330e-08,1.3755e-07,5.7383e-07,2.4574e-06,5.8468e-06,5.8371e-06,3.7117e-06,7.3722e-08,1.2213e-07,3.7913e-07,2.5043e-06,4.7947e-06,5.7747e-06,4.6636e-06
P44,30.00,180.00,0.00,0.00,6.4074e-08,1.9257e-07,9.0377e-07,3.3981e-06,7.4981e-06,7.4867e-06,4.8048e-06,6.3655e-08,1.6740e-07,5.9615e-07,3.4446e-06,6.2551e-06,7.4071e-06,6.1227e-06
P44,0.00,0.00,30.00,0.00,5.9519e-08,2.1307e-07,1.0021e-06,3.6178e-06,7.8672e-06,7.8554e-06,5.1321e-06,5.9182e-08,1.8497e-07,6.6731e-07,3.6618e-06,6.5820e-06,7.7712e-06,6.5059e-06
P44,0.00,135.00,60.00,0.00,5.1362e-08,2.1189e-07,1.0010e-06,3.6169e-06,7.8667e-06,7.8549e-06,5.1318e-06,5.1119e-08,1.8379e-07,6.6628e-07,3.6608e-06,6.5813e-06,7.7707e-06,6.5055e-06
P44,60.00,0.00,30.00,0.00,7.1782e-08,1.3721e-07,5.7352e-07,2.4571e-06,5.8466e-06,5.8369e-06,3.7116e-06,7.1203e-08,1.2179e-07,3.7882e-07,2.5040e-06,4.7945e-06,5.7745e-06,4.6635e-06
P44,30.00,0.00,30.00,0.00,6.1915e-08,1.9229e-07,9.0353e-07,3.3979e-06,7.4980e-06,7.4866e-06,4.8047e-06,6.1524e-08,1.6713e-07,5.9591e-07,3.4444e-06,6.2550e-06,7.4070e-06,6.1226e-06
P44,30.00,135.00,30.00,0.00,6.1837e-08,1.9228e-07,9.0352e-07,3.3978e-06,7.4980e-06,7.4866e-06,4.8047e-06,6.1448e-08,1.6712e-07,5.9590e-07,3.4444e-06,6.2549e-06,7.4070e-06,6.1226e-06
P44,0.00,90.00,30.00,0.00,5.9519e-08,2.1307e-07,1.0021e-06,3.6178e-06,7.8672e-06,7.8554e-06,5.1321e-06,5.9182e-08,1.8497e-07,6.6731e-07,3.6618e-06,6.5820e-06,7.7712e-06,6.5059e-06
P44,60.00,180.00,60.00,0.00,5.9843e-08,1.3529e-07,5.7182e-07,2.4556e-06,5.8458e-06,5.8361e-06,3.7112e-06,5.9382e-08,1.1988e-07,3.7714e-07,2.5025e-06,4.7935e-06,5.7736e-06,4.6629e-06
P44,30.00,0.00,0.00,0.00,6.4074e-08,1.9257e-07,9.0377e-07,3.3981e-06,7.4981e-06,7.4867e-06,4.8048e-06,6.3655e-08,1.6740e-07,5.9615e-07,3.4446e-06,6.2551e-06,7.4071e-06,6.1227e-06
P44,0.00,90.00,60.00,0.00,5.1362e-08,2.1189e-07,1.0010e-06,3.6169e-06,7.8667e-06,7.8549e-06,5.1318e-06,5.1119e-08,1.8379e-07,6.6628e-07,3.6608e-06,6.5813e-06,7.7707e-06,6.5055e-06
P44,30.00,45.00,30.00,0.00,6.1902e-08,1.9229e-07,9.0352e-07,3.3979e-06,7.4980e-06,7.4866e-06,4.8047e-06,6.1511e-08,1.6713e-07,5.9590e-07,3.4444e-06,6.2550e-06,7.4070e-06,6.1226e-06
P44,60.00,90.00,30.00,0.00,7.1618e-08,1.3718e-07,5.7349e-07,2.4571e-06,5.8466e-06,5.8369e-06,3.7116e-06,7.1041e-08,1.2176e-07,3.7880e-07,2.5040e-06,4.7945e-06,5.7745e-06,4.6635e-06
P44,30.00,0.00,60.00,0.00,5.3203e-08,1.9102e-07,9.0239e-07,3.3969e-06,7.4975e-06,7.4861e-06,4.8044e-06,5.2909e-08,1.6585e-07,5.9479e-07,3.4434e-06,6.2543e-06,7.4065e-06,6.1222e-06
P44,30.00,45.00,60.00,0.00,5.3157e-08,1.9101e-07,9.0238e-07,3.3969e-06,7.4975e-06,7.4861e-06,4.8044e-06,5.2863e-08,1.6585e-07,5.9478e-07,3.4434e-06,6.2543e-06,7.4065e-06,6.1222e-06
P44,60.00,135.00,0.00,0.00,7.4330e-08,1.3755e-07,5.7383e-07,2.4574e-06,5.8468e-06,5.8371e-06,3.7117e-06,7.3722e-08,1.2213e-07,3.7913e-07,2.5043e-06,4.7947e-06,5.7747e-06,4.6636e-06
P44,0.00,0.00,60.00,0.00,5.1362e-08,2.1189e-07,1.0010e-06,3.6169e-06,7.8667e-06,7.8549e-06,5.1318e-06,5.1119e-08,1.8379e-07,6.6628e-07,3.6608e-06,6.5813e-06,7.7707e-06,6.5055e-06
P44,0.00,180.00,60.00,0.00,5.1362e-08,2.1189e-07,1.0010e-06,3.6169e-06,7.8667e-06,7.8549e-06,5.1318e-06,5.1119e-08,1.8379e-07,6.6628e-07,3.6608e-06,6.5813e-06,7.7707e-06,6.5055e-06
P44,60.00,135.00,30.00,0.00,7.1501e-08,1.3716e-07,5.7347e-07,2.4570e-06,5.8466e-06,5.8369e-06,3.7116e-06,7.0925e-08,1.2174e-07,3.7878e-07,2.5040e-06,4.7945e-06,5.7745e-06,4.6635e-06
P44,60.00,180.00,30.00,0.00,7.1452e-08,1.3715e-07,5.7346e-07,2.4570e-06,5.8466e-06,5.8369e-06,3.7116e-06,7.0876e-08,1.2173e-07,3.7877e-07,2.5039e-06,4.7945e-06,5.7745e-06,4.6635e-06
P44,60.00,135.00,60.00,0.00,6.0029e-08,1.3533e-07,5.7185e-07,2.4557e-06,5.8458e-06,5.8361e-06,3.7112e-06,5.9567e-08,1.1991e-07,3.7717e-07,2.5025e-06,4.7935e-06,5.7737e-06,4.6629e-06
P44,0.00,90.00,0.00,0.00,6.1574e-08,2.1333e-07,1.0023e-06,3.6180e-06,7.8673e-06,7.8555e-06,5.1322e-06,6.1209e-08,1.8523e-07,6.6754e-07,3.6620e-06,6.5821e-06,7.7713e-06,6.5060e-06
P44,30.00,90.00,30.00,0.00,6.1870e-08,1.9229e-07,9.0352e-07,3.3979e-06,7.4980e-06,7.4866e-06,4.8047e-06,6.1479e-08,1.6712e-07,5.9590e-07,3.4444e-06,6.2549e-06,7.4070e-06,6.1226e-06
P44,0.00,45.00,60.00,0.00,5.1362e-08,2.1189e-07,1.0010e-06,3.6169e-06,7.8667e-06,7.8549e-06,5.1318e-06,5.1119e-08,1.8379e-07,6.6628e-07,3.6608e-06,6.5813e-06,7.7707e-06,6.5055e-06
P44,0.00,135.00,30.00,0.00,5.9519e-08,2.1307e-07,1.0021e-06,3.6178e-06,7.8672e-06,7.8554e-06,5.1321e-06,5.9182e-08,1.8497e-07,6.6731e-07,3.6618e-06,6.5820e-06,7.7712e-06,6.5059e-06
P44,60.00,180.00,0.00,0.00,7.4330e-08,1.3755e-07,5.7383e-07,2.4574e-06,5.8468e-06,5.8371e-06,3.7117e-06,7.3722e-08,1.2213e-07,3.7913e-07,2.5043e-06,4.7947e-06,5.7747e-06,4.6636e-06
P44,60.00,90.00,60.00,0.00,6.0467e-08,1.3542e-07,5.7193e-07,2.4557e-06,5.8458e-06,5.8361e-06,3.7112e-06,6.0002e-08,1.2000e-07,3.7725e-07,2.5026e-06,4.7935e-06,5.7737e-06,4.6629e-06
P44,0.00,45.00,0.00,0.00,6.1574e-08,2.1333e-07,1.0023e-06,3.6180e-06,7.8673e-06,7.8555e-06,5.1322e-06,6.1209e-08,1.8523e-07,6.6754e-07,3.6620e-06,6.5821e-06,7.7713e-06,6.5060e-06
P44,60.00,0.00,60.00,0.00,6.1061e-08,1.3554e-07,5.7204e-07,2.4558e-06,5.8459e-06,5.8362e-06,3.7112e-06,6.0592e-08,1.2012e-07,3.7736e-07,2.5027e-06,4.7936e-06,5.7738e-06,4.6630e-06
P44,60.00,45.00,30.00,0.00,7.1734e-08,1.3720e-07,5.7351e-07,2.4571e-06,5.8466e-06,5.8369e-06,3.7116e-06,7.1156e-08,1.2178e-07,3.7882e-07,2.5040e-06,4.7945e-06,5.7745e-06,4.6635e-06
P44,0.00,0.00,0.00,0.00,6.1574e-08,2.1333e-07,1.0023e-06,3.6180e-06,7.8673e-06,7.8555e-06,5.1322e-06,6.1209e-08,1.8523e-07,6.6754e-07,3.6620e-06,6.5821e-06,7.7713e-06,6.5060e-06
P44,60.00,45.00,60.00,0.00,6.0890e-08,1.3551e-07,5.7201e-07,2.4558e-06,5.8458e-06,5.8361e-06,3.7112e-06,6.0422e-08,1.2009e-07,3.7733e-07,2.5027e-06,4.7936e-06,5.7737e-06,4.6630e-06
P44,60.00,0.00,0.00,0.00,7.4330e-08,1.3755e-07,5.7383e-07,2.4574e-06,5.8468e-06,5.8371e-06,3.7117e-06,7.3722e-08,1.2213e-07,3.7913e-07,2.5043e-06,4.7947e-06,5.7747e-06,4.6636e-06
P44,30.00,45.00,0.00,0.00,6.4074e-08,1.9257e-07,9.0377e-07,3.3981e-06,7.4981e-06,7.4867e-06,4.8048e-06,6.3655e-08,1.6740e-07,5.9615e-07,3.4446e-06,6.2551e-06,7.4071e-06,6.1227e-06
P44,30.00,90.00,60.00,0.00,5.3046e-08,1.9099e-07,9.0236e-07,3.3969e-06,7.4975e-06,7.4860e-06,4.8044e-06,5.2753e-08,1.6583e-07,5.9476e-07,3.4434e-06,6.2543e-06,7.4065e-06,6.1222e-06
P44,30.00,180.00,30.00,0.00,6.1824e-08,1.9228e-07,9.0351e-07,3.3978e-06,7.4980e-06,7.4866e-06,4.8047e-06,6.1435e-08,1.6712e-07,5.9589e-07,3.4444e-06,6.2549e-06,7.4070e-06,6.1226e-06
P44,0.00,135.00,0.00,0.00,6.1574e-08,2.1333e-07,1.0023e-06,3.6180e-06,7.8673e-06,7.8555e-06,5.1322e-06,6.1209e-08,1.8523e-07,6.6754e-07,3.6620e-06,6.5821e-06,7.7713e-06,6.5060e-06
P44,30.00,180.00,60.00,0.00,5.2888e-08,1.9096e-07,9.0234e-07,3.3968e-06,7.4974e-06,7.4860e-06,4.8044e-06,5.2596e-08,1.6580e-07,5.9474e-07,3.4434e-06,6.2542e-06,7.4064e-06,6.1222e-06
P44,30.00,135.00,0.00,0.00,6.4074e-08,1.9257e-07,9.0377e-07,3.3981e-06,7.4981e-06,7.4867e-06,4.8048e-06,6.3655e-08,1.6740e-07,5.9615e-07,3.4446e-06,6.2551e-06,7.4071e-06,6.1227e-06
P44,0.00,45.00,30.00,0.00,5.9519e-08,2.1307e-07,1.0021e-06,3.6178e-06,7.8672e-06,7.8554e-06,5.1321e-06,5.9182e-08,1.8497e-07,6.6731e-07,3.6618e-06,6.5820e-06,7.7712e-06,6.5059e-06
P45,60.00,180.00,0.00,0.00,7.3122e-08,1.7765e-07,5.4719e-07,2.6661e-06,6.2123e-06,6.2027e-06,4.1527e-06,7.2594e-08,1.6281e-07,4.1659e-07,2.7174e-06,5.1810e-06,6.1492e-06,5.0338e-06
P45,0.00,180.00,60.00,0.00,5.1060e-08,2.4519e-07,7.8129e-07,3.7662e-06,8.1275e-06,8.1159e-06,5.5839e-06,5.0888e-08,2.2392e-07,5.7345e-07,3.8124e-06,6.8712e-06,8.0421e-06,6.8015e-06
P45,60.00,0.00,60.00,0.00,6.0663e-08,1.7602e-07,5.4585e-07,2.6647e-06,6.2115e-06,6.2020e-06,4.1523e-06,6.0261e-08,1.6117e-07,4.1520e-07,2.7160e-06,5.1800e-06,6.1484e-06,5.0333e-06
P45,30.00,45.00,0.00,0.00,6.2993e-08,2.3133e-07,7.2870e-07,3.5624e-06,7.7838e-06,7.7726e-06,5.2695e-06,6.2658e-08,2.1147e-07,5.3986e-07,3.6115e-06,6.5695e-06,7.7034e-06,6.4418e-06
P45,60.00,135.00,30.00,0.00,7.0461e-08,1.7733e-07,5.4693e-07,2.6658e-06,6.2121e-06,6.2026e-06,4.1526e-06,6.9962e-08,1.6249e-07,4.1632e-07,2.7171e-06,5.1808e-06,6.1491e-06,5.0337e-06
P45,30.00,0.00,60.00,0.00,5.2870e-08,2.3010e-07,7.2772e-07,3.5613e-06,7.7833e-06,7.7721e-06,5.2691e-06,5.2650e-08,2.1024e-07,5.3885e-07,3.6104e-06,6.5688e-06,7.7028e-06,6.4415e-06
P45,30.00,180.00,30.00,0.00,6.0894e-08,2.3110e-07,7.2852e-07,3.5622e-06,7.7837e-06,7.7725e-06,5.2694e-06,6.0586e-08,2.1124e-07,5.3968e-07,3.6113e-06,6.5694e-06,7.7033e-06,6.4418e-06
P45,0.00,135.00,60.00,0.00,5.1060e-08,2.4519e-07,7.8129e-07,3.7662e-06,8.1275e-06,8.1159e-06,5.5839e-06,5.0888e-08,2.2392e-07,5.7345e-07,3.8124e-06,6.8712e-06,8.0421e-06,6.8015e-06
P45,0.00,45.00,30.00,0.00,5.8646e-08,2.4613e-07,7.8204e-07,3.7669e-06,8.1279e-06,8.1164e-06,5.5841e-06,5.8388e-08,2.2486e-07,5.7422e-07,3.8132e-06,6.8718e-06,8.0425e-06,6.8018e-06
P45,0.00,180.00,0.00,0.00,6.0561e-08,2.4633e-07,7.8219e-07,3.7671e-06,8.1280e-06,8.1164e-06,5.5842e-06,6.0276e-08,2.2506e-07,5.7438e-07,3.8134e-06,6.8719e-06,8.0426e-06,6.8019e-06
P45,0.00,90.00,60.00,0.00,5.1060e-08,2.4519e-07,7.8129e-07,3.7662e-06,8.1275e-06,8.1159e-06,5.5839e-06,5.0888e-08,2.2392e-07,5.7345e-07,3.8124e-06,6.8712e-06,8.0421e-06,6.8015e-06
P45,0.00,45.00,60.00,0.00,5.1060e-08,2.4519e-07,7.8129e-07,3.7662e-06,8.1275e-06,8.1159e-06,5.5839e-06,5.0888e-08,2.2392e-07,5.7345e-07,3.8124e-06,6.8712e-06,8.0421e-06,6.8015e-06
P45,30.00,135.00,30.00,0.00,6.0906e-08,2.3110e-07,7.2852e-07,3.5622e-06,7.7837e-06,7.7725e-06,5.2694e-06,6.0598e-08,2.1125e-07,5.3968e-07,3.6113e-06,6.5694e-06,7.7033e-06,6.4418e-06
P45,30.00,135.00,60.00,0.00,5.2615e-08,2.3005e-07,7.2769e-07,3.5613e-06,7.7833e-06,7.7721e-06,5.2691e-06,5.2396e-08,2.1019e-07,5.3882e-07,3.6104e-06,6.5688e-06,7.7028e-06,6.4414e-06
P45,0.00,180.00,30.00,0.00,5.8646e-08,2.4613e-07,7.8204e-07,3.7669e-06,8.1279e-06,8.1164e-06,5.5841e-06,5.8388e-08,2.2486e-07,5.7422e-07,3.8132e-06,6.8718e-06,8.0425e-06,6.8018e-06
P45,60.00,0.00,30.00,0.00,7.0729e-08,1.7738e-07,5.4696e-07,2.6658e-06,6.2121e-06,6.2026e-06,4.1526e-06,7.0227e-08,1.6254e-07,4.1636e-07,2.7171e-06,5.1808e-06,6.1491e-06,5.0337e-06
P45,60.00,45.00,60.00,0.00,6.0499e-08,1.7599e-07,5.4582e-07,2.6647e-06,6.2115e-06,6.2020e-06,4.1523e-06,6.0098e-08,1.6114e-07,4.1518e-07,2.7160e-06,5.1800e-06,6.1484e-06,5.0333e-06
P45,0.00,90.00,0.00,0.00,6.0561e-08,2.4633e-07,7.8219e-07,3.7671e-06,8.1280e-06,8.1164e-06,5.5842e-06,6.0276e-08,2.2506e-07,5.7438e-07,3.8134e-06,6.8719e-06,8.0426e-06,6.8019e-06
P45,60.00,45.00,30.00,0.00,7.0683e-08,1.7737e-07,5.4696e-07,2.6658e-06,6.2121e-06,6.2026e-06,4.1526e-06,7.0182e-08,1.6253e-07,4.1635e-07,2.7171e-06,5.1808e-06,6.1491e-06,5.0337e-06
P45,30.00,135.00,0.00,0.00,6.2993e-08,2.3133e-07,7.2870e-07,3.5624e-06,7.7838e-06,7.7726e-06,5.2695e-06,6.2658e-08,2.1147e-07,5.3986e-07,3.6115e-06,6.5695e-06,7.7034e-06,6.4418e-06
P45,30.00,90.00,30.00,0.00,6.0937e-08,2.3111e-07,7.2853e-07,3.5622e-06,7.7837e-06,7.7725e-06,5.2694e-06,6.0628e-08,2.1125e-07,5.3968e-07,3.6113e-06,6.5694e-06,7.7033e-06,6.4418e-06
P45,0.00,0.00,0.00,0.00,6.0561e-08,2.4633e-07,7.8219e-07,3.7671e-06,8.1280e-06,8.1164e-06,5.5842e-06,6.0276e-08,2.2506e-07,5.7438e-07,3.8134e-06,6.8719e-06,8.0426e-06,6.8019e-06
P45,60.00,90.00,0.00,0.00,7.3122e-08,1.7765e-07,5.4719e-07,2.6661e-06,6.2123e-06,6.2027e-06,4.1527e-06,7.2594e-08,1.6281e-07,4.1659e-07,2.7174e-06,5.1810e-06,6.1492e-06,5.0338e-06
P45,30.00,45.00,60.00,0.00,5.2827e-08,2.3009e-07,7.2772e-07,3.5613e-06,7.7833e-06,7.7721e-06,5.2691e-06,5.2607e-08,2.1023e-07,5.3885e-07,3.6104e-06,6.5688e-06,7.7028e-06,6.4415e-06
P45,60.00,180.00,60.00,0.00,5.9494e-08,1.7581e-07,5.4567e-07,2.6645e-06,6.2114e-06,6.2019e-06,4.1522e-06,5.9100e-08,1.6096e-07,4.1503e-07,2.7158e-06,5.1799e-06,6.1484e-06,5.0332e-06
P45,0.00,0.00,30.00,0.00,5.8646e-08,2.4613e-07,7.8204e-07,3.7669e-06,8.1279e-06,8.1164e-06,5.5841e-06,5.8388e-08,2.2486e-07,5.7422e-07,3.8132e-06,6.8718e-06,8.0425e-06,6.8018e-06
P45,30.00,180.00,0.00,0.00,6.2993e-08,2.3133e-07,7.2870e-07,3.5624e-06,7.7838e-06,7.7726e-06,5.2695e-06,6.2658e-08,2.1147e-07,5.3986e-07,3.6115e-06,6.5695e-06,7.7034e-06,6.4418e-06
P45,60.00,135.00,0.00,0.00,7.3122e-08,1.7765e-07,5.4719e-07,2.6661e-06,6.2123e-06,6.2027e-06,4.1527e-06,7.2594e-08,1.6281e-07,4.1659e-07,2.7174e-06,5.1810e-06,6.1492e-06,5.0338e-06
P45,60.00,0.00,0.00,0.00,7.3122e-08,1.7765e-07,5.4719e-07,2.6661e-06,6.2123e-06,6.2027e-06,4.1527e-06,7.2594e-08,1.6281e-07,4.1659e-07,2.7174e-06,5.1810e-06,6.1492e-06,5.0338e-06
P45,30.00,45.00,30.00,0.00,6.0967e-08,2.3111e-07,7.2853e-07,3.5622e-06,7.7837e-06,7.7725e-06,5.2694e-06,6.0658e-08,2.1126e-07,5.3968e-07,3.6113e-06,6.5694e-06,7.7033e-06,6.4418e-06
P45,30.00,90.00,60.00,0.00,5.2721e-08,2.3007e-07,7.2770e-07,3.5613e-06,7.7833e-06,7.7721e-06,5.2691e-06,5.2502e-08,2.1021e-07,5.3883e-07,3.6104e-06,6.5688e-06,7.7028e-06,6.4414e-06
P45,30.00,0.00,30.00,0.00,6.0980e-08,2.3111e-07,7.2853e-07,3.5622e-06,7.7837e-06,7.7725e-06,5.2694e-06,6.0671e-08,2.1126e-07,5.3969e-07,3.6113e-06,6.5694e-06,7.7033e-06,6.4418e-06
P45,0.00,135.00,30.00,0.00,5.8646e-08,2.4613e-07,7.8204e-07,3.7669e-06,8.1279e-06,8.1164e-06,5.5841e-06,5.8388e-08,2.2486e-07,5.7422e-07,3.8132e-06,6.8718e-06,8.0425e-06,6.8018e-06
P45,0.00,90.00,30.00,0.00,5.8646e-08,2.4613e-07,7.8204e-07,3.7669e-06,8.1279e-06,8.1164e-06,5.5841e-06,5.8388e-08,2.2486e-07,5.7422e-07,3.8132e-06,6.8718e-06,8.0425e-06,6.8018e-06
P45,60.00,45.00,0.00,0.00,7.3122e-08,1.7765e-07,5.4719e-07,2.6661e-06,6.2123e-06,6.2027e-06,4.1527e-06,7.2594e-08,1.6281e-07,4.1659e-07,2.7174e-06,5.1810e-06,6.1492e-06,5.0338e-06
P45,30.00,0.00,0.00,0.00,6.2993e-08,2.3133e-07,7.2870e-07,3.5624e-06,7.7838e-06,7.7726e-06,5.2695e-06,6.2658e-08,2.1147e-07,5.3986e-07,3.6115e-06,6.5695e-06,7.7034e-06,6.4418e-06
P45,0.00,45.00,0.00,0.00,6.0561e-08,2.4633e-07,7.8219e-07,3.7671e-06,8.1280e-06,8.1164e-06,5.5842e-06,6.0276e-08,2.2506e-07,5.7438e-07,3.8134e-06,6.8719e-06,8.0426e-06,6.8019e-06
P45,60.00,135.00,60.00,0.00,5.9673e-08,1.7584e-07,5.4570e-07,2.6645e-06,6.2115e-06,6.2019e-06,4.1522e-06,5.9277e-08,1.6099e-07,4.1505e-07,2.7158e-06,5.1799e-06,6.1484e-06,5.0332e-06
P45,30.00,180.00,60.00,0.00,5.2571e-08,2.3005e-07,7.2768e-07,3.5613e-06,7.7833e-06,7.7721e-06,5.2691e-06,5.2353e-08,2.1019e-07,5.3881e-07,3.6104e-06,6.5688e-06,7.7028e-06,6.4414e-06
P45,30.00,90.00,0.00,0.00,6.2993e-08,2.3133e-07,7.2870e-07,3.5624e-06,7.7838e-06,7.7726e-06,5.2695e-06,6.2658e-08,2.1147e-07,5.3986e-07,3.6115e-06,6.5695e-06,7.7034e-06,6.4418e-06
P45,0.00,0.00,60.00,0.00,5.1060e-08,2.4519e-07,7.8129e-07,3.7662e-06,8.1275e-06,8.1159e-06,5.5839e-06,5.0888e-08,2.2392e-07,5.7345e-07,3.8124e-06,6.8712e-06,8.0421e-06,6.8015e-06
P45,60.00,90.00,30.00,0.00,7.0573e-08,1.7735e-07,5.4694e-07,2.6658e-06,6.2121e-06,6.2026e-06,4.1526e-06,7.0072e-08,1.6251e-07,4.1634e-07,2.7171e-06,5.1808e-06,6.1491e-06,5.0337e-06
P45,60.00,90.00,60.00,0.00,6.0094e-08,1.7592e-07,5.4576e-07,2.6646e-06,6.2115e-06,6.2020e-06,4.1522e-06,5.9695e-08,1.6107e-07,4.1512e-07,2.7159e-06,5.1800e-06,6.1484e-06,5.0333e-06
P45,60.00,180.00,30.00,0.00,7.0414e-08,1.7733e-07,5.4692e-07,2.6658e-06,6.2121e-06,6.2026e-06,4.1526e-06,6.9915e-08,1.6249e-07,4.1632e-07,2.7171e-06,5.1808e-06,6.1491e-06,5.0337e-06
P45,0.00,135.00,0.00,0.00,6.0561e-08,2.4633e-07,7.8219e-07,3.7671e-06,8.1280e-06,8.1164e-06,5.5842e-06,6.0276e-08,2.2506e-07,5.7438e-07,3.8134e-06,6.8719e-06,8.0426e-06,6.8019e-06
P46,0.00,135.00,30.00,0.00,6.0001e-08,3.3736e-07,1.0423e-06,4.4709e-06,9.1385e-06,9.1258e-06,7.5349e-06,6.0075e-08,3.0875e-07,7.8235e-07,4.4918e-06,7.7518e-06,9.0332e-06,8.4503e-06
P46,30.00,0.00,0.00,0.00,6.4036e-08,3.1880e-07,9.8646e-07,4.3066e-06,8.8502e-06,8.8380e-06,7.1955e-06,6.4078e-08,2.9169e-07,7.4185e-07,4.3309e-06,7.5138e-06,8.7517e-06,8.1027e-06
P46,30.00,90.00,60.00,0.00,5.4700e-08,3.1783e-07,9.8533e-07,4.3055e-06,8.8496e-06,8.8374e-06,7.1951e-06,5.4762e-08,2.9074e-07,7.4080e-07,4.3298e-06,7.5130e-06,8.7511e-06,8.1023e-06
P46,60.00,180.00,60.00,0.00,6.1060e-08,2.5340e-07,7.8681e-07,3.5178e-06,7.4455e-06,7.4352e-06,5.9344e-06,6.0995e-08,2.3176e-07,5.9747e-07,3.5488e-06,6.3258e-06,7.3701e-06,6.6889e-06
P46,30.00,0.00,60.00,0.00,5.4845e-08,3.1785e-07,9.8536e-07,4.3055e-06,8.8496e-06,8.8374e-06,7.1951e-06,5.4906e-08,2.9076e-07,7.4083e-07,4.3298e-06,7.5130e-06,8.7511e-06,8.1023e-06
P46,30.00,180.00,60.00,0.00,5.4554e-08,3.1781e-07,9.8532e-07,4.3054e-06,8.8496e-06,8.8374e-06,7.1951e-06,5.4616e-08,2.9072e-07,7.4078e-07,4.3297e-06,7.5130e-06,8.7510e-06,8.1023e-06
P46,0.00,180.00,0.00,0.00,6.1696e-08,3.3754e-07,1.0425e-06,4.4711e-06,9.1386e-06,9.1259e-06,7.5350e-06,6.1764e-08,3.0892e-07,7.8253e-07,4.4920e-06,7.7519e-06,9.0333e-06,8.4504e-06
P46,30.00,45.00,0.00,0.00,6.4036e-08,3.1880e-07,9.8646e-07,4.3066e-06,8.8502e-06,8.8380e-06,7.1955e-06,6.4078e-08,2.9169e-07,7.4185e-07,4.3309e-06,7.5138e-06,8.7517e-06,8.1027e-06
P46,60.00,135.00,30.00,0.00,7.0929e-08,2.5436e-07,7.8809e-07,3.5191e-06,7.4462e-06,7.4359e-06,5.9348e-06,7.0846e-08,2.3269e-07,5.9862e-07,3.5501e-06,6.3267e-06,7.3708e-06,6.6894e-06
P46,60.00,45.00,0.00,0.00,7.3237e-08,2.5458e-07,7.8837e-07,3.5194e-06,7.4463e-06,7.4361e-06,5.9349e-06,7.3150e-08,2.3290e-07,5.9887e-07,3.5504e-06,6.3269e-06,7.3710e-06,6.6895e-06
P46,30.00,90.00,0.00,0.00,6.4036e-08,3.1880e-07,9.8646e-07,4.3066e-06,8.8502e-06,8.8380e-06,7.1955e-06,6.4078e-08,2.9169e-07,7.4185e-07,4.3309e-06,7.5138e-06,8.7517e-06,8.1027e-06
P46,60.00,45.00,60.00,0.00,6.2021e-08,2.5352e-07,7.8696e-07,3.5180e-06,7.4456e-06,7.4353e-06,5.9344e-06,6.1954e-08,2.3188e-07,5.9761e-07,3.5489e-06,6.3259e-06,7.3702e-06,6.6889e-06
P46,60.00,0.00,30.00,0.00,7.1185e-08,2.5439e-07,7.8813e-07,3.5192e-06,7.4462e-06,7.4359e-06,5.9348e-06,7.1102e-08,2.3272e-07,5.9865e-07,3.5502e-06,6.3267e-06,7.3709e-06,6.6894e-06
P46,60.00,180.00,0.00,0.00,7.3237e-08,2.5458e-07,7.8837e-07,3.5194e-06,7.4463e-06,7.4361e-06,5.9349e-06,7.3150e-08,2.3290e-07,5.9887e-07,3.5504e-06,6.3269e-06,7.3710e-06,6.6895e-06
P46,60.00,0.00,0.00,0.00,7.3237e-08,2.5458e-07,7.8837e-07,3.5194e-06,7.4463e-06,7.4361e-06,5.9349e-06,7.3150e-08,2.3290e-07,5.9887e-07,3.5504e-06,6.3269e-06,7.3710e-06,6.6895e-06
P46,60.00,90.00,0.00,0.00,7.3237e-08,2.5458e-07,7.8837e-07,3.5194e-06,7.4463e-06,7.4361e-06,5.9349e-06,7.3150e-08,2.3290e-07,5.9887e-07,3.5504e-06,6.3269e-06,7.3710e-06,6.6895e-06
P46,0.00,45.00,60.00,0.00,5.3038e-08,3.3663e-07,1.0415e-06,4.4700e-06,9.1380e-06,9.1253e-06,7.5346e-06,5.3127e-08,3.0803e-07,7.8156e-07,4.4910e-06,7.7512e-06,9.0328e-06,8.4500e-06
P46,0.00,45.00,0.00,0.00,6.1696e-08,3.3754e-07,1.0425e-06,4.4711e-06,9.1386e-06,9.1259e-06,7.5350e-06,6.1764e-08,3.0892e-07,7.8253e-07,4.4920e-06,7.7519e-06,9.0333e-06,8.4504e-06
P46,30.00,45.00,30.00,0.00,6.2250e-08,3.1862e-07,9.8626e-07,4.3064e-06,8.8501e-06,8.8379e-06,7.1955e-06,6.2297e-08,2.9151e-07,7.4166e-07,4.3307e-06,7.5136e-06,8.7516e-06,8.1026e-06
P46,0.00,0.00,0.00,0.00,6.1696e-08,3.3754e-07,1.0425e-06,4.4711e-06,9.1386e-06,9.1259e-06,7.5350e-06,6.1764e-08,3.0892e-07,7.8253e-07,4.4920e-06,7.7519e-06,9.0333e-06,8.4504e-06
P46,60.00,135.00,0.00,0.00,7.3237e-08,2.5458e-07,7.8837e-07,3.5194e-06,7.4463e-06,7.4361e-06,5.9349e-06,7.3150e-08,2.3290e-07,5.9887e-07,3.5504e-06,6.3269e-06,7.3710e-06,6.6895e-06
P46,60.00,180.00,30.00,0.00,7.0885e-08,2.5435e-07,7.8808e-07,3.5191e-06,7.4462e-06,7.4359e-06,5.9348e-06,7.0802e-08,2.3268e-07,5.9861e-07,3.5501e-06,6.3267e-06,7.3708e-06,6.6894e-06
P46,0.00,135.00,0.00,0.00,6.1696e-08,3.3754e-07,1.0425e-06,4.4711e-06,9.1386e-06,9.1259e-06,7.5350e-06,6.1764e-08,3.0892e-07,7.8253e-07,4.4920e-06,7.7519e-06,9.0333e-06,8.4504e-06
P46,30.00,135.00,0.00,0.00,6.4036e-08,3.1880e-07,9.8646e-07,4.3066e-06,8.8502e-06,8.8380e-06,7.1955e-06,6.4078e-08,2.9169e-07,7.4185e-07,4.3309e-06,7.5138e-06,8.7517e-06,8.1027e-06
P46,30.00,45.00,60.00,0.00,5.4803e-08,3.1785e-07,9.8535e-07,4.3055e-06,8.8496e-06,8.8374e-06,7.1951e-06,5.4864e-08,2.9076e-07,7.4082e-07,4.3298e-06,7.5130e-06,8.7511e-06,8.1023e-06
P46,30.00,135.00,60.00,0.00,5.4597e-08,3.1782e-07,9.8532e-07,4.3054e-06,8.8496e-06,8.8374e-06,7.1951e-06,5.4659e-08,2.9073e-07,7.4079e-07,4.3297e-06,7.5130e-06,8.7510e-06,8.1023e-06
P46,30.00,135.00,30.00,0.00,6.2191e-08,3.1861e-07,9.8626e-07,4.3064e-06,8.8501e-06,8.8379e-06,7.1955e-06,6.2239e-08,2.9150e-07,7.4165e-07,4.3307e-06,7.5136e-06,8.7515e-06,8.1026e-06
P46,0.00,90.00,60.00,0.00,5.3038e-08,3.3663e-07,1.0415e-06,4.4700e-06,9.1380e-06,9.1253e-06,7.5346e-06,5.3127e-08,3.0803e-07,7.8156e-07,4.4910e-06,7.7512e-06,9.0328e-06,8.4500e-06
P46,0.00,180.00,30.00,0.00,6.0001e-08,3.3736e-07,1.0423e-06,4.4709e-06,9.1385e-06,9.1258e-06,7.5349e-06,6.0075e-08,3.0875e-07,7.8235e-07,4.4918e-06,7.7518e-06,9.0332e-06,8.4503e-06
P46,30.00,180.00,30.00,0.00,6.2179e-08,3.1861e-07,9.8625e-07,4.3064e-06,8.8501e-06,8.8379e-06,7.1955e-06,6.2227e-08,2.9150e-07,7.4165e-07,4.3307e-06,7.5136e-06,8.7515e-06,8.1026e-06
P46,60.00,90.00,30.00,0.00,7.1036e-08,2.5437e-07,7.8811e-07,3.5192e-06,7.4462e-06,7.4359e-06,5.9348e-06,7.0953e-08,2.3270e-07,5.9863e-07,3.5501e-06,6.3267e-06,7.3709e-06,6.6894e-06
P46,0.00,0.00,60.00,0.00,5.3038e-08,3.3663e-07,1.0415e-06,4.4700e-06,9.1380e-06,9.1253e-06,7.5346e-06,5.3127e-08,3.0803e-07,7.8156e-07,4.4910e-06,7.7512e-06,9.0328e-06,8.4500e-06
P46,0.00,90.00,0.00,0.00,6.1696e-08,3.3754e-07,1.0425e-06,4.4711e-06,9.1386e-06,9.1259e-06,7.5350e-06,6.1764e-08,3.0892e-07,7.8253e-07,4.4920e-06,7.7519e-06,9.0333e-06,8.4504e-06
P46,0.00,135.00,60.00,0.00,5.3038e-08,3.3663e-07,1.0415e-06,4.4700e-06,9.1380e-06,9.1253e-06,7.5346e-06,5.3127e-08,3.0803e-07,7.8156e-07,4.4910e-06,7.7512e-06,9.0328e-06,8.4500e-06
P46,0.00,90.00,30.00,0.00,6.0001e-08,3.3736e-07,1.0423e-06,4.4709e-06,9.1385e-06,9.1258e-06,7.5349e-06,6.0075e-08,3.0875e-07,7.8235e-07,4.4918e-06,7.7518e-06,9.0332e-06,8.4503e-06
P46,30.00,180.00,0.00,0.00,6.4036e-08,3.1880e-07,9.8646e-07,4.3066e-06,8.8502e-06,8.8380e-06,7.1955e-06,6.4078e-08,2.9169e-07,7.4185e-07,4.3309e-06,7.5138e-06,8.7517e-06,8.1027e-06
P46,0.00,0.00,30.00,0.00,6.0001e-08,3.3736e-07,1.0423e-06,4.4709e-06,9.1385e-06,9.1258e-06,7.5349e-06,6.0075e-08,3.0875e-07,7.8235e-07,4.4918e-06,7.7518e-06,9.0332e-06,8.4503e-06
P46,60.00,90.00,60.00,0.00,6.1633e-08,2.5347e-07,7.8690e-07,3.5179e-06,7.4455e-06,7.4353e-06,5.9344e-06,6.1566e-08,2.3183e-07,5.9756e-07,3.5489e-06,6.3259e-06,7.3702e-06,6.6889e-06
P46,0.00,180.00,60.00,0.00,5.3038e-08,3.3663e-07,1.0415e-06,4.4700e-06,9.1380e-06,9.1253e-06,7.5346e-06,5.3127e-08,3.0803e-07,7.8156e-07,4.4910e-06,7.7512e-06,9.0328e-06,8.4500e-06
P46,60.00,0.00,60.00,0.00,6.2178e-08,2.5354e-07,7.8698e-07,3.5180e-06,7.4456e-06,7.4353e-06,5.9344e-06,6.2111e-08,2.3190e-07,5.9764e-07,3.5490e-06,6.3259e-06,7.3702e-06,6.6889e-06
P46,30.00,0.00,30.00,0.00,6.2262e-08,3.1862e-07,9.8627e-07,4.3064e-06,8.8501e-06,8.8379e-06,7.1955e-06,6.2309e-08,2.9151e-07,7.4166e-07,4.3307e-06,7.5136e-06,8.7516e-06,8.1026e-06
P46,60.00,45.00,30.00,0.00,7.1141e-08,2.5438e-07,7.8812e-07,3.5192e-06,7.4462e-06,7.4359e-06,5.9348e-06,7.1058e-08,2.3272e-07,5.9865e-07,3.5502e-06,6.3267e-06,7.3709e-06,6.6894e-06
P46,60.00,135.00,60.00,0.00,6.1231e-08,2.5342e-07,7.8684e-07,3.5179e-06,7.4455e-06,7.4352e-06,5.9344e-06,6.1165e-08,2.3178e-07,5.9750e-07,3.5488e-06,6.3258e-06,7.3702e-06,6.6889e-06
P46,0.00,45.00,30.00,0.00,6.0001e-08,3.3736e-07,1.0423e-06,4.4709e-06,9.1385e-06,9.1258e-06,7.5349e-06,6.0075e-08,3.0875e-07,7.8235e-07,4.4918e-06,7.7518e-06,9.0332e-06,8.4503e-06
P46,30.00,90.00,30.00,0.00,6.2221e-08,3.1861e-07,9.8626e-07,4.3064e-06,8.8501e-06,8.8379e-06,7.1955e-06,6.2268e-08,2.9151e-07,7.4165e-07,4.3307e-06,7.5136e-06,8.7516e-06,8.1026e-06
P47,0.00,45.00,30.00,0.00,5.8092e-08,2.7888e-07,7.8812e-07,3.6546e-06,7.9674e-06,7.9560e-06,5.8551e-06,5.7917e-08,2.5846e-07,5.9037e-07,3.7006e-06,6.7204e-06,7.8824e-06,6.8245e-06
P47,60.00,0.00,30.00,0.00,7.0009e-08,2.3121e-07,5.8661e-07,2.5957e-06,6.1174e-06,6.1078e-06,4.7729e-06,6.9607e-08,2.1639e-07,4.6847e-07,2.6353e-06,5.0799e-06,6.0511e-06,5.3193e-06
P47,0.00,90.00,60.00,0.00,5.0637e-08,2.7762e-07,7.8708e-07,3.6536e-06,7.9669e-06,7.9554e-06,5.8548e-06,5.0505e-08,2.5718e-07,5.8931e-07,3.6996e-06,6.7197e-06,7.8819e-06,6.8241e-06
P47,0.00,45.00,0.00,0.00,5.9795e-08,2.7916e-07,7.8834e-07,3.6548e-06,7.9675e-06,7.9561e-06,5.8552e-06,5.9611e-08,2.5873e-07,5.9060e-07,3.7008e-06,6.7205e-06,7.8825e-06,6.8245e-06
P47,30.00,90.00,30.00,0.00,6.0394e-08,2.6789e-07,7.3861e-07,3.4500e-06,7.6228e-06,7.6117e-06,5.5979e-06,6.0170e-08,2.4879e-07,5.6162e-07,3.4969e-06,6.4163e-06,7.5423e-06,6.5012e-06
P47,30.00,180.00,60.00,0.00,5.2119e-08,2.6646e-07,7.3744e-07,3.4489e-06,7.6222e-06,7.6111e-06,5.5975e-06,5.1943e-08,2.4735e-07,5.6043e-07,3.4958e-06,6.4156e-06,7.5417e-06,6.5007e-06
P47,0.00,90.00,30.00,0.00,5.8092e-08,2.7888e-07,7.8812e-07,3.6546e-06,7.9674e-06,7.9560e-06,5.8551e-06,5.7917e-08,2.5846e-07,5.9037e-07,3.7006e-06,6.7204e-06,7.8824e-06,6.8245e-06
P47,30.00,90.00,0.00,0.00,6.2243e-08,2.6819e-07,7.3886e-07,3.4502e-06,7.6229e-06,7.6118e-06,5.5980e-06,6.2008e-08,2.4909e-07,5.6187e-07,3.4972e-06,6.4165e-06,7.5424e-06,6.5012e-06
P47,0.00,45.00,60.00,0.00,5.0637e-08,2.7762e-07,7.8708e-07,3.6536e-06,7.9669e-06,7.9554e-06,5.8548e-06,5.0505e-08,2.5718e-07,5.8931e-07,3.6996e-06,6.7197e-06,7.8819e-06,6.8241e-06
P47,60.00,90.00,0.00,0.00,7.2171e-08,2.3158e-07,5.8692e-07,2.5960e-06,6.1176e-06,6.1080e-06,4.7730e-06,7.1755e-08,2.1676e-07,4.6878e-07,2.6356e-06,5.0801e-06,6.0512e-06,5.3194e-06
P47,0.00,0.00,0.00,0.00,5.9795e-08,2.7916e-07,7.8834e-07,3.6548e-06,7.9675e-06,7.9561e-06,5.8552e-06,5.9611e-08,2.5873e-07,5.9060e-07,3.7008e-06,6.7205e-06,7.8825e-06,6.8245e-06
P47,60.00,180.00,0.00,0.00,7.2171e-08,2.3158e-07,5.8692e-07,2.5960e-06,6.1176e-06,6.1080e-06,4.7730e-06,7.1755e-08,2.1676e-07,4.6878e-07,2.6356e-06,5.0801e-06,6.0512e-06,5.3194e-06
P47,60.00,135.00,0.00,0.00,7.2171e-08,2.3158e-07,5.8692e-07,2.5960e-06,6.1176e-06,6.1080e-06,4.7730e-06,7.1755e-08,2.1676e-07,4.6878e-07,2.6356e-06,5.0801e-06,6.0512e-06,5.3194e-06
P47,30.00,45.00,30.00,0.00,6.0425e-08,2.6790e-07,7.3862e-07,3.4500e-06,7.6228e-06,7.6117e-06,5.5979e-06,6.0200e-08,2.4879e-07,5.6163e-07,3.4969e-06,6.4163e-06,7.5423e-06,6.5012e-06
P47,0.00,135.00,30.00,0.00,5.8092e-08,2.7888e-07,7.8812e-07,3.6546e-06,7.9674e-06,7.9560e-06,5.8551e-06,5.7917e-08,2.5846e-07,5.9037e-07,3.7006e-06,6.7204e-06,7.8824e-06,6.8245e-06
P47,60.00,45.00,30.00,0.00,6.9961e-08,2.3120e-07,5.8660e-07,2.5957e-06,6.1174e-06,6.1078e-06,4.7729e-06,6.9560e-08,2.1638e-07,4.6846e-07,2.6353e-06,5.0799e-06,6.0511e-06,5.3193e-06
P47,30.00,0.00,30.00,0.00,6.0437e-08,2.6790e-07,7.3862e-07,3.4500e-06,7.6228e-06,7.6117e-06,5.5979e-06,6.0212e-08,2.4879e-07,5.6163e-07,3.4969e-06,6.4163e-06,7.5423e-06,6.5012e-06
P47,30.00,0.00,60.00,0.00,5.2434e-08,2.6653e-07,7.3749e-07,3.4489e-06,7.6222e-06,7.6111e-06,5.5976e-06,5.2257e-08,2.4741e-07,5.6048e-07,3.4958e-06,6.4156e-06,7.5417e-06,6.5008e-06
P47,60.00,45.00,60.00,0.00,5.9924e-08,2.2938e-07,5.8508e-07,2.5943e-06,6.1167e-06,6.1071e-06,4.7725e-06,5.9591e-08,2.1454e-07,4.6690e-07,2.6339e-06,5.0789e-06,6.0503e-06,5.3188e-06
P47,0.00,135.00,0.00,0.00,5.9795e-08,2.7916e-07,7.8834e-07,3.6548e-06,7.9675e-06,7.9561e-06,5.8552e-06,5.9611e-08,2.5873e-07,5.9060e-07,3.7008e-06,6.7205e-06,7.8825e-06,6.8245e-06
P47,60.00,180.00,60.00,0.00,5.8867e-08,2.2915e-07,5.8489e-07,2.5941e-06,6.1166e-06,6.1070e-06,4.7725e-06,5.8539e-08,2.1431e-07,4.6670e-07,2.6337e-06,5.0788e-06,6.0502e-06,5.3187e-06
P47,60.00,90.00,60.00,0.00,5.9497e-08,2.2928e-07,5.8500e-07,2.5942e-06,6.1166e-06,6.1070e-06,4.7725e-06,5.9166e-08,2.1445e-07,4.6682e-07,2.6338e-06,5.0789e-06,6.0503e-06,5.3187e-06
P47,60.00,90.00,30.00,0.00,6.9847e-08,2.3118e-07,5.8658e-07,2.5956e-06,6.1174e-06,6.1078e-06,4.7729e-06,6.9446e-08,2.1635e-07,4.6844e-07,2.6353e-06,5.0799e-06,6.0511e-06,5.3193e-06
P47,60.00,135.00,60.00,0.00,5.9055e-08,2.2919e-07,5.8492e-07,2.5941e-06,6.1166e-06,6.1070e-06,4.7725e-06,5.8726e-08,2.1435e-07,4.6674e-07,2.6338e-06,5.0788e-06,6.0502e-06,5.3187e-06
P47,30.00,45.00,0.00,0.00,6.2243e-08,2.6819e-07,7.3886e-07,3.4502e-06,7.6229e-06,7.6118e-06,5.5980e-06,6.2008e-08,2.4909e-07,5.6187e-07,3.4972e-06,6.4165e-06,7.5424e-06,6.5012e-06
P47,30.00,135.00,30.00,0.00,6.0364e-08,2.6789e-07,7.3860e-07,3.4500e-06,7.6228e-06,7.6117e-06,5.5979e-06,6.0140e-08,2.4878e-07,5.6162e-07,3.4969e-06,6.4163e-06,7.5423e-06,6.5012e-06
P47,30.00,135.00,0.00,0.00,6.2243e-08,2.6819e-07,7.3886e-07,3.4502e-06,7.6229e-06,7.6118e-06,5.5980e-06,6.2008e-08,2.4909e-07,5.6187e-07,3.4972e-06,6.4165e-06,7.5424e-06,6.5012e-06
P47,0.00,180.00,60.00,0.00,5.0637e-08,2.7762e-07,7.8708e-07,3.6536e-06,7.9669e-06,7.9554e-06,5.8548e-06,5.0505e-08,2.5718e-07,5.8931e-07,3.6996e-06,6.7197e-06,7.8819e-06,6.8241e-06
P47,30.00,45.00,60.00,0.00,5.2389e-08,2.6652e-07,7.3749e-07,3.4489e-06,7.6222e-06,7.6111e-06,5.5976e-06,5.2212e-08,2.4741e-07,5.6047e-07,3.4958e-06,6.4156e-06,7.5417e-06,6.5008e-06
P47,60.00,135.00,30.00,0.00,6.9731e-08,2.3115e-07,5.8656e-07,2.5956e-06,6.1174e-06,6.1078e-06,4.7729e-06,6.9331e-08,2.1633e-07,4.6842e-07,2.6353e-06,5.0798e-06,6.0510e-06,5.3193e-06
P47,0.00,90.00,0.00,0.00,5.9795e-08,2.7916e-07,7.8834e-07,3.6548e-06,7.9675e-06,7.9561e-06,5.8552e-06,5.9611e-08,2.5873e-07,5.9060e-07,3.7008e-06,6.7205e-06,7.8825e-06,6.8245e-06
P47,60.00,0.00,0.00,0.00,7.2171e-08,2.3158e-07,5.8692e-07,2.5960e-06,6.1176e-06,6.1080e-06,4.7730e-06,7.1755e-08,2.1676e-07,4.6878e-07,2.6356e-06,5.0801e-06,6.0512e-06,5.3194e-06
P47,60.00,180.00,30.00,0.00,6.9683e-08,2.3114e-07,5.8656e-07,2.5956e-06,6.1174e-06,6.1078e-06,4.7729e-06,6.9283e-08,2.1632e-07,4.6841e-07,2.6353e-06,5.0798e-06,6.0510e-06,5.3193e-06
P47,30.00,180.00,0.00,0.00,6.2243e-08,2.6819e-07,7.3886e-07,3.4502e-06,7.6229e-06,7.6118e-06,5.5980e-06,6.2008e-08,2.4909e-07,5.6187e-07,3.4972e-06,6.4165e-06,7.5424e-06,6.5012e-06
P47,0.00,0.00,30.00,0.00,5.8092e-08,2.7888e-07,7.8812e-07,3.6546e-06,7.9674e-06,7.9560e-06,5.8551e-06,5.7917e-08,2.5846e-07,5.9037e-07,3.7006e-06,6.7204e-06,7.8824e-06,6.8245e-06
P47,60.00,45.00,0.00,0.00,7.2171e-08,2.3158e-07,5.8692e-07,2.5960e-06,6.1176e-06,6.1080e-06,4.7730e-06,7.1755e-08,2.1676e-07,4.6878e-07,2.6356e-06,5.0801e-06,6.0512e-06,5.3194e-06
P47,60.00,0.00,60.00,0.00,6.0096e-08,2.2941e-07,5.8511e-07,2.5943e-06,6.1167e-06,6.1071e-06,4.7725e-06,5.9763e-08,2.1458e-07,4.6693e-07,2.6339e-06,5.0789e-06,6.0503e-06,5.3188e-06
P47,0.00,135.00,60.00,0.00,5.0637e-08,2.7762e-07,7.8708e-07,3.6536e-06,7.9669e-06,7.9554e-06,5.8548e-06,5.0505e-08,2.5718e-07,5.8931e-07,3.6996e-06,6.7197e-06,7.8819e-06,6.8241e-06
P47,0.00,0.00,60.00,0.00,5.0637e-08,2.7762e-07,7.8708e-07,3.6536e-06,7.9669e-06,7.9554e-06,5.8548e-06,5.0505e-08,2.5718e-07,5.8931e-07,3.6996e-06,6.7197e-06,7.8819e-06,6.8241e-06
P47,30.00,180.00,30.00,0.00,6.0352e-08,2.6788e-07,7.3860e-07,3.4500e-06,7.6228e-06,7.6117e-06,5.5979e-06,6.0127e-08,2.4878e-07,5.6162e-07,3.4969e-06,6.4163e-06,7.5423e-06,6.5012e-06
P47,0.00,180.00,30.00,0.00,5.8092e-08,2.7888e-07,7.8812e-07,3.6546e-06,7.9674e-06,7.9560e-06,5.8551e-06,5.7917e-08,2.5846e-07,5.9037e-07,3.7006e-06,6.7204e-06,7.8824e-06,6.8245e-06
P47,30.00,135.00,60.00,0.00,5.2166e-08,2.6647e-07,7.3745e-07,3.4489e-06,7.6222e-06,7.6111e-06,5.5975e-06,5.1990e-08,2.4736e-07,5.6043e-07,3.4958e-06,6.4156e-06,7.5417e-06,6.5007e-06
P47,30.00,90.00,60.00,0.00,5.2278e-08,2.6650e-07,7.3747e-07,3.4489e-06,7.6222e-06,7.6111e-06,5.5976e-06,5.2101e-08,2.4738e-07,5.6045e-07,3.4958e-06,6.4156e-06,7.5417e-06,6.5008e-06
P47,0.00,180.00,0.00,0.00,5.9795e-08,2.7916e-07,7.8834e-07,3.6548e-06,7.9675e-06,7.9561e-06,5.8552e-06,5.9611e-08,2.5873e-07,5.9060e-07,3.7008e-06,6.7205e-06,7.8825e-06,6.8245e-06
P47,30.00,0.00,0.00,0.00,6.2243e-08,2.6819e-07,7.3886e-07,3.4502e-06,7.6229e-06,7.6118e-06,5.5980e-06,6.2008e-08,2.4909e-07,5.6187e-07,3.4972e-06,6.4165e-06,7.5424e-06,6.5012e-06
P48,60.00,0.00,0.00,0.00,7.5155e-08,2.5744e-07,8.6280e-07,3.7340e-06,7.7927e-06,7.7825e-06,6.2384e-06,7.5035e-08,2.3350e-07,6.2963e-07,3.7670e-06,6.6874e-06,7.7161e-06,7.0180e-06
P48,30.00,180.00,0.00,0.00,6.6293e-08,3.2365e-07,1.1014e-06,4.4983e-06,9.1773e-06,9.1655e-06,7.4642e-06,6.6311e-08,2.9304e-07,7.9470e-07,4.5232e-06,7.8858e-06,9.0860e-06,8.3643e-06
P48,30.00,135.00,0.00,0.00,6.6293e-08,3.2365e-07,1.1014e-06,4.4983e-06,9.1773e-06,9.1655e-06,7.4642e-06,6.6311e-08,2.9304e-07,7.9470e-07,4.5232e-06,7.8858e-06,9.0860e-06,8.3643e-06
P48,30.00,180.00,60.00,0.00,5.5928e-08,3.2293e-07,1.1004e-06,4.4973e-06,9.1769e-06,9.1650e-06,7.4638e-06,5.5961e-08,2.9234e-07,7.9386e-07,4.5221e-06,7.8852e-06,9.0856e-06,8.3640e-06
P48,60.00,90.00,60.00,0.00,6.2903e-08,2.5666e-07,8.6163e-07,3.7327e-06,7.7920e-06,7.7819e-06,6.2380e-06,6.2806e-08,2.3276e-07,6.2862e-07,3.7657e-06,6.6866e-06,7.7154e-06,7.0175e-06
P48,0.00,180.00,60.00,0.00,5.4384e-08,3.4326e-07,1.1693e-06,4.6540e-06,9.4692e-06,9.4569e-06,7.7867e-06,5.4445e-08,3.1076e-07,8.4399e-07,4.6751e-06,8.1231e-06,9.3722e-06,8.6956e-06
P48,0.00,45.00,60.00,0.00,5.4384e-08,3.4326e-07,1.1693e-06,4.6540e-06,9.4692e-06,9.4569e-06,7.7867e-06,5.4445e-08,3.1076e-07,8.4399e-07,4.6751e-06,8.1231e-06,9.3722e-06,8.6956e-06
P48,30.00,45.00,30.00,0.00,6.4349e-08,3.2351e-07,1.1012e-06,4.4981e-06,9.1772e-06,9.1654e-06,7.4641e-06,6.4370e-08,2.9291e-07,7.9455e-07,4.5230e-06,7.8857e-06,9.0859e-06,8.3643e-06
P48,0.00,45.00,30.00,0.00,6.2047e-08,3.4380e-07,1.1700e-06,4.6547e-06,9.4695e-06,9.4572e-06,7.7870e-06,6.2097e-08,3.1128e-07,8.4460e-07,4.6758e-06,8.1235e-06,9.3725e-06,8.6959e-06
P48,60.00,90.00,0.00,0.00,7.5155e-08,2.5744e-07,8.6280e-07,3.7340e-06,7.7927e-06,7.7825e-06,6.2384e-06,7.5035e-08,2.3350e-07,6.2963e-07,3.7670e-06,6.6874e-06,7.7161e-06,7.0180e-06
P48,60.00,135.00,0.00,0.00,7.5155e-08,2.5744e-07,8.6280e-07,3.7340e-06,7.7927e-06,7.7825e-06,6.2384e-06,7.5035e-08,2.3350e-07,6.2963e-07,3.7670e-06,6.6874e-06,7.7161e-06,7.0180e-06
P48,60.00,0.00,30.00,0.00,7.2999e-08,2.5730e-07,8.6261e-07,3.7338e-06,7.7926e-06,7.7825e-06,6.2383e-06,7.2883e-08,2.3338e-07,6.2946e-07,3.7668e-06,6.6872e-06,7.7160e-06,7.0180e-06
P48,60.00,135.00,60.00,0.00,6.2482e-08,2.5662e-07,8.6158e-07,3.7326e-06,7.7920e-06,7.7819e-06,6.2380e-06,6.2386e-08,2.3273e-07,6.2858e-07,3.7656e-06,6.6866e-06,7.7154e-06,7.0175e-06
P48,60.00,135.00,30.00,0.00,7.2724e-08,2.5728e-07,8.6258e-07,3.7337e-06,7.7926e-06,7.7824e-06,6.2383e-06,7.2609e-08,2.3335e-07,6.2944e-07,3.7668e-06,6.6872e-06,7.7160e-06,7.0180e-06
P48,0.00,135.00,60.00,0.00,5.4384e-08,3.4326e-07,1.1693e-06,4.6540e-06,9.4692e-06,9.4569e-06,7.7867e-06,5.4445e-08,3.1076e-07,8.4399e-07,4.6751e-06,8.1231e-06,9.3722e-06,8.6956e-06
P48,60.00,45.00,60.00,0.00,6.3310e-08,2.5669e-07,8.6168e-07,3.7327e-06,7.7921e-06,7.7819e-06,6.2380e-06,6.3213e-08,2.3279e-07,6.2867e-07,3.7657e-06,6.6866e-06,7.7155e-06,7.0176e-06
P48,30.00,90.00,30.00,0.00,6.4317e-08,3.2351e-07,1.1012e-06,4.4981e-06,9.1772e-06,9.1654e-06,7.4641e-06,6.4338e-08,2.9291e-07,7.9455e-07,4.5230e-06,7.8857e-06,9.0859e-06,8.3643e-06
P48,0.00,90.00,0.00,0.00,6.3900e-08,3.4393e-07,1.1702e-06,4.6549e-06,9.4696e-06,9.4573e-06,7.7870e-06,6.3947e-08,3.1141e-07,8.4474e-07,4.6760e-06,8.1236e-06,9.3726e-06,8.6960e-06
P48,0.00,0.00,60.00,0.00,5.4384e-08,3.4326e-07,1.1693e-06,4.6540e-06,9.4692e-06,9.4569e-06,7.7867e-06,5.4445e-08,3.1076e-07,8.4399e-07,4.6751e-06,8.1231e-06,9.3722e-06,8.6956e-06
P48,30.00,90.00,0.00,0.00,6.6293e-08,3.2365e-07,1.1014e-06,4.4983e-06,9.1773e-06,9.1655e-06,7.4642e-06,6.6311e-08,2.9304e-07,7.9470e-07,4.5232e-06,7.8858e-06,9.0860e-06,8.3643e-06
P48,0.00,45.00,0.00,0.00,6.3900e-08,3.4393e-07,1.1702e-06,4.6549e-06,9.4696e-06,9.4573e-06,7.7870e-06,6.3947e-08,3.1141e-07,8.4474e-07,4.6760e-06,8.1236e-06,9.3726e-06,8.6960e-06
P48,30.00,180.00,30.00,0.00,6.4271e-08,3.2351e-07,1.1012e-06,4.4981e-06,9.1772e-06,9.1654e-06,7.4641e-06,6.4292e-08,2.9290e-07,7.9455e-07,4.5230e-06,7.8857e-06,9.0859e-06,8.3643e-06
P48,60.00,180.00,60.00,0.00,6.2304e-08,2.5661e-07,8.6156e-07,3.7326e-06,7.7920e-06,7.7819e-06,6.2379e-06,6.2208e-08,2.3271e-07,6.2856e-07,3.7656e-06,6.6866e-06,7.7154e-06,7.0175e-06
P48,60.00,45.00,0.00,0.00,7.5155e-08,2.5744e-07,8.6280e-07,3.7340e-06,7.7927e-06,7.7825e-06,6.2384e-06,7.5035e-08,2.3350e-07,6.2963e-07,3.7670e-06,6.6874e-06,7.7161e-06,7.0180e-06
P48,30.00,135.00,60.00,0.00,5.5975e-08,3.2293e-07,1.1004e-06,4.4973e-06,9.1769e-06,9.1650e-06,7.4638e-06,5.6007e-08,2.9235e-07,7.9387e-07,4.5221e-06,7.8852e-06,9.0856e-06,8.3640e-06
P48,0.00,180.00,0.00,0.00,6.3900e-08,3.4393e-07,1.1702e-06,4.6549e-06,9.4696e-06,9.4573e-06,7.7870e-06,6.3947e-08,3.1141e-07,8.4474e-07,4.6760e-06,8.1236e-06,9.3726e-06,8.6960e-06
P48,0.00,0.00,30.00,0.00,6.2047e-08,3.4380e-07,1.1700e-06,4.6547e-06,9.4695e-06,9.4572e-06,7.7870e-06,6.2097e-08,3.1128e-07,8.4460e-07,4.6758e-06,8.1235e-06,9.3725e-06,8.6959e-06
P48,60.00,0.00,60.00,0.00,6.3475e-08,2.5671e-07,8.6171e-07,3.7327e-06,7.7921e-06,7.7820e-06,6.2380e-06,6.3378e-08,2.3281e-07,6.2869e-07,3.7657e-06,6.6867e-06,7.7155e-06,7.0176e-06
P48,60.00,90.00,30.00,0.00,7.2839e-08,2.5729e-07,8.6259e-07,3.7337e-06,7.7926e-06,7.7824e-06,6.2383e-06,7.2723e-08,2.3336e-07,6.2945e-07,3.7668e-06,6.6872e-06,7.7160e-06,7.0180e-06
P48,0.00,180.00,30.00,0.00,6.2047e-08,3.4380e-07,1.1700e-06,4.6547e-06,9.4695e-06,9.4572e-06,7.7870e-06,6.2097e-08,3.1128e-07,8.4460e-07,4.6758e-06,8.1235e-06,9.3725e-06,8.6959e-06
P48,30.00,90.00,60.00,0.00,5.6086e-08,3.2294e-07,1.1004e-06,4.4973e-06,9.1769e-06,9.1650e-06,7.4639e-06,5.6119e-08,2.9236e-07,7.9388e-07,4.5222e-06,7.8852e-06,9.0856e-06,8.3640e-06
P48,30.00,135.00,30.00,0.00,6.4285e-08,3.2351e-07,1.1012e-06,4.4981e-06,9.1772e-06,9.1654e-06,7.4641e-06,6.4306e-08,2.9290e-07,7.9455e-07,4.5230e-06,7.8857e-06,9.0859e-06,8.3643e-06
P48,60.00,180.00,0.00,0.00,7.5155e-08,2.5744e-07,8.6280e-07,3.7340e-06,7.7927e-06,7.7825e-06,6.2384e-06,7.5035e-08,2.3350e-07,6.2963e-07,3.7670e-06,6.6874e-06,7.7161e-06,7.0180e-06
P48,0.00,0.00,0.00,0.00,6.3900e-08,3.4393e-07,1.1702e-06,4.6549e-06,9.4696e-06,9.4573e-06,7.7870e-06,6.3947e-08,3.1141e-07,8.4474e-07,4.6760e-06,8.1236e-06,9.3726e-06,8.6960e-06
P48,30.00,45.00,0.00,0.00,6.6293e-08,3.2365e-07,1.1014e-06,4.4983e-06,9.1773e-06,9.1655e-06,7.4642e-06,6.6311e-08,2.9304e-07,7.9470e-07,4.5232e-06,7.8858e-06,9.0860e-06,8.3643e-06
P48,30.00,0.00,30.00,0.00,6.4363e-08,3.2351e-07,1.1012e-06,4.4981e-06,9.1772e-06,9.1654e-06,7.4641e-06,6.4384e-08,2.9291e-07,7.9455e-07,4.5230e-06,7.8857e-06,9.0859e-06,8.3643e-06
P48,60.00,180.00,30.00,0.00,7.2676e-08,2.5727e-07,8.6257e-07,3.7337e-06,7.7926e-06,7.7824e-06,6.2383e-06,7.2561e-08,2.3335e-07,6.2943e-07,3.7667e-06,6.6872e-06,7.7160e-06,7.0180e-06
P48,0.00,90.00,60.00,0.00,5.4384e-08,3.4326e-07,1.1693e-06,4.6540e-06,9.4692e-06,9.4569e-06,7.7867e-06,5.4445e-08,3.1076e-07,8.4399e-07,4.6751e-06,8.1231e-06,9.3722e-06,8.6956e-06
P48,0.00,135.00,0.00,0.00,6.3900e-08,3.4393e-07,1.1702e-06,4.6549e-06,9.4696e-06,9.4573e-06,7.7870e-06,6.3947e-08,3.1141e-07,8.4474e-07,4.6760e-06,8.1236e-06,9.3726e-06,8.6960e-06
P48,30.00,45.00,60.00,0.00,5.6197e-08,3.2295e-07,1.1005e-06,4.4973e-06,9.1769e-06,9.1650e-06,7.4639e-06,5.6229e-08,2.9237e-07,7.9389e-07,4.5222e-06,7.8853e-06,9.0856e-06,8.3640e-06
P48,0.00,90.00,30.00,0.00,6.2047e-08,3.4380e-07,1.1700e-06,4.6547e-06,9.4695e-06,9.4572e-06,7.7870e-06,6.2097e-08,3.1128e-07,8.4460e-07,4.6758e-06,8.1235e-06,9.3725e-06,8.6959e-06
P48,0.00,135.00,30.00,0.00,6.2047e-08,3.4380e-07,1.1700e-06,4.6547e-06,9.4695e-06,9.4572e-06,7.7870e-06,6.2097e-08,3.1128e-07,8.4460e-07,4.6758e-06,8.1235e-06,9.3725e-06,8.6959e-06
P48,60.00,45.00,30.00,0.00,7.2952e-08,2.5730e-07,8.6261e-07,3.7338e-06,7.7926e-06,7.7824e-06,6.2383e-06,7.2836e-08,2.3337e-07,6.2946e-07,3.7668e-06,6.6872e-06,7.7160e-06,7.0180e-06
P48,30.00,0.00,60.00,0.00,5.6243e-08,3.2295e-07,1.1005e-06,4.4973e-06,9.1769e-06,9.1650e-06,7.4639e-06,5.6275e-08,2.9237e-07,7.9390e-07,4.5222e-06,7.8853e-06,9.0856e-06,8.3640e-06
P48,30.00,0.00,0.00,0.00,6.6293e-08,3.2365e-07,1.1014e-06,4.4983e-06,9.1773e-06,9.1655e-06,7.4642e-06,6.6311e-08,2.9304e-07,7.9470e-07,4.5232e-06,7.8858e-06,9.0860e-06,8.3643e-06
P49,0.00,180.00,0.00,0.00,5.9844e-08,2.9915e-07,9.4861e-07,4.6561e-06,9.1674e-06,9.1577e-06,7.7859e-06,6.0121e-08,2.7272e-07,7.0820e-07,4.6861e-06,8.1131e-06,9.1027e-06,8.5172e-06
P49,0.00,45.00,60.00,0.00,5.2120e-08,2.9895e-07,9.4812e-07,4.6554e-06,9.1671e-06,9.1574e-06,7.7857e-06,5.2383e-08,2.7254e-07,7.0784e-07,4.6855e-06,8.1128e-06,9.1024e-06,8.5170e-06
P49,60.00,45.00,60.00,0.00,6.0343e-08,2.4142e-07,7.8491e-07,3.8052e-06,7.6414e-06,7.6331e-06,6.4769e-06,6.0501e-08,2.1953e-07,5.8779e-07,3.8436e-06,6.7389e-06,7.5829e-06,7.0902e-06
P49,60.00,90.00,30.00,0.00,6.8117e-08,2.4156e-07,7.8537e-07,3.8059e-06,7.6417e-06,7.6334e-06,6.4772e-06,6.8283e-08,2.1965e-07,5.8809e-07,3.8443e-06,6.7393e-06,7.5833e-06,7.0905e-06
P49,60.00,135.00,30.00,0.00,6.8018e-08,2.4155e-07,7.8536e-07,3.8059e-06,7.6417e-06,7.6334e-06,6.4772e-06,6.8185e-08,2.1965e-07,5.8809e-07,3.8443e-06,6.7393e-06,7.5833e-06,7.0905e-06
P49,0.00,0.00,0.00,0.00,5.9844e-08,2.9915e-07,9.4861e-07,4.6561e-06,9.1674e-06,9.1577e-06,7.7859e-06,6.0121e-08,2.7272e-07,7.0820e-07,4.6861e-06,8.1131e-06,9.1027e-06,8.5172e-06
P49,60.00,45.00,30.00,0.00,6.8214e-08,2.4156e-07,7.8537e-07,3.8059e-06,7.6417e-06,7.6334e-06,6.4772e-06,6.8381e-08,2.1965e-07,5.8810e-07,3.8443e-06,6.7393e-06,7.5833e-06,7.0905e-06
P49,60.00,135.00,0.00,0.00,6.9982e-08,2.4159e-07,7.8548e-07,3.8060e-06,7.6418e-06,7.6335e-06,6.4772e-06,7.0151e-08,2.1968e-07,5.8817e-07,3.8445e-06,6.7394e-06,7.5833e-06,7.0906e-06
P49,60.00,90.00,60.00,0.00,5.9989e-08,2.4141e-07,7.8488e-07,3.8052e-06,7.6414e-06,7.6331e-06,6.4769e-06,6.0146e-08,2.1953e-07,5.8777e-07,3.8436e-06,6.7389e-06,7.5829e-06,7.0902e-06
P49,30.00,90.00,0.00,0.00,6.1957e-08,2.8653e-07,9.1294e-07,4.5086e-06,8.8795e-06,8.8702e-06,7.5081e-06,6.2220e-08,2.6107e-07,6.8203e-07,4.5418e-06,7.8721e-06,8.8182e-06,8.2244e-06
P49,0.00,135.00,60.00,0.00,5.2120e-08,2.9895e-07,9.4812e-07,4.6554e-06,9.1671e-06,9.1574e-06,7.7857e-06,5.2383e-08,2.7254e-07,7.0784e-07,4.6855e-06,8.1128e-06,9.1024e-06,8.5170e-06
P49,0.00,90.00,0.00,0.00,5.9844e-08,2.9915e-07,9.4861e-07,4.6561e-06,9.1674e-06,9.1577e-06,7.7859e-06,6.0121e-08,2.7272e-07,7.0820e-07,4.6861e-06,8.1131e-06,9.1027e-06,8.5172e-06
P49,60.00,0.00,0.00,0.00,6.9982e-08,2.4159e-07,7.8548e-07,3.8060e-06,7.6418e-06,7.6335e-06,6.4772e-06,7.0151e-08,2.1968e-07,5.8817e-07,3.8445e-06,6.7394e-06,7.5833e-06,7.0906e-06
P49,60.00,180.00,30.00,0.00,6.7977e-08,2.4155e-07,7.8535e-07,3.8059e-06,7.6417e-06,7.6334e-06,6.4772e-06,6.8144e-08,2.1965e-07,5.8809e-07,3.8443e-06,6.7393e-06,7.5833e-06,7.0905e-06
P49,0.00,45.00,30.00,0.00,5.8359e-08,2.9911e-07,9.4852e-07,4.6559e-06,9.1673e-06,9.1576e-06,7.7859e-06,5.8634e-08,2.7268e-07,7.0813e-07,4.6860e-06,8.1130e-06,9.1026e-06,8.5172e-06
P49,30.00,0.00,30.00,0.00,6.0410e-08,2.8649e-07,9.1285e-07,4.5085e-06,8.8794e-06,8.8701e-06,7.5081e-06,6.0670e-08,2.6103e-07,6.8196e-07,4.5417e-06,7.8720e-06,8.8181e-06,8.2243e-06
P49,0.00,45.00,0.00,0.00,5.9844e-08,2.9915e-07,9.4861e-07,4.6561e-06,9.1674e-06,9.1577e-06,7.7859e-06,6.0121e-08,2.7272e-07,7.0820e-07,4.6861e-06,8.1131e-06,9.1027e-06,8.5172e-06
P49,60.00,0.00,60.00,0.00,6.0486e-08,2.4142e-07,7.8492e-07,3.8052e-06,7.6414e-06,7.6331e-06,6.4769e-06,6.0644e-08,2.1954e-07,5.8780e-07,3.8436e-06,6.7389e-06,7.5829e-06,7.0902e-06
P49,60.00,0.00,30.00,0.00,6.8255e-08,2.4156e-07,7.8538e-07,3.8059e-06,7.6417e-06,7.6334e-06,6.4772e-06,6.8422e-08,2.1965e-07,5.8810e-07,3.8443e-06,6.7393e-06,7.5833e-06,7.0905e-06
P49,0.00,135.00,30.00,0.00,5.8359e-08,2.9911e-07,9.4852e-07,4.6559e-06,9.1673e-06,9.1576e-06,7.7859e-06,5.8634e-08,2.7268e-07,7.0813e-07,4.6860e-06,8.1130e-06,9.1026e-06,8.5172e-06
P49,0.00,90.00,30.00,0.00,5.8359e-08,2.9911e-07,9.4852e-07,4.6559e-06,9.1673e-06,9.1576e-06,7.7859e-06,5.8634e-08,2.7268e-07,7.0813e-07,4.6860e-06,8.1130e-06,9.1026e-06,8.5172e-06
P49,30.00,45.00,60.00,0.00,5.3758e-08,2.8633e-07,9.1243e-07,4.5079e-06,8.8792e-06,8.8699e-06,7.5079e-06,5.4006e-08,2.6089e-07,6.8165e-07,4.5411e-06,7.8717e-06,8.8179e-06,8.2241e-06
P49,30.00,180.00,30.00,0.00,6.0332e-08,2.8648e-07,9.1284e-07,4.5085e-06,8.8794e-06,8.8701e-06,7.5081e-06,6.0592e-08,2.6103e-07,6.8195e-07,4.5417e-06,7.8720e-06,8.8181e-06,8.2243e-06
P49,60.00,180.00,60.00,0.00,5.9469e-08,2.4140e-07,7.8484e-07,3.8051e-06,7.6413e-06,7.6331e-06,6.4769e-06,5.9625e-08,2.1952e-07,5.8775e-07,3.8435e-06,6.7388e-06,7.5829e-06,7.0902e-06
P49,30.00,90.00,30.00,0.00,6.0371e-08,2.8649e-07,9.1284e-07,4.5085e-06,8.8794e-06,8.8701e-06,7.5081e-06,6.0631e-08,2.6103e-07,6.8195e-07,4.5417e-06,7.8720e-06,8.8181e-06,8.2243e-06
P49,60.00,45.00,0.00,0.00,6.9982e-08,2.4159e-07,7.8548e-07,3.8060e-06,7.6418e-06,7.6335e-06,6.4772e-06,7.0151e-08,2.1968e-07,5.8817e-07,3.8445e-06,6.7394e-06,7.5833e-06,7.0906e-06
P49,0.00,90.00,60.00,0.00,5.2120e-08,2.9895e-07,9.4812e-07,4.6554e-06,9.1671e-06,9.1574e-06,7.7857e-06,5.2383e-08,2.7254e-07,7.0784e-07,4.6855e-06,8.1128e-06,9.1024e-06,8.5170e-06
P49,30.00,45.00,30.00,0.00,6.0398e-08,2.8649e-07,9.1284e-07,4.5085e-06,8.8794e-06,8.8701e-06,7.5081e-06,6.0658e-08,2.6103e-07,6.8196e-07,4.5417e-06,7.8720e-06,8.8181e-06,8.2243e-06
P49,30.00,0.00,0.00,0.00,6.1957e-08,2.8653e-07,9.1294e-07,4.5086e-06,8.8795e-06,8.8702e-06,7.5081e-06,6.2220e-08,2.6107e-07,6.8203e-07,4.5418e-06,7.8721e-06,8.8182e-06,8.2244e-06
P49,60.00,180.00,0.00,0.00,6.9982e-08,2.4159e-07,7.8548e-07,3.8060e-06,7.6418e-06,7.6335e-06,6.4772e-06,7.0151e-08,2.1968e-07,5.8817e-07,3.8445e-06,6.7394e-06,7.5833e-06,7.0906e-06
P49,30.00,180.00,0.00,0.00,6.1957e-08,2.8653e-07,9.1294e-07,4.5086e-06,8.8795e-06,8.8702e-06,7.5081e-06,6.2220e-08,2.6107e-07,6.8203e-07,4.5418e-06,7.8721e-06,8.8182e-06,8.2244e-06
P49,30.00,135.00,30.00,0.00,6.0343e-08,2.8649e-07,9.1284e-07,4.5085e-06,8.8794e-06,8.8701e-06,7.5081e-06,6.0603e-08,2.6103e-07,6.8195e-07,4.5417e-06,7.8720e-06,8.8181e-06,8.2243e-06
P49,0.00,180.00,30.00,0.00,5.8359e-08,2.9911e-07,9.4852e-07,4.6559e-06,9.1673e-06,9.1576e-06,7.7859e-06,5.8634e-08,2.7268e-07,7.0813e-07,4.6860e-06,8.1130e-06,9.1026e-06,8.5172e-06
P49,30.00,45.00,0.00,0.00,6.1957e-08,2.8653e-07,9.1294e-07,4.5086e-06,8.8795e-06,8.8702e-06,7.5081e-06,6.2220e-08,2.6107e-07,6.8203e-07,4.5418e-06,7.8721e-06,8.8182e-06,8.2244e-06
P49,30.00,0.00,60.00,0.00,5.3797e-08,2.8633e-07,9.1243e-07,4.5079e-06,8.8792e-06,8.8699e-06,7.5079e-06,5.4046e-08,2.6089e-07,6.8166e-07,4.5411e-06,7.8717e-06,8.8179e-06,8.2241e-06
P49,60.00,135.00,60.00,0.00,5.9624e-08,2.4140e-07,7.8486e-07,3.8051e-06,7.6413e-06,7.6331e-06,6.4769e-06,5.9780e-08,2.1952e-07,5.8776e-07,3.8435e-06,6.7388e-06,7.5829e-06,7.0902e-06
P49,0.00,135.00,0.00,0.00,5.9844e-08,2.9915e-07,9.4861e-07,4.6561e-06,9.1674e-06,9.1577e-06,7.7859e-06,6.0121e-08,2.7272e-07,7.0820e-07,4.6861e-06,8.1131e-06,9.1027e-06,8.5172e-06
P49,30.00,135.00,60.00,0.00,5.3566e-08,2.8633e-07,9.1242e-07,4.5079e-06,8.8792e-06,8.8699e-06,7.5079e-06,5.3814e-08,2.6089e-07,6.8164e-07,4.5411e-06,7.8717e-06,8.8179e-06,8.2241e-06
P49,30.00,90.00,60.00,0.00,5.3662e-08,2.8633e-07,9.1242e-07,4.5079e-06,8.8792e-06,8.8699e-06,7.5079e-06,5.3911e-08,2.6089e-07,6.8165e-07,4.5411e-06,7.8717e-06,8.8179e-06,8.2241e-06
P49,30.00,180.00,60.00,0.00,5.3526e-08,2.8632e-07,9.1241e-07,4.5079e-06,8.8792e-06,8.8699e-06,7.5079e-06,5.3774e-08,2.6089e-07,6.8164e-07,4.5411e-06,7.8717e-06,8.8179e-06,8.2241e-06
P49,60.00,90.00,0.00,0.00,6.9982e-08,2.4159e-07,7.8548e-07,3.8060e-06,7.6418e-06,7.6335e-06,6.4772e-06,7.0151e-08,2.1968e-07,5.8817e-07,3.8445e-06,6.7394e-06,7.5833e-06,7.0906e-06
P49,0.00,0.00,30.00,0.00,5.8359e-08,2.9911e-07,9.4852e-07,4.6559e-06,9.1673e-06,9.1576e-06,7.7859e-06,5.8634e-08,2.7268e-07,7.0813e-07,4.6860e-06,8.1130e-06,9.1026e-06,8.5172e-06
P49,30.00,135.00,0.00,0.00,6.1957e-08,2.8653e-07,9.1294e-07,4.5086e-06,8.8795e-06,8.8702e-06,7.5081e-06,6.2220e-08,2.6107e-07,6.8203e-07,4.5418e-06,7.8721e-06,8.8182e-06,8.2244e-06
P49,0.00,0.00,60.00,0.00,5.2120e-08,2.9895e-07,9.4812e-07,4.6554e-06,9.1671e-06,9.1574e-06,7.7857e-06,5.2383e-08,2.7254e-07,7.0784e-07,4.6855e-06,8.1128e-06,9.1024e-06,8.5170e-06
P49,0.00,180.00,60.00,0.00,5.2120e-08,2.9895e-07,9.4812e-07,4.6554e-06,9.1671e-06,9.1574e-06,7.7857e-06,5.2383e-08,2.7254e-07,7.0784e-07,4.6855e-06,8.1128e-06,9.1024e-06,8.5170e-06
P50,0.00,45.00,60.00,0.00,5.1180e-08,3.2927e-07,9.8508e-07,4.5242e-06,8.9744e-06,8.9646e-06,7.6388e-06,5.1428e-08,3.0239e-07,7.5296e-07,4.5493e-06,7.9100e-06,8.9078e-06,8.3537e-06
P50,0.00,90.00,0.00,0.00,5.8579e-08,3.2966e-07,9.8569e-07,4.5249e-06,8.9747e-06,8.9649e-06,7.6391e-06,5.8837e-08,3.0276e-07,7.5349e-07,4.5500e-06,7.9104e-06,8.9081e-06,8.3540e-06
P50,0.00,135.00,0.00,0.00,5.8579e-08,3.2966e-07,9.8569e-07,4.5249e-06,8.9747e-06,8.9649e-06,7.6391e-06,5.8837e-08,3.0276e-07,7.5349e-07,4.5500e-06,7.9104e-06,8.9081e-06,8.3540e-06
P50,60.00,90.00,0.00,0.00,6.9109e-08,2.6704e-07,8.2028e-07,3.6578e-06,7.4064e-06,7.3982e-06,6.3266e-06,6.9240e-08,2.4453e-07,6.3060e-07,3.6899e-06,6.5066e-06,7.3467e-06,6.9094e-06
P50,30.00,180.00,30.00,0.00,5.9120e-08,3.1610e-07,9.4984e-07,4.3727e-06,8.6796e-06,8.6702e-06,7.3597e-06,5.9359e-08,2.9014e-07,7.2697e-07,4.4005e-06,7.6641e-06,8.6166e-06,8.0567e-06
P50,60.00,135.00,60.00,0.00,5.8929e-08,2.6660e-07,8.1942e-07,3.6568e-06,7.4059e-06,7.3977e-06,6.3262e-06,5.9048e-08,2.4412e-07,6.2992e-07,3.6889e-06,6.5060e-06,7.3462e-06,6.9090e-06
P50,0.00,135.00,30.00,0.00,5.7149e-08,3.2958e-07,9.8558e-07,4.5248e-06,8.9747e-06,8.9649e-06,7.6390e-06,5.7405e-08,3.0269e-07,7.5339e-07,4.5499e-06,7.9103e-06,8.9080e-06,8.3540e-06
P50,0.00,180.00,60.00,0.00,5.1180e-08,3.2927e-07,9.8508e-07,4.5242e-06,8.9744e-06,8.9646e-06,7.6388e-06,5.1428e-08,3.0239e-07,7.5296e-07,4.5493e-06,7.9100e-06,8.9078e-06,8.3537e-06
P50,0.00,90.00,60.00,0.00,5.1180e-08,3.2927e-07,9.8508e-07,4.5242e-06,8.9744e-06,8.9646e-06,7.6388e-06,5.1428e-08,3.0239e-07,7.5296e-07,4.5493e-06,7.9100e-06,8.9078e-06,8.3537e-06
P50,0.00,45.00,30.00,0.00,5.7149e-08,3.2958e-07,9.8558e-07,4.5248e-06,8.9747e-06,8.9649e-06,7.6390e-06,5.7405e-08,3.0269e-07,7.5339e-07,4.5499e-06,7.9103e-06,8.9080e-06,8.3540e-06
P50,0.00,0.00,60.00,0.00,5.1180e-08,3.2927e-07,9.8508e-07,4.5242e-06,8.9744e-06,8.9646e-06,7.6388e-06,5.1428e-08,3.0239e-07,7.5296e-07,4.5493e-06,7.9100e-06,8.9078e-06,8.3537e-06
P50,60.00,45.00,60.00,0.00,5.9638e-08,2.6664e-07,8.1950e-07,3.6568e-06,7.4060e-06,7.3977e-06,6.3262e-06,5.9759e-08,2.4416e-07,6.2998e-07,3.6889e-06,6.5061e-06,7.3463e-06,6.9090e-06
P50,60.00,90.00,60.00,0.00,5.9289e-08,2.6662e-07,8.1946e-07,3.6568e-06,7.4060e-06,7.3977e-06,6.3262e-06,5.9409e-08,2.4414e-07,6.2995e-07,3.6889e-06,6.5060e-06,7.3462e-06,6.9090e-06
P50,0.00,180.00,30.00,0.00,5.7149e-08,3.2958e-07,9.8558e-07,4.5248e-06,8.9747e-06,8.9649e-06,7.6390e-06,5.7405e-08,3.0269e-07,7.5339e-07,4.5499e-06,7.9103e-06,8.9080e-06,8.3540e-06
P50,0.00,180.00,0.00,0.00,5.8579e-08,3.2966e-07,9.8569e-07,4.5249e-06,8.9747e-06,8.9649e-06,7.6391e-06,5.8837e-08,3.0276e-07,7.5349e-07,4.5500e-06,7.9104e-06,8.9081e-06,8.3540e-06
P50,30.00,135.00,30.00,0.00,5.9131e-08,3.1610e-07,9.4984e-07,4.3727e-06,8.6796e-06,8.6702e-06,7.3597e-06,5.9370e-08,2.9014e-07,7.2697e-07,4.4005e-06,7.6641e-06,8.6166e-06,8.0567e-06
P50,30.00,180.00,0.00,0.00,6.0688e-08,3.1618e-07,9.4997e-07,4.3728e-06,8.6797e-06,8.6703e-06,7.3598e-06,6.0929e-08,2.9022e-07,7.2708e-07,4.4007e-06,7.6642e-06,8.6167e-06,8.0568e-06
P50,60.00,180.00,30.00,0.00,6.7135e-08,2.6695e-07,8.2012e-07,3.6576e-06,7.4064e-06,7.3981e-06,6.3265e-06,6.7264e-08,2.4444e-07,6.3047e-07,3.6897e-06,6.5065e-06,7.3466e-06,6.9093e-06
P50,30.00,0.00,60.00,0.00,5.2849e-08,3.1578e-07,9.4932e-07,4.3721e-06,8.6793e-06,8.6700e-06,7.3595e-06,5.3078e-08,2.8984e-07,7.2653e-07,4.3999e-06,7.6637e-06,8.6163e-06,8.0565e-06
P50,30.00,45.00,30.00,0.00,5.9183e-08,3.1610e-07,9.4985e-07,4.3727e-06,8.6796e-06,8.6702e-06,7.3598e-06,5.9422e-08,2.9014e-07,7.2697e-07,4.4006e-06,7.6641e-06,8.6166e-06,8.0567e-06
P50,60.00,0.00,30.00,0.00,6.7404e-08,2.6697e-07,8.2015e-07,3.6576e-06,7.4064e-06,7.3981e-06,6.3265e-06,6.7534e-08,2.4446e-07,6.3049e-07,3.6898e-06,6.5065e-06,7.3467e-06,6.9093e-06
P50,30.00,135.00,60.00,0.00,5.2626e-08,3.1577e-07,9.4929e-07,4.3720e-06,8.6793e-06,8.6700e-06,7.3595e-06,5.2855e-08,2.8983e-07,7.2651e-07,4.3999e-06,7.6637e-06,8.6163e-06,8.0565e-06
P50,60.00,135.00,0.00,0.00,6.9109e-08,2.6704e-07,8.2028e-07,3.6578e-06,7.4064e-06,7.3982e-06,6.3266e-06,6.9240e-08,2.4453e-07,6.3060e-07,3.6899e-06,6.5066e-06,7.3467e-06,6.9094e-06
P50,0.00,0.00,0.00,0.00,5.8579e-08,3.2966e-07,9.8569e-07,4.5249e-06,8.9747e-06,8.9649e-06,7.6391e-06,5.8837e-08,3.0276e-07,7.5349e-07,4.5500e-06,7.9104e-06,8.9081e-06,8.3540e-06
P50,30.00,180.00,60.00,0.00,5.2587e-08,3.1577e-07,9.4929e-07,4.3720e-06,8.6793e-06,8.6700e-06,7.3595e-06,5.2816e-08,2.8983e-07,7.2651e-07,4.3999e-06,7.6637e-06,8.6163e-06,8.0565e-06
P50,30.00,0.00,0.00,0.00,6.0688e-08,3.1618e-07,9.4997e-07,4.3728e-06,8.6797e-06,8.6703e-06,7.3598e-06,6.0929e-08,2.9022e-07,7.2708e-07,4.4007e-06,7.6642e-06,8.6167e-06,8.0568e-06
P50,30.00,90.00,60.00,0.00,5.2718e-08,3.1577e-07,9.4930e-07,4.3720e-06,8.6793e-06,8.6700e-06,7.3595e-06,5.2948e-08,2.8983e-07,7.2652e-07,4.3999e-06,7.6637e-06,8.6163e-06,8.0565e-06
P50,60.00,180.00,0.00,0.00,6.9109e-08,2.6704e-07,8.2028e-07,3.6578e-06,7.4064e-06,7.3982e-06,6.3266e-06,6.9240e-08,2.4453e-07,6.3060e-07,3.6899e-06,6.5066e-06,7.3467e-06,6.9094e-06
P50,30.00,0.00,30.00,0.00,5.9194e-08,3.1610e-07,9.4985e-07,4.3727e-06,8.6796e-06,8.6702e-06,7.3598e-06,5.9433e-08,2.9014e-07,7.2698e-07,4.4006e-06,7.6641e-06,8.6166e-06,8.0567e-06
P50,60.00,0.00,0.00,0.00,6.9109e-08,2.6704e-07,8.2028e-07,3.6578e-06,7.4064e-06,7.3982e-06,6.3266e-06,6.9240e-08,2.4453e-07,6.3060e-07,3.6899e-06,6.5066e-06,7.3467e-06,6.9094e-06
P50,60.00,45.00,0.00,0.00,6.9109e-08,2.6704e-07,8.2028e-07,3.6578e-06,7.4064e-06,7.3982e-06,6.3266e-06,6.9240e-08,2.4453e-07,6.3060e-07,3.6899e-06,6.5066e-06,7.3467e-06,6.9094e-06
P50,60.00,135.00,30.00,0.00,6.7174e-08,2.6696e-07,8.2012e-07,3.6576e-06,7.4064e-06,7.3981e-06,6.3265e-06,6.7304e-08,2.4445e-07,6.3047e-07,3.6897e-06,6.5065e-06,7.3467e-06,6.9093e-06
P50,60.00,0.00,60.00,0.00,5.9779e-08,2.6665e-07,8.1951e-07,3.6569e-06,7.4060e-06,7.3977e-06,6.3263e-06,5.9900e-08,2.4416e-07,6.2999e-07,3.6890e-06,6.5061e-06,7.3463e-06,6.9090e-06
P50,30.00,135.00,0.00,0.00,6.0688e-08,3.1618e-07,9.4997e-07,4.3728e-06,8.6797e-06,8.6703e-06,7.3598e-06,6.0929e-08,2.9022e-07,7.2708e-07,4.4007e-06,7.6642e-06,8.6167e-06,8.0568e-06
P50,0.00,45.00,0.00,0.00,5.8579e-08,3.2966e-07,9.8569e-07,4.5249e-06,8.9747e-06,8.9649e-06,7.6391e-06,5.8837e-08,3.0276e-07,7.5349e-07,4.5500e-06,7.9104e-06,8.9081e-06,8.3540e-06
P50,60.00,180.00,60.00,0.00,5.8775e-08,2.6660e-07,8.1940e-07,3.6567e-06,7.4059e-06,7.3977e-06,6.3262e-06,5.8895e-08,2.4411e-07,6.2991e-07,3.6888e-06,6.5060e-06,7.3462e-06,6.9089e-06
P50,0.00,90.00,30.00,0.00,5.7149e-08,3.2958e-07,9.8558e-07,4.5248e-06,8.9747e-06,8.9649e-06,7.6390e-06,5.7405e-08,3.0269e-07,7.5339e-07,4.5499e-06,7.9103e-06,8.9080e-06,8.3540e-06
P50,60.00,45.00,30.00,0.00,6.7365e-08,2.6697e-07,8.2014e-07,3.6576e-06,7.4064e-06,7.3981e-06,6.3265e-06,6.7494e-08,2.4446e-07,6.3049e-07,3.6898e-06,6.5065e-06,7.3467e-06,6.9093e-06
P50,30.00,90.00,30.00,0.00,5.9157e-08,3.1610e-07,9.4985e-07,4.3727e-06,8.6796e-06,8.6702e-06,7.3597e-06,5.9396e-08,2.9014e-07,7.2697e-07,4.4006e-06,7.6641e-06,8.6166e-06,8.0567e-06
P50,30.00,90.00,0.00,0.00,6.0688e-08,3.1618e-07,9.4997e-07,4.3728e-06,8.6797e-06,8.6703e-06,7.3598e-06,6.0929e-08,2.9022e-07,7.2708e-07,4.4007e-06,7.6642e-06,8.6167e-06,8.0568e-06
P50,30.00,45.00,60.00,0.00,5.2811e-08,3.1578e-07,9.4931e-07,4.3721e-06,8.6793e-06,8.6700e-06,7.3595e-06,5.3040e-08,2.8984e-07,7.2653e-07,4.3999e-06,7.6637e-06,8.6163e-06,8.0565e-06
P50,0.00,0.00,30.00,0.00,5.7149e-08,3.2958e-07,9.8558e-07,4.5248e-06,8.9747e-06,8.9649e-06,7.6390e-06,5.7405e-08,3.0269e-07,7.5339e-07,4.5499e-06,7.9103e-06,8.9080e-06,8.3540e-06
P50,30.00,45.00,0.00,0.00,6.0688e-08,3.1618e-07,9.4997e-07,4.3728e-06,8.6797e-06,8.6703e-06,7.3598e-06,6.0929e-08,2.9022e-07,7.2708e-07,4.4007e-06,7.6642e-06,8.6167e-06,8.0568e-06
P50,0.00,135.00,60.00,0.00,5.1180e-08,3.2927e-07,9.8508e-07,4.5242e-06,8.9744e-06,8.9646e-06,7.6388e-06,5.1428e-08,3.0239e-07,7.5296e-07,4.5493e-06,7.9100e-06,8.9078e-06,8.3537e-06
P50,60.00,90.00,30.00,0.00,6.7270e-08,2.6696e-07,8.2013e-07,3.6576e-06,7.4064e-06,7.3981e-06,6.3265e-06,6.7399e-08,2.4445e-07,6.3048e-07,3.6898e-06,6.5065e-06,7.3467e-06,6.9093e-06
P51,60.00,45.00,30.00,0.00,7.0663e-08,1.5392e-07,5.2328e-07,2.6110e-06,6.0438e-06,6.0342e-06,4.0816e-06,7.0219e-08,1.3946e-07,3.8164e-07,2.6645e-06,5.0020e-06,5.9763e-06,4.9281e-06
P51,0.00,0.00,60.00,0.00,5.0983e-08,2.2286e-07,7.9260e-07,3.7251e-06,8.0152e-06,8.0036e-06,5.5700e-06,5.0846e-08,2.0080e-07,5.6132e-07,3.7766e-06,6.7452e-06,7.9257e-06,6.7452e-06
P51,60.00,45.00,0.00,0.00,7.3137e-08,1.5424e-07,5.2354e-07,2.6113e-06,6.0440e-06,6.0344e-06,4.0817e-06,7.2668e-08,1.3978e-07,3.8191e-07,2.6648e-06,5.0022e-06,5.9765e-06,4.9282e-06
P51,0.00,135.00,0.00,0.00,6.0684e-08,2.2414e-07,7.9363e-07,3.7261e-06,8.0158e-06,8.0042e-06,5.5703e-06,6.0437e-08,2.0209e-07,5.6238e-07,3.7777e-06,6.7460e-06,7.9263e-06,6.7456e-06
P51,30.00,135.00,60.00,0.00,5.2521e-08,2.0645e-07,7.3054e-07,3.5170e-06,7.6593e-06,7.6480e-06,5.2426e-06,5.2340e-08,1.8609e-07,5.2014e-07,3.5709e-06,6.4309e-06,7.5745e-06,6.3747e-06
P51,0.00,0.00,30.00,0.00,5.8729e-08,2.2391e-07,7.9345e-07,3.7260e-06,8.0157e-06,8.0041e-06,5.5702e-06,5.8509e-08,2.0186e-07,5.6219e-07,3.7775e-06,6.7458e-06,7.9262e-06,6.7455e-06
P51,30.00,45.00,60.00,0.00,5.2736e-08,2.0649e-07,7.3057e-07,3.5170e-06,7.6593e-06,7.6481e-06,5.2426e-06,5.2554e-08,1.8613e-07,5.2017e-07,3.5709e-06,6.4309e-06,7.5746e-06,6.3747e-06
P51,0.00,45.00,60.00,0.00,5.0983e-08,2.2286e-07,7.9260e-07,3.7251e-06,8.0152e-06,8.0036e-06,5.5700e-06,5.0846e-08,2.0080e-07,5.6132e-07,3.7766e-06,6.7452e-06,7.9257e-06,6.7452e-06
P51,30.00,0.00,30.00,0.00,6.1056e-08,2.0765e-07,7.3151e-07,3.5179e-06,7.6599e-06,7.6486e-06,5.2429e-06,6.0788e-08,1.8728e-07,5.2113e-07,3.5719e-06,6.4316e-06,7.5751e-06,6.3751e-06
P51,0.00,0.00,0.00,0.00,6.0684e-08,2.2414e-07,7.9363e-07,3.7261e-06,8.0158e-06,8.0042e-06,5.5703e-06,6.0437e-08,2.0209e-07,5.6238e-07,3.7777e-06,6.7460e-06,7.9263e-06,6.7456e-06
P51,30.00,45.00,0.00,0.00,6.3109e-08,2.0789e-07,7.3170e-07,3.5181e-06,7.6600e-06,7.6487e-06,5.2430e-06,6.2816e-08,1.8753e-07,5.2133e-07,3.5721e-06,6.4318e-06,7.5752e-06,6.3752e-06
P51,60.00,90.00,30.00,0.00,7.0551e-08,1.5390e-07,5.2326e-07,2.6110e-06,6.0438e-06,6.0342e-06,4.0816e-06,7.0108e-08,1.3944e-07,3.8162e-07,2.6645e-06,5.0020e-06,5.9763e-06,4.9281e-06
P51,0.00,90.00,0.00,0.00,6.0684e-08,2.2414e-07,7.9363e-07,3.7261e-06,8.0158e-06,8.0042e-06,5.5703e-06,6.0437e-08,2.0209e-07,5.6238e-07,3.7777e-06,6.7460e-06,7.9263e-06,6.7456e-06
P51,0.00,180.00,0.00,0.00,6.0684e-08,2.2414e-07,7.9363e-07,3.7261e-06,8.0158e-06,8.0042e-06,5.5703e-06,6.0437e-08,2.0209e-07,5.6238e-07,3.7777e-06,6.7460e-06,7.9263e-06,6.7456e-06
P51,60.00,45.00,60.00,0.00,6.0323e-08,1.5239e-07,5.2200e-07,2.6098e-06,6.0431e-06,6.0335e-06,4.0812e-06,5.9973e-08,1.3793e-07,3.8032e-07,2.6632e-06,5.0011e-06,5.9756e-06,4.9277e-06
P51,0.00,45.00,0.00,0.00,6.0684e-08,2.2414e-07,7.9363e-07,3.7261e-06,8.0158e-06,8.0042e-06,5.5703e-06,6.0437e-08,2.0209e-07,5.6238e-07,3.7777e-06,6.7460e-06,7.9263e-06,6.7456e-06
P51,30.00,0.00,0.00,0.00,6.3109e-08,2.0789e-07,7.3170e-07,3.5181e-06,7.6600e-06,7.6487e-06,5.2430e-06,6.2816e-08,1.8753e-07,5.2133e-07,3.5721e-06,6.4318e-06,7.5752e-06,6.3752e-06
P51,60.00,90.00,60.00,0.00,5.9913e-08,1.5231e-07,5.2193e-07,2.6097e-06,6.0431e-06,6.0335e-06,4.0812e-06,5.9566e-08,1.3785e-07,3.8025e-07,2.6632e-06,5.0010e-06,5.9756e-06,4.9276e-06
P51,60.00,180.00,30.00,0.00,7.0391e-08,1.5387e-07,5.2324e-07,2.6110e-06,6.0438e-06,6.0342e-06,4.0816e-06,6.9949e-08,1.3941e-07,3.8160e-07,2.6644e-06,5.0019e-06,5.9763e-06,4.9281e-06
P51,30.00,90.00,30.00,0.00,6.1012e-08,2.0764e-07,7.3150e-07,3.5179e-06,7.6599e-06,7.6486e-06,5.2429e-06,6.0745e-08,1.8728e-07,5.2113e-07,3.5719e-06,6.4316e-06,7.5751e-06,6.3751e-06
P51,30.00,90.00,60.00,0.00,5.2629e-08,2.0647e-07,7.3055e-07,3.5170e-06,7.6593e-06,7.6480e-06,5.2426e-06,5.2448e-08,1.8611e-07,5.2016e-07,3.5709e-06,6.4309e-06,7.5745e-06,6.3747e-06
P51,30.00,135.00,0.00,0.00,6.3109e-08,2.0789e-07,7.3170e-07,3.5181e-06,7.6600e-06,7.6487e-06,5.2430e-06,6.2816e-08,1.8753e-07,5.2133e-07,3.5721e-06,6.4318e-06,7.5752e-06,6.3752e-06
P51,60.00,180.00,60.00,0.00,5.9308e-08,1.5219e-07,5.2183e-07,2.6096e-06,6.0430e-06,6.0334e-06,4.0812e-06,5.8965e-08,1.3773e-07,3.8015e-07,2.6631e-06,5.0010e-06,5.9755e-06,4.9276e-06
P51,30.00,45.00,30.00,0.00,6.1043e-08,2.0764e-07,7.3151e-07,3.5179e-06,7.6599e-06,7.6486e-06,5.2429e-06,6.0776e-08,1.8728e-07,5.2113e-07,3.5719e-06,6.4316e-06,7.5751e-06,6.3751e-06
P51,0.00,135.00,60.00,0.00,5.0983e-08,2.2286e-07,7.9260e-07,3.7251e-06,8.0152e-06,8.0036e-06,5.5700e-06,5.0846e-08,2.0080e-07,5.6132e-07,3.7766e-06,6.7452e-06,7.9257e-06,6.7452e-06
P51,30.00,90.00,0.00,0.00,6.3109e-08,2.0789e-07,7.3170e-07,3.5181e-06,7.6600e-06,7.6487e-06,5.2430e-06,6.2816e-08,1.8753e-07,5.2133e-07,3.5721e-06,6.4318e-06,7.5752e-06,6.3752e-06
P51,60.00,0.00,60.00,0.00,6.0488e-08,1.5242e-07,5.2202e-07,2.6098e-06,6.0431e-06,6.0335e-06,4.0812e-06,6.0138e-08,1.3796e-07,3.8035e-07,2.6633e-06,5.0011e-06,5.9756e-06,4.9277e-06
P51,0.00,180.00,60.00,0.00,5.0983e-08,2.2286e-07,7.9260e-07,3.7251e-06,8.0152e-06,8.0036e-06,5.5700e-06,5.0846e-08,2.0080e-07,5.6132e-07,3.7766e-06,6.7452e-06,7.9257e-06,6.7452e-06
P51,0.00,90.00,60.00,0.00,5.0983e-08,2.2286e-07,7.9260e-07,3.7251e-06,8.0152e-06,8.0036e-06,5.5700e-06,5.0846e-08,2.0080e-07,5.6132e-07,3.7766e-06,6.7452e-06,7.9257e-06,6.7452e-06
P51,60.00,0.00,0.00,0.00,7.3137e-08,1.5424e-07,5.2354e-07,2.6113e-06,6.0440e-06,6.0344e-06,4.0817e-06,7.2668e-08,1.3978e-07,3.8191e-07,2.6648e-06,5.0022e-06,5.9765e-06,4.9282e-06
P51,30.00,180.00,60.00,0.00,5.2476e-08,2.0645e-07,7.3053e-07,3.5170e-06,7.6593e-06,7.6480e-06,5.2426e-06,5.2296e-08,1.8608e-07,5.2014e-07,3.5709e-06,6.4309e-06,7.5745e-06,6.3747e-06
P51,30.00,135.00,30.00,0.00,6.0981e-08,2.0763e-07,7.3150e-07,3.5179e-06,7.6599e-06,7.6486e-06,5.2429e-06,6.0715e-08,1.8727e-07,5.2113e-07,3.5719e-06,6.4316e-06,7.5751e-06,6.3751e-06
P51,30.00,0.00,60.00,0.00,5.2780e-08,2.0650e-07,7.3058e-07,3.5170e-06,7.6594e-06,7.6481e-06,5.2426e-06,5.2598e-08,1.8613e-07,5.2018e-07,3.5710e-06,6.4309e-06,7.5746e-06,6.3747e-06
P51,0.00,45.00,30.00,0.00,5.8729e-08,2.2391e-07,7.9345e-07,3.7260e-06,8.0157e-06,8.0041e-06,5.5702e-06,5.8509e-08,2.0186e-07,5.6219e-07,3.7775e-06,6.7458e-06,7.9262e-06,6.7455e-06
P51,60.00,135.00,60.00,0.00,5.9488e-08,1.5223e-07,5.2186e-07,2.6097e-06,6.0430e-06,6.0334e-06,4.0812e-06,5.9144e-08,1.3776e-07,3.8018e-07,2.6631e-06,5.0010e-06,5.9755e-06,4.9276e-06
P51,30.00,180.00,30.00,0.00,6.0968e-08,2.0763e-07,7.3150e-07,3.5179e-06,7.6599e-06,7.6486e-06,5.2429e-06,6.0702e-08,1.8727e-07,5.2112e-07,3.5719e-06,6.4316e-06,7.5751e-06,6.3751e-06
P51,30.00,180.00,0.00,0.00,6.3109e-08,2.0789e-07,7.3170e-07,3.5181e-06,7.6600e-06,7.6487e-06,5.2430e-06,6.2816e-08,1.8753e-07,5.2133e-07,3.5721e-06,6.4318e-06,7.5752e-06,6.3752e-06
P51,60.00,180.00,0.00,0.00,7.3137e-08,1.5424e-07,5.2354e-07,2.6113e-06,6.0440e-06,6.0344e-06,4.0817e-06,7.2668e-08,1.3978e-07,3.8191e-07,2.6648e-06,5.0022e-06,5.9765e-06,4.9282e-06
P51,60.00,90.00,0.00,0.00,7.3137e-08,1.5424e-07,5.2354e-07,2.6113e-06,6.0440e-06,6.0344e-06,4.0817e-06,7.2668e-08,1.3978e-07,3.8191e-07,2.6648e-06,5.0022e-06,5.9765e-06,4.9282e-06
P51,0.00,180.00,30.00,0.00,5.8729e-08,2.2391e-07,7.9345e-07,3.7260e-06,8.0157e-06,8.0041e-06,5.5702e-06,5.8509e-08,2.0186e-07,5.6219e-07,3.7775e-06,6.7458e-06,7.9262e-06,6.7455e-06
P51,0.00,135.00,30.00,0.00,5.8729e-08,2.2391e-07,7.9345e-07,3.7260e-06,8.0157e-06,8.0041e-06,5.5702e-06,5.8509e-08,2.0186e-07,5.6219e-07,3.7775e-06,6.7458e-06,7.9262e-06,6.7455e-06
P51,60.00,135.00,30.00,0.00,7.0438e-08,1.5388e-07,5.2325e-07,2.6110e-06,6.0438e-06,6.0342e-06,4.0816e-06,6.9996e-08,1.3942e-07,3.8161e-07,2.6644e-06,5.0019e-06,5.9763e-06,4.9281e-06
P51,60.00,135.00,0.00,0.00,7.3137e-08,1.5424e-07,5.2354e-07,2.6113e-06,6.0440e-06,6.0344e-06,4.0817e-06,7.2668e-08,1.3978e-07,3.8191e-07,2.6648e-06,5.0022e-06,5.9765e-06,4.9282e-06
P51,60.00,0.00,30.00,0.00,7.0709e-08,1.5393e-07,5.2329e-07,2.6110e-06,6.0438e-06,6.0342e-06,4.0816e-06,7.0265e-08,1.3947e-07,3.8165e-07,2.6645e-06,5.0020e-06,5.9763e-06,4.9281e-06
P51,0.00,90.00,30.00,0.00,5.8729e-08,2.2391e-07,7.9345e-07,3.7260e-06,8.0157e-06,8.0041e-06,5.5702e-06,5.8509e-08,2.0186e-07,5.6219e-07,3.7775e-06,6.7458e-06,7.9262e-06,6.7455e-06
P52,30.00,180.00,30.00,0.00,6.0021e-08,2.8286e-07,9.2643e-07,4.0534e-06,8.4646e-06,8.4530e-06,7.1371e-06,6.0115e-08,2.5703e-07,6.8363e-07,4.0716e-06,7.1981e-06,8.3699e-06,7.9233e-06
P52,0.00,45.00,30.00,0.00,5.7845e-08,2.9943e-07,9.7860e-07,4.2133e-06,8.7384e-06,8.7265e-06,7.4423e-06,5.7970e-08,2.7216e-07,7.2178e-07,4.2291e-06,7.4371e-06,8.6398e-06,8.2326e-06
P52,30.00,180.00,0.00,0.00,6.1776e-08,2.8300e-07,9.2660e-07,4.0536e-06,8.4647e-06,8.4531e-06,7.1372e-06,6.1864e-08,2.5717e-07,6.8379e-07,4.0718e-06,7.1983e-06,8.3700e-06,7.9233e-06
P52,30.00,135.00,60.00,0.00,5.2650e-08,2.8224e-07,9.2568e-07,4.0526e-06,8.4642e-06,8.4526e-06,7.1368e-06,5.2765e-08,2.5643e-07,6.8293e-07,4.0707e-06,7.1976e-06,8.3695e-06,7.9230e-06
P52,60.00,0.00,60.00,0.00,6.0444e-08,2.2726e-07,7.3942e-07,3.3231e-06,7.1879e-06,7.1777e-06,5.9610e-06,6.0411e-08,2.0679e-07,5.4885e-07,3.3453e-06,6.0722e-06,7.1070e-06,6.6443e-06
P52,60.00,90.00,60.00,0.00,5.9892e-08,2.2720e-07,7.3935e-07,3.3230e-06,7.1879e-06,7.1777e-06,5.9610e-06,5.9861e-08,2.0674e-07,5.4879e-07,3.3452e-06,6.0721e-06,7.1069e-06,6.6442e-06
P52,60.00,90.00,0.00,0.00,7.1275e-08,2.2806e-07,7.4054e-07,3.3244e-06,7.1885e-06,7.1783e-06,5.9614e-06,7.1206e-08,2.0757e-07,5.4986e-07,3.3466e-06,6.0730e-06,7.1076e-06,6.6447e-06
P52,60.00,45.00,30.00,0.00,6.9259e-08,2.2791e-07,7.4035e-07,3.3242e-06,7.1884e-06,7.1782e-06,5.9613e-06,6.9197e-08,2.0742e-07,5.4968e-07,3.3464e-06,6.0728e-06,7.1075e-06,6.6446e-06
P52,30.00,45.00,30.00,0.00,6.0090e-08,2.8286e-07,9.2644e-07,4.0534e-06,8.4646e-06,8.4530e-06,7.1371e-06,6.0183e-08,2.5703e-07,6.8364e-07,4.0716e-06,7.1981e-06,8.3699e-06,7.9233e-06
P52,0.00,90.00,30.00,0.00,5.7845e-08,2.9943e-07,9.7860e-07,4.2133e-06,8.7384e-06,8.7265e-06,7.4423e-06,5.7970e-08,2.7216e-07,7.2178e-07,4.2291e-06,7.4371e-06,8.6398e-06,8.2326e-06
P52,30.00,0.00,30.00,0.00,6.0102e-08,2.8286e-07,9.2644e-07,4.0534e-06,8.4646e-06,8.4530e-06,7.1371e-06,6.0195e-08,2.5704e-07,6.8364e-07,4.0716e-06,7.1981e-06,8.3699e-06,7.9233e-06
P52,0.00,180.00,60.00,0.00,5.1107e-08,2.9886e-07,9.7792e-07,4.2125e-06,8.7380e-06,8.7261e-06,7.4420e-06,5.1252e-08,2.7161e-07,7.2114e-07,4.2283e-06,7.4366e-06,8.6394e-06,8.2324e-06
P52,60.00,180.00,30.00,0.00,6.9002e-08,2.2789e-07,7.4032e-07,3.3241e-06,7.1884e-06,7.1782e-06,5.9613e-06,6.8940e-08,2.0740e-07,5.4965e-07,3.3463e-06,6.0728e-06,7.1075e-06,6.6446e-06
P52,0.00,180.00,30.00,0.00,5.7845e-08,2.9943e-07,9.7860e-07,4.2133e-06,8.7384e-06,8.7265e-06,7.4423e-06,5.7970e-08,2.7216e-07,7.2178e-07,4.2291e-06,7.4371e-06,8.6398e-06,8.2326e-06
P52,60.00,45.00,60.00,0.00,6.0285e-08,2.2724e-07,7.3940e-07,3.3231e-06,7.1879e-06,7.1777e-06,5.9610e-06,6.0253e-08,2.0678e-07,5.4883e-07,3.3452e-06,6.0721e-06,7.1070e-06,6.6443e-06
P52,60.00,90.00,30.00,0.00,6.9153e-08,2.2790e-07,7.4033e-07,3.3241e-06,7.1884e-06,7.1782e-06,5.9613e-06,6.9091e-08,2.0741e-07,5.4967e-07,3.3464e-06,6.0728e-06,7.1075e-06,6.6446e-06
P52,30.00,45.00,0.00,0.00,6.1776e-08,2.8300e-07,9.2660e-07,4.0536e-06,8.4647e-06,8.4531e-06,7.1372e-06,6.1864e-08,2.5717e-07,6.8379e-07,4.0718e-06,7.1983e-06,8.3700e-06,7.9233e-06
P52,30.00,0.00,0.00,0.00,6.1776e-08,2.8300e-07,9.2660e-07,4.0536e-06,8.4647e-06,8.4531e-06,7.1372e-06,6.1864e-08,2.5717e-07,6.8379e-07,4.0718e-06,7.1983e-06,8.3700e-06,7.9233e-06
P52,60.00,0.00,0.00,0.00,7.1275e-08,2.2806e-07,7.4054e-07,3.3244e-06,7.1885e-06,7.1783e-06,5.9614e-06,7.1206e-08,2.0757e-07,5.4986e-07,3.3466e-06,6.0730e-06,7.1076e-06,6.6447e-06
P52,0.00,90.00,60.00,0.00,5.1107e-08,2.9886e-07,9.7792e-07,4.2125e-06,8.7380e-06,8.7261e-06,7.4420e-06,5.1252e-08,2.7161e-07,7.2114e-07,4.2283e-06,7.4366e-06,8.6394e-06,8.2324e-06
P52,0.00,135.00,30.00,0.00,5.7845e-08,2.9943e-07,9.7860e-07,4.2133e-06,8.7384e-06,8.7265e-06,7.4423e-06,5.7970e-08,2.7216e-07,7.2178e-07,4.2291e-06,7.4371e-06,8.6398e-06,8.2326e-06
P52,0.00,0.00,30.00,0.00,5.7845e-08,2.9943e-07,9.7860e-07,4.2133e-06,8.7384e-06,8.7265e-06,7.4423e-06,5.7970e-08,2.7216e-07,7.2178e-07,4.2291e-06,7.4371e-06,8.6398e-06,8.2326e-06
P52,0.00,90.00,0.00,0.00,5.9435e-08,2.9956e-07,9.7875e-07,4.2135e-06,8.7384e-06,8.7265e-06,7.4423e-06,5.9555e-08,2.7230e-07,7.2192e-07,4.2293e-06,7.4372e-06,8.6399e-06,8.2327e-06
P52,0.00,45.00,60.00,0.00,5.1107e-08,2.9886e-07,9.7792e-07,4.2125e-06,8.7380e-06,8.7261e-06,7.4420e-06,5.1252e-08,2.7161e-07,7.2114e-07,4.2283e-06,7.4366e-06,8.6394e-06,8.2324e-06
P52,30.00,90.00,60.00,0.00,5.2753e-08,2.8225e-07,9.2569e-07,4.0526e-06,8.4642e-06,8.4527e-06,7.1368e-06,5.2868e-08,2.5644e-07,6.8294e-07,4.0707e-06,7.1976e-06,8.3695e-06,7.9230e-06
P52,60.00,135.00,0.00,0.00,7.1275e-08,2.2806e-07,7.4054e-07,3.3244e-06,7.1885e-06,7.1783e-06,5.9614e-06,7.1206e-08,2.0757e-07,5.4986e-07,3.3466e-06,6.0730e-06,7.1076e-06,6.6447e-06
P52,60.00,0.00,30.00,0.00,6.9302e-08,2.2792e-07,7.4035e-07,3.3242e-06,7.1884e-06,7.1782e-06,5.9613e-06,6.9240e-08,2.0743e-07,5.4968e-07,3.3464e-06,6.0728e-06,7.1075e-06,6.6446e-06
P52,0.00,0.00,0.00,0.00,5.9435e-08,2.9956e-07,9.7875e-07,4.2135e-06,8.7384e-06,8.7265e-06,7.4423e-06,5.9555e-08,2.7230e-07,7.2192e-07,4.2293e-06,7.4372e-06,8.6399e-06,8.2327e-06
P52,60.00,45.00,0.00,0.00,7.1275e-08,2.2806e-07,7.4054e-07,3.3244e-06,7.1885e-06,7.1783e-06,5.9614e-06,7.1206e-08,2.0757e-07,5.4986e-07,3.3466e-06,6.0730e-06,7.1076e-06,6.6447e-06
P52,30.00,135.00,30.00,0.00,6.0033e-08,2.8286e-07,9.2643e-07,4.0534e-06,8.4646e-06,8.4530e-06,7.1371e-06,6.0127e-08,2.5703e-07,6.8363e-07,4.0716e-06,7.1981e-06,8.3699e-06,7.9233e-06
P52,30.00,180.00,60.00,0.00,5.2607e-08,2.8224e-07,9.2567e-07,4.0526e-06,8.4642e-06,8.4526e-06,7.1368e-06,5.2722e-08,2.5643e-07,6.8293e-07,4.0707e-06,7.1976e-06,8.3695e-06,7.9230e-06
P52,60.00,180.00,0.00,0.00,7.1275e-08,2.2806e-07,7.4054e-07,3.3244e-06,7.1885e-06,7.1783e-06,5.9614e-06,7.1206e-08,2.0757e-07,5.4986e-07,3.3466e-06,6.0730e-06,7.1076e-06,6.6447e-06
P52,30.00,0.00,60.00,0.00,5.2898e-08,2.8227e-07,9.2571e-07,4.0526e-06,8.4642e-06,8.4527e-06,7.1368e-06,5.3012e-08,2.5646e-07,6.8296e-07,4.0707e-06,7.1976e-06,8.3695e-06,7.9230e-06
P52,0.00,135.00,0.00,0.00,5.9435e-08,2.9956e-07,9.7875e-07,4.2135e-06,8.7384e-06,8.7265e-06,7.4423e-06,5.9555e-08,2.7230e-07,7.2192e-07,4.2293e-06,7.4372e-06,8.6399e-06,8.2327e-06
P52,0.00,180.00,0.00,0.00,5.9435e-08,2.9956e-07,9.7875e-07,4.2135e-06,8.7384e-06,8.7265e-06,7.4423e-06,5.9555e-08,2.7230e-07,7.2192e-07,4.2293e-06,7.4372e-06,8.6399e-06,8.2327e-06
P52,60.00,135.00,60.00,0.00,5.9486e-08,2.2717e-07,7.3930e-07,3.3229e-06,7.1878e-06,7.1776e-06,5.9610e-06,5.9455e-08,2.0670e-07,5.4874e-07,3.3451e-06,6.0721e-06,7.1069e-06,6.6442e-06
P52,30.00,90.00,0.00,0.00,6.1776e-08,2.8300e-07,9.2660e-07,4.0536e-06,8.4647e-06,8.4531e-06,7.1372e-06,6.1864e-08,2.5717e-07,6.8379e-07,4.0718e-06,7.1983e-06,8.3700e-06,7.9233e-06
P52,30.00,135.00,0.00,0.00,6.1776e-08,2.8300e-07,9.2660e-07,4.0536e-06,8.4647e-06,8.4531e-06,7.1372e-06,6.1864e-08,2.5717e-07,6.8379e-07,4.0718e-06,7.1983e-06,8.3700e-06,7.9233e-06
P52,30.00,45.00,60.00,0.00,5.2856e-08,2.8227e-07,9.2570e-07,4.0526e-06,8.4642e-06,8.4527e-06,7.1368e-06,5.2970e-08,2.5645e-07,6.8295e-07,4.0707e-06,7.1976e-06,8.3695e-06,7.9230e-06
P52,0.00,0.00,60.00,0.00,5.1107e-08,2.9886e-07,9.7792e-07,4.2125e-06,8.7380e-06,8.7261e-06,7.4420e-06,5.1252e-08,2.7161e-07,7.2114e-07,4.2283e-06,7.4366e-06,8.6394e-06,8.2324e-06
P52,30.00,90.00,30.00,0.00,6.0062e-08,2.8286e-07,9.2644e-07,4.0534e-06,8.4646e-06,8.4530e-06,7.1371e-06,6.0155e-08,2.5703e-07,6.8363e-07,4.0716e-06,7.1981e-06,8.3699e-06,7.9233e-06
P52,60.00,180.00,60.00,0.00,5.9313e-08,2.2715e-07,7.3928e-07,3.3229e-06,7.1878e-06,7.1776e-06,5.9610e-06,5.9283e-08,2.0669e-07,5.4872e-07,3.3451e-06,6.0721e-06,7.1069e-06,6.6442e-06
P52,60.00,135.00,30.00,0.00,6.9046e-08,2.2789e-07,7.4032e-07,3.3241e-06,7.1884e-06,7.1782e-06,5.9613e-06,6.8985e-08,2.0740e-07,5.4965e-07,3.3463e-06,6.0728e-06,7.1075e-06,6.6446e-06
P52,0.00,135.00,60.00,0.00,5.1107e-08,2.9886e-07,9.7792e-07,4.2125e-06,8.7380e-06,8.7261e-06,7.4420e-06,5.1252e-08,2.7161e-07,7.2114e-07,4.2283e-06,7.4366e-06,8.6394e-06,8.2324e-06
P52,0.00,45.00,0.00,0.00,5.9435e-08,2.9956e-07,9.7875e-07,4.2135e-06,8.7384e-06,8.7265e-06,7.4423e-06,5.9555e-08,2.7230e-07,7.2192e-07,4.2293e-06,7.4372e-06,8.6399e-06,8.2327e-06
P53,60.00,90.00,0.00,0.00,6.8105e-08,2.2309e-07,6.3872e-07,3.1709e-06,7.0123e-06,7.0025e-06,5.0776e-06,6.7876e-08,2.0638e-07,4.8872e-07,3.2315e-06,5.9445e-06,6.9476e-06,5.9142e-06
P53,0.00,90.00,30.00,0.00,5.5091e-08,2.7488e-07,8.3392e-07,4.0942e-06,8.6232e-06,8.6116e-06,6.3627e-06,5.5095e-08,2.5243e-07,6.2487e-07,4.1480e-06,7.3694e-06,8.5400e-06,7.4474e-06
P53,60.00,90.00,30.00,0.00,6.6281e-08,2.2287e-07,6.3855e-07,3.1707e-06,7.0122e-06,7.0023e-06,5.0775e-06,6.6061e-08,2.0616e-07,4.8854e-07,3.2312e-06,5.9444e-06,6.9475e-06,5.9141e-06
P53,0.00,135.00,60.00,0.00,4.9523e-08,2.7423e-07,8.3341e-07,4.0936e-06,8.6228e-06,8.6113e-06,6.3625e-06,4.9553e-08,2.5178e-07,6.2434e-07,4.1474e-06,7.3690e-06,8.5397e-06,7.4472e-06
P53,30.00,135.00,0.00,0.00,5.8591e-08,2.6299e-07,7.9144e-07,3.9274e-06,8.3387e-06,8.3275e-06,6.0808e-06,5.8546e-08,2.4177e-07,5.9490e-07,3.9843e-06,7.1209e-06,8.2599e-06,7.1375e-06
P53,0.00,135.00,30.00,0.00,5.5091e-08,2.7488e-07,8.3392e-07,4.0942e-06,8.6232e-06,8.6116e-06,6.3627e-06,5.5095e-08,2.5243e-07,6.2487e-07,4.1480e-06,7.3694e-06,8.5400e-06,7.4474e-06
P53,0.00,45.00,30.00,0.00,5.5091e-08,2.7488e-07,8.3392e-07,4.0942e-06,8.6232e-06,8.6116e-06,6.3627e-06,5.5095e-08,2.5243e-07,6.2487e-07,4.1480e-06,7.3694e-06,8.5400e-06,7.4474e-06
P53,60.00,0.00,60.00,0.00,5.8727e-08,2.2190e-07,6.3775e-07,3.1699e-06,7.0117e-06,7.0018e-06,5.0773e-06,5.8544e-08,2.0519e-07,4.8773e-07,3.2304e-06,5.9437e-06,6.9470e-06,5.9138e-06
P53,60.00,45.00,30.00,0.00,6.6373e-08,2.2288e-07,6.3856e-07,3.1707e-06,7.0122e-06,7.0023e-06,5.0775e-06,6.6154e-08,2.0618e-07,4.8856e-07,3.2313e-06,5.9444e-06,6.9475e-06,5.9141e-06
P53,0.00,180.00,0.00,0.00,5.6389e-08,2.7501e-07,8.3403e-07,4.0943e-06,8.6232e-06,8.6117e-06,6.3627e-06,5.6384e-08,2.5257e-07,6.2498e-07,4.1481e-06,7.3695e-06,8.5401e-06,7.4474e-06
P53,0.00,0.00,0.00,0.00,5.6389e-08,2.7501e-07,8.3403e-07,4.0943e-06,8.6232e-06,8.6117e-06,6.3627e-06,5.6384e-08,2.5257e-07,6.2498e-07,4.1481e-06,7.3695e-06,8.5401e-06,7.4474e-06
P53,60.00,135.00,0.00,0.00,6.8105e-08,2.2309e-07,6.3872e-07,3.1709e-06,7.0123e-06,7.0025e-06,5.0776e-06,6.7876e-08,2.0638e-07,4.8872e-07,3.2315e-06,5.9445e-06,6.9476e-06,5.9142e-06
P53,0.00,45.00,60.00,0.00,4.9523e-08,2.7423e-07,8.3341e-07,4.0936e-06,8.6228e-06,8.6113e-06,6.3625e-06,4.9553e-08,2.5178e-07,6.2434e-07,4.1474e-06,7.3690e-06,8.5397e-06,7.4472e-06
P53,30.00,90.00,30.00,0.00,5.7182e-08,2.6284e-07,7.9133e-07,3.9273e-06,8.3386e-06,8.3274e-06,6.0808e-06,5.7145e-08,2.4162e-07,5.9478e-07,3.9841e-06,7.1207e-06,8.2598e-06,7.1374e-06
P53,30.00,180.00,0.00,0.00,5.8591e-08,2.6299e-07,7.9144e-07,3.9274e-06,8.3387e-06,8.3275e-06,6.0808e-06,5.8546e-08,2.4177e-07,5.9490e-07,3.9843e-06,7.1209e-06,8.2599e-06,7.1375e-06
P53,0.00,180.00,30.00,0.00,5.5091e-08,2.7488e-07,8.3392e-07,4.0942e-06,8.6232e-06,8.6116e-06,6.3627e-06,5.5095e-08,2.5243e-07,6.2487e-07,4.1480e-06,7.3694e-06,8.5400e-06,7.4474e-06
P53,0.00,0.00,60.00,0.00,4.9523e-08,2.7423e-07,8.3341e-07,4.0936e-06,8.6228e-06,8.6113e-06,6.3625e-06,4.9553e-08,2.5178e-07,6.2434e-07,4.1474e-06,7.3690e-06,8.5397e-06,7.4472e-06
P53,60.00,90.00,60.00,0.00,5.8226e-08,2.2182e-07,6.3769e-07,3.1698e-06,7.0117e-06,7.0018e-06,5.0772e-06,5.8045e-08,2.0510e-07,4.8766e-07,3.2303e-06,5.9437e-06,6.9469e-06,5.9137e-06
P53,60.00,0.00,0.00,0.00,6.8105e-08,2.2309e-07,6.3872e-07,3.1709e-06,7.0123e-06,7.0025e-06,5.0776e-06,6.7876e-08,2.0638e-07,4.8872e-07,3.2315e-06,5.9445e-06,6.9476e-06,5.9142e-06
P53,30.00,180.00,60.00,0.00,5.0966e-08,2.6209e-07,7.9074e-07,3.9266e-06,8.3382e-06,8.3270e-06,6.0806e-06,5.0958e-08,2.4087e-07,5.9417e-07,3.9835e-06,7.1202e-06,8.2594e-06,7.1372e-06
P53,60.00,45.00,0.00,0.00,6.8105e-08,2.2309e-07,6.3872e-07,3.1709e-06,7.0123e-06,7.0025e-06,5.0776e-06,6.7876e-08,2.0638e-07,4.8872e-07,3.2315e-06,5.9445e-06,6.9476e-06,5.9142e-06
P53,60.00,135.00,60.00,0.00,5.7857e-08,2.2175e-07,6.3764e-07,3.1698e-06,7.0116e-06,7.0018e-06,5.0772e-06,5.7677e-08,2.0504e-07,4.8761e-07,3.2303e-06,5.9436e-06,6.9469e-06,5.9137e-06
P53,0.00,180.00,60.00,0.00,4.9523e-08,2.7423e-07,8.3341e-07,4.0936e-06,8.6228e-06,8.6113e-06,6.3625e-06,4.9553e-08,2.5178e-07,6.2434e-07,4.1474e-06,7.3690e-06,8.5397e-06,7.4472e-06
P53,30.00,90.00,0.00,0.00,5.8591e-08,2.6299e-07,7.9144e-07,3.9274e-06,8.3387e-06,8.3275e-06,6.0808e-06,5.8546e-08,2.4177e-07,5.9490e-07,3.9843e-06,7.1209e-06,8.2599e-06,7.1375e-06
P53,30.00,45.00,0.00,0.00,5.8591e-08,2.6299e-07,7.9144e-07,3.9274e-06,8.3387e-06,8.3275e-06,6.0808e-06,5.8546e-08,2.4177e-07,5.9490e-07,3.9843e-06,7.1209e-06,8.2599e-06,7.1375e-06
P53,30.00,135.00,60.00,0.00,5.1004e-08,2.6210e-07,7.9074e-07,3.9266e-06,8.3382e-06,8.3270e-06,6.0806e-06,5.0995e-08,2.4088e-07,5.9418e-07,3.9835e-06,7.1202e-06,8.2594e-06,7.1372e-06
P53,60.00,180.00,0.00,0.00,6.8105e-08,2.2309e-07,6.3872e-07,3.1709e-06,7.0123e-06,7.0025e-06,5.0776e-06,6.7876e-08,2.0638e-07,4.8872e-07,3.2315e-06,5.9445e-06,6.9476e-06,5.9142e-06
P53,60.00,45.00,60.00,0.00,5.8583e-08,2.2188e-07,6.3773e-07,3.1698e-06,7.0117e-06,7.0018e-06,5.0773e-06,5.8401e-08,2.0516e-07,4.8771e-07,3.2304e-06,5.9437e-06,6.9470e-06,5.9138e-06
P53,30.00,0.00,60.00,0.00,5.1219e-08,2.6213e-07,7.9076e-07,3.9266e-06,8.3382e-06,8.3270e-06,6.0806e-06,5.1210e-08,2.4091e-07,5.9420e-07,3.9835e-06,7.1203e-06,8.2594e-06,7.1372e-06
P53,60.00,180.00,30.00,0.00,6.6148e-08,2.2285e-07,6.3853e-07,3.1707e-06,7.0122e-06,7.0023e-06,5.0775e-06,6.5929e-08,2.0614e-07,4.8853e-07,3.2312e-06,5.9443e-06,6.9475e-06,5.9141e-06
P53,30.00,0.00,30.00,0.00,5.7215e-08,2.6284e-07,7.9133e-07,3.9273e-06,8.3386e-06,8.3274e-06,6.0808e-06,5.7178e-08,2.4162e-07,5.9478e-07,3.9842e-06,7.1207e-06,8.2598e-06,7.1375e-06
P53,30.00,45.00,30.00,0.00,5.7205e-08,2.6284e-07,7.9133e-07,3.9273e-06,8.3386e-06,8.3274e-06,6.0808e-06,5.7168e-08,2.4162e-07,5.9478e-07,3.9842e-06,7.1207e-06,8.2598e-06,7.1375e-06
P53,0.00,135.00,0.00,0.00,5.6389e-08,2.7501e-07,8.3403e-07,4.0943e-06,8.6232e-06,8.6117e-06,6.3627e-06,5.6384e-08,2.5257e-07,6.2498e-07,4.1481e-06,7.3695e-06,8.5401e-06,7.4474e-06
P53,0.00,90.00,60.00,0.00,4.9523e-08,2.7423e-07,8.3341e-07,4.0936e-06,8.6228e-06,8.6113e-06,6.3625e-06,4.9553e-08,2.5178e-07,6.2434e-07,4.1474e-06,7.3690e-06,8.5397e-06,7.4472e-06
P53,60.00,135.00,30.00,0.00,6.6187e-08,2.2286e-07,6.3854e-07,3.1707e-06,7.0122e-06,7.0023e-06,5.0775e-06,6.5968e-08,2.0615e-07,4.8853e-07,3.2312e-06,5.9444e-06,6.9475e-06,5.9141e-06
P53,30.00,135.00,30.00,0.00,5.7158e-08,2.6283e-07,7.9132e-07,3.9272e-06,8.3386e-06,8.3274e-06,6.0808e-06,5.7121e-08,2.4162e-07,5.9478e-07,3.9841e-06,7.1207e-06,8.2598e-06,7.1374e-06
P53,0.00,90.00,0.00,0.00,5.6389e-08,2.7501e-07,8.3403e-07,4.0943e-06,8.6232e-06,8.6117e-06,6.3627e-06,5.6384e-08,2.5257e-07,6.2498e-07,4.1481e-06,7.3695e-06,8.5401e-06,7.4474e-06
P53,30.00,45.00,60.00,0.00,5.1183e-08,2.6212e-07,7.9076e-07,3.9266e-06,8.3382e-06,8.3270e-06,6.0806e-06,5.1174e-08,2.4090e-07,5.9420e-07,3.9835e-06,7.1203e-06,8.2594e-06,7.1372e-06
P53,60.00,0.00,30.00,0.00,6.6412e-08,2.2289e-07,6.3856e-07,3.1707e-06,7.0122e-06,7.0024e-06,5.0775e-06,6.6192e-08,2.0618e-07,4.8856e-07,3.2313e-06,5.9444e-06,6.9475e-06,5.9141e-06
P53,30.00,180.00,30.00,0.00,5.7148e-08,2.6283e-07,7.9132e-07,3.9272e-06,8.3386e-06,8.3274e-06,6.0808e-06,5.7111e-08,2.4161e-07,5.9477e-07,3.9841e-06,7.1207e-06,8.2598e-06,7.1374e-06
P53,30.00,90.00,60.00,0.00,5.1093e-08,2.6211e-07,7.9075e-07,3.9266e-06,8.3382e-06,8.3270e-06,6.0806e-06,5.1085e-08,2.4089e-07,5.9419e-07,3.9835e-06,7.1202e-06,8.2594e-06,7.1372e-06
P53,0.00,45.00,0.00,0.00,5.6389e-08,2.7501e-07,8.3403e-07,4.0943e-06,8.6232e-06,8.6117e-06,6.3627e-06,5.6384e-08,2.5257e-07,6.2498e-07,4.1481e-06,7.3695e-06,8.5401e-06,7.4474e-06
P53,0.00,0.00,30.00,0.00,5.5091e-08,2.7488e-07,8.3392e-07,4.0942e-06,8.6232e-06,8.6116e-06,6.3627e-06,5.5095e-08,2.5243e-07,6.2487e-07,4.1480e-06,7.3694e-06,8.5400e-06,7.4474e-06
P53,30.00,0.00,0.00,0.00,5.8591e-08,2.6299e-07,7.9144e-07,3.9274e-06,8.3387e-06,8.3275e-06,6.0808e-06,5.8546e-08,2.4177e-07,5.9490e-07,3.9843e-06,7.1209e-06,8.2599e-06,7.1375e-06
P53,60.00,180.00,60.00,0.00,5.7699e-08,2.2172e-07,6.3762e-07,3.1697e-06,7.0116e-06,7.0018e-06,5.0772e-06,5.7520e-08,2.0501e-07,4.8758e-07,3.2302e-06,5.9436e-06,6.9469e-06,5.9137e-06
P54,60.00,0.00,60.00,0.00,6.0087e-08,1.4312e-07,4.8501e-07,2.9779e-06,6.7459e-06,6.7358e-06,4.2202e-06,5.9658e-08,1.2950e-07,3.5368e-07,3.0321e-06,5.6579e-06,6.6831e-06,5.2963e-06
P54,0.00,0.00,60.00,0.00,5.0354e-08,1.9654e-07,7.0256e-07,4.0142e-06,8.5358e-06,8.5237e-06,5.6799e-06,5.0203e-08,1.7674e-07,4.8942e-07,4.0586e-06,7.2315e-06,8.4481e-06,7.0568e-06
P54,30.00,45.00,60.00,0.00,5.2112e-08,1.8450e-07,6.5172e-07,3.8279e-06,8.2252e-06,8.2136e-06,5.3619e-06,5.1906e-08,1.6607e-07,4.5876e-07,3.8760e-06,6.9596e-06,8.1428e-06,6.7055e-06
P54,60.00,180.00,60.00,0.00,5.9044e-08,1.4296e-07,4.8488e-07,2.9778e-06,6.7458e-06,6.7357e-06,4.2202e-06,5.8621e-08,1.2934e-07,3.5355e-07,3.0320e-06,5.6578e-06,6.6830e-06,5.2963e-06
P54,30.00,180.00,30.00,0.00,5.8117e-08,1.8519e-07,6.5225e-07,3.8285e-06,8.2256e-06,8.2139e-06,5.3621e-06,5.7868e-08,1.6676e-07,4.5931e-07,3.8766e-06,6.9601e-06,8.1432e-06,6.7057e-06
P54,60.00,135.00,30.00,0.00,6.7724e-08,1.4407e-07,4.8576e-07,2.9787e-06,6.7464e-06,6.7363e-06,4.2205e-06,6.7232e-08,1.3045e-07,3.5445e-07,3.0330e-06,5.6585e-06,6.6836e-06,5.2966e-06
P54,0.00,90.00,0.00,0.00,5.7235e-08,1.9730e-07,7.0315e-07,4.0148e-06,8.5362e-06,8.5241e-06,5.6801e-06,5.7033e-08,1.7750e-07,4.9002e-07,4.0593e-06,7.2321e-06,8.4486e-06,7.0571e-06
P54,0.00,90.00,60.00,0.00,5.0354e-08,1.9654e-07,7.0256e-07,4.0142e-06,8.5358e-06,8.5237e-06,5.6799e-06,5.0203e-08,1.7674e-07,4.8942e-07,4.0586e-06,7.2315e-06,8.4481e-06,7.0568e-06
P54,60.00,90.00,60.00,0.00,5.9580e-08,1.4304e-07,4.8495e-07,2.9778e-06,6.7459e-06,6.7358e-06,4.2202e-06,5.9153e-08,1.2942e-07,3.5361e-07,3.0320e-06,5.6578e-06,6.6830e-06,5.2963e-06
P54,30.00,90.00,30.00,0.00,5.8150e-08,1.8519e-07,6.5226e-07,3.8285e-06,8.2256e-06,8.2139e-06,5.3621e-06,5.7901e-08,1.6677e-07,4.5931e-07,3.8766e-06,6.9601e-06,8.1432e-06,6.7057e-06
P54,60.00,90.00,0.00,0.00,6.9679e-08,1.4429e-07,4.8593e-07,2.9789e-06,6.7465e-06,6.7364e-06,4.2205e-06,6.9171e-08,1.3068e-07,3.5463e-07,3.0332e-06,5.6587e-06,6.6837e-06,5.2967e-06
P54,60.00,90.00,30.00,0.00,6.7818e-08,1.4408e-07,4.8577e-07,2.9787e-06,6.7464e-06,6.7363e-06,4.2205e-06,6.7326e-08,1.3047e-07,3.5446e-07,3.0330e-06,5.6585e-06,6.6836e-06,5.2966e-06
P54,60.00,45.00,30.00,0.00,6.7911e-08,1.4410e-07,4.8578e-07,2.9787e-06,6.7464e-06,6.7363e-06,4.2205e-06,6.7418e-08,1.3048e-07,3.5447e-07,3.0330e-06,5.6585e-06,6.6836e-06,5.2966e-06
P54,30.00,90.00,0.00,0.00,5.9562e-08,1.8533e-07,6.5237e-07,3.8286e-06,8.2257e-06,8.2140e-06,5.3621e-06,5.9301e-08,1.6691e-07,4.5942e-07,3.8768e-06,6.9602e-06,8.1433e-06,6.7058e-06
P54,60.00,45.00,0.00,0.00,6.9679e-08,1.4429e-07,4.8593e-07,2.9789e-06,6.7465e-06,6.7364e-06,4.2205e-06,6.9171e-08,1.3068e-07,3.5463e-07,3.0332e-06,5.6587e-06,6.6837e-06,5.2967e-06
P54,30.00,45.00,0.00,0.00,5.9562e-08,1.8533e-07,6.5237e-07,3.8286e-06,8.2257e-06,8.2140e-06,5.3621e-06,5.9301e-08,1.6691e-07,4.5942e-07,3.8768e-06,6.9602e-06,8.1433e-06,6.7058e-06
P54,0.00,135.00,30.00,0.00,5.5940e-08,1.9717e-07,7.0305e-07,4.0147e-06,8.5361e-06,8.5241e-06,5.6801e-06,5.5749e-08,1.7737e-07,4.8992e-07,4.0592e-06,7.2320e-06,8.4485e-06,7.0570e-06
P54,60.00,180.00,0.00,0.00,6.9679e-08,1.4429e-07,4.8593e-07,2.9789e-06,6.7465e-06,6.7364e-06,4.2205e-06,6.9171e-08,1.3068e-07,3.5463e-07,3.0332e-06,5.6587e-06,6.6837e-06,5.2967e-06
P54,30.00,0.00,0.00,0.00,5.9562e-08,1.8533e-07,6.5237e-07,3.8286e-06,8.2257e-06,8.2140e-06,5.3621e-06,5.9301e-08,1.6691e-07,4.5942e-07,3.8768e-06,6.9602e-06,8.1433e-06,6.7058e-06
P54,60.00,135.00,60.00,0.00,5.9204e-08,1.4298e-07,4.8490e-07,2.9778e-06,6.7458e-06,6.7357e-06,4.2202e-06,5.8780e-08,1.2936e-07,3.5357e-07,3.0320e-06,5.6578e-06,6.6830e-06,5.2963e-06
P54,0.00,180.00,60.00,0.00,5.0354e-08,1.9654e-07,7.0256e-07,4.0142e-06,8.5358e-06,8.5237e-06,5.6799e-06,5.0203e-08,1.7674e-07,4.8942e-07,4.0586e-06,7.2315e-06,8.4481e-06,7.0568e-06
P54,0.00,45.00,30.00,0.00,5.5940e-08,1.9717e-07,7.0305e-07,4.0147e-06,8.5361e-06,8.5241e-06,5.6801e-06,5.5749e-08,1.7737e-07,4.8992e-07,4.0592e-06,7.2320e-06,8.4485e-06,7.0570e-06
P54,30.00,180.00,60.00,0.00,5.1895e-08,1.8446e-07,6.5169e-07,3.8279e-06,8.2252e-06,8.2135e-06,5.3619e-06,5.1691e-08,1.6604e-07,4.5873e-07,3.8760e-06,6.9596e-06,8.1428e-06,6.7055e-06
P54,60.00,135.00,0.00,0.00,6.9679e-08,1.4429e-07,4.8593e-07,2.9789e-06,6.7465e-06,6.7364e-06,4.2205e-06,6.9171e-08,1.3068e-07,3.5463e-07,3.0332e-06,5.6587e-06,6.6837e-06,5.2967e-06
P54,30.00,180.00,0.00,0.00,5.9562e-08,1.8533e-07,6.5237e-07,3.8286e-06,8.2257e-06,8.2140e-06,5.3621e-06,5.9301e-08,1.6691e-07,4.5942e-07,3.8768e-06,6.9602e-06,8.1433e-06,6.7058e-06
P54,30.00,45.00,30.00,0.00,5.8174e-08,1.8519e-07,6.5226e-07,3.8285e-06,8.2256e-06,8.2139e-06,5.3621e-06,5.7924e-08,1.6677e-07,4.5931e-07,3.8766e-06,6.9601e-06,8.1432e-06,6.7057e-06
P54,0.00,180.00,0.00,0.00,5.7235e-08,1.9730e-07,7.0315e-07,4.0148e-06,8.5362e-06,8.5241e-06,5.6801e-06,5.7033e-08,1.7750e-07,4.9002e-07,4.0593e-06,7.2321e-06,8.4486e-06,7.0571e-06
P54,0.00,180.00,30.00,0.00,5.5940e-08,1.9717e-07,7.0305e-07,4.0147e-06,8.5361e-06,8.5241e-06,5.6801e-06,5.5749e-08,1.7737e-07,4.8992e-07,4.0592e-06,7.2320e-06,8.4485e-06,7.0570e-06
P54,30.00,90.00,60.00,0.00,5.2022e-08,1.8448e-07,6.5171e-07,3.8279e-06,8.2252e-06,8.2135e-06,5.3619e-06,5.1818e-08,1.6606e-07,4.5875e-07,3.8760e-06,6.9596e-06,8.1428e-06,6.7055e-06
P54,60.00,0.00,0.00,0.00,6.9679e-08,1.4429e-07,4.8593e-07,2.9789e-06,6.7465e-06,6.7364e-06,4.2205e-06,6.9171e-08,1.3068e-07,3.5463e-07,3.0332e-06,5.6587e-06,6.6837e-06,5.2967e-06
P54,60.00,0.00,30.00,0.00,6.7950e-08,1.4410e-07,4.8578e-07,2.9788e-06,6.7464e-06,6.7363e-06,4.2205e-06,6.7457e-08,1.3049e-07,3.5447e-07,3.0330e-06,5.6586e-06,6.6836e-06,5.2966e-06
P54,30.00,135.00,60.00,0.00,5.1933e-08,1.8447e-07,6.5170e-07,3.8279e-06,8.2252e-06,8.2135e-06,5.3619e-06,5.1728e-08,1.6604e-07,4.5874e-07,3.8760e-06,6.9596e-06,8.1428e-06,6.7055e-06
P54,0.00,45.00,0.00,0.00,5.7235e-08,1.9730e-07,7.0315e-07,4.0148e-06,8.5362e-06,8.5241e-06,5.6801e-06,5.7033e-08,1.7750e-07,4.9002e-07,4.0593e-06,7.2321e-06,8.4486e-06,7.0571e-06
P54,0.00,0.00,0.00,0.00,5.7235e-08,1.9730e-07,7.0315e-07,4.0148e-06,8.5362e-06,8.5241e-06,5.6801e-06,5.7033e-08,1.7750e-07,4.9002e-07,4.0593e-06,7.2321e-06,8.4486e-06,7.0571e-06
P54,0.00,90.00,30.00,0.00,5.5940e-08,1.9717e-07,7.0305e-07,4.0147e-06,8.5361e-06,8.5241e-06,5.6801e-06,5.5749e-08,1.7737e-07,4.8992e-07,4.0592e-06,7.2320e-06,8.4485e-06,7.0570e-06
P54,0.00,45.00,60.00,0.00,5.0354e-08,1.9654e-07,7.0256e-07,4.0142e-06,8.5358e-06,8.5237e-06,5.6799e-06,5.0203e-08,1.7674e-07,4.8942e-07,4.0586e-06,7.2315e-06,8.4481e-06,7.0568e-06
P54,60.00,180.00,30.00,0.00,6.7685e-08,1.4406e-07,4.8575e-07,2.9787e-06,6.7464e-06,6.7363e-06,4.2205e-06,6.7193e-08,1.3045e-07,3.5444e-07,3.0330e-06,5.6585e-06,6.6836e-06,5.2966e-06
P54,30.00,0.00,30.00,0.00,5.8183e-08,1.8519e-07,6.5226e-07,3.8285e-06,8.2256e-06,8.2139e-06,5.3621e-06,5.7934e-08,1.6677e-07,4.5931e-07,3.8766e-06,6.9601e-06,8.1432e-06,6.7057e-06
P54,0.00,0.00,30.00,0.00,5.5940e-08,1.9717e-07,7.0305e-07,4.0147e-06,8.5361e-06,8.5241e-06,5.6801e-06,5.5749e-08,1.7737e-07,4.8992e-07,4.0592e-06,7.2320e-06,8.4485e-06,7.0570e-06
P54,0.00,135.00,0.00,0.00,5.7235e-08,1.9730e-07,7.0315e-07,4.0148e-06,8.5362e-06,8.5241e-06,5.6801e-06,5.7033e-08,1.7750e-07,4.9002e-07,4.0593e-06,7.2321e-06,8.4486e-06,7.0571e-06
P54,0.00,135.00,60.00,0.00,5.0354e-08,1.9654e-07,7.0256e-07,4.0142e-06,8.5358e-06,8.5237e-06,5.6799e-06,5.0203e-08,1.7674e-07,4.8942e-07,4.0586e-06,7.2315e-06,8.4481e-06,7.0568e-06
P54,30.00,135.00,30.00,0.00,5.8127e-08,1.8519e-07,6.5225e-07,3.8285e-06,8.2256e-06,8.2139e-06,5.3621e-06,5.7878e-08,1.6676e-07,4.5931e-07,3.8766e-06,6.9601e-06,8.1432e-06,6.7057e-06
P54,30.00,135.00,0.00,0.00,5.9562e-08,1.8533e-07,6.5237e-07,3.8286e-06,8.2257e-06,8.2140e-06,5.3621e-06,5.9301e-08,1.6691e-07,4.5942e-07,3.8768e-06,6.9602e-06,8.1433e-06,6.7058e-06
P54,60.00,45.00,60.00,0.00,5.9941e-08,1.4310e-07,4.8499e-07,2.9779e-06,6.7459e-06,6.7358e-06,4.2202e-06,5.9513e-08,1.2948e-07,3.5366e-07,3.0321e-06,5.6579e-06,6.6831e-06,5.2963e-06
P54,30.00,0.00,60.00,0.00,5.2148e-08,1.8450e-07,6.5172e-07,3.8279e-06,8.2252e-06,8.2136e-06,5.3619e-06,5.1943e-08,1.6608e-07,4.5876e-07,3.8760e-06,6.9596e-06,8.1428e-06,6.7055e-06
P55,0.00,180.00,30.00,0.00,5.9139e-08,2.3582e-07,7.7024e-07,3.9364e-06,8.2888e-06,8.2785e-06,6.2843e-06,5.9100e-08,2.1462e-07,5.6544e-07,3.9734e-06,7.1784e-06,8.2213e-06,7.2717e-06
P55,30.00,90.00,0.00,0.00,6.3431e-08,2.2337e-07,7.2813e-07,3.7610e-06,7.9848e-06,7.9749e-06,5.9954e-06,6.3332e-08,2.0336e-07,5.3501e-07,3.8001e-06,6.9140e-06,7.9214e-06,6.9562e-06
P55,60.00,0.00,30.00,0.00,7.1009e-08,1.8052e-07,5.7280e-07,2.9823e-06,6.6120e-06,6.6034e-06,4.9305e-06,7.0716e-08,1.6502e-07,4.2513e-07,3.0232e-06,5.6857e-06,6.5594e-06,5.7058e-06
P55,60.00,45.00,0.00,0.00,7.3256e-08,1.8070e-07,5.7294e-07,2.9825e-06,6.6121e-06,6.6035e-06,4.9306e-06,7.2947e-08,1.6520e-07,4.2528e-07,3.0234e-06,5.6858e-06,6.5595e-06,5.7059e-06
P55,0.00,135.00,0.00,0.00,6.0961e-08,2.3595e-07,7.7033e-07,3.9366e-06,8.2889e-06,8.2786e-06,6.2843e-06,6.0909e-08,2.1474e-07,5.6554e-07,3.9736e-06,7.1784e-06,8.2214e-06,7.2718e-06
P55,30.00,180.00,0.00,0.00,6.3431e-08,2.2337e-07,7.2813e-07,3.7610e-06,7.9848e-06,7.9749e-06,5.9954e-06,6.3332e-08,2.0336e-07,5.3501e-07,3.8001e-06,6.9140e-06,7.9214e-06,6.9562e-06
P55,0.00,90.00,0.00,0.00,6.0961e-08,2.3595e-07,7.7033e-07,3.9366e-06,8.2889e-06,8.2786e-06,6.2843e-06,6.0909e-08,2.1474e-07,5.6554e-07,3.9736e-06,7.1784e-06,8.2214e-06,7.2718e-06
P55,0.00,45.00,60.00,0.00,5.1457e-08,2.3523e-07,7.6976e-07,3.9356e-06,8.2885e-06,8.2782e-06,6.2841e-06,5.1465e-08,2.1402e-07,5.6495e-07,3.9725e-06,7.1780e-06,8.2210e-06,7.2715e-06
P55,60.00,135.00,30.00,0.00,7.0727e-08,1.8049e-07,5.7277e-07,2.9823e-06,6.6120e-06,6.6034e-06,4.9305e-06,7.0436e-08,1.6499e-07,4.2511e-07,3.0232e-06,5.6857e-06,6.5594e-06,5.7058e-06
P55,60.00,180.00,30.00,0.00,7.0678e-08,1.8048e-07,5.7277e-07,2.9823e-06,6.6120e-06,6.6034e-06,4.9305e-06,7.0387e-08,1.6498e-07,4.2510e-07,3.0231e-06,5.6857e-06,6.5594e-06,5.7058e-06
P55,0.00,0.00,30.00,0.00,5.9139e-08,2.3582e-07,7.7024e-07,3.9364e-06,8.2888e-06,8.2785e-06,6.2843e-06,5.9100e-08,2.1462e-07,5.6544e-07,3.9734e-06,7.1784e-06,8.2213e-06,7.2717e-06
P55,30.00,45.00,0.00,0.00,6.3431e-08,2.2337e-07,7.2813e-07,3.7610e-06,7.9848e-06,7.9749e-06,5.9954e-06,6.3332e-08,2.0336e-07,5.3501e-07,3.8001e-06,6.9140e-06,7.9214e-06,6.9562e-06
P55,0.00,135.00,60.00,0.00,5.1457e-08,2.3523e-07,7.6976e-07,3.9356e-06,8.2885e-06,8.2782e-06,6.2841e-06,5.1465e-08,2.1402e-07,5.6495e-07,3.9725e-06,7.1780e-06,8.2210e-06,7.2715e-06
P55,30.00,180.00,30.00,0.00,6.1424e-08,2.2322e-07,7.2802e-07,3.7608e-06,7.9847e-06,7.9748e-06,5.9953e-06,6.1338e-08,2.0322e-07,5.3489e-07,3.7998e-06,6.9139e-06,7.9213e-06,6.9562e-06
P55,0.00,135.00,30.00,0.00,5.9139e-08,2.3582e-07,7.7024e-07,3.9364e-06,8.2888e-06,8.2785e-06,6.2843e-06,5.9100e-08,2.1462e-07,5.6544e-07,3.9734e-06,7.1784e-06,8.2213e-06,7.2717e-06
P55,60.00,180.00,0.00,0.00,7.3256e-08,1.8070e-07,5.7294e-07,2.9825e-06,6.6121e-06,6.6035e-06,4.9306e-06,7.2947e-08,1.6520e-07,4.2528e-07,3.0234e-06,5.6858e-06,6.5595e-06,5.7059e-06
P55,30.00,45.00,30.00,0.00,6.1499e-08,2.2323e-07,7.2802e-07,3.7608e-06,7.9847e-06,7.9748e-06,5.9954e-06,6.1413e-08,2.0323e-07,5.3490e-07,3.7998e-06,6.9139e-06,7.9213e-06,6.9562e-06
P55,30.00,90.00,30.00,0.00,6.1468e-08,2.2323e-07,7.2802e-07,3.7608e-06,7.9847e-06,7.9748e-06,5.9953e-06,6.1382e-08,2.0322e-07,5.3489e-07,3.7998e-06,6.9139e-06,7.9213e-06,6.9562e-06
P55,60.00,90.00,30.00,0.00,7.0845e-08,1.8050e-07,5.7278e-07,2.9823e-06,6.6120e-06,6.6034e-06,4.9305e-06,7.0552e-08,1.6500e-07,4.2512e-07,3.0232e-06,5.6857e-06,6.5594e-06,5.7058e-06
P55,0.00,90.00,60.00,0.00,5.1457e-08,2.3523e-07,7.6976e-07,3.9356e-06,8.2885e-06,8.2782e-06,6.2841e-06,5.1465e-08,2.1402e-07,5.6495e-07,3.9725e-06,7.1780e-06,8.2210e-06,7.2715e-06
P55,0.00,0.00,0.00,0.00,6.0961e-08,2.3595e-07,7.7033e-07,3.9366e-06,8.2889e-06,8.2786e-06,6.2843e-06,6.0909e-08,2.1474e-07,5.6554e-07,3.9736e-06,7.1784e-06,8.2214e-06,7.2718e-06
P55,0.00,180.00,60.00,0.00,5.1457e-08,2.3523e-07,7.6976e-07,3.9356e-06,8.2885e-06,8.2782e-06,6.2841e-06,5.1465e-08,2.1402e-07,5.6495e-07,3.9725e-06,7.1780e-06,8.2210e-06,7.2715e-06
P55,30.00,180.00,60.00,0.00,5.2984e-08,2.2254e-07,7.2747e-07,3.7599e-06,7.9844e-06,7.9745e-06,5.9951e-06,5.2950e-08,2.0254e-07,5.3433e-07,3.7989e-06,6.9135e-06,7.9210e-06,6.9559e-06
P55,0.00,0.00,60.00,0.00,5.1457e-08,2.3523e-07,7.6976e-07,3.9356e-06,8.2885e-06,8.2782e-06,6.2841e-06,5.1465e-08,2.1402e-07,5.6495e-07,3.9725e-06,7.1780e-06,8.2210e-06,7.2715e-06
P55,60.00,90.00,60.00,0.00,6.0403e-08,1.7953e-07,5.7198e-07,2.9811e-06,6.6115e-06,6.6029e-06,4.9302e-06,6.0179e-08,1.6402e-07,4.2428e-07,3.0219e-06,5.6851e-06,6.5589e-06,5.7055e-06
P55,60.00,135.00,0.00,0.00,7.3256e-08,1.8070e-07,5.7294e-07,2.9825e-06,6.6121e-06,6.6035e-06,4.9306e-06,7.2947e-08,1.6520e-07,4.2528e-07,3.0234e-06,5.6858e-06,6.5595e-06,5.7059e-06
P55,0.00,45.00,30.00,0.00,5.9139e-08,2.3582e-07,7.7024e-07,3.9364e-06,8.2888e-06,8.2785e-06,6.2843e-06,5.9100e-08,2.1462e-07,5.6544e-07,3.9734e-06,7.1784e-06,8.2213e-06,7.2717e-06
P55,60.00,45.00,60.00,0.00,6.0831e-08,1.7959e-07,5.7202e-07,2.9812e-06,6.6116e-06,6.6030e-06,4.9302e-06,6.0606e-08,1.6408e-07,4.2433e-07,3.0220e-06,5.6851e-06,6.5590e-06,5.7055e-06
P55,30.00,0.00,30.00,0.00,6.1513e-08,2.2323e-07,7.2802e-07,3.7608e-06,7.9847e-06,7.9748e-06,5.9954e-06,6.1426e-08,2.0323e-07,5.3490e-07,3.7999e-06,6.9139e-06,7.9213e-06,6.9562e-06
P55,30.00,45.00,60.00,0.00,5.3258e-08,2.2257e-07,7.2750e-07,3.7599e-06,7.9844e-06,7.9745e-06,5.9952e-06,5.3222e-08,2.0257e-07,5.3435e-07,3.7989e-06,6.9135e-06,7.9210e-06,6.9559e-06
P55,30.00,135.00,60.00,0.00,5.3032e-08,2.2255e-07,7.2748e-07,3.7599e-06,7.9844e-06,7.9745e-06,5.9952e-06,5.2997e-08,2.0254e-07,5.3433e-07,3.7989e-06,6.9135e-06,7.9210e-06,6.9559e-06
P55,30.00,90.00,60.00,0.00,5.3145e-08,2.2256e-07,7.2749e-07,3.7599e-06,7.9844e-06,7.9745e-06,5.9952e-06,5.3110e-08,2.0255e-07,5.3434e-07,3.7989e-06,6.9135e-06,7.9210e-06,6.9559e-06
P55,30.00,0.00,0.00,0.00,6.3431e-08,2.2337e-07,7.2813e-07,3.7610e-06,7.9848e-06,7.9749e-06,5.9954e-06,6.3332e-08,2.0336e-07,5.3501e-07,3.8001e-06,6.9140e-06,7.9214e-06,6.9562e-06
P55,60.00,180.00,60.00,0.00,5.9771e-08,1.7944e-07,5.7191e-07,2.9810e-06,6.6115e-06,6.6029e-06,4.9302e-06,5.9551e-08,1.6393e-07,4.2421e-07,3.0219e-06,5.6850e-06,6.5589e-06,5.7055e-06
P55,30.00,135.00,30.00,0.00,6.1437e-08,2.2323e-07,7.2802e-07,3.7608e-06,7.9847e-06,7.9748e-06,5.9953e-06,6.1351e-08,2.0322e-07,5.3489e-07,3.7998e-06,6.9139e-06,7.9213e-06,6.9562e-06
P55,0.00,90.00,30.00,0.00,5.9139e-08,2.3582e-07,7.7024e-07,3.9364e-06,8.2888e-06,8.2785e-06,6.2843e-06,5.9100e-08,2.1462e-07,5.6544e-07,3.9734e-06,7.1784e-06,8.2213e-06,7.2717e-06
P55,0.00,45.00,0.00,0.00,6.0961e-08,2.3595e-07,7.7033e-07,3.9366e-06,8.2889e-06,8.2786e-06,6.2843e-06,6.0909e-08,2.1474e-07,5.6554e-07,3.9736e-06,7.1784e-06,8.2214e-06,7.2718e-06
P55,60.00,90.00,0.00,0.00,7.3256e-08,1.8070e-07,5.7294e-07,2.9825e-06,6.6121e-06,6.6035e-06,4.9306e-06,7.2947e-08,1.6520e-07,4.2528e-07,3.0234e-06,5.6858e-06,6.5595e-06,5.7059e-06
P55,60.00,0.00,0.00,0.00,7.3256e-08,1.8070e-07,5.7294e-07,2.9825e-06,6.6121e-06,6.6035e-06,4.9306e-06,7.2947e-08,1.6520e-07,4.2528e-07,3.0234e-06,5.6858e-06,6.5595e-06,5.7059e-06
P55,60.00,0.00,60.00,0.00,6.1004e-08,1.7961e-07,5.7204e-07,2.9812e-06,6.6116e-06,6.6030e-06,4.9303e-06,6.0778e-08,1.6410e-07,4.2435e-07,3.0220e-06,5.6851e-06,6.5590e-06,5.7055e-06
P55,30.00,135.00,0.00,0.00,6.3431e-08,2.2337e-07,7.2813e-07,3.7610e-06,7.9848e-06,7.9749e-06,5.9954e-06,6.3332e-08,2.0336e-07,5.3501e-07,3.8001e-06,6.9140e-06,7.9214e-06,6.9562e-06
P55,60.00,45.00,30.00,0.00,7.0961e-08,1.8052e-07,5.7279e-07,2.9823e-06,6.6120e-06,6.6034e-06,4.9305e-06,7.0668e-08,1.6502e-07,4.2513e-07,3.0232e-06,5.6857e-06,6.5594e-06,5.7058e-06
P55,30.00,0.00,60.00,0.00,5.3304e-08,2.2258e-07,7.2750e-07,3.7599e-06,7.9845e-06,7.9745e-06,5.9952e-06,5.3268e-08,2.0257e-07,5.3436e-07,3.7990e-06,6.9135e-06,7.9210e-06,6.9559e-06
P55,0.00,180.00,0.00,0.00,6.0961e-08,2.3595e-07,7.7033e-07,3.9366e-06,8.2889e-06,8.2786e-06,6.2843e-06,6.0909e-08,2.1474e-07,5.6554e-07,3.9736e-06,7.1784e-06,8.2214e-06,7.2718e-06
P55,60.00,135.00,60.00,0.00,5.9959e-08,1.7947e-07,5.7193e-07,2.9811e-06,6.6115e-06,6.6029e-06,4.9302e-06,5.9738e-08,1.6396e-07,4.2423e-07,3.0219e-06,5.6850e-06,6.5589e-06,5.7055e-06
P56,0.00,90.00,0.00,0.00,6.1200e-08,3.1918e-07,1.0064e-06,4.3523e-06,8.8658e-06,8.8547e-06,7.3869e-06,6.1332e-08,2.9157e-07,7.4879e-07,4.3709e-06,7.6619e-06,8.7828e-06,8.1980e-06
P56,30.00,0.00,30.00,0.00,6.1649e-08,3.0253e-07,9.5264e-07,4.1799e-06,8.5445e-06,8.5339e-06,7.0698e-06,6.1755e-08,2.7641e-07,7.0977e-07,4.2012e-06,7.3932e-06,8.4664e-06,7.8619e-06
P56,30.00,45.00,0.00,0.00,6.3463e-08,3.0268e-07,9.5282e-07,4.1801e-06,8.5446e-06,8.5340e-06,7.0699e-06,6.3569e-08,2.7656e-07,7.0994e-07,4.2014e-06,7.3934e-06,8.4665e-06,7.8620e-06
P56,0.00,0.00,60.00,0.00,5.2228e-08,3.1841e-07,1.0055e-06,4.3513e-06,8.8653e-06,8.8543e-06,7.3866e-06,5.2361e-08,2.9082e-07,7.4794e-07,4.3699e-06,7.6613e-06,8.7824e-06,8.1977e-06
P56,0.00,180.00,0.00,0.00,6.1200e-08,3.1918e-07,1.0064e-06,4.3523e-06,8.8658e-06,8.8547e-06,7.3869e-06,6.1332e-08,2.9157e-07,7.4879e-07,4.3709e-06,7.6619e-06,8.7828e-06,8.1980e-06
P56,30.00,180.00,0.00,0.00,6.3463e-08,3.0268e-07,9.5282e-07,4.1801e-06,8.5446e-06,8.5340e-06,7.0699e-06,6.3569e-08,2.7656e-07,7.0994e-07,4.2014e-06,7.3934e-06,8.4665e-06,7.8620e-06
P56,0.00,0.00,0.00,0.00,6.1200e-08,3.1918e-07,1.0064e-06,4.3523e-06,8.8658e-06,8.8547e-06,7.3869e-06,6.1332e-08,2.9157e-07,7.4879e-07,4.3709e-06,7.6619e-06,8.7828e-06,8.1980e-06
P56,0.00,135.00,30.00,0.00,5.9462e-08,3.1902e-07,1.0063e-06,4.3521e-06,8.8657e-06,8.8546e-06,7.3868e-06,5.9594e-08,2.9142e-07,7.4863e-07,4.3707e-06,7.6618e-06,8.7827e-06,8.1980e-06
P56,60.00,0.00,30.00,0.00,7.0155e-08,2.4774e-07,7.6420e-07,3.3809e-06,7.1017e-06,7.0927e-06,5.8934e-06,7.0127e-08,2.2696e-07,5.7716e-07,3.4057e-06,6.1154e-06,7.0339e-06,6.5372e-06
P56,0.00,0.00,30.00,0.00,5.9462e-08,3.1902e-07,1.0063e-06,4.3521e-06,8.8657e-06,8.8546e-06,7.3868e-06,5.9594e-08,2.9142e-07,7.4863e-07,4.3707e-06,7.6618e-06,8.7827e-06,8.1980e-06
P56,30.00,45.00,30.00,0.00,6.1636e-08,3.0252e-07,9.5263e-07,4.1799e-06,8.5445e-06,8.5339e-06,7.0698e-06,6.1742e-08,2.7641e-07,7.0976e-07,4.2012e-06,7.3932e-06,8.4664e-06,7.8619e-06
P56,30.00,135.00,0.00,0.00,6.3463e-08,3.0268e-07,9.5282e-07,4.1801e-06,8.5446e-06,8.5340e-06,7.0699e-06,6.3569e-08,2.7656e-07,7.0994e-07,4.2014e-06,7.3934e-06,8.4665e-06,7.8620e-06
P56,60.00,180.00,60.00,0.00,5.9904e-08,2.4693e-07,7.6304e-07,3.3796e-06,7.1011e-06,7.0921e-06,5.8929e-06,5.9882e-08,2.2618e-07,5.7615e-07,3.4044e-06,6.1147e-06,7.0332e-06,6.5367e-06
P56,0.00,90.00,30.00,0.00,5.9462e-08,3.1902e-07,1.0063e-06,4.3521e-06,8.8657e-06,8.8546e-06,7.3868e-06,5.9594e-08,2.9142e-07,7.4863e-07,4.3707e-06,7.6618e-06,8.7827e-06,8.1980e-06
P56,60.00,90.00,60.00,0.00,6.0486e-08,2.4699e-07,7.6312e-07,3.3797e-06,7.1011e-06,7.0921e-06,5.8929e-06,6.0464e-08,2.2624e-07,5.7622e-07,3.4045e-06,6.1147e-06,7.0333e-06,6.5367e-06
P56,0.00,45.00,0.00,0.00,6.1200e-08,3.1918e-07,1.0064e-06,4.3523e-06,8.8658e-06,8.8547e-06,7.3869e-06,6.1332e-08,2.9157e-07,7.4879e-07,4.3709e-06,7.6619e-06,8.7828e-06,8.1980e-06
P56,30.00,90.00,0.00,0.00,6.3463e-08,3.0268e-07,9.5282e-07,4.1801e-06,8.5446e-06,8.5340e-06,7.0699e-06,6.3569e-08,2.7656e-07,7.0994e-07,4.2014e-06,7.3934e-06,8.4665e-06,7.8620e-06
P56,60.00,135.00,30.00,0.00,6.9891e-08,2.4772e-07,7.6417e-07,3.3808e-06,7.1017e-06,7.0927e-06,5.8933e-06,6.9863e-08,2.2693e-07,5.7713e-07,3.4056e-06,6.1154e-06,7.0339e-06,6.5371e-06
P56,60.00,90.00,0.00,0.00,7.2204e-08,2.4790e-07,7.6441e-07,3.3811e-06,7.1018e-06,7.0928e-06,5.8934e-06,7.2175e-08,2.2711e-07,5.7734e-07,3.4059e-06,6.1155e-06,7.0340e-06,6.5372e-06
P56,0.00,45.00,30.00,0.00,5.9462e-08,3.1902e-07,1.0063e-06,4.3521e-06,8.8657e-06,8.8546e-06,7.3868e-06,5.9594e-08,2.9142e-07,7.4863e-07,4.3707e-06,7.6618e-06,8.7827e-06,8.1980e-06
P56,30.00,135.00,60.00,0.00,5.3712e-08,3.0186e-07,9.5180e-07,4.1790e-06,8.5441e-06,8.5335e-06,7.0695e-06,5.3819e-08,2.7576e-07,7.0901e-07,4.2003e-06,7.3927e-06,8.4660e-06,7.8616e-06
P56,0.00,180.00,60.00,0.00,5.2228e-08,3.1841e-07,1.0055e-06,4.3513e-06,8.8653e-06,8.8543e-06,7.3866e-06,5.2361e-08,2.9082e-07,7.4794e-07,4.3699e-06,7.6613e-06,8.7824e-06,8.1977e-06
P56,0.00,90.00,60.00,0.00,5.2228e-08,3.1841e-07,1.0055e-06,4.3513e-06,8.8653e-06,8.8543e-06,7.3866e-06,5.2361e-08,2.9082e-07,7.4794e-07,4.3699e-06,7.6613e-06,8.7824e-06,8.1977e-06
P56,60.00,135.00,60.00,0.00,6.0078e-08,2.4695e-07,7.6306e-07,3.3796e-06,7.1011e-06,7.0921e-06,5.8929e-06,6.0055e-08,2.2620e-07,5.7617e-07,3.4044e-06,6.1147e-06,7.0333e-06,6.5367e-06
P56,0.00,135.00,0.00,0.00,6.1200e-08,3.1918e-07,1.0064e-06,4.3523e-06,8.8658e-06,8.8547e-06,7.3869e-06,6.1332e-08,2.9157e-07,7.4879e-07,4.3709e-06,7.6619e-06,8.7828e-06,8.1980e-06
P56,30.00,90.00,60.00,0.00,5.3819e-08,3.0187e-07,9.5181e-07,4.1791e-06,8.5441e-06,8.5335e-06,7.0695e-06,5.3926e-08,2.7577e-07,7.0902e-07,4.2003e-06,7.3928e-06,8.4660e-06,7.8616e-06
P56,60.00,135.00,0.00,0.00,7.2204e-08,2.4790e-07,7.6441e-07,3.3811e-06,7.1018e-06,7.0928e-06,5.8934e-06,7.2175e-08,2.2711e-07,5.7734e-07,3.4059e-06,6.1155e-06,7.0340e-06,6.5372e-06
P56,0.00,180.00,30.00,0.00,5.9462e-08,3.1902e-07,1.0063e-06,4.3521e-06,8.8657e-06,8.8546e-06,7.3868e-06,5.9594e-08,2.9142e-07,7.4863e-07,4.3707e-06,7.6618e-06,8.7827e-06,8.1980e-06
P56,60.00,90.00,30.00,0.00,7.0001e-08,2.4773e-07,7.6418e-07,3.3808e-06,7.1017e-06,7.0927e-06,5.8933e-06,6.9973e-08,2.2694e-07,5.7714e-07,3.4057e-06,6.1154e-06,7.0339e-06,6.5371e-06
P56,30.00,90.00,30.00,0.00,6.1605e-08,3.0252e-07,9.5263e-07,4.1799e-06,8.5445e-06,8.5339e-06,7.0698e-06,6.1711e-08,2.7641e-07,7.0976e-07,4.2012e-06,7.3932e-06,8.4664e-06,7.8619e-06
P56,60.00,180.00,30.00,0.00,6.9845e-08,2.4771e-07,7.6416e-07,3.3808e-06,7.1017e-06,7.0927e-06,5.8933e-06,6.9817e-08,2.2693e-07,5.7712e-07,3.4056e-06,6.1154e-06,7.0339e-06,6.5371e-06
P56,0.00,45.00,60.00,0.00,5.2228e-08,3.1841e-07,1.0055e-06,4.3513e-06,8.8653e-06,8.8543e-06,7.3866e-06,5.2361e-08,2.9082e-07,7.4794e-07,4.3699e-06,7.6613e-06,8.7824e-06,8.1977e-06
P56,60.00,0.00,60.00,0.00,6.1041e-08,2.4705e-07,7.6320e-07,3.3798e-06,7.1012e-06,7.0921e-06,5.8930e-06,6.1019e-08,2.2629e-07,5.7629e-07,3.4046e-06,6.1148e-06,7.0333e-06,6.5367e-06
P56,60.00,45.00,60.00,0.00,6.0882e-08,2.4703e-07,7.6318e-07,3.3797e-06,7.1012e-06,7.0921e-06,5.8930e-06,6.0859e-08,2.2628e-07,5.7627e-07,3.4045e-06,6.1147e-06,7.0333e-06,6.5367e-06
P56,60.00,45.00,0.00,0.00,7.2204e-08,2.4790e-07,7.6441e-07,3.3811e-06,7.1018e-06,7.0928e-06,5.8934e-06,7.2175e-08,2.2711e-07,5.7734e-07,3.4059e-06,6.1155e-06,7.0340e-06,6.5372e-06
P56,60.00,0.00,0.00,0.00,7.2204e-08,2.4790e-07,7.6441e-07,3.3811e-06,7.1018e-06,7.0928e-06,5.8934e-06,7.2175e-08,2.2711e-07,5.7734e-07,3.4059e-06,6.1155e-06,7.0340e-06,6.5372e-06
P56,60.00,180.00,0.00,0.00,7.2204e-08,2.4790e-07,7.6441e-07,3.3811e-06,7.1018e-06,7.0928e-06,5.8934e-06,7.2175e-08,2.2711e-07,5.7734e-07,3.4059e-06,6.1155e-06,7.0340e-06,6.5372e-06
P56,0.00,135.00,60.00,0.00,5.2228e-08,3.1841e-07,1.0055e-06,4.3513e-06,8.8653e-06,8.8543e-06,7.3866e-06,5.2361e-08,2.9082e-07,7.4794e-07,4.3699e-06,7.6613e-06,8.7824e-06,8.1977e-06
P56,30.00,135.00,30.00,0.00,6.1574e-08,3.0252e-07,9.5263e-07,4.1799e-06,8.5445e-06,8.5339e-06,7.0698e-06,6.1681e-08,2.7641e-07,7.0976e-07,4.2012e-06,7.3932e-06,8.4664e-06,7.8619e-06
P56,30.00,180.00,30.00,0.00,6.1562e-08,3.0252e-07,9.5263e-07,4.1799e-06,8.5445e-06,8.5339e-06,7.0698e-06,6.1668e-08,2.7640e-07,7.0976e-07,4.2012e-06,7.3932e-06,8.4664e-06,7.8619e-06
P56,60.00,45.00,30.00,0.00,7.0110e-08,2.4774e-07,7.6420e-07,3.3809e-06,7.1017e-06,7.0927e-06,5.8934e-06,7.0082e-08,2.2695e-07,5.7715e-07,3.4057e-06,6.1154e-06,7.0339e-06,6.5372e-06
P56,30.00,0.00,0.00,0.00,6.3463e-08,3.0268e-07,9.5282e-07,4.1801e-06,8.5446e-06,8.5340e-06,7.0699e-06,6.3569e-08,2.7656e-07,7.0994e-07,4.2014e-06,7.3934e-06,8.4665e-06,7.8620e-06
P56,30.00,45.00,60.00,0.00,5.3926e-08,3.0188e-07,9.5182e-07,4.1791e-06,8.5441e-06,8.5335e-06,7.0695e-06,5.4032e-08,2.7579e-07,7.0904e-07,4.2003e-06,7.3928e-06,8.4660e-06,7.8616e-06
P56,30.00,0.00,60.00,0.00,5.3970e-08,3.0188e-07,9.5183e-07,4.1791e-06,8.5441e-06,8.5335e-06,7.0695e-06,5.4076e-08,2.7579e-07,7.0904e-07,4.2003e-06,7.3928e-06,8.4660e-06,7.8616e-06
P56,30.00,180.00,60.00,0.00,5.3668e-08,3.0185e-07,9.5179e-07,4.1790e-06,8.5441e-06,8.5335e-06,7.0695e-06,5.3774e-08,2.7576e-07,7.0900e-07,4.2003e-06,7.3927e-06,8.4660e-06,7.8616e-06
P57,30.00,45.00,30.00,0.00,6.1094e-08,2.5790e-07,9.7587e-07,3.8246e-06,8.3405e-06,8.3280e-06,5.8944e-06,6.0683e-08,2.3197e-07,6.6029e-07,3.8654e-06,6.9863e-06,8.2437e-06,7.0378e-06
P57,0.00,180.00,60.00,0.00,5.1661e-08,2.7082e-07,1.0593e-06,4.0079e-06,8.6325e-06,8.6197e-06,6.1406e-06,5.1402e-08,2.4230e-07,7.1692e-07,4.0465e-06,7.2468e-06,8.5314e-06,7.3400e-06
P57,60.00,45.00,30.00,0.00,7.1313e-08,2.2571e-07,7.0235e-07,3.0093e-06,6.9786e-06,6.9674e-06,5.1197e-06,7.0661e-08,2.0804e-07,4.9639e-07,3.0483e-06,5.7718e-06,6.8981e-06,5.8944e-06
P57,30.00,180.00,0.00,0.00,6.2985e-08,2.5808e-07,9.7605e-07,3.8247e-06,8.3406e-06,8.3281e-06,5.8944e-06,6.2546e-08,2.3216e-07,6.6045e-07,3.8655e-06,6.9864e-06,8.2438e-06,7.0379e-06
P57,30.00,45.00,0.00,0.00,6.2985e-08,2.5808e-07,9.7605e-07,3.8247e-06,8.3406e-06,8.3281e-06,5.8944e-06,6.2546e-08,2.3216e-07,6.6045e-07,3.8655e-06,6.9864e-06,8.2438e-06,7.0379e-06
P57,0.00,0.00,0.00,0.00,6.0491e-08,2.7180e-07,1.0602e-06,4.0088e-06,8.6329e-06,8.6202e-06,6.1408e-06,6.0113e-08,2.4328e-07,7.1777e-07,4.0474e-06,7.2474e-06,8.5318e-06,7.3403e-06
P57,60.00,45.00,60.00,0.00,6.1639e-08,2.2450e-07,7.0129e-07,3.0083e-06,6.9780e-06,6.9668e-06,5.1194e-06,6.1098e-08,2.0682e-07,4.9535e-07,3.0472e-06,5.7711e-06,6.8975e-06,5.8940e-06
P57,60.00,180.00,60.00,0.00,6.0671e-08,2.2434e-07,7.0115e-07,3.0082e-06,6.9779e-06,6.9668e-06,5.1194e-06,6.0138e-08,2.0666e-07,4.9522e-07,3.0471e-06,5.7710e-06,6.8974e-06,5.8939e-06
P57,30.00,0.00,60.00,0.00,5.3553e-08,2.5702e-07,9.7509e-07,3.8239e-06,8.3401e-06,8.3276e-06,5.8941e-06,5.3235e-08,2.3110e-07,6.5953e-07,3.8646e-06,6.9857e-06,8.2433e-06,7.0375e-06
P57,30.00,135.00,60.00,0.00,5.3312e-08,2.5699e-07,9.7506e-07,3.8238e-06,8.3401e-06,8.3276e-06,5.8941e-06,5.2996e-08,2.3106e-07,6.5950e-07,3.8646e-06,6.9857e-06,8.2433e-06,7.0375e-06
P57,0.00,180.00,0.00,0.00,6.0491e-08,2.7180e-07,1.0602e-06,4.0088e-06,8.6329e-06,8.6202e-06,6.1408e-06,6.0113e-08,2.4328e-07,7.1777e-07,4.0474e-06,7.2474e-06,8.5318e-06,7.3403e-06
P57,60.00,0.00,0.00,0.00,7.3634e-08,2.2596e-07,7.0257e-07,3.0095e-06,6.9787e-06,6.9675e-06,5.1198e-06,7.2953e-08,2.0828e-07,4.9661e-07,3.0485e-06,5.7720e-06,6.8982e-06,5.8944e-06
P57,0.00,180.00,30.00,0.00,5.8707e-08,2.7162e-07,1.0600e-06,4.0086e-06,8.6328e-06,8.6201e-06,6.1408e-06,5.8357e-08,2.4311e-07,7.1761e-07,4.0472e-06,7.2473e-06,8.5317e-06,7.3403e-06
P57,60.00,90.00,60.00,0.00,6.1249e-08,2.2444e-07,7.0123e-07,3.0082e-06,6.9780e-06,6.9668e-06,5.1194e-06,6.0711e-08,2.0676e-07,4.9530e-07,3.0472e-06,5.7710e-06,6.8974e-06,5.8940e-06
P57,30.00,0.00,30.00,0.00,6.1106e-08,2.5790e-07,9.7587e-07,3.8246e-06,8.3405e-06,8.3280e-06,5.8944e-06,6.0695e-08,2.3197e-07,6.6029e-07,3.8654e-06,6.9863e-06,8.2437e-06,7.0378e-06
P57,0.00,135.00,0.00,0.00,6.0491e-08,2.7180e-07,1.0602e-06,4.0088e-06,8.6329e-06,8.6202e-06,6.1408e-06,6.0113e-08,2.4328e-07,7.1777e-07,4.0474e-06,7.2474e-06,8.5318e-06,7.3403e-06
P57,0.00,90.00,30.00,0.00,5.8707e-08,2.7162e-07,1.0600e-06,4.0086e-06,8.6328e-06,8.6201e-06,6.1408e-06,5.8357e-08,2.4311e-07,7.1761e-07,4.0472e-06,7.2473e-06,8.5317e-06,7.3403e-06
P57,0.00,135.00,60.00,0.00,5.1661e-08,2.7082e-07,1.0593e-06,4.0079e-06,8.6325e-06,8.6197e-06,6.1406e-06,5.1402e-08,2.4230e-07,7.1692e-07,4.0465e-06,7.2468e-06,8.5314e-06,7.3400e-06
P57,30.00,45.00,60.00,0.00,5.3512e-08,2.5702e-07,9.7508e-07,3.8239e-06,8.3401e-06,8.3276e-06,5.8941e-06,5.3194e-08,2.3109e-07,6.5953e-07,3.8646e-06,6.9857e-06,8.2433e-06,7.0375e-06
P57,0.00,90.00,0.00,0.00,6.0491e-08,2.7180e-07,1.0602e-06,4.0088e-06,8.6329e-06,8.6202e-06,6.1408e-06,6.0113e-08,2.4328e-07,7.1777e-07,4.0474e-06,7.2474e-06,8.5318e-06,7.3403e-06
P57,30.00,180.00,60.00,0.00,5.3270e-08,2.5698e-07,9.7505e-07,3.8238e-06,8.3400e-06,8.3276e-06,5.8941e-06,5.2954e-08,2.3106e-07,6.5950e-07,3.8646e-06,6.9857e-06,8.2433e-06,7.0375e-06
P57,0.00,90.00,60.00,0.00,5.1661e-08,2.7082e-07,1.0593e-06,4.0079e-06,8.6325e-06,8.6197e-06,6.1406e-06,5.1402e-08,2.4230e-07,7.1692e-07,4.0465e-06,7.2468e-06,8.5314e-06,7.3400e-06
P57,30.00,135.00,0.00,0.00,6.2985e-08,2.5808e-07,9.7605e-07,3.8247e-06,8.3406e-06,8.3281e-06,5.8944e-06,6.2546e-08,2.3216e-07,6.6045e-07,3.8655e-06,6.9864e-06,8.2438e-06,7.0379e-06
P57,30.00,180.00,30.00,0.00,6.1026e-08,2.5789e-07,9.7587e-07,3.8246e-06,8.3405e-06,8.3280e-06,5.8943e-06,6.0616e-08,2.3196e-07,6.6028e-07,3.8654e-06,6.9863e-06,8.2437e-06,7.0378e-06
P57,30.00,0.00,0.00,0.00,6.2985e-08,2.5808e-07,9.7605e-07,3.8247e-06,8.3406e-06,8.3281e-06,5.8944e-06,6.2546e-08,2.3216e-07,6.6045e-07,3.8655e-06,6.9864e-06,8.2438e-06,7.0379e-06
P57,0.00,45.00,0.00,0.00,6.0491e-08,2.7180e-07,1.0602e-06,4.0088e-06,8.6329e-06,8.6202e-06,6.1408e-06,6.0113e-08,2.4328e-07,7.1777e-07,4.0474e-06,7.2474e-06,8.5318e-06,7.3403e-06
P57,0.00,0.00,60.00,0.00,5.1661e-08,2.7082e-07,1.0593e-06,4.0079e-06,8.6325e-06,8.6197e-06,6.1406e-06,5.1402e-08,2.4230e-07,7.1692e-07,4.0465e-06,7.2468e-06,8.5314e-06,7.3400e-06
P57,60.00,90.00,0.00,0.00,7.3634e-08,2.2596e-07,7.0257e-07,3.0095e-06,6.9787e-06,6.9675e-06,5.1198e-06,7.2953e-08,2.0828e-07,4.9661e-07,3.0485e-06,5.7720e-06,6.8982e-06,5.8944e-06
P57,60.00,0.00,60.00,0.00,6.1797e-08,2.2453e-07,7.0131e-07,3.0083e-06,6.9780e-06,6.9668e-06,5.1194e-06,6.1255e-08,2.0685e-07,4.9538e-07,3.0472e-06,5.7711e-06,6.8975e-06,5.8940e-06
P57,60.00,90.00,30.00,0.00,7.1208e-08,2.2570e-07,7.0234e-07,3.0093e-06,6.9786e-06,6.9674e-06,5.1197e-06,7.0557e-08,2.0802e-07,4.9638e-07,3.0482e-06,5.7718e-06,6.8981e-06,5.8943e-06
P57,0.00,0.00,30.00,0.00,5.8707e-08,2.7162e-07,1.0600e-06,4.0086e-06,8.6328e-06,8.6201e-06,6.1408e-06,5.8357e-08,2.4311e-07,7.1761e-07,4.0472e-06,7.2473e-06,8.5317e-06,7.3403e-06
P57,30.00,90.00,60.00,0.00,5.3413e-08,2.5700e-07,9.7507e-07,3.8238e-06,8.3401e-06,8.3276e-06,5.8941e-06,5.3096e-08,2.3108e-07,6.5951e-07,3.8646e-06,6.9857e-06,8.2433e-06,7.0375e-06
P57,0.00,135.00,30.00,0.00,5.8707e-08,2.7162e-07,1.0600e-06,4.0086e-06,8.6328e-06,8.6201e-06,6.1408e-06,5.8357e-08,2.4311e-07,7.1761e-07,4.0472e-06,7.2473e-06,8.5317e-06,7.3403e-06
P57,30.00,90.00,30.00,0.00,6.1066e-08,2.5789e-07,9.7587e-07,3.8246e-06,8.3405e-06,8.3280e-06,5.8943e-06,6.0655e-08,2.3197e-07,6.6029e-07,3.8654e-06,6.9863e-06,8.2437e-06,7.0378e-06
P57,60.00,45.00,0.00,0.00,7.3634e-08,2.2596e-07,7.0257e-07,3.0095e-06,6.9787e-06,6.9675e-06,5.1198e-06,7.2953e-08,2.0828e-07,4.9661e-07,3.0485e-06,5.7720e-06,6.8982e-06,5.8944e-06
P57,60.00,180.00,0.00,0.00,7.3634e-08,2.2596e-07,7.0257e-07,3.0095e-06,6.9787e-06,6.9675e-06,5.1198e-06,7.2953e-08,2.0828e-07,4.9661e-07,3.0485e-06,5.7720e-06,6.8982e-06,5.8944e-06
P57,30.00,135.00,30.00,0.00,6.1038e-08,2.5789e-07,9.7587e-07,3.8246e-06,8.3405e-06,8.3280e-06,5.8943e-06,6.0627e-08,2.3197e-07,6.6028e-07,3.8654e-06,6.9863e-06,8.2437e-06,7.0378e-06
P57,30.00,90.00,0.00,0.00,6.2985e-08,2.5808e-07,9.7605e-07,3.8247e-06,8.3406e-06,8.3281e-06,5.8944e-06,6.2546e-08,2.3216e-07,6.6045e-07,3.8655e-06,6.9864e-06,8.2438e-06,7.0379e-06
P57,0.00,45.00,30.00,0.00,5.8707e-08,2.7162e-07,1.0600e-06,4.0086e-06,8.6328e-06,8.6201e-06,6.1408e-06,5.8357e-08,2.4311e-07,7.1761e-07,4.0472e-06,7.2473e-06,8.5317e-06,7.3403e-06
P57,60.00,135.00,60.00,0.00,6.0843e-08,2.2437e-07,7.0117e-07,3.0082e-06,6.9779e-06,6.9668e-06,5.1194e-06,6.0309e-08,2.0669e-07,4.9524e-07,3.0471e-06,5.7710e-06,6.8974e-06,5.8939e-06
P57,60.00,180.00,30.00,0.00,7.1057e-08,2.2567e-07,7.0232e-07,3.0093e-06,6.9786e-06,6.9674e-06,5.1197e-06,7.0408e-08,2.0800e-07,4.9636e-07,3.0482e-06,5.7718e-06,6.8980e-06,5.8943e-06
P57,60.00,135.00,30.00,0.00,7.1102e-08,2.2568e-07,7.0232e-07,3.0093e-06,6.9786e-06,6.9674e-06,5.1197e-06,7.0452e-08,2.0800e-07,4.9637e-07,3.0482e-06,5.7718e-06,6.8981e-06,5.8943e-06
P57,60.00,135.00,0.00,0.00,7.3634e-08,2.2596e-07,7.0257e-07,3.0095e-06,6.9787e-06,6.9675e-06,5.1198e-06,7.2953e-08,2.0828e-07,4.9661e-07,3.0485e-06,5.7720e-06,6.8982e-06,5.8944e-06
P57,60.00,0.00,30.00,0.00,7.1357e-08,2.2572e-07,7.0236e-07,3.0093e-06,6.9786e-06,6.9674e-06,5.1197e-06,7.0704e-08,2.0804e-07,4.9640e-07,3.0483e-06,5.7718e-06,6.8981e-06,5.8944e-06
P57,0.00,45.00,60.00,0.00,5.1661e-08,2.7082e-07,1.0593e-06,4.0079e-06,8.6325e-06,8.6197e-06,6.1406e-06,5.1402e-08,2.4230e-07,7.1692e-07,4.0465e-06,7.2468e-06,8.5314e-06,7.3400e-06
P58,30.00,45.00,30.00,0.00,6.0453e-08,3.7565e-07,1.0693e-06,4.0663e-06,8.4252e-06,8.4141e-06,7.0750e-06,6.0575e-08,3.4734e-07,8.3557e-07,4.0864e-06,7.2143e-06,8.3374e-06,7.8430e-06
P58,60.00,135.00,60.00,0.00,5.9397e-08,2.9692e-07,8.6872e-07,3.3173e-06,7.0815e-06,7.0720e-06,5.9047e-06,5.9388e-08,2.7375e-07,6.7822e-07,3.3416e-06,6.0460e-06,7.0084e-06,6.5430e-06
P58,60.00,45.00,30.00,0.00,6.9296e-08,2.9809e-07,8.7001e-07,3.3186e-06,7.0821e-06,7.0726e-06,5.9051e-06,6.9274e-08,2.7490e-07,6.7942e-07,3.3429e-06,6.0467e-06,7.0091e-06,6.5434e-06
P58,30.00,180.00,60.00,0.00,5.2722e-08,3.7474e-07,1.0684e-06,4.0653e-06,8.4247e-06,8.4137e-06,7.0746e-06,5.2850e-08,3.4644e-07,8.3470e-07,4.0855e-06,7.2137e-06,8.3370e-06,7.8427e-06
P58,60.00,0.00,0.00,0.00,7.1350e-08,2.9831e-07,8.7025e-07,3.3188e-06,7.0822e-06,7.0727e-06,5.9051e-06,7.1325e-08,2.7513e-07,6.7965e-07,3.3431e-06,6.0469e-06,7.0092e-06,6.5435e-06
P58,30.00,135.00,0.00,0.00,6.2211e-08,3.7585e-07,1.0695e-06,4.0665e-06,8.4253e-06,8.4142e-06,7.0750e-06,6.2331e-08,3.4754e-07,8.3575e-07,4.0866e-06,7.2144e-06,8.3375e-06,7.8431e-06
P58,0.00,180.00,0.00,0.00,5.9919e-08,3.9722e-07,1.1217e-06,4.2304e-06,8.7169e-06,8.7054e-06,7.3873e-06,6.0067e-08,3.6760e-07,8.7702e-07,4.2481e-06,7.4614e-06,8.6243e-06,8.1668e-06
P58,60.00,180.00,60.00,0.00,5.9224e-08,2.9689e-07,8.6869e-07,3.3173e-06,7.0814e-06,7.0720e-06,5.9046e-06,5.9215e-08,2.7373e-07,6.7819e-07,3.3416e-06,6.0459e-06,7.0084e-06,6.5430e-06
P58,60.00,45.00,0.00,0.00,7.1350e-08,2.9831e-07,8.7025e-07,3.3188e-06,7.0822e-06,7.0727e-06,5.9051e-06,7.1325e-08,2.7513e-07,6.7965e-07,3.3431e-06,6.0469e-06,7.0092e-06,6.5435e-06
P58,0.00,90.00,60.00,0.00,5.1262e-08,3.9621e-07,1.1207e-06,4.2294e-06,8.7164e-06,8.7049e-06,7.3870e-06,5.1418e-08,3.6660e-07,8.7608e-07,4.2470e-06,7.4608e-06,8.6238e-06,8.1664e-06
P58,30.00,0.00,60.00,0.00,5.3018e-08,3.7479e-07,1.0684e-06,4.0654e-06,8.4248e-06,8.4137e-06,7.0747e-06,5.3146e-08,3.4648e-07,8.3474e-07,4.0855e-06,7.2137e-06,8.3370e-06,7.8427e-06
P58,0.00,45.00,60.00,0.00,5.1262e-08,3.9621e-07,1.1207e-06,4.2294e-06,8.7164e-06,8.7049e-06,7.3870e-06,5.1418e-08,3.6660e-07,8.7608e-07,4.2470e-06,7.4608e-06,8.6238e-06,8.1664e-06
P58,0.00,90.00,30.00,0.00,5.8253e-08,3.9703e-07,1.1215e-06,4.2302e-06,8.7168e-06,8.7053e-06,7.3873e-06,5.8404e-08,3.6741e-07,8.7685e-07,4.2479e-06,7.4613e-06,8.6242e-06,8.1667e-06
P58,0.00,0.00,30.00,0.00,5.8253e-08,3.9703e-07,1.1215e-06,4.2302e-06,8.7168e-06,8.7053e-06,7.3873e-06,5.8404e-08,3.6741e-07,8.7685e-07,4.2479e-06,7.4613e-06,8.6242e-06,8.1667e-06
P58,60.00,90.00,0.00,0.00,7.1350e-08,2.9831e-07,8.7025e-07,3.3188e-06,7.0822e-06,7.0727e-06,5.9051e-06,7.1325e-08,2.7513e-07,6.7965e-07,3.3431e-06,6.0469e-06,7.0092e-06,6.5435e-06
P58,0.00,90.00,0.00,0.00,5.9919e-08,3.9722e-07,1.1217e-06,4.2304e-06,8.7169e-06,8.7054e-06,7.3873e-06,6.0067e-08,3.6760e-07,8.7702e-07,4.2481e-06,7.4614e-06,8.6243e-06,8.1668e-06
P58,0.00,135.00,60.00,0.00,5.1262e-08,3.9621e-07,1.1207e-06,4.2294e-06,8.7164e-06,8.7049e-06,7.3870e-06,5.1418e-08,3.6660e-07,8.7608e-07,4.2470e-06,7.4608e-06,8.6238e-06,8.1664e-06
P58,30.00,45.00,60.00,0.00,5.2975e-08,3.7478e-07,1.0684e-06,4.0654e-06,8.4248e-06,8.4137e-06,7.0747e-06,5.3103e-08,3.4648e-07,8.3474e-07,4.0855e-06,7.2137e-06,8.3370e-06,7.8427e-06
P58,0.00,180.00,60.00,0.00,5.1262e-08,3.9621e-07,1.1207e-06,4.2294e-06,8.7164e-06,8.7049e-06,7.3870e-06,5.1418e-08,3.6660e-07,8.7608e-07,4.2470e-06,7.4608e-06,8.6238e-06,8.1664e-06
P58,0.00,0.00,60.00,0.00,5.1262e-08,3.9621e-07,1.1207e-06,4.2294e-06,8.7164e-06,8.7049e-06,7.3870e-06,5.1418e-08,3.6660e-07,8.7608e-07,4.2470e-06,7.4608e-06,8.6238e-06,8.1664e-06
P58,60.00,180.00,30.00,0.00,6.9035e-08,2.9805e-07,8.6997e-07,3.3186e-06,7.0821e-06,7.0726e-06,5.9050e-06,6.9013e-08,2.7486e-07,6.7938e-07,3.3429e-06,6.0467e-06,7.0090e-06,6.5434e-06
P58,60.00,180.00,0.00,0.00,7.1350e-08,2.9831e-07,8.7025e-07,3.3188e-06,7.0822e-06,7.0727e-06,5.9051e-06,7.1325e-08,2.7513e-07,6.7965e-07,3.3431e-06,6.0469e-06,7.0092e-06,6.5435e-06
P58,0.00,135.00,30.00,0.00,5.8253e-08,3.9703e-07,1.1215e-06,4.2302e-06,8.7168e-06,8.7053e-06,7.3873e-06,5.8404e-08,3.6741e-07,8.7685e-07,4.2479e-06,7.4613e-06,8.6242e-06,8.1667e-06
P58,30.00,135.00,30.00,0.00,6.0394e-08,3.7564e-07,1.0693e-06,4.0663e-06,8.4252e-06,8.4141e-06,7.0750e-06,6.0516e-08,3.4733e-07,8.3556e-07,4.0864e-06,7.2143e-06,8.3374e-06,7.8430e-06
P58,60.00,135.00,30.00,0.00,6.9080e-08,2.9805e-07,8.6998e-07,3.3186e-06,7.0821e-06,7.0726e-06,5.9051e-06,6.9058e-08,2.7487e-07,6.7939e-07,3.3429e-06,6.0467e-06,7.0091e-06,6.5434e-06
P58,0.00,0.00,0.00,0.00,5.9919e-08,3.9722e-07,1.1217e-06,4.2304e-06,8.7169e-06,8.7054e-06,7.3873e-06,6.0067e-08,3.6760e-07,8.7702e-07,4.2481e-06,7.4614e-06,8.6243e-06,8.1668e-06
P58,60.00,0.00,30.00,0.00,6.9340e-08,2.9809e-07,8.7002e-07,3.3186e-06,7.0821e-06,7.0726e-06,5.9051e-06,6.9318e-08,2.7491e-07,6.7943e-07,3.3429e-06,6.0467e-06,7.0091e-06,6.5434e-06
P58,60.00,90.00,60.00,0.00,5.9804e-08,2.9698e-07,8.6879e-07,3.3174e-06,7.0815e-06,7.0720e-06,5.9047e-06,5.9794e-08,2.7382e-07,6.7829e-07,3.3417e-06,6.0460e-06,7.0085e-06,6.5430e-06
P58,0.00,135.00,0.00,0.00,5.9919e-08,3.9722e-07,1.1217e-06,4.2304e-06,8.7169e-06,8.7054e-06,7.3873e-06,6.0067e-08,3.6760e-07,8.7702e-07,4.2481e-06,7.4614e-06,8.6243e-06,8.1668e-06
P58,30.00,135.00,60.00,0.00,5.2766e-08,3.7475e-07,1.0684e-06,4.0654e-06,8.4248e-06,8.4137e-06,7.0746e-06,5.2894e-08,3.4644e-07,8.3470e-07,4.0855e-06,7.2137e-06,8.3370e-06,7.8427e-06
P58,60.00,0.00,60.00,0.00,6.0356e-08,2.9707e-07,8.6888e-07,3.3175e-06,7.0815e-06,7.0721e-06,5.9047e-06,6.0346e-08,2.7390e-07,6.7837e-07,3.3417e-06,6.0460e-06,7.0085e-06,6.5430e-06
P58,30.00,0.00,0.00,0.00,6.2211e-08,3.7585e-07,1.0695e-06,4.0665e-06,8.4253e-06,8.4142e-06,7.0750e-06,6.2331e-08,3.4754e-07,8.3575e-07,4.0866e-06,7.2144e-06,8.3375e-06,7.8431e-06
P58,60.00,90.00,30.00,0.00,6.9188e-08,2.9807e-07,8.7000e-07,3.3186e-06,7.0821e-06,7.0726e-06,5.9051e-06,6.9166e-08,2.7489e-07,6.7941e-07,3.3429e-06,6.0467e-06,7.0091e-06,6.5434e-06
P58,30.00,45.00,0.00,0.00,6.2211e-08,3.7585e-07,1.0695e-06,4.0665e-06,8.4253e-06,8.4142e-06,7.0750e-06,6.2331e-08,3.4754e-07,8.3575e-07,4.0866e-06,7.2144e-06,8.3375e-06,7.8431e-06
P58,0.00,45.00,0.00,0.00,5.9919e-08,3.9722e-07,1.1217e-06,4.2304e-06,8.7169e-06,8.7054e-06,7.3873e-06,6.0067e-08,3.6760e-07,8.7702e-07,4.2481e-06,7.4614e-06,8.6243e-06,8.1668e-06
P58,0.00,180.00,30.00,0.00,5.8253e-08,3.9703e-07,1.1215e-06,4.2302e-06,8.7168e-06,8.7053e-06,7.3873e-06,5.8404e-08,3.6741e-07,8.7685e-07,4.2479e-06,7.4613e-06,8.6242e-06,8.1667e-06
P58,60.00,45.00,60.00,0.00,6.0197e-08,2.9704e-07,8.6885e-07,3.3174e-06,7.0815e-06,7.0720e-06,5.9047e-06,6.0187e-08,2.7388e-07,6.7835e-07,3.3417e-06,6.0460e-06,7.0085e-06,6.5430e-06
P58,0.00,45.00,30.00,0.00,5.8253e-08,3.9703e-07,1.1215e-06,4.2302e-06,8.7168e-06,8.7053e-06,7.3873e-06,5.8404e-08,3.6741e-07,8.7685e-07,4.2479e-06,7.4613e-06,8.6242e-06,8.1667e-06
P58,30.00,180.00,0.00,0.00,6.2211e-08,3.7585e-07,1.0695e-06,4.0665e-06,8.4253e-06,8.4142e-06,7.0750e-06,6.2331e-08,3.4754e-07,8.3575e-07,4.0866e-06,7.2144e-06,8.3375e-06,7.8431e-06
P58,30.00,90.00,30.00,0.00,6.0423e-08,3.7565e-07,1.0693e-06,4.0663e-06,8.4252e-06,8.4141e-06,7.0750e-06,6.0545e-08,3.4734e-07,8.3557e-07,4.0864e-06,7.2143e-06,8.3374e-06,7.8430e-06
P58,30.00,90.00,0.00,0.00,6.2211e-08,3.7585e-07,1.0695e-06,4.0665e-06,8.4253e-06,8.4142e-06,7.0750e-06,6.2331e-08,3.4754e-07,8.3575e-07,4.0866e-06,7.2144e-06,8.3375e-06,7.8431e-06
P58,30.00,180.00,30.00,0.00,6.0382e-08,3.7564e-07,1.0693e-06,4.0663e-06,8.4252e-06,8.4141e-06,7.0750e-06,6.0504e-08,3.4733e-07,8.3556e-07,4.0864e-06,7.2143e-06,8.3374e-06,7.8430e-06
P58,30.00,90.00,60.00,0.00,5.2871e-08,3.7476e-07,1.0684e-06,4.0654e-06,8.4248e-06,8.4137e-06,7.0746e-06,5.2999e-08,3.4646e-07,8.3472e-07,4.0855e-06,7.2137e-06,8.3370e-06,7.8427e-06
P58,60.00,135.00,0.00,0.00,7.1350e-08,2.9831e-07,8.7025e-07,3.3188e-06,7.0822e-06,7.0727e-06,5.9051e-06,7.1325e-08,2.7513e-07,6.7965e-07,3.3431e-06,6.0469e-06,7.0092e-06,6.5435e-06
P58,30.00,0.00,30.00,0.00,6.0465e-08,3.7566e-07,1.0693e-06,4.0663e-06,8.4252e-06,8.4141e-06,7.0750e-06,6.0587e-08,3.4734e-07,8.3557e-07,4.0864e-06,7.2143e-06,8.3374e-06,7.8430e-06
P59,60.00,45.00,60.00,0.00,6.0535e-08,1.6462e-07,5.5774e-07,3.0364e-06,6.8160e-06,6.8055e-06,4.3569e-06,6.0063e-08,1.4929e-07,4.0373e-07,3.0844e-06,5.6886e-06,6.7467e-06,5.4130e-06
P59,60.00,135.00,60.00,0.00,5.9796e-08,1.6450e-07,5.5764e-07,3.0363e-06,6.8159e-06,6.8055e-06,4.3569e-06,5.9328e-08,1.4918e-07,4.0363e-07,3.0843e-06,5.6885e-06,6.7466e-06,5.4130e-06
P59,30.00,180.00,30.00,0.00,5.8523e-08,2.1498e-07,7.6721e-07,3.8803e-06,8.2822e-06,8.2702e-06,5.4872e-06,5.8244e-08,1.9383e-07,5.3622e-07,3.9224e-06,6.9827e-06,8.1938e-06,6.8068e-06
P59,60.00,0.00,30.00,0.00,6.8572e-08,1.6564e-07,5.5856e-07,3.0373e-06,6.8165e-06,6.8061e-06,4.3572e-06,6.8031e-08,1.5032e-07,4.0456e-07,3.0853e-06,5.6892e-06,6.7473e-06,5.4134e-06
P59,0.00,135.00,60.00,0.00,5.0718e-08,2.2903e-07,8.2954e-07,4.0634e-06,8.5882e-06,8.5759e-06,5.8012e-06,5.0542e-08,2.0618e-07,5.7505e-07,4.1019e-06,7.2520e-06,8.4948e-06,7.1529e-06
P59,60.00,180.00,0.00,0.00,7.0306e-08,1.6584e-07,5.5872e-07,3.0375e-06,6.8166e-06,6.8062e-06,4.3573e-06,6.9749e-08,1.5052e-07,4.0472e-07,3.0855e-06,5.6894e-06,6.7474e-06,5.4135e-06
P59,60.00,90.00,60.00,0.00,6.0173e-08,1.6456e-07,5.5769e-07,3.0364e-06,6.8159e-06,6.8055e-06,4.3569e-06,5.9703e-08,1.4924e-07,4.0368e-07,3.0843e-06,5.6885e-06,6.7467e-06,5.4130e-06
P59,0.00,45.00,30.00,0.00,5.6299e-08,2.2968e-07,8.3008e-07,4.0640e-06,8.5885e-06,8.5762e-06,5.8013e-06,5.6081e-08,2.0683e-07,5.7558e-07,4.1025e-06,7.2525e-06,8.4952e-06,7.1531e-06
P59,30.00,90.00,30.00,0.00,5.8556e-08,2.1499e-07,7.6721e-07,3.8803e-06,8.2822e-06,8.2702e-06,5.4872e-06,5.8276e-08,1.9384e-07,5.3623e-07,3.9224e-06,6.9827e-06,8.1938e-06,6.8068e-06
P59,0.00,180.00,30.00,0.00,5.6299e-08,2.2968e-07,8.3008e-07,4.0640e-06,8.5885e-06,8.5762e-06,5.8013e-06,5.6081e-08,2.0683e-07,5.7558e-07,4.1025e-06,7.2525e-06,8.4952e-06,7.1531e-06
P59,30.00,180.00,60.00,0.00,5.2302e-08,2.1424e-07,7.6661e-07,3.8796e-06,8.2818e-06,8.2698e-06,5.4870e-06,5.2070e-08,1.9309e-07,5.3562e-07,3.9217e-06,6.9822e-06,8.1934e-06,6.8065e-06
P59,0.00,90.00,30.00,0.00,5.6299e-08,2.2968e-07,8.3008e-07,4.0640e-06,8.5885e-06,8.5762e-06,5.8013e-06,5.6081e-08,2.0683e-07,5.7558e-07,4.1025e-06,7.2525e-06,8.4952e-06,7.1531e-06
P59,30.00,45.00,0.00,0.00,5.9965e-08,2.1514e-07,7.6734e-07,3.8804e-06,8.2823e-06,8.2703e-06,5.4872e-06,5.9674e-08,1.9399e-07,5.3635e-07,3.9225e-06,6.9828e-06,8.1939e-06,6.8068e-06
P59,0.00,45.00,60.00,0.00,5.0718e-08,2.2903e-07,8.2954e-07,4.0634e-06,8.5882e-06,8.5759e-06,5.8012e-06,5.0542e-08,2.0618e-07,5.7505e-07,4.1019e-06,7.2520e-06,8.4948e-06,7.1529e-06
P59,30.00,90.00,0.00,0.00,5.9965e-08,2.1514e-07,7.6734e-07,3.8804e-06,8.2823e-06,8.2703e-06,5.4872e-06,5.9674e-08,1.9399e-07,5.3635e-07,3.9225e-06,6.9828e-06,8.1939e-06,6.8068e-06
P59,60.00,90.00,0.00,0.00,7.0306e-08,1.6584e-07,5.5872e-07,3.0375e-06,6.8166e-06,6.8062e-06,4.3573e-06,6.9749e-08,1.5052e-07,4.0472e-07,3.0855e-06,5.6894e-06,6.7474e-06,5.4135e-06
P59,0.00,90.00,0.00,0.00,5.7591e-08,2.2982e-07,8.3019e-07,4.0641e-06,8.5886e-06,8.5763e-06,5.8014e-06,5.7361e-08,2.0697e-07,5.7569e-07,4.1026e-06,7.2526e-06,8.4952e-06,7.1532e-06
P59,30.00,45.00,60.00,0.00,5.2519e-08,2.1427e-07,7.6663e-07,3.8796e-06,8.2818e-06,8.2698e-06,5.4870e-06,5.2285e-08,1.9312e-07,5.3565e-07,3.9217e-06,6.9823e-06,8.1934e-06,6.8065e-06
P59,60.00,135.00,30.00,0.00,6.8347e-08,1.6561e-07,5.5853e-07,3.0373e-06,6.8165e-06,6.8061e-06,4.3572e-06,6.7807e-08,1.5029e-07,4.0454e-07,3.0853e-06,5.6892e-06,6.7472e-06,5.4134e-06
P59,30.00,180.00,0.00,0.00,5.9965e-08,2.1514e-07,7.6734e-07,3.8804e-06,8.2823e-06,8.2703e-06,5.4872e-06,5.9674e-08,1.9399e-07,5.3635e-07,3.9225e-06,6.9828e-06,8.1939e-06,6.8068e-06
P59,30.00,135.00,0.00,0.00,5.9965e-08,2.1514e-07,7.6734e-07,3.8804e-06,8.2823e-06,8.2703e-06,5.4872e-06,5.9674e-08,1.9399e-07,5.3635e-07,3.9225e-06,6.9828e-06,8.1939e-06,6.8068e-06
P59,30.00,135.00,60.00,0.00,5.2340e-08,2.1425e-07,7.6661e-07,3.8796e-06,8.2818e-06,8.2698e-06,5.4870e-06,5.2107e-08,1.9310e-07,5.3563e-07,3.9217e-06,6.9822e-06,8.1934e-06,6.8065e-06
P59,30.00,0.00,0.00,0.00,5.9965e-08,2.1514e-07,7.6734e-07,3.8804e-06,8.2823e-06,8.2703e-06,5.4872e-06,5.9674e-08,1.9399e-07,5.3635e-07,3.9225e-06,6.9828e-06,8.1939e-06,6.8068e-06
P59,60.00,180.00,30.00,0.00,6.8308e-08,1.6560e-07,5.5853e-07,3.0373e-06,6.8165e-06,6.8061e-06,4.3572e-06,6.7768e-08,1.5028e-07,4.0453e-07,3.0852e-06,5.6892e-06,6.7472e-06,5.4134e-06
P59,60.00,45.00,0.00,0.00,7.0306e-08,1.6584e-07,5.5872e-07,3.0375e-06,6.8166e-06,6.8062e-06,4.3573e-06,6.9749e-08,1.5052e-07,4.0472e-07,3.0855e-06,5.6894e-06,6.7474e-06,5.4135e-06
P59,30.00,90.00,60.00,0.00,5.2430e-08,2.1426e-07,7.6662e-07,3.8796e-06,8.2818e-06,8.2698e-06,5.4870e-06,5.2196e-08,1.9311e-07,5.3564e-07,3.9217e-06,6.9822e-06,8.1934e-06,6.8065e-06
P59,0.00,0.00,60.00,0.00,5.0718e-08,2.2903e-07,8.2954e-07,4.0634e-06,8.5882e-06,8.5759e-06,5.8012e-06,5.0542e-08,2.0618e-07,5.7505e-07,4.1019e-06,7.2520e-06,8.4948e-06,7.1529e-06
P59,60.00,45.00,30.00,0.00,6.8534e-08,1.6564e-07,5.5856e-07,3.0373e-06,6.8165e-06,6.8061e-06,4.3572e-06,6.7993e-08,1.5031e-07,4.0456e-07,3.0853e-06,5.6892e-06,6.7473e-06,5.4134e-06
P59,60.00,135.00,0.00,0.00,7.0306e-08,1.6584e-07,5.5872e-07,3.0375e-06,6.8166e-06,6.8062e-06,4.3573e-06,6.9749e-08,1.5052e-07,4.0472e-07,3.0855e-06,5.6894e-06,6.7474e-06,5.4135e-06
P59,60.00,90.00,30.00,0.00,6.8441e-08,1.6562e-07,5.5855e-07,3.0373e-06,6.8165e-06,6.8061e-06,4.3572e-06,6.7900e-08,1.5030e-07,4.0455e-07,3.0853e-06,5.6892e-06,6.7472e-06,5.4134e-06
P59,30.00,135.00,30.00,0.00,5.8533e-08,2.1498e-07,7.6721e-07,3.8803e-06,8.2822e-06,8.2702e-06,5.4872e-06,5.8253e-08,1.9383e-07,5.3622e-07,3.9224e-06,6.9827e-06,8.1938e-06,6.8068e-06
P59,60.00,180.00,60.00,0.00,5.9636e-08,1.6448e-07,5.5762e-07,3.0363e-06,6.8159e-06,6.8055e-06,4.3569e-06,5.9169e-08,1.4915e-07,4.0361e-07,3.0843e-06,5.6885e-06,6.7466e-06,5.4130e-06
P59,0.00,180.00,0.00,0.00,5.7591e-08,2.2982e-07,8.3019e-07,4.0641e-06,8.5886e-06,8.5763e-06,5.8014e-06,5.7361e-08,2.0697e-07,5.7569e-07,4.1026e-06,7.2526e-06,8.4952e-06,7.1532e-06
P59,0.00,135.00,0.00,0.00,5.7591e-08,2.2982e-07,8.3019e-07,4.0641e-06,8.5886e-06,8.5763e-06,5.8014e-06,5.7361e-08,2.0697e-07,5.7569e-07,4.1026e-06,7.2526e-06,8.4952e-06,7.1532e-06
P59,0.00,180.00,60.00,0.00,5.0718e-08,2.2903e-07,8.2954e-07,4.0634e-06,8.5882e-06,8.5759e-06,5.8012e-06,5.0542e-08,2.0618e-07,5.7505e-07,4.1019e-06,7.2520e-06,8.4948e-06,7.1529e-06
P59,30.00,0.00,60.00,0.00,5.2555e-08,2.1428e-07,7.6663e-07,3.8796e-06,8.2818e-06,8.2698e-06,5.4870e-06,5.2321e-08,1.9313e-07,5.3565e-07,3.9217e-06,6.9823e-06,8.1934e-06,6.8065e-06
P59,0.00,135.00,30.00,0.00,5.6299e-08,2.2968e-07,8.3008e-07,4.0640e-06,8.5885e-06,8.5762e-06,5.8013e-06,5.6081e-08,2.0683e-07,5.7558e-07,4.1025e-06,7.2525e-06,8.4952e-06,7.1531e-06
P59,60.00,0.00,0.00,0.00,7.0306e-08,1.6584e-07,5.5872e-07,3.0375e-06,6.8166e-06,6.8062e-06,4.3573e-06,6.9749e-08,1.5052e-07,4.0472e-07,3.0855e-06,5.6894e-06,6.7474e-06,5.4135e-06
P59,0.00,90.00,60.00,0.00,5.0718e-08,2.2903e-07,8.2954e-07,4.0634e-06,8.5882e-06,8.5759e-06,5.8012e-06,5.0542e-08,2.0618e-07,5.7505e-07,4.1019e-06,7.2520e-06,8.4948e-06,7.1529e-06
P59,0.00,45.00,0.00,0.00,5.7591e-08,2.2982e-07,8.3019e-07,4.0641e-06,8.5886e-06,8.5763e-06,5.8014e-06,5.7361e-08,2.0697e-07,5.7569e-07,4.1026e-06,7.2526e-06,8.4952e-06,7.1532e-06
P59,60.00,0.00,60.00,0.00,6.0682e-08,1.6464e-07,5.5775e-07,3.0365e-06,6.8160e-06,6.8055e-06,4.3570e-06,6.0208e-08,1.4932e-07,4.0374e-07,3.0844e-06,5.6886e-06,6.7467e-06,5.4130e-06
P59,30.00,45.00,30.00,0.00,5.8580e-08,2.1499e-07,7.6721e-07,3.8803e-06,8.2822e-06,8.2702e-06,5.4872e-06,5.8299e-08,1.9384e-07,5.3623e-07,3.9224e-06,6.9827e-06,8.1938e-06,6.8068e-06
P59,0.00,0.00,0.00,0.00,5.7591e-08,2.2982e-07,8.3019e-07,4.0641e-06,8.5886e-06,8.5763e-06,5.8014e-06,5.7361e-08,2.0697e-07,5.7569e-07,4.1026e-06,7.2526e-06,8.4952e-06,7.1532e-06
P59,0.00,0.00,30.00,0.00,5.6299e-08,2.2968e-07,8.3008e-07,4.0640e-06,8.5885e-06,8.5762e-06,5.8013e-06,5.6081e-08,2.0683e-07,5.7558e-07,4.1025e-06,7.2525e-06,8.4952e-06,7.1531e-06
P59,30.00,0.00,30.00,0.00,5.8589e-08,2.1499e-07,7.6721e-07,3.8803e-06,8.2822e-06,8.2702e-06,5.4872e-06,5.8309e-08,1.9384e-07,5.3623e-07,3.9224e-06,6.9827e-06,8.1938e-06,6.8068e-06
P60,60.00,135.00,30.00,0.00,6.4839e-08,2.0266e-07,6.4424e-07,3.3665e-06,7.1484e-06,7.1395e-06,5.7124e-06,6.4886e-08,1.8486e-07,4.7892e-07,3.4042e-06,6.1775e-06,7.0884e-06,6.4116e-06
P60,60.00,90.00,60.00,0.00,5.7124e-08,2.0197e-07,6.4348e-07,3.3657e-06,7.1481e-06,7.1391e-06,5.7122e-06,5.7174e-08,1.8418e-07,4.7820e-07,3.4034e-06,6.1770e-06,7.0880e-06,6.4113e-06
P60,60.00,0.00,60.00,0.00,5.7610e-08,2.0203e-07,6.4354e-07,3.3657e-06,7.1481e-06,7.1391e-06,5.7122e-06,5.7660e-08,1.8424e-07,4.7826e-07,3.4035e-06,6.1770e-06,7.0881e-06,6.4114e-06
P60,0.00,135.00,30.00,0.00,5.4675e-08,2.5834e-07,8.3598e-07,4.2227e-06,8.6750e-06,8.6642e-06,7.0877e-06,5.4890e-08,2.3507e-07,6.1421e-07,4.2530e-06,7.5105e-06,8.5978e-06,7.9269e-06
P60,30.00,180.00,30.00,0.00,5.6599e-08,2.4571e-07,7.9431e-07,4.0698e-06,8.4036e-06,8.3933e-06,6.8002e-06,5.6788e-08,2.2362e-07,5.8442e-07,4.1028e-06,7.2792e-06,8.3308e-06,7.6270e-06
P60,30.00,45.00,30.00,0.00,5.6658e-08,2.4572e-07,7.9431e-07,4.0698e-06,8.4036e-06,8.3933e-06,6.8002e-06,5.6847e-08,2.2363e-07,5.8443e-07,4.1028e-06,7.2792e-06,8.3308e-06,7.6270e-06
P60,30.00,45.00,60.00,0.00,5.0599e-08,2.4517e-07,7.9378e-07,4.0692e-06,8.4034e-06,8.3930e-06,6.8000e-06,5.0789e-08,2.2308e-07,5.8390e-07,4.1022e-06,7.2788e-06,8.3305e-06,7.6268e-06
P60,60.00,90.00,30.00,0.00,6.4932e-08,2.0267e-07,6.4425e-07,3.3665e-06,7.1484e-06,7.1395e-06,5.7124e-06,6.4979e-08,1.8487e-07,4.7893e-07,3.4043e-06,6.1775e-06,7.0884e-06,6.4116e-06
P60,0.00,180.00,30.00,0.00,5.4675e-08,2.5834e-07,8.3598e-07,4.2227e-06,8.6750e-06,8.6642e-06,7.0877e-06,5.4890e-08,2.3507e-07,6.1421e-07,4.2530e-06,7.5105e-06,8.5978e-06,7.9269e-06
P60,0.00,135.00,60.00,0.00,4.9030e-08,2.5782e-07,8.3548e-07,4.2221e-06,8.6747e-06,8.6640e-06,7.0875e-06,4.9247e-08,2.3456e-07,6.1372e-07,4.2525e-06,7.5102e-06,8.5976e-06,7.9267e-06
P60,30.00,90.00,60.00,0.00,5.0510e-08,2.4516e-07,7.9377e-07,4.0692e-06,8.4034e-06,8.3930e-06,6.8000e-06,5.0700e-08,2.2307e-07,5.8389e-07,4.1022e-06,7.2788e-06,8.3305e-06,7.6268e-06
P60,0.00,90.00,60.00,0.00,4.9030e-08,2.5782e-07,8.3548e-07,4.2221e-06,8.6747e-06,8.6640e-06,7.0875e-06,4.9247e-08,2.3456e-07,6.1372e-07,4.2525e-06,7.5102e-06,8.5976e-06,7.9267e-06
P60,60.00,180.00,60.00,0.00,5.6613e-08,2.0191e-07,6.4342e-07,3.3656e-06,7.1481e-06,7.1391e-06,5.7121e-06,5.6663e-08,1.8413e-07,4.7814e-07,3.4034e-06,6.1770e-06,7.0880e-06,6.4113e-06
P60,0.00,180.00,60.00,0.00,4.9030e-08,2.5782e-07,8.3548e-07,4.2221e-06,8.6747e-06,8.6640e-06,7.0875e-06,4.9247e-08,2.3456e-07,6.1372e-07,4.2525e-06,7.5102e-06,8.5976e-06,7.9267e-06
P60,0.00,0.00,60.00,0.00,4.9030e-08,2.5782e-07,8.3548e-07,4.2221e-06,8.6747e-06,8.6640e-06,7.0875e-06,4.9247e-08,2.3456e-07,6.1372e-07,4.2525e-06,7.5102e-06,8.5976e-06,7.9267e-06
P60,30.00,90.00,0.00,0.00,5.8073e-08,2.4585e-07,7.9443e-07,4.0699e-06,8.4037e-06,8.3933e-06,6.8003e-06,5.8261e-08,2.2375e-07,5.8454e-07,4.1030e-06,7.2793e-06,8.3308e-06,7.6271e-06
P60,60.00,180.00,30.00,0.00,6.4800e-08,2.0265e-07,6.4424e-07,3.3665e-06,7.1484e-06,7.1395e-06,5.7124e-06,6.4847e-08,1.8485e-07,4.7891e-07,3.4042e-06,6.1775e-06,7.0884e-06,6.4116e-06
P60,0.00,135.00,0.00,0.00,5.6011e-08,2.5846e-07,8.3608e-07,4.2228e-06,8.6750e-06,8.6643e-06,7.0878e-06,5.6225e-08,2.3519e-07,6.1432e-07,4.2532e-06,7.5106e-06,8.5979e-06,7.9269e-06
P60,30.00,180.00,0.00,0.00,5.8073e-08,2.4585e-07,7.9443e-07,4.0699e-06,8.4037e-06,8.3933e-06,6.8003e-06,5.8261e-08,2.2375e-07,5.8454e-07,4.1030e-06,7.2793e-06,8.3308e-06,7.6271e-06
P60,30.00,135.00,60.00,0.00,5.0419e-08,2.4515e-07,7.9375e-07,4.0692e-06,8.4034e-06,8.3930e-06,6.8000e-06,5.0609e-08,2.2305e-07,5.8388e-07,4.1022e-06,7.2788e-06,8.3305e-06,7.6268e-06
P60,0.00,180.00,0.00,0.00,5.6011e-08,2.5846e-07,8.3608e-07,4.2228e-06,8.6750e-06,8.6643e-06,7.0878e-06,5.6225e-08,2.3519e-07,6.1432e-07,4.2532e-06,7.5106e-06,8.5979e-06,7.9269e-06
P60,0.00,45.00,0.00,0.00,5.6011e-08,2.5846e-07,8.3608e-07,4.2228e-06,8.6750e-06,8.6643e-06,7.0878e-06,5.6225e-08,2.3519e-07,6.1432e-07,4.2532e-06,7.5106e-06,8.5979e-06,7.9269e-06
P60,0.00,90.00,30.00,0.00,5.4675e-08,2.5834e-07,8.3598e-07,4.2227e-06,8.6750e-06,8.6642e-06,7.0877e-06,5.4890e-08,2.3507e-07,6.1421e-07,4.2530e-06,7.5105e-06,8.5978e-06,7.9269e-06
P60,30.00,0.00,60.00,0.00,5.0636e-08,2.4517e-07,7.9378e-07,4.0692e-06,8.4034e-06,8.3930e-06,6.8000e-06,5.0826e-08,2.2308e-07,5.8390e-07,4.1022e-06,7.2788e-06,8.3305e-06,7.6268e-06
P60,30.00,135.00,0.00,0.00,5.8073e-08,2.4585e-07,7.9443e-07,4.0699e-06,8.4037e-06,8.3933e-06,6.8003e-06,5.8261e-08,2.2375e-07,5.8454e-07,4.1030e-06,7.2793e-06,8.3308e-06,7.6271e-06
P60,0.00,45.00,30.00,0.00,5.4675e-08,2.5834e-07,8.3598e-07,4.2227e-06,8.6750e-06,8.6642e-06,7.0877e-06,5.4890e-08,2.3507e-07,6.1421e-07,4.2530e-06,7.5105e-06,8.5978e-06,7.9269e-06
P60,0.00,45.00,60.00,0.00,4.9030e-08,2.5782e-07,8.3548e-07,4.2221e-06,8.6747e-06,8.6640e-06,7.0875e-06,4.9247e-08,2.3456e-07,6.1372e-07,4.2525e-06,7.5102e-06,8.5976e-06,7.9267e-06
P60,60.00,45.00,30.00,0.00,6.5025e-08,2.0268e-07,6.4426e-07,3.3665e-06,7.1484e-06,7.1395e-06,5.7124e-06,6.5072e-08,1.8488e-07,4.7894e-07,3.4043e-06,6.1775e-06,7.0884e-06,6.4116e-06
P60,60.00,180.00,0.00,0.00,6.6719e-08,2.0282e-07,6.4441e-07,3.3666e-06,7.1485e-06,7.1395e-06,5.7125e-06,6.6765e-08,1.8502e-07,4.7908e-07,3.4044e-06,6.1776e-06,7.0885e-06,6.4117e-06
P60,60.00,135.00,60.00,0.00,5.6765e-08,2.0193e-07,6.4344e-07,3.3656e-06,7.1481e-06,7.1391e-06,5.7121e-06,5.6816e-08,1.8414e-07,4.7816e-07,3.4034e-06,6.1770e-06,7.0880e-06,6.4113e-06
P60,60.00,45.00,60.00,0.00,5.7470e-08,2.0201e-07,6.4353e-07,3.3657e-06,7.1481e-06,7.1391e-06,5.7122e-06,5.7520e-08,1.8422e-07,4.7824e-07,3.4035e-06,6.1770e-06,7.0880e-06,6.4113e-06
P60,30.00,90.00,30.00,0.00,5.6634e-08,2.4572e-07,7.9431e-07,4.0698e-06,8.4036e-06,8.3933e-06,6.8002e-06,5.6823e-08,2.2362e-07,5.8442e-07,4.1028e-06,7.2792e-06,8.3308e-06,7.6270e-06
P60,30.00,45.00,0.00,0.00,5.8073e-08,2.4585e-07,7.9443e-07,4.0699e-06,8.4037e-06,8.3933e-06,6.8003e-06,5.8261e-08,2.2375e-07,5.8454e-07,4.1030e-06,7.2793e-06,8.3308e-06,7.6271e-06
P60,60.00,0.00,0.00,0.00,6.6719e-08,2.0282e-07,6.4441e-07,3.3666e-06,7.1485e-06,7.1395e-06,5.7125e-06,6.6765e-08,1.8502e-07,4.7908e-07,3.4044e-06,6.1776e-06,7.0885e-06,6.4117e-06
P60,0.00,0.00,30.00,0.00,5.4675e-08,2.5834e-07,8.3598e-07,4.2227e-06,8.6750e-06,8.6642e-06,7.0877e-06,5.4890e-08,2.3507e-07,6.1421e-07,4.2530e-06,7.5105e-06,8.5978e-06,7.9269e-06
P60,60.00,0.00,30.00,0.00,6.5063e-08,2.0268e-07,6.4427e-07,3.3665e-06,7.1484e-06,7.1395e-06,5.7124e-06,6.5110e-08,1.8488e-07,4.7894e-07,3.4043e-06,6.1775e-06,7.0884e-06,6.4116e-06
P60,30.00,0.00,0.00,0.00,5.8073e-08,2.4585e-07,7.9443e-07,4.0699e-06,8.4037e-06,8.3933e-06,6.8003e-06,5.8261e-08,2.2375e-07,5.8454e-07,4.1030e-06,7.2793e-06,8.3308e-06,7.6271e-06
P60,60.00,45.00,0.00,0.00,6.6719e-08,2.0282e-07,6.4441e-07,3.3666e-06,7.1485e-06,7.1395e-06,5.7125e-06,6.6765e-08,1.8502e-07,4.7908e-07,3.4044e-06,6.1776e-06,7.0885e-06,6.4117e-06
P60,30.00,135.00,30.00,0.00,5.6609e-08,2.4572e-07,7.9431e-07,4.0698e-06,8.4036e-06,8.3933e-06,6.8002e-06,5.6798e-08,2.2362e-07,5.8442e-07,4.1028e-06,7.2792e-06,8.3308e-06,7.6270e-06
P60,0.00,90.00,0.00,0.00,5.6011e-08,2.5846e-07,8.3608e-07,4.2228e-06,8.6750e-06,8.6643e-06,7.0878e-06,5.6225e-08,2.3519e-07,6.1432e-07,4.2532e-06,7.5106e-06,8.5979e-06,7.9269e-06
P60,60.00,90.00,0.00,0.00,6.6719e-08,2.0282e-07,6.4441e-07,3.3666e-06,7.1485e-06,7.1395e-06,5.7125e-06,6.6765e-08,1.8502e-07,4.7908e-07,3.4044e-06,6.1776e-06,7.0885e-06,6.4117e-06
P60,30.00,0.00,30.00,0.00,5.6669e-08,2.4572e-07,7.9432e-07,4.0698e-06,8.4036e-06,8.3933e-06,6.8002e-06,5.6858e-08,2.2363e-07,5.8443e-07,4.1029e-06,7.2792e-06,8.3308e-06,7.6270e-06
P60,0.00,0.00,0.00,0.00,5.6011e-08,2.5846e-07,8.3608e-07,4.2228e-06,8.6750e-06,8.6643e-06,7.0878e-06,5.6225e-08,2.3519e-07,6.1432e-07,4.2532e-06,7.5106e-06,8.5979e-06,7.9269e-06
P60,60.00,135.00,0.00,0.00,6.6719e-08,2.0282e-07,6.4441e-07,3.3666e-06,7.1485e-06,7.1395e-06,5.7125e-06,6.6765e-08,1.8502e-07,4.7908e-07,3.4044e-06,6.1776e-06,7.0885e-06,6.4117e-06
P60,30.00,180.00,60.00,0.00,5.0382e-08,2.4514e-07,7.9375e-07,4.0692e-06,8.4034e-06,8.3930e-06,6.8000e-06,5.0572e-08,2.2305e-07,5.8387e-07,4.1022e-06,7.2788e-06,8.3305e-06,7.6268e-06
P61,30.00,45.00,30.00,0.00,5.9777e-08,1.9718e-07,6.9724e-07,3.8213e-06,8.2843e-06,8.2723e-06,5.4849e-06,5.9481e-08,1.7752e-07,4.9336e-07,3.8805e-06,6.9900e-06,8.1982e-06,6.7842e-06
P61,30.00,90.00,0.00,0.00,6.1556e-08,1.9734e-07,6.9736e-07,3.8215e-06,8.2843e-06,8.2724e-06,5.4849e-06,6.1234e-08,1.7767e-07,4.9348e-07,3.8806e-06,6.9901e-06,8.1982e-06,6.7843e-06
P61,30.00,135.00,30.00,0.00,5.9723e-08,1.9717e-07,6.9723e-07,3.8213e-06,8.2843e-06,8.2723e-06,5.4849e-06,5.9427e-08,1.7751e-07,4.9335e-07,3.8805e-06,6.9900e-06,8.1981e-06,6.7842e-06
P61,30.00,135.00,0.00,0.00,6.1556e-08,1.9734e-07,6.9736e-07,3.8215e-06,8.2843e-06,8.2724e-06,5.4849e-06,6.1234e-08,1.7767e-07,4.9348e-07,3.8806e-06,6.9901e-06,8.1982e-06,6.7843e-06
P61,30.00,45.00,60.00,0.00,5.2667e-08,1.9643e-07,6.9665e-07,3.8207e-06,8.2839e-06,8.2720e-06,5.4847e-06,5.2453e-08,1.7676e-07,4.9276e-07,3.8798e-06,6.9895e-06,8.1978e-06,6.7840e-06
P61,60.00,45.00,30.00,0.00,6.9604e-08,1.5666e-07,5.2741e-07,2.9860e-06,6.8544e-06,6.8439e-06,4.3865e-06,6.9090e-08,1.4197e-07,3.8433e-07,3.0503e-06,5.7225e-06,6.7860e-06,5.4273e-06
P61,60.00,90.00,60.00,0.00,6.0133e-08,1.5555e-07,5.2652e-07,2.9851e-06,6.8538e-06,6.8433e-06,4.3862e-06,5.9716e-08,1.4086e-07,3.8342e-07,3.0493e-06,5.7218e-06,6.7854e-06,5.4270e-06
P61,0.00,90.00,30.00,0.00,5.7505e-08,2.0952e-07,7.4870e-07,4.0057e-06,8.5862e-06,8.5739e-06,5.7937e-06,5.7261e-08,1.8842e-07,5.2566e-07,4.0612e-06,7.2565e-06,8.4952e-06,7.1256e-06
P61,0.00,90.00,0.00,0.00,5.9184e-08,2.0966e-07,7.4881e-07,4.0058e-06,8.5862e-06,8.5740e-06,5.7938e-06,5.8914e-08,1.8856e-07,5.2577e-07,4.0614e-06,7.2566e-06,8.4953e-06,7.1256e-06
P61,0.00,45.00,0.00,0.00,5.9184e-08,2.0966e-07,7.4881e-07,4.0058e-06,8.5862e-06,8.5740e-06,5.7938e-06,5.8914e-08,1.8856e-07,5.2577e-07,4.0614e-06,7.2566e-06,8.4953e-06,7.1256e-06
P61,30.00,180.00,30.00,0.00,5.9712e-08,1.9717e-07,6.9723e-07,3.8213e-06,8.2843e-06,8.2723e-06,5.4849e-06,5.9416e-08,1.7751e-07,4.9335e-07,3.8805e-06,6.9900e-06,8.1981e-06,6.7842e-06
P61,60.00,0.00,0.00,0.00,7.1790e-08,1.5687e-07,5.2757e-07,2.9862e-06,6.8545e-06,6.8440e-06,4.3865e-06,7.1250e-08,1.4218e-07,3.8450e-07,3.0505e-06,5.7227e-06,6.7861e-06,5.4274e-06
P61,60.00,180.00,60.00,0.00,5.9581e-08,1.5546e-07,5.2645e-07,2.9850e-06,6.8538e-06,6.8433e-06,4.3862e-06,5.9168e-08,1.4077e-07,3.8334e-07,3.0492e-06,5.7218e-06,6.7854e-06,5.4269e-06
P61,60.00,0.00,30.00,0.00,6.9646e-08,1.5666e-07,5.2741e-07,2.9860e-06,6.8544e-06,6.8439e-06,4.3865e-06,6.9131e-08,1.4198e-07,3.8433e-07,3.0503e-06,5.7225e-06,6.7860e-06,5.4273e-06
P61,0.00,135.00,60.00,0.00,5.0896e-08,2.0883e-07,7.4816e-07,4.0051e-06,8.5858e-06,8.5736e-06,5.7936e-06,5.0733e-08,1.8773e-07,5.2511e-07,4.0606e-06,7.2560e-06,8.4949e-06,7.1254e-06
P61,60.00,135.00,30.00,0.00,6.9402e-08,1.5663e-07,5.2739e-07,2.9860e-06,6.8544e-06,6.8439e-06,4.3865e-06,6.8890e-08,1.4194e-07,3.8431e-07,3.0503e-06,5.7225e-06,6.7860e-06,5.4273e-06
P61,0.00,90.00,60.00,0.00,5.0896e-08,2.0883e-07,7.4816e-07,4.0051e-06,8.5858e-06,8.5736e-06,5.7936e-06,5.0733e-08,1.8773e-07,5.2511e-07,4.0606e-06,7.2560e-06,8.4949e-06,7.1254e-06
P61,60.00,45.00,0.00,0.00,7.1790e-08,1.5687e-07,5.2757e-07,2.9862e-06,6.8545e-06,6.8440e-06,4.3865e-06,7.1250e-08,1.4218e-07,3.8450e-07,3.0505e-06,5.7227e-06,6.7861e-06,5.4274e-06
P61,0.00,180.00,0.00,0.00,5.9184e-08,2.0966e-07,7.4881e-07,4.0058e-06,8.5862e-06,8.5740e-06,5.7938e-06,5.8914e-08,1.8856e-07,5.2577e-07,4.0614e-06,7.2566e-06,8.4953e-06,7.1256e-06
P61,60.00,180.00,30.00,0.00,6.9360e-08,1.5662e-07,5.2738e-07,2.9860e-06,6.8544e-06,6.8439e-06,4.3865e-06,6.8848e-08,1.4194e-07,3.8430e-07,3.0503e-06,5.7225e-06,6.7860e-06,5.4273e-06
P61,0.00,0.00,0.00,0.00,5.9184e-08,2.0966e-07,7.4881e-07,4.0058e-06,8.5862e-06,8.5740e-06,5.7938e-06,5.8914e-08,1.8856e-07,5.2577e-07,4.0614e-06,7.2566e-06,8.4953e-06,7.1256e-06
P61,60.00,90.00,30.00,0.00,6.9503e-08,1.5664e-07,5.2740e-07,2.9860e-06,6.8544e-06,6.8439e-06,4.3865e-06,6.8990e-08,1.4196e-07,3.8432e-07,3.0503e-06,5.7225e-06,6.7860e-06,5.4273e-06
P61,30.00,0.00,30.00,0.00,5.9788e-08,1.9718e-07,6.9724e-07,3.8213e-06,8.2843e-06,8.2723e-06,5.4849e-06,5.9492e-08,1.7752e-07,4.9336e-07,3.8805e-06,6.9900e-06,8.1982e-06,6.7842e-06
P61,0.00,45.00,30.00,0.00,5.7505e-08,2.0952e-07,7.4870e-07,4.0057e-06,8.5862e-06,8.5739e-06,5.7937e-06,5.7261e-08,1.8842e-07,5.2566e-07,4.0612e-06,7.2565e-06,8.4952e-06,7.1256e-06
P61,0.00,0.00,30.00,0.00,5.7505e-08,2.0952e-07,7.4870e-07,4.0057e-06,8.5862e-06,8.5739e-06,5.7937e-06,5.7261e-08,1.8842e-07,5.2566e-07,4.0612e-06,7.2565e-06,8.4952e-06,7.1256e-06
P61,30.00,90.00,30.00,0.00,5.9750e-08,1.9718e-07,6.9723e-07,3.8213e-06,8.2843e-06,8.2723e-06,5.4849e-06,5.9454e-08,1.7751e-07,4.9336e-07,3.8805e-06,6.9900e-06,8.1982e-06,6.7842e-06
P61,30.00,180.00,60.00,0.00,5.2436e-08,1.9640e-07,6.9662e-07,3.8207e-06,8.2839e-06,8.2720e-06,5.4847e-06,5.2225e-08,1.7673e-07,4.9273e-07,3.8798e-06,6.9895e-06,8.1978e-06,6.7840e-06
P61,30.00,180.00,0.00,0.00,6.1556e-08,1.9734e-07,6.9736e-07,3.8215e-06,8.2843e-06,8.2724e-06,5.4849e-06,6.1234e-08,1.7767e-07,4.9348e-07,3.8806e-06,6.9901e-06,8.1982e-06,6.7843e-06
P61,30.00,0.00,0.00,0.00,6.1556e-08,1.9734e-07,6.9736e-07,3.8215e-06,8.2843e-06,8.2724e-06,5.4849e-06,6.1234e-08,1.7767e-07,4.9348e-07,3.8806e-06,6.9901e-06,8.1982e-06,6.7843e-06
P61,0.00,135.00,0.00,0.00,5.9184e-08,2.0966e-07,7.4881e-07,4.0058e-06,8.5862e-06,8.5740e-06,5.7938e-06,5.8914e-08,1.8856e-07,5.2577e-07,4.0614e-06,7.2566e-06,8.4953e-06,7.1256e-06
P61,60.00,180.00,0.00,0.00,7.1790e-08,1.5687e-07,5.2757e-07,2.9862e-06,6.8545e-06,6.8440e-06,4.3865e-06,7.1250e-08,1.4218e-07,3.8450e-07,3.0505e-06,5.7227e-06,6.7861e-06,5.4274e-06
P61,0.00,180.00,60.00,0.00,5.0896e-08,2.0883e-07,7.4816e-07,4.0051e-06,8.5858e-06,8.5736e-06,5.7936e-06,5.0733e-08,1.8773e-07,5.2511e-07,4.0606e-06,7.2560e-06,8.4949e-06,7.1254e-06
P61,0.00,45.00,60.00,0.00,5.0896e-08,2.0883e-07,7.4816e-07,4.0051e-06,8.5858e-06,8.5736e-06,5.7936e-06,5.0733e-08,1.8773e-07,5.2511e-07,4.0606e-06,7.2560e-06,8.4949e-06,7.1254e-06
P61,0.00,135.00,30.00,0.00,5.7505e-08,2.0952e-07,7.4870e-07,4.0057e-06,8.5862e-06,8.5739e-06,5.7937e-06,5.7261e-08,1.8842e-07,5.2566e-07,4.0612e-06,7.2565e-06,8.4952e-06,7.1256e-06
P61,30.00,0.00,60.00,0.00,5.2706e-08,1.9644e-07,6.9666e-07,3.8207e-06,8.2839e-06,8.2720e-06,5.4847e-06,5.2492e-08,1.7677e-07,4.9276e-07,3.8798e-06,6.9895e-06,8.1978e-06,6.7840e-06
P61,60.00,135.00,60.00,0.00,5.9746e-08,1.5549e-07,5.2647e-07,2.9850e-06,6.8538e-06,6.8433e-06,4.3862e-06,5.9332e-08,1.4080e-07,3.8336e-07,3.0493e-06,5.7218e-06,6.7854e-06,5.4269e-06
P61,30.00,45.00,0.00,0.00,6.1556e-08,1.9734e-07,6.9736e-07,3.8215e-06,8.2843e-06,8.2724e-06,5.4849e-06,6.1234e-08,1.7767e-07,4.9348e-07,3.8806e-06,6.9901e-06,8.1982e-06,6.7843e-06
P61,30.00,90.00,60.00,0.00,5.2572e-08,1.9642e-07,6.9664e-07,3.8207e-06,8.2839e-06,8.2720e-06,5.4847e-06,5.2359e-08,1.7675e-07,4.9275e-07,3.8798e-06,6.9895e-06,8.1978e-06,6.7840e-06
P61,60.00,0.00,60.00,0.00,6.0658e-08,1.5563e-07,5.2659e-07,2.9851e-06,6.8539e-06,6.8434e-06,4.3862e-06,6.0237e-08,1.4094e-07,3.8348e-07,3.0494e-06,5.7219e-06,6.7855e-06,5.4270e-06
P61,30.00,135.00,60.00,0.00,5.2476e-08,1.9640e-07,6.9663e-07,3.8207e-06,8.2839e-06,8.2720e-06,5.4847e-06,5.2264e-08,1.7673e-07,4.9274e-07,3.8798e-06,6.9895e-06,8.1978e-06,6.7840e-06
P61,60.00,135.00,0.00,0.00,7.1790e-08,1.5687e-07,5.2757e-07,2.9862e-06,6.8545e-06,6.8440e-06,4.3865e-06,7.1250e-08,1.4218e-07,3.8450e-07,3.0505e-06,5.7227e-06,6.7861e-06,5.4274e-06
P61,60.00,45.00,60.00,0.00,6.0507e-08,1.5561e-07,5.2657e-07,2.9851e-06,6.8539e-06,6.8434e-06,4.3862e-06,6.0087e-08,1.4092e-07,3.8346e-07,3.0494e-06,5.7218e-06,6.7855e-06,5.4270e-06
P61,60.00,90.00,0.00,0.00,7.1790e-08,1.5687e-07,5.2757e-07,2.9862e-06,6.8545e-06,6.8440e-06,4.3865e-06,7.1250e-08,1.4218e-07,3.8450e-07,3.0505e-06,5.7227e-06,6.7861e-06,5.4274e-06
P61,0.00,180.00,30.00,0.00,5.7505e-08,2.0952e-07,7.4870e-07,4.0057e-06,8.5862e-06,8.5739e-06,5.7937e-06,5.7261e-08,1.8842e-07,5.2566e-07,4.0612e-06,7.2565e-06,8.4952e-06,7.1256e-06
P61,0.00,0.00,60.00,0.00,5.0896e-08,2.0883e-07,7.4816e-07,4.0051e-06,8.5858e-06,8.5736e-06,5.7936e-06,5.0733e-08,1.8773e-07,5.2511e-07,4.0606e-06,7.2560e-06,8.4949e-06,7.1254e-06
P62,60.00,90.00,30.00,0.00,6.8400e-08,2.6893e-07,7.9099e-07,3.4570e-06,7.3657e-06,7.3562e-06,6.2286e-06,6.8443e-08,2.4756e-07,6.1004e-07,3.4851e-06,6.3289e-06,7.2951e-06,6.8314e-06
P62,0.00,90.00,0.00,0.00,5.9277e-08,3.2636e-07,9.7648e-07,4.3129e-06,8.9031e-06,8.8916e-06,7.6233e-06,5.9478e-08,2.9983e-07,7.3835e-07,4.3346e-06,7.6523e-06,8.8135e-06,8.3608e-06
P62,60.00,135.00,60.00,0.00,5.9014e-08,2.6848e-07,7.9012e-07,3.4559e-06,7.3652e-06,7.3557e-06,6.2283e-06,5.9058e-08,2.4714e-07,6.0936e-07,3.4839e-06,6.3282e-06,7.2945e-06,6.8310e-06
P62,30.00,90.00,0.00,0.00,6.1522e-08,3.1353e-07,9.3484e-07,4.1597e-06,8.6300e-06,8.6190e-06,7.3290e-06,6.1698e-08,2.8815e-07,7.0934e-07,4.1838e-06,7.4235e-06,8.5453e-06,8.0558e-06
P62,30.00,135.00,60.00,0.00,5.2476e-08,3.1302e-07,9.3400e-07,4.1587e-06,8.6296e-06,8.6185e-06,7.3287e-06,5.2647e-08,2.8767e-07,7.0864e-07,4.1827e-06,7.4229e-06,8.5448e-06,8.0554e-06
P62,0.00,0.00,30.00,0.00,5.7705e-08,3.2626e-07,9.7633e-07,4.3128e-06,8.9030e-06,8.8915e-06,7.6232e-06,5.7905e-08,2.9974e-07,7.3823e-07,4.3344e-06,7.6522e-06,8.8135e-06,8.3607e-06
P62,60.00,180.00,30.00,0.00,6.8251e-08,2.6892e-07,7.9097e-07,3.4570e-06,7.3657e-06,7.3562e-06,6.2286e-06,6.8293e-08,2.4755e-07,6.1003e-07,3.4851e-06,6.3289e-06,7.2951e-06,6.8314e-06
P62,0.00,0.00,60.00,0.00,5.0993e-08,3.2587e-07,9.7571e-07,4.3120e-06,8.9026e-06,8.8912e-06,7.6230e-06,5.1188e-08,2.9937e-07,7.3770e-07,4.3336e-06,7.6517e-06,8.8131e-06,8.3604e-06
P62,60.00,90.00,0.00,0.00,7.0442e-08,2.6903e-07,7.9117e-07,3.4573e-06,7.3658e-06,7.3563e-06,6.2287e-06,7.0484e-08,2.4765e-07,6.1019e-07,3.4853e-06,6.3290e-06,7.2952e-06,6.8315e-06
P62,30.00,45.00,60.00,0.00,5.2682e-08,3.1303e-07,9.3402e-07,4.1587e-06,8.6296e-06,8.6185e-06,7.3287e-06,5.2852e-08,2.8768e-07,7.0866e-07,4.1827e-06,7.4230e-06,8.5448e-06,8.0554e-06
P62,0.00,45.00,30.00,0.00,5.7705e-08,3.2626e-07,9.7633e-07,4.3128e-06,8.9030e-06,8.8915e-06,7.6232e-06,5.7905e-08,2.9974e-07,7.3823e-07,4.3344e-06,7.6522e-06,8.8135e-06,8.3607e-06
P62,60.00,0.00,30.00,0.00,6.8548e-08,2.6894e-07,7.9100e-07,3.4571e-06,7.3657e-06,7.3562e-06,6.2286e-06,6.8590e-08,2.4757e-07,6.1005e-07,3.4851e-06,6.3289e-06,7.2951e-06,6.8314e-06
P62,0.00,180.00,0.00,0.00,5.9277e-08,3.2636e-07,9.7648e-07,4.3129e-06,8.9031e-06,8.8916e-06,7.6233e-06,5.9478e-08,2.9983e-07,7.3835e-07,4.3346e-06,7.6523e-06,8.8135e-06,8.3608e-06
P62,0.00,0.00,0.00,0.00,5.9277e-08,3.2636e-07,9.7648e-07,4.3129e-06,8.9031e-06,8.8916e-06,7.6233e-06,5.9478e-08,2.9983e-07,7.3835e-07,4.3346e-06,7.6523e-06,8.8135e-06,8.3608e-06
P62,60.00,45.00,0.00,0.00,7.0442e-08,2.6903e-07,7.9117e-07,3.4573e-06,7.3658e-06,7.3563e-06,6.2287e-06,7.0484e-08,2.4765e-07,6.1019e-07,3.4853e-06,6.3290e-06,7.2952e-06,6.8315e-06
P62,30.00,45.00,0.00,0.00,6.1522e-08,3.1353e-07,9.3484e-07,4.1597e-06,8.6300e-06,8.6190e-06,7.3290e-06,6.1698e-08,2.8815e-07,7.0934e-07,4.1838e-06,7.4235e-06,8.5453e-06,8.0558e-06
P62,30.00,45.00,30.00,0.00,5.9862e-08,3.1343e-07,9.3469e-07,4.1595e-06,8.6299e-06,8.6189e-06,7.3290e-06,6.0036e-08,2.8806e-07,7.0921e-07,4.1836e-06,7.4234e-06,8.5452e-06,8.0557e-06
P62,0.00,180.00,30.00,0.00,5.7705e-08,3.2626e-07,9.7633e-07,4.3128e-06,8.9030e-06,8.8915e-06,7.6232e-06,5.7905e-08,2.9974e-07,7.3823e-07,4.3344e-06,7.6522e-06,8.8135e-06,8.3607e-06
P62,60.00,0.00,60.00,0.00,5.9951e-08,2.6853e-07,7.9022e-07,3.4560e-06,7.3652e-06,7.3557e-06,6.2283e-06,5.9996e-08,2.4719e-07,6.0944e-07,3.4840e-06,6.3283e-06,7.2946e-06,6.8310e-06
P62,60.00,0.00,0.00,0.00,7.0442e-08,2.6903e-07,7.9117e-07,3.4573e-06,7.3658e-06,7.3563e-06,6.2287e-06,7.0484e-08,2.4765e-07,6.1019e-07,3.4853e-06,6.3290e-06,7.2952e-06,6.8315e-06
P62,60.00,90.00,60.00,0.00,5.9411e-08,2.6850e-07,7.9016e-07,3.4559e-06,7.3652e-06,7.3557e-06,6.2283e-06,5.9456e-08,2.4716e-07,6.0939e-07,3.4840e-06,6.3282e-06,7.2946e-06,6.8310e-06
P62,30.00,90.00,60.00,0.00,5.2579e-08,3.1302e-07,9.3401e-07,4.1587e-06,8.6296e-06,8.6185e-06,7.3287e-06,5.2750e-08,2.8768e-07,7.0865e-07,4.1827e-06,7.4230e-06,8.5448e-06,8.0554e-06
P62,30.00,0.00,60.00,0.00,5.2724e-08,3.1303e-07,9.3403e-07,4.1587e-06,8.6296e-06,8.6185e-06,7.3287e-06,5.2894e-08,2.8769e-07,7.0866e-07,4.1828e-06,7.4230e-06,8.5448e-06,8.0554e-06
P62,0.00,135.00,30.00,0.00,5.7705e-08,3.2626e-07,9.7633e-07,4.3128e-06,8.9030e-06,8.8915e-06,7.6232e-06,5.7905e-08,2.9974e-07,7.3823e-07,4.3344e-06,7.6522e-06,8.8135e-06,8.3607e-06
P62,60.00,45.00,60.00,0.00,5.9796e-08,2.6852e-07,7.9021e-07,3.4560e-06,7.3652e-06,7.3557e-06,6.2283e-06,5.9840e-08,2.4718e-07,6.0943e-07,3.4840e-06,6.3283e-06,7.2946e-06,6.8310e-06
P62,0.00,45.00,0.00,0.00,5.9277e-08,3.2636e-07,9.7648e-07,4.3129e-06,8.9031e-06,8.8916e-06,7.6233e-06,5.9478e-08,2.9983e-07,7.3835e-07,4.3346e-06,7.6523e-06,8.8135e-06,8.3608e-06
P62,0.00,90.00,60.00,0.00,5.0993e-08,3.2587e-07,9.7571e-07,4.3120e-06,8.9026e-06,8.8912e-06,7.6230e-06,5.1188e-08,2.9937e-07,7.3770e-07,4.3336e-06,7.6517e-06,8.8131e-06,8.3604e-06
P62,30.00,180.00,60.00,0.00,5.2434e-08,3.1301e-07,9.3400e-07,4.1586e-06,8.6296e-06,8.6185e-06,7.3287e-06,5.2604e-08,2.8767e-07,7.0863e-07,4.1827e-06,7.4229e-06,8.5448e-06,8.0554e-06
P62,0.00,45.00,60.00,0.00,5.0993e-08,3.2587e-07,9.7571e-07,4.3120e-06,8.9026e-06,8.8912e-06,7.6230e-06,5.1188e-08,2.9937e-07,7.3770e-07,4.3336e-06,7.6517e-06,8.8131e-06,8.3604e-06
P62,30.00,0.00,0.00,0.00,6.1522e-08,3.1353e-07,9.3484e-07,4.1597e-06,8.6300e-06,8.6190e-06,7.3290e-06,6.1698e-08,2.8815e-07,7.0934e-07,4.1838e-06,7.4235e-06,8.5453e-06,8.0558e-06
P62,30.00,180.00,0.00,0.00,6.1522e-08,3.1353e-07,9.3484e-07,4.1597e-06,8.6300e-06,8.6190e-06,7.3290e-06,6.1698e-08,2.8815e-07,7.0934e-07,4.1838e-06,7.4235e-06,8.5453e-06,8.0558e-06
P62,0.00,135.00,0.00,0.00,5.9277e-08,3.2636e-07,9.7648e-07,4.3129e-06,8.9031e-06,8.8916e-06,7.6233e-06,5.9478e-08,2.9983e-07,7.3835e-07,4.3346e-06,7.6523e-06,8.8135e-06,8.3608e-06
P62,30.00,135.00,0.00,0.00,6.1522e-08,3.1353e-07,9.3484e-07,4.1597e-06,8.6300e-06,8.6190e-06,7.3290e-06,6.1698e-08,2.8815e-07,7.0934e-07,4.1838e-06,7.4235e-06,8.5453e-06,8.0558e-06
P62,0.00,135.00,60.00,0.00,5.0993e-08,3.2587e-07,9.7571e-07,4.3120e-06,8.9026e-06,8.8912e-06,7.6230e-06,5.1188e-08,2.9937e-07,7.3770e-07,4.3336e-06,7.6517e-06,8.8131e-06,8.3604e-06
P62,60.00,180.00,0.00,0.00,7.0442e-08,2.6903e-07,7.9117e-07,3.4573e-06,7.3658e-06,7.3563e-06,6.2287e-06,7.0484e-08,2.4765e-07,6.1019e-07,3.4853e-06,6.3290e-06,7.2952e-06,6.8315e-06
P62,30.00,180.00,30.00,0.00,5.9793e-08,3.1342e-07,9.3468e-07,4.1595e-06,8.6299e-06,8.6189e-06,7.3290e-06,5.9967e-08,2.8805e-07,7.0920e-07,4.1836e-06,7.4234e-06,8.5452e-06,8.0557e-06
P62,0.00,180.00,60.00,0.00,5.0993e-08,3.2587e-07,9.7571e-07,4.3120e-06,8.9026e-06,8.8912e-06,7.6230e-06,5.1188e-08,2.9937e-07,7.3770e-07,4.3336e-06,7.6517e-06,8.8131e-06,8.3604e-06
P62,30.00,90.00,30.00,0.00,5.9833e-08,3.1343e-07,9.3468e-07,4.1595e-06,8.6299e-06,8.6189e-06,7.3290e-06,6.0008e-08,2.8806e-07,7.0920e-07,4.1836e-06,7.4234e-06,8.5452e-06,8.0557e-06
P62,60.00,45.00,30.00,0.00,6.8505e-08,2.6894e-07,7.9100e-07,3.4571e-06,7.3657e-06,7.3562e-06,6.2286e-06,6.8547e-08,2.4757e-07,6.1005e-07,3.4851e-06,6.3289e-06,7.2951e-06,6.8314e-06
P62,30.00,135.00,30.00,0.00,5.9804e-08,3.1342e-07,9.3468e-07,4.1595e-06,8.6299e-06,8.6189e-06,7.3290e-06,5.9979e-08,2.8805e-07,7.0920e-07,4.1836e-06,7.4234e-06,8.5452e-06,8.0557e-06
P62,60.00,135.00,30.00,0.00,6.8295e-08,2.6892e-07,7.9098e-07,3.4570e-06,7.3657e-06,7.3562e-06,6.2286e-06,6.8337e-08,2.4755e-07,6.1003e-07,3.4851e-06,6.3289e-06,7.2951e-06,6.8314e-06
P62,60.00,180.00,60.00,0.00,5.8845e-08,2.6847e-07,7.9010e-07,3.4559e-06,7.3652e-06,7.3557e-06,6.2283e-06,5.8890e-08,2.4713e-07,6.0934e-07,3.4839e-06,6.3282e-06,7.2945e-06,6.8310e-06
P62,0.00,90.00,30.00,0.00,5.7705e-08,3.2626e-07,9.7633e-07,4.3128e-06,8.9030e-06,8.8915e-06,7.6232e-06,5.7905e-08,2.9974e-07,7.3823e-07,4.3344e-06,7.6522e-06,8.8135e-06,8.3607e-06
P62,30.00,0.00,30.00,0.00,5.9874e-08,3.1343e-07,9.3469e-07,4.1595e-06,8.6299e-06,8.6189e-06,7.3290e-06,6.0048e-08,2.8806e-07,7.0921e-07,4.1836e-06,7.4234e-06,8.5452e-06,8.0557e-06
P62,60.00,135.00,0.00,0.00,7.0442e-08,2.6903e-07,7.9117e-07,3.4573e-06,7.3658e-06,7.3563e-06,6.2287e-06,7.0484e-08,2.4765e-07,6.1019e-07,3.4853e-06,6.3290e-06,7.2952e-06,6.8315e-06
P63,0.00,135.00,0.00,0.00,5.8807e-08,3.0850e-07,9.7863e-07,4.6970e-06,9.1765e-06,9.1669e-06,7.9186e-06,5.9105e-08,2.8126e-07,7.3132e-07,4.7231e-06,8.1392e-06,9.1122e-06,8.6004e-06
P63,0.00,135.00,30.00,0.00,5.7413e-08,3.0847e-07,9.7855e-07,4.6969e-06,9.1764e-06,9.1668e-06,7.9186e-06,5.7709e-08,2.8123e-07,7.3127e-07,4.7230e-06,8.1392e-06,9.1121e-06,8.6004e-06
P63,60.00,0.00,0.00,0.00,6.8853e-08,2.4900e-07,8.1811e-07,3.8596e-06,7.7059e-06,7.6975e-06,6.6557e-06,6.9069e-08,2.2618e-07,6.0969e-07,3.8938e-06,6.7927e-06,7.6446e-06,7.2345e-06
P63,30.00,90.00,60.00,0.00,5.3152e-08,2.9540e-07,9.4342e-07,4.5502e-06,8.8936e-06,8.8845e-06,7.6506e-06,5.3426e-08,2.6912e-07,7.0482e-07,4.5792e-06,7.8984e-06,8.8320e-06,8.3183e-06
P63,60.00,45.00,0.00,0.00,6.8853e-08,2.4900e-07,8.1811e-07,3.8596e-06,7.7059e-06,7.6975e-06,6.6557e-06,6.9069e-08,2.2618e-07,6.0969e-07,3.8938e-06,6.7927e-06,7.6446e-06,7.2345e-06
P63,0.00,180.00,60.00,0.00,5.1638e-08,3.0838e-07,9.7822e-07,4.6964e-06,9.1762e-06,9.1666e-06,7.9184e-06,5.1923e-08,2.8116e-07,7.3105e-07,4.7225e-06,8.1389e-06,9.1119e-06,8.6002e-06
P63,60.00,180.00,60.00,0.00,5.8976e-08,2.4888e-07,8.1761e-07,3.8586e-06,7.7054e-06,7.6971e-06,6.6554e-06,5.9174e-08,2.2609e-07,6.0940e-07,3.8928e-06,6.7921e-06,7.6442e-06,7.2342e-06
P63,0.00,90.00,30.00,0.00,5.7413e-08,3.0847e-07,9.7855e-07,4.6969e-06,9.1764e-06,9.1668e-06,7.9186e-06,5.7709e-08,2.8123e-07,7.3127e-07,4.7230e-06,8.1392e-06,9.1121e-06,8.6004e-06
P63,60.00,45.00,30.00,0.00,6.7181e-08,2.4898e-07,8.1803e-07,3.8594e-06,7.7058e-06,7.6975e-06,6.6556e-06,6.7394e-08,2.2616e-07,6.0964e-07,3.8937e-06,6.7926e-06,7.6446e-06,7.2345e-06
P63,30.00,135.00,60.00,0.00,5.3062e-08,2.9540e-07,9.4341e-07,4.5502e-06,8.8936e-06,8.8845e-06,7.6506e-06,5.3336e-08,2.6912e-07,7.0482e-07,4.5792e-06,7.8983e-06,8.8320e-06,8.3183e-06
P63,0.00,90.00,0.00,0.00,5.8807e-08,3.0850e-07,9.7863e-07,4.6970e-06,9.1765e-06,9.1669e-06,7.9186e-06,5.9105e-08,2.8126e-07,7.3132e-07,4.7231e-06,8.1392e-06,9.1122e-06,8.6004e-06
P63,0.00,180.00,0.00,0.00,5.8807e-08,3.0850e-07,9.7863e-07,4.6970e-06,9.1765e-06,9.1669e-06,7.9186e-06,5.9105e-08,2.8126e-07,7.3132e-07,4.7231e-06,8.1392e-06,9.1122e-06,8.6004e-06
P63,0.00,135.00,60.00,0.00,5.1638e-08,3.0838e-07,9.7822e-07,4.6964e-06,9.1762e-06,9.1666e-06,7.9184e-06,5.1923e-08,2.8116e-07,7.3105e-07,4.7225e-06,8.1389e-06,9.1119e-06,8.6002e-06
P63,60.00,45.00,60.00,0.00,5.9804e-08,2.4889e-07,8.1765e-07,3.8587e-06,7.7055e-06,7.6971e-06,6.6554e-06,6.0004e-08,2.2610e-07,6.0943e-07,3.8929e-06,6.7922e-06,7.6442e-06,7.2342e-06
P63,30.00,0.00,60.00,0.00,5.3278e-08,2.9540e-07,9.4342e-07,4.5502e-06,8.8936e-06,8.8845e-06,7.6506e-06,5.3553e-08,2.6912e-07,7.0483e-07,4.5792e-06,7.8984e-06,8.8320e-06,8.3183e-06
P63,30.00,45.00,0.00,0.00,6.0855e-08,2.9552e-07,9.4385e-07,4.5508e-06,8.8939e-06,8.8848e-06,7.6508e-06,6.1143e-08,2.6922e-07,7.0510e-07,4.5799e-06,7.8987e-06,8.8323e-06,8.3186e-06
P63,60.00,90.00,0.00,0.00,6.8853e-08,2.4900e-07,8.1811e-07,3.8596e-06,7.7059e-06,7.6975e-06,6.6557e-06,6.9069e-08,2.2618e-07,6.0969e-07,3.8938e-06,6.7927e-06,7.6446e-06,7.2345e-06
P63,0.00,45.00,0.00,0.00,5.8807e-08,3.0850e-07,9.7863e-07,4.6970e-06,9.1765e-06,9.1669e-06,7.9186e-06,5.9105e-08,2.8126e-07,7.3132e-07,4.7231e-06,8.1392e-06,9.1122e-06,8.6004e-06
P63,30.00,135.00,30.00,0.00,5.9341e-08,2.9550e-07,9.4376e-07,4.5507e-06,8.8939e-06,8.8847e-06,7.6508e-06,5.9628e-08,2.6920e-07,7.0504e-07,4.5797e-06,7.8986e-06,8.8322e-06,8.3186e-06
P63,0.00,0.00,0.00,0.00,5.8807e-08,3.0850e-07,9.7863e-07,4.6970e-06,9.1765e-06,9.1669e-06,7.9186e-06,5.9105e-08,2.8126e-07,7.3132e-07,4.7231e-06,8.1392e-06,9.1122e-06,8.6004e-06
P63,60.00,180.00,30.00,0.00,6.6958e-08,2.4897e-07,8.1801e-07,3.8594e-06,7.7058e-06,7.6975e-06,6.6556e-06,6.7171e-08,2.2616e-07,6.0963e-07,3.8936e-06,6.7926e-06,7.6446e-06,7.2345e-06
P63,60.00,135.00,30.00,0.00,6.6997e-08,2.4897e-07,8.1801e-07,3.8594e-06,7.7058e-06,7.6975e-06,6.6556e-06,6.7210e-08,2.2616e-07,6.0963e-07,3.8936e-06,6.7926e-06,7.6446e-06,7.2345e-06
P63,60.00,90.00,30.00,0.00,6.7089e-08,2.4898e-07,8.1802e-07,3.8594e-06,7.7058e-06,7.6975e-06,6.6556e-06,6.7302e-08,2.2616e-07,6.0963e-07,3.8936e-06,6.7926e-06,7.6446e-06,7.2345e-06
P63,60.00,135.00,0.00,0.00,6.8853e-08,2.4900e-07,8.1811e-07,3.8596e-06,7.7059e-06,7.6975e-06,6.6557e-06,6.9069e-08,2.2618e-07,6.0969e-07,3.8938e-06,6.7927e-06,7.6446e-06,7.2345e-06
P63,60.00,135.00,60.00,0.00,5.9123e-08,2.4889e-07,8.1761e-07,3.8586e-06,7.7055e-06,7.6971e-06,6.6554e-06,5.9321e-08,2.2609e-07,6.0941e-07,3.8929e-06,6.7921e-06,7.6442e-06,7.2342e-06
P63,60.00,0.00,60.00,0.00,5.9940e-08,2.4890e-07,8.1766e-07,3.8587e-06,7.7055e-06,7.6971e-06,6.6554e-06,6.0140e-08,2.2610e-07,6.0943e-07,3.8930e-06,6.7922e-06,7.6442e-06,7.2342e-06
P63,0.00,0.00,60.00,0.00,5.1638e-08,3.0838e-07,9.7822e-07,4.6964e-06,9.1762e-06,9.1666e-06,7.9184e-06,5.1923e-08,2.8116e-07,7.3105e-07,4.7225e-06,8.1389e-06,9.1119e-06,8.6002e-06
P63,0.00,0.00,30.00,0.00,5.7413e-08,3.0847e-07,9.7855e-07,4.6969e-06,9.1764e-06,9.1668e-06,7.9186e-06,5.7709e-08,2.8123e-07,7.3127e-07,4.7230e-06,8.1392e-06,9.1121e-06,8.6004e-06
P63,30.00,180.00,0.00,0.00,6.0855e-08,2.9552e-07,9.4385e-07,4.5508e-06,8.8939e-06,8.8848e-06,7.6508e-06,6.1143e-08,2.6922e-07,7.0510e-07,4.5799e-06,7.8987e-06,8.8323e-06,8.3186e-06
P63,30.00,180.00,60.00,0.00,5.3025e-08,2.9540e-07,9.4341e-07,4.5502e-06,8.8936e-06,8.8845e-06,7.6506e-06,5.3299e-08,2.6912e-07,7.0482e-07,4.5792e-06,7.8983e-06,8.8320e-06,8.3183e-06
P63,30.00,45.00,30.00,0.00,5.9393e-08,2.9550e-07,9.4377e-07,4.5507e-06,8.8939e-06,8.8847e-06,7.6508e-06,5.9679e-08,2.6920e-07,7.0505e-07,4.5797e-06,7.8986e-06,8.8322e-06,8.3186e-06
P63,0.00,90.00,60.00,0.00,5.1638e-08,3.0838e-07,9.7822e-07,4.6964e-06,9.1762e-06,9.1666e-06,7.9184e-06,5.1923e-08,2.8116e-07,7.3105e-07,4.7225e-06,8.1389e-06,9.1119e-06,8.6002e-06
P63,60.00,90.00,60.00,0.00,5.9469e-08,2.4889e-07,8.1764e-07,3.8587e-06,7.7055e-06,7.6971e-06,6.6554e-06,5.9668e-08,2.2610e-07,6.0942e-07,3.8929e-06,6.7922e-06,7.6442e-06,7.2342e-06
P63,30.00,90.00,0.00,0.00,6.0855e-08,2.9552e-07,9.4385e-07,4.5508e-06,8.8939e-06,8.8848e-06,7.6508e-06,6.1143e-08,2.6922e-07,7.0510e-07,4.5799e-06,7.8987e-06,8.8323e-06,8.3186e-06
P63,0.00,45.00,60.00,0.00,5.1638e-08,3.0838e-07,9.7822e-07,4.6964e-06,9.1762e-06,9.1666e-06,7.9184e-06,5.1923e-08,2.8116e-07,7.3105e-07,4.7225e-06,8.1389e-06,9.1119e-06,8.6002e-06
P63,30.00,90.00,30.00,0.00,5.9367e-08,2.9550e-07,9.4376e-07,4.5507e-06,8.8939e-06,8.8847e-06,7.6508e-06,5.9653e-08,2.6920e-07,7.0505e-07,4.5797e-06,7.8986e-06,8.8322e-06,8.3186e-06
P63,0.00,180.00,30.00,0.00,5.7413e-08,3.0847e-07,9.7855e-07,4.6969e-06,9.1764e-06,9.1668e-06,7.9186e-06,5.7709e-08,2.8123e-07,7.3127e-07,4.7230e-06,8.1392e-06,9.1121e-06,8.6004e-06
P63,0.00,45.00,30.00,0.00,5.7413e-08,3.0847e-07,9.7855e-07,4.6969e-06,9.1764e-06,9.1668e-06,7.9186e-06,5.7709e-08,2.8123e-07,7.3127e-07,4.7230e-06,8.1392e-06,9.1121e-06,8.6004e-06
P63,30.00,45.00,60.00,0.00,5.3241e-08,2.9540e-07,9.4342e-07,4.5502e-06,8.8936e-06,8.8845e-06,7.6506e-06,5.3516e-08,2.6912e-07,7.0483e-07,4.5792e-06,7.8984e-06,8.8320e-06,8.3183e-06
P63,60.00,180.00,0.00,0.00,6.8853e-08,2.4900e-07,8.1811e-07,3.8596e-06,7.7059e-06,7.6975e-06,6.6557e-06,6.9069e-08,2.2618e-07,6.0969e-07,3.8938e-06,6.7927e-06,7.6446e-06,7.2345e-06
P63,30.00,0.00,30.00,0.00,5.9403e-08,2.9550e-07,9.4377e-07,4.5507e-06,8.8939e-06,8.8847e-06,7.6508e-06,5.9690e-08,2.6920e-07,7.0505e-07,4.5797e-06,7.8986e-06,8.8322e-06,8.3186e-06
P63,30.00,0.00,0.00,0.00,6.0855e-08,2.9552e-07,9.4385e-07,4.5508e-06,8.8939e-06,8.8848e-06,7.6508e-06,6.1143e-08,2.6922e-07,7.0510e-07,4.5799e-06,7.8987e-06,8.8323e-06,8.3186e-06
P63,30.00,180.00,30.00,0.00,5.9331e-08,2.9550e-07,9.4376e-07,4.5507e-06,8.8939e-06,8.8847e-06,7.6508e-06,5.9617e-08,2.6920e-07,7.0504e-07,4.5797e-06,7.8986e-06,8.8322e-06,8.3186e-06
P63,30.00,135.00,0.00,0.00,6.0855e-08,2.9552e-07,9.4385e-07,4.5508e-06,8.8939e-06,8.8848e-06,7.6508e-06,6.1143e-08,2.6922e-07,7.0510e-07,4.5799e-06,7.8987e-06,8.8323e-06,8.3186e-06
P63,60.00,0.00,30.00,0.00,6.7219e-08,2.4898e-07,8.1803e-07,3.8594e-06,7.7058e-06,7.6975e-06,6.6556e-06,6.7432e-08,2.2616e-07,6.0964e-07,3.8937e-06,6.7926e-06,7.6446e-06,7.2345e-06
P64,0.00,135.00,60.00,0.00,4.9376e-08,2.2575e-07,7.0879e-07,3.8183e-06,8.0038e-06,7.9932e-06,6.3284e-06,4.9494e-08,2.0608e-07,5.2543e-07,3.8537e-06,6.8449e-06,7.9258e-06,7.1866e-06
P64,0.00,180.00,0.00,0.00,5.7372e-08,2.2688e-07,7.0984e-07,3.8193e-06,8.0044e-06,7.9937e-06,6.3287e-06,5.7478e-08,2.0721e-07,5.2649e-07,3.8547e-06,6.8456e-06,7.9263e-06,7.1870e-06
P64,60.00,180.00,0.00,0.00,6.8937e-08,1.7585e-07,5.2300e-07,2.7964e-06,6.1568e-06,6.1481e-06,4.9330e-06,6.8851e-08,1.6169e-07,3.9651e-07,2.8314e-06,5.2078e-06,6.0961e-06,5.5190e-06
P64,0.00,0.00,0.00,0.00,5.7372e-08,2.2688e-07,7.0984e-07,3.8193e-06,8.0044e-06,7.9937e-06,6.3287e-06,5.7478e-08,2.0721e-07,5.2649e-07,3.8547e-06,6.8456e-06,7.9263e-06,7.1870e-06
P64,30.00,180.00,0.00,0.00,5.9614e-08,2.1512e-07,6.6851e-07,3.6289e-06,7.6653e-06,7.6550e-06,6.0228e-06,5.9686e-08,1.9664e-07,4.9769e-07,3.6659e-06,6.5487e-06,7.5915e-06,6.8458e-06
P64,0.00,45.00,30.00,0.00,5.5885e-08,2.2668e-07,7.0966e-07,3.8191e-06,8.0043e-06,7.9936e-06,6.3287e-06,5.5993e-08,2.0700e-07,5.2631e-07,3.8545e-06,6.8455e-06,7.9262e-06,7.1870e-06
P64,60.00,45.00,60.00,0.00,5.8201e-08,1.7433e-07,5.2146e-07,2.7950e-06,6.1560e-06,6.1473e-06,4.9325e-06,5.8139e-08,1.6018e-07,3.9499e-07,2.8298e-06,5.2067e-06,6.0953e-06,5.5185e-06
P64,0.00,90.00,30.00,0.00,5.5885e-08,2.2668e-07,7.0966e-07,3.8191e-06,8.0043e-06,7.9936e-06,6.3287e-06,5.5993e-08,2.0700e-07,5.2631e-07,3.8545e-06,6.8455e-06,7.9262e-06,7.1870e-06
P64,0.00,0.00,60.00,0.00,4.9376e-08,2.2575e-07,7.0879e-07,3.8183e-06,8.0038e-06,7.9932e-06,6.3284e-06,4.9494e-08,2.0608e-07,5.2543e-07,3.8537e-06,6.8449e-06,7.9258e-06,7.1866e-06
P64,0.00,180.00,30.00,0.00,5.5885e-08,2.2668e-07,7.0966e-07,3.8191e-06,8.0043e-06,7.9936e-06,6.3287e-06,5.5993e-08,2.0700e-07,5.2631e-07,3.8545e-06,6.8455e-06,7.9262e-06,7.1870e-06
P64,60.00,0.00,60.00,0.00,5.8359e-08,1.7436e-07,5.2149e-07,2.7950e-06,6.1560e-06,6.1473e-06,4.9325e-06,5.8297e-08,1.6021e-07,3.9501e-07,2.8299e-06,5.2068e-06,6.0953e-06,5.5185e-06
P64,30.00,90.00,60.00,0.00,5.0912e-08,2.1388e-07,6.6735e-07,3.6278e-06,7.6647e-06,7.6544e-06,6.0224e-06,5.0998e-08,1.9540e-07,4.9653e-07,3.6647e-06,6.5479e-06,7.5909e-06,6.8453e-06
P64,60.00,0.00,0.00,0.00,6.8937e-08,1.7585e-07,5.2300e-07,2.7964e-06,6.1568e-06,6.1481e-06,4.9330e-06,6.8851e-08,1.6169e-07,3.9651e-07,2.8314e-06,5.2078e-06,6.0961e-06,5.5190e-06
P64,0.00,135.00,0.00,0.00,5.7372e-08,2.2688e-07,7.0984e-07,3.8193e-06,8.0044e-06,7.9937e-06,6.3287e-06,5.7478e-08,2.0721e-07,5.2649e-07,3.8547e-06,6.8456e-06,7.9263e-06,7.1870e-06
P64,30.00,90.00,30.00,0.00,5.8001e-08,2.1489e-07,6.6831e-07,3.6287e-06,7.6652e-06,7.6549e-06,6.0227e-06,5.8076e-08,1.9641e-07,4.9749e-07,3.6657e-06,6.5486e-06,7.5914e-06,6.8457e-06
P64,30.00,0.00,60.00,0.00,5.1055e-08,2.1390e-07,6.6737e-07,3.6278e-06,7.6647e-06,7.6544e-06,6.0224e-06,5.1141e-08,1.9543e-07,4.9655e-07,3.6648e-06,6.5479e-06,7.5909e-06,6.8453e-06
P64,60.00,90.00,60.00,0.00,5.7809e-08,1.7426e-07,5.2139e-07,2.7949e-06,6.1560e-06,6.1472e-06,4.9325e-06,5.7748e-08,1.6011e-07,3.9492e-07,2.8298e-06,5.2067e-06,6.0952e-06,5.5184e-06
P64,30.00,180.00,60.00,0.00,5.0768e-08,2.1385e-07,6.6733e-07,3.6278e-06,7.6647e-06,7.6544e-06,6.0224e-06,5.0854e-08,1.9538e-07,4.9650e-07,3.6647e-06,6.5479e-06,7.5909e-06,6.8453e-06
P64,0.00,135.00,30.00,0.00,5.5885e-08,2.2668e-07,7.0966e-07,3.8191e-06,8.0043e-06,7.9936e-06,6.3287e-06,5.5993e-08,2.0700e-07,5.2631e-07,3.8545e-06,6.8455e-06,7.9262e-06,7.1870e-06
P64,0.00,45.00,0.00,0.00,5.7372e-08,2.2688e-07,7.0984e-07,3.8193e-06,8.0044e-06,7.9937e-06,6.3287e-06,5.7478e-08,2.0721e-07,5.2649e-07,3.8547e-06,6.8456e-06,7.9263e-06,7.1870e-06
P64,60.00,135.00,30.00,0.00,6.6799e-08,1.7555e-07,5.2271e-07,2.7962e-06,6.1567e-06,6.1479e-06,4.9329e-06,6.6717e-08,1.6139e-07,3.9622e-07,2.8311e-06,5.2076e-06,6.0959e-06,5.5189e-06
P64,0.00,180.00,60.00,0.00,4.9376e-08,2.2575e-07,7.0879e-07,3.8183e-06,8.0038e-06,7.9932e-06,6.3284e-06,4.9494e-08,2.0608e-07,5.2543e-07,3.8537e-06,6.8449e-06,7.9258e-06,7.1866e-06
P64,60.00,180.00,60.00,0.00,5.7231e-08,1.7415e-07,5.2130e-07,2.7948e-06,6.1559e-06,6.1472e-06,4.9325e-06,5.7170e-08,1.6000e-07,3.9482e-07,2.8297e-06,5.2066e-06,6.0952e-06,5.5184e-06
P64,30.00,180.00,30.00,0.00,5.7963e-08,2.1489e-07,6.6830e-07,3.6287e-06,7.6652e-06,7.6549e-06,6.0227e-06,5.8037e-08,1.9641e-07,4.9748e-07,3.6657e-06,6.5486e-06,7.5914e-06,6.8457e-06
P64,30.00,45.00,30.00,0.00,5.8029e-08,2.1490e-07,6.6831e-07,3.6287e-06,7.6652e-06,7.6549e-06,6.0227e-06,5.8103e-08,1.9642e-07,4.9749e-07,3.6657e-06,6.5486e-06,7.5914e-06,6.8457e-06
P64,0.00,0.00,30.00,0.00,5.5885e-08,2.2668e-07,7.0966e-07,3.8191e-06,8.0043e-06,7.9936e-06,6.3287e-06,5.5993e-08,2.0700e-07,5.2631e-07,3.8545e-06,6.8455e-06,7.9262e-06,7.1870e-06
P64,30.00,45.00,0.00,0.00,5.9614e-08,2.1512e-07,6.6851e-07,3.6289e-06,7.6653e-06,7.6550e-06,6.0228e-06,5.9686e-08,1.9664e-07,4.9769e-07,3.6659e-06,6.5487e-06,7.5915e-06,6.8458e-06
P64,30.00,0.00,30.00,0.00,5.8040e-08,2.1490e-07,6.6831e-07,3.6287e-06,7.6652e-06,7.6549e-06,6.0227e-06,5.8115e-08,1.9642e-07,4.9749e-07,3.6657e-06,6.5486e-06,7.5914e-06,6.8457e-06
P64,60.00,45.00,0.00,0.00,6.8937e-08,1.7585e-07,5.2300e-07,2.7964e-06,6.1568e-06,6.1481e-06,4.9330e-06,6.8851e-08,1.6169e-07,3.9651e-07,2.8314e-06,5.2078e-06,6.0961e-06,5.5190e-06
P64,60.00,90.00,30.00,0.00,6.6905e-08,1.7557e-07,5.2272e-07,2.7962e-06,6.1567e-06,6.1479e-06,4.9329e-06,6.6822e-08,1.6141e-07,3.9623e-07,2.8311e-06,5.2076e-06,6.0959e-06,5.5189e-06
P64,30.00,135.00,60.00,0.00,5.0810e-08,2.1386e-07,6.6733e-07,3.6278e-06,7.6647e-06,7.6544e-06,6.0224e-06,5.0896e-08,1.9539e-07,4.9651e-07,3.6647e-06,6.5479e-06,7.5909e-06,6.8453e-06
P64,0.00,45.00,60.00,0.00,4.9376e-08,2.2575e-07,7.0879e-07,3.8183e-06,8.0038e-06,7.9932e-06,6.3284e-06,4.9494e-08,2.0608e-07,5.2543e-07,3.8537e-06,6.8449e-06,7.9258e-06,7.1866e-06
P64,60.00,90.00,0.00,0.00,6.8937e-08,1.7585e-07,5.2300e-07,2.7964e-06,6.1568e-06,6.1481e-06,4.9330e-06,6.8851e-08,1.6169e-07,3.9651e-07,2.8314e-06,5.2078e-06,6.0961e-06,5.5190e-06
P64,60.00,180.00,30.00,0.00,6.6756e-08,1.7554e-07,5.2270e-07,2.7961e-06,6.1567e-06,6.1479e-06,4.9329e-06,6.6673e-08,1.6138e-07,3.9621e-07,2.8310e-06,5.2076e-06,6.0959e-06,5.5189e-06
P64,60.00,135.00,0.00,0.00,6.8937e-08,1.7585e-07,5.2300e-07,2.7964e-06,6.1568e-06,6.1481e-06,4.9330e-06,6.8851e-08,1.6169e-07,3.9651e-07,2.8314e-06,5.2078e-06,6.0961e-06,5.5190e-06
P64,60.00,45.00,30.00,0.00,6.7009e-08,1.7559e-07,5.2274e-07,2.7962e-06,6.1567e-06,6.1479e-06,4.9329e-06,6.6926e-08,1.6143e-07,3.9625e-07,2.8311e-06,5.2076e-06,6.0960e-06,5.5189e-06
P64,0.00,90.00,60.00,0.00,4.9376e-08,2.2575e-07,7.0879e-07,3.8183e-06,8.0038e-06,7.9932e-06,6.3284e-06,4.9494e-08,2.0608e-07,5.2543e-07,3.8537e-06,6.8449e-06,7.9258e-06,7.1866e-06
P64,30.00,135.00,30.00,0.00,5.7974e-08,2.1489e-07,6.6830e-07,3.6287e-06,7.6652e-06,7.6549e-06,6.0227e-06,5.8048e-08,1.9641e-07,4.9748e-07,3.6657e-06,6.5486e-06,7.5914e-06,6.8457e-06
P64,60.00,135.00,60.00,0.00,5.7403e-08,1.7418e-07,5.2132e-07,2.7948e-06,6.1560e-06,6.1472e-06,4.9325e-06,5.7342e-08,1.6003e-07,3.9485e-07,2.8297e-06,5.2067e-06,6.0952e-06,5.5184e-06
P64,30.00,135.00,0.00,0.00,5.9614e-08,2.1512e-07,6.6851e-07,3.6289e-06,7.6653e-06,7.6550e-06,6.0228e-06,5.9686e-08,1.9664e-07,4.9769e-07,3.6659e-06,6.5487e-06,7.5915e-06,6.8458e-06
P64,0.00,90.00,0.00,0.00,5.7372e-08,2.2688e-07,7.0984e-07,3.8193e-06,8.0044e-06,7.9937e-06,6.3287e-06,5.7478e-08,2.0721e-07,5.2649e-07,3.8547e-06,6.8456e-06,7.9263e-06,7.1870e-06
P64,30.00,90.00,0.00,0.00,5.9614e-08,2.1512e-07,6.6851e-07,3.6289e-06,7.6653e-06,7.6550e-06,6.0228e-06,5.9686e-08,1.9664e-07,4.9769e-07,3.6659e-06,6.5487e-06,7.5915e-06,6.8458e-06
P64,30.00,0.00,0.00,0.00,5.9614e-08,2.1512e-07,6.6851e-07,3.6289e-06,7.6653e-06,7.6550e-06,6.0228e-06,5.9686e-08,1.9664e-07,4.9769e-07,3.6659e-06,6.5487e-06,7.5915e-06,6.8458e-06
P64,30.00,45.00,60.00,0.00,5.1013e-08,2.1390e-07,6.6737e-07,3.6278e-06,7.6647e-06,7.6544e-06,6.0224e-06,5.1099e-08,1.9542e-07,4.9654e-07,3.6648e-06,6.5479e-06,7.5909e-06,6.8453e-06
P64,60.00,0.00,30.00,0.00,6.7052e-08,1.7560e-07,5.2275e-07,2.7962e-06,6.1567e-06,6.1479e-06,4.9329e-06,6.6969e-08,1.6143e-07,3.9626e-07,2.8311e-06,5.2076e-06,6.0960e-06,5.5189e-06
P65,60.00,90.00,30.00,0.00,6.8946e-08,2.5878e-07,8.5350e-07,3.9589e-06,7.8293e-06,7.8209e-06,6.8627e-06,6.9197e-08,2.3502e-07,6.3353e-07,3.9938e-06,6.9049e-06,7.7651e-06,7.4184e-06
P65,0.00,180.00,60.00,0.00,5.3283e-08,3.2027e-07,1.0153e-06,4.8190e-06,9.2711e-06,9.2618e-06,8.1101e-06,5.3577e-08,2.9206e-07,7.5810e-07,4.8467e-06,8.2662e-06,9.2082e-06,8.7541e-06
P65,0.00,90.00,60.00,0.00,5.3283e-08,3.2027e-07,1.0153e-06,4.8190e-06,9.2711e-06,9.2618e-06,8.1101e-06,5.3577e-08,2.9206e-07,7.5810e-07,4.8467e-06,8.2662e-06,9.2082e-06,8.7541e-06
P65,0.00,135.00,30.00,0.00,5.9533e-08,3.2033e-07,1.0156e-06,4.8195e-06,9.2713e-06,9.2620e-06,8.1103e-06,5.9839e-08,2.9211e-07,7.5824e-07,4.8472e-06,8.2665e-06,9.2084e-06,8.7543e-06
P65,30.00,180.00,0.00,0.00,6.3134e-08,3.0696e-07,9.8068e-07,4.6674e-06,8.9873e-06,8.9784e-06,7.8456e-06,6.3438e-08,2.7968e-07,7.3153e-07,4.6980e-06,8.0148e-06,8.9258e-06,8.4771e-06
P65,60.00,0.00,0.00,0.00,7.0812e-08,2.5879e-07,8.5356e-07,3.9590e-06,7.8294e-06,7.8210e-06,6.8628e-06,7.1068e-08,2.3503e-07,6.3357e-07,3.9939e-06,6.9050e-06,7.7651e-06,7.4185e-06
P65,60.00,180.00,60.00,0.00,6.0470e-08,2.5873e-07,8.5319e-07,3.9581e-06,7.8289e-06,7.8205e-06,6.8625e-06,6.0705e-08,2.3498e-07,6.3339e-07,3.9930e-06,6.9045e-06,7.7647e-06,7.4181e-06
P65,60.00,45.00,30.00,0.00,6.9041e-08,2.5878e-07,8.5350e-07,3.9589e-06,7.8293e-06,7.8209e-06,6.8627e-06,6.9293e-08,2.3502e-07,6.3354e-07,3.9938e-06,6.9050e-06,7.7651e-06,7.4184e-06
P65,30.00,45.00,0.00,0.00,6.3134e-08,3.0696e-07,9.8068e-07,4.6674e-06,8.9873e-06,8.9784e-06,7.8456e-06,6.3438e-08,2.7968e-07,7.3153e-07,4.6980e-06,8.0148e-06,8.9258e-06,8.4771e-06
P65,0.00,45.00,0.00,0.00,6.1064e-08,3.2035e-07,1.0156e-06,4.8196e-06,9.2713e-06,9.2621e-06,8.1103e-06,6.1372e-08,2.9212e-07,7.5829e-07,4.8473e-06,8.2666e-06,9.2084e-06,8.7543e-06
P65,30.00,90.00,60.00,0.00,5.4823e-08,3.0688e-07,9.8034e-07,4.6668e-06,8.9870e-06,8.9781e-06,7.8454e-06,5.5110e-08,2.7962e-07,7.3135e-07,4.6974e-06,8.0144e-06,8.9255e-06,8.4768e-06
P65,60.00,180.00,30.00,0.00,6.8809e-08,2.5878e-07,8.5349e-07,3.9588e-06,7.8293e-06,7.8209e-06,6.8627e-06,6.9061e-08,2.3502e-07,6.3353e-07,3.9938e-06,6.9049e-06,7.7651e-06,7.4184e-06
P65,60.00,180.00,0.00,0.00,7.0812e-08,2.5879e-07,8.5356e-07,3.9590e-06,7.8294e-06,7.8210e-06,6.8628e-06,7.1068e-08,2.3503e-07,6.3357e-07,3.9939e-06,6.9050e-06,7.7651e-06,7.4185e-06
P65,60.00,0.00,30.00,0.00,6.9080e-08,2.5878e-07,8.5350e-07,3.9589e-06,7.8293e-06,7.8209e-06,6.8627e-06,6.9332e-08,2.3502e-07,6.3354e-07,3.9938e-06,6.9050e-06,7.7651e-06,7.4184e-06
P65,60.00,135.00,60.00,0.00,6.0619e-08,2.5873e-07,8.5320e-07,3.9581e-06,7.8289e-06,7.8205e-06,6.8625e-06,6.0855e-08,2.3499e-07,6.3340e-07,3.9930e-06,6.9045e-06,7.7647e-06,7.4181e-06
P65,30.00,180.00,60.00,0.00,5.4690e-08,3.0688e-07,9.8033e-07,4.6668e-06,8.9870e-06,8.9780e-06,7.8453e-06,5.4977e-08,2.7962e-07,7.3134e-07,4.6973e-06,8.0144e-06,8.9254e-06,8.4768e-06
P65,0.00,180.00,30.00,0.00,5.9533e-08,3.2033e-07,1.0156e-06,4.8195e-06,9.2713e-06,9.2620e-06,8.1103e-06,5.9839e-08,2.9211e-07,7.5824e-07,4.8472e-06,8.2665e-06,9.2084e-06,8.7543e-06
P65,0.00,45.00,60.00,0.00,5.3283e-08,3.2027e-07,1.0153e-06,4.8190e-06,9.2711e-06,9.2618e-06,8.1101e-06,5.3577e-08,2.9206e-07,7.5810e-07,4.8467e-06,8.2662e-06,9.2082e-06,8.7541e-06
P65,30.00,0.00,0.00,0.00,6.3134e-08,3.0696e-07,9.8068e-07,4.6674e-06,8.9873e-06,8.9784e-06,7.8456e-06,6.3438e-08,2.7968e-07,7.3153e-07,4.6980e-06,8.0148e-06,8.9258e-06,8.4771e-06
P65,30.00,0.00,30.00,0.00,6.1549e-08,3.0694e-07,9.8061e-07,4.6673e-06,8.9873e-06,8.9783e-06,7.8456e-06,6.1850e-08,2.7966e-07,7.3150e-07,4.6979e-06,8.0147e-06,8.9257e-06,8.4770e-06
P65,30.00,90.00,0.00,0.00,6.3134e-08,3.0696e-07,9.8068e-07,4.6674e-06,8.9873e-06,8.9784e-06,7.8456e-06,6.3438e-08,2.7968e-07,7.3153e-07,4.6980e-06,8.0148e-06,8.9258e-06,8.4771e-06
P65,0.00,135.00,60.00,0.00,5.3283e-08,3.2027e-07,1.0153e-06,4.8190e-06,9.2711e-06,9.2618e-06,8.1101e-06,5.3577e-08,2.9206e-07,7.5810e-07,4.8467e-06,8.2662e-06,9.2082e-06,8.7541e-06
P65,60.00,135.00,0.00,0.00,7.0812e-08,2.5879e-07,8.5356e-07,3.9590e-06,7.8294e-06,7.8210e-06,6.8628e-06,7.1068e-08,2.3503e-07,6.3357e-07,3.9939e-06,6.9050e-06,7.7651e-06,7.4185e-06
P65,0.00,45.00,30.00,0.00,5.9533e-08,3.2033e-07,1.0156e-06,4.8195e-06,9.2713e-06,9.2620e-06,8.1103e-06,5.9839e-08,2.9211e-07,7.5824e-07,4.8472e-06,8.2665e-06,9.2084e-06,8.7543e-06
P65,60.00,0.00,60.00,0.00,6.1452e-08,2.5873e-07,8.5324e-07,3.9582e-06,7.8290e-06,7.8205e-06,6.8625e-06,6.1689e-08,2.3499e-07,6.3341e-07,3.9931e-06,6.9046e-06,7.7647e-06,7.4181e-06
P65,30.00,45.00,60.00,0.00,5.4916e-08,3.0689e-07,9.8034e-07,4.6668e-06,8.9870e-06,8.9781e-06,7.8454e-06,5.5204e-08,2.7962e-07,7.3135e-07,4.6974e-06,8.0144e-06,8.9255e-06,8.4768e-06
P65,30.00,180.00,30.00,0.00,6.1471e-08,3.0694e-07,9.8061e-07,4.6673e-06,8.9873e-06,8.9783e-06,7.8456e-06,6.1772e-08,2.7966e-07,7.3150e-07,4.6979e-06,8.0147e-06,8.9257e-06,8.4770e-06
P65,0.00,90.00,30.00,0.00,5.9533e-08,3.2033e-07,1.0156e-06,4.8195e-06,9.2713e-06,9.2620e-06,8.1103e-06,5.9839e-08,2.9211e-07,7.5824e-07,4.8472e-06,8.2665e-06,9.2084e-06,8.7543e-06
P65,60.00,135.00,30.00,0.00,6.8849e-08,2.5878e-07,8.5349e-07,3.9588e-06,7.8293e-06,7.8209e-06,6.8627e-06,6.9101e-08,2.3502e-07,6.3353e-07,3.9938e-06,6.9049e-06,7.7651e-06,7.4184e-06
P65,30.00,45.00,30.00,0.00,6.1538e-08,3.0694e-07,9.8061e-07,4.6673e-06,8.9873e-06,8.9783e-06,7.8456e-06,6.1839e-08,2.7966e-07,7.3150e-07,4.6979e-06,8.0147e-06,8.9257e-06,8.4770e-06
P65,30.00,135.00,30.00,0.00,6.1483e-08,3.0694e-07,9.8061e-07,4.6673e-06,8.9873e-06,8.9783e-06,7.8456e-06,6.1784e-08,2.7966e-07,7.3150e-07,4.6979e-06,8.0147e-06,8.9257e-06,8.4770e-06
P65,60.00,45.00,60.00,0.00,6.1314e-08,2.5873e-07,8.5323e-07,3.9582e-06,7.8290e-06,7.8205e-06,6.8625e-06,6.1551e-08,2.3499e-07,6.3341e-07,3.9931e-06,6.9045e-06,7.7647e-06,7.4181e-06
P65,0.00,135.00,0.00,0.00,6.1064e-08,3.2035e-07,1.0156e-06,4.8196e-06,9.2713e-06,9.2621e-06,8.1103e-06,6.1372e-08,2.9212e-07,7.5829e-07,4.8473e-06,8.2666e-06,9.2084e-06,8.7543e-06
P65,30.00,135.00,60.00,0.00,5.4729e-08,3.0688e-07,9.8033e-07,4.6668e-06,8.9870e-06,8.9780e-06,7.8453e-06,5.5016e-08,2.7962e-07,7.3134e-07,4.6973e-06,8.0144e-06,8.9254e-06,8.4768e-06
P65,0.00,0.00,60.00,0.00,5.3283e-08,3.2027e-07,1.0153e-06,4.8190e-06,9.2711e-06,9.2618e-06,8.1101e-06,5.3577e-08,2.9206e-07,7.5810e-07,4.8467e-06,8.2662e-06,9.2082e-06,8.7541e-06
P65,0.00,0.00,0.00,0.00,6.1064e-08,3.2035e-07,1.0156e-06,4.8196e-06,9.2713e-06,9.2621e-06,8.1103e-06,6.1372e-08,2.9212e-07,7.5829e-07,4.8473e-06,8.2666e-06,9.2084e-06,8.7543e-06
P65,30.00,90.00,30.00,0.00,6.1510e-08,3.0694e-07,9.8061e-07,4.6673e-06,8.9873e-06,8.9783e-06,7.8456e-06,6.1811e-08,2.7966e-07,7.3150e-07,4.6979e-06,8.0147e-06,8.9257e-06,8.4770e-06
P65,0.00,180.00,0.00,0.00,6.1064e-08,3.2035e-07,1.0156e-06,4.8196e-06,9.2713e-06,9.2621e-06,8.1103e-06,6.1372e-08,2.9212e-07,7.5829e-07,4.8473e-06,8.2666e-06,9.2084e-06,8.7543e-06
P65,0.00,0.00,30.00,0.00,5.9533e-08,3.2033e-07,1.0156e-06,4.8195e-06,9.2713e-06,9.2620e-06,8.1103e-06,5.9839e-08,2.9211e-07,7.5824e-07,4.8472e-06,8.2665e-06,9.2084e-06,8.7543e-06
P65,60.00,90.00,0.00,0.00,7.0812e-08,2.5879e-07,8.5356e-07,3.9590e-06,7.8294e-06,7.8210e-06,6.8628e-06,7.1068e-08,2.3503e-07,6.3357e-07,3.9939e-06,6.9050e-06,7.7651e-06,7.4185e-06
P65,30.00,135.00,0.00,0.00,6.3134e-08,3.0696e-07,9.8068e-07,4.6674e-06,8.9873e-06,8.9784e-06,7.8456e-06,6.3438e-08,2.7968e-07,7.3153e-07,4.6980e-06,8.0148e-06,8.9258e-06,8.4771e-06
P65,60.00,90.00,60.00,0.00,6.0972e-08,2.5873e-07,8.5322e-07,3.9581e-06,7.8290e-06,7.8205e-06,6.8625e-06,6.1208e-08,2.3499e-07,6.3340e-07,3.9931e-06,6.9045e-06,7.7647e-06,7.4181e-06
P65,0.00,90.00,0.00,0.00,6.1064e-08,3.2035e-07,1.0156e-06,4.8196e-06,9.2713e-06,9.2621e-06,8.1103e-06,6.1372e-08,2.9212e-07,7.5829e-07,4.8473e-06,8.2666e-06,9.2084e-06,8.7543e-06
P65,60.00,45.00,0.00,0.00,7.0812e-08,2.5879e-07,8.5356e-07,3.9590e-06,7.8294e-06,7.8210e-06,6.8628e-06,7.1068e-08,2.3503e-07,6.3357e-07,3.9939e-06,6.9050e-06,7.7651e-06,7.4185e-06
P65,30.00,0.00,60.00,0.00,5.4954e-08,3.0689e-07,9.8034e-07,4.6668e-06,8.9870e-06,8.9781e-06,7.8454e-06,5.5242e-08,2.7962e-07,7.3135e-07,4.6974e-06,8.0144e-06,8.9255e-06,8.4768e-06
P66,60.00,0.00,0.00,0.00,7.0519e-08,1.6198e-07,5.4031e-07,2.9695e-06,6.6148e-06,6.6061e-06,4.6858e-06,7.0241e-08,1.4703e-07,3.9824e-07,3.0235e-06,5.6882e-06,6.5663e-06,5.5316e-06
P66,30.00,90.00,30.00,0.00,5.9112e-08,2.0746e-07,6.8949e-07,3.7715e-06,8.0429e-06,8.0327e-06,5.8124e-06,5.9047e-08,1.8821e-07,5.0755e-07,3.8221e-06,6.9483e-06,7.9800e-06,6.8551e-06
P66,30.00,135.00,0.00,0.00,6.0769e-08,2.0760e-07,6.8959e-07,3.7717e-06,8.0430e-06,8.0328e-06,5.8125e-06,6.0694e-08,1.8834e-07,5.0766e-07,3.8222e-06,6.9484e-06,7.9801e-06,6.8552e-06
P66,60.00,90.00,30.00,0.00,6.8419e-08,1.6179e-07,5.4015e-07,2.9693e-06,6.6147e-06,6.6060e-06,4.6857e-06,6.8154e-08,1.4684e-07,3.9807e-07,3.0233e-06,5.6881e-06,6.5662e-06,5.5315e-06
P66,0.00,45.00,0.00,0.00,5.8431e-08,2.2054e-07,7.2899e-07,3.9502e-06,8.3527e-06,8.3422e-06,6.1152e-06,5.8400e-08,2.0016e-07,5.3704e-07,3.9981e-06,7.2153e-06,8.2850e-06,7.1854e-06
P66,0.00,135.00,0.00,0.00,5.8431e-08,2.2054e-07,7.2899e-07,3.9502e-06,8.3527e-06,8.3422e-06,6.1152e-06,5.8400e-08,2.0016e-07,5.3704e-07,3.9981e-06,7.2153e-06,8.2850e-06,7.1854e-06
P66,0.00,90.00,60.00,0.00,5.0375e-08,2.1983e-07,7.2844e-07,3.9494e-06,8.3523e-06,8.3418e-06,6.1150e-06,5.0391e-08,1.9944e-07,5.3646e-07,3.9972e-06,7.2148e-06,8.2847e-06,7.1852e-06
P66,0.00,45.00,30.00,0.00,5.6901e-08,2.2042e-07,7.2890e-07,3.9501e-06,8.3526e-06,8.3421e-06,6.1152e-06,5.6880e-08,2.0004e-07,5.3694e-07,3.9979e-06,7.2152e-06,8.2850e-06,7.1854e-06
P66,30.00,180.00,30.00,0.00,5.9074e-08,2.0746e-07,6.8948e-07,3.7715e-06,8.0429e-06,8.0327e-06,5.8124e-06,5.9009e-08,1.8820e-07,5.0755e-07,3.8221e-06,6.9483e-06,7.9800e-06,6.8551e-06
P66,30.00,135.00,60.00,0.00,5.1902e-08,2.0679e-07,6.8896e-07,3.7708e-06,8.0426e-06,8.0324e-06,5.8122e-06,5.1877e-08,1.8753e-07,5.0701e-07,3.8213e-06,6.9478e-06,7.9797e-06,6.8549e-06
P66,30.00,135.00,30.00,0.00,5.9085e-08,2.0746e-07,6.8948e-07,3.7715e-06,8.0429e-06,8.0327e-06,5.8124e-06,5.9020e-08,1.8820e-07,5.0755e-07,3.8221e-06,6.9483e-06,7.9800e-06,6.8551e-06
P66,0.00,0.00,60.00,0.00,5.0375e-08,2.1983e-07,7.2844e-07,3.9494e-06,8.3523e-06,8.3418e-06,6.1150e-06,5.0391e-08,1.9944e-07,5.3646e-07,3.9972e-06,7.2148e-06,8.2847e-06,7.1852e-06
P66,60.00,180.00,30.00,0.00,6.8270e-08,1.6177e-07,5.4014e-07,2.9692e-06,6.6146e-06,6.6060e-06,4.6857e-06,6.8006e-08,1.4682e-07,3.9806e-07,3.0233e-06,5.6881e-06,6.5662e-06,5.5315e-06
P66,60.00,0.00,60.00,0.00,5.9774e-08,1.6093e-07,5.3944e-07,2.9683e-06,6.6142e-06,6.6056e-06,4.6855e-06,5.9561e-08,1.4597e-07,3.9734e-07,3.0223e-06,5.6875e-06,6.5658e-06,5.5312e-06
P66,30.00,0.00,60.00,0.00,5.2145e-08,2.0683e-07,6.8898e-07,3.7708e-06,8.0426e-06,8.0324e-06,5.8123e-06,5.2119e-08,1.8756e-07,5.0703e-07,3.8213e-06,6.9478e-06,7.9797e-06,6.8549e-06
P66,60.00,45.00,60.00,0.00,5.9615e-08,1.6090e-07,5.3942e-07,2.9683e-06,6.6142e-06,6.6056e-06,4.6855e-06,5.9403e-08,1.4595e-07,3.9732e-07,3.0223e-06,5.6875e-06,6.5658e-06,5.5312e-06
P66,60.00,0.00,30.00,0.00,6.8566e-08,1.6181e-07,5.4017e-07,2.9693e-06,6.6147e-06,6.6060e-06,4.6857e-06,6.8300e-08,1.4686e-07,3.9809e-07,3.0233e-06,5.6881e-06,6.5662e-06,5.5315e-06
P66,60.00,135.00,30.00,0.00,6.8313e-08,1.6178e-07,5.4014e-07,2.9693e-06,6.6146e-06,6.6060e-06,4.6857e-06,6.8049e-08,1.4682e-07,3.9806e-07,3.0233e-06,5.6881e-06,6.5662e-06,5.5315e-06
P66,0.00,90.00,30.00,0.00,5.6901e-08,2.2042e-07,7.2890e-07,3.9501e-06,8.3526e-06,8.3421e-06,6.1152e-06,5.6880e-08,2.0004e-07,5.3694e-07,3.9979e-06,7.2152e-06,8.2850e-06,7.1854e-06
P66,30.00,0.00,0.00,0.00,6.0769e-08,2.0760e-07,6.8959e-07,3.7717e-06,8.0430e-06,8.0328e-06,5.8125e-06,6.0694e-08,1.8834e-07,5.0766e-07,3.8222e-06,6.9484e-06,7.9801e-06,6.8552e-06
P66,0.00,180.00,60.00,0.00,5.0375e-08,2.1983e-07,7.2844e-07,3.9494e-06,8.3523e-06,8.3418e-06,6.1150e-06,5.0391e-08,1.9944e-07,5.3646e-07,3.9972e-06,7.2148e-06,8.2847e-06,7.1852e-06
P66,60.00,180.00,0.00,0.00,7.0519e-08,1.6198e-07,5.4031e-07,2.9695e-06,6.6148e-06,6.6061e-06,4.6858e-06,7.0241e-08,1.4703e-07,3.9824e-07,3.0235e-06,5.6882e-06,6.5663e-06,5.5316e-06
P66,30.00,180.00,0.00,0.00,6.0769e-08,2.0760e-07,6.8959e-07,3.7717e-06,8.0430e-06,8.0328e-06,5.8125e-06,6.0694e-08,1.8834e-07,5.0766e-07,3.8222e-06,6.9484e-06,7.9801e-06,6.8552e-06
P66,30.00,45.00,60.00,0.00,5.2104e-08,2.0682e-07,6.8898e-07,3.7708e-06,8.0426e-06,8.0324e-06,5.8123e-06,5.2078e-08,1.8756e-07,5.0703e-07,3.8213e-06,6.9478e-06,7.9797e-06,6.8549e-06
P66,30.00,180.00,60.00,0.00,5.1860e-08,2.0679e-07,6.8896e-07,3.7707e-06,8.0426e-06,8.0324e-06,5.8122e-06,5.1835e-08,1.8753e-07,5.0700e-07,3.8213e-06,6.9478e-06,7.9797e-06,6.8549e-06
P66,30.00,0.00,30.00,0.00,5.9151e-08,2.0747e-07,6.8949e-07,3.7715e-06,8.0429e-06,8.0327e-06,5.8124e-06,5.9086e-08,1.8821e-07,5.0756e-07,3.8221e-06,6.9483e-06,7.9800e-06,6.8551e-06
P66,30.00,45.00,30.00,0.00,5.9139e-08,2.0747e-07,6.8949e-07,3.7715e-06,8.0429e-06,8.0327e-06,5.8124e-06,5.9075e-08,1.8821e-07,5.0755e-07,3.8221e-06,6.9483e-06,7.9800e-06,6.8551e-06
P66,0.00,45.00,60.00,0.00,5.0375e-08,2.1983e-07,7.2844e-07,3.9494e-06,8.3523e-06,8.3418e-06,6.1150e-06,5.0391e-08,1.9944e-07,5.3646e-07,3.9972e-06,7.2148e-06,8.2847e-06,7.1852e-06
P66,0.00,180.00,0.00,0.00,5.8431e-08,2.2054e-07,7.2899e-07,3.9502e-06,8.3527e-06,8.3422e-06,6.1152e-06,5.8400e-08,2.0016e-07,5.3704e-07,3.9981e-06,7.2153e-06,8.2850e-06,7.1854e-06
P66,0.00,135.00,60.00,0.00,5.0375e-08,2.1983e-07,7.2844e-07,3.9494e-06,8.3523e-06,8.3418e-06,6.1150e-06,5.0391e-08,1.9944e-07,5.3646e-07,3.9972e-06,7.2148e-06,8.2847e-06,7.1852e-06
P66,0.00,90.00,0.00,0.00,5.8431e-08,2.2054e-07,7.2899e-07,3.9502e-06,8.3527e-06,8.3422e-06,6.1152e-06,5.8400e-08,2.0016e-07,5.3704e-07,3.9981e-06,7.2153e-06,8.2850e-06,7.1854e-06
P66,60.00,45.00,0.00,0.00,7.0519e-08,1.6198e-07,5.4031e-07,2.9695e-06,6.6148e-06,6.6061e-06,4.6858e-06,7.0241e-08,1.4703e-07,3.9824e-07,3.0235e-06,5.6882e-06,6.5663e-06,5.5316e-06
P66,60.00,45.00,30.00,0.00,6.8523e-08,1.6180e-07,5.4016e-07,2.9693e-06,6.6147e-06,6.6060e-06,4.6857e-06,6.8258e-08,1.4685e-07,3.9808e-07,3.0233e-06,5.6881e-06,6.5662e-06,5.5315e-06
P66,60.00,135.00,0.00,0.00,7.0519e-08,1.6198e-07,5.4031e-07,2.9695e-06,6.6148e-06,6.6061e-06,4.6858e-06,7.0241e-08,1.4703e-07,3.9824e-07,3.0235e-06,5.6882e-06,6.5663e-06,5.5316e-06
P66,0.00,0.00,30.00,0.00,5.6901e-08,2.2042e-07,7.2890e-07,3.9501e-06,8.3526e-06,8.3421e-06,6.1152e-06,5.6880e-08,2.0004e-07,5.3694e-07,3.9979e-06,7.2152e-06,8.2850e-06,7.1854e-06
P66,0.00,180.00,30.00,0.00,5.6901e-08,2.2042e-07,7.2890e-07,3.9501e-06,8.3526e-06,8.3421e-06,6.1152e-06,5.6880e-08,2.0004e-07,5.3694e-07,3.9979e-06,7.2152e-06,8.2850e-06,7.1854e-06
P66,0.00,0.00,0.00,0.00,5.8431e-08,2.2054e-07,7.2899e-07,3.9502e-06,8.3527e-06,8.3422e-06,6.1152e-06,5.8400e-08,2.0016e-07,5.3704e-07,3.9981e-06,7.2153e-06,8.2850e-06,7.1854e-06
P66,30.00,90.00,0.00,0.00,6.0769e-08,2.0760e-07,6.8959e-07,3.7717e-06,8.0430e-06,8.0328e-06,5.8125e-06,6.0694e-08,1.8834e-07,5.0766e-07,3.8222e-06,6.9484e-06,7.9801e-06,6.8552e-06
P66,60.00,90.00,60.00,0.00,5.9222e-08,1.6085e-07,5.3938e-07,2.9683e-06,6.6142e-06,6.6056e-06,4.6855e-06,5.9012e-08,1.4589e-07,3.9727e-07,3.0223e-06,5.6875e-06,6.5658e-06,5.5312e-06
P66,60.00,180.00,60.00,0.00,5.8641e-08,1.6077e-07,5.3931e-07,2.9682e-06,6.6142e-06,6.6055e-06,4.6855e-06,5.8433e-08,1.4581e-07,3.9721e-07,3.0222e-06,5.6874e-06,6.5657e-06,5.5312e-06
P66,60.00,135.00,60.00,0.00,5.8814e-08,1.6079e-07,5.3933e-07,2.9682e-06,6.6142e-06,6.6056e-06,4.6855e-06,5.8606e-08,1.4584e-07,3.9723e-07,3.0222e-06,5.6874e-06,6.5657e-06,5.5312e-06
P66,0.00,135.00,30.00,0.00,5.6901e-08,2.2042e-07,7.2890e-07,3.9501e-06,8.3526e-06,8.3421e-06,6.1152e-06,5.6880e-08,2.0004e-07,5.3694e-07,3.9979e-06,7.2152e-06,8.2850e-06,7.1854e-06
P66,30.00,90.00,60.00,0.00,5.2004e-08,2.0681e-07,6.8897e-07,3.7708e-06,8.0426e-06,8.0324e-06,5.8122e-06,5.1978e-08,1.8755e-07,5.0701e-07,3.8213e-06,6.9478e-06,7.9797e-06,6.8549e-06
P66,60.00,90.00,0.00,0.00,7.0519e-08,1.6198e-07,5.4031e-07,2.9695e-06,6.6148e-06,6.6061e-06,4.6858e-06,7.0241e-08,1.4703e-07,3.9824e-07,3.0235e-06,5.6882e-06,6.5663e-06,5.5316e-06
P66,30.00,45.00,0.00,0.00,6.0769e-08,2.0760e-07,6.8959e-07,3.7717e-06,8.0430e-06,8.0328e-06,5.8125e-06,6.0694e-08,1.8834e-07,5.0766e-07,3.8222e-06,6.9484e-06,7.9801e-06,6.8552e-06
P67,60.00,0.00,30.00,0.00,6.5668e-08,1.9983e-07,6.6799e-07,3.5727e-06,7.6321e-06,7.6213e-06,5.7988e-06,6.5567e-08,1.8118e-07,4.8386e-07,3.6217e-06,6.4481e-06,7.5508e-06,6.6926e-06
P67,60.00,45.00,0.00,0.00,6.7081e-08,1.9997e-07,6.6812e-07,3.5729e-06,7.6322e-06,7.6214e-06,5.7988e-06,6.6976e-08,1.8133e-07,4.8400e-07,3.6219e-06,6.4482e-06,7.5509e-06,6.6927e-06
P67,0.00,0.00,30.00,0.00,5.4435e-08,2.6193e-07,9.0018e-07,4.3974e-06,9.0664e-06,9.0541e-06,7.2417e-06,5.4548e-08,2.3663e-07,6.4251e-07,4.4347e-06,7.7143e-06,8.9665e-06,8.2349e-06
P67,30.00,45.00,60.00,0.00,5.1399e-08,2.4704e-07,8.4823e-07,4.2534e-06,8.8215e-06,8.8094e-06,6.9451e-06,5.1486e-08,2.2318e-07,6.0646e-07,4.2942e-06,7.4994e-06,8.7254e-06,7.9384e-06
P67,60.00,90.00,30.00,0.00,6.5550e-08,1.9981e-07,6.6798e-07,3.5727e-06,7.6321e-06,7.6213e-06,5.7988e-06,6.5449e-08,1.8117e-07,4.8385e-07,3.6217e-06,6.4481e-06,7.5508e-06,6.6926e-06
P67,60.00,135.00,0.00,0.00,6.7081e-08,1.9997e-07,6.6812e-07,3.5729e-06,7.6322e-06,7.6214e-06,5.7988e-06,6.6976e-08,1.8133e-07,4.8400e-07,3.6219e-06,6.4482e-06,7.5509e-06,6.6927e-06
P67,30.00,0.00,30.00,0.00,5.6533e-08,2.4760e-07,8.4870e-07,4.2539e-06,8.8218e-06,8.8097e-06,6.9453e-06,5.6611e-08,2.2374e-07,6.0696e-07,4.2948e-06,7.4999e-06,8.7257e-06,7.9386e-06
P67,30.00,180.00,0.00,0.00,5.7655e-08,2.4773e-07,8.4880e-07,4.2540e-06,8.8218e-06,8.8098e-06,6.9453e-06,5.7730e-08,2.2386e-07,6.0706e-07,4.2949e-06,7.5000e-06,8.7258e-06,7.9386e-06
P67,30.00,45.00,30.00,0.00,5.6525e-08,2.4760e-07,8.4870e-07,4.2539e-06,8.8218e-06,8.8097e-06,6.9453e-06,5.6602e-08,2.2374e-07,6.0695e-07,4.2948e-06,7.4999e-06,8.7257e-06,7.9386e-06
P67,60.00,45.00,60.00,0.00,5.8867e-08,1.9910e-07,6.6732e-07,3.5720e-06,7.6317e-06,7.6208e-06,5.7986e-06,5.8786e-08,1.8046e-07,4.8319e-07,3.6210e-06,6.4475e-06,7.5504e-06,6.6924e-06
P67,0.00,135.00,30.00,0.00,5.4435e-08,2.6193e-07,9.0018e-07,4.3974e-06,9.0664e-06,9.0541e-06,7.2417e-06,5.4548e-08,2.3663e-07,6.4251e-07,4.4347e-06,7.7143e-06,8.9665e-06,8.2349e-06
P67,0.00,180.00,30.00,0.00,5.4435e-08,2.6193e-07,9.0018e-07,4.3974e-06,9.0664e-06,9.0541e-06,7.2417e-06,5.4548e-08,2.3663e-07,6.4251e-07,4.4347e-06,7.7143e-06,8.9665e-06,8.2349e-06
P67,0.00,90.00,30.00,0.00,5.4435e-08,2.6193e-07,9.0018e-07,4.3974e-06,9.0664e-06,9.0541e-06,7.2417e-06,5.4548e-08,2.3663e-07,6.4251e-07,4.4347e-06,7.7143e-06,8.9665e-06,8.2349e-06
P67,0.00,135.00,60.00,0.00,4.9719e-08,2.6141e-07,8.9975e-07,4.3969e-06,9.0661e-06,9.0538e-06,7.2415e-06,4.9841e-08,2.3611e-07,6.4207e-07,4.4341e-06,7.7139e-06,8.9662e-06,8.2347e-06
P67,30.00,180.00,60.00,0.00,5.1204e-08,2.4702e-07,8.4821e-07,4.2533e-06,8.8215e-06,8.8094e-06,6.9451e-06,5.1291e-08,2.2315e-07,6.0644e-07,4.2942e-06,7.4994e-06,8.7254e-06,7.9383e-06
P67,0.00,90.00,60.00,0.00,4.9719e-08,2.6141e-07,8.9975e-07,4.3969e-06,9.0661e-06,9.0538e-06,7.2415e-06,4.9841e-08,2.3611e-07,6.4207e-07,4.4341e-06,7.7139e-06,8.9662e-06,8.2347e-06
P67,0.00,180.00,0.00,0.00,5.5486e-08,2.6205e-07,9.0027e-07,4.3975e-06,9.0665e-06,9.0541e-06,7.2417e-06,5.5596e-08,2.3675e-07,6.4261e-07,4.4348e-06,7.7144e-06,8.9666e-06,8.2349e-06
P67,60.00,0.00,0.00,0.00,6.7081e-08,1.9997e-07,6.6812e-07,3.5729e-06,7.6322e-06,7.6214e-06,5.7988e-06,6.6976e-08,1.8133e-07,4.8400e-07,3.6219e-06,6.4482e-06,7.5509e-06,6.6927e-06
P67,60.00,180.00,60.00,0.00,5.8050e-08,1.9900e-07,6.6722e-07,3.5719e-06,7.6316e-06,7.6208e-06,5.7985e-06,5.7972e-08,1.8036e-07,4.8309e-07,3.6209e-06,6.4474e-06,7.5503e-06,6.6923e-06
P67,30.00,90.00,30.00,0.00,5.6504e-08,2.4760e-07,8.4870e-07,4.2539e-06,8.8218e-06,8.8097e-06,6.9453e-06,5.6582e-08,2.2374e-07,6.0695e-07,4.2948e-06,7.4999e-06,8.7257e-06,7.9386e-06
P67,30.00,45.00,0.00,0.00,5.7655e-08,2.4773e-07,8.4880e-07,4.2540e-06,8.8218e-06,8.8098e-06,6.9453e-06,5.7730e-08,2.2386e-07,6.0706e-07,4.2949e-06,7.5000e-06,8.7258e-06,7.9386e-06
P67,60.00,135.00,30.00,0.00,6.5466e-08,1.9980e-07,6.6797e-07,3.5727e-06,7.6321e-06,7.6213e-06,5.7988e-06,6.5365e-08,1.8115e-07,4.8384e-07,3.6217e-06,6.4481e-06,7.5508e-06,6.6926e-06
P67,30.00,90.00,60.00,0.00,5.1318e-08,2.4703e-07,8.4822e-07,4.2534e-06,8.8215e-06,8.8094e-06,6.9451e-06,5.1406e-08,2.2317e-07,6.0645e-07,4.2942e-06,7.4994e-06,8.7254e-06,7.9384e-06
P67,60.00,45.00,30.00,0.00,6.5634e-08,1.9982e-07,6.6799e-07,3.5727e-06,7.6321e-06,7.6213e-06,5.7988e-06,6.5532e-08,1.8118e-07,4.8386e-07,3.6217e-06,6.4481e-06,7.5508e-06,6.6926e-06
P67,0.00,0.00,0.00,0.00,5.5486e-08,2.6205e-07,9.0027e-07,4.3975e-06,9.0665e-06,9.0541e-06,7.2417e-06,5.5596e-08,2.3675e-07,6.4261e-07,4.4348e-06,7.7144e-06,8.9666e-06,8.2349e-06
P67,30.00,0.00,0.00,0.00,5.7655e-08,2.4773e-07,8.4880e-07,4.2540e-06,8.8218e-06,8.8098e-06,6.9453e-06,5.7730e-08,2.2386e-07,6.0706e-07,4.2949e-06,7.5000e-06,8.7258e-06,7.9386e-06
P67,30.00,180.00,30.00,0.00,5.6476e-08,2.4760e-07,8.4870e-07,4.2539e-06,8.8218e-06,8.8097e-06,6.9453e-06,5.6553e-08,2.2374e-07,6.0695e-07,4.2948e-06,7.4999e-06,8.7257e-06,7.9386e-06
P67,30.00,135.00,60.00,0.00,5.1237e-08,2.4702e-07,8.4821e-07,4.2533e-06,8.8215e-06,8.8094e-06,6.9451e-06,5.1325e-08,2.2316e-07,6.0645e-07,4.2942e-06,7.4994e-06,8.7254e-06,7.9384e-06
P67,60.00,180.00,30.00,0.00,6.5431e-08,1.9980e-07,6.6797e-07,3.5727e-06,7.6321e-06,7.6213e-06,5.7988e-06,6.5330e-08,1.8115e-07,4.8384e-07,3.6217e-06,6.4481e-06,7.5508e-06,6.6926e-06
P67,0.00,135.00,0.00,0.00,5.5486e-08,2.6205e-07,9.0027e-07,4.3975e-06,9.0665e-06,9.0541e-06,7.2417e-06,5.5596e-08,2.3675e-07,6.4261e-07,4.4348e-06,7.7144e-06,8.9666e-06,8.2349e-06
P67,0.00,45.00,30.00,0.00,5.4435e-08,2.6193e-07,9.0018e-07,4.3974e-06,9.0664e-06,9.0541e-06,7.2417e-06,5.4548e-08,2.3663e-07,6.4251e-07,4.4347e-06,7.7143e-06,8.9665e-06,8.2349e-06
P67,60.00,0.00,60.00,0.00,5.9000e-08,1.9912e-07,6.6733e-07,3.5720e-06,7.6317e-06,7.6208e-06,5.7986e-06,5.8919e-08,1.8048e-07,4.8320e-07,3.6210e-06,6.4475e-06,7.5504e-06,6.6924e-06
P67,0.00,90.00,0.00,0.00,5.5486e-08,2.6205e-07,9.0027e-07,4.3975e-06,9.0665e-06,9.0541e-06,7.2417e-06,5.5596e-08,2.3675e-07,6.4261e-07,4.4348e-06,7.7144e-06,8.9666e-06,8.2349e-06
P67,30.00,0.00,60.00,0.00,5.1432e-08,2.4705e-07,8.4823e-07,4.2534e-06,8.8215e-06,8.8094e-06,6.9451e-06,5.1520e-08,2.2318e-07,6.0647e-07,4.2942e-06,7.4994e-06,8.7254e-06,7.9384e-06
P67,0.00,0.00,60.00,0.00,4.9719e-08,2.6141e-07,8.9975e-07,4.3969e-06,9.0661e-06,9.0538e-06,7.2415e-06,4.9841e-08,2.3611e-07,6.4207e-07,4.4341e-06,7.7139e-06,8.9662e-06,8.2347e-06
P67,0.00,45.00,60.00,0.00,4.9719e-08,2.6141e-07,8.9975e-07,4.3969e-06,9.0661e-06,9.0538e-06,7.2415e-06,4.9841e-08,2.3611e-07,6.4207e-07,4.4341e-06,7.7139e-06,8.9662e-06,8.2347e-06
P67,0.00,180.00,60.00,0.00,4.9719e-08,2.6141e-07,8.9975e-07,4.3969e-06,9.0661e-06,9.0538e-06,7.2415e-06,4.9841e-08,2.3611e-07,6.4207e-07,4.4341e-06,7.7139e-06,8.9662e-06,8.2347e-06
P67,60.00,90.00,60.00,0.00,5.8538e-08,1.9906e-07,6.6728e-07,3.5719e-06,7.6317e-06,7.6208e-06,5.7985e-06,5.8458e-08,1.8042e-07,4.8315e-07,3.6209e-06,6.4475e-06,7.5503e-06,6.6923e-06
P67,60.00,135.00,60.00,0.00,5.8196e-08,1.9902e-07,6.6724e-07,3.5719e-06,7.6316e-06,7.6208e-06,5.7985e-06,5.8117e-08,1.8038e-07,4.8311e-07,3.6209e-06,6.4474e-06,7.5503e-06,6.6923e-06
P67,30.00,135.00,0.00,0.00,5.7655e-08,2.4773e-07,8.4880e-07,4.2540e-06,8.8218e-06,8.8098e-06,6.9453e-06,5.7730e-08,2.2386e-07,6.0706e-07,4.2949e-06,7.5000e-06,8.7258e-06,7.9386e-06
P67,60.00,180.00,0.00,0.00,6.7081e-08,1.9997e-07,6.6812e-07,3.5729e-06,7.6322e-06,7.6214e-06,5.7988e-06,6.6976e-08,1.8133e-07,4.8400e-07,3.6219e-06,6.4482e-06,7.5509e-06,6.6927e-06
P67,0.00,45.00,0.00,0.00,5.5486e-08,2.6205e-07,9.0027e-07,4.3975e-06,9.0665e-06,9.0541e-06,7.2417e-06,5.5596e-08,2.3675e-07,6.4261e-07,4.4348e-06,7.7144e-06,8.9666e-06,8.2349e-06
P67,60.00,90.00,0.00,0.00,6.7081e-08,1.9997e-07,6.6812e-07,3.5729e-06,7.6322e-06,7.6214e-06,5.7988e-06,6.6976e-08,1.8133e-07,4.8400e-07,3.6219e-06,6.4482e-06,7.5509e-06,6.6927e-06
P67,30.00,90.00,0.00,0.00,5.7655e-08,2.4773e-07,8.4880e-07,4.2540e-06,8.8218e-06,8.8098e-06,6.9453e-06,5.7730e-08,2.2386e-07,6.0706e-07,4.2949e-06,7.5000e-06,8.7258e-06,7.9386e-06
P67,30.00,135.00,30.00,0.00,5.6484e-08,2.4760e-07,8.4870e-07,4.2539e-06,8.8218e-06,8.8097e-06,6.9453e-06,5.6561e-08,2.2374e-07,6.0695e-07,4.2948e-06,7.4999e-06,8.7257e-06,7.9386e-06
P68,0.00,45.00,0.00,0.00,6.2056e-08,2.6904e-07,8.0524e-07,3.9645e-06,8.4865e-06,8.4755e-06,6.1083e-06,6.1825e-08,2.4743e-07,6.0736e-07,4.0236e-06,7.2907e-06,8.4129e-06,7.1981e-06
P68,0.00,0.00,30.00,0.00,6.0043e-08,2.6890e-07,8.0513e-07,3.9644e-06,8.4864e-06,8.4754e-06,6.1083e-06,5.9838e-08,2.4729e-07,6.0725e-07,4.0235e-06,7.2906e-06,8.4128e-06,7.1981e-06
P68,60.00,90.00,30.00,0.00,7.2264e-08,2.2072e-07,6.2439e-07,3.0026e-06,6.8340e-06,6.8248e-06,4.8734e-06,7.1799e-08,2.0450e-07,4.8031e-07,3.0656e-06,5.8356e-06,6.7794e-06,5.6796e-06
P68,30.00,180.00,60.00,0.00,5.3643e-08,2.5705e-07,7.6533e-07,3.7865e-06,8.1901e-06,8.1795e-06,5.8338e-06,5.3480e-08,2.3660e-07,5.7868e-07,3.8482e-06,7.0342e-06,8.1212e-06,6.8859e-06
P68,0.00,45.00,60.00,0.00,5.2062e-08,2.6824e-07,8.0461e-07,3.9636e-06,8.4862e-06,8.4751e-06,6.1081e-06,5.1946e-08,2.4663e-07,6.0671e-07,4.0227e-06,7.2902e-06,8.4125e-06,7.1979e-06
P68,60.00,135.00,0.00,0.00,7.4918e-08,2.2094e-07,6.2456e-07,3.0029e-06,6.8341e-06,6.8249e-06,4.8734e-06,7.4426e-08,2.0472e-07,4.8049e-07,3.0659e-06,5.8358e-06,6.7795e-06,5.6797e-06
P68,30.00,45.00,60.00,0.00,5.3911e-08,2.5708e-07,7.6535e-07,3.7865e-06,8.1902e-06,8.1795e-06,5.8338e-06,5.3746e-08,2.3664e-07,5.7871e-07,3.8482e-06,7.0342e-06,8.1213e-06,6.8859e-06
P68,60.00,180.00,30.00,0.00,7.2098e-08,2.2070e-07,6.2437e-07,3.0026e-06,6.8340e-06,6.8248e-06,4.8734e-06,7.1635e-08,2.0448e-07,4.8030e-07,3.0656e-06,5.8356e-06,6.7794e-06,5.6796e-06
P68,60.00,180.00,0.00,0.00,7.4918e-08,2.2094e-07,6.2456e-07,3.0029e-06,6.8341e-06,6.8249e-06,4.8734e-06,7.4426e-08,2.0472e-07,4.8049e-07,3.0659e-06,5.8358e-06,6.7795e-06,5.6797e-06
P68,30.00,90.00,60.00,0.00,5.3801e-08,2.5707e-07,7.6534e-07,3.7865e-06,8.1902e-06,8.1795e-06,5.8338e-06,5.3637e-08,2.3662e-07,5.7870e-07,3.8482e-06,7.0342e-06,8.1212e-06,6.8859e-06
P68,0.00,90.00,30.00,0.00,6.0043e-08,2.6890e-07,8.0513e-07,3.9644e-06,8.4864e-06,8.4754e-06,6.1083e-06,5.9838e-08,2.4729e-07,6.0725e-07,4.0235e-06,7.2906e-06,8.4128e-06,7.1981e-06
P68,30.00,0.00,0.00,0.00,6.4591e-08,2.5797e-07,7.6604e-07,3.7876e-06,8.1906e-06,8.1799e-06,5.8341e-06,6.4309e-08,2.3752e-07,5.7943e-07,3.8493e-06,7.0347e-06,8.1217e-06,6.8862e-06
P68,60.00,135.00,30.00,0.00,7.2147e-08,2.2070e-07,6.2438e-07,3.0026e-06,6.8340e-06,6.8248e-06,4.8734e-06,7.1683e-08,2.0448e-07,4.8030e-07,3.0656e-06,5.8356e-06,6.7794e-06,5.6796e-06
P68,30.00,0.00,30.00,0.00,6.2476e-08,2.5782e-07,7.6593e-07,3.7874e-06,8.1905e-06,8.1798e-06,5.8341e-06,6.2221e-08,2.3737e-07,5.7931e-07,3.8491e-06,7.0346e-06,8.1216e-06,6.8861e-06
P68,30.00,0.00,60.00,0.00,5.3957e-08,2.5709e-07,7.6535e-07,3.7866e-06,8.1902e-06,8.1795e-06,5.8338e-06,5.3792e-08,2.3664e-07,5.7872e-07,3.8482e-06,7.0342e-06,8.1213e-06,6.8859e-06
P68,60.00,135.00,60.00,0.00,6.0916e-08,2.1959e-07,6.2347e-07,3.0014e-06,6.8335e-06,6.8243e-06,4.8731e-06,6.0560e-08,2.0337e-07,4.7936e-07,3.0643e-06,5.8349e-06,6.7789e-06,5.6793e-06
P68,30.00,135.00,0.00,0.00,6.4591e-08,2.5797e-07,7.6604e-07,3.7876e-06,8.1906e-06,8.1799e-06,5.8341e-06,6.4309e-08,2.3752e-07,5.7943e-07,3.8493e-06,7.0347e-06,8.1217e-06,6.8862e-06
P68,60.00,45.00,60.00,0.00,6.1777e-08,2.1972e-07,6.2356e-07,3.0015e-06,6.8336e-06,6.8243e-06,4.8731e-06,6.1416e-08,2.0349e-07,4.7946e-07,3.0644e-06,5.8350e-06,6.7790e-06,5.6793e-06
P68,30.00,180.00,0.00,0.00,6.4591e-08,2.5797e-07,7.6604e-07,3.7876e-06,8.1906e-06,8.1799e-06,5.8341e-06,6.4309e-08,2.3752e-07,5.7943e-07,3.8493e-06,7.0347e-06,8.1217e-06,6.8862e-06
P68,30.00,180.00,30.00,0.00,6.2386e-08,2.5781e-07,7.6592e-07,3.7874e-06,8.1905e-06,8.1798e-06,5.8341e-06,6.2132e-08,2.3736e-07,5.7930e-07,3.8491e-06,7.0346e-06,8.1216e-06,6.8861e-06
P68,0.00,135.00,60.00,0.00,5.2062e-08,2.6824e-07,8.0461e-07,3.9636e-06,8.4862e-06,8.4751e-06,6.1081e-06,5.1946e-08,2.4663e-07,6.0671e-07,4.0227e-06,7.2902e-06,8.4125e-06,7.1979e-06
P68,0.00,90.00,60.00,0.00,5.2062e-08,2.6824e-07,8.0461e-07,3.9636e-06,8.4862e-06,8.4751e-06,6.1081e-06,5.1946e-08,2.4663e-07,6.0671e-07,4.0227e-06,7.2902e-06,8.4125e-06,7.1979e-06
P68,30.00,45.00,0.00,0.00,6.4591e-08,2.5797e-07,7.6604e-07,3.7876e-06,8.1906e-06,8.1799e-06,5.8341e-06,6.4309e-08,2.3752e-07,5.7943e-07,3.8493e-06,7.0347e-06,8.1217e-06,6.8862e-06
P68,60.00,45.00,0.00,0.00,7.4918e-08,2.2094e-07,6.2456e-07,3.0029e-06,6.8341e-06,6.8249e-06,4.8734e-06,7.4426e-08,2.0472e-07,4.8049e-07,3.0659e-06,5.8358e-06,6.7795e-06,5.6797e-06
P68,0.00,135.00,0.00,0.00,6.2056e-08,2.6904e-07,8.0524e-07,3.9645e-06,8.4865e-06,8.4755e-06,6.1083e-06,6.1825e-08,2.4743e-07,6.0736e-07,4.0236e-06,7.2907e-06,8.4129e-06,7.1981e-06
P68,0.00,0.00,60.00,0.00,5.2062e-08,2.6824e-07,8.0461e-07,3.9636e-06,8.4862e-06,8.4751e-06,6.1081e-06,5.1946e-08,2.4663e-07,6.0671e-07,4.0227e-06,7.2902e-06,8.4125e-06,7.1979e-06
P68,0.00,0.00,0.00,0.00,6.2056e-08,2.6904e-07,8.0524e-07,3.9645e-06,8.4865e-06,8.4755e-06,6.1083e-06,6.1825e-08,2.4743e-07,6.0736e-07,4.0236e-06,7.2907e-06,8.4129e-06,7.1981e-06
P68,60.00,0.00,30.00,0.00,7.2427e-08,2.2074e-07,6.2440e-07,3.0026e-06,6.8340e-06,6.8248e-06,4.8734e-06,7.1961e-08,2.0452e-07,4.8033e-07,3.0656e-06,5.8356e-06,6.7794e-06,5.6796e-06
P68,60.00,90.00,0.00,0.00,7.4918e-08,2.2094e-07,6.2456e-07,3.0029e-06,6.8341e-06,6.8249e-06,4.8734e-06,7.4426e-08,2.0472e-07,4.8049e-07,3.0659e-06,5.8358e-06,6.7795e-06,5.6797e-06
P68,60.00,180.00,60.00,0.00,6.0729e-08,2.1957e-07,6.2345e-07,3.0014e-06,6.8335e-06,6.8243e-06,4.8731e-06,6.0375e-08,2.0334e-07,4.7934e-07,3.0643e-06,5.8349e-06,6.7789e-06,5.6793e-06
P68,60.00,0.00,60.00,0.00,6.1948e-08,2.1974e-07,6.2358e-07,3.0015e-06,6.8336e-06,6.8243e-06,4.8731e-06,6.1585e-08,2.0351e-07,4.7948e-07,3.0645e-06,5.8350e-06,6.7790e-06,5.6793e-06
P68,30.00,135.00,60.00,0.00,5.3689e-08,2.5706e-07,7.6533e-07,3.7865e-06,8.1901e-06,8.1795e-06,5.8338e-06,5.3526e-08,2.3661e-07,5.7869e-07,3.8482e-06,7.0342e-06,8.1212e-06,6.8859e-06
P68,0.00,135.00,30.00,0.00,6.0043e-08,2.6890e-07,8.0513e-07,3.9644e-06,8.4864e-06,8.4754e-06,6.1083e-06,5.9838e-08,2.4729e-07,6.0725e-07,4.0235e-06,7.2906e-06,8.4128e-06,7.1981e-06
P68,0.00,45.00,30.00,0.00,6.0043e-08,2.6890e-07,8.0513e-07,3.9644e-06,8.4864e-06,8.4754e-06,6.1083e-06,5.9838e-08,2.4729e-07,6.0725e-07,4.0235e-06,7.2906e-06,8.4128e-06,7.1981e-06
P68,60.00,45.00,30.00,0.00,7.2380e-08,2.2073e-07,6.2440e-07,3.0026e-06,6.8340e-06,6.8248e-06,4.8734e-06,7.1914e-08,2.0451e-07,4.8032e-07,3.0656e-06,5.8356e-06,6.7794e-06,5.6796e-06
P68,0.00,180.00,30.00,0.00,6.0043e-08,2.6890e-07,8.0513e-07,3.9644e-06,8.4864e-06,8.4754e-06,6.1083e-06,5.9838e-08,2.4729e-07,6.0725e-07,4.0235e-06,7.2906e-06,8.4128e-06,7.1981e-06
P68,30.00,45.00,30.00,0.00,6.2463e-08,2.5781e-07,7.6593e-07,3.7874e-06,8.1905e-06,8.1798e-06,5.8341e-06,6.2208e-08,2.3737e-07,5.7931e-07,3.8491e-06,7.0346e-06,8.1216e-06,6.8861e-06
P68,60.00,90.00,60.00,0.00,6.1354e-08,2.1966e-07,6.2352e-07,3.0015e-06,6.8336e-06,6.8243e-06,4.8731e-06,6.0996e-08,2.0343e-07,4.7942e-07,3.0644e-06,5.8350e-06,6.7789e-06,5.6793e-06
P68,60.00,0.00,0.00,0.00,7.4918e-08,2.2094e-07,6.2456e-07,3.0029e-06,6.8341e-06,6.8249e-06,4.8734e-06,7.4426e-08,2.0472e-07,4.8049e-07,3.0659e-06,5.8358e-06,6.7795e-06,5.6797e-06
P68,0.00,180.00,60.00,0.00,5.2062e-08,2.6824e-07,8.0461e-07,3.9636e-06,8.4862e-06,8.4751e-06,6.1081e-06,5.1946e-08,2.4663e-07,6.0671e-07,4.0227e-06,7.2902e-06,8.4125e-06,7.1979e-06
P68,0.00,90.00,0.00,0.00,6.2056e-08,2.6904e-07,8.0524e-07,3.9645e-06,8.4865e-06,8.4755e-06,6.1083e-06,6.1825e-08,2.4743e-07,6.0736e-07,4.0236e-06,7.2907e-06,8.4129e-06,7.1981e-06
P68,30.00,90.00,0.00,0.00,6.4591e-08,2.5797e-07,7.6604e-07,3.7876e-06,8.1906e-06,8.1799e-06,5.8341e-06,6.4309e-08,2.3752e-07,5.7943e-07,3.8493e-06,7.0347e-06,8.1217e-06,6.8862e-06
P68,0.00,180.00,0.00,0.00,6.2056e-08,2.6904e-07,8.0524e-07,3.9645e-06,8.4865e-06,8.4755e-06,6.1083e-06,6.1825e-08,2.4743e-07,6.0736e-07,4.0236e-06,7.2907e-06,8.4129e-06,7.1981e-06
P68,30.00,90.00,30.00,0.00,6.2431e-08,2.5781e-07,7.6593e-07,3.7874e-06,8.1905e-06,8.1798e-06,5.8341e-06,6.2176e-08,2.3736e-07,5.7930e-07,3.8491e-06,7.0346e-06,8.1216e-06,6.8861e-06
P68,30.00,135.00,30.00,0.00,6.2399e-08,2.5781e-07,7.6592e-07,3.7874e-06,8.1905e-06,8.1798e-06,5.8341e-06,6.2145e-08,2.3736e-07,5.7930e-07,3.8491e-06,7.0346e-06,8.1216e-06,6.8861e-06
P69,30.00,45.00,60.00,0.00,5.1704e-08,2.5440e-07,9.2139e-07,4.1217e-06,8.6324e-06,8.6206e-06,6.3998e-06,5.1688e-08,2.2852e-07,6.5835e-07,4.1717e-06,7.3523e-06,8.5452e-06,7.4744e-06
P69,60.00,180.00,0.00,0.00,6.8253e-08,1.9574e-07,7.0516e-07,3.3982e-06,7.3708e-06,7.3603e-06,5.2870e-06,6.7997e-08,1.7613e-07,5.0037e-07,3.4565e-06,6.2329e-06,7.2987e-06,6.2094e-06
P69,30.00,180.00,0.00,0.00,5.8564e-08,2.5507e-07,9.2190e-07,4.1224e-06,8.6328e-06,8.6210e-06,6.4000e-06,5.8512e-08,2.2919e-07,6.5889e-07,4.1724e-06,7.3528e-06,8.5455e-06,7.4747e-06
P69,60.00,180.00,60.00,0.00,5.8484e-08,1.9469e-07,7.0431e-07,3.3972e-06,7.3703e-06,7.3598e-06,5.2867e-06,5.8280e-08,1.7508e-07,4.9949e-07,3.4555e-06,6.2322e-06,7.2981e-06,6.2090e-06
P69,0.00,135.00,0.00,0.00,5.6341e-08,2.7327e-07,9.7988e-07,4.2768e-06,8.8947e-06,8.8826e-06,6.6952e-06,5.6332e-08,2.4576e-07,7.0332e-07,4.3230e-06,7.5825e-06,8.8033e-06,7.7819e-06
P69,30.00,0.00,0.00,0.00,5.8564e-08,2.5507e-07,9.2190e-07,4.1224e-06,8.6328e-06,8.6210e-06,6.4000e-06,5.8512e-08,2.2919e-07,6.5889e-07,4.1724e-06,7.3528e-06,8.5455e-06,7.4747e-06
P69,30.00,90.00,0.00,0.00,5.8564e-08,2.5507e-07,9.2190e-07,4.1224e-06,8.6328e-06,8.6210e-06,6.4000e-06,5.8512e-08,2.2919e-07,6.5889e-07,4.1724e-06,7.3528e-06,8.5455e-06,7.4747e-06
P69,30.00,90.00,30.00,0.00,5.7261e-08,2.5495e-07,9.2181e-07,4.1223e-06,8.6327e-06,8.6209e-06,6.4000e-06,5.7217e-08,2.2907e-07,6.5880e-07,4.1722e-06,7.3527e-06,8.5455e-06,7.4746e-06
P69,60.00,0.00,30.00,0.00,6.6671e-08,1.9559e-07,7.0504e-07,3.3981e-06,7.3707e-06,7.3602e-06,5.2870e-06,6.6424e-08,1.7598e-07,5.0024e-07,3.4563e-06,6.2328e-06,7.2986e-06,6.2094e-06
P69,0.00,135.00,60.00,0.00,4.9994e-08,2.7266e-07,9.7942e-07,4.2762e-06,8.8943e-06,8.8823e-06,6.6950e-06,5.0020e-08,2.4514e-07,7.0284e-07,4.3223e-06,7.5821e-06,8.8029e-06,7.7817e-06
P69,30.00,90.00,60.00,0.00,5.1620e-08,2.5439e-07,9.2138e-07,4.1217e-06,8.6324e-06,8.6206e-06,6.3998e-06,5.1604e-08,2.2851e-07,6.5835e-07,4.1717e-06,7.3523e-06,8.5451e-06,7.4744e-06
P69,0.00,45.00,60.00,0.00,4.9994e-08,2.7266e-07,9.7942e-07,4.2762e-06,8.8943e-06,8.8823e-06,6.6950e-06,5.0020e-08,2.4514e-07,7.0284e-07,4.3223e-06,7.5821e-06,8.8029e-06,7.7817e-06
P69,60.00,90.00,60.00,0.00,5.8989e-08,1.9476e-07,7.0437e-07,3.3973e-06,7.3703e-06,7.3598e-06,5.2868e-06,5.8783e-08,1.7515e-07,4.9955e-07,3.4555e-06,6.2322e-06,7.2982e-06,6.2091e-06
P69,0.00,90.00,30.00,0.00,5.5143e-08,2.7317e-07,9.7980e-07,4.2767e-06,8.8946e-06,8.8826e-06,6.6952e-06,5.5143e-08,2.4565e-07,7.0324e-07,4.3228e-06,7.5824e-06,8.8032e-06,7.7818e-06
P69,60.00,135.00,0.00,0.00,6.8253e-08,1.9574e-07,7.0516e-07,3.3982e-06,7.3708e-06,7.3603e-06,5.2870e-06,6.7997e-08,1.7613e-07,5.0037e-07,3.4565e-06,6.2329e-06,7.2987e-06,6.2094e-06
P69,60.00,135.00,30.00,0.00,6.6458e-08,1.9556e-07,7.0501e-07,3.3981e-06,7.3707e-06,7.3602e-06,5.2870e-06,6.6212e-08,1.7595e-07,5.0022e-07,3.4563e-06,6.2328e-06,7.2986e-06,6.2093e-06
P69,0.00,90.00,0.00,0.00,5.6341e-08,2.7327e-07,9.7988e-07,4.2768e-06,8.8947e-06,8.8826e-06,6.6952e-06,5.6332e-08,2.4576e-07,7.0332e-07,4.3230e-06,7.5825e-06,8.8033e-06,7.7819e-06
P69,30.00,180.00,60.00,0.00,5.1500e-08,2.5438e-07,9.2137e-07,4.1217e-06,8.6324e-06,8.6206e-06,6.3998e-06,5.1484e-08,2.2849e-07,6.5834e-07,4.1717e-06,7.3523e-06,8.5451e-06,7.4744e-06
P69,0.00,180.00,0.00,0.00,5.6341e-08,2.7327e-07,9.7988e-07,4.2768e-06,8.8947e-06,8.8826e-06,6.6952e-06,5.6332e-08,2.4576e-07,7.0332e-07,4.3230e-06,7.5825e-06,8.8033e-06,7.7819e-06
P69,60.00,45.00,30.00,0.00,6.6635e-08,1.9558e-07,7.0503e-07,3.3981e-06,7.3707e-06,7.3602e-06,5.2870e-06,6.6388e-08,1.7597e-07,5.0024e-07,3.4563e-06,6.2328e-06,7.2986e-06,6.2094e-06
P69,0.00,90.00,60.00,0.00,4.9994e-08,2.7266e-07,9.7942e-07,4.2762e-06,8.8943e-06,8.8823e-06,6.6950e-06,5.0020e-08,2.4514e-07,7.0284e-07,4.3223e-06,7.5821e-06,8.8029e-06,7.7817e-06
P69,60.00,0.00,60.00,0.00,5.9469e-08,1.9483e-07,7.0442e-07,3.3973e-06,7.3703e-06,7.3598e-06,5.2868e-06,5.9261e-08,1.7522e-07,4.9961e-07,3.4556e-06,6.2323e-06,7.2982e-06,6.2091e-06
P69,0.00,0.00,30.00,0.00,5.5143e-08,2.7317e-07,9.7980e-07,4.2767e-06,8.8946e-06,8.8826e-06,6.6952e-06,5.5143e-08,2.4565e-07,7.0324e-07,4.3228e-06,7.5824e-06,8.8032e-06,7.7818e-06
P69,30.00,0.00,30.00,0.00,5.7292e-08,2.5496e-07,9.2182e-07,4.1223e-06,8.6327e-06,8.6209e-06,6.4000e-06,5.7248e-08,2.2908e-07,6.5880e-07,4.1722e-06,7.3527e-06,8.5455e-06,7.4746e-06
P69,60.00,45.00,60.00,0.00,5.9331e-08,1.9481e-07,7.0440e-07,3.3973e-06,7.3703e-06,7.3598e-06,5.2868e-06,5.9123e-08,1.7520e-07,4.9959e-07,3.4556e-06,6.2323e-06,7.2982e-06,6.2091e-06
P69,0.00,180.00,60.00,0.00,4.9994e-08,2.7266e-07,9.7942e-07,4.2762e-06,8.8943e-06,8.8823e-06,6.6950e-06,5.0020e-08,2.4514e-07,7.0284e-07,4.3223e-06,7.5821e-06,8.8029e-06,7.7817e-06
P69,0.00,45.00,0.00,0.00,5.6341e-08,2.7327e-07,9.7988e-07,4.2768e-06,8.8947e-06,8.8826e-06,6.6952e-06,5.6332e-08,2.4576e-07,7.0332e-07,4.3230e-06,7.5825e-06,8.8033e-06,7.7819e-06
P69,60.00,180.00,30.00,0.00,6.6421e-08,1.9556e-07,7.0501e-07,3.3981e-06,7.3707e-06,7.3602e-06,5.2870e-06,6.6175e-08,1.7595e-07,5.0022e-07,3.4563e-06,6.2328e-06,7.2986e-06,6.2093e-06
P69,0.00,45.00,30.00,0.00,5.5143e-08,2.7317e-07,9.7980e-07,4.2767e-06,8.8946e-06,8.8826e-06,6.6952e-06,5.5143e-08,2.4565e-07,7.0324e-07,4.3228e-06,7.5824e-06,8.8032e-06,7.7818e-06
P69,30.00,180.00,30.00,0.00,5.7230e-08,2.5495e-07,9.2181e-07,4.1223e-06,8.6327e-06,8.6209e-06,6.4000e-06,5.7186e-08,2.2907e-07,6.5879e-07,4.1722e-06,7.3527e-06,8.5455e-06,7.4746e-06
P69,0.00,0.00,0.00,0.00,5.6341e-08,2.7327e-07,9.7988e-07,4.2768e-06,8.8947e-06,8.8826e-06,6.6952e-06,5.6332e-08,2.4576e-07,7.0332e-07,4.3230e-06,7.5825e-06,8.8033e-06,7.7819e-06
P69,0.00,135.00,30.00,0.00,5.5143e-08,2.7317e-07,9.7980e-07,4.2767e-06,8.8946e-06,8.8826e-06,6.6952e-06,5.5143e-08,2.4565e-07,7.0324e-07,4.3228e-06,7.5824e-06,8.8032e-06,7.7818e-06
P69,60.00,90.00,30.00,0.00,6.6547e-08,1.9557e-07,7.0502e-07,3.3981e-06,7.3707e-06,7.3602e-06,5.2870e-06,6.6300e-08,1.7596e-07,5.0023e-07,3.4563e-06,6.2328e-06,7.2986e-06,6.2093e-06
P69,60.00,45.00,0.00,0.00,6.8253e-08,1.9574e-07,7.0516e-07,3.3982e-06,7.3708e-06,7.3603e-06,5.2870e-06,6.7997e-08,1.7613e-07,5.0037e-07,3.4565e-06,6.2329e-06,7.2987e-06,6.2094e-06
P69,60.00,90.00,0.00,0.00,6.8253e-08,1.9574e-07,7.0516e-07,3.3982e-06,7.3708e-06,7.3603e-06,5.2870e-06,6.7997e-08,1.7613e-07,5.0037e-07,3.4565e-06,6.2329e-06,7.2987e-06,6.2094e-06
P69,30.00,135.00,30.00,0.00,5.7239e-08,2.5495e-07,9.2181e-07,4.1223e-06,8.6327e-06,8.6209e-06,6.4000e-06,5.7195e-08,2.2907e-07,6.5879e-07,4.1722e-06,7.3527e-06,8.5455e-06,7.4746e-06
P69,30.00,135.00,60.00,0.00,5.1535e-08,2.5438e-07,9.2138e-07,4.1217e-06,8.6324e-06,8.6206e-06,6.3998e-06,5.1520e-08,2.2850e-07,6.5834e-07,4.1717e-06,7.3523e-06,8.5451e-06,7.4744e-06
P69,30.00,0.00,60.00,0.00,5.1739e-08,2.5441e-07,9.2139e-07,4.1217e-06,8.6324e-06,8.6206e-06,6.3998e-06,5.1723e-08,2.2852e-07,6.5836e-07,4.1717e-06,7.3523e-06,8.5452e-06,7.4744e-06
P69,0.00,180.00,30.00,0.00,5.5143e-08,2.7317e-07,9.7980e-07,4.2767e-06,8.8946e-06,8.8826e-06,6.6952e-06,5.5143e-08,2.4565e-07,7.0324e-07,4.3228e-06,7.5824e-06,8.8032e-06,7.7818e-06
P69,60.00,0.00,0.00,0.00,6.8253e-08,1.9574e-07,7.0516e-07,3.3982e-06,7.3708e-06,7.3603e-06,5.2870e-06,6.7997e-08,1.7613e-07,5.0037e-07,3.4565e-06,6.2329e-06,7.2987e-06,6.2094e-06
P69,30.00,135.00,0.00,0.00,5.8564e-08,2.5507e-07,9.2190e-07,4.1224e-06,8.6328e-06,8.6210e-06,6.4000e-06,5.8512e-08,2.2919e-07,6.5889e-07,4.1724e-06,7.3528e-06,8.5455e-06,7.4747e-06
P69,30.00,45.00,30.00,0.00,5.7283e-08,2.5495e-07,9.2182e-07,4.1223e-06,8.6327e-06,8.6209e-06,6.4000e-06,5.7239e-08,2.2908e-07,6.5880e-07,4.1722e-06,7.3527e-06,8.5455e-06,7.4746e-06
P69,0.00,0.00,60.00,0.00,4.9994e-08,2.7266e-07,9.7942e-07,4.2762e-06,8.8943e-06,8.8823e-06,6.6950e-06,5.0020e-08,2.4514e-07,7.0284e-07,4.3223e-06,7.5821e-06,8.8029e-06,7.7817e-06
P69,30.00,45.00,0.00,0.00,5.8564e-08,2.5507e-07,9.2190e-07,4.1224e-06,8.6328e-06,8.6210e-06,6.4000e-06,5.8512e-08,2.2919e-07,6.5889e-07,4.1724e-06,7.3528e-06,8.5455e-06,7.4747e-06
P69,60.00,135.00,60.00,0.00,5.8635e-08,1.9471e-07,7.0433e-07,3.3972e-06,7.3703e-06,7.3598e-06,5.2867e-06,5.8430e-08,1.7510e-07,4.9951e-07,3.4555e-06,6.2322e-06,7.2982e-06,6.2091e-06
P70,0.00,180.00,60.00,0.00,5.1589e-08,2.6952e-07,8.4335e-07,3.9681e-06,8.4352e-06,8.4242e-06,6.1065e-06,5.1504e-08,2.4648e-07,6.3728e-07,4.0182e-06,7.2449e-06,8.3610e-06,7.2043e-06
P70,30.00,45.00,60.00,0.00,5.3399e-08,2.5426e-07,8.0020e-07,3.7890e-06,8.1313e-06,8.1207e-06,5.8150e-06,5.3267e-08,2.3241e-07,6.0422e-07,3.8419e-06,6.9816e-06,8.0619e-06,6.8809e-06
P70,60.00,0.00,30.00,0.00,7.1411e-08,2.0188e-07,6.3585e-07,2.9883e-06,6.7295e-06,6.7203e-06,4.7588e-06,7.0991e-08,1.8471e-07,4.8055e-07,3.0443e-06,5.7421e-06,6.6745e-06,5.6032e-06
P70,30.00,0.00,0.00,0.00,6.3636e-08,2.5511e-07,8.0087e-07,3.7900e-06,8.1317e-06,8.1211e-06,5.8153e-06,6.3396e-08,2.3327e-07,6.0491e-07,3.8429e-06,6.9821e-06,8.0623e-06,6.8812e-06
P70,60.00,180.00,30.00,0.00,7.1091e-08,2.0184e-07,6.3582e-07,2.9882e-06,6.7295e-06,6.7203e-06,4.7588e-06,7.0674e-08,1.8467e-07,4.8051e-07,3.0443e-06,5.7421e-06,6.6745e-06,5.6032e-06
P70,60.00,45.00,30.00,0.00,7.1364e-08,2.0187e-07,6.3585e-07,2.9883e-06,6.7295e-06,6.7203e-06,4.7588e-06,7.0945e-08,1.8470e-07,4.8054e-07,3.0443e-06,5.7421e-06,6.6745e-06,5.6032e-06
P70,0.00,135.00,30.00,0.00,5.9235e-08,2.7016e-07,8.4385e-07,3.9688e-06,8.4355e-06,8.4245e-06,6.1067e-06,5.9068e-08,2.4712e-07,6.3780e-07,4.0190e-06,7.2453e-06,8.3613e-06,7.2045e-06
P70,60.00,0.00,60.00,0.00,6.1331e-08,2.0093e-07,6.3506e-07,2.9872e-06,6.7290e-06,6.7199e-06,4.7585e-06,6.1004e-08,1.8376e-07,4.7974e-07,3.0432e-06,5.7415e-06,6.6740e-06,5.6029e-06
P70,0.00,0.00,0.00,0.00,6.1168e-08,2.7029e-07,8.4395e-07,3.9690e-06,8.4356e-06,8.4246e-06,6.1067e-06,6.0975e-08,2.4726e-07,6.3791e-07,4.0191e-06,7.2454e-06,8.3614e-06,7.2046e-06
P70,30.00,135.00,60.00,0.00,5.3184e-08,2.5423e-07,8.0018e-07,3.7890e-06,8.1313e-06,8.1207e-06,5.8150e-06,5.3053e-08,2.3239e-07,6.0420e-07,3.8419e-06,6.9816e-06,8.0619e-06,6.8809e-06
P70,0.00,180.00,30.00,0.00,5.9235e-08,2.7016e-07,8.4385e-07,3.9688e-06,8.4355e-06,8.4245e-06,6.1067e-06,5.9068e-08,2.4712e-07,6.3780e-07,4.0190e-06,7.2453e-06,8.3613e-06,7.2045e-06
P70,0.00,90.00,60.00,0.00,5.1589e-08,2.6952e-07,8.4335e-07,3.9681e-06,8.4352e-06,8.4242e-06,6.1065e-06,5.1504e-08,2.4648e-07,6.3728e-07,4.0182e-06,7.2449e-06,8.3610e-06,7.2043e-06
P70,60.00,135.00,60.00,0.00,6.0328e-08,2.0079e-07,6.3495e-07,2.9871e-06,6.7290e-06,6.7198e-06,4.7585e-06,6.0008e-08,1.8362e-07,4.7962e-07,3.0431e-06,5.7414e-06,6.6740e-06,5.6028e-06
P70,0.00,45.00,30.00,0.00,5.9235e-08,2.7016e-07,8.4385e-07,3.9688e-06,8.4355e-06,8.4245e-06,6.1067e-06,5.9068e-08,2.4712e-07,6.3780e-07,4.0190e-06,7.2453e-06,8.3613e-06,7.2045e-06
P70,30.00,180.00,0.00,0.00,6.3636e-08,2.5511e-07,8.0087e-07,3.7900e-06,8.1317e-06,8.1211e-06,5.8153e-06,6.3396e-08,2.3327e-07,6.0491e-07,3.8429e-06,6.9821e-06,8.0623e-06,6.8812e-06
P70,30.00,135.00,0.00,0.00,6.3636e-08,2.5511e-07,8.0087e-07,3.7900e-06,8.1317e-06,8.1211e-06,5.8153e-06,6.3396e-08,2.3327e-07,6.0491e-07,3.8429e-06,6.9821e-06,8.0623e-06,6.8812e-06
P70,30.00,45.00,30.00,0.00,6.1594e-08,2.5496e-07,8.0076e-07,3.7898e-06,8.1317e-06,8.1210e-06,5.8152e-06,6.1379e-08,2.3312e-07,6.0479e-07,3.8428e-06,6.9821e-06,8.0622e-06,6.8812e-06
P70,0.00,0.00,30.00,0.00,5.9235e-08,2.7016e-07,8.4385e-07,3.9688e-06,8.4355e-06,8.4245e-06,6.1067e-06,5.9068e-08,2.4712e-07,6.3780e-07,4.0190e-06,7.2453e-06,8.3613e-06,7.2045e-06
P70,0.00,0.00,60.00,0.00,5.1589e-08,2.6952e-07,8.4335e-07,3.9681e-06,8.4352e-06,8.4242e-06,6.1065e-06,5.1504e-08,2.4648e-07,6.3728e-07,4.0182e-06,7.2449e-06,8.3610e-06,7.2043e-06
P70,0.00,135.00,60.00,0.00,5.1589e-08,2.6952e-07,8.4335e-07,3.9681e-06,8.4352e-06,8.4242e-06,6.1065e-06,5.1504e-08,2.4648e-07,6.3728e-07,4.0182e-06,7.2449e-06,8.3610e-06,7.2043e-06
P70,60.00,45.00,60.00,0.00,6.1165e-08,2.0091e-07,6.3504e-07,2.9872e-06,6.7290e-06,6.7199e-06,4.7585e-06,6.0839e-08,1.8373e-07,4.7972e-07,3.0432e-06,5.7415e-06,6.6740e-06,5.6029e-06
P70,30.00,180.00,30.00,0.00,6.1520e-08,2.5495e-07,8.0076e-07,3.7898e-06,8.1317e-06,8.1210e-06,5.8152e-06,6.1306e-08,2.3311e-07,6.0479e-07,3.8427e-06,6.9820e-06,8.0622e-06,6.8812e-06
P70,60.00,90.00,60.00,0.00,6.0754e-08,2.0085e-07,6.3500e-07,2.9872e-06,6.7290e-06,6.7198e-06,4.7585e-06,6.0431e-08,1.8368e-07,4.7967e-07,3.0432e-06,5.7415e-06,6.6740e-06,5.6028e-06
P70,60.00,90.00,0.00,0.00,7.3807e-08,2.0207e-07,6.3601e-07,2.9885e-06,6.7296e-06,6.7204e-06,4.7589e-06,7.3363e-08,1.8490e-07,4.8071e-07,3.0445e-06,5.7422e-06,6.6746e-06,5.6032e-06
P70,30.00,90.00,0.00,0.00,6.3636e-08,2.5511e-07,8.0087e-07,3.7900e-06,8.1317e-06,8.1211e-06,5.8153e-06,6.3396e-08,2.3327e-07,6.0491e-07,3.8429e-06,6.9821e-06,8.0623e-06,6.8812e-06
P70,30.00,90.00,30.00,0.00,6.1564e-08,2.5496e-07,8.0076e-07,3.7898e-06,8.1317e-06,8.1210e-06,5.8152e-06,6.1349e-08,2.3312e-07,6.0479e-07,3.8427e-06,6.9821e-06,8.0622e-06,6.8812e-06
P70,60.00,180.00,60.00,0.00,6.0146e-08,2.0076e-07,6.3493e-07,2.9871e-06,6.7290e-06,6.7198e-06,4.7585e-06,5.9828e-08,1.8359e-07,4.7960e-07,3.0431e-06,5.7414e-06,6.6740e-06,5.6028e-06
P70,60.00,45.00,0.00,0.00,7.3807e-08,2.0207e-07,6.3601e-07,2.9885e-06,6.7296e-06,6.7204e-06,4.7589e-06,7.3363e-08,1.8490e-07,4.8071e-07,3.0445e-06,5.7422e-06,6.6746e-06,5.6032e-06
P70,0.00,45.00,60.00,0.00,5.1589e-08,2.6952e-07,8.4335e-07,3.9681e-06,8.4352e-06,8.4242e-06,6.1065e-06,5.1504e-08,2.4648e-07,6.3728e-07,4.0182e-06,7.2449e-06,8.3610e-06,7.2043e-06
P70,30.00,0.00,60.00,0.00,5.3443e-08,2.5427e-07,8.0021e-07,3.7890e-06,8.1314e-06,8.1207e-06,5.8150e-06,5.3310e-08,2.3242e-07,6.0422e-07,3.8419e-06,6.9816e-06,8.0619e-06,6.8809e-06
P70,60.00,180.00,0.00,0.00,7.3807e-08,2.0207e-07,6.3601e-07,2.9885e-06,6.7296e-06,6.7204e-06,4.7589e-06,7.3363e-08,1.8490e-07,4.8071e-07,3.0445e-06,5.7422e-06,6.6746e-06,5.6032e-06
P70,30.00,45.00,0.00,0.00,6.3636e-08,2.5511e-07,8.0087e-07,3.7900e-06,8.1317e-06,8.1211e-06,5.8153e-06,6.3396e-08,2.3327e-07,6.0491e-07,3.8429e-06,6.9821e-06,8.0623e-06,6.8812e-06
P70,30.00,0.00,30.00,0.00,6.1607e-08,2.5496e-07,8.0076e-07,3.7898e-06,8.1317e-06,8.1210e-06,5.8152e-06,6.1392e-08,2.3312e-07,6.0480e-07,3.8428e-06,6.9821e-06,8.0622e-06,6.8812e-06
P70,60.00,90.00,30.00,0.00,7.1252e-08,2.0186e-07,6.3584e-07,2.9883e-06,6.7295e-06,6.7203e-06,4.7588e-06,7.0833e-08,1.8469e-07,4.8053e-07,3.0443e-06,5.7421e-06,6.6745e-06,5.6032e-06
P70,0.00,90.00,30.00,0.00,5.9235e-08,2.7016e-07,8.4385e-07,3.9688e-06,8.4355e-06,8.4245e-06,6.1067e-06,5.9068e-08,2.4712e-07,6.3780e-07,4.0190e-06,7.2453e-06,8.3613e-06,7.2045e-06
P70,0.00,180.00,0.00,0.00,6.1168e-08,2.7029e-07,8.4395e-07,3.9690e-06,8.4356e-06,8.4246e-06,6.1067e-06,6.0975e-08,2.4726e-07,6.3791e-07,4.0191e-06,7.2454e-06,8.3614e-06,7.2046e-06
P70,30.00,90.00,60.00,0.00,5.3292e-08,2.5425e-07,8.0020e-07,3.7890e-06,8.1313e-06,8.1207e-06,5.8150e-06,5.3160e-08,2.3240e-07,6.0421e-07,3.8419e-06,6.9816e-06,8.0619e-06,6.8809e-06
P70,0.00,135.00,0.00,0.00,6.1168e-08,2.7029e-07,8.4395e-07,3.9690e-06,8.4356e-06,8.4246e-06,6.1067e-06,6.0975e-08,2.4726e-07,6.3791e-07,4.0191e-06,7.2454e-06,8.3614e-06,7.2046e-06
P70,60.00,135.00,30.00,0.00,7.1139e-08,2.0185e-07,6.3583e-07,2.9882e-06,6.7295e-06,6.7203e-06,4.7588e-06,7.0721e-08,1.8467e-07,4.8052e-07,3.0443e-06,5.7421e-06,6.6745e-06,5.6032e-06
P70,30.00,180.00,60.00,0.00,5.3139e-08,2.5423e-07,8.0018e-07,3.7890e-06,8.1313e-06,8.1207e-06,5.8150e-06,5.3009e-08,2.3238e-07,6.0419e-07,3.8419e-06,6.9816e-06,8.0619e-06,6.8809e-06
P70,0.00,45.00,0.00,0.00,6.1168e-08,2.7029e-07,8.4395e-07,3.9690e-06,8.4356e-06,8.4246e-06,6.1067e-06,6.0975e-08,2.4726e-07,6.3791e-07,4.0191e-06,7.2454e-06,8.3614e-06,7.2046e-06
P70,30.00,135.00,30.00,0.00,6.1533e-08,2.5496e-07,8.0076e-07,3.7898e-06,8.1317e-06,8.1210e-06,5.8152e-06,6.1319e-08,2.3311e-07,6.0479e-07,3.8427e-06,6.9820e-06,8.0622e-06,6.8812e-06
P70,60.00,135.00,0.00,0.00,7.3807e-08,2.0207e-07,6.3601e-07,2.9885e-06,6.7296e-06,6.7204e-06,4.7589e-06,7.3363e-08,1.8490e-07,4.8071e-07,3.0445e-06,5.7422e-06,6.6746e-06,5.6032e-06
P70,0.00,90.00,0.00,0.00,6.1168e-08,2.7029e-07,8.4395e-07,3.9690e-06,8.4356e-06,8.4246e-06,6.1067e-06,6.0975e-08,2.4726e-07,6.3791e-07,4.0191e-06,7.2454e-06,8.3614e-06,7.2046e-06
P70,60.00,0.00,0.00,0.00,7.3807e-08,2.0207e-07,6.3601e-07,2.9885e-06,6.7296e-06,6.7204e-06,4.7589e-06,7.3363e-08,1.8490e-07,4.8071e-07,3.0445e-06,5.7422e-06,6.6746e-06,5.6032e-06
P71,0.00,90.00,30.00,0.00,5.7870e-08,2.1729e-07,8.1500e-07,4.0308e-06,8.5807e-06,8.5682e-06,5.7419e-06,5.7559e-08,1.9520e-07,5.4524e-07,4.0654e-06,7.2251e-06,8.4846e-06,7.1306e-06
P71,60.00,45.00,30.00,0.00,7.0265e-08,1.6561e-07,5.3271e-07,2.9929e-06,6.8184e-06,6.8077e-06,4.3876e-06,6.9645e-08,1.5136e-07,3.8238e-07,3.0345e-06,5.6620e-06,6.7458e-06,5.4340e-06
P71,60.00,135.00,30.00,0.00,7.0062e-08,1.6558e-07,5.3269e-07,2.9929e-06,6.8184e-06,6.8077e-06,4.3876e-06,6.9445e-08,1.5133e-07,3.8236e-07,3.0345e-06,5.6620e-06,6.7458e-06,5.4340e-06
P71,0.00,135.00,60.00,0.00,5.1256e-08,2.1661e-07,8.1444e-07,4.0302e-06,8.5803e-06,8.5679e-06,5.7417e-06,5.1030e-08,1.9452e-07,5.4469e-07,4.0648e-06,7.2246e-06,8.4843e-06,7.1304e-06
P71,0.00,0.00,0.00,0.00,5.9550e-08,2.1743e-07,8.1513e-07,4.0309e-06,8.5807e-06,8.5683e-06,5.7420e-06,5.9212e-08,1.9534e-07,5.4536e-07,4.0655e-06,7.2251e-06,8.4847e-06,7.1307e-06
P71,0.00,135.00,0.00,0.00,5.9550e-08,2.1743e-07,8.1513e-07,4.0309e-06,8.5807e-06,8.5683e-06,5.7420e-06,5.9212e-08,1.9534e-07,5.4536e-07,4.0655e-06,7.2251e-06,8.4847e-06,7.1307e-06
P71,0.00,135.00,30.00,0.00,5.7870e-08,2.1729e-07,8.1500e-07,4.0308e-06,8.5807e-06,8.5682e-06,5.7419e-06,5.7559e-08,1.9520e-07,5.4524e-07,4.0654e-06,7.2251e-06,8.4846e-06,7.1306e-06
P71,60.00,135.00,0.00,0.00,7.2465e-08,1.6582e-07,5.3288e-07,2.9931e-06,6.8185e-06,6.8078e-06,4.3876e-06,7.1817e-08,1.5157e-07,3.8255e-07,3.0347e-06,5.6621e-06,6.7459e-06,5.4341e-06
P71,60.00,90.00,30.00,0.00,7.0164e-08,1.6560e-07,5.3270e-07,2.9929e-06,6.8184e-06,6.8077e-06,4.3876e-06,6.9545e-08,1.5134e-07,3.8237e-07,3.0345e-06,5.6620e-06,6.7458e-06,5.4340e-06
P71,30.00,45.00,30.00,0.00,6.0192e-08,2.0489e-07,7.4746e-07,3.8438e-06,8.2747e-06,8.2625e-06,5.4384e-06,5.9820e-08,1.8467e-07,5.0531e-07,3.8816e-06,6.9539e-06,8.1835e-06,6.7884e-06
P71,60.00,0.00,30.00,0.00,7.0306e-08,1.6562e-07,5.3272e-07,2.9929e-06,6.8184e-06,6.8077e-06,4.3876e-06,6.9686e-08,1.5136e-07,3.8239e-07,3.0345e-06,5.6620e-06,6.7458e-06,5.4341e-06
P71,0.00,45.00,30.00,0.00,5.7870e-08,2.1729e-07,8.1500e-07,4.0308e-06,8.5807e-06,8.5682e-06,5.7419e-06,5.7559e-08,1.9520e-07,5.4524e-07,4.0654e-06,7.2251e-06,8.4846e-06,7.1306e-06
P71,30.00,135.00,60.00,0.00,5.2880e-08,2.0412e-07,7.4683e-07,3.8431e-06,8.2743e-06,8.2622e-06,5.4382e-06,5.2598e-08,1.8389e-07,5.0468e-07,3.8809e-06,6.9534e-06,8.1831e-06,6.7881e-06
P71,30.00,45.00,0.00,0.00,6.1974e-08,2.0505e-07,7.4759e-07,3.8439e-06,8.2748e-06,8.2626e-06,5.4385e-06,6.1575e-08,1.8482e-07,5.0543e-07,3.8817e-06,6.9540e-06,8.1836e-06,6.7884e-06
P71,30.00,180.00,60.00,0.00,5.2840e-08,2.0411e-07,7.4683e-07,3.8431e-06,8.2743e-06,8.2622e-06,5.4382e-06,5.2558e-08,1.8388e-07,5.0467e-07,3.8809e-06,6.9534e-06,8.1831e-06,6.7881e-06
P71,60.00,45.00,60.00,0.00,6.1111e-08,1.6456e-07,5.3185e-07,2.9920e-06,6.8179e-06,6.8072e-06,4.3873e-06,6.0594e-08,1.5030e-07,3.8151e-07,3.0335e-06,5.6613e-06,6.7452e-06,5.4337e-06
P71,30.00,135.00,0.00,0.00,6.1974e-08,2.0505e-07,7.4759e-07,3.8439e-06,8.2748e-06,8.2626e-06,5.4385e-06,6.1575e-08,1.8482e-07,5.0543e-07,3.8817e-06,6.9540e-06,8.1836e-06,6.7884e-06
P71,0.00,45.00,60.00,0.00,5.1256e-08,2.1661e-07,8.1444e-07,4.0302e-06,8.5803e-06,8.5679e-06,5.7417e-06,5.1030e-08,1.9452e-07,5.4469e-07,4.0648e-06,7.2246e-06,8.4843e-06,7.1304e-06
P71,0.00,90.00,60.00,0.00,5.1256e-08,2.1661e-07,8.1444e-07,4.0302e-06,8.5803e-06,8.5679e-06,5.7417e-06,5.1030e-08,1.9452e-07,5.4469e-07,4.0648e-06,7.2246e-06,8.4843e-06,7.1304e-06
P71,30.00,135.00,30.00,0.00,6.0138e-08,2.0489e-07,7.4746e-07,3.8438e-06,8.2747e-06,8.2625e-06,5.4384e-06,5.9767e-08,1.8466e-07,5.0530e-07,3.8816e-06,6.9539e-06,8.1835e-06,6.7884e-06
P71,60.00,90.00,0.00,0.00,7.2465e-08,1.6582e-07,5.3288e-07,2.9931e-06,6.8185e-06,6.8078e-06,4.3876e-06,7.1817e-08,1.5157e-07,3.8255e-07,3.0347e-06,5.6621e-06,6.7459e-06,5.4341e-06
P71,30.00,90.00,60.00,0.00,5.2976e-08,2.0413e-07,7.4684e-07,3.8431e-06,8.2743e-06,8.2622e-06,5.4382e-06,5.2692e-08,1.8390e-07,5.0469e-07,3.8809e-06,6.9534e-06,8.1831e-06,6.7882e-06
P71,0.00,180.00,30.00,0.00,5.7870e-08,2.1729e-07,8.1500e-07,4.0308e-06,8.5807e-06,8.5682e-06,5.7419e-06,5.7559e-08,1.9520e-07,5.4524e-07,4.0654e-06,7.2251e-06,8.4846e-06,7.1306e-06
P71,60.00,180.00,0.00,0.00,7.2465e-08,1.6582e-07,5.3288e-07,2.9931e-06,6.8185e-06,6.8078e-06,4.3876e-06,7.1817e-08,1.5157e-07,3.8255e-07,3.0347e-06,5.6621e-06,6.7459e-06,5.4341e-06
P71,30.00,180.00,30.00,0.00,6.0127e-08,2.0489e-07,7.4746e-07,3.8438e-06,8.2747e-06,8.2625e-06,5.4384e-06,5.9756e-08,1.8466e-07,5.0530e-07,3.8816e-06,6.9539e-06,8.1835e-06,6.7884e-06
P71,60.00,0.00,0.00,0.00,7.2465e-08,1.6582e-07,5.3288e-07,2.9931e-06,6.8185e-06,6.8078e-06,4.3876e-06,7.1817e-08,1.5157e-07,3.8255e-07,3.0347e-06,5.6621e-06,6.7459e-06,5.4341e-06
P71,0.00,90.00,0.00,0.00,5.9550e-08,2.1743e-07,8.1513e-07,4.0309e-06,8.5807e-06,8.5683e-06,5.7420e-06,5.9212e-08,1.9534e-07,5.4536e-07,4.0655e-06,7.2251e-06,8.4847e-06,7.1307e-06
P71,0.00,45.00,0.00,0.00,5.9550e-08,2.1743e-07,8.1513e-07,4.0309e-06,8.5807e-06,8.5683e-06,5.7420e-06,5.9212e-08,1.9534e-07,5.4536e-07,4.0655e-06,7.2251e-06,8.4847e-06,7.1307e-06
P71,30.00,0.00,30.00,0.00,6.0203e-08,2.0489e-07,7.4746e-07,3.8438e-06,8.2747e-06,8.2625e-06,5.4384e-06,5.9831e-08,1.8467e-07,5.0531e-07,3.8816e-06,6.9539e-06,8.1835e-06,6.7884e-06
P71,0.00,0.00,60.00,0.00,5.1256e-08,2.1661e-07,8.1444e-07,4.0302e-06,8.5803e-06,8.5679e-06,5.7417e-06,5.1030e-08,1.9452e-07,5.4469e-07,4.0648e-06,7.2246e-06,8.4843e-06,7.1304e-06
P71,0.00,180.00,0.00,0.00,5.9550e-08,2.1743e-07,8.1513e-07,4.0309e-06,8.5807e-06,8.5683e-06,5.7420e-06,5.9212e-08,1.9534e-07,5.4536e-07,4.0655e-06,7.2251e-06,8.4847e-06,7.1307e-06
P71,30.00,90.00,30.00,0.00,6.0165e-08,2.0489e-07,7.4746e-07,3.8438e-06,8.2747e-06,8.2625e-06,5.4384e-06,5.9793e-08,1.8466e-07,5.0531e-07,3.8816e-06,6.9539e-06,8.1835e-06,6.7884e-06
P71,30.00,0.00,60.00,0.00,5.3110e-08,2.0415e-07,7.4685e-07,3.8431e-06,8.2743e-06,8.2622e-06,5.4382e-06,5.2825e-08,1.8392e-07,5.0471e-07,3.8809e-06,6.9534e-06,8.1831e-06,6.7882e-06
P71,30.00,90.00,0.00,0.00,6.1974e-08,2.0505e-07,7.4759e-07,3.8439e-06,8.2748e-06,8.2626e-06,5.4385e-06,6.1575e-08,1.8482e-07,5.0543e-07,3.8817e-06,6.9540e-06,8.1836e-06,6.7884e-06
P71,30.00,180.00,0.00,0.00,6.1974e-08,2.0505e-07,7.4759e-07,3.8439e-06,8.2748e-06,8.2626e-06,5.4385e-06,6.1575e-08,1.8482e-07,5.0543e-07,3.8817e-06,6.9540e-06,8.1836e-06,6.7884e-06
P71,60.00,0.00,60.00,0.00,6.1262e-08,1.6458e-07,5.3187e-07,2.9920e-06,6.8179e-06,6.8072e-06,4.3873e-06,6.0745e-08,1.5032e-07,3.8153e-07,3.0336e-06,5.6613e-06,6.7453e-06,5.4337e-06
P71,60.00,180.00,30.00,0.00,7.0020e-08,1.6558e-07,5.3268e-07,2.9929e-06,6.8184e-06,6.8077e-06,4.3876e-06,6.9403e-08,1.5132e-07,3.8235e-07,3.0345e-06,5.6620e-06,6.7458e-06,5.4340e-06
P71,30.00,0.00,0.00,0.00,6.1974e-08,2.0505e-07,7.4759e-07,3.8439e-06,8.2748e-06,8.2626e-06,5.4385e-06,6.1575e-08,1.8482e-07,5.0543e-07,3.8817e-06,6.9540e-06,8.1836e-06,6.7884e-06
P71,60.00,45.00,0.00,0.00,7.2465e-08,1.6582e-07,5.3288e-07,2.9931e-06,6.8185e-06,6.8078e-06,4.3876e-06,7.1817e-08,1.5157e-07,3.8255e-07,3.0347e-06,5.6621e-06,6.7459e-06,5.4341e-06
P71,60.00,180.00,60.00,0.00,6.0181e-08,1.6441e-07,5.3174e-07,2.9919e-06,6.8178e-06,6.8071e-06,4.3873e-06,5.9673e-08,1.5015e-07,3.8139e-07,3.0334e-06,5.6612e-06,6.7452e-06,5.4337e-06
P71,0.00,0.00,30.00,0.00,5.7870e-08,2.1729e-07,8.1500e-07,4.0308e-06,8.5807e-06,8.5682e-06,5.7419e-06,5.7559e-08,1.9520e-07,5.4524e-07,4.0654e-06,7.2251e-06,8.4846e-06,7.1306e-06
P71,0.00,180.00,60.00,0.00,5.1256e-08,2.1661e-07,8.1444e-07,4.0302e-06,8.5803e-06,8.5679e-06,5.7417e-06,5.1030e-08,1.9452e-07,5.4469e-07,4.0648e-06,7.2246e-06,8.4843e-06,7.1304e-06
P71,60.00,135.00,60.00,0.00,6.0347e-08,1.6444e-07,5.3176e-07,2.9919e-06,6.8178e-06,6.8071e-06,4.3873e-06,5.9837e-08,1.5018e-07,3.8142e-07,3.0334e-06,5.6612e-06,6.7452e-06,5.4337e-06
P71,30.00,45.00,60.00,0.00,5.3071e-08,2.0414e-07,7.4685e-07,3.8431e-06,8.2743e-06,8.2622e-06,5.4382e-06,5.2786e-08,1.8392e-07,5.0470e-07,3.8809e-06,6.9534e-06,8.1831e-06,6.7882e-06
P71,60.00,90.00,60.00,0.00,6.0736e-08,1.6450e-07,5.3181e-07,2.9920e-06,6.8178e-06,6.8071e-06,4.3873e-06,6.0223e-08,1.5024e-07,3.8147e-07,3.0335e-06,5.6613e-06,6.7452e-06,5.4337e-06
P72,60.00,90.00,30.00,0.00,7.1364e-08,1.4511e-07,5.3908e-07,2.5308e-06,5.8323e-06,5.8226e-06,3.9809e-06,7.0819e-08,1.3087e-07,3.6588e-07,2.5538e-06,4.7851e-06,5.7609e-06,4.8070e-06
P72,60.00,45.00,60.00,0.00,6.0839e-08,1.4345e-07,5.3766e-07,2.5295e-06,5.8316e-06,5.8219e-06,3.9805e-06,6.0399e-08,1.2920e-07,3.6445e-07,2.5525e-06,4.7842e-06,5.7602e-06,4.8065e-06
P72,60.00,135.00,60.00,0.00,5.9989e-08,1.4328e-07,5.3751e-07,2.5294e-06,5.8315e-06,5.8218e-06,3.9805e-06,5.9555e-08,1.2903e-07,3.6430e-07,2.5524e-06,4.7841e-06,5.7601e-06,4.8064e-06
P72,0.00,90.00,60.00,0.00,5.1302e-08,2.1473e-07,9.2346e-07,3.6823e-06,7.8763e-06,7.8645e-06,5.3579e-06,5.1089e-08,1.8925e-07,6.1430e-07,3.7049e-06,6.5919e-06,7.7814e-06,6.6157e-06
P72,60.00,135.00,30.00,0.00,7.1249e-08,1.4509e-07,5.3906e-07,2.5308e-06,5.8323e-06,5.8226e-06,3.9809e-06,7.0705e-08,1.3085e-07,3.6586e-07,2.5537e-06,4.7851e-06,5.7609e-06,4.8070e-06
P72,0.00,180.00,0.00,0.00,6.1286e-08,2.1614e-07,9.2467e-07,3.6834e-06,7.8769e-06,7.8651e-06,5.3583e-06,6.0955e-08,1.9066e-07,6.1550e-07,3.7060e-06,6.5927e-06,7.7820e-06,6.6161e-06
P72,30.00,135.00,0.00,0.00,6.3771e-08,1.9758e-07,8.3493e-07,3.4668e-06,7.5057e-06,7.4943e-06,5.0412e-06,6.3387e-08,1.7475e-07,5.5361e-07,3.4914e-06,6.2640e-06,7.4158e-06,6.2410e-06
P72,30.00,180.00,60.00,0.00,5.2828e-08,1.9601e-07,8.3357e-07,3.4656e-06,7.5050e-06,7.4936e-06,5.0408e-06,5.2567e-08,1.7317e-07,5.5226e-07,3.4902e-06,6.2631e-06,7.4151e-06,6.2405e-06
P72,30.00,45.00,0.00,0.00,6.3771e-08,1.9758e-07,8.3493e-07,3.4668e-06,7.5057e-06,7.4943e-06,5.0412e-06,6.3387e-08,1.7475e-07,5.5361e-07,3.4914e-06,6.2640e-06,7.4158e-06,6.2410e-06
P72,0.00,135.00,30.00,0.00,5.9276e-08,2.1589e-07,9.2445e-07,3.6832e-06,7.8768e-06,7.8650e-06,5.3582e-06,5.8973e-08,1.9041e-07,6.1529e-07,3.7058e-06,6.5925e-06,7.7819e-06,6.6161e-06
P72,30.00,180.00,30.00,0.00,6.1569e-08,1.9730e-07,8.3468e-07,3.4666e-06,7.5056e-06,7.4941e-06,5.0411e-06,6.1214e-08,1.7447e-07,5.5337e-07,3.4912e-06,6.2638e-06,7.4156e-06,6.2409e-06
P72,60.00,45.00,30.00,0.00,7.1479e-08,1.4514e-07,5.3910e-07,2.5308e-06,5.8323e-06,5.8226e-06,3.9810e-06,7.0932e-08,1.3089e-07,3.6590e-07,2.5538e-06,4.7851e-06,5.7609e-06,4.8070e-06
P72,0.00,45.00,0.00,0.00,6.1286e-08,2.1614e-07,9.2467e-07,3.6834e-06,7.8769e-06,7.8651e-06,5.3583e-06,6.0955e-08,1.9066e-07,6.1550e-07,3.7060e-06,6.5927e-06,7.7820e-06,6.6161e-06
P72,30.00,0.00,30.00,0.00,6.1659e-08,1.9732e-07,8.3470e-07,3.4666e-06,7.5056e-06,7.4942e-06,5.0411e-06,6.1302e-08,1.7448e-07,5.5338e-07,3.4912e-06,6.2639e-06,7.4156e-06,6.2409e-06
P72,0.00,0.00,0.00,0.00,6.1286e-08,2.1614e-07,9.2467e-07,3.6834e-06,7.8769e-06,7.8651e-06,5.3583e-06,6.0955e-08,1.9066e-07,6.1550e-07,3.7060e-06,6.5927e-06,7.7820e-06,6.6161e-06
P72,30.00,45.00,60.00,0.00,5.3093e-08,1.9606e-07,8.3361e-07,3.4657e-06,7.5050e-06,7.4936e-06,5.0408e-06,5.2830e-08,1.7322e-07,5.5230e-07,3.4902e-06,6.2632e-06,7.4151e-06,6.2405e-06
P72,0.00,90.00,30.00,0.00,5.9276e-08,2.1589e-07,9.2445e-07,3.6832e-06,7.8768e-06,7.8650e-06,5.3582e-06,5.8973e-08,1.9041e-07,6.1529e-07,3.7058e-06,6.5925e-06,7.7819e-06,6.6161e-06
P72,30.00,180.00,0.00,0.00,6.3771e-08,1.9758e-07,8.3493e-07,3.4668e-06,7.5057e-06,7.4943e-06,5.0412e-06,6.3387e-08,1.7475e-07,5.5361e-07,3.4914e-06,6.2640e-06,7.4158e-06,6.2410e-06
P72,30.00,45.00,30.00,0.00,6.1645e-08,1.9731e-07,8.3469e-07,3.4666e-06,7.5056e-06,7.4942e-06,5.0411e-06,6.1289e-08,1.7448e-07,5.5338e-07,3.4912e-06,6.2639e-06,7.4156e-06,6.2409e-06
P72,30.00,135.00,60.00,0.00,5.2874e-08,1.9601e-07,8.3358e-07,3.4656e-06,7.5050e-06,7.4936e-06,5.0408e-06,5.2612e-08,1.7318e-07,5.5227e-07,3.4902e-06,6.2631e-06,7.4151e-06,6.2405e-06
P72,0.00,0.00,30.00,0.00,5.9276e-08,2.1589e-07,9.2445e-07,3.6832e-06,7.8768e-06,7.8650e-06,5.3582e-06,5.8973e-08,1.9041e-07,6.1529e-07,3.7058e-06,6.5925e-06,7.7819e-06,6.6161e-06
P72,60.00,180.00,0.00,0.00,7.4025e-08,1.4548e-07,5.3940e-07,2.5311e-06,5.8325e-06,5.8228e-06,3.9810e-06,7.3450e-08,1.3124e-07,3.6620e-07,2.5541e-06,4.7853e-06,5.7611e-06,4.8071e-06
P72,30.00,90.00,60.00,0.00,5.2984e-08,1.9604e-07,8.3360e-07,3.4656e-06,7.5050e-06,7.4936e-06,5.0408e-06,5.2722e-08,1.7320e-07,5.5228e-07,3.4902e-06,6.2632e-06,7.4151e-06,6.2405e-06
P72,0.00,45.00,60.00,0.00,5.1302e-08,2.1473e-07,9.2346e-07,3.6823e-06,7.8763e-06,7.8645e-06,5.3579e-06,5.1089e-08,1.8925e-07,6.1430e-07,3.7049e-06,6.5919e-06,7.7814e-06,6.6157e-06
P72,0.00,90.00,0.00,0.00,6.1286e-08,2.1614e-07,9.2467e-07,3.6834e-06,7.8769e-06,7.8651e-06,5.3583e-06,6.0955e-08,1.9066e-07,6.1550e-07,3.7060e-06,6.5927e-06,7.7820e-06,6.6161e-06
P72,0.00,135.00,60.00,0.00,5.1302e-08,2.1473e-07,9.2346e-07,3.6823e-06,7.8763e-06,7.8645e-06,5.3579e-06,5.1089e-08,1.8925e-07,6.1430e-07,3.7049e-06,6.5919e-06,7.7814e-06,6.6157e-06
P72,60.00,90.00,60.00,0.00,6.0422e-08,1.4337e-07,5.3758e-07,2.5295e-06,5.8316e-06,5.8219e-06,3.9805e-06,5.9984e-08,1.2912e-07,3.6437e-07,2.5524e-06,4.7842e-06,5.7601e-06,4.8064e-06
P72,60.00,0.00,60.00,0.00,6.1007e-08,1.4349e-07,5.3769e-07,2.5296e-06,5.8316e-06,5.8219e-06,3.9805e-06,6.0566e-08,1.2924e-07,3.6448e-07,2.5525e-06,4.7842e-06,5.7602e-06,4.8065e-06
P72,60.00,0.00,0.00,0.00,7.4025e-08,1.4548e-07,5.3940e-07,2.5311e-06,5.8325e-06,5.8228e-06,3.9810e-06,7.3450e-08,1.3124e-07,3.6620e-07,2.5541e-06,4.7853e-06,5.7611e-06,4.8071e-06
P72,60.00,180.00,30.00,0.00,7.1201e-08,1.4508e-07,5.3905e-07,2.5308e-06,5.8323e-06,5.8226e-06,3.9809e-06,7.0657e-08,1.3084e-07,3.6585e-07,2.5537e-06,4.7851e-06,5.7609e-06,4.8070e-06
P72,30.00,0.00,0.00,0.00,6.3771e-08,1.9758e-07,8.3493e-07,3.4668e-06,7.5057e-06,7.4943e-06,5.0412e-06,6.3387e-08,1.7475e-07,5.5361e-07,3.4914e-06,6.2640e-06,7.4158e-06,6.2410e-06
P72,60.00,90.00,0.00,0.00,7.4025e-08,1.4548e-07,5.3940e-07,2.5311e-06,5.8325e-06,5.8228e-06,3.9810e-06,7.3450e-08,1.3124e-07,3.6620e-07,2.5541e-06,4.7853e-06,5.7611e-06,4.8071e-06
P72,0.00,180.00,60.00,0.00,5.1302e-08,2.1473e-07,9.2346e-07,3.6823e-06,7.8763e-06,7.8645e-06,5.3579e-06,5.1089e-08,1.8925e-07,6.1430e-07,3.7049e-06,6.5919e-06,7.7814e-06,6.6157e-06
P72,0.00,0.00,60.00,0.00,5.1302e-08,2.1473e-07,9.2346e-07,3.6823e-06,7.8763e-06,7.8645e-06,5.3579e-06,5.1089e-08,1.8925e-07,6.1430e-07,3.7049e-06,6.5919e-06,7.7814e-06,6.6157e-06
P72,30.00,135.00,30.00,0.00,6.1582e-08,1.9730e-07,8.3469e-07,3.4666e-06,7.5056e-06,7.4942e-06,5.0411e-06,6.1227e-08,1.7447e-07,5.5337e-07,3.4912e-06,6.2638e-06,7.4156e-06,6.2409e-06
P72,30.00,90.00,0.00,0.00,6.3771e-08,1.9758e-07,8.3493e-07,3.4668e-06,7.5057e-06,7.4943e-06,5.0412e-06,6.3387e-08,1.7475e-07,5.5361e-07,3.4914e-06,6.2640e-06,7.4158e-06,6.2410e-06
P72,60.00,0.00,30.00,0.00,7.1526e-08,1.4514e-07,5.3911e-07,2.5308e-06,5.8323e-06,5.8227e-06,3.9810e-06,7.0979e-08,1.3090e-07,3.6590e-07,2.5538e-06,4.7851e-06,5.7610e-06,4.8070e-06
P72,60.00,45.00,0.00,0.00,7.4025e-08,1.4548e-07,5.3940e-07,2.5311e-06,5.8325e-06,5.8228e-06,3.9810e-06,7.3450e-08,1.3124e-07,3.6620e-07,2.5541e-06,4.7853e-06,5.7611e-06,4.8071e-06
P72,60.00,180.00,60.00,0.00,5.9806e-08,1.4324e-07,5.3748e-07,2.5294e-06,5.8315e-06,5.8218e-06,3.9805e-06,5.9372e-08,1.2899e-07,3.6427e-07,2.5523e-06,4.7841e-06,5.7601e-06,4.8064e-06
P72,0.00,45.00,30.00,0.00,5.9276e-08,2.1589e-07,9.2445e-07,3.6832e-06,7.8768e-06,7.8650e-06,5.3582e-06,5.8973e-08,1.9041e-07,6.1529e-07,3.7058e-06,6.5925e-06,7.7819e-06,6.6161e-06
P72,60.00,135.00,0.00,0.00,7.4025e-08,1.4548e-07,5.3940e-07,2.5311e-06,5.8325e-06,5.8228e-06,3.9810e-06,7.3450e-08,1.3124e-07,3.6620e-07,2.5541e-06,4.7853e-06,5.7611e-06,4.8071e-06
P72,30.00,0.00,60.00,0.00,5.3138e-08,1.9606e-07,8.3362e-07,3.4657e-06,7.5050e-06,7.4936e-06,5.0408e-06,5.2874e-08,1.7323e-07,5.5231e-07,3.4902e-06,6.2632e-06,7.4151e-06,6.2405e-06
P72,30.00,90.00,30.00,0.00,6.1614e-08,1.9731e-07,8.3469e-07,3.4666e-06,7.5056e-06,7.4942e-06,5.0411e-06,6.1258e-08,1.7447e-07,5.5337e-07,3.4912e-06,6.2639e-06,7.4156e-06,6.2409e-06
P72,0.00,135.00,0.00,0.00,6.1286e-08,2.1614e-07,9.2467e-07,3.6834e-06,7.8769e-06,7.8651e-06,5.3583e-06,6.0955e-08,1.9066e-07,6.1550e-07,3.7060e-06,6.5927e-06,7.7820e-06,6.6161e-06
P72,0.00,180.00,30.00,0.00,5.9276e-08,2.1589e-07,9.2445e-07,3.6832e-06,7.8768e-06,7.8650e-06,5.3582e-06,5.8973e-08,1.9041e-07,6.1529e-07,3.7058e-06,6.5925e-06,7.7819e-06,6.6161e-06
P73,0.00,135.00,30.00,0.00,5.7291e-08,2.3662e-07,7.5474e-07,4.0123e-06,8.5041e-06,8.4930e-06,6.1860e-06,5.7221e-08,2.1583e-07,5.5768e-07,4.0647e-06,7.3049e-06,8.4299e-06,7.2801e-06
P73,30.00,0.00,0.00,0.00,6.1341e-08,2.2548e-07,7.1531e-07,3.8393e-06,8.2093e-06,8.1985e-06,5.8995e-06,6.1210e-08,2.0585e-07,5.2966e-07,3.8946e-06,7.0489e-06,8.1397e-06,6.9634e-06
P73,0.00,135.00,0.00,0.00,5.9039e-08,2.3675e-07,7.5485e-07,4.0124e-06,8.5041e-06,8.4930e-06,6.1861e-06,5.8947e-08,2.1596e-07,5.5779e-07,4.0648e-06,7.3050e-06,8.4299e-06,7.2801e-06
P73,0.00,0.00,0.00,0.00,5.9039e-08,2.3675e-07,7.5485e-07,4.0124e-06,8.5041e-06,8.4930e-06,6.1861e-06,5.8947e-08,2.1596e-07,5.5779e-07,4.0648e-06,7.3050e-06,8.4299e-06,7.2801e-06
P73,60.00,90.00,30.00,0.00,6.8754e-08,1.8790e-07,5.7209e-07,3.0603e-06,6.8447e-06,6.8353e-06,4.8687e-06,6.8465e-08,1.7254e-07,4.2957e-07,3.1187e-06,5.8399e-06,6.7892e-06,5.7138e-06
P73,60.00,135.00,0.00,0.00,7.1076e-08,1.8811e-07,5.7226e-07,3.0605e-06,6.8448e-06,6.8354e-06,4.8687e-06,7.0767e-08,1.7275e-07,4.2974e-07,3.1190e-06,5.8400e-06,6.7893e-06,5.7138e-06
P73,60.00,180.00,60.00,0.00,5.8647e-08,1.8681e-07,5.7119e-07,3.0592e-06,6.8442e-06,6.8349e-06,4.8684e-06,5.8432e-08,1.7144e-07,4.2864e-07,3.1177e-06,5.8392e-06,6.7887e-06,5.7134e-06
P73,30.00,180.00,30.00,0.00,5.9427e-08,2.2533e-07,7.1520e-07,3.8391e-06,8.2092e-06,8.1985e-06,5.8994e-06,5.9317e-08,2.0570e-07,5.2953e-07,3.8944e-06,7.0488e-06,8.1396e-06,6.9634e-06
P73,0.00,0.00,30.00,0.00,5.7291e-08,2.3662e-07,7.5474e-07,4.0123e-06,8.5041e-06,8.4930e-06,6.1860e-06,5.7221e-08,2.1583e-07,5.5768e-07,4.0647e-06,7.3049e-06,8.4299e-06,7.2801e-06
P73,60.00,180.00,0.00,0.00,7.1076e-08,1.8811e-07,5.7226e-07,3.0605e-06,6.8448e-06,6.8354e-06,4.8687e-06,7.0767e-08,1.7275e-07,4.2974e-07,3.1190e-06,5.8400e-06,6.7893e-06,5.7138e-06
P73,0.00,45.00,60.00,0.00,5.0396e-08,2.3598e-07,7.5425e-07,4.0117e-06,8.5038e-06,8.4927e-06,6.1859e-06,5.0391e-08,2.1519e-07,5.5717e-07,4.0640e-06,7.3045e-06,8.4296e-06,7.2799e-06
P73,30.00,90.00,0.00,0.00,6.1341e-08,2.2548e-07,7.1531e-07,3.8393e-06,8.2093e-06,8.1985e-06,5.8995e-06,6.1210e-08,2.0585e-07,5.2966e-07,3.8946e-06,7.0489e-06,8.1397e-06,6.9634e-06
P73,30.00,0.00,30.00,0.00,5.9508e-08,2.2534e-07,7.1520e-07,3.8391e-06,8.2092e-06,8.1985e-06,5.8994e-06,5.9397e-08,2.0571e-07,5.2954e-07,3.8944e-06,7.0488e-06,8.1396e-06,6.9634e-06
P73,60.00,0.00,30.00,0.00,6.8901e-08,1.8792e-07,5.7210e-07,3.0603e-06,6.8447e-06,6.8354e-06,4.8687e-06,6.8611e-08,1.7256e-07,4.2958e-07,3.1188e-06,5.8399e-06,6.7892e-06,5.7138e-06
P73,0.00,180.00,0.00,0.00,5.9039e-08,2.3675e-07,7.5485e-07,4.0124e-06,8.5041e-06,8.4930e-06,6.1861e-06,5.8947e-08,2.1596e-07,5.5779e-07,4.0648e-06,7.3050e-06,8.4299e-06,7.2801e-06
P73,30.00,180.00,60.00,0.00,5.1863e-08,2.2461e-07,7.1463e-07,3.8384e-06,8.2089e-06,8.1981e-06,5.8992e-06,5.1819e-08,2.0497e-07,5.2895e-07,3.8937e-06,7.0483e-06,8.1393e-06,6.9632e-06
P73,30.00,135.00,30.00,0.00,5.9439e-08,2.2533e-07,7.1520e-07,3.8391e-06,8.2092e-06,8.1985e-06,5.8994e-06,5.9329e-08,2.0570e-07,5.2954e-07,3.8944e-06,7.0488e-06,8.1396e-06,6.9634e-06
P73,0.00,0.00,60.00,0.00,5.0396e-08,2.3598e-07,7.5425e-07,4.0117e-06,8.5038e-06,8.4927e-06,6.1859e-06,5.0391e-08,2.1519e-07,5.5717e-07,4.0640e-06,7.3045e-06,8.4296e-06,7.2799e-06
P73,30.00,90.00,60.00,0.00,5.2004e-08,2.2463e-07,7.1464e-07,3.8384e-06,8.2089e-06,8.1982e-06,5.8992e-06,5.1959e-08,2.0499e-07,5.2896e-07,3.8937e-06,7.0483e-06,8.1393e-06,6.9632e-06
P73,60.00,0.00,60.00,0.00,5.9751e-08,1.8698e-07,5.7132e-07,3.0594e-06,6.8443e-06,6.8349e-06,4.8684e-06,5.9530e-08,1.7161e-07,4.2878e-07,3.1178e-06,5.8393e-06,6.7888e-06,5.7134e-06
P73,60.00,90.00,60.00,0.00,5.9213e-08,1.8690e-07,5.7125e-07,3.0593e-06,6.8442e-06,6.8349e-06,4.8684e-06,5.8994e-08,1.7153e-07,4.2871e-07,3.1177e-06,5.8392e-06,6.7887e-06,5.7134e-06
P73,30.00,90.00,30.00,0.00,5.9467e-08,2.2533e-07,7.1520e-07,3.8391e-06,8.2092e-06,8.1985e-06,5.8994e-06,5.9357e-08,2.0570e-07,5.2954e-07,3.8944e-06,7.0488e-06,8.1396e-06,6.9634e-06
P73,30.00,45.00,30.00,0.00,5.9496e-08,2.2534e-07,7.1520e-07,3.8391e-06,8.2092e-06,8.1985e-06,5.8994e-06,5.9385e-08,2.0570e-07,5.2954e-07,3.8944e-06,7.0488e-06,8.1396e-06,6.9634e-06
P73,60.00,135.00,60.00,0.00,5.8816e-08,1.8684e-07,5.7121e-07,3.0593e-06,6.8442e-06,6.8349e-06,4.8684e-06,5.8600e-08,1.7147e-07,4.2866e-07,3.1177e-06,5.8392e-06,6.7887e-06,5.7134e-06
P73,0.00,90.00,30.00,0.00,5.7291e-08,2.3662e-07,7.5474e-07,4.0123e-06,8.5041e-06,8.4930e-06,6.1860e-06,5.7221e-08,2.1583e-07,5.5768e-07,4.0647e-06,7.3049e-06,8.4299e-06,7.2801e-06
P73,60.00,45.00,60.00,0.00,5.9597e-08,1.8695e-07,5.7130e-07,3.0594e-06,6.8442e-06,6.8349e-06,4.8684e-06,5.9376e-08,1.7159e-07,4.2876e-07,3.1178e-06,5.8393e-06,6.7888e-06,5.7134e-06
P73,0.00,180.00,30.00,0.00,5.7291e-08,2.3662e-07,7.5474e-07,4.0123e-06,8.5041e-06,8.4930e-06,6.1860e-06,5.7221e-08,2.1583e-07,5.5768e-07,4.0647e-06,7.3049e-06,8.4299e-06,7.2801e-06
P73,60.00,45.00,0.00,0.00,7.1076e-08,1.8811e-07,5.7226e-07,3.0605e-06,6.8448e-06,6.8354e-06,4.8687e-06,7.0767e-08,1.7275e-07,4.2974e-07,3.1190e-06,5.8400e-06,6.7893e-06,5.7138e-06
P73,0.00,90.00,60.00,0.00,5.0396e-08,2.3598e-07,7.5425e-07,4.0117e-06,8.5038e-06,8.4927e-06,6.1859e-06,5.0391e-08,2.1519e-07,5.5717e-07,4.0640e-06,7.3045e-06,8.4296e-06,7.2799e-06
P73,60.00,135.00,30.00,0.00,6.8649e-08,1.8789e-07,5.7208e-07,3.0603e-06,6.8447e-06,6.8353e-06,4.8687e-06,6.8361e-08,1.7253e-07,4.2956e-07,3.1187e-06,5.8399e-06,6.7892e-06,5.7138e-06
P73,60.00,0.00,0.00,0.00,7.1076e-08,1.8811e-07,5.7226e-07,3.0605e-06,6.8448e-06,6.8354e-06,4.8687e-06,7.0767e-08,1.7275e-07,4.2974e-07,3.1190e-06,5.8400e-06,6.7893e-06,5.7138e-06
P73,30.00,180.00,0.00,0.00,6.1341e-08,2.2548e-07,7.1531e-07,3.8393e-06,8.2093e-06,8.1985e-06,5.8995e-06,6.1210e-08,2.0585e-07,5.2966e-07,3.8946e-06,7.0489e-06,8.1397e-06,6.9634e-06
P73,30.00,45.00,60.00,0.00,5.2103e-08,2.2464e-07,7.1465e-07,3.8385e-06,8.2089e-06,8.1982e-06,5.8992e-06,5.2058e-08,2.0501e-07,5.2897e-07,3.8937e-06,7.0483e-06,8.1393e-06,6.9632e-06
P73,0.00,90.00,0.00,0.00,5.9039e-08,2.3675e-07,7.5485e-07,4.0124e-06,8.5041e-06,8.4930e-06,6.1861e-06,5.8947e-08,2.1596e-07,5.5779e-07,4.0648e-06,7.3050e-06,8.4299e-06,7.2801e-06
P73,30.00,135.00,0.00,0.00,6.1341e-08,2.2548e-07,7.1531e-07,3.8393e-06,8.2093e-06,8.1985e-06,5.8995e-06,6.1210e-08,2.0585e-07,5.2966e-07,3.8946e-06,7.0489e-06,8.1397e-06,6.9634e-06
P73,0.00,180.00,60.00,0.00,5.0396e-08,2.3598e-07,7.5425e-07,4.0117e-06,8.5038e-06,8.4927e-06,6.1859e-06,5.0391e-08,2.1519e-07,5.5717e-07,4.0640e-06,7.3045e-06,8.4296e-06,7.2799e-06
P73,60.00,180.00,30.00,0.00,6.8605e-08,1.8788e-07,5.7207e-07,3.0603e-06,6.8447e-06,6.8353e-06,4.8687e-06,6.8318e-08,1.7252e-07,4.2955e-07,3.1187e-06,5.8398e-06,6.7892e-06,5.7137e-06
P73,0.00,45.00,0.00,0.00,5.9039e-08,2.3675e-07,7.5485e-07,4.0124e-06,8.5041e-06,8.4930e-06,6.1861e-06,5.8947e-08,2.1596e-07,5.5779e-07,4.0648e-06,7.3050e-06,8.4299e-06,7.2801e-06
P73,60.00,90.00,0.00,0.00,7.1076e-08,1.8811e-07,5.7226e-07,3.0605e-06,6.8448e-06,6.8354e-06,4.8687e-06,7.0767e-08,1.7275e-07,4.2974e-07,3.1190e-06,5.8400e-06,6.7893e-06,5.7138e-06
P73,30.00,135.00,60.00,0.00,5.1905e-08,2.2462e-07,7.1463e-07,3.8384e-06,8.2089e-06,8.1981e-06,5.8992e-06,5.1860e-08,2.0498e-07,5.2895e-07,3.8937e-06,7.0483e-06,8.1393e-06,6.9632e-06
P73,0.00,135.00,60.00,0.00,5.0396e-08,2.3598e-07,7.5425e-07,4.0117e-06,8.5038e-06,8.4927e-06,6.1859e-06,5.0391e-08,2.1519e-07,5.5717e-07,4.0640e-06,7.3045e-06,8.4296e-06,7.2799e-06
P73,30.00,45.00,0.00,0.00,6.1341e-08,2.2548e-07,7.1531e-07,3.8393e-06,8.2093e-06,8.1985e-06,5.8995e-06,6.1210e-08,2.0585e-07,5.2966e-07,3.8946e-06,7.0489e-06,8.1397e-06,6.9634e-06
P73,0.00,45.00,30.00,0.00,5.7291e-08,2.3662e-07,7.5474e-07,4.0123e-06,8.5041e-06,8.4930e-06,6.1860e-06,5.7221e-08,2.1583e-07,5.5768e-07,4.0647e-06,7.3049e-06,8.4299e-06,7.2801e-06
P73,60.00,45.00,30.00,0.00,6.8858e-08,1.8792e-07,5.7210e-07,3.0603e-06,6.8447e-06,6.8354e-06,4.8687e-06,6.8569e-08,1.7256e-07,4.2958e-07,3.1188e-06,5.8399e-06,6.7892e-06,5.7138e-06
P73,30.00,0.00,60.00,0.00,5.2144e-08,2.2465e-07,7.1466e-07,3.8385e-06,8.2089e-06,8.1982e-06,5.8992e-06,5.2098e-08,2.0501e-07,5.2898e-07,3.8937e-06,7.0483e-06,8.1393e-06,6.9632e-06
P74,60.00,45.00,0.00,0.00,6.9354e-08,2.2951e-07,7.4775e-07,3.7524e-06,7.8718e-06,7.8614e-06,6.1586e-06,6.9277e-08,2.0910e-07,5.3735e-07,3.7977e-06,6.7466e-06,7.8031e-06,6.9201e-06
P74,30.00,90.00,60.00,0.00,5.2611e-08,2.7925e-07,9.5959e-07,4.4454e-06,9.1274e-06,9.1152e-06,7.2734e-06,5.2694e-08,2.5250e-07,6.8453e-07,4.4825e-06,7.8006e-06,9.0361e-06,8.1949e-06
P74,0.00,90.00,60.00,0.00,5.1033e-08,2.9562e-07,1.0193e-06,4.5859e-06,9.3758e-06,9.3632e-06,7.5718e-06,5.1143e-08,2.6713e-07,7.2833e-07,4.6192e-06,8.0041e-06,9.2782e-06,8.5027e-06
P74,0.00,0.00,30.00,0.00,5.6811e-08,2.9615e-07,1.0198e-06,4.5864e-06,9.3760e-06,9.3635e-06,7.5720e-06,5.6895e-08,2.6766e-07,7.2882e-07,4.6197e-06,8.0045e-06,9.2785e-06,8.5029e-06
P74,60.00,180.00,30.00,0.00,6.7309e-08,2.2934e-07,7.4757e-07,3.7522e-06,7.8717e-06,7.8613e-06,6.1585e-06,6.7239e-08,2.0893e-07,5.3718e-07,3.7975e-06,6.7465e-06,7.8030e-06,6.9201e-06
P74,30.00,180.00,60.00,0.00,5.2488e-08,2.7923e-07,9.5957e-07,4.4454e-06,9.1274e-06,9.1152e-06,7.2734e-06,5.2571e-08,2.5248e-07,6.8452e-07,4.4825e-06,7.8006e-06,9.0361e-06,8.1949e-06
P74,60.00,45.00,30.00,0.00,6.7530e-08,2.2937e-07,7.4760e-07,3.7522e-06,7.8717e-06,7.8613e-06,6.1585e-06,6.7459e-08,2.0896e-07,5.3721e-07,3.7975e-06,6.7465e-06,7.8030e-06,6.9201e-06
P74,60.00,135.00,30.00,0.00,6.7347e-08,2.2934e-07,7.4758e-07,3.7522e-06,7.8717e-06,7.8613e-06,6.1585e-06,6.7277e-08,2.0893e-07,5.3719e-07,3.7975e-06,6.7465e-06,7.8030e-06,6.9201e-06
P74,60.00,0.00,0.00,0.00,6.9354e-08,2.2951e-07,7.4775e-07,3.7524e-06,7.8718e-06,7.8614e-06,6.1586e-06,6.9277e-08,2.0910e-07,5.3735e-07,3.7977e-06,6.7466e-06,7.8031e-06,6.9201e-06
P74,30.00,135.00,30.00,0.00,5.8822e-08,2.7982e-07,9.6014e-07,4.4460e-06,9.1277e-06,9.1155e-06,7.2736e-06,5.8882e-08,2.5306e-07,6.8507e-07,4.4831e-06,7.8010e-06,9.0364e-06,8.1951e-06
P74,0.00,135.00,60.00,0.00,5.1033e-08,2.9562e-07,1.0193e-06,4.5859e-06,9.3758e-06,9.3632e-06,7.5718e-06,5.1143e-08,2.6713e-07,7.2833e-07,4.6192e-06,8.0041e-06,9.2782e-06,8.5027e-06
P74,30.00,45.00,60.00,0.00,5.2698e-08,2.7926e-07,9.5960e-07,4.4455e-06,9.1274e-06,9.1152e-06,7.2734e-06,5.2781e-08,2.5251e-07,6.8454e-07,4.4825e-06,7.8006e-06,9.0361e-06,8.1949e-06
P74,0.00,180.00,0.00,0.00,5.8279e-08,2.9627e-07,1.0199e-06,4.5865e-06,9.3761e-06,9.3635e-06,7.5721e-06,5.8353e-08,2.6778e-07,7.2892e-07,4.6198e-06,8.0045e-06,9.2786e-06,8.5029e-06
P74,30.00,180.00,0.00,0.00,6.0415e-08,2.7995e-07,9.6025e-07,4.4461e-06,9.1277e-06,9.1156e-06,7.2736e-06,6.0465e-08,2.5319e-07,6.8518e-07,4.4832e-06,7.8011e-06,9.0364e-06,8.1951e-06
P74,0.00,45.00,30.00,0.00,5.6811e-08,2.9615e-07,1.0198e-06,4.5864e-06,9.3760e-06,9.3635e-06,7.5720e-06,5.6895e-08,2.6766e-07,7.2882e-07,4.6197e-06,8.0045e-06,9.2785e-06,8.5029e-06
P74,0.00,90.00,0.00,0.00,5.8279e-08,2.9627e-07,1.0199e-06,4.5865e-06,9.3761e-06,9.3635e-06,7.5721e-06,5.8353e-08,2.6778e-07,7.2892e-07,4.6198e-06,8.0045e-06,9.2786e-06,8.5029e-06
P74,30.00,45.00,30.00,0.00,5.8873e-08,2.7982e-07,9.6014e-07,4.4460e-06,9.1277e-06,9.1155e-06,7.2736e-06,5.8932e-08,2.5307e-07,6.8507e-07,4.4831e-06,7.8010e-06,9.0364e-06,8.1951e-06
P74,60.00,90.00,30.00,0.00,6.7439e-08,2.2936e-07,7.4759e-07,3.7522e-06,7.8717e-06,7.8613e-06,6.1585e-06,6.7368e-08,2.0895e-07,5.3720e-07,3.7975e-06,6.7465e-06,7.8030e-06,6.9201e-06
P74,30.00,90.00,0.00,0.00,6.0415e-08,2.7995e-07,9.6025e-07,4.4461e-06,9.1277e-06,9.1156e-06,7.2736e-06,6.0465e-08,2.5319e-07,6.8518e-07,4.4832e-06,7.8011e-06,9.0364e-06,8.1951e-06
P74,30.00,180.00,30.00,0.00,5.8812e-08,2.7982e-07,9.6013e-07,4.4460e-06,9.1277e-06,9.1155e-06,7.2736e-06,5.8872e-08,2.5306e-07,6.8506e-07,4.4831e-06,7.8010e-06,9.0364e-06,8.1951e-06
P74,0.00,45.00,0.00,0.00,5.8279e-08,2.9627e-07,1.0199e-06,4.5865e-06,9.3761e-06,9.3635e-06,7.5721e-06,5.8353e-08,2.6778e-07,7.2892e-07,4.6198e-06,8.0045e-06,9.2786e-06,8.5029e-06
P74,30.00,135.00,60.00,0.00,5.2524e-08,2.7924e-07,9.5958e-07,4.4454e-06,9.1274e-06,9.1152e-06,7.2734e-06,5.2607e-08,2.5249e-07,6.8452e-07,4.4825e-06,7.8006e-06,9.0361e-06,8.1949e-06
P74,30.00,45.00,0.00,0.00,6.0415e-08,2.7995e-07,9.6025e-07,4.4461e-06,9.1277e-06,9.1156e-06,7.2736e-06,6.0465e-08,2.5319e-07,6.8518e-07,4.4832e-06,7.8011e-06,9.0364e-06,8.1951e-06
P74,60.00,135.00,60.00,0.00,5.9173e-08,2.2860e-07,7.4677e-07,3.7514e-06,7.8713e-06,7.8609e-06,6.1582e-06,5.9120e-08,2.0820e-07,5.3641e-07,3.7966e-06,6.7460e-06,7.8026e-06,6.9198e-06
P74,60.00,45.00,60.00,0.00,5.9855e-08,2.2868e-07,7.4686e-07,3.7515e-06,7.8713e-06,7.8609e-06,6.1583e-06,5.9801e-08,2.0828e-07,5.3650e-07,3.7967e-06,6.7460e-06,7.8026e-06,6.9198e-06
P74,0.00,180.00,60.00,0.00,5.1033e-08,2.9562e-07,1.0193e-06,4.5859e-06,9.3758e-06,9.3632e-06,7.5718e-06,5.1143e-08,2.6713e-07,7.2833e-07,4.6192e-06,8.0041e-06,9.2782e-06,8.5027e-06
P74,30.00,0.00,0.00,0.00,6.0415e-08,2.7995e-07,9.6025e-07,4.4461e-06,9.1277e-06,9.1156e-06,7.2736e-06,6.0465e-08,2.5319e-07,6.8518e-07,4.4832e-06,7.8011e-06,9.0364e-06,8.1951e-06
P74,60.00,0.00,60.00,0.00,5.9991e-08,2.2870e-07,7.4687e-07,3.7515e-06,7.8714e-06,7.8610e-06,6.1583e-06,5.9937e-08,2.0830e-07,5.3652e-07,3.7967e-06,6.7460e-06,7.8026e-06,6.9198e-06
P74,60.00,135.00,0.00,0.00,6.9354e-08,2.2951e-07,7.4775e-07,3.7524e-06,7.8718e-06,7.8614e-06,6.1586e-06,6.9277e-08,2.0910e-07,5.3735e-07,3.7977e-06,6.7466e-06,7.8031e-06,6.9201e-06
P74,0.00,180.00,30.00,0.00,5.6811e-08,2.9615e-07,1.0198e-06,4.5864e-06,9.3760e-06,9.3635e-06,7.5720e-06,5.6895e-08,2.6766e-07,7.2882e-07,4.6197e-06,8.0045e-06,9.2785e-06,8.5029e-06
P74,60.00,180.00,60.00,0.00,5.9026e-08,2.2858e-07,7.4675e-07,3.7514e-06,7.8713e-06,7.8609e-06,6.1582e-06,5.8973e-08,2.0818e-07,5.3640e-07,3.7966e-06,6.7459e-06,7.8026e-06,6.9198e-06
P74,0.00,45.00,60.00,0.00,5.1033e-08,2.9562e-07,1.0193e-06,4.5859e-06,9.3758e-06,9.3632e-06,7.5718e-06,5.1143e-08,2.6713e-07,7.2833e-07,4.6192e-06,8.0041e-06,9.2782e-06,8.5027e-06
P74,60.00,180.00,0.00,0.00,6.9354e-08,2.2951e-07,7.4775e-07,3.7524e-06,7.8718e-06,7.8614e-06,6.1586e-06,6.9277e-08,2.0910e-07,5.3735e-07,3.7977e-06,6.7466e-06,7.8031e-06,6.9201e-06
P74,30.00,90.00,30.00,0.00,5.8848e-08,2.7982e-07,9.6014e-07,4.4460e-06,9.1277e-06,9.1155e-06,7.2736e-06,5.8907e-08,2.5306e-07,6.8507e-07,4.4831e-06,7.8010e-06,9.0364e-06,8.1951e-06
P74,0.00,0.00,0.00,0.00,5.8279e-08,2.9627e-07,1.0199e-06,4.5865e-06,9.3761e-06,9.3635e-06,7.5721e-06,5.8353e-08,2.6778e-07,7.2892e-07,4.6198e-06,8.0045e-06,9.2786e-06,8.5029e-06
P74,60.00,90.00,60.00,0.00,5.9520e-08,2.2864e-07,7.4681e-07,3.7514e-06,7.8713e-06,7.8609e-06,6.1583e-06,5.9467e-08,2.0824e-07,5.3646e-07,3.7967e-06,6.7460e-06,7.8026e-06,6.9198e-06
P74,60.00,0.00,30.00,0.00,6.7567e-08,2.2937e-07,7.4760e-07,3.7522e-06,7.8717e-06,7.8613e-06,6.1585e-06,6.7496e-08,2.0896e-07,5.3721e-07,3.7975e-06,6.7465e-06,7.8030e-06,6.9201e-06
P74,30.00,0.00,30.00,0.00,5.8883e-08,2.7983e-07,9.6014e-07,4.4460e-06,9.1277e-06,9.1155e-06,7.2736e-06,5.8942e-08,2.5307e-07,6.8507e-07,4.4831e-06,7.8010e-06,9.0364e-06,8.1951e-06
P74,0.00,135.00,0.00,0.00,5.8279e-08,2.9627e-07,1.0199e-06,4.5865e-06,9.3761e-06,9.3635e-06,7.5721e-06,5.8353e-08,2.6778e-07,7.2892e-07,4.6198e-06,8.0045e-06,9.2786e-06,8.5029e-06
P74,0.00,135.00,30.00,0.00,5.6811e-08,2.9615e-07,1.0198e-06,4.5864e-06,9.3760e-06,9.3635e-06,7.5720e-06,5.6895e-08,2.6766e-07,7.2882e-07,4.6197e-06,8.0045e-06,9.2785e-06,8.5029e-06
P74,0.00,0.00,60.00,0.00,5.1033e-08,2.9562e-07,1.0193e-06,4.5859e-06,9.3758e-06,9.3632e-06,7.5718e-06,5.1143e-08,2.6713e-07,7.2833e-07,4.6192e-06,8.0041e-06,9.2782e-06,8.5027e-06
P74,30.00,0.00,60.00,0.00,5.2734e-08,2.7926e-07,9.5961e-07,4.4455e-06,9.1274e-06,9.1152e-06,7.2734e-06,5.2817e-08,2.5251e-07,6.8455e-07,4.4825e-06,7.8006e-06,9.0361e-06,8.1949e-06
P74,30.00,135.00,0.00,0.00,6.0415e-08,2.7995e-07,9.6025e-07,4.4461e-06,9.1277e-06,9.1156e-06,7.2736e-06,6.0465e-08,2.5319e-07,6.8518e-07,4.4832e-06,7.8011e-06,9.0364e-06,8.1951e-06
P74,0.00,90.00,30.00,0.00,5.6811e-08,2.9615e-07,1.0198e-06,4.5864e-06,9.3760e-06,9.3635e-06,7.5720e-06,5.6895e-08,2.6766e-07,7.2882e-07,4.6197e-06,8.0045e-06,9.2785e-06,8.5029e-06
P74,60.00,90.00,0.00,0.00,6.9354e-08,2.2951e-07,7.4775e-07,3.7524e-06,7.8718e-06,7.8614e-06,6.1586e-06,6.9277e-08,2.0910e-07,5.3735e-07,3.7977e-06,6.7466e-06,7.8031e-06,6.9201e-06
P75,30.00,135.00,0.00,0.00,6.1844e-08,2.1654e-07,7.8114e-07,3.8301e-06,8.3142e-06,8.3019e-06,5.8753e-06,6.1480e-08,1.9527e-07,5.3543e-07,3.8760e-06,6.9832e-06,8.2234e-06,6.9756e-06
P75,0.00,180.00,60.00,0.00,5.1103e-08,2.2795e-07,8.4523e-07,4.0122e-06,8.6131e-06,8.6005e-06,6.1287e-06,5.0907e-08,2.0484e-07,5.7451e-07,4.0567e-06,7.2488e-06,8.5177e-06,7.2844e-06
P75,0.00,135.00,0.00,0.00,5.9444e-08,2.2880e-07,8.4593e-07,4.0129e-06,8.6135e-06,8.6009e-06,6.1289e-06,5.9135e-08,2.0570e-07,5.7520e-07,4.0574e-06,7.2493e-06,8.5181e-06,7.2847e-06
P75,30.00,0.00,0.00,0.00,6.1844e-08,2.1654e-07,7.8114e-07,3.8301e-06,8.3142e-06,8.3019e-06,5.8753e-06,6.1480e-08,1.9527e-07,5.3543e-07,3.8760e-06,6.9832e-06,8.2234e-06,6.9756e-06
P75,30.00,90.00,60.00,0.00,5.2799e-08,2.1559e-07,7.8037e-07,3.8293e-06,8.3137e-06,8.3014e-06,5.8750e-06,5.2549e-08,1.9432e-07,5.3466e-07,3.8751e-06,6.9826e-06,8.2229e-06,6.9753e-06
P75,30.00,45.00,30.00,0.00,6.0053e-08,2.1638e-07,7.8101e-07,3.8299e-06,8.3141e-06,8.3018e-06,5.8753e-06,5.9715e-08,1.9511e-07,5.3530e-07,3.8758e-06,6.9831e-06,8.2234e-06,6.9756e-06
P75,0.00,180.00,30.00,0.00,5.7754e-08,2.2866e-07,8.4581e-07,4.0128e-06,8.6134e-06,8.6009e-06,6.1289e-06,5.7473e-08,2.0555e-07,5.7508e-07,4.0573e-06,7.2492e-06,8.5180e-06,7.2846e-06
P75,0.00,135.00,30.00,0.00,5.7754e-08,2.2866e-07,8.4581e-07,4.0128e-06,8.6134e-06,8.6009e-06,6.1289e-06,5.7473e-08,2.0555e-07,5.7508e-07,4.0573e-06,7.2492e-06,8.5180e-06,7.2846e-06
P75,30.00,90.00,30.00,0.00,6.0026e-08,2.1637e-07,7.8100e-07,3.8299e-06,8.3141e-06,8.3018e-06,5.8753e-06,5.9689e-08,1.9511e-07,5.3530e-07,3.8758e-06,6.9831e-06,8.2233e-06,6.9756e-06
P75,60.00,90.00,30.00,0.00,6.9884e-08,1.8127e-07,5.7464e-07,3.0096e-06,6.8975e-06,6.8865e-06,5.0614e-06,6.9320e-08,1.6609e-07,4.1286e-07,3.0491e-06,5.7223e-06,6.8238e-06,5.7955e-06
P75,0.00,90.00,30.00,0.00,5.7754e-08,2.2866e-07,8.4581e-07,4.0128e-06,8.6134e-06,8.6009e-06,6.1289e-06,5.7473e-08,2.0555e-07,5.7508e-07,4.0573e-06,7.2492e-06,8.5180e-06,7.2846e-06
P75,60.00,45.00,60.00,0.00,6.0807e-08,1.8020e-07,5.7377e-07,3.0087e-06,6.8969e-06,6.8860e-06,5.0611e-06,6.0344e-08,1.6501e-07,4.1197e-07,3.0482e-06,5.7216e-06,6.8232e-06,5.7952e-06
P75,30.00,45.00,0.00,0.00,6.1844e-08,2.1654e-07,7.8114e-07,3.8301e-06,8.3142e-06,8.3019e-06,5.8753e-06,6.1480e-08,1.9527e-07,5.3543e-07,3.8760e-06,6.9832e-06,8.2234e-06,6.9756e-06
P75,60.00,0.00,60.00,0.00,6.0959e-08,1.8022e-07,5.7379e-07,3.0087e-06,6.8969e-06,6.8860e-06,5.0611e-06,6.0494e-08,1.6503e-07,4.1199e-07,3.0482e-06,5.7216e-06,6.8232e-06,5.7952e-06
P75,0.00,45.00,0.00,0.00,5.9444e-08,2.2880e-07,8.4593e-07,4.0129e-06,8.6135e-06,8.6009e-06,6.1289e-06,5.9135e-08,2.0570e-07,5.7520e-07,4.0574e-06,7.2493e-06,8.5181e-06,7.2847e-06
P75,0.00,0.00,30.00,0.00,5.7754e-08,2.2866e-07,8.4581e-07,4.0128e-06,8.6134e-06,8.6009e-06,6.1289e-06,5.7473e-08,2.0555e-07,5.7508e-07,4.0573e-06,7.2492e-06,8.5180e-06,7.2846e-06
P75,60.00,135.00,0.00,0.00,7.2190e-08,1.8150e-07,5.7483e-07,3.0098e-06,6.8976e-06,6.8867e-06,5.0614e-06,7.1598e-08,1.6632e-07,4.1305e-07,3.0493e-06,5.7224e-06,6.8239e-06,5.7956e-06
P75,0.00,0.00,0.00,0.00,5.9444e-08,2.2880e-07,8.4593e-07,4.0129e-06,8.6135e-06,8.6009e-06,6.1289e-06,5.9135e-08,2.0570e-07,5.7520e-07,4.0574e-06,7.2493e-06,8.5181e-06,7.2847e-06
P75,30.00,0.00,60.00,0.00,5.2933e-08,2.1561e-07,7.8038e-07,3.8293e-06,8.3137e-06,8.3014e-06,5.8750e-06,5.2683e-08,1.9434e-07,5.3467e-07,3.8751e-06,6.9826e-06,8.2230e-06,6.9753e-06
P75,30.00,180.00,60.00,0.00,5.2663e-08,2.1557e-07,7.8035e-07,3.8292e-06,8.3137e-06,8.3014e-06,5.8750e-06,5.2414e-08,1.9430e-07,5.3465e-07,3.8751e-06,6.9826e-06,8.2229e-06,6.9753e-06
P75,30.00,135.00,60.00,0.00,5.2703e-08,2.1557e-07,7.8036e-07,3.8293e-06,8.3137e-06,8.3014e-06,5.8750e-06,5.2454e-08,1.9430e-07,5.3465e-07,3.8751e-06,6.9826e-06,8.2229e-06,6.9753e-06
P75,60.00,90.00,0.00,0.00,7.2190e-08,1.8150e-07,5.7483e-07,3.0098e-06,6.8976e-06,6.8867e-06,5.0614e-06,7.1598e-08,1.6632e-07,4.1305e-07,3.0493e-06,5.7224e-06,6.8239e-06,5.7956e-06
P75,30.00,180.00,0.00,0.00,6.1844e-08,2.1654e-07,7.8114e-07,3.8301e-06,8.3142e-06,8.3019e-06,5.8753e-06,6.1480e-08,1.9527e-07,5.3543e-07,3.8760e-06,6.9832e-06,8.2234e-06,6.9756e-06
P75,60.00,180.00,0.00,0.00,7.2190e-08,1.8150e-07,5.7483e-07,3.0098e-06,6.8976e-06,6.8867e-06,5.0614e-06,7.1598e-08,1.6632e-07,4.1305e-07,3.0493e-06,5.7224e-06,6.8239e-06,5.7956e-06
P75,60.00,0.00,0.00,0.00,7.2190e-08,1.8150e-07,5.7483e-07,3.0098e-06,6.8976e-06,6.8867e-06,5.0614e-06,7.1598e-08,1.6632e-07,4.1305e-07,3.0493e-06,5.7224e-06,6.8239e-06,5.7956e-06
P75,0.00,90.00,0.00,0.00,5.9444e-08,2.2880e-07,8.4593e-07,4.0129e-06,8.6135e-06,8.6009e-06,6.1289e-06,5.9135e-08,2.0570e-07,5.7520e-07,4.0574e-06,7.2493e-06,8.5181e-06,7.2847e-06
P75,60.00,135.00,30.00,0.00,6.9782e-08,1.8126e-07,5.7463e-07,3.0096e-06,6.8974e-06,6.8865e-06,5.0614e-06,6.9219e-08,1.6607e-07,4.1284e-07,3.0491e-06,5.7222e-06,6.8237e-06,5.7955e-06
P75,0.00,180.00,0.00,0.00,5.9444e-08,2.2880e-07,8.4593e-07,4.0129e-06,8.6135e-06,8.6009e-06,6.1289e-06,5.9135e-08,2.0570e-07,5.7520e-07,4.0574e-06,7.2493e-06,8.5181e-06,7.2847e-06
P75,0.00,45.00,30.00,0.00,5.7754e-08,2.2866e-07,8.4581e-07,4.0128e-06,8.6134e-06,8.6009e-06,6.1289e-06,5.7473e-08,2.0555e-07,5.7508e-07,4.0573e-06,7.2492e-06,8.5180e-06,7.2846e-06
P75,30.00,45.00,60.00,0.00,5.2894e-08,2.1560e-07,7.8038e-07,3.8293e-06,8.3137e-06,8.3014e-06,5.8750e-06,5.2644e-08,1.9433e-07,5.3467e-07,3.8751e-06,6.9826e-06,8.2230e-06,6.9753e-06
P75,60.00,45.00,30.00,0.00,6.9985e-08,1.8128e-07,5.7465e-07,3.0097e-06,6.8975e-06,6.8865e-06,5.0614e-06,6.9420e-08,1.6610e-07,4.1287e-07,3.0491e-06,5.7223e-06,6.8238e-06,5.7955e-06
P75,60.00,135.00,60.00,0.00,6.0042e-08,1.8007e-07,5.7367e-07,3.0086e-06,6.8969e-06,6.8859e-06,5.0610e-06,5.9584e-08,1.6489e-07,4.1187e-07,3.0481e-06,5.7215e-06,6.8231e-06,5.7951e-06
P75,0.00,0.00,60.00,0.00,5.1103e-08,2.2795e-07,8.4523e-07,4.0122e-06,8.6131e-06,8.6005e-06,6.1287e-06,5.0907e-08,2.0484e-07,5.7451e-07,4.0567e-06,7.2488e-06,8.5177e-06,7.2844e-06
P75,0.00,135.00,60.00,0.00,5.1103e-08,2.2795e-07,8.4523e-07,4.0122e-06,8.6131e-06,8.6005e-06,6.1287e-06,5.0907e-08,2.0484e-07,5.7451e-07,4.0567e-06,7.2488e-06,8.5177e-06,7.2844e-06
P75,30.00,135.00,30.00,0.00,5.9999e-08,2.1637e-07,7.8100e-07,3.8299e-06,8.3141e-06,8.3018e-06,5.8753e-06,5.9662e-08,1.9510e-07,5.3529e-07,3.8758e-06,6.9831e-06,8.2233e-06,6.9756e-06
P75,60.00,180.00,60.00,0.00,5.9876e-08,1.8005e-07,5.7365e-07,3.0086e-06,6.8968e-06,6.8859e-06,5.0610e-06,5.9420e-08,1.6486e-07,4.1185e-07,3.0480e-06,5.7215e-06,6.8231e-06,5.7951e-06
P75,30.00,90.00,0.00,0.00,6.1844e-08,2.1654e-07,7.8114e-07,3.8301e-06,8.3142e-06,8.3019e-06,5.8753e-06,6.1480e-08,1.9527e-07,5.3543e-07,3.8760e-06,6.9832e-06,8.2234e-06,6.9756e-06
P75,60.00,180.00,30.00,0.00,6.9739e-08,1.8125e-07,5.7462e-07,3.0096e-06,6.8974e-06,6.8865e-06,5.0613e-06,6.9177e-08,1.6607e-07,4.1284e-07,3.0491e-06,5.7222e-06,6.8237e-06,5.7955e-06
P75,0.00,90.00,60.00,0.00,5.1103e-08,2.2795e-07,8.4523e-07,4.0122e-06,8.6131e-06,8.6005e-06,6.1287e-06,5.0907e-08,2.0484e-07,5.7451e-07,4.0567e-06,7.2488e-06,8.5177e-06,7.2844e-06
P75,30.00,180.00,30.00,0.00,5.9988e-08,2.1637e-07,7.8100e-07,3.8299e-06,8.3141e-06,8.3018e-06,5.8753e-06,5.9651e-08,1.9510e-07,5.3529e-07,3.8758e-06,6.9831e-06,8.2233e-06,6.9756e-06
P75,30.00,0.00,30.00,0.00,6.0065e-08,2.1638e-07,7.8101e-07,3.8299e-06,8.3141e-06,8.3018e-06,5.8753e-06,5.9727e-08,1.9511e-07,5.3530e-07,3.8758e-06,6.9831e-06,8.2234e-06,6.9756e-06
P75,60.00,0.00,30.00,0.00,7.0027e-08,1.8129e-07,5.7466e-07,3.0097e-06,6.8975e-06,6.8865e-06,5.0614e-06,6.9462e-08,1.6611e-07,4.1287e-07,3.0491e-06,5.7223e-06,6.8238e-06,5.7955e-06
P75,60.00,90.00,60.00,0.00,6.0431e-08,1.8014e-07,5.7373e-07,3.0087e-06,6.8969e-06,6.8860e-06,5.0611e-06,5.9971e-08,1.6495e-07,4.1192e-07,3.0481e-06,5.7215e-06,6.8232e-06,5.7951e-06
P75,60.00,45.00,0.00,0.00,7.2190e-08,1.8150e-07,5.7483e-07,3.0098e-06,6.8976e-06,6.8867e-06,5.0614e-06,7.1598e-08,1.6632e-07,4.1305e-07,3.0493e-06,5.7224e-06,6.8239e-06,5.7956e-06
P75,0.00,45.00,60.00,0.00,5.1103e-08,2.2795e-07,8.4523e-07,4.0122e-06,8.6131e-06,8.6005e-06,6.1287e-06,5.0907e-08,2.0484e-07,5.7451e-07,4.0567e-06,7.2488e-06,8.5177e-06,7.2844e-06
P76,30.00,90.00,30.00,0.00,6.0729e-08,2.2011e-07,6.7078e-07,3.5700e-06,7.7288e-06,7.7184e-06,5.8461e-06,6.0577e-08,2.0195e-07,5.0066e-07,3.6120e-06,6.6131e-06,7.6621e-06,6.6904e-06
P76,60.00,135.00,0.00,0.00,7.2602e-08,1.8824e-07,5.3256e-07,2.7400e-06,6.2326e-06,6.2237e-06,4.9727e-06,7.2269e-08,1.7441e-07,4.0561e-07,2.7749e-06,5.2842e-06,6.1789e-06,5.4973e-06
P76,0.00,180.00,0.00,0.00,6.0495e-08,2.3066e-07,7.1024e-07,3.7630e-06,8.0644e-06,8.0536e-06,6.1086e-06,6.0360e-08,2.1131e-07,5.2840e-07,3.8044e-06,6.9061e-06,7.9932e-06,7.0084e-06
P76,60.00,45.00,30.00,0.00,7.0112e-08,1.8797e-07,5.3232e-07,2.7397e-06,6.2325e-06,6.2236e-06,4.9727e-06,6.9801e-08,1.7414e-07,4.0537e-07,2.7747e-06,5.2840e-06,6.1788e-06,5.4972e-06
P76,0.00,45.00,0.00,0.00,6.0495e-08,2.3066e-07,7.1024e-07,3.7630e-06,8.0644e-06,8.0536e-06,6.1086e-06,6.0360e-08,2.1131e-07,5.2840e-07,3.8044e-06,6.9061e-06,7.9932e-06,7.0084e-06
P76,0.00,45.00,60.00,0.00,5.0573e-08,2.2955e-07,7.0933e-07,3.7620e-06,8.0639e-06,8.0532e-06,6.1082e-06,5.0535e-08,2.1020e-07,5.2747e-07,3.8033e-06,6.9054e-06,7.9927e-06,7.0081e-06
P76,0.00,0.00,0.00,0.00,6.0495e-08,2.3066e-07,7.1024e-07,3.7630e-06,8.0644e-06,8.0536e-06,6.1086e-06,6.0360e-08,2.1131e-07,5.2840e-07,3.8044e-06,6.9061e-06,7.9932e-06,7.0084e-06
P76,60.00,180.00,60.00,0.00,5.8675e-08,1.8645e-07,5.3101e-07,2.7384e-06,6.2318e-06,6.2229e-06,4.9723e-06,5.8447e-08,1.7262e-07,4.0403e-07,2.7733e-06,5.2831e-06,6.1781e-06,5.4967e-06
P76,0.00,180.00,60.00,0.00,5.0573e-08,2.2955e-07,7.0933e-07,3.7620e-06,8.0639e-06,8.0532e-06,6.1082e-06,5.0535e-08,2.1020e-07,5.2747e-07,3.8033e-06,6.9054e-06,7.9927e-06,7.0081e-06
P76,30.00,135.00,30.00,0.00,6.0697e-08,2.2010e-07,6.7077e-07,3.5700e-06,7.7288e-06,7.7184e-06,5.8461e-06,6.0546e-08,2.0195e-07,5.0065e-07,3.6120e-06,6.6131e-06,7.6621e-06,6.6904e-06
P76,60.00,180.00,30.00,0.00,6.9835e-08,1.8792e-07,5.3228e-07,2.7397e-06,6.2324e-06,6.2236e-06,4.9726e-06,6.9525e-08,1.7409e-07,4.0533e-07,2.7746e-06,5.2840e-06,6.1788e-06,5.4972e-06
P76,30.00,45.00,60.00,0.00,5.2287e-08,2.1912e-07,6.6995e-07,3.5691e-06,7.7284e-06,7.7180e-06,5.8459e-06,5.2209e-08,2.0097e-07,4.9981e-07,3.6111e-06,6.6125e-06,7.6617e-06,6.6901e-06
P76,30.00,0.00,0.00,0.00,6.2869e-08,2.2032e-07,6.7095e-07,3.5702e-06,7.7289e-06,7.7185e-06,5.8462e-06,6.2695e-08,2.0217e-07,5.0084e-07,3.6122e-06,6.6132e-06,7.6622e-06,6.6905e-06
P76,0.00,0.00,60.00,0.00,5.0573e-08,2.2955e-07,7.0933e-07,3.7620e-06,8.0639e-06,8.0532e-06,6.1082e-06,5.0535e-08,2.1020e-07,5.2747e-07,3.8033e-06,6.9054e-06,7.9927e-06,7.0081e-06
P76,30.00,135.00,60.00,0.00,5.2067e-08,2.1909e-07,6.6992e-07,3.5690e-06,7.7283e-06,7.7180e-06,5.8459e-06,5.1990e-08,2.0093e-07,4.9978e-07,3.6111e-06,6.6125e-06,7.6617e-06,6.6901e-06
P76,0.00,45.00,30.00,0.00,5.8495e-08,2.3046e-07,7.1008e-07,3.7628e-06,8.0643e-06,8.0536e-06,6.1085e-06,5.8383e-08,2.1111e-07,5.2824e-07,3.8042e-06,6.9060e-06,7.9931e-06,7.0083e-06
P76,0.00,180.00,30.00,0.00,5.8495e-08,2.3046e-07,7.1008e-07,3.7628e-06,8.0643e-06,8.0536e-06,6.1085e-06,5.8383e-08,2.1111e-07,5.2824e-07,3.8042e-06,6.9060e-06,7.9931e-06,7.0083e-06
P76,60.00,180.00,0.00,0.00,7.2602e-08,1.8824e-07,5.3256e-07,2.7400e-06,6.2326e-06,6.2237e-06,4.9727e-06,7.2269e-08,1.7441e-07,4.0561e-07,2.7749e-06,5.2842e-06,6.1789e-06,5.4973e-06
P76,60.00,45.00,60.00,0.00,5.9701e-08,1.8664e-07,5.3116e-07,2.7385e-06,6.2319e-06,6.2230e-06,4.9723e-06,5.9468e-08,1.7280e-07,4.0419e-07,2.7734e-06,5.2832e-06,6.1782e-06,5.4968e-06
P76,0.00,90.00,0.00,0.00,6.0495e-08,2.3066e-07,7.1024e-07,3.7630e-06,8.0644e-06,8.0536e-06,6.1086e-06,6.0360e-08,2.1131e-07,5.2840e-07,3.8044e-06,6.9061e-06,7.9932e-06,7.0084e-06
P76,60.00,135.00,60.00,0.00,5.8857e-08,1.8649e-07,5.3103e-07,2.7384e-06,6.2318e-06,6.2230e-06,4.9723e-06,5.8629e-08,1.7265e-07,4.0406e-07,2.7733e-06,5.2831e-06,6.1781e-06,5.4967e-06
P76,30.00,0.00,30.00,0.00,6.0774e-08,2.2011e-07,6.7078e-07,3.5700e-06,7.7288e-06,7.7184e-06,5.8461e-06,6.0622e-08,2.0196e-07,5.0066e-07,3.6120e-06,6.6131e-06,7.6621e-06,6.6904e-06
P76,30.00,0.00,60.00,0.00,5.2332e-08,2.1913e-07,6.6996e-07,3.5691e-06,7.7284e-06,7.7180e-06,5.8459e-06,5.2254e-08,2.0097e-07,4.9982e-07,3.6111e-06,6.6126e-06,7.6617e-06,6.6901e-06
P76,30.00,90.00,60.00,0.00,5.2177e-08,2.1911e-07,6.6994e-07,3.5690e-06,7.7284e-06,7.7180e-06,5.8459e-06,5.2100e-08,2.0095e-07,4.9980e-07,3.6111e-06,6.6125e-06,7.6617e-06,6.6901e-06
P76,30.00,180.00,60.00,0.00,5.2021e-08,2.1908e-07,6.6992e-07,3.5690e-06,7.7283e-06,7.7180e-06,5.8459e-06,5.1945e-08,2.0092e-07,4.9978e-07,3.6111e-06,6.6125e-06,7.6617e-06,6.6901e-06
P76,0.00,135.00,0.00,0.00,6.0495e-08,2.3066e-07,7.1024e-07,3.7630e-06,8.0644e-06,8.0536e-06,6.1086e-06,6.0360e-08,2.1131e-07,5.2840e-07,3.8044e-06,6.9061e-06,7.9932e-06,7.0084e-06
P76,60.00,0.00,30.00,0.00,7.0159e-08,1.8798e-07,5.3233e-07,2.7397e-06,6.2325e-06,6.2236e-06,4.9727e-06,6.9847e-08,1.7414e-07,4.0538e-07,2.7747e-06,5.2840e-06,6.1788e-06,5.4972e-06
P76,60.00,90.00,30.00,0.00,6.9998e-08,1.8795e-07,5.3231e-07,2.7397e-06,6.2325e-06,6.2236e-06,4.9727e-06,6.9687e-08,1.7412e-07,4.0535e-07,2.7747e-06,5.2840e-06,6.1788e-06,5.4972e-06
P76,0.00,135.00,30.00,0.00,5.8495e-08,2.3046e-07,7.1008e-07,3.7628e-06,8.0643e-06,8.0536e-06,6.1085e-06,5.8383e-08,2.1111e-07,5.2824e-07,3.8042e-06,6.9060e-06,7.9931e-06,7.0083e-06
P76,60.00,0.00,0.00,0.00,7.2602e-08,1.8824e-07,5.3256e-07,2.7400e-06,6.2326e-06,6.2237e-06,4.9727e-06,7.2269e-08,1.7441e-07,4.0561e-07,2.7749e-06,5.2842e-06,6.1789e-06,5.4973e-06
P76,30.00,45.00,0.00,0.00,6.2869e-08,2.2032e-07,6.7095e-07,3.5702e-06,7.7289e-06,7.7185e-06,5.8462e-06,6.2695e-08,2.0217e-07,5.0084e-07,3.6122e-06,6.6132e-06,7.6622e-06,6.6905e-06
P76,60.00,0.00,60.00,0.00,5.9869e-08,1.8667e-07,5.3119e-07,2.7385e-06,6.2319e-06,6.2230e-06,4.9723e-06,5.9635e-08,1.7284e-07,4.0421e-07,2.7734e-06,5.2832e-06,6.1782e-06,5.4968e-06
P76,30.00,180.00,0.00,0.00,6.2869e-08,2.2032e-07,6.7095e-07,3.5702e-06,7.7289e-06,7.7185e-06,5.8462e-06,6.2695e-08,2.0217e-07,5.0084e-07,3.6122e-06,6.6132e-06,7.6622e-06,6.6905e-06
P76,0.00,135.00,60.00,0.00,5.0573e-08,2.2955e-07,7.0933e-07,3.7620e-06,8.0639e-06,8.0532e-06,6.1082e-06,5.0535e-08,2.1020e-07,5.2747e-07,3.8033e-06,6.9054e-06,7.9927e-06,7.0081e-06
P76,0.00,90.00,30.00,0.00,5.8495e-08,2.3046e-07,7.1008e-07,3.7628e-06,8.0643e-06,8.0536e-06,6.1085e-06,5.8383e-08,2.1111e-07,5.2824e-07,3.8042e-06,6.9060e-06,7.9931e-06,7.0083e-06
P76,30.00,45.00,30.00,0.00,6.0760e-08,2.2011e-07,6.7078e-07,3.5700e-06,7.7288e-06,7.7184e-06,5.8461e-06,6.0609e-08,2.0196e-07,5.0066e-07,3.6120e-06,6.6131e-06,7.6621e-06,6.6904e-06
P76,60.00,45.00,0.00,0.00,7.2602e-08,1.8824e-07,5.3256e-07,2.7400e-06,6.2326e-06,6.2237e-06,4.9727e-06,7.2269e-08,1.7441e-07,4.0561e-07,2.7749e-06,5.2842e-06,6.1789e-06,5.4973e-06
P76,60.00,90.00,60.00,0.00,5.9286e-08,1.8657e-07,5.3110e-07,2.7384e-06,6.2318e-06,6.2230e-06,4.9723e-06,5.9056e-08,1.7273e-07,4.0412e-07,2.7734e-06,5.2832e-06,6.1782e-06,5.4968e-06
P76,0.00,90.00,60.00,0.00,5.0573e-08,2.2955e-07,7.0933e-07,3.7620e-06,8.0639e-06,8.0532e-06,6.1082e-06,5.0535e-08,2.1020e-07,5.2747e-07,3.8033e-06,6.9054e-06,7.9927e-06,7.0081e-06
P76,60.00,135.00,30.00,0.00,6.9883e-08,1.8793e-07,5.3229e-07,2.7397e-06,6.2324e-06,6.2236e-06,4.9726e-06,6.9573e-08,1.7410e-07,4.0534e-07,2.7746e-06,5.2840e-06,6.1788e-06,5.4972e-06
P76,30.00,90.00,0.00,0.00,6.2869e-08,2.2032e-07,6.7095e-07,3.5702e-06,7.7289e-06,7.7185e-06,5.8462e-06,6.2695e-08,2.0217e-07,5.0084e-07,3.6122e-06,6.6132e-06,7.6622e-06,6.6905e-06
P76,30.00,135.00,0.00,0.00,6.2869e-08,2.2032e-07,6.7095e-07,3.5702e-06,7.7289e-06,7.7185e-06,5.8462e-06,6.2695e-08,2.0217e-07,5.0084e-07,3.6122e-06,6.6132e-06,7.6622e-06,6.6905e-06
P76,30.00,180.00,30.00,0.00,6.0684e-08,2.2010e-07,6.7077e-07,3.5700e-06,7.7288e-06,7.7184e-06,5.8461e-06,6.0533e-08,2.0195e-07,5.0065e-07,3.6120e-06,6.6131e-06,7.6621e-06,6.6904e-06
P76,60.00,90.00,0.00,0.00,7.2602e-08,1.8824e-07,5.3256e-07,2.7400e-06,6.2326e-06,6.2237e-06,4.9727e-06,7.2269e-08,1.7441e-07,4.0561e-07,2.7749e-06,5.2842e-06,6.1789e-06,5.4973e-06
P76,0.00,0.00,30.00,0.00,5.8495e-08,2.3046e-07,7.1008e-07,3.7628e-06,8.0643e-06,8.0536e-06,6.1085e-06,5.8383e-08,2.1111e-07,5.2824e-07,3.8042e-06,6.9060e-06,7.9931e-06,7.0083e-06
P77,0.00,135.00,0.00,0.00,5.8575e-08,2.7133e-07,8.3306e-07,3.8592e-06,8.2206e-06,8.2090e-06,5.8432e-06,5.8417e-08,2.4870e-07,6.2759e-07,3.9044e-06,6.9554e-06,8.1342e-06,6.9711e-06
P77,0.00,45.00,30.00,0.00,5.7053e-08,2.7114e-07,8.3290e-07,3.8591e-06,8.2205e-06,8.2089e-06,5.8432e-06,5.6906e-08,2.4850e-07,6.2743e-07,3.9043e-06,6.9552e-06,8.1341e-06,6.9711e-06
P77,0.00,135.00,30.00,0.00,5.7053e-08,2.7114e-07,8.3290e-07,3.8591e-06,8.2205e-06,8.2089e-06,5.8432e-06,5.6906e-08,2.4850e-07,6.2743e-07,3.9043e-06,6.9552e-06,8.1341e-06,6.9711e-06
P77,60.00,135.00,60.00,0.00,5.9099e-08,1.9342e-07,5.9704e-07,2.7952e-06,6.3491e-06,6.3394e-06,4.4283e-06,5.8769e-08,1.7719e-07,4.5746e-07,2.8459e-06,5.3021e-06,6.2839e-06,5.2445e-06
P77,60.00,0.00,30.00,0.00,6.8973e-08,1.9491e-07,5.9831e-07,2.7964e-06,6.3499e-06,6.3402e-06,4.4287e-06,6.8573e-08,1.7869e-07,4.5875e-07,2.8472e-06,5.3030e-06,6.2847e-06,5.2450e-06
P77,30.00,0.00,0.00,0.00,6.0954e-08,2.5460e-07,7.8199e-07,3.6635e-06,7.8862e-06,7.8749e-06,5.5340e-06,6.0744e-08,2.3331e-07,5.9190e-07,3.7116e-06,6.6613e-06,7.8045e-06,6.6212e-06
P77,30.00,90.00,60.00,0.00,5.2169e-08,2.5337e-07,7.8099e-07,3.6625e-06,7.8856e-06,7.8743e-06,5.5336e-06,5.2020e-08,2.3208e-07,5.9087e-07,3.7105e-06,6.6606e-06,7.8039e-06,6.6208e-06
P77,0.00,0.00,30.00,0.00,5.7053e-08,2.7114e-07,8.3290e-07,3.8591e-06,8.2205e-06,8.2089e-06,5.8432e-06,5.6906e-08,2.4850e-07,6.2743e-07,3.9043e-06,6.9552e-06,8.1341e-06,6.9711e-06
P77,30.00,180.00,60.00,0.00,5.2026e-08,2.5335e-07,7.8097e-07,3.6625e-06,7.8856e-06,7.8743e-06,5.5336e-06,5.1878e-08,2.3206e-07,5.9085e-07,3.7105e-06,6.6606e-06,7.8039e-06,6.6208e-06
P77,30.00,90.00,0.00,0.00,6.0954e-08,2.5460e-07,7.8199e-07,3.6635e-06,7.8862e-06,7.8749e-06,5.5340e-06,6.0744e-08,2.3331e-07,5.9190e-07,3.7116e-06,6.6613e-06,7.8045e-06,6.6212e-06
P77,30.00,135.00,30.00,0.00,5.9274e-08,2.5438e-07,7.8182e-07,3.6633e-06,7.8861e-06,7.8748e-06,5.5339e-06,5.9076e-08,2.3309e-07,5.9172e-07,3.7114e-06,6.6612e-06,7.8044e-06,6.6211e-06
P77,60.00,0.00,0.00,0.00,7.0946e-08,1.9518e-07,5.9853e-07,2.7966e-06,6.3500e-06,6.3403e-06,4.4287e-06,7.0531e-08,1.7896e-07,4.5898e-07,2.8474e-06,5.3032e-06,6.2848e-06,5.2451e-06
P77,0.00,90.00,60.00,0.00,5.0521e-08,2.7022e-07,8.3216e-07,3.8583e-06,8.2201e-06,8.2084e-06,5.8429e-06,5.0418e-08,2.4759e-07,6.2666e-07,3.9035e-06,6.9547e-06,8.1336e-06,6.9708e-06
P77,30.00,0.00,60.00,0.00,5.2310e-08,2.5340e-07,7.8101e-07,3.6625e-06,7.8856e-06,7.8743e-06,5.5336e-06,5.2160e-08,2.3211e-07,5.9089e-07,3.7106e-06,6.6606e-06,7.8039e-06,6.6208e-06
P77,0.00,45.00,0.00,0.00,5.8575e-08,2.7133e-07,8.3306e-07,3.8592e-06,8.2206e-06,8.2090e-06,5.8432e-06,5.8417e-08,2.4870e-07,6.2759e-07,3.9044e-06,6.9554e-06,8.1342e-06,6.9711e-06
P77,0.00,135.00,60.00,0.00,5.0521e-08,2.7022e-07,8.3216e-07,3.8583e-06,8.2201e-06,8.2084e-06,5.8429e-06,5.0418e-08,2.4759e-07,6.2666e-07,3.9035e-06,6.9547e-06,8.1336e-06,6.9708e-06
P77,0.00,180.00,0.00,0.00,5.8575e-08,2.7133e-07,8.3306e-07,3.8592e-06,8.2206e-06,8.2090e-06,5.8432e-06,5.8417e-08,2.4870e-07,6.2759e-07,3.9044e-06,6.9554e-06,8.1342e-06,6.9711e-06
P77,30.00,180.00,30.00,0.00,5.9263e-08,2.5438e-07,7.8181e-07,3.6633e-06,7.8861e-06,7.8748e-06,5.5339e-06,5.9065e-08,2.3309e-07,5.9171e-07,3.7114e-06,6.6612e-06,7.8044e-06,6.6211e-06
P77,60.00,45.00,30.00,0.00,6.8930e-08,1.9491e-07,5.9830e-07,2.7964e-06,6.3499e-06,6.3402e-06,4.4287e-06,6.8530e-08,1.7868e-07,4.5875e-07,2.8472e-06,5.3030e-06,6.2847e-06,5.2450e-06
P77,30.00,45.00,0.00,0.00,6.0954e-08,2.5460e-07,7.8199e-07,3.6635e-06,7.8862e-06,7.8749e-06,5.5340e-06,6.0744e-08,2.3331e-07,5.9190e-07,3.7116e-06,6.6613e-06,7.8045e-06,6.6212e-06
P77,30.00,180.00,0.00,0.00,6.0954e-08,2.5460e-07,7.8199e-07,3.6635e-06,7.8862e-06,7.8749e-06,5.5340e-06,6.0744e-08,2.3331e-07,5.9190e-07,3.7116e-06,6.6613e-06,7.8045e-06,6.6212e-06
P77,30.00,135.00,0.00,0.00,6.0954e-08,2.5460e-07,7.8199e-07,3.6635e-06,7.8862e-06,7.8749e-06,5.5340e-06,6.0744e-08,2.3331e-07,5.9190e-07,3.7116e-06,6.6613e-06,7.8045e-06,6.6212e-06
P77,60.00,90.00,30.00,0.00,6.8827e-08,1.9489e-07,5.9829e-07,2.7964e-06,6.3498e-06,6.3402e-06,4.4287e-06,6.8427e-08,1.7867e-07,4.5873e-07,2.8472e-06,5.3030e-06,6.2847e-06,5.2450e-06
P77,0.00,0.00,60.00,0.00,5.0521e-08,2.7022e-07,8.3216e-07,3.8583e-06,8.2201e-06,8.2084e-06,5.8429e-06,5.0418e-08,2.4759e-07,6.2666e-07,3.9035e-06,6.9547e-06,8.1336e-06,6.9708e-06
P77,0.00,0.00,0.00,0.00,5.8575e-08,2.7133e-07,8.3306e-07,3.8592e-06,8.2206e-06,8.2090e-06,5.8432e-06,5.8417e-08,2.4870e-07,6.2759e-07,3.9044e-06,6.9554e-06,8.1342e-06,6.9711e-06
P77,60.00,90.00,0.00,0.00,7.0946e-08,1.9518e-07,5.9853e-07,2.7966e-06,6.3500e-06,6.3403e-06,4.4287e-06,7.0531e-08,1.7896e-07,4.5898e-07,2.8474e-06,5.3032e-06,6.2848e-06,5.2451e-06
P77,60.00,180.00,0.00,0.00,7.0946e-08,1.9518e-07,5.9853e-07,2.7966e-06,6.3500e-06,6.3403e-06,4.4287e-06,7.0531e-08,1.7896e-07,4.5898e-07,2.8474e-06,5.3032e-06,6.2848e-06,5.2451e-06
P77,60.00,180.00,30.00,0.00,6.8678e-08,1.9486e-07,5.9827e-07,2.7964e-06,6.3498e-06,6.3402e-06,4.4287e-06,6.8279e-08,1.7864e-07,4.5871e-07,2.8472e-06,5.3030e-06,6.2847e-06,5.2450e-06
P77,60.00,135.00,0.00,0.00,7.0946e-08,1.9518e-07,5.9853e-07,2.7966e-06,6.3500e-06,6.3403e-06,4.4287e-06,7.0531e-08,1.7896e-07,4.5898e-07,2.8474e-06,5.3032e-06,6.2848e-06,5.2451e-06
P77,30.00,45.00,30.00,0.00,5.9328e-08,2.5439e-07,7.8182e-07,3.6633e-06,7.8861e-06,7.8748e-06,5.5339e-06,5.9130e-08,2.3310e-07,5.9172e-07,3.7114e-06,6.6612e-06,7.8044e-06,6.6211e-06
P77,30.00,0.00,30.00,0.00,5.9339e-08,2.5439e-07,7.8182e-07,3.6633e-06,7.8861e-06,7.8748e-06,5.5339e-06,5.9141e-08,2.3310e-07,5.9172e-07,3.7114e-06,6.6612e-06,7.8044e-06,6.6212e-06
P77,0.00,90.00,30.00,0.00,5.7053e-08,2.7114e-07,8.3290e-07,3.8591e-06,8.2205e-06,8.2089e-06,5.8432e-06,5.6906e-08,2.4850e-07,6.2743e-07,3.9043e-06,6.9552e-06,8.1341e-06,6.9711e-06
P77,60.00,0.00,60.00,0.00,6.0060e-08,1.9359e-07,5.9719e-07,2.7953e-06,6.3492e-06,6.3395e-06,4.4283e-06,5.9724e-08,1.7737e-07,4.5761e-07,2.8461e-06,5.3022e-06,6.2840e-06,5.2446e-06
P77,0.00,180.00,30.00,0.00,5.7053e-08,2.7114e-07,8.3290e-07,3.8591e-06,8.2205e-06,8.2089e-06,5.8432e-06,5.6906e-08,2.4850e-07,6.2743e-07,3.9043e-06,6.9552e-06,8.1341e-06,6.9711e-06
P77,60.00,45.00,60.00,0.00,5.9901e-08,1.9357e-07,5.9717e-07,2.7953e-06,6.3492e-06,6.3395e-06,4.4283e-06,5.9566e-08,1.7734e-07,4.5759e-07,2.8461e-06,5.3022e-06,6.2840e-06,5.2446e-06
P77,0.00,45.00,60.00,0.00,5.0521e-08,2.7022e-07,8.3216e-07,3.8583e-06,8.2201e-06,8.2084e-06,5.8429e-06,5.0418e-08,2.4759e-07,6.2666e-07,3.9035e-06,6.9547e-06,8.1336e-06,6.9708e-06
P77,60.00,90.00,60.00,0.00,5.9507e-08,1.9349e-07,5.9711e-07,2.7952e-06,6.3491e-06,6.3395e-06,4.4283e-06,5.9175e-08,1.7727e-07,4.5752e-07,2.8460e-06,5.3022e-06,6.2839e-06,5.2445e-06
P77,60.00,180.00,60.00,0.00,5.8925e-08,1.9339e-07,5.9702e-07,2.7952e-06,6.3491e-06,6.3394e-06,4.4283e-06,5.8596e-08,1.7716e-07,4.5743e-07,2.8459e-06,5.3021e-06,6.2839e-06,5.2445e-06
P77,0.00,180.00,60.00,0.00,5.0521e-08,2.7022e-07,8.3216e-07,3.8583e-06,8.2201e-06,8.2084e-06,5.8429e-06,5.0418e-08,2.4759e-07,6.2666e-07,3.9035e-06,6.9547e-06,8.1336e-06,6.9708e-06
P77,30.00,90.00,30.00,0.00,5.9301e-08,2.5438e-07,7.8182e-07,3.6633e-06,7.8861e-06,7.8748e-06,5.5339e-06,5.9103e-08,2.3310e-07,5.9172e-07,3.7114e-06,6.6612e-06,7.8044e-06,6.6211e-06
P77,60.00,135.00,30.00,0.00,6.8722e-08,1.9487e-07,5.9828e-07,2.7964e-06,6.3498e-06,6.3402e-06,4.4287e-06,6.8323e-08,1.7865e-07,4.5872e-07,2.8472e-06,5.3030e-06,6.2847e-06,5.2450e-06
P77,30.00,45.00,60.00,0.00,5.2269e-08,2.5339e-07,7.8100e-07,3.6625e-06,7.8856e-06,7.8743e-06,5.5336e-06,5.2119e-08,2.3210e-07,5.9089e-07,3.7105e-06,6.6606e-06,7.8039e-06,6.6208e-06
P77,30.00,135.00,60.00,0.00,5.2068e-08,2.5336e-07,7.8097e-07,3.6625e-06,7.8856e-06,7.8743e-06,5.5336e-06,5.1919e-08,2.3206e-07,5.9086e-07,3.7105e-06,6.6606e-06,7.8039e-06,6.6208e-06
P77,60.00,45.00,0.00,0.00,7.0946e-08,1.9518e-07,5.9853e-07,2.7966e-06,6.3500e-06,6.3403e-06,4.4287e-06,7.0531e-08,1.7896e-07,4.5898e-07,2.8474e-06,5.3032e-06,6.2848e-06,5.2451e-06
P77,0.00,90.00,0.00,0.00,5.8575e-08,2.7133e-07,8.3306e-07,3.8592e-06,8.2206e-06,8.2090e-06,5.8432e-06,5.8417e-08,2.4870e-07,6.2759e-07,3.9044e-06,6.9554e-06,8.1342e-06,6.9711e-06
P78,60.00,135.00,0.00,0.00,7.1824e-08,1.4434e-07,4.6657e-07,2.5845e-06,5.9560e-06,5.9474e-06,4.1361e-06,7.1443e-08,1.3151e-07,3.4579e-07,2.6365e-06,5.0354e-06,5.9038e-06,4.9176e-06
P78,30.00,135.00,30.00,0.00,6.0093e-08,1.8331e-07,6.1561e-07,3.4721e-06,7.5508e-06,7.5406e-06,5.2360e-06,5.9912e-08,1.6598e-07,4.4904e-07,3.5243e-06,6.4417e-06,7.4828e-06,6.3052e-06
P78,60.00,135.00,30.00,0.00,6.9374e-08,1.4400e-07,4.6629e-07,2.5842e-06,5.9558e-06,5.9473e-06,4.1360e-06,6.9012e-08,1.3118e-07,3.4550e-07,2.6362e-06,5.0352e-06,5.9036e-06,4.9175e-06
P78,0.00,90.00,60.00,0.00,5.0512e-08,1.9428e-07,6.5753e-07,3.6773e-06,7.9078e-06,7.8971e-06,5.5491e-06,5.0428e-08,1.7569e-07,4.7758e-07,3.7272e-06,6.7521e-06,7.8347e-06,6.6656e-06
P78,0.00,180.00,30.00,0.00,5.7861e-08,1.9527e-07,6.5834e-07,3.6781e-06,7.9082e-06,7.8976e-06,5.5494e-06,5.7727e-08,1.7669e-07,4.7842e-07,3.7281e-06,6.7526e-06,7.8351e-06,6.6659e-06
P78,60.00,90.00,30.00,0.00,6.9488e-08,1.4402e-07,4.6631e-07,2.5842e-06,5.9558e-06,5.9473e-06,4.1360e-06,6.9125e-08,1.3120e-07,3.4552e-07,2.6362e-06,5.0352e-06,5.9036e-06,4.9175e-06
P78,30.00,0.00,60.00,0.00,5.2289e-08,1.8225e-07,6.1473e-07,3.4712e-06,7.5503e-06,7.5401e-06,5.2357e-06,5.2161e-08,1.6492e-07,4.4814e-07,3.5233e-06,6.4411e-06,7.4823e-06,6.3048e-06
P78,0.00,180.00,0.00,0.00,5.9589e-08,1.9548e-07,6.5851e-07,3.6783e-06,7.9083e-06,7.8977e-06,5.5494e-06,5.9442e-08,1.7690e-07,4.7860e-07,3.7283e-06,6.7527e-06,7.8352e-06,6.6660e-06
P78,30.00,135.00,0.00,0.00,6.1992e-08,1.8355e-07,6.1580e-07,3.4723e-06,7.5509e-06,7.5407e-06,5.2361e-06,6.1797e-08,1.6622e-07,4.4924e-07,3.5245e-06,6.4419e-06,7.4829e-06,6.3052e-06
P78,30.00,180.00,0.00,0.00,6.1992e-08,1.8355e-07,6.1580e-07,3.4723e-06,7.5509e-06,7.5407e-06,5.2361e-06,6.1797e-08,1.6622e-07,4.4924e-07,3.5245e-06,6.4419e-06,7.4829e-06,6.3052e-06
P78,60.00,90.00,0.00,0.00,7.1824e-08,1.4434e-07,4.6657e-07,2.5845e-06,5.9560e-06,5.9474e-06,4.1361e-06,7.1443e-08,1.3151e-07,3.4579e-07,2.6365e-06,5.0354e-06,5.9038e-06,4.9176e-06
P78,60.00,45.00,30.00,0.00,6.9600e-08,1.4404e-07,4.6632e-07,2.5842e-06,5.9558e-06,5.9473e-06,4.1360e-06,6.9236e-08,1.3122e-07,3.4553e-07,2.6363e-06,5.0352e-06,5.9037e-06,4.9175e-06
P78,30.00,0.00,0.00,0.00,6.1992e-08,1.8355e-07,6.1580e-07,3.4723e-06,7.5509e-06,7.5407e-06,5.2361e-06,6.1797e-08,1.6622e-07,4.4924e-07,3.5245e-06,6.4419e-06,7.4829e-06,6.3052e-06
P78,30.00,180.00,60.00,0.00,5.1981e-08,1.8220e-07,6.1469e-07,3.4711e-06,7.5503e-06,7.5401e-06,5.2357e-06,5.1854e-08,1.6486e-07,4.4809e-07,3.5233e-06,6.4411e-06,7.4823e-06,6.3048e-06
P78,60.00,0.00,30.00,0.00,6.9646e-08,1.4405e-07,4.6633e-07,2.5842e-06,5.9558e-06,5.9473e-06,4.1360e-06,6.9282e-08,1.3122e-07,3.4554e-07,2.6363e-06,5.0352e-06,5.9037e-06,4.9175e-06
P78,0.00,180.00,60.00,0.00,5.0512e-08,1.9428e-07,6.5753e-07,3.6773e-06,7.9078e-06,7.8971e-06,5.5491e-06,5.0428e-08,1.7569e-07,4.7758e-07,3.7272e-06,6.7521e-06,7.8347e-06,6.6656e-06
P78,0.00,0.00,0.00,0.00,5.9589e-08,1.9548e-07,6.5851e-07,3.6783e-06,7.9083e-06,7.8977e-06,5.5494e-06,5.9442e-08,1.7690e-07,4.7860e-07,3.7283e-06,6.7527e-06,7.8352e-06,6.6660e-06
P78,60.00,135.00,60.00,0.00,5.8874e-08,1.4244e-07,4.6495e-07,2.5829e-06,5.9551e-06,5.9466e-06,4.1356e-06,5.8584e-08,1.2961e-07,3.4413e-07,2.6348e-06,5.0343e-06,5.9029e-06,4.9170e-06
P78,60.00,90.00,60.00,0.00,5.9307e-08,1.4252e-07,4.6502e-07,2.5829e-06,5.9552e-06,5.9466e-06,4.1356e-06,5.9015e-08,1.2969e-07,3.4420e-07,2.6349e-06,5.0343e-06,5.9030e-06,4.9170e-06
P78,60.00,180.00,0.00,0.00,7.1824e-08,1.4434e-07,4.6657e-07,2.5845e-06,5.9560e-06,5.9474e-06,4.1361e-06,7.1443e-08,1.3151e-07,3.4579e-07,2.6365e-06,5.0354e-06,5.9038e-06,4.9176e-06
P78,0.00,45.00,30.00,0.00,5.7861e-08,1.9527e-07,6.5834e-07,3.6781e-06,7.9082e-06,7.8976e-06,5.5494e-06,5.7727e-08,1.7669e-07,4.7842e-07,3.7281e-06,6.7526e-06,7.8351e-06,6.6659e-06
P78,60.00,45.00,60.00,0.00,5.9724e-08,1.4260e-07,4.6508e-07,2.5830e-06,5.9552e-06,5.9466e-06,4.1357e-06,5.9430e-08,1.2977e-07,3.4426e-07,2.6350e-06,5.0344e-06,5.9030e-06,4.9171e-06
P78,0.00,135.00,60.00,0.00,5.0512e-08,1.9428e-07,6.5753e-07,3.6773e-06,7.9078e-06,7.8971e-06,5.5491e-06,5.0428e-08,1.7569e-07,4.7758e-07,3.7272e-06,6.7521e-06,7.8347e-06,6.6656e-06
P78,60.00,180.00,60.00,0.00,5.8690e-08,1.4240e-07,4.6492e-07,2.5828e-06,5.9551e-06,5.9466e-06,4.1356e-06,5.8401e-08,1.2957e-07,3.4410e-07,2.6348e-06,5.0343e-06,5.9029e-06,4.9170e-06
P78,30.00,45.00,0.00,0.00,6.1992e-08,1.8355e-07,6.1580e-07,3.4723e-06,7.5509e-06,7.5407e-06,5.2361e-06,6.1797e-08,1.6622e-07,4.4924e-07,3.5245e-06,6.4419e-06,7.4829e-06,6.3052e-06
P78,0.00,135.00,0.00,0.00,5.9589e-08,1.9548e-07,6.5851e-07,3.6783e-06,7.9083e-06,7.8977e-06,5.5494e-06,5.9442e-08,1.7690e-07,4.7860e-07,3.7283e-06,6.7527e-06,7.8352e-06,6.6660e-06
P78,30.00,90.00,60.00,0.00,5.2136e-08,1.8222e-07,6.1471e-07,3.4712e-06,7.5503e-06,7.5401e-06,5.2357e-06,5.2009e-08,1.6489e-07,4.4811e-07,3.5233e-06,6.4411e-06,7.4823e-06,6.3048e-06
P78,30.00,0.00,30.00,0.00,6.0166e-08,1.8332e-07,6.1562e-07,3.4721e-06,7.5508e-06,7.5406e-06,5.2360e-06,5.9984e-08,1.6599e-07,4.4905e-07,3.5243e-06,6.4418e-06,7.4828e-06,6.3052e-06
P78,30.00,45.00,60.00,0.00,5.2244e-08,1.8224e-07,6.1473e-07,3.4712e-06,7.5503e-06,7.5401e-06,5.2357e-06,5.2117e-08,1.6491e-07,4.4813e-07,3.5233e-06,6.4411e-06,7.4823e-06,6.3048e-06
P78,60.00,0.00,0.00,0.00,7.1824e-08,1.4434e-07,4.6657e-07,2.5845e-06,5.9560e-06,5.9474e-06,4.1361e-06,7.1443e-08,1.3151e-07,3.4579e-07,2.6365e-06,5.0354e-06,5.9038e-06,4.9176e-06
P78,0.00,45.00,60.00,0.00,5.0512e-08,1.9428e-07,6.5753e-07,3.6773e-06,7.9078e-06,7.8971e-06,5.5491e-06,5.0428e-08,1.7569e-07,4.7758e-07,3.7272e-06,6.7521e-06,7.8347e-06,6.6656e-06
P78,60.00,45.00,0.00,0.00,7.1824e-08,1.4434e-07,4.6657e-07,2.5845e-06,5.9560e-06,5.9474e-06,4.1361e-06,7.1443e-08,1.3151e-07,3.4579e-07,2.6365e-06,5.0354e-06,5.9038e-06,4.9176e-06
P78,60.00,0.00,60.00,0.00,5.9893e-08,1.4263e-07,4.6511e-07,2.5830e-06,5.9552e-06,5.9467e-06,4.1357e-06,5.9598e-08,1.2980e-07,3.4429e-07,2.6350e-06,5.0344e-06,5.9030e-06,4.9171e-06
P78,30.00,90.00,0.00,0.00,6.1992e-08,1.8355e-07,6.1580e-07,3.4723e-06,7.5509e-06,7.5407e-06,5.2361e-06,6.1797e-08,1.6622e-07,4.4924e-07,3.5245e-06,6.4419e-06,7.4829e-06,6.3052e-06
P78,30.00,90.00,30.00,0.00,6.0123e-08,1.8332e-07,6.1561e-07,3.4721e-06,7.5508e-06,7.5406e-06,5.2360e-06,5.9942e-08,1.6599e-07,4.4904e-07,3.5243e-06,6.4417e-06,7.4828e-06,6.3052e-06
P78,0.00,90.00,30.00,0.00,5.7861e-08,1.9527e-07,6.5834e-07,3.6781e-06,7.9082e-06,7.8976e-06,5.5494e-06,5.7727e-08,1.7669e-07,4.7842e-07,3.7281e-06,6.7526e-06,7.8351e-06,6.6659e-06
P78,0.00,0.00,60.00,0.00,5.0512e-08,1.9428e-07,6.5753e-07,3.6773e-06,7.9078e-06,7.8971e-06,5.5491e-06,5.0428e-08,1.7569e-07,4.7758e-07,3.7272e-06,6.7521e-06,7.8347e-06,6.6656e-06
P78,30.00,45.00,30.00,0.00,6.0153e-08,1.8332e-07,6.1562e-07,3.4721e-06,7.5508e-06,7.5406e-06,5.2360e-06,5.9972e-08,1.6599e-07,4.4905e-07,3.5243e-06,6.4417e-06,7.4828e-06,6.3052e-06
P78,0.00,90.00,0.00,0.00,5.9589e-08,1.9548e-07,6.5851e-07,3.6783e-06,7.9083e-06,7.8977e-06,5.5494e-06,5.9442e-08,1.7690e-07,4.7860e-07,3.7283e-06,6.7527e-06,7.8352e-06,6.6660e-06
P78,30.00,180.00,30.00,0.00,6.0081e-08,1.8331e-07,6.1561e-07,3.4721e-06,7.5508e-06,7.5406e-06,5.2360e-06,5.9900e-08,1.6598e-07,4.4904e-07,3.5243e-06,6.4417e-06,7.4828e-06,6.3052e-06
P78,0.00,45.00,0.00,0.00,5.9589e-08,1.9548e-07,6.5851e-07,3.6783e-06,7.9083e-06,7.8977e-06,5.5494e-06,5.9442e-08,1.7690e-07,4.7860e-07,3.7283e-06,6.7527e-06,7.8352e-06,6.6660e-06
P78,0.00,135.00,30.00,0.00,5.7861e-08,1.9527e-07,6.5834e-07,3.6781e-06,7.9082e-06,7.8976e-06,5.5494e-06,5.7727e-08,1.7669e-07,4.7842e-07,3.7281e-06,6.7526e-06,7.8351e-06,6.6659e-06
P78,0.00,0.00,30.00,0.00,5.7861e-08,1.9527e-07,6.5834e-07,3.6781e-06,7.9082e-06,7.8976e-06,5.5494e-06,5.7727e-08,1.7669e-07,4.7842e-07,3.7281e-06,6.7526e-06,7.8351e-06,6.6659e-06
P78,60.00,180.00,30.00,0.00,6.9327e-08,1.4400e-07,4.6629e-07,2.5842e-06,5.9558e-06,5.9473e-06,4.1360e-06,6.8965e-08,1.3117e-07,3.4549e-07,2.6362e-06,5.0352e-06,5.9036e-06,4.9175e-06
P78,30.00,135.00,60.00,0.00,5.2027e-08,1.8220e-07,6.1470e-07,3.4712e-06,7.5503e-06,7.5401e-06,5.2357e-06,5.1900e-08,1.6487e-07,4.4810e-07,3.5233e-06,6.4411e-06,7.4823e-06,6.3048e-06
P79,30.00,135.00,60.00,0.00,5.2276e-08,2.1344e-07,7.3872e-07,3.5937e-06,7.6537e-06,7.6425e-06,5.3140e-06,5.2102e-08,1.9307e-07,5.2906e-07,3.6220e-06,6.4442e-06,7.5704e-06,6.4441e-06
P79,30.00,180.00,60.00,0.00,5.2233e-08,2.1343e-07,7.3871e-07,3.5937e-06,7.6537e-06,7.6425e-06,5.3140e-06,5.2059e-08,1.9306e-07,5.2905e-07,3.6220e-06,6.4442e-06,7.5703e-06,6.4441e-06
P79,0.00,0.00,30.00,0.00,5.7528e-08,2.3124e-07,8.0202e-07,3.7998e-06,8.0129e-06,8.0014e-06,5.6442e-06,5.7354e-08,2.0916e-07,5.7182e-07,3.8255e-06,6.7600e-06,7.9247e-06,6.8161e-06
P79,60.00,0.00,60.00,0.00,6.0311e-08,1.5751e-07,5.2634e-07,2.6882e-06,6.0154e-06,6.0060e-06,4.1335e-06,5.9950e-08,1.4318e-07,3.8513e-07,2.7186e-06,5.0011e-06,5.9500e-06,4.9785e-06
P79,60.00,0.00,0.00,0.00,7.1598e-08,1.5934e-07,5.2784e-07,2.6896e-06,6.0163e-06,6.0069e-06,4.1340e-06,7.1151e-08,1.4501e-07,3.8667e-07,2.7200e-06,5.0022e-06,5.9509e-06,4.9790e-06
P79,60.00,90.00,0.00,0.00,7.1598e-08,1.5934e-07,5.2784e-07,2.6896e-06,6.0163e-06,6.0069e-06,4.1340e-06,7.1151e-08,1.4501e-07,3.8667e-07,2.7200e-06,5.0022e-06,5.9509e-06,4.9790e-06
P79,60.00,90.00,60.00,0.00,5.9746e-08,1.5740e-07,5.2624e-07,2.6881e-06,6.0154e-06,6.0060e-06,4.1335e-06,5.9388e-08,1.4306e-07,3.8503e-07,2.7185e-06,5.0010e-06,5.9500e-06,4.9784e-06
P79,60.00,180.00,60.00,0.00,5.9151e-08,1.5728e-07,5.2615e-07,2.6880e-06,6.0153e-06,6.0059e-06,4.1335e-06,5.8796e-08,1.4294e-07,3.8493e-07,2.7184e-06,5.0010e-06,5.9499e-06,4.9784e-06
P79,60.00,135.00,30.00,0.00,6.9291e-08,1.5898e-07,5.2755e-07,2.6893e-06,6.0161e-06,6.0067e-06,4.1339e-06,6.8861e-08,1.4465e-07,3.8637e-07,2.7197e-06,5.0019e-06,5.9508e-06,4.9789e-06
P79,30.00,90.00,0.00,0.00,6.1531e-08,2.1485e-07,7.3987e-07,3.5948e-06,7.6543e-06,7.6432e-06,5.3144e-06,6.1293e-08,1.9448e-07,5.3023e-07,3.6231e-06,6.4450e-06,7.5710e-06,6.4445e-06
P79,0.00,0.00,60.00,0.00,5.0719e-08,2.3021e-07,8.0119e-07,3.7990e-06,8.0124e-06,8.0009e-06,5.6439e-06,5.0593e-08,2.0812e-07,5.7096e-07,3.8247e-06,6.7594e-06,7.9242e-06,6.8158e-06
P79,30.00,0.00,60.00,0.00,5.2525e-08,2.1349e-07,7.3876e-07,3.5937e-06,7.6537e-06,7.6426e-06,5.3140e-06,5.2350e-08,1.9311e-07,5.2910e-07,3.6220e-06,6.4442e-06,7.5704e-06,6.4441e-06
P79,60.00,180.00,30.00,0.00,6.9246e-08,1.5897e-07,5.2754e-07,2.6893e-06,6.0161e-06,6.0067e-06,4.1339e-06,6.8816e-08,1.4464e-07,3.8637e-07,2.7197e-06,5.0019e-06,5.9508e-06,4.9789e-06
P79,30.00,180.00,30.00,0.00,5.9768e-08,2.1460e-07,7.3967e-07,3.5946e-06,7.6542e-06,7.6431e-06,5.3143e-06,5.9542e-08,1.9423e-07,5.3002e-07,3.6229e-06,6.4449e-06,7.5709e-06,6.4444e-06
P79,30.00,135.00,30.00,0.00,5.9779e-08,2.1460e-07,7.3967e-07,3.5946e-06,7.6542e-06,7.6431e-06,5.3143e-06,5.9554e-08,1.9423e-07,5.3002e-07,3.6229e-06,6.4449e-06,7.5709e-06,6.4444e-06
P79,0.00,135.00,60.00,0.00,5.0719e-08,2.3021e-07,8.0119e-07,3.7990e-06,8.0124e-06,8.0009e-06,5.6439e-06,5.0593e-08,2.0812e-07,5.7096e-07,3.8247e-06,6.7594e-06,7.9242e-06,6.8158e-06
P79,30.00,90.00,60.00,0.00,5.2380e-08,2.1346e-07,7.3874e-07,3.5937e-06,7.6537e-06,7.6425e-06,5.3140e-06,5.2206e-08,1.9309e-07,5.2908e-07,3.6220e-06,6.4442e-06,7.5704e-06,6.4441e-06
P79,0.00,90.00,30.00,0.00,5.7528e-08,2.3124e-07,8.0202e-07,3.7998e-06,8.0129e-06,8.0014e-06,5.6442e-06,5.7354e-08,2.0916e-07,5.7182e-07,3.8255e-06,6.7600e-06,7.9247e-06,6.8161e-06
P79,0.00,135.00,30.00,0.00,5.7528e-08,2.3124e-07,8.0202e-07,3.7998e-06,8.0129e-06,8.0014e-06,5.6442e-06,5.7354e-08,2.0916e-07,5.7182e-07,3.8255e-06,6.7600e-06,7.9247e-06,6.8161e-06
P79,60.00,0.00,30.00,0.00,6.9549e-08,1.5903e-07,5.2759e-07,2.6894e-06,6.0161e-06,6.0067e-06,4.1339e-06,6.9118e-08,1.4470e-07,3.8641e-07,2.7198e-06,5.0020e-06,5.9508e-06,4.9789e-06
P79,0.00,45.00,0.00,0.00,5.9116e-08,2.3146e-07,8.0220e-07,3.7999e-06,8.0130e-06,8.0015e-06,5.6442e-06,5.8931e-08,2.0938e-07,5.7200e-07,3.8257e-06,6.7601e-06,7.9248e-06,6.8162e-06
P79,0.00,0.00,0.00,0.00,5.9116e-08,2.3146e-07,8.0220e-07,3.7999e-06,8.0130e-06,8.0015e-06,5.6442e-06,5.8931e-08,2.0938e-07,5.7200e-07,3.8257e-06,6.7601e-06,7.9248e-06,6.8162e-06
P79,60.00,45.00,30.00,0.00,6.9505e-08,1.5902e-07,5.2758e-07,2.6894e-06,6.0161e-06,6.0067e-06,4.1339e-06,6.9074e-08,1.4469e-07,3.8641e-07,2.7198e-06,5.0020e-06,5.9508e-06,4.9789e-06
P79,60.00,135.00,0.00,0.00,7.1598e-08,1.5934e-07,5.2784e-07,2.6896e-06,6.0163e-06,6.0069e-06,4.1340e-06,7.1151e-08,1.4501e-07,3.8667e-07,2.7200e-06,5.0022e-06,5.9509e-06,4.9790e-06
P79,30.00,45.00,30.00,0.00,5.9835e-08,2.1461e-07,7.3967e-07,3.5946e-06,7.6542e-06,7.6431e-06,5.3143e-06,5.9609e-08,1.9424e-07,5.3003e-07,3.6229e-06,6.4449e-06,7.5709e-06,6.4444e-06
P79,0.00,180.00,0.00,0.00,5.9116e-08,2.3146e-07,8.0220e-07,3.7999e-06,8.0130e-06,8.0015e-06,5.6442e-06,5.8931e-08,2.0938e-07,5.7200e-07,3.8257e-06,6.7601e-06,7.9248e-06,6.8162e-06
P79,0.00,45.00,30.00,0.00,5.7528e-08,2.3124e-07,8.0202e-07,3.7998e-06,8.0129e-06,8.0014e-06,5.6442e-06,5.7354e-08,2.0916e-07,5.7182e-07,3.8255e-06,6.7600e-06,7.9247e-06,6.8161e-06
P79,0.00,180.00,30.00,0.00,5.7528e-08,2.3124e-07,8.0202e-07,3.7998e-06,8.0129e-06,8.0014e-06,5.6442e-06,5.7354e-08,2.0916e-07,5.7182e-07,3.8255e-06,6.7600e-06,7.9247e-06,6.8161e-06
P79,0.00,90.00,60.00,0.00,5.0719e-08,2.3021e-07,8.0119e-07,3.7990e-06,8.0124e-06,8.0009e-06,5.6439e-06,5.0593e-08,2.0812e-07,5.7096e-07,3.8247e-06,6.7594e-06,7.9242e-06,6.8158e-06
P79,30.00,0.00,0.00,0.00,6.1531e-08,2.1485e-07,7.3987e-07,3.5948e-06,7.6543e-06,7.6432e-06,5.3144e-06,6.1293e-08,1.9448e-07,5.3023e-07,3.6231e-06,6.4450e-06,7.5710e-06,6.4445e-06
P79,30.00,45.00,60.00,0.00,5.2482e-08,2.1348e-07,7.3875e-07,3.5937e-06,7.6537e-06,7.6425e-06,5.3140e-06,5.2308e-08,1.9311e-07,5.2909e-07,3.6220e-06,6.4442e-06,7.5704e-06,6.4441e-06
P79,0.00,45.00,60.00,0.00,5.0719e-08,2.3021e-07,8.0119e-07,3.7990e-06,8.0124e-06,8.0009e-06,5.6439e-06,5.0593e-08,2.0812e-07,5.7096e-07,3.8247e-06,6.7594e-06,7.9242e-06,6.8158e-06
P79,30.00,90.00,30.00,0.00,5.9807e-08,2.1461e-07,7.3967e-07,3.5946e-06,7.6542e-06,7.6431e-06,5.3143e-06,5.9581e-08,1.9424e-07,5.3003e-07,3.6229e-06,6.4449e-06,7.5709e-06,6.4444e-06
P79,60.00,135.00,60.00,0.00,5.9329e-08,1.5732e-07,5.2617e-07,2.6881e-06,6.0153e-06,6.0059e-06,4.1335e-06,5.8972e-08,1.4298e-07,3.8496e-07,2.7184e-06,5.0010e-06,5.9500e-06,4.9784e-06
P79,60.00,180.00,0.00,0.00,7.1598e-08,1.5934e-07,5.2784e-07,2.6896e-06,6.0163e-06,6.0069e-06,4.1340e-06,7.1151e-08,1.4501e-07,3.8667e-07,2.7200e-06,5.0022e-06,5.9509e-06,4.9790e-06
P79,60.00,90.00,30.00,0.00,6.9398e-08,1.5900e-07,5.2757e-07,2.6894e-06,6.0161e-06,6.0067e-06,4.1339e-06,6.8968e-08,1.4467e-07,3.8639e-07,2.7197e-06,5.0020e-06,5.9508e-06,4.9789e-06
P79,60.00,45.00,0.00,0.00,7.1598e-08,1.5934e-07,5.2784e-07,2.6896e-06,6.0163e-06,6.0069e-06,4.1340e-06,7.1151e-08,1.4501e-07,3.8667e-07,2.7200e-06,5.0022e-06,5.9509e-06,4.9790e-06
P79,30.00,0.00,30.00,0.00,5.9846e-08,2.1462e-07,7.3967e-07,3.5946e-06,7.6542e-06,7.6431e-06,5.3143e-06,5.9621e-08,1.9424e-07,5.3003e-07,3.6229e-06,6.4449e-06,7.5709e-06,6.4444e-06
P79,30.00,180.00,0.00,0.00,6.1531e-08,2.1485e-07,7.3987e-07,3.5948e-06,7.6543e-06,7.6432e-06,5.3144e-06,6.1293e-08,1.9448e-07,5.3023e-07,3.6231e-06,6.4450e-06,7.5710e-06,6.4445e-06
P79,60.00,45.00,60.00,0.00,6.0148e-08,1.5748e-07,5.2631e-07,2.6882e-06,6.0154e-06,6.0060e-06,4.1335e-06,5.9788e-08,1.4314e-07,3.8510e-07,2.7185e-06,5.0011e-06,5.9500e-06,4.9785e-06
P79,0.00,90.00,0.00,0.00,5.9116e-08,2.3146e-07,8.0220e-07,3.7999e-06,8.0130e-06,8.0015e-06,5.6442e-06,5.8931e-08,2.0938e-07,5.7200e-07,3.8257e-06,6.7601e-06,7.9248e-06,6.8162e-06
P79,30.00,45.00,0.00,0.00,6.1531e-08,2.1485e-07,7.3987e-07,3.5948e-06,7.6543e-06,7.6432e-06,5.3144e-06,6.1293e-08,1.9448e-07,5.3023e-07,3.6231e-06,6.4450e-06,7.5710e-06,6.4445e-06
P79,0.00,180.00,60.00,0.00,5.0719e-08,2.3021e-07,8.0119e-07,3.7990e-06,8.0124e-06,8.0009e-06,5.6439e-06,5.0593e-08,2.0812e-07,5.7096e-07,3.8247e-06,6.7594e-06,7.9242e-06,6.8158e-06
P79,30.00,135.00,0.00,0.00,6.1531e-08,2.1485e-07,7.3987e-07,3.5948e-06,7.6543e-06,7.6432e-06,5.3144e-06,6.1293e-08,1.9448e-07,5.3023e-07,3.6231e-06,6.4450e-06,7.5710e-06,6.4445e-06
P79,0.00,135.00,0.00,0.00,5.9116e-08,2.3146e-07,8.0220e-07,3.7999e-06,8.0130e-06,8.0015e-06,5.6442e-06,5.8931e-08,2.0938e-07,5.7200e-07,3.8257e-06,6.7601e-06,7.9248e-06,6.8162e-06
