Profile,VZA,VAA,SZA,SAA,fy4a_ch07_Radiance,fy4a_ch09_Radiance,fy4a_ch10_Radiance,fy4a_ch11_Radiance,fy4a_ch12_Radiance,fy4a_ch13_Radiance,fy4a_ch14_Radiance,fy4b_ch07_Radiance,fy4b_ch09_Radiance,fy4b_ch10_Radiance,fy4b_ch12_Radiance,fy4b_ch13_Radiance,fy4b_ch14_Radiance,fy4b_ch15_Radiance
P0,60.00,180.00,30.00,0.00,4.0328e-08,2.0930e-07,6.9369e-07,2.5436e-06,6.4842e-06,6.4727e-06,5.5136e-06,3.8596e-08,1.9075e-07,5.1244e-07,2.5611e-06,5.2270e-06,6.3810e-06,6.1383e-06
P0,30.00,180.00,0.00,0.00,4.3803e-08,2.4271e-07,7.8892e-07,2.6815e-06,6.6005e-06,6.5890e-06,6.0106e-06,4.1893e-08,2.2166e-07,5.8773e-07,2.6892e-06,5.3311e-06,6.4905e-06,6.5310e-06
P0,60.00,90.00,0.00,0.00,5.1381e-08,2.0930e-07,6.9372e-07,2.5441e-06,6.4843e-06,6.4728e-06,5.5136e-06,4.9131e-08,1.9075e-07,5.1244e-07,2.5616e-06,5.2271e-06,6.3811e-06,6.1383e-06
P0,30.00,0.00,0.00,0.00,4.3803e-08,2.4271e-07,7.8892e-07,2.6815e-06,6.6005e-06,6.5890e-06,6.0106e-06,4.1893e-08,2.2166e-07,5.8773e-07,2.6892e-06,5.3311e-06,6.4905e-06,6.5310e-06
P0,30.00,90.00,60.00,0.00,3.3122e-08,2.4270e-07,7.8887e-07,2.6815e-06,6.6005e-06,6.5890e-06,6.0106e-06,3.1873e-08,2.2166e-07,5.8771e-07,2.6891e-06,5.3311e-06,6.4905e-06,6.5310e-06
P0,60.00,180.00,60.00,0.00,2.8186e-08,2.0929e-07,6.9365e-07,2.5430e-06,6.4841e-06,6.4727e-06,5.5136e-06,2.7090e-08,1.9074e-07,5.1243e-07,2.5605e-06,5.2269e-06,6.3810e-06,6.1383e-06
P0,30.00,135.00,30.00,0.00,3.9219e-08,2.4271e-07,7.8890e-07,2.6814e-06,6.6005e-06,6.5890e-06,6.0106e-06,3.7556e-08,2.2166e-07,5.8772e-07,2.6890e-06,5.3310e-06,6.4905e-06,6.5310e-06
P0,60.00,135.00,30.00,0.00,4.3001e-08,2.0930e-07,6.9369e-07,2.5436e-06,6.4842e-06,6.4727e-06,5.5136e-06,4.1143e-08,1.9075e-07,5.1244e-07,2.5612e-06,5.2270e-06,6.3810e-06,6.1383e-06
P0,30.00,180.00,30.00,0.00,3.7948e-08,2.4271e-07,7.8889e-07,2.6812e-06,6.6005e-06,6.5889e-06,6.0106e-06,3.6336e-08,2.2166e-07,5.8772e-07,2.6888e-06,5.3310e-06,6.4905e-06,6.5310e-06
P0,30.00,180.00,60.00,0.00,2.6653e-08,2.4270e-07,7.8885e-07,2.6812e-06,6.6005e-06,6.5889e-06,6.0106e-06,2.5701e-08,2.2166e-07,5.8771e-07,2.6888e-06,5.3310e-06,6.4905e-06,6.5310e-06
P0,30.00,90.00,30.00,0.00,4.2643e-08,2.4271e-07,7.8892e-07,2.6816e-06,6.6005e-06,6.5890e-06,6.0106e-06,4.0824e-08,2.2166e-07,5.8773e-07,2.6892e-06,5.3311e-06,6.4905e-06,6.5310e-06
P0,60.00,45.00,0.00,0.00,5.1381e-08,2.0930e-07,6.9372e-07,2.5441e-06,6.4843e-06,6.4728e-06,5.5136e-06,4.9131e-08,1.9075e-07,5.1244e-07,2.5616e-06,5.2271e-06,6.3811e-06,6.1383e-06
P0,30.00,0.00,30.00,0.00,4.8825e-08,2.4272e-07,7.8894e-07,2.6819e-06,6.6006e-06,6.5890e-06,6.0106e-06,4.6729e-08,2.2166e-07,5.8773e-07,2.6896e-06,5.3312e-06,6.4906e-06,6.5310e-06
P0,30.00,0.00,60.00,0.00,4.5333e-08,2.4271e-07,7.8891e-07,2.6822e-06,6.6006e-06,6.5890e-06,6.0106e-06,4.3564e-08,2.2166e-07,5.8772e-07,2.6899e-06,5.3312e-06,6.4906e-06,6.5310e-06
P0,0.00,0.00,30.00,0.00,3.9055e-08,2.5217e-07,8.1371e-07,2.7113e-06,6.6271e-06,6.6156e-06,6.1316e-06,3.7416e-08,2.3049e-07,6.0812e-07,2.7164e-06,5.3547e-06,6.5157e-06,6.6230e-06
P0,0.00,180.00,60.00,0.00,2.9739e-08,2.5216e-07,8.1367e-07,2.7113e-06,6.6272e-06,6.6156e-06,6.1316e-06,2.8671e-08,2.3049e-07,6.0810e-07,2.7164e-06,5.3548e-06,6.5158e-06,6.6230e-06
P0,60.00,45.00,30.00,0.00,6.4751e-08,2.0931e-07,6.9374e-07,2.5449e-06,6.4843e-06,6.4729e-06,5.5136e-06,6.1938e-08,1.9075e-07,5.1245e-07,2.5625e-06,5.2273e-06,6.3812e-06,6.1384e-06
P0,0.00,180.00,0.00,0.00,4.0990e-08,2.5218e-07,8.1373e-07,2.7114e-06,6.6271e-06,6.6156e-06,6.1316e-06,3.9244e-08,2.3049e-07,6.0812e-07,2.7165e-06,5.3547e-06,6.5157e-06,6.6230e-06
P0,30.00,135.00,60.00,0.00,2.8199e-08,2.4270e-07,7.8886e-07,2.6812e-06,6.6005e-06,6.5889e-06,6.0106e-06,2.7174e-08,2.2166e-07,5.8771e-07,2.6889e-06,5.3310e-06,6.4905e-06,6.5310e-06
P0,60.00,135.00,0.00,0.00,5.1381e-08,2.0930e-07,6.9372e-07,2.5441e-06,6.4843e-06,6.4728e-06,5.5136e-06,4.9131e-08,1.9075e-07,5.1244e-07,2.5616e-06,5.2271e-06,6.3811e-06,6.1383e-06
P0,30.00,45.00,30.00,0.00,4.6777e-08,2.4272e-07,7.8893e-07,2.6818e-06,6.6006e-06,6.5890e-06,6.0106e-06,4.4770e-08,2.2166e-07,5.8773e-07,2.6895e-06,5.3311e-06,6.4906e-06,6.5310e-06
P0,60.00,0.00,0.00,0.00,5.1381e-08,2.0930e-07,6.9372e-07,2.5441e-06,6.4843e-06,6.4728e-06,5.5136e-06,4.9131e-08,1.9075e-07,5.1244e-07,2.5616e-06,5.2271e-06,6.3811e-06,6.1383e-06
P0,60.00,0.00,30.00,0.00,7.2609e-08,2.0932e-07,6.9377e-07,2.5452e-06,6.4844e-06,6.4729e-06,5.5136e-06,6.9464e-08,1.9075e-07,5.1245e-07,2.5629e-06,5.2273e-06,6.3812e-06,6.1384e-06
P0,60.00,0.00,60.00,0.00,1.0913e-07,2.0935e-07,6.9381e-07,2.5485e-06,6.4848e-06,6.4733e-06,5.5137e-06,1.0474e-07,1.9075e-07,5.1245e-07,2.5664e-06,5.2281e-06,6.3816e-06,6.1386e-06
P0,0.00,135.00,30.00,0.00,3.9055e-08,2.5217e-07,8.1371e-07,2.7113e-06,6.6271e-06,6.6156e-06,6.1316e-06,3.7416e-08,2.3049e-07,6.0812e-07,2.7164e-06,5.3547e-06,6.5157e-06,6.6230e-06
P0,0.00,90.00,30.00,0.00,3.9055e-08,2.5217e-07,8.1371e-07,2.7113e-06,6.6271e-06,6.6156e-06,6.1316e-06,3.7416e-08,2.3049e-07,6.0812e-07,2.7164e-06,5.3547e-06,6.5157e-06,6.6230e-06
P0,60.00,135.00,60.00,0.00,3.1519e-08,2.0929e-07,6.9366e-07,2.5434e-06,6.4842e-06,6.4727e-06,5.5136e-06,3.0280e-08,1.9074e-07,5.1243e-07,2.5609e-06,5.2270e-06,6.3810e-06,6.1383e-06
P0,60.00,180.00,0.00,0.00,5.1381e-08,2.0930e-07,6.9372e-07,2.5441e-06,6.4843e-06,6.4728e-06,5.5136e-06,4.9131e-08,1.9075e-07,5.1244e-07,2.5616e-06,5.2271e-06,6.3811e-06,6.1383e-06
P0,0.00,180.00,30.00,0.00,3.9055e-08,2.5217e-07,8.1371e-07,2.7113e-06,6.6271e-06,6.6156e-06,6.1316e-06,3.7416e-08,2.3049e-07,6.0812e-07,2.7164e-06,5.3547e-06,6.5157e-06,6.6230e-06
P0,0.00,90.00,0.00,0.00,4.0990e-08,2.5218e-07,8.1373e-07,2.7114e-06,6.6271e-06,6.6156e-06,6.1316e-06,3.9244e-08,2.3049e-07,6.0812e-07,2.7165e-06,5.3547e-06,6.5157e-06,6.6230e-06
P0,60.00,90.00,60.00,0.00,4.4196e-08,2.0930e-07,6.9368e-07,2.5440e-06,6.4843e-06,6.4728e-06,5.5136e-06,4.2382e-08,1.9075e-07,5.1243e-07,2.5616e-06,5.2271e-06,6.3811e-06,6.1383e-06
P0,0.00,135.00,60.00,0.00,2.9739e-08,2.5216e-07,8.1367e-07,2.7113e-06,6.6272e-06,6.6156e-06,6.1316e-06,2.8671e-08,2.3049e-07,6.0810e-07,2.7164e-06,5.3548e-06,6.5158e-06,6.6230e-06
P0,30.00,45.00,0.00,0.00,4.3803e-08,2.4271e-07,7.8892e-07,2.6815e-06,6.6005e-06,6.5890e-06,6.0106e-06,4.1893e-08,2.2166e-07,5.8773e-07,2.6892e-06,5.3311e-06,6.4905e-06,6.5310e-06
P0,0.00,135.00,0.00,0.00,4.0990e-08,2.5218e-07,8.1373e-07,2.7114e-06,6.6271e-06,6.6156e-06,6.1316e-06,3.9244e-08,2.3049e-07,6.0812e-07,2.7165e-06,5.3547e-06,6.5157e-06,6.6230e-06
P0,0.00,45.00,0.00,0.00,4.0990e-08,2.5218e-07,8.1373e-07,2.7114e-06,6.6271e-06,6.6156e-06,6.1316e-06,3.9244e-08,2.3049e-07,6.0812e-07,2.7165e-06,5.3547e-06,6.5157e-06,6.6230e-06
P0,0.00,45.00,60.00,0.00,2.9739e-08,2.5216e-07,8.1367e-07,2.7113e-06,6.6272e-06,6.6156e-06,6.1316e-06,2.8671e-08,2.3049e-07,6.0810e-07,2.7164e-06,5.3548e-06,6.5158e-06,6.6230e-06
P0,0.00,0.00,60.00,0.00,2.9739e-08,2.5216e-07,8.1367e-07,2.7113e-06,6.6272e-06,6.6156e-06,6.1316e-06,2.8671e-08,2.3049e-07,6.0810e-07,2.7164e-06,5.3548e-06,6.5158e-06,6.6230e-06
P0,0.00,0.00,0.00,0.00,4.0990e-08,2.5218e-07,8.1373e-07,2.7114e-06,6.6271e-06,6.6156e-06,6.1316e-06,3.9244e-08,2.3049e-07,6.0812e-07,2.7165e-06,5.3547e-06,6.5157e-06,6.6230e-06
P0,30.00,45.00,60.00,0.00,4.0785e-08,2.4271e-07,7.8889e-07,2.6819e-06,6.6006e-06,6.5890e-06,6.0106e-06,3.9208e-08,2.2166e-07,5.8772e-07,2.6896e-06,5.3312e-06,6.4906e-06,6.5310e-06
P0,0.00,90.00,60.00,0.00,2.9739e-08,2.5216e-07,8.1367e-07,2.7113e-06,6.6272e-06,6.6156e-06,6.1316e-06,2.8671e-08,2.3049e-07,6.0810e-07,2.7164e-06,5.3548e-06,6.5158e-06,6.6230e-06
P0,60.00,45.00,60.00,0.00,7.6116e-08,2.0932e-07,6.9374e-07,2.5460e-06,6.4845e-06,6.4730e-06,5.5136e-06,7.2970e-08,1.9075e-07,5.1244e-07,2.5637e-06,5.2275e-06,6.3813e-06,6.1385e-06
P0,30.00,90.00,0.00,0.00,4.3803e-08,2.4271e-07,7.8892e-07,2.6815e-06,6.6005e-06,6.5890e-06,6.0106e-06,4.1893e-08,2.2166e-07,5.8773e-07,2.6892e-06,5.3311e-06,6.4905e-06,6.5310e-06
P0,30.00,135.00,0.00,0.00,4.3803e-08,2.4271e-07,7.8892e-07,2.6815e-06,6.6005e-06,6.5890e-06,6.0106e-06,4.1893e-08,2.2166e-07,5.8773e-07,2.6892e-06,5.3311e-06,6.4905e-06,6.5310e-06
P0,0.00,45.00,30.00,0.00,3.9055e-08,2.5217e-07,8.1371e-07,2.7113e-06,6.6271e-06,6.6156e-06,6.1316e-06,3.7416e-08,2.3049e-07,6.0812e-07,2.7164e-06,5.3547e-06,6.5157e-06,6.6230e-06
P0,60.00,90.00,30.00,0.00,5.1508e-08,2.0930e-07,6.9371e-07,2.5441e-06,6.4842e-06,6.4728e-06,5.5136e-06,4.9264e-08,1.9075e-07,5.1244e-07,2.5616e-06,5.2271e-06,6.3811e-06,6.1383e-06
P1,30.00,180.00,30.00,0.00,6.8908e-08,3.2459e-07,1.0660e-06,5.7614e-06,1.1343e-05,1.1330e-05,8.7459e-06,6.8127e-08,2.9439e-07,7.7751e-07,5.8140e-06,9.9920e-06,1.1263e-05,9.9919e-06
P1,0.00,45.00,60.00,0.00,6.2374e-08,3.3912e-07,1.1069e-06,5.8345e-06,1.1431e-05,1.1418e-05,9.0023e-06,6.2040e-08,3.0782e-07,8.0769e-07,5.8814e-06,1.0053e-05,1.1345e-05,1.0205e-05
P1,0.00,180.00,0.00,0.00,7.2913e-08,3.3913e-07,1.1069e-06,5.8346e-06,1.1431e-05,1.1418e-05,9.0023e-06,7.1996e-08,3.0782e-07,8.0769e-07,5.8815e-06,1.0053e-05,1.1345e-05,1.0205e-05
P1,0.00,90.00,0.00,0.00,7.2913e-08,3.3913e-07,1.1069e-06,5.8346e-06,1.1431e-05,1.1418e-05,9.0023e-06,7.1996e-08,3.0782e-07,8.0769e-07,5.8815e-06,1.0053e-05,1.1345e-05,1.0205e-05
P1,30.00,135.00,30.00,0.00,7.0023e-08,3.2459e-07,1.0660e-06,5.7616e-06,1.1343e-05,1.1330e-05,8.7459e-06,6.9203e-08,2.9439e-07,7.7751e-07,5.8141e-06,9.9921e-06,1.1263e-05,9.9919e-06
P1,30.00,0.00,30.00,0.00,7.8453e-08,3.2459e-07,1.0660e-06,5.7620e-06,1.1343e-05,1.1330e-05,8.7459e-06,7.7305e-08,2.9439e-07,7.7751e-07,5.8146e-06,9.9922e-06,1.1263e-05,9.9920e-06
P1,0.00,45.00,0.00,0.00,7.2913e-08,3.3913e-07,1.1069e-06,5.8346e-06,1.1431e-05,1.1418e-05,9.0023e-06,7.1996e-08,3.0782e-07,8.0769e-07,5.8815e-06,1.0053e-05,1.1345e-05,1.0205e-05
P1,30.00,180.00,60.00,0.00,5.8600e-08,3.2459e-07,1.0660e-06,5.7614e-06,1.1343e-05,1.1330e-05,8.7459e-06,5.8362e-08,2.9439e-07,7.7751e-07,5.8140e-06,9.9921e-06,1.1263e-05,9.9919e-06
P1,0.00,135.00,0.00,0.00,7.2913e-08,3.3913e-07,1.1069e-06,5.8346e-06,1.1431e-05,1.1418e-05,9.0023e-06,7.1996e-08,3.0782e-07,8.0769e-07,5.8815e-06,1.0053e-05,1.1345e-05,1.0205e-05
P1,0.00,180.00,30.00,0.00,7.1075e-08,3.3912e-07,1.1069e-06,5.8346e-06,1.1431e-05,1.1418e-05,9.0023e-06,7.0252e-08,3.0782e-07,8.0769e-07,5.8815e-06,1.0053e-05,1.1345e-05,1.0205e-05
P1,30.00,90.00,60.00,0.00,6.4131e-08,3.2459e-07,1.0660e-06,5.7616e-06,1.1343e-05,1.1330e-05,8.7459e-06,6.3679e-08,2.9439e-07,7.7751e-07,5.8142e-06,9.9921e-06,1.1263e-05,9.9919e-06
P1,60.00,180.00,60.00,0.00,5.5107e-08,2.7288e-07,9.1850e-07,5.4189e-06,1.0916e-05,1.0905e-05,7.7181e-06,5.4798e-08,2.4676e-07,6.6788e-07,5.4938e-06,9.6838e-06,1.0861e-05,9.0923e-06
P1,60.00,0.00,0.00,0.00,7.5333e-08,2.7289e-07,9.1850e-07,5.4197e-06,1.0916e-05,1.0905e-05,7.7181e-06,7.4158e-08,2.4676e-07,6.6788e-07,5.4946e-06,9.6839e-06,1.0861e-05,9.0923e-06
P1,0.00,135.00,60.00,0.00,6.2374e-08,3.3912e-07,1.1069e-06,5.8345e-06,1.1431e-05,1.1418e-05,9.0023e-06,6.2040e-08,3.0782e-07,8.0769e-07,5.8814e-06,1.0053e-05,1.1345e-05,1.0205e-05
P1,60.00,45.00,0.00,0.00,7.5333e-08,2.7289e-07,9.1850e-07,5.4197e-06,1.0916e-05,1.0905e-05,7.7181e-06,7.4158e-08,2.4676e-07,6.6788e-07,5.4946e-06,9.6839e-06,1.0861e-05,9.0923e-06
P1,0.00,45.00,30.00,0.00,7.1075e-08,3.3912e-07,1.1069e-06,5.8346e-06,1.1431e-05,1.1418e-05,9.0023e-06,7.0252e-08,3.0782e-07,8.0769e-07,5.8815e-06,1.0053e-05,1.1345e-05,1.0205e-05
P1,0.00,0.00,0.00,0.00,7.2913e-08,3.3913e-07,1.1069e-06,5.8346e-06,1.1431e-05,1.1418e-05,9.0023e-06,7.1996e-08,3.0782e-07,8.0769e-07,5.8815e-06,1.0053e-05,1.1345e-05,1.0205e-05
P1,30.00,45.00,60.00,0.00,7.0683e-08,3.2459e-07,1.0660e-06,5.7619e-06,1.1343e-05,1.1330e-05,8.7459e-06,6.9996e-08,2.9439e-07,7.7751e-07,5.8145e-06,9.9922e-06,1.1263e-05,9.9919e-06
P1,60.00,135.00,60.00,0.00,5.7857e-08,2.7288e-07,9.1850e-07,5.4192e-06,1.0916e-05,1.0905e-05,7.7181e-06,5.7453e-08,2.4676e-07,6.6788e-07,5.4940e-06,9.6838e-06,1.0861e-05,9.0923e-06
P1,0.00,180.00,60.00,0.00,6.2374e-08,3.3912e-07,1.1069e-06,5.8345e-06,1.1431e-05,1.1418e-05,9.0023e-06,6.2040e-08,3.0782e-07,8.0769e-07,5.8814e-06,1.0053e-05,1.1345e-05,1.0205e-05
P1,30.00,135.00,60.00,0.00,5.9923e-08,3.2459e-07,1.0660e-06,5.7614e-06,1.1343e-05,1.1330e-05,8.7459e-06,5.9631e-08,2.9439e-07,7.7751e-07,5.8140e-06,9.9921e-06,1.1263e-05,9.9919e-06
P1,0.00,90.00,60.00,0.00,6.2374e-08,3.3912e-07,1.1069e-06,5.8345e-06,1.1431e-05,1.1418e-05,9.0023e-06,6.2040e-08,3.0782e-07,8.0769e-07,5.8814e-06,1.0053e-05,1.1345e-05,1.0205e-05
P1,30.00,0.00,0.00,0.00,7.4186e-08,3.2459e-07,1.0660e-06,5.7617e-06,1.1343e-05,1.1330e-05,8.7459e-06,7.3163e-08,2.9439e-07,7.7751e-07,5.8143e-06,9.9921e-06,1.1263e-05,9.9919e-06
P1,30.00,90.00,30.00,0.00,7.3027e-08,3.2459e-07,1.0660e-06,5.7617e-06,1.1343e-05,1.1330e-05,8.7459e-06,7.2089e-08,2.9439e-07,7.7751e-07,5.8143e-06,9.9921e-06,1.1263e-05,9.9919e-06
P1,30.00,135.00,0.00,0.00,7.4186e-08,3.2459e-07,1.0660e-06,5.7617e-06,1.1343e-05,1.1330e-05,8.7459e-06,7.3163e-08,2.9439e-07,7.7751e-07,5.8143e-06,9.9921e-06,1.1263e-05,9.9919e-06
P1,60.00,180.00,0.00,0.00,7.5333e-08,2.7289e-07,9.1850e-07,5.4197e-06,1.0916e-05,1.0905e-05,7.7181e-06,7.4158e-08,2.4676e-07,6.6788e-07,5.4946e-06,9.6839e-06,1.0861e-05,9.0923e-06
P1,0.00,0.00,30.00,0.00,7.1075e-08,3.3912e-07,1.1069e-06,5.8346e-06,1.1431e-05,1.1418e-05,9.0023e-06,7.0252e-08,3.0782e-07,8.0769e-07,5.8815e-06,1.0053e-05,1.1345e-05,1.0205e-05
P1,60.00,90.00,30.00,0.00,7.5271e-08,2.7289e-07,9.1850e-07,5.4196e-06,1.0916e-05,1.0905e-05,7.7181e-06,7.4114e-08,2.4676e-07,6.6788e-07,5.4945e-06,9.6839e-06,1.0861e-05,9.0923e-06
P1,30.00,0.00,60.00,0.00,7.4572e-08,3.2459e-07,1.0660e-06,5.7620e-06,1.1343e-05,1.1330e-05,8.7459e-06,7.3748e-08,2.9439e-07,7.7751e-07,5.8147e-06,9.9922e-06,1.1263e-05,9.9920e-06
P1,0.00,90.00,30.00,0.00,7.1075e-08,3.3912e-07,1.1069e-06,5.8346e-06,1.1431e-05,1.1418e-05,9.0023e-06,7.0252e-08,3.0782e-07,8.0769e-07,5.8815e-06,1.0053e-05,1.1345e-05,1.0205e-05
P1,60.00,45.00,30.00,0.00,8.6479e-08,2.7289e-07,9.1850e-07,5.4202e-06,1.0916e-05,1.0905e-05,7.7181e-06,8.4926e-08,2.4676e-07,6.6788e-07,5.4951e-06,9.6840e-06,1.0861e-05,9.0923e-06
P1,30.00,180.00,0.00,0.00,7.4186e-08,3.2459e-07,1.0660e-06,5.7617e-06,1.1343e-05,1.1330e-05,8.7459e-06,7.3163e-08,2.9439e-07,7.7751e-07,5.8143e-06,9.9921e-06,1.1263e-05,9.9919e-06
P1,30.00,45.00,30.00,0.00,7.6655e-08,3.2459e-07,1.0660e-06,5.7619e-06,1.1343e-05,1.1330e-05,8.7459e-06,7.5575e-08,2.9439e-07,7.7751e-07,5.8145e-06,9.9922e-06,1.1263e-05,9.9919e-06
P1,0.00,0.00,60.00,0.00,6.2374e-08,3.3912e-07,1.1069e-06,5.8345e-06,1.1431e-05,1.1418e-05,9.0023e-06,6.2040e-08,3.0782e-07,8.0769e-07,5.8814e-06,1.0053e-05,1.1345e-05,1.0205e-05
P1,30.00,45.00,0.00,0.00,7.4186e-08,3.2459e-07,1.0660e-06,5.7617e-06,1.1343e-05,1.1330e-05,8.7459e-06,7.3163e-08,2.9439e-07,7.7751e-07,5.8143e-06,9.9921e-06,1.1263e-05,9.9919e-06
P1,60.00,0.00,30.00,0.00,9.3131e-08,2.7290e-07,9.1850e-07,5.4204e-06,1.0916e-05,1.0905e-05,7.7181e-06,9.1347e-08,2.4676e-07,6.6788e-07,5.4954e-06,9.6840e-06,1.0861e-05,9.0923e-06
P1,60.00,90.00,0.00,0.00,7.5333e-08,2.7289e-07,9.1850e-07,5.4197e-06,1.0916e-05,1.0905e-05,7.7181e-06,7.4158e-08,2.4676e-07,6.6788e-07,5.4946e-06,9.6839e-06,1.0861e-05,9.0923e-06
P1,60.00,135.00,30.00,0.00,6.8071e-08,2.7289e-07,9.1850e-07,5.4194e-06,1.0916e-05,1.0905e-05,7.7181e-06,6.7185e-08,2.4676e-07,6.6788e-07,5.4942e-06,9.6838e-06,1.0861e-05,9.0923e-06
P1,30.00,90.00,0.00,0.00,7.4186e-08,3.2459e-07,1.0660e-06,5.7617e-06,1.1343e-05,1.1330e-05,8.7459e-06,7.3163e-08,2.9439e-07,7.7751e-07,5.8143e-06,9.9921e-06,1.1263e-05,9.9919e-06
P1,0.00,135.00,30.00,0.00,7.1075e-08,3.3912e-07,1.1069e-06,5.8346e-06,1.1431e-05,1.1418e-05,9.0023e-06,7.0252e-08,3.0782e-07,8.0769e-07,5.8815e-06,1.0053e-05,1.1345e-05,1.0205e-05
P1,60.00,90.00,60.00,0.00,6.8325e-08,2.7289e-07,9.1850e-07,5.4196e-06,1.0916e-05,1.0905e-05,7.7181e-06,6.7535e-08,2.4676e-07,6.6788e-07,5.4945e-06,9.6839e-06,1.0861e-05,9.0923e-06
P1,60.00,0.00,60.00,0.00,1.2195e-07,2.7291e-07,9.1850e-07,5.4224e-06,1.0916e-05,1.0905e-05,7.7181e-06,1.1946e-07,2.4676e-07,6.6788e-07,5.4975e-06,9.6845e-06,1.0861e-05,9.0923e-06
P1,60.00,45.00,60.00,0.00,9.4686e-08,2.7290e-07,9.1850e-07,5.4208e-06,1.0916e-05,1.0905e-05,7.7181e-06,9.3012e-08,2.4676e-07,6.6788e-07,5.4958e-06,9.6841e-06,1.0861e-05,9.0923e-06
P1,60.00,180.00,30.00,0.00,6.5809e-08,2.7289e-07,9.1850e-07,5.4193e-06,1.0916e-05,1.0905e-05,7.7181e-06,6.5012e-08,2.4676e-07,6.6788e-07,5.4942e-06,9.6838e-06,1.0861e-05,9.0923e-06
P1,60.00,135.00,0.00,0.00,7.5333e-08,2.7289e-07,9.1850e-07,5.4197e-06,1.0916e-05,1.0905e-05,7.7181e-06,7.4158e-08,2.4676e-07,6.6788e-07,5.4946e-06,9.6839e-06,1.0861e-05,9.0923e-06
P2,30.00,90.00,0.00,0.00,5.2128e-08,3.2363e-07,1.1152e-06,3.8698e-06,8.5893e-06,8.5762e-06,7.4276e-06,5.0359e-08,2.9317e-07,8.0881e-07,3.8850e-06,7.1500e-06,8.4719e-06,8.1730e-06
P2,0.00,180.00,0.00,0.00,4.9611e-08,3.3965e-07,1.1579e-06,3.9090e-06,8.6197e-06,8.6065e-06,7.5835e-06,4.8002e-08,3.0805e-07,8.4499e-07,3.9206e-06,7.1773e-06,8.5004e-06,8.2919e-06
P2,30.00,180.00,0.00,0.00,5.2128e-08,3.2363e-07,1.1152e-06,3.8698e-06,8.5893e-06,8.5762e-06,7.4276e-06,5.0359e-08,2.9317e-07,8.0881e-07,3.8850e-06,7.1500e-06,8.4719e-06,8.1730e-06
P2,30.00,0.00,0.00,0.00,5.2128e-08,3.2363e-07,1.1152e-06,3.8698e-06,8.5893e-06,8.5762e-06,7.4276e-06,5.0359e-08,2.9317e-07,8.0881e-07,3.8850e-06,7.1500e-06,8.4719e-06,8.1730e-06
P2,0.00,0.00,0.00,0.00,4.9611e-08,3.3965e-07,1.1579e-06,3.9090e-06,8.6197e-06,8.6065e-06,7.5835e-06,4.8002e-08,3.0805e-07,8.4499e-07,3.9206e-06,7.1773e-06,8.5004e-06,8.2919e-06
P2,30.00,180.00,60.00,0.00,3.5198e-08,3.2362e-07,1.1152e-06,3.8695e-06,8.5893e-06,8.5761e-06,7.4276e-06,3.4363e-08,2.9317e-07,8.0880e-07,3.8846e-06,7.1499e-06,8.4719e-06,8.1730e-06
P2,60.00,180.00,0.00,0.00,5.8456e-08,2.6963e-07,9.4939e-07,3.6858e-06,8.4519e-06,8.4389e-06,6.7907e-06,5.6358e-08,2.4376e-07,6.7609e-07,3.7145e-06,7.0257e-06,8.3443e-06,7.6669e-06
P2,0.00,0.00,60.00,0.00,3.8509e-08,3.3964e-07,1.1579e-06,3.9088e-06,8.6197e-06,8.6065e-06,7.5835e-06,3.7558e-08,3.0805e-07,8.4498e-07,3.9205e-06,7.1774e-06,8.5004e-06,8.2919e-06
P2,0.00,45.00,0.00,0.00,4.9611e-08,3.3965e-07,1.1579e-06,3.9090e-06,8.6197e-06,8.6065e-06,7.5835e-06,4.8002e-08,3.0805e-07,8.4499e-07,3.9206e-06,7.1773e-06,8.5004e-06,8.2919e-06
P2,60.00,135.00,0.00,0.00,5.8456e-08,2.6963e-07,9.4939e-07,3.6858e-06,8.4519e-06,8.4389e-06,6.7907e-06,5.6358e-08,2.4376e-07,6.7609e-07,3.7145e-06,7.0257e-06,8.3443e-06,7.6669e-06
P2,30.00,90.00,30.00,0.00,5.0989e-08,3.2363e-07,1.1152e-06,3.8699e-06,8.5893e-06,8.5762e-06,7.4276e-06,4.9307e-08,2.9317e-07,8.0881e-07,3.8850e-06,7.1500e-06,8.4719e-06,8.1730e-06
P2,30.00,180.00,30.00,0.00,4.6343e-08,3.2363e-07,1.1152e-06,3.8695e-06,8.5892e-06,8.5761e-06,7.4276e-06,4.4866e-08,2.9317e-07,8.0881e-07,3.8846e-06,7.1499e-06,8.4719e-06,8.1730e-06
P2,30.00,135.00,60.00,0.00,3.6728e-08,3.2362e-07,1.1152e-06,3.8695e-06,8.5893e-06,8.5761e-06,7.4276e-06,3.5821e-08,2.9317e-07,8.0880e-07,3.8847e-06,7.1499e-06,8.4719e-06,8.1730e-06
P2,60.00,0.00,0.00,0.00,5.8456e-08,2.6963e-07,9.4939e-07,3.6858e-06,8.4519e-06,8.4389e-06,6.7907e-06,5.6358e-08,2.4376e-07,6.7609e-07,3.7145e-06,7.0257e-06,8.3443e-06,7.6669e-06
P2,0.00,135.00,0.00,0.00,4.9611e-08,3.3965e-07,1.1579e-06,3.9090e-06,8.6197e-06,8.6065e-06,7.5835e-06,4.8002e-08,3.0805e-07,8.4499e-07,3.9206e-06,7.1773e-06,8.5004e-06,8.2919e-06
P2,0.00,180.00,60.00,0.00,3.8509e-08,3.3964e-07,1.1579e-06,3.9088e-06,8.6197e-06,8.6065e-06,7.5835e-06,3.7558e-08,3.0805e-07,8.4498e-07,3.9205e-06,7.1774e-06,8.5004e-06,8.2919e-06
P2,0.00,90.00,30.00,0.00,4.7703e-08,3.3965e-07,1.1579e-06,3.9089e-06,8.6197e-06,8.6065e-06,7.5835e-06,4.6197e-08,3.0805e-07,8.4499e-07,3.9205e-06,7.1774e-06,8.5004e-06,8.2919e-06
P2,0.00,90.00,60.00,0.00,3.8509e-08,3.3964e-07,1.1579e-06,3.9088e-06,8.6197e-06,8.6065e-06,7.5835e-06,3.7558e-08,3.0805e-07,8.4498e-07,3.9205e-06,7.1774e-06,8.5004e-06,8.2919e-06
P2,60.00,0.00,60.00,0.00,1.1575e-07,2.6966e-07,9.4943e-07,3.6901e-06,8.4524e-06,8.4394e-06,6.7907e-06,1.1151e-07,2.4377e-07,6.7610e-07,3.7191e-06,7.0266e-06,8.3448e-06,7.6671e-06
P2,60.00,135.00,60.00,0.00,3.8977e-08,2.6962e-07,9.4937e-07,3.6852e-06,8.4519e-06,8.4388e-06,6.7906e-06,3.7857e-08,2.4376e-07,6.7609e-07,3.7138e-06,7.0256e-06,8.3442e-06,7.6668e-06
P2,60.00,0.00,30.00,0.00,7.9397e-08,2.6964e-07,9.4941e-07,3.6869e-06,8.4520e-06,8.4390e-06,6.7907e-06,7.6418e-08,2.4376e-07,6.7610e-07,3.7157e-06,7.0259e-06,8.3444e-06,7.6669e-06
P2,60.00,90.00,60.00,0.00,5.1502e-08,2.6963e-07,9.4938e-07,3.6858e-06,8.4519e-06,8.4389e-06,6.7907e-06,4.9815e-08,2.4376e-07,6.7609e-07,3.7144e-06,7.0257e-06,8.3443e-06,7.6669e-06
P2,60.00,45.00,30.00,0.00,7.1651e-08,2.6964e-07,9.4940e-07,3.6866e-06,8.4520e-06,8.4390e-06,6.7907e-06,6.8997e-08,2.4376e-07,6.7610e-07,3.7153e-06,7.0259e-06,8.3444e-06,7.6669e-06
P2,0.00,180.00,30.00,0.00,4.7703e-08,3.3965e-07,1.1579e-06,3.9089e-06,8.6197e-06,8.6065e-06,7.5835e-06,4.6197e-08,3.0805e-07,8.4499e-07,3.9205e-06,7.1774e-06,8.5004e-06,8.2919e-06
P2,60.00,180.00,30.00,0.00,4.7585e-08,2.6963e-07,9.4938e-07,3.6853e-06,8.4519e-06,8.4388e-06,6.7907e-06,4.5992e-08,2.4376e-07,6.7609e-07,3.7139e-06,7.0256e-06,8.3443e-06,7.6668e-06
P2,60.00,180.00,60.00,0.00,3.5685e-08,2.6962e-07,9.4937e-07,3.6848e-06,8.4518e-06,8.4388e-06,6.7906e-06,3.4706e-08,2.4376e-07,6.7609e-07,3.7134e-06,7.0255e-06,8.3442e-06,7.6668e-06
P2,30.00,90.00,60.00,0.00,4.1600e-08,3.2362e-07,1.1152e-06,3.8697e-06,8.5893e-06,8.5762e-06,7.4276e-06,4.0471e-08,2.9317e-07,8.0880e-07,3.8849e-06,7.1500e-06,8.4719e-06,8.1730e-06
P2,60.00,135.00,30.00,0.00,5.0218e-08,2.6963e-07,9.4938e-07,3.6854e-06,8.4519e-06,8.4388e-06,6.7907e-06,4.8501e-08,2.4376e-07,6.7609e-07,3.7140e-06,7.0256e-06,8.3443e-06,7.6669e-06
P2,30.00,0.00,30.00,0.00,5.7108e-08,3.2363e-07,1.1153e-06,3.8702e-06,8.5893e-06,8.5762e-06,7.4276e-06,5.5153e-08,2.9317e-07,8.0881e-07,3.8854e-06,7.1501e-06,8.4720e-06,8.1730e-06
P2,60.00,45.00,0.00,0.00,5.8456e-08,2.6963e-07,9.4939e-07,3.6858e-06,8.4519e-06,8.4389e-06,6.7907e-06,5.6358e-08,2.4376e-07,6.7609e-07,3.7145e-06,7.0257e-06,8.3443e-06,7.6669e-06
P2,60.00,90.00,0.00,0.00,5.8456e-08,2.6963e-07,9.4939e-07,3.6858e-06,8.4519e-06,8.4389e-06,6.7907e-06,5.6358e-08,2.4376e-07,6.7609e-07,3.7145e-06,7.0257e-06,8.3443e-06,7.6669e-06
P2,0.00,0.00,30.00,0.00,4.7703e-08,3.3965e-07,1.1579e-06,3.9089e-06,8.6197e-06,8.6065e-06,7.5835e-06,4.6197e-08,3.0805e-07,8.4499e-07,3.9205e-06,7.1774e-06,8.5004e-06,8.2919e-06
P2,0.00,45.00,60.00,0.00,3.8509e-08,3.3964e-07,1.1579e-06,3.9088e-06,8.6197e-06,8.6065e-06,7.5835e-06,3.7558e-08,3.0805e-07,8.4498e-07,3.9205e-06,7.1774e-06,8.5004e-06,8.2919e-06
P2,0.00,135.00,60.00,0.00,3.8509e-08,3.3964e-07,1.1579e-06,3.9088e-06,8.6197e-06,8.6065e-06,7.5835e-06,3.7558e-08,3.0805e-07,8.4498e-07,3.9205e-06,7.1774e-06,8.5004e-06,8.2919e-06
P2,30.00,45.00,60.00,0.00,4.9186e-08,3.2363e-07,1.1152e-06,3.8702e-06,8.5893e-06,8.5762e-06,7.4276e-06,4.7731e-08,2.9317e-07,8.0881e-07,3.8854e-06,7.1501e-06,8.4720e-06,8.1730e-06
P2,60.00,90.00,30.00,0.00,5.8600e-08,2.6963e-07,9.4939e-07,3.6858e-06,8.4519e-06,8.4389e-06,6.7907e-06,5.6505e-08,2.4376e-07,6.7609e-07,3.7145e-06,7.0257e-06,8.3443e-06,7.6669e-06
P2,30.00,45.00,0.00,0.00,5.2128e-08,3.2363e-07,1.1152e-06,3.8698e-06,8.5893e-06,8.5762e-06,7.4276e-06,5.0359e-08,2.9317e-07,8.0881e-07,3.8850e-06,7.1500e-06,8.4719e-06,8.1730e-06
P2,30.00,45.00,30.00,0.00,5.5081e-08,3.2363e-07,1.1153e-06,3.8701e-06,8.5893e-06,8.5762e-06,7.4276e-06,5.3213e-08,2.9317e-07,8.0881e-07,3.8853e-06,7.1501e-06,8.4720e-06,8.1730e-06
P2,30.00,0.00,60.00,0.00,5.3688e-08,3.2363e-07,1.1152e-06,3.8704e-06,8.5894e-06,8.5762e-06,7.4276e-06,5.2043e-08,2.9317e-07,8.0881e-07,3.8856e-06,7.1501e-06,8.4720e-06,8.1730e-06
P2,30.00,135.00,0.00,0.00,5.2128e-08,3.2363e-07,1.1152e-06,3.8698e-06,8.5893e-06,8.5762e-06,7.4276e-06,5.0359e-08,2.9317e-07,8.0881e-07,3.8850e-06,7.1500e-06,8.4719e-06,8.1730e-06
P2,0.00,45.00,30.00,0.00,4.7703e-08,3.3965e-07,1.1579e-06,3.9089e-06,8.6197e-06,8.6065e-06,7.5835e-06,4.6197e-08,3.0805e-07,8.4499e-07,3.9205e-06,7.1774e-06,8.5004e-06,8.2919e-06
P2,30.00,135.00,30.00,0.00,4.7602e-08,3.2363e-07,1.1152e-06,3.8697e-06,8.5893e-06,8.5761e-06,7.4276e-06,4.6073e-08,2.9317e-07,8.0881e-07,3.8848e-06,7.1499e-06,8.4719e-06,8.1730e-06
P2,0.00,135.00,30.00,0.00,4.7703e-08,3.3965e-07,1.1579e-06,3.9089e-06,8.6197e-06,8.6065e-06,7.5835e-06,4.6197e-08,3.0805e-07,8.4499e-07,3.9205e-06,7.1774e-06,8.5004e-06,8.2919e-06
P2,60.00,45.00,60.00,0.00,8.3074e-08,2.6964e-07,9.4940e-07,3.6877e-06,8.4521e-06,8.4391e-06,6.7907e-06,8.0068e-08,2.4376e-07,6.7609e-07,3.7165e-06,7.0261e-06,8.3445e-06,7.6670e-06
P2,0.00,90.00,0.00,0.00,4.9611e-08,3.3965e-07,1.1579e-06,3.9090e-06,8.6197e-06,8.6065e-06,7.5835e-06,4.8002e-08,3.0805e-07,8.4499e-07,3.9206e-06,7.1773e-06,8.5004e-06,8.2919e-06
P3,60.00,180.00,30.00,0.00,5.4074e-08,2.5861e-07,9.6084e-07,4.6983e-06,9.7805e-06,9.7686e-06,7.3468e-06,5.3166e-08,2.3124e-07,6.8198e-07,4.7446e-06,8.4874e-06,9.6993e-06,8.5236e-06
P3,60.00,90.00,0.00,0.00,6.3400e-08,2.5861e-07,9.6084e-07,4.6987e-06,9.7806e-06,9.7687e-06,7.3468e-06,6.2130e-08,2.3124e-07,6.8197e-07,4.7450e-06,8.4874e-06,9.6993e-06,8.5237e-06
P3,30.00,180.00,30.00,0.00,5.5916e-08,3.2077e-07,1.1229e-06,4.9594e-06,1.0113e-05,1.0100e-05,8.2212e-06,5.5017e-08,2.8903e-07,8.1505e-07,4.9872e-06,8.7486e-06,1.0017e-05,9.2523e-06
P3,60.00,45.00,30.00,0.00,7.4242e-08,2.5862e-07,9.6084e-07,4.6991e-06,9.7806e-06,9.7687e-06,7.3468e-06,7.2618e-08,2.3124e-07,6.8197e-07,4.7455e-06,8.4875e-06,9.6993e-06,8.5237e-06
P3,0.00,135.00,0.00,0.00,5.9639e-08,3.3836e-07,1.1647e-06,5.0193e-06,1.0187e-05,1.0174e-05,8.4368e-06,5.8608e-08,3.0554e-07,8.5018e-07,5.0427e-06,8.8066e-06,1.0087e-05,9.4266e-06
P3,60.00,135.00,0.00,0.00,6.3400e-08,2.5861e-07,9.6084e-07,4.6987e-06,9.7806e-06,9.7687e-06,7.3468e-06,6.2130e-08,2.3124e-07,6.8197e-07,4.7450e-06,8.4874e-06,9.6993e-06,8.5237e-06
P3,60.00,0.00,60.00,0.00,1.0848e-07,2.5863e-07,9.6084e-07,4.7009e-06,9.7807e-06,9.7688e-06,7.3468e-06,1.0602e-07,2.3124e-07,6.8197e-07,4.7475e-06,8.4879e-06,9.6994e-06,8.5237e-06
P3,60.00,45.00,60.00,0.00,8.2001e-08,2.5862e-07,9.6084e-07,4.6996e-06,9.7806e-06,9.7687e-06,7.3468e-06,8.0287e-08,2.3124e-07,6.8197e-07,4.7460e-06,8.4876e-06,9.6993e-06,8.5237e-06
P3,60.00,180.00,0.00,0.00,6.3400e-08,2.5861e-07,9.6084e-07,4.6987e-06,9.7806e-06,9.7687e-06,7.3468e-06,6.2130e-08,2.3124e-07,6.8197e-07,4.7450e-06,8.4874e-06,9.6993e-06,8.5237e-06
P3,60.00,180.00,60.00,0.00,4.3550e-08,2.5861e-07,9.6084e-07,4.6980e-06,9.7805e-06,9.7686e-06,7.3468e-06,4.3113e-08,2.3124e-07,6.8197e-07,4.7442e-06,8.4873e-06,9.6992e-06,8.5236e-06
P3,0.00,90.00,30.00,0.00,5.7802e-08,3.3836e-07,1.1647e-06,5.0193e-06,1.0187e-05,1.0174e-05,8.4368e-06,5.6864e-08,3.0554e-07,8.5018e-07,5.0427e-06,8.8066e-06,1.0087e-05,9.4266e-06
P3,0.00,135.00,60.00,0.00,4.9154e-08,3.3836e-07,1.1647e-06,5.0192e-06,1.0187e-05,1.0174e-05,8.4368e-06,4.8697e-08,3.0554e-07,8.5018e-07,5.0426e-06,8.8066e-06,1.0087e-05,9.4266e-06
P3,0.00,180.00,0.00,0.00,5.9639e-08,3.3836e-07,1.1647e-06,5.0193e-06,1.0187e-05,1.0174e-05,8.4368e-06,5.8608e-08,3.0554e-07,8.5018e-07,5.0427e-06,8.8066e-06,1.0087e-05,9.4266e-06
P3,60.00,0.00,30.00,0.00,8.0732e-08,2.5862e-07,9.6084e-07,4.6993e-06,9.7806e-06,9.7687e-06,7.3468e-06,7.8890e-08,2.3124e-07,6.8197e-07,4.7457e-06,8.4875e-06,9.6993e-06,8.5237e-06
P3,60.00,0.00,0.00,0.00,6.3400e-08,2.5861e-07,9.6084e-07,4.6987e-06,9.7806e-06,9.7687e-06,7.3468e-06,6.2130e-08,2.3124e-07,6.8197e-07,4.7450e-06,8.4874e-06,9.6993e-06,8.5237e-06
P3,30.00,135.00,30.00,0.00,5.7010e-08,3.2077e-07,1.1229e-06,4.9595e-06,1.0113e-05,1.0100e-05,8.2212e-06,5.6074e-08,2.8903e-07,8.1505e-07,4.9873e-06,8.7486e-06,1.0017e-05,9.2523e-06
P3,30.00,45.00,0.00,0.00,6.1127e-08,3.2077e-07,1.1229e-06,4.9596e-06,1.0113e-05,1.0100e-05,8.2212e-06,5.9993e-08,2.8903e-07,8.1505e-07,4.9875e-06,8.7486e-06,1.0017e-05,9.2523e-06
P3,30.00,0.00,30.00,0.00,6.5281e-08,3.2077e-07,1.1229e-06,4.9599e-06,1.0113e-05,1.0100e-05,8.2212e-06,6.4032e-08,2.8903e-07,8.1505e-07,4.9877e-06,8.7487e-06,1.0017e-05,9.2523e-06
P3,0.00,45.00,60.00,0.00,4.9154e-08,3.3836e-07,1.1647e-06,5.0192e-06,1.0187e-05,1.0174e-05,8.4368e-06,4.8697e-08,3.0554e-07,8.5018e-07,5.0426e-06,8.8066e-06,1.0087e-05,9.4266e-06
P3,60.00,135.00,30.00,0.00,5.6282e-08,2.5861e-07,9.6084e-07,4.6984e-06,9.7805e-06,9.7686e-06,7.3468e-06,5.5288e-08,2.3124e-07,6.8198e-07,4.7447e-06,8.4874e-06,9.6993e-06,8.5236e-06
P3,0.00,90.00,60.00,0.00,4.9154e-08,3.3836e-07,1.1647e-06,5.0192e-06,1.0187e-05,1.0174e-05,8.4368e-06,4.8697e-08,3.0554e-07,8.5018e-07,5.0426e-06,8.8066e-06,1.0087e-05,9.4266e-06
P3,30.00,90.00,60.00,0.00,5.1117e-08,3.2077e-07,1.1229e-06,4.9595e-06,1.0113e-05,1.0100e-05,8.2212e-06,5.0547e-08,2.8903e-07,8.1505e-07,4.9873e-06,8.7486e-06,1.0017e-05,9.2523e-06
P3,30.00,135.00,0.00,0.00,6.1127e-08,3.2077e-07,1.1229e-06,4.9596e-06,1.0113e-05,1.0100e-05,8.2212e-06,5.9993e-08,2.8903e-07,8.1505e-07,4.9875e-06,8.7486e-06,1.0017e-05,9.2523e-06
P3,0.00,0.00,0.00,0.00,5.9639e-08,3.3836e-07,1.1647e-06,5.0193e-06,1.0187e-05,1.0174e-05,8.4368e-06,5.8608e-08,3.0554e-07,8.5018e-07,5.0427e-06,8.8066e-06,1.0087e-05,9.4266e-06
P3,60.00,90.00,60.00,0.00,5.6392e-08,2.5861e-07,9.6084e-07,4.6985e-06,9.7805e-06,9.7686e-06,7.3468e-06,5.5503e-08,2.3124e-07,6.8197e-07,4.7449e-06,8.4874e-06,9.6993e-06,8.5236e-06
P3,30.00,135.00,60.00,0.00,4.7007e-08,3.2076e-07,1.1229e-06,4.9594e-06,1.0113e-05,1.0100e-05,8.2212e-06,4.6588e-08,2.8903e-07,8.1505e-07,4.9872e-06,8.7486e-06,1.0017e-05,9.2523e-06
P3,30.00,45.00,60.00,0.00,5.7517e-08,3.2077e-07,1.1229e-06,4.9598e-06,1.0113e-05,1.0100e-05,8.2212e-06,5.6723e-08,2.8903e-07,8.1505e-07,4.9876e-06,8.7487e-06,1.0017e-05,9.2523e-06
P3,30.00,180.00,60.00,0.00,4.5716e-08,3.2076e-07,1.1229e-06,4.9593e-06,1.0113e-05,1.0100e-05,8.2212e-06,4.5347e-08,2.8903e-07,8.1505e-07,4.9871e-06,8.7486e-06,1.0017e-05,9.2523e-06
P3,30.00,90.00,0.00,0.00,6.1127e-08,3.2077e-07,1.1229e-06,4.9596e-06,1.0113e-05,1.0100e-05,8.2212e-06,5.9993e-08,2.8903e-07,8.1505e-07,4.9875e-06,8.7486e-06,1.0017e-05,9.2523e-06
P3,0.00,180.00,60.00,0.00,4.9154e-08,3.3836e-07,1.1647e-06,5.0192e-06,1.0187e-05,1.0174e-05,8.4368e-06,4.8697e-08,3.0554e-07,8.5018e-07,5.0426e-06,8.8066e-06,1.0087e-05,9.4266e-06
P3,0.00,0.00,60.00,0.00,4.9154e-08,3.3836e-07,1.1647e-06,5.0192e-06,1.0187e-05,1.0174e-05,8.4368e-06,4.8697e-08,3.0554e-07,8.5018e-07,5.0426e-06,8.8066e-06,1.0087e-05,9.4266e-06
P3,30.00,0.00,0.00,0.00,6.1127e-08,3.2077e-07,1.1229e-06,4.9596e-06,1.0113e-05,1.0100e-05,8.2212e-06,5.9993e-08,2.8903e-07,8.1505e-07,4.9875e-06,8.7486e-06,1.0017e-05,9.2523e-06
P3,60.00,45.00,0.00,0.00,6.3400e-08,2.5861e-07,9.6084e-07,4.6987e-06,9.7806e-06,9.7687e-06,7.3468e-06,6.2130e-08,2.3124e-07,6.8197e-07,4.7450e-06,8.4874e-06,9.6993e-06,8.5237e-06
P3,60.00,135.00,60.00,0.00,4.6222e-08,2.5861e-07,9.6084e-07,4.6982e-06,9.7805e-06,9.7686e-06,7.3468e-06,4.5696e-08,2.3124e-07,6.8197e-07,4.7445e-06,8.4874e-06,9.6993e-06,8.5236e-06
P3,0.00,180.00,30.00,0.00,5.7802e-08,3.3836e-07,1.1647e-06,5.0193e-06,1.0187e-05,1.0174e-05,8.4368e-06,5.6864e-08,3.0554e-07,8.5018e-07,5.0427e-06,8.8066e-06,1.0087e-05,9.4266e-06
P3,30.00,45.00,30.00,0.00,6.3518e-08,3.2077e-07,1.1229e-06,4.9598e-06,1.0113e-05,1.0100e-05,8.2212e-06,6.2332e-08,2.8903e-07,8.1505e-07,4.9876e-06,8.7487e-06,1.0017e-05,9.2523e-06
P3,0.00,45.00,0.00,0.00,5.9639e-08,3.3836e-07,1.1647e-06,5.0193e-06,1.0187e-05,1.0174e-05,8.4368e-06,5.8608e-08,3.0554e-07,8.5018e-07,5.0427e-06,8.8066e-06,1.0087e-05,9.4266e-06
P3,30.00,0.00,60.00,0.00,6.1314e-08,3.2077e-07,1.1229e-06,4.9599e-06,1.0113e-05,1.0100e-05,8.2212e-06,6.0391e-08,2.8903e-07,8.1505e-07,4.9878e-06,8.7487e-06,1.0017e-05,9.2523e-06
P3,0.00,0.00,30.00,0.00,5.7802e-08,3.3836e-07,1.1647e-06,5.0193e-06,1.0187e-05,1.0174e-05,8.4368e-06,5.6864e-08,3.0554e-07,8.5018e-07,5.0427e-06,8.8066e-06,1.0087e-05,9.4266e-06
P3,0.00,45.00,30.00,0.00,5.7802e-08,3.3836e-07,1.1647e-06,5.0193e-06,1.0187e-05,1.0174e-05,8.4368e-06,5.6864e-08,3.0554e-07,8.5018e-07,5.0427e-06,8.8066e-06,1.0087e-05,9.4266e-06
P3,0.00,90.00,0.00,0.00,5.9639e-08,3.3836e-07,1.1647e-06,5.0193e-06,1.0187e-05,1.0174e-05,8.4368e-06,5.8608e-08,3.0554e-07,8.5018e-07,5.0427e-06,8.8066e-06,1.0087e-05,9.4266e-06
P3,30.00,90.00,30.00,0.00,5.9957e-08,3.2077e-07,1.1229e-06,4.9596e-06,1.0113e-05,1.0100e-05,8.2212e-06,5.8908e-08,2.8903e-07,8.1505e-07,4.9875e-06,8.7487e-06,1.0017e-05,9.2523e-06
P3,30.00,180.00,0.00,0.00,6.1127e-08,3.2077e-07,1.1229e-06,4.9596e-06,1.0113e-05,1.0100e-05,8.2212e-06,5.9993e-08,2.8903e-07,8.1505e-07,4.9875e-06,8.7486e-06,1.0017e-05,9.2523e-06
P3,60.00,90.00,30.00,0.00,6.3306e-08,2.5861e-07,9.6084e-07,4.6986e-06,9.7805e-06,9.7686e-06,7.3468e-06,6.2057e-08,2.3124e-07,6.8197e-07,4.7450e-06,8.4874e-06,9.6993e-06,8.5237e-06
P3,0.00,135.00,30.00,0.00,5.7802e-08,3.3836e-07,1.1647e-06,5.0193e-06,1.0187e-05,1.0174e-05,8.4368e-06,5.6864e-08,3.0554e-07,8.5018e-07,5.0427e-06,8.8066e-06,1.0087e-05,9.4266e-06
P4,0.00,135.00,30.00,0.00,3.3725e-08,1.5529e-07,3.7352e-07,1.0030e-06,3.2430e-06,3.2351e-06,3.7705e-06,3.1896e-08,1.4626e-07,3.1560e-07,9.8839e-07,2.3762e-06,3.1583e-06,3.7858e-06
P4,30.00,45.00,0.00,0.00,3.8850e-08,1.5410e-07,3.7441e-07,1.0060e-06,3.2578e-06,3.2499e-06,3.7503e-06,3.6735e-08,1.4501e-07,3.1583e-07,9.9187e-07,2.3885e-06,3.1731e-06,3.7810e-06
P4,60.00,90.00,60.00,0.00,4.0914e-08,1.4648e-07,3.7300e-07,1.0033e-06,3.2970e-06,3.2891e-06,3.6319e-06,3.8837e-08,1.3726e-07,3.1276e-07,9.9093e-07,2.4230e-06,3.2133e-06,3.7265e-06
P4,0.00,90.00,60.00,0.00,2.4320e-08,1.5521e-07,3.7334e-07,1.0030e-06,3.2430e-06,3.2351e-06,3.7705e-06,2.3076e-08,1.4621e-07,3.1542e-07,9.8835e-07,2.3762e-06,3.1583e-06,3.7858e-06
P4,0.00,180.00,60.00,0.00,2.4320e-08,1.5521e-07,3.7334e-07,1.0030e-06,3.2430e-06,3.2351e-06,3.7705e-06,2.3076e-08,1.4621e-07,3.1542e-07,9.8835e-07,2.3762e-06,3.1583e-06,3.7858e-06
P4,0.00,45.00,0.00,0.00,3.5663e-08,1.5531e-07,3.7362e-07,1.0031e-06,3.2430e-06,3.2351e-06,3.7705e-06,3.3726e-08,1.4628e-07,3.1568e-07,9.8845e-07,2.3762e-06,3.1583e-06,3.7858e-06
P4,60.00,45.00,0.00,0.00,4.8019e-08,1.4657e-07,3.7320e-07,1.0033e-06,3.2970e-06,3.2891e-06,3.6319e-06,4.5506e-08,1.3733e-07,3.1296e-07,9.9092e-07,2.4230e-06,3.2133e-06,3.7265e-06
P4,0.00,135.00,0.00,0.00,3.5663e-08,1.5531e-07,3.7362e-07,1.0031e-06,3.2430e-06,3.2351e-06,3.7705e-06,3.3726e-08,1.4628e-07,3.1568e-07,9.8845e-07,2.3762e-06,3.1583e-06,3.7858e-06
P4,0.00,90.00,30.00,0.00,3.3725e-08,1.5529e-07,3.7352e-07,1.0030e-06,3.2430e-06,3.2351e-06,3.7705e-06,3.1896e-08,1.4626e-07,3.1560e-07,9.8839e-07,2.3762e-06,3.1583e-06,3.7858e-06
P4,60.00,0.00,60.00,0.00,1.0926e-07,1.4722e-07,3.7668e-07,1.0084e-06,3.2976e-06,3.2896e-06,3.6321e-06,1.0433e-07,1.3772e-07,3.1533e-07,9.9628e-07,2.4240e-06,3.2139e-06,3.7269e-06
P4,0.00,180.00,30.00,0.00,3.3725e-08,1.5529e-07,3.7352e-07,1.0030e-06,3.2430e-06,3.2351e-06,3.7705e-06,3.1896e-08,1.4626e-07,3.1560e-07,9.8839e-07,2.3762e-06,3.1583e-06,3.7858e-06
P4,60.00,180.00,60.00,0.00,2.4052e-08,1.4631e-07,3.7222e-07,1.0021e-06,3.2969e-06,3.2889e-06,3.6318e-06,2.2767e-08,1.3715e-07,3.1222e-07,9.8969e-07,2.4228e-06,3.2131e-06,3.7264e-06
P4,30.00,0.00,30.00,0.00,4.4099e-08,1.5419e-07,3.7476e-07,1.0065e-06,3.2578e-06,3.2499e-06,3.7503e-06,4.1780e-08,1.4507e-07,3.1608e-07,9.9233e-07,2.3886e-06,3.1732e-06,3.7810e-06
P4,0.00,0.00,60.00,0.00,2.4320e-08,1.5521e-07,3.7334e-07,1.0030e-06,3.2430e-06,3.2351e-06,3.7705e-06,2.3076e-08,1.4621e-07,3.1542e-07,9.8835e-07,2.3762e-06,3.1583e-06,3.7858e-06
P4,30.00,135.00,0.00,0.00,3.8850e-08,1.5410e-07,3.7441e-07,1.0060e-06,3.2578e-06,3.2499e-06,3.7503e-06,3.6735e-08,1.4501e-07,3.1583e-07,9.9187e-07,2.3885e-06,3.1731e-06,3.7810e-06
P4,30.00,90.00,0.00,0.00,3.8850e-08,1.5410e-07,3.7441e-07,1.0060e-06,3.2578e-06,3.2499e-06,3.7503e-06,3.6735e-08,1.4501e-07,3.1583e-07,9.9187e-07,2.3885e-06,3.1731e-06,3.7810e-06
P4,30.00,45.00,30.00,0.00,4.1983e-08,1.5415e-07,3.7464e-07,1.0063e-06,3.2578e-06,3.2499e-06,3.7503e-06,3.9758e-08,1.4505e-07,3.1599e-07,9.9218e-07,2.3886e-06,3.1731e-06,3.7810e-06
P4,30.00,45.00,60.00,0.00,3.6092e-08,1.5409e-07,3.7461e-07,1.0065e-06,3.2578e-06,3.2499e-06,3.7503e-06,3.4296e-08,1.4500e-07,3.1592e-07,9.9237e-07,2.3887e-06,3.1732e-06,3.7810e-06
P4,30.00,180.00,60.00,0.00,2.1363e-08,1.5393e-07,3.7391e-07,1.0057e-06,3.2578e-06,3.2499e-06,3.7502e-06,2.0244e-08,1.4489e-07,3.1541e-07,9.9148e-07,2.3885e-06,3.1731e-06,3.7810e-06
P4,60.00,45.00,30.00,0.00,6.2048e-08,1.4672e-07,3.7389e-07,1.0042e-06,3.2971e-06,3.2891e-06,3.6319e-06,5.8916e-08,1.3742e-07,3.1346e-07,9.9186e-07,2.4232e-06,3.2134e-06,3.7266e-06
P4,60.00,0.00,0.00,0.00,4.8019e-08,1.4657e-07,3.7320e-07,1.0033e-06,3.2970e-06,3.2891e-06,3.6319e-06,4.5506e-08,1.3733e-07,3.1296e-07,9.9092e-07,2.4230e-06,3.2133e-06,3.7265e-06
P4,60.00,135.00,30.00,0.00,3.9338e-08,1.4647e-07,3.7280e-07,1.0028e-06,3.2969e-06,3.2890e-06,3.6319e-06,3.7245e-08,1.3726e-07,3.1266e-07,9.9043e-07,2.4229e-06,3.2132e-06,3.7265e-06
P4,30.00,90.00,60.00,0.00,2.8106e-08,1.5399e-07,3.7420e-07,1.0060e-06,3.2578e-06,3.2499e-06,3.7502e-06,2.6666e-08,1.4493e-07,3.1562e-07,9.9182e-07,2.3885e-06,3.1731e-06,3.7810e-06
P4,60.00,135.00,0.00,0.00,4.8019e-08,1.4657e-07,3.7320e-07,1.0033e-06,3.2970e-06,3.2891e-06,3.6319e-06,4.5506e-08,1.3733e-07,3.1296e-07,9.9092e-07,2.4230e-06,3.2133e-06,3.7265e-06
P4,60.00,45.00,60.00,0.00,7.4517e-08,1.4681e-07,3.7464e-07,1.0055e-06,3.2972e-06,3.2893e-06,3.6319e-06,7.0966e-08,1.3746e-07,3.1391e-07,9.9324e-07,2.4234e-06,3.2135e-06,3.7267e-06
P4,30.00,135.00,30.00,0.00,3.4175e-08,1.5404e-07,3.7425e-07,1.0059e-06,3.2578e-06,3.2499e-06,3.7502e-06,3.2316e-08,1.4496e-07,3.1569e-07,9.9170e-07,2.3885e-06,3.1731e-06,3.7810e-06
P4,30.00,135.00,60.00,0.00,2.2975e-08,1.5394e-07,3.7397e-07,1.0057e-06,3.2578e-06,3.2499e-06,3.7502e-06,2.1777e-08,1.4490e-07,3.1545e-07,9.9154e-07,2.3885e-06,3.1731e-06,3.7810e-06
P4,60.00,0.00,30.00,0.00,7.0251e-08,1.4680e-07,3.7430e-07,1.0046e-06,3.2971e-06,3.2892e-06,3.6319e-06,6.6758e-08,1.3747e-07,3.1375e-07,9.9230e-07,2.4232e-06,3.2134e-06,3.7266e-06
P4,30.00,180.00,30.00,0.00,3.2861e-08,1.5400e-07,3.7414e-07,1.0057e-06,3.2577e-06,3.2498e-06,3.7502e-06,3.1058e-08,1.4493e-07,3.1561e-07,9.9147e-07,2.3884e-06,3.1731e-06,3.7810e-06
P4,30.00,0.00,0.00,0.00,3.8850e-08,1.5410e-07,3.7441e-07,1.0060e-06,3.2578e-06,3.2499e-06,3.7503e-06,3.6735e-08,1.4501e-07,3.1583e-07,9.9187e-07,2.3885e-06,3.1731e-06,3.7810e-06
P4,30.00,180.00,0.00,0.00,3.8850e-08,1.5410e-07,3.7441e-07,1.0060e-06,3.2578e-06,3.2499e-06,3.7503e-06,3.6735e-08,1.4501e-07,3.1583e-07,9.9187e-07,2.3885e-06,3.1731e-06,3.7810e-06
P4,60.00,135.00,60.00,0.00,2.7564e-08,1.4636e-07,3.7243e-07,1.0025e-06,3.2969e-06,3.2890e-06,3.6318e-06,2.6121e-08,1.3719e-07,3.1237e-07,9.9014e-07,2.4229e-06,3.2132e-06,3.7265e-06
P4,0.00,180.00,0.00,0.00,3.5663e-08,1.5531e-07,3.7362e-07,1.0031e-06,3.2430e-06,3.2351e-06,3.7705e-06,3.3726e-08,1.4628e-07,3.1568e-07,9.8845e-07,2.3762e-06,3.1583e-06,3.7858e-06
P4,30.00,90.00,30.00,0.00,3.7712e-08,1.5409e-07,3.7443e-07,1.0061e-06,3.2578e-06,3.2499e-06,3.7503e-06,3.5687e-08,1.4500e-07,3.1583e-07,9.9193e-07,2.3886e-06,3.1731e-06,3.7810e-06
P4,30.00,0.00,60.00,0.00,4.0831e-08,1.5414e-07,3.7484e-07,1.0067e-06,3.2579e-06,3.2500e-06,3.7503e-06,3.8827e-08,1.4503e-07,3.1609e-07,9.9261e-07,2.3887e-06,3.1732e-06,3.7810e-06
P4,60.00,90.00,30.00,0.00,4.8222e-08,1.4656e-07,3.7319e-07,1.0033e-06,3.2970e-06,3.2890e-06,3.6319e-06,4.5709e-08,1.3731e-07,3.1295e-07,9.9092e-07,2.4230e-06,3.2133e-06,3.7265e-06
P4,0.00,0.00,30.00,0.00,3.3725e-08,1.5529e-07,3.7352e-07,1.0030e-06,3.2430e-06,3.2351e-06,3.7705e-06,3.1896e-08,1.4626e-07,3.1560e-07,9.8839e-07,2.3762e-06,3.1583e-06,3.7858e-06
P4,0.00,90.00,0.00,0.00,3.5663e-08,1.5531e-07,3.7362e-07,1.0031e-06,3.2430e-06,3.2351e-06,3.7705e-06,3.3726e-08,1.4628e-07,3.1568e-07,9.8845e-07,2.3762e-06,3.1583e-06,3.7858e-06
P4,0.00,45.00,30.00,0.00,3.3725e-08,1.5529e-07,3.7352e-07,1.0030e-06,3.2430e-06,3.2351e-06,3.7705e-06,3.1896e-08,1.4626e-07,3.1560e-07,9.8839e-07,2.3762e-06,3.1583e-06,3.7858e-06
P4,60.00,180.00,0.00,0.00,4.8019e-08,1.4657e-07,3.7320e-07,1.0033e-06,3.2970e-06,3.2891e-06,3.6319e-06,4.5506e-08,1.3733e-07,3.1296e-07,9.9092e-07,2.4230e-06,3.2133e-06,3.7265e-06
P4,0.00,45.00,60.00,0.00,2.4320e-08,1.5521e-07,3.7334e-07,1.0030e-06,3.2430e-06,3.2351e-06,3.7705e-06,2.3076e-08,1.4621e-07,3.1542e-07,9.8835e-07,2.3762e-06,3.1583e-06,3.7858e-06
P4,60.00,90.00,0.00,0.00,4.8019e-08,1.4657e-07,3.7320e-07,1.0033e-06,3.2970e-06,3.2891e-06,3.6319e-06,4.5506e-08,1.3733e-07,3.1296e-07,9.9092e-07,2.4230e-06,3.2133e-06,3.7265e-06
P4,60.00,180.00,30.00,0.00,3.6547e-08,1.4645e-07,3.7270e-07,1.0027e-06,3.2969e-06,3.2890e-06,3.6319e-06,3.4591e-08,1.3725e-07,3.1259e-07,9.9033e-07,2.4229e-06,3.2132e-06,3.7265e-06
P4,0.00,135.00,60.00,0.00,2.4320e-08,1.5521e-07,3.7334e-07,1.0030e-06,3.2430e-06,3.2351e-06,3.7705e-06,2.3076e-08,1.4621e-07,3.1542e-07,9.8835e-07,2.3762e-06,3.1583e-06,3.7858e-06
P4,0.00,0.00,0.00,0.00,3.5663e-08,1.5531e-07,3.7362e-07,1.0031e-06,3.2430e-06,3.2351e-06,3.7705e-06,3.3726e-08,1.4628e-07,3.1568e-07,9.8845e-07,2.3762e-06,3.1583e-06,3.7858e-06
P5,60.00,135.00,0.00,0.00,4.8798e-08,1.6814e-07,5.2746e-07,1.5607e-06,4.5471e-06,4.5376e-06,4.2242e-06,4.6329e-08,1.5422e-07,4.1295e-07,1.5638e-06,3.5020e-06,4.4524e-06,4.6144e-06
P5,30.00,180.00,30.00,0.00,3.4126e-08,1.9358e-07,5.7234e-07,1.6347e-06,4.6107e-06,4.6012e-06,4.5670e-06,3.2359e-08,1.7868e-07,4.5468e-07,1.6310e-06,3.5593e-06,4.5127e-06,4.8635e-06
P5,30.00,180.00,0.00,0.00,4.0088e-08,1.9361e-07,5.7252e-07,1.6351e-06,4.6108e-06,4.6012e-06,4.5670e-06,3.8010e-08,1.7870e-07,4.5480e-07,1.6314e-06,3.5593e-06,4.5128e-06,4.8635e-06
P5,30.00,135.00,0.00,0.00,4.0088e-08,1.9361e-07,5.7252e-07,1.6351e-06,4.6108e-06,4.6012e-06,4.5670e-06,3.8010e-08,1.7870e-07,4.5480e-07,1.6314e-06,3.5593e-06,4.5128e-06,4.8635e-06
P5,60.00,90.00,60.00,0.00,4.1837e-08,1.6810e-07,5.2729e-07,1.5607e-06,4.5471e-06,4.5376e-06,4.2241e-06,3.9794e-08,1.5420e-07,4.1283e-07,1.5638e-06,3.5020e-06,4.4524e-06,4.6144e-06
P5,0.00,135.00,60.00,0.00,2.5656e-08,2.0012e-07,5.8289e-07,1.6501e-06,4.6243e-06,4.6148e-06,4.6463e-06,2.4446e-08,1.8503e-07,4.6462e-07,1.6448e-06,3.5713e-06,4.5257e-06,4.9190e-06
P5,60.00,0.00,60.00,0.00,1.0977e-07,1.6837e-07,5.2920e-07,1.5657e-06,4.5477e-06,4.5382e-06,4.2243e-06,1.0488e-07,1.5430e-07,4.1380e-07,1.5690e-06,3.5030e-06,4.4530e-06,4.6148e-06
P5,60.00,90.00,30.00,0.00,4.9014e-08,1.6814e-07,5.2744e-07,1.5607e-06,4.5471e-06,4.5376e-06,4.2242e-06,4.6544e-08,1.5422e-07,4.1294e-07,1.5638e-06,3.5020e-06,4.4524e-06,4.6144e-06
P5,0.00,180.00,30.00,0.00,3.5053e-08,2.0016e-07,5.8303e-07,1.6501e-06,4.6243e-06,4.6148e-06,4.6463e-06,3.3261e-08,1.8505e-07,4.6474e-07,1.6449e-06,3.5713e-06,4.5257e-06,4.9190e-06
P5,30.00,45.00,30.00,0.00,4.3187e-08,1.9363e-07,5.7264e-07,1.6353e-06,4.6108e-06,4.6013e-06,4.5670e-06,4.1001e-08,1.7871e-07,4.5486e-07,1.6317e-06,3.5594e-06,4.5128e-06,4.8635e-06
P5,0.00,90.00,0.00,0.00,3.6993e-08,2.0018e-07,5.8310e-07,1.6502e-06,4.6243e-06,4.6148e-06,4.6463e-06,3.5093e-08,1.8506e-07,4.6479e-07,1.6449e-06,3.5713e-06,4.5257e-06,4.9191e-06
P5,30.00,180.00,60.00,0.00,2.2668e-08,1.9354e-07,5.7218e-07,1.6347e-06,4.6108e-06,4.6012e-06,4.5670e-06,2.1581e-08,1.7866e-07,4.5457e-07,1.6310e-06,3.5593e-06,4.5127e-06,4.8635e-06
P5,0.00,45.00,60.00,0.00,2.5656e-08,2.0012e-07,5.8289e-07,1.6501e-06,4.6243e-06,4.6148e-06,4.6463e-06,2.4446e-08,1.8503e-07,4.6462e-07,1.6448e-06,3.5713e-06,4.5257e-06,4.9190e-06
P5,60.00,90.00,0.00,0.00,4.8798e-08,1.6814e-07,5.2746e-07,1.5607e-06,4.5471e-06,4.5376e-06,4.2242e-06,4.6329e-08,1.5422e-07,4.1295e-07,1.5638e-06,3.5020e-06,4.4524e-06,4.6144e-06
P5,0.00,45.00,30.00,0.00,3.5053e-08,2.0016e-07,5.8303e-07,1.6501e-06,4.6243e-06,4.6148e-06,4.6463e-06,3.3261e-08,1.8505e-07,4.6474e-07,1.6449e-06,3.5713e-06,4.5257e-06,4.9190e-06
P5,30.00,45.00,0.00,0.00,4.0088e-08,1.9361e-07,5.7252e-07,1.6351e-06,4.6108e-06,4.6012e-06,4.5670e-06,3.8010e-08,1.7870e-07,4.5480e-07,1.6314e-06,3.5593e-06,4.5128e-06,4.8635e-06
P5,30.00,45.00,60.00,0.00,3.7275e-08,1.9360e-07,5.7257e-07,1.6355e-06,4.6109e-06,4.6013e-06,4.5670e-06,3.5516e-08,1.7869e-07,4.5478e-07,1.6319e-06,3.5595e-06,4.5128e-06,4.8635e-06
P5,60.00,45.00,60.00,0.00,7.5226e-08,1.6822e-07,5.2814e-07,1.5629e-06,4.5473e-06,4.5378e-06,4.2242e-06,7.1715e-08,1.5424e-07,4.1326e-07,1.5661e-06,3.5024e-06,4.4526e-06,4.6146e-06
P5,60.00,135.00,60.00,0.00,2.8584e-08,1.6806e-07,5.2700e-07,1.5600e-06,4.5470e-06,4.5375e-06,4.2241e-06,2.7171e-08,1.5418e-07,4.1268e-07,1.5630e-06,3.5019e-06,4.4523e-06,4.6144e-06
P5,30.00,0.00,0.00,0.00,4.0088e-08,1.9361e-07,5.7252e-07,1.6351e-06,4.6108e-06,4.6012e-06,4.5670e-06,3.8010e-08,1.7870e-07,4.5480e-07,1.6314e-06,3.5593e-06,4.5128e-06,4.8635e-06
P5,60.00,180.00,0.00,0.00,4.8798e-08,1.6814e-07,5.2746e-07,1.5607e-06,4.5471e-06,4.5376e-06,4.2242e-06,4.6329e-08,1.5422e-07,4.1295e-07,1.5638e-06,3.5020e-06,4.4524e-06,4.6144e-06
P5,60.00,135.00,30.00,0.00,4.0214e-08,1.6810e-07,5.2723e-07,1.5603e-06,4.5470e-06,4.5376e-06,4.2241e-06,3.8159e-08,1.5420e-07,4.1282e-07,1.5633e-06,3.5019e-06,4.4523e-06,4.6144e-06
P5,30.00,135.00,60.00,0.00,2.4267e-08,1.9354e-07,5.7221e-07,1.6347e-06,4.6108e-06,4.6012e-06,4.5670e-06,2.3101e-08,1.7867e-07,4.5459e-07,1.6311e-06,3.5593e-06,4.5127e-06,4.8635e-06
P5,60.00,180.00,30.00,0.00,3.7449e-08,1.6809e-07,5.2717e-07,1.5602e-06,4.5470e-06,4.5375e-06,4.2241e-06,3.5531e-08,1.5420e-07,4.1279e-07,1.5632e-06,3.5019e-06,4.4523e-06,4.6144e-06
P5,0.00,0.00,0.00,0.00,3.6993e-08,2.0018e-07,5.8310e-07,1.6502e-06,4.6243e-06,4.6148e-06,4.6463e-06,3.5093e-08,1.8506e-07,4.6479e-07,1.6449e-06,3.5713e-06,4.5257e-06,4.9191e-06
P5,30.00,0.00,30.00,0.00,4.5289e-08,1.9365e-07,5.7272e-07,1.6355e-06,4.6108e-06,4.6013e-06,4.5670e-06,4.3009e-08,1.7872e-07,4.5491e-07,1.6319e-06,3.5595e-06,4.5128e-06,4.8635e-06
P5,0.00,90.00,60.00,0.00,2.5656e-08,2.0012e-07,5.8289e-07,1.6501e-06,4.6243e-06,4.6148e-06,4.6463e-06,2.4446e-08,1.8503e-07,4.6462e-07,1.6448e-06,3.5713e-06,4.5257e-06,4.9190e-06
P5,0.00,180.00,60.00,0.00,2.5656e-08,2.0012e-07,5.8289e-07,1.6501e-06,4.6243e-06,4.6148e-06,4.6463e-06,2.4446e-08,1.8503e-07,4.6462e-07,1.6448e-06,3.5713e-06,4.5257e-06,4.9190e-06
P5,60.00,180.00,60.00,0.00,2.5099e-08,1.6804e-07,5.2689e-07,1.5596e-06,4.5470e-06,4.5375e-06,4.2241e-06,2.3843e-08,1.5417e-07,4.1262e-07,1.5626e-06,3.5018e-06,4.4523e-06,4.6143e-06
P5,60.00,0.00,0.00,0.00,4.8798e-08,1.6814e-07,5.2746e-07,1.5607e-06,4.5471e-06,4.5376e-06,4.2242e-06,4.6329e-08,1.5422e-07,4.1295e-07,1.5638e-06,3.5020e-06,4.4524e-06,4.6144e-06
P5,0.00,90.00,30.00,0.00,3.5053e-08,2.0016e-07,5.8303e-07,1.6501e-06,4.6243e-06,4.6148e-06,4.6463e-06,3.3261e-08,1.8505e-07,4.6474e-07,1.6449e-06,3.5713e-06,4.5257e-06,4.9190e-06
P5,30.00,0.00,60.00,0.00,4.1975e-08,1.9362e-07,5.7270e-07,1.6357e-06,4.6109e-06,4.6013e-06,4.5670e-06,4.0009e-08,1.7870e-07,4.5486e-07,1.6322e-06,3.5595e-06,4.5128e-06,4.8636e-06
P5,0.00,180.00,0.00,0.00,3.6993e-08,2.0018e-07,5.8310e-07,1.6502e-06,4.6243e-06,4.6148e-06,4.6463e-06,3.5093e-08,1.8506e-07,4.6479e-07,1.6449e-06,3.5713e-06,4.5257e-06,4.9191e-06
P5,30.00,135.00,30.00,0.00,3.5431e-08,1.9359e-07,5.7241e-07,1.6349e-06,4.6108e-06,4.6012e-06,4.5670e-06,3.3609e-08,1.7869e-07,4.5472e-07,1.6313e-06,3.5593e-06,4.5127e-06,4.8635e-06
P5,30.00,90.00,60.00,0.00,2.9355e-08,1.9356e-07,5.7234e-07,1.6350e-06,4.6108e-06,4.6012e-06,4.5670e-06,2.7949e-08,1.7867e-07,4.5466e-07,1.6314e-06,3.5594e-06,4.5128e-06,4.8635e-06
P5,0.00,135.00,30.00,0.00,3.5053e-08,2.0016e-07,5.8303e-07,1.6501e-06,4.6243e-06,4.6148e-06,4.6463e-06,3.3261e-08,1.8505e-07,4.6474e-07,1.6449e-06,3.5713e-06,4.5257e-06,4.9190e-06
P5,0.00,135.00,0.00,0.00,3.6993e-08,2.0018e-07,5.8310e-07,1.6502e-06,4.6243e-06,4.6148e-06,4.6463e-06,3.5093e-08,1.8506e-07,4.6479e-07,1.6449e-06,3.5713e-06,4.5257e-06,4.9191e-06
P5,30.00,90.00,30.00,0.00,3.8944e-08,1.9361e-07,5.7252e-07,1.6351e-06,4.6108e-06,4.6012e-06,4.5670e-06,3.6957e-08,1.7870e-07,4.5479e-07,1.6315e-06,3.5594e-06,4.5128e-06,4.8635e-06
P5,0.00,0.00,60.00,0.00,2.5656e-08,2.0012e-07,5.8289e-07,1.6501e-06,4.6243e-06,4.6148e-06,4.6463e-06,2.4446e-08,1.8503e-07,4.6462e-07,1.6448e-06,3.5713e-06,4.5257e-06,4.9190e-06
P5,0.00,0.00,30.00,0.00,3.5053e-08,2.0016e-07,5.8303e-07,1.6501e-06,4.6243e-06,4.6148e-06,4.6463e-06,3.3261e-08,1.8505e-07,4.6474e-07,1.6449e-06,3.5713e-06,4.5257e-06,4.9190e-06
P5,30.00,90.00,0.00,0.00,4.0088e-08,1.9361e-07,5.7252e-07,1.6351e-06,4.6108e-06,4.6012e-06,4.5670e-06,3.8010e-08,1.7870e-07,4.5480e-07,1.6314e-06,3.5593e-06,4.5128e-06,4.8635e-06
P5,60.00,45.00,30.00,0.00,6.2713e-08,1.6820e-07,5.2783e-07,1.5616e-06,4.5472e-06,4.5377e-06,4.2242e-06,5.9628e-08,1.5424e-07,4.1315e-07,1.5647e-06,3.5022e-06,4.4525e-06,4.6145e-06
P5,0.00,45.00,0.00,0.00,3.6993e-08,2.0018e-07,5.8310e-07,1.6502e-06,4.6243e-06,4.6148e-06,4.6463e-06,3.5093e-08,1.8506e-07,4.6479e-07,1.6449e-06,3.5713e-06,4.5257e-06,4.9191e-06
P5,60.00,0.00,30.00,0.00,7.0841e-08,1.6823e-07,5.2805e-07,1.5620e-06,4.5472e-06,4.5377e-06,4.2242e-06,6.7399e-08,1.5426e-07,4.1327e-07,1.5651e-06,3.5022e-06,4.4525e-06,4.6145e-06
P5,60.00,45.00,0.00,0.00,4.8798e-08,1.6814e-07,5.2746e-07,1.5607e-06,4.5471e-06,4.5376e-06,4.2242e-06,4.6329e-08,1.5422e-07,4.1295e-07,1.5638e-06,3.5020e-06,4.4524e-06,4.6144e-06
P6,30.00,0.00,30.00,0.00,6.8118e-08,3.9113e-07,1.4226e-06,5.0183e-06,1.0334e-05,1.0320e-05,8.4529e-06,6.6435e-08,3.5107e-07,1.0235e-06,5.0404e-06,8.8005e-06,1.0216e-05,9.5101e-06
P6,30.00,90.00,60.00,0.00,5.3021e-08,3.9113e-07,1.4226e-06,5.0179e-06,1.0334e-05,1.0320e-05,8.4529e-06,5.2119e-08,3.5107e-07,1.0235e-06,5.0399e-06,8.8004e-06,1.0216e-05,9.5100e-06
P6,30.00,90.00,30.00,0.00,6.2224e-08,3.9113e-07,1.4226e-06,5.0180e-06,1.0334e-05,1.0320e-05,8.4529e-06,6.0793e-08,3.5107e-07,1.0235e-06,5.0400e-06,8.8004e-06,1.0216e-05,9.5101e-06
P6,0.00,0.00,60.00,0.00,5.0454e-08,4.1624e-07,1.4807e-06,5.0645e-06,1.0370e-05,1.0356e-05,8.6571e-06,4.9710e-08,3.7470e-07,1.0749e-06,5.0819e-06,8.8323e-06,1.0249e-05,9.6622e-06
P6,30.00,45.00,60.00,0.00,6.0274e-08,3.9113e-07,1.4226e-06,5.0183e-06,1.0334e-05,1.0320e-05,8.4529e-06,5.9075e-08,3.5107e-07,1.0235e-06,5.0403e-06,8.8005e-06,1.0216e-05,9.5101e-06
P6,0.00,0.00,0.00,0.00,6.1337e-08,4.1624e-07,1.4807e-06,5.0646e-06,1.0370e-05,1.0356e-05,8.6571e-06,5.9963e-08,3.7470e-07,1.0749e-06,5.0821e-06,8.8322e-06,1.0249e-05,9.6622e-06
P6,0.00,135.00,0.00,0.00,6.1337e-08,4.1624e-07,1.4807e-06,5.0646e-06,1.0370e-05,1.0356e-05,8.6571e-06,5.9963e-08,3.7470e-07,1.0749e-06,5.0821e-06,8.8322e-06,1.0249e-05,9.6622e-06
P6,60.00,45.00,60.00,0.00,9.0447e-08,3.0509e-07,1.1918e-06,4.8034e-06,1.0173e-05,1.0159e-05,7.6056e-06,8.7895e-08,2.7129e-07,8.2878e-07,4.8446e-06,8.6555e-06,1.0066e-05,8.8589e-06
P6,0.00,135.00,30.00,0.00,5.9461e-08,4.1624e-07,1.4807e-06,5.0646e-06,1.0370e-05,1.0356e-05,8.6571e-06,5.8187e-08,3.7470e-07,1.0749e-06,5.0820e-06,8.8322e-06,1.0249e-05,9.6622e-06
P6,30.00,0.00,0.00,0.00,6.3360e-08,3.9113e-07,1.4226e-06,5.0180e-06,1.0334e-05,1.0320e-05,8.4529e-06,6.1844e-08,3.5107e-07,1.0235e-06,5.0400e-06,8.8004e-06,1.0216e-05,9.5101e-06
P6,60.00,180.00,60.00,0.00,4.5792e-08,3.0507e-07,1.1918e-06,4.8009e-06,1.0173e-05,1.0159e-05,7.6056e-06,4.5034e-08,2.7129e-07,8.2878e-07,4.8419e-06,8.6550e-06,1.0066e-05,8.8587e-06
P6,60.00,90.00,30.00,0.00,6.7788e-08,3.0508e-07,1.1918e-06,4.8018e-06,1.0173e-05,1.0159e-05,7.6056e-06,6.6009e-08,2.7129e-07,8.2878e-07,4.8429e-06,8.6552e-06,1.0066e-05,8.8588e-06
P6,30.00,45.00,0.00,0.00,6.3360e-08,3.9113e-07,1.4226e-06,5.0180e-06,1.0334e-05,1.0320e-05,8.4529e-06,6.1844e-08,3.5107e-07,1.0235e-06,5.0400e-06,8.8004e-06,1.0216e-05,9.5101e-06
P6,30.00,90.00,0.00,0.00,6.3360e-08,3.9113e-07,1.4226e-06,5.0180e-06,1.0334e-05,1.0320e-05,8.4529e-06,6.1844e-08,3.5107e-07,1.0235e-06,5.0400e-06,8.8004e-06,1.0216e-05,9.5101e-06
P6,60.00,0.00,0.00,0.00,6.7718e-08,3.0508e-07,1.1918e-06,4.8018e-06,1.0173e-05,1.0159e-05,7.6056e-06,6.5930e-08,2.7129e-07,8.2878e-07,4.8429e-06,8.6552e-06,1.0066e-05,8.8588e-06
P6,0.00,180.00,0.00,0.00,6.1337e-08,4.1624e-07,1.4807e-06,5.0646e-06,1.0370e-05,1.0356e-05,8.6571e-06,5.9963e-08,3.7470e-07,1.0749e-06,5.0821e-06,8.8322e-06,1.0249e-05,9.6622e-06
P6,0.00,45.00,30.00,0.00,5.9461e-08,4.1624e-07,1.4807e-06,5.0646e-06,1.0370e-05,1.0356e-05,8.6571e-06,5.8187e-08,3.7470e-07,1.0749e-06,5.0820e-06,8.8322e-06,1.0249e-05,9.6622e-06
P6,30.00,0.00,60.00,0.00,6.4578e-08,3.9113e-07,1.4226e-06,5.0185e-06,1.0334e-05,1.0320e-05,8.4529e-06,6.3206e-08,3.5107e-07,1.0235e-06,5.0406e-06,8.8005e-06,1.0216e-05,9.5101e-06
P6,60.00,45.00,30.00,0.00,8.0218e-08,3.0509e-07,1.1918e-06,4.8025e-06,1.0173e-05,1.0159e-05,7.6056e-06,7.7937e-08,2.7129e-07,8.2878e-07,4.8436e-06,8.6554e-06,1.0066e-05,8.8588e-06
P6,0.00,90.00,60.00,0.00,5.0454e-08,4.1624e-07,1.4807e-06,5.0645e-06,1.0370e-05,1.0356e-05,8.6571e-06,4.9710e-08,3.7470e-07,1.0749e-06,5.0819e-06,8.8323e-06,1.0249e-05,9.6622e-06
P6,0.00,180.00,60.00,0.00,5.0454e-08,4.1624e-07,1.4807e-06,5.0645e-06,1.0370e-05,1.0356e-05,8.6571e-06,4.9710e-08,3.7470e-07,1.0749e-06,5.0819e-06,8.8323e-06,1.0249e-05,9.6622e-06
P6,0.00,90.00,0.00,0.00,6.1337e-08,4.1624e-07,1.4807e-06,5.0646e-06,1.0370e-05,1.0356e-05,8.6571e-06,5.9963e-08,3.7470e-07,1.0749e-06,5.0821e-06,8.8322e-06,1.0249e-05,9.6622e-06
P6,0.00,135.00,60.00,0.00,5.0454e-08,4.1624e-07,1.4807e-06,5.0645e-06,1.0370e-05,1.0356e-05,8.6571e-06,4.9710e-08,3.7470e-07,1.0749e-06,5.0819e-06,8.8323e-06,1.0249e-05,9.6622e-06
P6,60.00,135.00,30.00,0.00,5.9804e-08,3.0508e-07,1.1918e-06,4.8015e-06,1.0173e-05,1.0159e-05,7.6056e-06,5.8366e-08,2.7129e-07,8.2878e-07,4.8425e-06,8.6551e-06,1.0066e-05,8.8588e-06
P6,0.00,45.00,0.00,0.00,6.1337e-08,4.1624e-07,1.4807e-06,5.0646e-06,1.0370e-05,1.0356e-05,8.6571e-06,5.9963e-08,3.7470e-07,1.0749e-06,5.0821e-06,8.8322e-06,1.0249e-05,9.6622e-06
P6,0.00,90.00,30.00,0.00,5.9461e-08,4.1624e-07,1.4807e-06,5.0646e-06,1.0370e-05,1.0356e-05,8.6571e-06,5.8187e-08,3.7470e-07,1.0749e-06,5.0820e-06,8.8322e-06,1.0249e-05,9.6622e-06
P6,60.00,90.00,60.00,0.00,6.0705e-08,3.0508e-07,1.1918e-06,4.8018e-06,1.0173e-05,1.0159e-05,7.6056e-06,5.9319e-08,2.7129e-07,8.2878e-07,4.8428e-06,8.6552e-06,1.0066e-05,8.8588e-06
P6,60.00,0.00,60.00,0.00,1.2120e-07,3.0510e-07,1.1918e-06,4.8055e-06,1.0173e-05,1.0160e-05,7.6057e-06,1.1757e-07,2.7129e-07,8.2878e-07,4.8469e-06,8.6560e-06,1.0067e-05,8.8590e-06
P6,60.00,135.00,60.00,0.00,4.8896e-08,3.0508e-07,1.1918e-06,4.8012e-06,1.0173e-05,1.0159e-05,7.6056e-06,4.8013e-08,2.7129e-07,8.2878e-07,4.8422e-06,8.6551e-06,1.0066e-05,8.8587e-06
P6,60.00,90.00,0.00,0.00,6.7718e-08,3.0508e-07,1.1918e-06,4.8018e-06,1.0173e-05,1.0159e-05,7.6056e-06,6.5930e-08,2.7129e-07,8.2878e-07,4.8429e-06,8.6552e-06,1.0066e-05,8.8588e-06
P6,60.00,180.00,30.00,0.00,5.7296e-08,3.0508e-07,1.1918e-06,4.8014e-06,1.0173e-05,1.0159e-05,7.6056e-06,5.5970e-08,2.7129e-07,8.2878e-07,4.8424e-06,8.6551e-06,1.0066e-05,8.8587e-06
P6,30.00,45.00,30.00,0.00,6.6165e-08,3.9113e-07,1.4226e-06,5.0182e-06,1.0334e-05,1.0320e-05,8.4529e-06,6.4563e-08,3.5107e-07,1.0235e-06,5.0403e-06,8.8005e-06,1.0216e-05,9.5101e-06
P6,0.00,180.00,30.00,0.00,5.9461e-08,4.1624e-07,1.4807e-06,5.0646e-06,1.0370e-05,1.0356e-05,8.6571e-06,5.8187e-08,3.7470e-07,1.0749e-06,5.0820e-06,8.8322e-06,1.0249e-05,9.6622e-06
P6,0.00,0.00,30.00,0.00,5.9461e-08,4.1624e-07,1.4807e-06,5.0646e-06,1.0370e-05,1.0356e-05,8.6571e-06,5.8187e-08,3.7470e-07,1.0749e-06,5.0820e-06,8.8322e-06,1.0249e-05,9.6622e-06
P6,30.00,180.00,0.00,0.00,6.3360e-08,3.9113e-07,1.4226e-06,5.0180e-06,1.0334e-05,1.0320e-05,8.4529e-06,6.1844e-08,3.5107e-07,1.0235e-06,5.0400e-06,8.8004e-06,1.0216e-05,9.5101e-06
P6,60.00,0.00,30.00,0.00,8.7596e-08,3.0509e-07,1.1918e-06,4.8028e-06,1.0173e-05,1.0159e-05,7.6056e-06,8.5022e-08,2.7129e-07,8.2878e-07,4.8439e-06,8.6554e-06,1.0066e-05,8.8588e-06
P6,60.00,180.00,0.00,0.00,6.7718e-08,3.0508e-07,1.1918e-06,4.8018e-06,1.0173e-05,1.0159e-05,7.6056e-06,6.5930e-08,2.7129e-07,8.2878e-07,4.8429e-06,8.6552e-06,1.0066e-05,8.8588e-06
P6,0.00,45.00,60.00,0.00,5.0454e-08,4.1624e-07,1.4807e-06,5.0645e-06,1.0370e-05,1.0356e-05,8.6571e-06,4.9710e-08,3.7470e-07,1.0749e-06,5.0819e-06,8.8323e-06,1.0249e-05,9.6622e-06
P6,30.00,135.00,60.00,0.00,4.8363e-08,3.9112e-07,1.4226e-06,5.0177e-06,1.0334e-05,1.0320e-05,8.4529e-06,4.7662e-08,3.5107e-07,1.0235e-06,5.0397e-06,8.8004e-06,1.0216e-05,9.5100e-06
P6,30.00,135.00,0.00,0.00,6.3360e-08,3.9113e-07,1.4226e-06,5.0180e-06,1.0334e-05,1.0320e-05,8.4529e-06,6.1844e-08,3.5107e-07,1.0235e-06,5.0400e-06,8.8004e-06,1.0216e-05,9.5101e-06
P6,60.00,135.00,0.00,0.00,6.7718e-08,3.0508e-07,1.1918e-06,4.8018e-06,1.0173e-05,1.0159e-05,7.6056e-06,6.5930e-08,2.7129e-07,8.2878e-07,4.8429e-06,8.6552e-06,1.0066e-05,8.8588e-06
P6,30.00,135.00,30.00,0.00,5.8961e-08,3.9113e-07,1.4226e-06,5.0178e-06,1.0334e-05,1.0320e-05,8.4529e-06,5.7673e-08,3.5107e-07,1.0235e-06,5.0398e-06,8.8004e-06,1.0216e-05,9.5100e-06
P6,30.00,180.00,30.00,0.00,5.7749e-08,3.9113e-07,1.4226e-06,5.0177e-06,1.0334e-05,1.0320e-05,8.4529e-06,5.6508e-08,3.5107e-07,1.0235e-06,5.0397e-06,8.8003e-06,1.0216e-05,9.5100e-06
P6,60.00,45.00,0.00,0.00,6.7718e-08,3.0508e-07,1.1918e-06,4.8018e-06,1.0173e-05,1.0159e-05,7.6056e-06,6.5930e-08,2.7129e-07,8.2878e-07,4.8429e-06,8.6552e-06,1.0066e-05,8.8588e-06
P6,30.00,180.00,60.00,0.00,4.6900e-08,3.9112e-07,1.4226e-06,5.0176e-06,1.0334e-05,1.0320e-05,8.4529e-06,4.6265e-08,3.5107e-07,1.0235e-06,5.0396e-06,8.8004e-06,1.0216e-05,9.5100e-06
P7,60.00,90.00,30.00,0.00,5.1213e-08,3.0744e-07,8.7936e-07,2.8396e-06,6.9548e-06,6.9428e-06,6.3234e-06,4.9190e-08,2.8482e-07,6.8392e-07,2.8430e-06,5.6422e-06,6.8465e-06,6.8044e-06
P7,30.00,0.00,30.00,0.00,4.9099e-08,3.4438e-07,9.6343e-07,2.9575e-06,7.0472e-06,7.0352e-06,6.7340e-06,4.7169e-08,3.1976e-07,7.5426e-07,2.9539e-06,5.7272e-06,6.9330e-06,7.1286e-06
P7,0.00,135.00,0.00,0.00,4.1630e-08,3.5434e-07,9.8472e-07,2.9827e-06,7.0682e-06,7.0561e-06,6.8342e-06,4.0012e-08,3.2924e-07,7.7255e-07,2.9771e-06,5.7464e-06,6.9527e-06,7.2048e-06
P7,60.00,135.00,30.00,0.00,4.3034e-08,3.0744e-07,8.7936e-07,2.8392e-06,6.9547e-06,6.9427e-06,6.3234e-06,4.1364e-08,2.8482e-07,6.8392e-07,2.8426e-06,5.6421e-06,6.8464e-06,6.8044e-06
P7,60.00,0.00,30.00,0.00,7.1504e-08,3.0746e-07,8.7937e-07,2.8407e-06,6.9549e-06,6.9429e-06,6.3234e-06,6.8662e-08,2.8482e-07,6.8392e-07,2.8442e-06,5.6423e-06,6.8466e-06,6.8045e-06
P7,30.00,180.00,0.00,0.00,4.4281e-08,3.4438e-07,9.6343e-07,2.9572e-06,7.0471e-06,7.0351e-06,6.7340e-06,4.2516e-08,3.1976e-07,7.5426e-07,2.9535e-06,5.7271e-06,6.9329e-06,7.1285e-06
P7,30.00,0.00,60.00,0.00,4.5417e-08,3.4438e-07,9.6342e-07,2.9577e-06,7.0472e-06,7.0352e-06,6.7340e-06,4.3826e-08,3.1976e-07,7.5426e-07,2.9541e-06,5.7273e-06,6.9330e-06,7.1286e-06
P7,0.00,0.00,60.00,0.00,3.0457e-08,3.5434e-07,9.8471e-07,2.9825e-06,7.0682e-06,7.0561e-06,6.8342e-06,2.9503e-08,3.2923e-07,7.7255e-07,2.9769e-06,5.7464e-06,6.9527e-06,7.2048e-06
P7,60.00,45.00,30.00,0.00,6.3947e-08,3.0745e-07,8.7936e-07,2.8403e-06,6.9549e-06,6.9429e-06,6.3234e-06,6.1406e-08,2.8482e-07,6.8392e-07,2.8438e-06,5.6423e-06,6.8465e-06,6.8045e-06
P7,30.00,180.00,60.00,0.00,2.7430e-08,3.4437e-07,9.6342e-07,2.9568e-06,7.0471e-06,7.0351e-06,6.7340e-06,2.6587e-08,3.1976e-07,7.5426e-07,2.9531e-06,5.7271e-06,6.9329e-06,7.1285e-06
P7,30.00,45.00,60.00,0.00,4.1038e-08,3.4437e-07,9.6342e-07,2.9575e-06,7.0472e-06,7.0352e-06,6.7340e-06,3.9622e-08,3.1976e-07,7.5426e-07,2.9539e-06,5.7272e-06,6.9330e-06,7.1286e-06
P7,60.00,135.00,0.00,0.00,5.1141e-08,3.0745e-07,8.7936e-07,2.8396e-06,6.9548e-06,6.9428e-06,6.3234e-06,4.9107e-08,2.8482e-07,6.8392e-07,2.8430e-06,5.6422e-06,6.8465e-06,6.8044e-06
P7,60.00,0.00,60.00,0.00,1.0605e-07,3.0747e-07,8.7937e-07,2.8436e-06,6.9552e-06,6.9433e-06,6.3235e-06,1.0214e-07,2.8482e-07,6.8392e-07,2.8475e-06,5.6431e-06,6.8470e-06,6.8046e-06
P7,30.00,45.00,0.00,0.00,4.4281e-08,3.4438e-07,9.6343e-07,2.9572e-06,7.0471e-06,7.0351e-06,6.7340e-06,4.2516e-08,3.1976e-07,7.5426e-07,2.9535e-06,5.7271e-06,6.9329e-06,7.1285e-06
P7,60.00,45.00,60.00,0.00,7.4473e-08,3.0745e-07,8.7936e-07,2.8413e-06,6.9550e-06,6.9430e-06,6.3234e-06,7.1679e-08,2.8482e-07,6.8392e-07,2.8449e-06,5.6425e-06,6.8467e-06,6.8045e-06
P7,0.00,90.00,60.00,0.00,3.0457e-08,3.5434e-07,9.8471e-07,2.9825e-06,7.0682e-06,7.0561e-06,6.8342e-06,2.9503e-08,3.2923e-07,7.7255e-07,2.9769e-06,5.7464e-06,6.9527e-06,7.2048e-06
P7,60.00,0.00,0.00,0.00,5.1141e-08,3.0745e-07,8.7936e-07,2.8396e-06,6.9548e-06,6.9428e-06,6.3234e-06,4.9107e-08,2.8482e-07,6.8392e-07,2.8430e-06,5.6422e-06,6.8465e-06,6.8044e-06
P7,60.00,90.00,0.00,0.00,5.1141e-08,3.0745e-07,8.7936e-07,2.8396e-06,6.9548e-06,6.9428e-06,6.3234e-06,4.9107e-08,2.8482e-07,6.8392e-07,2.8430e-06,5.6422e-06,6.8465e-06,6.8044e-06
P7,30.00,180.00,30.00,0.00,3.8544e-08,3.4437e-07,9.6343e-07,2.9568e-06,7.0471e-06,7.0351e-06,6.7340e-06,3.7065e-08,3.1976e-07,7.5426e-07,2.9531e-06,5.7271e-06,6.9329e-06,7.1285e-06
P7,30.00,135.00,60.00,0.00,2.8919e-08,3.4437e-07,9.6342e-07,2.9569e-06,7.0471e-06,7.0351e-06,6.7340e-06,2.8009e-08,3.1976e-07,7.5426e-07,2.9532e-06,5.7271e-06,6.9329e-06,7.1285e-06
P7,30.00,45.00,30.00,0.00,4.7112e-08,3.4438e-07,9.6343e-07,2.9574e-06,7.0472e-06,7.0352e-06,6.7340e-06,4.5264e-08,3.1976e-07,7.5426e-07,2.9538e-06,5.7272e-06,6.9330e-06,7.1286e-06
P7,0.00,135.00,30.00,0.00,3.9696e-08,3.5434e-07,9.8472e-07,2.9826e-06,7.0682e-06,7.0561e-06,6.8342e-06,3.8184e-08,3.2924e-07,7.7255e-07,2.9770e-06,5.7464e-06,6.9527e-06,7.2048e-06
P7,30.00,0.00,0.00,0.00,4.4281e-08,3.4438e-07,9.6343e-07,2.9572e-06,7.0471e-06,7.0351e-06,6.7340e-06,4.2516e-08,3.1976e-07,7.5426e-07,2.9535e-06,5.7271e-06,6.9329e-06,7.1285e-06
P7,30.00,90.00,60.00,0.00,3.3658e-08,3.4437e-07,9.6342e-07,2.9571e-06,7.0471e-06,7.0351e-06,6.7340e-06,3.2544e-08,3.1976e-07,7.5426e-07,2.9534e-06,5.7271e-06,6.9329e-06,7.1285e-06
P7,0.00,45.00,60.00,0.00,3.0457e-08,3.5434e-07,9.8471e-07,2.9825e-06,7.0682e-06,7.0561e-06,6.8342e-06,2.9503e-08,3.2923e-07,7.7255e-07,2.9769e-06,5.7464e-06,6.9527e-06,7.2048e-06
P7,60.00,180.00,0.00,0.00,5.1141e-08,3.0745e-07,8.7936e-07,2.8396e-06,6.9548e-06,6.9428e-06,6.3234e-06,4.9107e-08,2.8482e-07,6.8392e-07,2.8430e-06,5.6422e-06,6.8465e-06,6.8044e-06
P7,0.00,0.00,0.00,0.00,4.1630e-08,3.5434e-07,9.8472e-07,2.9827e-06,7.0682e-06,7.0561e-06,6.8342e-06,4.0012e-08,3.2924e-07,7.7255e-07,2.9771e-06,5.7464e-06,6.9527e-06,7.2048e-06
P7,60.00,180.00,60.00,0.00,2.8656e-08,3.0743e-07,8.7935e-07,2.8386e-06,6.9547e-06,6.9427e-06,6.3234e-06,2.7700e-08,2.8482e-07,6.8391e-07,2.8420e-06,5.6420e-06,6.8463e-06,6.8044e-06
P7,0.00,180.00,30.00,0.00,3.9696e-08,3.5434e-07,9.8472e-07,2.9826e-06,7.0682e-06,7.0561e-06,6.8342e-06,3.8184e-08,3.2924e-07,7.7255e-07,2.9770e-06,5.7464e-06,6.9527e-06,7.2048e-06
P7,60.00,45.00,0.00,0.00,5.1141e-08,3.0745e-07,8.7936e-07,2.8396e-06,6.9548e-06,6.9428e-06,6.3234e-06,4.9107e-08,2.8482e-07,6.8392e-07,2.8430e-06,5.6422e-06,6.8465e-06,6.8044e-06
P7,30.00,90.00,30.00,0.00,4.3100e-08,3.4438e-07,9.6343e-07,2.9572e-06,7.0472e-06,7.0351e-06,6.7340e-06,4.1428e-08,3.1976e-07,7.5426e-07,2.9535e-06,5.7272e-06,6.9329e-06,7.1285e-06
P7,60.00,180.00,30.00,0.00,4.0465e-08,3.0744e-07,8.7936e-07,2.8391e-06,6.9547e-06,6.9427e-06,6.3234e-06,3.8910e-08,2.8482e-07,6.8392e-07,2.8425e-06,5.6421e-06,6.8464e-06,6.8044e-06
P7,60.00,135.00,60.00,0.00,3.1840e-08,3.0744e-07,8.7935e-07,2.8389e-06,6.9547e-06,6.9427e-06,6.3234e-06,3.0756e-08,2.8482e-07,6.8391e-07,2.8424e-06,5.6421e-06,6.8464e-06,6.8044e-06
P7,30.00,135.00,0.00,0.00,4.4281e-08,3.4438e-07,9.6343e-07,2.9572e-06,7.0471e-06,7.0351e-06,6.7340e-06,4.2516e-08,3.1976e-07,7.5426e-07,2.9535e-06,5.7271e-06,6.9329e-06,7.1285e-06
P7,0.00,180.00,60.00,0.00,3.0457e-08,3.5434e-07,9.8471e-07,2.9825e-06,7.0682e-06,7.0561e-06,6.8342e-06,2.9503e-08,3.2923e-07,7.7255e-07,2.9769e-06,5.7464e-06,6.9527e-06,7.2048e-06
P7,0.00,180.00,0.00,0.00,4.1630e-08,3.5434e-07,9.8472e-07,2.9827e-06,7.0682e-06,7.0561e-06,6.8342e-06,4.0012e-08,3.2924e-07,7.7255e-07,2.9771e-06,5.7464e-06,6.9527e-06,7.2048e-06
P7,0.00,135.00,60.00,0.00,3.0457e-08,3.5434e-07,9.8471e-07,2.9825e-06,7.0682e-06,7.0561e-06,6.8342e-06,2.9503e-08,3.2923e-07,7.7255e-07,2.9769e-06,5.7464e-06,6.9527e-06,7.2048e-06
P7,0.00,90.00,30.00,0.00,3.9696e-08,3.5434e-07,9.8472e-07,2.9826e-06,7.0682e-06,7.0561e-06,6.8342e-06,3.8184e-08,3.2924e-07,7.7255e-07,2.9770e-06,5.7464e-06,6.9527e-06,7.2048e-06
P7,0.00,90.00,0.00,0.00,4.1630e-08,3.5434e-07,9.8472e-07,2.9827e-06,7.0682e-06,7.0561e-06,6.8342e-06,4.0012e-08,3.2924e-07,7.7255e-07,2.9771e-06,5.7464e-06,6.9527e-06,7.2048e-06
P7,30.00,135.00,30.00,0.00,3.9778e-08,3.4437e-07,9.6343e-07,2.9570e-06,7.0471e-06,7.0351e-06,6.7340e-06,3.8251e-08,3.1976e-07,7.5426e-07,2.9533e-06,5.7271e-06,6.9329e-06,7.1285e-06
P7,0.00,45.00,30.00,0.00,3.9696e-08,3.5434e-07,9.8472e-07,2.9826e-06,7.0682e-06,7.0561e-06,6.8342e-06,3.8184e-08,3.2924e-07,7.7255e-07,2.9770e-06,5.7464e-06,6.9527e-06,7.2048e-06
P7,60.00,90.00,60.00,0.00,4.3955e-08,3.0744e-07,8.7935e-07,2.8395e-06,6.9548e-06,6.9428e-06,6.3234e-06,4.2354e-08,2.8482e-07,6.8392e-07,2.8430e-06,5.6422e-06,6.8465e-06,6.8044e-06
P7,0.00,0.00,30.00,0.00,3.9696e-08,3.5434e-07,9.8472e-07,2.9826e-06,7.0682e-06,7.0561e-06,6.8342e-06,3.8184e-08,3.2924e-07,7.7255e-07,2.9770e-06,5.7464e-06,6.9527e-06,7.2048e-06
P7,30.00,90.00,0.00,0.00,4.4281e-08,3.4438e-07,9.6343e-07,2.9572e-06,7.0471e-06,7.0351e-06,6.7340e-06,4.2516e-08,3.1976e-07,7.5426e-07,2.9535e-06,5.7271e-06,6.9329e-06,7.1285e-06
P7,0.00,45.00,0.00,0.00,4.1630e-08,3.5434e-07,9.8472e-07,2.9827e-06,7.0682e-06,7.0561e-06,6.8342e-06,4.0012e-08,3.2924e-07,7.7255e-07,2.9771e-06,5.7464e-06,6.9527e-06,7.2048e-06
P8,30.00,180.00,60.00,0.00,4.8232e-08,3.0628e-07,1.0771e-06,5.1873e-06,1.0469e-05,1.0457e-05,8.5533e-06,4.7952e-08,2.7587e-07,7.6327e-07,5.2211e-06,9.0821e-06,1.0373e-05,9.5794e-06
P8,60.00,90.00,30.00,0.00,6.4886e-08,2.5305e-07,9.0696e-07,4.9370e-06,1.0163e-05,1.0150e-05,7.6774e-06,6.3789e-08,2.2718e-07,6.4009e-07,4.9912e-06,8.8448e-06,1.0081e-05,8.8547e-06
P8,30.00,135.00,60.00,0.00,4.9475e-08,3.0628e-07,1.0771e-06,5.1873e-06,1.0469e-05,1.0457e-05,8.5533e-06,4.9148e-08,2.7587e-07,7.6327e-07,5.2212e-06,9.0821e-06,1.0373e-05,9.5794e-06
P8,60.00,180.00,0.00,0.00,6.5015e-08,2.5305e-07,9.0696e-07,4.9370e-06,1.0163e-05,1.0150e-05,7.6774e-06,6.3896e-08,2.2718e-07,6.4009e-07,4.9912e-06,8.8449e-06,1.0081e-05,8.8547e-06
P8,0.00,135.00,0.00,0.00,6.1930e-08,3.2168e-07,1.1239e-06,5.2449e-06,1.0538e-05,1.0525e-05,8.7685e-06,6.1013e-08,2.9002e-07,7.9825e-07,5.2740e-06,9.1350e-06,1.0438e-05,9.7519e-06
P8,30.00,90.00,0.00,0.00,6.3278e-08,3.0629e-07,1.0771e-06,5.1875e-06,1.0470e-05,1.0457e-05,8.5533e-06,6.2268e-08,2.7587e-07,7.6327e-07,5.2214e-06,9.0822e-06,1.0373e-05,9.5794e-06
P8,30.00,0.00,60.00,0.00,6.3245e-08,3.0629e-07,1.0771e-06,5.1877e-06,1.0470e-05,1.0457e-05,8.5533e-06,6.2453e-08,2.7587e-07,7.6327e-07,5.2217e-06,9.0822e-06,1.0373e-05,9.5794e-06
P8,60.00,90.00,0.00,0.00,6.5015e-08,2.5305e-07,9.0696e-07,4.9370e-06,1.0163e-05,1.0150e-05,7.6774e-06,6.3896e-08,2.2718e-07,6.4009e-07,4.9912e-06,8.8449e-06,1.0081e-05,8.8547e-06
P8,0.00,135.00,60.00,0.00,5.1624e-08,3.2168e-07,1.1239e-06,5.2448e-06,1.0538e-05,1.0525e-05,8.7685e-06,5.1260e-08,2.9002e-07,7.9825e-07,5.2738e-06,9.1350e-06,1.0438e-05,9.7519e-06
P8,30.00,90.00,30.00,0.00,6.2111e-08,3.0629e-07,1.0771e-06,5.1876e-06,1.0470e-05,1.0457e-05,8.5533e-06,6.1184e-08,2.7587e-07,7.6327e-07,5.2214e-06,9.0822e-06,1.0373e-05,9.5794e-06
P8,0.00,0.00,0.00,0.00,6.1930e-08,3.2168e-07,1.1239e-06,5.2449e-06,1.0538e-05,1.0525e-05,8.7685e-06,6.1013e-08,2.9002e-07,7.9825e-07,5.2740e-06,9.1350e-06,1.0438e-05,9.7519e-06
P8,0.00,45.00,60.00,0.00,5.1624e-08,3.2168e-07,1.1239e-06,5.2448e-06,1.0538e-05,1.0525e-05,8.7685e-06,5.1260e-08,2.9002e-07,7.9825e-07,5.2738e-06,9.1350e-06,1.0438e-05,9.7519e-06
P8,60.00,180.00,30.00,0.00,5.6012e-08,2.5305e-07,9.0696e-07,4.9368e-06,1.0163e-05,1.0150e-05,7.6774e-06,5.5231e-08,2.2718e-07,6.4009e-07,4.9909e-06,8.8448e-06,1.0081e-05,8.8547e-06
P8,30.00,45.00,0.00,0.00,6.3278e-08,3.0629e-07,1.0771e-06,5.1875e-06,1.0470e-05,1.0457e-05,8.5533e-06,6.2268e-08,2.7587e-07,7.6327e-07,5.2214e-06,9.0822e-06,1.0373e-05,9.5794e-06
P8,60.00,0.00,0.00,0.00,6.5015e-08,2.5305e-07,9.0696e-07,4.9370e-06,1.0163e-05,1.0150e-05,7.6774e-06,6.3896e-08,2.2718e-07,6.4009e-07,4.9912e-06,8.8449e-06,1.0081e-05,8.8547e-06
P8,0.00,45.00,30.00,0.00,6.0115e-08,3.2168e-07,1.1239e-06,5.2449e-06,1.0538e-05,1.0525e-05,8.7685e-06,5.9290e-08,2.9002e-07,7.9825e-07,5.2739e-06,9.1350e-06,1.0438e-05,9.7519e-06
P8,60.00,45.00,60.00,0.00,8.2558e-08,2.5305e-07,9.0696e-07,4.9377e-06,1.0163e-05,1.0150e-05,7.6774e-06,8.1058e-08,2.2718e-07,6.4009e-07,4.9920e-06,8.8449e-06,1.0081e-05,8.8547e-06
P8,30.00,45.00,60.00,0.00,5.9589e-08,3.0629e-07,1.0771e-06,5.1876e-06,1.0470e-05,1.0457e-05,8.5533e-06,5.8916e-08,2.7587e-07,7.6327e-07,5.2215e-06,9.0822e-06,1.0373e-05,9.5794e-06
P8,60.00,135.00,0.00,0.00,6.5015e-08,2.5305e-07,9.0696e-07,4.9370e-06,1.0163e-05,1.0150e-05,7.6774e-06,6.3896e-08,2.2718e-07,6.4009e-07,4.9912e-06,8.8449e-06,1.0081e-05,8.8547e-06
P8,30.00,180.00,0.00,0.00,6.3278e-08,3.0629e-07,1.0771e-06,5.1875e-06,1.0470e-05,1.0457e-05,8.5533e-06,6.2268e-08,2.7587e-07,7.6327e-07,5.2214e-06,9.0822e-06,1.0373e-05,9.5794e-06
P8,30.00,0.00,30.00,0.00,6.7266e-08,3.0629e-07,1.0771e-06,5.1878e-06,1.0470e-05,1.0457e-05,8.5533e-06,6.6152e-08,2.7587e-07,7.6327e-07,5.2216e-06,9.0822e-06,1.0373e-05,9.5794e-06
P8,60.00,135.00,60.00,0.00,4.8359e-08,2.5304e-07,9.0696e-07,4.9366e-06,1.0163e-05,1.0150e-05,7.6774e-06,4.7939e-08,2.2718e-07,6.4009e-07,4.9908e-06,8.8448e-06,1.0081e-05,8.8547e-06
P8,0.00,90.00,30.00,0.00,6.0115e-08,3.2168e-07,1.1239e-06,5.2449e-06,1.0538e-05,1.0525e-05,8.7685e-06,5.9290e-08,2.9002e-07,7.9825e-07,5.2739e-06,9.1350e-06,1.0438e-05,9.7519e-06
P8,0.00,0.00,60.00,0.00,5.1624e-08,3.2168e-07,1.1239e-06,5.2448e-06,1.0538e-05,1.0525e-05,8.7685e-06,5.1260e-08,2.9002e-07,7.9825e-07,5.2738e-06,9.1350e-06,1.0438e-05,9.7519e-06
P8,60.00,90.00,60.00,0.00,5.8078e-08,2.5305e-07,9.0696e-07,4.9369e-06,1.0163e-05,1.0150e-05,7.6774e-06,5.7328e-08,2.2718e-07,6.4009e-07,4.9911e-06,8.8448e-06,1.0081e-05,8.8547e-06
P8,0.00,135.00,30.00,0.00,6.0115e-08,3.2168e-07,1.1239e-06,5.2449e-06,1.0538e-05,1.0525e-05,8.7685e-06,5.9290e-08,2.9002e-07,7.9825e-07,5.2739e-06,9.1350e-06,1.0438e-05,9.7519e-06
P8,30.00,45.00,30.00,0.00,6.5558e-08,3.0629e-07,1.0771e-06,5.1877e-06,1.0470e-05,1.0457e-05,8.5533e-06,6.4503e-08,2.7587e-07,7.6327e-07,5.2216e-06,9.0822e-06,1.0373e-05,9.5794e-06
P8,0.00,180.00,60.00,0.00,5.1624e-08,3.2168e-07,1.1239e-06,5.2448e-06,1.0538e-05,1.0525e-05,8.7685e-06,5.1260e-08,2.9002e-07,7.9825e-07,5.2738e-06,9.1350e-06,1.0438e-05,9.7519e-06
P8,30.00,135.00,30.00,0.00,5.9257e-08,3.0629e-07,1.0771e-06,5.1874e-06,1.0470e-05,1.0457e-05,8.5533e-06,5.8436e-08,2.7587e-07,7.6327e-07,5.2213e-06,9.0821e-06,1.0373e-05,9.5794e-06
P8,60.00,0.00,30.00,0.00,8.1637e-08,2.5305e-07,9.0696e-07,4.9376e-06,1.0163e-05,1.0150e-05,7.6774e-06,7.9996e-08,2.2718e-07,6.4009e-07,4.9918e-06,8.8449e-06,1.0081e-05,8.8547e-06
P8,30.00,90.00,60.00,0.00,5.3430e-08,3.0628e-07,1.0771e-06,5.1874e-06,1.0470e-05,1.0457e-05,8.5533e-06,5.2963e-08,2.7587e-07,7.6327e-07,5.2213e-06,9.0821e-06,1.0373e-05,9.5794e-06
P8,60.00,135.00,30.00,0.00,5.8134e-08,2.5305e-07,9.0696e-07,4.9368e-06,1.0163e-05,1.0150e-05,7.6774e-06,5.7274e-08,2.2718e-07,6.4009e-07,4.9910e-06,8.8448e-06,1.0081e-05,8.8547e-06
P8,30.00,180.00,30.00,0.00,5.8198e-08,3.0629e-07,1.0771e-06,5.1873e-06,1.0469e-05,1.0457e-05,8.5533e-06,5.7411e-08,2.7587e-07,7.6327e-07,5.2212e-06,9.0821e-06,1.0373e-05,9.5794e-06
P8,0.00,180.00,30.00,0.00,6.0115e-08,3.2168e-07,1.1239e-06,5.2449e-06,1.0538e-05,1.0525e-05,8.7685e-06,5.9290e-08,2.9002e-07,7.9825e-07,5.2739e-06,9.1350e-06,1.0438e-05,9.7519e-06
P8,0.00,90.00,0.00,0.00,6.1930e-08,3.2168e-07,1.1239e-06,5.2449e-06,1.0538e-05,1.0525e-05,8.7685e-06,6.1013e-08,2.9002e-07,7.9825e-07,5.2740e-06,9.1350e-06,1.0438e-05,9.7519e-06
P8,60.00,0.00,60.00,0.00,1.0788e-07,2.5306e-07,9.0696e-07,4.9388e-06,1.0163e-05,1.0150e-05,7.6774e-06,1.0569e-07,2.2718e-07,6.4009e-07,4.9932e-06,8.8451e-06,1.0081e-05,8.8547e-06
P8,60.00,45.00,30.00,0.00,7.5398e-08,2.5305e-07,9.0696e-07,4.9374e-06,1.0163e-05,1.0150e-05,7.6774e-06,7.3957e-08,2.2718e-07,6.4009e-07,4.9916e-06,8.8449e-06,1.0081e-05,8.8547e-06
P8,60.00,180.00,60.00,0.00,4.5806e-08,2.5304e-07,9.0696e-07,4.9365e-06,1.0163e-05,1.0150e-05,7.6774e-06,4.5467e-08,2.2718e-07,6.4009e-07,4.9906e-06,8.8447e-06,1.0081e-05,8.8547e-06
P8,0.00,0.00,30.00,0.00,6.0115e-08,3.2168e-07,1.1239e-06,5.2449e-06,1.0538e-05,1.0525e-05,8.7685e-06,5.9290e-08,2.9002e-07,7.9825e-07,5.2739e-06,9.1350e-06,1.0438e-05,9.7519e-06
P8,60.00,45.00,0.00,0.00,6.5015e-08,2.5305e-07,9.0696e-07,4.9370e-06,1.0163e-05,1.0150e-05,7.6774e-06,6.3896e-08,2.2718e-07,6.4009e-07,4.9912e-06,8.8449e-06,1.0081e-05,8.8547e-06
P8,30.00,135.00,0.00,0.00,6.3278e-08,3.0629e-07,1.0771e-06,5.1875e-06,1.0470e-05,1.0457e-05,8.5533e-06,6.2268e-08,2.7587e-07,7.6327e-07,5.2214e-06,9.0822e-06,1.0373e-05,9.5794e-06
P8,0.00,45.00,0.00,0.00,6.1930e-08,3.2168e-07,1.1239e-06,5.2449e-06,1.0538e-05,1.0525e-05,8.7685e-06,6.1013e-08,2.9002e-07,7.9825e-07,5.2740e-06,9.1350e-06,1.0438e-05,9.7519e-06
P8,0.00,180.00,0.00,0.00,6.1930e-08,3.2168e-07,1.1239e-06,5.2449e-06,1.0538e-05,1.0525e-05,8.7685e-06,6.1013e-08,2.9002e-07,7.9825e-07,5.2740e-06,9.1350e-06,1.0438e-05,9.7519e-06
P8,30.00,0.00,0.00,0.00,6.3278e-08,3.0629e-07,1.0771e-06,5.1875e-06,1.0470e-05,1.0457e-05,8.5533e-06,6.2268e-08,2.7587e-07,7.6327e-07,5.2214e-06,9.0822e-06,1.0373e-05,9.5794e-06
P8,0.00,90.00,60.00,0.00,5.1624e-08,3.2168e-07,1.1239e-06,5.2448e-06,1.0538e-05,1.0525e-05,8.7685e-06,5.1260e-08,2.9002e-07,7.9825e-07,5.2738e-06,9.1350e-06,1.0438e-05,9.7519e-06
P9,60.00,0.00,30.00,0.00,7.1412e-08,1.9121e-07,6.0197e-07,1.7361e-06,4.8831e-06,4.8732e-06,4.4848e-06,6.7963e-08,1.7532e-07,4.7357e-07,1.7334e-06,3.7875e-06,4.7842e-06,4.9366e-06
P9,60.00,45.00,30.00,0.00,6.3268e-08,1.9116e-07,6.0171e-07,1.7357e-06,4.8831e-06,4.8732e-06,4.4848e-06,6.0179e-08,1.7530e-07,4.7342e-07,1.7330e-06,3.7875e-06,4.7842e-06,4.9366e-06
P9,0.00,0.00,60.00,0.00,2.6181e-08,2.3134e-07,6.6093e-07,1.8171e-06,4.9446e-06,4.9346e-06,4.9239e-06,2.4976e-08,2.1438e-07,5.3113e-07,1.8069e-06,3.8433e-06,4.8417e-06,5.2399e-06
P9,60.00,135.00,0.00,0.00,4.9322e-08,1.9110e-07,6.0128e-07,1.7348e-06,4.8830e-06,4.8731e-06,4.4848e-06,4.6854e-08,1.7527e-07,4.7318e-07,1.7321e-06,3.7874e-06,4.7841e-06,4.9365e-06
P9,0.00,45.00,30.00,0.00,3.5573e-08,2.3138e-07,6.6108e-07,1.8171e-06,4.9446e-06,4.9346e-06,4.9239e-06,3.3786e-08,2.1441e-07,5.3125e-07,1.8070e-06,3.8433e-06,4.8417e-06,5.2399e-06
P9,30.00,90.00,60.00,0.00,2.9882e-08,2.2333e-07,6.5001e-07,1.8038e-06,4.9347e-06,4.9247e-06,4.8421e-06,2.8480e-08,2.0656e-07,5.2031e-07,1.7951e-06,3.8344e-06,4.8324e-06,5.1853e-06
P9,0.00,180.00,60.00,0.00,2.6181e-08,2.3134e-07,6.6093e-07,1.8171e-06,4.9446e-06,4.9346e-06,4.9239e-06,2.4976e-08,2.1438e-07,5.3113e-07,1.8069e-06,3.8433e-06,4.8417e-06,5.2399e-06
P9,60.00,90.00,60.00,0.00,4.2379e-08,1.9105e-07,6.0112e-07,1.7348e-06,4.8830e-06,4.8731e-06,4.4848e-06,4.0333e-08,1.7524e-07,4.7304e-07,1.7321e-06,3.7874e-06,4.7841e-06,4.9365e-06
P9,30.00,135.00,30.00,0.00,3.5948e-08,2.2336e-07,6.5007e-07,1.8037e-06,4.9347e-06,4.9247e-06,4.8422e-06,3.4132e-08,2.0657e-07,5.2038e-07,1.7950e-06,3.8343e-06,4.8324e-06,5.1853e-06
P9,30.00,90.00,30.00,0.00,3.9466e-08,2.2338e-07,6.5019e-07,1.8039e-06,4.9347e-06,4.9247e-06,4.8422e-06,3.7484e-08,2.0659e-07,5.2045e-07,1.7952e-06,3.8344e-06,4.8324e-06,5.1854e-06
P9,30.00,0.00,60.00,0.00,4.2526e-08,2.2340e-07,6.5043e-07,1.8045e-06,4.9348e-06,4.9248e-06,4.8422e-06,4.0561e-08,2.0659e-07,5.2056e-07,1.7959e-06,3.8345e-06,4.8325e-06,5.1854e-06
P9,30.00,0.00,0.00,0.00,4.0606e-08,2.2338e-07,6.5018e-07,1.8038e-06,4.9347e-06,4.9247e-06,4.8422e-06,3.8534e-08,2.0659e-07,5.2045e-07,1.7952e-06,3.8344e-06,4.8324e-06,5.1854e-06
P9,60.00,135.00,60.00,0.00,2.9093e-08,1.9099e-07,6.0078e-07,1.7341e-06,4.8830e-06,4.8730e-06,4.4848e-06,2.7682e-08,1.7522e-07,4.7285e-07,1.7313e-06,3.7873e-06,4.7840e-06,4.9365e-06
P9,30.00,45.00,30.00,0.00,4.3715e-08,2.2341e-07,6.5033e-07,1.8041e-06,4.9347e-06,4.9247e-06,4.8422e-06,4.1532e-08,2.0661e-07,5.2054e-07,1.7955e-06,3.8345e-06,4.8325e-06,5.1854e-06
P9,0.00,0.00,30.00,0.00,3.5573e-08,2.3138e-07,6.6108e-07,1.8171e-06,4.9446e-06,4.9346e-06,4.9239e-06,3.3786e-08,2.1441e-07,5.3125e-07,1.8070e-06,3.8433e-06,4.8417e-06,5.2399e-06
P9,30.00,0.00,30.00,0.00,4.5819e-08,2.2343e-07,6.5041e-07,1.8043e-06,4.9348e-06,4.9248e-06,4.8422e-06,4.3542e-08,2.0662e-07,5.2059e-07,1.7956e-06,3.8345e-06,4.8325e-06,5.1854e-06
P9,0.00,45.00,0.00,0.00,3.7511e-08,2.3140e-07,6.6115e-07,1.8172e-06,4.9446e-06,4.9346e-06,4.9239e-06,3.5617e-08,2.1442e-07,5.3131e-07,1.8070e-06,3.8433e-06,4.8417e-06,5.2399e-06
P9,30.00,135.00,0.00,0.00,4.0606e-08,2.2338e-07,6.5018e-07,1.8038e-06,4.9347e-06,4.9247e-06,4.8422e-06,3.8534e-08,2.0659e-07,5.2045e-07,1.7952e-06,3.8344e-06,4.8324e-06,5.1854e-06
P9,0.00,135.00,0.00,0.00,3.7511e-08,2.3140e-07,6.6115e-07,1.8172e-06,4.9446e-06,4.9346e-06,4.9239e-06,3.5617e-08,2.1442e-07,5.3131e-07,1.8070e-06,3.8433e-06,4.8417e-06,5.2399e-06
P9,0.00,90.00,30.00,0.00,3.5573e-08,2.3138e-07,6.6108e-07,1.8171e-06,4.9446e-06,4.9346e-06,4.9239e-06,3.3786e-08,2.1441e-07,5.3125e-07,1.8070e-06,3.8433e-06,4.8417e-06,5.2399e-06
P9,0.00,180.00,30.00,0.00,3.5573e-08,2.3138e-07,6.6108e-07,1.8171e-06,4.9446e-06,4.9346e-06,4.9239e-06,3.3786e-08,2.1441e-07,5.3125e-07,1.8070e-06,3.8433e-06,4.8417e-06,5.2399e-06
P9,60.00,0.00,0.00,0.00,4.9322e-08,1.9110e-07,6.0128e-07,1.7348e-06,4.8830e-06,4.8731e-06,4.4848e-06,4.6854e-08,1.7527e-07,4.7318e-07,1.7321e-06,3.7874e-06,4.7841e-06,4.9365e-06
P9,0.00,0.00,0.00,0.00,3.7511e-08,2.3140e-07,6.6115e-07,1.8172e-06,4.9446e-06,4.9346e-06,4.9239e-06,3.5617e-08,2.1442e-07,5.3131e-07,1.8070e-06,3.8433e-06,4.8417e-06,5.2399e-06
P9,0.00,90.00,60.00,0.00,2.6181e-08,2.3134e-07,6.6093e-07,1.8171e-06,4.9446e-06,4.9346e-06,4.9239e-06,2.4976e-08,2.1438e-07,5.3113e-07,1.8069e-06,3.8433e-06,4.8417e-06,5.2399e-06
P9,60.00,135.00,30.00,0.00,4.0728e-08,1.9105e-07,6.0103e-07,1.7344e-06,4.8830e-06,4.8730e-06,4.4848e-06,3.8675e-08,1.7524e-07,4.7302e-07,1.7316e-06,3.7873e-06,4.7840e-06,4.9365e-06
P9,30.00,180.00,30.00,0.00,3.4641e-08,2.2334e-07,6.4999e-07,1.8035e-06,4.9347e-06,4.9247e-06,4.8421e-06,3.2880e-08,2.0656e-07,5.2033e-07,1.7948e-06,3.8343e-06,4.8324e-06,5.1853e-06
P9,30.00,180.00,60.00,0.00,2.3183e-08,2.2330e-07,6.4982e-07,1.8035e-06,4.9347e-06,4.9247e-06,4.8421e-06,2.2101e-08,2.0654e-07,5.2020e-07,1.7948e-06,3.8343e-06,4.8324e-06,5.1853e-06
P9,60.00,180.00,30.00,0.00,3.7957e-08,1.9104e-07,6.0096e-07,1.7343e-06,4.8830e-06,4.8730e-06,4.4848e-06,3.6041e-08,1.7524e-07,4.7298e-07,1.7315e-06,3.7873e-06,4.7840e-06,4.9365e-06
P9,60.00,90.00,30.00,0.00,4.9544e-08,1.9109e-07,6.0127e-07,1.7348e-06,4.8830e-06,4.8731e-06,4.4848e-06,4.7073e-08,1.7526e-07,4.7316e-07,1.7321e-06,3.7873e-06,4.7840e-06,4.9365e-06
P9,30.00,90.00,0.00,0.00,4.0606e-08,2.2338e-07,6.5018e-07,1.8038e-06,4.9347e-06,4.9247e-06,4.8422e-06,3.8534e-08,2.0659e-07,5.2045e-07,1.7952e-06,3.8344e-06,4.8324e-06,5.1854e-06
P9,0.00,180.00,0.00,0.00,3.7511e-08,2.3140e-07,6.6115e-07,1.8172e-06,4.9446e-06,4.9346e-06,4.9239e-06,3.5617e-08,2.1442e-07,5.3131e-07,1.8070e-06,3.8433e-06,4.8417e-06,5.2399e-06
P9,60.00,0.00,60.00,0.00,1.1048e-07,1.9139e-07,6.0338e-07,1.7398e-06,4.8836e-06,4.8736e-06,4.4849e-06,1.0557e-07,1.7540e-07,4.7430e-07,1.7374e-06,3.7884e-06,4.7846e-06,4.9369e-06
P9,0.00,135.00,60.00,0.00,2.6181e-08,2.3134e-07,6.6093e-07,1.8171e-06,4.9446e-06,4.9346e-06,4.9239e-06,2.4976e-08,2.1438e-07,5.3113e-07,1.8069e-06,3.8433e-06,4.8417e-06,5.2399e-06
P9,30.00,135.00,60.00,0.00,2.4785e-08,2.2330e-07,6.4986e-07,1.8035e-06,4.9347e-06,4.9247e-06,4.8421e-06,2.3624e-08,2.0655e-07,5.2023e-07,1.7948e-06,3.8343e-06,4.8324e-06,5.1853e-06
P9,60.00,180.00,60.00,0.00,2.5600e-08,1.9097e-07,6.0064e-07,1.7336e-06,4.8829e-06,4.8729e-06,4.4847e-06,2.4347e-08,1.7520e-07,4.7278e-07,1.7309e-06,3.7871e-06,4.7839e-06,4.9365e-06
P9,60.00,180.00,0.00,0.00,4.9322e-08,1.9110e-07,6.0128e-07,1.7348e-06,4.8830e-06,4.8731e-06,4.4848e-06,4.6854e-08,1.7527e-07,4.7318e-07,1.7321e-06,3.7874e-06,4.7841e-06,4.9365e-06
P9,0.00,45.00,60.00,0.00,2.6181e-08,2.3134e-07,6.6093e-07,1.8171e-06,4.9446e-06,4.9346e-06,4.9239e-06,2.4976e-08,2.1438e-07,5.3113e-07,1.8069e-06,3.8433e-06,4.8417e-06,5.2399e-06
P9,30.00,45.00,0.00,0.00,4.0606e-08,2.2338e-07,6.5018e-07,1.8038e-06,4.9347e-06,4.9247e-06,4.8422e-06,3.8534e-08,2.0659e-07,5.2045e-07,1.7952e-06,3.8344e-06,4.8324e-06,5.1854e-06
P9,60.00,45.00,60.00,0.00,7.5850e-08,1.9120e-07,6.0212e-07,1.7370e-06,4.8833e-06,4.8733e-06,4.4849e-06,7.2327e-08,1.7531e-07,4.7360e-07,1.7344e-06,3.7878e-06,4.7843e-06,4.9367e-06
P9,60.00,90.00,0.00,0.00,4.9322e-08,1.9110e-07,6.0128e-07,1.7348e-06,4.8830e-06,4.8731e-06,4.4848e-06,4.6854e-08,1.7527e-07,4.7318e-07,1.7321e-06,3.7874e-06,4.7841e-06,4.9365e-06
P9,60.00,45.00,0.00,0.00,4.9322e-08,1.9110e-07,6.0128e-07,1.7348e-06,4.8830e-06,4.8731e-06,4.4848e-06,4.6854e-08,1.7527e-07,4.7318e-07,1.7321e-06,3.7874e-06,4.7841e-06,4.9365e-06
P9,0.00,135.00,30.00,0.00,3.5573e-08,2.3138e-07,6.6108e-07,1.8171e-06,4.9446e-06,4.9346e-06,4.9239e-06,3.3786e-08,2.1441e-07,5.3125e-07,1.8070e-06,3.8433e-06,4.8417e-06,5.2399e-06
P9,30.00,180.00,0.00,0.00,4.0606e-08,2.2338e-07,6.5018e-07,1.8038e-06,4.9347e-06,4.9247e-06,4.8422e-06,3.8534e-08,2.0659e-07,5.2045e-07,1.7952e-06,3.8344e-06,4.8324e-06,5.1854e-06
P9,0.00,90.00,0.00,0.00,3.7511e-08,2.3140e-07,6.6115e-07,1.8172e-06,4.9446e-06,4.9346e-06,4.9239e-06,3.5617e-08,2.1442e-07,5.3131e-07,1.8070e-06,3.8433e-06,4.8417e-06,5.2399e-06
P9,30.00,45.00,60.00,0.00,3.7817e-08,2.2338e-07,6.5027e-07,1.8043e-06,4.9348e-06,4.9248e-06,4.8422e-06,3.6060e-08,2.0658e-07,5.2047e-07,1.7957e-06,3.8345e-06,4.8325e-06,5.1854e-06
P10,60.00,90.00,0.00,0.00,4.8863e-08,2.4160e-07,5.9803e-07,1.5419e-06,4.4763e-06,4.4667e-06,4.7662e-06,4.6387e-08,2.2704e-07,5.0023e-07,1.5286e-06,3.4310e-06,4.3804e-06,4.8633e-06
P10,0.00,0.00,0.00,0.00,3.6852e-08,2.6177e-07,6.2444e-07,1.5954e-06,4.5042e-06,4.4947e-06,4.9761e-06,3.4947e-08,2.4684e-07,5.2536e-07,1.5798e-06,3.4559e-06,4.4053e-06,5.0200e-06
P10,30.00,90.00,60.00,0.00,2.9253e-08,2.5794e-07,6.1973e-07,1.5876e-06,4.5013e-06,4.4918e-06,4.9367e-06,2.7842e-08,2.4309e-07,5.2075e-07,1.5726e-06,3.4535e-06,4.4029e-06,4.9923e-06
P10,60.00,45.00,30.00,0.00,6.2848e-08,2.4175e-07,5.9871e-07,1.5427e-06,4.4763e-06,4.4668e-06,4.7662e-06,5.9753e-08,2.2713e-07,5.0073e-07,1.5295e-06,3.4312e-06,4.3805e-06,4.8634e-06
P10,30.00,180.00,30.00,0.00,3.4012e-08,2.5794e-07,6.1965e-07,1.5873e-06,4.5013e-06,4.4917e-06,4.9367e-06,3.2240e-08,2.4308e-07,5.2071e-07,1.5722e-06,3.4534e-06,4.4029e-06,4.9923e-06
P10,0.00,180.00,30.00,0.00,3.4913e-08,2.6175e-07,6.2435e-07,1.5954e-06,4.5042e-06,4.4947e-06,4.9761e-06,3.3115e-08,2.4683e-07,5.2528e-07,1.5798e-06,3.4559e-06,4.4053e-06,5.0200e-06
P10,30.00,180.00,60.00,0.00,2.2539e-08,2.5788e-07,6.1945e-07,1.5872e-06,4.5013e-06,4.4918e-06,4.9367e-06,2.1448e-08,2.4305e-07,5.2054e-07,1.5722e-06,3.4535e-06,4.4029e-06,4.9923e-06
P10,0.00,90.00,60.00,0.00,2.5511e-08,2.6169e-07,6.2420e-07,1.5953e-06,4.5042e-06,4.4947e-06,4.9761e-06,2.4296e-08,2.4678e-07,5.2514e-07,1.5797e-06,3.4560e-06,4.4053e-06,5.0200e-06
P10,30.00,180.00,0.00,0.00,3.9985e-08,2.5803e-07,6.1991e-07,1.5876e-06,4.5013e-06,4.4918e-06,4.9367e-06,3.7902e-08,2.4315e-07,5.2092e-07,1.5726e-06,3.4535e-06,4.4029e-06,4.9924e-06
P10,0.00,45.00,30.00,0.00,3.4913e-08,2.6175e-07,6.2435e-07,1.5954e-06,4.5042e-06,4.4947e-06,4.9761e-06,3.3115e-08,2.4683e-07,5.2528e-07,1.5798e-06,3.4559e-06,4.4053e-06,5.0200e-06
P10,60.00,135.00,30.00,0.00,4.0249e-08,2.4149e-07,5.9765e-07,1.5414e-06,4.4762e-06,4.4667e-06,4.7661e-06,3.8189e-08,2.2696e-07,4.9995e-07,1.5281e-06,3.4309e-06,4.3804e-06,4.8633e-06
P10,30.00,90.00,0.00,0.00,3.9985e-08,2.5803e-07,6.1991e-07,1.5876e-06,4.5013e-06,4.4918e-06,4.9367e-06,3.7902e-08,2.4315e-07,5.2092e-07,1.5726e-06,3.4535e-06,4.4029e-06,4.9924e-06
P10,0.00,135.00,60.00,0.00,2.5511e-08,2.6169e-07,6.2420e-07,1.5953e-06,4.5042e-06,4.4947e-06,4.9761e-06,2.4296e-08,2.4678e-07,5.2514e-07,1.5797e-06,3.4560e-06,4.4053e-06,5.0200e-06
P10,60.00,90.00,30.00,0.00,4.9088e-08,2.4158e-07,5.9803e-07,1.5418e-06,4.4762e-06,4.4667e-06,4.7662e-06,4.6610e-08,2.2702e-07,5.0023e-07,1.5286e-06,3.4310e-06,4.3804e-06,4.8633e-06
P10,30.00,45.00,60.00,0.00,3.7205e-08,2.5805e-07,6.2014e-07,1.5881e-06,4.5014e-06,4.4918e-06,4.9367e-06,3.5438e-08,2.4316e-07,5.2105e-07,1.5731e-06,3.4536e-06,4.4030e-06,4.9924e-06
P10,0.00,135.00,0.00,0.00,3.6852e-08,2.6177e-07,6.2444e-07,1.5954e-06,4.5042e-06,4.4947e-06,4.9761e-06,3.4947e-08,2.4684e-07,5.2536e-07,1.5798e-06,3.4559e-06,4.4053e-06,5.0200e-06
P10,60.00,180.00,30.00,0.00,3.7472e-08,2.4147e-07,5.9755e-07,1.5413e-06,4.4762e-06,4.4667e-06,4.7661e-06,3.5548e-08,2.2695e-07,4.9987e-07,1.5280e-06,3.4309e-06,4.3804e-06,4.8633e-06
P10,0.00,0.00,30.00,0.00,3.4913e-08,2.6175e-07,6.2435e-07,1.5954e-06,4.5042e-06,4.4947e-06,4.9761e-06,3.3115e-08,2.4683e-07,5.2528e-07,1.5798e-06,3.4559e-06,4.4053e-06,5.0200e-06
P10,0.00,135.00,30.00,0.00,3.4913e-08,2.6175e-07,6.2435e-07,1.5954e-06,4.5042e-06,4.4947e-06,4.9761e-06,3.3115e-08,2.4683e-07,5.2528e-07,1.5798e-06,3.4559e-06,4.4053e-06,5.0200e-06
P10,60.00,0.00,0.00,0.00,4.8863e-08,2.4160e-07,5.9803e-07,1.5419e-06,4.4763e-06,4.4667e-06,4.7662e-06,4.6387e-08,2.2704e-07,5.0023e-07,1.5286e-06,3.4310e-06,4.3804e-06,4.8633e-06
P10,30.00,135.00,30.00,0.00,3.5321e-08,2.5797e-07,6.1976e-07,1.5875e-06,4.5013e-06,4.4918e-06,4.9367e-06,3.3494e-08,2.4311e-07,5.2080e-07,1.5724e-06,3.4535e-06,4.4029e-06,4.9923e-06
P10,30.00,45.00,0.00,0.00,3.9985e-08,2.5803e-07,6.1991e-07,1.5876e-06,4.5013e-06,4.4918e-06,4.9367e-06,3.7902e-08,2.4315e-07,5.2092e-07,1.5726e-06,3.4535e-06,4.4029e-06,4.9924e-06
P10,60.00,0.00,30.00,0.00,7.1013e-08,2.4183e-07,5.9910e-07,1.5431e-06,4.4764e-06,4.4669e-06,4.7662e-06,6.7558e-08,2.2718e-07,5.0102e-07,1.5299e-06,3.4312e-06,4.3806e-06,4.8634e-06
P10,30.00,90.00,30.00,0.00,3.8845e-08,2.5803e-07,6.1993e-07,1.5877e-06,4.5013e-06,4.4918e-06,4.9367e-06,3.6852e-08,2.4315e-07,5.2093e-07,1.5727e-06,3.4535e-06,4.4029e-06,4.9924e-06
P10,0.00,0.00,60.00,0.00,2.5511e-08,2.6169e-07,6.2420e-07,1.5953e-06,4.5042e-06,4.4947e-06,4.9761e-06,2.4296e-08,2.4678e-07,5.2514e-07,1.5797e-06,3.4560e-06,4.4053e-06,5.0200e-06
P10,0.00,45.00,0.00,0.00,3.6852e-08,2.6177e-07,6.2444e-07,1.5954e-06,4.5042e-06,4.4947e-06,4.9761e-06,3.4947e-08,2.4684e-07,5.2536e-07,1.5798e-06,3.4559e-06,4.4053e-06,5.0200e-06
P10,60.00,45.00,0.00,0.00,4.8863e-08,2.4160e-07,5.9803e-07,1.5419e-06,4.4763e-06,4.4667e-06,4.7662e-06,4.6387e-08,2.2704e-07,5.0023e-07,1.5286e-06,3.4310e-06,4.3804e-06,4.8633e-06
P10,30.00,0.00,30.00,0.00,4.5209e-08,2.5812e-07,6.2025e-07,1.5881e-06,4.5014e-06,4.4918e-06,4.9368e-06,4.2922e-08,2.4322e-07,5.2117e-07,1.5731e-06,3.4536e-06,4.4030e-06,4.9924e-06
P10,60.00,180.00,60.00,0.00,2.5085e-08,2.4134e-07,5.9709e-07,1.5407e-06,4.4761e-06,4.4666e-06,4.7661e-06,2.3825e-08,2.2686e-07,4.9953e-07,1.5274e-06,3.4308e-06,4.3803e-06,4.8632e-06
P10,0.00,45.00,60.00,0.00,2.5511e-08,2.6169e-07,6.2420e-07,1.5953e-06,4.5042e-06,4.4947e-06,4.9761e-06,2.4296e-08,2.4678e-07,5.2514e-07,1.5797e-06,3.4560e-06,4.4053e-06,5.0200e-06
P10,60.00,45.00,60.00,0.00,7.5462e-08,2.4186e-07,5.9952e-07,1.5439e-06,4.4765e-06,4.4670e-06,4.7662e-06,7.1935e-08,2.2719e-07,5.0125e-07,1.5308e-06,3.4314e-06,4.3807e-06,4.8634e-06
P10,0.00,90.00,30.00,0.00,3.4913e-08,2.6175e-07,6.2435e-07,1.5954e-06,4.5042e-06,4.4947e-06,4.9761e-06,3.3115e-08,2.4683e-07,5.2528e-07,1.5798e-06,3.4559e-06,4.4053e-06,5.0200e-06
P10,30.00,135.00,0.00,0.00,3.9985e-08,2.5803e-07,6.1991e-07,1.5876e-06,4.5013e-06,4.4918e-06,4.9367e-06,3.7902e-08,2.4315e-07,5.2092e-07,1.5726e-06,3.4535e-06,4.4029e-06,4.9924e-06
P10,60.00,180.00,0.00,0.00,4.8863e-08,2.4160e-07,5.9803e-07,1.5419e-06,4.4763e-06,4.4667e-06,4.7662e-06,4.6387e-08,2.2704e-07,5.0023e-07,1.5286e-06,3.4310e-06,4.3804e-06,4.8633e-06
P10,0.00,180.00,0.00,0.00,3.6852e-08,2.6177e-07,6.2444e-07,1.5954e-06,4.5042e-06,4.4947e-06,4.9761e-06,3.4947e-08,2.4684e-07,5.2536e-07,1.5798e-06,3.4559e-06,4.4053e-06,5.0200e-06
P10,0.00,180.00,60.00,0.00,2.5511e-08,2.6169e-07,6.2420e-07,1.5953e-06,4.5042e-06,4.4947e-06,4.9761e-06,2.4296e-08,2.4678e-07,5.2514e-07,1.5797e-06,3.4560e-06,4.4053e-06,5.0200e-06
P10,30.00,0.00,0.00,0.00,3.9985e-08,2.5803e-07,6.1991e-07,1.5876e-06,4.5013e-06,4.4918e-06,4.9367e-06,3.7902e-08,2.4315e-07,5.2092e-07,1.5726e-06,3.4535e-06,4.4029e-06,4.9924e-06
P10,60.00,90.00,60.00,0.00,4.1908e-08,2.4152e-07,5.9787e-07,1.5418e-06,4.4763e-06,4.4667e-06,4.7661e-06,3.9857e-08,2.2697e-07,5.0007e-07,1.5286e-06,3.4310e-06,4.3804e-06,4.8633e-06
P10,30.00,45.00,30.00,0.00,4.3101e-08,2.5809e-07,6.2013e-07,1.5879e-06,4.5013e-06,4.4918e-06,4.9368e-06,4.0908e-08,2.4320e-07,5.2108e-07,1.5729e-06,3.4536e-06,4.4029e-06,4.9924e-06
P10,0.00,90.00,0.00,0.00,3.6852e-08,2.6177e-07,6.2444e-07,1.5954e-06,4.5042e-06,4.4947e-06,4.9761e-06,3.4947e-08,2.4684e-07,5.2536e-07,1.5798e-06,3.4559e-06,4.4053e-06,5.0200e-06
P10,30.00,135.00,60.00,0.00,2.4144e-08,2.5789e-07,6.1951e-07,1.5873e-06,4.5013e-06,4.4918e-06,4.9367e-06,2.2974e-08,2.4306e-07,5.2059e-07,1.5723e-06,3.4535e-06,4.4029e-06,4.9923e-06
P10,60.00,0.00,60.00,0.00,1.1017e-07,2.4231e-07,6.0157e-07,1.5467e-06,4.4768e-06,4.4673e-06,4.7663e-06,1.0526e-07,2.2748e-07,5.0271e-07,1.5338e-06,3.4320e-06,4.3810e-06,4.8636e-06
P10,60.00,135.00,60.00,0.00,2.8588e-08,2.4140e-07,5.9731e-07,1.5411e-06,4.4762e-06,4.4667e-06,4.7661e-06,2.7171e-08,2.2690e-07,4.9968e-07,1.5278e-06,3.4309e-06,4.3804e-06,4.8632e-06
P10,60.00,135.00,0.00,0.00,4.8863e-08,2.4160e-07,5.9803e-07,1.5419e-06,4.4763e-06,4.4667e-06,4.7662e-06,4.6387e-08,2.2704e-07,5.0023e-07,1.5286e-06,3.4310e-06,4.3804e-06,4.8633e-06
P10,30.00,0.00,60.00,0.00,4.1923e-08,2.5810e-07,6.2037e-07,1.5883e-06,4.5014e-06,4.4919e-06,4.9368e-06,3.9949e-08,2.4319e-07,5.2123e-07,1.5733e-06,3.4536e-06,4.4030e-06,4.9924e-06
P11,0.00,90.00,60.00,0.00,5.0368e-08,3.0927e-07,1.0728e-06,5.0100e-06,1.0276e-05,1.0262e-05,8.4921e-06,4.9711e-08,2.7907e-07,7.6368e-07,5.0312e-06,8.8230e-06,1.0168e-05,9.5099e-06
P11,60.00,180.00,30.00,0.00,5.6065e-08,2.4421e-07,8.6930e-07,4.6834e-06,9.9617e-06,9.9488e-06,7.4080e-06,5.4879e-08,2.1943e-07,6.1809e-07,4.7260e-06,8.5625e-06,9.8721e-06,8.6402e-06
P11,30.00,180.00,30.00,0.00,5.7345e-08,2.9485e-07,1.0282e-06,4.9493e-06,1.0217e-05,1.0204e-05,8.2791e-06,5.6210e-08,2.6581e-07,7.3153e-07,4.9747e-06,8.7737e-06,1.0113e-05,9.3430e-06
P11,60.00,90.00,60.00,0.00,5.9232e-08,2.4421e-07,8.6930e-07,4.6838e-06,9.9617e-06,9.9488e-06,7.4080e-06,5.8004e-08,2.1943e-07,6.1809e-07,4.7263e-06,8.5626e-06,9.8721e-06,8.6402e-06
P11,60.00,135.00,30.00,0.00,5.8492e-08,2.4421e-07,8.6930e-07,4.6835e-06,9.9617e-06,9.9488e-06,7.4080e-06,5.7202e-08,2.1943e-07,6.1809e-07,4.7260e-06,8.5625e-06,9.8721e-06,8.6402e-06
P11,60.00,90.00,30.00,0.00,6.6219e-08,2.4421e-07,8.6930e-07,4.6838e-06,9.9617e-06,9.9488e-06,7.4080e-06,6.4612e-08,2.1943e-07,6.1809e-07,4.7264e-06,8.5625e-06,9.8721e-06,8.6403e-06
P11,60.00,180.00,0.00,0.00,6.6182e-08,2.4421e-07,8.6930e-07,4.6838e-06,9.9617e-06,9.9489e-06,7.4080e-06,6.4564e-08,2.1943e-07,6.1809e-07,4.7264e-06,8.5626e-06,9.8722e-06,8.6403e-06
P11,60.00,45.00,60.00,0.00,8.7908e-08,2.4422e-07,8.6930e-07,4.6853e-06,9.9619e-06,9.9490e-06,7.4080e-06,8.5607e-08,2.1943e-07,6.1809e-07,4.7280e-06,8.5629e-06,9.8723e-06,8.6404e-06
P11,0.00,180.00,30.00,0.00,5.9250e-08,3.0928e-07,1.0728e-06,5.0101e-06,1.0276e-05,1.0262e-05,8.4921e-06,5.8079e-08,2.7908e-07,7.6368e-07,5.0313e-06,8.8230e-06,1.0168e-05,9.5099e-06
P11,30.00,90.00,0.00,0.00,6.2842e-08,2.9485e-07,1.0282e-06,4.9496e-06,1.0217e-05,1.0204e-05,8.2791e-06,6.1444e-08,2.6581e-07,7.3153e-07,4.9750e-06,8.7738e-06,1.0113e-05,9.3430e-06
P11,0.00,45.00,0.00,0.00,6.1109e-08,3.0928e-07,1.0728e-06,5.0101e-06,1.0276e-05,1.0262e-05,8.4921e-06,5.9840e-08,2.7908e-07,7.6368e-07,5.0313e-06,8.8229e-06,1.0168e-05,9.5099e-06
P11,0.00,0.00,60.00,0.00,5.0368e-08,3.0927e-07,1.0728e-06,5.0100e-06,1.0276e-05,1.0262e-05,8.4921e-06,4.9711e-08,2.7907e-07,7.6368e-07,5.0312e-06,8.8230e-06,1.0168e-05,9.5099e-06
P11,60.00,0.00,0.00,0.00,6.6182e-08,2.4421e-07,8.6930e-07,4.6838e-06,9.9617e-06,9.9489e-06,7.4080e-06,6.4564e-08,2.1943e-07,6.1809e-07,4.7264e-06,8.5626e-06,9.8722e-06,8.6403e-06
P11,30.00,90.00,30.00,0.00,6.1706e-08,2.9485e-07,1.0282e-06,4.9496e-06,1.0217e-05,1.0204e-05,8.2791e-06,6.0393e-08,2.6581e-07,7.3153e-07,4.9751e-06,8.7738e-06,1.0113e-05,9.3430e-06
P11,0.00,135.00,0.00,0.00,6.1109e-08,3.0928e-07,1.0728e-06,5.0101e-06,1.0276e-05,1.0262e-05,8.4921e-06,5.9840e-08,2.7908e-07,7.6368e-07,5.0313e-06,8.8229e-06,1.0168e-05,9.5099e-06
P11,60.00,0.00,30.00,0.00,8.5392e-08,2.4422e-07,8.6930e-07,4.6848e-06,9.9618e-06,9.9490e-06,7.4080e-06,8.3047e-08,2.1943e-07,6.1809e-07,4.7274e-06,8.5627e-06,9.8723e-06,8.6403e-06
P11,30.00,180.00,60.00,0.00,4.6695e-08,2.9484e-07,1.0282e-06,4.9493e-06,1.0217e-05,1.0204e-05,8.2791e-06,4.6144e-08,2.6581e-07,7.3153e-07,4.9747e-06,8.7737e-06,1.0113e-05,9.3429e-06
P11,60.00,90.00,0.00,0.00,6.6182e-08,2.4421e-07,8.6930e-07,4.6838e-06,9.9617e-06,9.9489e-06,7.4080e-06,6.4564e-08,2.1943e-07,6.1809e-07,4.7264e-06,8.5626e-06,9.8722e-06,8.6403e-06
P11,30.00,90.00,60.00,0.00,5.2636e-08,2.9485e-07,1.0282e-06,4.9495e-06,1.0217e-05,1.0204e-05,8.2791e-06,5.1834e-08,2.6581e-07,7.3153e-07,4.9750e-06,8.7738e-06,1.0113e-05,9.3430e-06
P11,0.00,180.00,0.00,0.00,6.1109e-08,3.0928e-07,1.0728e-06,5.0101e-06,1.0276e-05,1.0262e-05,8.4921e-06,5.9840e-08,2.7908e-07,7.6368e-07,5.0313e-06,8.8229e-06,1.0168e-05,9.5099e-06
P11,60.00,45.00,0.00,0.00,6.6182e-08,2.4421e-07,8.6930e-07,4.6838e-06,9.9617e-06,9.9489e-06,7.4080e-06,6.4564e-08,2.1943e-07,6.1809e-07,4.7264e-06,8.5626e-06,9.8722e-06,8.6403e-06
P11,0.00,0.00,0.00,0.00,6.1109e-08,3.0928e-07,1.0728e-06,5.0101e-06,1.0276e-05,1.0262e-05,8.4921e-06,5.9840e-08,2.7908e-07,7.6368e-07,5.0313e-06,8.8229e-06,1.0168e-05,9.5099e-06
P11,30.00,135.00,0.00,0.00,6.2842e-08,2.9485e-07,1.0282e-06,4.9496e-06,1.0217e-05,1.0204e-05,8.2791e-06,6.1444e-08,2.6581e-07,7.3153e-07,4.9750e-06,8.7738e-06,1.0113e-05,9.3430e-06
P11,30.00,45.00,0.00,0.00,6.2842e-08,2.9485e-07,1.0282e-06,4.9496e-06,1.0217e-05,1.0204e-05,8.2791e-06,6.1444e-08,2.6581e-07,7.3153e-07,4.9750e-06,8.7738e-06,1.0113e-05,9.3430e-06
P11,30.00,45.00,30.00,0.00,6.5548e-08,2.9485e-07,1.0282e-06,4.9498e-06,1.0217e-05,1.0204e-05,8.2791e-06,6.4072e-08,2.6581e-07,7.3153e-07,4.9753e-06,8.7738e-06,1.0113e-05,9.3430e-06
P11,0.00,45.00,60.00,0.00,5.0368e-08,3.0927e-07,1.0728e-06,5.0100e-06,1.0276e-05,1.0262e-05,8.4921e-06,4.9711e-08,2.7907e-07,7.6368e-07,5.0312e-06,8.8230e-06,1.0168e-05,9.5099e-06
P11,60.00,180.00,60.00,0.00,4.4853e-08,2.4420e-07,8.6930e-07,4.6829e-06,9.9617e-06,9.9488e-06,7.4080e-06,4.4206e-08,2.1943e-07,6.1809e-07,4.7255e-06,8.5624e-06,9.8721e-06,8.6402e-06
P11,0.00,135.00,30.00,0.00,5.9250e-08,3.0928e-07,1.0728e-06,5.0101e-06,1.0276e-05,1.0262e-05,8.4921e-06,5.8079e-08,2.7908e-07,7.6368e-07,5.0313e-06,8.8230e-06,1.0168e-05,9.5099e-06
P11,0.00,180.00,60.00,0.00,5.0368e-08,3.0927e-07,1.0728e-06,5.0100e-06,1.0276e-05,1.0262e-05,8.4921e-06,4.9711e-08,2.7907e-07,7.6368e-07,5.0312e-06,8.8230e-06,1.0168e-05,9.5099e-06
P11,0.00,45.00,30.00,0.00,5.9250e-08,3.0928e-07,1.0728e-06,5.0101e-06,1.0276e-05,1.0262e-05,8.4921e-06,5.8079e-08,2.7908e-07,7.6368e-07,5.0313e-06,8.8230e-06,1.0168e-05,9.5099e-06
P11,60.00,0.00,60.00,0.00,1.1756e-07,2.4423e-07,8.6930e-07,4.6873e-06,9.9621e-06,9.9493e-06,7.4080e-06,1.1427e-07,2.1943e-07,6.1809e-07,4.7302e-06,8.5633e-06,9.8726e-06,8.6404e-06
P11,60.00,135.00,60.00,0.00,4.7845e-08,2.4421e-07,8.6930e-07,4.6832e-06,9.9617e-06,9.9488e-06,7.4080e-06,4.7083e-08,2.1943e-07,6.1809e-07,4.7258e-06,8.5625e-06,9.8721e-06,8.6402e-06
P11,30.00,135.00,30.00,0.00,5.8526e-08,2.9485e-07,1.0282e-06,4.9495e-06,1.0217e-05,1.0204e-05,8.2791e-06,5.7347e-08,2.6581e-07,7.3153e-07,4.9749e-06,8.7737e-06,1.0113e-05,9.3430e-06
P11,60.00,135.00,0.00,0.00,6.6182e-08,2.4421e-07,8.6930e-07,4.6838e-06,9.9617e-06,9.9489e-06,7.4080e-06,6.4564e-08,2.1943e-07,6.1809e-07,4.7264e-06,8.5626e-06,9.8722e-06,8.6403e-06
P11,30.00,0.00,0.00,0.00,6.2842e-08,2.9485e-07,1.0282e-06,4.9496e-06,1.0217e-05,1.0204e-05,8.2791e-06,6.1444e-08,2.6581e-07,7.3153e-07,4.9750e-06,8.7738e-06,1.0113e-05,9.3430e-06
P11,0.00,135.00,60.00,0.00,5.0368e-08,3.0927e-07,1.0728e-06,5.0100e-06,1.0276e-05,1.0262e-05,8.4921e-06,4.9711e-08,2.7907e-07,7.6368e-07,5.0312e-06,8.8230e-06,1.0168e-05,9.5099e-06
P11,0.00,0.00,30.00,0.00,5.9250e-08,3.0928e-07,1.0728e-06,5.0101e-06,1.0276e-05,1.0262e-05,8.4921e-06,5.8079e-08,2.7908e-07,7.6368e-07,5.0313e-06,8.8230e-06,1.0168e-05,9.5099e-06
P11,30.00,135.00,60.00,0.00,4.8115e-08,2.9484e-07,1.0282e-06,4.9493e-06,1.0217e-05,1.0204e-05,8.2791e-06,4.7502e-08,2.6581e-07,7.3153e-07,4.9748e-06,8.7737e-06,1.0113e-05,9.3429e-06
P11,30.00,0.00,60.00,0.00,6.3852e-08,2.9485e-07,1.0282e-06,4.9501e-06,1.0217e-05,1.0204e-05,8.2791e-06,6.2612e-08,2.6581e-07,7.3153e-07,4.9756e-06,8.7739e-06,1.0113e-05,9.3430e-06
P11,30.00,0.00,30.00,0.00,6.7451e-08,2.9485e-07,1.0282e-06,4.9499e-06,1.0217e-05,1.0204e-05,8.2791e-06,6.5900e-08,2.6581e-07,7.3153e-07,4.9754e-06,8.7739e-06,1.0113e-05,9.3430e-06
P11,30.00,180.00,0.00,0.00,6.2842e-08,2.9485e-07,1.0282e-06,4.9496e-06,1.0217e-05,1.0204e-05,8.2791e-06,6.1444e-08,2.6581e-07,7.3153e-07,4.9750e-06,8.7738e-06,1.0113e-05,9.3430e-06
P11,0.00,90.00,30.00,0.00,5.9250e-08,3.0928e-07,1.0728e-06,5.0101e-06,1.0276e-05,1.0262e-05,8.4921e-06,5.8079e-08,2.7908e-07,7.6368e-07,5.0313e-06,8.8230e-06,1.0168e-05,9.5099e-06
P11,60.00,45.00,30.00,0.00,7.8251e-08,2.4422e-07,8.6930e-07,4.6845e-06,9.9618e-06,9.9490e-06,7.4080e-06,7.6177e-08,2.1943e-07,6.1809e-07,4.7271e-06,8.5627e-06,9.8722e-06,8.6403e-06
P11,30.00,45.00,60.00,0.00,5.9675e-08,2.9485e-07,1.0282e-06,4.9499e-06,1.0217e-05,1.0204e-05,8.2791e-06,5.8596e-08,2.6581e-07,7.3153e-07,4.9754e-06,8.7739e-06,1.0113e-05,9.3430e-06
P11,0.00,90.00,0.00,0.00,6.1109e-08,3.0928e-07,1.0728e-06,5.0101e-06,1.0276e-05,1.0262e-05,8.4921e-06,5.9840e-08,2.7908e-07,7.6368e-07,5.0313e-06,8.8229e-06,1.0168e-05,9.5099e-06
P12,60.00,180.00,30.00,0.00,3.9345e-08,2.0691e-07,6.8143e-07,2.3412e-06,6.1002e-06,6.0890e-06,5.3796e-06,3.7585e-08,1.8881e-07,5.0662e-07,2.3520e-06,4.8726e-06,5.9972e-06,5.9030e-06
P12,60.00,90.00,60.00,0.00,4.3239e-08,2.0691e-07,6.8142e-07,2.3417e-06,6.1003e-06,6.0891e-06,5.3796e-06,4.1396e-08,1.8881e-07,5.0661e-07,2.3525e-06,4.8727e-06,5.9973e-06,5.9031e-06
P12,60.00,45.00,30.00,0.00,6.3865e-08,2.0693e-07,6.8150e-07,2.3425e-06,6.1004e-06,6.0892e-06,5.3796e-06,6.1016e-08,1.8881e-07,5.0663e-07,2.3534e-06,4.8729e-06,5.9973e-06,5.9031e-06
P12,60.00,0.00,0.00,0.00,5.0442e-08,2.0692e-07,6.8147e-07,2.3417e-06,6.1003e-06,6.0891e-06,5.3796e-06,4.8160e-08,1.8881e-07,5.0662e-07,2.3525e-06,4.8727e-06,5.9973e-06,5.9031e-06
P12,30.00,0.00,30.00,0.00,4.7622e-08,2.3897e-07,7.6635e-07,2.4548e-06,6.1890e-06,6.1778e-06,5.8074e-06,4.5497e-08,2.1860e-07,5.7816e-07,2.4571e-06,4.9525e-06,6.0800e-06,6.2366e-06
P12,60.00,45.00,0.00,0.00,5.0442e-08,2.0692e-07,6.8147e-07,2.3417e-06,6.1003e-06,6.0891e-06,5.3796e-06,4.8160e-08,1.8881e-07,5.0662e-07,2.3525e-06,4.8727e-06,5.9973e-06,5.9031e-06
P12,30.00,180.00,30.00,0.00,3.6711e-08,2.3896e-07,7.6629e-07,2.4541e-06,6.1889e-06,6.1777e-06,5.8074e-06,3.5073e-08,2.1860e-07,5.7815e-07,2.4563e-06,4.9523e-06,6.0799e-06,6.2366e-06
P12,0.00,45.00,0.00,0.00,3.9697e-08,2.4809e-07,7.8756e-07,2.4783e-06,6.2086e-06,6.1973e-06,5.9111e-06,3.7925e-08,2.2719e-07,5.9680e-07,2.4783e-06,4.9698e-06,6.0984e-06,6.3142e-06
P12,60.00,135.00,0.00,0.00,5.0442e-08,2.0692e-07,6.8147e-07,2.3417e-06,6.1003e-06,6.0891e-06,5.3796e-06,4.8160e-08,1.8881e-07,5.0662e-07,2.3525e-06,4.8727e-06,5.9973e-06,5.9031e-06
P12,30.00,180.00,60.00,0.00,2.5391e-08,2.3895e-07,7.6625e-07,2.4541e-06,6.1889e-06,6.1777e-06,5.8074e-06,2.4416e-08,2.1859e-07,5.7814e-07,2.4563e-06,4.9523e-06,6.0800e-06,6.2366e-06
P12,0.00,45.00,60.00,0.00,2.8431e-08,2.4808e-07,7.8749e-07,2.4782e-06,6.2086e-06,6.1973e-06,5.9111e-06,2.7339e-08,2.2718e-07,5.9677e-07,2.4782e-06,4.9699e-06,6.0984e-06,6.3142e-06
P12,0.00,180.00,60.00,0.00,2.8431e-08,2.4808e-07,7.8749e-07,2.4782e-06,6.2086e-06,6.1973e-06,5.9111e-06,2.7339e-08,2.2718e-07,5.9677e-07,2.4782e-06,4.9699e-06,6.0984e-06,6.3142e-06
P12,0.00,90.00,60.00,0.00,2.8431e-08,2.4808e-07,7.8749e-07,2.4782e-06,6.2086e-06,6.1973e-06,5.9111e-06,2.7339e-08,2.2718e-07,5.9677e-07,2.4782e-06,4.9699e-06,6.0984e-06,6.3142e-06
P12,0.00,45.00,30.00,0.00,3.7760e-08,2.4809e-07,7.8754e-07,2.4782e-06,6.2086e-06,6.1973e-06,5.9111e-06,3.6095e-08,2.2718e-07,5.9679e-07,2.4782e-06,4.9699e-06,6.0984e-06,6.3142e-06
P12,30.00,45.00,30.00,0.00,4.5567e-08,2.3897e-07,7.6634e-07,2.4547e-06,6.1890e-06,6.1777e-06,5.8074e-06,4.3532e-08,2.1860e-07,5.7816e-07,2.4570e-06,4.9525e-06,6.0800e-06,6.2366e-06
P12,30.00,90.00,0.00,0.00,4.2581e-08,2.3897e-07,7.6632e-07,2.4544e-06,6.1890e-06,6.1777e-06,5.8074e-06,4.0643e-08,2.1860e-07,5.7816e-07,2.4567e-06,4.9524e-06,6.0800e-06,6.2366e-06
P12,60.00,45.00,60.00,0.00,7.5296e-08,2.0693e-07,6.8150e-07,2.3436e-06,6.1005e-06,6.0893e-06,5.3796e-06,7.2109e-08,1.8881e-07,5.0662e-07,2.3546e-06,4.8731e-06,5.9975e-06,5.9032e-06
P12,0.00,0.00,60.00,0.00,2.8431e-08,2.4808e-07,7.8749e-07,2.4782e-06,6.2086e-06,6.1973e-06,5.9111e-06,2.7339e-08,2.2718e-07,5.9677e-07,2.4782e-06,4.9699e-06,6.0984e-06,6.3142e-06
P12,30.00,0.00,60.00,0.00,4.4139e-08,2.3897e-07,7.6631e-07,2.4551e-06,6.1890e-06,6.1778e-06,5.8075e-06,4.2342e-08,2.1860e-07,5.7815e-07,2.4573e-06,4.9525e-06,6.0801e-06,6.2367e-06
P12,60.00,180.00,60.00,0.00,2.7160e-08,2.0690e-07,6.8139e-07,2.3406e-06,6.1002e-06,6.0890e-06,5.3796e-06,2.6039e-08,1.8881e-07,5.0661e-07,2.3514e-06,4.8725e-06,5.9971e-06,5.9030e-06
P12,0.00,135.00,0.00,0.00,3.9697e-08,2.4809e-07,7.8756e-07,2.4783e-06,6.2086e-06,6.1973e-06,5.9111e-06,3.7925e-08,2.2719e-07,5.9680e-07,2.4783e-06,4.9698e-06,6.0984e-06,6.3142e-06
P12,0.00,0.00,30.00,0.00,3.7760e-08,2.4809e-07,7.8754e-07,2.4782e-06,6.2086e-06,6.1973e-06,5.9111e-06,3.6095e-08,2.2718e-07,5.9679e-07,2.4782e-06,4.9699e-06,6.0984e-06,6.3142e-06
P12,30.00,90.00,30.00,0.00,4.1420e-08,2.3897e-07,7.6632e-07,2.4545e-06,6.1890e-06,6.1777e-06,5.8074e-06,3.9574e-08,2.1860e-07,5.7816e-07,2.4567e-06,4.9524e-06,6.0800e-06,6.2366e-06
P12,0.00,90.00,30.00,0.00,3.7760e-08,2.4809e-07,7.8754e-07,2.4782e-06,6.2086e-06,6.1973e-06,5.9111e-06,3.6095e-08,2.2718e-07,5.9679e-07,2.4782e-06,4.9699e-06,6.0984e-06,6.3142e-06
P12,30.00,135.00,60.00,0.00,2.6943e-08,2.3895e-07,7.6625e-07,2.4541e-06,6.1889e-06,6.1777e-06,5.8074e-06,2.5895e-08,2.1860e-07,5.7814e-07,2.4563e-06,4.9523e-06,6.0800e-06,6.2366e-06
P12,30.00,180.00,0.00,0.00,4.2581e-08,2.3897e-07,7.6632e-07,2.4544e-06,6.1890e-06,6.1777e-06,5.8074e-06,4.0643e-08,2.1860e-07,5.7816e-07,2.4567e-06,4.9524e-06,6.0800e-06,6.2366e-06
P12,30.00,135.00,30.00,0.00,3.7986e-08,2.3896e-07,7.6630e-07,2.4543e-06,6.1889e-06,6.1777e-06,5.8074e-06,3.6297e-08,2.1860e-07,5.7815e-07,2.4565e-06,4.9523e-06,6.0800e-06,6.2366e-06
P12,0.00,135.00,30.00,0.00,3.7760e-08,2.4809e-07,7.8754e-07,2.4782e-06,6.2086e-06,6.1973e-06,5.9111e-06,3.6095e-08,2.2718e-07,5.9679e-07,2.4782e-06,4.9699e-06,6.0984e-06,6.3142e-06
P12,60.00,90.00,0.00,0.00,5.0442e-08,2.0692e-07,6.8147e-07,2.3417e-06,6.1003e-06,6.0891e-06,5.3796e-06,4.8160e-08,1.8881e-07,5.0662e-07,2.3525e-06,4.8727e-06,5.9973e-06,5.9031e-06
P12,0.00,90.00,0.00,0.00,3.9697e-08,2.4809e-07,7.8756e-07,2.4783e-06,6.2086e-06,6.1973e-06,5.9111e-06,3.7925e-08,2.2719e-07,5.9680e-07,2.4783e-06,4.9698e-06,6.0984e-06,6.3142e-06
P12,30.00,135.00,0.00,0.00,4.2581e-08,2.3897e-07,7.6632e-07,2.4544e-06,6.1890e-06,6.1777e-06,5.8074e-06,4.0643e-08,2.1860e-07,5.7816e-07,2.4567e-06,4.9524e-06,6.0800e-06,6.2366e-06
P12,60.00,0.00,30.00,0.00,7.1755e-08,2.0694e-07,6.8153e-07,2.3429e-06,6.1004e-06,6.0892e-06,5.3796e-06,6.8571e-08,1.8881e-07,5.0663e-07,2.3538e-06,4.8729e-06,5.9974e-06,5.9032e-06
P12,0.00,135.00,60.00,0.00,2.8431e-08,2.4808e-07,7.8749e-07,2.4782e-06,6.2086e-06,6.1973e-06,5.9111e-06,2.7339e-08,2.2718e-07,5.9677e-07,2.4782e-06,4.9699e-06,6.0984e-06,6.3142e-06
P12,30.00,45.00,0.00,0.00,4.2581e-08,2.3897e-07,7.6632e-07,2.4544e-06,6.1890e-06,6.1777e-06,5.8074e-06,4.0643e-08,2.1860e-07,5.7816e-07,2.4567e-06,4.9524e-06,6.0800e-06,6.2366e-06
P12,0.00,180.00,0.00,0.00,3.9697e-08,2.4809e-07,7.8756e-07,2.4783e-06,6.2086e-06,6.1973e-06,5.9111e-06,3.7925e-08,2.2719e-07,5.9680e-07,2.4783e-06,4.9698e-06,6.0984e-06,6.3142e-06
P12,60.00,180.00,0.00,0.00,5.0442e-08,2.0692e-07,6.8147e-07,2.3417e-06,6.1003e-06,6.0891e-06,5.3796e-06,4.8160e-08,1.8881e-07,5.0662e-07,2.3525e-06,4.8727e-06,5.9973e-06,5.9031e-06
P12,30.00,90.00,60.00,0.00,3.1884e-08,2.3896e-07,7.6627e-07,2.4544e-06,6.1890e-06,6.1777e-06,5.8074e-06,3.0610e-08,2.1860e-07,5.7814e-07,2.4566e-06,4.9524e-06,6.0800e-06,6.2366e-06
P12,60.00,135.00,30.00,0.00,4.2029e-08,2.0691e-07,6.8144e-07,2.3413e-06,6.1002e-06,6.0890e-06,5.3796e-06,4.0141e-08,1.8881e-07,5.0662e-07,2.3521e-06,4.8726e-06,5.9972e-06,5.9030e-06
P12,0.00,0.00,0.00,0.00,3.9697e-08,2.4809e-07,7.8756e-07,2.4783e-06,6.2086e-06,6.1973e-06,5.9111e-06,3.7925e-08,2.2719e-07,5.9680e-07,2.4783e-06,4.9698e-06,6.0984e-06,6.3142e-06
P12,60.00,90.00,30.00,0.00,5.0570e-08,2.0692e-07,6.8146e-07,2.3417e-06,6.1003e-06,6.0891e-06,5.3796e-06,4.8294e-08,1.8881e-07,5.0662e-07,2.3525e-06,4.8727e-06,5.9972e-06,5.9031e-06
P12,30.00,45.00,60.00,0.00,3.9575e-08,2.3896e-07,7.6629e-07,2.4548e-06,6.1890e-06,6.1778e-06,5.8074e-06,3.7971e-08,2.1860e-07,5.7815e-07,2.4571e-06,4.9525e-06,6.0800e-06,6.2366e-06
P12,60.00,135.00,60.00,0.00,3.0508e-08,2.0690e-07,6.8140e-07,2.3410e-06,6.1002e-06,6.0890e-06,5.3796e-06,2.9243e-08,1.8881e-07,5.0661e-07,2.3518e-06,4.8726e-06,5.9972e-06,5.9030e-06
P12,30.00,0.00,0.00,0.00,4.2581e-08,2.3897e-07,7.6632e-07,2.4544e-06,6.1890e-06,6.1777e-06,5.8074e-06,4.0643e-08,2.1860e-07,5.7816e-07,2.4567e-06,4.9524e-06,6.0800e-06,6.2366e-06
P12,0.00,180.00,30.00,0.00,3.7760e-08,2.4809e-07,7.8754e-07,2.4782e-06,6.2086e-06,6.1973e-06,5.9111e-06,3.6095e-08,2.2718e-07,5.9679e-07,2.4782e-06,4.9699e-06,6.0984e-06,6.3142e-06
P12,60.00,0.00,60.00,0.00,1.0845e-07,2.0696e-07,6.8159e-07,2.3462e-06,6.1008e-06,6.0896e-06,5.3797e-06,1.0400e-07,1.8882e-07,5.0664e-07,2.3574e-06,4.8737e-06,5.9978e-06,5.9033e-06
P13,30.00,45.00,0.00,0.00,3.9822e-08,1.9333e-07,5.5061e-07,1.5817e-06,4.4659e-06,4.4565e-06,4.7756e-06,3.7746e-08,1.7920e-07,4.3909e-07,1.5645e-06,3.4365e-06,4.3700e-06,4.8853e-06
P13,30.00,0.00,60.00,0.00,4.1654e-08,1.9333e-07,5.5079e-07,1.5823e-06,4.4660e-06,4.4566e-06,4.7757e-06,3.9693e-08,1.7920e-07,4.3915e-07,1.5652e-06,3.4366e-06,4.3701e-06,4.8854e-06
P13,60.00,90.00,60.00,0.00,4.1413e-08,1.7419e-07,5.1217e-07,1.5232e-06,4.4102e-06,4.4008e-06,4.5971e-06,3.9383e-08,1.6104e-07,4.0359e-07,1.5065e-06,3.3853e-06,4.3174e-06,4.7340e-06
P13,0.00,90.00,60.00,0.00,2.5407e-08,1.9846e-07,5.5971e-07,1.5943e-06,4.4789e-06,4.4695e-06,4.8219e-06,2.4199e-08,1.8415e-07,4.4771e-07,1.5769e-06,3.4485e-06,4.3824e-06,4.9222e-06
P13,30.00,180.00,60.00,0.00,2.2419e-08,1.9326e-07,5.5028e-07,1.5813e-06,4.4659e-06,4.4565e-06,4.7756e-06,2.1334e-08,1.7917e-07,4.3888e-07,1.5641e-06,3.4364e-06,4.3700e-06,4.8853e-06
P13,30.00,90.00,0.00,0.00,3.9822e-08,1.9333e-07,5.5061e-07,1.5817e-06,4.4659e-06,4.4565e-06,4.7756e-06,3.7746e-08,1.7920e-07,4.3909e-07,1.5645e-06,3.4365e-06,4.3700e-06,4.8853e-06
P13,0.00,0.00,0.00,0.00,3.6738e-08,1.9852e-07,5.5992e-07,1.5944e-06,4.4789e-06,4.4695e-06,4.8219e-06,3.4839e-08,1.8418e-07,4.4787e-07,1.5770e-06,3.4484e-06,4.3824e-06,4.9222e-06
P13,30.00,0.00,0.00,0.00,3.9822e-08,1.9333e-07,5.5061e-07,1.5817e-06,4.4659e-06,4.4565e-06,4.7756e-06,3.7746e-08,1.7920e-07,4.3909e-07,1.5645e-06,3.4365e-06,4.3700e-06,4.8853e-06
P13,30.00,90.00,30.00,0.00,3.8674e-08,1.9332e-07,5.5061e-07,1.5817e-06,4.4659e-06,4.4565e-06,4.7757e-06,3.6689e-08,1.7920e-07,4.3909e-07,1.5646e-06,3.4365e-06,4.3700e-06,4.8853e-06
P13,0.00,0.00,30.00,0.00,3.4798e-08,1.9850e-07,5.5985e-07,1.5944e-06,4.4789e-06,4.4695e-06,4.8219e-06,3.3007e-08,1.8417e-07,4.4782e-07,1.5769e-06,3.4485e-06,4.3824e-06,4.9222e-06
P13,60.00,0.00,0.00,0.00,4.8513e-08,1.7422e-07,5.1234e-07,1.5232e-06,4.4102e-06,4.4008e-06,4.5971e-06,4.6049e-08,1.6106e-07,4.0372e-07,1.5065e-06,3.3853e-06,4.3174e-06,4.7340e-06
P13,60.00,135.00,0.00,0.00,4.8513e-08,1.7422e-07,5.1234e-07,1.5232e-06,4.4102e-06,4.4008e-06,4.5971e-06,4.6049e-08,1.6106e-07,4.0372e-07,1.5065e-06,3.3853e-06,4.3174e-06,4.7340e-06
P13,60.00,180.00,30.00,0.00,3.7178e-08,1.7418e-07,5.1206e-07,1.5227e-06,4.4101e-06,4.4008e-06,4.5971e-06,3.5264e-08,1.6104e-07,4.0357e-07,1.5060e-06,3.3852e-06,4.3173e-06,4.7339e-06
P13,60.00,45.00,30.00,0.00,6.2337e-08,1.7428e-07,5.1269e-07,1.5240e-06,4.4103e-06,4.4009e-06,4.5972e-06,5.9262e-08,1.6108e-07,4.0389e-07,1.5074e-06,3.3854e-06,4.3175e-06,4.7340e-06
P13,30.00,45.00,60.00,0.00,3.6972e-08,1.9331e-07,5.5066e-07,1.5821e-06,4.4660e-06,4.4566e-06,4.7757e-06,3.5217e-08,1.7919e-07,4.3908e-07,1.5650e-06,3.4366e-06,4.3701e-06,4.8853e-06
P13,30.00,135.00,30.00,0.00,3.5170e-08,1.9331e-07,5.5051e-07,1.5815e-06,4.4659e-06,4.4565e-06,4.7756e-06,3.3349e-08,1.7919e-07,4.3903e-07,1.5644e-06,3.4364e-06,4.3700e-06,4.8853e-06
P13,0.00,135.00,0.00,0.00,3.6738e-08,1.9852e-07,5.5992e-07,1.5944e-06,4.4789e-06,4.4695e-06,4.8219e-06,3.4839e-08,1.8418e-07,4.4787e-07,1.5770e-06,3.4484e-06,4.3824e-06,4.9222e-06
P13,30.00,0.00,30.00,0.00,4.5002e-08,1.9336e-07,5.5081e-07,1.5821e-06,4.4659e-06,4.4566e-06,4.7757e-06,4.2725e-08,1.7922e-07,4.3920e-07,1.5650e-06,3.4366e-06,4.3701e-06,4.8853e-06
P13,60.00,135.00,30.00,0.00,3.9932e-08,1.7419e-07,5.1212e-07,1.5228e-06,4.4101e-06,4.4008e-06,4.5971e-06,3.7882e-08,1.6104e-07,4.0359e-07,1.5061e-06,3.3852e-06,4.3173e-06,4.7339e-06
P13,60.00,180.00,0.00,0.00,4.8513e-08,1.7422e-07,5.1234e-07,1.5232e-06,4.4102e-06,4.4008e-06,4.5971e-06,4.6049e-08,1.6106e-07,4.0372e-07,1.5065e-06,3.3853e-06,4.3174e-06,4.7340e-06
P13,0.00,45.00,30.00,0.00,3.4798e-08,1.9850e-07,5.5985e-07,1.5944e-06,4.4789e-06,4.4695e-06,4.8219e-06,3.3007e-08,1.8417e-07,4.4782e-07,1.5769e-06,3.4485e-06,4.3824e-06,4.9222e-06
P13,30.00,90.00,60.00,0.00,2.9081e-08,1.9328e-07,5.5044e-07,1.5816e-06,4.4659e-06,4.4565e-06,4.7756e-06,2.7679e-08,1.7918e-07,4.3896e-07,1.5645e-06,3.4365e-06,4.3700e-06,4.8853e-06
P13,30.00,180.00,0.00,0.00,3.9822e-08,1.9333e-07,5.5061e-07,1.5817e-06,4.4659e-06,4.4565e-06,4.7756e-06,3.7746e-08,1.7920e-07,4.3909e-07,1.5645e-06,3.4365e-06,4.3700e-06,4.8853e-06
P13,30.00,45.00,30.00,0.00,4.2906e-08,1.9335e-07,5.5074e-07,1.5820e-06,4.4659e-06,4.4566e-06,4.7757e-06,4.0722e-08,1.7921e-07,4.3916e-07,1.5648e-06,3.4366e-06,4.3701e-06,4.8853e-06
P13,0.00,135.00,30.00,0.00,3.4798e-08,1.9850e-07,5.5985e-07,1.5944e-06,4.4789e-06,4.4695e-06,4.8219e-06,3.3007e-08,1.8417e-07,4.4782e-07,1.5769e-06,3.4485e-06,4.3824e-06,4.9222e-06
P13,60.00,45.00,60.00,0.00,7.4522e-08,1.7430e-07,5.1297e-07,1.5252e-06,4.4104e-06,4.4011e-06,4.5972e-06,7.1038e-08,1.6108e-07,4.0399e-07,1.5087e-06,3.3856e-06,4.3176e-06,4.7341e-06
P13,0.00,135.00,60.00,0.00,2.5407e-08,1.9846e-07,5.5971e-07,1.5943e-06,4.4789e-06,4.4695e-06,4.8219e-06,2.4199e-08,1.8415e-07,4.4771e-07,1.5769e-06,3.4485e-06,4.3824e-06,4.9222e-06
P13,0.00,45.00,0.00,0.00,3.6738e-08,1.9852e-07,5.5992e-07,1.5944e-06,4.4789e-06,4.4695e-06,4.8219e-06,3.4839e-08,1.8418e-07,4.4787e-07,1.5770e-06,3.4484e-06,4.3824e-06,4.9222e-06
P13,30.00,135.00,0.00,0.00,3.9822e-08,1.9333e-07,5.5061e-07,1.5817e-06,4.4659e-06,4.4565e-06,4.7756e-06,3.7746e-08,1.7920e-07,4.3909e-07,1.5645e-06,3.4365e-06,4.3700e-06,4.8853e-06
P13,0.00,180.00,30.00,0.00,3.4798e-08,1.9850e-07,5.5985e-07,1.5944e-06,4.4789e-06,4.4695e-06,4.8219e-06,3.3007e-08,1.8417e-07,4.4782e-07,1.5769e-06,3.4485e-06,4.3824e-06,4.9222e-06
P13,0.00,0.00,60.00,0.00,2.5407e-08,1.9846e-07,5.5971e-07,1.5943e-06,4.4789e-06,4.4695e-06,4.8219e-06,2.4199e-08,1.8415e-07,4.4771e-07,1.5769e-06,3.4485e-06,4.3824e-06,4.9222e-06
P13,60.00,135.00,60.00,0.00,2.8262e-08,1.7415e-07,5.1189e-07,1.5225e-06,4.4101e-06,4.4008e-06,4.5971e-06,2.6856e-08,1.6102e-07,4.0346e-07,1.5058e-06,3.3851e-06,4.3173e-06,4.7339e-06
P13,60.00,90.00,0.00,0.00,4.8513e-08,1.7422e-07,5.1234e-07,1.5232e-06,4.4102e-06,4.4008e-06,4.5971e-06,4.6049e-08,1.6106e-07,4.0372e-07,1.5065e-06,3.3853e-06,4.3174e-06,4.7340e-06
P13,0.00,90.00,0.00,0.00,3.6738e-08,1.9852e-07,5.5992e-07,1.5944e-06,4.4789e-06,4.4695e-06,4.8219e-06,3.4839e-08,1.8418e-07,4.4787e-07,1.5770e-06,3.4484e-06,4.3824e-06,4.9222e-06
P13,0.00,45.00,60.00,0.00,2.5407e-08,1.9846e-07,5.5971e-07,1.5943e-06,4.4789e-06,4.4695e-06,4.8219e-06,2.4199e-08,1.8415e-07,4.4771e-07,1.5769e-06,3.4485e-06,4.3824e-06,4.9222e-06
P13,0.00,90.00,30.00,0.00,3.4798e-08,1.9850e-07,5.5985e-07,1.5944e-06,4.4789e-06,4.4695e-06,4.8219e-06,3.3007e-08,1.8417e-07,4.4782e-07,1.5769e-06,3.4485e-06,4.3824e-06,4.9222e-06
P13,30.00,135.00,60.00,0.00,2.4012e-08,1.9326e-07,5.5031e-07,1.5814e-06,4.4659e-06,4.4565e-06,4.7756e-06,2.2848e-08,1.7917e-07,4.3889e-07,1.5642e-06,3.4364e-06,4.3700e-06,4.8853e-06
P13,0.00,180.00,60.00,0.00,2.5407e-08,1.9846e-07,5.5971e-07,1.5943e-06,4.4789e-06,4.4695e-06,4.8219e-06,2.4199e-08,1.8415e-07,4.4771e-07,1.5769e-06,3.4485e-06,4.3824e-06,4.9222e-06
P13,60.00,90.00,30.00,0.00,4.8697e-08,1.7422e-07,5.1232e-07,1.5232e-06,4.4102e-06,4.4008e-06,4.5971e-06,4.6233e-08,1.6105e-07,4.0370e-07,1.5065e-06,3.3852e-06,4.3173e-06,4.7340e-06
P13,60.00,180.00,60.00,0.00,2.4803e-08,1.7413e-07,5.1179e-07,1.5221e-06,4.4100e-06,4.4007e-06,4.5971e-06,2.3553e-08,1.6102e-07,4.0341e-07,1.5053e-06,3.3850e-06,4.3172e-06,4.7339e-06
P13,0.00,180.00,0.00,0.00,3.6738e-08,1.9852e-07,5.5992e-07,1.5944e-06,4.4789e-06,4.4695e-06,4.8219e-06,3.4839e-08,1.8418e-07,4.4787e-07,1.5770e-06,3.4484e-06,4.3824e-06,4.9222e-06
P13,60.00,0.00,30.00,0.00,7.0430e-08,1.7431e-07,5.1290e-07,1.5244e-06,4.4103e-06,4.4009e-06,4.5972e-06,6.6998e-08,1.6109e-07,4.0401e-07,1.5078e-06,3.3854e-06,4.3175e-06,4.7340e-06
P13,30.00,180.00,30.00,0.00,3.3868e-08,1.9329e-07,5.5044e-07,1.5813e-06,4.4658e-06,4.4565e-06,4.7756e-06,3.2102e-08,1.7918e-07,4.3899e-07,1.5642e-06,3.4364e-06,4.3700e-06,4.8853e-06
P13,60.00,0.00,60.00,0.00,1.0876e-07,1.7443e-07,5.1397e-07,1.5280e-06,4.4107e-06,4.4014e-06,4.5973e-06,1.0391e-07,1.6113e-07,4.0447e-07,1.5116e-06,3.3863e-06,4.3179e-06,4.7343e-06
P13,60.00,45.00,0.00,0.00,4.8513e-08,1.7422e-07,5.1234e-07,1.5232e-06,4.4102e-06,4.4008e-06,4.5971e-06,4.6049e-08,1.6106e-07,4.0372e-07,1.5065e-06,3.3853e-06,4.3174e-06,4.7340e-06
P14,60.00,45.00,30.00,0.00,7.7776e-08,4.1942e-07,1.2809e-06,4.8309e-06,1.0128e-05,1.0115e-05,7.4549e-06,7.5885e-08,3.8488e-07,9.8594e-07,4.8843e-06,8.7142e-06,1.0036e-05,8.7044e-06
P14,60.00,135.00,30.00,0.00,5.8867e-08,4.1941e-07,1.2809e-06,4.8301e-06,1.0128e-05,1.0115e-05,7.4549e-06,5.7687e-08,3.8488e-07,9.8594e-07,4.8834e-06,8.7140e-06,1.0036e-05,8.7043e-06
P14,0.00,90.00,60.00,0.00,5.1407e-08,5.1969e-07,1.4692e-06,5.1408e-06,1.0438e-05,1.0424e-05,8.5447e-06,5.0828e-08,4.8121e-07,1.1455e-06,5.1691e-06,8.9783e-06,1.0329e-05,9.5845e-06
P14,0.00,135.00,30.00,0.00,6.0168e-08,5.1969e-07,1.4692e-06,5.1409e-06,1.0438e-05,1.0424e-05,8.5448e-06,5.9092e-08,4.8121e-07,1.1455e-06,5.1692e-06,8.9783e-06,1.0329e-05,9.5845e-06
P14,60.00,90.00,60.00,0.00,5.9312e-08,4.1941e-07,1.2809e-06,4.8303e-06,1.0128e-05,1.0115e-05,7.4549e-06,5.8214e-08,3.8488e-07,9.8594e-07,4.8836e-06,8.7140e-06,1.0036e-05,8.7043e-06
P14,60.00,90.00,30.00,0.00,6.6262e-08,4.1941e-07,1.2809e-06,4.8303e-06,1.0128e-05,1.0115e-05,7.4549e-06,6.4793e-08,3.8488e-07,9.8594e-07,4.8837e-06,8.7140e-06,1.0036e-05,8.7043e-06
P14,0.00,0.00,0.00,0.00,6.2012e-08,5.1969e-07,1.4692e-06,5.1410e-06,1.0438e-05,1.0424e-05,8.5448e-06,6.0841e-08,4.8121e-07,1.1455e-06,5.1693e-06,8.9783e-06,1.0329e-05,9.5845e-06
P14,0.00,135.00,0.00,0.00,6.2012e-08,5.1969e-07,1.4692e-06,5.1410e-06,1.0438e-05,1.0424e-05,8.5448e-06,6.0841e-08,4.8121e-07,1.1455e-06,5.1693e-06,8.9783e-06,1.0329e-05,9.5845e-06
P14,30.00,180.00,0.00,0.00,6.3577e-08,4.9915e-07,1.4306e-06,5.0821e-06,1.0378e-05,1.0365e-05,8.3293e-06,6.2286e-08,4.6147e-07,1.1131e-06,5.1153e-06,8.9273e-06,1.0273e-05,9.4144e-06
P14,60.00,135.00,60.00,0.00,4.8504e-08,4.1941e-07,1.2809e-06,4.8299e-06,1.0128e-05,1.0115e-05,7.4549e-06,4.7822e-08,3.8488e-07,9.8594e-07,4.8831e-06,8.7140e-06,1.0036e-05,8.7043e-06
P14,30.00,180.00,30.00,0.00,5.8218e-08,4.9915e-07,1.4306e-06,5.0818e-06,1.0378e-05,1.0365e-05,8.3293e-06,5.7177e-08,4.6147e-07,1.1131e-06,5.1150e-06,8.9272e-06,1.0273e-05,9.4144e-06
P14,30.00,45.00,60.00,0.00,6.0216e-08,4.9915e-07,1.4306e-06,5.0823e-06,1.0378e-05,1.0365e-05,8.3293e-06,5.9253e-08,4.6147e-07,1.1131e-06,5.1155e-06,8.9274e-06,1.0273e-05,9.4144e-06
P14,0.00,180.00,60.00,0.00,5.1407e-08,5.1969e-07,1.4692e-06,5.1408e-06,1.0438e-05,1.0424e-05,8.5447e-06,5.0828e-08,4.8121e-07,1.1455e-06,5.1691e-06,8.9783e-06,1.0329e-05,9.5845e-06
P14,0.00,0.00,60.00,0.00,5.1407e-08,5.1969e-07,1.4692e-06,5.1408e-06,1.0438e-05,1.0424e-05,8.5447e-06,5.0828e-08,4.8121e-07,1.1455e-06,5.1691e-06,8.9783e-06,1.0329e-05,9.5845e-06
P14,0.00,90.00,30.00,0.00,6.0168e-08,5.1969e-07,1.4692e-06,5.1409e-06,1.0438e-05,1.0424e-05,8.5448e-06,5.9092e-08,4.8121e-07,1.1455e-06,5.1692e-06,8.9783e-06,1.0329e-05,9.5845e-06
P14,0.00,90.00,0.00,0.00,6.2012e-08,5.1969e-07,1.4692e-06,5.1410e-06,1.0438e-05,1.0424e-05,8.5448e-06,6.0841e-08,4.8121e-07,1.1455e-06,5.1693e-06,8.9783e-06,1.0329e-05,9.5845e-06
P14,0.00,180.00,30.00,0.00,6.0168e-08,5.1969e-07,1.4692e-06,5.1409e-06,1.0438e-05,1.0424e-05,8.5448e-06,5.9092e-08,4.8121e-07,1.1455e-06,5.1692e-06,8.9783e-06,1.0329e-05,9.5845e-06
P14,30.00,135.00,30.00,0.00,5.9358e-08,4.9915e-07,1.4306e-06,5.0820e-06,1.0378e-05,1.0365e-05,8.3293e-06,5.8276e-08,4.6147e-07,1.1131e-06,5.1152e-06,8.9273e-06,1.0273e-05,9.4144e-06
P14,0.00,45.00,60.00,0.00,5.1407e-08,5.1969e-07,1.4692e-06,5.1408e-06,1.0438e-05,1.0424e-05,8.5447e-06,5.0828e-08,4.8121e-07,1.1455e-06,5.1691e-06,8.9783e-06,1.0329e-05,9.5845e-06
P14,30.00,45.00,30.00,0.00,6.6139e-08,4.9915e-07,1.4306e-06,5.0823e-06,1.0378e-05,1.0365e-05,8.3293e-06,6.4783e-08,4.6147e-07,1.1131e-06,5.1155e-06,8.9274e-06,1.0273e-05,9.4144e-06
P14,0.00,45.00,0.00,0.00,6.2012e-08,5.1969e-07,1.4692e-06,5.1410e-06,1.0438e-05,1.0424e-05,8.5448e-06,6.0841e-08,4.8121e-07,1.1455e-06,5.1693e-06,8.9783e-06,1.0329e-05,9.5845e-06
P14,30.00,90.00,0.00,0.00,6.3577e-08,4.9915e-07,1.4306e-06,5.0821e-06,1.0378e-05,1.0365e-05,8.3293e-06,6.2286e-08,4.6147e-07,1.1131e-06,5.1153e-06,8.9273e-06,1.0273e-05,9.4144e-06
P14,30.00,180.00,60.00,0.00,4.7789e-08,4.9915e-07,1.4306e-06,5.0818e-06,1.0378e-05,1.0365e-05,8.3293e-06,4.7306e-08,4.6147e-07,1.1131e-06,5.1150e-06,8.9273e-06,1.0273e-05,9.4144e-06
P14,30.00,0.00,30.00,0.00,6.7978e-08,4.9915e-07,1.4306e-06,5.0824e-06,1.0378e-05,1.0365e-05,8.3293e-06,6.6551e-08,4.6147e-07,1.1131e-06,5.1156e-06,8.9274e-06,1.0273e-05,9.4144e-06
P14,60.00,45.00,60.00,0.00,8.6535e-08,4.1942e-07,1.2809e-06,4.8315e-06,1.0128e-05,1.0115e-05,7.4549e-06,8.4482e-08,3.8488e-07,9.8594e-07,4.8849e-06,8.7143e-06,1.0036e-05,8.7044e-06
P14,60.00,0.00,0.00,0.00,6.6285e-08,4.1941e-07,1.2809e-06,4.8304e-06,1.0128e-05,1.0115e-05,7.4549e-06,6.4801e-08,3.8488e-07,9.8594e-07,4.8837e-06,8.7141e-06,1.0036e-05,8.7043e-06
P14,30.00,0.00,0.00,0.00,6.3577e-08,4.9915e-07,1.4306e-06,5.0821e-06,1.0378e-05,1.0365e-05,8.3293e-06,6.2286e-08,4.6147e-07,1.1131e-06,5.1153e-06,8.9273e-06,1.0273e-05,9.4144e-06
P14,60.00,45.00,0.00,0.00,6.6285e-08,4.1941e-07,1.2809e-06,4.8304e-06,1.0128e-05,1.0115e-05,7.4549e-06,6.4801e-08,3.8488e-07,9.8594e-07,4.8837e-06,8.7141e-06,1.0036e-05,8.7043e-06
P14,30.00,135.00,60.00,0.00,4.9149e-08,4.9915e-07,1.4306e-06,5.0818e-06,1.0378e-05,1.0365e-05,8.3293e-06,4.8609e-08,4.6147e-07,1.1131e-06,5.1150e-06,8.9273e-06,1.0273e-05,9.4144e-06
P14,60.00,180.00,60.00,0.00,4.5664e-08,4.1941e-07,1.2809e-06,4.8296e-06,1.0128e-05,1.0115e-05,7.4549e-06,4.5085e-08,3.8488e-07,9.8594e-07,4.8829e-06,8.7139e-06,1.0036e-05,8.7043e-06
P14,0.00,180.00,0.00,0.00,6.2012e-08,5.1969e-07,1.4692e-06,5.1410e-06,1.0438e-05,1.0424e-05,8.5448e-06,6.0841e-08,4.8121e-07,1.1455e-06,5.1693e-06,8.9783e-06,1.0329e-05,9.5845e-06
P14,60.00,180.00,30.00,0.00,5.6544e-08,4.1941e-07,1.2809e-06,4.8300e-06,1.0128e-05,1.0115e-05,7.4549e-06,5.5459e-08,3.8488e-07,9.8594e-07,4.8833e-06,8.7140e-06,1.0036e-05,8.7043e-06
P14,0.00,45.00,30.00,0.00,6.0168e-08,5.1969e-07,1.4692e-06,5.1409e-06,1.0438e-05,1.0424e-05,8.5448e-06,5.9092e-08,4.8121e-07,1.1455e-06,5.1692e-06,8.9783e-06,1.0329e-05,9.5845e-06
P14,60.00,180.00,0.00,0.00,6.6285e-08,4.1941e-07,1.2809e-06,4.8304e-06,1.0128e-05,1.0115e-05,7.4549e-06,6.4801e-08,3.8488e-07,9.8594e-07,4.8837e-06,8.7141e-06,1.0036e-05,8.7043e-06
P14,0.00,0.00,30.00,0.00,6.0168e-08,5.1969e-07,1.4692e-06,5.1409e-06,1.0438e-05,1.0424e-05,8.5448e-06,5.9092e-08,4.8121e-07,1.1455e-06,5.1692e-06,8.9783e-06,1.0329e-05,9.5845e-06
P14,30.00,135.00,0.00,0.00,6.3577e-08,4.9915e-07,1.4306e-06,5.0821e-06,1.0378e-05,1.0365e-05,8.3293e-06,6.2286e-08,4.6147e-07,1.1131e-06,5.1153e-06,8.9273e-06,1.0273e-05,9.4144e-06
P14,60.00,135.00,0.00,0.00,6.6285e-08,4.1941e-07,1.2809e-06,4.8304e-06,1.0128e-05,1.0115e-05,7.4549e-06,6.4801e-08,3.8488e-07,9.8594e-07,4.8837e-06,8.7141e-06,1.0036e-05,8.7043e-06
P14,0.00,135.00,60.00,0.00,5.1407e-08,5.1969e-07,1.4692e-06,5.1408e-06,1.0438e-05,1.0424e-05,8.5447e-06,5.0828e-08,4.8121e-07,1.1455e-06,5.1691e-06,8.9783e-06,1.0329e-05,9.5845e-06
P14,60.00,0.00,60.00,0.00,1.1469e-07,4.1943e-07,1.2809e-06,4.8331e-06,1.0129e-05,1.0116e-05,7.4549e-06,1.1176e-07,3.8488e-07,9.8594e-07,4.8867e-06,8.7146e-06,1.0036e-05,8.7044e-06
P14,60.00,0.00,30.00,0.00,8.4610e-08,4.1942e-07,1.2809e-06,4.8311e-06,1.0128e-05,1.0115e-05,7.4549e-06,8.2473e-08,3.8488e-07,9.8594e-07,4.8845e-06,8.7142e-06,1.0036e-05,8.7044e-06
P14,60.00,90.00,0.00,0.00,6.6285e-08,4.1941e-07,1.2809e-06,4.8304e-06,1.0128e-05,1.0115e-05,7.4549e-06,6.4801e-08,3.8488e-07,9.8594e-07,4.8837e-06,8.7141e-06,1.0036e-05,8.7043e-06
P14,30.00,90.00,60.00,0.00,5.3477e-08,4.9915e-07,1.4306e-06,5.0820e-06,1.0378e-05,1.0365e-05,8.3293e-06,5.2766e-08,4.6147e-07,1.1131e-06,5.1152e-06,8.9273e-06,1.0273e-05,9.4144e-06
P14,30.00,0.00,60.00,0.00,6.4217e-08,4.9915e-07,1.4306e-06,5.0825e-06,1.0378e-05,1.0365e-05,8.3293e-06,6.3107e-08,4.6147e-07,1.1131e-06,5.1157e-06,8.9274e-06,1.0273e-05,9.4144e-06
P14,30.00,45.00,0.00,0.00,6.3577e-08,4.9915e-07,1.4306e-06,5.0821e-06,1.0378e-05,1.0365e-05,8.3293e-06,6.2286e-08,4.6147e-07,1.1131e-06,5.1153e-06,8.9273e-06,1.0273e-05,9.4144e-06
P14,30.00,90.00,30.00,0.00,6.2429e-08,4.9915e-07,1.4306e-06,5.0821e-06,1.0378e-05,1.0365e-05,8.3293e-06,6.1223e-08,4.6147e-07,1.1131e-06,5.1153e-06,8.9273e-06,1.0273e-05,9.4144e-06
P15,30.00,45.00,30.00,0.00,4.1571e-08,1.5124e-07,3.4030e-07,7.5340e-07,2.6228e-06,2.6162e-06,3.4186e-06,3.9361e-08,1.4304e-07,3.0091e-07,7.4023e-07,1.8845e-06,2.5480e-06,3.2938e-06
P15,0.00,90.00,60.00,0.00,2.3943e-08,1.5263e-07,3.3629e-07,7.5568e-07,2.6227e-06,2.6160e-06,3.4264e-06,2.2708e-08,1.4466e-07,2.9804e-07,7.4229e-07,1.8851e-06,2.5480e-06,3.2951e-06
P15,30.00,180.00,60.00,0.00,2.0993e-08,1.5113e-07,3.3979e-07,7.5272e-07,2.6228e-06,2.6161e-06,3.4185e-06,1.9882e-08,1.4298e-07,3.0058e-07,7.3952e-07,1.8843e-06,2.5479e-06,3.2937e-06
P15,60.00,0.00,30.00,0.00,6.9578e-08,1.4133e-07,3.5396e-07,7.3936e-07,2.6214e-06,2.6147e-06,3.3635e-06,6.6132e-08,1.3229e-07,3.0794e-07,7.2690e-07,1.8788e-06,2.5457e-06,3.2761e-06
P15,30.00,90.00,0.00,0.00,3.8457e-08,1.5122e-07,3.4017e-07,7.5310e-07,2.6228e-06,2.6161e-06,3.4186e-06,3.6353e-08,1.4303e-07,3.0084e-07,7.3991e-07,1.8844e-06,2.5479e-06,3.2938e-06
P15,30.00,45.00,60.00,0.00,3.5659e-08,1.5120e-07,3.4020e-07,7.5355e-07,2.6229e-06,2.6162e-06,3.4186e-06,3.3880e-08,1.4302e-07,3.0081e-07,7.4039e-07,1.8845e-06,2.5480e-06,3.2938e-06
P15,0.00,135.00,30.00,0.00,3.3351e-08,1.5268e-07,3.3646e-07,7.5572e-07,2.6227e-06,2.6160e-06,3.4264e-06,3.1531e-08,1.4469e-07,2.9818e-07,7.4233e-07,1.8850e-06,2.5480e-06,3.2951e-06
P15,30.00,180.00,0.00,0.00,3.8457e-08,1.5122e-07,3.4017e-07,7.5310e-07,2.6228e-06,2.6161e-06,3.4186e-06,3.6353e-08,1.4303e-07,3.0084e-07,7.3991e-07,1.8844e-06,2.5479e-06,3.2938e-06
P15,30.00,135.00,60.00,0.00,2.2599e-08,1.5114e-07,3.3983e-07,7.5278e-07,2.6228e-06,2.6161e-06,3.4185e-06,2.1409e-08,1.4299e-07,3.0060e-07,7.3958e-07,1.8843e-06,2.5479e-06,3.2937e-06
P15,0.00,45.00,0.00,0.00,3.5292e-08,1.5269e-07,3.3654e-07,7.5578e-07,2.6226e-06,2.6160e-06,3.4264e-06,3.3363e-08,1.4470e-07,2.9823e-07,7.4239e-07,1.8850e-06,2.5480e-06,3.2951e-06
P15,0.00,0.00,60.00,0.00,2.3943e-08,1.5263e-07,3.3629e-07,7.5568e-07,2.6227e-06,2.6160e-06,3.4264e-06,2.2708e-08,1.4466e-07,2.9804e-07,7.4229e-07,1.8851e-06,2.5480e-06,3.2951e-06
P15,30.00,135.00,30.00,0.00,3.3788e-08,1.5119e-07,3.4005e-07,7.5294e-07,2.6228e-06,2.6161e-06,3.4186e-06,3.1941e-08,1.4302e-07,3.0076e-07,7.3974e-07,1.8843e-06,2.5479e-06,3.2938e-06
P15,60.00,135.00,60.00,0.00,2.7143e-08,1.4114e-07,3.5283e-07,7.3733e-07,2.6212e-06,2.6145e-06,3.3635e-06,2.5718e-08,1.3220e-07,3.0729e-07,7.2476e-07,1.8786e-06,2.5455e-06,3.2760e-06
P15,60.00,180.00,0.00,0.00,4.7475e-08,1.4124e-07,3.5334e-07,7.3807e-07,2.6213e-06,2.6146e-06,3.3635e-06,4.4993e-08,1.3225e-07,3.0760e-07,7.2554e-07,1.8787e-06,2.5456e-06,3.2760e-06
P15,30.00,90.00,30.00,0.00,3.7314e-08,1.5122e-07,3.4017e-07,7.5316e-07,2.6228e-06,2.6161e-06,3.4186e-06,3.5302e-08,1.4303e-07,3.0083e-07,7.3998e-07,1.8844e-06,2.5479e-06,3.2938e-06
P15,0.00,0.00,0.00,0.00,3.5292e-08,1.5269e-07,3.3654e-07,7.5578e-07,2.6226e-06,2.6160e-06,3.4264e-06,3.3363e-08,1.4470e-07,2.9823e-07,7.4239e-07,1.8850e-06,2.5480e-06,3.2951e-06
P15,0.00,180.00,60.00,0.00,2.3943e-08,1.5263e-07,3.3629e-07,7.5568e-07,2.6227e-06,2.6160e-06,3.4264e-06,2.2708e-08,1.4466e-07,2.9804e-07,7.4229e-07,1.8851e-06,2.5480e-06,3.2951e-06
P15,0.00,180.00,0.00,0.00,3.5292e-08,1.5269e-07,3.3654e-07,7.5578e-07,2.6226e-06,2.6160e-06,3.4264e-06,3.3363e-08,1.4470e-07,2.9823e-07,7.4239e-07,1.8850e-06,2.5480e-06,3.2951e-06
P15,60.00,135.00,30.00,0.00,3.8847e-08,1.4119e-07,3.5309e-07,7.3761e-07,2.6213e-06,2.6145e-06,3.3635e-06,3.6778e-08,1.3222e-07,3.0745e-07,7.2505e-07,1.8786e-06,2.5455e-06,3.2760e-06
P15,60.00,135.00,0.00,0.00,4.7475e-08,1.4124e-07,3.5334e-07,7.3807e-07,2.6213e-06,2.6146e-06,3.3635e-06,4.4993e-08,1.3225e-07,3.0760e-07,7.2554e-07,1.8787e-06,2.5456e-06,3.2760e-06
P15,60.00,90.00,0.00,0.00,4.7475e-08,1.4124e-07,3.5334e-07,7.3807e-07,2.6213e-06,2.6146e-06,3.3635e-06,4.4993e-08,1.3225e-07,3.0760e-07,7.2554e-07,1.8787e-06,2.5456e-06,3.2760e-06
P15,0.00,135.00,60.00,0.00,2.3943e-08,1.5263e-07,3.3629e-07,7.5568e-07,2.6227e-06,2.6160e-06,3.4264e-06,2.2708e-08,1.4466e-07,2.9804e-07,7.4229e-07,1.8851e-06,2.5480e-06,3.2951e-06
P15,60.00,90.00,60.00,0.00,4.0427e-08,1.4119e-07,3.5313e-07,7.3807e-07,2.6213e-06,2.6146e-06,3.3635e-06,3.8379e-08,1.3222e-07,3.0745e-07,7.2554e-07,1.8787e-06,2.5456e-06,3.2760e-06
P15,0.00,135.00,0.00,0.00,3.5292e-08,1.5269e-07,3.3654e-07,7.5578e-07,2.6226e-06,2.6160e-06,3.4264e-06,3.3363e-08,1.4470e-07,2.9823e-07,7.4239e-07,1.8850e-06,2.5480e-06,3.2951e-06
P15,60.00,0.00,60.00,0.00,1.0847e-07,1.4147e-07,3.5511e-07,7.4304e-07,2.6219e-06,2.6152e-06,3.3637e-06,1.0361e-07,1.3234e-07,3.0848e-07,7.3082e-07,1.8797e-06,2.5462e-06,3.2764e-06
P15,60.00,180.00,30.00,0.00,3.6071e-08,1.4118e-07,3.5303e-07,7.3751e-07,2.6212e-06,2.6145e-06,3.3635e-06,3.4138e-08,1.3222e-07,3.0742e-07,7.2495e-07,1.8786e-06,2.5455e-06,3.2760e-06
P15,0.00,0.00,30.00,0.00,3.3351e-08,1.5268e-07,3.3646e-07,7.5572e-07,2.6227e-06,2.6160e-06,3.4264e-06,3.1531e-08,1.4469e-07,2.9818e-07,7.4233e-07,1.8850e-06,2.5480e-06,3.2951e-06
P15,60.00,90.00,30.00,0.00,4.7679e-08,1.4123e-07,3.5332e-07,7.3806e-07,2.6213e-06,2.6146e-06,3.3635e-06,4.5197e-08,1.3224e-07,3.0758e-07,7.2553e-07,1.8786e-06,2.5456e-06,3.2760e-06
P15,0.00,90.00,30.00,0.00,3.3351e-08,1.5268e-07,3.3646e-07,7.5572e-07,2.6227e-06,2.6160e-06,3.4264e-06,3.1531e-08,1.4469e-07,2.9818e-07,7.4233e-07,1.8850e-06,2.5480e-06,3.2951e-06
P15,0.00,90.00,0.00,0.00,3.5292e-08,1.5269e-07,3.3654e-07,7.5578e-07,2.6226e-06,2.6160e-06,3.4264e-06,3.3363e-08,1.4470e-07,2.9823e-07,7.4239e-07,1.8850e-06,2.5480e-06,3.2951e-06
P15,30.00,90.00,60.00,0.00,2.7707e-08,1.5116e-07,3.3996e-07,7.5304e-07,2.6228e-06,2.6161e-06,3.4186e-06,2.6280e-08,1.4300e-07,3.0067e-07,7.3986e-07,1.8844e-06,2.5479e-06,3.2938e-06
P15,30.00,135.00,0.00,0.00,3.8457e-08,1.5122e-07,3.4017e-07,7.5310e-07,2.6228e-06,2.6161e-06,3.4186e-06,3.6353e-08,1.4303e-07,3.0084e-07,7.3991e-07,1.8844e-06,2.5479e-06,3.2938e-06
P15,60.00,180.00,60.00,0.00,2.3650e-08,1.4112e-07,3.5272e-07,7.3690e-07,2.6212e-06,2.6145e-06,3.3634e-06,2.2380e-08,1.3219e-07,3.0723e-07,7.2431e-07,1.8784e-06,2.5455e-06,3.2759e-06
P15,30.00,0.00,0.00,0.00,3.8457e-08,1.5122e-07,3.4017e-07,7.5310e-07,2.6228e-06,2.6161e-06,3.4186e-06,3.6353e-08,1.4303e-07,3.0084e-07,7.3991e-07,1.8844e-06,2.5479e-06,3.2938e-06
P15,0.00,180.00,30.00,0.00,3.3351e-08,1.5268e-07,3.3646e-07,7.5572e-07,2.6227e-06,2.6160e-06,3.4264e-06,3.1531e-08,1.4469e-07,2.9818e-07,7.4233e-07,1.8850e-06,2.5480e-06,3.2951e-06
P15,30.00,0.00,30.00,0.00,4.3680e-08,1.5126e-07,3.4038e-07,7.5354e-07,2.6229e-06,2.6162e-06,3.4186e-06,4.1376e-08,1.4305e-07,3.0096e-07,7.4038e-07,1.8845e-06,2.5480e-06,3.2938e-06
P15,0.00,45.00,30.00,0.00,3.3351e-08,1.5268e-07,3.3646e-07,7.5572e-07,2.6227e-06,2.6160e-06,3.4264e-06,3.1531e-08,1.4469e-07,2.9818e-07,7.4233e-07,1.8850e-06,2.5480e-06,3.2951e-06
P15,60.00,45.00,30.00,0.00,6.1424e-08,1.4129e-07,3.5372e-07,7.3894e-07,2.6214e-06,2.6147e-06,3.3635e-06,5.8333e-08,1.3227e-07,3.0781e-07,7.2646e-07,1.8788e-06,2.5457e-06,3.2761e-06
P15,60.00,45.00,60.00,0.00,7.3874e-08,1.4131e-07,3.5401e-07,7.4021e-07,2.6215e-06,2.6148e-06,3.3636e-06,7.0378e-08,1.3227e-07,3.0791e-07,7.2782e-07,1.8790e-06,2.5458e-06,3.2762e-06
P15,60.00,45.00,0.00,0.00,4.7475e-08,1.4124e-07,3.5334e-07,7.3807e-07,2.6213e-06,2.6146e-06,3.3635e-06,4.4993e-08,1.3225e-07,3.0760e-07,7.2554e-07,1.8787e-06,2.5456e-06,3.2760e-06
P15,30.00,0.00,60.00,0.00,4.0377e-08,1.5122e-07,3.4033e-07,7.5379e-07,2.6229e-06,2.6162e-06,3.4186e-06,3.8393e-08,1.4302e-07,3.0088e-07,7.4065e-07,1.8845e-06,2.5480e-06,3.2938e-06
P15,30.00,180.00,30.00,0.00,3.2478e-08,1.5118e-07,3.3998e-07,7.5273e-07,2.6228e-06,2.6161e-06,3.4186e-06,3.0685e-08,1.4300e-07,3.0071e-07,7.3952e-07,1.8843e-06,2.5479e-06,3.2937e-06
P15,60.00,0.00,0.00,0.00,4.7475e-08,1.4124e-07,3.5334e-07,7.3807e-07,2.6213e-06,2.6146e-06,3.3635e-06,4.4993e-08,1.3225e-07,3.0760e-07,7.2554e-07,1.8787e-06,2.5456e-06,3.2760e-06
P15,30.00,45.00,0.00,0.00,3.8457e-08,1.5122e-07,3.4017e-07,7.5310e-07,2.6228e-06,2.6161e-06,3.4186e-06,3.6353e-08,1.4303e-07,3.0084e-07,7.3991e-07,1.8844e-06,2.5479e-06,3.2938e-06
P15,0.00,45.00,60.00,0.00,2.3943e-08,1.5263e-07,3.3629e-07,7.5568e-07,2.6227e-06,2.6160e-06,3.4264e-06,2.2708e-08,1.4466e-07,2.9804e-07,7.4229e-07,1.8851e-06,2.5480e-06,3.2951e-06
P16,60.00,90.00,30.00,0.00,5.5158e-08,3.0508e-07,9.8216e-07,3.1292e-06,7.5106e-06,7.4982e-06,6.0746e-06,5.2912e-08,2.7885e-07,7.4656e-07,3.1531e-06,6.1499e-06,7.4019e-06,6.8899e-06
P16,60.00,45.00,60.00,0.00,8.0293e-08,3.0509e-07,9.8220e-07,3.1312e-06,7.5108e-06,7.4984e-06,6.0746e-06,7.7078e-08,2.7885e-07,7.4657e-07,3.1552e-06,6.1503e-06,7.4021e-06,6.8900e-06
P16,60.00,0.00,0.00,0.00,5.4986e-08,3.0508e-07,9.8216e-07,3.1292e-06,7.5106e-06,7.4982e-06,6.0746e-06,5.2738e-08,2.7885e-07,7.4656e-07,3.1531e-06,6.1500e-06,7.4019e-06,6.8899e-06
P16,30.00,180.00,60.00,0.00,3.0756e-08,3.6347e-07,1.0993e-06,3.2936e-06,7.6409e-06,7.6284e-06,6.6773e-06,2.9825e-08,3.3463e-07,8.4810e-07,3.3048e-06,6.2710e-06,7.5246e-06,7.3610e-06
P16,0.00,0.00,30.00,0.00,4.3258e-08,3.7879e-07,1.1287e-06,3.3294e-06,7.6705e-06,7.6580e-06,6.8234e-06,4.1642e-08,3.4931e-07,8.7414e-07,3.3374e-06,6.2985e-06,7.5527e-06,7.4711e-06
P16,30.00,135.00,0.00,0.00,4.7882e-08,3.6348e-07,1.0994e-06,3.2939e-06,7.6409e-06,7.6284e-06,6.6773e-06,4.5993e-08,3.3464e-07,8.4811e-07,3.3052e-06,6.2710e-06,7.5246e-06,7.3610e-06
P16,0.00,45.00,30.00,0.00,4.3258e-08,3.7879e-07,1.1287e-06,3.3294e-06,7.6705e-06,7.6580e-06,6.8234e-06,4.1642e-08,3.4931e-07,8.7414e-07,3.3374e-06,6.2985e-06,7.5527e-06,7.4711e-06
P16,60.00,90.00,0.00,0.00,5.4986e-08,3.0508e-07,9.8216e-07,3.1292e-06,7.5106e-06,7.4982e-06,6.0746e-06,5.2738e-08,2.7885e-07,7.4656e-07,3.1531e-06,6.1500e-06,7.4019e-06,6.8899e-06
P16,30.00,180.00,0.00,0.00,4.7882e-08,3.6348e-07,1.0994e-06,3.2939e-06,7.6409e-06,7.6284e-06,6.6773e-06,4.5993e-08,3.3464e-07,8.4811e-07,3.3052e-06,6.2710e-06,7.5246e-06,7.3610e-06
P16,60.00,45.00,0.00,0.00,5.4986e-08,3.0508e-07,9.8216e-07,3.1292e-06,7.5106e-06,7.4982e-06,6.0746e-06,5.2738e-08,2.7885e-07,7.4656e-07,3.1531e-06,6.1500e-06,7.4019e-06,6.8899e-06
P16,60.00,135.00,30.00,0.00,4.6621e-08,3.0507e-07,9.8214e-07,3.1288e-06,7.5105e-06,7.4981e-06,6.0746e-06,4.4769e-08,2.7885e-07,7.4656e-07,3.1527e-06,6.1499e-06,7.4019e-06,6.8899e-06
P16,0.00,180.00,60.00,0.00,3.3975e-08,3.7878e-07,1.1287e-06,3.3294e-06,7.6705e-06,7.6580e-06,6.8234e-06,3.2926e-08,3.4931e-07,8.7413e-07,3.3374e-06,6.2986e-06,7.5527e-06,7.4711e-06
P16,30.00,135.00,30.00,0.00,4.3304e-08,3.6348e-07,1.0994e-06,3.2938e-06,7.6409e-06,7.6284e-06,6.6773e-06,4.1662e-08,3.3464e-07,8.4811e-07,3.3050e-06,6.2710e-06,7.5246e-06,7.3610e-06
P16,0.00,0.00,60.00,0.00,3.3975e-08,3.7878e-07,1.1287e-06,3.3294e-06,7.6705e-06,7.6580e-06,6.8234e-06,3.2926e-08,3.4931e-07,8.7413e-07,3.3374e-06,6.2986e-06,7.5527e-06,7.4711e-06
P16,0.00,90.00,60.00,0.00,3.3975e-08,3.7878e-07,1.1287e-06,3.3294e-06,7.6705e-06,7.6580e-06,6.8234e-06,3.2926e-08,3.4931e-07,8.7413e-07,3.3374e-06,6.2986e-06,7.5527e-06,7.4711e-06
P16,0.00,135.00,60.00,0.00,3.3975e-08,3.7878e-07,1.1287e-06,3.3294e-06,7.6705e-06,7.6580e-06,6.8234e-06,3.2926e-08,3.4931e-07,8.7413e-07,3.3374e-06,6.2986e-06,7.5527e-06,7.4711e-06
P16,60.00,135.00,0.00,0.00,5.4986e-08,3.0508e-07,9.8216e-07,3.1292e-06,7.5106e-06,7.4982e-06,6.0746e-06,5.2738e-08,2.7885e-07,7.4656e-07,3.1531e-06,6.1500e-06,7.4019e-06,6.8899e-06
P16,60.00,180.00,30.00,0.00,4.3939e-08,3.0507e-07,9.8214e-07,3.1287e-06,7.5105e-06,7.4981e-06,6.0746e-06,4.2216e-08,2.7885e-07,7.4656e-07,3.1526e-06,6.1499e-06,7.4019e-06,6.8899e-06
P16,60.00,180.00,60.00,0.00,3.1872e-08,3.0506e-07,9.8210e-07,3.1282e-06,7.5104e-06,7.4980e-06,6.0745e-06,3.0783e-08,2.7884e-07,7.4655e-07,3.1520e-06,6.1497e-06,7.4018e-06,6.8898e-06
P16,60.00,180.00,0.00,0.00,5.4986e-08,3.0508e-07,9.8216e-07,3.1292e-06,7.5106e-06,7.4982e-06,6.0746e-06,5.2738e-08,2.7885e-07,7.4656e-07,3.1531e-06,6.1500e-06,7.4019e-06,6.8899e-06
P16,30.00,135.00,60.00,0.00,3.2312e-08,3.6347e-07,1.0993e-06,3.2936e-06,7.6409e-06,7.6284e-06,6.6773e-06,3.1305e-08,3.3463e-07,8.4810e-07,3.3049e-06,6.2710e-06,7.5246e-06,7.3610e-06
P16,0.00,0.00,0.00,0.00,4.5181e-08,3.7880e-07,1.1287e-06,3.3295e-06,7.6705e-06,7.6580e-06,6.8234e-06,4.3460e-08,3.4931e-07,8.7414e-07,3.3375e-06,6.2985e-06,7.5527e-06,7.4711e-06
P16,30.00,45.00,30.00,0.00,5.0887e-08,3.6349e-07,1.0994e-06,3.2942e-06,7.6409e-06,7.6284e-06,6.6774e-06,4.8895e-08,3.3464e-07,8.4812e-07,3.3055e-06,6.2711e-06,7.5246e-06,7.3610e-06
P16,0.00,90.00,30.00,0.00,4.3258e-08,3.7879e-07,1.1287e-06,3.3294e-06,7.6705e-06,7.6580e-06,6.8234e-06,4.1642e-08,3.4931e-07,8.7414e-07,3.3374e-06,6.2985e-06,7.5527e-06,7.4711e-06
P16,60.00,0.00,30.00,0.00,7.6340e-08,3.0509e-07,9.8222e-07,3.1304e-06,7.5107e-06,7.4983e-06,6.0746e-06,7.3171e-08,2.7885e-07,7.4658e-07,3.1544e-06,6.1501e-06,7.4020e-06,6.8899e-06
P16,30.00,90.00,0.00,0.00,4.7882e-08,3.6348e-07,1.0994e-06,3.2939e-06,7.6409e-06,7.6284e-06,6.6773e-06,4.5993e-08,3.3464e-07,8.4811e-07,3.3052e-06,6.2710e-06,7.5246e-06,7.3610e-06
P16,0.00,45.00,0.00,0.00,4.5181e-08,3.7880e-07,1.1287e-06,3.3295e-06,7.6705e-06,7.6580e-06,6.8234e-06,4.3460e-08,3.4931e-07,8.7414e-07,3.3375e-06,6.2985e-06,7.5527e-06,7.4711e-06
P16,30.00,45.00,60.00,0.00,4.4971e-08,3.6348e-07,1.0994e-06,3.2944e-06,7.6409e-06,7.6285e-06,6.6773e-06,4.3398e-08,3.3464e-07,8.4811e-07,3.3056e-06,6.2711e-06,7.5246e-06,7.3610e-06
P16,60.00,90.00,60.00,0.00,4.8035e-08,3.0507e-07,9.8213e-07,3.1292e-06,7.5106e-06,7.4982e-06,6.0746e-06,4.6204e-08,2.7884e-07,7.4655e-07,3.1531e-06,6.1500e-06,7.4019e-06,6.8899e-06
P16,0.00,135.00,30.00,0.00,4.3258e-08,3.7879e-07,1.1287e-06,3.3294e-06,7.6705e-06,7.6580e-06,6.8234e-06,4.1642e-08,3.4931e-07,8.7414e-07,3.3374e-06,6.2985e-06,7.5527e-06,7.4711e-06
P16,60.00,0.00,60.00,0.00,1.1368e-07,3.0512e-07,9.8228e-07,3.1338e-06,7.5111e-06,7.4987e-06,6.0746e-06,1.0917e-07,2.7885e-07,7.4658e-07,3.1580e-06,6.1509e-06,7.4025e-06,6.8901e-06
P16,30.00,45.00,0.00,0.00,4.7882e-08,3.6348e-07,1.0994e-06,3.2939e-06,7.6409e-06,7.6284e-06,6.6773e-06,4.5993e-08,3.3464e-07,8.4811e-07,3.3052e-06,6.2710e-06,7.5246e-06,7.3610e-06
P16,0.00,180.00,0.00,0.00,4.5181e-08,3.7880e-07,1.1287e-06,3.3295e-06,7.6705e-06,7.6580e-06,6.8234e-06,4.3460e-08,3.4931e-07,8.7414e-07,3.3375e-06,6.2985e-06,7.5527e-06,7.4711e-06
P16,30.00,180.00,30.00,0.00,4.2028e-08,3.6348e-07,1.0994e-06,3.2936e-06,7.6408e-06,7.6284e-06,6.6773e-06,4.0439e-08,3.3464e-07,8.4811e-07,3.3048e-06,6.2709e-06,7.5245e-06,7.3610e-06
P16,0.00,45.00,60.00,0.00,3.3975e-08,3.7878e-07,1.1287e-06,3.3294e-06,7.6705e-06,7.6580e-06,6.8234e-06,3.2926e-08,3.4931e-07,8.7413e-07,3.3374e-06,6.2986e-06,7.5527e-06,7.4711e-06
P16,30.00,0.00,60.00,0.00,4.9546e-08,3.6348e-07,1.0994e-06,3.2946e-06,7.6410e-06,7.6285e-06,6.6774e-06,4.7775e-08,3.3464e-07,8.4811e-07,3.3059e-06,6.2711e-06,7.5247e-06,7.3610e-06
P16,60.00,135.00,60.00,0.00,3.5237e-08,3.0506e-07,9.8211e-07,3.1286e-06,7.5105e-06,7.4981e-06,6.0745e-06,3.3999e-08,2.7884e-07,7.4655e-07,3.1524e-06,6.1499e-06,7.4018e-06,6.8898e-06
P16,30.00,90.00,60.00,0.00,3.7263e-08,3.6347e-07,1.0994e-06,3.2939e-06,7.6409e-06,7.6284e-06,6.6773e-06,3.6027e-08,3.3463e-07,8.4810e-07,3.3051e-06,6.2710e-06,7.5246e-06,7.3610e-06
P16,30.00,90.00,30.00,0.00,4.6739e-08,3.6348e-07,1.0994e-06,3.2940e-06,7.6409e-06,7.6284e-06,6.6773e-06,4.4938e-08,3.3464e-07,8.4811e-07,3.3052e-06,6.2710e-06,7.5246e-06,7.3610e-06
P16,0.00,180.00,30.00,0.00,4.3258e-08,3.7879e-07,1.1287e-06,3.3294e-06,7.6705e-06,7.6580e-06,6.8234e-06,4.1642e-08,3.4931e-07,8.7414e-07,3.3374e-06,6.2985e-06,7.5527e-06,7.4711e-06
P16,0.00,90.00,0.00,0.00,4.5181e-08,3.7880e-07,1.1287e-06,3.3295e-06,7.6705e-06,7.6580e-06,6.8234e-06,4.3460e-08,3.4931e-07,8.7414e-07,3.3375e-06,6.2985e-06,7.5527e-06,7.4711e-06
P16,30.00,0.00,0.00,0.00,4.7882e-08,3.6348e-07,1.0994e-06,3.2939e-06,7.6409e-06,7.6284e-06,6.6773e-06,4.5993e-08,3.3464e-07,8.4811e-07,3.3052e-06,6.2710e-06,7.5246e-06,7.3610e-06
P16,60.00,45.00,30.00,0.00,6.8451e-08,3.0509e-07,9.8219e-07,3.1300e-06,7.5107e-06,7.4983e-06,6.0746e-06,6.5622e-08,2.7885e-07,7.4657e-07,3.1540e-06,6.1501e-06,7.4020e-06,6.8899e-06
P16,30.00,0.00,30.00,0.00,5.2942e-08,3.6349e-07,1.0994e-06,3.2944e-06,7.6409e-06,7.6285e-06,6.6774e-06,5.0860e-08,3.3464e-07,8.4812e-07,3.3056e-06,6.2711e-06,7.5246e-06,7.3610e-06
P16,0.00,135.00,0.00,0.00,4.5181e-08,3.7880e-07,1.1287e-06,3.3295e-06,7.6705e-06,7.6580e-06,6.8234e-06,4.3460e-08,3.4931e-07,8.7414e-07,3.3375e-06,6.2985e-06,7.5527e-06,7.4711e-06
P17,60.00,90.00,30.00,0.00,7.1297e-08,2.9188e-07,1.0013e-06,4.9903e-06,1.0435e-05,1.0422e-05,7.2516e-06,6.9628e-08,2.6361e-07,7.3381e-07,5.0513e-06,9.0467e-06,1.0354e-05,8.6759e-06
P17,60.00,90.00,60.00,0.00,6.4296e-08,2.9187e-07,1.0013e-06,4.9903e-06,1.0435e-05,1.0422e-05,7.2516e-06,6.3009e-08,2.6361e-07,7.3381e-07,5.0513e-06,9.0468e-06,1.0354e-05,8.6759e-06
P17,30.00,45.00,30.00,0.00,7.1607e-08,3.5444e-07,1.1609e-06,5.3127e-06,1.0753e-05,1.0740e-05,8.2193e-06,7.0101e-08,3.2207e-07,8.5532e-07,5.3534e-06,9.3147e-06,1.0655e-05,9.4898e-06
P17,60.00,180.00,30.00,0.00,6.1019e-08,2.9187e-07,1.0013e-06,4.9899e-06,1.0435e-05,1.0422e-05,7.2516e-06,5.9784e-08,2.6361e-07,7.3381e-07,5.0509e-06,9.0467e-06,1.0354e-05,8.6759e-06
P17,30.00,180.00,0.00,0.00,6.8856e-08,3.5444e-07,1.1609e-06,5.3124e-06,1.0753e-05,1.0740e-05,8.2193e-06,6.7432e-08,3.2207e-07,8.5532e-07,5.3532e-06,9.3146e-06,1.0655e-05,9.4898e-06
P17,0.00,45.00,0.00,0.00,6.7376e-08,3.7164e-07,1.2048e-06,5.3866e-06,1.0827e-05,1.0814e-05,8.4623e-06,6.6089e-08,3.3819e-07,8.8815e-07,5.4223e-06,9.3774e-06,1.0726e-05,9.6868e-06
P17,30.00,135.00,30.00,0.00,6.4512e-08,3.5444e-07,1.1609e-06,5.3123e-06,1.0753e-05,1.0740e-05,8.2193e-06,6.3310e-08,3.2207e-07,8.5532e-07,5.3531e-06,9.3145e-06,1.0655e-05,9.4898e-06
P17,30.00,180.00,30.00,0.00,6.3319e-08,3.5444e-07,1.1609e-06,5.3121e-06,1.0753e-05,1.0740e-05,8.2193e-06,6.2162e-08,3.2207e-07,8.5532e-07,5.3529e-06,9.3145e-06,1.0655e-05,9.4897e-06
P17,30.00,0.00,60.00,0.00,6.9973e-08,3.5444e-07,1.1609e-06,5.3129e-06,1.0753e-05,1.0740e-05,8.2193e-06,6.8697e-08,3.2207e-07,8.5532e-07,5.3537e-06,9.3147e-06,1.0655e-05,9.4898e-06
P17,60.00,0.00,30.00,0.00,9.0703e-08,2.9188e-07,1.0013e-06,4.9913e-06,1.0435e-05,1.0422e-05,7.2516e-06,8.8272e-08,2.6361e-07,7.3381e-07,5.0524e-06,9.0469e-06,1.0354e-05,8.6759e-06
P17,30.00,90.00,0.00,0.00,6.8856e-08,3.5444e-07,1.1609e-06,5.3124e-06,1.0753e-05,1.0740e-05,8.2193e-06,6.7432e-08,3.2207e-07,8.5532e-07,5.3532e-06,9.3146e-06,1.0655e-05,9.4898e-06
P17,0.00,90.00,0.00,0.00,6.7376e-08,3.7164e-07,1.2048e-06,5.3866e-06,1.0827e-05,1.0814e-05,8.4623e-06,6.6089e-08,3.3819e-07,8.8815e-07,5.4223e-06,9.3774e-06,1.0726e-05,9.6868e-06
P17,30.00,0.00,0.00,0.00,6.8856e-08,3.5444e-07,1.1609e-06,5.3124e-06,1.0753e-05,1.0740e-05,8.2193e-06,6.7432e-08,3.2207e-07,8.5532e-07,5.3532e-06,9.3146e-06,1.0655e-05,9.4898e-06
P17,0.00,45.00,60.00,0.00,5.6595e-08,3.7164e-07,1.2048e-06,5.3865e-06,1.0827e-05,1.0814e-05,8.4623e-06,5.5926e-08,3.3819e-07,8.8815e-07,5.4222e-06,9.3774e-06,1.0726e-05,9.6868e-06
P17,60.00,45.00,30.00,0.00,8.3476e-08,2.9188e-07,1.0013e-06,4.9910e-06,1.0435e-05,1.0422e-05,7.2516e-06,8.1324e-08,2.6361e-07,7.3381e-07,5.0520e-06,9.0469e-06,1.0354e-05,8.6759e-06
P17,60.00,90.00,0.00,0.00,7.1242e-08,2.9188e-07,1.0013e-06,4.9904e-06,1.0435e-05,1.0422e-05,7.2516e-06,6.9564e-08,2.6361e-07,7.3381e-07,5.0513e-06,9.0468e-06,1.0354e-05,8.6759e-06
P17,0.00,0.00,60.00,0.00,5.6595e-08,3.7164e-07,1.2048e-06,5.3865e-06,1.0827e-05,1.0814e-05,8.4623e-06,5.5926e-08,3.3819e-07,8.8815e-07,5.4222e-06,9.3774e-06,1.0726e-05,9.6868e-06
P17,30.00,45.00,0.00,0.00,6.8856e-08,3.5444e-07,1.1609e-06,5.3124e-06,1.0753e-05,1.0740e-05,8.2193e-06,6.7432e-08,3.2207e-07,8.5532e-07,5.3532e-06,9.3146e-06,1.0655e-05,9.4898e-06
P17,60.00,45.00,60.00,0.00,9.3377e-08,2.9188e-07,1.0013e-06,4.9918e-06,1.0435e-05,1.0422e-05,7.2516e-06,9.0977e-08,2.6361e-07,7.3381e-07,5.0530e-06,9.0470e-06,1.0354e-05,8.6759e-06
P17,0.00,0.00,0.00,0.00,6.7376e-08,3.7164e-07,1.2048e-06,5.3866e-06,1.0827e-05,1.0814e-05,8.4623e-06,6.6089e-08,3.3819e-07,8.8815e-07,5.4223e-06,9.3774e-06,1.0726e-05,9.6868e-06
P17,30.00,135.00,60.00,0.00,5.4038e-08,3.5443e-07,1.1609e-06,5.3121e-06,1.0753e-05,1.0740e-05,8.2193e-06,5.3411e-08,3.2207e-07,8.5532e-07,5.3529e-06,9.3145e-06,1.0655e-05,9.4897e-06
P17,60.00,45.00,0.00,0.00,7.1242e-08,2.9188e-07,1.0013e-06,4.9904e-06,1.0435e-05,1.0422e-05,7.2516e-06,6.9564e-08,2.6361e-07,7.3381e-07,5.0513e-06,9.0468e-06,1.0354e-05,8.6759e-06
P17,60.00,135.00,30.00,0.00,6.3476e-08,2.9187e-07,1.0013e-06,4.9900e-06,1.0435e-05,1.0422e-05,7.2516e-06,6.2134e-08,2.6361e-07,7.3381e-07,5.0509e-06,9.0467e-06,1.0354e-05,8.6759e-06
P17,0.00,135.00,30.00,0.00,6.5516e-08,3.7164e-07,1.2048e-06,5.3866e-06,1.0827e-05,1.0814e-05,8.4623e-06,6.4326e-08,3.3819e-07,8.8815e-07,5.4223e-06,9.3774e-06,1.0726e-05,9.6868e-06
P17,0.00,0.00,30.00,0.00,6.5516e-08,3.7164e-07,1.2048e-06,5.3866e-06,1.0827e-05,1.0814e-05,8.4623e-06,6.4326e-08,3.3819e-07,8.8815e-07,5.4223e-06,9.3774e-06,1.0726e-05,9.6868e-06
P17,0.00,180.00,0.00,0.00,6.7376e-08,3.7164e-07,1.2048e-06,5.3866e-06,1.0827e-05,1.0814e-05,8.4623e-06,6.6089e-08,3.3819e-07,8.8815e-07,5.4223e-06,9.3774e-06,1.0726e-05,9.6868e-06
P17,0.00,180.00,60.00,0.00,5.6595e-08,3.7164e-07,1.2048e-06,5.3865e-06,1.0827e-05,1.0814e-05,8.4623e-06,5.5926e-08,3.3819e-07,8.8815e-07,5.4222e-06,9.3774e-06,1.0726e-05,9.6868e-06
P17,60.00,180.00,0.00,0.00,7.1242e-08,2.9188e-07,1.0013e-06,4.9904e-06,1.0435e-05,1.0422e-05,7.2516e-06,6.9564e-08,2.6361e-07,7.3381e-07,5.0513e-06,9.0468e-06,1.0354e-05,8.6759e-06
P17,60.00,0.00,0.00,0.00,7.1242e-08,2.9188e-07,1.0013e-06,4.9904e-06,1.0435e-05,1.0422e-05,7.2516e-06,6.9564e-08,2.6361e-07,7.3381e-07,5.0513e-06,9.0468e-06,1.0354e-05,8.6759e-06
P17,60.00,135.00,0.00,0.00,7.1242e-08,2.9188e-07,1.0013e-06,4.9904e-06,1.0435e-05,1.0422e-05,7.2516e-06,6.9564e-08,2.6361e-07,7.3381e-07,5.0513e-06,9.0468e-06,1.0354e-05,8.6759e-06
P17,0.00,90.00,60.00,0.00,5.6595e-08,3.7164e-07,1.2048e-06,5.3865e-06,1.0827e-05,1.0814e-05,8.4623e-06,5.5926e-08,3.3819e-07,8.8815e-07,5.4222e-06,9.3774e-06,1.0726e-05,9.6868e-06
P17,30.00,90.00,30.00,0.00,6.7725e-08,3.5444e-07,1.1609e-06,5.3125e-06,1.0753e-05,1.0740e-05,8.2193e-06,6.6386e-08,3.2207e-07,8.5532e-07,5.3532e-06,9.3146e-06,1.0655e-05,9.4898e-06
P17,0.00,135.00,0.00,0.00,6.7376e-08,3.7164e-07,1.2048e-06,5.3866e-06,1.0827e-05,1.0814e-05,8.4623e-06,6.6089e-08,3.3819e-07,8.8815e-07,5.4223e-06,9.3774e-06,1.0726e-05,9.6868e-06
P17,30.00,135.00,0.00,0.00,6.8856e-08,3.5444e-07,1.1609e-06,5.3124e-06,1.0753e-05,1.0740e-05,8.2193e-06,6.7432e-08,3.2207e-07,8.5532e-07,5.3532e-06,9.3146e-06,1.0655e-05,9.4898e-06
P17,30.00,90.00,60.00,0.00,5.8616e-08,3.5443e-07,1.1609e-06,5.3123e-06,1.0753e-05,1.0740e-05,8.2193e-06,5.7794e-08,3.2207e-07,8.5532e-07,5.3531e-06,9.3146e-06,1.0655e-05,9.4897e-06
P17,60.00,0.00,60.00,0.00,1.2345e-07,2.9189e-07,1.0013e-06,4.9939e-06,1.0435e-05,1.0422e-05,7.2516e-06,1.2001e-07,2.6361e-07,7.3381e-07,5.0552e-06,9.0475e-06,1.0355e-05,8.6760e-06
P17,0.00,90.00,30.00,0.00,6.5516e-08,3.7164e-07,1.2048e-06,5.3866e-06,1.0827e-05,1.0814e-05,8.4623e-06,6.4326e-08,3.3819e-07,8.8815e-07,5.4223e-06,9.3774e-06,1.0726e-05,9.6868e-06
P17,60.00,180.00,60.00,0.00,4.9712e-08,2.9187e-07,1.0013e-06,4.9894e-06,1.0434e-05,1.0422e-05,7.2516e-06,4.9028e-08,2.6361e-07,7.3381e-07,5.0503e-06,9.0465e-06,1.0354e-05,8.6758e-06
P17,60.00,135.00,60.00,0.00,5.2747e-08,2.9187e-07,1.0013e-06,4.9898e-06,1.0435e-05,1.0422e-05,7.2516e-06,5.1943e-08,2.6361e-07,7.3381e-07,5.0507e-06,9.0466e-06,1.0354e-05,8.6759e-06
P17,30.00,180.00,60.00,0.00,5.2600e-08,3.5443e-07,1.1609e-06,5.3121e-06,1.0753e-05,1.0740e-05,8.2193e-06,5.2037e-08,3.2207e-07,8.5532e-07,5.3529e-06,9.3145e-06,1.0655e-05,9.4897e-06
P17,0.00,135.00,60.00,0.00,5.6595e-08,3.7164e-07,1.2048e-06,5.3865e-06,1.0827e-05,1.0814e-05,8.4623e-06,5.5926e-08,3.3819e-07,8.8815e-07,5.4222e-06,9.3774e-06,1.0726e-05,9.6868e-06
P17,0.00,45.00,30.00,0.00,6.5516e-08,3.7164e-07,1.2048e-06,5.3866e-06,1.0827e-05,1.0814e-05,8.4623e-06,6.4326e-08,3.3819e-07,8.8815e-07,5.4223e-06,9.3774e-06,1.0726e-05,9.6868e-06
P17,0.00,180.00,30.00,0.00,6.5516e-08,3.7164e-07,1.2048e-06,5.3866e-06,1.0827e-05,1.0814e-05,8.4623e-06,6.4326e-08,3.3819e-07,8.8815e-07,5.4223e-06,9.3774e-06,1.0726e-05,9.6868e-06
P17,30.00,0.00,30.00,0.00,7.3530e-08,3.5444e-07,1.1609e-06,5.3128e-06,1.0753e-05,1.0740e-05,8.2193e-06,7.1946e-08,3.2207e-07,8.5532e-07,5.3536e-06,9.3147e-06,1.0655e-05,9.4898e-06
P17,30.00,45.00,60.00,0.00,6.5743e-08,3.5444e-07,1.1609e-06,5.3127e-06,1.0753e-05,1.0740e-05,8.2193e-06,6.4634e-08,3.2207e-07,8.5532e-07,5.3535e-06,9.3147e-06,1.0655e-05,9.4898e-06
P18,30.00,90.00,0.00,0.00,4.9245e-08,2.6574e-07,8.9785e-07,3.7566e-06,8.4106e-06,8.3980e-06,7.0946e-06,4.7717e-08,2.4099e-07,6.5469e-07,3.7807e-06,7.0292e-06,8.3010e-06,7.9219e-06
P18,30.00,180.00,0.00,0.00,4.9245e-08,2.6574e-07,8.9785e-07,3.7566e-06,8.4106e-06,8.3980e-06,7.0946e-06,4.7717e-08,2.4099e-07,6.5469e-07,3.7807e-06,7.0292e-06,8.3010e-06,7.9219e-06
P18,60.00,180.00,60.00,0.00,3.3015e-08,2.2337e-07,7.7626e-07,3.5718e-06,8.2397e-06,8.2274e-06,6.3718e-06,3.2256e-08,2.0181e-07,5.6210e-07,3.6127e-06,6.8965e-06,8.1419e-06,7.3527e-06
P18,0.00,0.00,60.00,0.00,3.6044e-08,2.7764e-07,9.3042e-07,3.7952e-06,8.4464e-06,8.4337e-06,7.2679e-06,3.5275e-08,2.5207e-07,6.7994e-07,3.8152e-06,7.0566e-06,8.3343e-06,8.0532e-06
P18,30.00,135.00,0.00,0.00,4.9245e-08,2.6574e-07,8.9785e-07,3.7566e-06,8.4106e-06,8.3980e-06,7.0946e-06,4.7717e-08,2.4099e-07,6.5469e-07,3.7807e-06,7.0292e-06,8.3010e-06,7.9219e-06
P18,60.00,135.00,30.00,0.00,4.6691e-08,2.2338e-07,7.7626e-07,3.5724e-06,8.2397e-06,8.2274e-06,6.3718e-06,4.5286e-08,2.0181e-07,5.6210e-07,3.6132e-06,6.8966e-06,8.1420e-06,7.3527e-06
P18,0.00,90.00,30.00,0.00,4.5083e-08,2.7765e-07,9.3042e-07,3.7953e-06,8.4464e-06,8.4337e-06,7.2680e-06,4.3785e-08,2.5207e-07,6.7994e-07,3.8152e-06,7.0566e-06,8.3343e-06,8.0532e-06
P18,0.00,180.00,30.00,0.00,4.5083e-08,2.7765e-07,9.3042e-07,3.7953e-06,8.4464e-06,8.4337e-06,7.2680e-06,4.3785e-08,2.5207e-07,6.7994e-07,3.8152e-06,7.0566e-06,8.3343e-06,8.0532e-06
P18,30.00,45.00,30.00,0.00,5.1889e-08,2.6574e-07,8.9785e-07,3.7568e-06,8.4106e-06,8.3980e-06,7.0946e-06,5.0292e-08,2.4099e-07,6.5469e-07,3.7810e-06,7.0293e-06,8.3010e-06,7.9219e-06
P18,30.00,45.00,0.00,0.00,4.9245e-08,2.6574e-07,8.9785e-07,3.7566e-06,8.4106e-06,8.3980e-06,7.0946e-06,4.7717e-08,2.4099e-07,6.5469e-07,3.7807e-06,7.0292e-06,8.3010e-06,7.9219e-06
P18,0.00,90.00,60.00,0.00,3.6044e-08,2.7764e-07,9.3042e-07,3.7952e-06,8.4464e-06,8.4337e-06,7.2679e-06,3.5275e-08,2.5207e-07,6.7994e-07,3.8152e-06,7.0566e-06,8.3343e-06,8.0532e-06
P18,30.00,180.00,60.00,0.00,3.2934e-08,2.6573e-07,8.9785e-07,3.7562e-06,8.4106e-06,8.3979e-06,7.0946e-06,3.2266e-08,2.4098e-07,6.5469e-07,3.7804e-06,7.0292e-06,8.3010e-06,7.9219e-06
P18,0.00,0.00,0.00,0.00,4.6989e-08,2.7765e-07,9.3042e-07,3.7953e-06,8.4464e-06,8.4337e-06,7.2680e-06,4.5588e-08,2.5207e-07,6.7994e-07,3.8153e-06,7.0565e-06,8.3343e-06,8.0532e-06
P18,0.00,135.00,30.00,0.00,4.5083e-08,2.7765e-07,9.3042e-07,3.7953e-06,8.4464e-06,8.4337e-06,7.2680e-06,4.3785e-08,2.5207e-07,6.7994e-07,3.8152e-06,7.0566e-06,8.3343e-06,8.0532e-06
P18,0.00,180.00,0.00,0.00,4.6989e-08,2.7765e-07,9.3042e-07,3.7953e-06,8.4464e-06,8.4337e-06,7.2680e-06,4.5588e-08,2.5207e-07,6.7994e-07,3.8153e-06,7.0565e-06,8.3343e-06,8.0532e-06
P18,30.00,90.00,30.00,0.00,4.8059e-08,2.6574e-07,8.9785e-07,3.7566e-06,8.4106e-06,8.3980e-06,7.0946e-06,4.6621e-08,2.4099e-07,6.5469e-07,3.7807e-06,7.0292e-06,8.3010e-06,7.9219e-06
P18,0.00,135.00,60.00,0.00,3.6044e-08,2.7764e-07,9.3042e-07,3.7952e-06,8.4464e-06,8.4337e-06,7.2679e-06,3.5275e-08,2.5207e-07,6.7994e-07,3.8152e-06,7.0566e-06,8.3343e-06,8.0532e-06
P18,0.00,135.00,0.00,0.00,4.6989e-08,2.7765e-07,9.3042e-07,3.7953e-06,8.4464e-06,8.4337e-06,7.2680e-06,4.5588e-08,2.5207e-07,6.7994e-07,3.8153e-06,7.0565e-06,8.3343e-06,8.0532e-06
P18,60.00,180.00,30.00,0.00,4.4275e-08,2.2337e-07,7.7626e-07,3.5723e-06,8.2397e-06,8.2274e-06,6.3718e-06,4.2971e-08,2.0181e-07,5.6210e-07,3.6132e-06,6.8966e-06,8.1420e-06,7.3527e-06
P18,60.00,135.00,60.00,0.00,3.5987e-08,2.2337e-07,7.7626e-07,3.5721e-06,8.2397e-06,8.2274e-06,6.3718e-06,3.5117e-08,2.0181e-07,5.6210e-07,3.6130e-06,6.8966e-06,8.1420e-06,7.3527e-06
P18,60.00,45.00,0.00,0.00,5.4377e-08,2.2338e-07,7.7626e-07,3.5727e-06,8.2398e-06,8.2275e-06,6.3718e-06,5.2646e-08,2.0181e-07,5.6210e-07,3.6136e-06,6.8967e-06,8.1420e-06,7.3527e-06
P18,30.00,90.00,60.00,0.00,3.8821e-08,2.6573e-07,8.9785e-07,3.7565e-06,8.4106e-06,8.3980e-06,7.0946e-06,3.7911e-08,2.4098e-07,6.5469e-07,3.7806e-06,7.0292e-06,8.3010e-06,7.9219e-06
P18,30.00,45.00,60.00,0.00,4.5795e-08,2.6574e-07,8.9785e-07,3.7569e-06,8.4106e-06,8.3980e-06,7.0946e-06,4.4619e-08,2.4098e-07,6.5469e-07,3.7810e-06,7.0293e-06,8.3010e-06,7.9219e-06
P18,30.00,0.00,30.00,0.00,5.3786e-08,2.6574e-07,8.9785e-07,3.7569e-06,8.4106e-06,8.3980e-06,7.0946e-06,5.2115e-08,2.4099e-07,6.5469e-07,3.7811e-06,7.0293e-06,8.3010e-06,7.9220e-06
P18,60.00,45.00,60.00,0.00,7.5797e-08,2.2339e-07,7.7626e-07,3.5742e-06,8.2399e-06,8.2276e-06,6.3718e-06,7.3449e-08,2.0181e-07,5.6210e-07,3.6152e-06,6.8970e-06,8.1422e-06,7.3527e-06
P18,60.00,90.00,60.00,0.00,4.7295e-08,2.2338e-07,7.7626e-07,3.5726e-06,8.2398e-06,8.2275e-06,6.3718e-06,4.5977e-08,2.0181e-07,5.6210e-07,3.6136e-06,6.8967e-06,8.1420e-06,7.3527e-06
P18,30.00,0.00,0.00,0.00,4.9245e-08,2.6574e-07,8.9785e-07,3.7566e-06,8.4106e-06,8.3980e-06,7.0946e-06,4.7717e-08,2.4099e-07,6.5469e-07,3.7807e-06,7.0292e-06,8.3010e-06,7.9219e-06
P18,30.00,135.00,30.00,0.00,4.4888e-08,2.6574e-07,8.9785e-07,3.7564e-06,8.4106e-06,8.3980e-06,7.0946e-06,4.3582e-08,2.4099e-07,6.5469e-07,3.7806e-06,7.0291e-06,8.3010e-06,7.9219e-06
P18,30.00,135.00,60.00,0.00,3.4341e-08,2.6573e-07,8.9785e-07,3.7563e-06,8.4106e-06,8.3979e-06,7.0946e-06,3.3613e-08,2.4098e-07,6.5469e-07,3.7804e-06,7.0291e-06,8.3010e-06,7.9219e-06
P18,60.00,0.00,0.00,0.00,5.4377e-08,2.2338e-07,7.7626e-07,3.5727e-06,8.2398e-06,8.2275e-06,6.3718e-06,5.2646e-08,2.0181e-07,5.6210e-07,3.6136e-06,6.8967e-06,8.1420e-06,7.3527e-06
P18,60.00,45.00,30.00,0.00,6.6351e-08,2.2338e-07,7.7626e-07,3.5733e-06,8.2398e-06,8.2275e-06,6.3718e-06,6.4183e-08,2.0181e-07,5.6210e-07,3.6143e-06,6.8968e-06,8.1421e-06,7.3527e-06
P18,0.00,45.00,30.00,0.00,4.5083e-08,2.7765e-07,9.3042e-07,3.7953e-06,8.4464e-06,8.4337e-06,7.2680e-06,4.3785e-08,2.5207e-07,6.7994e-07,3.8152e-06,7.0566e-06,8.3343e-06,8.0532e-06
P18,0.00,90.00,0.00,0.00,4.6989e-08,2.7765e-07,9.3042e-07,3.7953e-06,8.4464e-06,8.4337e-06,7.2680e-06,4.5588e-08,2.5207e-07,6.7994e-07,3.8153e-06,7.0565e-06,8.3343e-06,8.0532e-06
P18,0.00,0.00,30.00,0.00,4.5083e-08,2.7765e-07,9.3042e-07,3.7953e-06,8.4464e-06,8.4337e-06,7.2680e-06,4.3785e-08,2.5207e-07,6.7994e-07,3.8152e-06,7.0566e-06,8.3343e-06,8.0532e-06
P18,0.00,45.00,60.00,0.00,3.6044e-08,2.7764e-07,9.3042e-07,3.7952e-06,8.4464e-06,8.4337e-06,7.2679e-06,3.5275e-08,2.5207e-07,6.7994e-07,3.8152e-06,7.0566e-06,8.3343e-06,8.0532e-06
P18,0.00,180.00,60.00,0.00,3.6044e-08,2.7764e-07,9.3042e-07,3.7952e-06,8.4464e-06,8.4337e-06,7.2679e-06,3.5275e-08,2.5207e-07,6.7994e-07,3.8152e-06,7.0566e-06,8.3343e-06,8.0532e-06
P18,60.00,0.00,30.00,0.00,7.3456e-08,2.2339e-07,7.7626e-07,3.5736e-06,8.2399e-06,8.2276e-06,6.3718e-06,7.1024e-08,2.0181e-07,5.6210e-07,3.6146e-06,6.8968e-06,8.1421e-06,7.3527e-06
P18,60.00,135.00,0.00,0.00,5.4377e-08,2.2338e-07,7.7626e-07,3.5727e-06,8.2398e-06,8.2275e-06,6.3718e-06,5.2646e-08,2.0181e-07,5.6210e-07,3.6136e-06,6.8967e-06,8.1420e-06,7.3527e-06
P18,0.00,45.00,0.00,0.00,4.6989e-08,2.7765e-07,9.3042e-07,3.7953e-06,8.4464e-06,8.4337e-06,7.2680e-06,4.5588e-08,2.5207e-07,6.7994e-07,3.8153e-06,7.0565e-06,8.3343e-06,8.0532e-06
P18,60.00,180.00,0.00,0.00,5.4377e-08,2.2338e-07,7.7626e-07,3.5727e-06,8.2398e-06,8.2275e-06,6.3718e-06,5.2646e-08,2.0181e-07,5.6210e-07,3.6136e-06,6.8967e-06,8.1420e-06,7.3527e-06
P18,60.00,90.00,0.00,0.00,5.4377e-08,2.2338e-07,7.7626e-07,3.5727e-06,8.2398e-06,8.2275e-06,6.3718e-06,5.2646e-08,2.0181e-07,5.6210e-07,3.6136e-06,6.8967e-06,8.1420e-06,7.3527e-06
P18,60.00,0.00,60.00,0.00,1.0530e-07,2.2340e-07,7.7626e-07,3.5762e-06,8.2401e-06,8.2278e-06,6.3719e-06,1.0200e-07,2.0181e-07,5.6210e-07,3.6174e-06,6.8974e-06,8.1424e-06,7.3528e-06
P18,60.00,90.00,30.00,0.00,5.4380e-08,2.2338e-07,7.7626e-07,3.5727e-06,8.2398e-06,8.2275e-06,6.3718e-06,5.2666e-08,2.0181e-07,5.6210e-07,3.6136e-06,6.8967e-06,8.1420e-06,7.3527e-06
P18,30.00,0.00,60.00,0.00,4.9934e-08,2.6574e-07,8.9785e-07,3.7570e-06,8.4106e-06,8.3980e-06,7.0946e-06,4.8603e-08,2.4098e-07,6.5469e-07,3.7812e-06,7.0293e-06,8.3011e-06,7.9220e-06
P18,30.00,180.00,30.00,0.00,4.3710e-08,2.6574e-07,8.9785e-07,3.7563e-06,8.4105e-06,8.3979e-06,7.0946e-06,4.2447e-08,2.4099e-07,6.5469e-07,3.7804e-06,7.0291e-06,8.3010e-06,7.9219e-06
P19,60.00,90.00,60.00,0.00,4.1983e-08,2.1387e-07,6.1714e-07,1.8686e-06,5.1084e-06,5.0982e-06,5.2291e-06,4.0030e-08,1.9820e-07,4.8261e-07,1.8494e-06,3.9835e-06,5.0085e-06,5.4072e-06
P19,60.00,45.00,30.00,0.00,6.2774e-08,2.1391e-07,6.1739e-07,1.8695e-06,5.1085e-06,5.0982e-06,5.2292e-06,5.9792e-08,1.9821e-07,4.8270e-07,1.8503e-06,3.9837e-06,5.0086e-06,5.4073e-06
P19,30.00,180.00,0.00,0.00,4.0614e-08,2.3554e-07,6.6478e-07,1.9257e-06,5.1497e-06,5.1394e-06,5.4268e-06,3.8593e-08,2.1860e-07,5.2619e-07,1.9053e-06,4.0197e-06,5.0461e-06,5.5652e-06
P19,60.00,90.00,0.00,0.00,4.9077e-08,2.1389e-07,6.1725e-07,1.8687e-06,5.1084e-06,5.0981e-06,5.2292e-06,4.6689e-08,1.9820e-07,4.8266e-07,1.8494e-06,3.9835e-06,5.0085e-06,5.4072e-06
P19,30.00,180.00,60.00,0.00,2.3269e-08,2.3550e-07,6.6459e-07,1.9253e-06,5.1497e-06,5.1394e-06,5.4267e-06,2.2229e-08,2.1859e-07,5.2610e-07,1.9049e-06,4.0197e-06,5.0460e-06,5.5652e-06
P19,60.00,135.00,0.00,0.00,4.9077e-08,2.1389e-07,6.1725e-07,1.8687e-06,5.1084e-06,5.0981e-06,5.2292e-06,4.6689e-08,1.9820e-07,4.8266e-07,1.8494e-06,3.9835e-06,5.0085e-06,5.4072e-06
P19,60.00,45.00,60.00,0.00,7.4789e-08,2.1391e-07,6.1743e-07,1.8707e-06,5.1086e-06,5.0984e-06,5.2292e-06,7.1423e-08,1.9820e-07,4.8270e-07,1.8516e-06,3.9839e-06,5.0087e-06,5.4074e-06
P19,60.00,90.00,30.00,0.00,4.9248e-08,2.1388e-07,6.1724e-07,1.8686e-06,5.1084e-06,5.0981e-06,5.2292e-06,4.6863e-08,1.9820e-07,4.8265e-07,1.8494e-06,3.9835e-06,5.0085e-06,5.4072e-06
P19,0.00,45.00,60.00,0.00,2.6249e-08,2.4150e-07,6.7592e-07,1.9359e-06,5.1564e-06,5.1461e-06,5.4757e-06,2.5088e-08,2.2431e-07,5.3693e-07,1.9151e-06,4.0253e-06,5.0521e-06,5.6013e-06
P19,0.00,135.00,30.00,0.00,3.5629e-08,2.4152e-07,6.7602e-07,1.9360e-06,5.1564e-06,5.1461e-06,5.4757e-06,3.3888e-08,2.2431e-07,5.3699e-07,1.9152e-06,4.0253e-06,5.0520e-06,5.6013e-06
P19,0.00,0.00,60.00,0.00,2.6249e-08,2.4150e-07,6.7592e-07,1.9359e-06,5.1564e-06,5.1461e-06,5.4757e-06,2.5088e-08,2.2431e-07,5.3693e-07,1.9151e-06,4.0253e-06,5.0521e-06,5.6013e-06
P19,30.00,135.00,60.00,0.00,2.4849e-08,2.3551e-07,6.6460e-07,1.9254e-06,5.1497e-06,5.1394e-06,5.4267e-06,2.3733e-08,2.1859e-07,5.2611e-07,1.9050e-06,4.0197e-06,5.0460e-06,5.5652e-06
P19,30.00,90.00,60.00,0.00,2.9879e-08,2.3551e-07,6.6466e-07,1.9256e-06,5.1497e-06,5.1394e-06,5.4267e-06,2.8529e-08,2.1859e-07,5.2613e-07,1.9053e-06,4.0197e-06,5.0461e-06,5.5652e-06
P19,0.00,135.00,60.00,0.00,2.6249e-08,2.4150e-07,6.7592e-07,1.9359e-06,5.1564e-06,5.1461e-06,5.4757e-06,2.5088e-08,2.2431e-07,5.3693e-07,1.9151e-06,4.0253e-06,5.0521e-06,5.6013e-06
P19,0.00,135.00,0.00,0.00,3.7570e-08,2.4152e-07,6.7607e-07,1.9360e-06,5.1564e-06,5.1461e-06,5.4757e-06,3.5720e-08,2.2432e-07,5.3701e-07,1.9152e-06,4.0253e-06,5.0520e-06,5.6013e-06
P19,60.00,0.00,0.00,0.00,4.9077e-08,2.1389e-07,6.1725e-07,1.8687e-06,5.1084e-06,5.0981e-06,5.2292e-06,4.6689e-08,1.9820e-07,4.8266e-07,1.8494e-06,3.9835e-06,5.0085e-06,5.4072e-06
P19,0.00,0.00,0.00,0.00,3.7570e-08,2.4152e-07,6.7607e-07,1.9360e-06,5.1564e-06,5.1461e-06,5.4757e-06,3.5720e-08,2.2432e-07,5.3701e-07,1.9152e-06,4.0253e-06,5.0520e-06,5.6013e-06
P19,60.00,45.00,0.00,0.00,4.9077e-08,2.1389e-07,6.1725e-07,1.8687e-06,5.1084e-06,5.0981e-06,5.2292e-06,4.6689e-08,1.9820e-07,4.8266e-07,1.8494e-06,3.9835e-06,5.0085e-06,5.4072e-06
P19,30.00,0.00,60.00,0.00,4.2353e-08,2.3554e-07,6.6480e-07,1.9263e-06,5.1498e-06,5.1395e-06,5.4268e-06,4.0458e-08,2.1860e-07,5.2618e-07,1.9060e-06,4.0198e-06,5.0461e-06,5.5652e-06
P19,0.00,45.00,0.00,0.00,3.7570e-08,2.4152e-07,6.7607e-07,1.9360e-06,5.1564e-06,5.1461e-06,5.4757e-06,3.5720e-08,2.2432e-07,5.3701e-07,1.9152e-06,4.0253e-06,5.0520e-06,5.6013e-06
P19,60.00,180.00,30.00,0.00,3.7827e-08,2.1387e-07,6.1713e-07,1.8681e-06,5.1084e-06,5.0981e-06,5.2291e-06,3.5978e-08,1.9820e-07,4.8261e-07,1.8488e-06,3.9834e-06,5.0084e-06,5.4072e-06
P19,0.00,0.00,30.00,0.00,3.5629e-08,2.4152e-07,6.7602e-07,1.9360e-06,5.1564e-06,5.1461e-06,5.4757e-06,3.3888e-08,2.2431e-07,5.3699e-07,1.9152e-06,4.0253e-06,5.0520e-06,5.6013e-06
P19,30.00,45.00,60.00,0.00,3.7707e-08,2.3553e-07,6.6475e-07,1.9261e-06,5.1498e-06,5.1395e-06,5.4268e-06,3.6013e-08,2.1860e-07,5.2616e-07,1.9058e-06,4.0198e-06,5.0461e-06,5.5652e-06
P19,0.00,180.00,0.00,0.00,3.7570e-08,2.4152e-07,6.7607e-07,1.9360e-06,5.1564e-06,5.1461e-06,5.4757e-06,3.5720e-08,2.2432e-07,5.3701e-07,1.9152e-06,4.0253e-06,5.0520e-06,5.6013e-06
P19,0.00,90.00,0.00,0.00,3.7570e-08,2.4152e-07,6.7607e-07,1.9360e-06,5.1564e-06,5.1461e-06,5.4757e-06,3.5720e-08,2.2432e-07,5.3701e-07,1.9152e-06,4.0253e-06,5.0520e-06,5.6013e-06
P19,0.00,180.00,30.00,0.00,3.5629e-08,2.4152e-07,6.7602e-07,1.9360e-06,5.1564e-06,5.1461e-06,5.4757e-06,3.3888e-08,2.2431e-07,5.3699e-07,1.9152e-06,4.0253e-06,5.0520e-06,5.6013e-06
P19,60.00,180.00,60.00,0.00,2.5531e-08,2.1385e-07,6.1701e-07,1.8675e-06,5.1083e-06,5.0980e-06,5.2291e-06,2.4336e-08,1.9819e-07,4.8256e-07,1.8482e-06,3.9833e-06,5.0083e-06,5.4072e-06
P19,0.00,90.00,30.00,0.00,3.5629e-08,2.4152e-07,6.7602e-07,1.9360e-06,5.1564e-06,5.1461e-06,5.4757e-06,3.3888e-08,2.2431e-07,5.3699e-07,1.9152e-06,4.0253e-06,5.0520e-06,5.6013e-06
P19,60.00,135.00,30.00,0.00,4.0559e-08,2.1387e-07,6.1715e-07,1.8682e-06,5.1084e-06,5.0981e-06,5.2291e-06,3.8577e-08,1.9820e-07,4.8262e-07,1.8489e-06,3.9834e-06,5.0084e-06,5.4072e-06
P19,30.00,0.00,0.00,0.00,4.0614e-08,2.3554e-07,6.6478e-07,1.9257e-06,5.1497e-06,5.1394e-06,5.4268e-06,3.8593e-08,2.1860e-07,5.2619e-07,1.9053e-06,4.0197e-06,5.0461e-06,5.5652e-06
P19,30.00,45.00,0.00,0.00,4.0614e-08,2.3554e-07,6.6478e-07,1.9257e-06,5.1497e-06,5.1394e-06,5.4268e-06,3.8593e-08,2.1860e-07,5.2619e-07,1.9053e-06,4.0197e-06,5.0461e-06,5.5652e-06
P19,60.00,135.00,60.00,0.00,2.8957e-08,2.1385e-07,6.1704e-07,1.8679e-06,5.1083e-06,5.0981e-06,5.2291e-06,2.7610e-08,1.9819e-07,4.8257e-07,1.8486e-06,3.9834e-06,5.0084e-06,5.4072e-06
P19,30.00,180.00,30.00,0.00,3.4684e-08,2.3552e-07,6.6469e-07,1.9253e-06,5.1497e-06,5.1394e-06,5.4267e-06,3.2970e-08,2.1860e-07,5.2615e-07,1.9050e-06,4.0196e-06,5.0460e-06,5.5652e-06
P19,0.00,90.00,60.00,0.00,2.6249e-08,2.4150e-07,6.7592e-07,1.9359e-06,5.1564e-06,5.1461e-06,5.4757e-06,2.5088e-08,2.2431e-07,5.3693e-07,1.9151e-06,4.0253e-06,5.0521e-06,5.6013e-06
P19,30.00,135.00,0.00,0.00,4.0614e-08,2.3554e-07,6.6478e-07,1.9257e-06,5.1497e-06,5.1394e-06,5.4268e-06,3.8593e-08,2.1860e-07,5.2619e-07,1.9053e-06,4.0197e-06,5.0461e-06,5.5652e-06
P19,60.00,0.00,60.00,0.00,1.0872e-07,2.1397e-07,6.1779e-07,1.8734e-06,5.1090e-06,5.0987e-06,5.2293e-06,1.0403e-07,1.9821e-07,4.8281e-07,1.8545e-06,3.9845e-06,5.0090e-06,5.4075e-06
P19,60.00,180.00,0.00,0.00,4.9077e-08,2.1389e-07,6.1725e-07,1.8687e-06,5.1084e-06,5.0981e-06,5.2292e-06,4.6689e-08,1.9820e-07,4.8266e-07,1.8494e-06,3.9835e-06,5.0085e-06,5.4072e-06
P19,30.00,135.00,30.00,0.00,3.5978e-08,2.3553e-07,6.6472e-07,1.9255e-06,5.1497e-06,5.1394e-06,5.4268e-06,3.4210e-08,2.1860e-07,5.2616e-07,1.9052e-06,4.0197e-06,5.0460e-06,5.5652e-06
P19,30.00,0.00,30.00,0.00,4.5750e-08,2.3555e-07,6.6486e-07,1.9261e-06,5.1498e-06,5.1395e-06,5.4268e-06,4.3534e-08,2.1861e-07,5.2622e-07,1.9058e-06,4.0198e-06,5.0461e-06,5.5652e-06
P19,0.00,45.00,30.00,0.00,3.5629e-08,2.4152e-07,6.7602e-07,1.9360e-06,5.1564e-06,5.1461e-06,5.4757e-06,3.3888e-08,2.2431e-07,5.3699e-07,1.9152e-06,4.0253e-06,5.0520e-06,5.6013e-06
P19,60.00,0.00,30.00,0.00,7.0798e-08,2.1392e-07,6.1747e-07,1.8699e-06,5.1085e-06,5.0983e-06,5.2292e-06,6.7469e-08,1.9821e-07,4.8273e-07,1.8507e-06,3.9837e-06,5.0086e-06,5.4073e-06
P19,30.00,90.00,30.00,0.00,3.9461e-08,2.3553e-07,6.6477e-07,1.9257e-06,5.1497e-06,5.1394e-06,5.4268e-06,3.7531e-08,2.1860e-07,5.2618e-07,1.9054e-06,4.0197e-06,5.0461e-06,5.5652e-06
P19,30.00,90.00,0.00,0.00,4.0614e-08,2.3554e-07,6.6478e-07,1.9257e-06,5.1497e-06,5.1394e-06,5.4268e-06,3.8593e-08,2.1860e-07,5.2619e-07,1.9053e-06,4.0197e-06,5.0461e-06,5.5652e-06
P19,0.00,180.00,60.00,0.00,2.6249e-08,2.4150e-07,6.7592e-07,1.9359e-06,5.1564e-06,5.1461e-06,5.4757e-06,2.5088e-08,2.2431e-07,5.3693e-07,1.9151e-06,4.0253e-06,5.0521e-06,5.6013e-06
P19,30.00,45.00,30.00,0.00,4.3667e-08,2.3554e-07,6.6483e-07,1.9260e-06,5.1498e-06,5.1395e-06,5.4268e-06,4.1542e-08,2.1861e-07,5.2621e-07,1.9056e-06,4.0198e-06,5.0461e-06,5.5652e-06
P20,0.00,135.00,60.00,0.00,3.0761e-08,3.1517e-07,9.7097e-07,2.8275e-06,6.8311e-06,6.8194e-06,6.1631e-06,2.9659e-08,2.8955e-07,7.5083e-07,2.8385e-06,5.5367e-06,6.7174e-06,6.7341e-06
P20,0.00,90.00,60.00,0.00,3.0761e-08,3.1517e-07,9.7097e-07,2.8275e-06,6.8311e-06,6.8194e-06,6.1631e-06,2.9659e-08,2.8955e-07,7.5083e-07,2.8385e-06,5.5367e-06,6.7174e-06,6.7341e-06
P20,30.00,45.00,60.00,0.00,4.1938e-08,3.0172e-07,9.4614e-07,2.7947e-06,6.8014e-06,6.7897e-06,6.0278e-06,4.0304e-08,2.7663e-07,7.2819e-07,2.8088e-06,5.5094e-06,6.6889e-06,6.6316e-06
P20,0.00,135.00,0.00,0.00,4.2014e-08,3.1519e-07,9.7105e-07,2.8276e-06,6.8311e-06,6.8194e-06,6.1631e-06,4.0233e-08,2.8955e-07,7.5087e-07,2.8386e-06,5.5367e-06,6.7173e-06,6.7341e-06
P20,60.00,90.00,30.00,0.00,5.2680e-08,2.5115e-07,8.4521e-07,2.6420e-06,6.6731e-06,6.6615e-06,5.4691e-06,5.0356e-08,2.2840e-07,6.3815e-07,2.6684e-06,5.3909e-06,6.5673e-06,6.1930e-06
P20,30.00,180.00,0.00,0.00,4.4839e-08,3.0172e-07,9.4616e-07,2.7943e-06,6.8013e-06,6.7896e-06,6.0278e-06,4.2886e-08,2.7663e-07,7.2820e-07,2.8084e-06,5.5093e-06,6.6889e-06,6.6316e-06
P20,0.00,45.00,30.00,0.00,4.0082e-08,3.1518e-07,9.7103e-07,2.8276e-06,6.8311e-06,6.8194e-06,6.1631e-06,3.8407e-08,2.8955e-07,7.5086e-07,2.8385e-06,5.5367e-06,6.7174e-06,6.7341e-06
P20,60.00,0.00,60.00,0.00,1.1158e-07,2.5121e-07,8.4547e-07,2.6466e-06,6.6737e-06,6.6620e-06,5.4692e-06,1.0697e-07,2.2841e-07,6.3820e-07,2.6733e-06,5.3919e-06,6.5678e-06,6.1933e-06
P20,0.00,90.00,30.00,0.00,4.0082e-08,3.1518e-07,9.7103e-07,2.8276e-06,6.8311e-06,6.8194e-06,6.1631e-06,3.8407e-08,2.8955e-07,7.5086e-07,2.8385e-06,5.5367e-06,6.7174e-06,6.7341e-06
P20,30.00,90.00,0.00,0.00,4.4839e-08,3.0172e-07,9.4616e-07,2.7943e-06,6.8013e-06,6.7896e-06,6.0278e-06,4.2886e-08,2.7663e-07,7.2820e-07,2.8084e-06,5.5093e-06,6.6889e-06,6.6316e-06
P20,0.00,180.00,60.00,0.00,3.0761e-08,3.1517e-07,9.7097e-07,2.8275e-06,6.8311e-06,6.8194e-06,6.1631e-06,2.9659e-08,2.8955e-07,7.5083e-07,2.8385e-06,5.5367e-06,6.7174e-06,6.7341e-06
P20,30.00,0.00,30.00,0.00,4.9932e-08,3.0173e-07,9.4620e-07,2.7947e-06,6.8014e-06,6.7896e-06,6.0278e-06,4.7785e-08,2.7663e-07,7.2821e-07,2.8088e-06,5.5094e-06,6.6889e-06,6.6316e-06
P20,60.00,180.00,60.00,0.00,2.9154e-08,2.5113e-07,8.4510e-07,2.6410e-06,6.6730e-06,6.6613e-06,5.4691e-06,2.8008e-08,2.2840e-07,6.3811e-07,2.6672e-06,5.3907e-06,6.5671e-06,6.1929e-06
P20,60.00,180.00,30.00,0.00,4.1352e-08,2.5114e-07,8.4516e-07,2.6415e-06,6.6731e-06,6.6614e-06,5.4691e-06,3.9561e-08,2.2840e-07,6.3813e-07,2.6678e-06,5.3908e-06,6.5672e-06,6.1930e-06
P20,30.00,90.00,30.00,0.00,4.3691e-08,3.0172e-07,9.4616e-07,2.7944e-06,6.8014e-06,6.7896e-06,6.0278e-06,4.1829e-08,2.7663e-07,7.2820e-07,2.8084e-06,5.5093e-06,6.6889e-06,6.6316e-06
P20,30.00,45.00,30.00,0.00,4.7865e-08,3.0173e-07,9.4619e-07,2.7946e-06,6.8014e-06,6.7896e-06,6.0278e-06,4.5809e-08,2.7663e-07,7.2821e-07,2.8087e-06,5.5094e-06,6.6889e-06,6.6316e-06
P20,60.00,135.00,30.00,0.00,4.4060e-08,2.5114e-07,8.4517e-07,2.6416e-06,6.6731e-06,6.6614e-06,5.4691e-06,4.2137e-08,2.2840e-07,6.3814e-07,2.6679e-06,5.3908e-06,6.5672e-06,6.1930e-06
P20,0.00,90.00,0.00,0.00,4.2014e-08,3.1519e-07,9.7105e-07,2.8276e-06,6.8311e-06,6.8194e-06,6.1631e-06,4.0233e-08,2.8955e-07,7.5087e-07,2.8386e-06,5.5367e-06,6.7173e-06,6.7341e-06
P20,30.00,180.00,60.00,0.00,2.7622e-08,3.0170e-07,9.4606e-07,2.7940e-06,6.8013e-06,6.7896e-06,6.0277e-06,2.6638e-08,2.7663e-07,7.2816e-07,2.8080e-06,5.5092e-06,6.6888e-06,6.6315e-06
P20,0.00,180.00,0.00,0.00,4.2014e-08,3.1519e-07,9.7105e-07,2.8276e-06,6.8311e-06,6.8194e-06,6.1631e-06,4.0233e-08,2.8955e-07,7.5087e-07,2.8386e-06,5.5367e-06,6.7173e-06,6.7341e-06
P20,30.00,135.00,60.00,0.00,2.9188e-08,3.0170e-07,9.4607e-07,2.7940e-06,6.8013e-06,6.7896e-06,6.0278e-06,2.8128e-08,2.7663e-07,7.2817e-07,2.8080e-06,5.5092e-06,6.6888e-06,6.6315e-06
P20,0.00,0.00,60.00,0.00,3.0761e-08,3.1517e-07,9.7097e-07,2.8275e-06,6.8311e-06,6.8194e-06,6.1631e-06,2.9659e-08,2.8955e-07,7.5083e-07,2.8385e-06,5.5367e-06,6.7174e-06,6.7341e-06
P20,0.00,0.00,0.00,0.00,4.2014e-08,3.1519e-07,9.7105e-07,2.8276e-06,6.8311e-06,6.8194e-06,6.1631e-06,4.0233e-08,2.8955e-07,7.5087e-07,2.8386e-06,5.5367e-06,6.7173e-06,6.7341e-06
P20,30.00,180.00,30.00,0.00,3.8952e-08,3.0172e-07,9.4611e-07,2.7940e-06,6.8013e-06,6.7895e-06,6.0278e-06,3.7303e-08,2.7663e-07,7.2818e-07,2.8080e-06,5.5092e-06,6.6888e-06,6.6315e-06
P20,0.00,135.00,30.00,0.00,4.0082e-08,3.1518e-07,9.7103e-07,2.8276e-06,6.8311e-06,6.8194e-06,6.1631e-06,3.8407e-08,2.8955e-07,7.5086e-07,2.8385e-06,5.5367e-06,6.7174e-06,6.7341e-06
P20,60.00,180.00,0.00,0.00,5.2510e-08,2.5115e-07,8.4522e-07,2.6421e-06,6.6731e-06,6.6615e-06,5.4691e-06,5.0185e-08,2.2840e-07,6.3815e-07,2.6684e-06,5.3909e-06,6.5673e-06,6.1930e-06
P20,60.00,90.00,0.00,0.00,5.2510e-08,2.5115e-07,8.4522e-07,2.6421e-06,6.6731e-06,6.6615e-06,5.4691e-06,5.0185e-08,2.2840e-07,6.3815e-07,2.6684e-06,5.3909e-06,6.5673e-06,6.1930e-06
P20,0.00,45.00,60.00,0.00,3.0761e-08,3.1517e-07,9.7097e-07,2.8275e-06,6.8311e-06,6.8194e-06,6.1631e-06,2.9659e-08,2.8955e-07,7.5083e-07,2.8385e-06,5.5367e-06,6.7174e-06,6.7341e-06
P20,60.00,0.00,0.00,0.00,5.2510e-08,2.5115e-07,8.4522e-07,2.6421e-06,6.6731e-06,6.6615e-06,5.4691e-06,5.0185e-08,2.2840e-07,6.3815e-07,2.6684e-06,5.3909e-06,6.5673e-06,6.1930e-06
P20,60.00,45.00,0.00,0.00,5.2510e-08,2.5115e-07,8.4522e-07,2.6421e-06,6.6731e-06,6.6615e-06,5.4691e-06,5.0185e-08,2.2840e-07,6.3815e-07,2.6684e-06,5.3909e-06,6.5673e-06,6.1930e-06
P20,0.00,0.00,30.00,0.00,4.0082e-08,3.1518e-07,9.7103e-07,2.8276e-06,6.8311e-06,6.8194e-06,6.1631e-06,3.8407e-08,2.8955e-07,7.5086e-07,2.8385e-06,5.5367e-06,6.7174e-06,6.7341e-06
P20,60.00,45.00,30.00,0.00,6.6100e-08,2.5117e-07,8.4529e-07,2.6429e-06,6.6732e-06,6.6616e-06,5.4691e-06,6.3185e-08,2.2840e-07,6.3816e-07,2.6692e-06,5.3911e-06,6.5674e-06,6.1931e-06
P20,30.00,135.00,0.00,0.00,4.4839e-08,3.0172e-07,9.4616e-07,2.7943e-06,6.8013e-06,6.7896e-06,6.0278e-06,4.2886e-08,2.7663e-07,7.2820e-07,2.8084e-06,5.5093e-06,6.6889e-06,6.6316e-06
P20,30.00,90.00,60.00,0.00,3.4174e-08,3.0171e-07,9.4609e-07,2.7943e-06,6.8013e-06,6.7896e-06,6.0278e-06,3.2883e-08,2.7663e-07,7.2817e-07,2.8083e-06,5.5093e-06,6.6889e-06,6.6315e-06
P20,30.00,0.00,60.00,0.00,4.6545e-08,3.0172e-07,9.4616e-07,2.7950e-06,6.8014e-06,6.7897e-06,6.0278e-06,4.4712e-08,2.7663e-07,7.2819e-07,2.8091e-06,5.5094e-06,6.6889e-06,6.6316e-06
P20,60.00,0.00,30.00,0.00,7.4064e-08,2.5118e-07,8.4533e-07,2.6433e-06,6.6732e-06,6.6616e-06,5.4691e-06,7.0804e-08,2.2840e-07,6.3817e-07,2.6697e-06,5.3911e-06,6.5674e-06,6.1931e-06
P20,0.00,180.00,30.00,0.00,4.0082e-08,3.1518e-07,9.7103e-07,2.8276e-06,6.8311e-06,6.8194e-06,6.1631e-06,3.8407e-08,2.8955e-07,7.5086e-07,2.8385e-06,5.5367e-06,6.7174e-06,6.7341e-06
P20,60.00,90.00,60.00,0.00,4.5450e-08,2.5114e-07,8.4516e-07,2.6420e-06,6.6731e-06,6.6615e-06,5.4691e-06,4.3552e-08,2.2840e-07,6.3813e-07,2.6684e-06,5.3909e-06,6.5673e-06,6.1930e-06
P20,60.00,135.00,0.00,0.00,5.2510e-08,2.5115e-07,8.4522e-07,2.6421e-06,6.6731e-06,6.6615e-06,5.4691e-06,5.0185e-08,2.2840e-07,6.3815e-07,2.6684e-06,5.3909e-06,6.5673e-06,6.1930e-06
P20,30.00,45.00,0.00,0.00,4.4839e-08,3.0172e-07,9.4616e-07,2.7943e-06,6.8013e-06,6.7896e-06,6.0278e-06,4.2886e-08,2.7663e-07,7.2820e-07,2.8084e-06,5.5093e-06,6.6889e-06,6.6316e-06
P20,60.00,135.00,60.00,0.00,3.2547e-08,2.5113e-07,8.4512e-07,2.6414e-06,6.6731e-06,6.6614e-06,5.4691e-06,3.1251e-08,2.2840e-07,6.3812e-07,2.6676e-06,5.3908e-06,6.5672e-06,6.1930e-06
P20,60.00,45.00,60.00,0.00,7.7956e-08,2.5118e-07,8.4530e-07,2.6440e-06,6.6733e-06,6.6617e-06,5.4691e-06,7.4655e-08,2.2840e-07,6.3816e-07,2.6705e-06,5.3913e-06,6.5675e-06,6.1931e-06
P20,30.00,0.00,0.00,0.00,4.4839e-08,3.0172e-07,9.4616e-07,2.7943e-06,6.8013e-06,6.7896e-06,6.0278e-06,4.2886e-08,2.7663e-07,7.2820e-07,2.8084e-06,5.5093e-06,6.6889e-06,6.6316e-06
P20,0.00,45.00,0.00,0.00,4.2014e-08,3.1519e-07,9.7105e-07,2.8276e-06,6.8311e-06,6.8194e-06,6.1631e-06,4.0233e-08,2.8955e-07,7.5087e-07,2.8386e-06,5.5367e-06,6.7173e-06,6.7341e-06
P20,30.00,135.00,30.00,0.00,4.0236e-08,3.0172e-07,9.4613e-07,2.7942e-06,6.8013e-06,6.7896e-06,6.0278e-06,3.8534e-08,2.7663e-07,7.2819e-07,2.8082e-06,5.5092e-06,6.6888e-06,6.6315e-06
P21,0.00,180.00,30.00,0.00,5.7995e-08,3.6232e-07,1.1399e-06,5.0248e-06,1.0318e-05,1.0304e-05,8.4809e-06,5.6919e-08,3.3117e-07,8.4111e-07,5.0500e-06,8.8523e-06,1.0210e-05,9.5131e-06
P21,60.00,90.00,30.00,0.00,6.5158e-08,2.9528e-07,9.5408e-07,4.7356e-06,1.0035e-05,1.0022e-05,7.3906e-06,6.3686e-08,2.6884e-07,7.0616e-07,4.7845e-06,8.6448e-06,9.9482e-06,8.6384e-06
P21,0.00,45.00,0.00,0.00,5.9862e-08,3.6232e-07,1.1399e-06,5.0248e-06,1.0318e-05,1.0304e-05,8.4809e-06,5.8688e-08,3.3117e-07,8.4111e-07,5.0501e-06,8.8522e-06,1.0210e-05,9.5131e-06
P21,30.00,0.00,60.00,0.00,6.2471e-08,3.4790e-07,1.0994e-06,4.9757e-06,1.0270e-05,1.0257e-05,8.2677e-06,6.1351e-08,3.1777e-07,8.1162e-07,5.0058e-06,8.8186e-06,1.0167e-05,9.3481e-06
P21,30.00,45.00,30.00,0.00,6.4249e-08,3.4790e-07,1.0994e-06,4.9755e-06,1.0270e-05,1.0257e-05,8.2677e-06,6.2891e-08,3.1777e-07,8.1162e-07,5.0056e-06,8.8186e-06,1.0167e-05,9.3481e-06
P21,0.00,90.00,30.00,0.00,5.7995e-08,3.6232e-07,1.1399e-06,5.0248e-06,1.0318e-05,1.0304e-05,8.4809e-06,5.6919e-08,3.3117e-07,8.4111e-07,5.0500e-06,8.8523e-06,1.0210e-05,9.5131e-06
P21,30.00,180.00,0.00,0.00,6.1676e-08,3.4790e-07,1.0994e-06,4.9753e-06,1.0270e-05,1.0257e-05,8.2677e-06,6.0385e-08,3.1777e-07,8.1162e-07,5.0053e-06,8.8186e-06,1.0167e-05,9.3481e-06
P21,60.00,0.00,0.00,0.00,6.5160e-08,2.9528e-07,9.5408e-07,4.7356e-06,1.0035e-05,1.0022e-05,7.3906e-06,6.3675e-08,2.6884e-07,7.0616e-07,4.7846e-06,8.6448e-06,9.9482e-06,8.6384e-06
P21,0.00,90.00,0.00,0.00,5.9862e-08,3.6232e-07,1.1399e-06,5.0248e-06,1.0318e-05,1.0304e-05,8.4809e-06,5.8688e-08,3.3117e-07,8.4111e-07,5.0501e-06,8.8522e-06,1.0210e-05,9.5131e-06
P21,30.00,135.00,60.00,0.00,4.7230e-08,3.4790e-07,1.0994e-06,4.9750e-06,1.0270e-05,1.0257e-05,8.2677e-06,4.6695e-08,3.1777e-07,8.1162e-07,5.0051e-06,8.8185e-06,1.0166e-05,9.3481e-06
P21,60.00,0.00,60.00,0.00,1.1496e-07,2.9530e-07,9.5408e-07,4.7388e-06,1.0035e-05,1.0023e-05,7.3906e-06,1.1192e-07,2.6884e-07,7.0616e-07,4.7880e-06,8.6455e-06,9.9485e-06,8.6385e-06
P21,60.00,135.00,60.00,0.00,4.7305e-08,2.9527e-07,9.5408e-07,4.7351e-06,1.0035e-05,1.0022e-05,7.3906e-06,4.6632e-08,2.6884e-07,7.0616e-07,4.7840e-06,8.6447e-06,9.9482e-06,8.6384e-06
P21,30.00,180.00,60.00,0.00,4.5858e-08,3.4790e-07,1.0994e-06,4.9750e-06,1.0270e-05,1.0257e-05,8.2677e-06,4.5381e-08,3.1777e-07,8.1162e-07,5.0050e-06,8.8185e-06,1.0166e-05,9.3481e-06
P21,0.00,135.00,0.00,0.00,5.9862e-08,3.6232e-07,1.1399e-06,5.0248e-06,1.0318e-05,1.0304e-05,8.4809e-06,5.8688e-08,3.3117e-07,8.4111e-07,5.0501e-06,8.8522e-06,1.0210e-05,9.5131e-06
P21,30.00,180.00,30.00,0.00,5.6286e-08,3.4790e-07,1.0994e-06,4.9750e-06,1.0270e-05,1.0257e-05,8.2677e-06,5.5248e-08,3.1777e-07,8.1162e-07,5.0050e-06,8.8185e-06,1.0166e-05,9.3481e-06
P21,60.00,90.00,60.00,0.00,5.8314e-08,2.9528e-07,9.5408e-07,4.7356e-06,1.0035e-05,1.0022e-05,7.3906e-06,5.7209e-08,2.6884e-07,7.0616e-07,4.7845e-06,8.6448e-06,9.9482e-06,8.6384e-06
P21,0.00,45.00,30.00,0.00,5.7995e-08,3.6232e-07,1.1399e-06,5.0248e-06,1.0318e-05,1.0304e-05,8.4809e-06,5.6919e-08,3.3117e-07,8.4111e-07,5.0500e-06,8.8523e-06,1.0210e-05,9.5131e-06
P21,0.00,90.00,60.00,0.00,4.9251e-08,3.6231e-07,1.1399e-06,5.0247e-06,1.0318e-05,1.0305e-05,8.4809e-06,4.8674e-08,3.3117e-07,8.4111e-07,5.0500e-06,8.8523e-06,1.0210e-05,9.5131e-06
P21,30.00,90.00,60.00,0.00,5.1603e-08,3.4790e-07,1.0994e-06,4.9752e-06,1.0270e-05,1.0257e-05,8.2677e-06,5.0893e-08,3.1777e-07,8.1162e-07,5.0052e-06,8.8186e-06,1.0167e-05,9.3481e-06
P21,30.00,135.00,0.00,0.00,6.1676e-08,3.4790e-07,1.0994e-06,4.9753e-06,1.0270e-05,1.0257e-05,8.2677e-06,6.0385e-08,3.1777e-07,8.1162e-07,5.0053e-06,8.8186e-06,1.0167e-05,9.3481e-06
P21,0.00,0.00,60.00,0.00,4.9251e-08,3.6231e-07,1.1399e-06,5.0247e-06,1.0318e-05,1.0305e-05,8.4809e-06,4.8674e-08,3.3117e-07,8.4111e-07,5.0500e-06,8.8523e-06,1.0210e-05,9.5131e-06
P21,30.00,45.00,0.00,0.00,6.1676e-08,3.4790e-07,1.0994e-06,4.9753e-06,1.0270e-05,1.0257e-05,8.2677e-06,6.0385e-08,3.1777e-07,8.1162e-07,5.0053e-06,8.8186e-06,1.0167e-05,9.3481e-06
P21,30.00,0.00,30.00,0.00,6.6097e-08,3.4790e-07,1.0994e-06,4.9756e-06,1.0270e-05,1.0257e-05,8.2677e-06,6.4668e-08,3.1777e-07,8.1162e-07,5.0057e-06,8.8186e-06,1.0167e-05,9.3481e-06
P21,30.00,45.00,60.00,0.00,5.8420e-08,3.4790e-07,1.0994e-06,4.9756e-06,1.0270e-05,1.0257e-05,8.2677e-06,5.7452e-08,3.1777e-07,8.1162e-07,5.0056e-06,8.8186e-06,1.0167e-05,9.3481e-06
P21,60.00,45.00,0.00,0.00,6.5160e-08,2.9528e-07,9.5408e-07,4.7356e-06,1.0035e-05,1.0022e-05,7.3906e-06,6.3675e-08,2.6884e-07,7.0616e-07,4.7846e-06,8.6448e-06,9.9482e-06,8.6384e-06
P21,0.00,135.00,60.00,0.00,4.9251e-08,3.6231e-07,1.1399e-06,5.0247e-06,1.0318e-05,1.0305e-05,8.4809e-06,4.8674e-08,3.3117e-07,8.4111e-07,5.0500e-06,8.8523e-06,1.0210e-05,9.5131e-06
P21,60.00,45.00,30.00,0.00,7.6833e-08,2.9528e-07,9.5408e-07,4.7362e-06,1.0035e-05,1.0022e-05,7.3906e-06,7.4924e-08,2.6884e-07,7.0616e-07,4.7852e-06,8.6449e-06,9.9483e-06,8.6385e-06
P21,30.00,90.00,0.00,0.00,6.1676e-08,3.4790e-07,1.0994e-06,4.9753e-06,1.0270e-05,1.0257e-05,8.2677e-06,6.0385e-08,3.1777e-07,8.1162e-07,5.0053e-06,8.8186e-06,1.0167e-05,9.3481e-06
P21,60.00,180.00,30.00,0.00,5.5320e-08,2.9528e-07,9.5408e-07,4.7352e-06,1.0035e-05,1.0022e-05,7.3906e-06,5.4243e-08,2.6884e-07,7.0616e-07,4.7841e-06,8.6447e-06,9.9482e-06,8.6384e-06
P21,60.00,135.00,0.00,0.00,6.5160e-08,2.9528e-07,9.5408e-07,4.7356e-06,1.0035e-05,1.0022e-05,7.3906e-06,6.3675e-08,2.6884e-07,7.0616e-07,4.7846e-06,8.6448e-06,9.9482e-06,8.6384e-06
P21,0.00,45.00,60.00,0.00,4.9251e-08,3.6231e-07,1.1399e-06,5.0247e-06,1.0318e-05,1.0305e-05,8.4809e-06,4.8674e-08,3.3117e-07,8.4111e-07,5.0500e-06,8.8523e-06,1.0210e-05,9.5131e-06
P21,0.00,0.00,30.00,0.00,5.7995e-08,3.6232e-07,1.1399e-06,5.0248e-06,1.0318e-05,1.0304e-05,8.4809e-06,5.6919e-08,3.3117e-07,8.4111e-07,5.0500e-06,8.8523e-06,1.0210e-05,9.5131e-06
P21,60.00,135.00,30.00,0.00,5.7670e-08,2.9528e-07,9.5408e-07,4.7353e-06,1.0035e-05,1.0022e-05,7.3906e-06,5.6495e-08,2.6884e-07,7.0616e-07,4.7842e-06,8.6447e-06,9.9482e-06,8.6384e-06
P21,60.00,90.00,0.00,0.00,6.5160e-08,2.9528e-07,9.5408e-07,4.7356e-06,1.0035e-05,1.0022e-05,7.3906e-06,6.3675e-08,2.6884e-07,7.0616e-07,4.7846e-06,8.6448e-06,9.9482e-06,8.6384e-06
P21,30.00,135.00,30.00,0.00,5.7432e-08,3.4790e-07,1.0994e-06,4.9752e-06,1.0270e-05,1.0257e-05,8.2677e-06,5.6353e-08,3.1777e-07,8.1162e-07,5.0052e-06,8.8185e-06,1.0167e-05,9.3481e-06
P21,0.00,180.00,60.00,0.00,4.9251e-08,3.6231e-07,1.1399e-06,5.0247e-06,1.0318e-05,1.0305e-05,8.4809e-06,4.8674e-08,3.3117e-07,8.4111e-07,5.0500e-06,8.8523e-06,1.0210e-05,9.5131e-06
P21,60.00,45.00,60.00,0.00,8.6124e-08,2.9529e-07,9.5408e-07,4.7369e-06,1.0035e-05,1.0022e-05,7.3906e-06,8.4017e-08,2.6884e-07,7.0616e-07,4.7860e-06,8.6451e-06,9.9484e-06,8.6385e-06
P21,30.00,0.00,0.00,0.00,6.1676e-08,3.4790e-07,1.0994e-06,4.9753e-06,1.0270e-05,1.0257e-05,8.2677e-06,6.0385e-08,3.1777e-07,8.1162e-07,5.0053e-06,8.8186e-06,1.0167e-05,9.3481e-06
P21,0.00,0.00,0.00,0.00,5.9862e-08,3.6232e-07,1.1399e-06,5.0248e-06,1.0318e-05,1.0304e-05,8.4809e-06,5.8688e-08,3.3117e-07,8.4111e-07,5.0501e-06,8.8522e-06,1.0210e-05,9.5131e-06
P21,60.00,180.00,60.00,0.00,4.4415e-08,2.9527e-07,9.5408e-07,4.7348e-06,1.0035e-05,1.0022e-05,7.3906e-06,4.3848e-08,2.6884e-07,7.0616e-07,4.7837e-06,8.6446e-06,9.9481e-06,8.6384e-06
P21,60.00,180.00,0.00,0.00,6.5160e-08,2.9528e-07,9.5408e-07,4.7356e-06,1.0035e-05,1.0022e-05,7.3906e-06,6.3675e-08,2.6884e-07,7.0616e-07,4.7846e-06,8.6448e-06,9.9482e-06,8.6384e-06
P21,0.00,180.00,0.00,0.00,5.9862e-08,3.6232e-07,1.1399e-06,5.0248e-06,1.0318e-05,1.0304e-05,8.4809e-06,5.8688e-08,3.3117e-07,8.4111e-07,5.0501e-06,8.8522e-06,1.0210e-05,9.5131e-06
P21,0.00,135.00,30.00,0.00,5.7995e-08,3.6232e-07,1.1399e-06,5.0248e-06,1.0318e-05,1.0304e-05,8.4809e-06,5.6919e-08,3.3117e-07,8.4111e-07,5.0500e-06,8.8523e-06,1.0210e-05,9.5131e-06
P21,60.00,0.00,30.00,0.00,8.3769e-08,2.9529e-07,9.5408e-07,4.7365e-06,1.0035e-05,1.0022e-05,7.3906e-06,8.1606e-08,2.6884e-07,7.0616e-07,4.7855e-06,8.6449e-06,9.9483e-06,8.6385e-06
P21,30.00,90.00,30.00,0.00,6.0519e-08,3.4790e-07,1.0994e-06,4.9753e-06,1.0270e-05,1.0257e-05,8.2677e-06,5.9314e-08,3.1777e-07,8.1162e-07,5.0054e-06,8.8186e-06,1.0167e-05,9.3481e-06
P22,60.00,135.00,0.00,0.00,5.5367e-08,2.3415e-07,8.5398e-07,3.1338e-06,7.5384e-06,7.5260e-06,5.9553e-06,5.3076e-08,2.1088e-07,6.1130e-07,3.1599e-06,6.1741e-06,7.4305e-06,6.8472e-06
P22,0.00,45.00,0.00,0.00,4.5144e-08,3.0029e-07,1.0351e-06,3.3214e-06,7.6741e-06,7.6615e-06,6.7424e-06,4.3404e-08,2.7211e-07,7.6297e-07,3.3300e-06,6.2931e-06,7.5557e-06,7.4420e-06
P22,0.00,90.00,60.00,0.00,3.3926e-08,3.0027e-07,1.0350e-06,3.3213e-06,7.6741e-06,7.6615e-06,6.7424e-06,3.2860e-08,2.7210e-07,7.6293e-07,3.3299e-06,6.2932e-06,7.5557e-06,7.4420e-06
P22,0.00,180.00,0.00,0.00,4.5144e-08,3.0029e-07,1.0351e-06,3.3214e-06,7.6741e-06,7.6615e-06,6.7424e-06,4.3404e-08,2.7211e-07,7.6297e-07,3.3300e-06,6.2931e-06,7.5557e-06,7.4420e-06
P22,30.00,45.00,0.00,0.00,4.7931e-08,2.8547e-07,9.9879e-07,3.2900e-06,7.6512e-06,7.6387e-06,6.5907e-06,4.6019e-08,2.5825e-07,7.3106e-07,3.3021e-06,6.2733e-06,7.5346e-06,7.3313e-06
P22,60.00,135.00,60.00,0.00,3.5459e-08,2.3412e-07,8.5384e-07,3.1330e-06,7.5384e-06,7.5259e-06,5.9553e-06,3.4194e-08,2.1087e-07,6.1125e-07,3.1591e-06,6.1740e-06,7.4304e-06,6.8472e-06
P22,30.00,90.00,60.00,0.00,3.7306e-08,2.8545e-07,9.9872e-07,3.2900e-06,7.6512e-06,7.6387e-06,6.5907e-06,3.6049e-08,2.5824e-07,7.3102e-07,3.3020e-06,6.2733e-06,7.5346e-06,7.3313e-06
P22,60.00,180.00,30.00,0.00,4.4215e-08,2.3413e-07,8.5390e-07,3.1332e-06,7.5384e-06,7.5259e-06,5.9553e-06,4.2459e-08,2.1087e-07,6.1127e-07,3.1593e-06,6.1740e-06,7.4304e-06,6.8472e-06
P22,0.00,180.00,30.00,0.00,4.3221e-08,3.0028e-07,1.0350e-06,3.3214e-06,7.6741e-06,7.6615e-06,6.7424e-06,4.1586e-08,2.7211e-07,7.6296e-07,3.3299e-06,6.2932e-06,7.5557e-06,7.4420e-06
P22,30.00,135.00,30.00,0.00,4.3335e-08,2.8546e-07,9.9876e-07,3.2899e-06,7.6512e-06,7.6387e-06,6.5907e-06,4.1672e-08,2.5824e-07,7.3104e-07,3.3019e-06,6.2733e-06,7.5346e-06,7.3313e-06
P22,0.00,135.00,60.00,0.00,3.3926e-08,3.0027e-07,1.0350e-06,3.3213e-06,7.6741e-06,7.6615e-06,6.7424e-06,3.2860e-08,2.7210e-07,7.6293e-07,3.3299e-06,6.2932e-06,7.5557e-06,7.4420e-06
P22,60.00,135.00,30.00,0.00,4.6927e-08,2.3414e-07,8.5391e-07,3.1333e-06,7.5384e-06,7.5259e-06,5.9553e-06,4.5038e-08,2.1088e-07,6.1128e-07,3.1594e-06,6.1740e-06,7.4304e-06,6.8472e-06
P22,60.00,90.00,60.00,0.00,4.8411e-08,2.3414e-07,8.5391e-07,3.1337e-06,7.5384e-06,7.5260e-06,5.9553e-06,4.6537e-08,2.1087e-07,6.1127e-07,3.1599e-06,6.1741e-06,7.4305e-06,6.8472e-06
P22,60.00,0.00,0.00,0.00,5.5367e-08,2.3415e-07,8.5398e-07,3.1338e-06,7.5384e-06,7.5260e-06,5.9553e-06,5.3076e-08,2.1088e-07,6.1130e-07,3.1599e-06,6.1741e-06,7.4305e-06,6.8472e-06
P22,30.00,180.00,0.00,0.00,4.7931e-08,2.8547e-07,9.9879e-07,3.2900e-06,7.6512e-06,7.6387e-06,6.5907e-06,4.6019e-08,2.5825e-07,7.3106e-07,3.3021e-06,6.2733e-06,7.5346e-06,7.3313e-06
P22,60.00,180.00,0.00,0.00,5.5367e-08,2.3415e-07,8.5398e-07,3.1338e-06,7.5384e-06,7.5260e-06,5.9553e-06,5.3076e-08,2.1088e-07,6.1130e-07,3.1599e-06,6.1741e-06,7.4305e-06,6.8472e-06
P22,0.00,135.00,0.00,0.00,4.5144e-08,3.0029e-07,1.0351e-06,3.3214e-06,7.6741e-06,7.6615e-06,6.7424e-06,4.3404e-08,2.7211e-07,7.6297e-07,3.3300e-06,6.2931e-06,7.5557e-06,7.4420e-06
P22,30.00,90.00,30.00,0.00,4.6794e-08,2.8547e-07,9.9879e-07,3.2901e-06,7.6513e-06,7.6387e-06,6.5907e-06,4.4970e-08,2.5825e-07,7.3105e-07,3.3022e-06,6.2733e-06,7.5346e-06,7.3313e-06
P22,30.00,0.00,30.00,0.00,5.3040e-08,2.8548e-07,9.9885e-07,3.2904e-06,7.6513e-06,7.6387e-06,6.5907e-06,5.0931e-08,2.5825e-07,7.3107e-07,3.3025e-06,6.2734e-06,7.5347e-06,7.3314e-06
P22,30.00,0.00,60.00,0.00,4.9701e-08,2.8547e-07,9.9882e-07,3.2907e-06,7.6513e-06,7.6388e-06,6.5907e-06,4.7899e-08,2.5825e-07,7.3105e-07,3.3028e-06,6.2734e-06,7.5347e-06,7.3314e-06
P22,30.00,135.00,0.00,0.00,4.7931e-08,2.8547e-07,9.9879e-07,3.2900e-06,7.6512e-06,7.6387e-06,6.5907e-06,4.6019e-08,2.5825e-07,7.3106e-07,3.3021e-06,6.2733e-06,7.5346e-06,7.3313e-06
P22,60.00,0.00,60.00,0.00,1.1482e-07,2.3422e-07,8.5433e-07,3.1384e-06,7.5390e-06,7.5265e-06,5.9554e-06,1.1020e-07,2.1089e-07,6.1139e-07,3.1649e-06,6.1750e-06,7.4310e-06,6.8475e-06
P22,0.00,45.00,60.00,0.00,3.3926e-08,3.0027e-07,1.0350e-06,3.3213e-06,7.6741e-06,7.6615e-06,6.7424e-06,3.2860e-08,2.7210e-07,7.6293e-07,3.3299e-06,6.2932e-06,7.5557e-06,7.4420e-06
P22,60.00,45.00,0.00,0.00,5.5367e-08,2.3415e-07,8.5398e-07,3.1338e-06,7.5384e-06,7.5260e-06,5.9553e-06,5.3076e-08,2.1088e-07,6.1130e-07,3.1599e-06,6.1741e-06,7.4305e-06,6.8472e-06
P22,0.00,180.00,60.00,0.00,3.3926e-08,3.0027e-07,1.0350e-06,3.3213e-06,7.6741e-06,7.6615e-06,6.7424e-06,3.2860e-08,2.7210e-07,7.6293e-07,3.3299e-06,6.2932e-06,7.5557e-06,7.4420e-06
P22,30.00,45.00,60.00,0.00,4.5084e-08,2.8546e-07,9.9878e-07,3.2904e-06,7.6513e-06,7.6388e-06,6.5907e-06,4.3483e-08,2.5824e-07,7.3104e-07,3.3026e-06,6.2734e-06,7.5347e-06,7.3314e-06
P22,60.00,0.00,30.00,0.00,7.6973e-08,2.3417e-07,8.5412e-07,3.1350e-06,7.5385e-06,7.5261e-06,5.9554e-06,7.3739e-08,2.1088e-07,6.1134e-07,3.1612e-06,6.1742e-06,7.4306e-06,6.8473e-06
P22,30.00,180.00,30.00,0.00,4.2050e-08,2.8546e-07,9.9874e-07,3.2897e-06,7.6512e-06,7.6386e-06,6.5907e-06,4.0441e-08,2.5824e-07,7.3103e-07,3.3017e-06,6.2732e-06,7.5346e-06,7.3313e-06
P22,60.00,180.00,60.00,0.00,3.2054e-08,2.3412e-07,8.5382e-07,3.1326e-06,7.5383e-06,7.5259e-06,5.9553e-06,3.0940e-08,2.1087e-07,6.1125e-07,3.1587e-06,6.1738e-06,7.4303e-06,6.8472e-06
P22,30.00,90.00,0.00,0.00,4.7931e-08,2.8547e-07,9.9879e-07,3.2900e-06,7.6512e-06,7.6387e-06,6.5907e-06,4.6019e-08,2.5825e-07,7.3106e-07,3.3021e-06,6.2733e-06,7.5346e-06,7.3313e-06
P22,30.00,180.00,60.00,0.00,3.0741e-08,2.8544e-07,9.9868e-07,3.2897e-06,7.6512e-06,7.6387e-06,6.5907e-06,2.9794e-08,2.5824e-07,7.3101e-07,3.3017e-06,6.2733e-06,7.5346e-06,7.3313e-06
P22,60.00,90.00,0.00,0.00,5.5367e-08,2.3415e-07,8.5398e-07,3.1338e-06,7.5384e-06,7.5260e-06,5.9553e-06,5.3076e-08,2.1088e-07,6.1130e-07,3.1599e-06,6.1741e-06,7.4305e-06,6.8472e-06
P22,30.00,135.00,60.00,0.00,3.2310e-08,2.8545e-07,9.9869e-07,3.2897e-06,7.6512e-06,7.6387e-06,6.5907e-06,3.1287e-08,2.5824e-07,7.3101e-07,3.3018e-06,6.2733e-06,7.5346e-06,7.3313e-06
P22,30.00,45.00,30.00,0.00,5.0971e-08,2.8547e-07,9.9883e-07,3.2903e-06,7.6513e-06,7.6387e-06,6.5907e-06,4.8953e-08,2.5825e-07,7.3107e-07,3.3024e-06,6.2734e-06,7.5346e-06,7.3314e-06
P22,60.00,90.00,30.00,0.00,5.5557e-08,2.3415e-07,8.5396e-07,3.1337e-06,7.5384e-06,7.5260e-06,5.9553e-06,5.3266e-08,2.1088e-07,6.1129e-07,3.1599e-06,6.1740e-06,7.4305e-06,6.8472e-06
P22,0.00,45.00,30.00,0.00,4.3221e-08,3.0028e-07,1.0350e-06,3.3214e-06,7.6741e-06,7.6615e-06,6.7424e-06,4.1586e-08,2.7211e-07,7.6296e-07,3.3299e-06,6.2932e-06,7.5557e-06,7.4420e-06
P22,60.00,45.00,30.00,0.00,6.8997e-08,2.3416e-07,8.5406e-07,3.1346e-06,7.5385e-06,7.5261e-06,5.9553e-06,6.6110e-08,2.1088e-07,6.1132e-07,3.1607e-06,6.1742e-06,7.4306e-06,6.8473e-06
P22,0.00,90.00,30.00,0.00,4.3221e-08,3.0028e-07,1.0350e-06,3.3214e-06,7.6741e-06,7.6615e-06,6.7424e-06,4.1586e-08,2.7211e-07,7.6296e-07,3.3299e-06,6.2932e-06,7.5557e-06,7.4420e-06
P22,0.00,0.00,0.00,0.00,4.5144e-08,3.0029e-07,1.0351e-06,3.3214e-06,7.6741e-06,7.6615e-06,6.7424e-06,4.3404e-08,2.7211e-07,7.6297e-07,3.3300e-06,6.2931e-06,7.5557e-06,7.4420e-06
P22,60.00,45.00,60.00,0.00,8.1049e-08,2.3417e-07,8.5410e-07,3.1358e-06,7.5387e-06,7.5262e-06,5.9554e-06,7.7758e-08,2.1088e-07,6.1132e-07,3.1620e-06,6.1744e-06,7.4307e-06,6.8474e-06
P22,30.00,0.00,0.00,0.00,4.7931e-08,2.8547e-07,9.9879e-07,3.2900e-06,7.6512e-06,7.6387e-06,6.5907e-06,4.6019e-08,2.5825e-07,7.3106e-07,3.3021e-06,6.2733e-06,7.5346e-06,7.3313e-06
P22,0.00,0.00,30.00,0.00,4.3221e-08,3.0028e-07,1.0350e-06,3.3214e-06,7.6741e-06,7.6615e-06,6.7424e-06,4.1586e-08,2.7211e-07,7.6296e-07,3.3299e-06,6.2932e-06,7.5557e-06,7.4420e-06
P22,0.00,135.00,30.00,0.00,4.3221e-08,3.0028e-07,1.0350e-06,3.3214e-06,7.6741e-06,7.6615e-06,6.7424e-06,4.1586e-08,2.7211e-07,7.6296e-07,3.3299e-06,6.2932e-06,7.5557e-06,7.4420e-06
P22,0.00,90.00,0.00,0.00,4.5144e-08,3.0029e-07,1.0351e-06,3.3214e-06,7.6741e-06,7.6615e-06,6.7424e-06,4.3404e-08,2.7211e-07,7.6297e-07,3.3300e-06,6.2931e-06,7.5557e-06,7.4420e-06
P22,0.00,0.00,60.00,0.00,3.3926e-08,3.0027e-07,1.0350e-06,3.3213e-06,7.6741e-06,7.6615e-06,6.7424e-06,3.2860e-08,2.7210e-07,7.6293e-07,3.3299e-06,6.2932e-06,7.5557e-06,7.4420e-06
P23,60.00,135.00,60.00,0.00,4.5000e-08,2.4859e-07,8.5938e-07,4.6674e-06,9.5310e-06,9.5203e-06,7.4495e-06,4.4707e-08,2.2426e-07,6.1986e-07,4.7157e-06,8.3661e-06,9.4617e-06,8.4536e-06
P23,0.00,135.00,30.00,0.00,5.6722e-08,3.1039e-07,1.0317e-06,5.0087e-06,1.0056e-05,1.0044e-05,8.5016e-06,5.6015e-08,2.8143e-07,7.5238e-07,5.0350e-06,8.7705e-06,9.9681e-06,9.3736e-06
P23,0.00,45.00,60.00,0.00,4.8358e-08,3.1039e-07,1.0317e-06,5.0086e-06,1.0056e-05,1.0044e-05,8.5016e-06,4.8095e-08,2.8143e-07,7.5238e-07,5.0349e-06,8.7705e-06,9.9681e-06,9.3736e-06
P23,30.00,90.00,60.00,0.00,5.0024e-08,2.9680e-07,9.9513e-07,4.9452e-06,9.9606e-06,9.9490e-06,8.2911e-06,4.9674e-08,2.6881e-07,7.2401e-07,4.9758e-06,8.6983e-06,9.8764e-06,9.1942e-06
P23,0.00,45.00,30.00,0.00,5.6722e-08,3.1039e-07,1.0317e-06,5.0087e-06,1.0056e-05,1.0044e-05,8.5016e-06,5.6015e-08,2.8143e-07,7.5238e-07,5.0350e-06,8.7705e-06,9.9681e-06,9.3736e-06
P23,60.00,180.00,60.00,0.00,4.2603e-08,2.4859e-07,8.5938e-07,4.6673e-06,9.5310e-06,9.5203e-06,7.4495e-06,4.2379e-08,2.2426e-07,6.1986e-07,4.7155e-06,8.3660e-06,9.4617e-06,8.4536e-06
P23,0.00,180.00,60.00,0.00,4.8358e-08,3.1039e-07,1.0317e-06,5.0086e-06,1.0056e-05,1.0044e-05,8.5016e-06,4.8095e-08,2.8143e-07,7.5238e-07,5.0349e-06,8.7705e-06,9.9681e-06,9.3736e-06
P23,60.00,135.00,0.00,0.00,6.1082e-08,2.4860e-07,8.5938e-07,4.6678e-06,9.5310e-06,9.5203e-06,7.4495e-06,6.0144e-08,2.2426e-07,6.1986e-07,4.7161e-06,8.3661e-06,9.4617e-06,8.4536e-06
P23,60.00,0.00,60.00,0.00,1.0088e-07,2.4861e-07,8.5938e-07,4.6691e-06,9.5311e-06,9.5203e-06,7.4495e-06,9.9099e-08,2.2426e-07,6.1986e-07,4.7175e-06,8.3663e-06,9.4617e-06,8.4536e-06
P23,0.00,180.00,0.00,0.00,5.8527e-08,3.1039e-07,1.0317e-06,5.0088e-06,1.0056e-05,1.0044e-05,8.5016e-06,5.7730e-08,2.8143e-07,7.5238e-07,5.0351e-06,8.7705e-06,9.9681e-06,9.3736e-06
P23,30.00,0.00,0.00,0.00,5.9767e-08,2.9681e-07,9.9513e-07,4.9453e-06,9.9607e-06,9.9490e-06,8.2911e-06,5.8891e-08,2.6881e-07,7.2401e-07,4.9759e-06,8.6983e-06,9.8764e-06,9.1942e-06
P23,30.00,0.00,30.00,0.00,6.3517e-08,2.9681e-07,9.9513e-07,4.9455e-06,9.9607e-06,9.9491e-06,8.2911e-06,6.2556e-08,2.6881e-07,7.2401e-07,4.9761e-06,8.6984e-06,9.8764e-06,9.1942e-06
P23,60.00,90.00,30.00,0.00,6.0888e-08,2.4860e-07,8.5938e-07,4.6677e-06,9.5310e-06,9.5203e-06,7.4495e-06,5.9976e-08,2.2426e-07,6.1986e-07,4.7160e-06,8.3661e-06,9.4617e-06,8.4536e-06
P23,0.00,90.00,30.00,0.00,5.6722e-08,3.1039e-07,1.0317e-06,5.0087e-06,1.0056e-05,1.0044e-05,8.5016e-06,5.6015e-08,2.8143e-07,7.5238e-07,5.0350e-06,8.7705e-06,9.9681e-06,9.3736e-06
P23,30.00,135.00,0.00,0.00,5.9767e-08,2.9681e-07,9.9513e-07,4.9453e-06,9.9607e-06,9.9490e-06,8.2911e-06,5.8891e-08,2.6881e-07,7.2401e-07,4.9759e-06,8.6983e-06,9.8764e-06,9.1942e-06
P23,30.00,45.00,30.00,0.00,6.1881e-08,2.9681e-07,9.9513e-07,4.9454e-06,9.9607e-06,9.9491e-06,8.2911e-06,6.0974e-08,2.6881e-07,7.2401e-07,4.9760e-06,8.6984e-06,9.8764e-06,9.1942e-06
P23,30.00,180.00,30.00,0.00,5.4833e-08,2.9681e-07,9.9513e-07,4.9451e-06,9.9606e-06,9.9490e-06,8.2911e-06,5.4167e-08,2.6881e-07,7.2401e-07,4.9757e-06,8.6983e-06,9.8764e-06,9.1942e-06
P23,0.00,0.00,60.00,0.00,4.8358e-08,3.1039e-07,1.0317e-06,5.0086e-06,1.0056e-05,1.0044e-05,8.5016e-06,4.8095e-08,2.8143e-07,7.5238e-07,5.0349e-06,8.7705e-06,9.9681e-06,9.3736e-06
P23,30.00,180.00,0.00,0.00,5.9767e-08,2.9681e-07,9.9513e-07,4.9453e-06,9.9607e-06,9.9490e-06,8.2911e-06,5.8891e-08,2.6881e-07,7.2401e-07,4.9759e-06,8.6983e-06,9.8764e-06,9.1942e-06
P23,0.00,45.00,0.00,0.00,5.8527e-08,3.1039e-07,1.0317e-06,5.0088e-06,1.0056e-05,1.0044e-05,8.5016e-06,5.7730e-08,2.8143e-07,7.5238e-07,5.0351e-06,8.7705e-06,9.9681e-06,9.3736e-06
P23,60.00,135.00,30.00,0.00,5.4481e-08,2.4860e-07,8.5938e-07,4.6676e-06,9.5310e-06,9.5203e-06,7.4495e-06,5.3777e-08,2.2426e-07,6.1986e-07,4.7159e-06,8.3661e-06,9.4617e-06,8.4536e-06
P23,0.00,90.00,0.00,0.00,5.8527e-08,3.1039e-07,1.0317e-06,5.0088e-06,1.0056e-05,1.0044e-05,8.5016e-06,5.7730e-08,2.8143e-07,7.5238e-07,5.0351e-06,8.7705e-06,9.9681e-06,9.3736e-06
P23,30.00,0.00,60.00,0.00,5.9316e-08,2.9681e-07,9.9513e-07,4.9455e-06,9.9607e-06,9.9490e-06,8.2911e-06,5.8683e-08,2.6881e-07,7.2401e-07,4.9761e-06,8.6983e-06,9.8764e-06,9.1942e-06
P23,60.00,90.00,0.00,0.00,6.1082e-08,2.4860e-07,8.5938e-07,4.6678e-06,9.5310e-06,9.5203e-06,7.4495e-06,6.0144e-08,2.2426e-07,6.1986e-07,4.7161e-06,8.3661e-06,9.4617e-06,8.4536e-06
P23,60.00,45.00,60.00,0.00,7.7110e-08,2.4860e-07,8.5938e-07,4.6683e-06,9.5311e-06,9.5203e-06,7.4495e-06,7.5898e-08,2.2426e-07,6.1986e-07,4.7166e-06,8.3662e-06,9.4617e-06,8.4536e-06
P23,0.00,90.00,60.00,0.00,4.8358e-08,3.1039e-07,1.0317e-06,5.0086e-06,1.0056e-05,1.0044e-05,8.5016e-06,4.8095e-08,2.8143e-07,7.5238e-07,5.0349e-06,8.7705e-06,9.9681e-06,9.3736e-06
P23,60.00,180.00,0.00,0.00,6.1082e-08,2.4860e-07,8.5938e-07,4.6678e-06,9.5310e-06,9.5203e-06,7.4495e-06,6.0144e-08,2.2426e-07,6.1986e-07,4.7161e-06,8.3661e-06,9.4617e-06,8.4536e-06
P23,30.00,90.00,30.00,0.00,5.8580e-08,2.9681e-07,9.9513e-07,4.9453e-06,9.9607e-06,9.9490e-06,8.2911e-06,5.7788e-08,2.6881e-07,7.2401e-07,4.9759e-06,8.6983e-06,9.8764e-06,9.1942e-06
P23,60.00,180.00,30.00,0.00,5.2468e-08,2.4860e-07,8.5938e-07,4.6675e-06,9.5310e-06,9.5203e-06,7.4495e-06,5.1833e-08,2.2426e-07,6.1986e-07,4.7158e-06,8.3661e-06,9.4617e-06,8.4536e-06
P23,30.00,45.00,0.00,0.00,5.9767e-08,2.9681e-07,9.9513e-07,4.9453e-06,9.9607e-06,9.9490e-06,8.2911e-06,5.8891e-08,2.6881e-07,7.2401e-07,4.9759e-06,8.6983e-06,9.8764e-06,9.1942e-06
P23,0.00,0.00,0.00,0.00,5.8527e-08,3.1039e-07,1.0317e-06,5.0088e-06,1.0056e-05,1.0044e-05,8.5016e-06,5.7730e-08,2.8143e-07,7.5238e-07,5.0351e-06,8.7705e-06,9.9681e-06,9.3736e-06
P23,60.00,0.00,0.00,0.00,6.1082e-08,2.4860e-07,8.5938e-07,4.6678e-06,9.5310e-06,9.5203e-06,7.4495e-06,6.0144e-08,2.2426e-07,6.1986e-07,4.7161e-06,8.3661e-06,9.4617e-06,8.4536e-06
P23,0.00,135.00,0.00,0.00,5.8527e-08,3.1039e-07,1.0317e-06,5.0088e-06,1.0056e-05,1.0044e-05,8.5016e-06,5.7730e-08,2.8143e-07,7.5238e-07,5.0351e-06,8.7705e-06,9.9681e-06,9.3736e-06
P23,30.00,180.00,60.00,0.00,4.5102e-08,2.9680e-07,9.9513e-07,4.9451e-06,9.9606e-06,9.9490e-06,8.2911e-06,4.4916e-08,2.6881e-07,7.2401e-07,4.9757e-06,8.6983e-06,9.8764e-06,9.1942e-06
P23,0.00,0.00,30.00,0.00,5.6722e-08,3.1039e-07,1.0317e-06,5.0087e-06,1.0056e-05,1.0044e-05,8.5016e-06,5.6015e-08,2.8143e-07,7.5238e-07,5.0350e-06,8.7705e-06,9.9681e-06,9.3736e-06
P23,60.00,45.00,0.00,0.00,6.1082e-08,2.4860e-07,8.5938e-07,4.6678e-06,9.5310e-06,9.5203e-06,7.4495e-06,6.0144e-08,2.2426e-07,6.1986e-07,4.7161e-06,8.3661e-06,9.4617e-06,8.4536e-06
P23,30.00,90.00,0.00,0.00,5.9767e-08,2.9681e-07,9.9513e-07,4.9453e-06,9.9607e-06,9.9490e-06,8.2911e-06,5.8891e-08,2.6881e-07,7.2401e-07,4.9759e-06,8.6983e-06,9.8764e-06,9.1942e-06
P23,0.00,135.00,60.00,0.00,4.8358e-08,3.1039e-07,1.0317e-06,5.0086e-06,1.0056e-05,1.0044e-05,8.5016e-06,4.8095e-08,2.8143e-07,7.5238e-07,5.0349e-06,8.7705e-06,9.9681e-06,9.3736e-06
P23,30.00,135.00,30.00,0.00,5.5847e-08,2.9681e-07,9.9513e-07,4.9452e-06,9.9607e-06,9.9490e-06,8.2911e-06,5.5150e-08,2.6881e-07,7.2401e-07,4.9758e-06,8.6983e-06,9.8764e-06,9.1942e-06
P23,30.00,45.00,60.00,0.00,5.5855e-08,2.9681e-07,9.9513e-07,4.9454e-06,9.9607e-06,9.9490e-06,8.2911e-06,5.5326e-08,2.6881e-07,7.2401e-07,4.9760e-06,8.6983e-06,9.8764e-06,9.1942e-06
P23,0.00,180.00,30.00,0.00,5.6722e-08,3.1039e-07,1.0317e-06,5.0087e-06,1.0056e-05,1.0044e-05,8.5016e-06,5.6015e-08,2.8143e-07,7.5238e-07,5.0350e-06,8.7705e-06,9.9681e-06,9.3736e-06
P23,60.00,45.00,30.00,0.00,7.0860e-08,2.4860e-07,8.5938e-07,4.6681e-06,9.5311e-06,9.5203e-06,7.4495e-06,6.9647e-08,2.2426e-07,6.1986e-07,4.7164e-06,8.3662e-06,9.4617e-06,8.4536e-06
P23,30.00,135.00,60.00,0.00,4.6279e-08,2.9680e-07,9.9513e-07,4.9451e-06,9.9606e-06,9.9490e-06,8.2911e-06,4.6052e-08,2.6881e-07,7.2401e-07,4.9757e-06,8.6983e-06,9.8764e-06,9.1942e-06
P23,60.00,90.00,60.00,0.00,5.4126e-08,2.4860e-07,8.5938e-07,4.6676e-06,9.5310e-06,9.5203e-06,7.4495e-06,5.3550e-08,2.2426e-07,6.1986e-07,4.7159e-06,8.3661e-06,9.4617e-06,8.4536e-06
P23,60.00,0.00,30.00,0.00,7.6779e-08,2.4860e-07,8.5938e-07,4.6682e-06,9.5311e-06,9.5203e-06,7.4495e-06,7.5391e-08,2.2426e-07,6.1986e-07,4.7165e-06,8.3662e-06,9.4617e-06,8.4536e-06
P24,30.00,90.00,0.00,0.00,6.5546e-08,3.3298e-07,1.0997e-06,5.3662e-06,1.0348e-05,1.0337e-05,8.6775e-06,6.5015e-08,3.0202e-07,8.0833e-07,5.4051e-06,9.1893e-06,1.0275e-05,9.5504e-06
P24,60.00,135.00,60.00,0.00,5.0190e-08,2.7601e-07,9.5496e-07,5.0214e-06,9.7904e-06,9.7805e-06,7.8089e-06,5.0191e-08,2.4888e-07,6.9190e-07,5.0786e-06,8.7181e-06,9.7281e-06,8.7624e-06
P24,30.00,0.00,30.00,0.00,6.8865e-08,3.3298e-07,1.0997e-06,5.3663e-06,1.0348e-05,1.0337e-05,8.6775e-06,6.8275e-08,3.0202e-07,8.0833e-07,5.4052e-06,9.1894e-06,1.0275e-05,9.5504e-06
P24,0.00,135.00,0.00,0.00,6.4800e-08,3.4882e-07,1.1378e-06,5.4451e-06,1.0478e-05,1.0467e-05,8.8985e-06,6.4327e-08,3.1689e-07,8.3930e-07,5.4794e-06,9.2939e-06,1.0402e-05,9.7472e-06
P24,0.00,45.00,30.00,0.00,6.3050e-08,3.4882e-07,1.1378e-06,5.4451e-06,1.0478e-05,1.0467e-05,8.8985e-06,6.2661e-08,3.1689e-07,8.3930e-07,5.4794e-06,9.2939e-06,1.0402e-05,9.7472e-06
P24,0.00,90.00,30.00,0.00,6.3050e-08,3.4882e-07,1.1378e-06,5.4451e-06,1.0478e-05,1.0467e-05,8.8985e-06,6.2661e-08,3.1689e-07,8.3930e-07,5.4794e-06,9.2939e-06,1.0402e-05,9.7472e-06
P24,60.00,45.00,60.00,0.00,7.8397e-08,2.7602e-07,9.5496e-07,5.0218e-06,9.7904e-06,9.7805e-06,7.8089e-06,7.7718e-08,2.4888e-07,6.9190e-07,5.0790e-06,8.7181e-06,9.7281e-06,8.7624e-06
P24,60.00,180.00,30.00,0.00,5.7160e-08,2.7601e-07,9.5496e-07,5.0215e-06,9.7904e-06,9.7805e-06,7.8089e-06,5.6867e-08,2.4888e-07,6.9191e-07,5.0787e-06,8.7181e-06,9.7281e-06,8.7624e-06
P24,60.00,180.00,0.00,0.00,6.4970e-08,2.7602e-07,9.5496e-07,5.0217e-06,9.7904e-06,9.7805e-06,7.8089e-06,6.4430e-08,2.4888e-07,6.9190e-07,5.0788e-06,8.7181e-06,9.7281e-06,8.7624e-06
P24,60.00,45.00,30.00,0.00,7.3609e-08,2.7602e-07,9.5496e-07,5.0218e-06,9.7904e-06,9.7805e-06,7.8089e-06,7.2865e-08,2.4888e-07,6.9190e-07,5.0790e-06,8.7181e-06,9.7281e-06,8.7624e-06
P24,30.00,90.00,60.00,0.00,5.6207e-08,3.3298e-07,1.0997e-06,5.3661e-06,1.0348e-05,1.0337e-05,8.6775e-06,5.6152e-08,3.0202e-07,8.0833e-07,5.4050e-06,9.1893e-06,1.0275e-05,9.5504e-06
P24,30.00,45.00,0.00,0.00,6.5546e-08,3.3298e-07,1.0997e-06,5.3662e-06,1.0348e-05,1.0337e-05,8.6775e-06,6.5015e-08,3.0202e-07,8.0833e-07,5.4051e-06,9.1893e-06,1.0275e-05,9.5504e-06
P24,30.00,180.00,0.00,0.00,6.5546e-08,3.3298e-07,1.0997e-06,5.3662e-06,1.0348e-05,1.0337e-05,8.6775e-06,6.5015e-08,3.0202e-07,8.0833e-07,5.4051e-06,9.1893e-06,1.0275e-05,9.5504e-06
P24,0.00,180.00,0.00,0.00,6.4800e-08,3.4882e-07,1.1378e-06,5.4451e-06,1.0478e-05,1.0467e-05,8.8985e-06,6.4327e-08,3.1689e-07,8.3930e-07,5.4794e-06,9.2939e-06,1.0402e-05,9.7472e-06
P24,30.00,45.00,30.00,0.00,6.7373e-08,3.3298e-07,1.0997e-06,5.3663e-06,1.0348e-05,1.0337e-05,8.6775e-06,6.6827e-08,3.0202e-07,8.0833e-07,5.4052e-06,9.1894e-06,1.0275e-05,9.5504e-06
P24,30.00,0.00,0.00,0.00,6.5546e-08,3.3298e-07,1.0997e-06,5.3662e-06,1.0348e-05,1.0337e-05,8.6775e-06,6.5015e-08,3.0202e-07,8.0833e-07,5.4051e-06,9.1893e-06,1.0275e-05,9.5504e-06
P24,30.00,135.00,30.00,0.00,6.1868e-08,3.3298e-07,1.0997e-06,5.3661e-06,1.0348e-05,1.0337e-05,8.6775e-06,6.1494e-08,3.0202e-07,8.0833e-07,5.4050e-06,9.1893e-06,1.0275e-05,9.5504e-06
P24,60.00,45.00,0.00,0.00,6.4970e-08,2.7602e-07,9.5496e-07,5.0217e-06,9.7904e-06,9.7805e-06,7.8089e-06,6.4430e-08,2.4888e-07,6.9190e-07,5.0788e-06,8.7181e-06,9.7281e-06,8.7624e-06
P24,60.00,135.00,0.00,0.00,6.4970e-08,2.7602e-07,9.5496e-07,5.0217e-06,9.7904e-06,9.7805e-06,7.8089e-06,6.4430e-08,2.4888e-07,6.9190e-07,5.0788e-06,8.7181e-06,9.7281e-06,8.7624e-06
P24,60.00,135.00,30.00,0.00,5.8960e-08,2.7601e-07,9.5496e-07,5.0215e-06,9.7904e-06,9.7805e-06,7.8089e-06,5.8613e-08,2.4888e-07,6.9191e-07,5.0787e-06,8.7181e-06,9.7281e-06,8.7624e-06
P24,60.00,90.00,0.00,0.00,6.4970e-08,2.7602e-07,9.5496e-07,5.0217e-06,9.7904e-06,9.7805e-06,7.8089e-06,6.4430e-08,2.4888e-07,6.9190e-07,5.0788e-06,8.7181e-06,9.7281e-06,8.7624e-06
P24,60.00,180.00,60.00,0.00,4.8087e-08,2.7601e-07,9.5496e-07,5.0214e-06,9.7904e-06,9.7805e-06,7.8089e-06,4.8139e-08,2.4888e-07,6.9191e-07,5.0785e-06,8.7181e-06,9.7281e-06,8.7624e-06
P24,0.00,0.00,60.00,0.00,5.5080e-08,3.4882e-07,1.1378e-06,5.4450e-06,1.0478e-05,1.0467e-05,8.8985e-06,5.5090e-08,3.1689e-07,8.3930e-07,5.4793e-06,9.2939e-06,1.0402e-05,9.7472e-06
P24,60.00,0.00,60.00,0.00,9.9289e-08,2.7603e-07,9.5496e-07,5.0222e-06,9.7904e-06,9.7805e-06,7.8089e-06,9.8198e-08,2.4888e-07,6.9190e-07,5.0794e-06,8.7182e-06,9.7281e-06,8.7624e-06
P24,0.00,0.00,30.00,0.00,6.3050e-08,3.4882e-07,1.1378e-06,5.4451e-06,1.0478e-05,1.0467e-05,8.8985e-06,6.2661e-08,3.1689e-07,8.3930e-07,5.4794e-06,9.2939e-06,1.0402e-05,9.7472e-06
P24,30.00,180.00,60.00,0.00,5.1803e-08,3.3298e-07,1.0997e-06,5.3660e-06,1.0348e-05,1.0337e-05,8.6775e-06,5.1877e-08,3.0202e-07,8.0833e-07,5.4049e-06,9.1893e-06,1.0275e-05,9.5504e-06
P24,0.00,180.00,30.00,0.00,6.3050e-08,3.4882e-07,1.1378e-06,5.4451e-06,1.0478e-05,1.0467e-05,8.8985e-06,6.2661e-08,3.1689e-07,8.3930e-07,5.4794e-06,9.2939e-06,1.0402e-05,9.7472e-06
P24,60.00,90.00,30.00,0.00,6.4689e-08,2.7602e-07,9.5496e-07,5.0216e-06,9.7904e-06,9.7805e-06,7.8089e-06,6.4179e-08,2.4888e-07,6.9190e-07,5.0788e-06,8.7181e-06,9.7281e-06,8.7624e-06
P24,60.00,0.00,30.00,0.00,7.8903e-08,2.7602e-07,9.5496e-07,5.0219e-06,9.7904e-06,9.7805e-06,7.8089e-06,7.8024e-08,2.4888e-07,6.9190e-07,5.0790e-06,8.7181e-06,9.7281e-06,8.7624e-06
P24,30.00,0.00,60.00,0.00,6.4522e-08,3.3298e-07,1.0997e-06,5.3662e-06,1.0348e-05,1.0337e-05,8.6775e-06,6.4247e-08,3.0202e-07,8.0833e-07,5.4051e-06,9.1893e-06,1.0275e-05,9.5504e-06
P24,30.00,90.00,30.00,0.00,6.4361e-08,3.3298e-07,1.0997e-06,5.3662e-06,1.0348e-05,1.0337e-05,8.6775e-06,6.3909e-08,3.0202e-07,8.0833e-07,5.4051e-06,9.1893e-06,1.0275e-05,9.5504e-06
P24,0.00,90.00,0.00,0.00,6.4800e-08,3.4882e-07,1.1378e-06,5.4451e-06,1.0478e-05,1.0467e-05,8.8985e-06,6.4327e-08,3.1689e-07,8.3930e-07,5.4794e-06,9.2939e-06,1.0402e-05,9.7472e-06
P24,0.00,90.00,60.00,0.00,5.5080e-08,3.4882e-07,1.1378e-06,5.4450e-06,1.0478e-05,1.0467e-05,8.8985e-06,5.5090e-08,3.1689e-07,8.3930e-07,5.4793e-06,9.2939e-06,1.0402e-05,9.7472e-06
P24,60.00,0.00,0.00,0.00,6.4970e-08,2.7602e-07,9.5496e-07,5.0217e-06,9.7904e-06,9.7805e-06,7.8089e-06,6.4430e-08,2.4888e-07,6.9190e-07,5.0788e-06,8.7181e-06,9.7281e-06,8.7624e-06
P24,0.00,45.00,60.00,0.00,5.5080e-08,3.4882e-07,1.1378e-06,5.4450e-06,1.0478e-05,1.0467e-05,8.8985e-06,5.5090e-08,3.1689e-07,8.3930e-07,5.4793e-06,9.2939e-06,1.0402e-05,9.7472e-06
P24,60.00,90.00,60.00,0.00,5.8205e-08,2.7601e-07,9.5496e-07,5.0215e-06,9.7904e-06,9.7805e-06,7.8089e-06,5.7995e-08,2.4888e-07,6.9190e-07,5.0787e-06,8.7181e-06,9.7281e-06,8.7624e-06
P24,0.00,180.00,60.00,0.00,5.5080e-08,3.4882e-07,1.1378e-06,5.4450e-06,1.0478e-05,1.0467e-05,8.8985e-06,5.5090e-08,3.1689e-07,8.3930e-07,5.4793e-06,9.2939e-06,1.0402e-05,9.7472e-06
P24,30.00,135.00,60.00,0.00,5.2856e-08,3.3298e-07,1.0997e-06,5.3661e-06,1.0348e-05,1.0337e-05,8.6775e-06,5.2897e-08,3.0202e-07,8.0833e-07,5.4049e-06,9.1893e-06,1.0275e-05,9.5504e-06
P24,30.00,180.00,30.00,0.00,6.0942e-08,3.3298e-07,1.0997e-06,5.3661e-06,1.0348e-05,1.0337e-05,8.6775e-06,6.0594e-08,3.0202e-07,8.0833e-07,5.4050e-06,9.1893e-06,1.0275e-05,9.5504e-06
P24,0.00,45.00,0.00,0.00,6.4800e-08,3.4882e-07,1.1378e-06,5.4451e-06,1.0478e-05,1.0467e-05,8.8985e-06,6.4327e-08,3.1689e-07,8.3930e-07,5.4794e-06,9.2939e-06,1.0402e-05,9.7472e-06
P24,30.00,135.00,0.00,0.00,6.5546e-08,3.3298e-07,1.0997e-06,5.3662e-06,1.0348e-05,1.0337e-05,8.6775e-06,6.5015e-08,3.0202e-07,8.0833e-07,5.4051e-06,9.1893e-06,1.0275e-05,9.5504e-06
P24,0.00,135.00,30.00,0.00,6.3050e-08,3.4882e-07,1.1378e-06,5.4451e-06,1.0478e-05,1.0467e-05,8.8985e-06,6.2661e-08,3.1689e-07,8.3930e-07,5.4794e-06,9.2939e-06,1.0402e-05,9.7472e-06
P24,30.00,45.00,60.00,0.00,6.1425e-08,3.3298e-07,1.0997e-06,5.3662e-06,1.0348e-05,1.0337e-05,8.6775e-06,6.1230e-08,3.0202e-07,8.0833e-07,5.4051e-06,9.1893e-06,1.0275e-05,9.5504e-06
P24,0.00,0.00,0.00,0.00,6.4800e-08,3.4882e-07,1.1378e-06,5.4451e-06,1.0478e-05,1.0467e-05,8.8985e-06,6.4327e-08,3.1689e-07,8.3930e-07,5.4794e-06,9.2939e-06,1.0402e-05,9.7472e-06
P24,0.00,135.00,60.00,0.00,5.5080e-08,3.4882e-07,1.1378e-06,5.4450e-06,1.0478e-05,1.0467e-05,8.8985e-06,5.5090e-08,3.1689e-07,8.3930e-07,5.4793e-06,9.2939e-06,1.0402e-05,9.7472e-06
P25,60.00,180.00,60.00,0.00,4.7659e-08,2.6003e-07,8.5039e-07,5.0256e-06,1.0024e-05,1.0014e-05,7.5776e-06,4.7518e-08,2.3612e-07,6.2145e-07,5.0814e-06,8.8949e-06,9.9648e-06,8.7131e-06
P25,0.00,90.00,30.00,0.00,6.2526e-08,3.1586e-07,1.0213e-06,5.4046e-06,1.0616e-05,1.0605e-05,8.7426e-06,6.1914e-08,2.8729e-07,7.4410e-07,5.4363e-06,9.3431e-06,1.0535e-05,9.7380e-06
P25,30.00,90.00,30.00,0.00,6.4196e-08,3.0355e-07,9.8397e-07,5.3350e-06,1.0510e-05,1.0499e-05,8.5094e-06,6.3500e-08,2.7598e-07,7.1717e-07,5.3714e-06,9.2646e-06,1.0433e-05,9.5387e-06
P25,30.00,45.00,30.00,0.00,6.7464e-08,3.0355e-07,9.8397e-07,5.3351e-06,1.0510e-05,1.0499e-05,8.5094e-06,6.6655e-08,2.7598e-07,7.1717e-07,5.3715e-06,9.2646e-06,1.0433e-05,9.5387e-06
P25,30.00,135.00,30.00,0.00,6.1491e-08,3.0355e-07,9.8397e-07,5.3349e-06,1.0510e-05,1.0499e-05,8.5094e-06,6.0889e-08,2.7598e-07,7.1717e-07,5.3713e-06,9.2645e-06,1.0433e-05,9.5387e-06
P25,60.00,180.00,0.00,0.00,6.5922e-08,2.6004e-07,8.5039e-07,5.0261e-06,1.0024e-05,1.0014e-05,7.5776e-06,6.5081e-08,2.3612e-07,6.2145e-07,5.0819e-06,8.8950e-06,9.9648e-06,8.7131e-06
P25,0.00,90.00,0.00,0.00,6.4314e-08,3.1586e-07,1.0213e-06,5.4047e-06,1.0616e-05,1.0605e-05,8.7426e-06,6.3614e-08,2.8729e-07,7.4410e-07,5.4363e-06,9.3430e-06,1.0535e-05,9.7380e-06
P25,0.00,180.00,30.00,0.00,6.2526e-08,3.1586e-07,1.0213e-06,5.4046e-06,1.0616e-05,1.0605e-05,8.7426e-06,6.1914e-08,2.8729e-07,7.4410e-07,5.4363e-06,9.3431e-06,1.0535e-05,9.7380e-06
P25,60.00,45.00,0.00,0.00,6.5922e-08,2.6004e-07,8.5039e-07,5.0261e-06,1.0024e-05,1.0014e-05,7.5776e-06,6.5081e-08,2.3612e-07,6.2145e-07,5.0819e-06,8.8950e-06,9.9648e-06,8.7131e-06
P25,30.00,180.00,0.00,0.00,6.5371e-08,3.0355e-07,9.8397e-07,5.3350e-06,1.0510e-05,1.0499e-05,8.5094e-06,6.4594e-08,2.7598e-07,7.1717e-07,5.3714e-06,9.2645e-06,1.0433e-05,9.5387e-06
P25,60.00,45.00,60.00,0.00,8.1733e-08,2.6004e-07,8.5039e-07,5.0265e-06,1.0024e-05,1.0014e-05,7.5776e-06,8.0622e-08,2.3612e-07,6.2145e-07,5.0824e-06,8.8950e-06,9.9648e-06,8.7131e-06
P25,60.00,135.00,30.00,0.00,5.9396e-08,2.6004e-07,8.5039e-07,5.0259e-06,1.0024e-05,1.0014e-05,7.5776e-06,5.8786e-08,2.3612e-07,6.2145e-07,5.0817e-06,8.8949e-06,9.9648e-06,8.7131e-06
P25,60.00,0.00,30.00,0.00,8.1433e-08,2.6004e-07,8.5039e-07,5.0265e-06,1.0024e-05,1.0014e-05,7.5776e-06,8.0151e-08,2.3612e-07,6.2145e-07,5.0823e-06,8.8950e-06,9.9648e-06,8.7131e-06
P25,30.00,0.00,30.00,0.00,6.9083e-08,3.0355e-07,9.8397e-07,5.3351e-06,1.0510e-05,1.0499e-05,8.5094e-06,6.8221e-08,2.7598e-07,7.1717e-07,5.3715e-06,9.2646e-06,1.0433e-05,9.5387e-06
P25,30.00,0.00,60.00,0.00,6.4918e-08,3.0355e-07,9.8397e-07,5.3351e-06,1.0510e-05,1.0499e-05,8.5094e-06,6.4377e-08,2.7598e-07,7.1717e-07,5.3715e-06,9.2646e-06,1.0433e-05,9.5387e-06
P25,0.00,45.00,60.00,0.00,5.4246e-08,3.1586e-07,1.0213e-06,5.4045e-06,1.0616e-05,1.0605e-05,8.7426e-06,5.4070e-08,2.8729e-07,7.4410e-07,5.4362e-06,9.3430e-06,1.0535e-05,9.7380e-06
P25,30.00,90.00,60.00,0.00,5.5727e-08,3.0354e-07,9.8397e-07,5.3348e-06,1.0510e-05,1.0499e-05,8.5094e-06,5.5464e-08,2.7598e-07,7.1717e-07,5.3712e-06,9.2645e-06,1.0433e-05,9.5387e-06
P25,30.00,90.00,0.00,0.00,6.5371e-08,3.0355e-07,9.8397e-07,5.3350e-06,1.0510e-05,1.0499e-05,8.5094e-06,6.4594e-08,2.7598e-07,7.1717e-07,5.3714e-06,9.2645e-06,1.0433e-05,9.5387e-06
P25,60.00,135.00,60.00,0.00,5.0025e-08,2.6003e-07,8.5039e-07,5.0257e-06,1.0024e-05,1.0014e-05,7.5776e-06,4.9816e-08,2.3612e-07,6.2145e-07,5.0815e-06,8.8949e-06,9.9648e-06,8.7131e-06
P25,0.00,0.00,0.00,0.00,6.4314e-08,3.1586e-07,1.0213e-06,5.4047e-06,1.0616e-05,1.0605e-05,8.7426e-06,6.3614e-08,2.8729e-07,7.4410e-07,5.4363e-06,9.3430e-06,1.0535e-05,9.7380e-06
P25,0.00,0.00,30.00,0.00,6.2526e-08,3.1586e-07,1.0213e-06,5.4046e-06,1.0616e-05,1.0605e-05,8.7426e-06,6.1914e-08,2.8729e-07,7.4410e-07,5.4363e-06,9.3431e-06,1.0535e-05,9.7380e-06
P25,60.00,180.00,30.00,0.00,5.7407e-08,2.6004e-07,8.5039e-07,5.0259e-06,1.0024e-05,1.0014e-05,7.5776e-06,5.6864e-08,2.3612e-07,6.2145e-07,5.0817e-06,8.8949e-06,9.9648e-06,8.7131e-06
P25,60.00,0.00,60.00,0.00,1.0521e-07,2.6005e-07,8.5039e-07,5.0273e-06,1.0024e-05,1.0014e-05,7.5776e-06,1.0354e-07,2.3612e-07,6.2145e-07,5.0833e-06,8.8951e-06,9.9649e-06,8.7131e-06
P25,30.00,45.00,60.00,0.00,6.1494e-08,3.0355e-07,9.8397e-07,5.3350e-06,1.0510e-05,1.0499e-05,8.5094e-06,6.1056e-08,2.7598e-07,7.1717e-07,5.3714e-06,9.2646e-06,1.0433e-05,9.5387e-06
P25,60.00,90.00,0.00,0.00,6.5922e-08,2.6004e-07,8.5039e-07,5.0261e-06,1.0024e-05,1.0014e-05,7.5776e-06,6.5081e-08,2.3612e-07,6.2145e-07,5.0819e-06,8.8950e-06,9.9648e-06,8.7131e-06
P25,30.00,180.00,30.00,0.00,6.0487e-08,3.0355e-07,9.8397e-07,5.3348e-06,1.0510e-05,1.0499e-05,8.5094e-06,5.9915e-08,2.7598e-07,7.1717e-07,5.3712e-06,9.2645e-06,1.0433e-05,9.5387e-06
P25,0.00,90.00,60.00,0.00,5.4246e-08,3.1586e-07,1.0213e-06,5.4045e-06,1.0616e-05,1.0605e-05,8.7426e-06,5.4070e-08,2.8729e-07,7.4410e-07,5.4362e-06,9.3430e-06,1.0535e-05,9.7380e-06
P25,30.00,0.00,0.00,0.00,6.5371e-08,3.0355e-07,9.8397e-07,5.3350e-06,1.0510e-05,1.0499e-05,8.5094e-06,6.4594e-08,2.7598e-07,7.1717e-07,5.3714e-06,9.2645e-06,1.0433e-05,9.5387e-06
P25,60.00,45.00,30.00,0.00,7.5583e-08,2.6004e-07,8.5039e-07,5.0264e-06,1.0024e-05,1.0014e-05,7.5776e-06,7.4473e-08,2.3612e-07,6.2145e-07,5.0822e-06,8.8950e-06,9.9648e-06,8.7131e-06
P25,0.00,45.00,30.00,0.00,6.2526e-08,3.1586e-07,1.0213e-06,5.4046e-06,1.0616e-05,1.0605e-05,8.7426e-06,6.1914e-08,2.8729e-07,7.4410e-07,5.4363e-06,9.3431e-06,1.0535e-05,9.7380e-06
P25,30.00,45.00,0.00,0.00,6.5371e-08,3.0355e-07,9.8397e-07,5.3350e-06,1.0510e-05,1.0499e-05,8.5094e-06,6.4594e-08,2.7598e-07,7.1717e-07,5.3714e-06,9.2645e-06,1.0433e-05,9.5387e-06
P25,60.00,0.00,0.00,0.00,6.5922e-08,2.6004e-07,8.5039e-07,5.0261e-06,1.0024e-05,1.0014e-05,7.5776e-06,6.5081e-08,2.3612e-07,6.2145e-07,5.0819e-06,8.8950e-06,9.9648e-06,8.7131e-06
P25,0.00,135.00,60.00,0.00,5.4246e-08,3.1586e-07,1.0213e-06,5.4045e-06,1.0616e-05,1.0605e-05,8.7426e-06,5.4070e-08,2.8729e-07,7.4410e-07,5.4362e-06,9.3430e-06,1.0535e-05,9.7380e-06
P25,0.00,0.00,60.00,0.00,5.4246e-08,3.1586e-07,1.0213e-06,5.4045e-06,1.0616e-05,1.0605e-05,8.7426e-06,5.4070e-08,2.8729e-07,7.4410e-07,5.4362e-06,9.3430e-06,1.0535e-05,9.7380e-06
P25,30.00,135.00,0.00,0.00,6.5371e-08,3.0355e-07,9.8397e-07,5.3350e-06,1.0510e-05,1.0499e-05,8.5094e-06,6.4594e-08,2.7598e-07,7.1717e-07,5.3714e-06,9.2645e-06,1.0433e-05,9.5387e-06
P25,0.00,180.00,0.00,0.00,6.4314e-08,3.1586e-07,1.0213e-06,5.4047e-06,1.0616e-05,1.0605e-05,8.7426e-06,6.3614e-08,2.8729e-07,7.4410e-07,5.4363e-06,9.3430e-06,1.0535e-05,9.7380e-06
P25,0.00,135.00,30.00,0.00,6.2526e-08,3.1586e-07,1.0213e-06,5.4046e-06,1.0616e-05,1.0605e-05,8.7426e-06,6.1914e-08,2.8729e-07,7.4410e-07,5.4363e-06,9.3431e-06,1.0535e-05,9.7380e-06
P25,0.00,45.00,0.00,0.00,6.4314e-08,3.1586e-07,1.0213e-06,5.4047e-06,1.0616e-05,1.0605e-05,8.7426e-06,6.3614e-08,2.8729e-07,7.4410e-07,5.4363e-06,9.3430e-06,1.0535e-05,9.7380e-06
P25,30.00,135.00,60.00,0.00,5.2023e-08,3.0354e-07,9.8397e-07,5.3348e-06,1.0510e-05,1.0499e-05,8.5094e-06,5.1881e-08,2.7598e-07,7.1717e-07,5.3711e-06,9.2645e-06,1.0433e-05,9.5387e-06
P25,0.00,135.00,0.00,0.00,6.4314e-08,3.1586e-07,1.0213e-06,5.4047e-06,1.0616e-05,1.0605e-05,8.7426e-06,6.3614e-08,2.8729e-07,7.4410e-07,5.4363e-06,9.3430e-06,1.0535e-05,9.7380e-06
P25,30.00,180.00,60.00,0.00,5.0859e-08,3.0354e-07,9.8397e-07,5.3347e-06,1.0510e-05,1.0499e-05,8.5094e-06,5.0758e-08,2.7598e-07,7.1717e-07,5.3711e-06,9.2645e-06,1.0433e-05,9.5387e-06
P25,0.00,180.00,60.00,0.00,5.4246e-08,3.1586e-07,1.0213e-06,5.4045e-06,1.0616e-05,1.0605e-05,8.7426e-06,5.4070e-08,2.8729e-07,7.4410e-07,5.4362e-06,9.3430e-06,1.0535e-05,9.7380e-06
P25,60.00,135.00,0.00,0.00,6.5922e-08,2.6004e-07,8.5039e-07,5.0261e-06,1.0024e-05,1.0014e-05,7.5776e-06,6.5081e-08,2.3612e-07,6.2145e-07,5.0819e-06,8.8950e-06,9.9648e-06,8.7131e-06
P25,60.00,90.00,30.00,0.00,6.5727e-08,2.6004e-07,8.5039e-07,5.0261e-06,1.0024e-05,1.0014e-05,7.5776e-06,6.4912e-08,2.3612e-07,6.2145e-07,5.0818e-06,8.8950e-06,9.9648e-06,8.7131e-06
P25,60.00,90.00,60.00,0.00,5.9035e-08,2.6004e-07,8.5039e-07,5.0259e-06,1.0024e-05,1.0014e-05,7.5776e-06,5.8549e-08,2.3612e-07,6.2145e-07,5.0817e-06,8.8949e-06,9.9648e-06,8.7131e-06
P26,60.00,180.00,0.00,0.00,5.5233e-08,3.1962e-07,9.9845e-07,3.1439e-06,7.5653e-06,7.5528e-06,6.0859e-06,5.2976e-08,2.9348e-07,7.5718e-07,3.1733e-06,6.1929e-06,7.4566e-06,6.8940e-06
P26,60.00,135.00,60.00,0.00,3.5389e-08,3.1960e-07,9.9837e-07,3.1432e-06,7.5652e-06,7.5527e-06,6.0859e-06,3.4147e-08,2.9348e-07,7.5716e-07,3.1726e-06,6.1927e-06,7.4566e-06,6.8940e-06
P26,0.00,0.00,60.00,0.00,3.3927e-08,3.8799e-07,1.1549e-06,3.3313e-06,7.6990e-06,7.6864e-06,6.8221e-06,3.2878e-08,3.5789e-07,8.9480e-07,3.3440e-06,6.3135e-06,7.5803e-06,7.4693e-06
P26,60.00,180.00,60.00,0.00,3.2010e-08,3.1960e-07,9.9836e-07,3.1428e-06,7.5652e-06,7.5527e-06,6.0859e-06,3.0917e-08,2.9348e-07,7.5716e-07,3.1722e-06,6.1926e-06,7.4565e-06,6.8940e-06
P26,30.00,90.00,0.00,0.00,4.7892e-08,3.7304e-07,1.1242e-06,3.2997e-06,7.6762e-06,7.6636e-06,6.6781e-06,4.6003e-08,3.4368e-07,8.6677e-07,3.3159e-06,6.2931e-06,7.5592e-06,7.3613e-06
P26,60.00,0.00,0.00,0.00,5.5233e-08,3.1962e-07,9.9845e-07,3.1439e-06,7.5653e-06,7.5528e-06,6.0859e-06,5.2976e-08,2.9348e-07,7.5718e-07,3.1733e-06,6.1929e-06,7.4566e-06,6.8940e-06
P26,0.00,90.00,0.00,0.00,4.5132e-08,3.8800e-07,1.1550e-06,3.3314e-06,7.6990e-06,7.6864e-06,6.8221e-06,4.3412e-08,3.5789e-07,8.9482e-07,3.3441e-06,6.3134e-06,7.5803e-06,7.4693e-06
P26,0.00,180.00,30.00,0.00,4.3208e-08,3.8800e-07,1.1550e-06,3.3313e-06,7.6990e-06,7.6864e-06,6.8221e-06,4.1593e-08,3.5789e-07,8.9482e-07,3.3441e-06,6.3134e-06,7.5803e-06,7.4693e-06
P26,60.00,0.00,60.00,0.00,1.1416e-07,3.1967e-07,9.9862e-07,3.1484e-06,7.5658e-06,7.5533e-06,6.0860e-06,1.0963e-07,2.9349e-07,7.5721e-07,3.1782e-06,6.1938e-06,7.4572e-06,6.8943e-06
P26,0.00,135.00,30.00,0.00,4.3208e-08,3.8800e-07,1.1550e-06,3.3313e-06,7.6990e-06,7.6864e-06,6.8221e-06,4.1593e-08,3.5789e-07,8.9482e-07,3.3441e-06,6.3134e-06,7.5803e-06,7.4693e-06
P26,0.00,180.00,0.00,0.00,4.5132e-08,3.8800e-07,1.1550e-06,3.3314e-06,7.6990e-06,7.6864e-06,6.8221e-06,4.3412e-08,3.5789e-07,8.9482e-07,3.3441e-06,6.3134e-06,7.5803e-06,7.4693e-06
P26,0.00,90.00,30.00,0.00,4.3208e-08,3.8800e-07,1.1550e-06,3.3313e-06,7.6990e-06,7.6864e-06,6.8221e-06,4.1593e-08,3.5789e-07,8.9482e-07,3.3441e-06,6.3134e-06,7.5803e-06,7.4693e-06
P26,30.00,45.00,60.00,0.00,4.5008e-08,3.7304e-07,1.1242e-06,3.3001e-06,7.6763e-06,7.6637e-06,6.6781e-06,4.3433e-08,3.4367e-07,8.6676e-07,3.3163e-06,6.2932e-06,7.5592e-06,7.3613e-06
P26,60.00,45.00,60.00,0.00,8.0634e-08,3.1964e-07,9.9850e-07,3.1458e-06,7.5655e-06,7.5530e-06,6.0859e-06,7.7407e-08,2.9348e-07,7.5719e-07,3.1754e-06,6.1932e-06,7.4568e-06,6.8941e-06
P26,60.00,45.00,0.00,0.00,5.5233e-08,3.1962e-07,9.9845e-07,3.1439e-06,7.5653e-06,7.5528e-06,6.0859e-06,5.2976e-08,2.9348e-07,7.5718e-07,3.1733e-06,6.1929e-06,7.4566e-06,6.8940e-06
P26,30.00,0.00,60.00,0.00,4.9597e-08,3.7304e-07,1.1242e-06,3.3003e-06,7.6763e-06,7.6637e-06,6.6781e-06,4.7825e-08,3.4368e-07,8.6676e-07,3.3166e-06,6.2932e-06,7.5592e-06,7.3613e-06
P26,30.00,0.00,0.00,0.00,4.7892e-08,3.7304e-07,1.1242e-06,3.2997e-06,7.6762e-06,7.6636e-06,6.6781e-06,4.6003e-08,3.4368e-07,8.6677e-07,3.3159e-06,6.2931e-06,7.5592e-06,7.3613e-06
P26,0.00,45.00,30.00,0.00,4.3208e-08,3.8800e-07,1.1550e-06,3.3313e-06,7.6990e-06,7.6864e-06,6.8221e-06,4.1593e-08,3.5789e-07,8.9482e-07,3.3441e-06,6.3134e-06,7.5803e-06,7.4693e-06
P26,30.00,135.00,30.00,0.00,4.3308e-08,3.7304e-07,1.1241e-06,3.2996e-06,7.6762e-06,7.6636e-06,6.6781e-06,4.1666e-08,3.4367e-07,8.6676e-07,3.3157e-06,6.2930e-06,7.5591e-06,7.3613e-06
P26,30.00,90.00,30.00,0.00,4.6750e-08,3.7304e-07,1.1242e-06,3.2998e-06,7.6763e-06,7.6637e-06,6.6781e-06,4.4949e-08,3.4368e-07,8.6677e-07,3.3160e-06,6.2931e-06,7.5592e-06,7.3613e-06
P26,30.00,90.00,60.00,0.00,3.7275e-08,3.7303e-07,1.1241e-06,3.2996e-06,7.6762e-06,7.6637e-06,6.6781e-06,3.6040e-08,3.4367e-07,8.6675e-07,3.3158e-06,6.2931e-06,7.5592e-06,7.3613e-06
P26,0.00,135.00,60.00,0.00,3.3927e-08,3.8799e-07,1.1549e-06,3.3313e-06,7.6990e-06,7.6864e-06,6.8221e-06,3.2878e-08,3.5789e-07,8.9480e-07,3.3440e-06,6.3135e-06,7.5803e-06,7.4693e-06
P26,0.00,180.00,60.00,0.00,3.3927e-08,3.8799e-07,1.1549e-06,3.3313e-06,7.6990e-06,7.6864e-06,6.8221e-06,3.2878e-08,3.5789e-07,8.9480e-07,3.3440e-06,6.3135e-06,7.5803e-06,7.4693e-06
P26,60.00,90.00,30.00,0.00,5.5408e-08,3.1962e-07,9.9844e-07,3.1439e-06,7.5653e-06,7.5528e-06,6.0859e-06,5.3151e-08,2.9348e-07,7.5718e-07,3.1733e-06,6.1928e-06,7.4566e-06,6.8940e-06
P26,60.00,45.00,30.00,0.00,6.8769e-08,3.1963e-07,9.9850e-07,3.1447e-06,7.5654e-06,7.5529e-06,6.0859e-06,6.5927e-08,2.9348e-07,7.5719e-07,3.1742e-06,6.1930e-06,7.4567e-06,6.8941e-06
P26,30.00,180.00,30.00,0.00,4.2030e-08,3.7304e-07,1.1241e-06,3.2994e-06,7.6762e-06,7.6636e-06,6.6781e-06,4.0440e-08,3.4367e-07,8.6675e-07,3.3155e-06,6.2930e-06,7.5591e-06,7.3613e-06
P26,30.00,45.00,30.00,0.00,5.0908e-08,3.7305e-07,1.1242e-06,3.3000e-06,7.6763e-06,7.6637e-06,6.6781e-06,4.8915e-08,3.4368e-07,8.6677e-07,3.3162e-06,6.2932e-06,7.5592e-06,7.3613e-06
P26,60.00,135.00,0.00,0.00,5.5233e-08,3.1962e-07,9.9845e-07,3.1439e-06,7.5653e-06,7.5528e-06,6.0859e-06,5.2976e-08,2.9348e-07,7.5718e-07,3.1733e-06,6.1929e-06,7.4566e-06,6.8940e-06
P26,30.00,180.00,60.00,0.00,3.0749e-08,3.7303e-07,1.1241e-06,3.2994e-06,7.6762e-06,7.6636e-06,6.6781e-06,2.9819e-08,3.4367e-07,8.6674e-07,3.3155e-06,6.2930e-06,7.5591e-06,7.3613e-06
P26,60.00,180.00,30.00,0.00,4.4133e-08,3.1961e-07,9.9841e-07,3.1434e-06,7.5652e-06,7.5527e-06,6.0859e-06,4.2403e-08,2.9348e-07,7.5717e-07,3.1728e-06,6.1928e-06,7.4566e-06,6.8940e-06
P26,0.00,0.00,30.00,0.00,4.3208e-08,3.8800e-07,1.1550e-06,3.3313e-06,7.6990e-06,7.6864e-06,6.8221e-06,4.1593e-08,3.5789e-07,8.9482e-07,3.3441e-06,6.3134e-06,7.5803e-06,7.4693e-06
P26,30.00,135.00,0.00,0.00,4.7892e-08,3.7304e-07,1.1242e-06,3.2997e-06,7.6762e-06,7.6636e-06,6.6781e-06,4.6003e-08,3.4368e-07,8.6677e-07,3.3159e-06,6.2931e-06,7.5592e-06,7.3613e-06
P26,60.00,135.00,30.00,0.00,4.6828e-08,3.1961e-07,9.9841e-07,3.1435e-06,7.5653e-06,7.5527e-06,6.0859e-06,4.4968e-08,2.9348e-07,7.5717e-07,3.1729e-06,6.1928e-06,7.4566e-06,6.8940e-06
P26,0.00,45.00,0.00,0.00,4.5132e-08,3.8800e-07,1.1550e-06,3.3314e-06,7.6990e-06,7.6864e-06,6.8221e-06,4.3412e-08,3.5789e-07,8.9482e-07,3.3441e-06,6.3134e-06,7.5803e-06,7.4693e-06
P26,0.00,0.00,0.00,0.00,4.5132e-08,3.8800e-07,1.1550e-06,3.3314e-06,7.6990e-06,7.6864e-06,6.8221e-06,4.3412e-08,3.5789e-07,8.9482e-07,3.3441e-06,6.3134e-06,7.5803e-06,7.4693e-06
P26,30.00,180.00,0.00,0.00,4.7892e-08,3.7304e-07,1.1242e-06,3.2997e-06,7.6762e-06,7.6636e-06,6.6781e-06,4.6003e-08,3.4368e-07,8.6677e-07,3.3159e-06,6.2931e-06,7.5592e-06,7.3613e-06
P26,60.00,0.00,30.00,0.00,7.6699e-08,3.1964e-07,9.9852e-07,3.1451e-06,7.5654e-06,7.5529e-06,6.0859e-06,7.3515e-08,2.9348e-07,7.5720e-07,3.1746e-06,6.1930e-06,7.4567e-06,6.8941e-06
P26,0.00,90.00,60.00,0.00,3.3927e-08,3.8799e-07,1.1549e-06,3.3313e-06,7.6990e-06,7.6864e-06,6.8221e-06,3.2878e-08,3.5789e-07,8.9480e-07,3.3440e-06,6.3135e-06,7.5803e-06,7.4693e-06
P26,60.00,90.00,0.00,0.00,5.5233e-08,3.1962e-07,9.9845e-07,3.1439e-06,7.5653e-06,7.5528e-06,6.0859e-06,5.2976e-08,2.9348e-07,7.5718e-07,3.1733e-06,6.1929e-06,7.4566e-06,6.8940e-06
P26,30.00,0.00,30.00,0.00,5.2968e-08,3.7305e-07,1.1242e-06,3.3001e-06,7.6763e-06,7.6637e-06,6.6781e-06,5.0885e-08,3.4368e-07,8.6677e-07,3.3163e-06,6.2932e-06,7.5592e-06,7.3613e-06
P26,30.00,135.00,60.00,0.00,3.2309e-08,3.7303e-07,1.1241e-06,3.2994e-06,7.6762e-06,7.6636e-06,6.6781e-06,3.1303e-08,3.4367e-07,8.6674e-07,3.3156e-06,6.2930e-06,7.5591e-06,7.3613e-06
P26,0.00,135.00,0.00,0.00,4.5132e-08,3.8800e-07,1.1550e-06,3.3314e-06,7.6990e-06,7.6864e-06,6.8221e-06,4.3412e-08,3.5789e-07,8.9482e-07,3.3441e-06,6.3134e-06,7.5803e-06,7.4693e-06
P26,30.00,45.00,0.00,0.00,4.7892e-08,3.7304e-07,1.1242e-06,3.2997e-06,7.6762e-06,7.6636e-06,6.6781e-06,4.6003e-08,3.4368e-07,8.6677e-07,3.3159e-06,6.2931e-06,7.5592e-06,7.3613e-06
P26,0.00,45.00,60.00,0.00,3.3927e-08,3.8799e-07,1.1549e-06,3.3313e-06,7.6990e-06,7.6864e-06,6.8221e-06,3.2878e-08,3.5789e-07,8.9480e-07,3.3440e-06,6.3135e-06,7.5803e-06,7.4693e-06
P26,60.00,90.00,60.00,0.00,4.8242e-08,3.1961e-07,9.9841e-07,3.1439e-06,7.5653e-06,7.5528e-06,6.0859e-06,4.6404e-08,2.9348e-07,7.5717e-07,3.1733e-06,6.1929e-06,7.4566e-06,6.8940e-06
P27,30.00,45.00,0.00,0.00,4.4627e-08,3.3361e-07,9.7706e-07,2.7465e-06,6.6982e-06,6.6865e-06,6.0113e-06,4.2638e-08,3.0838e-07,7.6923e-07,2.7522e-06,5.4073e-06,6.5850e-06,6.5880e-06
P27,0.00,0.00,60.00,0.00,3.0451e-08,3.4643e-07,9.9997e-07,2.7742e-06,6.7221e-06,6.7103e-06,6.1379e-06,2.9320e-08,3.2072e-07,7.9045e-07,2.7772e-06,5.4286e-06,6.6075e-06,6.6818e-06
P27,30.00,0.00,0.00,0.00,4.4627e-08,3.3361e-07,9.7706e-07,2.7465e-06,6.6982e-06,6.6865e-06,6.0113e-06,4.2638e-08,3.0838e-07,7.6923e-07,2.7522e-06,5.4073e-06,6.5850e-06,6.5880e-06
P27,60.00,45.00,0.00,0.00,5.2600e-08,2.8505e-07,8.8223e-07,2.6114e-06,6.5864e-06,6.5747e-06,5.4858e-06,5.0217e-08,2.6203e-07,6.8393e-07,2.6280e-06,5.3059e-06,6.4796e-06,6.1811e-06
P27,60.00,90.00,60.00,0.00,4.5570e-08,2.8503e-07,8.8214e-07,2.6113e-06,6.5864e-06,6.5747e-06,5.4858e-06,4.3611e-08,2.6202e-07,6.8388e-07,2.6280e-06,5.3059e-06,6.4796e-06,6.1811e-06
P27,30.00,180.00,0.00,0.00,4.4627e-08,3.3361e-07,9.7706e-07,2.7465e-06,6.6982e-06,6.6865e-06,6.0113e-06,4.2638e-08,3.0838e-07,7.6923e-07,2.7522e-06,5.4073e-06,6.5850e-06,6.5880e-06
P27,30.00,135.00,30.00,0.00,4.0004e-08,3.3360e-07,9.7700e-07,2.7463e-06,6.6982e-06,6.6865e-06,6.0113e-06,3.8268e-08,3.0838e-07,7.6920e-07,2.7521e-06,5.4072e-06,6.5850e-06,6.5880e-06
P27,60.00,0.00,30.00,0.00,7.4397e-08,2.8509e-07,8.8248e-07,2.6126e-06,6.5865e-06,6.5748e-06,5.4859e-06,7.1051e-08,2.6204e-07,6.8402e-07,2.6293e-06,5.3060e-06,6.4797e-06,6.1811e-06
P27,60.00,135.00,30.00,0.00,4.4082e-08,2.8503e-07,8.8213e-07,2.6109e-06,6.5863e-06,6.5747e-06,5.4858e-06,4.2109e-08,2.6203e-07,6.8389e-07,2.6275e-06,5.3058e-06,6.4795e-06,6.1810e-06
P27,60.00,0.00,0.00,0.00,5.2600e-08,2.8505e-07,8.8223e-07,2.6114e-06,6.5864e-06,6.5747e-06,5.4858e-06,5.0217e-08,2.6203e-07,6.8393e-07,2.6280e-06,5.3059e-06,6.4796e-06,6.1811e-06
P27,30.00,0.00,60.00,0.00,4.6443e-08,3.3361e-07,9.7712e-07,2.7472e-06,6.6983e-06,6.6865e-06,6.0114e-06,4.4562e-08,3.0838e-07,7.6923e-07,2.7530e-06,5.4074e-06,6.5851e-06,6.5880e-06
P27,30.00,135.00,0.00,0.00,4.4627e-08,3.3361e-07,9.7706e-07,2.7465e-06,6.6982e-06,6.6865e-06,6.0113e-06,4.2638e-08,3.0838e-07,7.6923e-07,2.7522e-06,5.4073e-06,6.5850e-06,6.5880e-06
P27,0.00,135.00,60.00,0.00,3.0451e-08,3.4643e-07,9.9997e-07,2.7742e-06,6.7221e-06,6.7103e-06,6.1379e-06,2.9320e-08,3.2072e-07,7.9045e-07,2.7772e-06,5.4286e-06,6.6075e-06,6.6818e-06
P27,60.00,0.00,60.00,0.00,1.1253e-07,2.8515e-07,8.8290e-07,2.6161e-06,6.5869e-06,6.5753e-06,5.4859e-06,1.0776e-07,2.6205e-07,6.8415e-07,2.6331e-06,5.3069e-06,6.4801e-06,6.1813e-06
P27,0.00,180.00,30.00,0.00,3.9790e-08,3.4645e-07,1.0001e-06,2.7743e-06,6.7220e-06,6.7103e-06,6.1380e-06,3.8084e-08,3.2073e-07,7.9050e-07,2.7773e-06,5.4286e-06,6.6075e-06,6.6819e-06
P27,0.00,45.00,60.00,0.00,3.0451e-08,3.4643e-07,9.9997e-07,2.7742e-06,6.7221e-06,6.7103e-06,6.1379e-06,2.9320e-08,3.2072e-07,7.9045e-07,2.7772e-06,5.4286e-06,6.6075e-06,6.6818e-06
P27,60.00,45.00,60.00,0.00,7.8482e-08,2.8508e-07,8.8247e-07,2.6134e-06,6.5866e-06,6.5749e-06,5.4859e-06,7.5075e-08,2.6204e-07,6.8400e-07,2.6302e-06,5.3063e-06,6.4798e-06,6.1812e-06
P27,0.00,0.00,0.00,0.00,4.1722e-08,3.4646e-07,1.0001e-06,2.7743e-06,6.7220e-06,6.7103e-06,6.1380e-06,3.9909e-08,3.2073e-07,7.9052e-07,2.7773e-06,5.4285e-06,6.6075e-06,6.6819e-06
P27,60.00,135.00,0.00,0.00,5.2600e-08,2.8505e-07,8.8223e-07,2.6114e-06,6.5864e-06,6.5747e-06,5.4858e-06,5.0217e-08,2.6203e-07,6.8393e-07,2.6280e-06,5.3059e-06,6.4796e-06,6.1811e-06
P27,60.00,180.00,30.00,0.00,4.1346e-08,2.8503e-07,8.8211e-07,2.6108e-06,6.5863e-06,6.5746e-06,5.4858e-06,3.9508e-08,2.6202e-07,6.8387e-07,2.6274e-06,5.3058e-06,6.4795e-06,6.1810e-06
P27,60.00,135.00,60.00,0.00,3.2504e-08,2.8501e-07,8.8202e-07,2.6106e-06,6.5863e-06,6.5746e-06,5.4858e-06,3.1167e-08,2.6202e-07,6.8384e-07,2.6272e-06,5.3058e-06,6.4795e-06,6.1810e-06
P27,0.00,135.00,0.00,0.00,4.1722e-08,3.4646e-07,1.0001e-06,2.7743e-06,6.7220e-06,6.7103e-06,6.1380e-06,3.9909e-08,3.2073e-07,7.9052e-07,2.7773e-06,5.4285e-06,6.6075e-06,6.6819e-06
P27,60.00,180.00,60.00,0.00,2.9069e-08,2.8501e-07,8.8197e-07,2.6102e-06,6.5862e-06,6.5746e-06,5.4858e-06,2.7886e-08,2.6202e-07,6.8382e-07,2.6268e-06,5.3056e-06,6.4794e-06,6.1810e-06
P27,0.00,0.00,30.00,0.00,3.9790e-08,3.4645e-07,1.0001e-06,2.7743e-06,6.7220e-06,6.7103e-06,6.1380e-06,3.8084e-08,3.2073e-07,7.9050e-07,2.7773e-06,5.4286e-06,6.6075e-06,6.6819e-06
P27,30.00,90.00,60.00,0.00,3.3952e-08,3.3359e-07,9.7696e-07,2.7464e-06,6.6982e-06,6.6865e-06,6.0113e-06,3.2626e-08,3.0837e-07,7.6917e-07,2.7522e-06,5.4073e-06,6.5850e-06,6.5880e-06
P27,0.00,135.00,30.00,0.00,3.9790e-08,3.4645e-07,1.0001e-06,2.7743e-06,6.7220e-06,6.7103e-06,6.1380e-06,3.8084e-08,3.2073e-07,7.9050e-07,2.7773e-06,5.4286e-06,6.6075e-06,6.6819e-06
P27,30.00,90.00,0.00,0.00,4.4627e-08,3.3361e-07,9.7706e-07,2.7465e-06,6.6982e-06,6.6865e-06,6.0113e-06,4.2638e-08,3.0838e-07,7.6923e-07,2.7522e-06,5.4073e-06,6.5850e-06,6.5880e-06
P27,0.00,90.00,0.00,0.00,4.1722e-08,3.4646e-07,1.0001e-06,2.7743e-06,6.7220e-06,6.7103e-06,6.1380e-06,3.9909e-08,3.2073e-07,7.9052e-07,2.7773e-06,5.4285e-06,6.6075e-06,6.6819e-06
P27,0.00,90.00,60.00,0.00,3.0451e-08,3.4643e-07,9.9997e-07,2.7742e-06,6.7221e-06,6.7103e-06,6.1379e-06,2.9320e-08,3.2072e-07,7.9045e-07,2.7772e-06,5.4286e-06,6.6075e-06,6.6818e-06
P27,30.00,45.00,30.00,0.00,4.7692e-08,3.3362e-07,9.7711e-07,2.7468e-06,6.6983e-06,6.6865e-06,6.0114e-06,4.5595e-08,3.0839e-07,7.6925e-07,2.7525e-06,5.4073e-06,6.5850e-06,6.5880e-06
P27,30.00,180.00,60.00,0.00,2.7335e-08,3.3357e-07,9.7688e-07,2.7461e-06,6.6982e-06,6.6865e-06,6.0113e-06,2.6325e-08,3.0837e-07,7.6914e-07,2.7519e-06,5.4072e-06,6.5850e-06,6.5880e-06
P27,30.00,45.00,60.00,0.00,4.1791e-08,3.3360e-07,9.7706e-07,2.7469e-06,6.6983e-06,6.6865e-06,6.0114e-06,4.0114e-08,3.0838e-07,7.6921e-07,2.7527e-06,5.4074e-06,6.5850e-06,6.5880e-06
P27,60.00,90.00,30.00,0.00,5.2791e-08,2.8505e-07,8.8222e-07,2.6113e-06,6.5864e-06,6.5747e-06,5.4858e-06,5.0407e-08,2.6203e-07,6.8392e-07,2.6280e-06,5.3058e-06,6.4795e-06,6.1811e-06
P27,0.00,90.00,30.00,0.00,3.9790e-08,3.4645e-07,1.0001e-06,2.7743e-06,6.7220e-06,6.7103e-06,6.1380e-06,3.8084e-08,3.2073e-07,7.9050e-07,2.7773e-06,5.4286e-06,6.6075e-06,6.6819e-06
P27,60.00,180.00,0.00,0.00,5.2600e-08,2.8505e-07,8.8223e-07,2.6114e-06,6.5864e-06,6.5747e-06,5.4858e-06,5.0217e-08,2.6203e-07,6.8393e-07,2.6280e-06,5.3059e-06,6.4796e-06,6.1811e-06
P27,0.00,180.00,0.00,0.00,4.1722e-08,3.4646e-07,1.0001e-06,2.7743e-06,6.7220e-06,6.7103e-06,6.1380e-06,3.9909e-08,3.2073e-07,7.9052e-07,2.7773e-06,5.4285e-06,6.6075e-06,6.6819e-06
P27,0.00,45.00,30.00,0.00,3.9790e-08,3.4645e-07,1.0001e-06,2.7743e-06,6.7220e-06,6.7103e-06,6.1380e-06,3.8084e-08,3.2073e-07,7.9050e-07,2.7773e-06,5.4286e-06,6.6075e-06,6.6819e-06
P27,30.00,180.00,30.00,0.00,3.8711e-08,3.3359e-07,9.7697e-07,2.7461e-06,6.6982e-06,6.6864e-06,6.0113e-06,3.7029e-08,3.0838e-07,7.6919e-07,2.7519e-06,5.4072e-06,6.5849e-06,6.5880e-06
P27,60.00,45.00,30.00,0.00,6.6350e-08,2.8507e-07,8.8238e-07,2.6122e-06,6.5865e-06,6.5748e-06,5.4858e-06,6.3358e-08,2.6204e-07,6.8398e-07,2.6289e-06,5.3060e-06,6.4796e-06,6.1811e-06
P27,30.00,0.00,30.00,0.00,4.9775e-08,3.3362e-07,9.7715e-07,2.7469e-06,6.6983e-06,6.6865e-06,6.0114e-06,4.7585e-08,3.0839e-07,7.6927e-07,2.7527e-06,5.4074e-06,6.5850e-06,6.5880e-06
P27,0.00,45.00,0.00,0.00,4.1722e-08,3.4646e-07,1.0001e-06,2.7743e-06,6.7220e-06,6.7103e-06,6.1380e-06,3.9909e-08,3.2073e-07,7.9052e-07,2.7773e-06,5.4285e-06,6.6075e-06,6.6819e-06
P27,60.00,90.00,0.00,0.00,5.2600e-08,2.8505e-07,8.8223e-07,2.6114e-06,6.5864e-06,6.5747e-06,5.4858e-06,5.0217e-08,2.6203e-07,6.8393e-07,2.6280e-06,5.3059e-06,6.4796e-06,6.1811e-06
P27,30.00,90.00,30.00,0.00,4.3486e-08,3.3361e-07,9.7705e-07,2.7466e-06,6.6982e-06,6.6865e-06,6.0113e-06,4.1586e-08,3.0838e-07,7.6922e-07,2.7523e-06,5.4073e-06,6.5850e-06,6.5880e-06
P27,30.00,135.00,60.00,0.00,2.8917e-08,3.3358e-07,9.7690e-07,2.7462e-06,6.6982e-06,6.6865e-06,6.0113e-06,2.7829e-08,3.0837e-07,7.6915e-07,2.7519e-06,5.4072e-06,6.5850e-06,6.5880e-06
P27,0.00,180.00,60.00,0.00,3.0451e-08,3.4643e-07,9.9997e-07,2.7742e-06,6.7221e-06,6.7103e-06,6.1379e-06,2.9320e-08,3.2072e-07,7.9045e-07,2.7772e-06,5.4286e-06,6.6075e-06,6.6818e-06
P28,30.00,0.00,0.00,0.00,4.7860e-08,3.5418e-07,1.0726e-06,3.3109e-06,7.6873e-06,7.6748e-06,6.6342e-06,4.5995e-08,3.2608e-07,8.2223e-07,3.3278e-06,6.3131e-06,7.5714e-06,7.3500e-06
P28,60.00,45.00,30.00,0.00,6.8257e-08,3.0266e-07,9.5237e-07,3.1457e-06,7.5597e-06,7.5473e-06,6.0088e-06,6.5475e-08,2.7750e-07,7.2152e-07,3.1770e-06,6.1968e-06,7.4520e-06,6.8610e-06
P28,0.00,0.00,0.00,0.00,4.5174e-08,3.6822e-07,1.1029e-06,3.3461e-06,7.7154e-06,7.7029e-06,6.7855e-06,4.3475e-08,3.3941e-07,8.4858e-07,3.3594e-06,6.3386e-06,7.5978e-06,7.4636e-06
P28,60.00,180.00,60.00,0.00,3.1866e-08,3.0264e-07,9.5230e-07,3.1439e-06,7.5595e-06,7.5471e-06,6.0087e-06,3.0799e-08,2.7750e-07,7.2150e-07,3.1750e-06,6.1964e-06,7.4518e-06,6.8609e-06
P28,60.00,135.00,30.00,0.00,4.6556e-08,3.0265e-07,9.5233e-07,3.1445e-06,7.5596e-06,7.5472e-06,6.0088e-06,4.4734e-08,2.7750e-07,7.2151e-07,3.1757e-06,6.1965e-06,7.4518e-06,6.8609e-06
P28,60.00,45.00,60.00,0.00,7.9927e-08,3.0267e-07,9.5237e-07,3.1469e-06,7.5599e-06,7.5474e-06,6.0088e-06,7.6778e-08,2.7750e-07,7.2151e-07,3.1782e-06,6.1970e-06,7.4521e-06,6.8610e-06
P28,30.00,45.00,30.00,0.00,5.0841e-08,3.5418e-07,1.0726e-06,3.3112e-06,7.6873e-06,7.6748e-06,6.6342e-06,4.8876e-08,3.2608e-07,8.2223e-07,3.3281e-06,6.3132e-06,7.5714e-06,7.3500e-06
P28,60.00,0.00,30.00,0.00,7.6100e-08,3.0267e-07,9.5238e-07,3.1461e-06,7.5598e-06,7.5473e-06,6.0088e-06,7.2984e-08,2.7750e-07,7.2152e-07,3.1774e-06,6.1968e-06,7.4520e-06,6.8610e-06
P28,30.00,135.00,60.00,0.00,3.2328e-08,3.5416e-07,1.0725e-06,3.3106e-06,7.6873e-06,7.6748e-06,6.6342e-06,3.1341e-08,3.2608e-07,8.2222e-07,3.3275e-06,6.3130e-06,7.5713e-06,7.3499e-06
P28,0.00,180.00,30.00,0.00,4.3250e-08,3.6822e-07,1.1029e-06,3.3460e-06,7.7154e-06,7.7029e-06,6.7855e-06,4.1656e-08,3.3941e-07,8.4858e-07,3.3593e-06,6.3386e-06,7.5978e-06,7.4636e-06
P28,0.00,45.00,0.00,0.00,4.5174e-08,3.6822e-07,1.1029e-06,3.3461e-06,7.7154e-06,7.7029e-06,6.7855e-06,4.3475e-08,3.3941e-07,8.4858e-07,3.3594e-06,6.3386e-06,7.5978e-06,7.4636e-06
P28,60.00,135.00,0.00,0.00,5.4881e-08,3.0265e-07,9.5235e-07,3.1450e-06,7.5596e-06,7.5472e-06,6.0088e-06,5.2669e-08,2.7750e-07,7.2151e-07,3.1761e-06,6.1967e-06,7.4519e-06,6.8609e-06
P28,0.00,135.00,60.00,0.00,3.3979e-08,3.6821e-07,1.1029e-06,3.3459e-06,7.7154e-06,7.7029e-06,6.7855e-06,3.2949e-08,3.3941e-07,8.4857e-07,3.3593e-06,6.3387e-06,7.5978e-06,7.4636e-06
P28,30.00,90.00,30.00,0.00,4.6712e-08,3.5417e-07,1.0726e-06,3.3110e-06,7.6873e-06,7.6748e-06,6.6342e-06,4.4937e-08,3.2608e-07,8.2223e-07,3.3279e-06,6.3131e-06,7.5714e-06,7.3500e-06
P28,60.00,135.00,60.00,0.00,3.5205e-08,3.0264e-07,9.5231e-07,3.1443e-06,7.5596e-06,7.5472e-06,6.0087e-06,3.3993e-08,2.7750e-07,7.2151e-07,3.1754e-06,6.1965e-06,7.4518e-06,6.8609e-06
P28,0.00,180.00,0.00,0.00,4.5174e-08,3.6822e-07,1.1029e-06,3.3461e-06,7.7154e-06,7.7029e-06,6.7855e-06,4.3475e-08,3.3941e-07,8.4858e-07,3.3594e-06,6.3386e-06,7.5978e-06,7.4636e-06
P28,30.00,0.00,60.00,0.00,4.9456e-08,3.5418e-07,1.0726e-06,3.3115e-06,7.6874e-06,7.6749e-06,6.6342e-06,4.7717e-08,3.2608e-07,8.2222e-07,3.3285e-06,6.3132e-06,7.5714e-06,7.3500e-06
P28,60.00,90.00,60.00,0.00,4.7908e-08,3.0265e-07,9.5232e-07,3.1449e-06,7.5597e-06,7.5472e-06,6.0088e-06,4.6114e-08,2.7750e-07,7.2151e-07,3.1761e-06,6.1967e-06,7.4519e-06,6.8609e-06
P28,0.00,135.00,30.00,0.00,4.3250e-08,3.6822e-07,1.1029e-06,3.3460e-06,7.7154e-06,7.7029e-06,6.7855e-06,4.1656e-08,3.3941e-07,8.4858e-07,3.3593e-06,6.3386e-06,7.5978e-06,7.4636e-06
P28,60.00,0.00,0.00,0.00,5.4881e-08,3.0265e-07,9.5235e-07,3.1450e-06,7.5596e-06,7.5472e-06,6.0088e-06,5.2669e-08,2.7750e-07,7.2151e-07,3.1761e-06,6.1967e-06,7.4519e-06,6.8609e-06
P28,60.00,0.00,60.00,0.00,1.1307e-07,3.0269e-07,9.5242e-07,3.1494e-06,7.5602e-06,7.5478e-06,6.0088e-06,1.0865e-07,2.7750e-07,7.2152e-07,3.1809e-06,6.1976e-06,7.4524e-06,6.8612e-06
P28,30.00,45.00,0.00,0.00,4.7860e-08,3.5418e-07,1.0726e-06,3.3109e-06,7.6873e-06,7.6748e-06,6.6342e-06,4.5995e-08,3.2608e-07,8.2223e-07,3.3278e-06,6.3131e-06,7.5714e-06,7.3500e-06
P28,60.00,180.00,0.00,0.00,5.4881e-08,3.0265e-07,9.5235e-07,3.1450e-06,7.5596e-06,7.5472e-06,6.0088e-06,5.2669e-08,2.7750e-07,7.2151e-07,3.1761e-06,6.1967e-06,7.4519e-06,6.8609e-06
P28,30.00,135.00,0.00,0.00,4.7860e-08,3.5418e-07,1.0726e-06,3.3109e-06,7.6873e-06,7.6748e-06,6.6342e-06,4.5995e-08,3.2608e-07,8.2223e-07,3.3278e-06,6.3131e-06,7.5714e-06,7.3500e-06
P28,0.00,0.00,60.00,0.00,3.3979e-08,3.6821e-07,1.1029e-06,3.3459e-06,7.7154e-06,7.7029e-06,6.7855e-06,3.2949e-08,3.3941e-07,8.4857e-07,3.3593e-06,6.3387e-06,7.5978e-06,7.4636e-06
P28,30.00,45.00,60.00,0.00,4.4909e-08,3.5417e-07,1.0726e-06,3.3113e-06,7.6874e-06,7.6748e-06,6.6342e-06,4.3364e-08,3.2608e-07,8.2222e-07,3.3283e-06,6.3132e-06,7.5714e-06,7.3500e-06
P28,0.00,90.00,0.00,0.00,4.5174e-08,3.6822e-07,1.1029e-06,3.3461e-06,7.7154e-06,7.7029e-06,6.7855e-06,4.3475e-08,3.3941e-07,8.4858e-07,3.3594e-06,6.3386e-06,7.5978e-06,7.4636e-06
P28,30.00,180.00,30.00,0.00,4.2025e-08,3.5417e-07,1.0726e-06,3.3106e-06,7.6873e-06,7.6747e-06,6.6342e-06,4.0458e-08,3.2608e-07,8.2223e-07,3.3275e-06,6.3130e-06,7.5713e-06,7.3499e-06
P28,0.00,180.00,60.00,0.00,3.3979e-08,3.6821e-07,1.1029e-06,3.3459e-06,7.7154e-06,7.7029e-06,6.7855e-06,3.2949e-08,3.3941e-07,8.4857e-07,3.3593e-06,6.3387e-06,7.5978e-06,7.4636e-06
P28,60.00,180.00,30.00,0.00,4.3890e-08,3.0265e-07,9.5233e-07,3.1445e-06,7.5596e-06,7.5472e-06,6.0088e-06,4.2195e-08,2.7750e-07,7.2151e-07,3.1756e-06,6.1966e-06,7.4518e-06,6.8609e-06
P28,30.00,90.00,60.00,0.00,3.7248e-08,3.5417e-07,1.0725e-06,3.3108e-06,7.6873e-06,7.6748e-06,6.6342e-06,3.6035e-08,3.2608e-07,8.2222e-07,3.3278e-06,6.3131e-06,7.5714e-06,7.3499e-06
P28,30.00,90.00,0.00,0.00,4.7860e-08,3.5418e-07,1.0726e-06,3.3109e-06,7.6873e-06,7.6748e-06,6.6342e-06,4.5995e-08,3.2608e-07,8.2223e-07,3.3278e-06,6.3131e-06,7.5714e-06,7.3500e-06
P28,0.00,0.00,30.00,0.00,4.3250e-08,3.6822e-07,1.1029e-06,3.3460e-06,7.7154e-06,7.7029e-06,6.7855e-06,4.1656e-08,3.3941e-07,8.4858e-07,3.3593e-06,6.3386e-06,7.5978e-06,7.4636e-06
P28,0.00,45.00,30.00,0.00,4.3250e-08,3.6822e-07,1.1029e-06,3.3460e-06,7.7154e-06,7.7029e-06,6.7855e-06,4.1656e-08,3.3941e-07,8.4858e-07,3.3593e-06,6.3386e-06,7.5978e-06,7.4636e-06
P28,60.00,90.00,30.00,0.00,5.5042e-08,3.0265e-07,9.5235e-07,3.1449e-06,7.5596e-06,7.5472e-06,6.0088e-06,5.2833e-08,2.7750e-07,7.2151e-07,3.1761e-06,6.1966e-06,7.4519e-06,6.8609e-06
P28,30.00,135.00,30.00,0.00,4.3295e-08,3.5417e-07,1.0726e-06,3.3108e-06,7.6873e-06,7.6748e-06,6.6342e-06,4.1676e-08,3.2608e-07,8.2223e-07,3.3277e-06,6.3130e-06,7.5713e-06,7.3499e-06
P28,30.00,180.00,0.00,0.00,4.7860e-08,3.5418e-07,1.0726e-06,3.3109e-06,7.6873e-06,7.6748e-06,6.6342e-06,4.5995e-08,3.2608e-07,8.2223e-07,3.3278e-06,6.3131e-06,7.5714e-06,7.3500e-06
P28,0.00,90.00,60.00,0.00,3.3979e-08,3.6821e-07,1.1029e-06,3.3459e-06,7.7154e-06,7.7029e-06,6.7855e-06,3.2949e-08,3.3941e-07,8.4857e-07,3.3593e-06,6.3387e-06,7.5978e-06,7.4636e-06
P28,60.00,45.00,0.00,0.00,5.4881e-08,3.0265e-07,9.5235e-07,3.1450e-06,7.5596e-06,7.5472e-06,6.0088e-06,5.2669e-08,2.7750e-07,7.2151e-07,3.1761e-06,6.1967e-06,7.4519e-06,6.8609e-06
P28,30.00,180.00,60.00,0.00,3.0782e-08,3.5416e-07,1.0725e-06,3.3106e-06,7.6873e-06,7.6748e-06,6.6342e-06,2.9869e-08,3.2608e-07,8.2222e-07,3.3275e-06,6.3130e-06,7.5713e-06,7.3499e-06
P28,0.00,45.00,60.00,0.00,3.3979e-08,3.6821e-07,1.1029e-06,3.3459e-06,7.7154e-06,7.7029e-06,6.7855e-06,3.2949e-08,3.3941e-07,8.4857e-07,3.3593e-06,6.3387e-06,7.5978e-06,7.4636e-06
P28,60.00,90.00,0.00,0.00,5.4881e-08,3.0265e-07,9.5235e-07,3.1450e-06,7.5596e-06,7.5472e-06,6.0088e-06,5.2669e-08,2.7750e-07,7.2151e-07,3.1761e-06,6.1967e-06,7.4519e-06,6.8609e-06
P28,30.00,0.00,30.00,0.00,5.2885e-08,3.5418e-07,1.0726e-06,3.3113e-06,7.6874e-06,7.6748e-06,6.6342e-06,5.0832e-08,3.2608e-07,8.2224e-07,3.3283e-06,6.3132e-06,7.5714e-06,7.3500e-06
P28,0.00,135.00,0.00,0.00,4.5174e-08,3.6822e-07,1.1029e-06,3.3461e-06,7.7154e-06,7.7029e-06,6.7855e-06,4.3475e-08,3.3941e-07,8.4858e-07,3.3594e-06,6.3386e-06,7.5978e-06,7.4636e-06
P28,0.00,90.00,30.00,0.00,4.3250e-08,3.6822e-07,1.1029e-06,3.3460e-06,7.7154e-06,7.7029e-06,6.7855e-06,4.1656e-08,3.3941e-07,8.4858e-07,3.3593e-06,6.3386e-06,7.5978e-06,7.4636e-06
P29,60.00,90.00,30.00,0.00,5.5295e-08,2.1798e-07,7.6613e-07,3.6506e-06,8.3406e-06,8.3283e-06,6.4233e-06,5.3571e-08,1.9660e-07,5.5304e-07,3.6854e-06,7.0022e-06,8.2445e-06,7.4272e-06
P29,0.00,0.00,60.00,0.00,3.7329e-08,2.7235e-07,9.2119e-07,3.8999e-06,8.5872e-06,8.5746e-06,7.3275e-06,3.6560e-08,2.4692e-07,6.7004e-07,3.9161e-06,7.2054e-06,8.4772e-06,8.1476e-06
P29,0.00,180.00,60.00,0.00,3.7329e-08,2.7235e-07,9.2119e-07,3.8999e-06,8.5872e-06,8.5746e-06,7.3275e-06,3.6560e-08,2.4692e-07,6.7004e-07,3.9161e-06,7.2054e-06,8.4772e-06,8.1476e-06
P29,30.00,0.00,0.00,0.00,5.0422e-08,2.6047e-07,8.8817e-07,3.8543e-06,8.5414e-06,8.5288e-06,7.1500e-06,4.8893e-08,2.3588e-07,6.4489e-07,3.8742e-06,7.1674e-06,8.4338e-06,8.0099e-06
P29,0.00,90.00,30.00,0.00,4.6358e-08,2.7236e-07,9.2119e-07,3.9000e-06,8.5872e-06,8.5746e-06,7.3275e-06,4.5061e-08,2.4692e-07,6.7004e-07,3.9162e-06,7.2054e-06,8.4772e-06,8.1476e-06
P29,60.00,0.00,0.00,0.00,5.5285e-08,2.1798e-07,7.6613e-07,3.6506e-06,8.3406e-06,8.3283e-06,6.4233e-06,5.3547e-08,1.9660e-07,5.5304e-07,3.6854e-06,7.0023e-06,8.2446e-06,7.4272e-06
P29,0.00,0.00,30.00,0.00,4.6358e-08,2.7236e-07,9.2119e-07,3.9000e-06,8.5872e-06,8.5746e-06,7.3275e-06,4.5061e-08,2.4692e-07,6.7004e-07,3.9162e-06,7.2054e-06,8.4772e-06,8.1476e-06
P29,60.00,0.00,30.00,0.00,7.4430e-08,2.1799e-07,7.6613e-07,3.6516e-06,8.3407e-06,8.3284e-06,6.4233e-06,7.1983e-08,1.9660e-07,5.5304e-07,3.6864e-06,7.0024e-06,8.2446e-06,7.4272e-06
P29,30.00,180.00,0.00,0.00,5.0422e-08,2.6047e-07,8.8817e-07,3.8543e-06,8.5414e-06,8.5288e-06,7.1500e-06,4.8893e-08,2.3588e-07,6.4489e-07,3.8742e-06,7.1674e-06,8.4338e-06,8.0099e-06
P29,0.00,45.00,30.00,0.00,4.6358e-08,2.7236e-07,9.2119e-07,3.9000e-06,8.5872e-06,8.5746e-06,7.3275e-06,4.5061e-08,2.4692e-07,6.7004e-07,3.9162e-06,7.2054e-06,8.4772e-06,8.1476e-06
P29,60.00,180.00,30.00,0.00,4.5157e-08,2.1798e-07,7.6613e-07,3.6502e-06,8.3406e-06,8.3283e-06,6.4232e-06,4.3849e-08,1.9660e-07,5.5304e-07,3.6849e-06,7.0022e-06,8.2445e-06,7.4272e-06
P29,0.00,45.00,60.00,0.00,3.7329e-08,2.7235e-07,9.2119e-07,3.8999e-06,8.5872e-06,8.5746e-06,7.3275e-06,3.6560e-08,2.4692e-07,6.7004e-07,3.9161e-06,7.2054e-06,8.4772e-06,8.1476e-06
P29,0.00,180.00,30.00,0.00,4.6358e-08,2.7236e-07,9.2119e-07,3.9000e-06,8.5872e-06,8.5746e-06,7.3275e-06,4.5061e-08,2.4692e-07,6.7004e-07,3.9162e-06,7.2054e-06,8.4772e-06,8.1476e-06
P29,60.00,45.00,0.00,0.00,5.5285e-08,2.1798e-07,7.6613e-07,3.6506e-06,8.3406e-06,8.3283e-06,6.4233e-06,5.3547e-08,1.9660e-07,5.5304e-07,3.6854e-06,7.0023e-06,8.2446e-06,7.4272e-06
P29,30.00,45.00,30.00,0.00,5.3082e-08,2.6047e-07,8.8817e-07,3.8545e-06,8.5414e-06,8.5288e-06,7.1500e-06,5.1483e-08,2.3588e-07,6.4489e-07,3.8744e-06,7.1675e-06,8.4338e-06,8.0100e-06
P29,60.00,180.00,60.00,0.00,3.3880e-08,2.1797e-07,7.6613e-07,3.6497e-06,8.3405e-06,8.3282e-06,6.4232e-06,3.3117e-08,1.9660e-07,5.5304e-07,3.6844e-06,7.0021e-06,8.2444e-06,7.4271e-06
P29,60.00,135.00,30.00,0.00,4.7581e-08,2.1798e-07,7.6613e-07,3.6503e-06,8.3406e-06,8.3283e-06,6.4232e-06,4.6170e-08,1.9660e-07,5.5304e-07,3.6850e-06,7.0022e-06,8.2445e-06,7.4272e-06
P29,30.00,90.00,0.00,0.00,5.0422e-08,2.6047e-07,8.8817e-07,3.8543e-06,8.5414e-06,8.5288e-06,7.1500e-06,4.8893e-08,2.3588e-07,6.4489e-07,3.8742e-06,7.1674e-06,8.4338e-06,8.0099e-06
P29,30.00,135.00,60.00,0.00,3.5518e-08,2.6047e-07,8.8817e-07,3.8540e-06,8.5414e-06,8.5288e-06,7.1499e-06,3.4790e-08,2.3588e-07,6.4489e-07,3.8739e-06,7.1674e-06,8.4337e-06,8.0099e-06
P29,0.00,135.00,0.00,0.00,4.8259e-08,2.7236e-07,9.2119e-07,3.9000e-06,8.5872e-06,8.5746e-06,7.3275e-06,4.6859e-08,2.4692e-07,6.7004e-07,3.9162e-06,7.2053e-06,8.4772e-06,8.1476e-06
P29,30.00,45.00,0.00,0.00,5.0422e-08,2.6047e-07,8.8817e-07,3.8543e-06,8.5414e-06,8.5288e-06,7.1500e-06,4.8893e-08,2.3588e-07,6.4489e-07,3.8742e-06,7.1674e-06,8.4338e-06,8.0099e-06
P29,30.00,135.00,0.00,0.00,5.0422e-08,2.6047e-07,8.8817e-07,3.8543e-06,8.5414e-06,8.5288e-06,7.1500e-06,4.8893e-08,2.3588e-07,6.4489e-07,3.8742e-06,7.1674e-06,8.4338e-06,8.0099e-06
P29,0.00,135.00,30.00,0.00,4.6358e-08,2.7236e-07,9.2119e-07,3.9000e-06,8.5872e-06,8.5746e-06,7.3275e-06,4.5061e-08,2.4692e-07,6.7004e-07,3.9162e-06,7.2054e-06,8.4772e-06,8.1476e-06
P29,60.00,0.00,60.00,0.00,1.0642e-07,2.1800e-07,7.6613e-07,3.6541e-06,8.3410e-06,8.3287e-06,6.4233e-06,1.0309e-07,1.9660e-07,5.5304e-07,3.6892e-06,7.0030e-06,8.2449e-06,7.4273e-06
P29,0.00,90.00,0.00,0.00,4.8259e-08,2.7236e-07,9.2119e-07,3.9000e-06,8.5872e-06,8.5746e-06,7.3275e-06,4.6859e-08,2.4692e-07,6.7004e-07,3.9162e-06,7.2053e-06,8.4772e-06,8.1476e-06
P29,0.00,90.00,60.00,0.00,3.7329e-08,2.7235e-07,9.2119e-07,3.8999e-06,8.5872e-06,8.5746e-06,7.3275e-06,3.6560e-08,2.4692e-07,6.7004e-07,3.9161e-06,7.2054e-06,8.4772e-06,8.1476e-06
P29,30.00,135.00,30.00,0.00,4.6063e-08,2.6047e-07,8.8817e-07,3.8542e-06,8.5414e-06,8.5288e-06,7.1500e-06,4.4757e-08,2.3588e-07,6.4489e-07,3.8741e-06,7.1673e-06,8.4337e-06,8.0099e-06
P29,30.00,90.00,30.00,0.00,4.9242e-08,2.6047e-07,8.8817e-07,3.8543e-06,8.5414e-06,8.5288e-06,7.1500e-06,4.7803e-08,2.3588e-07,6.4489e-07,3.8742e-06,7.1674e-06,8.4338e-06,8.0099e-06
P29,60.00,45.00,60.00,0.00,7.6817e-08,2.1799e-07,7.6613e-07,3.6521e-06,8.3407e-06,8.3285e-06,6.4233e-06,7.4448e-08,1.9660e-07,5.5304e-07,3.6870e-06,7.0026e-06,8.2447e-06,7.4272e-06
P29,60.00,135.00,0.00,0.00,5.5285e-08,2.1798e-07,7.6613e-07,3.6506e-06,8.3406e-06,8.3283e-06,6.4233e-06,5.3547e-08,1.9660e-07,5.5304e-07,3.6854e-06,7.0023e-06,8.2446e-06,7.4272e-06
P29,0.00,0.00,0.00,0.00,4.8259e-08,2.7236e-07,9.2119e-07,3.9000e-06,8.5872e-06,8.5746e-06,7.3275e-06,4.6859e-08,2.4692e-07,6.7004e-07,3.9162e-06,7.2053e-06,8.4772e-06,8.1476e-06
P29,0.00,180.00,0.00,0.00,4.8259e-08,2.7236e-07,9.2119e-07,3.9000e-06,8.5872e-06,8.5746e-06,7.3275e-06,4.6859e-08,2.4692e-07,6.7004e-07,3.9162e-06,7.2053e-06,8.4772e-06,8.1476e-06
P29,30.00,180.00,60.00,0.00,3.4106e-08,2.6047e-07,8.8817e-07,3.8540e-06,8.5414e-06,8.5288e-06,7.1499e-06,3.3438e-08,2.3588e-07,6.4489e-07,3.8739e-06,7.1674e-06,8.4337e-06,8.0099e-06
P29,60.00,135.00,60.00,0.00,3.6863e-08,2.1798e-07,7.6613e-07,3.6500e-06,8.3405e-06,8.3283e-06,6.4232e-06,3.5988e-08,1.9660e-07,5.5304e-07,3.6847e-06,7.0022e-06,8.2445e-06,7.4272e-06
P29,30.00,45.00,60.00,0.00,4.7014e-08,2.6047e-07,8.8817e-07,3.8546e-06,8.5414e-06,8.5288e-06,7.1500e-06,4.5834e-08,2.3588e-07,6.4489e-07,3.8745e-06,7.1675e-06,8.4338e-06,8.0100e-06
P29,60.00,45.00,30.00,0.00,6.7304e-08,2.1799e-07,7.6613e-07,3.6513e-06,8.3407e-06,8.3284e-06,6.4233e-06,6.5122e-08,1.9660e-07,5.5304e-07,3.6861e-06,7.0024e-06,8.2446e-06,7.4272e-06
P29,60.00,90.00,0.00,0.00,5.5285e-08,2.1798e-07,7.6613e-07,3.6506e-06,8.3406e-06,8.3283e-06,6.4233e-06,5.3547e-08,1.9660e-07,5.5304e-07,3.6854e-06,7.0023e-06,8.2446e-06,7.4272e-06
P29,30.00,180.00,30.00,0.00,4.4882e-08,2.6047e-07,8.8817e-07,3.8540e-06,8.5413e-06,8.5288e-06,7.1499e-06,4.3620e-08,2.3588e-07,6.4489e-07,3.8739e-06,7.1673e-06,8.4337e-06,8.0099e-06
P29,30.00,90.00,60.00,0.00,4.0014e-08,2.6047e-07,8.8817e-07,3.8542e-06,8.5414e-06,8.5288e-06,7.1499e-06,3.9103e-08,2.3588e-07,6.4489e-07,3.8741e-06,7.1674e-06,8.4338e-06,8.0099e-06
P29,60.00,180.00,0.00,0.00,5.5285e-08,2.1798e-07,7.6613e-07,3.6506e-06,8.3406e-06,8.3283e-06,6.4233e-06,5.3547e-08,1.9660e-07,5.5304e-07,3.6854e-06,7.0023e-06,8.2446e-06,7.4272e-06
P29,30.00,0.00,60.00,0.00,5.1169e-08,2.6047e-07,8.8817e-07,3.8548e-06,8.5414e-06,8.5289e-06,7.1500e-06,4.9831e-08,2.3588e-07,6.4489e-07,3.8747e-06,7.1675e-06,8.4338e-06,8.0100e-06
P29,60.00,90.00,60.00,0.00,4.8213e-08,2.1798e-07,7.6613e-07,3.6506e-06,8.3406e-06,8.3283e-06,6.4232e-06,4.6885e-08,1.9660e-07,5.5304e-07,3.6853e-06,7.0023e-06,8.2445e-06,7.4272e-06
P29,0.00,45.00,0.00,0.00,4.8259e-08,2.7236e-07,9.2119e-07,3.9000e-06,8.5872e-06,8.5746e-06,7.3275e-06,4.6859e-08,2.4692e-07,6.7004e-07,3.9162e-06,7.2053e-06,8.4772e-06,8.1476e-06
P29,30.00,0.00,30.00,0.00,5.4984e-08,2.6048e-07,8.8817e-07,3.8546e-06,8.5414e-06,8.5289e-06,7.1500e-06,5.3310e-08,2.3588e-07,6.4489e-07,3.8746e-06,7.1675e-06,8.4338e-06,8.0100e-06
P29,0.00,135.00,60.00,0.00,3.7329e-08,2.7235e-07,9.2119e-07,3.8999e-06,8.5872e-06,8.5746e-06,7.3275e-06,3.6560e-08,2.4692e-07,6.7004e-07,3.9161e-06,7.2054e-06,8.4772e-06,8.1476e-06
P30,0.00,90.00,30.00,0.00,4.2021e-08,3.7187e-07,1.0819e-06,3.1989e-06,7.4523e-06,7.4399e-06,6.8044e-06,4.0426e-08,3.4389e-07,8.4097e-07,3.2010e-06,6.0906e-06,7.3337e-06,7.3864e-06
P30,30.00,90.00,0.00,0.00,4.6704e-08,3.5851e-07,1.0550e-06,3.1698e-06,7.4306e-06,7.4183e-06,6.6690e-06,4.4838e-08,3.3114e-07,8.1720e-07,3.1749e-06,6.0705e-06,7.3133e-06,7.2888e-06
P30,60.00,0.00,60.00,0.00,1.1205e-07,3.0813e-07,9.4720e-07,3.0361e-06,7.3328e-06,7.3205e-06,6.0946e-06,1.0767e-07,2.8321e-07,7.2545e-07,3.0534e-06,5.9802e-06,7.2222e-06,6.8625e-06
P30,60.00,0.00,30.00,0.00,7.5322e-08,3.0810e-07,9.4715e-07,3.0327e-06,7.3324e-06,7.3201e-06,6.0946e-06,7.2214e-08,2.8321e-07,7.2545e-07,3.0498e-06,5.9794e-06,7.2218e-06,6.8623e-06
P30,30.00,45.00,0.00,0.00,4.6704e-08,3.5851e-07,1.0550e-06,3.1698e-06,7.4306e-06,7.4183e-06,6.6690e-06,4.4838e-08,3.3114e-07,8.1720e-07,3.1749e-06,6.0705e-06,7.3133e-06,7.2888e-06
P30,60.00,180.00,30.00,0.00,4.3021e-08,3.0808e-07,9.4708e-07,3.0310e-06,7.3322e-06,7.3199e-06,6.0946e-06,4.1331e-08,2.8321e-07,7.2544e-07,3.0480e-06,5.9792e-06,7.2216e-06,6.8622e-06
P30,60.00,135.00,60.00,0.00,3.4255e-08,3.0807e-07,9.4706e-07,3.0309e-06,7.3322e-06,7.3199e-06,6.0945e-06,3.3054e-08,2.8320e-07,7.2543e-07,3.0479e-06,5.9792e-06,7.2216e-06,6.8622e-06
P30,0.00,45.00,60.00,0.00,3.2738e-08,3.7186e-07,1.0819e-06,3.1988e-06,7.4523e-06,7.4399e-06,6.8044e-06,3.1708e-08,3.4389e-07,8.4096e-07,3.2010e-06,6.0906e-06,7.3337e-06,7.3864e-06
P30,30.00,180.00,30.00,0.00,4.0859e-08,3.5851e-07,1.0549e-06,3.1694e-06,7.4306e-06,7.4182e-06,6.6690e-06,3.9292e-08,3.3114e-07,8.1719e-07,3.1745e-06,6.0704e-06,7.3133e-06,7.2888e-06
P30,0.00,180.00,0.00,0.00,4.3949e-08,3.7187e-07,1.0820e-06,3.1989e-06,7.4523e-06,7.4399e-06,6.8044e-06,4.2247e-08,3.4389e-07,8.4098e-07,3.2011e-06,6.0905e-06,7.3337e-06,7.3864e-06
P30,0.00,0.00,0.00,0.00,4.3949e-08,3.7187e-07,1.0820e-06,3.1989e-06,7.4523e-06,7.4399e-06,6.8044e-06,4.2247e-08,3.4389e-07,8.4098e-07,3.2011e-06,6.0905e-06,7.3337e-06,7.3864e-06
P30,60.00,135.00,0.00,0.00,5.4063e-08,3.0809e-07,9.4710e-07,3.0316e-06,7.3323e-06,7.3200e-06,6.0946e-06,5.1855e-08,2.8321e-07,7.2544e-07,3.0486e-06,5.9793e-06,7.2216e-06,6.8622e-06
P30,0.00,90.00,60.00,0.00,3.2738e-08,3.7186e-07,1.0819e-06,3.1988e-06,7.4523e-06,7.4399e-06,6.8044e-06,3.1708e-08,3.4389e-07,8.4096e-07,3.2010e-06,6.0906e-06,7.3337e-06,7.3864e-06
P30,0.00,180.00,60.00,0.00,3.2738e-08,3.7186e-07,1.0819e-06,3.1988e-06,7.4523e-06,7.4399e-06,6.8044e-06,3.1708e-08,3.4389e-07,8.4096e-07,3.2010e-06,6.0906e-06,7.3337e-06,7.3864e-06
P30,0.00,90.00,0.00,0.00,4.3949e-08,3.7187e-07,1.0820e-06,3.1989e-06,7.4523e-06,7.4399e-06,6.8044e-06,4.2247e-08,3.4389e-07,8.4098e-07,3.2011e-06,6.0905e-06,7.3337e-06,7.3864e-06
P30,30.00,180.00,0.00,0.00,4.6704e-08,3.5851e-07,1.0550e-06,3.1698e-06,7.4306e-06,7.4183e-06,6.6690e-06,4.4838e-08,3.3114e-07,8.1720e-07,3.1749e-06,6.0705e-06,7.3133e-06,7.2888e-06
P30,0.00,45.00,30.00,0.00,4.2021e-08,3.7187e-07,1.0819e-06,3.1989e-06,7.4523e-06,7.4399e-06,6.8044e-06,4.0426e-08,3.4389e-07,8.4097e-07,3.2010e-06,6.0906e-06,7.3337e-06,7.3864e-06
P30,60.00,90.00,60.00,0.00,4.6957e-08,3.0808e-07,9.4707e-07,3.0315e-06,7.3323e-06,7.3200e-06,6.0946e-06,4.5177e-08,2.8321e-07,7.2544e-07,3.0486e-06,5.9793e-06,7.2216e-06,6.8622e-06
P30,30.00,45.00,60.00,0.00,4.3738e-08,3.5851e-07,1.0549e-06,3.1702e-06,7.4307e-06,7.4183e-06,6.6690e-06,4.2198e-08,3.3114e-07,8.1718e-07,3.1754e-06,6.0706e-06,7.3134e-06,7.2889e-06
P30,0.00,135.00,0.00,0.00,4.3949e-08,3.7187e-07,1.0820e-06,3.1989e-06,7.4523e-06,7.4399e-06,6.8044e-06,4.2247e-08,3.4389e-07,8.4098e-07,3.2011e-06,6.0905e-06,7.3337e-06,7.3864e-06
P30,30.00,0.00,0.00,0.00,4.6704e-08,3.5851e-07,1.0550e-06,3.1698e-06,7.4306e-06,7.4183e-06,6.6690e-06,4.4838e-08,3.3114e-07,8.1720e-07,3.1749e-06,6.0705e-06,7.3133e-06,7.2888e-06
P30,0.00,135.00,30.00,0.00,4.2021e-08,3.7187e-07,1.0819e-06,3.1989e-06,7.4523e-06,7.4399e-06,6.8044e-06,4.0426e-08,3.4389e-07,8.4097e-07,3.2010e-06,6.0906e-06,7.3337e-06,7.3864e-06
P30,0.00,45.00,0.00,0.00,4.3949e-08,3.7187e-07,1.0820e-06,3.1989e-06,7.4523e-06,7.4399e-06,6.8044e-06,4.2247e-08,3.4389e-07,8.4098e-07,3.2011e-06,6.0905e-06,7.3337e-06,7.3864e-06
P30,60.00,45.00,60.00,0.00,7.8953e-08,3.0810e-07,9.4713e-07,3.0335e-06,7.3325e-06,7.3202e-06,6.0946e-06,7.5830e-08,2.8321e-07,7.2544e-07,3.0507e-06,5.9796e-06,7.2219e-06,6.8623e-06
P30,30.00,0.00,30.00,0.00,5.1733e-08,3.5852e-07,1.0550e-06,3.1702e-06,7.4307e-06,7.4183e-06,6.6690e-06,4.9681e-08,3.3114e-07,8.1720e-07,3.1753e-06,6.0706e-06,7.3134e-06,7.2889e-06
P30,30.00,135.00,30.00,0.00,4.2130e-08,3.5851e-07,1.0549e-06,3.1696e-06,7.4306e-06,7.4182e-06,6.6690e-06,4.0511e-08,3.3114e-07,8.1719e-07,3.1748e-06,6.0704e-06,7.3133e-06,7.2888e-06
P30,60.00,180.00,60.00,0.00,3.0916e-08,3.0807e-07,9.4705e-07,3.0305e-06,7.3322e-06,7.3199e-06,6.0945e-06,2.9858e-08,2.8320e-07,7.2543e-07,3.0474e-06,5.9790e-06,7.2215e-06,6.8622e-06
P30,60.00,45.00,30.00,0.00,6.7457e-08,3.0810e-07,9.4713e-07,3.0324e-06,7.3324e-06,7.3201e-06,6.0946e-06,6.4683e-08,2.8321e-07,7.2545e-07,3.0494e-06,5.9794e-06,7.2217e-06,6.8623e-06
P30,60.00,45.00,0.00,0.00,5.4063e-08,3.0809e-07,9.4710e-07,3.0316e-06,7.3323e-06,7.3200e-06,6.0946e-06,5.1855e-08,2.8321e-07,7.2544e-07,3.0486e-06,5.9793e-06,7.2216e-06,6.8622e-06
P30,30.00,180.00,60.00,0.00,2.9596e-08,3.5850e-07,1.0549e-06,3.1694e-06,7.4306e-06,7.4182e-06,6.6690e-06,2.8684e-08,3.3114e-07,8.1718e-07,3.1745e-06,6.0704e-06,7.3133e-06,7.2888e-06
P30,30.00,90.00,60.00,0.00,3.6069e-08,3.5850e-07,1.0549e-06,3.1697e-06,7.4306e-06,7.4183e-06,6.6690e-06,3.4859e-08,3.3114e-07,8.1718e-07,3.1749e-06,6.0705e-06,7.3133e-06,7.2888e-06
P30,60.00,90.00,30.00,0.00,5.4206e-08,3.0809e-07,9.4710e-07,3.0316e-06,7.3323e-06,7.3200e-06,6.0946e-06,5.2002e-08,2.8321e-07,7.2544e-07,3.0486e-06,5.9792e-06,7.2216e-06,6.8622e-06
P30,0.00,135.00,60.00,0.00,3.2738e-08,3.7186e-07,1.0819e-06,3.1988e-06,7.4523e-06,7.4399e-06,6.8044e-06,3.1708e-08,3.4389e-07,8.4096e-07,3.2010e-06,6.0906e-06,7.3337e-06,7.3864e-06
P30,60.00,90.00,0.00,0.00,5.4063e-08,3.0809e-07,9.4710e-07,3.0316e-06,7.3323e-06,7.3200e-06,6.0946e-06,5.1855e-08,2.8321e-07,7.2544e-07,3.0486e-06,5.9793e-06,7.2216e-06,6.8622e-06
P30,30.00,135.00,60.00,0.00,3.1143e-08,3.5850e-07,1.0549e-06,3.1695e-06,7.4306e-06,7.4182e-06,6.6690e-06,3.0158e-08,3.3114e-07,8.1718e-07,3.1746e-06,6.0704e-06,7.3133e-06,7.2888e-06
P30,60.00,0.00,0.00,0.00,5.4063e-08,3.0809e-07,9.4710e-07,3.0316e-06,7.3323e-06,7.3200e-06,6.0946e-06,5.1855e-08,2.8321e-07,7.2544e-07,3.0486e-06,5.9793e-06,7.2216e-06,6.8622e-06
P30,30.00,135.00,0.00,0.00,4.6704e-08,3.5851e-07,1.0550e-06,3.1698e-06,7.4306e-06,7.4183e-06,6.6690e-06,4.4838e-08,3.3114e-07,8.1720e-07,3.1749e-06,6.0705e-06,7.3133e-06,7.2888e-06
P30,0.00,0.00,30.00,0.00,4.2021e-08,3.7187e-07,1.0819e-06,3.1989e-06,7.4523e-06,7.4399e-06,6.8044e-06,4.0426e-08,3.4389e-07,8.4097e-07,3.2010e-06,6.0906e-06,7.3337e-06,7.3864e-06
P30,30.00,0.00,60.00,0.00,4.8290e-08,3.5851e-07,1.0550e-06,3.1704e-06,7.4307e-06,7.4183e-06,6.6690e-06,4.6557e-08,3.3114e-07,8.1719e-07,3.1756e-06,6.0706e-06,7.3134e-06,7.2889e-06
P30,30.00,45.00,30.00,0.00,4.9686e-08,3.5851e-07,1.0550e-06,3.1700e-06,7.4307e-06,7.4183e-06,6.6690e-06,4.7722e-08,3.3114e-07,8.1720e-07,3.1752e-06,6.0705e-06,7.3134e-06,7.2889e-06
P30,0.00,180.00,30.00,0.00,4.2021e-08,3.7187e-07,1.0819e-06,3.1989e-06,7.4523e-06,7.4399e-06,6.8044e-06,4.0426e-08,3.4389e-07,8.4097e-07,3.2010e-06,6.0906e-06,7.3337e-06,7.3864e-06
P30,0.00,0.00,60.00,0.00,3.2738e-08,3.7186e-07,1.0819e-06,3.1988e-06,7.4523e-06,7.4399e-06,6.8044e-06,3.1708e-08,3.4389e-07,8.4096e-07,3.2010e-06,6.0906e-06,7.3337e-06,7.3864e-06
P30,30.00,90.00,30.00,0.00,4.5552e-08,3.5851e-07,1.0550e-06,3.1698e-06,7.4306e-06,7.4183e-06,6.6690e-06,4.3777e-08,3.3114e-07,8.1719e-07,3.1750e-06,6.0705e-06,7.3133e-06,7.2888e-06
P30,60.00,180.00,0.00,0.00,5.4063e-08,3.0809e-07,9.4710e-07,3.0316e-06,7.3323e-06,7.3200e-06,6.0946e-06,5.1855e-08,2.8321e-07,7.2544e-07,3.0486e-06,5.9793e-06,7.2216e-06,6.8622e-06
P30,60.00,135.00,30.00,0.00,4.5695e-08,3.0808e-07,9.4708e-07,3.0311e-06,7.3322e-06,7.3199e-06,6.0946e-06,4.3878e-08,2.8321e-07,7.2544e-07,3.0481e-06,5.9792e-06,7.2216e-06,6.8622e-06
P31,0.00,45.00,30.00,0.00,4.3865e-08,4.9256e-07,1.3587e-06,3.3882e-06,7.7941e-06,7.7814e-06,6.8925e-06,4.2220e-08,4.5803e-07,1.0979e-06,3.4011e-06,6.3908e-06,7.6721e-06,7.5742e-06
P31,30.00,135.00,0.00,0.00,4.8607e-08,4.7160e-07,1.3326e-06,3.3583e-06,7.7751e-06,7.7623e-06,6.7426e-06,4.6681e-08,4.3741e-07,1.0713e-06,3.3747e-06,6.3732e-06,7.6545e-06,7.4656e-06
P31,60.00,45.00,60.00,0.00,8.2285e-08,3.8697e-07,1.2173e-06,3.2091e-06,7.6792e-06,7.6665e-06,6.1124e-06,7.8924e-08,3.5465e-07,9.5558e-07,3.2396e-06,6.2843e-06,7.5662e-06,6.9877e-06
P31,0.00,0.00,30.00,0.00,4.3865e-08,4.9256e-07,1.3587e-06,3.3882e-06,7.7941e-06,7.7814e-06,6.8925e-06,4.2220e-08,4.5803e-07,1.0979e-06,3.4011e-06,6.3908e-06,7.6721e-06,7.5742e-06
P31,0.00,180.00,60.00,0.00,3.4567e-08,4.9255e-07,1.3586e-06,3.3881e-06,7.7941e-06,7.7814e-06,6.8925e-06,3.3491e-08,4.5802e-07,1.0979e-06,3.4011e-06,6.3908e-06,7.6721e-06,7.5742e-06
P31,60.00,45.00,30.00,0.00,6.9989e-08,3.8695e-07,1.2171e-06,3.2080e-06,7.6790e-06,7.6663e-06,6.1124e-06,6.7056e-08,3.5465e-07,9.5554e-07,3.2383e-06,6.2841e-06,7.5660e-06,6.9877e-06
P31,60.00,0.00,30.00,0.00,7.8035e-08,3.8697e-07,1.2172e-06,3.2084e-06,7.6791e-06,7.6664e-06,6.1124e-06,7.4748e-08,3.5465e-07,9.5559e-07,3.2387e-06,6.2841e-06,7.5661e-06,6.9877e-06
P31,0.00,135.00,60.00,0.00,3.4567e-08,4.9255e-07,1.3586e-06,3.3881e-06,7.7941e-06,7.7814e-06,6.8925e-06,3.3491e-08,4.5802e-07,1.0979e-06,3.4011e-06,6.3908e-06,7.6721e-06,7.5742e-06
P31,60.00,45.00,0.00,0.00,5.6225e-08,3.8692e-07,1.2169e-06,3.2071e-06,7.6790e-06,7.6663e-06,6.1124e-06,5.3903e-08,3.5464e-07,9.5547e-07,3.2374e-06,6.2840e-06,7.5659e-06,6.9876e-06
P31,0.00,90.00,30.00,0.00,4.3865e-08,4.9256e-07,1.3587e-06,3.3882e-06,7.7941e-06,7.7814e-06,6.8925e-06,4.2220e-08,4.5803e-07,1.0979e-06,3.4011e-06,6.3908e-06,7.6721e-06,7.5742e-06
P31,0.00,90.00,0.00,0.00,4.5787e-08,4.9257e-07,1.3587e-06,3.3882e-06,7.7941e-06,7.7814e-06,6.8925e-06,4.4036e-08,4.5803e-07,1.0979e-06,3.4012e-06,6.3907e-06,7.6721e-06,7.5742e-06
P31,60.00,90.00,0.00,0.00,5.6225e-08,3.8692e-07,1.2169e-06,3.2071e-06,7.6790e-06,7.6663e-06,6.1124e-06,5.3903e-08,3.5464e-07,9.5547e-07,3.2374e-06,6.2840e-06,7.5659e-06,6.9876e-06
P31,30.00,90.00,0.00,0.00,4.8607e-08,4.7160e-07,1.3326e-06,3.3583e-06,7.7751e-06,7.7623e-06,6.7426e-06,4.6681e-08,4.3741e-07,1.0713e-06,3.3747e-06,6.3732e-06,7.6545e-06,7.4656e-06
P31,0.00,180.00,30.00,0.00,4.3865e-08,4.9256e-07,1.3587e-06,3.3882e-06,7.7941e-06,7.7814e-06,6.8925e-06,4.2220e-08,4.5803e-07,1.0979e-06,3.4011e-06,6.3908e-06,7.6721e-06,7.5742e-06
P31,60.00,90.00,30.00,0.00,5.6433e-08,3.8692e-07,1.2169e-06,3.2071e-06,7.6790e-06,7.6662e-06,6.1124e-06,5.4108e-08,3.5464e-07,9.5546e-07,3.2374e-06,6.2839e-06,7.5659e-06,6.9876e-06
P31,0.00,135.00,30.00,0.00,4.3865e-08,4.9256e-07,1.3587e-06,3.3882e-06,7.7941e-06,7.7814e-06,6.8925e-06,4.2220e-08,4.5803e-07,1.0979e-06,3.4011e-06,6.3908e-06,7.6721e-06,7.5742e-06
P31,30.00,45.00,60.00,0.00,4.5826e-08,4.7159e-07,1.3327e-06,3.3587e-06,7.7752e-06,7.7624e-06,6.7426e-06,4.4205e-08,4.3741e-07,1.0713e-06,3.3752e-06,6.3733e-06,7.6546e-06,7.4656e-06
P31,30.00,180.00,60.00,0.00,3.1372e-08,4.7156e-07,1.3325e-06,3.3579e-06,7.7751e-06,7.7623e-06,6.7426e-06,3.0417e-08,4.3740e-07,1.0713e-06,3.3744e-06,6.3732e-06,7.6545e-06,7.4656e-06
P31,60.00,180.00,60.00,0.00,3.2774e-08,3.8688e-07,1.2167e-06,3.2060e-06,7.6788e-06,7.6661e-06,6.1124e-06,3.1643e-08,3.5462e-07,9.5535e-07,3.2362e-06,6.2837e-06,7.5658e-06,6.9876e-06
P31,30.00,0.00,0.00,0.00,4.8607e-08,4.7160e-07,1.3326e-06,3.3583e-06,7.7751e-06,7.7623e-06,6.7426e-06,4.6681e-08,4.3741e-07,1.0713e-06,3.3747e-06,6.3732e-06,7.6545e-06,7.4656e-06
P31,60.00,135.00,60.00,0.00,3.6214e-08,3.8688e-07,1.2167e-06,3.2064e-06,7.6789e-06,7.6662e-06,6.1124e-06,3.4928e-08,3.5462e-07,9.5537e-07,3.2367e-06,6.2838e-06,7.5659e-06,6.9876e-06
P31,60.00,135.00,0.00,0.00,5.6225e-08,3.8692e-07,1.2169e-06,3.2071e-06,7.6790e-06,7.6663e-06,6.1124e-06,5.3903e-08,3.5464e-07,9.5547e-07,3.2374e-06,6.2840e-06,7.5659e-06,6.9876e-06
P31,0.00,0.00,60.00,0.00,3.4567e-08,4.9255e-07,1.3586e-06,3.3881e-06,7.7941e-06,7.7814e-06,6.8925e-06,3.3491e-08,4.5802e-07,1.0979e-06,3.4011e-06,6.3908e-06,7.6721e-06,7.5742e-06
P31,30.00,45.00,0.00,0.00,4.8607e-08,4.7160e-07,1.3326e-06,3.3583e-06,7.7751e-06,7.7623e-06,6.7426e-06,4.6681e-08,4.3741e-07,1.0713e-06,3.3747e-06,6.3732e-06,7.6545e-06,7.4656e-06
P31,30.00,135.00,30.00,0.00,4.3998e-08,4.7159e-07,1.3326e-06,3.3581e-06,7.7751e-06,7.7623e-06,6.7426e-06,4.2323e-08,4.3740e-07,1.0713e-06,3.3746e-06,6.3732e-06,7.6545e-06,7.4656e-06
P31,30.00,90.00,60.00,0.00,3.7987e-08,4.7157e-07,1.3326e-06,3.3582e-06,7.7751e-06,7.7623e-06,6.7426e-06,3.6717e-08,4.3740e-07,1.0713e-06,3.3747e-06,6.3732e-06,7.6545e-06,7.4656e-06
P31,60.00,180.00,0.00,0.00,5.6225e-08,3.8692e-07,1.2169e-06,3.2071e-06,7.6790e-06,7.6663e-06,6.1124e-06,5.3903e-08,3.5464e-07,9.5547e-07,3.2374e-06,6.2840e-06,7.5659e-06,6.9876e-06
P31,30.00,0.00,30.00,0.00,5.3759e-08,4.7161e-07,1.3327e-06,3.3587e-06,7.7751e-06,7.7624e-06,6.7426e-06,5.1631e-08,4.3741e-07,1.0714e-06,3.3752e-06,6.3733e-06,7.6545e-06,7.4656e-06
P31,0.00,135.00,0.00,0.00,4.5787e-08,4.9257e-07,1.3587e-06,3.3882e-06,7.7941e-06,7.7814e-06,6.8925e-06,4.4036e-08,4.5803e-07,1.0979e-06,3.4012e-06,6.3907e-06,7.6721e-06,7.5742e-06
P31,0.00,180.00,0.00,0.00,4.5787e-08,4.9257e-07,1.3587e-06,3.3882e-06,7.7941e-06,7.7814e-06,6.8925e-06,4.4036e-08,4.5803e-07,1.0979e-06,3.4012e-06,6.3907e-06,7.6721e-06,7.5742e-06
P31,60.00,135.00,30.00,0.00,4.7729e-08,3.8690e-07,1.2168e-06,3.2067e-06,7.6789e-06,7.6662e-06,6.1124e-06,4.5814e-08,3.5463e-07,9.5542e-07,3.2369e-06,6.2838e-06,7.5659e-06,6.9876e-06
P31,60.00,0.00,60.00,0.00,1.1643e-07,3.8704e-07,1.2178e-06,3.2118e-06,7.6795e-06,7.6668e-06,6.1125e-06,1.1169e-07,3.5467e-07,9.5579e-07,3.2424e-06,6.2849e-06,7.5665e-06,6.9879e-06
P31,30.00,180.00,30.00,0.00,4.2706e-08,4.7158e-07,1.3325e-06,3.3579e-06,7.7750e-06,7.7623e-06,6.7426e-06,4.1085e-08,4.3740e-07,1.0713e-06,3.3744e-06,6.3731e-06,7.6544e-06,7.4656e-06
P31,0.00,45.00,0.00,0.00,4.5787e-08,4.9257e-07,1.3587e-06,3.3882e-06,7.7941e-06,7.7814e-06,6.8925e-06,4.4036e-08,4.5803e-07,1.0979e-06,3.4012e-06,6.3907e-06,7.6721e-06,7.5742e-06
P31,30.00,0.00,60.00,0.00,5.0478e-08,4.7160e-07,1.3327e-06,3.3589e-06,7.7752e-06,7.7624e-06,6.7426e-06,4.8653e-08,4.3741e-07,1.0714e-06,3.3755e-06,6.3733e-06,7.6546e-06,7.4656e-06
P31,60.00,90.00,60.00,0.00,4.9301e-08,3.8691e-07,1.2169e-06,3.2071e-06,7.6790e-06,7.6663e-06,6.1124e-06,4.7393e-08,3.5463e-07,9.5542e-07,3.2374e-06,6.2840e-06,7.5659e-06,6.9876e-06
P31,30.00,90.00,30.00,0.00,4.7476e-08,4.7159e-07,1.3326e-06,3.3583e-06,7.7751e-06,7.7623e-06,6.7426e-06,4.5638e-08,4.3741e-07,1.0713e-06,3.3748e-06,6.3732e-06,7.6545e-06,7.4656e-06
P31,60.00,0.00,0.00,0.00,5.6225e-08,3.8692e-07,1.2169e-06,3.2071e-06,7.6790e-06,7.6663e-06,6.1124e-06,5.3903e-08,3.5464e-07,9.5547e-07,3.2374e-06,6.2840e-06,7.5659e-06,6.9876e-06
P31,30.00,45.00,30.00,0.00,5.1678e-08,4.7160e-07,1.3327e-06,3.3586e-06,7.7751e-06,7.7624e-06,6.7426e-06,4.9643e-08,4.3741e-07,1.0714e-06,3.3751e-06,6.3733e-06,7.6545e-06,7.4656e-06
P31,0.00,90.00,60.00,0.00,3.4567e-08,4.9255e-07,1.3586e-06,3.3881e-06,7.7941e-06,7.7814e-06,6.8925e-06,3.3491e-08,4.5802e-07,1.0979e-06,3.4011e-06,6.3908e-06,7.6721e-06,7.5742e-06
P31,0.00,0.00,0.00,0.00,4.5787e-08,4.9257e-07,1.3587e-06,3.3882e-06,7.7941e-06,7.7814e-06,6.8925e-06,4.4036e-08,4.5803e-07,1.0979e-06,3.4012e-06,6.3907e-06,7.6721e-06,7.5742e-06
P31,60.00,180.00,30.00,0.00,4.4994e-08,3.8690e-07,1.2168e-06,3.2066e-06,7.6789e-06,7.6662e-06,6.1124e-06,4.3214e-08,3.5463e-07,9.5541e-07,3.2368e-06,6.2838e-06,7.5659e-06,6.9876e-06
P31,30.00,180.00,0.00,0.00,4.8607e-08,4.7160e-07,1.3326e-06,3.3583e-06,7.7751e-06,7.7623e-06,6.7426e-06,4.6681e-08,4.3741e-07,1.0713e-06,3.3747e-06,6.3732e-06,7.6545e-06,7.4656e-06
P31,30.00,135.00,60.00,0.00,3.2953e-08,4.7156e-07,1.3325e-06,3.3580e-06,7.7751e-06,7.7623e-06,6.7426e-06,3.1920e-08,4.3740e-07,1.0713e-06,3.3744e-06,6.3732e-06,7.6545e-06,7.4656e-06
P31,0.00,45.00,60.00,0.00,3.4567e-08,4.9255e-07,1.3586e-06,3.3881e-06,7.7941e-06,7.7814e-06,6.8925e-06,3.3491e-08,4.5802e-07,1.0979e-06,3.4011e-06,6.3908e-06,7.6721e-06,7.5742e-06
P32,60.00,180.00,30.00,0.00,4.7972e-08,2.8955e-07,1.0579e-06,3.6802e-06,8.4381e-06,8.4250e-06,6.3129e-06,4.6304e-08,2.6047e-07,7.6820e-07,3.7135e-06,7.0043e-06,8.3272e-06,7.4458e-06
P32,0.00,0.00,0.00,0.00,4.9881e-08,3.8302e-07,1.2680e-06,3.9121e-06,8.6132e-06,8.6001e-06,7.2632e-06,4.8225e-08,3.4871e-07,9.5100e-07,3.9246e-06,7.1671e-06,8.4916e-06,8.1601e-06
P32,30.00,135.00,30.00,0.00,4.7881e-08,3.6278e-07,1.2262e-06,3.8713e-06,8.5813e-06,8.5681e-06,7.0795e-06,4.6302e-08,3.2948e-07,9.1345e-07,3.8879e-06,7.1374e-06,8.4614e-06,8.0259e-06
P32,0.00,90.00,60.00,0.00,3.8754e-08,3.8301e-07,1.2680e-06,3.9120e-06,8.6133e-06,8.6001e-06,7.2631e-06,3.7761e-08,3.4871e-07,9.5099e-07,3.9245e-06,7.1672e-06,8.4916e-06,8.1601e-06
P32,0.00,90.00,0.00,0.00,4.9881e-08,3.8302e-07,1.2680e-06,3.9121e-06,8.6132e-06,8.6001e-06,7.2632e-06,4.8225e-08,3.4871e-07,9.5100e-07,3.9246e-06,7.1671e-06,8.4916e-06,8.1601e-06
P32,60.00,45.00,0.00,0.00,5.8981e-08,2.8956e-07,1.0580e-06,3.6808e-06,8.4382e-06,8.4251e-06,6.3129e-06,5.6792e-08,2.6047e-07,7.6820e-07,3.7141e-06,7.0044e-06,8.3273e-06,7.4458e-06
P32,60.00,90.00,30.00,0.00,5.9159e-08,2.8956e-07,1.0580e-06,3.6807e-06,8.4381e-06,8.4251e-06,6.3129e-06,5.6970e-08,2.6047e-07,7.6820e-07,3.7141e-06,7.0043e-06,8.3273e-06,7.4458e-06
P32,0.00,0.00,60.00,0.00,3.8754e-08,3.8301e-07,1.2680e-06,3.9120e-06,8.6133e-06,8.6001e-06,7.2631e-06,3.7761e-08,3.4871e-07,9.5099e-07,3.9245e-06,7.1672e-06,8.4916e-06,8.1601e-06
P32,60.00,0.00,0.00,0.00,5.8981e-08,2.8956e-07,1.0580e-06,3.6808e-06,8.4382e-06,8.4251e-06,6.3129e-06,5.6792e-08,2.6047e-07,7.6820e-07,3.7141e-06,7.0044e-06,8.3273e-06,7.4458e-06
P32,0.00,180.00,60.00,0.00,3.8754e-08,3.8301e-07,1.2680e-06,3.9120e-06,8.6133e-06,8.6001e-06,7.2631e-06,3.7761e-08,3.4871e-07,9.5099e-07,3.9245e-06,7.1672e-06,8.4916e-06,8.1601e-06
P32,60.00,0.00,30.00,0.00,8.0288e-08,2.8957e-07,1.0580e-06,3.6819e-06,8.4383e-06,8.4252e-06,6.3130e-06,7.7182e-08,2.6047e-07,7.6821e-07,3.7153e-06,7.0045e-06,8.3274e-06,7.4459e-06
P32,60.00,0.00,60.00,0.00,1.1761e-07,2.8960e-07,1.0581e-06,3.6853e-06,8.4387e-06,8.4256e-06,6.3130e-06,1.1315e-07,2.6048e-07,7.6822e-07,3.7190e-06,7.0053e-06,8.3279e-06,7.4461e-06
P32,30.00,180.00,60.00,0.00,3.5407e-08,3.6277e-07,1.2262e-06,3.8711e-06,8.5813e-06,8.5681e-06,7.0795e-06,3.4530e-08,3.2947e-07,9.1344e-07,3.8877e-06,7.1374e-06,8.4614e-06,8.0259e-06
P32,30.00,135.00,0.00,0.00,5.2434e-08,3.6279e-07,1.2262e-06,3.8715e-06,8.5813e-06,8.5681e-06,7.0795e-06,5.0611e-08,3.2948e-07,9.1345e-07,3.8881e-06,7.1374e-06,8.4615e-06,8.0259e-06
P32,30.00,135.00,60.00,0.00,3.6957e-08,3.6277e-07,1.2262e-06,3.8712e-06,8.5813e-06,8.5681e-06,7.0795e-06,3.6006e-08,3.2947e-07,9.1344e-07,3.8878e-06,7.1374e-06,8.4614e-06,8.0259e-06
P32,0.00,90.00,30.00,0.00,4.7971e-08,3.8301e-07,1.2680e-06,3.9120e-06,8.6132e-06,8.6001e-06,7.2632e-06,4.6420e-08,3.4871e-07,9.5100e-07,3.9246e-06,7.1672e-06,8.4916e-06,8.1601e-06
P32,60.00,135.00,0.00,0.00,5.8981e-08,2.8956e-07,1.0580e-06,3.6808e-06,8.4382e-06,8.4251e-06,6.3129e-06,5.6792e-08,2.6047e-07,7.6820e-07,3.7141e-06,7.0044e-06,8.3273e-06,7.4458e-06
P32,30.00,180.00,30.00,0.00,4.6609e-08,3.6278e-07,1.2262e-06,3.8711e-06,8.5812e-06,8.5681e-06,7.0795e-06,4.5083e-08,3.2947e-07,9.1345e-07,3.8877e-06,7.1374e-06,8.4614e-06,8.0259e-06
P32,30.00,45.00,30.00,0.00,5.5437e-08,3.6279e-07,1.2262e-06,3.8718e-06,8.5813e-06,8.5682e-06,7.0795e-06,5.3510e-08,3.2948e-07,9.1345e-07,3.8884e-06,7.1375e-06,8.4615e-06,8.0259e-06
P32,60.00,135.00,60.00,0.00,3.9323e-08,2.8954e-07,1.0579e-06,3.6801e-06,8.4381e-06,8.4250e-06,6.3129e-06,3.8133e-08,2.6047e-07,7.6819e-07,3.7133e-06,7.0043e-06,8.3272e-06,7.4458e-06
P32,0.00,135.00,0.00,0.00,4.9881e-08,3.8302e-07,1.2680e-06,3.9121e-06,8.6132e-06,8.6001e-06,7.2632e-06,4.8225e-08,3.4871e-07,9.5100e-07,3.9246e-06,7.1671e-06,8.4916e-06,8.1601e-06
P32,0.00,0.00,30.00,0.00,4.7971e-08,3.8301e-07,1.2680e-06,3.9120e-06,8.6132e-06,8.6001e-06,7.2632e-06,4.6420e-08,3.4871e-07,9.5100e-07,3.9246e-06,7.1672e-06,8.4916e-06,8.1601e-06
P32,30.00,0.00,60.00,0.00,5.4143e-08,3.6279e-07,1.2262e-06,3.8721e-06,8.5814e-06,8.5682e-06,7.0795e-06,5.2431e-08,3.2948e-07,9.1345e-07,3.8888e-06,7.1376e-06,8.4615e-06,8.0259e-06
P32,30.00,90.00,0.00,0.00,5.2434e-08,3.6279e-07,1.2262e-06,3.8715e-06,8.5813e-06,8.5681e-06,7.0795e-06,5.0611e-08,3.2948e-07,9.1345e-07,3.8881e-06,7.1374e-06,8.4615e-06,8.0259e-06
P32,60.00,45.00,60.00,0.00,8.4278e-08,2.8957e-07,1.0580e-06,3.6827e-06,8.4384e-06,8.4253e-06,6.3130e-06,8.1119e-08,2.6047e-07,7.6820e-07,3.7162e-06,7.0047e-06,8.3275e-06,7.4459e-06
P32,0.00,135.00,30.00,0.00,4.7971e-08,3.8301e-07,1.2680e-06,3.9120e-06,8.6132e-06,8.6001e-06,7.2632e-06,4.6420e-08,3.4871e-07,9.5100e-07,3.9246e-06,7.1672e-06,8.4916e-06,8.1601e-06
P32,0.00,45.00,60.00,0.00,3.8754e-08,3.8301e-07,1.2680e-06,3.9120e-06,8.6133e-06,8.6001e-06,7.2631e-06,3.7761e-08,3.4871e-07,9.5099e-07,3.9245e-06,7.1672e-06,8.4916e-06,8.1601e-06
P32,0.00,135.00,60.00,0.00,3.8754e-08,3.8301e-07,1.2680e-06,3.9120e-06,8.6133e-06,8.6001e-06,7.2631e-06,3.7761e-08,3.4871e-07,9.5099e-07,3.9245e-06,7.1672e-06,8.4916e-06,8.1601e-06
P32,30.00,0.00,0.00,0.00,5.2434e-08,3.6279e-07,1.2262e-06,3.8715e-06,8.5813e-06,8.5681e-06,7.0795e-06,5.0611e-08,3.2948e-07,9.1345e-07,3.8881e-06,7.1374e-06,8.4615e-06,8.0259e-06
P32,0.00,45.00,0.00,0.00,4.9881e-08,3.8302e-07,1.2680e-06,3.9121e-06,8.6132e-06,8.6001e-06,7.2632e-06,4.8225e-08,3.4871e-07,9.5100e-07,3.9246e-06,7.1671e-06,8.4916e-06,8.1601e-06
P32,60.00,90.00,0.00,0.00,5.8981e-08,2.8956e-07,1.0580e-06,3.6808e-06,8.4382e-06,8.4251e-06,6.3129e-06,5.6792e-08,2.6047e-07,7.6820e-07,3.7141e-06,7.0044e-06,8.3273e-06,7.4458e-06
P32,30.00,90.00,30.00,0.00,5.1303e-08,3.6279e-07,1.2262e-06,3.8715e-06,8.5813e-06,8.5681e-06,7.0795e-06,4.9567e-08,3.2948e-07,9.1345e-07,3.8882e-06,7.1375e-06,8.4615e-06,8.0259e-06
P32,60.00,180.00,0.00,0.00,5.8981e-08,2.8956e-07,1.0580e-06,3.6808e-06,8.4382e-06,8.4251e-06,6.3129e-06,5.6792e-08,2.6047e-07,7.6820e-07,3.7141e-06,7.0044e-06,8.3273e-06,7.4458e-06
P32,30.00,45.00,60.00,0.00,4.9580e-08,3.6278e-07,1.2262e-06,3.8719e-06,8.5813e-06,8.5682e-06,7.0795e-06,4.8065e-08,3.2947e-07,9.1345e-07,3.8886e-06,7.1376e-06,8.4615e-06,8.0259e-06
P32,0.00,180.00,0.00,0.00,4.9881e-08,3.8302e-07,1.2680e-06,3.9121e-06,8.6132e-06,8.6001e-06,7.2632e-06,4.8225e-08,3.4871e-07,9.5100e-07,3.9246e-06,7.1671e-06,8.4916e-06,8.1601e-06
P32,30.00,180.00,0.00,0.00,5.2434e-08,3.6279e-07,1.2262e-06,3.8715e-06,8.5813e-06,8.5681e-06,7.0795e-06,5.0611e-08,3.2948e-07,9.1345e-07,3.8881e-06,7.1374e-06,8.4615e-06,8.0259e-06
P32,60.00,180.00,60.00,0.00,3.5968e-08,2.8954e-07,1.0579e-06,3.6797e-06,8.4380e-06,8.4250e-06,6.3129e-06,3.4926e-08,2.6047e-07,7.6819e-07,3.7129e-06,7.0041e-06,8.3272e-06,7.4458e-06
P32,60.00,135.00,30.00,0.00,5.0647e-08,2.8955e-07,1.0579e-06,3.6803e-06,8.4381e-06,8.4250e-06,6.3129e-06,4.8849e-08,2.6047e-07,7.6820e-07,3.7136e-06,7.0043e-06,8.3273e-06,7.4458e-06
P32,60.00,45.00,30.00,0.00,7.2418e-08,2.8957e-07,1.0580e-06,3.6816e-06,8.4382e-06,8.4252e-06,6.3129e-06,6.9649e-08,2.6047e-07,7.6821e-07,3.7149e-06,7.0045e-06,8.3274e-06,7.4459e-06
P32,60.00,90.00,60.00,0.00,5.2088e-08,2.8955e-07,1.0579e-06,3.6807e-06,8.4382e-06,8.4251e-06,6.3129e-06,5.0308e-08,2.6047e-07,7.6819e-07,3.7141e-06,7.0044e-06,8.3273e-06,7.4458e-06
P32,30.00,45.00,0.00,0.00,5.2434e-08,3.6279e-07,1.2262e-06,3.8715e-06,8.5813e-06,8.5681e-06,7.0795e-06,5.0611e-08,3.2948e-07,9.1345e-07,3.8881e-06,7.1374e-06,8.4615e-06,8.0259e-06
P32,0.00,45.00,30.00,0.00,4.7971e-08,3.8301e-07,1.2680e-06,3.9120e-06,8.6132e-06,8.6001e-06,7.2632e-06,4.6420e-08,3.4871e-07,9.5100e-07,3.9246e-06,7.1672e-06,8.4916e-06,8.1601e-06
P32,0.00,180.00,30.00,0.00,4.7971e-08,3.8301e-07,1.2680e-06,3.9120e-06,8.6132e-06,8.6001e-06,7.2632e-06,4.6420e-08,3.4871e-07,9.5100e-07,3.9246e-06,7.1672e-06,8.4916e-06,8.1601e-06
P32,30.00,90.00,60.00,0.00,4.1893e-08,3.6278e-07,1.2262e-06,3.8714e-06,8.5813e-06,8.5681e-06,7.0795e-06,4.0714e-08,3.2947e-07,9.1344e-07,3.8880e-06,7.1375e-06,8.4615e-06,8.0259e-06
P32,30.00,0.00,30.00,0.00,5.7485e-08,3.6279e-07,1.2262e-06,3.8719e-06,8.5813e-06,8.5682e-06,7.0795e-06,5.5469e-08,3.2948e-07,9.1346e-07,3.8885e-06,7.1376e-06,8.4615e-06,8.0259e-06
P33,0.00,180.00,30.00,0.00,4.6386e-08,3.0682e-07,9.6133e-07,3.9425e-06,8.6688e-06,8.6561e-06,7.4180e-06,4.5129e-08,2.8093e-07,7.1334e-07,3.9633e-06,7.2771e-06,8.5586e-06,8.2139e-06
P33,0.00,45.00,60.00,0.00,3.7387e-08,3.0682e-07,9.6133e-07,3.9424e-06,8.6688e-06,8.6561e-06,7.4180e-06,3.6654e-08,2.8093e-07,7.1334e-07,3.9633e-06,7.2771e-06,8.5586e-06,8.2139e-06
P33,60.00,45.00,0.00,0.00,5.5231e-08,2.5865e-07,8.1220e-07,3.7045e-06,8.4354e-06,8.4232e-06,6.5266e-06,5.3554e-08,2.3676e-07,6.0331e-07,3.7453e-06,7.0946e-06,8.3405e-06,7.4961e-06
P33,30.00,90.00,30.00,0.00,4.9259e-08,2.9609e-07,9.2940e-07,3.9002e-06,8.6274e-06,8.6148e-06,7.2430e-06,4.7866e-08,2.7104e-07,6.8942e-07,3.9251e-06,7.2448e-06,8.5199e-06,8.0777e-06
P33,30.00,0.00,0.00,0.00,5.0445e-08,2.9609e-07,9.2940e-07,3.9002e-06,8.6274e-06,8.6148e-06,7.2430e-06,4.8962e-08,2.7104e-07,6.8942e-07,3.9251e-06,7.2448e-06,8.5199e-06,8.0777e-06
P33,0.00,90.00,30.00,0.00,4.6386e-08,3.0682e-07,9.6133e-07,3.9425e-06,8.6688e-06,8.6561e-06,7.4180e-06,4.5129e-08,2.8093e-07,7.1334e-07,3.9633e-06,7.2771e-06,8.5586e-06,8.2139e-06
P33,0.00,135.00,0.00,0.00,4.8285e-08,3.0682e-07,9.6133e-07,3.9425e-06,8.6688e-06,8.6561e-06,7.4180e-06,4.6926e-08,2.8093e-07,7.1334e-07,3.9634e-06,7.2770e-06,8.5586e-06,8.2140e-06
P33,30.00,0.00,30.00,0.00,5.4940e-08,2.9609e-07,9.2940e-07,3.9005e-06,8.6275e-06,8.6148e-06,7.2430e-06,5.3318e-08,2.7104e-07,6.8942e-07,3.9254e-06,7.2449e-06,8.5199e-06,8.0778e-06
P33,0.00,0.00,30.00,0.00,4.6386e-08,3.0682e-07,9.6133e-07,3.9425e-06,8.6688e-06,8.6561e-06,7.4180e-06,4.5129e-08,2.8093e-07,7.1334e-07,3.9633e-06,7.2771e-06,8.5586e-06,8.2139e-06
P33,60.00,0.00,60.00,0.00,1.0547e-07,2.5867e-07,8.1220e-07,3.7078e-06,8.4358e-06,8.4235e-06,6.5266e-06,1.0228e-07,2.3676e-07,6.0331e-07,3.7489e-06,7.0953e-06,8.3408e-06,7.4962e-06
P33,60.00,135.00,30.00,0.00,4.7609e-08,2.5865e-07,8.1220e-07,3.7042e-06,8.4354e-06,8.4231e-06,6.5266e-06,4.6251e-08,2.3676e-07,6.0331e-07,3.7450e-06,7.0945e-06,8.3404e-06,7.4961e-06
P33,30.00,180.00,30.00,0.00,4.4946e-08,2.9609e-07,9.2940e-07,3.8999e-06,8.6274e-06,8.6148e-06,7.2430e-06,4.3724e-08,2.7104e-07,6.8942e-07,3.9248e-06,7.2447e-06,8.5198e-06,8.0777e-06
P33,60.00,180.00,30.00,0.00,4.5217e-08,2.5865e-07,8.1220e-07,3.7041e-06,8.4354e-06,8.4231e-06,6.5266e-06,4.3959e-08,2.3676e-07,6.0331e-07,3.7449e-06,7.0945e-06,8.3404e-06,7.4961e-06
P33,30.00,45.00,30.00,0.00,5.3058e-08,2.9609e-07,9.2940e-07,3.9004e-06,8.6275e-06,8.6148e-06,7.2430e-06,5.1509e-08,2.7104e-07,6.8942e-07,3.9253e-06,7.2448e-06,8.5199e-06,8.0778e-06
P33,30.00,180.00,0.00,0.00,5.0445e-08,2.9609e-07,9.2940e-07,3.9002e-06,8.6274e-06,8.6148e-06,7.2430e-06,4.8962e-08,2.7104e-07,6.8942e-07,3.9251e-06,7.2448e-06,8.5199e-06,8.0777e-06
P33,0.00,180.00,0.00,0.00,4.8285e-08,3.0682e-07,9.6133e-07,3.9425e-06,8.6688e-06,8.6561e-06,7.4180e-06,4.6926e-08,2.8093e-07,7.1334e-07,3.9634e-06,7.2770e-06,8.5586e-06,8.2140e-06
P33,30.00,135.00,60.00,0.00,3.5625e-08,2.9608e-07,9.2940e-07,3.8999e-06,8.6274e-06,8.6148e-06,7.2430e-06,3.4933e-08,2.7104e-07,6.8942e-07,3.9248e-06,7.2447e-06,8.5199e-06,8.0777e-06
P33,60.00,135.00,0.00,0.00,5.5231e-08,2.5865e-07,8.1220e-07,3.7045e-06,8.4354e-06,8.4232e-06,6.5266e-06,5.3554e-08,2.3676e-07,6.0331e-07,3.7453e-06,7.0946e-06,8.3405e-06,7.4961e-06
P33,0.00,90.00,60.00,0.00,3.7387e-08,3.0682e-07,9.6133e-07,3.9424e-06,8.6688e-06,8.6561e-06,7.4180e-06,3.6654e-08,2.8093e-07,7.1334e-07,3.9633e-06,7.2771e-06,8.5586e-06,8.2139e-06
P33,60.00,45.00,60.00,0.00,7.6315e-08,2.5866e-07,8.1220e-07,3.7059e-06,8.4356e-06,8.4233e-06,6.5266e-06,7.4046e-08,2.3676e-07,6.0331e-07,3.7468e-06,7.0949e-06,8.3406e-06,7.4962e-06
P33,60.00,180.00,60.00,0.00,3.4039e-08,2.5865e-07,8.1220e-07,3.7037e-06,8.4354e-06,8.4231e-06,6.5266e-06,3.3316e-08,2.3676e-07,6.0331e-07,3.7444e-06,7.0944e-06,8.3404e-06,7.4961e-06
P33,30.00,135.00,0.00,0.00,5.0445e-08,2.9609e-07,9.2940e-07,3.9002e-06,8.6274e-06,8.6148e-06,7.2430e-06,4.8962e-08,2.7104e-07,6.8942e-07,3.9251e-06,7.2448e-06,8.5199e-06,8.0777e-06
P33,30.00,45.00,60.00,0.00,4.6968e-08,2.9609e-07,9.2940e-07,3.9005e-06,8.6275e-06,8.6148e-06,7.2430e-06,4.5838e-08,2.7104e-07,6.8942e-07,3.9254e-06,7.2448e-06,8.5199e-06,8.0778e-06
P33,0.00,0.00,60.00,0.00,3.7387e-08,3.0682e-07,9.6133e-07,3.9424e-06,8.6688e-06,8.6561e-06,7.4180e-06,3.6654e-08,2.8093e-07,7.1334e-07,3.9633e-06,7.2771e-06,8.5586e-06,8.2139e-06
P33,0.00,135.00,30.00,0.00,4.6386e-08,3.0682e-07,9.6133e-07,3.9425e-06,8.6688e-06,8.6561e-06,7.4180e-06,4.5129e-08,2.8093e-07,7.1334e-07,3.9633e-06,7.2771e-06,8.5586e-06,8.2139e-06
P33,30.00,180.00,60.00,0.00,3.4232e-08,2.9608e-07,9.2940e-07,3.8999e-06,8.6274e-06,8.6148e-06,7.2430e-06,3.3598e-08,2.7104e-07,6.8942e-07,3.9247e-06,7.2447e-06,8.5199e-06,8.0777e-06
P33,60.00,45.00,30.00,0.00,6.7073e-08,2.5866e-07,8.1220e-07,3.7051e-06,8.4355e-06,8.4232e-06,6.5266e-06,6.4969e-08,2.3676e-07,6.0331e-07,3.7460e-06,7.0947e-06,8.3405e-06,7.4961e-06
P33,60.00,180.00,0.00,0.00,5.5231e-08,2.5865e-07,8.1220e-07,3.7045e-06,8.4354e-06,8.4232e-06,6.5266e-06,5.3554e-08,2.3676e-07,6.0331e-07,3.7453e-06,7.0946e-06,8.3405e-06,7.4961e-06
P33,30.00,135.00,30.00,0.00,4.6114e-08,2.9609e-07,9.2940e-07,3.9001e-06,8.6274e-06,8.6148e-06,7.2430e-06,4.4850e-08,2.7104e-07,6.8942e-07,3.9249e-06,7.2447e-06,8.5199e-06,8.0777e-06
P33,30.00,90.00,60.00,0.00,4.0062e-08,2.9609e-07,9.2940e-07,3.9001e-06,8.6274e-06,8.6148e-06,7.2430e-06,3.9191e-08,2.7104e-07,6.8942e-07,3.9250e-06,7.2448e-06,8.5199e-06,8.0777e-06
P33,60.00,90.00,60.00,0.00,4.8150e-08,2.5865e-07,8.1220e-07,3.7045e-06,8.4354e-06,8.4231e-06,6.5266e-06,4.6883e-08,2.3676e-07,6.0331e-07,3.7452e-06,7.0946e-06,8.3404e-06,7.4961e-06
P33,60.00,0.00,30.00,0.00,7.4106e-08,2.5866e-07,8.1220e-07,3.7054e-06,8.4355e-06,8.4232e-06,6.5266e-06,7.1745e-08,2.3676e-07,6.0331e-07,3.7463e-06,7.0947e-06,8.3405e-06,7.4961e-06
P33,0.00,90.00,0.00,0.00,4.8285e-08,3.0682e-07,9.6133e-07,3.9425e-06,8.6688e-06,8.6561e-06,7.4180e-06,4.6926e-08,2.8093e-07,7.1334e-07,3.9634e-06,7.2770e-06,8.5586e-06,8.2140e-06
P33,0.00,135.00,60.00,0.00,3.7387e-08,3.0682e-07,9.6133e-07,3.9424e-06,8.6688e-06,8.6561e-06,7.4180e-06,3.6654e-08,2.8093e-07,7.1334e-07,3.9633e-06,7.2771e-06,8.5586e-06,8.2139e-06
P33,60.00,0.00,0.00,0.00,5.5231e-08,2.5865e-07,8.1220e-07,3.7045e-06,8.4354e-06,8.4232e-06,6.5266e-06,5.3554e-08,2.3676e-07,6.0331e-07,3.7453e-06,7.0946e-06,8.3405e-06,7.4961e-06
P33,60.00,90.00,30.00,0.00,5.5221e-08,2.5865e-07,8.1220e-07,3.7045e-06,8.4354e-06,8.4231e-06,6.5266e-06,5.3561e-08,2.3676e-07,6.0331e-07,3.7453e-06,7.0946e-06,8.3404e-06,7.4961e-06
P33,60.00,135.00,60.00,0.00,3.6975e-08,2.5865e-07,8.1220e-07,3.7040e-06,8.4354e-06,8.4231e-06,6.5266e-06,3.6145e-08,2.3676e-07,6.0331e-07,3.7447e-06,7.0945e-06,8.3404e-06,7.4961e-06
P33,0.00,45.00,30.00,0.00,4.6386e-08,3.0682e-07,9.6133e-07,3.9425e-06,8.6688e-06,8.6561e-06,7.4180e-06,4.5129e-08,2.8093e-07,7.1334e-07,3.9633e-06,7.2771e-06,8.5586e-06,8.2139e-06
P33,0.00,180.00,60.00,0.00,3.7387e-08,3.0682e-07,9.6133e-07,3.9424e-06,8.6688e-06,8.6561e-06,7.4180e-06,3.6654e-08,2.8093e-07,7.1334e-07,3.9633e-06,7.2771e-06,8.5586e-06,8.2139e-06
P33,0.00,45.00,0.00,0.00,4.8285e-08,3.0682e-07,9.6133e-07,3.9425e-06,8.6688e-06,8.6561e-06,7.4180e-06,4.6926e-08,2.8093e-07,7.1334e-07,3.9634e-06,7.2770e-06,8.5586e-06,8.2140e-06
P33,0.00,0.00,0.00,0.00,4.8285e-08,3.0682e-07,9.6133e-07,3.9425e-06,8.6688e-06,8.6561e-06,7.4180e-06,4.6926e-08,2.8093e-07,7.1334e-07,3.9634e-06,7.2770e-06,8.5586e-06,8.2140e-06
P33,30.00,0.00,60.00,0.00,5.1068e-08,2.9609e-07,9.2940e-07,3.9006e-06,8.6275e-06,8.6148e-06,7.2430e-06,4.9785e-08,2.7104e-07,6.8942e-07,3.9256e-06,7.2448e-06,8.5199e-06,8.0778e-06
P33,30.00,45.00,0.00,0.00,5.0445e-08,2.9609e-07,9.2940e-07,3.9002e-06,8.6274e-06,8.6148e-06,7.2430e-06,4.8962e-08,2.7104e-07,6.8942e-07,3.9251e-06,7.2448e-06,8.5199e-06,8.0777e-06
P33,60.00,90.00,0.00,0.00,5.5231e-08,2.5865e-07,8.1220e-07,3.7045e-06,8.4354e-06,8.4232e-06,6.5266e-06,5.3554e-08,2.3676e-07,6.0331e-07,3.7453e-06,7.0946e-06,8.3405e-06,7.4961e-06
P33,30.00,90.00,0.00,0.00,5.0445e-08,2.9609e-07,9.2940e-07,3.9002e-06,8.6274e-06,8.6148e-06,7.2430e-06,4.8962e-08,2.7104e-07,6.8942e-07,3.9251e-06,7.2448e-06,8.5199e-06,8.0777e-06
P34,60.00,180.00,30.00,0.00,5.2621e-08,2.5856e-07,8.6031e-07,4.5309e-06,9.6323e-06,9.6200e-06,7.2258e-06,5.1590e-08,2.3465e-07,6.2236e-07,4.5748e-06,8.2908e-06,9.5461e-06,8.3912e-06
P34,0.00,45.00,30.00,0.00,5.5833e-08,3.1607e-07,1.0503e-06,4.8457e-06,9.9823e-06,9.9694e-06,8.2769e-06,5.4798e-08,2.8706e-07,7.5630e-07,4.8679e-06,8.5744e-06,9.8789e-06,9.2514e-06
P34,0.00,0.00,30.00,0.00,5.5833e-08,3.1607e-07,1.0503e-06,4.8457e-06,9.9823e-06,9.9694e-06,8.2769e-06,5.4798e-08,2.8706e-07,7.5630e-07,4.8679e-06,8.5744e-06,9.8789e-06,9.2514e-06
P34,60.00,135.00,30.00,0.00,5.4902e-08,2.5856e-07,8.6031e-07,4.5310e-06,9.6323e-06,9.6200e-06,7.2258e-06,5.3781e-08,2.3465e-07,6.2236e-07,4.5748e-06,8.2908e-06,9.5461e-06,8.3912e-06
P34,0.00,90.00,60.00,0.00,4.7140e-08,3.1606e-07,1.0503e-06,4.8456e-06,9.9823e-06,9.9694e-06,8.2769e-06,4.6593e-08,2.8706e-07,7.5630e-07,4.8678e-06,8.5744e-06,9.8789e-06,9.2514e-06
P34,0.00,135.00,60.00,0.00,4.7140e-08,3.1606e-07,1.0503e-06,4.8456e-06,9.9823e-06,9.9694e-06,8.2769e-06,4.6593e-08,2.8706e-07,7.5630e-07,4.8678e-06,8.5744e-06,9.8789e-06,9.2514e-06
P34,30.00,180.00,30.00,0.00,5.4016e-08,3.0319e-07,1.0089e-06,4.7869e-06,9.9169e-06,9.9042e-06,8.0690e-06,5.3017e-08,2.7529e-07,7.2641e-07,4.8134e-06,8.5219e-06,9.8167e-06,9.0851e-06
P34,60.00,135.00,60.00,0.00,4.4667e-08,2.5856e-07,8.6031e-07,4.5307e-06,9.6323e-06,9.6200e-06,7.2258e-06,4.4031e-08,2.3465e-07,6.2236e-07,4.5746e-06,8.2908e-06,9.5461e-06,8.3912e-06
P34,30.00,0.00,0.00,0.00,5.9319e-08,3.0319e-07,1.0089e-06,4.7872e-06,9.9170e-06,9.9042e-06,8.0690e-06,5.8075e-08,2.7529e-07,7.2641e-07,4.8137e-06,8.5219e-06,9.8167e-06,9.0851e-06
P34,30.00,180.00,60.00,0.00,4.3700e-08,3.0318e-07,1.0089e-06,4.7869e-06,9.9170e-06,9.9042e-06,8.0690e-06,4.3246e-08,2.7529e-07,7.2641e-07,4.8134e-06,8.5219e-06,9.8167e-06,9.0851e-06
P34,30.00,0.00,30.00,0.00,6.3611e-08,3.0319e-07,1.0089e-06,4.7875e-06,9.9170e-06,9.9042e-06,8.0690e-06,6.2242e-08,2.7529e-07,7.2641e-07,4.8140e-06,8.5220e-06,9.8167e-06,9.0851e-06
P34,30.00,180.00,0.00,0.00,5.9319e-08,3.0319e-07,1.0089e-06,4.7872e-06,9.9170e-06,9.9042e-06,8.0690e-06,5.8075e-08,2.7529e-07,7.2641e-07,4.8137e-06,8.5219e-06,9.8167e-06,9.0851e-06
P34,30.00,135.00,0.00,0.00,5.9319e-08,3.0319e-07,1.0089e-06,4.7872e-06,9.9170e-06,9.9042e-06,8.0690e-06,5.8075e-08,2.7529e-07,7.2641e-07,4.8137e-06,8.5219e-06,9.8167e-06,9.0851e-06
P34,60.00,180.00,0.00,0.00,6.2219e-08,2.5856e-07,8.6031e-07,4.5312e-06,9.6324e-06,9.6200e-06,7.2258e-06,6.0804e-08,2.3465e-07,6.2236e-07,4.5752e-06,8.2908e-06,9.5461e-06,8.3912e-06
P34,0.00,135.00,0.00,0.00,5.7685e-08,3.1607e-07,1.0503e-06,4.8457e-06,9.9823e-06,9.9694e-06,8.2769e-06,5.6553e-08,2.8706e-07,7.5630e-07,4.8679e-06,8.5744e-06,9.8789e-06,9.2514e-06
P34,60.00,45.00,0.00,0.00,6.2219e-08,2.5856e-07,8.6031e-07,4.5312e-06,9.6324e-06,9.6200e-06,7.2258e-06,6.0804e-08,2.3465e-07,6.2236e-07,4.5752e-06,8.2908e-06,9.5461e-06,8.3912e-06
P34,30.00,90.00,60.00,0.00,4.9275e-08,3.0318e-07,1.0089e-06,4.7871e-06,9.9170e-06,9.9042e-06,8.0690e-06,4.8604e-08,2.7529e-07,7.2641e-07,4.8136e-06,8.5219e-06,9.8167e-06,9.0851e-06
P34,0.00,45.00,0.00,0.00,5.7685e-08,3.1607e-07,1.0503e-06,4.8457e-06,9.9823e-06,9.9694e-06,8.2769e-06,5.6553e-08,2.8706e-07,7.5630e-07,4.8679e-06,8.5744e-06,9.8789e-06,9.2514e-06
P34,30.00,135.00,60.00,0.00,4.5032e-08,3.0318e-07,1.0089e-06,4.7870e-06,9.9170e-06,9.9042e-06,8.0690e-06,4.4524e-08,2.7529e-07,7.2641e-07,4.8134e-06,8.5219e-06,9.8167e-06,9.0851e-06
P34,60.00,90.00,30.00,0.00,6.2167e-08,2.5856e-07,8.6031e-07,4.5312e-06,9.6324e-06,9.6200e-06,7.2258e-06,6.0770e-08,2.3465e-07,6.2236e-07,4.5751e-06,8.2908e-06,9.5461e-06,8.3912e-06
P34,0.00,0.00,60.00,0.00,4.7140e-08,3.1606e-07,1.0503e-06,4.8456e-06,9.9823e-06,9.9694e-06,8.2769e-06,4.6593e-08,2.8706e-07,7.5630e-07,4.8678e-06,8.5744e-06,9.8789e-06,9.2514e-06
P34,60.00,0.00,30.00,0.00,8.0205e-08,2.5857e-07,8.6031e-07,4.5320e-06,9.6324e-06,9.6201e-06,7.2258e-06,7.8168e-08,2.3465e-07,6.2236e-07,4.5760e-06,8.2909e-06,9.5462e-06,8.3912e-06
P34,60.00,0.00,0.00,0.00,6.2219e-08,2.5856e-07,8.6031e-07,4.5312e-06,9.6324e-06,9.6200e-06,7.2258e-06,6.0804e-08,2.3465e-07,6.2236e-07,4.5752e-06,8.2908e-06,9.5461e-06,8.3912e-06
P34,0.00,0.00,0.00,0.00,5.7685e-08,3.1607e-07,1.0503e-06,4.8457e-06,9.9823e-06,9.9694e-06,8.2769e-06,5.6553e-08,2.8706e-07,7.5630e-07,4.8679e-06,8.5744e-06,9.8789e-06,9.2514e-06
P34,60.00,45.00,60.00,0.00,8.1965e-08,2.5857e-07,8.6031e-07,4.5323e-06,9.6324e-06,9.6201e-06,7.2258e-06,8.0026e-08,2.3465e-07,6.2236e-07,4.5764e-06,8.2910e-06,9.5462e-06,8.3912e-06
P34,0.00,180.00,0.00,0.00,5.7685e-08,3.1607e-07,1.0503e-06,4.8457e-06,9.9823e-06,9.9694e-06,8.2769e-06,5.6553e-08,2.8706e-07,7.5630e-07,4.8679e-06,8.5744e-06,9.8789e-06,9.2514e-06
P34,60.00,90.00,0.00,0.00,6.2219e-08,2.5856e-07,8.6031e-07,4.5312e-06,9.6324e-06,9.6200e-06,7.2258e-06,6.0804e-08,2.3465e-07,6.2236e-07,4.5752e-06,8.2908e-06,9.5461e-06,8.3912e-06
P34,60.00,90.00,60.00,0.00,5.5257e-08,2.5856e-07,8.6031e-07,4.5311e-06,9.6324e-06,9.6200e-06,7.2258e-06,5.4226e-08,2.3465e-07,6.2236e-07,4.5751e-06,8.2908e-06,9.5461e-06,8.3912e-06
P34,0.00,45.00,60.00,0.00,4.7140e-08,3.1606e-07,1.0503e-06,4.8456e-06,9.9823e-06,9.9694e-06,8.2769e-06,4.6593e-08,2.8706e-07,7.5630e-07,4.8678e-06,8.5744e-06,9.8789e-06,9.2514e-06
P34,30.00,0.00,60.00,0.00,5.9809e-08,3.0319e-07,1.0089e-06,4.7876e-06,9.9170e-06,9.9042e-06,8.0690e-06,5.8760e-08,2.7529e-07,7.2641e-07,4.8141e-06,8.5220e-06,9.8167e-06,9.0851e-06
P34,30.00,45.00,30.00,0.00,6.1804e-08,3.0319e-07,1.0089e-06,4.7874e-06,9.9170e-06,9.9042e-06,8.0690e-06,6.0502e-08,2.7529e-07,7.2641e-07,4.8139e-06,8.5220e-06,9.8167e-06,9.0851e-06
P34,30.00,45.00,60.00,0.00,5.5885e-08,3.0319e-07,1.0089e-06,4.7874e-06,9.9170e-06,9.9042e-06,8.0690e-06,5.4974e-08,2.7529e-07,7.2641e-07,4.8139e-06,8.5220e-06,9.8167e-06,9.0851e-06
P34,30.00,90.00,0.00,0.00,5.9319e-08,3.0319e-07,1.0089e-06,4.7872e-06,9.9170e-06,9.9042e-06,8.0690e-06,5.8075e-08,2.7529e-07,7.2641e-07,4.8137e-06,8.5219e-06,9.8167e-06,9.0851e-06
P34,0.00,180.00,30.00,0.00,5.5833e-08,3.1607e-07,1.0503e-06,4.8457e-06,9.9823e-06,9.9694e-06,8.2769e-06,5.4798e-08,2.8706e-07,7.5630e-07,4.8679e-06,8.5744e-06,9.8789e-06,9.2514e-06
P34,30.00,90.00,30.00,0.00,5.8156e-08,3.0319e-07,1.0089e-06,4.7872e-06,9.9170e-06,9.9042e-06,8.0690e-06,5.6998e-08,2.7529e-07,7.2641e-07,4.8137e-06,8.5219e-06,9.8167e-06,9.0851e-06
P34,60.00,45.00,30.00,0.00,7.3485e-08,2.5856e-07,8.6031e-07,4.5318e-06,9.6324e-06,9.6201e-06,7.2258e-06,7.1683e-08,2.3465e-07,6.2236e-07,4.5757e-06,8.2909e-06,9.5462e-06,8.3912e-06
P34,60.00,180.00,60.00,0.00,4.1885e-08,2.5855e-07,8.6031e-07,4.5305e-06,9.6323e-06,9.6200e-06,7.2258e-06,4.1347e-08,2.3465e-07,6.2236e-07,4.5744e-06,8.2907e-06,9.5461e-06,8.3912e-06
P34,0.00,90.00,30.00,0.00,5.5833e-08,3.1607e-07,1.0503e-06,4.8457e-06,9.9823e-06,9.9694e-06,8.2769e-06,5.4798e-08,2.8706e-07,7.5630e-07,4.8679e-06,8.5744e-06,9.8789e-06,9.2514e-06
P34,30.00,45.00,0.00,0.00,5.9319e-08,3.0319e-07,1.0089e-06,4.7872e-06,9.9170e-06,9.9042e-06,8.0690e-06,5.8075e-08,2.7529e-07,7.2641e-07,4.8137e-06,8.5219e-06,9.8167e-06,9.0851e-06
P34,60.00,135.00,0.00,0.00,6.2219e-08,2.5856e-07,8.6031e-07,4.5312e-06,9.6324e-06,9.6200e-06,7.2258e-06,6.0804e-08,2.3465e-07,6.2236e-07,4.5752e-06,8.2908e-06,9.5461e-06,8.3912e-06
P34,30.00,135.00,30.00,0.00,5.5137e-08,3.0319e-07,1.0089e-06,4.7871e-06,9.9170e-06,9.9042e-06,8.0690e-06,5.4098e-08,2.7529e-07,7.2641e-07,4.8135e-06,8.5219e-06,9.8167e-06,9.0851e-06
P34,0.00,180.00,60.00,0.00,4.7140e-08,3.1606e-07,1.0503e-06,4.8456e-06,9.9823e-06,9.9694e-06,8.2769e-06,4.6593e-08,2.8706e-07,7.5630e-07,4.8678e-06,8.5744e-06,9.8789e-06,9.2514e-06
P34,0.00,135.00,30.00,0.00,5.5833e-08,3.1607e-07,1.0503e-06,4.8457e-06,9.9823e-06,9.9694e-06,8.2769e-06,5.4798e-08,2.8706e-07,7.5630e-07,4.8679e-06,8.5744e-06,9.8789e-06,9.2514e-06
P34,60.00,0.00,60.00,0.00,1.0962e-07,2.5858e-07,8.6031e-07,4.5339e-06,9.6326e-06,9.6202e-06,7.2259e-06,1.0684e-07,2.3465e-07,6.2236e-07,4.5781e-06,8.2914e-06,9.5464e-06,8.3913e-06
P34,0.00,90.00,0.00,0.00,5.7685e-08,3.1607e-07,1.0503e-06,4.8457e-06,9.9823e-06,9.9694e-06,8.2769e-06,5.6553e-08,2.8706e-07,7.5630e-07,4.8679e-06,8.5744e-06,9.8789e-06,9.2514e-06
P35,60.00,90.00,30.00,0.00,5.2430e-08,2.2418e-07,7.5678e-07,2.5911e-06,6.5772e-06,6.5656e-06,5.3604e-06,5.0098e-08,2.0398e-07,5.5966e-07,2.6163e-06,5.3061e-06,6.4724e-06,6.0969e-06
P35,0.00,0.00,60.00,0.00,3.0429e-08,2.7521e-07,8.9018e-07,2.7729e-06,6.7334e-06,6.7217e-06,6.0552e-06,2.9321e-08,2.5147e-07,6.7213e-07,2.7826e-06,5.4492e-06,6.6205e-06,6.6359e-06
P35,30.00,45.00,60.00,0.00,4.1627e-08,2.6386e-07,8.6332e-07,2.7409e-06,6.7041e-06,6.6924e-06,5.9197e-06,3.9987e-08,2.4080e-07,6.4870e-07,2.7537e-06,5.4224e-06,6.5925e-06,6.5339e-06
P35,0.00,180.00,30.00,0.00,3.9754e-08,2.7522e-07,8.9024e-07,2.7730e-06,6.7334e-06,6.7217e-06,6.0552e-06,3.8073e-08,2.5148e-07,6.7216e-07,2.7826e-06,5.4492e-06,6.6205e-06,6.6359e-06
P35,30.00,90.00,30.00,0.00,4.3380e-08,2.6386e-07,8.6333e-07,2.7405e-06,6.7040e-06,6.6923e-06,5.9197e-06,4.1510e-08,2.4080e-07,6.4872e-07,2.7533e-06,5.4223e-06,6.5925e-06,6.5338e-06
P35,60.00,180.00,0.00,0.00,5.2264e-08,2.2418e-07,7.5679e-07,2.5912e-06,6.5772e-06,6.5656e-06,5.3604e-06,4.9930e-08,2.0398e-07,5.5966e-07,2.6163e-06,5.3062e-06,6.4724e-06,6.0969e-06
P35,30.00,0.00,0.00,0.00,4.4528e-08,2.6386e-07,8.6334e-07,2.7405e-06,6.7040e-06,6.6923e-06,5.9197e-06,4.2568e-08,2.4080e-07,6.4872e-07,2.7532e-06,5.4223e-06,6.5925e-06,6.5338e-06
P35,30.00,135.00,0.00,0.00,4.4528e-08,2.6386e-07,8.6334e-07,2.7405e-06,6.7040e-06,6.6923e-06,5.9197e-06,4.2568e-08,2.4080e-07,6.4872e-07,2.7532e-06,5.4223e-06,6.5925e-06,6.5338e-06
P35,60.00,0.00,30.00,0.00,7.3835e-08,2.2421e-07,7.5691e-07,2.5924e-06,6.5773e-06,6.5657e-06,5.3604e-06,7.0565e-08,2.0399e-07,5.5969e-07,2.6176e-06,5.3063e-06,6.4725e-06,6.0970e-06
P35,0.00,45.00,0.00,0.00,4.1687e-08,2.7523e-07,8.9026e-07,2.7731e-06,6.7334e-06,6.7217e-06,6.0552e-06,3.9899e-08,2.5148e-07,6.7217e-07,2.7827e-06,5.4491e-06,6.6205e-06,6.6359e-06
P35,0.00,45.00,30.00,0.00,3.9754e-08,2.7522e-07,8.9024e-07,2.7730e-06,6.7334e-06,6.7217e-06,6.0552e-06,3.8073e-08,2.5148e-07,6.7216e-07,2.7826e-06,5.4492e-06,6.6205e-06,6.6359e-06
P35,0.00,135.00,60.00,0.00,3.0429e-08,2.7521e-07,8.9018e-07,2.7729e-06,6.7334e-06,6.7217e-06,6.0552e-06,2.9321e-08,2.5147e-07,6.7213e-07,2.7826e-06,5.4492e-06,6.6205e-06,6.6359e-06
P35,60.00,90.00,0.00,0.00,5.2264e-08,2.2418e-07,7.5679e-07,2.5912e-06,6.5772e-06,6.5656e-06,5.3604e-06,4.9930e-08,2.0398e-07,5.5966e-07,2.6163e-06,5.3062e-06,6.4724e-06,6.0969e-06
P35,30.00,180.00,0.00,0.00,4.4528e-08,2.6386e-07,8.6334e-07,2.7405e-06,6.7040e-06,6.6923e-06,5.9197e-06,4.2568e-08,2.4080e-07,6.4872e-07,2.7532e-06,5.4223e-06,6.5925e-06,6.5338e-06
P35,60.00,90.00,60.00,0.00,4.5176e-08,2.2417e-07,7.5673e-07,2.5911e-06,6.5772e-06,6.5656e-06,5.3604e-06,4.3271e-08,2.0398e-07,5.5964e-07,2.6163e-06,5.3062e-06,6.4724e-06,6.0969e-06
P35,0.00,45.00,60.00,0.00,3.0429e-08,2.7521e-07,8.9018e-07,2.7729e-06,6.7334e-06,6.7217e-06,6.0552e-06,2.9321e-08,2.5147e-07,6.7213e-07,2.7826e-06,5.4492e-06,6.6205e-06,6.6359e-06
P35,60.00,180.00,30.00,0.00,4.1091e-08,2.2417e-07,7.5672e-07,2.5906e-06,6.5771e-06,6.5656e-06,5.3604e-06,3.9292e-08,2.0398e-07,5.5964e-07,2.6157e-06,5.3060e-06,6.4723e-06,6.0969e-06
P35,0.00,135.00,30.00,0.00,3.9754e-08,2.7522e-07,8.9024e-07,2.7730e-06,6.7334e-06,6.7217e-06,6.0552e-06,3.8073e-08,2.5148e-07,6.7216e-07,2.7826e-06,5.4492e-06,6.6205e-06,6.6359e-06
P35,0.00,180.00,0.00,0.00,4.1687e-08,2.7523e-07,8.9026e-07,2.7731e-06,6.7334e-06,6.7217e-06,6.0552e-06,3.9899e-08,2.5148e-07,6.7217e-07,2.7827e-06,5.4491e-06,6.6205e-06,6.6359e-06
P35,30.00,180.00,60.00,0.00,2.7298e-08,2.6384e-07,8.6322e-07,2.7401e-06,6.7040e-06,6.6923e-06,5.9197e-06,2.6308e-08,2.4080e-07,6.4868e-07,2.7528e-06,5.4223e-06,6.5925e-06,6.5338e-06
P35,60.00,45.00,30.00,0.00,6.5863e-08,2.2420e-07,7.5686e-07,2.5920e-06,6.5773e-06,6.5657e-06,5.3604e-06,6.2939e-08,2.0399e-07,5.5968e-07,2.6172e-06,5.3063e-06,6.4725e-06,6.0970e-06
P35,60.00,0.00,60.00,0.00,1.1133e-07,2.2424e-07,7.5707e-07,2.5958e-06,6.5777e-06,6.5662e-06,5.3605e-06,1.0670e-07,2.0399e-07,5.5972e-07,2.6213e-06,5.3071e-06,6.4730e-06,6.0972e-06
P35,0.00,90.00,30.00,0.00,3.9754e-08,2.7522e-07,8.9024e-07,2.7730e-06,6.7334e-06,6.7217e-06,6.0552e-06,3.8073e-08,2.5148e-07,6.7216e-07,2.7826e-06,5.4492e-06,6.6205e-06,6.6359e-06
P35,30.00,90.00,60.00,0.00,3.3856e-08,2.6385e-07,8.6326e-07,2.7404e-06,6.7040e-06,6.6923e-06,5.9197e-06,3.2559e-08,2.4080e-07,6.4869e-07,2.7531e-06,5.4223e-06,6.5925e-06,6.5338e-06
P35,0.00,90.00,60.00,0.00,3.0429e-08,2.7521e-07,8.9018e-07,2.7729e-06,6.7334e-06,6.7217e-06,6.0552e-06,2.9321e-08,2.5147e-07,6.7213e-07,2.7826e-06,5.4492e-06,6.6205e-06,6.6359e-06
P35,60.00,135.00,60.00,0.00,3.2265e-08,2.2416e-07,7.5667e-07,2.5905e-06,6.5771e-06,6.5655e-06,5.3603e-06,3.0963e-08,2.0398e-07,5.5962e-07,2.6155e-06,5.3060e-06,6.4723e-06,6.0969e-06
P35,60.00,135.00,0.00,0.00,5.2264e-08,2.2418e-07,7.5679e-07,2.5912e-06,6.5772e-06,6.5656e-06,5.3604e-06,4.9930e-08,2.0398e-07,5.5966e-07,2.6163e-06,5.3062e-06,6.4724e-06,6.0969e-06
P35,0.00,90.00,0.00,0.00,4.1687e-08,2.7523e-07,8.9026e-07,2.7731e-06,6.7334e-06,6.7217e-06,6.0552e-06,3.9899e-08,2.5148e-07,6.7217e-07,2.7827e-06,5.4491e-06,6.6205e-06,6.6359e-06
P35,30.00,45.00,30.00,0.00,4.7557e-08,2.6387e-07,8.6337e-07,2.7407e-06,6.7040e-06,6.6924e-06,5.9197e-06,4.5494e-08,2.4081e-07,6.4873e-07,2.7535e-06,5.4224e-06,6.5925e-06,6.5339e-06
P35,60.00,45.00,60.00,0.00,7.7693e-08,2.2421e-07,7.5688e-07,2.5931e-06,6.5774e-06,6.5658e-06,5.3604e-06,7.4385e-08,2.0399e-07,5.5967e-07,2.6184e-06,5.3065e-06,6.4726e-06,6.0970e-06
P35,30.00,0.00,60.00,0.00,4.6238e-08,2.6386e-07,8.6335e-07,2.7411e-06,6.7041e-06,6.6924e-06,5.9197e-06,4.4398e-08,2.4080e-07,6.4871e-07,2.7539e-06,5.4224e-06,6.5926e-06,6.5339e-06
P35,30.00,180.00,30.00,0.00,3.8637e-08,2.6385e-07,8.6328e-07,2.7401e-06,6.7039e-06,6.6923e-06,5.9197e-06,3.6981e-08,2.4080e-07,6.4870e-07,2.7528e-06,5.4222e-06,6.5924e-06,6.5338e-06
P35,30.00,0.00,30.00,0.00,4.9627e-08,2.6387e-07,8.6339e-07,2.7409e-06,6.7040e-06,6.6924e-06,5.9197e-06,4.7472e-08,2.4081e-07,6.4874e-07,2.7537e-06,5.4224e-06,6.5925e-06,6.5339e-06
P35,0.00,135.00,0.00,0.00,4.1687e-08,2.7523e-07,8.9026e-07,2.7731e-06,6.7334e-06,6.7217e-06,6.0552e-06,3.9899e-08,2.5148e-07,6.7217e-07,2.7827e-06,5.4491e-06,6.6205e-06,6.6359e-06
P35,60.00,180.00,60.00,0.00,2.8871e-08,2.2416e-07,7.5665e-07,2.5900e-06,6.5771e-06,6.5655e-06,5.3603e-06,2.7718e-08,2.0398e-07,5.5962e-07,2.6151e-06,5.3059e-06,6.4723e-06,6.0968e-06
P35,60.00,135.00,30.00,0.00,4.3802e-08,2.2417e-07,7.5673e-07,2.5907e-06,6.5771e-06,6.5656e-06,5.3604e-06,4.1871e-08,2.0398e-07,5.5964e-07,2.6158e-06,5.3060e-06,6.4723e-06,6.0969e-06
P35,0.00,0.00,0.00,0.00,4.1687e-08,2.7523e-07,8.9026e-07,2.7731e-06,6.7334e-06,6.7217e-06,6.0552e-06,3.9899e-08,2.5148e-07,6.7217e-07,2.7827e-06,5.4491e-06,6.6205e-06,6.6359e-06
P35,60.00,45.00,0.00,0.00,5.2264e-08,2.2418e-07,7.5679e-07,2.5912e-06,6.5772e-06,6.5656e-06,5.3604e-06,4.9930e-08,2.0398e-07,5.5966e-07,2.6163e-06,5.3062e-06,6.4724e-06,6.0969e-06
P35,30.00,135.00,60.00,0.00,2.8866e-08,2.6384e-07,8.6324e-07,2.7401e-06,6.7040e-06,6.6923e-06,5.9197e-06,2.7800e-08,2.4080e-07,6.4868e-07,2.7529e-06,5.4223e-06,6.5925e-06,6.5338e-06
P35,30.00,135.00,30.00,0.00,3.9921e-08,2.6386e-07,8.6330e-07,2.7403e-06,6.7040e-06,6.6923e-06,5.9197e-06,3.8212e-08,2.4080e-07,6.4871e-07,2.7530e-06,5.4223e-06,6.5925e-06,6.5338e-06
P35,0.00,180.00,60.00,0.00,3.0429e-08,2.7521e-07,8.9018e-07,2.7729e-06,6.7334e-06,6.7217e-06,6.0552e-06,2.9321e-08,2.5147e-07,6.7213e-07,2.7826e-06,5.4492e-06,6.6205e-06,6.6359e-06
P35,0.00,0.00,30.00,0.00,3.9754e-08,2.7522e-07,8.9024e-07,2.7730e-06,6.7334e-06,6.7217e-06,6.0552e-06,3.8073e-08,2.5148e-07,6.7216e-07,2.7826e-06,5.4492e-06,6.6205e-06,6.6359e-06
P35,30.00,45.00,0.00,0.00,4.4528e-08,2.6386e-07,8.6334e-07,2.7405e-06,6.7040e-06,6.6923e-06,5.9197e-06,4.2568e-08,2.4080e-07,6.4872e-07,2.7532e-06,5.4223e-06,6.5925e-06,6.5338e-06
P35,60.00,0.00,0.00,0.00,5.2264e-08,2.2418e-07,7.5679e-07,2.5912e-06,6.5772e-06,6.5656e-06,5.3604e-06,4.9930e-08,2.0398e-07,5.5966e-07,2.6163e-06,5.3062e-06,6.4724e-06,6.0969e-06
P35,30.00,90.00,0.00,0.00,4.4528e-08,2.6386e-07,8.6334e-07,2.7405e-06,6.7040e-06,6.6923e-06,5.9197e-06,4.2568e-08,2.4080e-07,6.4872e-07,2.7532e-06,5.4223e-06,6.5925e-06,6.5338e-06
P36,30.00,90.00,30.00,0.00,4.6757e-08,2.9591e-07,9.8844e-07,3.4191e-06,7.8533e-06,7.8407e-06,6.9159e-06,4.5066e-08,2.6915e-07,7.2868e-07,3.4263e-06,6.4650e-06,7.7370e-06,7.5998e-06
P36,30.00,135.00,60.00,0.00,3.2513e-08,2.9591e-07,9.8842e-07,3.4188e-06,7.8533e-06,7.8406e-06,6.9159e-06,3.1593e-08,2.6915e-07,7.2868e-07,3.4259e-06,6.4650e-06,7.7369e-06,7.5998e-06
P36,0.00,180.00,30.00,0.00,4.3366e-08,3.0959e-07,1.0221e-06,3.4494e-06,7.8762e-06,7.8635e-06,7.0601e-06,4.1845e-08,2.8197e-07,7.5708e-07,3.4534e-06,6.4843e-06,7.7580e-06,7.7053e-06
P36,30.00,45.00,30.00,0.00,5.0817e-08,2.9592e-07,9.8844e-07,3.4194e-06,7.8534e-06,7.8407e-06,6.9159e-06,4.8944e-08,2.6915e-07,7.2868e-07,3.4265e-06,6.4651e-06,7.7370e-06,7.5998e-06
P36,30.00,0.00,0.00,0.00,4.7916e-08,2.9592e-07,9.8844e-07,3.4191e-06,7.8533e-06,7.8407e-06,6.9159e-06,4.6135e-08,2.6915e-07,7.2868e-07,3.4262e-06,6.4650e-06,7.7369e-06,7.5998e-06
P36,60.00,0.00,30.00,0.00,7.5314e-08,2.4752e-07,8.5713e-07,3.2694e-06,7.7397e-06,7.7272e-06,6.3103e-06,7.2378e-08,2.2416e-07,6.2255e-07,3.2890e-06,6.3672e-06,7.6319e-06,7.1387e-06
P36,30.00,45.00,60.00,0.00,4.4835e-08,2.9591e-07,9.8843e-07,3.4195e-06,7.8534e-06,7.8407e-06,6.9159e-06,4.3384e-08,2.6915e-07,7.2868e-07,3.4266e-06,6.4651e-06,7.7370e-06,7.5998e-06
P36,0.00,135.00,60.00,0.00,3.4136e-08,3.0958e-07,1.0220e-06,3.4494e-06,7.8762e-06,7.8635e-06,7.0601e-06,3.3172e-08,2.8197e-07,7.5708e-07,3.4534e-06,6.4843e-06,7.7580e-06,7.7053e-06
P36,30.00,90.00,0.00,0.00,4.7916e-08,2.9592e-07,9.8844e-07,3.4191e-06,7.8533e-06,7.8407e-06,6.9159e-06,4.6135e-08,2.6915e-07,7.2868e-07,3.4262e-06,6.4650e-06,7.7369e-06,7.5998e-06
P36,30.00,0.00,30.00,0.00,5.2829e-08,2.9592e-07,9.8844e-07,3.4195e-06,7.8534e-06,7.8407e-06,6.9159e-06,5.0870e-08,2.6915e-07,7.2868e-07,3.4266e-06,6.4651e-06,7.7370e-06,7.5999e-06
P36,0.00,90.00,0.00,0.00,4.5289e-08,3.0959e-07,1.0221e-06,3.4495e-06,7.8762e-06,7.8635e-06,7.0601e-06,4.3662e-08,2.8197e-07,7.5708e-07,3.4535e-06,6.4842e-06,7.7580e-06,7.7053e-06
P36,60.00,0.00,0.00,0.00,5.4598e-08,2.4751e-07,8.5712e-07,3.2683e-06,7.7396e-06,7.7271e-06,6.3103e-06,5.2514e-08,2.2416e-07,6.2255e-07,3.2878e-06,6.3670e-06,7.6318e-06,7.1387e-06
P36,0.00,90.00,30.00,0.00,4.3366e-08,3.0959e-07,1.0221e-06,3.4494e-06,7.8762e-06,7.8635e-06,7.0601e-06,4.1845e-08,2.8197e-07,7.5708e-07,3.4534e-06,6.4843e-06,7.7580e-06,7.7053e-06
P36,60.00,45.00,0.00,0.00,5.4598e-08,2.4751e-07,8.5712e-07,3.2683e-06,7.7396e-06,7.7271e-06,6.3103e-06,5.2514e-08,2.2416e-07,6.2255e-07,3.2878e-06,6.3670e-06,7.6318e-06,7.1387e-06
P36,0.00,45.00,60.00,0.00,3.4136e-08,3.0958e-07,1.0220e-06,3.4494e-06,7.8762e-06,7.8635e-06,7.0601e-06,3.3172e-08,2.8197e-07,7.5708e-07,3.4534e-06,6.4843e-06,7.7580e-06,7.7053e-06
P36,60.00,90.00,30.00,0.00,5.4721e-08,2.4751e-07,8.5712e-07,3.2682e-06,7.7396e-06,7.7270e-06,6.3103e-06,5.2644e-08,2.2416e-07,6.2255e-07,3.2878e-06,6.3670e-06,7.6318e-06,7.1387e-06
P36,0.00,0.00,30.00,0.00,4.3366e-08,3.0959e-07,1.0221e-06,3.4494e-06,7.8762e-06,7.8635e-06,7.0601e-06,4.1845e-08,2.8197e-07,7.5708e-07,3.4534e-06,6.4843e-06,7.7580e-06,7.7053e-06
P36,0.00,45.00,0.00,0.00,4.5289e-08,3.0959e-07,1.0221e-06,3.4495e-06,7.8762e-06,7.8635e-06,7.0601e-06,4.3662e-08,2.8197e-07,7.5708e-07,3.4535e-06,6.4842e-06,7.7580e-06,7.7053e-06
P36,60.00,180.00,0.00,0.00,5.4598e-08,2.4751e-07,8.5712e-07,3.2683e-06,7.7396e-06,7.7271e-06,6.3103e-06,5.2514e-08,2.2416e-07,6.2255e-07,3.2878e-06,6.3670e-06,7.6318e-06,7.1387e-06
P36,30.00,90.00,60.00,0.00,3.7332e-08,2.9591e-07,9.8842e-07,3.4190e-06,7.8533e-06,7.8407e-06,6.9159e-06,3.6197e-08,2.6915e-07,7.2868e-07,3.4261e-06,6.4650e-06,7.7369e-06,7.5998e-06
P36,0.00,135.00,0.00,0.00,4.5289e-08,3.0959e-07,1.0221e-06,3.4495e-06,7.8762e-06,7.8635e-06,7.0601e-06,4.3662e-08,2.8197e-07,7.5708e-07,3.4535e-06,6.4842e-06,7.7580e-06,7.7053e-06
P36,30.00,135.00,0.00,0.00,4.7916e-08,2.9592e-07,9.8844e-07,3.4191e-06,7.8533e-06,7.8407e-06,6.9159e-06,4.6135e-08,2.6915e-07,7.2868e-07,3.4262e-06,6.4650e-06,7.7369e-06,7.5998e-06
P36,30.00,0.00,60.00,0.00,4.9288e-08,2.9592e-07,9.8843e-07,3.4197e-06,7.8534e-06,7.8407e-06,6.9159e-06,4.7653e-08,2.6915e-07,7.2868e-07,3.4268e-06,6.4651e-06,7.7370e-06,7.5999e-06
P36,0.00,180.00,60.00,0.00,3.4136e-08,3.0958e-07,1.0220e-06,3.4494e-06,7.8762e-06,7.8635e-06,7.0601e-06,3.3172e-08,2.8197e-07,7.5708e-07,3.4534e-06,6.4843e-06,7.7580e-06,7.7053e-06
P36,60.00,90.00,60.00,0.00,4.7592e-08,2.4751e-07,8.5711e-07,3.2682e-06,7.7396e-06,7.7271e-06,6.3103e-06,4.5927e-08,2.2416e-07,6.2255e-07,3.2878e-06,6.3670e-06,7.6318e-06,7.1387e-06
P36,30.00,45.00,0.00,0.00,4.7916e-08,2.9592e-07,9.8844e-07,3.4191e-06,7.8533e-06,7.8407e-06,6.9159e-06,4.6135e-08,2.6915e-07,7.2868e-07,3.4262e-06,6.4650e-06,7.7369e-06,7.5998e-06
P36,60.00,180.00,60.00,0.00,3.1965e-08,2.4750e-07,8.5711e-07,3.2672e-06,7.7394e-06,7.7269e-06,6.3103e-06,3.0984e-08,2.2416e-07,6.2255e-07,3.2867e-06,6.3668e-06,7.6317e-06,7.1386e-06
P36,0.00,0.00,60.00,0.00,3.4136e-08,3.0958e-07,1.0220e-06,3.4494e-06,7.8762e-06,7.8635e-06,7.0601e-06,3.3172e-08,2.8197e-07,7.5708e-07,3.4534e-06,6.4843e-06,7.7580e-06,7.7053e-06
P36,30.00,180.00,60.00,0.00,3.0999e-08,2.9591e-07,9.8842e-07,3.4187e-06,7.8533e-06,7.8406e-06,6.9159e-06,3.0150e-08,2.6915e-07,7.2868e-07,3.4258e-06,6.4650e-06,7.7369e-06,7.5998e-06
P36,60.00,0.00,60.00,0.00,1.1107e-07,2.4754e-07,8.5713e-07,3.2725e-06,7.7401e-06,7.7276e-06,6.3104e-06,1.0694e-07,2.2416e-07,6.2255e-07,3.2925e-06,6.3679e-06,7.6323e-06,7.1389e-06
P36,60.00,135.00,30.00,0.00,4.6422e-08,2.4751e-07,8.5711e-07,3.2678e-06,7.7395e-06,7.7270e-06,6.3103e-06,4.4712e-08,2.2416e-07,6.2255e-07,3.2874e-06,6.3669e-06,7.6318e-06,7.1386e-06
P36,0.00,45.00,30.00,0.00,4.3366e-08,3.0959e-07,1.0221e-06,3.4494e-06,7.8762e-06,7.8635e-06,7.0601e-06,4.1845e-08,2.8197e-07,7.5708e-07,3.4534e-06,6.4843e-06,7.7580e-06,7.7053e-06
P36,0.00,180.00,0.00,0.00,4.5289e-08,3.0959e-07,1.0221e-06,3.4495e-06,7.8762e-06,7.8635e-06,7.0601e-06,4.3662e-08,2.8197e-07,7.5708e-07,3.4535e-06,6.4842e-06,7.7580e-06,7.7053e-06
P36,60.00,135.00,0.00,0.00,5.4598e-08,2.4751e-07,8.5712e-07,3.2683e-06,7.7396e-06,7.7271e-06,6.3103e-06,5.2514e-08,2.2416e-07,6.2255e-07,3.2878e-06,6.3670e-06,7.6318e-06,7.1387e-06
P36,60.00,135.00,60.00,0.00,3.5218e-08,2.4750e-07,8.5711e-07,3.2676e-06,7.7395e-06,7.7270e-06,6.3103e-06,3.4100e-08,2.2416e-07,6.2255e-07,3.2871e-06,6.3669e-06,7.6318e-06,7.1386e-06
P36,30.00,180.00,30.00,0.00,4.2146e-08,2.9591e-07,9.8843e-07,3.4187e-06,7.8533e-06,7.8406e-06,6.9159e-06,4.0655e-08,2.6915e-07,7.2868e-07,3.4258e-06,6.4649e-06,7.7369e-06,7.5998e-06
P36,0.00,0.00,0.00,0.00,4.5289e-08,3.0959e-07,1.0221e-06,3.4495e-06,7.8762e-06,7.8635e-06,7.0601e-06,4.3662e-08,2.8197e-07,7.5708e-07,3.4535e-06,6.4842e-06,7.7580e-06,7.7053e-06
P36,30.00,180.00,0.00,0.00,4.7916e-08,2.9592e-07,9.8844e-07,3.4191e-06,7.8533e-06,7.8407e-06,6.9159e-06,4.6135e-08,2.6915e-07,7.2868e-07,3.4262e-06,6.4650e-06,7.7369e-06,7.5998e-06
P36,60.00,90.00,0.00,0.00,5.4598e-08,2.4751e-07,8.5712e-07,3.2683e-06,7.7396e-06,7.7271e-06,6.3103e-06,5.2514e-08,2.2416e-07,6.2255e-07,3.2878e-06,6.3670e-06,7.6318e-06,7.1387e-06
P36,30.00,135.00,30.00,0.00,4.3395e-08,2.9591e-07,9.8843e-07,3.4189e-06,7.8533e-06,7.8407e-06,6.9159e-06,4.1854e-08,2.6915e-07,7.2868e-07,3.4261e-06,6.4650e-06,7.7369e-06,7.5998e-06
P36,60.00,180.00,30.00,0.00,4.3814e-08,2.4751e-07,8.5711e-07,3.2678e-06,7.7395e-06,7.7270e-06,6.3103e-06,4.2225e-08,2.2416e-07,6.2255e-07,3.2873e-06,6.3669e-06,7.6318e-06,7.1386e-06
P36,0.00,135.00,30.00,0.00,4.3366e-08,3.0959e-07,1.0221e-06,3.4494e-06,7.8762e-06,7.8635e-06,7.0601e-06,4.1845e-08,2.8197e-07,7.5708e-07,3.4534e-06,6.4843e-06,7.7580e-06,7.7053e-06
P36,0.00,90.00,60.00,0.00,3.4136e-08,3.0958e-07,1.0220e-06,3.4494e-06,7.8762e-06,7.8635e-06,7.0601e-06,3.3172e-08,2.8197e-07,7.5708e-07,3.4534e-06,6.4843e-06,7.7580e-06,7.7053e-06
P36,60.00,45.00,30.00,0.00,6.7644e-08,2.4752e-07,8.5712e-07,3.2690e-06,7.7397e-06,7.7271e-06,6.3103e-06,6.5024e-08,2.2416e-07,6.2255e-07,3.2886e-06,6.3671e-06,7.6319e-06,7.1387e-06
P36,60.00,45.00,60.00,0.00,7.8782e-08,2.4752e-07,8.5712e-07,3.2701e-06,7.7398e-06,7.7273e-06,6.3103e-06,7.5846e-08,2.2416e-07,6.2255e-07,3.2898e-06,6.3673e-06,7.6320e-06,7.1387e-06
P37,60.00,180.00,30.00,0.00,3.9175e-08,2.7155e-07,8.2624e-07,2.2501e-06,5.8438e-06,5.8326e-06,5.6052e-06,3.7343e-08,2.5014e-07,6.5169e-07,2.2287e-06,4.6131e-06,5.7349e-06,5.9926e-06
P37,0.00,180.00,30.00,0.00,3.6942e-08,3.2670e-07,8.9338e-07,2.2994e-06,5.8435e-06,5.8323e-06,5.9593e-06,3.5225e-08,3.0414e-07,7.2554e-07,2.2753e-06,4.6131e-06,5.7302e-06,6.2238e-06
P37,30.00,135.00,30.00,0.00,3.7292e-08,3.1580e-07,8.8184e-07,2.2938e-06,5.8477e-06,5.8364e-06,5.8938e-06,3.5548e-08,2.9338e-07,7.1234e-07,2.2703e-06,4.6166e-06,5.7350e-06,6.1839e-06
P37,0.00,0.00,60.00,0.00,2.7598e-08,3.2668e-07,8.9329e-07,2.2994e-06,5.8435e-06,5.8323e-06,5.9593e-06,2.6458e-08,3.0413e-07,7.2549e-07,2.2752e-06,4.6132e-06,5.7303e-06,6.2238e-06
P37,0.00,180.00,60.00,0.00,2.7598e-08,3.2668e-07,8.9329e-07,2.2994e-06,5.8435e-06,5.8323e-06,5.9593e-06,2.6458e-08,3.0413e-07,7.2549e-07,2.2752e-06,4.6132e-06,5.7303e-06,6.2238e-06
P37,60.00,0.00,60.00,0.00,1.1017e-07,2.7166e-07,8.2698e-07,2.2554e-06,5.8444e-06,5.8332e-06,5.6054e-06,1.0546e-07,2.5017e-07,6.5193e-07,2.2344e-06,4.6142e-06,5.7355e-06,5.9929e-06
P37,0.00,0.00,0.00,0.00,3.8877e-08,3.2670e-07,8.9342e-07,2.2995e-06,5.8435e-06,5.8323e-06,5.9594e-06,3.7053e-08,3.0414e-07,7.2556e-07,2.2753e-06,4.6131e-06,5.7302e-06,6.2238e-06
P37,30.00,180.00,60.00,0.00,2.4613e-08,3.1577e-07,8.8171e-07,2.2936e-06,5.8476e-06,5.8364e-06,5.8938e-06,2.3595e-08,2.9338e-07,7.1228e-07,2.2701e-06,4.6166e-06,5.7350e-06,6.1839e-06
P37,30.00,135.00,60.00,0.00,2.6195e-08,3.1577e-07,8.8173e-07,2.2936e-06,5.8477e-06,5.8364e-06,5.8938e-06,2.5100e-08,2.9338e-07,7.1229e-07,2.2701e-06,4.6166e-06,5.7350e-06,6.1839e-06
P37,60.00,0.00,30.00,0.00,7.2231e-08,2.7161e-07,8.2660e-07,2.2519e-06,5.8440e-06,5.8328e-06,5.6053e-06,6.8905e-08,2.5016e-07,6.5182e-07,2.2306e-06,4.6134e-06,5.7351e-06,5.9927e-06
P37,30.00,90.00,60.00,0.00,3.1229e-08,3.1578e-07,8.8178e-07,2.2939e-06,5.8477e-06,5.8365e-06,5.8938e-06,2.9899e-08,2.9338e-07,7.1231e-07,2.2704e-06,4.6167e-06,5.7350e-06,6.1839e-06
P37,0.00,45.00,30.00,0.00,3.6942e-08,3.2670e-07,8.9338e-07,2.2994e-06,5.8435e-06,5.8323e-06,5.9593e-06,3.5225e-08,3.0414e-07,7.2554e-07,2.2753e-06,4.6131e-06,5.7302e-06,6.2238e-06
P37,0.00,180.00,0.00,0.00,3.8877e-08,3.2670e-07,8.9342e-07,2.2995e-06,5.8435e-06,5.8323e-06,5.9594e-06,3.7053e-08,3.0414e-07,7.2556e-07,2.2753e-06,4.6131e-06,5.7302e-06,6.2238e-06
P37,0.00,45.00,60.00,0.00,2.7598e-08,3.2668e-07,8.9329e-07,2.2994e-06,5.8435e-06,5.8323e-06,5.9593e-06,2.6458e-08,3.0413e-07,7.2549e-07,2.2752e-06,4.6132e-06,5.7303e-06,6.2238e-06
P37,30.00,90.00,0.00,0.00,4.1922e-08,3.1581e-07,8.8189e-07,2.2940e-06,5.8477e-06,5.8365e-06,5.8938e-06,3.9925e-08,2.9339e-07,7.1237e-07,2.2705e-06,4.6166e-06,5.7350e-06,6.1839e-06
P37,60.00,90.00,60.00,0.00,4.3333e-08,2.7155e-07,8.2626e-07,2.2506e-06,5.8439e-06,5.8327e-06,5.6052e-06,4.1392e-08,2.5014e-07,6.5169e-07,2.2293e-06,4.6133e-06,5.7350e-06,5.9926e-06
P37,0.00,135.00,0.00,0.00,3.8877e-08,3.2670e-07,8.9342e-07,2.2995e-06,5.8435e-06,5.8323e-06,5.9594e-06,3.7053e-08,3.0414e-07,7.2556e-07,2.2753e-06,4.6131e-06,5.7302e-06,6.2238e-06
P37,30.00,0.00,60.00,0.00,4.3720e-08,3.1581e-07,8.8193e-07,2.2946e-06,5.8478e-06,5.8365e-06,5.8938e-06,4.1840e-08,2.9338e-07,7.1237e-07,2.2712e-06,4.6168e-06,5.7351e-06,6.1840e-06
P37,0.00,135.00,30.00,0.00,3.6942e-08,3.2670e-07,8.9338e-07,2.2994e-06,5.8435e-06,5.8323e-06,5.9593e-06,3.5225e-08,3.0414e-07,7.2554e-07,2.2753e-06,4.6131e-06,5.7302e-06,6.2238e-06
P37,60.00,135.00,60.00,0.00,3.0287e-08,2.7153e-07,8.2616e-07,2.2499e-06,5.8438e-06,5.8326e-06,5.6052e-06,2.8959e-08,2.5014e-07,6.5165e-07,2.2285e-06,4.6131e-06,5.7349e-06,5.9926e-06
P37,0.00,90.00,30.00,0.00,3.6942e-08,3.2670e-07,8.9338e-07,2.2994e-06,5.8435e-06,5.8323e-06,5.9593e-06,3.5225e-08,3.0414e-07,7.2554e-07,2.2753e-06,4.6131e-06,5.7302e-06,6.2238e-06
P37,0.00,90.00,60.00,0.00,2.7598e-08,3.2668e-07,8.9329e-07,2.2994e-06,5.8435e-06,5.8323e-06,5.9593e-06,2.6458e-08,3.0413e-07,7.2549e-07,2.2752e-06,4.6132e-06,5.7303e-06,6.2238e-06
P37,30.00,135.00,0.00,0.00,4.1922e-08,3.1581e-07,8.8189e-07,2.2940e-06,5.8477e-06,5.8365e-06,5.8938e-06,3.9925e-08,2.9339e-07,7.1237e-07,2.2705e-06,4.6166e-06,5.7350e-06,6.1839e-06
P37,60.00,45.00,60.00,0.00,7.6188e-08,2.7160e-07,8.2658e-07,2.2527e-06,5.8441e-06,5.8329e-06,5.6053e-06,7.2820e-08,2.5015e-07,6.5180e-07,2.2315e-06,4.6136e-06,5.7352e-06,5.9928e-06
P37,60.00,0.00,0.00,0.00,5.0453e-08,2.7157e-07,8.2637e-07,2.2506e-06,5.8439e-06,5.8327e-06,5.6053e-06,4.8079e-08,2.5015e-07,6.5174e-07,2.2293e-06,4.6133e-06,5.7350e-06,5.9926e-06
P37,60.00,90.00,30.00,0.00,5.0623e-08,2.7157e-07,8.2636e-07,2.2506e-06,5.8439e-06,5.8327e-06,5.6053e-06,4.8250e-08,2.5015e-07,6.5173e-07,2.2293e-06,4.6132e-06,5.7350e-06,5.9926e-06
P37,30.00,180.00,30.00,0.00,3.5999e-08,3.1579e-07,8.8180e-07,2.2936e-06,5.8476e-06,5.8364e-06,5.8938e-06,3.4309e-08,2.9338e-07,7.1233e-07,2.2701e-06,4.6166e-06,5.7350e-06,6.1839e-06
P37,30.00,45.00,0.00,0.00,4.1922e-08,3.1581e-07,8.8189e-07,2.2940e-06,5.8477e-06,5.8365e-06,5.8938e-06,3.9925e-08,2.9339e-07,7.1237e-07,2.2705e-06,4.6166e-06,5.7350e-06,6.1839e-06
P37,30.00,45.00,30.00,0.00,4.4981e-08,3.1581e-07,8.8194e-07,2.2943e-06,5.8477e-06,5.8365e-06,5.8938e-06,4.2879e-08,2.9339e-07,7.1239e-07,2.2708e-06,4.6167e-06,5.7350e-06,6.1839e-06
P37,60.00,180.00,0.00,0.00,5.0453e-08,2.7157e-07,8.2637e-07,2.2506e-06,5.8439e-06,5.8327e-06,5.6053e-06,4.8079e-08,2.5015e-07,6.5174e-07,2.2293e-06,4.6133e-06,5.7350e-06,5.9926e-06
P37,60.00,45.00,0.00,0.00,5.0453e-08,2.7157e-07,8.2637e-07,2.2506e-06,5.8439e-06,5.8327e-06,5.6053e-06,4.8079e-08,2.5015e-07,6.5174e-07,2.2293e-06,4.6133e-06,5.7350e-06,5.9926e-06
P37,30.00,0.00,30.00,0.00,4.7065e-08,3.1582e-07,8.8198e-07,2.2944e-06,5.8477e-06,5.8365e-06,5.8938e-06,4.4870e-08,2.9339e-07,7.1241e-07,2.2709e-06,4.6168e-06,5.7351e-06,6.1839e-06
P37,60.00,135.00,0.00,0.00,5.0453e-08,2.7157e-07,8.2637e-07,2.2506e-06,5.8439e-06,5.8327e-06,5.6053e-06,4.8079e-08,2.5015e-07,6.5174e-07,2.2293e-06,4.6133e-06,5.7350e-06,5.9926e-06
P37,30.00,45.00,60.00,0.00,3.9068e-08,3.1580e-07,8.8188e-07,2.2944e-06,5.8477e-06,5.8365e-06,5.8938e-06,3.7391e-08,2.9338e-07,7.1235e-07,2.2709e-06,4.6168e-06,5.7351e-06,6.1839e-06
P37,60.00,180.00,60.00,0.00,2.6857e-08,2.7153e-07,8.2612e-07,2.2495e-06,5.8438e-06,5.8325e-06,5.6052e-06,2.5681e-08,2.5014e-07,6.5163e-07,2.2281e-06,4.6130e-06,5.7348e-06,5.9926e-06
P37,60.00,45.00,30.00,0.00,6.4184e-08,2.7159e-07,8.2651e-07,2.2515e-06,5.8440e-06,5.8328e-06,5.6053e-06,6.1209e-08,2.5015e-07,6.5179e-07,2.2302e-06,4.6134e-06,5.7351e-06,5.9927e-06
P37,0.00,90.00,0.00,0.00,3.8877e-08,3.2670e-07,8.9342e-07,2.2995e-06,5.8435e-06,5.8323e-06,5.9594e-06,3.7053e-08,3.0414e-07,7.2556e-07,2.2753e-06,4.6131e-06,5.7302e-06,6.2238e-06
P37,0.00,0.00,30.00,0.00,3.6942e-08,3.2670e-07,8.9338e-07,2.2994e-06,5.8435e-06,5.8323e-06,5.9593e-06,3.5225e-08,3.0414e-07,7.2554e-07,2.2753e-06,4.6131e-06,5.7302e-06,6.2238e-06
P37,60.00,90.00,0.00,0.00,5.0453e-08,2.7157e-07,8.2637e-07,2.2506e-06,5.8439e-06,5.8327e-06,5.6053e-06,4.8079e-08,2.5015e-07,6.5174e-07,2.2293e-06,4.6133e-06,5.7350e-06,5.9926e-06
P37,0.00,45.00,0.00,0.00,3.8877e-08,3.2670e-07,8.9342e-07,2.2995e-06,5.8435e-06,5.8323e-06,5.9594e-06,3.7053e-08,3.0414e-07,7.2556e-07,2.2753e-06,4.6131e-06,5.7302e-06,6.2238e-06
P37,30.00,180.00,0.00,0.00,4.1922e-08,3.1581e-07,8.8189e-07,2.2940e-06,5.8477e-06,5.8365e-06,5.8938e-06,3.9925e-08,2.9339e-07,7.1237e-07,2.2705e-06,4.6166e-06,5.7350e-06,6.1839e-06
P37,0.00,135.00,60.00,0.00,2.7598e-08,3.2668e-07,8.9329e-07,2.2994e-06,5.8435e-06,5.8323e-06,5.9593e-06,2.6458e-08,3.0413e-07,7.2549e-07,2.2752e-06,4.6132e-06,5.7303e-06,6.2238e-06
P37,30.00,90.00,30.00,0.00,4.0775e-08,3.1580e-07,8.8189e-07,2.2940e-06,5.8477e-06,5.8365e-06,5.8938e-06,3.8869e-08,2.9339e-07,7.1237e-07,2.2705e-06,4.6167e-06,5.7350e-06,6.1839e-06
P37,30.00,0.00,0.00,0.00,4.1922e-08,3.1581e-07,8.8189e-07,2.2940e-06,5.8477e-06,5.8365e-06,5.8938e-06,3.9925e-08,2.9339e-07,7.1237e-07,2.2705e-06,4.6166e-06,5.7350e-06,6.1839e-06
P37,60.00,135.00,30.00,0.00,4.1912e-08,2.7155e-07,8.2627e-07,2.2502e-06,5.8438e-06,5.8326e-06,5.6052e-06,3.9947e-08,2.5014e-07,6.5170e-07,2.2288e-06,4.6131e-06,5.7349e-06,5.9926e-06
P38,60.00,90.00,60.00,0.00,5.6632e-08,3.7999e-07,1.1064e-06,4.9164e-06,9.6585e-06,9.6485e-06,7.7397e-06,5.6346e-08,3.5025e-07,8.5860e-07,4.9700e-06,8.5722e-06,9.5931e-06,8.6725e-06
P38,0.00,90.00,60.00,0.00,5.2869e-08,4.5251e-07,1.2496e-06,5.3175e-06,1.0321e-05,1.0309e-05,8.8066e-06,5.2819e-08,4.1959e-07,9.7582e-07,5.3488e-06,9.1196e-06,1.0242e-05,9.6352e-06
P38,0.00,180.00,0.00,0.00,6.2687e-08,4.5251e-07,1.2496e-06,5.3176e-06,1.0321e-05,1.0309e-05,8.8066e-06,6.2143e-08,4.1959e-07,9.7582e-07,5.3489e-06,9.1196e-06,1.0242e-05,9.6352e-06
P38,30.00,0.00,60.00,0.00,6.2618e-08,4.3772e-07,1.2196e-06,5.2430e-06,1.0196e-05,1.0185e-05,8.5905e-06,6.2269e-08,4.0546e-07,9.5167e-07,5.2788e-06,9.0208e-06,1.0120e-05,9.4434e-06
P38,60.00,180.00,60.00,0.00,4.6259e-08,3.7999e-07,1.1064e-06,4.9162e-06,9.6585e-06,9.6485e-06,7.7397e-06,4.6250e-08,3.5025e-07,8.5860e-07,4.9698e-06,8.5722e-06,9.5931e-06,8.6725e-06
P38,60.00,45.00,0.00,0.00,6.3453e-08,3.8000e-07,1.1064e-06,4.9165e-06,9.6585e-06,9.6485e-06,7.7397e-06,6.2829e-08,3.5025e-07,8.5860e-07,4.9701e-06,8.5722e-06,9.5931e-06,8.6725e-06
P38,60.00,180.00,30.00,0.00,5.5490e-08,3.7999e-07,1.1064e-06,4.9164e-06,9.6585e-06,9.6485e-06,7.7397e-06,5.5123e-08,3.5025e-07,8.5860e-07,4.9700e-06,8.5722e-06,9.5931e-06,8.6725e-06
P38,30.00,90.00,0.00,0.00,6.3556e-08,4.3772e-07,1.2196e-06,5.2429e-06,1.0196e-05,1.0185e-05,8.5905e-06,6.2951e-08,4.0546e-07,9.5167e-07,5.2787e-06,9.0208e-06,1.0120e-05,9.4434e-06
P38,0.00,180.00,60.00,0.00,5.2869e-08,4.5251e-07,1.2496e-06,5.3175e-06,1.0321e-05,1.0309e-05,8.8066e-06,5.2819e-08,4.1959e-07,9.7582e-07,5.3488e-06,9.1196e-06,1.0242e-05,9.6352e-06
P38,0.00,45.00,30.00,0.00,6.0924e-08,4.5251e-07,1.2496e-06,5.3176e-06,1.0321e-05,1.0309e-05,8.8066e-06,6.0465e-08,4.1959e-07,9.7582e-07,5.3489e-06,9.1196e-06,1.0242e-05,9.6352e-06
P38,60.00,135.00,0.00,0.00,6.3453e-08,3.8000e-07,1.1064e-06,4.9165e-06,9.6585e-06,9.6485e-06,7.7397e-06,6.2829e-08,3.5025e-07,8.5860e-07,4.9701e-06,8.5722e-06,9.5931e-06,8.6725e-06
P38,0.00,0.00,0.00,0.00,6.2687e-08,4.5251e-07,1.2496e-06,5.3176e-06,1.0321e-05,1.0309e-05,8.8066e-06,6.2143e-08,4.1959e-07,9.7582e-07,5.3489e-06,9.1196e-06,1.0242e-05,9.6352e-06
P38,30.00,180.00,60.00,0.00,4.9629e-08,4.3771e-07,1.2196e-06,5.2427e-06,1.0196e-05,1.0185e-05,8.5905e-06,4.9643e-08,4.0546e-07,9.5167e-07,5.2785e-06,9.0208e-06,1.0120e-05,9.4434e-06
P38,0.00,0.00,30.00,0.00,6.0924e-08,4.5251e-07,1.2496e-06,5.3176e-06,1.0321e-05,1.0309e-05,8.8066e-06,6.0465e-08,4.1959e-07,9.7582e-07,5.3489e-06,9.1196e-06,1.0242e-05,9.6352e-06
P38,60.00,90.00,0.00,0.00,6.3453e-08,3.8000e-07,1.1064e-06,4.9165e-06,9.6585e-06,9.6485e-06,7.7397e-06,6.2829e-08,3.5025e-07,8.5860e-07,4.9701e-06,8.5722e-06,9.5931e-06,8.6725e-06
P38,0.00,0.00,60.00,0.00,5.2869e-08,4.5251e-07,1.2496e-06,5.3175e-06,1.0321e-05,1.0309e-05,8.8066e-06,5.2819e-08,4.1959e-07,9.7582e-07,5.3488e-06,9.1196e-06,1.0242e-05,9.6352e-06
P38,30.00,45.00,0.00,0.00,6.3556e-08,4.3772e-07,1.2196e-06,5.2429e-06,1.0196e-05,1.0185e-05,8.5905e-06,6.2951e-08,4.0546e-07,9.5167e-07,5.2787e-06,9.0208e-06,1.0120e-05,9.4434e-06
P38,60.00,0.00,0.00,0.00,6.3453e-08,3.8000e-07,1.1064e-06,4.9165e-06,9.6585e-06,9.6485e-06,7.7397e-06,6.2829e-08,3.5025e-07,8.5860e-07,4.9701e-06,8.5722e-06,9.5931e-06,8.6725e-06
P38,60.00,135.00,60.00,0.00,4.8416e-08,3.7999e-07,1.1064e-06,4.9163e-06,9.6585e-06,9.6485e-06,7.7397e-06,4.8353e-08,3.5025e-07,8.5860e-07,4.9699e-06,8.5722e-06,9.5931e-06,8.6725e-06
P38,30.00,0.00,0.00,0.00,6.3556e-08,4.3772e-07,1.2196e-06,5.2429e-06,1.0196e-05,1.0185e-05,8.5905e-06,6.2951e-08,4.0546e-07,9.5167e-07,5.2787e-06,9.0208e-06,1.0120e-05,9.4434e-06
P38,60.00,90.00,30.00,0.00,6.3185e-08,3.8000e-07,1.1064e-06,4.9165e-06,9.6585e-06,9.6485e-06,7.7397e-06,6.2591e-08,3.5025e-07,8.5860e-07,4.9701e-06,8.5722e-06,9.5931e-06,8.6725e-06
P38,30.00,135.00,0.00,0.00,6.3556e-08,4.3772e-07,1.2196e-06,5.2429e-06,1.0196e-05,1.0185e-05,8.5905e-06,6.2951e-08,4.0546e-07,9.5167e-07,5.2787e-06,9.0208e-06,1.0120e-05,9.4434e-06
P38,60.00,0.00,30.00,0.00,7.7709e-08,3.8000e-07,1.1064e-06,4.9168e-06,9.6585e-06,9.6485e-06,7.7397e-06,7.6728e-08,3.5025e-07,8.5860e-07,4.9704e-06,8.5722e-06,9.5931e-06,8.6725e-06
P38,30.00,90.00,60.00,0.00,5.4127e-08,4.3771e-07,1.2196e-06,5.2428e-06,1.0196e-05,1.0185e-05,8.5905e-06,5.4007e-08,4.0546e-07,9.5167e-07,5.2786e-06,9.0208e-06,1.0120e-05,9.4434e-06
P38,30.00,180.00,30.00,0.00,5.8888e-08,4.3771e-07,1.2196e-06,5.2428e-06,1.0196e-05,1.0185e-05,8.5905e-06,5.8469e-08,4.0546e-07,9.5167e-07,5.2786e-06,9.0208e-06,1.0120e-05,9.4434e-06
P38,30.00,45.00,60.00,0.00,5.9455e-08,4.3771e-07,1.2196e-06,5.2429e-06,1.0196e-05,1.0185e-05,8.5905e-06,5.9190e-08,4.0546e-07,9.5167e-07,5.2787e-06,9.0208e-06,1.0120e-05,9.4434e-06
P38,0.00,135.00,60.00,0.00,5.2869e-08,4.5251e-07,1.2496e-06,5.3175e-06,1.0321e-05,1.0309e-05,8.8066e-06,5.2819e-08,4.1959e-07,9.7582e-07,5.3488e-06,9.1196e-06,1.0242e-05,9.6352e-06
P38,0.00,90.00,0.00,0.00,6.2687e-08,4.5251e-07,1.2496e-06,5.3176e-06,1.0321e-05,1.0309e-05,8.8066e-06,6.2143e-08,4.1959e-07,9.7582e-07,5.3489e-06,9.1196e-06,1.0242e-05,9.6352e-06
P38,30.00,135.00,30.00,0.00,5.9830e-08,4.3771e-07,1.2196e-06,5.2429e-06,1.0196e-05,1.0185e-05,8.5905e-06,5.9385e-08,4.0546e-07,9.5167e-07,5.2786e-06,9.0208e-06,1.0120e-05,9.4434e-06
P38,60.00,45.00,60.00,0.00,7.7331e-08,3.8000e-07,1.1064e-06,4.9167e-06,9.6585e-06,9.6485e-06,7.7397e-06,7.6548e-08,3.5025e-07,8.5860e-07,4.9703e-06,8.5722e-06,9.5931e-06,8.6725e-06
P38,0.00,135.00,30.00,0.00,6.0924e-08,4.5251e-07,1.2496e-06,5.3176e-06,1.0321e-05,1.0309e-05,8.8066e-06,6.0465e-08,4.1959e-07,9.7582e-07,5.3489e-06,9.1196e-06,1.0242e-05,9.6352e-06
P38,30.00,90.00,30.00,0.00,6.2368e-08,4.3772e-07,1.2196e-06,5.2429e-06,1.0196e-05,1.0185e-05,8.5905e-06,6.1842e-08,4.0546e-07,9.5167e-07,5.2787e-06,9.0208e-06,1.0120e-05,9.4434e-06
P38,0.00,135.00,0.00,0.00,6.2687e-08,4.5251e-07,1.2496e-06,5.3176e-06,1.0321e-05,1.0309e-05,8.8066e-06,6.2143e-08,4.1959e-07,9.7582e-07,5.3489e-06,9.1196e-06,1.0242e-05,9.6352e-06
P38,30.00,135.00,60.00,0.00,5.0704e-08,4.3771e-07,1.2196e-06,5.2428e-06,1.0196e-05,1.0185e-05,8.5905e-06,5.0685e-08,4.0546e-07,9.5167e-07,5.2785e-06,9.0208e-06,1.0120e-05,9.4434e-06
P38,0.00,45.00,60.00,0.00,5.2869e-08,4.5251e-07,1.2496e-06,5.3175e-06,1.0321e-05,1.0309e-05,8.8066e-06,5.2819e-08,4.1959e-07,9.7582e-07,5.3488e-06,9.1196e-06,1.0242e-05,9.6352e-06
P38,0.00,180.00,30.00,0.00,6.0924e-08,4.5251e-07,1.2496e-06,5.3176e-06,1.0321e-05,1.0309e-05,8.8066e-06,6.0465e-08,4.1959e-07,9.7582e-07,5.3489e-06,9.1196e-06,1.0242e-05,9.6352e-06
P38,0.00,90.00,30.00,0.00,6.0924e-08,4.5251e-07,1.2496e-06,5.3176e-06,1.0321e-05,1.0309e-05,8.8066e-06,6.0465e-08,4.1959e-07,9.7582e-07,5.3489e-06,9.1196e-06,1.0242e-05,9.6352e-06
P38,60.00,135.00,30.00,0.00,5.7330e-08,3.7999e-07,1.1064e-06,4.9164e-06,9.6585e-06,9.6485e-06,7.7397e-06,5.6906e-08,3.5025e-07,8.5860e-07,4.9700e-06,8.5722e-06,9.5931e-06,8.6725e-06
P38,30.00,45.00,30.00,0.00,6.5434e-08,4.3772e-07,1.2196e-06,5.2430e-06,1.0196e-05,1.0185e-05,8.5905e-06,6.4810e-08,4.0546e-07,9.5167e-07,5.2788e-06,9.0208e-06,1.0120e-05,9.4434e-06
P38,60.00,0.00,60.00,0.00,9.8745e-08,3.8001e-07,1.1064e-06,4.9172e-06,9.6585e-06,9.6485e-06,7.7397e-06,9.7524e-08,3.5025e-07,8.5860e-07,4.9708e-06,8.5723e-06,9.5931e-06,8.6725e-06
P38,60.00,45.00,30.00,0.00,7.2300e-08,3.8000e-07,1.1064e-06,4.9167e-06,9.6585e-06,9.6485e-06,7.7397e-06,7.1460e-08,3.5025e-07,8.5860e-07,4.9703e-06,8.5722e-06,9.5931e-06,8.6725e-06
P38,0.00,45.00,0.00,0.00,6.2687e-08,4.5251e-07,1.2496e-06,5.3176e-06,1.0321e-05,1.0309e-05,8.8066e-06,6.2143e-08,4.1959e-07,9.7582e-07,5.3489e-06,9.1196e-06,1.0242e-05,9.6352e-06
P38,30.00,180.00,0.00,0.00,6.3556e-08,4.3772e-07,1.2196e-06,5.2429e-06,1.0196e-05,1.0185e-05,8.5905e-06,6.2951e-08,4.0546e-07,9.5167e-07,5.2787e-06,9.0208e-06,1.0120e-05,9.4434e-06
P38,30.00,0.00,30.00,0.00,6.6953e-08,4.3772e-07,1.2196e-06,5.2430e-06,1.0196e-05,1.0185e-05,8.5905e-06,6.6284e-08,4.0546e-07,9.5167e-07,5.2788e-06,9.0208e-06,1.0120e-05,9.4434e-06
P38,60.00,180.00,0.00,0.00,6.3453e-08,3.8000e-07,1.1064e-06,4.9165e-06,9.6585e-06,9.6485e-06,7.7397e-06,6.2829e-08,3.5025e-07,8.5860e-07,4.9701e-06,8.5722e-06,9.5931e-06,8.6725e-06
P39,60.00,0.00,60.00,0.00,1.1066e-07,2.0332e-07,6.9776e-07,2.1883e-06,5.8068e-06,5.7960e-06,5.1194e-06,1.0591e-07,1.8446e-07,5.2378e-07,2.1986e-06,4.6126e-06,5.7050e-06,5.6282e-06
P39,30.00,135.00,30.00,0.00,3.7907e-08,2.4268e-07,7.8137e-07,2.3046e-06,5.9118e-06,5.9009e-06,5.5415e-06,3.6142e-08,2.2181e-07,5.9993e-07,2.3072e-06,4.7099e-06,5.8046e-06,5.9652e-06
P39,0.00,180.00,0.00,0.00,3.9581e-08,2.5358e-07,8.0237e-07,2.3321e-06,5.9376e-06,5.9267e-06,5.6459e-06,3.7738e-08,2.3221e-07,6.1938e-07,2.3326e-06,4.7338e-06,5.8294e-06,6.0457e-06
P39,0.00,135.00,0.00,0.00,3.9581e-08,2.5358e-07,8.0237e-07,2.3321e-06,5.9376e-06,5.9267e-06,5.6459e-06,3.7738e-08,2.3221e-07,6.1938e-07,2.3326e-06,4.7338e-06,5.8294e-06,6.0457e-06
P39,30.00,180.00,0.00,0.00,4.2546e-08,2.4270e-07,7.8145e-07,2.3048e-06,5.9118e-06,5.9009e-06,5.5415e-06,4.0527e-08,2.2181e-07,5.9998e-07,2.3073e-06,4.7100e-06,5.8046e-06,5.9652e-06
P39,0.00,90.00,30.00,0.00,3.7646e-08,2.5357e-07,8.0232e-07,2.3320e-06,5.9376e-06,5.9267e-06,5.6459e-06,3.5910e-08,2.3221e-07,6.1934e-07,2.3326e-06,4.7338e-06,5.8294e-06,6.0457e-06
P39,30.00,0.00,30.00,0.00,4.7707e-08,2.4272e-07,7.8157e-07,2.3052e-06,5.9119e-06,5.9009e-06,5.5415e-06,4.5489e-08,2.2182e-07,6.0003e-07,2.3078e-06,4.7101e-06,5.8047e-06,5.9652e-06
P39,0.00,135.00,60.00,0.00,2.8281e-08,2.5355e-07,8.0221e-07,2.3319e-06,5.9376e-06,5.9267e-06,5.6459e-06,2.7123e-08,2.3219e-07,6.1927e-07,2.3325e-06,4.7338e-06,5.8294e-06,6.0457e-06
P39,60.00,45.00,0.00,0.00,5.0822e-08,2.0319e-07,6.9679e-07,2.1836e-06,5.8063e-06,5.7954e-06,5.1193e-06,4.8415e-08,1.8443e-07,5.2341e-07,2.1936e-06,4.6117e-06,5.7045e-06,5.6279e-06
P39,30.00,135.00,0.00,0.00,4.2546e-08,2.4270e-07,7.8145e-07,2.3048e-06,5.9118e-06,5.9009e-06,5.5415e-06,4.0527e-08,2.2181e-07,5.9998e-07,2.3073e-06,4.7100e-06,5.8046e-06,5.9652e-06
P39,30.00,45.00,0.00,0.00,4.2546e-08,2.4270e-07,7.8145e-07,2.3048e-06,5.9118e-06,5.9009e-06,5.5415e-06,4.0527e-08,2.2181e-07,5.9998e-07,2.3073e-06,4.7100e-06,5.8046e-06,5.9652e-06
P39,30.00,0.00,0.00,0.00,4.2546e-08,2.4270e-07,7.8145e-07,2.3048e-06,5.9118e-06,5.9009e-06,5.5415e-06,4.0527e-08,2.2181e-07,5.9998e-07,2.3073e-06,4.7100e-06,5.8046e-06,5.9652e-06
P39,60.00,180.00,0.00,0.00,5.0822e-08,2.0319e-07,6.9679e-07,2.1836e-06,5.8063e-06,5.7954e-06,5.1193e-06,4.8415e-08,1.8443e-07,5.2341e-07,2.1936e-06,4.6117e-06,5.7045e-06,5.6279e-06
P39,0.00,45.00,60.00,0.00,2.8281e-08,2.5355e-07,8.0221e-07,2.3319e-06,5.9376e-06,5.9267e-06,5.6459e-06,2.7123e-08,2.3219e-07,6.1927e-07,2.3325e-06,4.7338e-06,5.8294e-06,6.0457e-06
P39,60.00,135.00,60.00,0.00,3.0591e-08,2.0314e-07,6.9649e-07,2.1829e-06,5.8062e-06,5.7953e-06,5.1193e-06,2.9235e-08,1.8441e-07,5.2327e-07,2.1929e-06,4.6115e-06,5.7044e-06,5.6278e-06
P39,30.00,180.00,30.00,0.00,3.6609e-08,2.4268e-07,7.8132e-07,2.3044e-06,5.9118e-06,5.9008e-06,5.5415e-06,3.4898e-08,2.2180e-07,5.9991e-07,2.3070e-06,4.7099e-06,5.8046e-06,5.9652e-06
P39,0.00,180.00,30.00,0.00,3.7646e-08,2.5357e-07,8.0232e-07,2.3320e-06,5.9376e-06,5.9267e-06,5.6459e-06,3.5910e-08,2.3221e-07,6.1934e-07,2.3326e-06,4.7338e-06,5.8294e-06,6.0457e-06
P39,30.00,90.00,60.00,0.00,3.1828e-08,2.4267e-07,7.8131e-07,2.3047e-06,5.9118e-06,5.9009e-06,5.5415e-06,3.0478e-08,2.2180e-07,5.9989e-07,2.3073e-06,4.7100e-06,5.8046e-06,5.9652e-06
P39,0.00,90.00,0.00,0.00,3.9581e-08,2.5358e-07,8.0237e-07,2.3321e-06,5.9376e-06,5.9267e-06,5.6459e-06,3.7738e-08,2.3221e-07,6.1938e-07,2.3326e-06,4.7338e-06,5.8294e-06,6.0457e-06
P39,30.00,135.00,60.00,0.00,2.6779e-08,2.4265e-07,7.8123e-07,2.3045e-06,5.9118e-06,5.9008e-06,5.5415e-06,2.5666e-08,2.2180e-07,5.9985e-07,2.3070e-06,4.7099e-06,5.8046e-06,5.9652e-06
P39,0.00,90.00,60.00,0.00,2.8281e-08,2.5355e-07,8.0221e-07,2.3319e-06,5.9376e-06,5.9267e-06,5.6459e-06,2.7123e-08,2.3219e-07,6.1927e-07,2.3325e-06,4.7338e-06,5.8294e-06,6.0457e-06
P39,30.00,90.00,0.00,0.00,4.2546e-08,2.4270e-07,7.8145e-07,2.3048e-06,5.9118e-06,5.9009e-06,5.5415e-06,4.0527e-08,2.2181e-07,5.9998e-07,2.3073e-06,4.7100e-06,5.8046e-06,5.9652e-06
P39,60.00,45.00,30.00,0.00,6.4592e-08,2.0322e-07,6.9701e-07,2.1844e-06,5.8064e-06,5.7955e-06,5.1193e-06,6.1581e-08,1.8444e-07,5.2350e-07,2.1945e-06,4.6118e-06,5.7045e-06,5.6279e-06
P39,60.00,180.00,30.00,0.00,3.9511e-08,2.0316e-07,6.9661e-07,2.1831e-06,5.8062e-06,5.7953e-06,5.1193e-06,3.7649e-08,1.8442e-07,5.2333e-07,2.1930e-06,4.6115e-06,5.7044e-06,5.6278e-06
P39,30.00,0.00,60.00,0.00,4.4351e-08,2.4270e-07,7.8154e-07,2.3055e-06,5.9119e-06,5.9010e-06,5.5415e-06,4.2449e-08,2.2181e-07,5.9999e-07,2.3080e-06,4.7101e-06,5.8047e-06,5.9652e-06
P39,0.00,0.00,30.00,0.00,3.7646e-08,2.5357e-07,8.0232e-07,2.3320e-06,5.9376e-06,5.9267e-06,5.6459e-06,3.5910e-08,2.3221e-07,6.1934e-07,2.3326e-06,4.7338e-06,5.8294e-06,6.0457e-06
P39,60.00,135.00,0.00,0.00,5.0822e-08,2.0319e-07,6.9679e-07,2.1836e-06,5.8063e-06,5.7954e-06,5.1193e-06,4.8415e-08,1.8443e-07,5.2341e-07,2.1936e-06,4.6117e-06,5.7045e-06,5.6279e-06
P39,30.00,45.00,60.00,0.00,3.9687e-08,2.4269e-07,7.8145e-07,2.3052e-06,5.9119e-06,5.9009e-06,5.5415e-06,3.7989e-08,2.2181e-07,5.9995e-07,2.3078e-06,4.7101e-06,5.8047e-06,5.9652e-06
P39,60.00,90.00,0.00,0.00,5.0822e-08,2.0319e-07,6.9679e-07,2.1836e-06,5.8063e-06,5.7954e-06,5.1193e-06,4.8415e-08,1.8443e-07,5.2341e-07,2.1936e-06,4.6117e-06,5.7045e-06,5.6279e-06
P39,60.00,0.00,0.00,0.00,5.0822e-08,2.0319e-07,6.9679e-07,2.1836e-06,5.8063e-06,5.7954e-06,5.1193e-06,4.8415e-08,1.8443e-07,5.2341e-07,2.1936e-06,4.6117e-06,5.7045e-06,5.6279e-06
P39,30.00,45.00,30.00,0.00,4.5617e-08,2.4271e-07,7.8153e-07,2.3051e-06,5.9118e-06,5.9009e-06,5.5415e-06,4.3492e-08,2.2182e-07,6.0001e-07,2.3076e-06,4.7101e-06,5.8046e-06,5.9652e-06
P39,30.00,180.00,60.00,0.00,2.5193e-08,2.4265e-07,7.8121e-07,2.3044e-06,5.9118e-06,5.9008e-06,5.5415e-06,2.4157e-08,2.2179e-07,5.9984e-07,2.3069e-06,4.7099e-06,5.8046e-06,5.9652e-06
P39,60.00,90.00,30.00,0.00,5.0993e-08,2.0319e-07,6.9678e-07,2.1836e-06,5.8063e-06,5.7954e-06,5.1193e-06,4.8587e-08,1.8443e-07,5.2340e-07,2.1936e-06,4.6116e-06,5.7044e-06,5.6279e-06
P39,0.00,180.00,60.00,0.00,2.8281e-08,2.5355e-07,8.0221e-07,2.3319e-06,5.9376e-06,5.9267e-06,5.6459e-06,2.7123e-08,2.3219e-07,6.1927e-07,2.3325e-06,4.7338e-06,5.8294e-06,6.0457e-06
P39,60.00,90.00,60.00,0.00,4.3674e-08,2.0316e-07,6.9666e-07,2.1836e-06,5.8063e-06,5.7954e-06,5.1193e-06,4.1701e-08,1.8442e-07,5.2333e-07,2.1936e-06,4.6117e-06,5.7045e-06,5.6279e-06
P39,60.00,180.00,60.00,0.00,2.7150e-08,2.0313e-07,6.9643e-07,2.1825e-06,5.8061e-06,5.7952e-06,5.1193e-06,2.5947e-08,1.8441e-07,5.2324e-07,2.1924e-06,4.6114e-06,5.7043e-06,5.6278e-06
P39,0.00,0.00,60.00,0.00,2.8281e-08,2.5355e-07,8.0221e-07,2.3319e-06,5.9376e-06,5.9267e-06,5.6459e-06,2.7123e-08,2.3219e-07,6.1927e-07,2.3325e-06,4.7338e-06,5.8294e-06,6.0457e-06
P39,60.00,45.00,60.00,0.00,7.6608e-08,2.0323e-07,6.9715e-07,2.1856e-06,5.8065e-06,5.7956e-06,5.1193e-06,7.3203e-08,1.8444e-07,5.2353e-07,2.1958e-06,4.6120e-06,5.7047e-06,5.6280e-06
P39,30.00,90.00,30.00,0.00,4.1399e-08,2.4270e-07,7.8144e-07,2.3049e-06,5.9118e-06,5.9009e-06,5.5415e-06,3.9471e-08,2.2181e-07,5.9997e-07,2.3074e-06,4.7100e-06,5.8046e-06,5.9652e-06
P39,0.00,135.00,30.00,0.00,3.7646e-08,2.5357e-07,8.0232e-07,2.3320e-06,5.9376e-06,5.9267e-06,5.6459e-06,3.5910e-08,2.3221e-07,6.1934e-07,2.3326e-06,4.7338e-06,5.8294e-06,6.0457e-06
P39,60.00,135.00,30.00,0.00,4.2257e-08,2.0317e-07,6.9665e-07,2.1832e-06,5.8062e-06,5.7953e-06,5.1193e-06,4.0260e-08,1.8442e-07,5.2334e-07,2.1931e-06,4.6115e-06,5.7044e-06,5.6278e-06
P39,60.00,0.00,30.00,0.00,7.2660e-08,2.0324e-07,6.9714e-07,2.1848e-06,5.8064e-06,5.7955e-06,5.1193e-06,6.9297e-08,1.8444e-07,5.2356e-07,2.1949e-06,4.6118e-06,5.7046e-06,5.6280e-06
P39,0.00,45.00,30.00,0.00,3.7646e-08,2.5357e-07,8.0232e-07,2.3320e-06,5.9376e-06,5.9267e-06,5.6459e-06,3.5910e-08,2.3221e-07,6.1934e-07,2.3326e-06,4.7338e-06,5.8294e-06,6.0457e-06
P39,0.00,45.00,0.00,0.00,3.9581e-08,2.5358e-07,8.0237e-07,2.3321e-06,5.9376e-06,5.9267e-06,5.6459e-06,3.7738e-08,2.3221e-07,6.1938e-07,2.3326e-06,4.7338e-06,5.8294e-06,6.0457e-06
P39,0.00,0.00,0.00,0.00,3.9581e-08,2.5358e-07,8.0237e-07,2.3321e-06,5.9376e-06,5.9267e-06,5.6459e-06,3.7738e-08,2.3221e-07,6.1938e-07,2.3326e-06,4.7338e-06,5.8294e-06,6.0457e-06
P40,0.00,135.00,0.00,0.00,6.2811e-08,5.2541e-07,1.4755e-06,5.2959e-06,1.0618e-05,1.0604e-05,8.7708e-06,6.1797e-08,4.8663e-07,1.1581e-06,5.3197e-06,9.1800e-06,1.0513e-05,9.8006e-06
P40,30.00,135.00,0.00,0.00,6.4319e-08,5.0417e-07,1.4395e-06,5.2424e-06,1.0555e-05,1.0542e-05,8.5514e-06,6.3201e-08,4.6607e-07,1.1269e-06,5.2710e-06,9.1325e-06,1.0453e-05,9.6273e-06
P40,0.00,180.00,30.00,0.00,6.0982e-08,5.2541e-07,1.4755e-06,5.2958e-06,1.0618e-05,1.0604e-05,8.7708e-06,6.0061e-08,4.8663e-07,1.1581e-06,5.3197e-06,9.1801e-06,1.0513e-05,9.8006e-06
P40,30.00,0.00,30.00,0.00,6.8487e-08,5.0417e-07,1.4395e-06,5.2427e-06,1.0555e-05,1.0542e-05,8.5514e-06,6.7251e-08,4.6607e-07,1.1269e-06,5.2713e-06,9.1325e-06,1.0453e-05,9.6273e-06
P40,60.00,135.00,30.00,0.00,5.9489e-08,4.2046e-07,1.2976e-06,5.0010e-06,1.0263e-05,1.0250e-05,7.6540e-06,5.8502e-08,3.8519e-07,1.0011e-06,5.0496e-06,8.9083e-06,1.0177e-05,8.8920e-06
P40,30.00,180.00,0.00,0.00,6.4319e-08,5.0417e-07,1.4395e-06,5.2424e-06,1.0555e-05,1.0542e-05,8.5514e-06,6.3201e-08,4.6607e-07,1.1269e-06,5.2710e-06,9.1325e-06,1.0453e-05,9.6273e-06
P40,30.00,180.00,30.00,0.00,5.9115e-08,5.0417e-07,1.4395e-06,5.2422e-06,1.0555e-05,1.0542e-05,8.5514e-06,5.8231e-08,4.6607e-07,1.1269e-06,5.2708e-06,9.1324e-06,1.0453e-05,9.6273e-06
P40,30.00,90.00,0.00,0.00,6.4319e-08,5.0417e-07,1.4395e-06,5.2424e-06,1.0555e-05,1.0542e-05,8.5514e-06,6.3201e-08,4.6607e-07,1.1269e-06,5.2710e-06,9.1325e-06,1.0453e-05,9.6273e-06
P40,0.00,90.00,0.00,0.00,6.2811e-08,5.2541e-07,1.4755e-06,5.2959e-06,1.0618e-05,1.0604e-05,8.7708e-06,6.1797e-08,4.8663e-07,1.1581e-06,5.3197e-06,9.1800e-06,1.0513e-05,9.8006e-06
P40,60.00,90.00,0.00,0.00,6.6606e-08,4.2046e-07,1.2976e-06,5.0013e-06,1.0263e-05,1.0250e-05,7.6540e-06,6.5342e-08,3.8519e-07,1.0011e-06,5.0499e-06,8.9084e-06,1.0177e-05,8.8920e-06
P40,30.00,45.00,60.00,0.00,6.0765e-08,5.0417e-07,1.4395e-06,5.2426e-06,1.0555e-05,1.0542e-05,8.5514e-06,5.9980e-08,4.6606e-07,1.1269e-06,5.2712e-06,9.1325e-06,1.0453e-05,9.6273e-06
P40,0.00,0.00,0.00,0.00,6.2811e-08,5.2541e-07,1.4755e-06,5.2959e-06,1.0618e-05,1.0604e-05,8.7708e-06,6.1797e-08,4.8663e-07,1.1581e-06,5.3197e-06,9.1800e-06,1.0513e-05,9.8006e-06
P40,60.00,0.00,0.00,0.00,6.6606e-08,4.2046e-07,1.2976e-06,5.0013e-06,1.0263e-05,1.0250e-05,7.6540e-06,6.5342e-08,3.8519e-07,1.0011e-06,5.0499e-06,8.9084e-06,1.0177e-05,8.8920e-06
P40,60.00,90.00,60.00,0.00,5.9642e-08,4.2046e-07,1.2976e-06,5.0012e-06,1.0263e-05,1.0250e-05,7.6540e-06,5.8755e-08,3.8519e-07,1.0011e-06,5.0498e-06,8.9084e-06,1.0177e-05,8.8920e-06
P40,60.00,135.00,0.00,0.00,6.6606e-08,4.2046e-07,1.2976e-06,5.0013e-06,1.0263e-05,1.0250e-05,7.6540e-06,6.5342e-08,3.8519e-07,1.0011e-06,5.0499e-06,8.9084e-06,1.0177e-05,8.8920e-06
P40,30.00,45.00,0.00,0.00,6.4319e-08,5.0417e-07,1.4395e-06,5.2424e-06,1.0555e-05,1.0542e-05,8.5514e-06,6.3201e-08,4.6607e-07,1.1269e-06,5.2710e-06,9.1325e-06,1.0453e-05,9.6273e-06
P40,60.00,90.00,30.00,0.00,6.6522e-08,4.2046e-07,1.2976e-06,5.0013e-06,1.0263e-05,1.0250e-05,7.6540e-06,6.5277e-08,3.8519e-07,1.0011e-06,5.0499e-06,8.9084e-06,1.0177e-05,8.8920e-06
P40,0.00,45.00,0.00,0.00,6.2811e-08,5.2541e-07,1.4755e-06,5.2959e-06,1.0618e-05,1.0604e-05,8.7708e-06,6.1797e-08,4.8663e-07,1.1581e-06,5.3197e-06,9.1800e-06,1.0513e-05,9.8006e-06
P40,60.00,135.00,60.00,0.00,4.9450e-08,4.2046e-07,1.2976e-06,5.0008e-06,1.0263e-05,1.0250e-05,7.6540e-06,4.8930e-08,3.8519e-07,1.0011e-06,5.0494e-06,8.9083e-06,1.0177e-05,8.8920e-06
P40,0.00,0.00,30.00,0.00,6.0982e-08,5.2541e-07,1.4755e-06,5.2958e-06,1.0618e-05,1.0604e-05,8.7708e-06,6.0061e-08,4.8663e-07,1.1581e-06,5.3197e-06,9.1801e-06,1.0513e-05,9.8006e-06
P40,30.00,135.00,30.00,0.00,6.0210e-08,5.0417e-07,1.4395e-06,5.2423e-06,1.0555e-05,1.0542e-05,8.5514e-06,5.9289e-08,4.6607e-07,1.1269e-06,5.2709e-06,9.1324e-06,1.0453e-05,9.6273e-06
P40,30.00,135.00,60.00,0.00,5.0234e-08,5.0417e-07,1.4395e-06,5.2422e-06,1.0555e-05,1.0542e-05,8.5514e-06,4.9829e-08,4.6606e-07,1.1269e-06,5.2708e-06,9.1324e-06,1.0453e-05,9.6273e-06
P40,30.00,90.00,30.00,0.00,6.3159e-08,5.0417e-07,1.4395e-06,5.2424e-06,1.0555e-05,1.0542e-05,8.5514e-06,6.2124e-08,4.6607e-07,1.1269e-06,5.2711e-06,9.1325e-06,1.0453e-05,9.6273e-06
P40,30.00,90.00,60.00,0.00,5.4353e-08,5.0417e-07,1.4395e-06,5.2423e-06,1.0555e-05,1.0542e-05,8.5514e-06,5.3793e-08,4.6606e-07,1.1269e-06,5.2709e-06,9.1325e-06,1.0453e-05,9.6273e-06
P40,60.00,180.00,0.00,0.00,6.6606e-08,4.2046e-07,1.2976e-06,5.0013e-06,1.0263e-05,1.0250e-05,7.6540e-06,6.5342e-08,3.8519e-07,1.0011e-06,5.0499e-06,8.9084e-06,1.0177e-05,8.8920e-06
P40,30.00,45.00,30.00,0.00,6.6722e-08,5.0417e-07,1.4395e-06,5.2426e-06,1.0555e-05,1.0542e-05,8.5514e-06,6.5550e-08,4.6607e-07,1.1269e-06,5.2712e-06,9.1325e-06,1.0453e-05,9.6273e-06
P40,60.00,180.00,30.00,0.00,5.7279e-08,4.2046e-07,1.2976e-06,5.0010e-06,1.0263e-05,1.0250e-05,7.6540e-06,5.6378e-08,3.8519e-07,1.0011e-06,5.0496e-06,8.9083e-06,1.0177e-05,8.8920e-06
P40,0.00,90.00,60.00,0.00,5.2366e-08,5.2541e-07,1.4755e-06,5.2958e-06,1.0618e-05,1.0604e-05,8.7708e-06,5.1923e-08,4.8663e-07,1.1581e-06,5.3196e-06,9.1801e-06,1.0513e-05,9.8006e-06
P40,60.00,0.00,30.00,0.00,8.3971e-08,4.2047e-07,1.2976e-06,5.0019e-06,1.0263e-05,1.0250e-05,7.6540e-06,8.2129e-08,3.8519e-07,1.0011e-06,5.0506e-06,8.9085e-06,1.0177e-05,8.8920e-06
P40,0.00,180.00,60.00,0.00,5.2366e-08,5.2541e-07,1.4755e-06,5.2958e-06,1.0618e-05,1.0604e-05,8.7708e-06,5.1923e-08,4.8663e-07,1.1581e-06,5.3196e-06,9.1801e-06,1.0513e-05,9.8006e-06
P40,60.00,0.00,60.00,0.00,1.1186e-07,4.2048e-07,1.2976e-06,5.0035e-06,1.0263e-05,1.0250e-05,7.6540e-06,1.0937e-07,3.8519e-07,1.0011e-06,5.0523e-06,8.9088e-06,1.0177e-05,8.8921e-06
P40,0.00,45.00,30.00,0.00,6.0982e-08,5.2541e-07,1.4755e-06,5.2958e-06,1.0618e-05,1.0604e-05,8.7708e-06,6.0061e-08,4.8663e-07,1.1581e-06,5.3197e-06,9.1801e-06,1.0513e-05,9.8006e-06
P40,0.00,180.00,0.00,0.00,6.2811e-08,5.2541e-07,1.4755e-06,5.2959e-06,1.0618e-05,1.0604e-05,8.7708e-06,6.1797e-08,4.8663e-07,1.1581e-06,5.3197e-06,9.1800e-06,1.0513e-05,9.8006e-06
P40,0.00,0.00,60.00,0.00,5.2366e-08,5.2541e-07,1.4755e-06,5.2958e-06,1.0618e-05,1.0604e-05,8.7708e-06,5.1923e-08,4.8663e-07,1.1581e-06,5.3196e-06,9.1801e-06,1.0513e-05,9.8006e-06
P40,0.00,135.00,30.00,0.00,6.0982e-08,5.2541e-07,1.4755e-06,5.2958e-06,1.0618e-05,1.0604e-05,8.7708e-06,6.0061e-08,4.8663e-07,1.1581e-06,5.3197e-06,9.1801e-06,1.0513e-05,9.8006e-06
P40,60.00,45.00,30.00,0.00,7.7472e-08,4.2047e-07,1.2976e-06,5.0017e-06,1.0263e-05,1.0250e-05,7.6540e-06,7.5849e-08,3.8519e-07,1.0011e-06,5.0504e-06,8.9085e-06,1.0177e-05,8.8920e-06
P40,0.00,90.00,30.00,0.00,6.0982e-08,5.2541e-07,1.4755e-06,5.2958e-06,1.0618e-05,1.0604e-05,8.7708e-06,6.0061e-08,4.8663e-07,1.1581e-06,5.3197e-06,9.1801e-06,1.0513e-05,9.8006e-06
P40,60.00,45.00,0.00,0.00,6.6606e-08,4.2046e-07,1.2976e-06,5.0013e-06,1.0263e-05,1.0250e-05,7.6540e-06,6.5342e-08,3.8519e-07,1.0011e-06,5.0499e-06,8.9084e-06,1.0177e-05,8.8920e-06
P40,60.00,45.00,60.00,0.00,8.5314e-08,4.2047e-07,1.2976e-06,5.0022e-06,1.0263e-05,1.0250e-05,7.6540e-06,8.3590e-08,3.8519e-07,1.0011e-06,5.0509e-06,8.9085e-06,1.0177e-05,8.8920e-06
P40,30.00,180.00,60.00,0.00,4.8940e-08,5.0417e-07,1.4395e-06,5.2421e-06,1.0555e-05,1.0542e-05,8.5514e-06,4.8586e-08,4.6607e-07,1.1269e-06,5.2707e-06,9.1324e-06,1.0453e-05,9.6273e-06
P40,60.00,180.00,60.00,0.00,4.6772e-08,4.2046e-07,1.2976e-06,5.0006e-06,1.0263e-05,1.0250e-05,7.6540e-06,4.6342e-08,3.8519e-07,1.0011e-06,5.0492e-06,8.9082e-06,1.0177e-05,8.8920e-06
P40,30.00,0.00,60.00,0.00,6.4570e-08,5.0417e-07,1.4395e-06,5.2427e-06,1.0555e-05,1.0542e-05,8.5514e-06,6.3655e-08,4.6606e-07,1.1269e-06,5.2714e-06,9.1325e-06,1.0453e-05,9.6273e-06
P40,0.00,45.00,60.00,0.00,5.2366e-08,5.2541e-07,1.4755e-06,5.2958e-06,1.0618e-05,1.0604e-05,8.7708e-06,5.1923e-08,4.8663e-07,1.1581e-06,5.3196e-06,9.1801e-06,1.0513e-05,9.8006e-06
P40,0.00,135.00,60.00,0.00,5.2366e-08,5.2541e-07,1.4755e-06,5.2958e-06,1.0618e-05,1.0604e-05,8.7708e-06,5.1923e-08,4.8663e-07,1.1581e-06,5.3196e-06,9.1801e-06,1.0513e-05,9.8006e-06
P40,30.00,0.00,0.00,0.00,6.4319e-08,5.0417e-07,1.4395e-06,5.2424e-06,1.0555e-05,1.0542e-05,8.5514e-06,6.3201e-08,4.6607e-07,1.1269e-06,5.2710e-06,9.1325e-06,1.0453e-05,9.6273e-06
P41,0.00,135.00,60.00,0.00,5.1047e-08,3.4636e-07,1.1987e-06,5.1050e-06,1.0402e-05,1.0389e-05,8.4872e-06,5.0479e-08,3.1246e-07,8.7420e-07,5.1340e-06,8.9636e-06,1.0298e-05,9.5366e-06
P41,60.00,90.00,60.00,0.00,5.9196e-08,2.6167e-07,9.8666e-07,4.7787e-06,1.0057e-05,1.0045e-05,7.3762e-06,5.8112e-08,2.3334e-07,7.0023e-07,4.8319e-06,8.6901e-06,9.9729e-06,8.6266e-06
P41,0.00,0.00,0.00,0.00,6.1740e-08,3.4636e-07,1.1987e-06,5.1051e-06,1.0402e-05,1.0389e-05,8.4872e-06,6.0570e-08,3.1246e-07,8.7420e-07,5.1341e-06,8.9635e-06,1.0298e-05,9.5366e-06
P41,0.00,180.00,0.00,0.00,6.1740e-08,3.4636e-07,1.1987e-06,5.1051e-06,1.0402e-05,1.0389e-05,8.4872e-06,6.0570e-08,3.1246e-07,8.7420e-07,5.1341e-06,8.9635e-06,1.0298e-05,9.5366e-06
P41,0.00,45.00,30.00,0.00,5.9881e-08,3.4636e-07,1.1987e-06,5.1051e-06,1.0402e-05,1.0389e-05,8.4872e-06,5.8808e-08,3.1246e-07,8.7420e-07,5.1340e-06,8.9635e-06,1.0298e-05,9.5366e-06
P41,30.00,180.00,0.00,0.00,6.3383e-08,3.2769e-07,1.1548e-06,5.0453e-06,1.0339e-05,1.0326e-05,8.2676e-06,6.2094e-08,2.9488e-07,8.3806e-07,5.0791e-06,8.9140e-06,1.0239e-05,9.3617e-06
P41,30.00,0.00,0.00,0.00,6.3383e-08,3.2769e-07,1.1548e-06,5.0453e-06,1.0339e-05,1.0326e-05,8.2676e-06,6.2094e-08,2.9488e-07,8.3806e-07,5.0791e-06,8.9140e-06,1.0239e-05,9.3617e-06
P41,60.00,0.00,0.00,0.00,6.6234e-08,2.6167e-07,9.8666e-07,4.7788e-06,1.0057e-05,1.0045e-05,7.3762e-06,6.4758e-08,2.3334e-07,7.0023e-07,4.8320e-06,8.6901e-06,9.9729e-06,8.6266e-06
P41,30.00,45.00,60.00,0.00,5.9976e-08,3.2769e-07,1.1548e-06,5.0456e-06,1.0339e-05,1.0326e-05,8.2676e-06,5.9022e-08,2.9488e-07,8.3806e-07,5.0794e-06,8.9140e-06,1.0239e-05,9.3617e-06
P41,60.00,0.00,30.00,0.00,8.4687e-08,2.6167e-07,9.8666e-07,4.7796e-06,1.0058e-05,1.0045e-05,7.3762e-06,8.2550e-08,2.3334e-07,7.0023e-07,4.8329e-06,8.6902e-06,9.9730e-06,8.6266e-06
P41,30.00,180.00,60.00,0.00,4.7472e-08,3.2769e-07,1.1548e-06,5.0450e-06,1.0339e-05,1.0326e-05,8.2676e-06,4.7002e-08,2.9488e-07,8.3806e-07,5.0788e-06,8.9139e-06,1.0239e-05,9.3617e-06
P41,30.00,135.00,0.00,0.00,6.3383e-08,3.2769e-07,1.1548e-06,5.0453e-06,1.0339e-05,1.0326e-05,8.2676e-06,6.2094e-08,2.9488e-07,8.3806e-07,5.0791e-06,8.9140e-06,1.0239e-05,9.3617e-06
P41,60.00,180.00,30.00,0.00,5.6419e-08,2.6166e-07,9.8666e-07,4.7784e-06,1.0057e-05,1.0045e-05,7.3762e-06,5.5346e-08,2.3334e-07,7.0023e-07,4.8316e-06,8.6900e-06,9.9729e-06,8.6266e-06
P41,0.00,90.00,60.00,0.00,5.1047e-08,3.4636e-07,1.1987e-06,5.1050e-06,1.0402e-05,1.0389e-05,8.4872e-06,5.0479e-08,3.1246e-07,8.7420e-07,5.1340e-06,8.9636e-06,1.0298e-05,9.5366e-06
P41,60.00,135.00,0.00,0.00,6.6234e-08,2.6167e-07,9.8666e-07,4.7788e-06,1.0057e-05,1.0045e-05,7.3762e-06,6.4758e-08,2.3334e-07,7.0023e-07,4.8320e-06,8.6901e-06,9.9729e-06,8.6266e-06
P41,30.00,90.00,30.00,0.00,6.2224e-08,3.2769e-07,1.1548e-06,5.0454e-06,1.0339e-05,1.0326e-05,8.2676e-06,6.1021e-08,2.9488e-07,8.3806e-07,5.0791e-06,8.9140e-06,1.0239e-05,9.3617e-06
P41,0.00,135.00,0.00,0.00,6.1740e-08,3.4636e-07,1.1987e-06,5.1051e-06,1.0402e-05,1.0389e-05,8.4872e-06,6.0570e-08,3.1246e-07,8.7420e-07,5.1341e-06,8.9635e-06,1.0298e-05,9.5366e-06
P41,0.00,45.00,0.00,0.00,6.1740e-08,3.4636e-07,1.1987e-06,5.1051e-06,1.0402e-05,1.0389e-05,8.4872e-06,6.0570e-08,3.1246e-07,8.7420e-07,5.1341e-06,8.9635e-06,1.0298e-05,9.5366e-06
P41,30.00,90.00,60.00,0.00,5.3196e-08,3.2769e-07,1.1548e-06,5.0452e-06,1.0339e-05,1.0326e-05,8.2676e-06,5.2496e-08,2.9488e-07,8.3806e-07,5.0790e-06,8.9140e-06,1.0239e-05,9.3617e-06
P41,60.00,180.00,60.00,0.00,4.5444e-08,2.6166e-07,9.8666e-07,4.7780e-06,1.0057e-05,1.0045e-05,7.3762e-06,4.4885e-08,2.3334e-07,7.0023e-07,4.8312e-06,8.6899e-06,9.9729e-06,8.6265e-06
P41,60.00,135.00,30.00,0.00,5.8760e-08,2.6167e-07,9.8666e-07,4.7785e-06,1.0057e-05,1.0045e-05,7.3762e-06,5.7590e-08,2.3334e-07,7.0023e-07,4.8317e-06,8.6900e-06,9.9729e-06,8.6266e-06
P41,30.00,180.00,30.00,0.00,5.7986e-08,3.2769e-07,1.1548e-06,5.0450e-06,1.0339e-05,1.0326e-05,8.2676e-06,5.6950e-08,2.9488e-07,8.3806e-07,5.0788e-06,8.9139e-06,1.0239e-05,9.3617e-06
P41,30.00,135.00,60.00,0.00,4.8840e-08,3.2769e-07,1.1548e-06,5.0451e-06,1.0339e-05,1.0326e-05,8.2676e-06,4.8313e-08,2.9488e-07,8.3806e-07,5.0788e-06,8.9139e-06,1.0239e-05,9.3617e-06
P41,0.00,0.00,60.00,0.00,5.1047e-08,3.4636e-07,1.1987e-06,5.1050e-06,1.0402e-05,1.0389e-05,8.4872e-06,5.0479e-08,3.1246e-07,8.7420e-07,5.1340e-06,8.9636e-06,1.0298e-05,9.5366e-06
P41,0.00,135.00,30.00,0.00,5.9881e-08,3.4636e-07,1.1987e-06,5.1051e-06,1.0402e-05,1.0389e-05,8.4872e-06,5.8808e-08,3.1246e-07,8.7420e-07,5.1340e-06,8.9635e-06,1.0298e-05,9.5366e-06
P41,0.00,0.00,30.00,0.00,5.9881e-08,3.4636e-07,1.1987e-06,5.1051e-06,1.0402e-05,1.0389e-05,8.4872e-06,5.8808e-08,3.1246e-07,8.7420e-07,5.1340e-06,8.9635e-06,1.0298e-05,9.5366e-06
P41,60.00,45.00,0.00,0.00,6.6234e-08,2.6167e-07,9.8666e-07,4.7788e-06,1.0057e-05,1.0045e-05,7.3762e-06,6.4758e-08,2.3334e-07,7.0023e-07,4.8320e-06,8.6901e-06,9.9729e-06,8.6266e-06
P41,30.00,45.00,30.00,0.00,6.5957e-08,3.2769e-07,1.1548e-06,5.0455e-06,1.0339e-05,1.0326e-05,8.2676e-06,6.4602e-08,2.9488e-07,8.3806e-07,5.0793e-06,8.9140e-06,1.0239e-05,9.3617e-06
P41,30.00,135.00,30.00,0.00,5.9134e-08,3.2769e-07,1.1548e-06,5.0452e-06,1.0339e-05,1.0326e-05,8.2676e-06,5.8056e-08,2.9488e-07,8.3806e-07,5.0790e-06,8.9139e-06,1.0239e-05,9.3617e-06
P41,0.00,90.00,0.00,0.00,6.1740e-08,3.4636e-07,1.1987e-06,5.1051e-06,1.0402e-05,1.0389e-05,8.4872e-06,6.0570e-08,3.1246e-07,8.7420e-07,5.1341e-06,8.9635e-06,1.0298e-05,9.5366e-06
P41,30.00,0.00,30.00,0.00,6.7806e-08,3.2769e-07,1.1548e-06,5.0456e-06,1.0339e-05,1.0326e-05,8.2676e-06,6.6381e-08,2.9488e-07,8.3806e-07,5.0794e-06,8.9141e-06,1.0239e-05,9.3617e-06
P41,0.00,180.00,30.00,0.00,5.9881e-08,3.4636e-07,1.1987e-06,5.1051e-06,1.0402e-05,1.0389e-05,8.4872e-06,5.8808e-08,3.1246e-07,8.7420e-07,5.1340e-06,8.9635e-06,1.0298e-05,9.5366e-06
P41,30.00,0.00,60.00,0.00,6.4000e-08,3.2769e-07,1.1548e-06,5.0457e-06,1.0339e-05,1.0326e-05,8.2676e-06,6.2898e-08,2.9488e-07,8.3806e-07,5.0796e-06,8.9140e-06,1.0239e-05,9.3617e-06
P41,60.00,90.00,0.00,0.00,6.6234e-08,2.6167e-07,9.8666e-07,4.7788e-06,1.0057e-05,1.0045e-05,7.3762e-06,6.4758e-08,2.3334e-07,7.0023e-07,4.8320e-06,8.6901e-06,9.9729e-06,8.6266e-06
P41,60.00,135.00,60.00,0.00,4.8306e-08,2.6166e-07,9.8666e-07,4.7783e-06,1.0057e-05,1.0045e-05,7.3762e-06,4.7643e-08,2.3334e-07,7.0023e-07,4.8314e-06,8.6900e-06,9.9729e-06,8.6266e-06
P41,60.00,45.00,30.00,0.00,7.7805e-08,2.6167e-07,9.8666e-07,4.7794e-06,1.0058e-05,1.0045e-05,7.3762e-06,7.5917e-08,2.3334e-07,7.0023e-07,4.8326e-06,8.6902e-06,9.9730e-06,8.6266e-06
P41,0.00,90.00,30.00,0.00,5.9881e-08,3.4636e-07,1.1987e-06,5.1051e-06,1.0402e-05,1.0389e-05,8.4872e-06,5.8808e-08,3.1246e-07,8.7420e-07,5.1340e-06,8.9635e-06,1.0298e-05,9.5366e-06
P41,0.00,180.00,60.00,0.00,5.1047e-08,3.4636e-07,1.1987e-06,5.1050e-06,1.0402e-05,1.0389e-05,8.4872e-06,5.0479e-08,3.1246e-07,8.7420e-07,5.1340e-06,8.9636e-06,1.0298e-05,9.5366e-06
P41,30.00,45.00,0.00,0.00,6.3383e-08,3.2769e-07,1.1548e-06,5.0453e-06,1.0339e-05,1.0326e-05,8.2676e-06,6.2094e-08,2.9488e-07,8.3806e-07,5.0791e-06,8.9140e-06,1.0239e-05,9.3617e-06
P41,60.00,90.00,30.00,0.00,6.6209e-08,2.6167e-07,9.8666e-07,4.7788e-06,1.0057e-05,1.0045e-05,7.3762e-06,6.4748e-08,2.3334e-07,7.0023e-07,4.8320e-06,8.6901e-06,9.9729e-06,8.6266e-06
P41,30.00,90.00,0.00,0.00,6.3383e-08,3.2769e-07,1.1548e-06,5.0453e-06,1.0339e-05,1.0326e-05,8.2676e-06,6.2094e-08,2.9488e-07,8.3806e-07,5.0791e-06,8.9140e-06,1.0239e-05,9.3617e-06
P41,60.00,45.00,60.00,0.00,8.6614e-08,2.6167e-07,9.8666e-07,4.7800e-06,1.0058e-05,1.0045e-05,7.3762e-06,8.4565e-08,2.3334e-07,7.0023e-07,4.8334e-06,8.6903e-06,9.9730e-06,8.6266e-06
P41,0.00,45.00,60.00,0.00,5.1047e-08,3.4636e-07,1.1987e-06,5.1050e-06,1.0402e-05,1.0389e-05,8.4872e-06,5.0479e-08,3.1246e-07,8.7420e-07,5.1340e-06,8.9636e-06,1.0298e-05,9.5366e-06
P41,60.00,180.00,0.00,0.00,6.6234e-08,2.6167e-07,9.8666e-07,4.7788e-06,1.0057e-05,1.0045e-05,7.3762e-06,6.4758e-08,2.3334e-07,7.0023e-07,4.8320e-06,8.6901e-06,9.9729e-06,8.6266e-06
P41,60.00,0.00,60.00,0.00,1.1496e-07,2.6168e-07,9.8666e-07,4.7818e-06,1.0058e-05,1.0045e-05,7.3762e-06,1.1203e-07,2.3334e-07,7.0023e-07,4.8353e-06,8.6907e-06,9.9732e-06,8.6266e-06
P42,60.00,90.00,30.00,0.00,5.4138e-08,3.7378e-07,1.0704e-06,3.2215e-06,7.6498e-06,7.6373e-06,6.2659e-06,5.2081e-08,3.4622e-07,8.4350e-07,3.2443e-06,6.2736e-06,7.5392e-06,7.0659e-06
P42,60.00,180.00,60.00,0.00,3.1502e-08,3.7377e-07,1.0704e-06,3.2205e-06,7.6497e-06,7.6372e-06,6.2659e-06,3.0528e-08,3.4622e-07,8.4350e-07,3.2432e-06,6.2734e-06,7.5391e-06,7.0658e-06
P42,30.00,0.00,60.00,0.00,4.8754e-08,4.2872e-07,1.1703e-06,3.3713e-06,7.7622e-06,7.7497e-06,6.8622e-06,4.7136e-08,3.9912e-07,9.3106e-07,3.3809e-06,6.3794e-06,7.6447e-06,7.5206e-06
P42,0.00,180.00,0.00,0.00,4.4880e-08,4.4273e-07,1.1950e-06,3.4029e-06,7.7877e-06,7.7751e-06,7.0048e-06,4.3260e-08,4.1265e-07,9.5304e-07,3.4092e-06,6.4031e-06,7.6688e-06,7.6260e-06
P42,0.00,180.00,60.00,0.00,3.3730e-08,4.4272e-07,1.1950e-06,3.4028e-06,7.7877e-06,7.7751e-06,7.0048e-06,3.2772e-08,4.1264e-07,9.5303e-07,3.4091e-06,6.4031e-06,7.6688e-06,7.6260e-06
P42,0.00,0.00,0.00,0.00,4.4880e-08,4.4273e-07,1.1950e-06,3.4029e-06,7.7877e-06,7.7751e-06,7.0048e-06,4.3260e-08,4.1265e-07,9.5304e-07,3.4092e-06,6.4031e-06,7.6688e-06,7.6260e-06
P42,0.00,135.00,0.00,0.00,4.4880e-08,4.4273e-07,1.1950e-06,3.4029e-06,7.7877e-06,7.7751e-06,7.0048e-06,4.3260e-08,4.1265e-07,9.5304e-07,3.4092e-06,6.4031e-06,7.6688e-06,7.6260e-06
P42,60.00,90.00,60.00,0.00,4.6996e-08,3.7378e-07,1.0704e-06,3.2215e-06,7.6498e-06,7.6373e-06,6.2659e-06,4.5351e-08,3.4622e-07,8.4350e-07,3.2443e-06,6.2737e-06,7.5393e-06,7.0659e-06
P42,30.00,180.00,0.00,0.00,4.7464e-08,4.2872e-07,1.1703e-06,3.3708e-06,7.7622e-06,7.7496e-06,6.8622e-06,4.5692e-08,3.9912e-07,9.3106e-07,3.3803e-06,6.3793e-06,7.6447e-06,7.5205e-06
P42,30.00,90.00,0.00,0.00,4.7464e-08,4.2872e-07,1.1703e-06,3.3708e-06,7.7622e-06,7.7496e-06,6.8622e-06,4.5692e-08,3.9912e-07,9.3106e-07,3.3803e-06,6.3793e-06,7.6447e-06,7.5205e-06
P42,0.00,90.00,30.00,0.00,4.2955e-08,4.4273e-07,1.1950e-06,3.4029e-06,7.7877e-06,7.7751e-06,7.0048e-06,4.1441e-08,4.1265e-07,9.5304e-07,3.4091e-06,6.4031e-06,7.6688e-06,7.6260e-06
P42,30.00,135.00,60.00,0.00,3.2092e-08,4.2871e-07,1.1703e-06,3.3705e-06,7.7622e-06,7.7496e-06,6.8622e-06,3.1177e-08,3.9912e-07,9.3106e-07,3.3800e-06,6.3793e-06,7.6446e-06,7.5205e-06
P42,30.00,45.00,0.00,0.00,4.7464e-08,4.2872e-07,1.1703e-06,3.3708e-06,7.7622e-06,7.7496e-06,6.8622e-06,4.5692e-08,3.9912e-07,9.3106e-07,3.3803e-06,6.3793e-06,7.6447e-06,7.5205e-06
P42,60.00,135.00,0.00,0.00,5.4029e-08,3.7378e-07,1.0704e-06,3.2215e-06,7.6498e-06,7.6373e-06,6.2659e-06,5.1964e-08,3.4622e-07,8.4350e-07,3.2443e-06,6.2737e-06,7.5393e-06,7.0659e-06
P42,60.00,0.00,60.00,0.00,1.0993e-07,3.7381e-07,1.0704e-06,3.2257e-06,7.6503e-06,7.6378e-06,6.2660e-06,1.0588e-07,3.4622e-07,8.4350e-07,3.2488e-06,6.2746e-06,7.5397e-06,7.0661e-06
P42,30.00,135.00,30.00,0.00,4.2955e-08,4.2871e-07,1.1703e-06,3.3706e-06,7.7622e-06,7.7496e-06,6.8622e-06,4.1422e-08,3.9912e-07,9.3106e-07,3.3802e-06,6.3793e-06,7.6447e-06,7.5205e-06
P42,60.00,45.00,30.00,0.00,6.6973e-08,3.7379e-07,1.0704e-06,3.2223e-06,7.6499e-06,7.6374e-06,6.2659e-06,6.4382e-08,3.4622e-07,8.4350e-07,3.2451e-06,6.2738e-06,7.5393e-06,7.0659e-06
P42,0.00,135.00,30.00,0.00,4.2955e-08,4.4273e-07,1.1950e-06,3.4029e-06,7.7877e-06,7.7751e-06,7.0048e-06,4.1441e-08,4.1265e-07,9.5304e-07,3.4091e-06,6.4031e-06,7.6688e-06,7.6260e-06
P42,30.00,45.00,60.00,0.00,4.4331e-08,4.2871e-07,1.1703e-06,3.3711e-06,7.7622e-06,7.7496e-06,6.8622e-06,4.2894e-08,3.9912e-07,9.3106e-07,3.3807e-06,6.3794e-06,7.6447e-06,7.5206e-06
P42,30.00,0.00,0.00,0.00,4.7464e-08,4.2872e-07,1.1703e-06,3.3708e-06,7.7622e-06,7.7496e-06,6.8622e-06,4.5692e-08,3.9912e-07,9.3106e-07,3.3803e-06,6.3793e-06,7.6447e-06,7.5205e-06
P42,0.00,45.00,0.00,0.00,4.4880e-08,4.4273e-07,1.1950e-06,3.4029e-06,7.7877e-06,7.7751e-06,7.0048e-06,4.3260e-08,4.1265e-07,9.5304e-07,3.4092e-06,6.4031e-06,7.6688e-06,7.6260e-06
P42,60.00,135.00,60.00,0.00,3.4726e-08,3.7377e-07,1.0704e-06,3.2209e-06,7.6498e-06,7.6372e-06,6.2659e-06,3.3619e-08,3.4622e-07,8.4350e-07,3.2436e-06,6.2736e-06,7.5392e-06,7.0658e-06
P42,0.00,90.00,60.00,0.00,3.3730e-08,4.4272e-07,1.1950e-06,3.4028e-06,7.7877e-06,7.7751e-06,7.0048e-06,3.2772e-08,4.1264e-07,9.5303e-07,3.4091e-06,6.4031e-06,7.6688e-06,7.6260e-06
P42,60.00,90.00,0.00,0.00,5.4029e-08,3.7378e-07,1.0704e-06,3.2215e-06,7.6498e-06,7.6373e-06,6.2659e-06,5.1964e-08,3.4622e-07,8.4350e-07,3.2443e-06,6.2737e-06,7.5393e-06,7.0659e-06
P42,60.00,0.00,30.00,0.00,7.4591e-08,3.7379e-07,1.0704e-06,3.2226e-06,7.6499e-06,7.6374e-06,6.2659e-06,7.1689e-08,3.4622e-07,8.4350e-07,3.2455e-06,6.2738e-06,7.5394e-06,7.0659e-06
P42,60.00,180.00,0.00,0.00,5.4029e-08,3.7378e-07,1.0704e-06,3.2215e-06,7.6498e-06,7.6373e-06,6.2659e-06,5.1964e-08,3.4622e-07,8.4350e-07,3.2443e-06,6.2737e-06,7.5393e-06,7.0659e-06
P42,0.00,45.00,60.00,0.00,3.3730e-08,4.4272e-07,1.1950e-06,3.4028e-06,7.7877e-06,7.7751e-06,7.0048e-06,3.2772e-08,4.1264e-07,9.5303e-07,3.4091e-06,6.4031e-06,7.6688e-06,7.6260e-06
P42,60.00,45.00,0.00,0.00,5.4029e-08,3.7378e-07,1.0704e-06,3.2215e-06,7.6498e-06,7.6373e-06,6.2659e-06,5.1964e-08,3.4622e-07,8.4350e-07,3.2443e-06,6.2737e-06,7.5393e-06,7.0659e-06
P42,30.00,180.00,30.00,0.00,4.1712e-08,4.2871e-07,1.1703e-06,3.3704e-06,7.7621e-06,7.7495e-06,6.8622e-06,4.0229e-08,3.9912e-07,9.3106e-07,3.3800e-06,6.3792e-06,7.6446e-06,7.5205e-06
P42,0.00,45.00,30.00,0.00,4.2955e-08,4.4273e-07,1.1950e-06,3.4029e-06,7.7877e-06,7.7751e-06,7.0048e-06,4.1441e-08,4.1265e-07,9.5304e-07,3.4091e-06,6.4031e-06,7.6688e-06,7.6260e-06
P42,30.00,180.00,60.00,0.00,3.0589e-08,4.2871e-07,1.1703e-06,3.3704e-06,7.7622e-06,7.7496e-06,6.8622e-06,2.9743e-08,3.9912e-07,9.3106e-07,3.3800e-06,6.3793e-06,7.6446e-06,7.5205e-06
P42,60.00,0.00,0.00,0.00,5.4029e-08,3.7378e-07,1.0704e-06,3.2215e-06,7.6498e-06,7.6373e-06,6.2659e-06,5.1964e-08,3.4622e-07,8.4350e-07,3.2443e-06,6.2737e-06,7.5393e-06,7.0659e-06
P42,60.00,180.00,30.00,0.00,4.3306e-08,3.7378e-07,1.0704e-06,3.2210e-06,7.6498e-06,7.6372e-06,6.2659e-06,4.1729e-08,3.4622e-07,8.4350e-07,3.2438e-06,6.2736e-06,7.5392e-06,7.0659e-06
P42,0.00,0.00,30.00,0.00,4.2955e-08,4.4273e-07,1.1950e-06,3.4029e-06,7.7877e-06,7.7751e-06,7.0048e-06,4.1441e-08,4.1265e-07,9.5304e-07,3.4091e-06,6.4031e-06,7.6688e-06,7.6260e-06
P42,0.00,90.00,0.00,0.00,4.4880e-08,4.4273e-07,1.1950e-06,3.4029e-06,7.7877e-06,7.7751e-06,7.0048e-06,4.3260e-08,4.1265e-07,9.5304e-07,3.4092e-06,6.4031e-06,7.6688e-06,7.6260e-06
P42,30.00,135.00,0.00,0.00,4.7464e-08,4.2872e-07,1.1703e-06,3.3708e-06,7.7622e-06,7.7496e-06,6.8622e-06,4.5692e-08,3.9912e-07,9.3106e-07,3.3803e-06,6.3793e-06,7.6447e-06,7.5205e-06
P42,0.00,135.00,60.00,0.00,3.3730e-08,4.4272e-07,1.1950e-06,3.4028e-06,7.7877e-06,7.7751e-06,7.0048e-06,3.2772e-08,4.1264e-07,9.5303e-07,3.4091e-06,6.4031e-06,7.6688e-06,7.6260e-06
P42,30.00,45.00,30.00,0.00,5.0339e-08,4.2872e-07,1.1703e-06,3.3710e-06,7.7622e-06,7.7496e-06,6.8622e-06,4.8478e-08,3.9912e-07,9.3106e-07,3.3806e-06,6.3794e-06,7.6447e-06,7.5206e-06
P42,30.00,0.00,30.00,0.00,5.2340e-08,4.2872e-07,1.1703e-06,3.3712e-06,7.7622e-06,7.7496e-06,6.8622e-06,5.0395e-08,3.9912e-07,9.3106e-07,3.3807e-06,6.3794e-06,7.6447e-06,7.5206e-06
P42,0.00,180.00,30.00,0.00,4.2955e-08,4.4273e-07,1.1950e-06,3.4029e-06,7.7877e-06,7.7751e-06,7.0048e-06,4.1441e-08,4.1265e-07,9.5304e-07,3.4091e-06,6.4031e-06,7.6688e-06,7.6260e-06
P42,30.00,90.00,30.00,0.00,4.6299e-08,4.2872e-07,1.1703e-06,3.3708e-06,7.7622e-06,7.7496e-06,6.8622e-06,4.4618e-08,3.9912e-07,9.3106e-07,3.3804e-06,6.3793e-06,7.6447e-06,7.5205e-06
P42,0.00,0.00,60.00,0.00,3.3730e-08,4.4272e-07,1.1950e-06,3.4028e-06,7.7877e-06,7.7751e-06,7.0048e-06,3.2772e-08,4.1264e-07,9.5303e-07,3.4091e-06,6.4031e-06,7.6688e-06,7.6260e-06
P42,60.00,45.00,60.00,0.00,7.7922e-08,3.7379e-07,1.0704e-06,3.2233e-06,7.6500e-06,7.6375e-06,6.2659e-06,7.5033e-08,3.4622e-07,8.4350e-07,3.2462e-06,6.2740e-06,7.5394e-06,7.0660e-06
P42,30.00,90.00,60.00,0.00,3.6879e-08,4.2871e-07,1.1703e-06,3.3707e-06,7.7622e-06,7.7496e-06,6.8622e-06,3.5752e-08,3.9912e-07,9.3106e-07,3.3803e-06,6.3793e-06,7.6447e-06,7.5205e-06
P42,60.00,135.00,30.00,0.00,4.5896e-08,3.7378e-07,1.0704e-06,3.2211e-06,7.6498e-06,7.6373e-06,6.2659e-06,4.4200e-08,3.4622e-07,8.4350e-07,3.2438e-06,6.2736e-06,7.5392e-06,7.0659e-06
P43,0.00,135.00,30.00,0.00,5.9799e-08,3.7195e-07,1.3164e-06,5.0267e-06,1.0364e-05,1.0350e-05,8.6025e-06,5.8414e-08,3.3543e-07,9.3366e-07,5.0467e-06,8.8115e-06,1.0243e-05,9.6306e-06
P43,60.00,45.00,0.00,0.00,6.9441e-08,2.8478e-07,1.0445e-06,4.7754e-06,1.0205e-05,1.0191e-05,7.5326e-06,6.7470e-08,2.5532e-07,7.3321e-07,4.8197e-06,8.6886e-06,1.0102e-05,8.8201e-06
P43,60.00,90.00,0.00,0.00,6.9441e-08,2.8478e-07,1.0445e-06,4.7754e-06,1.0205e-05,1.0191e-05,7.5326e-06,6.7470e-08,2.5532e-07,7.3321e-07,4.8197e-06,8.6886e-06,1.0102e-05,8.8201e-06
P43,30.00,135.00,60.00,0.00,4.8609e-08,3.5229e-07,1.2584e-06,4.9863e-06,1.0340e-05,1.0326e-05,8.3968e-06,4.7828e-08,3.1729e-07,8.8909e-07,5.0112e-06,8.7939e-06,1.0222e-05,9.4807e-06
P43,30.00,90.00,0.00,0.00,6.4033e-08,3.5231e-07,1.2584e-06,4.9866e-06,1.0340e-05,1.0326e-05,8.3969e-06,6.2387e-08,3.1729e-07,8.8910e-07,5.0115e-06,8.7940e-06,1.0223e-05,9.4807e-06
P43,60.00,135.00,60.00,0.00,4.9856e-08,2.8477e-07,1.0444e-06,4.7748e-06,1.0205e-05,1.0191e-05,7.5326e-06,4.8870e-08,2.5532e-07,7.3320e-07,4.8190e-06,8.6884e-06,1.0102e-05,8.8200e-06
P43,60.00,135.00,30.00,0.00,6.1172e-08,2.8477e-07,1.0445e-06,4.7750e-06,1.0205e-05,1.0191e-05,7.5326e-06,5.9585e-08,2.5532e-07,7.3320e-07,4.8193e-06,8.6884e-06,1.0102e-05,8.8200e-06
P43,0.00,135.00,0.00,0.00,6.1703e-08,3.7195e-07,1.3165e-06,5.0268e-06,1.0364e-05,1.0350e-05,8.6025e-06,6.0215e-08,3.3543e-07,9.3366e-07,5.0468e-06,8.8114e-06,1.0243e-05,9.6307e-06
P43,0.00,45.00,0.00,0.00,6.1703e-08,3.7195e-07,1.3165e-06,5.0268e-06,1.0364e-05,1.0350e-05,8.6025e-06,6.0215e-08,3.3543e-07,9.3366e-07,5.0468e-06,8.8114e-06,1.0243e-05,9.6307e-06
P43,0.00,180.00,60.00,0.00,5.0593e-08,3.7194e-07,1.3164e-06,5.0267e-06,1.0364e-05,1.0350e-05,8.6025e-06,4.9764e-08,3.3543e-07,9.3365e-07,5.0467e-06,8.8115e-06,1.0243e-05,9.6306e-06
P43,0.00,135.00,60.00,0.00,5.0593e-08,3.7194e-07,1.3164e-06,5.0267e-06,1.0364e-05,1.0350e-05,8.6025e-06,4.9764e-08,3.3543e-07,9.3365e-07,5.0467e-06,8.8115e-06,1.0243e-05,9.6306e-06
P43,60.00,0.00,60.00,0.00,1.2646e-07,2.8481e-07,1.0445e-06,4.7798e-06,1.0205e-05,1.0192e-05,7.5327e-06,1.2234e-07,2.5532e-07,7.3321e-07,4.8244e-06,8.6895e-06,1.0102e-05,8.8203e-06
P43,60.00,45.00,60.00,0.00,9.3886e-08,2.8479e-07,1.0445e-06,4.7773e-06,1.0205e-05,1.0191e-05,7.5326e-06,9.1006e-08,2.5532e-07,7.3320e-07,4.8217e-06,8.6889e-06,1.0102e-05,8.8201e-06
P43,60.00,45.00,30.00,0.00,8.2648e-08,2.8479e-07,1.0445e-06,4.7762e-06,1.0205e-05,1.0191e-05,7.5326e-06,8.0118e-08,2.5532e-07,7.3321e-07,4.8205e-06,8.6887e-06,1.0102e-05,8.8201e-06
P43,30.00,0.00,30.00,0.00,6.9028e-08,3.5231e-07,1.2584e-06,4.9870e-06,1.0340e-05,1.0326e-05,8.3969e-06,6.7194e-08,3.1729e-07,8.8910e-07,5.0120e-06,8.7941e-06,1.0223e-05,9.4807e-06
P43,30.00,0.00,60.00,0.00,6.5603e-08,3.5231e-07,1.2584e-06,4.9872e-06,1.0340e-05,1.0326e-05,8.3969e-06,6.4079e-08,3.1729e-07,8.8909e-07,5.0122e-06,8.7941e-06,1.0223e-05,9.4807e-06
P43,30.00,180.00,60.00,0.00,4.7074e-08,3.5229e-07,1.2584e-06,4.9863e-06,1.0340e-05,1.0326e-05,8.3968e-06,4.6367e-08,3.1729e-07,8.8909e-07,5.0112e-06,8.7939e-06,1.0222e-05,9.4807e-06
P43,0.00,90.00,60.00,0.00,5.0593e-08,3.7194e-07,1.3164e-06,5.0267e-06,1.0364e-05,1.0350e-05,8.6025e-06,4.9764e-08,3.3543e-07,9.3365e-07,5.0467e-06,8.8115e-06,1.0243e-05,9.6306e-06
P43,60.00,180.00,60.00,0.00,4.6564e-08,2.8476e-07,1.0444e-06,4.7744e-06,1.0205e-05,1.0191e-05,7.5326e-06,4.5720e-08,2.5532e-07,7.3320e-07,4.8186e-06,8.6883e-06,1.0102e-05,8.8200e-06
P43,0.00,90.00,0.00,0.00,6.1703e-08,3.7195e-07,1.3165e-06,5.0268e-06,1.0364e-05,1.0350e-05,8.6025e-06,6.0215e-08,3.3543e-07,9.3366e-07,5.0468e-06,8.8114e-06,1.0243e-05,9.6307e-06
P43,0.00,0.00,30.00,0.00,5.9799e-08,3.7195e-07,1.3164e-06,5.0267e-06,1.0364e-05,1.0350e-05,8.6025e-06,5.8414e-08,3.3543e-07,9.3366e-07,5.0467e-06,8.8115e-06,1.0243e-05,9.6306e-06
P43,60.00,90.00,30.00,0.00,6.9572e-08,2.8478e-07,1.0445e-06,4.7754e-06,1.0205e-05,1.0191e-05,7.5326e-06,6.7605e-08,2.5532e-07,7.3320e-07,4.8197e-06,8.6885e-06,1.0102e-05,8.8200e-06
P43,60.00,180.00,30.00,0.00,5.8533e-08,2.8477e-07,1.0445e-06,4.7749e-06,1.0205e-05,1.0191e-05,7.5326e-06,5.7071e-08,2.5532e-07,7.3320e-07,4.8192e-06,8.6885e-06,1.0102e-05,8.8200e-06
P43,60.00,90.00,60.00,0.00,6.2374e-08,2.8477e-07,1.0445e-06,4.7754e-06,1.0205e-05,1.0191e-05,7.5326e-06,6.0819e-08,2.5532e-07,7.3320e-07,4.8197e-06,8.6886e-06,1.0102e-05,8.8200e-06
P43,60.00,0.00,0.00,0.00,6.9441e-08,2.8478e-07,1.0445e-06,4.7754e-06,1.0205e-05,1.0191e-05,7.5326e-06,6.7470e-08,2.5532e-07,7.3321e-07,4.8197e-06,8.6886e-06,1.0102e-05,8.8201e-06
P43,30.00,180.00,30.00,0.00,5.8241e-08,3.5230e-07,1.2584e-06,4.9863e-06,1.0340e-05,1.0326e-05,8.3969e-06,5.6889e-08,3.1729e-07,8.8909e-07,5.0112e-06,8.7939e-06,1.0222e-05,9.4807e-06
P43,0.00,180.00,30.00,0.00,5.9799e-08,3.7195e-07,1.3164e-06,5.0267e-06,1.0364e-05,1.0350e-05,8.6025e-06,5.8414e-08,3.3543e-07,9.3366e-07,5.0467e-06,8.8115e-06,1.0243e-05,9.6306e-06
P43,30.00,90.00,30.00,0.00,6.2897e-08,3.5230e-07,1.2584e-06,4.9867e-06,1.0340e-05,1.0326e-05,8.3969e-06,6.1338e-08,3.1729e-07,8.8910e-07,5.0116e-06,8.7940e-06,1.0223e-05,9.4807e-06
P43,60.00,135.00,0.00,0.00,6.9441e-08,2.8478e-07,1.0445e-06,4.7754e-06,1.0205e-05,1.0191e-05,7.5326e-06,6.7470e-08,2.5532e-07,7.3321e-07,4.8197e-06,8.6886e-06,1.0102e-05,8.8201e-06
P43,30.00,45.00,60.00,0.00,6.1093e-08,3.5230e-07,1.2584e-06,4.9870e-06,1.0340e-05,1.0326e-05,8.3969e-06,5.9760e-08,3.1729e-07,8.8909e-07,5.0120e-06,8.7941e-06,1.0223e-05,9.4807e-06
P43,30.00,90.00,60.00,0.00,5.3492e-08,3.5230e-07,1.2584e-06,4.9866e-06,1.0340e-05,1.0326e-05,8.3969e-06,5.2488e-08,3.1729e-07,8.8909e-07,5.0115e-06,8.7940e-06,1.0223e-05,9.4807e-06
P43,0.00,90.00,30.00,0.00,5.9799e-08,3.7195e-07,1.3164e-06,5.0267e-06,1.0364e-05,1.0350e-05,8.6025e-06,5.8414e-08,3.3543e-07,9.3366e-07,5.0467e-06,8.8115e-06,1.0243e-05,9.6306e-06
P43,0.00,180.00,0.00,0.00,6.1703e-08,3.7195e-07,1.3165e-06,5.0268e-06,1.0364e-05,1.0350e-05,8.6025e-06,6.0215e-08,3.3543e-07,9.3366e-07,5.0468e-06,8.8114e-06,1.0243e-05,9.6307e-06
P43,0.00,45.00,30.00,0.00,5.9799e-08,3.7195e-07,1.3164e-06,5.0267e-06,1.0364e-05,1.0350e-05,8.6025e-06,5.8414e-08,3.3543e-07,9.3366e-07,5.0467e-06,8.8115e-06,1.0243e-05,9.6306e-06
P43,30.00,0.00,0.00,0.00,6.4033e-08,3.5231e-07,1.2584e-06,4.9866e-06,1.0340e-05,1.0326e-05,8.3969e-06,6.2387e-08,3.1729e-07,8.8910e-07,5.0115e-06,8.7940e-06,1.0223e-05,9.4807e-06
P43,60.00,180.00,0.00,0.00,6.9441e-08,2.8478e-07,1.0445e-06,4.7754e-06,1.0205e-05,1.0191e-05,7.5326e-06,6.7470e-08,2.5532e-07,7.3321e-07,4.8197e-06,8.6886e-06,1.0102e-05,8.8201e-06
P43,30.00,45.00,30.00,0.00,6.6997e-08,3.5231e-07,1.2584e-06,4.9869e-06,1.0340e-05,1.0326e-05,8.3969e-06,6.5251e-08,3.1729e-07,8.8910e-07,5.0118e-06,8.7940e-06,1.0223e-05,9.4807e-06
P43,0.00,0.00,60.00,0.00,5.0593e-08,3.7194e-07,1.3164e-06,5.0267e-06,1.0364e-05,1.0350e-05,8.6025e-06,4.9764e-08,3.3543e-07,9.3365e-07,5.0467e-06,8.8115e-06,1.0243e-05,9.6306e-06
P43,30.00,135.00,0.00,0.00,6.4033e-08,3.5231e-07,1.2584e-06,4.9866e-06,1.0340e-05,1.0326e-05,8.3969e-06,6.2387e-08,3.1729e-07,8.8910e-07,5.0115e-06,8.7940e-06,1.0223e-05,9.4807e-06
P43,0.00,45.00,60.00,0.00,5.0593e-08,3.7194e-07,1.3164e-06,5.0267e-06,1.0364e-05,1.0350e-05,8.6025e-06,4.9764e-08,3.3543e-07,9.3365e-07,5.0467e-06,8.8115e-06,1.0243e-05,9.6306e-06
P43,0.00,0.00,0.00,0.00,6.1703e-08,3.7195e-07,1.3165e-06,5.0268e-06,1.0364e-05,1.0350e-05,8.6025e-06,6.0215e-08,3.3543e-07,9.3366e-07,5.0468e-06,8.8114e-06,1.0243e-05,9.6307e-06
P43,30.00,180.00,0.00,0.00,6.4033e-08,3.5231e-07,1.2584e-06,4.9866e-06,1.0340e-05,1.0326e-05,8.3969e-06,6.2387e-08,3.1729e-07,8.8910e-07,5.0115e-06,8.7940e-06,1.0223e-05,9.4807e-06
P43,30.00,135.00,30.00,0.00,5.9502e-08,3.5230e-07,1.2584e-06,4.9865e-06,1.0340e-05,1.0326e-05,8.3969e-06,5.8098e-08,3.1729e-07,8.8909e-07,5.0114e-06,8.7939e-06,1.0222e-05,9.4807e-06
P43,60.00,0.00,30.00,0.00,9.0406e-08,2.8479e-07,1.0445e-06,4.7766e-06,1.0205e-05,1.0191e-05,7.5326e-06,8.7549e-08,2.5532e-07,7.3321e-07,4.8209e-06,8.6887e-06,1.0102e-05,8.8201e-06
P43,30.00,45.00,0.00,0.00,6.4033e-08,3.5231e-07,1.2584e-06,4.9866e-06,1.0340e-05,1.0326e-05,8.3969e-06,6.2387e-08,3.1729e-07,8.8910e-07,5.0115e-06,8.7940e-06,1.0223e-05,9.4807e-06
P44,0.00,180.00,0.00,0.00,3.5773e-08,1.6704e-07,4.2875e-07,1.1269e-06,3.5078e-06,3.4997e-06,4.0185e-06,3.3854e-08,1.5629e-07,3.5749e-07,1.1147e-06,2.6143e-06,3.4208e-06,4.0452e-06
P44,60.00,45.00,0.00,0.00,4.7917e-08,1.4809e-07,4.1642e-07,1.0860e-06,3.4825e-06,3.4744e-06,3.8125e-06,4.5435e-08,1.3724e-07,3.4219e-07,1.0772e-06,2.5905e-06,3.3969e-06,3.9130e-06
P44,0.00,180.00,30.00,0.00,3.3832e-08,1.6703e-07,4.2867e-07,1.1268e-06,3.5078e-06,3.4997e-06,4.0185e-06,3.2021e-08,1.5628e-07,3.5743e-07,1.1147e-06,2.6143e-06,3.4209e-06,4.0452e-06
P44,30.00,90.00,0.00,0.00,3.8923e-08,1.6366e-07,4.2678e-07,1.1206e-06,3.5044e-06,3.4963e-06,3.9825e-06,3.6827e-08,1.5287e-07,3.5511e-07,1.1091e-06,2.6112e-06,3.4176e-06,4.0229e-06
P44,30.00,135.00,60.00,0.00,2.3075e-08,1.6357e-07,4.2644e-07,1.1203e-06,3.5044e-06,3.4963e-06,3.9825e-06,2.1894e-08,1.5282e-07,3.5487e-07,1.1088e-06,2.6111e-06,3.4176e-06,4.0229e-06
P44,60.00,90.00,0.00,0.00,4.7917e-08,1.4809e-07,4.1642e-07,1.0860e-06,3.4825e-06,3.4744e-06,3.8125e-06,4.5435e-08,1.3724e-07,3.4219e-07,1.0772e-06,2.5905e-06,3.3969e-06,3.9130e-06
P44,30.00,180.00,0.00,0.00,3.8923e-08,1.6366e-07,4.2678e-07,1.1206e-06,3.5044e-06,3.4963e-06,3.9825e-06,3.6827e-08,1.5287e-07,3.5511e-07,1.1091e-06,2.6112e-06,3.4176e-06,4.0229e-06
P44,0.00,0.00,30.00,0.00,3.3832e-08,1.6703e-07,4.2867e-07,1.1268e-06,3.5078e-06,3.4997e-06,4.0185e-06,3.2021e-08,1.5628e-07,3.5743e-07,1.1147e-06,2.6143e-06,3.4209e-06,4.0452e-06
P44,0.00,135.00,60.00,0.00,2.4429e-08,1.6698e-07,4.2851e-07,1.1268e-06,3.5078e-06,3.4997e-06,4.0185e-06,2.3202e-08,1.5626e-07,3.5730e-07,1.1146e-06,2.6143e-06,3.4209e-06,4.0452e-06
P44,60.00,0.00,30.00,0.00,7.0008e-08,1.4818e-07,4.1705e-07,1.0872e-06,3.4826e-06,3.4746e-06,3.8126e-06,6.6557e-08,1.3728e-07,3.4254e-07,1.0786e-06,2.5907e-06,3.3970e-06,3.9131e-06
P44,30.00,0.00,30.00,0.00,4.4137e-08,1.6369e-07,4.2699e-07,1.1210e-06,3.5045e-06,3.4964e-06,3.9826e-06,4.1840e-08,1.5289e-07,3.5524e-07,1.1096e-06,2.6113e-06,3.4177e-06,4.0230e-06
P44,30.00,135.00,30.00,0.00,3.4258e-08,1.6363e-07,4.2666e-07,1.1204e-06,3.5044e-06,3.4963e-06,3.9825e-06,3.2418e-08,1.5285e-07,3.5503e-07,1.1090e-06,2.6111e-06,3.4176e-06,4.0229e-06
P44,0.00,90.00,30.00,0.00,3.3832e-08,1.6703e-07,4.2867e-07,1.1268e-06,3.5078e-06,3.4997e-06,4.0185e-06,3.2021e-08,1.5628e-07,3.5743e-07,1.1147e-06,2.6143e-06,3.4209e-06,4.0452e-06
P44,60.00,180.00,60.00,0.00,2.4060e-08,1.4798e-07,4.1580e-07,1.0848e-06,3.4824e-06,3.4743e-06,3.8125e-06,2.2795e-08,1.3719e-07,3.4182e-07,1.0760e-06,2.5903e-06,3.3967e-06,3.9129e-06
P44,30.00,0.00,0.00,0.00,3.8923e-08,1.6366e-07,4.2678e-07,1.1206e-06,3.5044e-06,3.4963e-06,3.9825e-06,3.6827e-08,1.5287e-07,3.5511e-07,1.1091e-06,2.6112e-06,3.4176e-06,4.0229e-06
P44,0.00,90.00,60.00,0.00,2.4429e-08,1.6698e-07,4.2851e-07,1.1268e-06,3.5078e-06,3.4997e-06,4.0185e-06,2.3202e-08,1.5626e-07,3.5730e-07,1.1146e-06,2.6143e-06,3.4209e-06,4.0452e-06
P44,30.00,45.00,30.00,0.00,4.2031e-08,1.6368e-07,4.2691e-07,1.1209e-06,3.5045e-06,3.4964e-06,3.9825e-06,3.9828e-08,1.5288e-07,3.5519e-07,1.1094e-06,2.6112e-06,3.4177e-06,4.0230e-06
P44,60.00,90.00,30.00,0.00,4.8111e-08,1.4808e-07,4.1640e-07,1.0859e-06,3.4825e-06,3.4744e-06,3.8125e-06,4.5629e-08,1.3724e-07,3.4217e-07,1.0772e-06,2.5905e-06,3.3968e-06,3.9130e-06
P44,30.00,0.00,60.00,0.00,4.0826e-08,1.6366e-07,4.2696e-07,1.1213e-06,3.5045e-06,3.4964e-06,3.9826e-06,3.8847e-08,1.5286e-07,3.5517e-07,1.1099e-06,2.6113e-06,3.4177e-06,4.0230e-06
P44,30.00,45.00,60.00,0.00,3.6115e-08,1.6364e-07,4.2682e-07,1.1210e-06,3.5045e-06,3.4964e-06,3.9825e-06,3.4342e-08,1.5285e-07,3.5509e-07,1.1096e-06,2.6113e-06,3.4177e-06,4.0230e-06
P44,60.00,135.00,0.00,0.00,4.7917e-08,1.4809e-07,4.1642e-07,1.0860e-06,3.4825e-06,3.4744e-06,3.8125e-06,4.5435e-08,1.3724e-07,3.4219e-07,1.0772e-06,2.5905e-06,3.3969e-06,3.9130e-06
P44,0.00,0.00,60.00,0.00,2.4429e-08,1.6698e-07,4.2851e-07,1.1268e-06,3.5078e-06,3.4997e-06,4.0185e-06,2.3202e-08,1.5626e-07,3.5730e-07,1.1146e-06,2.6143e-06,3.4209e-06,4.0452e-06
P44,0.00,180.00,60.00,0.00,2.4429e-08,1.6698e-07,4.2851e-07,1.1268e-06,3.5078e-06,3.4997e-06,4.0185e-06,2.3202e-08,1.5626e-07,3.5730e-07,1.1146e-06,2.6143e-06,3.4209e-06,4.0452e-06
P44,60.00,135.00,30.00,0.00,3.9281e-08,1.4804e-07,4.1617e-07,1.0855e-06,3.4825e-06,3.4744e-06,3.8125e-06,3.7214e-08,1.3722e-07,3.4204e-07,1.0767e-06,2.5904e-06,3.3968e-06,3.9129e-06
P44,60.00,180.00,30.00,0.00,3.6506e-08,1.4803e-07,4.1611e-07,1.0854e-06,3.4825e-06,3.4744e-06,3.8125e-06,3.4575e-08,1.3722e-07,3.4200e-07,1.0766e-06,2.5904e-06,3.3968e-06,3.9129e-06
P44,60.00,135.00,60.00,0.00,2.7546e-08,1.4799e-07,4.1592e-07,1.0852e-06,3.4824e-06,3.4744e-06,3.8125e-06,2.6125e-08,1.3719e-07,3.4188e-07,1.0764e-06,2.5904e-06,3.3968e-06,3.9129e-06
P44,0.00,90.00,0.00,0.00,3.5773e-08,1.6704e-07,4.2875e-07,1.1269e-06,3.5078e-06,3.4997e-06,4.0185e-06,3.3854e-08,1.5629e-07,3.5749e-07,1.1147e-06,2.6143e-06,3.4208e-06,4.0452e-06
P44,30.00,90.00,30.00,0.00,3.7779e-08,1.6365e-07,4.2678e-07,1.1206e-06,3.5044e-06,3.4963e-06,3.9825e-06,3.5775e-08,1.5287e-07,3.5510e-07,1.1092e-06,2.6112e-06,3.4176e-06,4.0230e-06
P44,0.00,45.00,60.00,0.00,2.4429e-08,1.6698e-07,4.2851e-07,1.1268e-06,3.5078e-06,3.4997e-06,4.0185e-06,2.3202e-08,1.5626e-07,3.5730e-07,1.1146e-06,2.6143e-06,3.4209e-06,4.0452e-06
P44,0.00,135.00,30.00,0.00,3.3832e-08,1.6703e-07,4.2867e-07,1.1268e-06,3.5078e-06,3.4997e-06,4.0185e-06,3.2021e-08,1.5628e-07,3.5743e-07,1.1147e-06,2.6143e-06,3.4209e-06,4.0452e-06
P44,60.00,180.00,0.00,0.00,4.7917e-08,1.4809e-07,4.1642e-07,1.0860e-06,3.4825e-06,3.4744e-06,3.8125e-06,4.5435e-08,1.3724e-07,3.4219e-07,1.0772e-06,2.5905e-06,3.3969e-06,3.9130e-06
P44,60.00,90.00,60.00,0.00,4.0799e-08,1.4804e-07,4.1623e-07,1.0859e-06,3.4825e-06,3.4744e-06,3.8125e-06,3.8754e-08,1.3721e-07,3.4204e-07,1.0772e-06,2.5905e-06,3.3969e-06,3.9130e-06
P44,0.00,45.00,0.00,0.00,3.5773e-08,1.6704e-07,4.2875e-07,1.1269e-06,3.5078e-06,3.4997e-06,4.0185e-06,3.3854e-08,1.5629e-07,3.5749e-07,1.1147e-06,2.6143e-06,3.4208e-06,4.0452e-06
P44,60.00,0.00,60.00,0.00,1.0865e-07,1.4833e-07,4.1825e-07,1.0909e-06,3.4831e-06,3.4750e-06,3.8127e-06,1.0380e-07,1.3733e-07,3.4309e-07,1.0825e-06,2.5915e-06,3.3974e-06,3.9133e-06
P44,60.00,45.00,30.00,0.00,6.1854e-08,1.4815e-07,4.1682e-07,1.0868e-06,3.4826e-06,3.4745e-06,3.8126e-06,5.8760e-08,1.3727e-07,3.4240e-07,1.0781e-06,2.5907e-06,3.3970e-06,3.9130e-06
P44,0.00,0.00,0.00,0.00,3.5773e-08,1.6704e-07,4.2875e-07,1.1269e-06,3.5078e-06,3.4997e-06,4.0185e-06,3.3854e-08,1.5629e-07,3.5749e-07,1.1147e-06,2.6143e-06,3.4208e-06,4.0452e-06
P44,60.00,45.00,60.00,0.00,7.4161e-08,1.4817e-07,4.1713e-07,1.0881e-06,3.4828e-06,3.4747e-06,3.8126e-06,7.0663e-08,1.3727e-07,3.4251e-07,1.0795e-06,2.5909e-06,3.3971e-06,3.9131e-06
P44,60.00,0.00,0.00,0.00,4.7917e-08,1.4809e-07,4.1642e-07,1.0860e-06,3.4825e-06,3.4744e-06,3.8125e-06,4.5435e-08,1.3724e-07,3.4219e-07,1.0772e-06,2.5905e-06,3.3969e-06,3.9130e-06
P44,30.00,45.00,0.00,0.00,3.8923e-08,1.6366e-07,4.2678e-07,1.1206e-06,3.5044e-06,3.4963e-06,3.9825e-06,3.6827e-08,1.5287e-07,3.5511e-07,1.1091e-06,2.6112e-06,3.4176e-06,4.0229e-06
P44,30.00,90.00,60.00,0.00,2.8176e-08,1.6360e-07,4.2658e-07,1.1205e-06,3.5044e-06,3.4963e-06,3.9825e-06,2.6755e-08,1.5283e-07,3.5495e-07,1.1091e-06,2.6112e-06,3.4176e-06,4.0229e-06
P44,30.00,180.00,30.00,0.00,3.2950e-08,1.6361e-07,4.2659e-07,1.1202e-06,3.5044e-06,3.4963e-06,3.9825e-06,3.1165e-08,1.5284e-07,3.5499e-07,1.1087e-06,2.6111e-06,3.4176e-06,4.0229e-06
P44,0.00,135.00,0.00,0.00,3.5773e-08,1.6704e-07,4.2875e-07,1.1269e-06,3.5078e-06,3.4997e-06,4.0185e-06,3.3854e-08,1.5629e-07,3.5749e-07,1.1147e-06,2.6143e-06,3.4208e-06,4.0452e-06
P44,30.00,180.00,60.00,0.00,2.1473e-08,1.6357e-07,4.2641e-07,1.1202e-06,3.5044e-06,3.4963e-06,3.9825e-06,2.0370e-08,1.5282e-07,3.5485e-07,1.1087e-06,2.6111e-06,3.4176e-06,4.0229e-06
P44,30.00,135.00,0.00,0.00,3.8923e-08,1.6366e-07,4.2678e-07,1.1206e-06,3.5044e-06,3.4963e-06,3.9825e-06,3.6827e-08,1.5287e-07,3.5511e-07,1.1091e-06,2.6112e-06,3.4176e-06,4.0229e-06
P44,0.00,45.00,30.00,0.00,3.3832e-08,1.6703e-07,4.2867e-07,1.1268e-06,3.5078e-06,3.4997e-06,4.0185e-06,3.2021e-08,1.5628e-07,3.5743e-07,1.1147e-06,2.6143e-06,3.4209e-06,4.0452e-06
P45,60.00,180.00,0.00,0.00,5.0984e-08,2.3400e-07,7.6362e-07,2.3157e-06,6.0326e-06,6.0214e-06,5.0417e-06,4.8623e-08,2.1374e-07,5.8628e-07,2.3288e-06,4.8090e-06,5.9270e-06,5.7401e-06
P45,0.00,180.00,60.00,0.00,2.8682e-08,2.8904e-07,8.6287e-07,2.4632e-06,6.1606e-06,6.1494e-06,5.6903e-06,2.7551e-08,2.6660e-07,6.7679e-07,2.4631e-06,4.9285e-06,6.0493e-06,6.2137e-06
P45,60.00,0.00,60.00,0.00,1.1040e-07,2.3408e-07,7.6402e-07,2.3204e-06,6.0331e-06,6.0220e-06,5.0419e-06,1.0574e-07,2.1375e-07,5.8638e-07,2.3339e-06,4.8100e-06,5.9276e-06,5.7404e-06
P45,30.00,45.00,0.00,0.00,4.2877e-08,2.7776e-07,8.4345e-07,2.4371e-06,6.1363e-06,6.1251e-06,5.5666e-06,4.0892e-08,2.5573e-07,6.5884e-07,2.4395e-06,4.9063e-06,6.0259e-06,6.1252e-06
P45,60.00,135.00,30.00,0.00,4.2474e-08,2.3399e-07,7.6355e-07,2.3152e-06,6.0325e-06,6.0214e-06,5.0417e-06,4.0518e-08,2.1373e-07,5.8626e-07,2.3283e-06,4.8089e-06,5.9269e-06,5.7401e-06
P45,30.00,0.00,60.00,0.00,4.4641e-08,2.7776e-07,8.4347e-07,2.4377e-06,6.1364e-06,6.1252e-06,5.5666e-06,4.2777e-08,2.5572e-07,6.5883e-07,2.4402e-06,4.9064e-06,6.0260e-06,6.1252e-06
P45,30.00,180.00,30.00,0.00,3.6967e-08,2.7775e-07,8.4339e-07,2.4367e-06,6.1362e-06,6.1251e-06,5.5666e-06,3.5287e-08,2.5572e-07,6.5881e-07,2.4391e-06,4.9062e-06,6.0259e-06,6.1252e-06
P45,0.00,135.00,60.00,0.00,2.8682e-08,2.8904e-07,8.6287e-07,2.4632e-06,6.1606e-06,6.1494e-06,5.6903e-06,2.7551e-08,2.6660e-07,6.7679e-07,2.4631e-06,4.9285e-06,6.0493e-06,6.2137e-06
P45,0.00,45.00,30.00,0.00,3.8014e-08,2.8905e-07,8.6295e-07,2.4633e-06,6.1606e-06,6.1494e-06,5.6903e-06,3.6309e-08,2.6661e-07,6.7683e-07,2.4632e-06,4.9285e-06,6.0492e-06,6.2137e-06
P45,0.00,180.00,0.00,0.00,3.9946e-08,2.8906e-07,8.6298e-07,2.4633e-06,6.1605e-06,6.1493e-06,5.6903e-06,3.8134e-08,2.6661e-07,6.7685e-07,2.4632e-06,4.9284e-06,6.0492e-06,6.2137e-06
P45,0.00,90.00,60.00,0.00,2.8682e-08,2.8904e-07,8.6287e-07,2.4632e-06,6.1606e-06,6.1494e-06,5.6903e-06,2.7551e-08,2.6660e-07,6.7679e-07,2.4631e-06,4.9285e-06,6.0493e-06,6.2137e-06
P45,0.00,45.00,60.00,0.00,2.8682e-08,2.8904e-07,8.6287e-07,2.4632e-06,6.1606e-06,6.1494e-06,5.6903e-06,2.7551e-08,2.6660e-07,6.7679e-07,2.4631e-06,4.9285e-06,6.0493e-06,6.2137e-06
P45,30.00,135.00,30.00,0.00,3.8257e-08,2.7776e-07,8.4341e-07,2.4369e-06,6.1363e-06,6.1251e-06,5.5666e-06,3.6524e-08,2.5572e-07,6.5882e-07,2.4393e-06,4.9062e-06,6.0259e-06,6.1252e-06
P45,30.00,135.00,60.00,0.00,2.7178e-08,2.7774e-07,8.4332e-07,2.4367e-06,6.1363e-06,6.1251e-06,5.5666e-06,2.6091e-08,2.5572e-07,6.5878e-07,2.4392e-06,4.9062e-06,6.0259e-06,6.1252e-06
P45,0.00,180.00,30.00,0.00,3.8014e-08,2.8905e-07,8.6295e-07,2.4633e-06,6.1606e-06,6.1494e-06,5.6903e-06,3.6309e-08,2.6661e-07,6.7683e-07,2.4632e-06,4.9285e-06,6.0492e-06,6.2137e-06
P45,60.00,0.00,30.00,0.00,7.2667e-08,2.3403e-07,7.6378e-07,2.3169e-06,6.0327e-06,6.0215e-06,5.0418e-06,6.9365e-08,2.1374e-07,5.8633e-07,2.3301e-06,4.8092e-06,5.9271e-06,5.7402e-06
P45,60.00,45.00,60.00,0.00,7.6571e-08,2.3403e-07,7.6375e-07,2.3177e-06,6.0328e-06,6.0217e-06,5.0418e-06,7.3233e-08,2.1374e-07,5.8631e-07,2.3310e-06,4.8094e-06,5.9272e-06,5.7402e-06
P45,0.00,90.00,0.00,0.00,3.9946e-08,2.8906e-07,8.6298e-07,2.4633e-06,6.1605e-06,6.1493e-06,5.6903e-06,3.8134e-08,2.6661e-07,6.7685e-07,2.4632e-06,4.9284e-06,6.0492e-06,6.2137e-06
P45,60.00,45.00,30.00,0.00,6.4653e-08,2.3402e-07,7.6372e-07,2.3165e-06,6.0326e-06,6.0215e-06,5.0418e-06,6.1699e-08,2.1374e-07,5.8631e-07,2.3297e-06,4.8092e-06,5.9271e-06,5.7402e-06
P45,30.00,135.00,0.00,0.00,4.2877e-08,2.7776e-07,8.4345e-07,2.4371e-06,6.1363e-06,6.1251e-06,5.5666e-06,4.0892e-08,2.5573e-07,6.5884e-07,2.4395e-06,4.9063e-06,6.0259e-06,6.1252e-06
P45,30.00,90.00,30.00,0.00,4.1730e-08,2.7776e-07,8.4345e-07,2.4371e-06,6.1363e-06,6.1251e-06,5.5666e-06,3.9836e-08,2.5572e-07,6.5883e-07,2.4396e-06,4.9063e-06,6.0260e-06,6.1252e-06
P45,0.00,0.00,0.00,0.00,3.9946e-08,2.8906e-07,8.6298e-07,2.4633e-06,6.1605e-06,6.1493e-06,5.6903e-06,3.8134e-08,2.6661e-07,6.7685e-07,2.4632e-06,4.9284e-06,6.0492e-06,6.2137e-06
P45,60.00,90.00,0.00,0.00,5.0984e-08,2.3400e-07,7.6362e-07,2.3157e-06,6.0326e-06,6.0214e-06,5.0417e-06,4.8623e-08,2.1374e-07,5.8628e-07,2.3288e-06,4.8090e-06,5.9270e-06,5.7401e-06
P45,30.00,45.00,60.00,0.00,4.0005e-08,2.7776e-07,8.4343e-07,2.4375e-06,6.1363e-06,6.1252e-06,5.5666e-06,3.8342e-08,2.5572e-07,6.5881e-07,2.4400e-06,4.9064e-06,6.0260e-06,6.1252e-06
P45,60.00,180.00,60.00,0.00,2.7469e-08,2.3397e-07,7.6343e-07,2.3145e-06,6.0324e-06,6.0213e-06,5.0417e-06,2.6296e-08,2.1373e-07,5.8622e-07,2.3276e-06,4.8088e-06,5.9269e-06,5.7400e-06
P45,0.00,0.00,30.00,0.00,3.8014e-08,2.8905e-07,8.6295e-07,2.4633e-06,6.1606e-06,6.1494e-06,5.6903e-06,3.6309e-08,2.6661e-07,6.7683e-07,2.4632e-06,4.9285e-06,6.0492e-06,6.2137e-06
P45,30.00,180.00,0.00,0.00,4.2877e-08,2.7776e-07,8.4345e-07,2.4371e-06,6.1363e-06,6.1251e-06,5.5666e-06,4.0892e-08,2.5573e-07,6.5884e-07,2.4395e-06,4.9063e-06,6.0259e-06,6.1252e-06
P45,60.00,135.00,0.00,0.00,5.0984e-08,2.3400e-07,7.6362e-07,2.3157e-06,6.0326e-06,6.0214e-06,5.0417e-06,4.8623e-08,2.1374e-07,5.8628e-07,2.3288e-06,4.8090e-06,5.9270e-06,5.7401e-06
P45,60.00,0.00,0.00,0.00,5.0984e-08,2.3400e-07,7.6362e-07,2.3157e-06,6.0326e-06,6.0214e-06,5.0417e-06,4.8623e-08,2.1374e-07,5.8628e-07,2.3288e-06,4.8090e-06,5.9270e-06,5.7401e-06
P45,30.00,45.00,30.00,0.00,4.5925e-08,2.7777e-07,8.4349e-07,2.4373e-06,6.1363e-06,6.1251e-06,5.5666e-06,4.3837e-08,2.5573e-07,6.5885e-07,2.4398e-06,4.9063e-06,6.0260e-06,6.1252e-06
P45,30.00,90.00,60.00,0.00,3.2195e-08,2.7775e-07,8.4336e-07,2.4370e-06,6.1363e-06,6.1251e-06,5.5666e-06,3.0875e-08,2.5572e-07,6.5879e-07,2.4395e-06,4.9063e-06,6.0260e-06,6.1252e-06
P45,30.00,0.00,30.00,0.00,4.8003e-08,2.7777e-07,8.4352e-07,2.4375e-06,6.1363e-06,6.1252e-06,5.5666e-06,4.5823e-08,2.5573e-07,6.5886e-07,2.4400e-06,4.9064e-06,6.0260e-06,6.1252e-06
P45,0.00,135.00,30.00,0.00,3.8014e-08,2.8905e-07,8.6295e-07,2.4633e-06,6.1606e-06,6.1494e-06,5.6903e-06,3.6309e-08,2.6661e-07,6.7683e-07,2.4632e-06,4.9285e-06,6.0492e-06,6.2137e-06
P45,0.00,90.00,30.00,0.00,3.8014e-08,2.8905e-07,8.6295e-07,2.4633e-06,6.1606e-06,6.1494e-06,5.6903e-06,3.6309e-08,2.6661e-07,6.7683e-07,2.4632e-06,4.9285e-06,6.0492e-06,6.2137e-06
P45,60.00,45.00,0.00,0.00,5.0984e-08,2.3400e-07,7.6362e-07,2.3157e-06,6.0326e-06,6.0214e-06,5.0417e-06,4.8623e-08,2.1374e-07,5.8628e-07,2.3288e-06,4.8090e-06,5.9270e-06,5.7401e-06
P45,30.00,0.00,0.00,0.00,4.2877e-08,2.7776e-07,8.4345e-07,2.4371e-06,6.1363e-06,6.1251e-06,5.5666e-06,4.0892e-08,2.5573e-07,6.5884e-07,2.4395e-06,4.9063e-06,6.0259e-06,6.1252e-06
P45,0.00,45.00,0.00,0.00,3.9946e-08,2.8906e-07,8.6298e-07,2.4633e-06,6.1605e-06,6.1493e-06,5.6903e-06,3.8134e-08,2.6661e-07,6.7685e-07,2.4632e-06,4.9284e-06,6.0492e-06,6.2137e-06
P45,60.00,135.00,60.00,0.00,3.0883e-08,2.3397e-07,7.6346e-07,2.3149e-06,6.0325e-06,6.0214e-06,5.0417e-06,2.9560e-08,2.1373e-07,5.8623e-07,2.3280e-06,4.8089e-06,5.9269e-06,5.7400e-06
P45,30.00,180.00,60.00,0.00,2.5602e-08,2.7774e-07,8.4331e-07,2.4367e-06,6.1363e-06,6.1251e-06,5.5666e-06,2.4591e-08,2.5572e-07,6.5878e-07,2.4391e-06,4.9062e-06,6.0259e-06,6.1252e-06
P45,30.00,90.00,0.00,0.00,4.2877e-08,2.7776e-07,8.4345e-07,2.4371e-06,6.1363e-06,6.1251e-06,5.5666e-06,4.0892e-08,2.5573e-07,6.5884e-07,2.4395e-06,4.9063e-06,6.0259e-06,6.1252e-06
P45,0.00,0.00,60.00,0.00,2.8682e-08,2.8904e-07,8.6287e-07,2.4632e-06,6.1606e-06,6.1494e-06,5.6903e-06,2.7551e-08,2.6660e-07,6.7679e-07,2.4631e-06,4.9285e-06,6.0493e-06,6.2137e-06
P45,60.00,90.00,30.00,0.00,5.1149e-08,2.3400e-07,7.6361e-07,2.3157e-06,6.0325e-06,6.0214e-06,5.0417e-06,4.8790e-08,2.1374e-07,5.8628e-07,2.3288e-06,4.8090e-06,5.9270e-06,5.7401e-06
P45,60.00,90.00,60.00,0.00,4.3869e-08,2.3399e-07,7.6354e-07,2.3156e-06,6.0326e-06,6.0214e-06,5.0417e-06,4.1939e-08,2.1373e-07,5.8625e-07,2.3288e-06,4.8090e-06,5.9270e-06,5.7401e-06
P45,60.00,180.00,30.00,0.00,3.9748e-08,2.3399e-07,7.6353e-07,2.3151e-06,6.0325e-06,6.0214e-06,5.0417e-06,3.7924e-08,2.1373e-07,5.8625e-07,2.3282e-06,4.8089e-06,5.9269e-06,5.7401e-06
P45,0.00,135.00,0.00,0.00,3.9946e-08,2.8906e-07,8.6298e-07,2.4633e-06,6.1605e-06,6.1493e-06,5.6903e-06,3.8134e-08,2.6661e-07,6.7685e-07,2.4632e-06,4.9284e-06,6.0492e-06,6.2137e-06
P46,0.00,135.00,30.00,0.00,5.9440e-08,3.8011e-07,1.2467e-06,5.0419e-06,1.0332e-05,1.0319e-05,8.5195e-06,5.8236e-08,3.4568e-07,9.1646e-07,5.0618e-06,8.8489e-06,1.0221e-05,9.5561e-06
P46,30.00,0.00,0.00,0.00,6.3124e-08,3.6185e-07,1.2012e-06,4.9865e-06,1.0282e-05,1.0269e-05,8.3072e-06,6.1689e-08,3.2851e-07,8.8122e-07,5.0108e-06,8.8063e-06,1.0173e-05,9.3929e-06
P46,30.00,90.00,60.00,0.00,5.2853e-08,3.6184e-07,1.2012e-06,4.9864e-06,1.0282e-05,1.0269e-05,8.3072e-06,5.2022e-08,3.2851e-07,8.8122e-07,5.0107e-06,8.8063e-06,1.0173e-05,9.3929e-06
P46,60.00,180.00,60.00,0.00,4.5242e-08,2.9553e-07,1.0330e-06,4.7376e-06,1.0062e-05,1.0049e-05,7.4344e-06,4.4561e-08,2.6638e-07,7.5100e-07,4.7799e-06,8.6199e-06,9.9666e-06,8.7018e-06
P46,30.00,0.00,60.00,0.00,6.4143e-08,3.6185e-07,1.2012e-06,4.9869e-06,1.0282e-05,1.0269e-05,8.3072e-06,6.2866e-08,3.2851e-07,8.8122e-07,5.0113e-06,8.8064e-06,1.0173e-05,9.3929e-06
P46,30.00,180.00,60.00,0.00,4.6873e-08,3.6184e-07,1.2012e-06,4.9861e-06,1.0282e-05,1.0269e-05,8.3072e-06,4.6296e-08,3.2851e-07,8.8122e-07,5.0105e-06,8.8062e-06,1.0173e-05,9.3929e-06
P46,0.00,180.00,0.00,0.00,6.1308e-08,3.8011e-07,1.2467e-06,5.0420e-06,1.0332e-05,1.0319e-05,8.5195e-06,6.0006e-08,3.4568e-07,9.1646e-07,5.0619e-06,8.8489e-06,1.0221e-05,9.5561e-06
P46,30.00,45.00,0.00,0.00,6.3124e-08,3.6185e-07,1.2012e-06,4.9865e-06,1.0282e-05,1.0269e-05,8.3072e-06,6.1689e-08,3.2851e-07,8.8122e-07,5.0108e-06,8.8063e-06,1.0173e-05,9.3929e-06
P46,60.00,135.00,30.00,0.00,5.8982e-08,2.9553e-07,1.0330e-06,4.7381e-06,1.0062e-05,1.0049e-05,7.4345e-06,5.7648e-08,2.6638e-07,7.5100e-07,4.7805e-06,8.6201e-06,9.9666e-06,8.7019e-06
P46,60.00,45.00,0.00,0.00,6.6726e-08,2.9554e-07,1.0330e-06,4.7385e-06,1.0062e-05,1.0049e-05,7.4345e-06,6.5059e-08,2.6638e-07,7.5100e-07,4.7809e-06,8.6202e-06,9.9667e-06,8.7019e-06
P46,30.00,90.00,0.00,0.00,6.3124e-08,3.6185e-07,1.2012e-06,4.9865e-06,1.0282e-05,1.0269e-05,8.3072e-06,6.1689e-08,3.2851e-07,8.8122e-07,5.0108e-06,8.8063e-06,1.0173e-05,9.3929e-06
P46,60.00,45.00,60.00,0.00,8.8618e-08,2.9554e-07,1.0330e-06,4.7399e-06,1.0062e-05,1.0049e-05,7.4345e-06,8.6255e-08,2.6638e-07,7.5100e-07,4.7825e-06,8.6204e-06,9.9669e-06,8.7019e-06
P46,60.00,0.00,30.00,0.00,8.6074e-08,2.9554e-07,1.0330e-06,4.7394e-06,1.0062e-05,1.0049e-05,7.4345e-06,8.3668e-08,2.6638e-07,7.5100e-07,4.7819e-06,8.6203e-06,9.9668e-06,8.7019e-06
P46,60.00,180.00,0.00,0.00,6.6726e-08,2.9554e-07,1.0330e-06,4.7385e-06,1.0062e-05,1.0049e-05,7.4345e-06,6.5059e-08,2.6638e-07,7.5100e-07,4.7809e-06,8.6202e-06,9.9667e-06,8.7019e-06
P46,60.00,0.00,0.00,0.00,6.6726e-08,2.9554e-07,1.0330e-06,4.7385e-06,1.0062e-05,1.0049e-05,7.4345e-06,6.5059e-08,2.6638e-07,7.5100e-07,4.7809e-06,8.6202e-06,9.9667e-06,8.7019e-06
P46,60.00,90.00,0.00,0.00,6.6726e-08,2.9554e-07,1.0330e-06,4.7385e-06,1.0062e-05,1.0049e-05,7.4345e-06,6.5059e-08,2.6638e-07,7.5100e-07,4.7809e-06,8.6202e-06,9.9667e-06,8.7019e-06
P46,0.00,45.00,60.00,0.00,5.0503e-08,3.8010e-07,1.2467e-06,5.0419e-06,1.0332e-05,1.0319e-05,8.5195e-06,4.9819e-08,3.4568e-07,9.1646e-07,5.0618e-06,8.8489e-06,1.0221e-05,9.5561e-06
P46,0.00,45.00,0.00,0.00,6.1308e-08,3.8011e-07,1.2467e-06,5.0420e-06,1.0332e-05,1.0319e-05,8.5195e-06,6.0006e-08,3.4568e-07,9.1646e-07,5.0619e-06,8.8489e-06,1.0221e-05,9.5561e-06
P46,30.00,45.00,30.00,0.00,6.5848e-08,3.6185e-07,1.2012e-06,4.9867e-06,1.0282e-05,1.0269e-05,8.3072e-06,6.4334e-08,3.2851e-07,8.8122e-07,5.0111e-06,8.8063e-06,1.0173e-05,9.3929e-06
P46,0.00,0.00,0.00,0.00,6.1308e-08,3.8011e-07,1.2467e-06,5.0420e-06,1.0332e-05,1.0319e-05,8.5195e-06,6.0006e-08,3.4568e-07,9.1646e-07,5.0619e-06,8.8489e-06,1.0221e-05,9.5561e-06
P46,60.00,135.00,0.00,0.00,6.6726e-08,2.9554e-07,1.0330e-06,4.7385e-06,1.0062e-05,1.0049e-05,7.4345e-06,6.5059e-08,2.6638e-07,7.5100e-07,4.7809e-06,8.6202e-06,9.9667e-06,8.7019e-06
P46,60.00,180.00,30.00,0.00,5.6537e-08,2.9553e-07,1.0330e-06,4.7380e-06,1.0062e-05,1.0049e-05,7.4345e-06,5.5309e-08,2.6638e-07,7.5100e-07,4.7805e-06,8.6201e-06,9.9666e-06,8.7019e-06
P46,0.00,135.00,0.00,0.00,6.1308e-08,3.8011e-07,1.2467e-06,5.0420e-06,1.0332e-05,1.0319e-05,8.5195e-06,6.0006e-08,3.4568e-07,9.1646e-07,5.0619e-06,8.8489e-06,1.0221e-05,9.5561e-06
P46,30.00,135.00,0.00,0.00,6.3124e-08,3.6185e-07,1.2012e-06,4.9865e-06,1.0282e-05,1.0269e-05,8.3072e-06,6.1689e-08,3.2851e-07,8.8122e-07,5.0108e-06,8.8063e-06,1.0173e-05,9.3929e-06
P46,30.00,45.00,60.00,0.00,5.9938e-08,3.6184e-07,1.2012e-06,4.9868e-06,1.0282e-05,1.0269e-05,8.3072e-06,5.8826e-08,3.2851e-07,8.8122e-07,5.0111e-06,8.8064e-06,1.0173e-05,9.3929e-06
P46,30.00,135.00,60.00,0.00,4.8303e-08,3.6184e-07,1.2012e-06,4.9862e-06,1.0282e-05,1.0269e-05,8.3072e-06,4.7663e-08,3.2851e-07,8.8122e-07,5.0105e-06,8.8062e-06,1.0173e-05,9.3929e-06
P46,30.00,135.00,30.00,0.00,5.8782e-08,3.6184e-07,1.2012e-06,4.9863e-06,1.0282e-05,1.0269e-05,8.3072e-06,5.7568e-08,3.2851e-07,8.8122e-07,5.0107e-06,8.8062e-06,1.0173e-05,9.3929e-06
P46,0.00,90.00,60.00,0.00,5.0503e-08,3.8010e-07,1.2467e-06,5.0419e-06,1.0332e-05,1.0319e-05,8.5195e-06,4.9819e-08,3.4568e-07,9.1646e-07,5.0618e-06,8.8489e-06,1.0221e-05,9.5561e-06
P46,0.00,180.00,30.00,0.00,5.9440e-08,3.8011e-07,1.2467e-06,5.0419e-06,1.0332e-05,1.0319e-05,8.5195e-06,5.8236e-08,3.4568e-07,9.1646e-07,5.0618e-06,8.8489e-06,1.0221e-05,9.5561e-06
P46,30.00,180.00,30.00,0.00,5.7593e-08,3.6184e-07,1.2012e-06,4.9862e-06,1.0282e-05,1.0269e-05,8.3072e-06,5.6425e-08,3.2851e-07,8.8122e-07,5.0105e-06,8.8062e-06,1.0173e-05,9.3929e-06
P46,60.00,90.00,30.00,0.00,6.6765e-08,2.9554e-07,1.0330e-06,4.7384e-06,1.0062e-05,1.0049e-05,7.4345e-06,6.5109e-08,2.6638e-07,7.5100e-07,4.7809e-06,8.6201e-06,9.9666e-06,8.7019e-06
P46,0.00,0.00,60.00,0.00,5.0503e-08,3.8010e-07,1.2467e-06,5.0419e-06,1.0332e-05,1.0319e-05,8.5195e-06,4.9819e-08,3.4568e-07,9.1646e-07,5.0618e-06,8.8489e-06,1.0221e-05,9.5561e-06
P46,0.00,90.00,0.00,0.00,6.1308e-08,3.8011e-07,1.2467e-06,5.0420e-06,1.0332e-05,1.0319e-05,8.5195e-06,6.0006e-08,3.4568e-07,9.1646e-07,5.0619e-06,8.8489e-06,1.0221e-05,9.5561e-06
P46,0.00,135.00,60.00,0.00,5.0503e-08,3.8010e-07,1.2467e-06,5.0419e-06,1.0332e-05,1.0319e-05,8.5195e-06,4.9819e-08,3.4568e-07,9.1646e-07,5.0618e-06,8.8489e-06,1.0221e-05,9.5561e-06
P46,0.00,90.00,30.00,0.00,5.9440e-08,3.8011e-07,1.2467e-06,5.0419e-06,1.0332e-05,1.0319e-05,8.5195e-06,5.8236e-08,3.4568e-07,9.1646e-07,5.0618e-06,8.8489e-06,1.0221e-05,9.5561e-06
P46,30.00,180.00,0.00,0.00,6.3124e-08,3.6185e-07,1.2012e-06,4.9865e-06,1.0282e-05,1.0269e-05,8.3072e-06,6.1689e-08,3.2851e-07,8.8122e-07,5.0108e-06,8.8063e-06,1.0173e-05,9.3929e-06
P46,0.00,0.00,30.00,0.00,5.9440e-08,3.8011e-07,1.2467e-06,5.0419e-06,1.0332e-05,1.0319e-05,8.5195e-06,5.8236e-08,3.4568e-07,9.1646e-07,5.0618e-06,8.8489e-06,1.0221e-05,9.5561e-06
P46,60.00,90.00,60.00,0.00,5.9730e-08,2.9553e-07,1.0330e-06,4.7384e-06,1.0062e-05,1.0049e-05,7.4345e-06,5.8459e-08,2.6638e-07,7.5100e-07,4.7809e-06,8.6201e-06,9.9666e-06,8.7018e-06
P46,0.00,180.00,60.00,0.00,5.0503e-08,3.8010e-07,1.2467e-06,5.0419e-06,1.0332e-05,1.0319e-05,8.5195e-06,4.9819e-08,3.4568e-07,9.1646e-07,5.0618e-06,8.8489e-06,1.0221e-05,9.5561e-06
P46,60.00,0.00,60.00,0.00,1.1849e-07,2.9555e-07,1.0330e-06,4.7420e-06,1.0062e-05,1.0049e-05,7.4345e-06,1.1511e-07,2.6638e-07,7.5100e-07,4.7848e-06,8.6209e-06,9.9671e-06,8.7019e-06
P46,30.00,0.00,30.00,0.00,6.7763e-08,3.6185e-07,1.2012e-06,4.9868e-06,1.0282e-05,1.0269e-05,8.3072e-06,6.6172e-08,3.2851e-07,8.8122e-07,5.0112e-06,8.8064e-06,1.0173e-05,9.3929e-06
P46,60.00,45.00,30.00,0.00,7.8883e-08,2.9554e-07,1.0330e-06,4.7391e-06,1.0062e-05,1.0049e-05,7.4345e-06,7.6752e-08,2.6638e-07,7.5100e-07,4.7816e-06,8.6203e-06,9.9668e-06,8.7019e-06
P46,60.00,135.00,60.00,0.00,4.8257e-08,2.9553e-07,1.0330e-06,4.7379e-06,1.0062e-05,1.0049e-05,7.4345e-06,4.7459e-08,2.6638e-07,7.5100e-07,4.7803e-06,8.6200e-06,9.9666e-06,8.7018e-06
P46,0.00,45.00,30.00,0.00,5.9440e-08,3.8011e-07,1.2467e-06,5.0419e-06,1.0332e-05,1.0319e-05,8.5195e-06,5.8236e-08,3.4568e-07,9.1646e-07,5.0618e-06,8.8489e-06,1.0221e-05,9.5561e-06
P46,30.00,90.00,30.00,0.00,6.1982e-08,3.6184e-07,1.2012e-06,4.9865e-06,1.0282e-05,1.0269e-05,8.3072e-06,6.0633e-08,3.2851e-07,8.8122e-07,5.0108e-06,8.8063e-06,1.0173e-05,9.3929e-06
P47,0.00,45.00,30.00,0.00,3.6461e-08,3.1568e-07,8.2789e-07,2.1550e-06,5.6243e-06,5.6134e-06,5.7302e-06,3.4732e-08,2.9506e-07,6.7564e-07,2.1464e-06,4.4207e-06,5.5141e-06,5.9541e-06
P47,60.00,0.00,30.00,0.00,7.1745e-08,2.7703e-07,7.6961e-07,2.0909e-06,5.6150e-06,5.6041e-06,5.3632e-06,6.8418e-08,2.5752e-07,6.1659e-07,2.0898e-06,4.4154e-06,5.5100e-06,5.6932e-06
P47,0.00,90.00,60.00,0.00,2.7098e-08,3.1566e-07,8.2780e-07,2.1550e-06,5.6243e-06,5.6134e-06,5.7302e-06,2.5947e-08,2.9505e-07,6.7558e-07,2.1463e-06,4.4207e-06,5.5141e-06,5.9541e-06
P47,0.00,45.00,0.00,0.00,3.8398e-08,3.1569e-07,8.2794e-07,2.1551e-06,5.6243e-06,5.6134e-06,5.7302e-06,3.6561e-08,2.9507e-07,6.7566e-07,2.1464e-06,4.4206e-06,5.5141e-06,5.9541e-06
P47,30.00,90.00,30.00,0.00,4.0306e-08,3.0784e-07,8.1758e-07,2.1472e-06,5.6273e-06,5.6164e-06,5.6623e-06,3.8388e-08,2.8739e-07,6.6470e-07,2.1401e-06,4.4240e-06,5.5179e-06,5.9092e-06
P47,30.00,180.00,60.00,0.00,2.4120e-08,3.0781e-07,8.1739e-07,2.1468e-06,5.6273e-06,5.6164e-06,5.6623e-06,2.3090e-08,2.8737e-07,6.6461e-07,2.1397e-06,4.4240e-06,5.5179e-06,5.9092e-06
P47,0.00,90.00,30.00,0.00,3.6461e-08,3.1568e-07,8.2789e-07,2.1550e-06,5.6243e-06,5.6134e-06,5.7302e-06,3.4732e-08,2.9506e-07,6.7564e-07,2.1464e-06,4.4207e-06,5.5141e-06,5.9541e-06
P47,30.00,90.00,0.00,0.00,4.1455e-08,3.0784e-07,8.1758e-07,2.1471e-06,5.6273e-06,5.6164e-06,5.6623e-06,3.9446e-08,2.8739e-07,6.6471e-07,2.1401e-06,4.4240e-06,5.5179e-06,5.9092e-06
P47,0.00,45.00,60.00,0.00,2.7098e-08,3.1566e-07,8.2780e-07,2.1550e-06,5.6243e-06,5.6134e-06,5.7302e-06,2.5947e-08,2.9505e-07,6.7558e-07,2.1463e-06,4.4207e-06,5.5141e-06,5.9541e-06
P47,60.00,90.00,0.00,0.00,4.9976e-08,2.7699e-07,7.6936e-07,2.0897e-06,5.6149e-06,5.6039e-06,5.3631e-06,4.7596e-08,2.5751e-07,6.1650e-07,2.0885e-06,4.4152e-06,5.5099e-06,5.6931e-06
P47,0.00,0.00,0.00,0.00,3.8398e-08,3.1569e-07,8.2794e-07,2.1551e-06,5.6243e-06,5.6134e-06,5.7302e-06,3.6561e-08,2.9507e-07,6.7566e-07,2.1464e-06,4.4206e-06,5.5141e-06,5.9541e-06
P47,60.00,180.00,0.00,0.00,4.9976e-08,2.7699e-07,7.6936e-07,2.0897e-06,5.6149e-06,5.6039e-06,5.3631e-06,4.7596e-08,2.5751e-07,6.1650e-07,2.0885e-06,4.4152e-06,5.5099e-06,5.6931e-06
P47,60.00,135.00,0.00,0.00,4.9976e-08,2.7699e-07,7.6936e-07,2.0897e-06,5.6149e-06,5.6039e-06,5.3631e-06,4.7596e-08,2.5751e-07,6.1650e-07,2.0885e-06,4.4152e-06,5.5099e-06,5.6931e-06
P47,30.00,45.00,30.00,0.00,4.4516e-08,3.0785e-07,8.1764e-07,2.1474e-06,5.6274e-06,5.6164e-06,5.6623e-06,4.2402e-08,2.8739e-07,6.6473e-07,2.1404e-06,4.4241e-06,5.5180e-06,5.9092e-06
P47,0.00,135.00,30.00,0.00,3.6461e-08,3.1568e-07,8.2789e-07,2.1550e-06,5.6243e-06,5.6134e-06,5.7302e-06,3.4732e-08,2.9506e-07,6.7564e-07,2.1464e-06,4.4207e-06,5.5141e-06,5.9541e-06
P47,60.00,45.00,30.00,0.00,6.3702e-08,2.7701e-07,7.6951e-07,2.0905e-06,5.6149e-06,5.6040e-06,5.3632e-06,6.0725e-08,2.5752e-07,6.1655e-07,2.0894e-06,4.4154e-06,5.5100e-06,5.6932e-06
P47,30.00,0.00,30.00,0.00,4.6601e-08,3.0786e-07,8.1768e-07,2.1476e-06,5.6274e-06,5.6165e-06,5.6623e-06,4.4396e-08,2.8739e-07,6.6474e-07,2.1405e-06,4.4241e-06,5.5180e-06,5.9092e-06
P47,30.00,0.00,60.00,0.00,4.3234e-08,3.0784e-07,8.1762e-07,2.1478e-06,5.6274e-06,5.6165e-06,5.6623e-06,4.1347e-08,2.8738e-07,6.6470e-07,2.1407e-06,4.4241e-06,5.5180e-06,5.9092e-06
P47,60.00,45.00,60.00,0.00,7.5716e-08,2.7702e-07,7.6958e-07,2.0917e-06,5.6151e-06,5.6042e-06,5.3632e-06,7.2351e-08,2.5752e-07,6.1655e-07,2.0906e-06,4.4156e-06,5.5102e-06,5.6932e-06
P47,0.00,135.00,0.00,0.00,3.8398e-08,3.1569e-07,8.2794e-07,2.1551e-06,5.6243e-06,5.6134e-06,5.7302e-06,3.6561e-08,2.9507e-07,6.7566e-07,2.1464e-06,4.4206e-06,5.5141e-06,5.9541e-06
P47,60.00,180.00,60.00,0.00,2.6383e-08,2.7695e-07,7.6910e-07,2.0886e-06,5.6147e-06,5.6038e-06,5.3631e-06,2.5197e-08,2.5750e-07,6.1639e-07,2.0873e-06,4.4150e-06,5.5098e-06,5.6930e-06
P47,60.00,90.00,60.00,0.00,4.2862e-08,2.7697e-07,7.6925e-07,2.0897e-06,5.6149e-06,5.6039e-06,5.3631e-06,4.0915e-08,2.5751e-07,6.1644e-07,2.0885e-06,4.4152e-06,5.5099e-06,5.6931e-06
P47,60.00,90.00,30.00,0.00,5.0147e-08,2.7699e-07,7.6935e-07,2.0897e-06,5.6148e-06,5.6039e-06,5.3631e-06,4.7768e-08,2.5751e-07,6.1649e-07,2.0885e-06,4.4152e-06,5.5099e-06,5.6931e-06
P47,60.00,135.00,60.00,0.00,2.9814e-08,2.7695e-07,7.6914e-07,2.0890e-06,5.6148e-06,5.6039e-06,5.3631e-06,2.8477e-08,2.5750e-07,6.1640e-07,2.0877e-06,4.4151e-06,5.5099e-06,5.6931e-06
P47,30.00,45.00,0.00,0.00,4.1455e-08,3.0784e-07,8.1758e-07,2.1471e-06,5.6273e-06,5.6164e-06,5.6623e-06,3.9446e-08,2.8739e-07,6.6471e-07,2.1401e-06,4.4240e-06,5.5179e-06,5.9092e-06
P47,30.00,135.00,30.00,0.00,3.6820e-08,3.0783e-07,8.1752e-07,2.1470e-06,5.6273e-06,5.6164e-06,5.6623e-06,3.5064e-08,2.8738e-07,6.6468e-07,2.1399e-06,4.4240e-06,5.5179e-06,5.9092e-06
P47,30.00,135.00,0.00,0.00,4.1455e-08,3.0784e-07,8.1758e-07,2.1471e-06,5.6273e-06,5.6164e-06,5.6623e-06,3.9446e-08,2.8739e-07,6.6471e-07,2.1401e-06,4.4240e-06,5.5179e-06,5.9092e-06
P47,0.00,180.00,60.00,0.00,2.7098e-08,3.1566e-07,8.2780e-07,2.1550e-06,5.6243e-06,5.6134e-06,5.7302e-06,2.5947e-08,2.9505e-07,6.7558e-07,2.1463e-06,4.4207e-06,5.5141e-06,5.9541e-06
P47,30.00,45.00,60.00,0.00,3.8581e-08,3.0783e-07,8.1756e-07,2.1476e-06,5.6274e-06,5.6165e-06,5.6623e-06,3.6895e-08,2.8738e-07,6.6468e-07,2.1405e-06,4.4241e-06,5.5180e-06,5.9092e-06
P47,60.00,135.00,30.00,0.00,4.1439e-08,2.7697e-07,7.6925e-07,2.0892e-06,5.6148e-06,5.6039e-06,5.3631e-06,3.9465e-08,2.5751e-07,6.1645e-07,2.0880e-06,4.4151e-06,5.5099e-06,5.6931e-06
P47,0.00,90.00,0.00,0.00,3.8398e-08,3.1569e-07,8.2794e-07,2.1551e-06,5.6243e-06,5.6134e-06,5.7302e-06,3.6561e-08,2.9507e-07,6.7566e-07,2.1464e-06,4.4206e-06,5.5141e-06,5.9541e-06
P47,60.00,0.00,0.00,0.00,4.9976e-08,2.7699e-07,7.6936e-07,2.0897e-06,5.6149e-06,5.6039e-06,5.3631e-06,4.7596e-08,2.5751e-07,6.1650e-07,2.0885e-06,4.4152e-06,5.5099e-06,5.6931e-06
P47,60.00,180.00,30.00,0.00,3.8702e-08,2.7697e-07,7.6923e-07,2.0891e-06,5.6148e-06,5.6039e-06,5.3631e-06,3.6862e-08,2.5751e-07,6.1645e-07,2.0879e-06,4.4151e-06,5.5099e-06,5.6931e-06
P47,30.00,180.00,0.00,0.00,4.1455e-08,3.0784e-07,8.1758e-07,2.1471e-06,5.6273e-06,5.6164e-06,5.6623e-06,3.9446e-08,2.8739e-07,6.6471e-07,2.1401e-06,4.4240e-06,5.5179e-06,5.9092e-06
P47,0.00,0.00,30.00,0.00,3.6461e-08,3.1568e-07,8.2789e-07,2.1550e-06,5.6243e-06,5.6134e-06,5.7302e-06,3.4732e-08,2.9506e-07,6.7564e-07,2.1464e-06,4.4207e-06,5.5141e-06,5.9541e-06
P47,60.00,45.00,0.00,0.00,4.9976e-08,2.7699e-07,7.6936e-07,2.0897e-06,5.6149e-06,5.6039e-06,5.3631e-06,4.7596e-08,2.5751e-07,6.1650e-07,2.0885e-06,4.4152e-06,5.5099e-06,5.6931e-06
P47,60.00,0.00,60.00,0.00,1.0969e-07,2.7708e-07,7.6999e-07,2.0943e-06,5.6154e-06,5.6045e-06,5.3632e-06,1.0500e-07,2.5753e-07,6.1670e-07,2.0935e-06,4.4162e-06,5.5105e-06,5.6934e-06
P47,0.00,135.00,60.00,0.00,2.7098e-08,3.1566e-07,8.2780e-07,2.1550e-06,5.6243e-06,5.6134e-06,5.7302e-06,2.5947e-08,2.9505e-07,6.7558e-07,2.1463e-06,4.4207e-06,5.5141e-06,5.9541e-06
P47,0.00,0.00,60.00,0.00,2.7098e-08,3.1566e-07,8.2780e-07,2.1550e-06,5.6243e-06,5.6134e-06,5.7302e-06,2.5947e-08,2.9505e-07,6.7558e-07,2.1463e-06,4.4207e-06,5.5141e-06,5.9541e-06
P47,30.00,180.00,30.00,0.00,3.5525e-08,3.0783e-07,8.1749e-07,2.1468e-06,5.6273e-06,5.6163e-06,5.6623e-06,3.3823e-08,2.8738e-07,6.6466e-07,2.1397e-06,4.4239e-06,5.5179e-06,5.9092e-06
P47,0.00,180.00,30.00,0.00,3.6461e-08,3.1568e-07,8.2789e-07,2.1550e-06,5.6243e-06,5.6134e-06,5.7302e-06,3.4732e-08,2.9506e-07,6.7564e-07,2.1464e-06,4.4207e-06,5.5141e-06,5.9541e-06
P47,30.00,135.00,60.00,0.00,2.5702e-08,3.0781e-07,8.1741e-07,2.1468e-06,5.6273e-06,5.6164e-06,5.6623e-06,2.4596e-08,2.8737e-07,6.6461e-07,2.1397e-06,4.4240e-06,5.5179e-06,5.9092e-06
P47,30.00,90.00,60.00,0.00,3.0739e-08,3.0782e-07,8.1747e-07,2.1471e-06,5.6273e-06,5.6164e-06,5.6623e-06,2.9399e-08,2.8738e-07,6.6464e-07,2.1400e-06,4.4240e-06,5.5179e-06,5.9092e-06
P47,0.00,180.00,0.00,0.00,3.8398e-08,3.1569e-07,8.2794e-07,2.1551e-06,5.6243e-06,5.6134e-06,5.7302e-06,3.6561e-08,2.9507e-07,6.7566e-07,2.1464e-06,4.4206e-06,5.5141e-06,5.9541e-06
P47,30.00,0.00,0.00,0.00,4.1455e-08,3.0784e-07,8.1758e-07,2.1471e-06,5.6273e-06,5.6164e-06,5.6623e-06,3.9446e-08,2.8739e-07,6.6471e-07,2.1401e-06,4.4240e-06,5.5179e-06,5.9092e-06
P48,60.00,0.00,0.00,0.00,7.0879e-08,2.8313e-07,1.0765e-06,4.9678e-06,1.0467e-05,1.0453e-05,7.6878e-06,6.9027e-08,2.5262e-07,7.4227e-07,5.0140e-06,8.9453e-06,1.0365e-05,9.0165e-06
P48,30.00,180.00,0.00,0.00,6.6350e-08,3.5464e-07,1.3077e-06,5.1983e-06,1.0631e-05,1.0617e-05,8.5816e-06,6.4796e-08,3.1788e-07,9.1523e-07,5.2243e-06,9.0832e-06,1.0514e-05,9.7045e-06
P48,30.00,135.00,0.00,0.00,6.6350e-08,3.5464e-07,1.3077e-06,5.1983e-06,1.0631e-05,1.0617e-05,8.5816e-06,6.4796e-08,3.1788e-07,9.1523e-07,5.2243e-06,9.0832e-06,1.0514e-05,9.7045e-06
P48,30.00,180.00,60.00,0.00,4.9678e-08,3.5463e-07,1.3077e-06,5.1979e-06,1.0631e-05,1.0617e-05,8.5816e-06,4.9030e-08,3.1788e-07,9.1523e-07,5.2240e-06,9.0832e-06,1.0514e-05,9.7045e-06
P48,60.00,90.00,60.00,0.00,6.3878e-08,2.8312e-07,1.0765e-06,4.9678e-06,1.0467e-05,1.0453e-05,7.6878e-06,6.2430e-08,2.5262e-07,7.4227e-07,5.0139e-06,8.9453e-06,1.0365e-05,9.0165e-06
P48,0.00,180.00,60.00,0.00,5.3312e-08,3.7571e-07,1.3696e-06,5.2455e-06,1.0664e-05,1.0650e-05,8.7957e-06,5.2549e-08,3.3729e-07,9.6438e-07,5.2666e-06,9.1111e-06,1.0545e-05,9.8631e-06
P48,0.00,45.00,60.00,0.00,5.3312e-08,3.7571e-07,1.3696e-06,5.2455e-06,1.0664e-05,1.0650e-05,8.7957e-06,5.2549e-08,3.3729e-07,9.6438e-07,5.2666e-06,9.1111e-06,1.0545e-05,9.8631e-06
P48,30.00,45.00,30.00,0.00,6.9241e-08,3.5464e-07,1.3077e-06,5.1985e-06,1.0631e-05,1.0617e-05,8.5816e-06,6.7594e-08,3.1788e-07,9.1523e-07,5.2246e-06,9.0833e-06,1.0514e-05,9.7045e-06
P48,0.00,45.00,30.00,0.00,6.2388e-08,3.7572e-07,1.3696e-06,5.2456e-06,1.0664e-05,1.0650e-05,8.7957e-06,6.1085e-08,3.3729e-07,9.6438e-07,5.2667e-06,9.1111e-06,1.0545e-05,9.8631e-06
P48,60.00,90.00,0.00,0.00,7.0879e-08,2.8313e-07,1.0765e-06,4.9678e-06,1.0467e-05,1.0453e-05,7.6878e-06,6.9027e-08,2.5262e-07,7.4227e-07,5.0140e-06,8.9453e-06,1.0365e-05,9.0165e-06
P48,60.00,135.00,0.00,0.00,7.0879e-08,2.8313e-07,1.0765e-06,4.9678e-06,1.0467e-05,1.0453e-05,7.6878e-06,6.9027e-08,2.5262e-07,7.4227e-07,5.0140e-06,8.9453e-06,1.0365e-05,9.0165e-06
P48,60.00,0.00,30.00,0.00,9.1313e-08,2.8314e-07,1.0765e-06,4.9689e-06,1.0467e-05,1.0454e-05,7.6878e-06,8.8623e-08,2.5262e-07,7.4227e-07,5.0151e-06,8.9455e-06,1.0365e-05,9.0166e-06
P48,60.00,135.00,60.00,0.00,5.1705e-08,2.8312e-07,1.0765e-06,4.9672e-06,1.0467e-05,1.0453e-05,7.6878e-06,5.0794e-08,2.5262e-07,7.4227e-07,5.0133e-06,8.9452e-06,1.0364e-05,9.0165e-06
P48,60.00,135.00,30.00,0.00,6.2794e-08,2.8312e-07,1.0765e-06,4.9675e-06,1.0467e-05,1.0453e-05,7.6878e-06,6.1307e-08,2.5262e-07,7.4227e-07,5.0135e-06,8.9452e-06,1.0365e-05,9.0165e-06
P48,0.00,135.00,60.00,0.00,5.3312e-08,3.7571e-07,1.3696e-06,5.2455e-06,1.0664e-05,1.0650e-05,8.7957e-06,5.2549e-08,3.3729e-07,9.6438e-07,5.2666e-06,9.1111e-06,1.0545e-05,9.8631e-06
P48,60.00,45.00,60.00,0.00,9.4531e-08,2.8314e-07,1.0765e-06,4.9696e-06,1.0467e-05,1.0454e-05,7.6878e-06,9.1836e-08,2.5262e-07,7.4227e-07,5.0158e-06,8.9457e-06,1.0365e-05,9.0166e-06
P48,30.00,90.00,30.00,0.00,6.5221e-08,3.5464e-07,1.3077e-06,5.1983e-06,1.0631e-05,1.0617e-05,8.5816e-06,6.3753e-08,3.1788e-07,9.1523e-07,5.2244e-06,9.0833e-06,1.0514e-05,9.7045e-06
P48,0.00,90.00,0.00,0.00,6.4270e-08,3.7572e-07,1.3696e-06,5.2456e-06,1.0664e-05,1.0650e-05,8.7957e-06,6.2866e-08,3.3729e-07,9.6438e-07,5.2667e-06,9.1111e-06,1.0545e-05,9.8631e-06
P48,0.00,0.00,60.00,0.00,5.3312e-08,3.7571e-07,1.3696e-06,5.2455e-06,1.0664e-05,1.0650e-05,8.7957e-06,5.2549e-08,3.3729e-07,9.6438e-07,5.2666e-06,9.1111e-06,1.0545e-05,9.8631e-06
P48,30.00,90.00,0.00,0.00,6.6350e-08,3.5464e-07,1.3077e-06,5.1983e-06,1.0631e-05,1.0617e-05,8.5816e-06,6.4796e-08,3.1788e-07,9.1523e-07,5.2243e-06,9.0832e-06,1.0514e-05,9.7045e-06
P48,0.00,45.00,0.00,0.00,6.4270e-08,3.7572e-07,1.3696e-06,5.2456e-06,1.0664e-05,1.0650e-05,8.7957e-06,6.2866e-08,3.3729e-07,9.6438e-07,5.2667e-06,9.1111e-06,1.0545e-05,9.8631e-06
P48,30.00,180.00,30.00,0.00,6.0657e-08,3.5464e-07,1.3077e-06,5.1980e-06,1.0631e-05,1.0617e-05,8.5816e-06,5.9387e-08,3.1788e-07,9.1523e-07,5.2240e-06,9.0832e-06,1.0514e-05,9.7045e-06
P48,60.00,180.00,60.00,0.00,4.8505e-08,2.8312e-07,1.0765e-06,4.9669e-06,1.0467e-05,1.0453e-05,7.6878e-06,4.7728e-08,2.5262e-07,7.4227e-07,5.0129e-06,8.9451e-06,1.0364e-05,9.0165e-06
P48,60.00,45.00,0.00,0.00,7.0879e-08,2.8313e-07,1.0765e-06,4.9678e-06,1.0467e-05,1.0453e-05,7.6878e-06,6.9027e-08,2.5262e-07,7.4227e-07,5.0140e-06,8.9453e-06,1.0365e-05,9.0165e-06
P48,30.00,135.00,60.00,0.00,5.1177e-08,3.5463e-07,1.3077e-06,5.1980e-06,1.0631e-05,1.0617e-05,8.5816e-06,5.0459e-08,3.1788e-07,9.1523e-07,5.2240e-06,9.0832e-06,1.0514e-05,9.7045e-06
P48,0.00,180.00,0.00,0.00,6.4270e-08,3.7572e-07,1.3696e-06,5.2456e-06,1.0664e-05,1.0650e-05,8.7957e-06,6.2866e-08,3.3729e-07,9.6438e-07,5.2667e-06,9.1111e-06,1.0545e-05,9.8631e-06
P48,0.00,0.00,30.00,0.00,6.2388e-08,3.7572e-07,1.3696e-06,5.2456e-06,1.0664e-05,1.0650e-05,8.7957e-06,6.1085e-08,3.3729e-07,9.6438e-07,5.2667e-06,9.1111e-06,1.0545e-05,9.8631e-06
P48,60.00,0.00,60.00,0.00,1.2623e-07,2.8315e-07,1.0766e-06,4.9719e-06,1.0468e-05,1.0454e-05,7.6878e-06,1.2237e-07,2.5262e-07,7.4227e-07,5.0183e-06,8.9462e-06,1.0365e-05,9.0167e-06
P48,60.00,90.00,30.00,0.00,7.0987e-08,2.8313e-07,1.0765e-06,4.9678e-06,1.0467e-05,1.0453e-05,7.6878e-06,6.9139e-08,2.5262e-07,7.4227e-07,5.0139e-06,8.9453e-06,1.0365e-05,9.0165e-06
P48,0.00,180.00,30.00,0.00,6.2388e-08,3.7572e-07,1.3696e-06,5.2456e-06,1.0664e-05,1.0650e-05,8.7957e-06,6.1085e-08,3.3729e-07,9.6438e-07,5.2667e-06,9.1111e-06,1.0545e-05,9.8631e-06
P48,30.00,90.00,60.00,0.00,5.5950e-08,3.5463e-07,1.3077e-06,5.1982e-06,1.0631e-05,1.0617e-05,8.5816e-06,5.5020e-08,3.1788e-07,9.1523e-07,5.2243e-06,9.0832e-06,1.0514e-05,9.7045e-06
P48,30.00,135.00,30.00,0.00,6.1893e-08,3.5464e-07,1.3077e-06,5.1981e-06,1.0631e-05,1.0617e-05,8.5816e-06,6.0574e-08,3.1788e-07,9.1523e-07,5.2242e-06,9.0832e-06,1.0514e-05,9.7045e-06
P48,60.00,180.00,0.00,0.00,7.0879e-08,2.8313e-07,1.0765e-06,4.9678e-06,1.0467e-05,1.0453e-05,7.6878e-06,6.9027e-08,2.5262e-07,7.4227e-07,5.0140e-06,8.9453e-06,1.0365e-05,9.0165e-06
P48,0.00,0.00,0.00,0.00,6.4270e-08,3.7572e-07,1.3696e-06,5.2456e-06,1.0664e-05,1.0650e-05,8.7957e-06,6.2866e-08,3.3729e-07,9.6438e-07,5.2667e-06,9.1111e-06,1.0545e-05,9.8631e-06
P48,30.00,45.00,0.00,0.00,6.6350e-08,3.5464e-07,1.3077e-06,5.1983e-06,1.0631e-05,1.0617e-05,8.5816e-06,6.4796e-08,3.1788e-07,9.1523e-07,5.2243e-06,9.0832e-06,1.0514e-05,9.7045e-06
P48,30.00,0.00,30.00,0.00,7.1233e-08,3.5464e-07,1.3077e-06,5.1987e-06,1.0631e-05,1.0617e-05,8.5816e-06,6.9501e-08,3.1788e-07,9.1523e-07,5.2247e-06,9.0834e-06,1.0514e-05,9.7045e-06
P48,60.00,180.00,30.00,0.00,6.0220e-08,2.8312e-07,1.0765e-06,4.9674e-06,1.0467e-05,1.0453e-05,7.6878e-06,5.8852e-08,2.5262e-07,7.4227e-07,5.0134e-06,8.9452e-06,1.0365e-05,9.0165e-06
P48,0.00,90.00,60.00,0.00,5.3312e-08,3.7571e-07,1.3696e-06,5.2455e-06,1.0664e-05,1.0650e-05,8.7957e-06,5.2549e-08,3.3729e-07,9.6438e-07,5.2666e-06,9.1111e-06,1.0545e-05,9.8631e-06
P48,0.00,135.00,0.00,0.00,6.4270e-08,3.7572e-07,1.3696e-06,5.2456e-06,1.0664e-05,1.0650e-05,8.7957e-06,6.2866e-08,3.3729e-07,9.6438e-07,5.2667e-06,9.1111e-06,1.0545e-05,9.8631e-06
P48,30.00,45.00,60.00,0.00,6.3381e-08,3.5464e-07,1.3077e-06,5.1986e-06,1.0631e-05,1.0617e-05,8.5816e-06,6.2138e-08,3.1788e-07,9.1523e-07,5.2247e-06,9.0834e-06,1.0514e-05,9.7045e-06
P48,0.00,90.00,30.00,0.00,6.2388e-08,3.7572e-07,1.3696e-06,5.2456e-06,1.0664e-05,1.0650e-05,8.7957e-06,6.1085e-08,3.3729e-07,9.6438e-07,5.2667e-06,9.1111e-06,1.0545e-05,9.8631e-06
P48,0.00,135.00,30.00,0.00,6.2388e-08,3.7572e-07,1.3696e-06,5.2456e-06,1.0664e-05,1.0650e-05,8.7957e-06,6.1085e-08,3.3729e-07,9.6438e-07,5.2667e-06,9.1111e-06,1.0545e-05,9.8631e-06
P48,60.00,45.00,30.00,0.00,8.3743e-08,2.8313e-07,1.0765e-06,4.9686e-06,1.0467e-05,1.0453e-05,7.6878e-06,8.1363e-08,2.5262e-07,7.4227e-07,5.0147e-06,8.9455e-06,1.0365e-05,9.0166e-06
P48,30.00,0.00,60.00,0.00,6.7791e-08,3.5464e-07,1.3077e-06,5.1988e-06,1.0631e-05,1.0617e-05,8.5816e-06,6.6365e-08,3.1788e-07,9.1523e-07,5.2249e-06,9.0834e-06,1.0514e-05,9.7045e-06
P48,30.00,0.00,0.00,0.00,6.6350e-08,3.5464e-07,1.3077e-06,5.1983e-06,1.0631e-05,1.0617e-05,8.5816e-06,6.4796e-08,3.1788e-07,9.1523e-07,5.2243e-06,9.0832e-06,1.0514e-05,9.7045e-06
P49,0.00,180.00,0.00,0.00,6.0529e-08,3.0458e-07,1.0013e-06,5.1308e-06,1.0167e-05,1.0155e-05,8.5101e-06,5.9827e-08,2.7643e-07,7.3175e-07,5.1647e-06,8.9357e-06,1.0087e-05,9.4023e-06
P49,0.00,45.00,60.00,0.00,5.0474e-08,3.0458e-07,1.0013e-06,5.1306e-06,1.0167e-05,1.0155e-05,8.5101e-06,5.0293e-08,2.7643e-07,7.3175e-07,5.1645e-06,8.9357e-06,1.0087e-05,9.4023e-06
P49,60.00,45.00,60.00,0.00,7.7664e-08,2.4569e-07,8.3804e-07,4.7478e-06,9.5459e-06,9.5358e-06,7.4189e-06,7.6603e-08,2.2192e-07,6.0779e-07,4.8046e-06,8.4526e-06,9.4850e-06,8.4184e-06
P49,60.00,90.00,30.00,0.00,6.2073e-08,2.4569e-07,8.3804e-07,4.7473e-06,9.5459e-06,9.5358e-06,7.4189e-06,6.1277e-08,2.2192e-07,6.0779e-07,4.8041e-06,8.4525e-06,9.4850e-06,8.4184e-06
P49,60.00,135.00,30.00,0.00,5.5835e-08,2.4569e-07,8.3804e-07,4.7472e-06,9.5459e-06,9.5358e-06,7.4189e-06,5.5235e-08,2.2192e-07,6.0779e-07,4.8040e-06,8.4525e-06,9.4850e-06,8.4184e-06
P49,0.00,0.00,0.00,0.00,6.0529e-08,3.0458e-07,1.0013e-06,5.1308e-06,1.0167e-05,1.0155e-05,8.5101e-06,5.9827e-08,2.7643e-07,7.3175e-07,5.1647e-06,8.9357e-06,1.0087e-05,9.4023e-06
P49,60.00,45.00,30.00,0.00,7.1784e-08,2.4569e-07,8.3804e-07,4.7476e-06,9.5459e-06,9.5358e-06,7.4189e-06,7.0704e-08,2.2192e-07,6.0779e-07,4.8044e-06,8.4526e-06,9.4850e-06,8.4184e-06
P49,60.00,135.00,0.00,0.00,6.2289e-08,2.4569e-07,8.3804e-07,4.7474e-06,9.5459e-06,9.5358e-06,7.4189e-06,6.1465e-08,2.2192e-07,6.0779e-07,4.8042e-06,8.4525e-06,9.4850e-06,8.4184e-06
P49,60.00,90.00,60.00,0.00,5.5378e-08,2.4569e-07,8.3804e-07,4.7472e-06,9.5459e-06,9.5357e-06,7.4189e-06,5.4909e-08,2.2192e-07,6.0779e-07,4.8040e-06,8.4525e-06,9.4850e-06,8.4184e-06
P49,30.00,90.00,0.00,0.00,6.1605e-08,2.9173e-07,9.6637e-07,5.0595e-06,1.0053e-05,1.0042e-05,8.2896e-06,6.0830e-08,2.6450e-07,7.0515e-07,5.0979e-06,8.8497e-06,9.9773e-06,9.2086e-06
P49,0.00,135.00,60.00,0.00,5.0474e-08,3.0458e-07,1.0013e-06,5.1306e-06,1.0167e-05,1.0155e-05,8.5101e-06,5.0293e-08,2.7643e-07,7.3175e-07,5.1645e-06,8.9357e-06,1.0087e-05,9.4023e-06
P49,0.00,90.00,0.00,0.00,6.0529e-08,3.0458e-07,1.0013e-06,5.1308e-06,1.0167e-05,1.0155e-05,8.5101e-06,5.9827e-08,2.7643e-07,7.3175e-07,5.1647e-06,8.9357e-06,1.0087e-05,9.4023e-06
P49,60.00,0.00,0.00,0.00,6.2289e-08,2.4569e-07,8.3804e-07,4.7474e-06,9.5459e-06,9.5358e-06,7.4189e-06,6.1465e-08,2.2192e-07,6.0779e-07,4.8042e-06,8.4525e-06,9.4850e-06,8.4184e-06
P49,60.00,180.00,30.00,0.00,5.3875e-08,2.4569e-07,8.3804e-07,4.7472e-06,9.5459e-06,9.5358e-06,7.4189e-06,5.3340e-08,2.2192e-07,6.0779e-07,4.8039e-06,8.4525e-06,9.4850e-06,8.4184e-06
P49,0.00,45.00,30.00,0.00,5.8738e-08,3.0458e-07,1.0013e-06,5.1307e-06,1.0167e-05,1.0155e-05,8.5101e-06,5.8125e-08,2.7643e-07,7.3175e-07,5.1646e-06,8.9358e-06,1.0087e-05,9.4023e-06
P49,30.00,0.00,30.00,0.00,6.5249e-08,2.9173e-07,9.6637e-07,5.0596e-06,1.0053e-05,1.0042e-05,8.2896e-06,6.4395e-08,2.6450e-07,7.0515e-07,5.0981e-06,8.8498e-06,9.9773e-06,9.2086e-06
P49,0.00,45.00,0.00,0.00,6.0529e-08,3.0458e-07,1.0013e-06,5.1308e-06,1.0167e-05,1.0155e-05,8.5101e-06,5.9827e-08,2.7643e-07,7.3175e-07,5.1647e-06,8.9357e-06,1.0087e-05,9.4023e-06
P49,60.00,0.00,60.00,0.00,1.0072e-07,2.4570e-07,8.3804e-07,4.7485e-06,9.5459e-06,9.5358e-06,7.4189e-06,9.9128e-08,2.2192e-07,6.0779e-07,4.8054e-06,8.4527e-06,9.4851e-06,8.4184e-06
P49,60.00,0.00,30.00,0.00,7.7547e-08,2.4569e-07,8.3804e-07,4.7477e-06,9.5459e-06,9.5358e-06,7.4189e-06,7.6303e-08,2.2192e-07,6.0779e-07,4.8046e-06,8.4526e-06,9.4850e-06,8.4184e-06
P49,0.00,135.00,30.00,0.00,5.8738e-08,3.0458e-07,1.0013e-06,5.1307e-06,1.0167e-05,1.0155e-05,8.5101e-06,5.8125e-08,2.7643e-07,7.3175e-07,5.1646e-06,8.9358e-06,1.0087e-05,9.4023e-06
P49,0.00,90.00,30.00,0.00,5.8738e-08,3.0458e-07,1.0013e-06,5.1307e-06,1.0167e-05,1.0155e-05,8.5101e-06,5.8125e-08,2.7643e-07,7.3175e-07,5.1646e-06,8.9358e-06,1.0087e-05,9.4023e-06
P49,30.00,45.00,60.00,0.00,5.7643e-08,2.9173e-07,9.6637e-07,5.0595e-06,1.0053e-05,1.0042e-05,8.2896e-06,5.7212e-08,2.6450e-07,7.0515e-07,5.0980e-06,8.8497e-06,9.9773e-06,9.2086e-06
P49,30.00,180.00,30.00,0.00,5.6754e-08,2.9173e-07,9.6637e-07,5.0593e-06,1.0053e-05,1.0042e-05,8.2896e-06,5.6181e-08,2.6450e-07,7.0515e-07,5.0977e-06,8.8497e-06,9.9773e-06,9.2086e-06
P49,60.00,180.00,60.00,0.00,4.4207e-08,2.4568e-07,8.3804e-07,4.7469e-06,9.5459e-06,9.5357e-06,7.4189e-06,4.4065e-08,2.2192e-07,6.0779e-07,4.8037e-06,8.4525e-06,9.4850e-06,8.4184e-06
P49,30.00,90.00,30.00,0.00,6.0419e-08,2.9173e-07,9.6637e-07,5.0595e-06,1.0053e-05,1.0042e-05,8.2896e-06,5.9726e-08,2.6450e-07,7.0515e-07,5.0979e-06,8.8497e-06,9.9773e-06,9.2086e-06
P49,60.00,45.00,0.00,0.00,6.2289e-08,2.4569e-07,8.3804e-07,4.7474e-06,9.5459e-06,9.5358e-06,7.4189e-06,6.1465e-08,2.2192e-07,6.0779e-07,4.8042e-06,8.4525e-06,9.4850e-06,8.4184e-06
P49,0.00,90.00,60.00,0.00,5.0474e-08,3.0458e-07,1.0013e-06,5.1306e-06,1.0167e-05,1.0155e-05,8.5101e-06,5.0293e-08,2.7643e-07,7.3175e-07,5.1645e-06,8.9357e-06,1.0087e-05,9.4023e-06
P49,30.00,45.00,30.00,0.00,6.3649e-08,2.9173e-07,9.6637e-07,5.0596e-06,1.0053e-05,1.0042e-05,8.2896e-06,6.2846e-08,2.6450e-07,7.0515e-07,5.0980e-06,8.8497e-06,9.9773e-06,9.2086e-06
P49,30.00,0.00,0.00,0.00,6.1605e-08,2.9173e-07,9.6637e-07,5.0595e-06,1.0053e-05,1.0042e-05,8.2896e-06,6.0830e-08,2.6450e-07,7.0515e-07,5.0979e-06,8.8497e-06,9.9773e-06,9.2086e-06
P49,60.00,180.00,0.00,0.00,6.2289e-08,2.4569e-07,8.3804e-07,4.7474e-06,9.5459e-06,9.5358e-06,7.4189e-06,6.1465e-08,2.2192e-07,6.0779e-07,4.8042e-06,8.4525e-06,9.4850e-06,8.4184e-06
P49,30.00,180.00,0.00,0.00,6.1605e-08,2.9173e-07,9.6637e-07,5.0595e-06,1.0053e-05,1.0042e-05,8.2896e-06,6.0830e-08,2.6450e-07,7.0515e-07,5.0979e-06,8.8497e-06,9.9773e-06,9.2086e-06
P49,30.00,135.00,30.00,0.00,5.7746e-08,2.9173e-07,9.6637e-07,5.0594e-06,1.0053e-05,1.0042e-05,8.2896e-06,5.7144e-08,2.6450e-07,7.0515e-07,5.0978e-06,8.8497e-06,9.9773e-06,9.2086e-06
P49,0.00,180.00,30.00,0.00,5.8738e-08,3.0458e-07,1.0013e-06,5.1307e-06,1.0167e-05,1.0155e-05,8.5101e-06,5.8125e-08,2.7643e-07,7.3175e-07,5.1646e-06,8.9358e-06,1.0087e-05,9.4023e-06
P49,30.00,45.00,0.00,0.00,6.1605e-08,2.9173e-07,9.6637e-07,5.0595e-06,1.0053e-05,1.0042e-05,8.2896e-06,6.0830e-08,2.6450e-07,7.0515e-07,5.0979e-06,8.8497e-06,9.9773e-06,9.2086e-06
P49,30.00,0.00,60.00,0.00,6.1013e-08,2.9173e-07,9.6637e-07,5.0596e-06,1.0053e-05,1.0042e-05,8.2896e-06,6.0484e-08,2.6450e-07,7.0515e-07,5.0981e-06,8.8497e-06,9.9773e-06,9.2086e-06
P49,60.00,135.00,60.00,0.00,4.6530e-08,2.4568e-07,8.3804e-07,4.7470e-06,9.5459e-06,9.5357e-06,7.4189e-06,4.6324e-08,2.2192e-07,6.0779e-07,4.8038e-06,8.4525e-06,9.4850e-06,8.4184e-06
P49,0.00,135.00,0.00,0.00,6.0529e-08,3.0458e-07,1.0013e-06,5.1308e-06,1.0167e-05,1.0155e-05,8.5101e-06,5.9827e-08,2.7643e-07,7.3175e-07,5.1647e-06,8.9357e-06,1.0087e-05,9.4023e-06
P49,30.00,135.00,60.00,0.00,4.8318e-08,2.9172e-07,9.6637e-07,5.0593e-06,1.0053e-05,1.0042e-05,8.2896e-06,4.8171e-08,2.6450e-07,7.0515e-07,5.0977e-06,8.8497e-06,9.9773e-06,9.2086e-06
P49,30.00,90.00,60.00,0.00,5.1965e-08,2.9172e-07,9.6637e-07,5.0594e-06,1.0053e-05,1.0042e-05,8.2896e-06,5.1702e-08,2.6450e-07,7.0515e-07,5.0978e-06,8.8497e-06,9.9773e-06,9.2086e-06
P49,30.00,180.00,60.00,0.00,4.7172e-08,2.9172e-07,9.6637e-07,5.0593e-06,1.0053e-05,1.0042e-05,8.2896e-06,4.7064e-08,2.6450e-07,7.0515e-07,5.0977e-06,8.8497e-06,9.9773e-06,9.2086e-06
P49,60.00,90.00,0.00,0.00,6.2289e-08,2.4569e-07,8.3804e-07,4.7474e-06,9.5459e-06,9.5358e-06,7.4189e-06,6.1465e-08,2.2192e-07,6.0779e-07,4.8042e-06,8.4525e-06,9.4850e-06,8.4184e-06
P49,0.00,0.00,30.00,0.00,5.8738e-08,3.0458e-07,1.0013e-06,5.1307e-06,1.0167e-05,1.0155e-05,8.5101e-06,5.8125e-08,2.7643e-07,7.3175e-07,5.1646e-06,8.9358e-06,1.0087e-05,9.4023e-06
P49,30.00,135.00,0.00,0.00,6.1605e-08,2.9173e-07,9.6637e-07,5.0595e-06,1.0053e-05,1.0042e-05,8.2896e-06,6.0830e-08,2.6450e-07,7.0515e-07,5.0979e-06,8.8497e-06,9.9773e-06,9.2086e-06
P49,0.00,0.00,60.00,0.00,5.0474e-08,3.0458e-07,1.0013e-06,5.1306e-06,1.0167e-05,1.0155e-05,8.5101e-06,5.0293e-08,2.7643e-07,7.3175e-07,5.1645e-06,8.9357e-06,1.0087e-05,9.4023e-06
P49,0.00,180.00,60.00,0.00,5.0474e-08,3.0458e-07,1.0013e-06,5.1306e-06,1.0167e-05,1.0155e-05,8.5101e-06,5.0293e-08,2.7643e-07,7.3175e-07,5.1645e-06,8.9357e-06,1.0087e-05,9.4023e-06
P50,0.00,45.00,60.00,0.00,4.7417e-08,3.3986e-07,1.0602e-06,4.9313e-06,9.9370e-06,9.9252e-06,8.4186e-06,4.7134e-08,3.1067e-07,7.9243e-07,4.9564e-06,8.6573e-06,9.8488e-06,9.2766e-06
P50,0.00,90.00,0.00,0.00,5.7626e-08,3.3987e-07,1.0602e-06,4.9314e-06,9.9370e-06,9.9252e-06,8.4186e-06,5.6804e-08,3.1067e-07,7.9244e-07,4.9565e-06,8.6573e-06,9.8488e-06,9.2766e-06
P50,0.00,135.00,0.00,0.00,5.7626e-08,3.3987e-07,1.0602e-06,4.9314e-06,9.9370e-06,9.9252e-06,8.4186e-06,5.6804e-08,3.1067e-07,7.9244e-07,4.9565e-06,8.6573e-06,9.8488e-06,9.2766e-06
P50,60.00,90.00,0.00,0.00,6.0383e-08,2.7615e-07,9.0426e-07,4.5911e-06,9.4071e-06,9.3964e-06,7.3771e-06,5.9414e-08,2.5088e-07,6.7047e-07,4.6375e-06,8.2488e-06,9.3373e-06,8.3621e-06
P50,30.00,180.00,30.00,0.00,5.3946e-08,3.2628e-07,1.0272e-06,4.8679e-06,9.8407e-06,9.8291e-06,8.2100e-06,5.3254e-08,2.9791e-07,7.6670e-07,4.8972e-06,8.5843e-06,9.7562e-06,9.0981e-06
P50,60.00,135.00,60.00,0.00,4.4194e-08,2.7614e-07,9.0426e-07,4.5907e-06,9.4071e-06,9.3964e-06,7.3771e-06,4.3879e-08,2.5088e-07,6.7047e-07,4.6371e-06,8.2488e-06,9.3373e-06,8.3621e-06
P50,0.00,135.00,30.00,0.00,5.5815e-08,3.3986e-07,1.0602e-06,4.9314e-06,9.9370e-06,9.9252e-06,8.4186e-06,5.5084e-08,3.1067e-07,7.9244e-07,4.9565e-06,8.6573e-06,9.8488e-06,9.2766e-06
P50,0.00,180.00,60.00,0.00,4.7417e-08,3.3986e-07,1.0602e-06,4.9313e-06,9.9370e-06,9.9252e-06,8.4186e-06,4.7134e-08,3.1067e-07,7.9243e-07,4.9564e-06,8.6573e-06,9.8488e-06,9.2766e-06
P50,0.00,90.00,60.00,0.00,4.7417e-08,3.3986e-07,1.0602e-06,4.9313e-06,9.9370e-06,9.9252e-06,8.4186e-06,4.7134e-08,3.1067e-07,7.9243e-07,4.9564e-06,8.6573e-06,9.8488e-06,9.2766e-06
P50,0.00,45.00,30.00,0.00,5.5815e-08,3.3986e-07,1.0602e-06,4.9314e-06,9.9370e-06,9.9252e-06,8.4186e-06,5.5084e-08,3.1067e-07,7.9244e-07,4.9565e-06,8.6573e-06,9.8488e-06,9.2766e-06
P50,0.00,0.00,60.00,0.00,4.7417e-08,3.3986e-07,1.0602e-06,4.9313e-06,9.9370e-06,9.9252e-06,8.4186e-06,4.7134e-08,3.1067e-07,7.9243e-07,4.9564e-06,8.6573e-06,9.8488e-06,9.2766e-06
P50,60.00,45.00,60.00,0.00,7.6608e-08,2.7615e-07,9.0426e-07,4.5916e-06,9.4071e-06,9.3965e-06,7.3771e-06,7.5356e-08,2.5088e-07,6.7047e-07,4.6381e-06,8.2489e-06,9.3373e-06,8.3621e-06
P50,60.00,90.00,60.00,0.00,5.3407e-08,2.7614e-07,9.0426e-07,4.5910e-06,9.4071e-06,9.3964e-06,7.3771e-06,5.2803e-08,2.5088e-07,6.7047e-07,4.6373e-06,8.2488e-06,9.3373e-06,8.3621e-06
P50,0.00,180.00,30.00,0.00,5.5815e-08,3.3986e-07,1.0602e-06,4.9314e-06,9.9370e-06,9.9252e-06,8.4186e-06,5.5084e-08,3.1067e-07,7.9244e-07,4.9565e-06,8.6573e-06,9.8488e-06,9.2766e-06
P50,0.00,180.00,0.00,0.00,5.7626e-08,3.3987e-07,1.0602e-06,4.9314e-06,9.9370e-06,9.9252e-06,8.4186e-06,5.6804e-08,3.1067e-07,7.9244e-07,4.9565e-06,8.6573e-06,9.8488e-06,9.2766e-06
P50,30.00,135.00,30.00,0.00,5.4967e-08,3.2629e-07,1.0272e-06,4.8680e-06,9.8407e-06,9.8291e-06,8.2100e-06,5.4244e-08,2.9791e-07,7.6670e-07,4.8973e-06,8.5844e-06,9.7562e-06,9.0981e-06
P50,30.00,180.00,0.00,0.00,5.8907e-08,3.2629e-07,1.0272e-06,4.8681e-06,9.8407e-06,9.8291e-06,8.2100e-06,5.8004e-08,2.9791e-07,7.6670e-07,4.8974e-06,8.5844e-06,9.7562e-06,9.0981e-06
P50,60.00,180.00,30.00,0.00,5.1705e-08,2.7614e-07,9.0426e-07,4.5909e-06,9.4071e-06,9.3964e-06,7.3771e-06,5.1044e-08,2.5088e-07,6.7047e-07,4.6372e-06,8.2488e-06,9.3373e-06,8.3621e-06
P50,30.00,0.00,60.00,0.00,5.8493e-08,3.2629e-07,1.0272e-06,4.8682e-06,9.8407e-06,9.8291e-06,8.2100e-06,5.7832e-08,2.9791e-07,7.6670e-07,4.8976e-06,8.5844e-06,9.7562e-06,9.0981e-06
P50,30.00,45.00,30.00,0.00,6.1042e-08,3.2629e-07,1.0272e-06,4.8682e-06,9.8407e-06,9.8291e-06,8.2100e-06,6.0106e-08,2.9791e-07,7.6670e-07,4.8975e-06,8.5844e-06,9.7562e-06,9.0981e-06
P50,60.00,0.00,30.00,0.00,7.6218e-08,2.7615e-07,9.0426e-07,4.5916e-06,9.4071e-06,9.3965e-06,7.3771e-06,7.4791e-08,2.5088e-07,6.7047e-07,4.6380e-06,8.2489e-06,9.3374e-06,8.3621e-06
P50,30.00,135.00,60.00,0.00,4.5352e-08,3.2628e-07,1.0272e-06,4.8678e-06,9.8406e-06,9.8291e-06,8.2100e-06,4.5104e-08,2.9791e-07,7.6670e-07,4.8971e-06,8.5844e-06,9.7562e-06,9.0981e-06
P50,60.00,135.00,0.00,0.00,6.0383e-08,2.7615e-07,9.0426e-07,4.5911e-06,9.4071e-06,9.3964e-06,7.3771e-06,5.9414e-08,2.5088e-07,6.7047e-07,4.6375e-06,8.2488e-06,9.3373e-06,8.3621e-06
P50,0.00,0.00,0.00,0.00,5.7626e-08,3.3987e-07,1.0602e-06,4.9314e-06,9.9370e-06,9.9252e-06,8.4186e-06,5.6804e-08,3.1067e-07,7.9244e-07,4.9565e-06,8.6573e-06,9.8488e-06,9.2766e-06
P50,30.00,180.00,60.00,0.00,4.4166e-08,3.2628e-07,1.0272e-06,4.8678e-06,9.8406e-06,9.8291e-06,8.2100e-06,4.3960e-08,2.9791e-07,7.6670e-07,4.8971e-06,8.5844e-06,9.7562e-06,9.0981e-06
P50,30.00,0.00,0.00,0.00,5.8907e-08,3.2629e-07,1.0272e-06,4.8681e-06,9.8407e-06,9.8291e-06,8.2100e-06,5.8004e-08,2.9791e-07,7.6670e-07,4.8974e-06,8.5844e-06,9.7562e-06,9.0981e-06
P50,30.00,90.00,60.00,0.00,4.9127e-08,3.2628e-07,1.0272e-06,4.8679e-06,9.8407e-06,9.8291e-06,8.2100e-06,4.8754e-08,2.9791e-07,7.6670e-07,4.8972e-06,8.5844e-06,9.7562e-06,9.0981e-06
P50,60.00,180.00,0.00,0.00,6.0383e-08,2.7615e-07,9.0426e-07,4.5911e-06,9.4071e-06,9.3964e-06,7.3771e-06,5.9414e-08,2.5088e-07,6.7047e-07,4.6375e-06,8.2488e-06,9.3373e-06,8.3621e-06
P50,30.00,0.00,30.00,0.00,6.2688e-08,3.2629e-07,1.0272e-06,4.8683e-06,9.8407e-06,9.8291e-06,8.2100e-06,6.1698e-08,2.9791e-07,7.6670e-07,4.8976e-06,8.5844e-06,9.7562e-06,9.0981e-06
P50,60.00,0.00,0.00,0.00,6.0383e-08,2.7615e-07,9.0426e-07,4.5911e-06,9.4071e-06,9.3964e-06,7.3771e-06,5.9414e-08,2.5088e-07,6.7047e-07,4.6375e-06,8.2488e-06,9.3373e-06,8.3621e-06
P50,60.00,45.00,0.00,0.00,6.0383e-08,2.7615e-07,9.0426e-07,4.5911e-06,9.4071e-06,9.3964e-06,7.3771e-06,5.9414e-08,2.5088e-07,6.7047e-07,4.6375e-06,8.2488e-06,9.3373e-06,8.3621e-06
P50,60.00,135.00,30.00,0.00,5.3735e-08,2.7614e-07,9.0426e-07,4.5909e-06,9.4071e-06,9.3964e-06,7.3771e-06,5.3003e-08,2.5088e-07,6.7047e-07,4.6373e-06,8.2488e-06,9.3373e-06,8.3621e-06
P50,60.00,0.00,60.00,0.00,1.0060e-07,2.7616e-07,9.0426e-07,4.5925e-06,9.4072e-06,9.3965e-06,7.3771e-06,9.8769e-08,2.5088e-07,6.7047e-07,4.6391e-06,8.2490e-06,9.3374e-06,8.3621e-06
P50,30.00,135.00,0.00,0.00,5.8907e-08,3.2629e-07,1.0272e-06,4.8681e-06,9.8407e-06,9.8291e-06,8.2100e-06,5.8004e-08,2.9791e-07,7.6670e-07,4.8974e-06,8.5844e-06,9.7562e-06,9.0981e-06
P50,0.00,45.00,0.00,0.00,5.7626e-08,3.3987e-07,1.0602e-06,4.9314e-06,9.9370e-06,9.9252e-06,8.4186e-06,5.6804e-08,3.1067e-07,7.9244e-07,4.9565e-06,8.6573e-06,9.8488e-06,9.2766e-06
P50,60.00,180.00,60.00,0.00,4.1775e-08,2.7614e-07,9.0426e-07,4.5906e-06,9.4071e-06,9.3964e-06,7.3771e-06,4.1529e-08,2.5088e-07,6.7047e-07,4.6369e-06,8.2487e-06,9.3373e-06,8.3621e-06
P50,0.00,90.00,30.00,0.00,5.5815e-08,3.3986e-07,1.0602e-06,4.9314e-06,9.9370e-06,9.9252e-06,8.4186e-06,5.5084e-08,3.1067e-07,7.9244e-07,4.9565e-06,8.6573e-06,9.8488e-06,9.2766e-06
P50,60.00,45.00,30.00,0.00,7.0250e-08,2.7615e-07,9.0426e-07,4.5914e-06,9.4071e-06,9.3965e-06,7.3771e-06,6.9000e-08,2.5088e-07,6.7047e-07,4.6378e-06,8.2489e-06,9.3373e-06,8.3621e-06
P50,30.00,90.00,30.00,0.00,5.7718e-08,3.2629e-07,1.0272e-06,4.8681e-06,9.8407e-06,9.8291e-06,8.2100e-06,5.6899e-08,2.9791e-07,7.6670e-07,4.8974e-06,8.5844e-06,9.7562e-06,9.0981e-06
P50,30.00,90.00,0.00,0.00,5.8907e-08,3.2629e-07,1.0272e-06,4.8681e-06,9.8407e-06,9.8291e-06,8.2100e-06,5.8004e-08,2.9791e-07,7.6670e-07,4.8974e-06,8.5844e-06,9.7562e-06,9.0981e-06
P50,30.00,45.00,60.00,0.00,5.5005e-08,3.2629e-07,1.0272e-06,4.8681e-06,9.8407e-06,9.8291e-06,8.2100e-06,5.4450e-08,2.9791e-07,7.6670e-07,4.8975e-06,8.5844e-06,9.7562e-06,9.0981e-06
P50,0.00,0.00,30.00,0.00,5.5815e-08,3.3986e-07,1.0602e-06,4.9314e-06,9.9370e-06,9.9252e-06,8.4186e-06,5.5084e-08,3.1067e-07,7.9244e-07,4.9565e-06,8.6573e-06,9.8488e-06,9.2766e-06
P50,30.00,45.00,0.00,0.00,5.8907e-08,3.2629e-07,1.0272e-06,4.8681e-06,9.8407e-06,9.8291e-06,8.2100e-06,5.8004e-08,2.9791e-07,7.6670e-07,4.8974e-06,8.5844e-06,9.7562e-06,9.0981e-06
P50,0.00,135.00,60.00,0.00,4.7417e-08,3.3986e-07,1.0602e-06,4.9313e-06,9.9370e-06,9.9252e-06,8.4186e-06,4.7134e-08,3.1067e-07,7.9243e-07,4.9564e-06,8.6573e-06,9.8488e-06,9.2766e-06
P50,60.00,90.00,30.00,0.00,6.0195e-08,2.7615e-07,9.0426e-07,4.5911e-06,9.4071e-06,9.3964e-06,7.3771e-06,5.9252e-08,2.5088e-07,6.7047e-07,4.6375e-06,8.2488e-06,9.3373e-06,8.3621e-06
P51,60.00,45.00,30.00,0.00,6.5220e-08,2.0495e-07,7.3998e-07,2.3669e-06,6.1560e-06,6.1448e-06,5.0074e-06,6.2226e-08,1.8481e-07,5.5067e-07,2.3869e-06,4.9218e-06,6.0508e-06,5.7632e-06
P51,0.00,0.00,60.00,0.00,2.9172e-08,2.6455e-07,8.5850e-07,2.5261e-06,6.2913e-06,6.2800e-06,5.6969e-06,2.8029e-08,2.4160e-07,6.5832e-07,2.5319e-06,5.0474e-06,6.1796e-06,6.2741e-06
P51,60.00,45.00,0.00,0.00,5.1495e-08,2.0493e-07,7.3982e-07,2.3661e-06,6.1559e-06,6.1447e-06,5.0073e-06,4.9103e-08,1.8480e-07,5.5061e-07,2.3860e-06,4.9216e-06,6.0507e-06,5.7632e-06
P51,0.00,135.00,0.00,0.00,4.0455e-08,2.6458e-07,8.5864e-07,2.5262e-06,6.2913e-06,6.2800e-06,5.6969e-06,3.8628e-08,2.4162e-07,6.5840e-07,2.5320e-06,5.0473e-06,6.1795e-06,6.2741e-06
P51,30.00,135.00,60.00,0.00,2.7649e-08,2.5195e-07,8.3510e-07,2.4972e-06,6.2654e-06,6.2541e-06,5.5645e-06,2.6549e-08,2.2954e-07,6.3671e-07,2.5058e-06,5.0235e-06,6.1547e-06,6.1784e-06
P51,0.00,0.00,30.00,0.00,3.8522e-08,2.6457e-07,8.5859e-07,2.5262e-06,6.2913e-06,6.2800e-06,5.6969e-06,3.6802e-08,2.4161e-07,6.5838e-07,2.5320e-06,5.0474e-06,6.1795e-06,6.2741e-06
P51,30.00,45.00,60.00,0.00,4.0520e-08,2.5197e-07,8.3526e-07,2.4979e-06,6.2655e-06,6.2542e-06,5.5645e-06,3.8836e-08,2.2954e-07,6.3677e-07,2.5066e-06,5.0236e-06,6.1548e-06,6.1785e-06
P51,0.00,45.00,60.00,0.00,2.9172e-08,2.6455e-07,8.5850e-07,2.5261e-06,6.2913e-06,6.2800e-06,5.6969e-06,2.8029e-08,2.4160e-07,6.5832e-07,2.5319e-06,5.0474e-06,6.1796e-06,6.2741e-06
P51,30.00,0.00,30.00,0.00,4.8528e-08,2.5200e-07,8.3536e-07,2.4979e-06,6.2655e-06,6.2542e-06,5.5645e-06,4.6327e-08,2.2955e-07,6.3683e-07,2.5066e-06,5.0236e-06,6.1548e-06,6.1785e-06
P51,0.00,0.00,0.00,0.00,4.0455e-08,2.6458e-07,8.5864e-07,2.5262e-06,6.2913e-06,6.2800e-06,5.6969e-06,3.8628e-08,2.4162e-07,6.5840e-07,2.5320e-06,5.0473e-06,6.1795e-06,6.2741e-06
P51,30.00,45.00,0.00,0.00,4.3382e-08,2.5198e-07,8.3527e-07,2.4975e-06,6.2654e-06,6.2541e-06,5.5645e-06,4.1380e-08,2.2955e-07,6.3680e-07,2.5061e-06,5.0235e-06,6.1548e-06,6.1784e-06
P51,60.00,90.00,30.00,0.00,5.1663e-08,2.0493e-07,7.3981e-07,2.3661e-06,6.1559e-06,6.1447e-06,5.0073e-06,4.9273e-08,1.8480e-07,5.5060e-07,2.3860e-06,4.9216e-06,6.0507e-06,5.7632e-06
P51,0.00,90.00,0.00,0.00,4.0455e-08,2.6458e-07,8.5864e-07,2.5262e-06,6.2913e-06,6.2800e-06,5.6969e-06,3.8628e-08,2.4162e-07,6.5840e-07,2.5320e-06,5.0473e-06,6.1795e-06,6.2741e-06
P51,0.00,180.00,0.00,0.00,4.0455e-08,2.6458e-07,8.5864e-07,2.5262e-06,6.2913e-06,6.2800e-06,5.6969e-06,3.8628e-08,2.4162e-07,6.5840e-07,2.5320e-06,5.0473e-06,6.1795e-06,6.2741e-06
P51,60.00,45.00,60.00,0.00,7.7181e-08,2.0496e-07,7.4005e-07,2.3681e-06,6.1561e-06,6.1449e-06,5.0074e-06,7.3790e-08,1.8481e-07,5.5067e-07,2.3882e-06,4.9220e-06,6.0509e-06,5.7633e-06
P51,0.00,45.00,0.00,0.00,4.0455e-08,2.6458e-07,8.5864e-07,2.5262e-06,6.2913e-06,6.2800e-06,5.6969e-06,3.8628e-08,2.4162e-07,6.5840e-07,2.5320e-06,5.0473e-06,6.1795e-06,6.2741e-06
P51,30.00,0.00,0.00,0.00,4.3382e-08,2.5198e-07,8.3527e-07,2.4975e-06,6.2654e-06,6.2541e-06,5.5645e-06,4.1380e-08,2.2955e-07,6.3680e-07,2.5061e-06,5.0235e-06,6.1548e-06,6.1784e-06
P51,60.00,90.00,60.00,0.00,4.4357e-08,2.0491e-07,7.3971e-07,2.3660e-06,6.1559e-06,6.1447e-06,5.0073e-06,4.2398e-08,1.8480e-07,5.5056e-07,2.3860e-06,4.9216e-06,6.0507e-06,5.7632e-06
P51,60.00,180.00,30.00,0.00,4.0217e-08,2.0491e-07,7.3969e-07,2.3655e-06,6.1559e-06,6.1446e-06,5.0073e-06,3.8370e-08,1.8480e-07,5.5056e-07,2.3854e-06,4.9215e-06,6.0507e-06,5.7631e-06
P51,30.00,90.00,30.00,0.00,4.2237e-08,2.5198e-07,8.3527e-07,2.4976e-06,6.2654e-06,6.2542e-06,5.5645e-06,4.0325e-08,2.2955e-07,6.3679e-07,2.5062e-06,5.0235e-06,6.1548e-06,6.1784e-06
P51,30.00,90.00,60.00,0.00,3.2683e-08,2.5196e-07,8.3516e-07,2.4974e-06,6.2654e-06,6.2541e-06,5.5645e-06,3.1347e-08,2.2954e-07,6.3673e-07,2.5060e-06,5.0235e-06,6.1548e-06,6.1784e-06
P51,30.00,135.00,0.00,0.00,4.3382e-08,2.5198e-07,8.3527e-07,2.4975e-06,6.2654e-06,6.2541e-06,5.5645e-06,4.1380e-08,2.2955e-07,6.3680e-07,2.5061e-06,5.0235e-06,6.1548e-06,6.1784e-06
P51,60.00,180.00,60.00,0.00,2.7891e-08,2.0488e-07,7.3955e-07,2.3649e-06,6.1558e-06,6.1446e-06,5.0073e-06,2.6701e-08,1.8479e-07,5.5050e-07,2.3848e-06,4.9214e-06,6.0506e-06,5.7631e-06
P51,30.00,45.00,30.00,0.00,4.6444e-08,2.5199e-07,8.3533e-07,2.4978e-06,6.2655e-06,6.2542e-06,5.5645e-06,4.4335e-08,2.2955e-07,6.3682e-07,2.5064e-06,5.0236e-06,6.1548e-06,6.1785e-06
P51,0.00,135.00,60.00,0.00,2.9172e-08,2.6455e-07,8.5850e-07,2.5261e-06,6.2913e-06,6.2800e-06,5.6969e-06,2.8029e-08,2.4160e-07,6.5832e-07,2.5319e-06,5.0474e-06,6.1796e-06,6.2741e-06
P51,30.00,90.00,0.00,0.00,4.3382e-08,2.5198e-07,8.3527e-07,2.4975e-06,6.2654e-06,6.2541e-06,5.5645e-06,4.1380e-08,2.2955e-07,6.3680e-07,2.5061e-06,5.0235e-06,6.1548e-06,6.1784e-06
P51,60.00,0.00,60.00,0.00,1.1112e-07,2.0502e-07,7.4048e-07,2.3708e-06,6.1565e-06,6.1453e-06,5.0075e-06,1.0639e-07,1.8482e-07,5.5082e-07,2.3911e-06,4.9226e-06,6.0513e-06,5.7635e-06
P51,0.00,180.00,60.00,0.00,2.9172e-08,2.6455e-07,8.5850e-07,2.5261e-06,6.2913e-06,6.2800e-06,5.6969e-06,2.8029e-08,2.4160e-07,6.5832e-07,2.5319e-06,5.0474e-06,6.1796e-06,6.2741e-06
P51,0.00,90.00,60.00,0.00,2.9172e-08,2.6455e-07,8.5850e-07,2.5261e-06,6.2913e-06,6.2800e-06,5.6969e-06,2.8029e-08,2.4160e-07,6.5832e-07,2.5319e-06,5.0474e-06,6.1796e-06,6.2741e-06
P51,60.00,0.00,0.00,0.00,5.1495e-08,2.0493e-07,7.3982e-07,2.3661e-06,6.1559e-06,6.1447e-06,5.0073e-06,4.9103e-08,1.8480e-07,5.5061e-07,2.3860e-06,4.9216e-06,6.0507e-06,5.7632e-06
P51,30.00,180.00,60.00,0.00,2.6067e-08,2.5195e-07,8.3508e-07,2.4971e-06,6.2654e-06,6.2541e-06,5.5645e-06,2.5045e-08,2.2954e-07,6.3670e-07,2.5057e-06,5.0235e-06,6.1547e-06,6.1784e-06
P51,30.00,135.00,30.00,0.00,3.8753e-08,2.5197e-07,8.3521e-07,2.4973e-06,6.2654e-06,6.2541e-06,5.5645e-06,3.7004e-08,2.2955e-07,6.3677e-07,2.5059e-06,5.0235e-06,6.1547e-06,6.1784e-06
P51,30.00,0.00,60.00,0.00,4.5170e-08,2.5198e-07,8.3532e-07,2.4982e-06,6.2655e-06,6.2542e-06,5.5645e-06,4.3283e-08,2.2955e-07,6.3679e-07,2.5068e-06,5.0236e-06,6.1548e-06,6.1785e-06
P51,0.00,45.00,30.00,0.00,3.8522e-08,2.6457e-07,8.5859e-07,2.5262e-06,6.2913e-06,6.2800e-06,5.6969e-06,3.6802e-08,2.4161e-07,6.5838e-07,2.5320e-06,5.0474e-06,6.1795e-06,6.2741e-06
P51,60.00,135.00,60.00,0.00,3.1320e-08,2.0489e-07,7.3960e-07,2.3653e-06,6.1558e-06,6.1446e-06,5.0073e-06,2.9977e-08,1.8479e-07,5.5052e-07,2.3852e-06,4.9215e-06,6.0506e-06,5.7631e-06
P51,30.00,180.00,30.00,0.00,3.7459e-08,2.5197e-07,8.3517e-07,2.4971e-06,6.2654e-06,6.2541e-06,5.5645e-06,3.5764e-08,2.2954e-07,6.3675e-07,2.5057e-06,5.0234e-06,6.1547e-06,6.1784e-06
P51,30.00,180.00,0.00,0.00,4.3382e-08,2.5198e-07,8.3527e-07,2.4975e-06,6.2654e-06,6.2541e-06,5.5645e-06,4.1380e-08,2.2955e-07,6.3680e-07,2.5061e-06,5.0235e-06,6.1548e-06,6.1784e-06
P51,60.00,180.00,0.00,0.00,5.1495e-08,2.0493e-07,7.3982e-07,2.3661e-06,6.1559e-06,6.1447e-06,5.0073e-06,4.9103e-08,1.8480e-07,5.5061e-07,2.3860e-06,4.9216e-06,6.0507e-06,5.7632e-06
P51,60.00,90.00,0.00,0.00,5.1495e-08,2.0493e-07,7.3982e-07,2.3661e-06,6.1559e-06,6.1447e-06,5.0073e-06,4.9103e-08,1.8480e-07,5.5061e-07,2.3860e-06,4.9216e-06,6.0507e-06,5.7632e-06
P51,0.00,180.00,30.00,0.00,3.8522e-08,2.6457e-07,8.5859e-07,2.5262e-06,6.2913e-06,6.2800e-06,5.6969e-06,3.6802e-08,2.4161e-07,6.5838e-07,2.5320e-06,5.0474e-06,6.1795e-06,6.2741e-06
P51,0.00,135.00,30.00,0.00,3.8522e-08,2.6457e-07,8.5859e-07,2.5262e-06,6.2913e-06,6.2800e-06,5.6969e-06,3.6802e-08,2.4161e-07,6.5838e-07,2.5320e-06,5.0474e-06,6.1795e-06,6.2741e-06
P51,60.00,135.00,30.00,0.00,4.2954e-08,2.0491e-07,7.3972e-07,2.3656e-06,6.1559e-06,6.1446e-06,5.0073e-06,4.0972e-08,1.8480e-07,5.5057e-07,2.3855e-06,4.9215e-06,6.0507e-06,5.7632e-06
P51,60.00,135.00,0.00,0.00,5.1495e-08,2.0493e-07,7.3982e-07,2.3661e-06,6.1559e-06,6.1447e-06,5.0073e-06,4.9103e-08,1.8480e-07,5.5061e-07,2.3860e-06,4.9216e-06,6.0507e-06,5.7632e-06
P51,60.00,0.00,30.00,0.00,7.3264e-08,2.0497e-07,7.4007e-07,2.3673e-06,6.1560e-06,6.1448e-06,5.0074e-06,6.9918e-08,1.8481e-07,5.5070e-07,2.3873e-06,4.9218e-06,6.0508e-06,5.7633e-06
P51,0.00,90.00,30.00,0.00,3.8522e-08,2.6457e-07,8.5859e-07,2.5262e-06,6.2913e-06,6.2800e-06,5.6969e-06,3.6802e-08,2.4161e-07,6.5838e-07,2.5320e-06,5.0474e-06,6.1795e-06,6.2741e-06
P52,30.00,180.00,30.00,0.00,5.9839e-08,3.1319e-07,1.0979e-06,5.2267e-06,1.0613e-05,1.0599e-05,8.3631e-06,5.8867e-08,2.8190e-07,7.9174e-07,5.2613e-06,9.1806e-06,1.0515e-05,9.5298e-06
P52,0.00,45.00,30.00,0.00,6.1695e-08,3.2991e-07,1.1418e-06,5.2844e-06,1.0673e-05,1.0659e-05,8.5925e-06,6.0688e-08,2.9748e-07,8.2605e-07,5.3141e-06,9.2244e-06,1.0571e-05,9.7113e-06
P52,30.00,180.00,0.00,0.00,6.5175e-08,3.1319e-07,1.0979e-06,5.2270e-06,1.0613e-05,1.0600e-05,8.3631e-06,6.3957e-08,2.8190e-07,7.9174e-07,5.2616e-06,9.1807e-06,1.0515e-05,9.5298e-06
P52,30.00,135.00,60.00,0.00,5.0863e-08,3.1319e-07,1.0979e-06,5.2267e-06,1.0613e-05,1.0600e-05,8.3631e-06,5.0384e-08,2.8190e-07,7.9174e-07,5.2613e-06,9.1806e-06,1.0515e-05,9.5298e-06
P52,60.00,0.00,60.00,0.00,1.1696e-07,2.5472e-07,9.3493e-07,4.9602e-06,1.0326e-05,1.0313e-05,7.4297e-06,1.1406e-07,2.2793e-07,6.6377e-07,5.0153e-06,8.9665e-06,1.0246e-05,8.7587e-06
P52,60.00,90.00,60.00,0.00,6.1134e-08,2.5470e-07,9.3493e-07,4.9572e-06,1.0325e-05,1.0313e-05,7.4296e-06,6.0095e-08,2.2793e-07,6.6377e-07,5.0119e-06,8.9658e-06,1.0246e-05,8.7587e-06
P52,60.00,90.00,0.00,0.00,6.8003e-08,2.5471e-07,9.3493e-07,4.9573e-06,1.0325e-05,1.0313e-05,7.4296e-06,6.6586e-08,2.2793e-07,6.6377e-07,5.0120e-06,8.9658e-06,1.0246e-05,8.7587e-06
P52,60.00,45.00,30.00,0.00,7.9553e-08,2.5471e-07,9.3493e-07,4.9578e-06,1.0325e-05,1.0313e-05,7.4296e-06,7.7726e-08,2.2793e-07,6.6377e-07,5.0126e-06,8.9659e-06,1.0246e-05,8.7587e-06
P52,30.00,45.00,30.00,0.00,6.7743e-08,3.1319e-07,1.0979e-06,5.2272e-06,1.0613e-05,1.0600e-05,8.3631e-06,6.6458e-08,2.8190e-07,7.9174e-07,5.2618e-06,9.1807e-06,1.0515e-05,9.5299e-06
P52,0.00,90.00,30.00,0.00,6.1695e-08,3.2991e-07,1.1418e-06,5.2844e-06,1.0673e-05,1.0659e-05,8.5925e-06,6.0688e-08,2.9748e-07,8.2605e-07,5.3141e-06,9.2244e-06,1.0571e-05,9.7113e-06
P52,30.00,0.00,30.00,0.00,6.9578e-08,3.1319e-07,1.0979e-06,5.2273e-06,1.0613e-05,1.0600e-05,8.3631e-06,6.8224e-08,2.8190e-07,7.9174e-07,5.2619e-06,9.1808e-06,1.0515e-05,9.5299e-06
P52,0.00,180.00,60.00,0.00,5.3036e-08,3.2991e-07,1.1418e-06,5.2843e-06,1.0673e-05,1.0659e-05,8.5925e-06,5.2516e-08,2.9748e-07,8.2605e-07,5.3140e-06,9.2244e-06,1.0571e-05,9.7113e-06
P52,60.00,180.00,30.00,0.00,5.8247e-08,2.5470e-07,9.3493e-07,4.9569e-06,1.0325e-05,1.0313e-05,7.4296e-06,5.7229e-08,2.2793e-07,6.6377e-07,5.0116e-06,8.9657e-06,1.0246e-05,8.7587e-06
P52,0.00,180.00,30.00,0.00,6.1695e-08,3.2991e-07,1.1418e-06,5.2844e-06,1.0673e-05,1.0659e-05,8.5925e-06,6.0688e-08,2.9748e-07,8.2605e-07,5.3141e-06,9.2244e-06,1.0571e-05,9.7113e-06
P52,60.00,45.00,60.00,0.00,8.8556e-08,2.5471e-07,9.3493e-07,4.9585e-06,1.0326e-05,1.0313e-05,7.4296e-06,8.6551e-08,2.2793e-07,6.6377e-07,5.0134e-06,8.9660e-06,1.0246e-05,8.7587e-06
P52,60.00,90.00,30.00,0.00,6.7993e-08,2.5471e-07,9.3493e-07,4.9572e-06,1.0325e-05,1.0313e-05,7.4296e-06,6.6591e-08,2.2793e-07,6.6377e-07,5.0120e-06,8.9658e-06,1.0246e-05,8.7587e-06
P52,30.00,45.00,0.00,0.00,6.5175e-08,3.1319e-07,1.0979e-06,5.2270e-06,1.0613e-05,1.0600e-05,8.3631e-06,6.3957e-08,2.8190e-07,7.9174e-07,5.2616e-06,9.1807e-06,1.0515e-05,9.5298e-06
P52,30.00,0.00,0.00,0.00,6.5175e-08,3.1319e-07,1.0979e-06,5.2270e-06,1.0613e-05,1.0600e-05,8.3631e-06,6.3957e-08,2.8190e-07,7.9174e-07,5.2616e-06,9.1807e-06,1.0515e-05,9.5298e-06
P52,60.00,0.00,0.00,0.00,6.8003e-08,2.5471e-07,9.3493e-07,4.9573e-06,1.0325e-05,1.0313e-05,7.4296e-06,6.6586e-08,2.2793e-07,6.6377e-07,5.0120e-06,8.9658e-06,1.0246e-05,8.7587e-06
P52,0.00,90.00,60.00,0.00,5.3036e-08,3.2991e-07,1.1418e-06,5.2843e-06,1.0673e-05,1.0659e-05,8.5925e-06,5.2516e-08,2.9748e-07,8.2605e-07,5.3140e-06,9.2244e-06,1.0571e-05,9.7113e-06
P52,0.00,135.00,30.00,0.00,6.1695e-08,3.2991e-07,1.1418e-06,5.2844e-06,1.0673e-05,1.0659e-05,8.5925e-06,6.0688e-08,2.9748e-07,8.2605e-07,5.3141e-06,9.2244e-06,1.0571e-05,9.7113e-06
P52,0.00,0.00,30.00,0.00,6.1695e-08,3.2991e-07,1.1418e-06,5.2844e-06,1.0673e-05,1.0659e-05,8.5925e-06,6.0688e-08,2.9748e-07,8.2605e-07,5.3141e-06,9.2244e-06,1.0571e-05,9.7113e-06
P52,0.00,90.00,0.00,0.00,6.3530e-08,3.2991e-07,1.1418e-06,5.2845e-06,1.0673e-05,1.0659e-05,8.5925e-06,6.2428e-08,2.9748e-07,8.2605e-07,5.3141e-06,9.2244e-06,1.0571e-05,9.7113e-06
P52,0.00,45.00,60.00,0.00,5.3036e-08,3.2991e-07,1.1418e-06,5.2843e-06,1.0673e-05,1.0659e-05,8.5925e-06,5.2516e-08,2.9748e-07,8.2605e-07,5.3140e-06,9.2244e-06,1.0571e-05,9.7113e-06
P52,30.00,90.00,60.00,0.00,5.5193e-08,3.1319e-07,1.0979e-06,5.2269e-06,1.0613e-05,1.0600e-05,8.3631e-06,5.4543e-08,2.8190e-07,7.9174e-07,5.2615e-06,9.1807e-06,1.0515e-05,9.5298e-06
P52,60.00,135.00,0.00,0.00,6.8003e-08,2.5471e-07,9.3493e-07,4.9573e-06,1.0325e-05,1.0313e-05,7.4296e-06,6.6586e-08,2.2793e-07,6.6377e-07,5.0120e-06,8.9658e-06,1.0246e-05,8.7587e-06
P52,60.00,0.00,30.00,0.00,8.6419e-08,2.5471e-07,9.3493e-07,4.9581e-06,1.0325e-05,1.0313e-05,7.4296e-06,8.4344e-08,2.2793e-07,6.6377e-07,5.0129e-06,8.9659e-06,1.0246e-05,8.7587e-06
P52,0.00,0.00,0.00,0.00,6.3530e-08,3.2991e-07,1.1418e-06,5.2845e-06,1.0673e-05,1.0659e-05,8.5925e-06,6.2428e-08,2.9748e-07,8.2605e-07,5.3141e-06,9.2244e-06,1.0571e-05,9.7113e-06
P52,60.00,45.00,0.00,0.00,6.8003e-08,2.5471e-07,9.3493e-07,4.9573e-06,1.0325e-05,1.0313e-05,7.4296e-06,6.6586e-08,2.2793e-07,6.6377e-07,5.0120e-06,8.9658e-06,1.0246e-05,8.7587e-06
P52,30.00,135.00,30.00,0.00,6.0977e-08,3.1319e-07,1.0979e-06,5.2268e-06,1.0613e-05,1.0600e-05,8.3631e-06,5.9964e-08,2.8190e-07,7.9174e-07,5.2615e-06,9.1806e-06,1.0515e-05,9.5298e-06
P52,30.00,180.00,60.00,0.00,4.9504e-08,3.1319e-07,1.0979e-06,5.2267e-06,1.0613e-05,1.0600e-05,8.3631e-06,4.9081e-08,2.8190e-07,7.9174e-07,5.2613e-06,9.1806e-06,1.0515e-05,9.5298e-06
P52,60.00,180.00,0.00,0.00,6.8003e-08,2.5471e-07,9.3493e-07,4.9573e-06,1.0325e-05,1.0313e-05,7.4296e-06,6.6586e-08,2.2793e-07,6.6377e-07,5.0120e-06,8.9658e-06,1.0246e-05,8.7587e-06
P52,30.00,0.00,60.00,0.00,6.5950e-08,3.1319e-07,1.0979e-06,5.2274e-06,1.0613e-05,1.0600e-05,8.3631e-06,6.4902e-08,2.8190e-07,7.9174e-07,5.2621e-06,9.1808e-06,1.0515e-05,9.5298e-06
P52,0.00,135.00,0.00,0.00,6.3530e-08,3.2991e-07,1.1418e-06,5.2845e-06,1.0673e-05,1.0659e-05,8.5925e-06,6.2428e-08,2.9748e-07,8.2605e-07,5.3141e-06,9.2244e-06,1.0571e-05,9.7113e-06
P52,0.00,180.00,0.00,0.00,6.3530e-08,3.2991e-07,1.1418e-06,5.2845e-06,1.0673e-05,1.0659e-05,8.5925e-06,6.2428e-08,2.9748e-07,8.2605e-07,5.3141e-06,9.2244e-06,1.0571e-05,9.7113e-06
P52,60.00,135.00,60.00,0.00,5.0267e-08,2.5470e-07,9.3493e-07,4.9567e-06,1.0325e-05,1.0313e-05,7.4296e-06,4.9647e-08,2.2793e-07,6.6377e-07,5.0115e-06,8.9657e-06,1.0246e-05,8.7587e-06
P52,30.00,90.00,0.00,0.00,6.5175e-08,3.1319e-07,1.0979e-06,5.2270e-06,1.0613e-05,1.0600e-05,8.3631e-06,6.3957e-08,2.8190e-07,7.9174e-07,5.2616e-06,9.1807e-06,1.0515e-05,9.5298e-06
P52,30.00,135.00,0.00,0.00,6.5175e-08,3.1319e-07,1.0979e-06,5.2270e-06,1.0613e-05,1.0600e-05,8.3631e-06,6.3957e-08,2.8190e-07,7.9174e-07,5.2616e-06,9.1807e-06,1.0515e-05,9.5298e-06
P52,30.00,45.00,60.00,0.00,6.1942e-08,3.1319e-07,1.0979e-06,5.2272e-06,1.0613e-05,1.0600e-05,8.3631e-06,6.1040e-08,2.8190e-07,7.9174e-07,5.2619e-06,9.1808e-06,1.0515e-05,9.5298e-06
P52,0.00,0.00,60.00,0.00,5.3036e-08,3.2991e-07,1.1418e-06,5.2843e-06,1.0673e-05,1.0659e-05,8.5925e-06,5.2516e-08,2.9748e-07,8.2605e-07,5.3140e-06,9.2244e-06,1.0571e-05,9.7113e-06
P52,30.00,90.00,30.00,0.00,6.4040e-08,3.1319e-07,1.0979e-06,5.2270e-06,1.0613e-05,1.0600e-05,8.3631e-06,6.2905e-08,2.8190e-07,7.9174e-07,5.2617e-06,9.1807e-06,1.0515e-05,9.5298e-06
P52,60.00,180.00,60.00,0.00,4.7414e-08,2.5470e-07,9.3493e-07,4.9565e-06,1.0325e-05,1.0313e-05,7.4296e-06,4.6897e-08,2.2793e-07,6.6377e-07,5.0112e-06,8.9656e-06,1.0246e-05,8.7587e-06
P52,60.00,135.00,30.00,0.00,6.0576e-08,2.5470e-07,9.3493e-07,4.9569e-06,1.0325e-05,1.0313e-05,7.4296e-06,5.9463e-08,2.2793e-07,6.6377e-07,5.0117e-06,8.9657e-06,1.0246e-05,8.7587e-06
P52,0.00,135.00,60.00,0.00,5.3036e-08,3.2991e-07,1.1418e-06,5.2843e-06,1.0673e-05,1.0659e-05,8.5925e-06,5.2516e-08,2.9748e-07,8.2605e-07,5.3140e-06,9.2244e-06,1.0571e-05,9.7113e-06
P52,0.00,45.00,0.00,0.00,6.3530e-08,3.2991e-07,1.1418e-06,5.2845e-06,1.0673e-05,1.0659e-05,8.5925e-06,6.2428e-08,2.9748e-07,8.2605e-07,5.3141e-06,9.2244e-06,1.0571e-05,9.7113e-06
P53,60.00,90.00,0.00,0.00,5.2247e-08,2.5308e-07,7.8613e-07,2.6137e-06,6.5997e-06,6.5881e-06,5.4871e-06,4.9921e-08,2.3265e-07,5.9585e-07,2.6339e-06,5.3279e-06,6.4951e-06,6.1702e-06
P53,0.00,90.00,30.00,0.00,3.9846e-08,3.0013e-07,9.1024e-07,2.7953e-06,6.7609e-06,6.7493e-06,6.1411e-06,3.8168e-08,2.7642e-07,6.9823e-07,2.8017e-06,5.4761e-06,6.6483e-06,6.6882e-06
P53,60.00,90.00,30.00,0.00,5.2419e-08,2.5308e-07,7.8612e-07,2.6137e-06,6.5997e-06,6.5881e-06,5.4871e-06,5.0094e-08,2.3265e-07,5.9585e-07,2.6339e-06,5.3279e-06,6.4951e-06,6.1701e-06
P53,0.00,135.00,60.00,0.00,3.0521e-08,3.0012e-07,9.1018e-07,2.7953e-06,6.7610e-06,6.7493e-06,6.1411e-06,2.9416e-08,2.7642e-07,6.9820e-07,2.8017e-06,5.4761e-06,6.6484e-06,6.6882e-06
P53,30.00,135.00,0.00,0.00,4.4601e-08,2.8974e-07,8.8495e-07,2.7625e-06,6.7304e-06,6.7187e-06,6.0120e-06,4.2645e-08,2.6668e-07,6.7670e-07,2.7717e-06,5.4480e-06,6.6191e-06,6.5892e-06
P53,0.00,135.00,30.00,0.00,3.9846e-08,3.0013e-07,9.1024e-07,2.7953e-06,6.7609e-06,6.7493e-06,6.1411e-06,3.8168e-08,2.7642e-07,6.9823e-07,2.8017e-06,5.4761e-06,6.6483e-06,6.6882e-06
P53,0.00,45.00,30.00,0.00,3.9846e-08,3.0013e-07,9.1024e-07,2.7953e-06,6.7609e-06,6.7493e-06,6.1411e-06,3.8168e-08,2.7642e-07,6.9823e-07,2.8017e-06,5.4761e-06,6.6483e-06,6.6882e-06
P53,60.00,0.00,60.00,0.00,1.1129e-07,2.5314e-07,7.8635e-07,2.6183e-06,6.6002e-06,6.5886e-06,5.4871e-06,1.0667e-07,2.3266e-07,5.9589e-07,2.6389e-06,5.3289e-06,6.4957e-06,6.1704e-06
P53,60.00,45.00,30.00,0.00,6.5824e-08,2.5310e-07,7.8619e-07,2.6145e-06,6.5998e-06,6.5882e-06,5.4871e-06,6.2908e-08,2.3265e-07,5.9586e-07,2.6348e-06,5.3281e-06,6.4952e-06,6.1702e-06
P53,0.00,180.00,0.00,0.00,4.1779e-08,3.0014e-07,9.1027e-07,2.7954e-06,6.7609e-06,6.7492e-06,6.1411e-06,3.9994e-08,2.7642e-07,6.9824e-07,2.8018e-06,5.4761e-06,6.6483e-06,6.6882e-06
P53,0.00,0.00,0.00,0.00,4.1779e-08,3.0014e-07,9.1027e-07,2.7954e-06,6.7609e-06,6.7492e-06,6.1411e-06,3.9994e-08,2.7642e-07,6.9824e-07,2.8018e-06,5.4761e-06,6.6483e-06,6.6882e-06
P53,60.00,135.00,0.00,0.00,5.2247e-08,2.5308e-07,7.8613e-07,2.6137e-06,6.5997e-06,6.5881e-06,5.4871e-06,4.9921e-08,2.3265e-07,5.9585e-07,2.6339e-06,5.3279e-06,6.4951e-06,6.1702e-06
P53,0.00,45.00,60.00,0.00,3.0521e-08,3.0012e-07,9.1018e-07,2.7953e-06,6.7610e-06,6.7493e-06,6.1411e-06,2.9416e-08,2.7642e-07,6.9820e-07,2.8017e-06,5.4761e-06,6.6484e-06,6.6882e-06
P53,30.00,90.00,30.00,0.00,4.3452e-08,2.8974e-07,8.8494e-07,2.7626e-06,6.7304e-06,6.7187e-06,6.0120e-06,4.1586e-08,2.6668e-07,6.7670e-07,2.7718e-06,5.4480e-06,6.6191e-06,6.5892e-06
P53,30.00,180.00,0.00,0.00,4.4601e-08,2.8974e-07,8.8495e-07,2.7625e-06,6.7304e-06,6.7187e-06,6.0120e-06,4.2645e-08,2.6668e-07,6.7670e-07,2.7717e-06,5.4480e-06,6.6191e-06,6.5892e-06
P53,0.00,180.00,30.00,0.00,3.9846e-08,3.0013e-07,9.1024e-07,2.7953e-06,6.7609e-06,6.7493e-06,6.1411e-06,3.8168e-08,2.7642e-07,6.9823e-07,2.8017e-06,5.4761e-06,6.6483e-06,6.6882e-06
P53,0.00,0.00,60.00,0.00,3.0521e-08,3.0012e-07,9.1018e-07,2.7953e-06,6.7610e-06,6.7493e-06,6.1411e-06,2.9416e-08,2.7642e-07,6.9820e-07,2.8017e-06,5.4761e-06,6.6484e-06,6.6882e-06
P53,60.00,90.00,60.00,0.00,4.5205e-08,2.5307e-07,7.8607e-07,2.6137e-06,6.5997e-06,6.5881e-06,5.4870e-06,4.3304e-08,2.3265e-07,5.9583e-07,2.6339e-06,5.3279e-06,6.4951e-06,6.1701e-06
P53,60.00,0.00,0.00,0.00,5.2247e-08,2.5308e-07,7.8613e-07,2.6137e-06,6.5997e-06,6.5881e-06,5.4871e-06,4.9921e-08,2.3265e-07,5.9585e-07,2.6339e-06,5.3279e-06,6.4951e-06,6.1702e-06
P53,30.00,180.00,60.00,0.00,2.7385e-08,2.8972e-07,8.8486e-07,2.7622e-06,6.7303e-06,6.7187e-06,6.0120e-06,2.6398e-08,2.6667e-07,6.7667e-07,2.7714e-06,5.4479e-06,6.6191e-06,6.5891e-06
P53,60.00,45.00,0.00,0.00,5.2247e-08,2.5308e-07,7.8613e-07,2.6137e-06,6.5997e-06,6.5881e-06,5.4871e-06,4.9921e-08,2.3265e-07,5.9585e-07,2.6339e-06,5.3279e-06,6.4951e-06,6.1702e-06
P53,60.00,135.00,60.00,0.00,3.2312e-08,2.5306e-07,7.8603e-07,2.6130e-06,6.5996e-06,6.5880e-06,5.4870e-06,3.1012e-08,2.3265e-07,5.9582e-07,2.6332e-06,5.3278e-06,6.4951e-06,6.1701e-06
P53,0.00,180.00,60.00,0.00,3.0521e-08,3.0012e-07,9.1018e-07,2.7953e-06,6.7610e-06,6.7493e-06,6.1411e-06,2.9416e-08,2.7642e-07,6.9820e-07,2.8017e-06,5.4761e-06,6.6484e-06,6.6882e-06
P53,30.00,90.00,0.00,0.00,4.4601e-08,2.8974e-07,8.8495e-07,2.7625e-06,6.7304e-06,6.7187e-06,6.0120e-06,4.2645e-08,2.6668e-07,6.7670e-07,2.7717e-06,5.4480e-06,6.6191e-06,6.5892e-06
P53,30.00,45.00,0.00,0.00,4.4601e-08,2.8974e-07,8.8495e-07,2.7625e-06,6.7304e-06,6.7187e-06,6.0120e-06,4.2645e-08,2.6668e-07,6.7670e-07,2.7717e-06,5.4480e-06,6.6191e-06,6.5892e-06
P53,30.00,135.00,60.00,0.00,2.8950e-08,2.8972e-07,8.8486e-07,2.7622e-06,6.7303e-06,6.7187e-06,6.0120e-06,2.7887e-08,2.6667e-07,6.7667e-07,2.7714e-06,5.4479e-06,6.6191e-06,6.5891e-06
P53,60.00,180.00,0.00,0.00,5.2247e-08,2.5308e-07,7.8613e-07,2.6137e-06,6.5997e-06,6.5881e-06,5.4871e-06,4.9921e-08,2.3265e-07,5.9585e-07,2.6339e-06,5.3279e-06,6.4951e-06,6.1702e-06
P53,60.00,45.00,60.00,0.00,7.7686e-08,2.5311e-07,7.8620e-07,2.6157e-06,6.5999e-06,6.5883e-06,5.4871e-06,7.4383e-08,2.3265e-07,5.9586e-07,2.6360e-06,5.3283e-06,6.4954e-06,6.1703e-06
P53,30.00,0.00,60.00,0.00,4.6292e-08,2.8974e-07,8.8495e-07,2.7632e-06,6.7304e-06,6.7188e-06,6.0120e-06,4.4456e-08,2.6667e-07,6.7669e-07,2.7724e-06,5.4481e-06,6.6192e-06,6.5892e-06
P53,60.00,180.00,30.00,0.00,4.1105e-08,2.5307e-07,7.8607e-07,2.6132e-06,6.5996e-06,6.5880e-06,5.4870e-06,3.9311e-08,2.3265e-07,5.9583e-07,2.6333e-06,5.3278e-06,6.4951e-06,6.1701e-06
P53,30.00,0.00,30.00,0.00,4.9690e-08,2.8974e-07,8.8499e-07,2.7629e-06,6.7304e-06,6.7188e-06,6.0120e-06,4.7539e-08,2.6668e-07,6.7671e-07,2.7722e-06,5.4481e-06,6.6192e-06,6.5892e-06
P53,30.00,45.00,30.00,0.00,4.7624e-08,2.8974e-07,8.8497e-07,2.7628e-06,6.7304e-06,6.7187e-06,6.0120e-06,4.5564e-08,2.6668e-07,6.7671e-07,2.7720e-06,5.4481e-06,6.6191e-06,6.5892e-06
P53,0.00,135.00,0.00,0.00,4.1779e-08,3.0014e-07,9.1027e-07,2.7954e-06,6.7609e-06,6.7492e-06,6.1411e-06,3.9994e-08,2.7642e-07,6.9824e-07,2.8018e-06,5.4761e-06,6.6483e-06,6.6882e-06
P53,0.00,90.00,60.00,0.00,3.0521e-08,3.0012e-07,9.1018e-07,2.7953e-06,6.7610e-06,6.7493e-06,6.1411e-06,2.9416e-08,2.7642e-07,6.9820e-07,2.8017e-06,5.4761e-06,6.6484e-06,6.6882e-06
P53,60.00,135.00,30.00,0.00,4.3810e-08,2.5308e-07,7.8608e-07,2.6133e-06,6.5996e-06,6.5880e-06,5.4870e-06,4.1884e-08,2.3265e-07,5.9584e-07,2.6334e-06,5.3278e-06,6.4951e-06,6.1701e-06
P53,30.00,135.00,30.00,0.00,3.9999e-08,2.8973e-07,8.8492e-07,2.7624e-06,6.7304e-06,6.7187e-06,6.0120e-06,3.8293e-08,2.6667e-07,6.7669e-07,2.7716e-06,5.4479e-06,6.6191e-06,6.5891e-06
P53,0.00,90.00,0.00,0.00,4.1779e-08,3.0014e-07,9.1027e-07,2.7954e-06,6.7609e-06,6.7492e-06,6.1411e-06,3.9994e-08,2.7642e-07,6.9824e-07,2.8018e-06,5.4761e-06,6.6483e-06,6.6882e-06
P53,30.00,45.00,60.00,0.00,4.1689e-08,2.8973e-07,8.8493e-07,2.7629e-06,6.7304e-06,6.7188e-06,6.0120e-06,4.0053e-08,2.6667e-07,6.7669e-07,2.7722e-06,5.4481e-06,6.6192e-06,6.5892e-06
P53,60.00,0.00,30.00,0.00,7.3780e-08,2.5311e-07,7.8623e-07,2.6149e-06,6.5998e-06,6.5882e-06,5.4871e-06,7.0519e-08,2.3266e-07,5.9587e-07,2.6352e-06,5.3281e-06,6.4953e-06,6.1702e-06
P53,30.00,180.00,30.00,0.00,3.8716e-08,2.8973e-07,8.8490e-07,2.7622e-06,6.7303e-06,6.7187e-06,6.0120e-06,3.7063e-08,2.6667e-07,6.7668e-07,2.7714e-06,5.4479e-06,6.6191e-06,6.5891e-06
P53,30.00,90.00,60.00,0.00,3.3932e-08,2.8972e-07,8.8488e-07,2.7625e-06,6.7304e-06,6.7187e-06,6.0120e-06,3.2638e-08,2.6667e-07,6.7667e-07,2.7717e-06,5.4480e-06,6.6191e-06,6.5891e-06
P53,0.00,45.00,0.00,0.00,4.1779e-08,3.0014e-07,9.1027e-07,2.7954e-06,6.7609e-06,6.7492e-06,6.1411e-06,3.9994e-08,2.7642e-07,6.9824e-07,2.8018e-06,5.4761e-06,6.6483e-06,6.6882e-06
P53,0.00,0.00,30.00,0.00,3.9846e-08,3.0013e-07,9.1024e-07,2.7953e-06,6.7609e-06,6.7493e-06,6.1411e-06,3.8168e-08,2.7642e-07,6.9823e-07,2.8017e-06,5.4761e-06,6.6483e-06,6.6882e-06
P53,30.00,0.00,0.00,0.00,4.4601e-08,2.8974e-07,8.8495e-07,2.7625e-06,6.7304e-06,6.7187e-06,6.0120e-06,4.2645e-08,2.6668e-07,6.7670e-07,2.7717e-06,5.4480e-06,6.6191e-06,6.5892e-06
P53,60.00,180.00,60.00,0.00,2.8922e-08,2.5306e-07,7.8601e-07,2.6126e-06,6.5995e-06,6.5879e-06,5.4870e-06,2.7772e-08,2.3265e-07,5.9582e-07,2.6327e-06,5.3276e-06,6.4950e-06,6.1701e-06
P54,60.00,0.00,60.00,0.00,1.0926e-07,1.7473e-07,6.1099e-07,1.9578e-06,5.3165e-06,5.3061e-06,4.6469e-06,1.0450e-07,1.5826e-07,4.5956e-07,1.9586e-06,4.1712e-06,5.2153e-06,5.2227e-06
P54,0.00,0.00,60.00,0.00,2.6807e-08,2.1831e-07,6.9343e-07,2.0552e-06,5.3998e-06,5.3893e-06,5.1723e-06,2.5635e-08,1.9994e-07,5.3653e-07,2.0465e-06,4.2468e-06,5.2937e-06,5.5919e-06
P54,30.00,45.00,60.00,0.00,3.8250e-08,2.0918e-07,6.7752e-07,2.0383e-06,5.3850e-06,5.3745e-06,5.0732e-06,3.6537e-08,1.9116e-07,5.2132e-07,2.0315e-06,4.2334e-06,5.2797e-06,5.5242e-06
P54,60.00,180.00,60.00,0.00,2.5957e-08,1.7459e-07,6.1009e-07,1.9517e-06,5.3158e-06,5.3054e-06,4.6467e-06,2.4743e-08,1.5824e-07,4.5926e-07,1.9522e-06,4.1700e-06,5.2146e-06,5.2223e-06
P54,30.00,180.00,30.00,0.00,3.5191e-08,2.0917e-07,6.7744e-07,2.0375e-06,5.3849e-06,5.3744e-06,5.0732e-06,3.3466e-08,1.9115e-07,5.2131e-07,2.0306e-06,4.2332e-06,5.2796e-06,5.5241e-06
P54,60.00,135.00,30.00,0.00,4.1023e-08,1.7462e-07,6.1024e-07,1.9524e-06,5.3159e-06,5.3055e-06,4.6467e-06,3.9016e-08,1.5824e-07,4.5932e-07,1.9529e-06,4.1701e-06,5.2147e-06,5.2223e-06
P54,0.00,90.00,0.00,0.00,3.8102e-08,2.1834e-07,6.9357e-07,2.0553e-06,5.3998e-06,5.3893e-06,5.1723e-06,3.6244e-08,1.9995e-07,5.3661e-07,2.0466e-06,4.2467e-06,5.2937e-06,5.5919e-06
P54,0.00,90.00,60.00,0.00,2.6807e-08,2.1831e-07,6.9343e-07,2.0552e-06,5.3998e-06,5.3893e-06,5.1723e-06,2.5635e-08,1.9994e-07,5.3653e-07,2.0465e-06,4.2468e-06,5.2937e-06,5.5919e-06
P54,60.00,90.00,60.00,0.00,4.2434e-08,1.7462e-07,6.1024e-07,1.9529e-06,5.3159e-06,5.3055e-06,4.6467e-06,4.0450e-08,1.5824e-07,4.5931e-07,1.9534e-06,4.1702e-06,5.2148e-06,5.2223e-06
P54,30.00,90.00,30.00,0.00,3.9969e-08,2.0918e-07,6.7753e-07,2.0379e-06,5.3850e-06,5.3745e-06,5.0732e-06,3.8027e-08,1.9116e-07,5.2134e-07,2.0311e-06,4.2333e-06,5.2797e-06,5.5242e-06
P54,60.00,90.00,0.00,0.00,4.9567e-08,1.7463e-07,6.1035e-07,1.9529e-06,5.3159e-06,5.3055e-06,4.6467e-06,4.7149e-08,1.5825e-07,4.5937e-07,1.9534e-06,4.1702e-06,5.2148e-06,5.2224e-06
P54,60.00,90.00,30.00,0.00,4.9735e-08,1.7463e-07,6.1034e-07,1.9529e-06,5.3159e-06,5.3055e-06,4.6467e-06,4.7319e-08,1.5824e-07,4.5936e-07,1.9534e-06,4.1702e-06,5.2147e-06,5.2224e-06
P54,60.00,45.00,30.00,0.00,6.3298e-08,1.7466e-07,6.1050e-07,1.9538e-06,5.3160e-06,5.3056e-06,4.6468e-06,6.0276e-08,1.5825e-07,4.5942e-07,1.9543e-06,4.1704e-06,5.2148e-06,5.2224e-06
P54,30.00,90.00,0.00,0.00,4.1118e-08,2.0918e-07,6.7754e-07,2.0379e-06,5.3850e-06,5.3745e-06,5.0732e-06,3.9085e-08,1.9116e-07,5.2135e-07,2.0310e-06,4.2333e-06,5.2797e-06,5.5242e-06
P54,60.00,45.00,0.00,0.00,4.9567e-08,1.7463e-07,6.1035e-07,1.9529e-06,5.3159e-06,5.3055e-06,4.6467e-06,4.7149e-08,1.5825e-07,4.5937e-07,1.9534e-06,4.1702e-06,5.2148e-06,5.2224e-06
P54,30.00,45.00,0.00,0.00,4.1118e-08,2.0918e-07,6.7754e-07,2.0379e-06,5.3850e-06,5.3745e-06,5.0732e-06,3.9085e-08,1.9116e-07,5.2135e-07,2.0310e-06,4.2333e-06,5.2797e-06,5.5242e-06
P54,0.00,135.00,30.00,0.00,3.6164e-08,2.1833e-07,6.9353e-07,2.0553e-06,5.3998e-06,5.3893e-06,5.1723e-06,3.4413e-08,1.9995e-07,5.3658e-07,2.0466e-06,4.2467e-06,5.2937e-06,5.5919e-06
P54,60.00,180.00,0.00,0.00,4.9567e-08,1.7463e-07,6.1035e-07,1.9529e-06,5.3159e-06,5.3055e-06,4.6467e-06,4.7149e-08,1.5825e-07,4.5937e-07,1.9534e-06,4.1702e-06,5.2148e-06,5.2224e-06
P54,30.00,0.00,0.00,0.00,4.1118e-08,2.0918e-07,6.7754e-07,2.0379e-06,5.3850e-06,5.3745e-06,5.0732e-06,3.9085e-08,1.9116e-07,5.2135e-07,2.0310e-06,4.2333e-06,5.2797e-06,5.5242e-06
P54,60.00,135.00,60.00,0.00,2.9388e-08,1.7460e-07,6.1013e-07,1.9522e-06,5.3159e-06,5.3055e-06,4.6467e-06,2.8021e-08,1.5824e-07,4.5928e-07,1.9526e-06,4.1701e-06,5.2147e-06,5.2223e-06
P54,0.00,180.00,60.00,0.00,2.6807e-08,2.1831e-07,6.9343e-07,2.0552e-06,5.3998e-06,5.3893e-06,5.1723e-06,2.5635e-08,1.9994e-07,5.3653e-07,2.0465e-06,4.2468e-06,5.2937e-06,5.5919e-06
P54,0.00,45.00,30.00,0.00,3.6164e-08,2.1833e-07,6.9353e-07,2.0553e-06,5.3998e-06,5.3893e-06,5.1723e-06,3.4413e-08,1.9995e-07,5.3658e-07,2.0466e-06,4.2467e-06,5.2937e-06,5.5919e-06
P54,30.00,180.00,60.00,0.00,2.3793e-08,2.0915e-07,6.7735e-07,2.0375e-06,5.3849e-06,5.3745e-06,5.0732e-06,2.2742e-08,1.9115e-07,5.2126e-07,2.0306e-06,4.2333e-06,5.2796e-06,5.5241e-06
P54,60.00,135.00,0.00,0.00,4.9567e-08,1.7463e-07,6.1035e-07,1.9529e-06,5.3159e-06,5.3055e-06,4.6467e-06,4.7149e-08,1.5825e-07,4.5937e-07,1.9534e-06,4.1702e-06,5.2148e-06,5.2224e-06
P54,30.00,180.00,0.00,0.00,4.1118e-08,2.0918e-07,6.7754e-07,2.0379e-06,5.3850e-06,5.3745e-06,5.0732e-06,3.9085e-08,1.9116e-07,5.2135e-07,2.0310e-06,4.2333e-06,5.2797e-06,5.5242e-06
P54,30.00,45.00,30.00,0.00,4.4177e-08,2.0919e-07,6.7759e-07,2.0382e-06,5.3850e-06,5.3745e-06,5.0732e-06,4.2038e-08,1.9116e-07,5.2137e-07,2.0313e-06,4.2334e-06,5.2797e-06,5.5242e-06
P54,0.00,180.00,0.00,0.00,3.8102e-08,2.1834e-07,6.9357e-07,2.0553e-06,5.3998e-06,5.3893e-06,5.1723e-06,3.6244e-08,1.9995e-07,5.3661e-07,2.0466e-06,4.2467e-06,5.2937e-06,5.5919e-06
P54,0.00,180.00,30.00,0.00,3.6164e-08,2.1833e-07,6.9353e-07,2.0553e-06,5.3998e-06,5.3893e-06,5.1723e-06,3.4413e-08,1.9995e-07,5.3658e-07,2.0466e-06,4.2467e-06,5.2937e-06,5.5919e-06
P54,30.00,90.00,60.00,0.00,3.0410e-08,2.0916e-07,6.7742e-07,2.0378e-06,5.3850e-06,5.3745e-06,5.0732e-06,2.9046e-08,1.9115e-07,5.2128e-07,2.0309e-06,4.2333e-06,5.2797e-06,5.5242e-06
P54,60.00,0.00,0.00,0.00,4.9567e-08,1.7463e-07,6.1035e-07,1.9529e-06,5.3159e-06,5.3055e-06,4.6467e-06,4.7149e-08,1.5825e-07,4.5937e-07,1.9534e-06,4.1702e-06,5.2148e-06,5.2224e-06
P54,60.00,0.00,30.00,0.00,7.1345e-08,1.7467e-07,6.1060e-07,1.9542e-06,5.3161e-06,5.3056e-06,4.6468e-06,6.7971e-08,1.5825e-07,4.5945e-07,1.9547e-06,4.1704e-06,5.2149e-06,5.2224e-06
P54,30.00,135.00,60.00,0.00,2.5375e-08,2.0915e-07,6.7736e-07,2.0376e-06,5.3849e-06,5.3745e-06,5.0732e-06,2.4247e-08,1.9115e-07,5.2126e-07,2.0307e-06,4.2333e-06,5.2796e-06,5.5241e-06
P54,0.00,45.00,0.00,0.00,3.8102e-08,2.1834e-07,6.9357e-07,2.0553e-06,5.3998e-06,5.3893e-06,5.1723e-06,3.6244e-08,1.9995e-07,5.3661e-07,2.0466e-06,4.2467e-06,5.2937e-06,5.5919e-06
P54,0.00,0.00,0.00,0.00,3.8102e-08,2.1834e-07,6.9357e-07,2.0553e-06,5.3998e-06,5.3893e-06,5.1723e-06,3.6244e-08,1.9995e-07,5.3661e-07,2.0466e-06,4.2467e-06,5.2937e-06,5.5919e-06
P54,0.00,90.00,30.00,0.00,3.6164e-08,2.1833e-07,6.9353e-07,2.0553e-06,5.3998e-06,5.3893e-06,5.1723e-06,3.4413e-08,1.9995e-07,5.3658e-07,2.0466e-06,4.2467e-06,5.2937e-06,5.5919e-06
P54,0.00,45.00,60.00,0.00,2.6807e-08,2.1831e-07,6.9343e-07,2.0552e-06,5.3998e-06,5.3893e-06,5.1723e-06,2.5635e-08,1.9994e-07,5.3653e-07,2.0465e-06,4.2468e-06,5.2937e-06,5.5919e-06
P54,60.00,180.00,30.00,0.00,3.8286e-08,1.7461e-07,6.1022e-07,1.9523e-06,5.3159e-06,5.3055e-06,4.6467e-06,3.6413e-08,1.5824e-07,4.5932e-07,1.9528e-06,4.1701e-06,5.2147e-06,5.2223e-06
P54,30.00,0.00,30.00,0.00,4.6262e-08,2.0920e-07,6.7763e-07,2.0383e-06,5.3850e-06,5.3745e-06,5.0732e-06,4.4029e-08,1.9116e-07,5.2138e-07,2.0315e-06,4.2334e-06,5.2797e-06,5.5242e-06
P54,0.00,0.00,30.00,0.00,3.6164e-08,2.1833e-07,6.9353e-07,2.0553e-06,5.3998e-06,5.3893e-06,5.1723e-06,3.4413e-08,1.9995e-07,5.3658e-07,2.0466e-06,4.2467e-06,5.2937e-06,5.5919e-06
P54,0.00,135.00,0.00,0.00,3.8102e-08,2.1834e-07,6.9357e-07,2.0553e-06,5.3998e-06,5.3893e-06,5.1723e-06,3.6244e-08,1.9995e-07,5.3661e-07,2.0466e-06,4.2467e-06,5.2937e-06,5.5919e-06
P54,0.00,135.00,60.00,0.00,2.6807e-08,2.1831e-07,6.9343e-07,2.0552e-06,5.3998e-06,5.3893e-06,5.1723e-06,2.5635e-08,1.9994e-07,5.3653e-07,2.0465e-06,4.2468e-06,5.2937e-06,5.5919e-06
P54,30.00,135.00,30.00,0.00,3.6485e-08,2.0917e-07,6.7748e-07,2.0377e-06,5.3849e-06,5.3745e-06,5.0732e-06,3.4706e-08,1.9116e-07,5.2132e-07,2.0308e-06,4.2332e-06,5.2796e-06,5.5242e-06
P54,30.00,135.00,0.00,0.00,4.1118e-08,2.0918e-07,6.7754e-07,2.0379e-06,5.3850e-06,5.3745e-06,5.0732e-06,3.9085e-08,1.9116e-07,5.2135e-07,2.0310e-06,4.2333e-06,5.2797e-06,5.5242e-06
P54,60.00,45.00,60.00,0.00,7.5285e-08,1.7467e-07,6.1057e-07,1.9550e-06,5.3162e-06,5.3058e-06,4.6468e-06,7.1868e-08,1.5825e-07,4.5942e-07,1.9556e-06,4.1706e-06,5.2150e-06,5.2225e-06
P54,30.00,0.00,60.00,0.00,4.2902e-08,2.0918e-07,6.7758e-07,2.0386e-06,5.3850e-06,5.3746e-06,5.0732e-06,4.0986e-08,1.9116e-07,5.2134e-07,2.0317e-06,4.2334e-06,5.2797e-06,5.5242e-06
P55,0.00,180.00,30.00,0.00,4.2174e-08,2.6549e-07,8.9424e-07,3.2922e-06,7.6159e-06,7.6035e-06,6.6188e-06,4.0644e-08,2.4133e-07,6.5480e-07,3.3010e-06,6.2570e-06,7.5008e-06,7.3603e-06
P55,30.00,90.00,0.00,0.00,4.6725e-08,2.5419e-07,8.6287e-07,3.2598e-06,7.5880e-06,7.5756e-06,6.4619e-06,4.4935e-08,2.3084e-07,6.3011e-07,3.2720e-06,6.2341e-06,7.4748e-06,7.2449e-06
P55,60.00,0.00,30.00,0.00,7.4069e-08,2.1431e-07,7.4445e-07,3.1017e-06,7.4518e-06,7.4396e-06,5.8077e-06,7.1131e-08,1.9407e-07,5.4027e-07,3.1277e-06,6.1199e-06,7.3478e-06,6.7417e-06
P55,60.00,45.00,0.00,0.00,5.3422e-08,2.1430e-07,7.4444e-07,3.1006e-06,7.4517e-06,7.4395e-06,5.8077e-06,5.1327e-08,1.9407e-07,5.4027e-07,3.1265e-06,6.1198e-06,7.3477e-06,6.7416e-06
P55,0.00,135.00,0.00,0.00,4.4101e-08,2.6549e-07,8.9424e-07,3.2923e-06,7.6159e-06,7.6035e-06,6.6188e-06,4.2466e-08,2.4133e-07,6.5480e-07,3.3010e-06,6.2570e-06,7.5008e-06,7.3603e-06
P55,30.00,180.00,0.00,0.00,4.6725e-08,2.5419e-07,8.6287e-07,3.2598e-06,7.5880e-06,7.5756e-06,6.4619e-06,4.4935e-08,2.3084e-07,6.3011e-07,3.2720e-06,6.2341e-06,7.4748e-06,7.2449e-06
P55,0.00,90.00,0.00,0.00,4.4101e-08,2.6549e-07,8.9424e-07,3.2923e-06,7.6159e-06,7.6035e-06,6.6188e-06,4.2466e-08,2.4133e-07,6.5480e-07,3.3010e-06,6.2570e-06,7.5008e-06,7.3603e-06
P55,0.00,45.00,60.00,0.00,3.2941e-08,2.6548e-07,8.9423e-07,3.2921e-06,7.6159e-06,7.6035e-06,6.6187e-06,3.1970e-08,2.4133e-07,6.5480e-07,3.3009e-06,6.2570e-06,7.5008e-06,7.3603e-06
P55,60.00,135.00,30.00,0.00,4.5252e-08,2.1430e-07,7.4443e-07,3.1002e-06,7.4516e-06,7.4394e-06,5.8076e-06,4.3530e-08,1.9407e-07,5.4027e-07,3.1260e-06,6.1197e-06,7.3476e-06,6.7416e-06
P55,60.00,180.00,30.00,0.00,4.2652e-08,2.1430e-07,7.4443e-07,3.1001e-06,7.4516e-06,7.4394e-06,5.8076e-06,4.1050e-08,1.9407e-07,5.4027e-07,3.1260e-06,6.1197e-06,7.3476e-06,6.7416e-06
P55,0.00,0.00,30.00,0.00,4.2174e-08,2.6549e-07,8.9424e-07,3.2922e-06,7.6159e-06,7.6035e-06,6.6188e-06,4.0644e-08,2.4133e-07,6.5480e-07,3.3010e-06,6.2570e-06,7.5008e-06,7.3603e-06
P55,30.00,45.00,0.00,0.00,4.6725e-08,2.5419e-07,8.6287e-07,3.2598e-06,7.5880e-06,7.5756e-06,6.4619e-06,4.4935e-08,2.3084e-07,6.3011e-07,3.2720e-06,6.2341e-06,7.4748e-06,7.2449e-06
P55,0.00,135.00,60.00,0.00,3.2941e-08,2.6548e-07,8.9423e-07,3.2921e-06,7.6159e-06,7.6035e-06,6.6187e-06,3.1970e-08,2.4133e-07,6.5480e-07,3.3009e-06,6.2570e-06,7.5008e-06,7.3603e-06
P55,30.00,180.00,30.00,0.00,4.0962e-08,2.5418e-07,8.6287e-07,3.2594e-06,7.5879e-06,7.5756e-06,6.4619e-06,3.9462e-08,2.3084e-07,6.3011e-07,3.2716e-06,6.2341e-06,7.4747e-06,7.2449e-06
P55,0.00,135.00,30.00,0.00,4.2174e-08,2.6549e-07,8.9424e-07,3.2922e-06,7.6159e-06,7.6035e-06,6.6188e-06,4.0644e-08,2.4133e-07,6.5480e-07,3.3010e-06,6.2570e-06,7.5008e-06,7.3603e-06
P55,60.00,180.00,0.00,0.00,5.3422e-08,2.1430e-07,7.4444e-07,3.1006e-06,7.4517e-06,7.4395e-06,5.8077e-06,5.1327e-08,1.9407e-07,5.4027e-07,3.1265e-06,6.1198e-06,7.3477e-06,6.7416e-06
P55,30.00,45.00,30.00,0.00,4.9608e-08,2.5419e-07,8.6288e-07,3.2600e-06,7.5880e-06,7.5757e-06,6.4619e-06,4.7728e-08,2.3084e-07,6.3011e-07,3.2722e-06,6.2342e-06,7.4748e-06,7.2450e-06
P55,30.00,90.00,30.00,0.00,4.5559e-08,2.5418e-07,8.6287e-07,3.2598e-06,7.5880e-06,7.5757e-06,6.4619e-06,4.3860e-08,2.3084e-07,6.3011e-07,3.2720e-06,6.2342e-06,7.4748e-06,7.2449e-06
P55,60.00,90.00,30.00,0.00,5.3529e-08,2.1430e-07,7.4444e-07,3.1006e-06,7.4516e-06,7.4395e-06,5.8077e-06,5.1442e-08,1.9407e-07,5.4027e-07,3.1265e-06,6.1197e-06,7.3476e-06,6.7416e-06
P55,0.00,90.00,60.00,0.00,3.2941e-08,2.6548e-07,8.9423e-07,3.2921e-06,7.6159e-06,7.6035e-06,6.6187e-06,3.1970e-08,2.4133e-07,6.5480e-07,3.3009e-06,6.2570e-06,7.5008e-06,7.3603e-06
P55,0.00,0.00,0.00,0.00,4.4101e-08,2.6549e-07,8.9424e-07,3.2923e-06,7.6159e-06,7.6035e-06,6.6188e-06,4.2466e-08,2.4133e-07,6.5480e-07,3.3010e-06,6.2570e-06,7.5008e-06,7.3603e-06
P55,0.00,180.00,60.00,0.00,3.2941e-08,2.6548e-07,8.9423e-07,3.2921e-06,7.6159e-06,7.6035e-06,6.6187e-06,3.1970e-08,2.4133e-07,6.5480e-07,3.3009e-06,6.2570e-06,7.5008e-06,7.3603e-06
P55,30.00,180.00,60.00,0.00,2.9823e-08,2.5418e-07,8.6286e-07,3.2594e-06,7.5880e-06,7.5756e-06,6.4619e-06,2.8963e-08,2.3084e-07,6.3011e-07,3.2716e-06,6.2341e-06,7.4747e-06,7.2449e-06
P55,0.00,0.00,60.00,0.00,3.2941e-08,2.6548e-07,8.9423e-07,3.2921e-06,7.6159e-06,7.6035e-06,6.6187e-06,3.1970e-08,2.4133e-07,6.5480e-07,3.3009e-06,6.2570e-06,7.5008e-06,7.3603e-06
P55,60.00,90.00,60.00,0.00,4.6342e-08,2.1430e-07,7.4443e-07,3.1006e-06,7.4517e-06,7.4395e-06,5.8077e-06,4.4672e-08,1.9407e-07,5.4027e-07,3.1265e-06,6.1198e-06,7.3477e-06,6.7416e-06
P55,60.00,135.00,0.00,0.00,5.3422e-08,2.1430e-07,7.4444e-07,3.1006e-06,7.4517e-06,7.4395e-06,5.8077e-06,5.1327e-08,1.9407e-07,5.4027e-07,3.1265e-06,6.1198e-06,7.3477e-06,6.7416e-06
P55,0.00,45.00,30.00,0.00,4.2174e-08,2.6549e-07,8.9424e-07,3.2922e-06,7.6159e-06,7.6035e-06,6.6188e-06,4.0644e-08,2.4133e-07,6.5480e-07,3.3010e-06,6.2570e-06,7.5008e-06,7.3603e-06
P55,60.00,45.00,60.00,0.00,7.7371e-08,2.1431e-07,7.4444e-07,3.1024e-06,7.4519e-06,7.4397e-06,5.8077e-06,7.4447e-08,1.9407e-07,5.4027e-07,3.1285e-06,6.1201e-06,7.3479e-06,6.7417e-06
P55,30.00,0.00,30.00,0.00,5.1614e-08,2.5419e-07,8.6288e-07,3.2602e-06,7.5880e-06,7.5757e-06,6.4619e-06,4.9649e-08,2.3084e-07,6.3011e-07,3.2724e-06,6.2343e-06,7.4748e-06,7.2450e-06
P55,30.00,45.00,60.00,0.00,4.3603e-08,2.5418e-07,8.6287e-07,3.2602e-06,7.5880e-06,7.5757e-06,6.4619e-06,4.2148e-08,2.3084e-07,6.3011e-07,3.2724e-06,6.2343e-06,7.4748e-06,7.2450e-06
P55,30.00,135.00,60.00,0.00,3.1330e-08,2.5418e-07,8.6286e-07,3.2595e-06,7.5880e-06,7.5756e-06,6.4619e-06,3.0401e-08,2.3084e-07,6.3011e-07,3.2716e-06,6.2341e-06,7.4747e-06,7.2449e-06
P55,30.00,90.00,60.00,0.00,3.6130e-08,2.5418e-07,8.6286e-07,3.2597e-06,7.5880e-06,7.5757e-06,6.4619e-06,3.4988e-08,2.3084e-07,6.3011e-07,3.2719e-06,6.2341e-06,7.4748e-06,7.2449e-06
P55,30.00,0.00,0.00,0.00,4.6725e-08,2.5419e-07,8.6287e-07,3.2598e-06,7.5880e-06,7.5756e-06,6.4619e-06,4.4935e-08,2.3084e-07,6.3011e-07,3.2720e-06,6.2341e-06,7.4748e-06,7.2449e-06
P55,60.00,180.00,60.00,0.00,3.0795e-08,2.1429e-07,7.4442e-07,3.0996e-06,7.4515e-06,7.4394e-06,5.8076e-06,2.9800e-08,1.9407e-07,5.4027e-07,3.1254e-06,6.1195e-06,7.3475e-06,6.7416e-06
P55,30.00,135.00,30.00,0.00,4.2207e-08,2.5418e-07,8.6287e-07,3.2596e-06,7.5880e-06,7.5756e-06,6.4619e-06,4.0657e-08,2.3084e-07,6.3011e-07,3.2718e-06,6.2341e-06,7.4747e-06,7.2449e-06
P55,0.00,90.00,30.00,0.00,4.2174e-08,2.6549e-07,8.9424e-07,3.2922e-06,7.6159e-06,7.6035e-06,6.6188e-06,4.0644e-08,2.4133e-07,6.5480e-07,3.3010e-06,6.2570e-06,7.5008e-06,7.3603e-06
P55,0.00,45.00,0.00,0.00,4.4101e-08,2.6549e-07,8.9424e-07,3.2923e-06,7.6159e-06,7.6035e-06,6.6188e-06,4.2466e-08,2.4133e-07,6.5480e-07,3.3010e-06,6.2570e-06,7.5008e-06,7.3603e-06
P55,60.00,90.00,0.00,0.00,5.3422e-08,2.1430e-07,7.4444e-07,3.1006e-06,7.4517e-06,7.4395e-06,5.8077e-06,5.1327e-08,1.9407e-07,5.4027e-07,3.1265e-06,6.1198e-06,7.3477e-06,6.7416e-06
P55,60.00,0.00,0.00,0.00,5.3422e-08,2.1430e-07,7.4444e-07,3.1006e-06,7.4517e-06,7.4395e-06,5.8077e-06,5.1327e-08,1.9407e-07,5.4027e-07,3.1265e-06,6.1198e-06,7.3477e-06,6.7416e-06
P55,60.00,0.00,60.00,0.00,1.0948e-07,2.1433e-07,7.4445e-07,3.1049e-06,7.4522e-06,7.4400e-06,5.8077e-06,1.0539e-07,1.9407e-07,5.4027e-07,3.1311e-06,6.1207e-06,7.3482e-06,6.7419e-06
P55,30.00,135.00,0.00,0.00,4.6725e-08,2.5419e-07,8.6287e-07,3.2598e-06,7.5880e-06,7.5756e-06,6.4619e-06,4.4935e-08,2.3084e-07,6.3011e-07,3.2720e-06,6.2341e-06,7.4748e-06,7.2449e-06
P55,60.00,45.00,30.00,0.00,6.6418e-08,2.1431e-07,7.4444e-07,3.1014e-06,7.4517e-06,7.4396e-06,5.8077e-06,6.3794e-08,1.9407e-07,5.4027e-07,3.1273e-06,6.1199e-06,7.3477e-06,6.7417e-06
P55,30.00,0.00,60.00,0.00,4.8038e-08,2.5419e-07,8.6287e-07,3.2604e-06,7.5881e-06,7.5757e-06,6.4619e-06,4.6402e-08,2.3084e-07,6.3011e-07,3.2726e-06,6.2343e-06,7.4748e-06,7.2450e-06
P55,0.00,180.00,0.00,0.00,4.4101e-08,2.6549e-07,8.9424e-07,3.2923e-06,7.6159e-06,7.6035e-06,6.6188e-06,4.2466e-08,2.4133e-07,6.5480e-07,3.3010e-06,6.2570e-06,7.5008e-06,7.3603e-06
P55,60.00,135.00,60.00,0.00,3.4031e-08,2.1429e-07,7.4442e-07,3.0999e-06,7.4516e-06,7.4394e-06,5.8076e-06,3.2901e-08,1.9407e-07,5.4027e-07,3.1258e-06,6.1197e-06,7.3476e-06,6.7416e-06
P56,0.00,90.00,0.00,0.00,5.9396e-08,3.5173e-07,1.1892e-06,5.0029e-06,1.0253e-05,1.0240e-05,8.4980e-06,5.8236e-08,3.1867e-07,8.6234e-07,5.0216e-06,8.7885e-06,1.0144e-05,9.5101e-06
P56,30.00,0.00,30.00,0.00,6.5505e-08,3.3502e-07,1.1435e-06,4.9537e-06,1.0205e-05,1.0192e-05,8.2888e-06,6.4098e-08,3.0314e-07,8.2645e-07,4.9769e-06,8.7507e-06,1.0098e-05,9.3497e-06
P56,30.00,45.00,0.00,0.00,6.1135e-08,3.3502e-07,1.1435e-06,4.9534e-06,1.0205e-05,1.0192e-05,8.2888e-06,5.9860e-08,3.0314e-07,8.2645e-07,4.9766e-06,8.7506e-06,1.0098e-05,9.3497e-06
P56,0.00,0.00,60.00,0.00,4.8786e-08,3.5173e-07,1.1892e-06,5.0028e-06,1.0253e-05,1.0240e-05,8.4980e-06,4.8218e-08,3.1867e-07,8.6234e-07,5.0215e-06,8.7886e-06,1.0144e-05,9.5101e-06
P56,0.00,180.00,0.00,0.00,5.9396e-08,3.5173e-07,1.1892e-06,5.0029e-06,1.0253e-05,1.0240e-05,8.4980e-06,5.8236e-08,3.1867e-07,8.6234e-07,5.0216e-06,8.7885e-06,1.0144e-05,9.5101e-06
P56,30.00,180.00,0.00,0.00,6.1135e-08,3.3502e-07,1.1435e-06,4.9534e-06,1.0205e-05,1.0192e-05,8.2888e-06,5.9860e-08,3.0314e-07,8.2645e-07,4.9766e-06,8.7506e-06,1.0098e-05,9.3497e-06
P56,0.00,0.00,0.00,0.00,5.9396e-08,3.5173e-07,1.1892e-06,5.0029e-06,1.0253e-05,1.0240e-05,8.4980e-06,5.8236e-08,3.1867e-07,8.6234e-07,5.0216e-06,8.7885e-06,1.0144e-05,9.5101e-06
P56,0.00,135.00,30.00,0.00,5.7548e-08,3.5173e-07,1.1892e-06,5.0029e-06,1.0253e-05,1.0240e-05,8.4980e-06,5.6484e-08,3.1867e-07,8.6234e-07,5.0216e-06,8.7886e-06,1.0144e-05,9.5101e-06
P56,60.00,0.00,30.00,0.00,8.2584e-08,2.7662e-07,9.7285e-07,4.7303e-06,9.9840e-06,9.9711e-06,7.4272e-06,8.0488e-08,2.4931e-07,6.9613e-07,4.7722e-06,8.5774e-06,9.8920e-06,8.6662e-06
P56,0.00,0.00,30.00,0.00,5.7548e-08,3.5173e-07,1.1892e-06,5.0029e-06,1.0253e-05,1.0240e-05,8.4980e-06,5.6484e-08,3.1867e-07,8.6234e-07,5.0216e-06,8.7886e-06,1.0144e-05,9.5101e-06
P56,30.00,45.00,30.00,0.00,6.3675e-08,3.3502e-07,1.1435e-06,4.9536e-06,1.0205e-05,1.0192e-05,8.2888e-06,6.2337e-08,3.0314e-07,8.2645e-07,4.9768e-06,8.7506e-06,1.0098e-05,9.3497e-06
P56,30.00,135.00,0.00,0.00,6.1135e-08,3.3502e-07,1.1435e-06,4.9534e-06,1.0205e-05,1.0192e-05,8.2888e-06,5.9860e-08,3.0314e-07,8.2645e-07,4.9766e-06,8.7506e-06,1.0098e-05,9.3497e-06
P56,60.00,180.00,60.00,0.00,4.3794e-08,2.7661e-07,9.7285e-07,4.7288e-06,9.9839e-06,9.9710e-06,7.4272e-06,4.3237e-08,2.4931e-07,6.9613e-07,4.7705e-06,8.5771e-06,9.8919e-06,8.6661e-06
P56,0.00,90.00,30.00,0.00,5.7548e-08,3.5173e-07,1.1892e-06,5.0029e-06,1.0253e-05,1.0240e-05,8.4980e-06,5.6484e-08,3.1867e-07,8.6234e-07,5.0216e-06,8.7886e-06,1.0144e-05,9.5101e-06
P56,60.00,90.00,60.00,0.00,5.7359e-08,2.7662e-07,9.7285e-07,4.7295e-06,9.9839e-06,9.9710e-06,7.4272e-06,5.6292e-08,2.4931e-07,6.9613e-07,4.7712e-06,8.5773e-06,9.8920e-06,8.6661e-06
P56,0.00,45.00,0.00,0.00,5.9396e-08,3.5173e-07,1.1892e-06,5.0029e-06,1.0253e-05,1.0240e-05,8.4980e-06,5.8236e-08,3.1867e-07,8.6234e-07,5.0216e-06,8.7885e-06,1.0144e-05,9.5101e-06
P56,30.00,90.00,0.00,0.00,6.1135e-08,3.3502e-07,1.1435e-06,4.9534e-06,1.0205e-05,1.0192e-05,8.2888e-06,5.9860e-08,3.0314e-07,8.2645e-07,4.9766e-06,8.7506e-06,1.0098e-05,9.3497e-06
P56,60.00,135.00,30.00,0.00,5.6965e-08,2.7662e-07,9.7285e-07,4.7293e-06,9.9839e-06,9.9710e-06,7.4272e-06,5.5811e-08,2.4931e-07,6.9613e-07,4.7710e-06,8.5772e-06,9.8919e-06,8.6661e-06
P56,60.00,90.00,0.00,0.00,6.4359e-08,2.7662e-07,9.7285e-07,4.7296e-06,9.9840e-06,9.9711e-06,7.4272e-06,6.2905e-08,2.4931e-07,6.9613e-07,4.7713e-06,8.5773e-06,9.8920e-06,8.6661e-06
P56,0.00,45.00,30.00,0.00,5.7548e-08,3.5173e-07,1.1892e-06,5.0029e-06,1.0253e-05,1.0240e-05,8.4980e-06,5.6484e-08,3.1867e-07,8.6234e-07,5.0216e-06,8.7886e-06,1.0144e-05,9.5101e-06
P56,30.00,135.00,60.00,0.00,4.6721e-08,3.3501e-07,1.1435e-06,4.9531e-06,1.0205e-05,1.0192e-05,8.2888e-06,4.6194e-08,3.0314e-07,8.2645e-07,4.9763e-06,8.7505e-06,1.0098e-05,9.3497e-06
P56,0.00,180.00,60.00,0.00,4.8786e-08,3.5173e-07,1.1892e-06,5.0028e-06,1.0253e-05,1.0240e-05,8.4980e-06,4.8218e-08,3.1867e-07,8.6234e-07,5.0215e-06,8.7886e-06,1.0144e-05,9.5101e-06
P56,0.00,90.00,60.00,0.00,4.8786e-08,3.5173e-07,1.1892e-06,5.0028e-06,1.0253e-05,1.0240e-05,8.4980e-06,4.8218e-08,3.1867e-07,8.6234e-07,5.0215e-06,8.7886e-06,1.0144e-05,9.5101e-06
P56,60.00,135.00,60.00,0.00,4.6616e-08,2.7661e-07,9.7285e-07,4.7290e-06,9.9839e-06,9.9710e-06,7.4272e-06,4.5959e-08,2.4931e-07,6.9613e-07,4.7708e-06,8.5772e-06,9.8919e-06,8.6661e-06
P56,0.00,135.00,0.00,0.00,5.9396e-08,3.5173e-07,1.1892e-06,5.0029e-06,1.0253e-05,1.0240e-05,8.4980e-06,5.8236e-08,3.1867e-07,8.6234e-07,5.0216e-06,8.7885e-06,1.0144e-05,9.5101e-06
P56,30.00,90.00,60.00,0.00,5.1025e-08,3.3502e-07,1.1435e-06,4.9533e-06,1.0205e-05,1.0192e-05,8.2888e-06,5.0329e-08,3.0314e-07,8.2645e-07,4.9765e-06,8.7506e-06,1.0098e-05,9.3497e-06
P56,60.00,135.00,0.00,0.00,6.4359e-08,2.7662e-07,9.7285e-07,4.7296e-06,9.9840e-06,9.9711e-06,7.4272e-06,6.2905e-08,2.4931e-07,6.9613e-07,4.7713e-06,8.5773e-06,9.8920e-06,8.6661e-06
P56,0.00,180.00,30.00,0.00,5.7548e-08,3.5173e-07,1.1892e-06,5.0029e-06,1.0253e-05,1.0240e-05,8.4980e-06,5.6484e-08,3.1867e-07,8.6234e-07,5.0216e-06,8.7886e-06,1.0144e-05,9.5101e-06
P56,60.00,90.00,30.00,0.00,6.4324e-08,2.7662e-07,9.7285e-07,4.7295e-06,9.9839e-06,9.9710e-06,7.4272e-06,6.2887e-08,2.4931e-07,6.9613e-07,4.7713e-06,8.5773e-06,9.8920e-06,8.6661e-06
P56,30.00,90.00,30.00,0.00,5.9981e-08,3.3502e-07,1.1435e-06,4.9534e-06,1.0205e-05,1.0192e-05,8.2888e-06,5.8791e-08,3.0314e-07,8.2645e-07,4.9766e-06,8.7506e-06,1.0098e-05,9.3497e-06
P56,60.00,180.00,30.00,0.00,5.4653e-08,2.7662e-07,9.7285e-07,4.7292e-06,9.9839e-06,9.9710e-06,7.4272e-06,5.3593e-08,2.4931e-07,6.9613e-07,4.7709e-06,8.5772e-06,9.8919e-06,8.6661e-06
P56,0.00,45.00,60.00,0.00,4.8786e-08,3.5173e-07,1.1892e-06,5.0028e-06,1.0253e-05,1.0240e-05,8.4980e-06,4.8218e-08,3.1867e-07,8.6234e-07,5.0215e-06,8.7886e-06,1.0144e-05,9.5101e-06
P56,60.00,0.00,60.00,0.00,1.1240e-07,2.7663e-07,9.7285e-07,4.7324e-06,9.9842e-06,9.9713e-06,7.4272e-06,1.0953e-07,2.4931e-07,6.9613e-07,4.7744e-06,8.5779e-06,9.8922e-06,8.6662e-06
P56,60.00,45.00,60.00,0.00,8.4416e-08,2.7662e-07,9.7285e-07,4.7307e-06,9.9840e-06,9.9711e-06,7.4272e-06,8.2411e-08,2.4931e-07,6.9613e-07,4.7726e-06,8.5775e-06,9.8921e-06,8.6662e-06
P56,60.00,45.00,0.00,0.00,6.4359e-08,2.7662e-07,9.7285e-07,4.7296e-06,9.9840e-06,9.9711e-06,7.4272e-06,6.2905e-08,2.4931e-07,6.9613e-07,4.7713e-06,8.5773e-06,9.8920e-06,8.6661e-06
P56,60.00,0.00,0.00,0.00,6.4359e-08,2.7662e-07,9.7285e-07,4.7296e-06,9.9840e-06,9.9711e-06,7.4272e-06,6.2905e-08,2.4931e-07,6.9613e-07,4.7713e-06,8.5773e-06,9.8920e-06,8.6661e-06
P56,60.00,180.00,0.00,0.00,6.4359e-08,2.7662e-07,9.7285e-07,4.7296e-06,9.9840e-06,9.9711e-06,7.4272e-06,6.2905e-08,2.4931e-07,6.9613e-07,4.7713e-06,8.5773e-06,9.8920e-06,8.6661e-06
P56,0.00,135.00,60.00,0.00,4.8786e-08,3.5173e-07,1.1892e-06,5.0028e-06,1.0253e-05,1.0240e-05,8.4980e-06,4.8218e-08,3.1867e-07,8.6234e-07,5.0215e-06,8.7886e-06,1.0144e-05,9.5101e-06
P56,30.00,135.00,30.00,0.00,5.6922e-08,3.3502e-07,1.1435e-06,4.9533e-06,1.0205e-05,1.0192e-05,8.2888e-06,5.5855e-08,3.0314e-07,8.2645e-07,4.9764e-06,8.7505e-06,1.0098e-05,9.3497e-06
P56,30.00,180.00,30.00,0.00,5.5787e-08,3.3502e-07,1.1435e-06,4.9531e-06,1.0205e-05,1.0192e-05,8.2888e-06,5.4760e-08,3.0314e-07,8.2645e-07,4.9763e-06,8.7505e-06,1.0098e-05,9.3497e-06
P56,60.00,45.00,30.00,0.00,7.5783e-08,2.7662e-07,9.7285e-07,4.7301e-06,9.9840e-06,9.9711e-06,7.4272e-06,7.3929e-08,2.4931e-07,6.9613e-07,4.7719e-06,8.5774e-06,9.8920e-06,8.6661e-06
P56,30.00,0.00,0.00,0.00,6.1135e-08,3.3502e-07,1.1435e-06,4.9534e-06,1.0205e-05,1.0192e-05,8.2888e-06,5.9860e-08,3.0314e-07,8.2645e-07,4.9766e-06,8.7506e-06,1.0098e-05,9.3497e-06
P56,30.00,45.00,60.00,0.00,5.7726e-08,3.3502e-07,1.1435e-06,4.9536e-06,1.0205e-05,1.0192e-05,8.2888e-06,5.6783e-08,3.0314e-07,8.2645e-07,4.9768e-06,8.7507e-06,1.0098e-05,9.3497e-06
P56,30.00,0.00,60.00,0.00,6.1704e-08,3.3502e-07,1.1435e-06,4.9538e-06,1.0205e-05,1.0192e-05,8.2888e-06,6.0616e-08,3.0314e-07,8.2645e-07,4.9770e-06,8.7507e-06,1.0098e-05,9.3497e-06
P56,30.00,180.00,60.00,0.00,4.5369e-08,3.3501e-07,1.1435e-06,4.9531e-06,1.0205e-05,1.0192e-05,8.2888e-06,4.4898e-08,3.0314e-07,8.2645e-07,4.9762e-06,8.7505e-06,1.0098e-05,9.3497e-06
P57,30.00,45.00,30.00,0.00,4.2350e-08,2.2588e-07,5.2201e-07,1.3283e-06,3.9226e-06,3.9138e-06,4.8445e-06,4.0161e-08,2.1348e-07,4.4241e-07,1.3012e-06,2.9552e-06,3.8296e-06,4.6787e-06
P57,0.00,180.00,60.00,0.00,2.4756e-08,2.2721e-07,5.2211e-07,1.3297e-06,3.9188e-06,3.9100e-06,4.8447e-06,2.3542e-08,2.1487e-07,4.4306e-07,1.3030e-06,2.9526e-06,3.8256e-06,4.6773e-06
P57,60.00,45.00,30.00,0.00,6.2137e-08,2.1956e-07,5.1890e-07,1.3140e-06,3.9316e-06,3.9228e-06,4.8399e-06,5.9063e-08,2.0710e-07,4.3725e-07,1.2848e-06,2.9600e-06,3.8395e-06,4.6781e-06
P57,30.00,180.00,0.00,0.00,3.9246e-08,2.2586e-07,5.2188e-07,1.3280e-06,3.9226e-06,3.9138e-06,4.8445e-06,3.7165e-08,2.1347e-07,4.4234e-07,1.3009e-06,2.9551e-06,3.8295e-06,4.6787e-06
P57,30.00,45.00,0.00,0.00,3.9246e-08,2.2586e-07,5.2188e-07,1.3280e-06,3.9226e-06,3.9138e-06,4.8445e-06,3.7165e-08,2.1347e-07,4.4234e-07,1.3009e-06,2.9551e-06,3.8295e-06,4.6787e-06
P57,0.00,0.00,0.00,0.00,3.6101e-08,2.2727e-07,5.2234e-07,1.3298e-06,3.9188e-06,3.9100e-06,4.8447e-06,3.4196e-08,2.1491e-07,4.4324e-07,1.3031e-06,2.9525e-06,3.8256e-06,4.6774e-06
P57,60.00,45.00,60.00,0.00,7.4487e-08,2.1959e-07,5.1918e-07,1.3152e-06,3.9318e-06,3.9229e-06,4.8399e-06,7.1007e-08,2.0710e-07,4.3735e-07,1.2861e-06,2.9602e-06,3.8396e-06,4.6782e-06
P57,60.00,180.00,60.00,0.00,2.4395e-08,2.1941e-07,5.1796e-07,1.3120e-06,3.9314e-06,3.9226e-06,4.8398e-06,2.3144e-08,2.0703e-07,4.3672e-07,1.2826e-06,2.9596e-06,3.8393e-06,4.6780e-06
P57,30.00,0.00,60.00,0.00,4.1139e-08,2.2586e-07,5.2205e-07,1.3287e-06,3.9227e-06,3.9139e-06,4.8445e-06,3.9175e-08,2.1347e-07,4.4239e-07,1.3016e-06,2.9552e-06,3.8296e-06,4.6788e-06
P57,30.00,135.00,60.00,0.00,2.3407e-08,2.2578e-07,5.2157e-07,1.3277e-06,3.9226e-06,3.9138e-06,4.8445e-06,2.2239e-08,2.1343e-07,4.4212e-07,1.3005e-06,2.9551e-06,3.8295e-06,4.6787e-06
P57,0.00,180.00,0.00,0.00,3.6101e-08,2.2727e-07,5.2234e-07,1.3298e-06,3.9188e-06,3.9100e-06,4.8447e-06,3.4196e-08,2.1491e-07,4.4324e-07,1.3031e-06,2.9525e-06,3.8256e-06,4.6774e-06
P57,60.00,0.00,0.00,0.00,4.8205e-08,2.1951e-07,5.1853e-07,1.3132e-06,3.9315e-06,3.9227e-06,4.8398e-06,4.5741e-08,2.0708e-07,4.3706e-07,1.2839e-06,2.9598e-06,3.8394e-06,4.6781e-06
P57,0.00,180.00,30.00,0.00,3.4160e-08,2.2725e-07,5.2227e-07,1.3298e-06,3.9188e-06,3.9100e-06,4.8447e-06,3.2362e-08,2.1490e-07,4.4319e-07,1.3030e-06,2.9526e-06,3.8256e-06,4.6774e-06
P57,60.00,90.00,60.00,0.00,4.1129e-08,2.1946e-07,5.1835e-07,1.3131e-06,3.9315e-06,3.9227e-06,4.8398e-06,3.9099e-08,2.0705e-07,4.3692e-07,1.2839e-06,2.9598e-06,3.8394e-06,4.6781e-06
P57,30.00,0.00,30.00,0.00,4.4454e-08,2.2589e-07,5.2208e-07,1.3284e-06,3.9227e-06,3.9138e-06,4.8445e-06,4.2172e-08,2.1349e-07,4.4245e-07,1.3013e-06,2.9552e-06,3.8296e-06,4.6787e-06
P57,0.00,135.00,0.00,0.00,3.6101e-08,2.2727e-07,5.2234e-07,1.3298e-06,3.9188e-06,3.9100e-06,4.8447e-06,3.4196e-08,2.1491e-07,4.4324e-07,1.3031e-06,2.9525e-06,3.8256e-06,4.6774e-06
P57,0.00,90.00,30.00,0.00,3.4160e-08,2.2725e-07,5.2227e-07,1.3298e-06,3.9188e-06,3.9100e-06,4.8447e-06,3.2362e-08,2.1490e-07,4.4319e-07,1.3030e-06,2.9526e-06,3.8256e-06,4.6774e-06
P57,0.00,135.00,60.00,0.00,2.4756e-08,2.2721e-07,5.2211e-07,1.3297e-06,3.9188e-06,3.9100e-06,4.8447e-06,2.3542e-08,2.1487e-07,4.4306e-07,1.3030e-06,2.9526e-06,3.8256e-06,4.6773e-06
P57,30.00,45.00,60.00,0.00,3.6433e-08,2.2584e-07,5.2192e-07,1.3284e-06,3.9227e-06,3.9139e-06,4.8445e-06,3.4674e-08,2.1346e-07,4.4232e-07,1.3013e-06,2.9552e-06,3.8296e-06,4.6787e-06
P57,0.00,90.00,0.00,0.00,3.6101e-08,2.2727e-07,5.2234e-07,1.3298e-06,3.9188e-06,3.9100e-06,4.8447e-06,3.4196e-08,2.1491e-07,4.4324e-07,1.3031e-06,2.9525e-06,3.8256e-06,4.6774e-06
P57,30.00,180.00,60.00,0.00,2.1806e-08,2.2578e-07,5.2154e-07,1.3276e-06,3.9226e-06,3.9138e-06,4.8445e-06,2.0716e-08,2.1343e-07,4.4210e-07,1.3005e-06,2.9551e-06,3.8295e-06,4.6787e-06
P57,0.00,90.00,60.00,0.00,2.4756e-08,2.2721e-07,5.2211e-07,1.3297e-06,3.9188e-06,3.9100e-06,4.8447e-06,2.3542e-08,2.1487e-07,4.4306e-07,1.3030e-06,2.9526e-06,3.8256e-06,4.6773e-06
P57,30.00,135.00,0.00,0.00,3.9246e-08,2.2586e-07,5.2188e-07,1.3280e-06,3.9226e-06,3.9138e-06,4.8445e-06,3.7165e-08,2.1347e-07,4.4234e-07,1.3009e-06,2.9551e-06,3.8295e-06,4.6787e-06
P57,30.00,180.00,30.00,0.00,3.3277e-08,2.2582e-07,5.2171e-07,1.3276e-06,3.9226e-06,3.9137e-06,4.8445e-06,3.1506e-08,2.1345e-07,4.4223e-07,1.3005e-06,2.9550e-06,3.8295e-06,4.6787e-06
P57,30.00,0.00,0.00,0.00,3.9246e-08,2.2586e-07,5.2188e-07,1.3280e-06,3.9226e-06,3.9138e-06,4.8445e-06,3.7165e-08,2.1347e-07,4.4234e-07,1.3009e-06,2.9551e-06,3.8295e-06,4.6787e-06
P57,0.00,45.00,0.00,0.00,3.6101e-08,2.2727e-07,5.2234e-07,1.3298e-06,3.9188e-06,3.9100e-06,4.8447e-06,3.4196e-08,2.1491e-07,4.4324e-07,1.3031e-06,2.9525e-06,3.8256e-06,4.6774e-06
P57,0.00,0.00,60.00,0.00,2.4756e-08,2.2721e-07,5.2211e-07,1.3297e-06,3.9188e-06,3.9100e-06,4.8447e-06,2.3542e-08,2.1487e-07,4.4306e-07,1.3030e-06,2.9526e-06,3.8256e-06,4.6773e-06
P57,60.00,90.00,0.00,0.00,4.8205e-08,2.1951e-07,5.1853e-07,1.3132e-06,3.9315e-06,3.9227e-06,4.8398e-06,4.5741e-08,2.0708e-07,4.3706e-07,1.2839e-06,2.9598e-06,3.8394e-06,4.6781e-06
P57,60.00,0.00,60.00,0.00,1.0898e-07,2.1973e-07,5.2021e-07,1.3180e-06,3.9321e-06,3.9233e-06,4.8399e-06,1.0414e-07,2.0716e-07,4.3787e-07,1.2890e-06,2.9608e-06,3.8400e-06,4.6784e-06
P57,60.00,90.00,30.00,0.00,4.8407e-08,2.1950e-07,5.1852e-07,1.3132e-06,3.9315e-06,3.9227e-06,4.8398e-06,4.5943e-08,2.0707e-07,4.3704e-07,1.2839e-06,2.9598e-06,3.8394e-06,4.6781e-06
P57,0.00,0.00,30.00,0.00,3.4160e-08,2.2725e-07,5.2227e-07,1.3298e-06,3.9188e-06,3.9100e-06,4.8447e-06,3.2362e-08,2.1490e-07,4.4319e-07,1.3030e-06,2.9526e-06,3.8256e-06,4.6774e-06
P57,30.00,90.00,60.00,0.00,2.8502e-08,2.2580e-07,5.2170e-07,1.3279e-06,3.9226e-06,3.9138e-06,4.8445e-06,2.7095e-08,2.1344e-07,4.4219e-07,1.3008e-06,2.9551e-06,3.8295e-06,4.6787e-06
P57,0.00,135.00,30.00,0.00,3.4160e-08,2.2725e-07,5.2227e-07,1.3298e-06,3.9188e-06,3.9100e-06,4.8447e-06,3.2362e-08,2.1490e-07,4.4319e-07,1.3030e-06,2.9526e-06,3.8256e-06,4.6774e-06
P57,30.00,90.00,30.00,0.00,3.8102e-08,2.2585e-07,5.2188e-07,1.3280e-06,3.9226e-06,3.9138e-06,4.8445e-06,3.6112e-08,2.1347e-07,4.4233e-07,1.3009e-06,2.9551e-06,3.8295e-06,4.6787e-06
P57,60.00,45.00,0.00,0.00,4.8205e-08,2.1951e-07,5.1853e-07,1.3132e-06,3.9315e-06,3.9227e-06,4.8398e-06,4.5741e-08,2.0708e-07,4.3706e-07,1.2839e-06,2.9598e-06,3.8394e-06,4.6781e-06
P57,60.00,180.00,0.00,0.00,4.8205e-08,2.1951e-07,5.1853e-07,1.3132e-06,3.9315e-06,3.9227e-06,4.8398e-06,4.5741e-08,2.0708e-07,4.3706e-07,1.2839e-06,2.9598e-06,3.8394e-06,4.6781e-06
P57,30.00,135.00,30.00,0.00,3.4584e-08,2.2583e-07,5.2177e-07,1.3278e-06,3.9226e-06,3.9138e-06,4.8445e-06,3.2759e-08,2.1346e-07,4.4227e-07,1.3007e-06,2.9551e-06,3.8295e-06,4.6787e-06
P57,30.00,90.00,0.00,0.00,3.9246e-08,2.2586e-07,5.2188e-07,1.3280e-06,3.9226e-06,3.9138e-06,4.8445e-06,3.7165e-08,2.1347e-07,4.4234e-07,1.3009e-06,2.9551e-06,3.8295e-06,4.6787e-06
P57,0.00,45.00,30.00,0.00,3.4160e-08,2.2725e-07,5.2227e-07,1.3298e-06,3.9188e-06,3.9100e-06,4.8447e-06,3.2362e-08,2.1490e-07,4.4319e-07,1.3030e-06,2.9526e-06,3.8256e-06,4.6774e-06
P57,60.00,135.00,60.00,0.00,2.7879e-08,2.1942e-07,5.1807e-07,1.3124e-06,3.9315e-06,3.9226e-06,4.8398e-06,2.6474e-08,2.0704e-07,4.3678e-07,1.2831e-06,2.9597e-06,3.8393e-06,4.6780e-06
P57,60.00,180.00,30.00,0.00,3.6814e-08,2.1946e-07,5.1825e-07,1.3126e-06,3.9315e-06,3.9226e-06,4.8398e-06,3.4900e-08,2.0706e-07,4.3689e-07,1.2833e-06,2.9597e-06,3.8393e-06,4.6780e-06
P57,60.00,135.00,30.00,0.00,3.9586e-08,2.1947e-07,5.1830e-07,1.3127e-06,3.9315e-06,3.9226e-06,4.8398e-06,3.7536e-08,2.0706e-07,4.3692e-07,1.2834e-06,2.9597e-06,3.8393e-06,4.6780e-06
P57,60.00,135.00,0.00,0.00,4.8205e-08,2.1951e-07,5.1853e-07,1.3132e-06,3.9315e-06,3.9227e-06,4.8398e-06,4.5741e-08,2.0708e-07,4.3706e-07,1.2839e-06,2.9598e-06,3.8394e-06,4.6781e-06
P57,60.00,0.00,30.00,0.00,7.0284e-08,2.1960e-07,5.1912e-07,1.3144e-06,3.9317e-06,3.9228e-06,4.8399e-06,6.6854e-08,2.0712e-07,4.3737e-07,1.2852e-06,2.9600e-06,3.8395e-06,4.6782e-06
P57,0.00,45.00,60.00,0.00,2.4756e-08,2.2721e-07,5.2211e-07,1.3297e-06,3.9188e-06,3.9100e-06,4.8447e-06,2.3542e-08,2.1487e-07,4.4306e-07,1.3030e-06,2.9526e-06,3.8256e-06,4.6773e-06
P58,30.00,45.00,30.00,0.00,6.5437e-08,4.3639e-07,1.3028e-06,5.0610e-06,1.0269e-05,1.0256e-05,8.2642e-06,6.4203e-08,4.0136e-07,1.0024e-06,5.0922e-06,8.8896e-06,1.0172e-05,9.3318e-06
P58,60.00,135.00,60.00,0.00,4.7798e-08,3.6307e-07,1.1613e-06,4.7893e-06,9.9360e-06,9.9239e-06,7.3795e-06,4.7225e-08,3.3124e-07,8.8044e-07,4.8394e-06,8.6207e-06,9.8532e-06,8.5900e-06
P58,60.00,45.00,30.00,0.00,7.6266e-08,3.6308e-07,1.1613e-06,4.7902e-06,9.9361e-06,9.9240e-06,7.3795e-06,7.4558e-08,3.3124e-07,8.8044e-07,4.8405e-06,8.6208e-06,9.8532e-06,8.5900e-06
P58,30.00,180.00,60.00,0.00,4.7445e-08,4.3639e-07,1.3028e-06,5.0605e-06,1.0269e-05,1.0256e-05,8.2642e-06,4.7047e-08,4.0136e-07,1.0024e-06,5.0917e-06,8.8895e-06,1.0172e-05,9.3318e-06
P58,60.00,0.00,0.00,0.00,6.5202e-08,3.6307e-07,1.1613e-06,4.7897e-06,9.9360e-06,9.9239e-06,7.3795e-06,6.3864e-08,3.3124e-07,8.8044e-07,4.8400e-06,8.6207e-06,9.8532e-06,8.5900e-06
P58,30.00,135.00,0.00,0.00,6.2990e-08,4.3639e-07,1.3028e-06,5.0608e-06,1.0269e-05,1.0256e-05,8.2642e-06,6.1812e-08,4.0136e-07,1.0024e-06,5.0920e-06,8.8896e-06,1.0172e-05,9.3318e-06
P58,0.00,180.00,0.00,0.00,6.1539e-08,4.5550e-07,1.3390e-06,5.1237e-06,1.0345e-05,1.0332e-05,8.4839e-06,6.0470e-08,4.1968e-07,1.0334e-06,5.1504e-06,8.9508e-06,1.0244e-05,9.5104e-06
P58,60.00,180.00,60.00,0.00,4.5070e-08,3.6307e-07,1.1613e-06,4.7890e-06,9.9360e-06,9.9239e-06,7.3795e-06,4.4590e-08,3.3124e-07,8.8044e-07,4.8392e-06,8.6206e-06,9.8531e-06,8.5900e-06
P58,60.00,45.00,0.00,0.00,6.5202e-08,3.6307e-07,1.1613e-06,4.7897e-06,9.9360e-06,9.9239e-06,7.3795e-06,6.3864e-08,3.3124e-07,8.8044e-07,4.8400e-06,8.6207e-06,9.8532e-06,8.5900e-06
P58,0.00,90.00,60.00,0.00,5.1008e-08,4.5550e-07,1.3390e-06,5.1236e-06,1.0345e-05,1.0332e-05,8.4839e-06,5.0521e-08,4.1968e-07,1.0334e-06,5.1503e-06,8.9509e-06,1.0244e-05,9.5104e-06
P58,30.00,0.00,60.00,0.00,6.3315e-08,4.3639e-07,1.3028e-06,5.0611e-06,1.0269e-05,1.0256e-05,8.2642e-06,6.2341e-08,4.0136e-07,1.0024e-06,5.0924e-06,8.8896e-06,1.0172e-05,9.3318e-06
P58,0.00,45.00,60.00,0.00,5.1008e-08,4.5550e-07,1.3390e-06,5.1236e-06,1.0345e-05,1.0332e-05,8.4839e-06,5.0521e-08,4.1968e-07,1.0334e-06,5.1503e-06,8.9509e-06,1.0244e-05,9.5104e-06
P58,0.00,90.00,30.00,0.00,5.9698e-08,4.5550e-07,1.3390e-06,5.1237e-06,1.0345e-05,1.0332e-05,8.4839e-06,5.8724e-08,4.1968e-07,1.0334e-06,5.1504e-06,8.9509e-06,1.0244e-05,9.5104e-06
P58,0.00,0.00,30.00,0.00,5.9698e-08,4.5550e-07,1.3390e-06,5.1237e-06,1.0345e-05,1.0332e-05,8.4839e-06,5.8724e-08,4.1968e-07,1.0334e-06,5.1504e-06,8.9509e-06,1.0244e-05,9.5104e-06
P58,60.00,90.00,0.00,0.00,6.5202e-08,3.6307e-07,1.1613e-06,4.7897e-06,9.9360e-06,9.9239e-06,7.3795e-06,6.3864e-08,3.3124e-07,8.8044e-07,4.8400e-06,8.6207e-06,9.8532e-06,8.5900e-06
P58,0.00,90.00,0.00,0.00,6.1539e-08,4.5550e-07,1.3390e-06,5.1237e-06,1.0345e-05,1.0332e-05,8.4839e-06,6.0470e-08,4.1968e-07,1.0334e-06,5.1504e-06,8.9508e-06,1.0244e-05,9.5104e-06
P58,0.00,135.00,60.00,0.00,5.1008e-08,4.5550e-07,1.3390e-06,5.1236e-06,1.0345e-05,1.0332e-05,8.4839e-06,5.0521e-08,4.1968e-07,1.0334e-06,5.1503e-06,8.9509e-06,1.0244e-05,9.5104e-06
P58,30.00,45.00,60.00,0.00,5.9451e-08,4.3639e-07,1.3028e-06,5.0610e-06,1.0269e-05,1.0256e-05,8.2642e-06,5.8611e-08,4.0136e-07,1.0024e-06,5.0922e-06,8.8896e-06,1.0172e-05,9.3318e-06
P58,0.00,180.00,60.00,0.00,5.1008e-08,4.5550e-07,1.3390e-06,5.1236e-06,1.0345e-05,1.0332e-05,8.4839e-06,5.0521e-08,4.1968e-07,1.0334e-06,5.1503e-06,8.9509e-06,1.0244e-05,9.5104e-06
P58,0.00,0.00,60.00,0.00,5.1008e-08,4.5550e-07,1.3390e-06,5.1236e-06,1.0345e-05,1.0332e-05,8.4839e-06,5.0521e-08,4.1968e-07,1.0334e-06,5.1503e-06,8.9509e-06,1.0244e-05,9.5104e-06
P58,60.00,180.00,30.00,0.00,5.5727e-08,3.6307e-07,1.1613e-06,4.7894e-06,9.9360e-06,9.9239e-06,7.3795e-06,5.4764e-08,3.3124e-07,8.8044e-07,4.8396e-06,8.6207e-06,9.8532e-06,8.5900e-06
P58,60.00,180.00,0.00,0.00,6.5202e-08,3.6307e-07,1.1613e-06,4.7897e-06,9.9360e-06,9.9239e-06,7.3795e-06,6.3864e-08,3.3124e-07,8.8044e-07,4.8400e-06,8.6207e-06,9.8532e-06,8.5900e-06
P58,0.00,135.00,30.00,0.00,5.9698e-08,4.5550e-07,1.3390e-06,5.1237e-06,1.0345e-05,1.0332e-05,8.4839e-06,5.8724e-08,4.1968e-07,1.0334e-06,5.1504e-06,8.9509e-06,1.0244e-05,9.5104e-06
P58,30.00,135.00,30.00,0.00,5.8837e-08,4.3639e-07,1.3028e-06,5.0607e-06,1.0269e-05,1.0256e-05,8.2642e-06,5.7860e-08,4.0136e-07,1.0024e-06,5.0919e-06,8.8895e-06,1.0172e-05,9.3318e-06
P58,60.00,135.00,30.00,0.00,5.7975e-08,3.6307e-07,1.1613e-06,4.7895e-06,9.9360e-06,9.9239e-06,7.3795e-06,5.6923e-08,3.3124e-07,8.8044e-07,4.8397e-06,8.6207e-06,9.8532e-06,8.5900e-06
P58,0.00,0.00,0.00,0.00,6.1539e-08,4.5550e-07,1.3390e-06,5.1237e-06,1.0345e-05,1.0332e-05,8.4839e-06,6.0470e-08,4.1968e-07,1.0334e-06,5.1504e-06,8.9508e-06,1.0244e-05,9.5104e-06
P58,60.00,0.00,30.00,0.00,8.2876e-08,3.6308e-07,1.1613e-06,4.7904e-06,9.9361e-06,9.9240e-06,7.3795e-06,8.0941e-08,3.3124e-07,8.8044e-07,4.8407e-06,8.6208e-06,9.8532e-06,8.5900e-06
P58,60.00,90.00,60.00,0.00,5.8183e-08,3.6307e-07,1.1613e-06,4.7896e-06,9.9360e-06,9.9239e-06,7.3795e-06,5.7231e-08,3.3124e-07,8.8044e-07,4.8399e-06,8.6207e-06,9.8532e-06,8.5900e-06
P58,0.00,135.00,0.00,0.00,6.1539e-08,4.5550e-07,1.3390e-06,5.1237e-06,1.0345e-05,1.0332e-05,8.4839e-06,6.0470e-08,4.1968e-07,1.0334e-06,5.1504e-06,8.9508e-06,1.0244e-05,9.5104e-06
P58,30.00,135.00,60.00,0.00,4.8759e-08,4.3639e-07,1.3028e-06,5.0605e-06,1.0269e-05,1.0256e-05,8.2642e-06,4.8308e-08,4.0136e-07,1.0024e-06,5.0918e-06,8.8895e-06,1.0172e-05,9.3318e-06
P58,60.00,0.00,60.00,0.00,1.1139e-07,3.6309e-07,1.1613e-06,4.7921e-06,9.9362e-06,9.9241e-06,7.3795e-06,1.0878e-07,3.3124e-07,8.8044e-07,4.8426e-06,8.6212e-06,9.8534e-06,8.5900e-06
P58,30.00,0.00,0.00,0.00,6.2990e-08,4.3639e-07,1.3028e-06,5.0608e-06,1.0269e-05,1.0256e-05,8.2642e-06,6.1812e-08,4.0136e-07,1.0024e-06,5.0920e-06,8.8896e-06,1.0172e-05,9.3318e-06
P58,60.00,90.00,30.00,0.00,6.5128e-08,3.6307e-07,1.1613e-06,4.7897e-06,9.9360e-06,9.9239e-06,7.3795e-06,6.3810e-08,3.3124e-07,8.8044e-07,4.8399e-06,8.6207e-06,9.8532e-06,8.5900e-06
P58,30.00,45.00,0.00,0.00,6.2990e-08,4.3639e-07,1.3028e-06,5.0608e-06,1.0269e-05,1.0256e-05,8.2642e-06,6.1812e-08,4.0136e-07,1.0024e-06,5.0920e-06,8.8896e-06,1.0172e-05,9.3318e-06
P58,0.00,45.00,0.00,0.00,6.1539e-08,4.5550e-07,1.3390e-06,5.1237e-06,1.0345e-05,1.0332e-05,8.4839e-06,6.0470e-08,4.1968e-07,1.0334e-06,5.1504e-06,8.9508e-06,1.0244e-05,9.5104e-06
P58,0.00,180.00,30.00,0.00,5.9698e-08,4.5550e-07,1.3390e-06,5.1237e-06,1.0345e-05,1.0332e-05,8.4839e-06,5.8724e-08,4.1968e-07,1.0334e-06,5.1504e-06,8.9509e-06,1.0244e-05,9.5104e-06
P58,60.00,45.00,60.00,0.00,8.4340e-08,3.6308e-07,1.1613e-06,4.7907e-06,9.9361e-06,9.9240e-06,7.3795e-06,8.2522e-08,3.3124e-07,8.8044e-07,4.8410e-06,8.6209e-06,9.8533e-06,8.5900e-06
P58,0.00,45.00,30.00,0.00,5.9698e-08,4.5550e-07,1.3390e-06,5.1237e-06,1.0345e-05,1.0332e-05,8.4839e-06,5.8724e-08,4.1968e-07,1.0334e-06,5.1504e-06,8.9509e-06,1.0244e-05,9.5104e-06
P58,30.00,180.00,0.00,0.00,6.2990e-08,4.3639e-07,1.3028e-06,5.0608e-06,1.0269e-05,1.0256e-05,8.2642e-06,6.1812e-08,4.0136e-07,1.0024e-06,5.0920e-06,8.8896e-06,1.0172e-05,9.3318e-06
P58,30.00,90.00,30.00,0.00,6.1826e-08,4.3639e-07,1.3028e-06,5.0608e-06,1.0269e-05,1.0256e-05,8.2642e-06,6.0733e-08,4.0136e-07,1.0024e-06,5.0921e-06,8.8896e-06,1.0172e-05,9.3318e-06
P58,30.00,90.00,0.00,0.00,6.2990e-08,4.3639e-07,1.3028e-06,5.0608e-06,1.0269e-05,1.0256e-05,8.2642e-06,6.1812e-08,4.0136e-07,1.0024e-06,5.0920e-06,8.8896e-06,1.0172e-05,9.3318e-06
P58,30.00,180.00,30.00,0.00,5.7727e-08,4.3639e-07,1.3028e-06,5.0605e-06,1.0269e-05,1.0256e-05,8.2642e-06,5.6789e-08,4.0136e-07,1.0024e-06,5.0918e-06,8.8895e-06,1.0172e-05,9.3318e-06
P58,30.00,90.00,60.00,0.00,5.2940e-08,4.3639e-07,1.3028e-06,5.0607e-06,1.0269e-05,1.0256e-05,8.2642e-06,5.2332e-08,4.0136e-07,1.0024e-06,5.0919e-06,8.8896e-06,1.0172e-05,9.3318e-06
P58,60.00,135.00,0.00,0.00,6.5202e-08,3.6307e-07,1.1613e-06,4.7897e-06,9.9360e-06,9.9239e-06,7.3795e-06,6.3864e-08,3.3124e-07,8.8044e-07,4.8400e-06,8.6207e-06,9.8532e-06,8.5900e-06
P58,30.00,0.00,30.00,0.00,6.7225e-08,4.3639e-07,1.3028e-06,5.0610e-06,1.0269e-05,1.0256e-05,8.2642e-06,6.5926e-08,4.0136e-07,1.0024e-06,5.0923e-06,8.8896e-06,1.0172e-05,9.3318e-06
P59,60.00,45.00,60.00,0.00,7.6329e-08,2.0147e-07,6.6408e-07,2.0484e-06,5.4749e-06,5.4643e-06,4.8125e-06,7.2849e-08,1.8389e-07,5.0925e-07,2.0440e-06,4.3122e-06,5.3723e-06,5.3893e-06
P59,60.00,135.00,60.00,0.00,3.0009e-08,2.0135e-07,6.6319e-07,2.0456e-06,5.4746e-06,5.4640e-06,4.8125e-06,2.8621e-08,1.8385e-07,5.0885e-07,2.0409e-06,4.3117e-06,5.3720e-06,5.3891e-06
P59,30.00,180.00,30.00,0.00,3.5851e-08,2.3853e-07,7.3486e-07,2.1400e-06,5.5585e-06,5.5479e-06,5.2375e-06,3.4111e-08,2.1929e-07,5.7431e-07,2.1291e-06,4.3908e-06,5.4520e-06,5.6963e-06
P59,60.00,0.00,30.00,0.00,7.2286e-08,2.0148e-07,6.6405e-07,2.0476e-06,5.4748e-06,5.4642e-06,4.8125e-06,6.8862e-08,1.8390e-07,5.0928e-07,2.0431e-06,4.3120e-06,5.3722e-06,5.3893e-06
P59,0.00,135.00,60.00,0.00,2.7462e-08,2.4832e-07,7.5218e-07,2.1608e-06,5.5785e-06,5.5679e-06,5.3385e-06,2.6278e-08,2.2871e-07,5.9048e-07,2.1484e-06,4.4095e-06,5.4712e-06,5.7673e-06
P59,60.00,180.00,0.00,0.00,5.0320e-08,2.0141e-07,6.6357e-07,2.0463e-06,5.4746e-06,5.4640e-06,4.8125e-06,4.7869e-08,1.8388e-07,5.0906e-07,2.0417e-06,4.3119e-06,5.3720e-06,5.3892e-06
P59,60.00,90.00,60.00,0.00,4.3179e-08,2.0138e-07,6.6342e-07,2.0463e-06,5.4746e-06,5.4640e-06,4.8125e-06,4.1162e-08,1.8386e-07,5.0895e-07,2.0417e-06,4.3119e-06,5.3720e-06,5.3892e-06
P59,0.00,45.00,30.00,0.00,3.6846e-08,2.4835e-07,7.5232e-07,2.1609e-06,5.5785e-06,5.5679e-06,5.3385e-06,3.5081e-08,2.2872e-07,5.9057e-07,2.1484e-06,4.4094e-06,5.4712e-06,5.7673e-06
P59,30.00,90.00,30.00,0.00,4.0662e-08,2.3855e-07,7.3501e-07,2.1404e-06,5.5586e-06,5.5480e-06,5.2375e-06,3.8701e-08,2.1931e-07,5.7439e-07,2.1295e-06,4.3909e-06,5.4520e-06,5.6963e-06
P59,0.00,180.00,30.00,0.00,3.6846e-08,2.4835e-07,7.5232e-07,2.1609e-06,5.5785e-06,5.5679e-06,5.3385e-06,3.5081e-08,2.2872e-07,5.9057e-07,2.1484e-06,4.4094e-06,5.4712e-06,5.7673e-06
P59,30.00,180.00,60.00,0.00,2.4403e-08,2.3849e-07,7.3471e-07,2.1400e-06,5.5585e-06,5.5479e-06,5.2375e-06,2.3342e-08,2.1928e-07,5.7421e-07,2.1291e-06,4.3908e-06,5.4520e-06,5.6963e-06
P59,0.00,90.00,30.00,0.00,3.6846e-08,2.4835e-07,7.5232e-07,2.1609e-06,5.5785e-06,5.5679e-06,5.3385e-06,3.5081e-08,2.2872e-07,5.9057e-07,2.1484e-06,4.4094e-06,5.4712e-06,5.7673e-06
P59,30.00,45.00,0.00,0.00,4.1807e-08,2.3856e-07,7.3501e-07,2.1403e-06,5.5586e-06,5.5480e-06,5.2375e-06,3.9756e-08,2.1931e-07,5.7440e-07,2.1295e-06,4.3909e-06,5.4520e-06,5.6963e-06
P59,0.00,45.00,60.00,0.00,2.7462e-08,2.4832e-07,7.5218e-07,2.1608e-06,5.5785e-06,5.5679e-06,5.3385e-06,2.6278e-08,2.2871e-07,5.9048e-07,2.1484e-06,4.4095e-06,5.4712e-06,5.7673e-06
P59,30.00,90.00,0.00,0.00,4.1807e-08,2.3856e-07,7.3501e-07,2.1403e-06,5.5586e-06,5.5480e-06,5.2375e-06,3.9756e-08,2.1931e-07,5.7440e-07,2.1295e-06,4.3909e-06,5.4520e-06,5.6963e-06
P59,60.00,90.00,0.00,0.00,5.0320e-08,2.0141e-07,6.6357e-07,2.0463e-06,5.4746e-06,5.4640e-06,4.8125e-06,4.7869e-08,1.8388e-07,5.0906e-07,2.0417e-06,4.3119e-06,5.3720e-06,5.3892e-06
P59,0.00,90.00,0.00,0.00,3.8783e-08,2.4837e-07,7.5238e-07,2.1609e-06,5.5785e-06,5.5679e-06,5.3385e-06,3.6910e-08,2.2873e-07,5.9062e-07,2.1485e-06,4.4094e-06,5.4712e-06,5.7673e-06
P59,30.00,45.00,60.00,0.00,3.8974e-08,2.3854e-07,7.3503e-07,2.1408e-06,5.5586e-06,5.5480e-06,5.2375e-06,3.7240e-08,2.1930e-07,5.7437e-07,2.1300e-06,4.3910e-06,5.4521e-06,5.6963e-06
P59,60.00,135.00,30.00,0.00,4.1715e-08,2.0138e-07,6.6339e-07,2.0458e-06,5.4746e-06,5.4640e-06,4.8125e-06,3.9681e-08,1.8386e-07,5.0896e-07,2.0412e-06,4.3117e-06,5.3720e-06,5.3891e-06
P59,30.00,180.00,0.00,0.00,4.1807e-08,2.3856e-07,7.3501e-07,2.1403e-06,5.5586e-06,5.5480e-06,5.2375e-06,3.9756e-08,2.1931e-07,5.7440e-07,2.1295e-06,4.3909e-06,5.4520e-06,5.6963e-06
P59,30.00,135.00,0.00,0.00,4.1807e-08,2.3856e-07,7.3501e-07,2.1403e-06,5.5586e-06,5.5480e-06,5.2375e-06,3.9756e-08,2.1931e-07,5.7440e-07,2.1295e-06,4.3909e-06,5.4520e-06,5.6963e-06
P59,30.00,135.00,60.00,0.00,2.5998e-08,2.3850e-07,7.3474e-07,2.1400e-06,5.5586e-06,5.5479e-06,5.2375e-06,2.4858e-08,2.1928e-07,5.7422e-07,2.1291e-06,4.3908e-06,5.4520e-06,5.6963e-06
P59,30.00,0.00,0.00,0.00,4.1807e-08,2.3856e-07,7.3501e-07,2.1403e-06,5.5586e-06,5.5480e-06,5.2375e-06,3.9756e-08,2.1931e-07,5.7440e-07,2.1295e-06,4.3909e-06,5.4520e-06,5.6963e-06
P59,60.00,180.00,30.00,0.00,3.8955e-08,2.0137e-07,6.6334e-07,2.0457e-06,5.4746e-06,5.4640e-06,4.8125e-06,3.7057e-08,1.8386e-07,5.0893e-07,2.0411e-06,4.3117e-06,5.3720e-06,5.3891e-06
P59,60.00,45.00,0.00,0.00,5.0320e-08,2.0141e-07,6.6357e-07,2.0463e-06,5.4746e-06,5.4640e-06,4.8125e-06,4.7869e-08,1.8388e-07,5.0906e-07,2.0417e-06,4.3119e-06,5.3720e-06,5.3892e-06
P59,30.00,90.00,60.00,0.00,3.1073e-08,2.3852e-07,7.3485e-07,2.1403e-06,5.5586e-06,5.5480e-06,5.2375e-06,2.9694e-08,2.1929e-07,5.7428e-07,2.1294e-06,4.3909e-06,5.4520e-06,5.6963e-06
P59,0.00,0.00,60.00,0.00,2.7462e-08,2.4832e-07,7.5218e-07,2.1608e-06,5.5785e-06,5.5679e-06,5.3385e-06,2.6278e-08,2.2871e-07,5.9048e-07,2.1484e-06,4.4095e-06,5.4712e-06,5.7673e-06
P59,60.00,45.00,30.00,0.00,6.4174e-08,2.0146e-07,6.6387e-07,2.0472e-06,5.4747e-06,5.4641e-06,4.8125e-06,6.1108e-08,1.8389e-07,5.0920e-07,2.0426e-06,4.3120e-06,5.3721e-06,5.3892e-06
P59,60.00,135.00,0.00,0.00,5.0320e-08,2.0141e-07,6.6357e-07,2.0463e-06,5.4746e-06,5.4640e-06,4.8125e-06,4.7869e-08,1.8388e-07,5.0906e-07,2.0417e-06,4.3119e-06,5.3720e-06,5.3892e-06
P59,60.00,90.00,30.00,0.00,5.0500e-08,2.0141e-07,6.6356e-07,2.0463e-06,5.4746e-06,5.4640e-06,4.8125e-06,4.8050e-08,1.8387e-07,5.0904e-07,2.0417e-06,4.3118e-06,5.3720e-06,5.3892e-06
P59,30.00,135.00,30.00,0.00,3.7154e-08,2.3854e-07,7.3491e-07,2.1402e-06,5.5586e-06,5.5479e-06,5.2375e-06,3.5359e-08,2.1930e-07,5.7434e-07,2.1293e-06,4.3908e-06,5.4520e-06,5.6963e-06
P59,60.00,180.00,60.00,0.00,2.6546e-08,2.0133e-07,6.6310e-07,2.0451e-06,5.4745e-06,5.4639e-06,4.8124e-06,2.5314e-08,1.8384e-07,5.0881e-07,2.0405e-06,4.3116e-06,5.3719e-06,5.3891e-06
P59,0.00,180.00,0.00,0.00,3.8783e-08,2.4837e-07,7.5238e-07,2.1609e-06,5.5785e-06,5.5679e-06,5.3385e-06,3.6910e-08,2.2873e-07,5.9062e-07,2.1485e-06,4.4094e-06,5.4712e-06,5.7673e-06
P59,0.00,135.00,0.00,0.00,3.8783e-08,2.4837e-07,7.5238e-07,2.1609e-06,5.5785e-06,5.5679e-06,5.3385e-06,3.6910e-08,2.2873e-07,5.9062e-07,2.1485e-06,4.4094e-06,5.4712e-06,5.7673e-06
P59,0.00,180.00,60.00,0.00,2.7462e-08,2.4832e-07,7.5218e-07,2.1608e-06,5.5785e-06,5.5679e-06,5.3385e-06,2.6278e-08,2.2871e-07,5.9048e-07,2.1484e-06,4.4095e-06,5.4712e-06,5.7673e-06
P59,30.00,0.00,60.00,0.00,4.3662e-08,2.3856e-07,7.3514e-07,2.1410e-06,5.5587e-06,5.5480e-06,5.2376e-06,4.1721e-08,2.1930e-07,5.7443e-07,2.1302e-06,4.3910e-06,5.4521e-06,5.6964e-06
P59,0.00,135.00,30.00,0.00,3.6846e-08,2.4835e-07,7.5232e-07,2.1609e-06,5.5785e-06,5.5679e-06,5.3385e-06,3.5081e-08,2.2872e-07,5.9057e-07,2.1484e-06,4.4094e-06,5.4712e-06,5.7673e-06
P59,60.00,0.00,0.00,0.00,5.0320e-08,2.0141e-07,6.6357e-07,2.0463e-06,5.4746e-06,5.4640e-06,4.8125e-06,4.7869e-08,1.8388e-07,5.0906e-07,2.0417e-06,4.3119e-06,5.3720e-06,5.3892e-06
P59,0.00,90.00,60.00,0.00,2.7462e-08,2.4832e-07,7.5218e-07,2.1608e-06,5.5785e-06,5.5679e-06,5.3385e-06,2.6278e-08,2.2871e-07,5.9048e-07,2.1484e-06,4.4095e-06,5.4712e-06,5.7673e-06
P59,0.00,45.00,0.00,0.00,3.8783e-08,2.4837e-07,7.5238e-07,2.1609e-06,5.5785e-06,5.5679e-06,5.3385e-06,3.6910e-08,2.2873e-07,5.9062e-07,2.1485e-06,4.4094e-06,5.4712e-06,5.7673e-06
P59,60.00,0.00,60.00,0.00,1.1060e-07,2.0158e-07,6.6491e-07,2.0513e-06,5.4752e-06,5.4646e-06,4.8126e-06,1.0575e-07,1.8393e-07,5.0963e-07,2.0470e-06,4.3128e-06,5.3726e-06,5.3895e-06
P59,30.00,45.00,30.00,0.00,4.4898e-08,2.3857e-07,7.3511e-07,2.1406e-06,5.5586e-06,5.5480e-06,5.2375e-06,4.2738e-08,2.1932e-07,5.7445e-07,2.1298e-06,4.3909e-06,5.4521e-06,5.6963e-06
P59,0.00,0.00,0.00,0.00,3.8783e-08,2.4837e-07,7.5238e-07,2.1609e-06,5.5785e-06,5.5679e-06,5.3385e-06,3.6910e-08,2.2873e-07,5.9062e-07,2.1485e-06,4.4094e-06,5.4712e-06,5.7673e-06
P59,0.00,0.00,30.00,0.00,3.6846e-08,2.4835e-07,7.5232e-07,2.1609e-06,5.5785e-06,5.5679e-06,5.3385e-06,3.5081e-08,2.2872e-07,5.9057e-07,2.1484e-06,4.4094e-06,5.4712e-06,5.7673e-06
P59,30.00,0.00,30.00,0.00,4.6996e-08,2.3858e-07,7.3518e-07,2.1408e-06,5.5586e-06,5.5480e-06,5.2376e-06,4.4742e-08,2.1932e-07,5.7448e-07,2.1299e-06,4.3910e-06,5.4521e-06,5.6963e-06
P60,60.00,135.00,30.00,0.00,5.0314e-08,2.2464e-07,7.8575e-07,4.0586e-06,8.9291e-06,8.9170e-06,6.7793e-06,4.9097e-08,2.0253e-07,5.6540e-07,4.1000e-06,7.6155e-06,8.8421e-06,7.8426e-06
P60,60.00,90.00,60.00,0.00,5.0673e-08,2.2464e-07,7.8575e-07,4.0589e-06,8.9291e-06,8.9171e-06,6.7793e-06,4.9552e-08,2.0253e-07,5.6540e-07,4.1002e-06,7.6155e-06,8.8421e-06,7.8426e-06
P60,60.00,0.00,60.00,0.00,1.0589e-07,2.2466e-07,7.8575e-07,4.0619e-06,8.9294e-06,8.9173e-06,6.7793e-06,1.0299e-07,2.0253e-07,5.6540e-07,4.1035e-06,7.6162e-06,8.8424e-06,7.8427e-06
P60,0.00,135.00,30.00,0.00,5.0281e-08,2.8004e-07,9.4886e-07,4.3471e-06,9.2513e-06,9.2387e-06,7.7572e-06,4.9148e-08,2.5357e-07,6.8705e-07,4.3682e-06,7.8716e-06,9.1473e-06,8.6473e-06
P60,30.00,180.00,30.00,0.00,4.8633e-08,2.6783e-07,9.1390e-07,4.2934e-06,9.1916e-06,9.1791e-06,7.5635e-06,4.7537e-08,2.4228e-07,6.6077e-07,4.3185e-06,7.8240e-06,9.0906e-06,8.4922e-06
P60,30.00,45.00,30.00,0.00,5.6542e-08,2.6783e-07,9.1390e-07,4.2939e-06,9.1917e-06,9.1791e-06,7.5635e-06,5.5134e-08,2.4228e-07,6.6077e-07,4.3190e-06,7.8242e-06,9.0907e-06,8.4922e-06
P60,30.00,45.00,60.00,0.00,5.0506e-08,2.6783e-07,9.1390e-07,4.2939e-06,9.1917e-06,9.1791e-06,7.5635e-06,4.9505e-08,2.4228e-07,6.6077e-07,4.3191e-06,7.8242e-06,9.0907e-06,8.4922e-06
P60,60.00,90.00,30.00,0.00,5.7696e-08,2.2464e-07,7.8575e-07,4.0589e-06,8.9292e-06,8.9171e-06,6.7793e-06,5.6195e-08,2.0253e-07,5.6540e-07,4.1003e-06,7.6155e-06,8.8421e-06,7.8426e-06
P60,0.00,180.00,30.00,0.00,5.0281e-08,2.8004e-07,9.4886e-07,4.3471e-06,9.2513e-06,9.2387e-06,7.7572e-06,4.9148e-08,2.5357e-07,6.8705e-07,4.3682e-06,7.8716e-06,9.1473e-06,8.6473e-06
P60,0.00,135.00,60.00,0.00,4.1439e-08,2.8003e-07,9.4886e-07,4.3470e-06,9.2513e-06,9.2387e-06,7.7572e-06,4.0811e-08,2.5357e-07,6.8705e-07,4.3681e-06,7.8716e-06,9.1473e-06,8.6473e-06
P60,30.00,90.00,60.00,0.00,4.3799e-08,2.6783e-07,9.1390e-07,4.2935e-06,9.1916e-06,9.1791e-06,7.5635e-06,4.3042e-08,2.4228e-07,6.6077e-07,4.3187e-06,7.8241e-06,9.0907e-06,8.4922e-06
P60,0.00,90.00,60.00,0.00,4.1439e-08,2.8003e-07,9.4886e-07,4.3470e-06,9.2513e-06,9.2387e-06,7.7572e-06,4.0811e-08,2.5357e-07,6.8705e-07,4.3681e-06,7.8716e-06,9.1473e-06,8.6473e-06
P60,60.00,180.00,60.00,0.00,3.7072e-08,2.2464e-07,7.8575e-07,4.0581e-06,8.9291e-06,8.9170e-06,6.7793e-06,3.6457e-08,2.0253e-07,5.6540e-07,4.0994e-06,7.6154e-06,8.8420e-06,7.8426e-06
P60,0.00,180.00,60.00,0.00,4.1439e-08,2.8003e-07,9.4886e-07,4.3470e-06,9.2513e-06,9.2387e-06,7.7572e-06,4.0811e-08,2.5357e-07,6.8705e-07,4.3681e-06,7.8716e-06,9.1473e-06,8.6473e-06
P60,0.00,0.00,60.00,0.00,4.1439e-08,2.8003e-07,9.4886e-07,4.3470e-06,9.2513e-06,9.2387e-06,7.7572e-06,4.0811e-08,2.5357e-07,6.8705e-07,4.3681e-06,7.8716e-06,9.1473e-06,8.6473e-06
P60,30.00,90.00,0.00,0.00,5.4016e-08,2.6783e-07,9.1390e-07,4.2936e-06,9.1916e-06,9.1791e-06,7.5635e-06,5.2668e-08,2.4228e-07,6.6077e-07,4.3188e-06,7.8241e-06,9.0907e-06,8.4922e-06
P60,60.00,180.00,30.00,0.00,4.7995e-08,2.2464e-07,7.8575e-07,4.0586e-06,8.9291e-06,8.9170e-06,6.7793e-06,4.6871e-08,2.0253e-07,5.6540e-07,4.0999e-06,7.6155e-06,8.8421e-06,7.8426e-06
P60,0.00,135.00,0.00,0.00,5.2154e-08,2.8004e-07,9.4886e-07,4.3472e-06,9.2513e-06,9.2387e-06,7.7572e-06,5.0922e-08,2.5357e-07,6.8705e-07,4.3683e-06,7.8716e-06,9.1473e-06,8.6473e-06
P60,30.00,180.00,0.00,0.00,5.4016e-08,2.6783e-07,9.1390e-07,4.2936e-06,9.1916e-06,9.1791e-06,7.5635e-06,5.2668e-08,2.4228e-07,6.6077e-07,4.3188e-06,7.8241e-06,9.0907e-06,8.4922e-06
P60,30.00,135.00,60.00,0.00,3.9491e-08,2.6782e-07,9.1390e-07,4.2934e-06,9.1916e-06,9.1791e-06,7.5635e-06,3.8902e-08,2.4228e-07,6.6077e-07,4.3185e-06,7.8241e-06,9.0906e-06,8.4922e-06
P60,0.00,180.00,0.00,0.00,5.2154e-08,2.8004e-07,9.4886e-07,4.3472e-06,9.2513e-06,9.2387e-06,7.7572e-06,5.0922e-08,2.5357e-07,6.8705e-07,4.3683e-06,7.8716e-06,9.1473e-06,8.6473e-06
P60,0.00,45.00,0.00,0.00,5.2154e-08,2.8004e-07,9.4886e-07,4.3472e-06,9.2513e-06,9.2387e-06,7.7572e-06,5.0922e-08,2.5357e-07,6.8705e-07,4.3683e-06,7.8716e-06,9.1473e-06,8.6473e-06
P60,0.00,90.00,30.00,0.00,5.0281e-08,2.8004e-07,9.4886e-07,4.3471e-06,9.2513e-06,9.2387e-06,7.7572e-06,4.9148e-08,2.5357e-07,6.8705e-07,4.3682e-06,7.8716e-06,9.1473e-06,8.6473e-06
P60,30.00,0.00,60.00,0.00,5.4487e-08,2.6783e-07,9.1390e-07,4.2940e-06,9.1917e-06,9.1791e-06,7.5635e-06,5.3343e-08,2.4228e-07,6.6077e-07,4.3192e-06,7.8242e-06,9.0907e-06,8.4922e-06
P60,30.00,135.00,0.00,0.00,5.4016e-08,2.6783e-07,9.1390e-07,4.2936e-06,9.1916e-06,9.1791e-06,7.5635e-06,5.2668e-08,2.4228e-07,6.6077e-07,4.3188e-06,7.8241e-06,9.0907e-06,8.4922e-06
P60,0.00,45.00,30.00,0.00,5.0281e-08,2.8004e-07,9.4886e-07,4.3471e-06,9.2513e-06,9.2387e-06,7.7572e-06,4.9148e-08,2.5357e-07,6.8705e-07,4.3682e-06,7.8716e-06,9.1473e-06,8.6473e-06
P60,0.00,45.00,60.00,0.00,4.1439e-08,2.8003e-07,9.4886e-07,4.3470e-06,9.2513e-06,9.2387e-06,7.7572e-06,4.0811e-08,2.5357e-07,6.8705e-07,4.3681e-06,7.8716e-06,9.1473e-06,8.6473e-06
P60,60.00,45.00,30.00,0.00,6.9188e-08,2.2465e-07,7.8575e-07,4.0595e-06,8.9292e-06,8.9171e-06,6.7793e-06,6.7272e-08,2.0253e-07,5.6540e-07,4.1009e-06,7.6157e-06,8.8422e-06,7.8426e-06
P60,60.00,180.00,0.00,0.00,5.7743e-08,2.2465e-07,7.8575e-07,4.0589e-06,8.9292e-06,8.9171e-06,6.7793e-06,5.6223e-08,2.0253e-07,5.6540e-07,4.1003e-06,7.6156e-06,8.8421e-06,7.8426e-06
P60,60.00,135.00,60.00,0.00,3.9902e-08,2.2464e-07,7.8575e-07,4.0584e-06,8.9291e-06,8.9170e-06,6.7793e-06,3.9187e-08,2.0253e-07,5.6540e-07,4.0997e-06,7.6155e-06,8.8421e-06,7.8426e-06
P60,60.00,45.00,60.00,0.00,7.7812e-08,2.2465e-07,7.8575e-07,4.0602e-06,8.9293e-06,8.9172e-06,6.7793e-06,7.5762e-08,2.0253e-07,5.6540e-07,4.1016e-06,7.6158e-06,8.8422e-06,7.8426e-06
P60,30.00,90.00,30.00,0.00,5.2838e-08,2.6783e-07,9.1390e-07,4.2937e-06,9.1916e-06,9.1791e-06,7.5635e-06,5.1578e-08,2.4228e-07,6.6077e-07,4.3188e-06,7.8241e-06,9.0907e-06,8.4922e-06
P60,30.00,45.00,0.00,0.00,5.4016e-08,2.6783e-07,9.1390e-07,4.2936e-06,9.1916e-06,9.1791e-06,7.5635e-06,5.2668e-08,2.4228e-07,6.6077e-07,4.3188e-06,7.8241e-06,9.0907e-06,8.4922e-06
P60,60.00,0.00,0.00,0.00,5.7743e-08,2.2465e-07,7.8575e-07,4.0589e-06,8.9292e-06,8.9171e-06,6.7793e-06,5.6223e-08,2.0253e-07,5.6540e-07,4.1003e-06,7.6156e-06,8.8421e-06,7.8426e-06
P60,0.00,0.00,30.00,0.00,5.0281e-08,2.8004e-07,9.4886e-07,4.3471e-06,9.2513e-06,9.2387e-06,7.7572e-06,4.9148e-08,2.5357e-07,6.8705e-07,4.3682e-06,7.8716e-06,9.1473e-06,8.6473e-06
P60,60.00,0.00,30.00,0.00,7.6009e-08,2.2465e-07,7.8575e-07,4.0598e-06,8.9292e-06,8.9171e-06,6.7793e-06,7.3851e-08,2.0253e-07,5.6540e-07,4.1012e-06,7.6157e-06,8.8422e-06,7.8426e-06
P60,30.00,0.00,0.00,0.00,5.4016e-08,2.6783e-07,9.1390e-07,4.2936e-06,9.1916e-06,9.1791e-06,7.5635e-06,5.2668e-08,2.4228e-07,6.6077e-07,4.3188e-06,7.8241e-06,9.0907e-06,8.4922e-06
P60,60.00,45.00,0.00,0.00,5.7743e-08,2.2465e-07,7.8575e-07,4.0589e-06,8.9292e-06,8.9171e-06,6.7793e-06,5.6223e-08,2.0253e-07,5.6540e-07,4.1003e-06,7.6156e-06,8.8421e-06,7.8426e-06
P60,30.00,135.00,30.00,0.00,4.9772e-08,2.6783e-07,9.1390e-07,4.2935e-06,9.1916e-06,9.1791e-06,7.5635e-06,4.8635e-08,2.4228e-07,6.6077e-07,4.3187e-06,7.8241e-06,9.0906e-06,8.4922e-06
P60,0.00,90.00,0.00,0.00,5.2154e-08,2.8004e-07,9.4886e-07,4.3472e-06,9.2513e-06,9.2387e-06,7.7572e-06,5.0922e-08,2.5357e-07,6.8705e-07,4.3683e-06,7.8716e-06,9.1473e-06,8.6473e-06
P60,60.00,90.00,0.00,0.00,5.7743e-08,2.2465e-07,7.8575e-07,4.0589e-06,8.9292e-06,8.9171e-06,6.7793e-06,5.6223e-08,2.0253e-07,5.6540e-07,4.1003e-06,7.6156e-06,8.8421e-06,7.8426e-06
P60,30.00,0.00,30.00,0.00,5.8376e-08,2.6783e-07,9.1390e-07,4.2940e-06,9.1917e-06,9.1791e-06,7.5635e-06,5.6900e-08,2.4228e-07,6.6077e-07,4.3191e-06,7.8242e-06,9.0907e-06,8.4922e-06
P60,0.00,0.00,0.00,0.00,5.2154e-08,2.8004e-07,9.4886e-07,4.3472e-06,9.2513e-06,9.2387e-06,7.7572e-06,5.0922e-08,2.5357e-07,6.8705e-07,4.3683e-06,7.8716e-06,9.1473e-06,8.6473e-06
P60,60.00,135.00,0.00,0.00,5.7743e-08,2.2465e-07,7.8575e-07,4.0589e-06,8.9292e-06,8.9171e-06,6.7793e-06,5.6223e-08,2.0253e-07,5.6540e-07,4.1003e-06,7.6156e-06,8.8421e-06,7.8426e-06
P60,30.00,180.00,60.00,0.00,3.8138e-08,2.6782e-07,9.1390e-07,4.2933e-06,9.1916e-06,9.1791e-06,7.5635e-06,3.7604e-08,2.4228e-07,6.6077e-07,4.3185e-06,7.8241e-06,9.0906e-06,8.4922e-06
P61,30.00,45.00,30.00,0.00,4.4798e-08,2.1551e-07,7.0442e-07,2.1143e-06,5.5424e-06,5.5318e-06,5.1398e-06,4.2649e-08,1.9664e-07,5.4008e-07,2.1156e-06,4.3825e-06,5.4372e-06,5.6065e-06
P61,30.00,90.00,0.00,0.00,4.1719e-08,2.1550e-07,7.0434e-07,2.1140e-06,5.5423e-06,5.5318e-06,5.1397e-06,3.9678e-08,1.9664e-07,5.4005e-07,2.1153e-06,4.3824e-06,5.4371e-06,5.6065e-06
P61,30.00,135.00,30.00,0.00,3.7076e-08,2.1548e-07,7.0426e-07,2.1138e-06,5.5423e-06,5.5318e-06,5.1397e-06,3.5289e-08,1.9663e-07,5.4000e-07,2.1151e-06,4.3824e-06,5.4371e-06,5.6065e-06
P61,30.00,135.00,0.00,0.00,4.1719e-08,2.1550e-07,7.0434e-07,2.1140e-06,5.5423e-06,5.5318e-06,5.1397e-06,3.9678e-08,1.9664e-07,5.4005e-07,2.1153e-06,4.3824e-06,5.4371e-06,5.6065e-06
P61,30.00,45.00,60.00,0.00,3.8874e-08,2.1548e-07,7.0435e-07,2.1144e-06,5.5424e-06,5.5318e-06,5.1398e-06,3.7151e-08,1.9663e-07,5.4002e-07,2.1158e-06,4.3826e-06,5.4372e-06,5.6065e-06
P61,60.00,45.00,30.00,0.00,6.3927e-08,1.7979e-07,6.2786e-07,2.0025e-06,5.4408e-06,5.4303e-06,4.6826e-06,6.0883e-08,1.6283e-07,4.7132e-07,2.0129e-06,4.2868e-06,5.3400e-06,5.2622e-06
P61,60.00,90.00,60.00,0.00,4.2987e-08,1.7973e-07,6.2749e-07,2.0016e-06,5.4407e-06,5.4302e-06,4.6825e-06,4.0985e-08,1.6281e-07,4.7115e-07,2.0119e-06,4.2867e-06,5.3399e-06,5.2621e-06
P61,0.00,90.00,30.00,0.00,3.6789e-08,2.2526e-07,7.2324e-07,2.1394e-06,5.5676e-06,5.5571e-06,5.2494e-06,3.5031e-08,2.0596e-07,5.5742e-07,2.1385e-06,4.4061e-06,5.4616e-06,5.6871e-06
P61,0.00,90.00,0.00,0.00,3.8724e-08,2.2527e-07,7.2330e-07,2.1395e-06,5.5676e-06,5.5571e-06,5.2494e-06,3.6860e-08,2.0596e-07,5.5746e-07,2.1386e-06,4.4061e-06,5.4616e-06,5.6871e-06
P61,0.00,45.00,0.00,0.00,3.8724e-08,2.2527e-07,7.2330e-07,2.1395e-06,5.5676e-06,5.5571e-06,5.2494e-06,3.6860e-08,2.0596e-07,5.5746e-07,2.1386e-06,4.4061e-06,5.4616e-06,5.6871e-06
P61,30.00,180.00,30.00,0.00,3.5777e-08,2.1547e-07,7.0421e-07,2.1136e-06,5.5423e-06,5.5317e-06,5.1397e-06,3.4045e-08,1.9663e-07,5.3998e-07,2.1149e-06,4.3824e-06,5.4371e-06,5.6065e-06
P61,60.00,0.00,0.00,0.00,5.0128e-08,1.7976e-07,6.2763e-07,2.0016e-06,5.4407e-06,5.4302e-06,4.6826e-06,4.7692e-08,1.6282e-07,4.7123e-07,2.0119e-06,4.2867e-06,5.3399e-06,5.2621e-06
P61,60.00,180.00,60.00,0.00,2.6424e-08,1.7970e-07,6.2725e-07,2.0005e-06,5.4406e-06,5.4301e-06,4.6825e-06,2.5200e-08,1.6280e-07,4.7105e-07,2.0107e-06,4.2864e-06,5.3398e-06,5.2620e-06
P61,60.00,0.00,30.00,0.00,7.2011e-08,1.7981e-07,6.2800e-07,2.0029e-06,5.4408e-06,5.4303e-06,4.6826e-06,6.8611e-08,1.6283e-07,4.7139e-07,2.0133e-06,4.2868e-06,5.3401e-06,5.2622e-06
P61,0.00,135.00,60.00,0.00,2.7420e-08,2.2523e-07,7.2312e-07,2.1394e-06,5.5676e-06,5.5571e-06,5.2494e-06,2.6242e-08,2.0595e-07,5.5735e-07,2.1385e-06,4.4061e-06,5.4616e-06,5.6871e-06
P61,60.00,135.00,30.00,0.00,4.1549e-08,1.7974e-07,6.2748e-07,2.0012e-06,5.4406e-06,5.4302e-06,4.6825e-06,3.9527e-08,1.6281e-07,4.7116e-07,2.0115e-06,4.2865e-06,5.3399e-06,5.2621e-06
P61,0.00,90.00,60.00,0.00,2.7420e-08,2.2523e-07,7.2312e-07,2.1394e-06,5.5676e-06,5.5571e-06,5.2494e-06,2.6242e-08,2.0595e-07,5.5735e-07,2.1385e-06,4.4061e-06,5.4616e-06,5.6871e-06
P61,60.00,45.00,0.00,0.00,5.0128e-08,1.7976e-07,6.2763e-07,2.0016e-06,5.4407e-06,5.4302e-06,4.6826e-06,4.7692e-08,1.6282e-07,4.7123e-07,2.0119e-06,4.2867e-06,5.3399e-06,5.2621e-06
P61,0.00,180.00,0.00,0.00,3.8724e-08,2.2527e-07,7.2330e-07,2.1395e-06,5.5676e-06,5.5571e-06,5.2494e-06,3.6860e-08,2.0596e-07,5.5746e-07,2.1386e-06,4.4061e-06,5.4616e-06,5.6871e-06
P61,60.00,180.00,30.00,0.00,3.8799e-08,1.7973e-07,6.2744e-07,2.0011e-06,5.4406e-06,5.4302e-06,4.6825e-06,3.6912e-08,1.6281e-07,4.7114e-07,2.0114e-06,4.2865e-06,5.3399e-06,5.2621e-06
P61,0.00,0.00,0.00,0.00,3.8724e-08,2.2527e-07,7.2330e-07,2.1395e-06,5.5676e-06,5.5571e-06,5.2494e-06,3.6860e-08,2.0596e-07,5.5746e-07,2.1386e-06,4.4061e-06,5.4616e-06,5.6871e-06
P61,60.00,90.00,30.00,0.00,5.0303e-08,1.7976e-07,6.2761e-07,2.0016e-06,5.4407e-06,5.4302e-06,4.6825e-06,4.7868e-08,1.6282e-07,4.7122e-07,2.0119e-06,4.2866e-06,5.3399e-06,5.2621e-06
P61,30.00,0.00,30.00,0.00,4.6890e-08,2.1551e-07,7.0447e-07,2.1144e-06,5.5424e-06,5.5318e-06,5.1398e-06,4.4647e-08,1.9664e-07,5.4011e-07,2.1158e-06,4.3826e-06,5.4372e-06,5.6065e-06
P61,0.00,45.00,30.00,0.00,3.6789e-08,2.2526e-07,7.2324e-07,2.1394e-06,5.5676e-06,5.5571e-06,5.2494e-06,3.5031e-08,2.0596e-07,5.5742e-07,2.1385e-06,4.4061e-06,5.4616e-06,5.6871e-06
P61,0.00,0.00,30.00,0.00,3.6789e-08,2.2526e-07,7.2324e-07,2.1394e-06,5.5676e-06,5.5571e-06,5.2494e-06,3.5031e-08,2.0596e-07,5.5742e-07,2.1385e-06,4.4061e-06,5.4616e-06,5.6871e-06
P61,30.00,90.00,30.00,0.00,4.0574e-08,2.1549e-07,7.0433e-07,2.1141e-06,5.5423e-06,5.5318e-06,5.1397e-06,3.8623e-08,1.9663e-07,5.4004e-07,2.1154e-06,4.3825e-06,5.4372e-06,5.6065e-06
P61,30.00,180.00,60.00,0.00,2.4353e-08,2.1545e-07,7.0409e-07,2.1136e-06,5.5423e-06,5.5318e-06,5.1397e-06,2.3297e-08,1.9662e-07,5.3991e-07,2.1149e-06,4.3824e-06,5.4371e-06,5.6065e-06
P61,30.00,180.00,0.00,0.00,4.1719e-08,2.1550e-07,7.0434e-07,2.1140e-06,5.5423e-06,5.5318e-06,5.1397e-06,3.9678e-08,1.9664e-07,5.4005e-07,2.1153e-06,4.3824e-06,5.4371e-06,5.6065e-06
P61,30.00,0.00,0.00,0.00,4.1719e-08,2.1550e-07,7.0434e-07,2.1140e-06,5.5423e-06,5.5318e-06,5.1397e-06,3.9678e-08,1.9664e-07,5.4005e-07,2.1153e-06,4.3824e-06,5.4371e-06,5.6065e-06
P61,0.00,135.00,0.00,0.00,3.8724e-08,2.2527e-07,7.2330e-07,2.1395e-06,5.5676e-06,5.5571e-06,5.2494e-06,3.6860e-08,2.0596e-07,5.5746e-07,2.1386e-06,4.4061e-06,5.4616e-06,5.6871e-06
P61,60.00,180.00,0.00,0.00,5.0128e-08,1.7976e-07,6.2763e-07,2.0016e-06,5.4407e-06,5.4302e-06,4.6826e-06,4.7692e-08,1.6282e-07,4.7123e-07,2.0119e-06,4.2867e-06,5.3399e-06,5.2621e-06
P61,0.00,180.00,60.00,0.00,2.7420e-08,2.2523e-07,7.2312e-07,2.1394e-06,5.5676e-06,5.5571e-06,5.2494e-06,2.6242e-08,2.0595e-07,5.5735e-07,2.1385e-06,4.4061e-06,5.4616e-06,5.6871e-06
P61,0.00,45.00,60.00,0.00,2.7420e-08,2.2523e-07,7.2312e-07,2.1394e-06,5.5676e-06,5.5571e-06,5.2494e-06,2.6242e-08,2.0595e-07,5.5735e-07,2.1385e-06,4.4061e-06,5.4616e-06,5.6871e-06
P61,0.00,135.00,30.00,0.00,3.6789e-08,2.2526e-07,7.2324e-07,2.1394e-06,5.5676e-06,5.5571e-06,5.2494e-06,3.5031e-08,2.0596e-07,5.5742e-07,2.1385e-06,4.4061e-06,5.4616e-06,5.6871e-06
P61,30.00,0.00,60.00,0.00,4.3546e-08,2.1550e-07,7.0443e-07,2.1147e-06,5.5424e-06,5.5319e-06,5.1398e-06,4.1618e-08,1.9663e-07,5.4006e-07,2.1160e-06,4.3826e-06,5.4372e-06,5.6066e-06
P61,60.00,135.00,60.00,0.00,2.9873e-08,1.7971e-07,6.2732e-07,2.0009e-06,5.4406e-06,5.4301e-06,4.6825e-06,2.8494e-08,1.6280e-07,4.7108e-07,2.0112e-06,4.2865e-06,5.3399e-06,5.2620e-06
P61,30.00,45.00,0.00,0.00,4.1719e-08,2.1550e-07,7.0434e-07,2.1140e-06,5.5423e-06,5.5318e-06,5.1397e-06,3.9678e-08,1.9664e-07,5.4005e-07,2.1153e-06,4.3824e-06,5.4371e-06,5.6065e-06
P61,30.00,90.00,60.00,0.00,3.1000e-08,2.1546e-07,7.0420e-07,2.1139e-06,5.5423e-06,5.5318e-06,5.1397e-06,2.9628e-08,1.9662e-07,5.3996e-07,2.1152e-06,4.3824e-06,5.4371e-06,5.6065e-06
P61,60.00,0.00,60.00,0.00,1.1013e-07,1.7989e-07,6.2865e-07,2.0065e-06,5.4413e-06,5.4308e-06,4.6827e-06,1.0533e-07,1.6285e-07,4.7161e-07,2.0171e-06,4.2876e-06,5.3405e-06,5.2624e-06
P61,30.00,135.00,60.00,0.00,2.5942e-08,2.1545e-07,7.0411e-07,2.1137e-06,5.5423e-06,5.5318e-06,5.1397e-06,2.4808e-08,1.9662e-07,5.3992e-07,2.1150e-06,4.3824e-06,5.4371e-06,5.6065e-06
P61,60.00,135.00,0.00,0.00,5.0128e-08,1.7976e-07,6.2763e-07,2.0016e-06,5.4407e-06,5.4302e-06,4.6826e-06,4.7692e-08,1.6282e-07,4.7123e-07,2.0119e-06,4.2867e-06,5.3399e-06,5.2621e-06
P61,60.00,45.00,60.00,0.00,7.5999e-08,1.7981e-07,6.2801e-07,2.0037e-06,5.4409e-06,5.4304e-06,4.6826e-06,7.2550e-08,1.6283e-07,4.7135e-07,2.0142e-06,4.2870e-06,5.3402e-06,5.2622e-06
P61,60.00,90.00,0.00,0.00,5.0128e-08,1.7976e-07,6.2763e-07,2.0016e-06,5.4407e-06,5.4302e-06,4.6826e-06,4.7692e-08,1.6282e-07,4.7123e-07,2.0119e-06,4.2867e-06,5.3399e-06,5.2621e-06
P61,0.00,180.00,30.00,0.00,3.6789e-08,2.2526e-07,7.2324e-07,2.1394e-06,5.5676e-06,5.5571e-06,5.2494e-06,3.5031e-08,2.0596e-07,5.5742e-07,2.1385e-06,4.4061e-06,5.4616e-06,5.6871e-06
P61,0.00,0.00,60.00,0.00,2.7420e-08,2.2523e-07,7.2312e-07,2.1394e-06,5.5676e-06,5.5571e-06,5.2494e-06,2.6242e-08,2.0595e-07,5.5735e-07,2.1385e-06,4.4061e-06,5.4616e-06,5.6871e-06
P62,60.00,90.00,30.00,0.00,6.5848e-08,2.8096e-07,9.0672e-07,4.9542e-06,1.0146e-05,1.0135e-05,7.5295e-06,6.4810e-08,2.5573e-07,6.6530e-07,5.0171e-06,8.9152e-06,1.0079e-05,8.7026e-06
P62,0.00,90.00,0.00,0.00,6.3243e-08,3.4097e-07,1.0859e-06,5.3176e-06,1.0629e-05,1.0616e-05,8.6616e-06,6.2388e-08,3.1090e-07,7.9672e-07,5.3554e-06,9.2760e-06,1.0539e-05,9.6853e-06
P62,60.00,135.00,60.00,0.00,4.9431e-08,2.8095e-07,9.0672e-07,4.9538e-06,1.0146e-05,1.0134e-05,7.5295e-06,4.9060e-08,2.5573e-07,6.6530e-07,5.0167e-06,8.9152e-06,1.0079e-05,8.7026e-06
P62,30.00,90.00,0.00,0.00,6.4532e-08,3.2776e-07,1.0471e-06,5.2523e-06,1.0543e-05,1.0531e-05,8.4348e-06,6.3586e-08,2.9872e-07,7.6794e-07,5.2952e-06,9.2142e-06,1.0458e-05,9.4951e-06
P62,30.00,135.00,60.00,0.00,5.0851e-08,3.2775e-07,1.0471e-06,5.2521e-06,1.0543e-05,1.0531e-05,8.4348e-06,5.0578e-08,2.9872e-07,7.6794e-07,5.2949e-06,9.2141e-06,1.0458e-05,9.4950e-06
P62,0.00,0.00,30.00,0.00,6.1420e-08,3.4097e-07,1.0859e-06,5.3175e-06,1.0629e-05,1.0616e-05,8.6616e-06,6.0657e-08,3.1090e-07,7.9672e-07,5.3553e-06,9.2760e-06,1.0539e-05,9.6853e-06
P62,60.00,180.00,30.00,0.00,5.6993e-08,2.8096e-07,9.0672e-07,4.9539e-06,1.0146e-05,1.0134e-05,7.5295e-06,5.6267e-08,2.5573e-07,6.6530e-07,5.0169e-06,8.9152e-06,1.0079e-05,8.7026e-06
P62,0.00,0.00,60.00,0.00,5.3021e-08,3.4097e-07,1.0859e-06,5.3174e-06,1.0629e-05,1.0616e-05,8.6616e-06,5.2712e-08,3.1090e-07,7.9672e-07,5.3552e-06,9.2760e-06,1.0539e-05,9.6853e-06
P62,60.00,90.00,0.00,0.00,6.5973e-08,2.8096e-07,9.0672e-07,4.9542e-06,1.0146e-05,1.0135e-05,7.5295e-06,6.4913e-08,2.5573e-07,6.6530e-07,5.0172e-06,8.9152e-06,1.0079e-05,8.7026e-06
P62,30.00,45.00,60.00,0.00,6.0923e-08,3.2776e-07,1.0471e-06,5.2525e-06,1.0543e-05,1.0531e-05,8.4348e-06,6.0309e-08,2.9872e-07,7.6794e-07,5.2953e-06,9.2142e-06,1.0458e-05,9.4951e-06
P62,0.00,45.00,30.00,0.00,6.1420e-08,3.4097e-07,1.0859e-06,5.3175e-06,1.0629e-05,1.0616e-05,8.6616e-06,6.0657e-08,3.1090e-07,7.9672e-07,5.3553e-06,9.2760e-06,1.0539e-05,9.6853e-06
P62,60.00,0.00,30.00,0.00,8.2601e-08,2.8096e-07,9.0672e-07,4.9548e-06,1.0146e-05,1.0135e-05,7.5295e-06,8.1022e-08,2.5573e-07,6.6530e-07,5.0178e-06,8.9153e-06,1.0079e-05,8.7026e-06
P62,0.00,180.00,0.00,0.00,6.3243e-08,3.4097e-07,1.0859e-06,5.3176e-06,1.0629e-05,1.0616e-05,8.6616e-06,6.2388e-08,3.1090e-07,7.9672e-07,5.3554e-06,9.2760e-06,1.0539e-05,9.6853e-06
P62,0.00,0.00,0.00,0.00,6.3243e-08,3.4097e-07,1.0859e-06,5.3176e-06,1.0629e-05,1.0616e-05,8.6616e-06,6.2388e-08,3.1090e-07,7.9672e-07,5.3554e-06,9.2760e-06,1.0539e-05,9.6853e-06
P62,60.00,45.00,0.00,0.00,6.5973e-08,2.8096e-07,9.0672e-07,4.9542e-06,1.0146e-05,1.0135e-05,7.5295e-06,6.4913e-08,2.5573e-07,6.6530e-07,5.0172e-06,8.9152e-06,1.0079e-05,8.7026e-06
P62,30.00,45.00,0.00,0.00,6.4532e-08,3.2776e-07,1.0471e-06,5.2523e-06,1.0543e-05,1.0531e-05,8.4348e-06,6.3586e-08,2.9872e-07,7.6794e-07,5.2952e-06,9.2142e-06,1.0458e-05,9.4951e-06
P62,30.00,45.00,30.00,0.00,6.6781e-08,3.2776e-07,1.0471e-06,5.2525e-06,1.0543e-05,1.0531e-05,8.4348e-06,6.5793e-08,2.9872e-07,7.6794e-07,5.2953e-06,9.2142e-06,1.0458e-05,9.4951e-06
P62,0.00,180.00,30.00,0.00,6.1420e-08,3.4097e-07,1.0859e-06,5.3175e-06,1.0629e-05,1.0616e-05,8.6616e-06,6.0657e-08,3.1090e-07,7.9672e-07,5.3553e-06,9.2760e-06,1.0539e-05,9.6853e-06
P62,60.00,0.00,60.00,0.00,1.0926e-07,2.8097e-07,9.0672e-07,4.9561e-06,1.0146e-05,1.0135e-05,7.5295e-06,1.0713e-07,2.5573e-07,6.6530e-07,5.0193e-06,8.9156e-06,1.0079e-05,8.7026e-06
P62,60.00,0.00,0.00,0.00,6.5973e-08,2.8096e-07,9.0672e-07,4.9542e-06,1.0146e-05,1.0135e-05,7.5295e-06,6.4913e-08,2.5573e-07,6.6530e-07,5.0172e-06,8.9152e-06,1.0079e-05,8.7026e-06
P62,60.00,90.00,60.00,0.00,5.9165e-08,2.8096e-07,9.0672e-07,4.9541e-06,1.0146e-05,1.0134e-05,7.5295e-06,5.8465e-08,2.5573e-07,6.6530e-07,5.0170e-06,8.9152e-06,1.0079e-05,8.7026e-06
P62,30.00,90.00,60.00,0.00,5.4787e-08,3.2775e-07,1.0471e-06,5.2522e-06,1.0543e-05,1.0531e-05,8.4348e-06,5.4375e-08,2.9872e-07,7.6794e-07,5.2951e-06,9.2142e-06,1.0458e-05,9.4951e-06
P62,30.00,0.00,60.00,0.00,6.4570e-08,3.2776e-07,1.0471e-06,5.2526e-06,1.0543e-05,1.0531e-05,8.4348e-06,6.3838e-08,2.9872e-07,7.6794e-07,5.2955e-06,9.2142e-06,1.0458e-05,9.4951e-06
P62,0.00,135.00,30.00,0.00,6.1420e-08,3.4097e-07,1.0859e-06,5.3175e-06,1.0629e-05,1.0616e-05,8.6616e-06,6.0657e-08,3.1090e-07,7.9672e-07,5.3553e-06,9.2760e-06,1.0539e-05,9.6853e-06
P62,60.00,45.00,60.00,0.00,8.3757e-08,2.8096e-07,9.0672e-07,4.9550e-06,1.0146e-05,1.0135e-05,7.5295e-06,8.2306e-08,2.5573e-07,6.6530e-07,5.0180e-06,8.9154e-06,1.0079e-05,8.7026e-06
P62,0.00,45.00,0.00,0.00,6.3243e-08,3.4097e-07,1.0859e-06,5.3176e-06,1.0629e-05,1.0616e-05,8.6616e-06,6.2388e-08,3.1090e-07,7.9672e-07,5.3554e-06,9.2760e-06,1.0539e-05,9.6853e-06
P62,0.00,90.00,60.00,0.00,5.3021e-08,3.4097e-07,1.0859e-06,5.3174e-06,1.0629e-05,1.0616e-05,8.6616e-06,5.2712e-08,3.1090e-07,7.9672e-07,5.3552e-06,9.2760e-06,1.0539e-05,9.6853e-06
P62,30.00,180.00,60.00,0.00,4.9616e-08,3.2775e-07,1.0471e-06,5.2521e-06,1.0543e-05,1.0531e-05,8.4348e-06,4.9389e-08,2.9872e-07,7.6794e-07,5.2949e-06,9.2141e-06,1.0458e-05,9.4950e-06
P62,0.00,45.00,60.00,0.00,5.3021e-08,3.4097e-07,1.0859e-06,5.3174e-06,1.0629e-05,1.0616e-05,8.6616e-06,5.2712e-08,3.1090e-07,7.9672e-07,5.3552e-06,9.2760e-06,1.0539e-05,9.6853e-06
P62,30.00,0.00,0.00,0.00,6.4532e-08,3.2776e-07,1.0471e-06,5.2523e-06,1.0543e-05,1.0531e-05,8.4348e-06,6.3586e-08,2.9872e-07,7.6794e-07,5.2952e-06,9.2142e-06,1.0458e-05,9.4951e-06
P62,30.00,180.00,0.00,0.00,6.4532e-08,3.2776e-07,1.0471e-06,5.2523e-06,1.0543e-05,1.0531e-05,8.4348e-06,6.3586e-08,2.9872e-07,7.6794e-07,5.2952e-06,9.2142e-06,1.0458e-05,9.4951e-06
P62,0.00,135.00,0.00,0.00,6.3243e-08,3.4097e-07,1.0859e-06,5.3176e-06,1.0629e-05,1.0616e-05,8.6616e-06,6.2388e-08,3.1090e-07,7.9672e-07,5.3554e-06,9.2760e-06,1.0539e-05,9.6853e-06
P62,30.00,135.00,0.00,0.00,6.4532e-08,3.2776e-07,1.0471e-06,5.2523e-06,1.0543e-05,1.0531e-05,8.4348e-06,6.3586e-08,2.9872e-07,7.6794e-07,5.2952e-06,9.2142e-06,1.0458e-05,9.4951e-06
P62,0.00,135.00,60.00,0.00,5.3021e-08,3.4097e-07,1.0859e-06,5.3174e-06,1.0629e-05,1.0616e-05,8.6616e-06,5.2712e-08,3.1090e-07,7.9672e-07,5.3552e-06,9.2760e-06,1.0539e-05,9.6853e-06
P62,60.00,180.00,0.00,0.00,6.5973e-08,2.8096e-07,9.0672e-07,4.9542e-06,1.0146e-05,1.0135e-05,7.5295e-06,6.4913e-08,2.5573e-07,6.6530e-07,5.0172e-06,8.9152e-06,1.0079e-05,8.7026e-06
P62,30.00,180.00,30.00,0.00,5.9477e-08,3.2776e-07,1.0471e-06,5.2521e-06,1.0543e-05,1.0531e-05,8.4348e-06,5.8753e-08,2.9872e-07,7.6794e-07,5.2949e-06,9.2141e-06,1.0458e-05,9.4951e-06
P62,0.00,180.00,60.00,0.00,5.3021e-08,3.4097e-07,1.0859e-06,5.3174e-06,1.0629e-05,1.0616e-05,8.6616e-06,5.2712e-08,3.1090e-07,7.9672e-07,5.3552e-06,9.2760e-06,1.0539e-05,9.6853e-06
P62,30.00,90.00,30.00,0.00,6.3359e-08,3.2776e-07,1.0471e-06,5.2523e-06,1.0543e-05,1.0531e-05,8.4348e-06,6.2497e-08,2.9872e-07,7.6794e-07,5.2952e-06,9.2142e-06,1.0458e-05,9.4951e-06
P62,60.00,45.00,30.00,0.00,7.6357e-08,2.8096e-07,9.0672e-07,4.9546e-06,1.0146e-05,1.0135e-05,7.5295e-06,7.4977e-08,2.5573e-07,6.6530e-07,5.0176e-06,8.9153e-06,1.0079e-05,8.7026e-06
P62,30.00,135.00,30.00,0.00,6.0528e-08,3.2776e-07,1.0471e-06,5.2522e-06,1.0543e-05,1.0531e-05,8.4348e-06,5.9770e-08,2.9872e-07,7.6794e-07,5.2951e-06,9.2142e-06,1.0458e-05,9.4951e-06
P62,60.00,135.00,30.00,0.00,5.9109e-08,2.8096e-07,9.0672e-07,4.9539e-06,1.0146e-05,1.0134e-05,7.5295e-06,5.8304e-08,2.5573e-07,6.6530e-07,5.0169e-06,8.9152e-06,1.0079e-05,8.7026e-06
P62,60.00,180.00,60.00,0.00,4.6878e-08,2.8095e-07,9.0672e-07,4.9536e-06,1.0146e-05,1.0134e-05,7.5295e-06,4.6586e-08,2.5573e-07,6.6530e-07,5.0165e-06,8.9151e-06,1.0079e-05,8.7026e-06
P62,0.00,90.00,30.00,0.00,6.1420e-08,3.4097e-07,1.0859e-06,5.3175e-06,1.0629e-05,1.0616e-05,8.6616e-06,6.0657e-08,3.1090e-07,7.9672e-07,5.3553e-06,9.2760e-06,1.0539e-05,9.6853e-06
P62,30.00,0.00,30.00,0.00,6.8477e-08,3.2776e-07,1.0471e-06,5.2526e-06,1.0543e-05,1.0531e-05,8.4348e-06,6.7431e-08,2.9872e-07,7.6794e-07,5.2954e-06,9.2142e-06,1.0458e-05,9.4951e-06
P62,60.00,135.00,0.00,0.00,6.5973e-08,2.8096e-07,9.0672e-07,4.9542e-06,1.0146e-05,1.0135e-05,7.5295e-06,6.4913e-08,2.5573e-07,6.6530e-07,5.0172e-06,8.9152e-06,1.0079e-05,8.7026e-06
P63,0.00,135.00,0.00,0.00,6.0652e-08,3.1208e-07,1.0186e-06,5.1643e-06,1.0160e-05,1.0149e-05,8.6179e-06,6.0019e-08,2.8347e-07,7.4719e-07,5.1939e-06,8.9514e-06,1.0082e-05,9.4600e-06
P63,0.00,135.00,30.00,0.00,5.8872e-08,3.1208e-07,1.0186e-06,5.1642e-06,1.0160e-05,1.0149e-05,8.6179e-06,5.8326e-08,2.8347e-07,7.4719e-07,5.1938e-06,8.9514e-06,1.0082e-05,9.4600e-06
P63,60.00,0.00,0.00,0.00,6.2087e-08,2.5162e-07,8.5548e-07,4.7762e-06,9.5125e-06,9.5025e-06,7.5458e-06,6.1357e-08,2.2736e-07,6.2160e-07,4.8276e-06,8.4393e-06,9.4517e-06,8.4882e-06
P63,30.00,90.00,60.00,0.00,5.2108e-08,2.9892e-07,9.8389e-07,5.0922e-06,1.0041e-05,1.0030e-05,8.4011e-06,5.1909e-08,2.7122e-07,7.2038e-07,5.1261e-06,8.8602e-06,9.9666e-06,9.2679e-06
P63,60.00,45.00,0.00,0.00,6.2087e-08,2.5162e-07,8.5548e-07,4.7762e-06,9.5125e-06,9.5025e-06,7.5458e-06,6.1357e-08,2.2736e-07,6.2160e-07,4.8276e-06,8.4393e-06,9.4517e-06,8.4882e-06
P63,0.00,180.00,60.00,0.00,5.0694e-08,3.1208e-07,1.0186e-06,5.1641e-06,1.0160e-05,1.0149e-05,8.6179e-06,5.0571e-08,2.8347e-07,7.4719e-07,5.1937e-06,8.9514e-06,1.0082e-05,9.4600e-06
P63,60.00,180.00,60.00,0.00,4.4395e-08,2.5162e-07,8.5548e-07,4.7758e-06,9.5125e-06,9.5025e-06,7.5458e-06,4.4316e-08,2.2736e-07,6.2160e-07,4.8272e-06,8.4392e-06,9.4517e-06,8.4882e-06
P63,0.00,90.00,30.00,0.00,5.8872e-08,3.1208e-07,1.0186e-06,5.1642e-06,1.0160e-05,1.0149e-05,8.6179e-06,5.8326e-08,2.8347e-07,7.4719e-07,5.1938e-06,8.9514e-06,1.0082e-05,9.4600e-06
P63,60.00,45.00,30.00,0.00,7.1290e-08,2.5163e-07,8.5548e-07,4.7764e-06,9.5125e-06,9.5025e-06,7.5458e-06,7.0323e-08,2.2736e-07,6.2160e-07,4.8278e-06,8.4393e-06,9.4517e-06,8.4882e-06
P63,30.00,135.00,60.00,0.00,4.8562e-08,2.9892e-07,9.8389e-07,5.0921e-06,1.0041e-05,1.0030e-05,8.4011e-06,4.8472e-08,2.7122e-07,7.2038e-07,5.1261e-06,8.8602e-06,9.9666e-06,9.2679e-06
P63,0.00,90.00,0.00,0.00,6.0652e-08,3.1208e-07,1.0186e-06,5.1643e-06,1.0160e-05,1.0149e-05,8.6179e-06,6.0019e-08,2.8347e-07,7.4719e-07,5.1939e-06,8.9514e-06,1.0082e-05,9.4600e-06
P63,0.00,180.00,0.00,0.00,6.0652e-08,3.1208e-07,1.0186e-06,5.1643e-06,1.0160e-05,1.0149e-05,8.6179e-06,6.0019e-08,2.8347e-07,7.4719e-07,5.1939e-06,8.9514e-06,1.0082e-05,9.4600e-06
P63,0.00,135.00,60.00,0.00,5.0694e-08,3.1208e-07,1.0186e-06,5.1641e-06,1.0160e-05,1.0149e-05,8.6179e-06,5.0571e-08,2.8347e-07,7.4719e-07,5.1937e-06,8.9514e-06,1.0082e-05,9.4600e-06
P63,60.00,45.00,60.00,0.00,7.6779e-08,2.5163e-07,8.5548e-07,4.7765e-06,9.5125e-06,9.5025e-06,7.5458e-06,7.5850e-08,2.2736e-07,6.2160e-07,4.8280e-06,8.4393e-06,9.4517e-06,8.4882e-06
P63,30.00,0.00,60.00,0.00,6.0906e-08,2.9892e-07,9.8389e-07,5.0924e-06,1.0041e-05,1.0030e-05,8.4011e-06,6.0458e-08,2.7122e-07,7.2038e-07,5.1264e-06,8.8602e-06,9.9666e-06,9.2679e-06
P63,30.00,45.00,0.00,0.00,6.1664e-08,2.9892e-07,9.8389e-07,5.0923e-06,1.0041e-05,1.0030e-05,8.4011e-06,6.0963e-08,2.7122e-07,7.2038e-07,5.1263e-06,8.8602e-06,9.9666e-06,9.2679e-06
P63,60.00,90.00,0.00,0.00,6.2087e-08,2.5162e-07,8.5548e-07,4.7762e-06,9.5125e-06,9.5025e-06,7.5458e-06,6.1357e-08,2.2736e-07,6.2160e-07,4.8276e-06,8.4393e-06,9.4517e-06,8.4882e-06
P63,0.00,45.00,0.00,0.00,6.0652e-08,3.1208e-07,1.0186e-06,5.1643e-06,1.0160e-05,1.0149e-05,8.6179e-06,6.0019e-08,2.8347e-07,7.4719e-07,5.1939e-06,8.9514e-06,1.0082e-05,9.4600e-06
P63,30.00,135.00,30.00,0.00,5.7862e-08,2.9892e-07,9.8389e-07,5.0922e-06,1.0041e-05,1.0030e-05,8.4011e-06,5.7329e-08,2.7122e-07,7.2038e-07,5.1262e-06,8.8602e-06,9.9666e-06,9.2679e-06
P63,0.00,0.00,0.00,0.00,6.0652e-08,3.1208e-07,1.0186e-06,5.1643e-06,1.0160e-05,1.0149e-05,8.6179e-06,6.0019e-08,2.8347e-07,7.4719e-07,5.1939e-06,8.9514e-06,1.0082e-05,9.4600e-06
P63,60.00,180.00,30.00,0.00,5.3873e-08,2.5162e-07,8.5548e-07,4.7760e-06,9.5125e-06,9.5025e-06,7.5458e-06,5.3417e-08,2.2736e-07,6.2160e-07,4.8274e-06,8.4393e-06,9.4517e-06,8.4882e-06
P63,60.00,135.00,30.00,0.00,5.5780e-08,2.5162e-07,8.5548e-07,4.7760e-06,9.5125e-06,9.5025e-06,7.5458e-06,5.5262e-08,2.2736e-07,6.2160e-07,4.8275e-06,8.4393e-06,9.4517e-06,8.4882e-06
P63,60.00,90.00,30.00,0.00,6.1846e-08,2.5162e-07,8.5548e-07,4.7761e-06,9.5125e-06,9.5025e-06,7.5458e-06,6.1145e-08,2.2736e-07,6.2160e-07,4.8276e-06,8.4393e-06,9.4517e-06,8.4882e-06
P63,60.00,135.00,0.00,0.00,6.2087e-08,2.5162e-07,8.5548e-07,4.7762e-06,9.5125e-06,9.5025e-06,7.5458e-06,6.1357e-08,2.2736e-07,6.2160e-07,4.8276e-06,8.4393e-06,9.4517e-06,8.4882e-06
P63,60.00,135.00,60.00,0.00,4.6644e-08,2.5162e-07,8.5548e-07,4.7759e-06,9.5125e-06,9.5025e-06,7.5458e-06,4.6505e-08,2.2736e-07,6.2160e-07,4.8273e-06,8.4392e-06,9.4517e-06,8.4882e-06
P63,60.00,0.00,60.00,0.00,9.9093e-08,2.5164e-07,8.5548e-07,4.7771e-06,9.5125e-06,9.5026e-06,7.5458e-06,9.7680e-08,2.2736e-07,6.2160e-07,4.8286e-06,8.4394e-06,9.4517e-06,8.4882e-06
P63,0.00,0.00,60.00,0.00,5.0694e-08,3.1208e-07,1.0186e-06,5.1641e-06,1.0160e-05,1.0149e-05,8.6179e-06,5.0571e-08,2.8347e-07,7.4719e-07,5.1937e-06,8.9514e-06,1.0082e-05,9.4600e-06
P63,0.00,0.00,30.00,0.00,5.8872e-08,3.1208e-07,1.0186e-06,5.1642e-06,1.0160e-05,1.0149e-05,8.6179e-06,5.8326e-08,2.8347e-07,7.4719e-07,5.1938e-06,8.9514e-06,1.0082e-05,9.4600e-06
P63,30.00,180.00,0.00,0.00,6.1664e-08,2.9892e-07,9.8389e-07,5.0923e-06,1.0041e-05,1.0030e-05,8.4011e-06,6.0963e-08,2.7122e-07,7.2038e-07,5.1263e-06,8.8602e-06,9.9666e-06,9.2679e-06
P63,30.00,180.00,60.00,0.00,4.7448e-08,2.9892e-07,9.8389e-07,5.0921e-06,1.0041e-05,1.0030e-05,8.4011e-06,4.7394e-08,2.7122e-07,7.2038e-07,5.1260e-06,8.8602e-06,9.9666e-06,9.2679e-06
P63,30.00,45.00,30.00,0.00,6.3631e-08,2.9892e-07,9.8389e-07,5.0924e-06,1.0041e-05,1.0030e-05,8.4011e-06,6.2908e-08,2.7122e-07,7.2038e-07,5.1264e-06,8.8603e-06,9.9666e-06,9.2679e-06
P63,0.00,90.00,60.00,0.00,5.0694e-08,3.1208e-07,1.0186e-06,5.1641e-06,1.0160e-05,1.0149e-05,8.6179e-06,5.0571e-08,2.8347e-07,7.4719e-07,5.1937e-06,8.9514e-06,1.0082e-05,9.4600e-06
P63,60.00,90.00,60.00,0.00,5.5208e-08,2.5162e-07,8.5548e-07,4.7760e-06,9.5125e-06,9.5025e-06,7.5458e-06,5.4825e-08,2.2736e-07,6.2160e-07,4.8275e-06,8.4393e-06,9.4517e-06,8.4882e-06
P63,30.00,90.00,0.00,0.00,6.1664e-08,2.9892e-07,9.8389e-07,5.0923e-06,1.0041e-05,1.0030e-05,8.4011e-06,6.0963e-08,2.7122e-07,7.2038e-07,5.1263e-06,8.8602e-06,9.9666e-06,9.2679e-06
P63,0.00,45.00,60.00,0.00,5.0694e-08,3.1208e-07,1.0186e-06,5.1641e-06,1.0160e-05,1.0149e-05,8.6179e-06,5.0571e-08,2.8347e-07,7.4719e-07,5.1937e-06,8.9514e-06,1.0082e-05,9.4600e-06
P63,30.00,90.00,30.00,0.00,6.0475e-08,2.9892e-07,9.8389e-07,5.0923e-06,1.0041e-05,1.0030e-05,8.4011e-06,5.9856e-08,2.7122e-07,7.2038e-07,5.1263e-06,8.8602e-06,9.9666e-06,9.2679e-06
P63,0.00,180.00,30.00,0.00,5.8872e-08,3.1208e-07,1.0186e-06,5.1642e-06,1.0160e-05,1.0149e-05,8.6179e-06,5.8326e-08,2.8347e-07,7.4719e-07,5.1938e-06,8.9514e-06,1.0082e-05,9.4600e-06
P63,0.00,45.00,30.00,0.00,5.8872e-08,3.1208e-07,1.0186e-06,5.1642e-06,1.0160e-05,1.0149e-05,8.6179e-06,5.8326e-08,2.8347e-07,7.4719e-07,5.1938e-06,8.9514e-06,1.0082e-05,9.4600e-06
P63,30.00,45.00,60.00,0.00,5.7629e-08,2.9892e-07,9.8389e-07,5.0923e-06,1.0041e-05,1.0030e-05,8.4011e-06,5.7272e-08,2.7122e-07,7.2038e-07,5.1263e-06,8.8602e-06,9.9666e-06,9.2679e-06
P63,60.00,180.00,0.00,0.00,6.2087e-08,2.5162e-07,8.5548e-07,4.7762e-06,9.5125e-06,9.5025e-06,7.5458e-06,6.1357e-08,2.2736e-07,6.2160e-07,4.8276e-06,8.4393e-06,9.4517e-06,8.4882e-06
P63,30.00,0.00,30.00,0.00,6.5195e-08,2.9892e-07,9.8389e-07,5.0924e-06,1.0041e-05,1.0030e-05,8.4011e-06,6.4424e-08,2.7122e-07,7.2038e-07,5.1264e-06,8.8603e-06,9.9666e-06,9.2679e-06
P63,30.00,0.00,0.00,0.00,6.1664e-08,2.9892e-07,9.8389e-07,5.0923e-06,1.0041e-05,1.0030e-05,8.4011e-06,6.0963e-08,2.7122e-07,7.2038e-07,5.1263e-06,8.8602e-06,9.9666e-06,9.2679e-06
P63,30.00,180.00,30.00,0.00,5.6892e-08,2.9892e-07,9.8389e-07,5.0922e-06,1.0041e-05,1.0030e-05,8.4011e-06,5.6387e-08,2.7122e-07,7.2038e-07,5.1261e-06,8.8602e-06,9.9666e-06,9.2679e-06
P63,30.00,135.00,0.00,0.00,6.1664e-08,2.9892e-07,9.8389e-07,5.0923e-06,1.0041e-05,1.0030e-05,8.4011e-06,6.0963e-08,2.7122e-07,7.2038e-07,5.1263e-06,8.8602e-06,9.9666e-06,9.2679e-06
P63,60.00,0.00,30.00,0.00,7.6895e-08,2.5163e-07,8.5548e-07,4.7765e-06,9.5125e-06,9.5025e-06,7.5458e-06,7.5775e-08,2.2736e-07,6.2160e-07,4.8280e-06,8.4393e-06,9.4517e-06,8.4882e-06
P64,0.00,135.00,60.00,0.00,3.3413e-08,2.6323e-07,8.6753e-07,3.3650e-06,7.7285e-06,7.7162e-06,6.8425e-06,3.2493e-08,2.3967e-07,6.3793e-07,3.3731e-06,6.3827e-06,7.6165e-06,7.5039e-06
P64,0.00,180.00,0.00,0.00,4.4521e-08,2.6323e-07,8.6754e-07,3.3651e-06,7.7285e-06,7.7162e-06,6.8425e-06,4.2945e-08,2.3967e-07,6.3793e-07,3.3733e-06,6.3826e-06,7.6165e-06,7.5039e-06
P64,60.00,180.00,0.00,0.00,5.3066e-08,2.1533e-07,7.3036e-07,3.1515e-06,7.5308e-06,7.5188e-06,6.0851e-06,5.1082e-08,1.9533e-07,5.3362e-07,3.1743e-06,6.2121e-06,7.4300e-06,6.9019e-06
P64,0.00,0.00,0.00,0.00,4.4521e-08,2.6323e-07,8.6754e-07,3.3651e-06,7.7285e-06,7.7162e-06,6.8425e-06,4.2945e-08,2.3967e-07,6.3793e-07,3.3733e-06,6.3826e-06,7.6165e-06,7.5039e-06
P64,30.00,180.00,0.00,0.00,4.6989e-08,2.5273e-07,8.3847e-07,3.3261e-06,7.6914e-06,7.6792e-06,6.6934e-06,4.5268e-08,2.2991e-07,6.1558e-07,3.3373e-06,6.3505e-06,7.5813e-06,7.3887e-06
P64,0.00,45.00,30.00,0.00,4.2600e-08,2.6323e-07,8.6754e-07,3.3650e-06,7.7285e-06,7.7162e-06,6.8425e-06,4.1129e-08,2.3967e-07,6.3793e-07,3.3732e-06,6.3827e-06,7.6165e-06,7.5039e-06
P64,60.00,45.00,60.00,0.00,7.6241e-08,2.1534e-07,7.3036e-07,3.1532e-06,7.5310e-06,7.5190e-06,6.0851e-06,7.3495e-08,1.9533e-07,5.3362e-07,3.1762e-06,6.2124e-06,7.4302e-06,6.9019e-06
P64,0.00,90.00,30.00,0.00,4.2600e-08,2.6323e-07,8.6754e-07,3.3650e-06,7.7285e-06,7.7162e-06,6.8425e-06,4.1129e-08,2.3967e-07,6.3793e-07,3.3732e-06,6.3827e-06,7.6165e-06,7.5039e-06
P64,0.00,0.00,60.00,0.00,3.3413e-08,2.6323e-07,8.6753e-07,3.3650e-06,7.7285e-06,7.7162e-06,6.8425e-06,3.2493e-08,2.3967e-07,6.3793e-07,3.3731e-06,6.3827e-06,7.6165e-06,7.5039e-06
P64,0.00,180.00,30.00,0.00,4.2600e-08,2.6323e-07,8.6754e-07,3.3650e-06,7.7285e-06,7.7162e-06,6.8425e-06,4.1129e-08,2.3967e-07,6.3793e-07,3.3732e-06,6.3827e-06,7.6165e-06,7.5039e-06
P64,60.00,0.00,60.00,0.00,1.0753e-07,2.1536e-07,7.3037e-07,3.1555e-06,7.5313e-06,7.5193e-06,6.0852e-06,1.0368e-07,1.9533e-07,5.3362e-07,3.1787e-06,6.2129e-06,7.4305e-06,6.9021e-06
P64,30.00,90.00,60.00,0.00,3.6433e-08,2.5273e-07,8.3846e-07,3.3261e-06,7.6914e-06,7.6792e-06,6.6934e-06,3.5352e-08,2.2991e-07,6.1558e-07,3.3373e-06,6.3505e-06,7.5813e-06,7.3886e-06
P64,60.00,0.00,0.00,0.00,5.3066e-08,2.1533e-07,7.3036e-07,3.1515e-06,7.5308e-06,7.5188e-06,6.0851e-06,5.1082e-08,1.9533e-07,5.3362e-07,3.1743e-06,6.2121e-06,7.4300e-06,6.9019e-06
P64,0.00,135.00,0.00,0.00,4.4521e-08,2.6323e-07,8.6754e-07,3.3651e-06,7.7285e-06,7.7162e-06,6.8425e-06,4.2945e-08,2.3967e-07,6.3793e-07,3.3733e-06,6.3826e-06,7.6165e-06,7.5039e-06
P64,30.00,90.00,30.00,0.00,4.5817e-08,2.5273e-07,8.3846e-07,3.3262e-06,7.6914e-06,7.6792e-06,6.6934e-06,4.4186e-08,2.2991e-07,6.1558e-07,3.3374e-06,6.3505e-06,7.5813e-06,7.3887e-06
P64,30.00,0.00,60.00,0.00,4.8104e-08,2.5273e-07,8.3846e-07,3.3267e-06,7.6915e-06,7.6792e-06,6.6934e-06,4.6551e-08,2.2991e-07,6.1558e-07,3.3379e-06,6.3506e-06,7.5814e-06,7.3887e-06
P64,60.00,90.00,60.00,0.00,4.6009e-08,2.1533e-07,7.3036e-07,3.1514e-06,7.5308e-06,7.5188e-06,6.0851e-06,4.4445e-08,1.9533e-07,5.3362e-07,3.1743e-06,6.2121e-06,7.4300e-06,6.9018e-06
P64,30.00,180.00,60.00,0.00,3.0249e-08,2.5272e-07,8.3846e-07,3.3258e-06,7.6914e-06,7.6791e-06,6.6934e-06,2.9439e-08,2.2991e-07,6.1558e-07,3.3370e-06,6.3505e-06,7.5813e-06,7.3886e-06
P64,0.00,135.00,30.00,0.00,4.2600e-08,2.6323e-07,8.6754e-07,3.3650e-06,7.7285e-06,7.7162e-06,6.8425e-06,4.1129e-08,2.3967e-07,6.3793e-07,3.3732e-06,6.3827e-06,7.6165e-06,7.5039e-06
P64,0.00,45.00,0.00,0.00,4.4521e-08,2.6323e-07,8.6754e-07,3.3651e-06,7.7285e-06,7.7162e-06,6.8425e-06,4.2945e-08,2.3967e-07,6.3793e-07,3.3733e-06,6.3826e-06,7.6165e-06,7.5039e-06
P64,60.00,135.00,30.00,0.00,4.5056e-08,2.1533e-07,7.3036e-07,3.1511e-06,7.5308e-06,7.5187e-06,6.0851e-06,4.3430e-08,1.9533e-07,5.3362e-07,3.1739e-06,6.2119e-06,7.4299e-06,6.9018e-06
P64,0.00,180.00,60.00,0.00,3.3413e-08,2.6323e-07,8.6753e-07,3.3650e-06,7.7285e-06,7.7162e-06,6.8425e-06,3.2493e-08,2.3967e-07,6.3793e-07,3.3731e-06,6.3827e-06,7.6165e-06,7.5039e-06
P64,60.00,180.00,60.00,0.00,3.0858e-08,2.1532e-07,7.3036e-07,3.1505e-06,7.5307e-06,7.5187e-06,6.0851e-06,2.9932e-08,1.9533e-07,5.3362e-07,3.1733e-06,6.2118e-06,7.4299e-06,6.9018e-06
P64,30.00,180.00,30.00,0.00,4.1291e-08,2.5273e-07,8.3846e-07,3.3258e-06,7.6914e-06,7.6791e-06,6.6934e-06,3.9853e-08,2.2991e-07,6.1558e-07,3.3370e-06,6.3504e-06,7.5813e-06,7.3886e-06
P64,30.00,45.00,30.00,0.00,4.9802e-08,2.5273e-07,8.3846e-07,3.3264e-06,7.6914e-06,7.6792e-06,6.6934e-06,4.7997e-08,2.2991e-07,6.1558e-07,3.3376e-06,6.3506e-06,7.5813e-06,7.3887e-06
P64,0.00,0.00,30.00,0.00,4.2600e-08,2.6323e-07,8.6754e-07,3.3650e-06,7.7285e-06,7.7162e-06,6.8425e-06,4.1129e-08,2.3967e-07,6.3793e-07,3.3732e-06,6.3827e-06,7.6165e-06,7.5039e-06
P64,30.00,45.00,0.00,0.00,4.6989e-08,2.5273e-07,8.3847e-07,3.3261e-06,7.6914e-06,7.6792e-06,6.6934e-06,4.5268e-08,2.2991e-07,6.1558e-07,3.3373e-06,6.3505e-06,7.5813e-06,7.3887e-06
P64,30.00,0.00,30.00,0.00,5.1776e-08,2.5273e-07,8.3847e-07,3.3265e-06,7.6915e-06,7.6792e-06,6.6934e-06,4.9890e-08,2.2991e-07,6.1558e-07,3.3377e-06,6.3506e-06,7.5813e-06,7.3887e-06
P64,60.00,45.00,0.00,0.00,5.3066e-08,2.1533e-07,7.3036e-07,3.1515e-06,7.5308e-06,7.5188e-06,6.0851e-06,5.1082e-08,1.9533e-07,5.3362e-07,3.1743e-06,6.2121e-06,7.4300e-06,6.9019e-06
P64,60.00,90.00,30.00,0.00,5.3142e-08,2.1533e-07,7.3036e-07,3.1514e-06,7.5308e-06,7.5188e-06,6.0851e-06,5.1169e-08,1.9533e-07,5.3362e-07,3.1743e-06,6.2120e-06,7.4300e-06,6.9019e-06
P64,30.00,135.00,60.00,0.00,3.1727e-08,2.5272e-07,8.3846e-07,3.3258e-06,7.6914e-06,7.6791e-06,6.6934e-06,3.0850e-08,2.2991e-07,6.1558e-07,3.3370e-06,6.3504e-06,7.5813e-06,7.3886e-06
P64,0.00,45.00,60.00,0.00,3.3413e-08,2.6323e-07,8.6753e-07,3.3650e-06,7.7285e-06,7.7162e-06,6.8425e-06,3.2493e-08,2.3967e-07,6.3793e-07,3.3731e-06,6.3827e-06,7.6165e-06,7.5039e-06
P64,60.00,90.00,0.00,0.00,5.3066e-08,2.1533e-07,7.3036e-07,3.1515e-06,7.5308e-06,7.5188e-06,6.0851e-06,5.1082e-08,1.9533e-07,5.3362e-07,3.1743e-06,6.2121e-06,7.4300e-06,6.9019e-06
P64,60.00,180.00,30.00,0.00,4.2515e-08,2.1533e-07,7.3036e-07,3.1510e-06,7.5308e-06,7.5187e-06,6.0851e-06,4.1003e-08,1.9533e-07,5.3362e-07,3.1738e-06,6.2120e-06,7.4299e-06,6.9018e-06
P64,60.00,135.00,0.00,0.00,5.3066e-08,2.1533e-07,7.3036e-07,3.1515e-06,7.5308e-06,7.5188e-06,6.0851e-06,5.1082e-08,1.9533e-07,5.3362e-07,3.1743e-06,6.2121e-06,7.4300e-06,6.9019e-06
P64,60.00,45.00,30.00,0.00,6.5730e-08,2.1534e-07,7.3036e-07,3.1522e-06,7.5309e-06,7.5189e-06,6.0851e-06,6.3246e-08,1.9533e-07,5.3362e-07,3.1751e-06,6.2122e-06,7.4301e-06,6.9019e-06
P64,0.00,90.00,60.00,0.00,3.3413e-08,2.6323e-07,8.6753e-07,3.3650e-06,7.7285e-06,7.7162e-06,6.8425e-06,3.2493e-08,2.3967e-07,6.3793e-07,3.3731e-06,6.3827e-06,7.6165e-06,7.5039e-06
P64,30.00,135.00,30.00,0.00,4.2517e-08,2.5273e-07,8.3846e-07,3.3260e-06,7.6914e-06,7.6792e-06,6.6934e-06,4.1031e-08,2.2991e-07,6.1558e-07,3.3372e-06,6.3504e-06,7.5813e-06,7.3886e-06
P64,60.00,135.00,60.00,0.00,3.4011e-08,2.1533e-07,7.3036e-07,3.1508e-06,7.5308e-06,7.5187e-06,6.0851e-06,3.2959e-08,1.9533e-07,5.3362e-07,3.1737e-06,6.2119e-06,7.4299e-06,6.9018e-06
P64,30.00,135.00,0.00,0.00,4.6989e-08,2.5273e-07,8.3847e-07,3.3261e-06,7.6914e-06,7.6792e-06,6.6934e-06,4.5268e-08,2.2991e-07,6.1558e-07,3.3373e-06,6.3505e-06,7.5813e-06,7.3887e-06
P64,0.00,90.00,0.00,0.00,4.4521e-08,2.6323e-07,8.6754e-07,3.3651e-06,7.7285e-06,7.7162e-06,6.8425e-06,4.2945e-08,2.3967e-07,6.3793e-07,3.3733e-06,6.3826e-06,7.6165e-06,7.5039e-06
P64,30.00,90.00,0.00,0.00,4.6989e-08,2.5273e-07,8.3847e-07,3.3261e-06,7.6914e-06,7.6792e-06,6.6934e-06,4.5268e-08,2.2991e-07,6.1558e-07,3.3373e-06,6.3505e-06,7.5813e-06,7.3887e-06
P64,30.00,0.00,0.00,0.00,4.6989e-08,2.5273e-07,8.3847e-07,3.3261e-06,7.6914e-06,7.6792e-06,6.6934e-06,4.5268e-08,2.2991e-07,6.1558e-07,3.3373e-06,6.3505e-06,7.5813e-06,7.3887e-06
P64,30.00,45.00,60.00,0.00,4.3758e-08,2.5273e-07,8.3846e-07,3.3265e-06,7.6915e-06,7.6792e-06,6.6934e-06,4.2378e-08,2.2991e-07,6.1558e-07,3.3377e-06,6.3506e-06,7.5814e-06,7.3887e-06
P64,60.00,0.00,30.00,0.00,7.3201e-08,2.1534e-07,7.3037e-07,3.1525e-06,7.5309e-06,7.5189e-06,6.0851e-06,7.0419e-08,1.9533e-07,5.3362e-07,3.1755e-06,6.2122e-06,7.4301e-06,6.9019e-06
P65,60.00,90.00,30.00,0.00,6.3999e-08,2.6055e-07,8.7935e-07,4.9460e-06,9.5925e-06,9.5832e-06,7.7158e-06,6.3542e-08,2.3562e-07,6.4013e-07,5.0028e-06,8.5789e-06,9.5356e-06,8.6205e-06
P65,0.00,180.00,60.00,0.00,5.4666e-08,3.2279e-07,1.0458e-06,5.3930e-06,1.0342e-05,1.0332e-05,8.8081e-06,5.4709e-08,2.9341e-07,7.6855e-07,5.4280e-06,9.2067e-06,1.0272e-05,9.6294e-06
P65,0.00,90.00,60.00,0.00,5.4666e-08,3.2279e-07,1.0458e-06,5.3930e-06,1.0342e-05,1.0332e-05,8.8081e-06,5.4709e-08,2.9341e-07,7.6855e-07,5.4280e-06,9.2067e-06,1.0272e-05,9.6294e-06
P65,0.00,135.00,30.00,0.00,6.2596e-08,3.2279e-07,1.0458e-06,5.3931e-06,1.0342e-05,1.0332e-05,8.8081e-06,6.2244e-08,2.9341e-07,7.6855e-07,5.4281e-06,9.2067e-06,1.0272e-05,9.6294e-06
P65,30.00,180.00,0.00,0.00,6.5043e-08,3.0926e-07,1.0104e-06,5.3100e-06,1.0200e-05,1.0190e-05,8.5852e-06,6.4554e-08,2.8081e-07,7.4113e-07,5.3494e-06,9.0928e-06,1.0133e-05,9.4268e-06
P65,60.00,0.00,0.00,0.00,6.4291e-08,2.6055e-07,8.7935e-07,4.9460e-06,9.5925e-06,9.5832e-06,7.7158e-06,6.3803e-08,2.3562e-07,6.4013e-07,5.0028e-06,8.5789e-06,9.5356e-06,8.6205e-06
P65,60.00,180.00,60.00,0.00,4.7582e-08,2.6055e-07,8.7935e-07,4.9458e-06,9.5925e-06,9.5832e-06,7.7158e-06,4.7672e-08,2.3562e-07,6.4013e-07,5.0025e-06,8.5789e-06,9.5356e-06,8.6205e-06
P65,60.00,45.00,30.00,0.00,7.2801e-08,2.6056e-07,8.7935e-07,4.9461e-06,9.5925e-06,9.5832e-06,7.7158e-06,7.2117e-08,2.3562e-07,6.4013e-07,5.0030e-06,8.5789e-06,9.5356e-06,8.6205e-06
P65,30.00,45.00,0.00,0.00,6.5043e-08,3.0926e-07,1.0104e-06,5.3100e-06,1.0200e-05,1.0190e-05,8.5852e-06,6.4554e-08,2.8081e-07,7.4113e-07,5.3494e-06,9.0928e-06,1.0133e-05,9.4268e-06
P65,0.00,45.00,0.00,0.00,6.4341e-08,3.2279e-07,1.0458e-06,5.3932e-06,1.0342e-05,1.0332e-05,8.8081e-06,6.3906e-08,2.9341e-07,7.6855e-07,5.4281e-06,9.2067e-06,1.0272e-05,9.6294e-06
P65,30.00,90.00,60.00,0.00,5.5744e-08,3.0926e-07,1.0104e-06,5.3099e-06,1.0200e-05,1.0190e-05,8.5852e-06,5.5725e-08,2.8081e-07,7.4113e-07,5.3493e-06,9.0927e-06,1.0133e-05,9.4268e-06
P65,60.00,180.00,30.00,0.00,5.6569e-08,2.6055e-07,8.7935e-07,4.9459e-06,9.5925e-06,9.5832e-06,7.7158e-06,5.6321e-08,2.3562e-07,6.4013e-07,5.0027e-06,8.5789e-06,9.5356e-06,8.6205e-06
P65,60.00,180.00,0.00,0.00,6.4291e-08,2.6055e-07,8.7935e-07,4.9460e-06,9.5925e-06,9.5832e-06,7.7158e-06,6.3803e-08,2.3562e-07,6.4013e-07,5.0028e-06,8.5789e-06,9.5356e-06,8.6205e-06
P65,60.00,0.00,30.00,0.00,7.8025e-08,2.6056e-07,8.7935e-07,4.9462e-06,9.5925e-06,9.5832e-06,7.7158e-06,7.7211e-08,2.3562e-07,6.4013e-07,5.0030e-06,8.5789e-06,9.5356e-06,8.6205e-06
P65,60.00,135.00,60.00,0.00,4.9653e-08,2.6055e-07,8.7935e-07,4.9458e-06,9.5925e-06,9.5832e-06,7.7158e-06,4.9694e-08,2.3562e-07,6.4013e-07,5.0026e-06,8.5789e-06,9.5356e-06,8.6205e-06
P65,30.00,180.00,60.00,0.00,5.1399e-08,3.0925e-07,1.0104e-06,5.3099e-06,1.0200e-05,1.0190e-05,8.5852e-06,5.1505e-08,2.8081e-07,7.4113e-07,5.3492e-06,9.0927e-06,1.0133e-05,9.4268e-06
P65,0.00,180.00,30.00,0.00,6.2596e-08,3.2279e-07,1.0458e-06,5.3931e-06,1.0342e-05,1.0332e-05,8.8081e-06,6.2244e-08,2.9341e-07,7.6855e-07,5.4281e-06,9.2067e-06,1.0272e-05,9.6294e-06
P65,0.00,45.00,60.00,0.00,5.4666e-08,3.2279e-07,1.0458e-06,5.3930e-06,1.0342e-05,1.0332e-05,8.8081e-06,5.4709e-08,2.9341e-07,7.6855e-07,5.4280e-06,9.2067e-06,1.0272e-05,9.6294e-06
P65,30.00,0.00,0.00,0.00,6.5043e-08,3.0926e-07,1.0104e-06,5.3100e-06,1.0200e-05,1.0190e-05,8.5852e-06,6.4554e-08,2.8081e-07,7.4113e-07,5.3494e-06,9.0928e-06,1.0133e-05,9.4268e-06
P65,30.00,0.00,30.00,0.00,6.8312e-08,3.0926e-07,1.0104e-06,5.3101e-06,1.0200e-05,1.0190e-05,8.5852e-06,6.7767e-08,2.8081e-07,7.4113e-07,5.3495e-06,9.0928e-06,1.0133e-05,9.4268e-06
P65,30.00,90.00,0.00,0.00,6.5043e-08,3.0926e-07,1.0104e-06,5.3100e-06,1.0200e-05,1.0190e-05,8.5852e-06,6.4554e-08,2.8081e-07,7.4113e-07,5.3494e-06,9.0928e-06,1.0133e-05,9.4268e-06
P65,0.00,135.00,60.00,0.00,5.4666e-08,3.2279e-07,1.0458e-06,5.3930e-06,1.0342e-05,1.0332e-05,8.8081e-06,5.4709e-08,2.9341e-07,7.6855e-07,5.4280e-06,9.2067e-06,1.0272e-05,9.6294e-06
P65,60.00,135.00,0.00,0.00,6.4291e-08,2.6055e-07,8.7935e-07,4.9460e-06,9.5925e-06,9.5832e-06,7.7158e-06,6.3803e-08,2.3562e-07,6.4013e-07,5.0028e-06,8.5789e-06,9.5356e-06,8.6205e-06
P65,0.00,45.00,30.00,0.00,6.2596e-08,3.2279e-07,1.0458e-06,5.3931e-06,1.0342e-05,1.0332e-05,8.8081e-06,6.2244e-08,2.9341e-07,7.6855e-07,5.4281e-06,9.2067e-06,1.0272e-05,9.6294e-06
P65,60.00,0.00,60.00,0.00,9.7992e-08,2.6056e-07,8.7935e-07,4.9465e-06,9.5925e-06,9.5832e-06,7.7158e-06,9.6989e-08,2.3562e-07,6.4013e-07,5.0034e-06,8.5789e-06,9.5356e-06,8.6205e-06
P65,30.00,45.00,60.00,0.00,6.0892e-08,3.0926e-07,1.0104e-06,5.3100e-06,1.0200e-05,1.0190e-05,8.5852e-06,6.0739e-08,2.8081e-07,7.4113e-07,5.3494e-06,9.0928e-06,1.0133e-05,9.4268e-06
P65,30.00,180.00,30.00,0.00,6.0475e-08,3.0926e-07,1.0104e-06,5.3099e-06,1.0200e-05,1.0190e-05,8.5852e-06,6.0165e-08,2.8081e-07,7.4113e-07,5.3493e-06,9.0927e-06,1.0133e-05,9.4268e-06
P65,0.00,90.00,30.00,0.00,6.2596e-08,3.2279e-07,1.0458e-06,5.3931e-06,1.0342e-05,1.0332e-05,8.8081e-06,6.2244e-08,2.9341e-07,7.6855e-07,5.4281e-06,9.2067e-06,1.0272e-05,9.6294e-06
P65,60.00,135.00,30.00,0.00,5.8346e-08,2.6055e-07,8.7935e-07,4.9459e-06,9.5925e-06,9.5832e-06,7.7158e-06,5.8045e-08,2.3562e-07,6.4013e-07,5.0027e-06,8.5789e-06,9.5356e-06,8.6205e-06
P65,30.00,45.00,30.00,0.00,6.6837e-08,3.0926e-07,1.0104e-06,5.3101e-06,1.0200e-05,1.0190e-05,8.5852e-06,6.6334e-08,2.8081e-07,7.4113e-07,5.3495e-06,9.0928e-06,1.0133e-05,9.4268e-06
P65,30.00,135.00,30.00,0.00,6.1390e-08,3.0926e-07,1.0104e-06,5.3100e-06,1.0200e-05,1.0190e-05,8.5852e-06,6.1056e-08,2.8081e-07,7.4113e-07,5.3494e-06,9.0927e-06,1.0133e-05,9.4268e-06
P65,60.00,45.00,60.00,0.00,7.7423e-08,2.6056e-07,8.7935e-07,4.9461e-06,9.5925e-06,9.5832e-06,7.7158e-06,7.6813e-08,2.3562e-07,6.4013e-07,5.0030e-06,8.5789e-06,9.5356e-06,8.6205e-06
P65,0.00,135.00,0.00,0.00,6.4341e-08,3.2279e-07,1.0458e-06,5.3932e-06,1.0342e-05,1.0332e-05,8.8081e-06,6.3906e-08,2.9341e-07,7.6855e-07,5.4281e-06,9.2067e-06,1.0272e-05,9.6294e-06
P65,30.00,135.00,60.00,0.00,5.2438e-08,3.0925e-07,1.0104e-06,5.3099e-06,1.0200e-05,1.0190e-05,8.5852e-06,5.2512e-08,2.8081e-07,7.4113e-07,5.3492e-06,9.0927e-06,1.0133e-05,9.4268e-06
P65,0.00,0.00,60.00,0.00,5.4666e-08,3.2279e-07,1.0458e-06,5.3930e-06,1.0342e-05,1.0332e-05,8.8081e-06,5.4709e-08,2.9341e-07,7.6855e-07,5.4280e-06,9.2067e-06,1.0272e-05,9.6294e-06
P65,0.00,0.00,0.00,0.00,6.4341e-08,3.2279e-07,1.0458e-06,5.3932e-06,1.0342e-05,1.0332e-05,8.8081e-06,6.3906e-08,2.9341e-07,7.6855e-07,5.4281e-06,9.2067e-06,1.0272e-05,9.6294e-06
P65,30.00,90.00,30.00,0.00,6.3857e-08,3.0926e-07,1.0104e-06,5.3100e-06,1.0200e-05,1.0190e-05,8.5852e-06,6.3446e-08,2.8081e-07,7.4113e-07,5.3494e-06,9.0928e-06,1.0133e-05,9.4268e-06
P65,0.00,180.00,0.00,0.00,6.4341e-08,3.2279e-07,1.0458e-06,5.3932e-06,1.0342e-05,1.0332e-05,8.8081e-06,6.3906e-08,2.9341e-07,7.6855e-07,5.4281e-06,9.2067e-06,1.0272e-05,9.6294e-06
P65,0.00,0.00,30.00,0.00,6.2596e-08,3.2279e-07,1.0458e-06,5.3931e-06,1.0342e-05,1.0332e-05,8.8081e-06,6.2244e-08,2.9341e-07,7.6855e-07,5.4281e-06,9.2067e-06,1.0272e-05,9.6294e-06
P65,60.00,90.00,0.00,0.00,6.4291e-08,2.6055e-07,8.7935e-07,4.9460e-06,9.5925e-06,9.5832e-06,7.7158e-06,6.3803e-08,2.3562e-07,6.4013e-07,5.0028e-06,8.5789e-06,9.5356e-06,8.6205e-06
P65,30.00,135.00,0.00,0.00,6.5043e-08,3.0926e-07,1.0104e-06,5.3100e-06,1.0200e-05,1.0190e-05,8.5852e-06,6.4554e-08,2.8081e-07,7.4113e-07,5.3494e-06,9.0928e-06,1.0133e-05,9.4268e-06
P65,60.00,90.00,60.00,0.00,5.7543e-08,2.6055e-07,8.7935e-07,4.9459e-06,9.5925e-06,9.5832e-06,7.7158e-06,5.7382e-08,2.3562e-07,6.4013e-07,5.0027e-06,8.5789e-06,9.5356e-06,8.6205e-06
P65,0.00,90.00,0.00,0.00,6.4341e-08,3.2279e-07,1.0458e-06,5.3932e-06,1.0342e-05,1.0332e-05,8.8081e-06,6.3906e-08,2.9341e-07,7.6855e-07,5.4281e-06,9.2067e-06,1.0272e-05,9.6294e-06
P65,60.00,45.00,0.00,0.00,6.4291e-08,2.6055e-07,8.7935e-07,4.9460e-06,9.5925e-06,9.5832e-06,7.7158e-06,6.3803e-08,2.3562e-07,6.4013e-07,5.0028e-06,8.5789e-06,9.5356e-06,8.6205e-06
P65,30.00,0.00,60.00,0.00,6.3948e-08,3.0926e-07,1.0104e-06,5.3100e-06,1.0200e-05,1.0190e-05,8.5852e-06,6.3718e-08,2.8081e-07,7.4113e-07,5.3494e-06,9.0928e-06,1.0133e-05,9.4268e-06
P66,60.00,0.00,0.00,0.00,5.1455e-08,1.9961e-07,7.1547e-07,2.7848e-06,6.9218e-06,6.9100e-06,5.5617e-06,4.9351e-08,1.8001e-07,5.1956e-07,2.8103e-06,5.6209e-06,6.8153e-06,6.4070e-06
P66,30.00,90.00,30.00,0.00,4.3212e-08,2.4037e-07,8.2112e-07,2.9182e-06,7.0233e-06,7.0113e-06,6.1727e-06,4.1495e-08,2.1811e-07,6.0419e-07,2.9302e-06,5.7074e-06,6.9096e-06,6.8555e-06
P66,30.00,135.00,0.00,0.00,4.4386e-08,2.4037e-07,8.2113e-07,2.9181e-06,7.0233e-06,7.0113e-06,6.1727e-06,4.2577e-08,2.1811e-07,6.0420e-07,2.9301e-06,5.7073e-06,6.9096e-06,6.8555e-06
P66,60.00,90.00,30.00,0.00,5.1543e-08,1.9961e-07,7.1547e-07,2.7848e-06,6.9218e-06,6.9100e-06,5.5617e-06,4.9448e-08,1.8001e-07,5.1956e-07,2.8103e-06,5.6209e-06,6.8153e-06,6.4070e-06
P66,0.00,45.00,0.00,0.00,4.1677e-08,2.5155e-07,8.4825e-07,2.9451e-06,7.0438e-06,7.0318e-06,6.3152e-06,4.0021e-08,2.2862e-07,6.2668e-07,2.9537e-06,5.7244e-06,6.9287e-06,6.9560e-06
P66,0.00,135.00,0.00,0.00,4.1677e-08,2.5155e-07,8.4825e-07,2.9451e-06,7.0438e-06,7.0318e-06,6.3152e-06,4.0021e-08,2.2862e-07,6.2668e-07,2.9537e-06,5.7244e-06,6.9287e-06,6.9560e-06
P66,0.00,90.00,60.00,0.00,3.0487e-08,2.5154e-07,8.4823e-07,2.9449e-06,7.0438e-06,7.0318e-06,6.3152e-06,2.9499e-08,2.2862e-07,6.2667e-07,2.9536e-06,5.7244e-06,6.9287e-06,6.9560e-06
P66,0.00,45.00,30.00,0.00,3.9742e-08,2.5155e-07,8.4825e-07,2.9450e-06,7.0438e-06,7.0318e-06,6.3152e-06,3.8193e-08,2.2862e-07,6.2668e-07,2.9537e-06,5.7244e-06,6.9287e-06,6.9560e-06
P66,30.00,180.00,30.00,0.00,3.8614e-08,2.4037e-07,8.2112e-07,2.9178e-06,7.0232e-06,7.0113e-06,6.1727e-06,3.7095e-08,2.1811e-07,6.0419e-07,2.9297e-06,5.7073e-06,6.9095e-06,6.8555e-06
P66,30.00,135.00,60.00,0.00,2.8957e-08,2.4036e-07,8.2111e-07,2.9178e-06,7.0233e-06,7.0113e-06,6.1727e-06,2.8012e-08,2.1811e-07,6.0419e-07,2.9298e-06,5.7073e-06,6.9096e-06,6.8555e-06
P66,30.00,135.00,30.00,0.00,3.9859e-08,2.4037e-07,8.2112e-07,2.9180e-06,7.0233e-06,7.0113e-06,6.1727e-06,3.8291e-08,2.1811e-07,6.0419e-07,2.9299e-06,5.7073e-06,6.9096e-06,6.8555e-06
P66,0.00,0.00,60.00,0.00,3.0487e-08,2.5154e-07,8.4823e-07,2.9449e-06,7.0438e-06,7.0318e-06,6.3152e-06,2.9499e-08,2.2862e-07,6.2667e-07,2.9536e-06,5.7244e-06,6.9287e-06,6.9560e-06
P66,60.00,180.00,30.00,0.00,4.0663e-08,1.9961e-07,7.1546e-07,2.7843e-06,6.9218e-06,6.9099e-06,5.5617e-06,3.9050e-08,1.8001e-07,5.1956e-07,2.8097e-06,5.6208e-06,6.8153e-06,6.4070e-06
P66,60.00,0.00,60.00,0.00,1.0723e-07,1.9964e-07,7.1548e-07,2.7891e-06,6.9223e-06,6.9105e-06,5.5618e-06,1.0316e-07,1.8001e-07,5.1956e-07,2.8149e-06,5.6218e-06,6.8158e-06,6.4072e-06
P66,30.00,0.00,60.00,0.00,4.5650e-08,2.4037e-07,8.2112e-07,2.9187e-06,7.0234e-06,7.0114e-06,6.1727e-06,4.4004e-08,2.1811e-07,6.0419e-07,2.9307e-06,5.7075e-06,6.9097e-06,6.8555e-06
P66,60.00,45.00,60.00,0.00,7.5212e-08,1.9962e-07,7.1547e-07,2.7867e-06,6.9220e-06,6.9102e-06,5.5618e-06,7.2302e-08,1.8001e-07,5.1956e-07,2.8123e-06,5.6212e-06,6.8155e-06,6.4071e-06
P66,60.00,0.00,30.00,0.00,7.2083e-08,1.9962e-07,7.1548e-07,2.7860e-06,6.9219e-06,6.9101e-06,5.5618e-06,6.9142e-08,1.8001e-07,5.1956e-07,2.8115e-06,5.6211e-06,6.8154e-06,6.4070e-06
P66,60.00,135.00,30.00,0.00,4.3264e-08,1.9961e-07,7.1546e-07,2.7844e-06,6.9218e-06,6.9099e-06,5.5617e-06,4.1531e-08,1.8001e-07,5.1956e-07,2.8098e-06,5.6208e-06,6.8153e-06,6.4070e-06
P66,0.00,90.00,30.00,0.00,3.9742e-08,2.5155e-07,8.4825e-07,2.9450e-06,7.0438e-06,7.0318e-06,6.3152e-06,3.8193e-08,2.2862e-07,6.2668e-07,2.9537e-06,5.7244e-06,6.9287e-06,6.9560e-06
P66,30.00,0.00,0.00,0.00,4.4386e-08,2.4037e-07,8.2113e-07,2.9181e-06,7.0233e-06,7.0113e-06,6.1727e-06,4.2577e-08,2.1811e-07,6.0420e-07,2.9301e-06,5.7073e-06,6.9096e-06,6.8555e-06
P66,0.00,180.00,60.00,0.00,3.0487e-08,2.5154e-07,8.4823e-07,2.9449e-06,7.0438e-06,7.0318e-06,6.3152e-06,2.9499e-08,2.2862e-07,6.2667e-07,2.9536e-06,5.7244e-06,6.9287e-06,6.9560e-06
P66,60.00,180.00,0.00,0.00,5.1455e-08,1.9961e-07,7.1547e-07,2.7848e-06,6.9218e-06,6.9100e-06,5.5617e-06,4.9351e-08,1.8001e-07,5.1956e-07,2.8103e-06,5.6209e-06,6.8153e-06,6.4070e-06
P66,30.00,180.00,0.00,0.00,4.4386e-08,2.4037e-07,8.2113e-07,2.9181e-06,7.0233e-06,7.0113e-06,6.1727e-06,4.2577e-08,2.1811e-07,6.0420e-07,2.9301e-06,5.7073e-06,6.9096e-06,6.8555e-06
P66,30.00,45.00,60.00,0.00,4.1219e-08,2.4037e-07,8.2111e-07,2.9185e-06,7.0233e-06,7.0114e-06,6.1727e-06,3.9753e-08,2.1811e-07,6.0419e-07,2.9305e-06,5.7075e-06,6.9096e-06,6.8555e-06
P66,30.00,180.00,60.00,0.00,2.7451e-08,2.4036e-07,8.2111e-07,2.9177e-06,7.0233e-06,7.0113e-06,6.1727e-06,2.6575e-08,2.1811e-07,6.0419e-07,2.9297e-06,5.7073e-06,6.9096e-06,6.8555e-06
P66,30.00,0.00,30.00,0.00,4.9266e-08,2.4037e-07,8.2113e-07,2.9185e-06,7.0233e-06,7.0114e-06,6.1727e-06,4.7285e-08,2.1811e-07,6.0420e-07,2.9305e-06,5.7075e-06,6.9096e-06,6.8555e-06
P66,30.00,45.00,30.00,0.00,4.7261e-08,2.4037e-07,8.2113e-07,2.9184e-06,7.0233e-06,7.0113e-06,6.1727e-06,4.5364e-08,2.1811e-07,6.0419e-07,2.9304e-06,5.7074e-06,6.9096e-06,6.8555e-06
P66,0.00,45.00,60.00,0.00,3.0487e-08,2.5154e-07,8.4823e-07,2.9449e-06,7.0438e-06,7.0318e-06,6.3152e-06,2.9499e-08,2.2862e-07,6.2667e-07,2.9536e-06,5.7244e-06,6.9287e-06,6.9560e-06
P66,0.00,180.00,0.00,0.00,4.1677e-08,2.5155e-07,8.4825e-07,2.9451e-06,7.0438e-06,7.0318e-06,6.3152e-06,4.0021e-08,2.2862e-07,6.2668e-07,2.9537e-06,5.7244e-06,6.9287e-06,6.9560e-06
P66,0.00,135.00,60.00,0.00,3.0487e-08,2.5154e-07,8.4823e-07,2.9449e-06,7.0438e-06,7.0318e-06,6.3152e-06,2.9499e-08,2.2862e-07,6.2667e-07,2.9536e-06,5.7244e-06,6.9287e-06,6.9560e-06
P66,0.00,90.00,0.00,0.00,4.1677e-08,2.5155e-07,8.4825e-07,2.9451e-06,7.0438e-06,7.0318e-06,6.3152e-06,4.0021e-08,2.2862e-07,6.2668e-07,2.9537e-06,5.7244e-06,6.9287e-06,6.9560e-06
P66,60.00,45.00,0.00,0.00,5.1455e-08,1.9961e-07,7.1547e-07,2.7848e-06,6.9218e-06,6.9100e-06,5.5617e-06,4.9351e-08,1.8001e-07,5.1956e-07,2.8103e-06,5.6209e-06,6.8153e-06,6.4070e-06
P66,60.00,45.00,30.00,0.00,6.4433e-08,1.9962e-07,7.1547e-07,2.7856e-06,6.9219e-06,6.9101e-06,5.5618e-06,6.1803e-08,1.8001e-07,5.1956e-07,2.8111e-06,5.6210e-06,6.8154e-06,6.4070e-06
P66,60.00,135.00,0.00,0.00,5.1455e-08,1.9961e-07,7.1547e-07,2.7848e-06,6.9218e-06,6.9100e-06,5.5617e-06,4.9351e-08,1.8001e-07,5.1956e-07,2.8103e-06,5.6209e-06,6.8153e-06,6.4070e-06
P66,0.00,0.00,30.00,0.00,3.9742e-08,2.5155e-07,8.4825e-07,2.9450e-06,7.0438e-06,7.0318e-06,6.3152e-06,3.8193e-08,2.2862e-07,6.2668e-07,2.9537e-06,5.7244e-06,6.9287e-06,6.9560e-06
P66,0.00,180.00,30.00,0.00,3.9742e-08,2.5155e-07,8.4825e-07,2.9450e-06,7.0438e-06,7.0318e-06,6.3152e-06,3.8193e-08,2.2862e-07,6.2668e-07,2.9537e-06,5.7244e-06,6.9287e-06,6.9560e-06
P66,0.00,0.00,0.00,0.00,4.1677e-08,2.5155e-07,8.4825e-07,2.9451e-06,7.0438e-06,7.0318e-06,6.3152e-06,4.0021e-08,2.2862e-07,6.2668e-07,2.9537e-06,5.7244e-06,6.9287e-06,6.9560e-06
P66,30.00,90.00,0.00,0.00,4.4386e-08,2.4037e-07,8.2113e-07,2.9181e-06,7.0233e-06,7.0113e-06,6.1727e-06,4.2577e-08,2.1811e-07,6.0420e-07,2.9301e-06,5.7073e-06,6.9096e-06,6.8555e-06
P66,60.00,90.00,60.00,0.00,4.4266e-08,1.9961e-07,7.1546e-07,2.7848e-06,6.9218e-06,6.9100e-06,5.5617e-06,4.2596e-08,1.8001e-07,5.1956e-07,2.8102e-06,5.6209e-06,6.8153e-06,6.4070e-06
P66,60.00,180.00,60.00,0.00,2.8753e-08,1.9960e-07,7.1545e-07,2.7838e-06,6.9217e-06,6.9098e-06,5.5617e-06,2.7750e-08,1.8001e-07,5.1956e-07,2.8092e-06,5.6206e-06,6.8152e-06,6.4069e-06
P66,60.00,135.00,60.00,0.00,3.1982e-08,1.9960e-07,7.1546e-07,2.7842e-06,6.9217e-06,6.9099e-06,5.5617e-06,3.0847e-08,1.8001e-07,5.1956e-07,2.8096e-06,5.6208e-06,6.8152e-06,6.4069e-06
P66,0.00,135.00,30.00,0.00,3.9742e-08,2.5155e-07,8.4825e-07,2.9450e-06,7.0438e-06,7.0318e-06,6.3152e-06,3.8193e-08,2.2862e-07,6.2668e-07,2.9537e-06,5.7244e-06,6.9287e-06,6.9560e-06
P66,30.00,90.00,60.00,0.00,3.3753e-08,2.4036e-07,8.2111e-07,2.9180e-06,7.0233e-06,7.0113e-06,6.1727e-06,3.2597e-08,2.1811e-07,6.0419e-07,2.9300e-06,5.7073e-06,6.9096e-06,6.8555e-06
P66,60.00,90.00,0.00,0.00,5.1455e-08,1.9961e-07,7.1547e-07,2.7848e-06,6.9218e-06,6.9100e-06,5.5617e-06,4.9351e-08,1.8001e-07,5.1956e-07,2.8103e-06,5.6209e-06,6.8153e-06,6.4070e-06
P66,30.00,45.00,0.00,0.00,4.4386e-08,2.4037e-07,8.2113e-07,2.9181e-06,7.0233e-06,7.0113e-06,6.1727e-06,4.2577e-08,2.1811e-07,6.0420e-07,2.9301e-06,5.7073e-06,6.9096e-06,6.8555e-06
P67,60.00,0.00,30.00,0.00,7.9358e-08,2.2486e-07,8.1872e-07,3.9236e-06,8.8279e-06,8.8151e-06,6.6610e-06,7.6687e-08,2.0191e-07,5.7903e-07,3.9645e-06,7.4369e-06,8.7297e-06,7.7511e-06
P67,60.00,45.00,0.00,0.00,5.9396e-08,2.2486e-07,8.1872e-07,3.9226e-06,8.8278e-06,8.8150e-06,6.6610e-06,5.7514e-08,2.0191e-07,5.7903e-07,3.9634e-06,7.4367e-06,8.7296e-06,7.7510e-06
P67,0.00,0.00,30.00,0.00,5.0478e-08,2.8576e-07,1.0096e-06,4.2134e-06,9.0911e-06,9.0781e-06,7.6205e-06,4.9111e-08,2.5768e-07,7.2045e-07,4.2344e-06,7.6695e-06,8.9790e-06,8.5212e-06
P67,30.00,45.00,60.00,0.00,5.1373e-08,2.7210e-07,9.6868e-07,4.1593e-06,9.0400e-06,9.0271e-06,7.4305e-06,5.0086e-08,2.4511e-07,6.8953e-07,4.1844e-06,7.6241e-06,8.9303e-06,8.3723e-06
P67,60.00,90.00,30.00,0.00,5.9467e-08,2.2486e-07,8.1872e-07,3.9225e-06,8.8278e-06,8.8150e-06,6.6610e-06,5.7594e-08,2.0191e-07,5.7903e-07,3.9633e-06,7.4367e-06,8.7296e-06,7.7510e-06
P67,60.00,135.00,0.00,0.00,5.9396e-08,2.2486e-07,8.1872e-07,3.9226e-06,8.8278e-06,8.8150e-06,6.6610e-06,5.7514e-08,2.0191e-07,5.7903e-07,3.9634e-06,7.4367e-06,8.7296e-06,7.7510e-06
P67,30.00,0.00,30.00,0.00,5.9262e-08,2.7211e-07,9.6868e-07,4.1594e-06,9.0400e-06,9.0271e-06,7.4305e-06,5.7485e-08,2.4511e-07,6.8953e-07,4.1844e-06,7.6241e-06,8.9303e-06,8.3723e-06
P67,30.00,180.00,0.00,0.00,5.4498e-08,2.7210e-07,9.6868e-07,4.1590e-06,9.0400e-06,9.0270e-06,7.4305e-06,5.2886e-08,2.4511e-07,6.8953e-07,4.1840e-06,7.6240e-06,8.9302e-06,8.3723e-06
P67,30.00,45.00,30.00,0.00,5.7303e-08,2.7210e-07,9.6868e-07,4.1592e-06,9.0400e-06,9.0271e-06,7.4305e-06,5.5606e-08,2.4511e-07,6.8953e-07,4.1843e-06,7.6241e-06,8.9302e-06,8.3723e-06
P67,60.00,45.00,60.00,0.00,8.2297e-08,2.2486e-07,8.1872e-07,3.9242e-06,8.8280e-06,8.8152e-06,6.6610e-06,7.9654e-08,2.0191e-07,5.7903e-07,3.9651e-06,7.4370e-06,8.7298e-06,7.7511e-06
P67,0.00,135.00,30.00,0.00,5.0478e-08,2.8576e-07,1.0096e-06,4.2134e-06,9.0911e-06,9.0781e-06,7.6205e-06,4.9111e-08,2.5768e-07,7.2045e-07,4.2344e-06,7.6695e-06,8.9790e-06,8.5212e-06
P67,0.00,180.00,30.00,0.00,5.0478e-08,2.8576e-07,1.0096e-06,4.2134e-06,9.0911e-06,9.0781e-06,7.6205e-06,4.9111e-08,2.5768e-07,7.2045e-07,4.2344e-06,7.6695e-06,8.9790e-06,8.5212e-06
P67,0.00,90.00,30.00,0.00,5.0478e-08,2.8576e-07,1.0096e-06,4.2134e-06,9.0911e-06,9.0781e-06,7.6205e-06,4.9111e-08,2.5768e-07,7.2045e-07,4.2344e-06,7.6695e-06,8.9790e-06,8.5212e-06
P67,0.00,135.00,60.00,0.00,4.1424e-08,2.8575e-07,1.0096e-06,4.2134e-06,9.0911e-06,9.0781e-06,7.6205e-06,4.0593e-08,2.5768e-07,7.2045e-07,4.2344e-06,7.6695e-06,8.9790e-06,8.5212e-06
P67,30.00,180.00,60.00,0.00,3.7961e-08,2.7210e-07,9.6868e-07,4.1587e-06,9.0400e-06,9.0270e-06,7.4305e-06,3.7237e-08,2.4511e-07,6.8953e-07,4.1837e-06,7.6240e-06,8.9302e-06,8.3723e-06
P67,0.00,90.00,60.00,0.00,4.1424e-08,2.8575e-07,1.0096e-06,4.2134e-06,9.0911e-06,9.0781e-06,7.6205e-06,4.0593e-08,2.5768e-07,7.2045e-07,4.2344e-06,7.6695e-06,8.9790e-06,8.5212e-06
P67,0.00,180.00,0.00,0.00,5.2369e-08,2.8576e-07,1.0096e-06,4.2135e-06,9.0911e-06,9.0781e-06,7.6205e-06,5.0901e-08,2.5768e-07,7.2045e-07,4.2345e-06,7.6694e-06,8.9790e-06,8.5212e-06
P67,60.00,0.00,0.00,0.00,5.9396e-08,2.2486e-07,8.1872e-07,3.9226e-06,8.8278e-06,8.8150e-06,6.6610e-06,5.7514e-08,2.0191e-07,5.7903e-07,3.9634e-06,7.4367e-06,8.7296e-06,7.7510e-06
P67,60.00,180.00,60.00,0.00,3.7386e-08,2.2485e-07,8.1871e-07,3.9216e-06,8.8277e-06,8.8149e-06,6.6610e-06,3.6541e-08,2.0190e-07,5.7903e-07,3.9623e-06,7.4365e-06,8.7295e-06,7.7510e-06
P67,30.00,90.00,30.00,0.00,5.3350e-08,2.7210e-07,9.6868e-07,4.1590e-06,9.0400e-06,9.0270e-06,7.4305e-06,5.1825e-08,2.4511e-07,6.8953e-07,4.1841e-06,7.6240e-06,8.9302e-06,8.3723e-06
P67,30.00,45.00,0.00,0.00,5.4498e-08,2.7210e-07,9.6868e-07,4.1590e-06,9.0400e-06,9.0270e-06,7.4305e-06,5.2886e-08,2.4511e-07,6.8953e-07,4.1840e-06,7.6240e-06,8.9302e-06,8.3723e-06
P67,60.00,135.00,30.00,0.00,5.1451e-08,2.2485e-07,8.1872e-07,3.9222e-06,8.8277e-06,8.8150e-06,6.6610e-06,4.9920e-08,2.0191e-07,5.7903e-07,3.9629e-06,7.4366e-06,8.7296e-06,7.7510e-06
P67,30.00,90.00,60.00,0.00,4.4099e-08,2.7210e-07,9.6868e-07,4.1589e-06,9.0400e-06,9.0270e-06,7.4305e-06,4.3108e-08,2.4511e-07,6.8953e-07,4.1840e-06,7.6240e-06,8.9302e-06,8.3723e-06
P67,60.00,45.00,30.00,0.00,7.1949e-08,2.2486e-07,8.1872e-07,3.9233e-06,8.8279e-06,8.8151e-06,6.6610e-06,6.9572e-08,2.0191e-07,5.7903e-07,3.9641e-06,7.4369e-06,8.7297e-06,7.7510e-06
P67,0.00,0.00,0.00,0.00,5.2369e-08,2.8576e-07,1.0096e-06,4.2135e-06,9.0911e-06,9.0781e-06,7.6205e-06,5.0901e-08,2.5768e-07,7.2045e-07,4.2345e-06,7.6694e-06,8.9790e-06,8.5212e-06
P67,30.00,0.00,0.00,0.00,5.4498e-08,2.7210e-07,9.6868e-07,4.1590e-06,9.0400e-06,9.0270e-06,7.4305e-06,5.2886e-08,2.4511e-07,6.8953e-07,4.1840e-06,7.6240e-06,8.9302e-06,8.3723e-06
P67,30.00,180.00,30.00,0.00,4.8861e-08,2.7210e-07,9.6868e-07,4.1587e-06,9.0399e-06,9.0270e-06,7.4305e-06,4.7526e-08,2.4511e-07,6.8953e-07,4.1837e-06,7.6239e-06,8.9302e-06,8.3723e-06
P67,30.00,135.00,60.00,0.00,3.9428e-08,2.7210e-07,9.6868e-07,4.1587e-06,9.0400e-06,9.0270e-06,7.4305e-06,3.8638e-08,2.4511e-07,6.8953e-07,4.1837e-06,7.6239e-06,8.9302e-06,8.3723e-06
P67,60.00,180.00,30.00,0.00,4.8933e-08,2.2485e-07,8.1872e-07,3.9221e-06,8.8277e-06,8.8150e-06,6.6610e-06,4.7514e-08,2.0191e-07,5.7903e-07,3.9629e-06,7.4366e-06,8.7296e-06,7.7510e-06
P67,0.00,135.00,0.00,0.00,5.2369e-08,2.8576e-07,1.0096e-06,4.2135e-06,9.0911e-06,9.0781e-06,7.6205e-06,5.0901e-08,2.5768e-07,7.2045e-07,4.2345e-06,7.6694e-06,8.9790e-06,8.5212e-06
P67,0.00,45.00,30.00,0.00,5.0478e-08,2.8576e-07,1.0096e-06,4.2134e-06,9.0911e-06,9.0781e-06,7.6205e-06,4.9111e-08,2.5768e-07,7.2045e-07,4.2344e-06,7.6695e-06,8.9790e-06,8.5212e-06
P67,60.00,0.00,60.00,0.00,1.1326e-07,2.2488e-07,8.1872e-07,3.9264e-06,8.8282e-06,8.8155e-06,6.6611e-06,1.0953e-07,2.0191e-07,5.7903e-07,3.9676e-06,7.4376e-06,8.7301e-06,7.7512e-06
P67,0.00,90.00,0.00,0.00,5.2369e-08,2.8576e-07,1.0096e-06,4.2135e-06,9.0911e-06,9.0781e-06,7.6205e-06,5.0901e-08,2.5768e-07,7.2045e-07,4.2345e-06,7.6694e-06,8.9790e-06,8.5212e-06
P67,30.00,0.00,60.00,0.00,5.5691e-08,2.7210e-07,9.6868e-07,4.1595e-06,9.0401e-06,9.0271e-06,7.4305e-06,5.4231e-08,2.4511e-07,6.8953e-07,4.1846e-06,7.6241e-06,8.9303e-06,8.3723e-06
P67,0.00,0.00,60.00,0.00,4.1424e-08,2.8575e-07,1.0096e-06,4.2134e-06,9.0911e-06,9.0781e-06,7.6205e-06,4.0593e-08,2.5768e-07,7.2045e-07,4.2344e-06,7.6695e-06,8.9790e-06,8.5212e-06
P67,0.00,45.00,60.00,0.00,4.1424e-08,2.8575e-07,1.0096e-06,4.2134e-06,9.0911e-06,9.0781e-06,7.6205e-06,4.0593e-08,2.5768e-07,7.2045e-07,4.2344e-06,7.6695e-06,8.9790e-06,8.5212e-06
P67,0.00,180.00,60.00,0.00,4.1424e-08,2.8575e-07,1.0096e-06,4.2134e-06,9.0911e-06,9.0781e-06,7.6205e-06,4.0593e-08,2.5768e-07,7.2045e-07,4.2344e-06,7.6695e-06,8.9790e-06,8.5212e-06
P67,60.00,90.00,60.00,0.00,5.2379e-08,2.2485e-07,8.1872e-07,3.9225e-06,8.8278e-06,8.8150e-06,6.6610e-06,5.0904e-08,2.0190e-07,5.7903e-07,3.9633e-06,7.4367e-06,8.7296e-06,7.7510e-06
P67,60.00,135.00,60.00,0.00,4.0506e-08,2.2485e-07,8.1871e-07,3.9219e-06,8.8277e-06,8.8150e-06,6.6610e-06,3.9536e-08,2.0190e-07,5.7903e-07,3.9627e-06,7.4366e-06,8.7295e-06,7.7510e-06
P67,30.00,135.00,0.00,0.00,5.4498e-08,2.7210e-07,9.6868e-07,4.1590e-06,9.0400e-06,9.0270e-06,7.4305e-06,5.2886e-08,2.4511e-07,6.8953e-07,4.1840e-06,7.6240e-06,8.9302e-06,8.3723e-06
P67,60.00,180.00,0.00,0.00,5.9396e-08,2.2486e-07,8.1872e-07,3.9226e-06,8.8278e-06,8.8150e-06,6.6610e-06,5.7514e-08,2.0191e-07,5.7903e-07,3.9634e-06,7.4367e-06,8.7296e-06,7.7510e-06
P67,0.00,45.00,0.00,0.00,5.2369e-08,2.8576e-07,1.0096e-06,4.2135e-06,9.0911e-06,9.0781e-06,7.6205e-06,5.0901e-08,2.5768e-07,7.2045e-07,4.2345e-06,7.6694e-06,8.9790e-06,8.5212e-06
P67,60.00,90.00,0.00,0.00,5.9396e-08,2.2486e-07,8.1872e-07,3.9226e-06,8.8278e-06,8.8150e-06,6.6610e-06,5.7514e-08,2.0191e-07,5.7903e-07,3.9634e-06,7.4367e-06,8.7296e-06,7.7510e-06
P67,30.00,90.00,0.00,0.00,5.4498e-08,2.7210e-07,9.6868e-07,4.1590e-06,9.0400e-06,9.0270e-06,7.4305e-06,5.2886e-08,2.4511e-07,6.8953e-07,4.1840e-06,7.6240e-06,8.9302e-06,8.3723e-06
P67,30.00,135.00,30.00,0.00,5.0077e-08,2.7210e-07,9.6868e-07,4.1589e-06,9.0400e-06,9.0270e-06,7.4305e-06,4.8694e-08,2.4511e-07,6.8953e-07,4.1839e-06,7.6239e-06,8.9302e-06,8.3723e-06
P68,0.00,45.00,0.00,0.00,4.0250e-08,2.8830e-07,8.4503e-07,2.4779e-06,6.2042e-06,6.1931e-06,5.7898e-06,3.8423e-08,2.6648e-07,6.5881e-07,2.4846e-06,4.9763e-06,6.0947e-06,6.2387e-06
P68,0.00,0.00,30.00,0.00,3.8315e-08,2.8829e-07,8.4499e-07,2.4779e-06,6.2043e-06,6.1931e-06,5.7898e-06,3.6595e-08,2.6648e-07,6.5879e-07,2.4845e-06,4.9764e-06,6.0948e-06,6.2386e-06
P68,60.00,90.00,30.00,0.00,5.1382e-08,2.4690e-07,7.4012e-07,2.3080e-06,6.0490e-06,6.0379e-06,5.1989e-06,4.8998e-08,2.2782e-07,5.7074e-07,2.3274e-06,4.8326e-06,5.9463e-06,5.7681e-06
P68,30.00,180.00,60.00,0.00,2.5859e-08,2.7916e-07,8.2344e-07,2.4463e-06,6.1739e-06,6.1628e-06,5.6734e-06,2.4837e-08,2.5791e-07,6.4024e-07,2.4556e-06,4.9484e-06,6.0655e-06,6.1483e-06
P68,0.00,45.00,60.00,0.00,2.8966e-08,2.8827e-07,8.4490e-07,2.4778e-06,6.2043e-06,6.1931e-06,5.7898e-06,2.7823e-08,2.6647e-07,6.5874e-07,2.4845e-06,4.9764e-06,6.0948e-06,6.2386e-06
P68,60.00,135.00,0.00,0.00,5.1213e-08,2.4691e-07,7.4014e-07,2.3080e-06,6.0490e-06,6.0379e-06,5.1989e-06,4.8829e-08,2.2782e-07,5.7074e-07,2.3274e-06,4.8326e-06,5.9464e-06,5.7681e-06
P68,30.00,45.00,60.00,0.00,4.0287e-08,2.7919e-07,8.2360e-07,2.4471e-06,6.1740e-06,6.1628e-06,5.6734e-06,3.8605e-08,2.5791e-07,6.4029e-07,2.4564e-06,4.9485e-06,6.0656e-06,6.1483e-06
P68,60.00,180.00,30.00,0.00,3.9959e-08,2.4689e-07,7.4002e-07,2.3075e-06,6.0489e-06,6.0379e-06,5.1989e-06,3.8115e-08,2.2782e-07,5.7070e-07,2.3268e-06,4.8325e-06,5.9463e-06,5.7681e-06
P68,60.00,180.00,0.00,0.00,5.1213e-08,2.4691e-07,7.4014e-07,2.3080e-06,6.0490e-06,6.0379e-06,5.1989e-06,4.8829e-08,2.2782e-07,5.7074e-07,2.3274e-06,4.8326e-06,5.9464e-06,5.7681e-06
P68,30.00,90.00,60.00,0.00,3.2463e-08,2.7917e-07,8.2350e-07,2.4466e-06,6.1739e-06,6.1628e-06,5.6734e-06,3.1129e-08,2.5791e-07,6.4026e-07,2.4559e-06,4.9484e-06,6.0656e-06,6.1483e-06
P68,0.00,90.00,30.00,0.00,3.8315e-08,2.8829e-07,8.4499e-07,2.4779e-06,6.2043e-06,6.1931e-06,5.7898e-06,3.6595e-08,2.6648e-07,6.5879e-07,2.4845e-06,4.9764e-06,6.0948e-06,6.2386e-06
P68,30.00,0.00,0.00,0.00,4.3161e-08,2.7919e-07,8.2361e-07,2.4467e-06,6.1739e-06,6.1628e-06,5.6734e-06,4.1160e-08,2.5792e-07,6.4032e-07,2.4560e-06,4.9484e-06,6.0656e-06,6.1483e-06
P68,60.00,135.00,30.00,0.00,4.2690e-08,2.4689e-07,7.4004e-07,2.3075e-06,6.0489e-06,6.0379e-06,5.1989e-06,4.0713e-08,2.2782e-07,5.7071e-07,2.3269e-06,4.8325e-06,5.9463e-06,5.7681e-06
P68,30.00,0.00,30.00,0.00,4.8296e-08,2.7920e-07,8.2369e-07,2.4471e-06,6.1740e-06,6.1628e-06,5.6734e-06,4.6097e-08,2.5792e-07,6.4035e-07,2.4564e-06,4.9485e-06,6.0656e-06,6.1483e-06
P68,30.00,0.00,60.00,0.00,4.4929e-08,2.7919e-07,8.2365e-07,2.4474e-06,6.1740e-06,6.1629e-06,5.6734e-06,4.3045e-08,2.5792e-07,6.4031e-07,2.4567e-06,4.9485e-06,6.0657e-06,6.1484e-06
P68,60.00,135.00,60.00,0.00,3.1076e-08,2.4687e-07,7.3994e-07,2.3073e-06,6.0489e-06,6.0379e-06,5.1989e-06,2.9735e-08,2.2781e-07,5.7066e-07,2.3266e-06,4.8325e-06,5.9463e-06,5.7680e-06
P68,30.00,135.00,0.00,0.00,4.3161e-08,2.7919e-07,8.2361e-07,2.4467e-06,6.1739e-06,6.1628e-06,5.6734e-06,4.1160e-08,2.5792e-07,6.4032e-07,2.4560e-06,4.9484e-06,6.0656e-06,6.1483e-06
P68,60.00,45.00,60.00,0.00,7.6848e-08,2.4694e-07,7.4034e-07,2.3100e-06,6.0492e-06,6.0382e-06,5.1990e-06,7.3471e-08,2.2783e-07,5.7079e-07,2.3295e-06,4.8330e-06,5.9466e-06,5.7682e-06
P68,30.00,180.00,0.00,0.00,4.3161e-08,2.7919e-07,8.2361e-07,2.4467e-06,6.1739e-06,6.1628e-06,5.6734e-06,4.1160e-08,2.5792e-07,6.4032e-07,2.4560e-06,4.9484e-06,6.0656e-06,6.1483e-06
P68,30.00,180.00,30.00,0.00,3.7243e-08,2.7918e-07,8.2352e-07,2.4464e-06,6.1739e-06,6.1627e-06,5.6734e-06,3.5549e-08,2.5791e-07,6.4028e-07,2.4556e-06,4.9483e-06,6.0655e-06,6.1483e-06
P68,0.00,135.00,60.00,0.00,2.8966e-08,2.8827e-07,8.4490e-07,2.4778e-06,6.2043e-06,6.1931e-06,5.7898e-06,2.7823e-08,2.6647e-07,6.5874e-07,2.4845e-06,4.9764e-06,6.0948e-06,6.2386e-06
P68,0.00,90.00,60.00,0.00,2.8966e-08,2.8827e-07,8.4490e-07,2.4778e-06,6.2043e-06,6.1931e-06,5.7898e-06,2.7823e-08,2.6647e-07,6.5874e-07,2.4845e-06,4.9764e-06,6.0948e-06,6.2386e-06
P68,30.00,45.00,0.00,0.00,4.3161e-08,2.7919e-07,8.2361e-07,2.4467e-06,6.1739e-06,6.1628e-06,5.6734e-06,4.1160e-08,2.5792e-07,6.4032e-07,2.4560e-06,4.9484e-06,6.0656e-06,6.1483e-06
P68,60.00,45.00,0.00,0.00,5.1213e-08,2.4691e-07,7.4014e-07,2.3080e-06,6.0490e-06,6.0379e-06,5.1989e-06,4.8829e-08,2.2782e-07,5.7074e-07,2.3274e-06,4.8326e-06,5.9464e-06,5.7681e-06
P68,0.00,135.00,0.00,0.00,4.0250e-08,2.8830e-07,8.4503e-07,2.4779e-06,6.2042e-06,6.1931e-06,5.7898e-06,3.8423e-08,2.6648e-07,6.5881e-07,2.4846e-06,4.9763e-06,6.0947e-06,6.2387e-06
P68,0.00,0.00,60.00,0.00,2.8966e-08,2.8827e-07,8.4490e-07,2.4778e-06,6.2043e-06,6.1931e-06,5.7898e-06,2.7823e-08,2.6647e-07,6.5874e-07,2.4845e-06,4.9764e-06,6.0948e-06,6.2386e-06
P68,0.00,0.00,0.00,0.00,4.0250e-08,2.8830e-07,8.4503e-07,2.4779e-06,6.2042e-06,6.1931e-06,5.7898e-06,3.8423e-08,2.6648e-07,6.5881e-07,2.4846e-06,4.9763e-06,6.0947e-06,6.2387e-06
P68,60.00,0.00,30.00,0.00,7.2942e-08,2.4694e-07,7.4036e-07,2.3092e-06,6.0491e-06,6.0381e-06,5.1990e-06,6.9607e-08,2.2783e-07,5.7082e-07,2.3287e-06,4.8328e-06,5.9465e-06,5.7682e-06
P68,60.00,90.00,0.00,0.00,5.1213e-08,2.4691e-07,7.4014e-07,2.3080e-06,6.0490e-06,6.0379e-06,5.1989e-06,4.8829e-08,2.2782e-07,5.7074e-07,2.3274e-06,4.8326e-06,5.9464e-06,5.7681e-06
P68,60.00,180.00,60.00,0.00,2.7654e-08,2.4687e-07,7.3990e-07,2.3069e-06,6.0489e-06,6.0378e-06,5.1989e-06,2.6466e-08,2.2781e-07,5.7065e-07,2.3262e-06,4.8324e-06,5.9462e-06,5.7680e-06
P68,60.00,0.00,60.00,0.00,1.1073e-07,2.4699e-07,7.4071e-07,2.3127e-06,6.0496e-06,6.0385e-06,5.1990e-06,1.0601e-07,2.2784e-07,5.7091e-07,2.3324e-06,4.8336e-06,5.9469e-06,5.7684e-06
P68,30.00,135.00,60.00,0.00,2.7438e-08,2.7916e-07,8.2345e-07,2.4464e-06,6.1739e-06,6.1628e-06,5.6734e-06,2.6338e-08,2.5791e-07,6.4024e-07,2.4556e-06,4.9484e-06,6.0655e-06,6.1483e-06
P68,0.00,135.00,30.00,0.00,3.8315e-08,2.8829e-07,8.4499e-07,2.4779e-06,6.2043e-06,6.1931e-06,5.7898e-06,3.6595e-08,2.6648e-07,6.5879e-07,2.4845e-06,4.9764e-06,6.0948e-06,6.2386e-06
P68,0.00,45.00,30.00,0.00,3.8315e-08,2.8829e-07,8.4499e-07,2.4779e-06,6.2043e-06,6.1931e-06,5.7898e-06,3.6595e-08,2.6648e-07,6.5879e-07,2.4845e-06,4.9764e-06,6.0948e-06,6.2386e-06
P68,60.00,45.00,30.00,0.00,6.4913e-08,2.4693e-07,7.4028e-07,2.3088e-06,6.0491e-06,6.0380e-06,5.1990e-06,6.1928e-08,2.2783e-07,5.7079e-07,2.3283e-06,4.8328e-06,5.9464e-06,5.7681e-06
P68,0.00,180.00,30.00,0.00,3.8315e-08,2.8829e-07,8.4499e-07,2.4779e-06,6.2043e-06,6.1931e-06,5.7898e-06,3.6595e-08,2.6648e-07,6.5879e-07,2.4845e-06,4.9764e-06,6.0948e-06,6.2386e-06
P68,30.00,45.00,30.00,0.00,4.6215e-08,2.7920e-07,8.2366e-07,2.4470e-06,6.1740e-06,6.1628e-06,5.6734e-06,4.4108e-08,2.5792e-07,6.4033e-07,2.4563e-06,4.9485e-06,6.0656e-06,6.1483e-06
P68,60.00,90.00,60.00,0.00,4.4087e-08,2.4689e-07,7.4004e-07,2.3080e-06,6.0490e-06,6.0379e-06,5.1989e-06,4.2134e-08,2.2782e-07,5.7070e-07,2.3274e-06,4.8326e-06,5.9464e-06,5.7681e-06
P68,60.00,0.00,0.00,0.00,5.1213e-08,2.4691e-07,7.4014e-07,2.3080e-06,6.0490e-06,6.0379e-06,5.1989e-06,4.8829e-08,2.2782e-07,5.7074e-07,2.3274e-06,4.8326e-06,5.9464e-06,5.7681e-06
P68,0.00,180.00,60.00,0.00,2.8966e-08,2.8827e-07,8.4490e-07,2.4778e-06,6.2043e-06,6.1931e-06,5.7898e-06,2.7823e-08,2.6647e-07,6.5874e-07,2.4845e-06,4.9764e-06,6.0948e-06,6.2386e-06
P68,0.00,90.00,0.00,0.00,4.0250e-08,2.8830e-07,8.4503e-07,2.4779e-06,6.2042e-06,6.1931e-06,5.7898e-06,3.8423e-08,2.6648e-07,6.5881e-07,2.4846e-06,4.9763e-06,6.0947e-06,6.2387e-06
P68,30.00,90.00,0.00,0.00,4.3161e-08,2.7919e-07,8.2361e-07,2.4467e-06,6.1739e-06,6.1628e-06,5.6734e-06,4.1160e-08,2.5792e-07,6.4032e-07,2.4560e-06,4.9484e-06,6.0656e-06,6.1483e-06
P68,0.00,180.00,0.00,0.00,4.0250e-08,2.8830e-07,8.4503e-07,2.4779e-06,6.2042e-06,6.1931e-06,5.7898e-06,3.8423e-08,2.6648e-07,6.5881e-07,2.4846e-06,4.9763e-06,6.0947e-06,6.2387e-06
P68,30.00,90.00,30.00,0.00,4.2014e-08,2.7919e-07,8.2361e-07,2.4468e-06,6.1739e-06,6.1628e-06,5.6734e-06,4.0103e-08,2.5792e-07,6.4031e-07,2.4560e-06,4.9484e-06,6.0656e-06,6.1483e-06
P68,30.00,135.00,30.00,0.00,3.8535e-08,2.7918e-07,8.2356e-07,2.4466e-06,6.1739e-06,6.1628e-06,5.6734e-06,3.6787e-08,2.5792e-07,6.4029e-07,2.4558e-06,4.9484e-06,6.0656e-06,6.1483e-06
P69,30.00,45.00,60.00,0.00,4.6148e-08,2.8722e-07,1.0357e-06,3.4390e-06,7.8965e-06,7.8839e-06,6.6806e-06,4.4579e-08,2.5871e-07,7.5332e-07,3.4561e-06,6.5070e-06,7.7801e-06,7.4811e-06
P69,60.00,180.00,0.00,0.00,5.6053e-08,2.3103e-07,8.8168e-07,3.2622e-06,7.7617e-06,7.7491e-06,6.0087e-06,5.3803e-08,2.0671e-07,6.2402e-07,3.2942e-06,6.3841e-06,7.6542e-06,6.9601e-06
P69,30.00,180.00,0.00,0.00,4.9028e-08,2.8722e-07,1.0357e-06,3.4386e-06,7.8965e-06,7.8838e-06,6.6806e-06,4.7146e-08,2.5871e-07,7.5333e-07,3.4556e-06,6.5069e-06,7.7800e-06,7.4811e-06
P69,60.00,180.00,60.00,0.00,3.2912e-08,2.3101e-07,8.8160e-07,3.2611e-06,7.7616e-06,7.7490e-06,6.0086e-06,3.1822e-08,2.0671e-07,6.2399e-07,3.2931e-06,6.3838e-06,7.6540e-06,6.9601e-06
P69,0.00,135.00,0.00,0.00,4.6350e-08,3.0352e-07,1.0743e-06,3.4762e-06,7.9266e-06,7.9139e-06,6.8432e-06,4.4638e-08,2.7400e-07,7.8744e-07,3.4895e-06,6.5343e-06,7.8084e-06,7.6024e-06
P69,30.00,0.00,0.00,0.00,4.9028e-08,2.8722e-07,1.0357e-06,3.4386e-06,7.8965e-06,7.8838e-06,6.6806e-06,4.7146e-08,2.5871e-07,7.5333e-07,3.4556e-06,6.5069e-06,7.7800e-06,7.4811e-06
P69,30.00,90.00,0.00,0.00,4.9028e-08,2.8722e-07,1.0357e-06,3.4386e-06,7.8965e-06,7.8838e-06,6.6806e-06,4.7146e-08,2.5871e-07,7.5333e-07,3.4556e-06,6.5069e-06,7.7800e-06,7.4811e-06
P69,30.00,90.00,30.00,0.00,4.7889e-08,2.8722e-07,1.0357e-06,3.4387e-06,7.8965e-06,7.8838e-06,6.6806e-06,4.6095e-08,2.5871e-07,7.5333e-07,3.4557e-06,6.5069e-06,7.7800e-06,7.4811e-06
P69,60.00,0.00,30.00,0.00,7.7467e-08,2.3105e-07,8.8175e-07,3.2634e-06,7.7618e-06,7.7492e-06,6.0087e-06,7.4291e-08,2.0672e-07,6.2403e-07,3.2955e-06,6.3842e-06,7.6543e-06,6.9602e-06
P69,0.00,135.00,60.00,0.00,3.5161e-08,3.0351e-07,1.0742e-06,3.4761e-06,7.9266e-06,7.9139e-06,6.8432e-06,3.4119e-08,2.7400e-07,7.8742e-07,3.4894e-06,6.5344e-06,7.8084e-06,7.6024e-06
P69,30.00,90.00,60.00,0.00,3.8427e-08,2.8721e-07,1.0356e-06,3.4386e-06,7.8965e-06,7.8838e-06,6.6806e-06,3.7197e-08,2.5871e-07,7.5332e-07,3.4555e-06,6.5069e-06,7.7800e-06,7.4811e-06
P69,0.00,45.00,60.00,0.00,3.5161e-08,3.0351e-07,1.0742e-06,3.4761e-06,7.9266e-06,7.9139e-06,6.8432e-06,3.4119e-08,2.7400e-07,7.8742e-07,3.4894e-06,6.5344e-06,7.8084e-06,7.6024e-06
P69,60.00,90.00,60.00,0.00,4.9119e-08,2.3102e-07,8.8164e-07,3.2622e-06,7.7617e-06,7.7491e-06,6.0087e-06,4.7284e-08,2.0671e-07,6.2400e-07,3.2942e-06,6.3841e-06,7.6542e-06,6.9601e-06
P69,0.00,90.00,30.00,0.00,4.4430e-08,3.0352e-07,1.0743e-06,3.4762e-06,7.9266e-06,7.9139e-06,6.8432e-06,4.2823e-08,2.7400e-07,7.8743e-07,3.4894e-06,6.5344e-06,7.8084e-06,7.6024e-06
P69,60.00,135.00,0.00,0.00,5.6053e-08,2.3103e-07,8.8168e-07,3.2622e-06,7.7617e-06,7.7491e-06,6.0087e-06,5.3803e-08,2.0671e-07,6.2402e-07,3.2942e-06,6.3841e-06,7.6542e-06,6.9601e-06
P69,60.00,135.00,30.00,0.00,4.7676e-08,2.3102e-07,8.8165e-07,3.2618e-06,7.7616e-06,7.7491e-06,6.0087e-06,4.5822e-08,2.0671e-07,6.2401e-07,3.2938e-06,6.3840e-06,7.6541e-06,6.9601e-06
P69,0.00,90.00,0.00,0.00,4.6350e-08,3.0352e-07,1.0743e-06,3.4762e-06,7.9266e-06,7.9139e-06,6.8432e-06,4.4638e-08,2.7400e-07,7.8744e-07,3.4895e-06,6.5343e-06,7.8084e-06,7.6024e-06
P69,30.00,180.00,60.00,0.00,3.1911e-08,2.8721e-07,1.0356e-06,3.4383e-06,7.8965e-06,7.8838e-06,6.6805e-06,3.0986e-08,2.5870e-07,7.5331e-07,3.4552e-06,6.5069e-06,7.7800e-06,7.4811e-06
P69,0.00,180.00,0.00,0.00,4.6350e-08,3.0352e-07,1.0743e-06,3.4762e-06,7.9266e-06,7.9139e-06,6.8432e-06,4.4638e-08,2.7400e-07,7.8744e-07,3.4895e-06,6.5343e-06,7.8084e-06,7.6024e-06
P69,60.00,45.00,30.00,0.00,6.9558e-08,2.3104e-07,8.8173e-07,3.2631e-06,7.7618e-06,7.7492e-06,6.0087e-06,6.6723e-08,2.0671e-07,6.2402e-07,3.2951e-06,6.3842e-06,7.6543e-06,6.9602e-06
P69,0.00,90.00,60.00,0.00,3.5161e-08,3.0351e-07,1.0742e-06,3.4761e-06,7.9266e-06,7.9139e-06,6.8432e-06,3.4119e-08,2.7400e-07,7.8742e-07,3.4894e-06,6.5344e-06,7.8084e-06,7.6024e-06
P69,60.00,0.00,60.00,0.00,1.1496e-07,2.3108e-07,8.8185e-07,3.2668e-06,7.7622e-06,7.7497e-06,6.0088e-06,1.1042e-07,2.0672e-07,6.2404e-07,3.2992e-06,6.3850e-06,7.6547e-06,6.9604e-06
P69,0.00,0.00,30.00,0.00,4.4430e-08,3.0352e-07,1.0743e-06,3.4762e-06,7.9266e-06,7.9139e-06,6.8432e-06,4.2823e-08,2.7400e-07,7.8743e-07,3.4894e-06,6.5344e-06,7.8084e-06,7.6024e-06
P69,30.00,0.00,30.00,0.00,5.4098e-08,2.8723e-07,1.0357e-06,3.4390e-06,7.8965e-06,7.8839e-06,6.6806e-06,5.2022e-08,2.5871e-07,7.5334e-07,3.4560e-06,6.5070e-06,7.7801e-06,7.4811e-06
P69,60.00,45.00,60.00,0.00,8.1470e-08,2.3105e-07,8.8173e-07,3.2642e-06,7.7619e-06,7.7493e-06,6.0087e-06,7.8244e-08,2.0672e-07,6.2402e-07,3.2963e-06,6.3844e-06,7.6544e-06,6.9602e-06
P69,0.00,180.00,60.00,0.00,3.5161e-08,3.0351e-07,1.0742e-06,3.4761e-06,7.9266e-06,7.9139e-06,6.8432e-06,3.4119e-08,2.7400e-07,7.8742e-07,3.4894e-06,6.5344e-06,7.8084e-06,7.6024e-06
P69,0.00,45.00,0.00,0.00,4.6350e-08,3.0352e-07,1.0743e-06,3.4762e-06,7.9266e-06,7.9139e-06,6.8432e-06,4.4638e-08,2.7400e-07,7.8744e-07,3.4895e-06,6.5343e-06,7.8084e-06,7.6024e-06
P69,60.00,180.00,30.00,0.00,4.4987e-08,2.3102e-07,8.8164e-07,3.2617e-06,7.7616e-06,7.7491e-06,6.0086e-06,4.3263e-08,2.0671e-07,6.2400e-07,3.2937e-06,6.3840e-06,7.6541e-06,6.9601e-06
P69,0.00,45.00,30.00,0.00,4.4430e-08,3.0352e-07,1.0743e-06,3.4762e-06,7.9266e-06,7.9139e-06,6.8432e-06,4.2823e-08,2.7400e-07,7.8743e-07,3.4894e-06,6.5344e-06,7.8084e-06,7.6024e-06
P69,30.00,180.00,30.00,0.00,4.3174e-08,2.8722e-07,1.0357e-06,3.4383e-06,7.8964e-06,7.8838e-06,6.6806e-06,4.1592e-08,2.5871e-07,7.5332e-07,3.4552e-06,6.5068e-06,7.7800e-06,7.4811e-06
P69,0.00,0.00,0.00,0.00,4.6350e-08,3.0352e-07,1.0743e-06,3.4762e-06,7.9266e-06,7.9139e-06,6.8432e-06,4.4638e-08,2.7400e-07,7.8744e-07,3.4895e-06,6.5343e-06,7.8084e-06,7.6024e-06
P69,0.00,135.00,30.00,0.00,4.4430e-08,3.0352e-07,1.0743e-06,3.4762e-06,7.9266e-06,7.9139e-06,6.8432e-06,4.2823e-08,2.7400e-07,7.8743e-07,3.4894e-06,6.5344e-06,7.8084e-06,7.6024e-06
P69,60.00,90.00,30.00,0.00,5.6233e-08,2.3103e-07,8.8168e-07,3.2622e-06,7.7617e-06,7.7491e-06,6.0087e-06,5.3983e-08,2.0671e-07,6.2401e-07,3.2942e-06,6.3840e-06,7.6542e-06,6.9601e-06
P69,60.00,45.00,0.00,0.00,5.6053e-08,2.3103e-07,8.8168e-07,3.2622e-06,7.7617e-06,7.7491e-06,6.0087e-06,5.3803e-08,2.0671e-07,6.2402e-07,3.2942e-06,6.3841e-06,7.6542e-06,6.9601e-06
P69,60.00,90.00,0.00,0.00,5.6053e-08,2.3103e-07,8.8168e-07,3.2622e-06,7.7617e-06,7.7491e-06,6.0087e-06,5.3803e-08,2.0671e-07,6.2402e-07,3.2942e-06,6.3841e-06,7.6542e-06,6.9601e-06
P69,30.00,135.00,30.00,0.00,4.4451e-08,2.8722e-07,1.0357e-06,3.4385e-06,7.8965e-06,7.8838e-06,6.6806e-06,4.2817e-08,2.5871e-07,7.5333e-07,3.4555e-06,6.5069e-06,7.7800e-06,7.4811e-06
P69,30.00,135.00,60.00,0.00,3.3468e-08,2.8721e-07,1.0356e-06,3.4383e-06,7.8965e-06,7.8838e-06,6.6805e-06,3.2468e-08,2.5870e-07,7.5331e-07,3.4553e-06,6.5069e-06,7.7800e-06,7.4811e-06
P69,30.00,0.00,60.00,0.00,5.0731e-08,2.8723e-07,1.0357e-06,3.4393e-06,7.8965e-06,7.8839e-06,6.6806e-06,4.8964e-08,2.5871e-07,7.5333e-07,3.4563e-06,6.5070e-06,7.7801e-06,7.4811e-06
P69,0.00,180.00,30.00,0.00,4.4430e-08,3.0352e-07,1.0743e-06,3.4762e-06,7.9266e-06,7.9139e-06,6.8432e-06,4.2823e-08,2.7400e-07,7.8743e-07,3.4894e-06,6.5344e-06,7.8084e-06,7.6024e-06
P69,60.00,0.00,0.00,0.00,5.6053e-08,2.3103e-07,8.8168e-07,3.2622e-06,7.7617e-06,7.7491e-06,6.0087e-06,5.3803e-08,2.0671e-07,6.2402e-07,3.2942e-06,6.3841e-06,7.6542e-06,6.9601e-06
P69,30.00,135.00,0.00,0.00,4.9028e-08,2.8722e-07,1.0357e-06,3.4386e-06,7.8965e-06,7.8838e-06,6.6806e-06,4.7146e-08,2.5871e-07,7.5333e-07,3.4556e-06,6.5069e-06,7.7800e-06,7.4811e-06
P69,30.00,45.00,30.00,0.00,5.2041e-08,2.8723e-07,1.0357e-06,3.4389e-06,7.8965e-06,7.8839e-06,6.6806e-06,5.0056e-08,2.5871e-07,7.5334e-07,3.4559e-06,6.5070e-06,7.7801e-06,7.4811e-06
P69,0.00,0.00,60.00,0.00,3.5161e-08,3.0351e-07,1.0742e-06,3.4761e-06,7.9266e-06,7.9139e-06,6.8432e-06,3.4119e-08,2.7400e-07,7.8742e-07,3.4894e-06,6.5344e-06,7.8084e-06,7.6024e-06
P69,30.00,45.00,0.00,0.00,4.9028e-08,2.8722e-07,1.0357e-06,3.4386e-06,7.8965e-06,7.8838e-06,6.6806e-06,4.7146e-08,2.5871e-07,7.5333e-07,3.4556e-06,6.5069e-06,7.7800e-06,7.4811e-06
P69,60.00,135.00,60.00,0.00,3.6285e-08,2.3101e-07,8.8161e-07,3.2616e-06,7.7616e-06,7.7491e-06,6.0086e-06,3.5047e-08,2.0671e-07,6.2400e-07,3.2935e-06,6.3840e-06,7.6541e-06,6.9601e-06
P70,0.00,180.00,60.00,0.00,3.0571e-08,3.0516e-07,9.5023e-07,2.8122e-06,6.7972e-06,6.7854e-06,6.1243e-06,2.9468e-08,2.8007e-07,7.3130e-07,2.8196e-06,5.4996e-06,6.6825e-06,6.7199e-06
P70,30.00,45.00,60.00,0.00,4.1793e-08,2.9224e-07,9.2498e-07,2.7831e-06,6.7718e-06,6.7600e-06,5.9880e-06,4.0159e-08,2.6773e-07,7.0839e-07,2.7936e-06,5.4768e-06,6.6584e-06,6.6202e-06
P70,60.00,0.00,30.00,0.00,7.4076e-08,2.4444e-07,8.2227e-07,2.6430e-06,6.6570e-06,6.6453e-06,5.4166e-06,7.0808e-08,2.2241e-07,6.1804e-07,2.6662e-06,5.3719e-06,6.5499e-06,6.1864e-06
P70,30.00,0.00,0.00,0.00,4.4685e-08,2.9225e-07,9.2500e-07,2.7826e-06,6.7717e-06,6.7600e-06,5.9880e-06,4.2731e-08,2.6773e-07,7.0840e-07,2.7932e-06,5.4767e-06,6.6583e-06,6.6201e-06
P70,60.00,180.00,30.00,0.00,4.1298e-08,2.4440e-07,8.2208e-07,2.6413e-06,6.6568e-06,6.6451e-06,5.4166e-06,3.9504e-08,2.2240e-07,6.1799e-07,2.6643e-06,5.3716e-06,6.5497e-06,6.1863e-06
P70,60.00,45.00,30.00,0.00,6.6096e-08,2.4443e-07,8.2223e-07,2.6426e-06,6.6570e-06,6.6453e-06,5.4166e-06,6.3175e-08,2.2241e-07,6.1803e-07,2.6657e-06,5.3719e-06,6.5499e-06,6.1864e-06
P70,0.00,135.00,30.00,0.00,3.9892e-08,3.0517e-07,9.5029e-07,2.8123e-06,6.7972e-06,6.7854e-06,6.1243e-06,3.8217e-08,2.8007e-07,7.3133e-07,2.8197e-06,5.4996e-06,6.6825e-06,6.7199e-06
P70,60.00,0.00,60.00,0.00,1.1157e-07,2.4448e-07,8.2243e-07,2.6465e-06,6.6574e-06,6.6457e-06,5.4167e-06,1.0695e-07,2.2241e-07,6.1807e-07,2.6699e-06,5.3727e-06,6.5504e-06,6.1866e-06
P70,0.00,0.00,0.00,0.00,4.1824e-08,3.0518e-07,9.5033e-07,2.8123e-06,6.7972e-06,6.7854e-06,6.1244e-06,4.0042e-08,2.8007e-07,7.3134e-07,2.8197e-06,5.4996e-06,6.6825e-06,6.7200e-06
P70,30.00,135.00,60.00,0.00,2.9021e-08,2.9223e-07,9.2489e-07,2.7823e-06,6.7717e-06,6.7599e-06,5.9880e-06,2.7961e-08,2.6772e-07,7.0836e-07,2.7928e-06,5.4767e-06,6.6583e-06,6.6201e-06
P70,0.00,180.00,30.00,0.00,3.9892e-08,3.0517e-07,9.5029e-07,2.8123e-06,6.7972e-06,6.7854e-06,6.1243e-06,3.8217e-08,2.8007e-07,7.3133e-07,2.8197e-06,5.4996e-06,6.6825e-06,6.7199e-06
P70,0.00,90.00,60.00,0.00,3.0571e-08,3.0516e-07,9.5023e-07,2.8122e-06,6.7972e-06,6.7854e-06,6.1243e-06,2.9468e-08,2.8007e-07,7.3130e-07,2.8196e-06,5.4996e-06,6.6825e-06,6.7199e-06
P70,60.00,135.00,60.00,0.00,3.2459e-08,2.4439e-07,8.2203e-07,2.6411e-06,6.6568e-06,6.6451e-06,5.4166e-06,3.1162e-08,2.2240e-07,6.1797e-07,2.6641e-06,5.3716e-06,6.5497e-06,6.1863e-06
P70,0.00,45.00,30.00,0.00,3.9892e-08,3.0517e-07,9.5029e-07,2.8123e-06,6.7972e-06,6.7854e-06,6.1243e-06,3.8217e-08,2.8007e-07,7.3133e-07,2.8197e-06,5.4996e-06,6.6825e-06,6.7199e-06
P70,30.00,180.00,0.00,0.00,4.4685e-08,2.9225e-07,9.2500e-07,2.7826e-06,6.7717e-06,6.7600e-06,5.9880e-06,4.2731e-08,2.6773e-07,7.0840e-07,2.7932e-06,5.4767e-06,6.6583e-06,6.6201e-06
P70,30.00,135.00,0.00,0.00,4.4685e-08,2.9225e-07,9.2500e-07,2.7826e-06,6.7717e-06,6.7600e-06,5.9880e-06,4.2731e-08,2.6773e-07,7.0840e-07,2.7932e-06,5.4767e-06,6.6583e-06,6.6201e-06
P70,30.00,45.00,30.00,0.00,4.7718e-08,2.9225e-07,9.2503e-07,2.7829e-06,6.7718e-06,6.7600e-06,5.9880e-06,4.5660e-08,2.6773e-07,7.0841e-07,2.7935e-06,5.4768e-06,6.6584e-06,6.6202e-06
P70,0.00,0.00,30.00,0.00,3.9892e-08,3.0517e-07,9.5029e-07,2.8123e-06,6.7972e-06,6.7854e-06,6.1243e-06,3.8217e-08,2.8007e-07,7.3133e-07,2.8197e-06,5.4996e-06,6.6825e-06,6.7199e-06
P70,0.00,0.00,60.00,0.00,3.0571e-08,3.0516e-07,9.5023e-07,2.8122e-06,6.7972e-06,6.7854e-06,6.1243e-06,2.9468e-08,2.8007e-07,7.3130e-07,2.8196e-06,5.4996e-06,6.6825e-06,6.7199e-06
P70,0.00,135.00,60.00,0.00,3.0571e-08,3.0516e-07,9.5023e-07,2.8122e-06,6.7972e-06,6.7854e-06,6.1243e-06,2.9468e-08,2.8007e-07,7.3130e-07,2.8196e-06,5.4996e-06,6.6825e-06,6.7199e-06
P70,60.00,45.00,60.00,0.00,7.7915e-08,2.4444e-07,8.2224e-07,2.6438e-06,6.6571e-06,6.6454e-06,5.4166e-06,7.4610e-08,2.2241e-07,6.1802e-07,2.6670e-06,5.3721e-06,6.5500e-06,6.1864e-06
P70,30.00,180.00,30.00,0.00,3.8792e-08,2.9224e-07,9.2494e-07,2.7823e-06,6.7717e-06,6.7599e-06,5.9880e-06,3.7141e-08,2.6773e-07,7.0839e-07,2.7928e-06,5.4766e-06,6.6583e-06,6.6201e-06
P70,60.00,90.00,60.00,0.00,4.5378e-08,2.4440e-07,8.2209e-07,2.6418e-06,6.6569e-06,6.6452e-06,5.4166e-06,4.3477e-08,2.2240e-07,6.1798e-07,2.6648e-06,5.3717e-06,6.5498e-06,6.1863e-06
P70,60.00,90.00,0.00,0.00,5.2486e-08,2.4441e-07,8.2215e-07,2.6418e-06,6.6569e-06,6.6452e-06,5.4166e-06,5.0157e-08,2.2240e-07,6.1801e-07,2.6649e-06,5.3717e-06,6.5498e-06,6.1863e-06
P70,30.00,90.00,0.00,0.00,4.4685e-08,2.9225e-07,9.2500e-07,2.7826e-06,6.7717e-06,6.7600e-06,5.9880e-06,4.2731e-08,2.6773e-07,7.0840e-07,2.7932e-06,5.4767e-06,6.6583e-06,6.6201e-06
P70,30.00,90.00,30.00,0.00,4.3538e-08,2.9225e-07,9.2499e-07,2.7827e-06,6.7717e-06,6.7600e-06,5.9880e-06,4.1674e-08,2.6773e-07,7.0840e-07,2.7932e-06,5.4767e-06,6.6583e-06,6.6202e-06
P70,60.00,180.00,60.00,0.00,2.9062e-08,2.4439e-07,8.2201e-07,2.6407e-06,6.6567e-06,6.6450e-06,5.4166e-06,2.7915e-08,2.2240e-07,6.1797e-07,2.6637e-06,5.3714e-06,6.5497e-06,6.1862e-06
P70,60.00,45.00,0.00,0.00,5.2486e-08,2.4441e-07,8.2215e-07,2.6418e-06,6.6569e-06,6.6452e-06,5.4166e-06,5.0157e-08,2.2240e-07,6.1801e-07,2.6649e-06,5.3717e-06,6.5498e-06,6.1863e-06
P70,0.00,45.00,60.00,0.00,3.0571e-08,3.0516e-07,9.5023e-07,2.8122e-06,6.7972e-06,6.7854e-06,6.1243e-06,2.9468e-08,2.8007e-07,7.3130e-07,2.8196e-06,5.4996e-06,6.6825e-06,6.7199e-06
P70,30.00,0.00,60.00,0.00,4.6409e-08,2.9225e-07,9.2501e-07,2.7833e-06,6.7718e-06,6.7600e-06,5.9880e-06,4.4574e-08,2.6773e-07,7.0839e-07,2.7939e-06,5.4768e-06,6.6584e-06,6.6202e-06
P70,60.00,180.00,0.00,0.00,5.2486e-08,2.4441e-07,8.2215e-07,2.6418e-06,6.6569e-06,6.6452e-06,5.4166e-06,5.0157e-08,2.2240e-07,6.1801e-07,2.6649e-06,5.3717e-06,6.5498e-06,6.1863e-06
P70,30.00,45.00,0.00,0.00,4.4685e-08,2.9225e-07,9.2500e-07,2.7826e-06,6.7717e-06,6.7600e-06,5.9880e-06,4.2731e-08,2.6773e-07,7.0840e-07,2.7932e-06,5.4767e-06,6.6583e-06,6.6201e-06
P70,30.00,0.00,30.00,0.00,4.9788e-08,2.9226e-07,9.2505e-07,2.7831e-06,6.7718e-06,6.7600e-06,5.9880e-06,4.7639e-08,2.6773e-07,7.0842e-07,2.7936e-06,5.4768e-06,6.6584e-06,6.6202e-06
P70,60.00,90.00,30.00,0.00,5.2649e-08,2.4441e-07,8.2214e-07,2.6418e-06,6.6569e-06,6.6452e-06,5.4166e-06,5.0321e-08,2.2240e-07,6.1800e-07,2.6648e-06,5.3717e-06,6.5498e-06,6.1863e-06
P70,0.00,90.00,30.00,0.00,3.9892e-08,3.0517e-07,9.5029e-07,2.8123e-06,6.7972e-06,6.7854e-06,6.1243e-06,3.8217e-08,2.8007e-07,7.3133e-07,2.8197e-06,5.4996e-06,6.6825e-06,6.7199e-06
P70,0.00,180.00,0.00,0.00,4.1824e-08,3.0518e-07,9.5033e-07,2.8123e-06,6.7972e-06,6.7854e-06,6.1244e-06,4.0042e-08,2.8007e-07,7.3134e-07,2.8197e-06,5.4996e-06,6.6825e-06,6.7200e-06
P70,30.00,90.00,60.00,0.00,3.4016e-08,2.9224e-07,9.2492e-07,2.7826e-06,6.7717e-06,6.7600e-06,5.9880e-06,3.2724e-08,2.6773e-07,7.0837e-07,2.7931e-06,5.4767e-06,6.6583e-06,6.6201e-06
P70,0.00,135.00,0.00,0.00,4.1824e-08,3.0518e-07,9.5033e-07,2.8123e-06,6.7972e-06,6.7854e-06,6.1244e-06,4.0042e-08,2.8007e-07,7.3134e-07,2.8197e-06,5.4996e-06,6.6825e-06,6.7200e-06
P70,60.00,135.00,30.00,0.00,4.4012e-08,2.4440e-07,8.2210e-07,2.6414e-06,6.6568e-06,6.6451e-06,5.4166e-06,4.2085e-08,2.2240e-07,6.1799e-07,2.6644e-06,5.3716e-06,6.5497e-06,6.1863e-06
P70,30.00,180.00,60.00,0.00,2.7452e-08,2.9223e-07,9.2489e-07,2.7823e-06,6.7717e-06,6.7599e-06,5.9880e-06,2.6468e-08,2.6772e-07,7.0836e-07,2.7928e-06,5.4767e-06,6.6583e-06,6.6201e-06
P70,0.00,45.00,0.00,0.00,4.1824e-08,3.0518e-07,9.5033e-07,2.8123e-06,6.7972e-06,6.7854e-06,6.1244e-06,4.0042e-08,2.8007e-07,7.3134e-07,2.8197e-06,5.4996e-06,6.6825e-06,6.7200e-06
P70,30.00,135.00,30.00,0.00,4.0077e-08,2.9224e-07,9.2496e-07,2.7825e-06,6.7717e-06,6.7599e-06,5.9880e-06,3.8374e-08,2.6773e-07,7.0839e-07,2.7930e-06,5.4767e-06,6.6583e-06,6.6201e-06
P70,60.00,135.00,0.00,0.00,5.2486e-08,2.4441e-07,8.2215e-07,2.6418e-06,6.6569e-06,6.6452e-06,5.4166e-06,5.0157e-08,2.2240e-07,6.1801e-07,2.6649e-06,5.3717e-06,6.5498e-06,6.1863e-06
P70,0.00,90.00,0.00,0.00,4.1824e-08,3.0518e-07,9.5033e-07,2.8123e-06,6.7972e-06,6.7854e-06,6.1244e-06,4.0042e-08,2.8007e-07,7.3134e-07,2.8197e-06,5.4996e-06,6.6825e-06,6.7200e-06
P70,60.00,0.00,0.00,0.00,5.2486e-08,2.4441e-07,8.2215e-07,2.6418e-06,6.6569e-06,6.6452e-06,5.4166e-06,5.0157e-08,2.2240e-07,6.1801e-07,2.6649e-06,5.3717e-06,6.5498e-06,6.1863e-06
P71,0.00,90.00,30.00,0.00,3.5476e-08,2.2457e-07,6.3312e-07,1.7851e-06,4.8402e-06,4.8304e-06,4.9131e-06,3.3690e-08,2.0846e-07,5.0806e-07,1.7669e-06,3.7668e-06,4.7400e-06,5.1745e-06
P71,60.00,45.00,30.00,0.00,6.3003e-08,1.9215e-07,5.7360e-07,1.6897e-06,4.7360e-06,4.7263e-06,4.5417e-06,5.9917e-08,1.7740e-07,4.5368e-07,1.6749e-06,3.6703e-06,4.6394e-06,4.8917e-06
P71,60.00,135.00,30.00,0.00,4.0530e-08,1.9205e-07,5.7302e-07,1.6884e-06,4.7358e-06,4.7261e-06,4.5417e-06,3.8478e-08,1.7736e-07,4.5337e-07,1.6735e-06,3.6700e-06,4.6393e-06,4.8916e-06
P71,0.00,135.00,60.00,0.00,2.6088e-08,2.2453e-07,6.3298e-07,1.7850e-06,4.8402e-06,4.8304e-06,4.9131e-06,2.4885e-08,2.0844e-07,5.0795e-07,1.7669e-06,3.7668e-06,4.7400e-06,5.1745e-06
P71,0.00,0.00,0.00,0.00,3.7413e-08,2.2459e-07,6.3319e-07,1.7852e-06,4.8402e-06,4.8304e-06,4.9131e-06,3.5520e-08,2.0847e-07,5.0811e-07,1.7670e-06,3.7667e-06,4.7399e-06,5.1745e-06
P71,0.00,135.00,0.00,0.00,3.7413e-08,2.2459e-07,6.3319e-07,1.7852e-06,4.8402e-06,4.8304e-06,4.9131e-06,3.5520e-08,2.0847e-07,5.0811e-07,1.7670e-06,3.7667e-06,4.7399e-06,5.1745e-06
P71,0.00,135.00,30.00,0.00,3.5476e-08,2.2457e-07,6.3312e-07,1.7851e-06,4.8402e-06,4.8304e-06,4.9131e-06,3.3690e-08,2.0846e-07,5.0806e-07,1.7669e-06,3.7668e-06,4.7400e-06,5.1745e-06
P71,60.00,135.00,0.00,0.00,4.9122e-08,1.9209e-07,5.7324e-07,1.6888e-06,4.7359e-06,4.7262e-06,4.5417e-06,4.6654e-08,1.7738e-07,4.5349e-07,1.6740e-06,3.6701e-06,4.6393e-06,4.8916e-06
P71,60.00,90.00,30.00,0.00,4.9321e-08,1.9209e-07,5.7323e-07,1.6888e-06,4.7359e-06,4.7262e-06,4.5417e-06,4.6852e-08,1.7737e-07,4.5348e-07,1.6740e-06,3.6701e-06,4.6393e-06,4.8916e-06
P71,30.00,45.00,30.00,0.00,4.3583e-08,2.1789e-07,6.2143e-07,1.7678e-06,4.8197e-06,4.8100e-06,4.8396e-06,4.1401e-08,2.0203e-07,4.9727e-07,1.7503e-06,3.7482e-06,4.7201e-06,5.1198e-06
P71,60.00,0.00,30.00,0.00,7.1121e-08,1.9218e-07,5.7382e-07,1.6901e-06,4.7360e-06,4.7263e-06,4.5417e-06,6.7675e-08,1.7741e-07,4.5379e-07,1.6754e-06,3.6703e-06,4.6394e-06,4.8917e-06
P71,0.00,45.00,30.00,0.00,3.5476e-08,2.2457e-07,6.3312e-07,1.7851e-06,4.8402e-06,4.8304e-06,4.9131e-06,3.3690e-08,2.0846e-07,5.0806e-07,1.7669e-06,3.7668e-06,4.7400e-06,5.1745e-06
P71,30.00,135.00,60.00,0.00,2.4669e-08,2.1781e-07,6.2101e-07,1.7671e-06,4.8197e-06,4.8099e-06,4.8395e-06,2.3510e-08,2.0198e-07,4.9701e-07,1.7497e-06,3.7481e-06,4.7201e-06,5.1198e-06
P71,30.00,45.00,0.00,0.00,4.0483e-08,2.1787e-07,6.2131e-07,1.7675e-06,4.8197e-06,4.8100e-06,4.8396e-06,3.8412e-08,2.0202e-07,4.9721e-07,1.7500e-06,3.7481e-06,4.7201e-06,5.1198e-06
P71,30.00,180.00,60.00,0.00,2.3071e-08,2.1780e-07,6.2098e-07,1.7671e-06,4.8197e-06,4.8099e-06,4.8395e-06,2.1991e-08,2.0198e-07,4.9699e-07,1.7496e-06,3.7481e-06,4.7201e-06,5.1197e-06
P71,60.00,45.00,60.00,0.00,7.5379e-08,1.9217e-07,5.7391e-07,1.6910e-06,4.7361e-06,4.7264e-06,4.5417e-06,7.1865e-08,1.7740e-07,4.5378e-07,1.6763e-06,3.6705e-06,4.6395e-06,4.8918e-06
P71,30.00,135.00,0.00,0.00,4.0483e-08,2.1787e-07,6.2131e-07,1.7675e-06,4.8197e-06,4.8100e-06,4.8396e-06,3.8412e-08,2.0202e-07,4.9721e-07,1.7500e-06,3.7481e-06,4.7201e-06,5.1198e-06
P71,0.00,45.00,60.00,0.00,2.6088e-08,2.2453e-07,6.3298e-07,1.7850e-06,4.8402e-06,4.8304e-06,4.9131e-06,2.4885e-08,2.0844e-07,5.0795e-07,1.7669e-06,3.7668e-06,4.7400e-06,5.1745e-06
P71,0.00,90.00,60.00,0.00,2.6088e-08,2.2453e-07,6.3298e-07,1.7850e-06,4.8402e-06,4.8304e-06,4.9131e-06,2.4885e-08,2.0844e-07,5.0795e-07,1.7669e-06,3.7668e-06,4.7400e-06,5.1745e-06
P71,30.00,135.00,30.00,0.00,3.5828e-08,2.1785e-07,6.2120e-07,1.7673e-06,4.8197e-06,4.8099e-06,4.8396e-06,3.4013e-08,2.0200e-07,4.9714e-07,1.7499e-06,3.7481e-06,4.7201e-06,5.1198e-06
P71,60.00,90.00,0.00,0.00,4.9122e-08,1.9209e-07,5.7324e-07,1.6888e-06,4.7359e-06,4.7262e-06,4.5417e-06,4.6654e-08,1.7738e-07,4.5349e-07,1.6740e-06,3.6701e-06,4.6393e-06,4.8916e-06
P71,30.00,90.00,60.00,0.00,2.9755e-08,2.1783e-07,6.2114e-07,1.7674e-06,4.8197e-06,4.8100e-06,4.8396e-06,2.8355e-08,2.0199e-07,4.9708e-07,1.7500e-06,3.7481e-06,4.7201e-06,5.1198e-06
P71,0.00,180.00,30.00,0.00,3.5476e-08,2.2457e-07,6.3312e-07,1.7851e-06,4.8402e-06,4.8304e-06,4.9131e-06,3.3690e-08,2.0846e-07,5.0806e-07,1.7669e-06,3.7668e-06,4.7400e-06,5.1745e-06
P71,60.00,180.00,0.00,0.00,4.9122e-08,1.9209e-07,5.7324e-07,1.6888e-06,4.7359e-06,4.7262e-06,4.5417e-06,4.6654e-08,1.7738e-07,4.5349e-07,1.6740e-06,3.6701e-06,4.6393e-06,4.8916e-06
P71,30.00,180.00,30.00,0.00,3.4523e-08,2.1784e-07,6.2114e-07,1.7671e-06,4.8197e-06,4.8099e-06,4.8396e-06,3.2763e-08,2.0199e-07,4.9710e-07,1.7496e-06,3.7480e-06,4.7201e-06,5.1198e-06
P71,60.00,0.00,0.00,0.00,4.9122e-08,1.9209e-07,5.7324e-07,1.6888e-06,4.7359e-06,4.7262e-06,4.5417e-06,4.6654e-08,1.7738e-07,4.5349e-07,1.6740e-06,3.6701e-06,4.6393e-06,4.8916e-06
P71,0.00,90.00,0.00,0.00,3.7413e-08,2.2459e-07,6.3319e-07,1.7852e-06,4.8402e-06,4.8304e-06,4.9131e-06,3.5520e-08,2.0847e-07,5.0811e-07,1.7670e-06,3.7667e-06,4.7399e-06,5.1745e-06
P71,0.00,45.00,0.00,0.00,3.7413e-08,2.2459e-07,6.3319e-07,1.7852e-06,4.8402e-06,4.8304e-06,4.9131e-06,3.5520e-08,2.0847e-07,5.0811e-07,1.7670e-06,3.7667e-06,4.7399e-06,5.1745e-06
P71,30.00,0.00,30.00,0.00,4.5684e-08,2.1791e-07,6.2151e-07,1.7679e-06,4.8198e-06,4.8100e-06,4.8396e-06,4.3408e-08,2.0203e-07,4.9732e-07,1.7505e-06,3.7482e-06,4.7202e-06,5.1198e-06
P71,0.00,0.00,60.00,0.00,2.6088e-08,2.2453e-07,6.3298e-07,1.7850e-06,4.8402e-06,4.8304e-06,4.9131e-06,2.4885e-08,2.0844e-07,5.0795e-07,1.7669e-06,3.7668e-06,4.7400e-06,5.1745e-06
P71,0.00,180.00,0.00,0.00,3.7413e-08,2.2459e-07,6.3319e-07,1.7852e-06,4.8402e-06,4.8304e-06,4.9131e-06,3.5520e-08,2.0847e-07,5.0811e-07,1.7670e-06,3.7667e-06,4.7399e-06,5.1745e-06
P71,30.00,90.00,30.00,0.00,3.9341e-08,2.1787e-07,6.2131e-07,1.7675e-06,4.8197e-06,4.8100e-06,4.8396e-06,3.7360e-08,2.0201e-07,4.9720e-07,1.7501e-06,3.7481e-06,4.7201e-06,5.1198e-06
P71,30.00,0.00,60.00,0.00,4.2371e-08,2.1788e-07,6.2149e-07,1.7682e-06,4.8198e-06,4.8100e-06,4.8396e-06,4.0407e-08,2.0201e-07,4.9727e-07,1.7508e-06,3.7482e-06,4.7202e-06,5.1198e-06
P71,30.00,90.00,0.00,0.00,4.0483e-08,2.1787e-07,6.2131e-07,1.7675e-06,4.8197e-06,4.8100e-06,4.8396e-06,3.8412e-08,2.0202e-07,4.9721e-07,1.7500e-06,3.7481e-06,4.7201e-06,5.1198e-06
P71,30.00,180.00,0.00,0.00,4.0483e-08,2.1787e-07,6.2131e-07,1.7675e-06,4.8197e-06,4.8100e-06,4.8396e-06,3.8412e-08,2.0202e-07,4.9721e-07,1.7500e-06,3.7481e-06,4.7201e-06,5.1198e-06
P71,60.00,0.00,60.00,0.00,1.0981e-07,1.9231e-07,5.7493e-07,1.6939e-06,4.7364e-06,4.7267e-06,4.5418e-06,1.0491e-07,1.7746e-07,4.5430e-07,1.6793e-06,3.6711e-06,4.6399e-06,4.8920e-06
P71,60.00,180.00,30.00,0.00,3.7768e-08,1.9205e-07,5.7297e-07,1.6883e-06,4.7358e-06,4.7261e-06,4.5417e-06,3.5853e-08,1.7736e-07,4.5334e-07,1.6734e-06,3.6700e-06,4.6392e-06,4.8916e-06
P71,30.00,0.00,0.00,0.00,4.0483e-08,2.1787e-07,6.2131e-07,1.7675e-06,4.8197e-06,4.8100e-06,4.8396e-06,3.8412e-08,2.0202e-07,4.9721e-07,1.7500e-06,3.7481e-06,4.7201e-06,5.1198e-06
P71,60.00,45.00,0.00,0.00,4.9122e-08,1.9209e-07,5.7324e-07,1.6888e-06,4.7359e-06,4.7262e-06,4.5417e-06,4.6654e-08,1.7738e-07,4.5349e-07,1.6740e-06,3.6701e-06,4.6393e-06,4.8916e-06
P71,60.00,180.00,60.00,0.00,2.5399e-08,1.9200e-07,5.7269e-07,1.6877e-06,4.7357e-06,4.7260e-06,4.5416e-06,2.4148e-08,1.7733e-07,4.5318e-07,1.6728e-06,3.6698e-06,4.6392e-06,4.8916e-06
P71,0.00,0.00,30.00,0.00,3.5476e-08,2.2457e-07,6.3312e-07,1.7851e-06,4.8402e-06,4.8304e-06,4.9131e-06,3.3690e-08,2.0846e-07,5.0806e-07,1.7669e-06,3.7668e-06,4.7400e-06,5.1745e-06
P71,0.00,180.00,60.00,0.00,2.6088e-08,2.2453e-07,6.3298e-07,1.7850e-06,4.8402e-06,4.8304e-06,4.9131e-06,2.4885e-08,2.0844e-07,5.0795e-07,1.7669e-06,3.7668e-06,4.7400e-06,5.1745e-06
P71,60.00,135.00,60.00,0.00,2.8874e-08,1.9201e-07,5.7280e-07,1.6881e-06,4.7358e-06,4.7261e-06,4.5417e-06,2.7466e-08,1.7734e-07,4.5323e-07,1.6732e-06,3.6700e-06,4.6392e-06,4.8916e-06
P71,30.00,45.00,60.00,0.00,3.7673e-08,2.1786e-07,6.2137e-07,1.7679e-06,4.8198e-06,4.8100e-06,4.8396e-06,3.5916e-08,2.0201e-07,4.9720e-07,1.7505e-06,3.7482e-06,4.7202e-06,5.1198e-06
P71,60.00,90.00,60.00,0.00,4.2092e-08,1.9205e-07,5.7308e-07,1.6888e-06,4.7359e-06,4.7262e-06,4.5417e-06,4.0051e-08,1.7736e-07,4.5337e-07,1.6740e-06,3.6701e-06,4.6393e-06,4.8916e-06
P72,60.00,90.00,30.00,0.00,4.9463e-08,1.8111e-07,5.8862e-07,1.7626e-06,4.9003e-06,4.8903e-06,4.6535e-06,4.6997e-08,1.6562e-07,4.5636e-07,1.7438e-06,3.7956e-06,4.8004e-06,5.0467e-06
P72,60.00,45.00,60.00,0.00,7.5714e-08,1.8121e-07,5.8945e-07,1.7648e-06,4.9006e-06,4.8905e-06,4.6536e-06,7.2192e-08,1.6566e-07,4.5678e-07,1.7461e-06,3.7960e-06,4.8007e-06,5.0469e-06
P72,60.00,135.00,60.00,0.00,2.9023e-08,1.8101e-07,5.8814e-07,1.7618e-06,4.9003e-06,4.8902e-06,4.6535e-06,2.7618e-08,1.6557e-07,4.5606e-07,1.7431e-06,3.7955e-06,4.8004e-06,5.0467e-06
P72,0.00,90.00,60.00,0.00,2.6026e-08,2.2005e-07,6.4557e-07,1.8087e-06,4.9162e-06,4.9061e-06,5.0002e-06,2.4826e-08,2.0339e-07,5.1453e-07,1.7872e-06,3.8049e-06,4.8122e-06,5.2769e-06
P72,60.00,135.00,30.00,0.00,4.0657e-08,1.8107e-07,5.8838e-07,1.7621e-06,4.9003e-06,4.8902e-06,4.6535e-06,3.8608e-08,1.6560e-07,4.5622e-07,1.7433e-06,3.7955e-06,4.8004e-06,5.0467e-06
P72,0.00,180.00,0.00,0.00,3.7357e-08,2.2011e-07,6.4579e-07,1.8088e-06,4.9162e-06,4.9061e-06,5.0002e-06,3.5467e-08,2.0343e-07,5.1470e-07,1.7873e-06,3.8048e-06,4.8122e-06,5.2769e-06
P72,30.00,135.00,0.00,0.00,4.0476e-08,2.1225e-07,6.3603e-07,1.8041e-06,4.9183e-06,4.9081e-06,4.9362e-06,3.8408e-08,1.9573e-07,5.0419e-07,1.7833e-06,3.8077e-06,4.8148e-06,5.2379e-06
P72,30.00,180.00,60.00,0.00,2.3055e-08,2.1216e-07,6.3567e-07,1.8038e-06,4.9182e-06,4.9081e-06,4.9361e-06,2.1978e-08,1.9569e-07,5.0394e-07,1.7829e-06,3.8076e-06,4.8148e-06,5.2379e-06
P72,30.00,45.00,0.00,0.00,4.0476e-08,2.1225e-07,6.3603e-07,1.8041e-06,4.9183e-06,4.9081e-06,4.9362e-06,3.8408e-08,1.9573e-07,5.0419e-07,1.7833e-06,3.8077e-06,4.8148e-06,5.2379e-06
P72,0.00,135.00,30.00,0.00,3.5418e-08,2.2009e-07,6.4571e-07,1.8088e-06,4.9162e-06,4.9061e-06,5.0002e-06,3.3636e-08,2.0342e-07,5.1465e-07,1.7873e-06,3.8049e-06,4.8122e-06,5.2769e-06
P72,30.00,180.00,30.00,0.00,3.4513e-08,2.1220e-07,6.3584e-07,1.8038e-06,4.9182e-06,4.9081e-06,4.9362e-06,3.2756e-08,1.9570e-07,5.0406e-07,1.7829e-06,3.8076e-06,4.8148e-06,5.2379e-06
P72,60.00,45.00,30.00,0.00,6.3171e-08,1.8118e-07,5.8906e-07,1.7635e-06,4.9004e-06,4.8904e-06,4.6535e-06,6.0086e-08,1.6565e-07,4.5661e-07,1.7448e-06,3.7958e-06,4.8005e-06,5.0468e-06
P72,0.00,45.00,0.00,0.00,3.7357e-08,2.2011e-07,6.4579e-07,1.8088e-06,4.9162e-06,4.9061e-06,5.0002e-06,3.5467e-08,2.0343e-07,5.1470e-07,1.7873e-06,3.8048e-06,4.8122e-06,5.2769e-06
P72,30.00,0.00,30.00,0.00,4.5685e-08,2.1229e-07,6.3625e-07,1.8046e-06,4.9183e-06,4.9082e-06,4.9362e-06,4.3413e-08,1.9576e-07,5.0432e-07,1.7837e-06,3.8078e-06,4.8149e-06,5.2379e-06
P72,0.00,0.00,0.00,0.00,3.7357e-08,2.2011e-07,6.4579e-07,1.8088e-06,4.9162e-06,4.9061e-06,5.0002e-06,3.5467e-08,2.0343e-07,5.1470e-07,1.7873e-06,3.8048e-06,4.8122e-06,5.2769e-06
P72,30.00,45.00,60.00,0.00,3.7681e-08,2.1224e-07,6.3611e-07,1.8046e-06,4.9183e-06,4.9082e-06,4.9362e-06,3.5926e-08,1.9572e-07,5.0420e-07,1.7837e-06,3.8078e-06,4.8149e-06,5.2379e-06
P72,0.00,90.00,30.00,0.00,3.5418e-08,2.2009e-07,6.4571e-07,1.8088e-06,4.9162e-06,4.9061e-06,5.0002e-06,3.3636e-08,2.0342e-07,5.1465e-07,1.7873e-06,3.8049e-06,4.8122e-06,5.2769e-06
P72,30.00,180.00,0.00,0.00,4.0476e-08,2.1225e-07,6.3603e-07,1.8041e-06,4.9183e-06,4.9081e-06,4.9362e-06,3.8408e-08,1.9573e-07,5.0419e-07,1.7833e-06,3.8077e-06,4.8148e-06,5.2379e-06
P72,30.00,45.00,30.00,0.00,4.3582e-08,2.1227e-07,6.3617e-07,1.8045e-06,4.9183e-06,4.9082e-06,4.9362e-06,4.1404e-08,1.9575e-07,5.0427e-07,1.7836e-06,3.8077e-06,4.8149e-06,5.2379e-06
P72,30.00,135.00,60.00,0.00,2.4656e-08,2.1217e-07,6.3571e-07,1.8038e-06,4.9182e-06,4.9081e-06,4.9361e-06,2.3500e-08,1.9569e-07,5.0396e-07,1.7829e-06,3.8076e-06,4.8148e-06,5.2379e-06
P72,0.00,0.00,30.00,0.00,3.5418e-08,2.2009e-07,6.4571e-07,1.8088e-06,4.9162e-06,4.9061e-06,5.0002e-06,3.3636e-08,2.0342e-07,5.1465e-07,1.7873e-06,3.8049e-06,4.8122e-06,5.2769e-06
P72,60.00,180.00,0.00,0.00,4.9247e-08,1.8111e-07,5.8864e-07,1.7626e-06,4.9003e-06,4.8903e-06,4.6535e-06,4.6783e-08,1.6562e-07,4.5637e-07,1.7438e-06,3.7956e-06,4.8004e-06,5.0467e-06
P72,30.00,90.00,60.00,0.00,2.9750e-08,2.1219e-07,6.3585e-07,1.8041e-06,4.9183e-06,4.9082e-06,4.9362e-06,2.8353e-08,1.9570e-07,5.0405e-07,1.7832e-06,3.8077e-06,4.8149e-06,5.2379e-06
P72,0.00,45.00,60.00,0.00,2.6026e-08,2.2005e-07,6.4557e-07,1.8087e-06,4.9162e-06,4.9061e-06,5.0002e-06,2.4826e-08,2.0339e-07,5.1453e-07,1.7872e-06,3.8049e-06,4.8122e-06,5.2769e-06
P72,0.00,90.00,0.00,0.00,3.7357e-08,2.2011e-07,6.4579e-07,1.8088e-06,4.9162e-06,4.9061e-06,5.0002e-06,3.5467e-08,2.0343e-07,5.1470e-07,1.7873e-06,3.8048e-06,4.8122e-06,5.2769e-06
P72,0.00,135.00,60.00,0.00,2.6026e-08,2.2005e-07,6.4557e-07,1.8087e-06,4.9162e-06,4.9061e-06,5.0002e-06,2.4826e-08,2.0339e-07,5.1453e-07,1.7872e-06,3.8049e-06,4.8122e-06,5.2769e-06
P72,60.00,90.00,60.00,0.00,4.2290e-08,1.8107e-07,5.8847e-07,1.7626e-06,4.9003e-06,4.8903e-06,4.6535e-06,4.0249e-08,1.6559e-07,4.5624e-07,1.7438e-06,3.7956e-06,4.8004e-06,5.0467e-06
P72,60.00,0.00,60.00,0.00,1.1030e-07,1.8139e-07,5.9067e-07,1.7676e-06,4.9009e-06,4.8908e-06,4.6537e-06,1.0538e-07,1.6574e-07,4.5744e-07,1.7492e-06,3.7966e-06,4.8010e-06,5.0471e-06
P72,60.00,0.00,0.00,0.00,4.9247e-08,1.8111e-07,5.8864e-07,1.7626e-06,4.9003e-06,4.8903e-06,4.6535e-06,4.6783e-08,1.6562e-07,4.5637e-07,1.7438e-06,3.7956e-06,4.8004e-06,5.0467e-06
P72,60.00,180.00,30.00,0.00,3.7889e-08,1.8105e-07,5.8832e-07,1.7620e-06,4.9003e-06,4.8902e-06,4.6535e-06,3.5978e-08,1.6559e-07,4.5618e-07,1.7432e-06,3.7955e-06,4.8004e-06,5.0467e-06
P72,30.00,0.00,0.00,0.00,4.0476e-08,2.1225e-07,6.3603e-07,1.8041e-06,4.9183e-06,4.9081e-06,4.9362e-06,3.8408e-08,1.9573e-07,5.0419e-07,1.7833e-06,3.8077e-06,4.8148e-06,5.2379e-06
P72,60.00,90.00,0.00,0.00,4.9247e-08,1.8111e-07,5.8864e-07,1.7626e-06,4.9003e-06,4.8903e-06,4.6535e-06,4.6783e-08,1.6562e-07,4.5637e-07,1.7438e-06,3.7956e-06,4.8004e-06,5.0467e-06
P72,0.00,180.00,60.00,0.00,2.6026e-08,2.2005e-07,6.4557e-07,1.8087e-06,4.9162e-06,4.9061e-06,5.0002e-06,2.4826e-08,2.0339e-07,5.1453e-07,1.7872e-06,3.8049e-06,4.8122e-06,5.2769e-06
P72,0.00,0.00,60.00,0.00,2.6026e-08,2.2005e-07,6.4557e-07,1.8087e-06,4.9162e-06,4.9061e-06,5.0002e-06,2.4826e-08,2.0339e-07,5.1453e-07,1.7872e-06,3.8049e-06,4.8122e-06,5.2769e-06
P72,30.00,135.00,30.00,0.00,3.5819e-08,2.1222e-07,6.3591e-07,1.8040e-06,4.9182e-06,4.9081e-06,4.9362e-06,3.4007e-08,1.9572e-07,5.0411e-07,1.7831e-06,3.8076e-06,4.8148e-06,5.2379e-06
P72,30.00,90.00,0.00,0.00,4.0476e-08,2.1225e-07,6.3603e-07,1.8041e-06,4.9183e-06,4.9081e-06,4.9362e-06,3.8408e-08,1.9573e-07,5.0419e-07,1.7833e-06,3.8077e-06,4.8148e-06,5.2379e-06
P72,60.00,0.00,30.00,0.00,7.1305e-08,1.8122e-07,5.8930e-07,1.7639e-06,4.9005e-06,4.8904e-06,4.6535e-06,6.7859e-08,1.6567e-07,4.5676e-07,1.7452e-06,3.7958e-06,4.8006e-06,5.0468e-06
P72,60.00,45.00,0.00,0.00,4.9247e-08,1.8111e-07,5.8864e-07,1.7626e-06,4.9003e-06,4.8903e-06,4.6535e-06,4.6783e-08,1.6562e-07,4.5637e-07,1.7438e-06,3.7956e-06,4.8004e-06,5.0467e-06
P72,60.00,180.00,60.00,0.00,2.5535e-08,1.8099e-07,5.8801e-07,1.7614e-06,4.9002e-06,4.8901e-06,4.6535e-06,2.4288e-08,1.6556e-07,4.5599e-07,1.7426e-06,3.7954e-06,4.8003e-06,5.0467e-06
P72,0.00,45.00,30.00,0.00,3.5418e-08,2.2009e-07,6.4571e-07,1.8088e-06,4.9162e-06,4.9061e-06,5.0002e-06,3.3636e-08,2.0342e-07,5.1465e-07,1.7873e-06,3.8049e-06,4.8122e-06,5.2769e-06
P72,60.00,135.00,0.00,0.00,4.9247e-08,1.8111e-07,5.8864e-07,1.7626e-06,4.9003e-06,4.8903e-06,4.6535e-06,4.6783e-08,1.6562e-07,4.5637e-07,1.7438e-06,3.7956e-06,4.8004e-06,5.0467e-06
P72,30.00,0.00,60.00,0.00,4.2386e-08,2.1226e-07,6.3626e-07,1.8049e-06,4.9183e-06,4.9082e-06,4.9362e-06,4.0424e-08,1.9573e-07,5.0429e-07,1.7840e-06,3.8078e-06,4.8149e-06,5.2379e-06
P72,30.00,90.00,30.00,0.00,3.9335e-08,2.1224e-07,6.3603e-07,1.8042e-06,4.9183e-06,4.9082e-06,4.9362e-06,3.7357e-08,1.9573e-07,5.0418e-07,1.7833e-06,3.8077e-06,4.8149e-06,5.2379e-06
P72,0.00,135.00,0.00,0.00,3.7357e-08,2.2011e-07,6.4579e-07,1.8088e-06,4.9162e-06,4.9061e-06,5.0002e-06,3.5467e-08,2.0343e-07,5.1470e-07,1.7873e-06,3.8048e-06,4.8122e-06,5.2769e-06
P72,0.00,180.00,30.00,0.00,3.5418e-08,2.2009e-07,6.4571e-07,1.8088e-06,4.9162e-06,4.9061e-06,5.0002e-06,3.3636e-08,2.0342e-07,5.1465e-07,1.7873e-06,3.8049e-06,4.8122e-06,5.2769e-06
P73,0.00,135.00,30.00,0.00,3.9583e-08,2.6003e-07,8.4724e-07,2.8000e-06,6.7791e-06,6.7674e-06,6.1206e-06,3.7941e-08,2.3744e-07,6.3293e-07,2.8077e-06,5.4898e-06,6.6661e-06,6.7029e-06
P73,30.00,0.00,0.00,0.00,4.4321e-08,2.4977e-07,8.2088e-07,2.7696e-06,6.7519e-06,6.7402e-06,5.9866e-06,4.2407e-08,2.2786e-07,6.1090e-07,2.7802e-06,5.4658e-06,6.6403e-06,6.6034e-06
P73,0.00,135.00,0.00,0.00,4.1516e-08,2.6003e-07,8.4726e-07,2.8001e-06,6.7791e-06,6.7673e-06,6.1206e-06,3.9768e-08,2.3744e-07,6.3293e-07,2.8077e-06,5.4897e-06,6.6661e-06,6.7029e-06
P73,0.00,0.00,0.00,0.00,4.1516e-08,2.6003e-07,8.4726e-07,2.8001e-06,6.7791e-06,6.7673e-06,6.1206e-06,3.9768e-08,2.3744e-07,6.3293e-07,2.8077e-06,5.4897e-06,6.6661e-06,6.7029e-06
P73,60.00,90.00,30.00,0.00,5.1989e-08,2.1370e-07,7.1847e-07,2.6261e-06,6.6292e-06,6.6176e-06,5.4302e-06,4.9732e-08,1.9452e-07,5.2896e-07,2.6485e-06,5.3564e-06,6.5245e-06,6.1734e-06
P73,60.00,135.00,0.00,0.00,5.1846e-08,2.1370e-07,7.1848e-07,2.6261e-06,6.6292e-06,6.6176e-06,5.4302e-06,4.9585e-08,1.9452e-07,5.2897e-07,2.6485e-06,5.3564e-06,6.5245e-06,6.1734e-06
P73,60.00,180.00,60.00,0.00,2.8675e-08,2.1368e-07,7.1842e-07,2.6250e-06,6.6291e-06,6.6175e-06,5.4302e-06,2.7571e-08,1.9451e-07,5.2895e-07,2.6474e-06,5.3561e-06,6.5244e-06,6.1733e-06
P73,30.00,180.00,30.00,0.00,3.8465e-08,2.4976e-07,8.2085e-07,2.7692e-06,6.7519e-06,6.7402e-06,5.9866e-06,3.6851e-08,2.2786e-07,6.1090e-07,2.7798e-06,5.4657e-06,6.6403e-06,6.6034e-06
P73,0.00,0.00,30.00,0.00,3.9583e-08,2.6003e-07,8.4724e-07,2.8000e-06,6.7791e-06,6.7674e-06,6.1206e-06,3.7941e-08,2.3744e-07,6.3293e-07,2.8077e-06,5.4898e-06,6.6661e-06,6.7029e-06
P73,60.00,180.00,0.00,0.00,5.1846e-08,2.1370e-07,7.1848e-07,2.6261e-06,6.6292e-06,6.6176e-06,5.4302e-06,4.9585e-08,1.9452e-07,5.2897e-07,2.6485e-06,5.3564e-06,6.5245e-06,6.1734e-06
P73,0.00,45.00,60.00,0.00,3.0275e-08,2.6002e-07,8.4720e-07,2.8000e-06,6.7791e-06,6.7674e-06,6.1206e-06,2.9204e-08,2.3743e-07,6.3292e-07,2.8076e-06,5.4898e-06,6.6661e-06,6.7029e-06
P73,30.00,90.00,0.00,0.00,4.4321e-08,2.4977e-07,8.2088e-07,2.7696e-06,6.7519e-06,6.7402e-06,5.9866e-06,4.2407e-08,2.2786e-07,6.1090e-07,2.7802e-06,5.4658e-06,6.6403e-06,6.6034e-06
P73,30.00,0.00,30.00,0.00,4.9352e-08,2.4977e-07,8.2090e-07,2.7700e-06,6.7520e-06,6.7403e-06,5.9866e-06,4.7250e-08,2.2786e-07,6.1091e-07,2.7807e-06,5.4659e-06,6.6404e-06,6.6034e-06
P73,60.00,0.00,30.00,0.00,7.3123e-08,2.1372e-07,7.1853e-07,2.6273e-06,6.6293e-06,6.6177e-06,5.4303e-06,6.9957e-08,1.9452e-07,5.2897e-07,2.6498e-06,5.3566e-06,6.5246e-06,6.1734e-06
P73,0.00,180.00,0.00,0.00,4.1516e-08,2.6003e-07,8.4726e-07,2.8001e-06,6.7791e-06,6.7673e-06,6.1206e-06,3.9768e-08,2.3744e-07,6.3293e-07,2.8077e-06,5.4897e-06,6.6661e-06,6.7029e-06
P73,30.00,180.00,60.00,0.00,2.7178e-08,2.4975e-07,8.2082e-07,2.7692e-06,6.7519e-06,6.7402e-06,5.9866e-06,2.6223e-08,2.2786e-07,6.1089e-07,2.7798e-06,5.4658e-06,6.6403e-06,6.6034e-06
P73,30.00,135.00,30.00,0.00,3.9738e-08,2.4976e-07,8.2086e-07,2.7694e-06,6.7519e-06,6.7402e-06,5.9866e-06,3.8072e-08,2.2786e-07,6.1090e-07,2.7801e-06,5.4658e-06,6.6403e-06,6.6034e-06
P73,0.00,0.00,60.00,0.00,3.0275e-08,2.6002e-07,8.4720e-07,2.8000e-06,6.7791e-06,6.7674e-06,6.1206e-06,2.9204e-08,2.3743e-07,6.3292e-07,2.8076e-06,5.4898e-06,6.6661e-06,6.7029e-06
P73,30.00,90.00,60.00,0.00,3.3658e-08,2.4976e-07,8.2083e-07,2.7695e-06,6.7519e-06,6.7402e-06,5.9866e-06,3.2404e-08,2.2786e-07,6.1089e-07,2.7802e-06,5.4658e-06,6.6403e-06,6.6034e-06
P73,60.00,0.00,60.00,0.00,1.0990e-07,2.1374e-07,7.1857e-07,2.6306e-06,6.6297e-06,6.6181e-06,5.4303e-06,1.0545e-07,1.9452e-07,5.2898e-07,2.6534e-06,5.3574e-06,6.5250e-06,6.1736e-06
P73,60.00,90.00,60.00,0.00,4.4735e-08,2.1369e-07,7.1844e-07,2.6261e-06,6.6292e-06,6.6176e-06,5.4302e-06,4.2904e-08,1.9452e-07,5.2896e-07,2.6485e-06,5.3564e-06,6.5245e-06,6.1733e-06
P73,30.00,90.00,30.00,0.00,4.3164e-08,2.4977e-07,8.2088e-07,2.7696e-06,6.7519e-06,6.7402e-06,5.9866e-06,4.1341e-08,2.2786e-07,6.1090e-07,2.7803e-06,5.4658e-06,6.6403e-06,6.6034e-06
P73,30.00,45.00,30.00,0.00,4.7302e-08,2.4977e-07,8.2089e-07,2.7699e-06,6.7520e-06,6.7403e-06,5.9866e-06,4.5290e-08,2.2786e-07,6.1091e-07,2.7805e-06,5.4659e-06,6.6404e-06,6.6034e-06
P73,60.00,135.00,60.00,0.00,3.2019e-08,2.1368e-07,7.1842e-07,2.6254e-06,6.6291e-06,6.6175e-06,5.4302e-06,3.0769e-08,1.9451e-07,5.2895e-07,2.6478e-06,5.3563e-06,6.5244e-06,6.1733e-06
P73,0.00,90.00,30.00,0.00,3.9583e-08,2.6003e-07,8.4724e-07,2.8000e-06,6.7791e-06,6.7674e-06,6.1206e-06,3.7941e-08,2.3744e-07,6.3293e-07,2.8077e-06,5.4898e-06,6.6661e-06,6.7029e-06
P73,60.00,45.00,60.00,0.00,7.6766e-08,2.1372e-07,7.1850e-07,2.6280e-06,6.6294e-06,6.6178e-06,5.4303e-06,7.3583e-08,1.9452e-07,5.2897e-07,2.6506e-06,5.3568e-06,6.5247e-06,6.1735e-06
P73,0.00,180.00,30.00,0.00,3.9583e-08,2.6003e-07,8.4724e-07,2.8000e-06,6.7791e-06,6.7674e-06,6.1206e-06,3.7941e-08,2.3744e-07,6.3293e-07,2.8077e-06,5.4898e-06,6.6661e-06,6.7029e-06
P73,60.00,45.00,0.00,0.00,5.1846e-08,2.1370e-07,7.1848e-07,2.6261e-06,6.6292e-06,6.6176e-06,5.4302e-06,4.9585e-08,1.9452e-07,5.2897e-07,2.6485e-06,5.3564e-06,6.5245e-06,6.1734e-06
P73,0.00,90.00,60.00,0.00,3.0275e-08,2.6002e-07,8.4720e-07,2.8000e-06,6.7791e-06,6.7674e-06,6.1206e-06,2.9204e-08,2.3743e-07,6.3292e-07,2.8076e-06,5.4898e-06,6.6661e-06,6.7029e-06
P73,60.00,135.00,30.00,0.00,4.3471e-08,2.1369e-07,7.1845e-07,2.6257e-06,6.6291e-06,6.6175e-06,5.4302e-06,4.1603e-08,1.9452e-07,5.2896e-07,2.6481e-06,5.3563e-06,6.5244e-06,6.1733e-06
P73,60.00,0.00,0.00,0.00,5.1846e-08,2.1370e-07,7.1848e-07,2.6261e-06,6.6292e-06,6.6176e-06,5.4302e-06,4.9585e-08,1.9452e-07,5.2897e-07,2.6485e-06,5.3564e-06,6.5245e-06,6.1734e-06
P73,30.00,180.00,0.00,0.00,4.4321e-08,2.4977e-07,8.2088e-07,2.7696e-06,6.7519e-06,6.7402e-06,5.9866e-06,4.2407e-08,2.2786e-07,6.1090e-07,2.7802e-06,5.4658e-06,6.6403e-06,6.6034e-06
P73,30.00,45.00,60.00,0.00,4.1335e-08,2.4976e-07,8.2086e-07,2.7700e-06,6.7520e-06,6.7403e-06,5.9866e-06,3.9748e-08,2.2786e-07,6.1089e-07,2.7807e-06,5.4659e-06,6.6404e-06,6.6034e-06
P73,0.00,90.00,0.00,0.00,4.1516e-08,2.6003e-07,8.4726e-07,2.8001e-06,6.7791e-06,6.7673e-06,6.1206e-06,3.9768e-08,2.3744e-07,6.3293e-07,2.8077e-06,5.4897e-06,6.6661e-06,6.7029e-06
P73,30.00,135.00,0.00,0.00,4.4321e-08,2.4977e-07,8.2088e-07,2.7696e-06,6.7519e-06,6.7402e-06,5.9866e-06,4.2407e-08,2.2786e-07,6.1090e-07,2.7802e-06,5.4658e-06,6.6403e-06,6.6034e-06
P73,0.00,180.00,60.00,0.00,3.0275e-08,2.6002e-07,8.4720e-07,2.8000e-06,6.7791e-06,6.7674e-06,6.1206e-06,2.9204e-08,2.3743e-07,6.3292e-07,2.8076e-06,5.4898e-06,6.6661e-06,6.7029e-06
P73,60.00,180.00,30.00,0.00,4.0795e-08,2.1369e-07,7.1845e-07,2.6256e-06,6.6291e-06,6.6175e-06,5.4302e-06,3.9055e-08,1.9452e-07,5.2896e-07,2.6480e-06,5.3563e-06,6.5244e-06,6.1733e-06
P73,0.00,45.00,0.00,0.00,4.1516e-08,2.6003e-07,8.4726e-07,2.8001e-06,6.7791e-06,6.7673e-06,6.1206e-06,3.9768e-08,2.3744e-07,6.3293e-07,2.8077e-06,5.4897e-06,6.6661e-06,6.7029e-06
P73,60.00,90.00,0.00,0.00,5.1846e-08,2.1370e-07,7.1848e-07,2.6261e-06,6.6292e-06,6.6176e-06,5.4302e-06,4.9585e-08,1.9452e-07,5.2897e-07,2.6485e-06,5.3564e-06,6.5245e-06,6.1734e-06
P73,30.00,135.00,60.00,0.00,2.8727e-08,2.4975e-07,8.2083e-07,2.7693e-06,6.7519e-06,6.7402e-06,5.9866e-06,2.7698e-08,2.2786e-07,6.1089e-07,2.7799e-06,5.4658e-06,6.6403e-06,6.6034e-06
P73,0.00,135.00,60.00,0.00,3.0275e-08,2.6002e-07,8.4720e-07,2.8000e-06,6.7791e-06,6.7674e-06,6.1206e-06,2.9204e-08,2.3743e-07,6.3292e-07,2.8076e-06,5.4898e-06,6.6661e-06,6.7029e-06
P73,30.00,45.00,0.00,0.00,4.4321e-08,2.4977e-07,8.2088e-07,2.7696e-06,6.7519e-06,6.7402e-06,5.9866e-06,4.2407e-08,2.2786e-07,6.1090e-07,2.7802e-06,5.4658e-06,6.6403e-06,6.6034e-06
P73,0.00,45.00,30.00,0.00,3.9583e-08,2.6003e-07,8.4724e-07,2.8000e-06,6.7791e-06,6.7674e-06,6.1206e-06,3.7941e-08,2.3744e-07,6.3293e-07,2.8077e-06,5.4898e-06,6.6661e-06,6.7029e-06
P73,60.00,45.00,30.00,0.00,6.5252e-08,2.1371e-07,7.1851e-07,2.6269e-06,6.6293e-06,6.6177e-06,5.4303e-06,6.2421e-08,1.9452e-07,5.2897e-07,2.6494e-06,5.3566e-06,6.5246e-06,6.1734e-06
P73,30.00,0.00,60.00,0.00,4.5891e-08,2.4977e-07,8.2087e-07,2.7702e-06,6.7520e-06,6.7403e-06,5.9866e-06,4.4110e-08,2.2786e-07,6.1090e-07,2.7809e-06,5.4659e-06,6.6404e-06,6.6035e-06
P74,60.00,45.00,0.00,0.00,6.2439e-08,2.5591e-07,9.3512e-07,4.2955e-06,9.4147e-06,9.4014e-06,7.1778e-06,6.0599e-08,2.2995e-07,6.4849e-07,4.3383e-06,7.9616e-06,9.3140e-06,8.2537e-06
P74,30.00,90.00,60.00,0.00,4.7341e-08,3.0886e-07,1.1237e-06,4.5156e-06,9.5925e-06,9.5790e-06,7.9257e-06,4.6388e-08,2.7753e-07,7.9097e-07,4.5413e-06,8.1173e-06,9.4795e-06,8.8593e-06
P74,0.00,90.00,60.00,0.00,4.4674e-08,3.2515e-07,1.1738e-06,4.5636e-06,9.6328e-06,9.6193e-06,8.1110e-06,4.3880e-08,2.9242e-07,8.3099e-07,4.5849e-06,8.1523e-06,9.5172e-06,9.0034e-06
P74,0.00,0.00,30.00,0.00,5.3645e-08,3.2515e-07,1.1738e-06,4.5637e-06,9.6328e-06,9.6193e-06,8.1110e-06,5.2322e-08,2.9242e-07,8.3099e-07,4.5850e-06,8.1523e-06,9.5172e-06,9.0035e-06
P74,60.00,180.00,30.00,0.00,5.2016e-08,2.5590e-07,9.3512e-07,4.2950e-06,9.4147e-06,9.4014e-06,7.1778e-06,5.0638e-08,2.2995e-07,6.4849e-07,4.3378e-06,7.9615e-06,9.3140e-06,8.2537e-06
P74,30.00,180.00,60.00,0.00,4.1222e-08,3.0886e-07,1.1237e-06,4.5154e-06,9.5925e-06,9.5790e-06,7.9257e-06,4.0536e-08,2.7753e-07,7.9097e-07,4.5410e-06,8.1172e-06,9.4794e-06,8.8593e-06
P74,60.00,45.00,30.00,0.00,7.4958e-08,2.5591e-07,9.3513e-07,4.2962e-06,9.4148e-06,9.4015e-06,7.1778e-06,7.2622e-08,2.2995e-07,6.4849e-07,4.3390e-06,7.9618e-06,9.3141e-06,8.2537e-06
P74,60.00,135.00,30.00,0.00,5.4525e-08,2.5590e-07,9.3512e-07,4.2951e-06,9.4147e-06,9.4014e-06,7.1778e-06,5.3034e-08,2.2995e-07,6.4849e-07,4.3379e-06,7.9615e-06,9.3140e-06,8.2537e-06
P74,60.00,0.00,0.00,0.00,6.2439e-08,2.5591e-07,9.3512e-07,4.2955e-06,9.4147e-06,9.4014e-06,7.1778e-06,6.0599e-08,2.2995e-07,6.4849e-07,4.3383e-06,7.9616e-06,9.3140e-06,8.2537e-06
P74,30.00,135.00,30.00,0.00,5.3242e-08,3.0886e-07,1.1237e-06,4.5155e-06,9.5925e-06,9.5790e-06,7.9257e-06,5.1904e-08,2.7753e-07,7.9097e-07,4.5412e-06,8.1172e-06,9.4794e-06,8.8593e-06
P74,0.00,135.00,60.00,0.00,4.4674e-08,3.2515e-07,1.1738e-06,4.5636e-06,9.6328e-06,9.6193e-06,8.1110e-06,4.3880e-08,2.9242e-07,8.3099e-07,4.5849e-06,8.1523e-06,9.5172e-06,9.0034e-06
P74,30.00,45.00,60.00,0.00,5.4597e-08,3.0886e-07,1.1237e-06,4.5160e-06,9.5926e-06,9.5791e-06,7.9257e-06,5.3346e-08,2.7753e-07,7.9097e-07,4.5417e-06,8.1174e-06,9.4795e-06,8.8594e-06
P74,0.00,180.00,0.00,0.00,5.5528e-08,3.2515e-07,1.1738e-06,4.5637e-06,9.6328e-06,9.6193e-06,8.1110e-06,5.4105e-08,2.9243e-07,8.3099e-07,4.5851e-06,8.1522e-06,9.5171e-06,9.0035e-06
P74,30.00,180.00,0.00,0.00,5.7638e-08,3.0886e-07,1.1237e-06,4.5157e-06,9.5925e-06,9.5790e-06,7.9257e-06,5.6073e-08,2.7753e-07,7.9097e-07,4.5414e-06,8.1173e-06,9.4795e-06,8.8593e-06
P74,0.00,45.00,30.00,0.00,5.3645e-08,3.2515e-07,1.1738e-06,4.5637e-06,9.6328e-06,9.6193e-06,8.1110e-06,5.2322e-08,2.9242e-07,8.3099e-07,4.5850e-06,8.1523e-06,9.5172e-06,9.0035e-06
P74,0.00,90.00,0.00,0.00,5.5528e-08,3.2515e-07,1.1738e-06,4.5637e-06,9.6328e-06,9.6193e-06,8.1110e-06,5.4105e-08,2.9243e-07,8.3099e-07,4.5851e-06,8.1522e-06,9.5171e-06,9.0035e-06
P74,30.00,45.00,30.00,0.00,6.0433e-08,3.0887e-07,1.1237e-06,4.5159e-06,9.5926e-06,9.5791e-06,7.9257e-06,5.8783e-08,2.7753e-07,7.9097e-07,4.5416e-06,8.1173e-06,9.4795e-06,8.8594e-06
P74,60.00,90.00,30.00,0.00,6.2513e-08,2.5590e-07,9.3512e-07,4.2955e-06,9.4147e-06,9.4014e-06,7.1778e-06,6.0681e-08,2.2995e-07,6.4849e-07,4.3383e-06,7.9616e-06,9.3140e-06,8.2537e-06
P74,30.00,90.00,0.00,0.00,5.7638e-08,3.0886e-07,1.1237e-06,4.5157e-06,9.5925e-06,9.5790e-06,7.9257e-06,5.6073e-08,2.7753e-07,7.9097e-07,4.5414e-06,8.1173e-06,9.4795e-06,8.8593e-06
P74,30.00,180.00,30.00,0.00,5.2032e-08,3.0886e-07,1.1237e-06,4.5154e-06,9.5925e-06,9.5790e-06,7.9257e-06,5.0742e-08,2.7753e-07,7.9097e-07,4.5410e-06,8.1172e-06,9.4794e-06,8.8593e-06
P74,0.00,45.00,0.00,0.00,5.5528e-08,3.2515e-07,1.1738e-06,4.5637e-06,9.6328e-06,9.6193e-06,8.1110e-06,5.4105e-08,2.9243e-07,8.3099e-07,4.5851e-06,8.1522e-06,9.5171e-06,9.0035e-06
P74,30.00,135.00,60.00,0.00,4.2685e-08,3.0886e-07,1.1237e-06,4.5154e-06,9.5925e-06,9.5790e-06,7.9257e-06,4.1932e-08,2.7753e-07,7.9097e-07,4.5411e-06,8.1172e-06,9.4794e-06,8.8593e-06
P74,30.00,45.00,0.00,0.00,5.7638e-08,3.0886e-07,1.1237e-06,4.5157e-06,9.5925e-06,9.5790e-06,7.9257e-06,5.6073e-08,2.7753e-07,7.9097e-07,4.5414e-06,8.1173e-06,9.4795e-06,8.8593e-06
P74,60.00,135.00,60.00,0.00,4.3654e-08,2.5590e-07,9.3512e-07,4.2949e-06,9.4147e-06,9.4013e-06,7.1777e-06,4.2718e-08,2.2995e-07,6.4849e-07,4.3376e-06,7.9615e-06,9.3140e-06,8.2536e-06
P74,60.00,45.00,60.00,0.00,8.5333e-08,2.5591e-07,9.3513e-07,4.2971e-06,9.4149e-06,9.4016e-06,7.1778e-06,8.2718e-08,2.2995e-07,6.4849e-07,4.3400e-06,7.9619e-06,9.3142e-06,8.2537e-06
P74,0.00,180.00,60.00,0.00,4.4674e-08,3.2515e-07,1.1738e-06,4.5636e-06,9.6328e-06,9.6193e-06,8.1110e-06,4.3880e-08,2.9242e-07,8.3099e-07,4.5849e-06,8.1523e-06,9.5172e-06,9.0034e-06
P74,30.00,0.00,0.00,0.00,5.7638e-08,3.0886e-07,1.1237e-06,4.5157e-06,9.5925e-06,9.5790e-06,7.9257e-06,5.6073e-08,2.7753e-07,7.9097e-07,4.5414e-06,8.1173e-06,9.4795e-06,8.8593e-06
P74,60.00,0.00,60.00,0.00,1.1623e-07,2.5593e-07,9.3513e-07,4.2992e-06,9.4151e-06,9.4018e-06,7.1778e-06,1.1252e-07,2.2995e-07,6.4849e-07,4.3424e-06,7.9624e-06,9.3144e-06,8.2538e-06
P74,60.00,135.00,0.00,0.00,6.2439e-08,2.5591e-07,9.3512e-07,4.2955e-06,9.4147e-06,9.4014e-06,7.1778e-06,6.0599e-08,2.2995e-07,6.4849e-07,4.3383e-06,7.9616e-06,9.3140e-06,8.2537e-06
P74,0.00,180.00,30.00,0.00,5.3645e-08,3.2515e-07,1.1738e-06,4.5637e-06,9.6328e-06,9.6193e-06,8.1110e-06,5.2322e-08,2.9242e-07,8.3099e-07,4.5850e-06,8.1523e-06,9.5172e-06,9.0035e-06
P74,60.00,180.00,60.00,0.00,4.0545e-08,2.5590e-07,9.3512e-07,4.2946e-06,9.4146e-06,9.4013e-06,7.1777e-06,3.9734e-08,2.2995e-07,6.4849e-07,4.3373e-06,7.9614e-06,9.3139e-06,8.2536e-06
P74,0.00,45.00,60.00,0.00,4.4674e-08,3.2515e-07,1.1738e-06,4.5636e-06,9.6328e-06,9.6193e-06,8.1110e-06,4.3880e-08,2.9242e-07,8.3099e-07,4.5849e-06,8.1523e-06,9.5172e-06,9.0034e-06
P74,60.00,180.00,0.00,0.00,6.2439e-08,2.5591e-07,9.3512e-07,4.2955e-06,9.4147e-06,9.4014e-06,7.1778e-06,6.0599e-08,2.2995e-07,6.4849e-07,4.3383e-06,7.9616e-06,9.3140e-06,8.2537e-06
P74,30.00,90.00,30.00,0.00,5.6499e-08,3.0886e-07,1.1237e-06,4.5157e-06,9.5925e-06,9.5791e-06,7.9257e-06,5.5020e-08,2.7753e-07,7.9097e-07,4.5414e-06,8.1173e-06,9.4795e-06,8.8593e-06
P74,0.00,0.00,0.00,0.00,5.5528e-08,3.2515e-07,1.1738e-06,4.5637e-06,9.6328e-06,9.6193e-06,8.1110e-06,5.4105e-08,2.9243e-07,8.3099e-07,4.5851e-06,8.1522e-06,9.5171e-06,9.0035e-06
P74,60.00,90.00,60.00,0.00,5.5490e-08,2.5590e-07,9.3512e-07,4.2954e-06,9.4147e-06,9.4014e-06,7.1778e-06,5.4048e-08,2.2995e-07,6.4849e-07,4.3383e-06,7.9616e-06,9.3140e-06,8.2537e-06
P74,60.00,0.00,30.00,0.00,8.2347e-08,2.5591e-07,9.3513e-07,4.2965e-06,9.4148e-06,9.4015e-06,7.1778e-06,7.9718e-08,2.2995e-07,6.4849e-07,4.3394e-06,7.9618e-06,9.3141e-06,8.2537e-06
P74,30.00,0.00,30.00,0.00,6.2383e-08,3.0887e-07,1.1237e-06,4.5160e-06,9.5926e-06,9.5791e-06,7.9257e-06,6.0652e-08,2.7753e-07,7.9097e-07,4.5417e-06,8.1174e-06,9.4795e-06,8.8594e-06
P74,0.00,135.00,0.00,0.00,5.5528e-08,3.2515e-07,1.1738e-06,4.5637e-06,9.6328e-06,9.6193e-06,8.1110e-06,5.4105e-08,2.9243e-07,8.3099e-07,4.5851e-06,8.1522e-06,9.5171e-06,9.0035e-06
P74,0.00,135.00,30.00,0.00,5.3645e-08,3.2515e-07,1.1738e-06,4.5637e-06,9.6328e-06,9.6193e-06,8.1110e-06,5.2322e-08,2.9242e-07,8.3099e-07,4.5850e-06,8.1523e-06,9.5172e-06,9.0035e-06
P74,0.00,0.00,60.00,0.00,4.4674e-08,3.2515e-07,1.1738e-06,4.5636e-06,9.6328e-06,9.6193e-06,8.1110e-06,4.3880e-08,2.9242e-07,8.3099e-07,4.5849e-06,8.1523e-06,9.5172e-06,9.0034e-06
P74,30.00,0.00,60.00,0.00,5.8905e-08,3.0887e-07,1.1237e-06,4.5162e-06,9.5926e-06,9.5791e-06,7.9257e-06,5.7481e-08,2.7753e-07,7.9097e-07,4.5419e-06,8.1174e-06,9.4795e-06,8.8594e-06
P74,30.00,135.00,0.00,0.00,5.7638e-08,3.0886e-07,1.1237e-06,4.5157e-06,9.5925e-06,9.5790e-06,7.9257e-06,5.6073e-08,2.7753e-07,7.9097e-07,4.5414e-06,8.1173e-06,9.4795e-06,8.8593e-06
P74,0.00,90.00,30.00,0.00,5.3645e-08,3.2515e-07,1.1738e-06,4.5637e-06,9.6328e-06,9.6193e-06,8.1110e-06,5.2322e-08,2.9242e-07,8.3099e-07,4.5850e-06,8.1523e-06,9.5172e-06,9.0035e-06
P74,60.00,90.00,0.00,0.00,6.2439e-08,2.5591e-07,9.3512e-07,4.2955e-06,9.4147e-06,9.4014e-06,7.1778e-06,6.0599e-08,2.2995e-07,6.4849e-07,4.3383e-06,7.9616e-06,9.3140e-06,8.2537e-06
P75,30.00,135.00,0.00,0.00,4.1413e-08,2.2539e-07,6.9393e-07,2.0701e-06,5.3990e-06,5.3886e-06,5.4420e-06,3.9373e-08,2.0728e-07,5.3748e-07,2.0529e-06,4.2649e-06,5.2966e-06,5.6764e-06
P75,0.00,180.00,60.00,0.00,2.7128e-08,2.3351e-07,7.1127e-07,2.0941e-06,5.4285e-06,5.4182e-06,5.5100e-06,2.5952e-08,2.1498e-07,5.5318e-07,2.0764e-06,4.2917e-06,5.3252e-06,5.7355e-06
P75,0.00,135.00,0.00,0.00,3.8424e-08,2.3355e-07,7.1144e-07,2.0942e-06,5.4285e-06,5.4181e-06,5.5100e-06,3.6561e-08,2.1499e-07,5.5329e-07,2.0765e-06,4.2916e-06,5.3252e-06,5.7355e-06
P75,30.00,0.00,0.00,0.00,4.1413e-08,2.2539e-07,6.9393e-07,2.0701e-06,5.3990e-06,5.3886e-06,5.4420e-06,3.9373e-08,2.0728e-07,5.3748e-07,2.0529e-06,4.2649e-06,5.2966e-06,5.6764e-06
P75,30.00,90.00,60.00,0.00,3.0705e-08,2.2536e-07,6.9380e-07,2.0701e-06,5.3990e-06,5.3886e-06,5.4420e-06,2.9334e-08,2.0727e-07,5.3739e-07,2.0528e-06,4.2649e-06,5.2966e-06,5.6764e-06
P75,30.00,45.00,30.00,0.00,4.4482e-08,2.2540e-07,6.9402e-07,2.0704e-06,5.3990e-06,5.3887e-06,5.4420e-06,4.2335e-08,2.0729e-07,5.3752e-07,2.0532e-06,4.2650e-06,5.2966e-06,5.6764e-06
P75,0.00,180.00,30.00,0.00,3.6488e-08,2.3354e-07,7.1139e-07,2.0941e-06,5.4285e-06,5.4182e-06,5.5100e-06,3.4731e-08,2.1499e-07,5.5326e-07,2.0765e-06,4.2917e-06,5.3252e-06,5.7355e-06
P75,0.00,135.00,30.00,0.00,3.6488e-08,2.3354e-07,7.1139e-07,2.0941e-06,5.4285e-06,5.4182e-06,5.5100e-06,3.4731e-08,2.1499e-07,5.5326e-07,2.0765e-06,4.2917e-06,5.3252e-06,5.7355e-06
P75,30.00,90.00,30.00,0.00,4.0266e-08,2.2538e-07,6.9393e-07,2.0702e-06,5.3990e-06,5.3886e-06,5.4420e-06,3.8317e-08,2.0728e-07,5.3748e-07,2.0530e-06,4.2649e-06,5.2966e-06,5.6764e-06
P75,60.00,90.00,30.00,0.00,4.9966e-08,1.9701e-07,6.2547e-07,1.9685e-06,5.2816e-06,5.2713e-06,5.2004e-06,4.7535e-08,1.8081e-07,4.7695e-07,1.9518e-06,4.1568e-06,5.1836e-06,5.4510e-06
P75,0.00,90.00,30.00,0.00,3.6488e-08,2.3354e-07,7.1139e-07,2.0941e-06,5.4285e-06,5.4182e-06,5.5100e-06,3.4731e-08,2.1499e-07,5.5326e-07,2.0765e-06,4.2917e-06,5.3252e-06,5.7355e-06
P75,60.00,45.00,60.00,0.00,7.5616e-08,1.9707e-07,6.2590e-07,1.9705e-06,5.2818e-06,5.2715e-06,5.2004e-06,7.2177e-08,1.8082e-07,4.7711e-07,1.9540e-06,4.1573e-06,5.1839e-06,5.4511e-06
P75,30.00,45.00,0.00,0.00,4.1413e-08,2.2539e-07,6.9393e-07,2.0701e-06,5.3990e-06,5.3886e-06,5.4420e-06,3.9373e-08,2.0728e-07,5.3748e-07,2.0529e-06,4.2649e-06,5.2966e-06,5.6764e-06
P75,60.00,0.00,60.00,0.00,1.0969e-07,1.9716e-07,6.2659e-07,1.9732e-06,5.2821e-06,5.2719e-06,5.2005e-06,1.0490e-07,1.8084e-07,4.7740e-07,1.9568e-06,4.1579e-06,5.1842e-06,5.4513e-06
P75,0.00,45.00,0.00,0.00,3.8424e-08,2.3355e-07,7.1144e-07,2.0942e-06,5.4285e-06,5.4181e-06,5.5100e-06,3.6561e-08,2.1499e-07,5.5329e-07,2.0765e-06,4.2916e-06,5.3252e-06,5.7355e-06
P75,0.00,0.00,30.00,0.00,3.6488e-08,2.3354e-07,7.1139e-07,2.0941e-06,5.4285e-06,5.4182e-06,5.5100e-06,3.4731e-08,2.1499e-07,5.5326e-07,2.0765e-06,4.2917e-06,5.3252e-06,5.7355e-06
P75,60.00,135.00,0.00,0.00,4.9793e-08,1.9702e-07,6.2548e-07,1.9685e-06,5.2816e-06,5.2713e-06,5.2004e-06,4.7361e-08,1.8081e-07,4.7696e-07,1.9518e-06,4.1569e-06,5.1836e-06,5.4510e-06
P75,0.00,0.00,0.00,0.00,3.8424e-08,2.3355e-07,7.1144e-07,2.0942e-06,5.4285e-06,5.4181e-06,5.5100e-06,3.6561e-08,2.1499e-07,5.5329e-07,2.0765e-06,4.2916e-06,5.3252e-06,5.7355e-06
P75,30.00,0.00,60.00,0.00,4.3227e-08,2.2539e-07,6.9405e-07,2.0708e-06,5.3990e-06,5.3887e-06,5.4420e-06,4.1302e-08,2.0728e-07,5.3751e-07,2.0536e-06,4.2650e-06,5.2966e-06,5.6765e-06
P75,30.00,180.00,60.00,0.00,2.4071e-08,2.2534e-07,6.9369e-07,2.0698e-06,5.3989e-06,5.3886e-06,5.4420e-06,2.3015e-08,2.0726e-07,5.3734e-07,2.0525e-06,4.2649e-06,5.2965e-06,5.6764e-06
P75,30.00,135.00,60.00,0.00,2.5657e-08,2.2534e-07,6.9371e-07,2.0698e-06,5.3989e-06,5.3886e-06,5.4420e-06,2.4523e-08,2.0726e-07,5.3735e-07,2.0526e-06,4.2649e-06,5.2965e-06,5.6764e-06
P75,60.00,90.00,0.00,0.00,4.9793e-08,1.9702e-07,6.2548e-07,1.9685e-06,5.2816e-06,5.2713e-06,5.2004e-06,4.7361e-08,1.8081e-07,4.7696e-07,1.9518e-06,4.1569e-06,5.1836e-06,5.4510e-06
P75,30.00,180.00,0.00,0.00,4.1413e-08,2.2539e-07,6.9393e-07,2.0701e-06,5.3990e-06,5.3886e-06,5.4420e-06,3.9373e-08,2.0728e-07,5.3748e-07,2.0529e-06,4.2649e-06,5.2966e-06,5.6764e-06
P75,60.00,180.00,0.00,0.00,4.9793e-08,1.9702e-07,6.2548e-07,1.9685e-06,5.2816e-06,5.2713e-06,5.2004e-06,4.7361e-08,1.8081e-07,4.7696e-07,1.9518e-06,4.1569e-06,5.1836e-06,5.4510e-06
P75,60.00,0.00,0.00,0.00,4.9793e-08,1.9702e-07,6.2548e-07,1.9685e-06,5.2816e-06,5.2713e-06,5.2004e-06,4.7361e-08,1.8081e-07,4.7696e-07,1.9518e-06,4.1569e-06,5.1836e-06,5.4510e-06
P75,0.00,90.00,0.00,0.00,3.8424e-08,2.3355e-07,7.1144e-07,2.0942e-06,5.4285e-06,5.4181e-06,5.5100e-06,3.6561e-08,2.1499e-07,5.5329e-07,2.0765e-06,4.2916e-06,5.3252e-06,5.7355e-06
P75,60.00,135.00,30.00,0.00,4.1232e-08,1.9699e-07,6.2532e-07,1.9680e-06,5.2815e-06,5.2712e-06,5.2003e-06,3.9212e-08,1.8080e-07,4.7688e-07,1.9513e-06,4.1568e-06,5.1836e-06,5.4510e-06
P75,0.00,180.00,0.00,0.00,3.8424e-08,2.3355e-07,7.1144e-07,2.0942e-06,5.4285e-06,5.4181e-06,5.5100e-06,3.6561e-08,2.1499e-07,5.5329e-07,2.0765e-06,4.2916e-06,5.3252e-06,5.7355e-06
P75,0.00,45.00,30.00,0.00,3.6488e-08,2.3354e-07,7.1139e-07,2.0941e-06,5.4285e-06,5.4182e-06,5.5100e-06,3.4731e-08,2.1499e-07,5.5326e-07,2.0765e-06,4.2917e-06,5.3252e-06,5.7355e-06
P75,30.00,45.00,60.00,0.00,3.8563e-08,2.2538e-07,6.9396e-07,2.0706e-06,5.3990e-06,5.3887e-06,5.4420e-06,3.6843e-08,2.0727e-07,5.3747e-07,2.0534e-06,4.2650e-06,5.2966e-06,5.6764e-06
P75,60.00,45.00,30.00,0.00,6.3562e-08,1.9705e-07,6.2572e-07,1.9693e-06,5.2817e-06,5.2714e-06,5.2004e-06,6.0523e-08,1.8082e-07,4.7707e-07,1.9527e-06,4.1570e-06,5.1837e-06,5.4511e-06
P75,60.00,135.00,60.00,0.00,2.9582e-08,1.9696e-07,6.2516e-07,1.9678e-06,5.2815e-06,5.2712e-06,5.2003e-06,2.8203e-08,1.8079e-07,4.7680e-07,1.9510e-06,4.1568e-06,5.1836e-06,5.4510e-06
P75,0.00,0.00,60.00,0.00,2.7128e-08,2.3351e-07,7.1127e-07,2.0941e-06,5.4285e-06,5.4182e-06,5.5100e-06,2.5952e-08,2.1498e-07,5.5318e-07,2.0764e-06,4.2917e-06,5.3252e-06,5.7355e-06
P75,0.00,135.00,60.00,0.00,2.7128e-08,2.3351e-07,7.1127e-07,2.0941e-06,5.4285e-06,5.4182e-06,5.5100e-06,2.5952e-08,2.1498e-07,5.5318e-07,2.0764e-06,4.2917e-06,5.3252e-06,5.7355e-06
P75,30.00,135.00,30.00,0.00,3.6776e-08,2.2537e-07,6.9386e-07,2.0700e-06,5.3989e-06,5.3886e-06,5.4420e-06,3.4989e-08,2.0727e-07,5.3744e-07,2.0527e-06,4.2649e-06,5.2965e-06,5.6764e-06
P75,60.00,180.00,60.00,0.00,2.6141e-08,1.9695e-07,6.2509e-07,1.9673e-06,5.2814e-06,5.2712e-06,5.2003e-06,2.4916e-08,1.8079e-07,4.7677e-07,1.9506e-06,4.1566e-06,5.1835e-06,5.4510e-06
P75,30.00,90.00,0.00,0.00,4.1413e-08,2.2539e-07,6.9393e-07,2.0701e-06,5.3990e-06,5.3886e-06,5.4420e-06,3.9373e-08,2.0728e-07,5.3748e-07,2.0529e-06,4.2649e-06,5.2966e-06,5.6764e-06
P75,60.00,180.00,30.00,0.00,3.8488e-08,1.9699e-07,6.2529e-07,1.9679e-06,5.2815e-06,5.2712e-06,5.2003e-06,3.6603e-08,1.8080e-07,4.7687e-07,1.9512e-06,4.1568e-06,5.1836e-06,5.4510e-06
P75,0.00,90.00,60.00,0.00,2.7128e-08,2.3351e-07,7.1127e-07,2.0941e-06,5.4285e-06,5.4182e-06,5.5100e-06,2.5952e-08,2.1498e-07,5.5318e-07,2.0764e-06,4.2917e-06,5.3252e-06,5.7355e-06
P75,30.00,180.00,30.00,0.00,3.5479e-08,2.2536e-07,6.9381e-07,2.0698e-06,5.3989e-06,5.3886e-06,5.4420e-06,3.3747e-08,2.0727e-07,5.3742e-07,2.0525e-06,4.2648e-06,5.2965e-06,5.6764e-06
P75,30.00,0.00,30.00,0.00,4.6570e-08,2.2541e-07,6.9407e-07,2.0706e-06,5.3990e-06,5.3887e-06,5.4420e-06,4.4330e-08,2.0729e-07,5.3755e-07,2.0534e-06,4.2650e-06,5.2966e-06,5.6764e-06
P75,60.00,0.00,30.00,0.00,7.1629e-08,1.9707e-07,6.2587e-07,1.9697e-06,5.2817e-06,5.2714e-06,5.2004e-06,6.8236e-08,1.8083e-07,4.7713e-07,1.9531e-06,4.1570e-06,5.1838e-06,5.4511e-06
P75,60.00,90.00,60.00,0.00,4.2668e-08,1.9699e-07,6.2535e-07,1.9684e-06,5.2816e-06,5.2713e-06,5.2003e-06,4.0669e-08,1.8080e-07,4.7688e-07,1.9518e-06,4.1569e-06,5.1836e-06,5.4510e-06
P75,60.00,45.00,0.00,0.00,4.9793e-08,1.9702e-07,6.2548e-07,1.9685e-06,5.2816e-06,5.2713e-06,5.2004e-06,4.7361e-08,1.8081e-07,4.7696e-07,1.9518e-06,4.1569e-06,5.1836e-06,5.4510e-06
P75,0.00,45.00,60.00,0.00,2.7128e-08,2.3351e-07,7.1127e-07,2.0941e-06,5.4285e-06,5.4182e-06,5.5100e-06,2.5952e-08,2.1498e-07,5.5318e-07,2.0764e-06,4.2917e-06,5.3252e-06,5.7355e-06
P76,30.00,90.00,30.00,0.00,4.2775e-08,2.5070e-07,8.0753e-07,2.7176e-06,6.6423e-06,6.6307e-06,6.1226e-06,4.0951e-08,2.2933e-07,6.0272e-07,2.7182e-06,5.3690e-06,6.5326e-06,6.6024e-06
P76,60.00,135.00,0.00,0.00,5.1504e-08,2.1857e-07,7.1063e-07,2.5841e-06,6.5232e-06,6.5117e-06,5.6873e-06,4.9243e-08,1.9986e-07,5.2551e-07,2.5922e-06,5.2631e-06,6.4206e-06,6.2427e-06
P76,0.00,180.00,0.00,0.00,4.1122e-08,2.6009e-07,8.3262e-07,2.7465e-06,6.6693e-06,6.6576e-06,6.2325e-06,3.9373e-08,2.3805e-07,6.2364e-07,2.7451e-06,5.3928e-06,6.5581e-06,6.6888e-06
P76,60.00,45.00,30.00,0.00,6.4887e-08,2.1858e-07,7.1065e-07,2.5849e-06,6.5233e-06,6.5117e-06,5.6873e-06,6.2061e-08,1.9987e-07,5.2551e-07,2.5931e-06,5.2632e-06,6.4207e-06,6.2427e-06
P76,0.00,45.00,0.00,0.00,4.1122e-08,2.6009e-07,8.3262e-07,2.7465e-06,6.6693e-06,6.6576e-06,6.2325e-06,3.9373e-08,2.3805e-07,6.2364e-07,2.7451e-06,5.3928e-06,6.5581e-06,6.6888e-06
P76,0.00,45.00,60.00,0.00,2.9881e-08,2.6008e-07,8.3257e-07,2.7464e-06,6.6693e-06,6.6577e-06,6.2325e-06,2.8808e-08,2.3805e-07,6.2362e-07,2.7449e-06,5.3928e-06,6.5581e-06,6.6888e-06
P76,0.00,0.00,0.00,0.00,4.1122e-08,2.6009e-07,8.3262e-07,2.7465e-06,6.6693e-06,6.6576e-06,6.2325e-06,3.9373e-08,2.3805e-07,6.2364e-07,2.7451e-06,5.3928e-06,6.5581e-06,6.6888e-06
P76,60.00,180.00,60.00,0.00,2.8312e-08,2.1855e-07,7.1056e-07,2.5830e-06,6.5230e-06,6.5115e-06,5.6873e-06,2.7206e-08,1.9986e-07,5.2550e-07,2.5911e-06,5.2628e-06,6.4205e-06,6.2426e-06
P76,0.00,180.00,60.00,0.00,2.9881e-08,2.6008e-07,8.3257e-07,2.7464e-06,6.6693e-06,6.6577e-06,6.2325e-06,2.8808e-08,2.3805e-07,6.2362e-07,2.7449e-06,5.3928e-06,6.5581e-06,6.6888e-06
P76,30.00,135.00,30.00,0.00,3.9351e-08,2.5070e-07,8.0751e-07,2.7174e-06,6.6423e-06,6.6306e-06,6.1225e-06,3.7683e-08,2.2933e-07,6.0272e-07,2.7180e-06,5.3690e-06,6.5325e-06,6.6024e-06
P76,60.00,180.00,30.00,0.00,4.0448e-08,2.1856e-07,7.1060e-07,2.5836e-06,6.5231e-06,6.5116e-06,5.6873e-06,3.8707e-08,1.9986e-07,5.2550e-07,2.5917e-06,5.2629e-06,6.4206e-06,6.2427e-06
P76,30.00,45.00,60.00,0.00,4.0933e-08,2.5070e-07,8.0751e-07,2.7179e-06,6.6423e-06,6.6307e-06,6.1226e-06,3.9349e-08,2.2933e-07,6.0271e-07,2.7186e-06,5.3692e-06,6.5326e-06,6.6024e-06
P76,30.00,0.00,0.00,0.00,4.3933e-08,2.5070e-07,8.0753e-07,2.7175e-06,6.6423e-06,6.6307e-06,6.1226e-06,4.2018e-08,2.2933e-07,6.0272e-07,2.7182e-06,5.3690e-06,6.5326e-06,6.6024e-06
P76,0.00,0.00,60.00,0.00,2.9881e-08,2.6008e-07,8.3257e-07,2.7464e-06,6.6693e-06,6.6577e-06,6.2325e-06,2.8808e-08,2.3805e-07,6.2362e-07,2.7449e-06,5.3928e-06,6.5581e-06,6.6888e-06
P76,30.00,135.00,60.00,0.00,2.8338e-08,2.5069e-07,8.0747e-07,2.7172e-06,6.6423e-06,6.6306e-06,6.1225e-06,2.7308e-08,2.2932e-07,6.0271e-07,2.7178e-06,5.3690e-06,6.5325e-06,6.6023e-06
P76,0.00,45.00,30.00,0.00,3.9188e-08,2.6009e-07,8.3261e-07,2.7464e-06,6.6693e-06,6.6577e-06,6.2325e-06,3.7545e-08,2.3805e-07,6.2363e-07,2.7450e-06,5.3928e-06,6.5581e-06,6.6888e-06
P76,0.00,180.00,30.00,0.00,3.9188e-08,2.6009e-07,8.3261e-07,2.7464e-06,6.6693e-06,6.6577e-06,6.2325e-06,3.7545e-08,2.3805e-07,6.2363e-07,2.7450e-06,5.3928e-06,6.5581e-06,6.6888e-06
P76,60.00,180.00,0.00,0.00,5.1504e-08,2.1857e-07,7.1063e-07,2.5841e-06,6.5232e-06,6.5117e-06,5.6873e-06,4.9243e-08,1.9986e-07,5.2551e-07,2.5922e-06,5.2631e-06,6.4206e-06,6.2427e-06
P76,60.00,45.00,60.00,0.00,7.6301e-08,2.1858e-07,7.1065e-07,2.5860e-06,6.5234e-06,6.5119e-06,5.6874e-06,7.3134e-08,1.9987e-07,5.2551e-07,2.5943e-06,5.2634e-06,6.4209e-06,6.2428e-06
P76,0.00,90.00,0.00,0.00,4.1122e-08,2.6009e-07,8.3262e-07,2.7465e-06,6.6693e-06,6.6576e-06,6.2325e-06,3.9373e-08,2.3805e-07,6.2364e-07,2.7451e-06,5.3928e-06,6.5581e-06,6.6888e-06
P76,60.00,135.00,60.00,0.00,3.1648e-08,2.1855e-07,7.1057e-07,2.5834e-06,6.5231e-06,6.5116e-06,5.6873e-06,3.0399e-08,1.9986e-07,5.2550e-07,2.5915e-06,5.2629e-06,6.4206e-06,6.2426e-06
P76,30.00,0.00,30.00,0.00,4.8959e-08,2.5071e-07,8.0755e-07,2.7179e-06,6.6423e-06,6.6307e-06,6.1226e-06,4.6858e-08,2.2933e-07,6.0273e-07,2.7186e-06,5.3692e-06,6.5326e-06,6.6024e-06
P76,30.00,0.00,60.00,0.00,4.5484e-08,2.5070e-07,8.0751e-07,2.7182e-06,6.6423e-06,6.6307e-06,6.1226e-06,4.3707e-08,2.2933e-07,6.0272e-07,2.7188e-06,5.3692e-06,6.5326e-06,6.6024e-06
P76,30.00,90.00,60.00,0.00,3.3264e-08,2.5069e-07,8.0748e-07,2.7175e-06,6.6423e-06,6.6307e-06,6.1225e-06,3.2010e-08,2.2932e-07,6.0271e-07,2.7181e-06,5.3690e-06,6.5326e-06,6.6024e-06
P76,30.00,180.00,60.00,0.00,2.6790e-08,2.5068e-07,8.0747e-07,2.7172e-06,6.6422e-06,6.6306e-06,6.1225e-06,2.5834e-08,2.2932e-07,6.0271e-07,2.7178e-06,5.3690e-06,6.5325e-06,6.6023e-06
P76,0.00,135.00,0.00,0.00,4.1122e-08,2.6009e-07,8.3262e-07,2.7465e-06,6.6693e-06,6.6576e-06,6.2325e-06,3.9373e-08,2.3805e-07,6.2364e-07,2.7451e-06,5.3928e-06,6.5581e-06,6.6888e-06
P76,60.00,0.00,30.00,0.00,7.2752e-08,2.1858e-07,7.1068e-07,2.5852e-06,6.5233e-06,6.5118e-06,5.6874e-06,6.9592e-08,1.9987e-07,5.2552e-07,2.5935e-06,5.2632e-06,6.4208e-06,6.2428e-06
P76,60.00,90.00,30.00,0.00,5.1635e-08,2.1857e-07,7.1062e-07,2.5841e-06,6.5232e-06,6.5117e-06,5.6873e-06,4.9379e-08,1.9986e-07,5.2551e-07,2.5922e-06,5.2630e-06,6.4206e-06,6.2427e-06
P76,0.00,135.00,30.00,0.00,3.9188e-08,2.6009e-07,8.3261e-07,2.7464e-06,6.6693e-06,6.6577e-06,6.2325e-06,3.7545e-08,2.3805e-07,6.2363e-07,2.7450e-06,5.3928e-06,6.5581e-06,6.6888e-06
P76,60.00,0.00,0.00,0.00,5.1504e-08,2.1857e-07,7.1063e-07,2.5841e-06,6.5232e-06,6.5117e-06,5.6873e-06,4.9243e-08,1.9986e-07,5.2551e-07,2.5922e-06,5.2631e-06,6.4206e-06,6.2427e-06
P76,30.00,45.00,0.00,0.00,4.3933e-08,2.5070e-07,8.0753e-07,2.7175e-06,6.6423e-06,6.6307e-06,6.1226e-06,4.2018e-08,2.2933e-07,6.0272e-07,2.7182e-06,5.3690e-06,6.5326e-06,6.6024e-06
P76,60.00,0.00,60.00,0.00,1.0936e-07,2.1861e-07,7.1072e-07,2.5885e-06,6.5237e-06,6.5122e-06,5.6874e-06,1.0494e-07,1.9987e-07,5.2552e-07,2.5970e-06,5.2640e-06,6.4212e-06,6.2430e-06
P76,30.00,180.00,0.00,0.00,4.3933e-08,2.5070e-07,8.0753e-07,2.7175e-06,6.6423e-06,6.6307e-06,6.1226e-06,4.2018e-08,2.2933e-07,6.0272e-07,2.7182e-06,5.3690e-06,6.5326e-06,6.6024e-06
P76,0.00,135.00,60.00,0.00,2.9881e-08,2.6008e-07,8.3257e-07,2.7464e-06,6.6693e-06,6.6577e-06,6.2325e-06,2.8808e-08,2.3805e-07,6.2362e-07,2.7449e-06,5.3928e-06,6.5581e-06,6.6888e-06
P76,0.00,90.00,30.00,0.00,3.9188e-08,2.6009e-07,8.3261e-07,2.7464e-06,6.6693e-06,6.6577e-06,6.2325e-06,3.7545e-08,2.3805e-07,6.2363e-07,2.7450e-06,5.3928e-06,6.5581e-06,6.6888e-06
P76,30.00,45.00,30.00,0.00,4.6911e-08,2.5070e-07,8.0754e-07,2.7178e-06,6.6423e-06,6.6307e-06,6.1226e-06,4.4898e-08,2.2933e-07,6.0272e-07,2.7184e-06,5.3691e-06,6.5326e-06,6.6024e-06
P76,60.00,45.00,0.00,0.00,5.1504e-08,2.1857e-07,7.1063e-07,2.5841e-06,6.5232e-06,6.5117e-06,5.6873e-06,4.9243e-08,1.9986e-07,5.2551e-07,2.5922e-06,5.2631e-06,6.4206e-06,6.2427e-06
P76,60.00,90.00,60.00,0.00,4.4339e-08,2.1856e-07,7.1059e-07,2.5840e-06,6.5232e-06,6.5117e-06,5.6873e-06,4.2513e-08,1.9986e-07,5.2550e-07,2.5922e-06,5.2631e-06,6.4206e-06,6.2427e-06
P76,0.00,90.00,60.00,0.00,2.9881e-08,2.6008e-07,8.3257e-07,2.7464e-06,6.6693e-06,6.6577e-06,6.2325e-06,2.8808e-08,2.3805e-07,6.2362e-07,2.7449e-06,5.3928e-06,6.5581e-06,6.6888e-06
P76,60.00,135.00,30.00,0.00,4.3122e-08,2.1856e-07,7.1060e-07,2.5836e-06,6.5231e-06,6.5116e-06,5.6873e-06,4.1254e-08,1.9986e-07,5.2550e-07,2.5918e-06,5.2629e-06,6.4206e-06,6.2427e-06
P76,30.00,90.00,0.00,0.00,4.3933e-08,2.5070e-07,8.0753e-07,2.7175e-06,6.6423e-06,6.6307e-06,6.1226e-06,4.2018e-08,2.2933e-07,6.0272e-07,2.7182e-06,5.3690e-06,6.5326e-06,6.6024e-06
P76,30.00,135.00,0.00,0.00,4.3933e-08,2.5070e-07,8.0753e-07,2.7175e-06,6.6423e-06,6.6307e-06,6.1226e-06,4.2018e-08,2.2933e-07,6.0272e-07,2.7182e-06,5.3690e-06,6.5326e-06,6.6024e-06
P76,30.00,180.00,30.00,0.00,3.8079e-08,2.5069e-07,8.0750e-07,2.7172e-06,6.6422e-06,6.6306e-06,6.1225e-06,3.6463e-08,2.2933e-07,6.0272e-07,2.7178e-06,5.3689e-06,6.5325e-06,6.6023e-06
P76,60.00,90.00,0.00,0.00,5.1504e-08,2.1857e-07,7.1063e-07,2.5841e-06,6.5232e-06,6.5117e-06,5.6873e-06,4.9243e-08,1.9986e-07,5.2551e-07,2.5922e-06,5.2631e-06,6.4206e-06,6.2427e-06
P76,0.00,0.00,30.00,0.00,3.9188e-08,2.6009e-07,8.3261e-07,2.7464e-06,6.6693e-06,6.6577e-06,6.2325e-06,3.7545e-08,2.3805e-07,6.2363e-07,2.7450e-06,5.3928e-06,6.5581e-06,6.6888e-06
P77,0.00,135.00,0.00,0.00,3.9626e-08,3.0986e-07,8.7874e-07,2.3399e-06,5.9351e-06,5.9241e-06,5.7071e-06,3.7764e-08,2.8723e-07,7.0541e-07,2.3362e-06,4.7205e-06,5.8240e-06,6.1098e-06
P77,0.00,45.00,30.00,0.00,3.7692e-08,3.0984e-07,8.7867e-07,2.3399e-06,5.9351e-06,5.9241e-06,5.7071e-06,3.5937e-08,2.8722e-07,7.0536e-07,2.3361e-06,4.7206e-06,5.8240e-06,6.1098e-06
P77,0.00,135.00,30.00,0.00,3.7692e-08,3.0984e-07,8.7867e-07,2.3399e-06,5.9351e-06,5.9241e-06,5.7071e-06,3.5937e-08,2.8722e-07,7.0536e-07,2.3361e-06,4.7206e-06,5.8240e-06,6.1098e-06
P77,60.00,135.00,60.00,0.00,3.0804e-08,2.5085e-07,7.8769e-07,2.2107e-06,5.8306e-06,5.8197e-06,5.1541e-06,2.9424e-08,2.2995e-07,6.1816e-07,2.2182e-06,4.6224e-06,5.7243e-06,5.7077e-06
P77,60.00,0.00,30.00,0.00,7.3119e-08,2.5105e-07,7.8881e-07,2.2128e-06,5.8308e-06,5.8199e-06,5.1542e-06,6.9697e-08,2.3005e-07,6.1883e-07,2.2203e-06,4.6227e-06,5.7245e-06,5.7078e-06
P77,30.00,0.00,0.00,0.00,4.2641e-08,2.9803e-07,8.6158e-07,2.3176e-06,5.9159e-06,5.9049e-06,5.6025e-06,4.0601e-08,2.7569e-07,6.8875e-07,2.3161e-06,4.7028e-06,5.8056e-06,6.0354e-06
P77,30.00,90.00,60.00,0.00,3.1926e-08,2.9798e-07,8.6143e-07,2.3176e-06,5.9159e-06,5.9049e-06,5.6025e-06,3.0555e-08,2.7566e-07,6.8862e-07,2.3161e-06,4.7028e-06,5.8056e-06,6.0354e-06
P77,0.00,0.00,30.00,0.00,3.7692e-08,3.0984e-07,8.7867e-07,2.3399e-06,5.9351e-06,5.9241e-06,5.7071e-06,3.5937e-08,2.8722e-07,7.0536e-07,2.3361e-06,4.7206e-06,5.8240e-06,6.1098e-06
P77,30.00,180.00,60.00,0.00,2.5247e-08,2.9795e-07,8.6125e-07,2.3173e-06,5.9159e-06,5.9049e-06,5.6025e-06,2.4195e-08,2.7565e-07,6.8852e-07,2.3157e-06,4.7027e-06,5.8056e-06,6.0354e-06
P77,30.00,90.00,0.00,0.00,4.2641e-08,2.9803e-07,8.6158e-07,2.3176e-06,5.9159e-06,5.9049e-06,5.6025e-06,4.0601e-08,2.7569e-07,6.8875e-07,2.3161e-06,4.7028e-06,5.8056e-06,6.0354e-06
P77,30.00,135.00,30.00,0.00,3.7991e-08,2.9800e-07,8.6148e-07,2.3175e-06,5.9159e-06,5.9049e-06,5.6025e-06,3.6205e-08,2.7568e-07,6.8867e-07,2.3160e-06,4.7027e-06,5.8056e-06,6.0354e-06
P77,60.00,0.00,0.00,0.00,5.1114e-08,2.5095e-07,7.8816e-07,2.2115e-06,5.8307e-06,5.8198e-06,5.1542e-06,4.8671e-08,2.3000e-07,6.1846e-07,2.2190e-06,4.6225e-06,5.7244e-06,5.7077e-06
P77,0.00,90.00,60.00,0.00,2.8319e-08,3.0980e-07,8.7854e-07,2.3398e-06,5.9351e-06,5.9241e-06,5.7071e-06,2.7144e-08,2.8720e-07,7.0526e-07,2.3361e-06,4.7206e-06,5.8240e-06,6.1098e-06
P77,30.00,0.00,60.00,0.00,4.4533e-08,2.9805e-07,8.6183e-07,2.3183e-06,5.9160e-06,5.9050e-06,5.6025e-06,4.2598e-08,2.7570e-07,6.8886e-07,2.3169e-06,4.7029e-06,5.8057e-06,6.0354e-06
P77,0.00,45.00,0.00,0.00,3.9626e-08,3.0986e-07,8.7874e-07,2.3399e-06,5.9351e-06,5.9241e-06,5.7071e-06,3.7764e-08,2.8723e-07,7.0541e-07,2.3362e-06,4.7205e-06,5.8240e-06,6.1098e-06
P77,0.00,135.00,60.00,0.00,2.8319e-08,3.0980e-07,8.7854e-07,2.3398e-06,5.9351e-06,5.9241e-06,5.7071e-06,2.7144e-08,2.8720e-07,7.0526e-07,2.3361e-06,4.7206e-06,5.8240e-06,6.1098e-06
P77,0.00,180.00,0.00,0.00,3.9626e-08,3.0986e-07,8.7874e-07,2.3399e-06,5.9351e-06,5.9241e-06,5.7071e-06,3.7764e-08,2.8723e-07,7.0541e-07,2.3362e-06,4.7205e-06,5.8240e-06,6.1098e-06
P77,30.00,180.00,30.00,0.00,3.6687e-08,2.9798e-07,8.6140e-07,2.3173e-06,5.9159e-06,5.9049e-06,5.6025e-06,3.4957e-08,2.7566e-07,6.8863e-07,2.3157e-06,4.7027e-06,5.8055e-06,6.0354e-06
P77,60.00,45.00,30.00,0.00,6.4995e-08,2.5101e-07,7.8857e-07,2.2123e-06,5.8308e-06,5.8198e-06,5.1542e-06,6.1933e-08,2.3003e-07,6.1869e-07,2.2199e-06,4.6227e-06,5.7244e-06,5.7078e-06
P77,30.00,45.00,0.00,0.00,4.2641e-08,2.9803e-07,8.6158e-07,2.3176e-06,5.9159e-06,5.9049e-06,5.6025e-06,4.0601e-08,2.7569e-07,6.8875e-07,2.3161e-06,4.7028e-06,5.8056e-06,6.0354e-06
P77,30.00,180.00,0.00,0.00,4.2641e-08,2.9803e-07,8.6158e-07,2.3176e-06,5.9159e-06,5.9049e-06,5.6025e-06,4.0601e-08,2.7569e-07,6.8875e-07,2.3161e-06,4.7028e-06,5.8056e-06,6.0354e-06
P77,30.00,135.00,0.00,0.00,4.2641e-08,2.9803e-07,8.6158e-07,2.3176e-06,5.9159e-06,5.9049e-06,5.6025e-06,4.0601e-08,2.7569e-07,6.8875e-07,2.3161e-06,4.7028e-06,5.8056e-06,6.0354e-06
P77,60.00,90.00,30.00,0.00,5.1302e-08,2.5094e-07,7.8815e-07,2.2115e-06,5.8307e-06,5.8197e-06,5.1542e-06,4.8858e-08,2.3000e-07,6.1845e-07,2.2190e-06,4.6225e-06,5.7243e-06,5.7077e-06
P77,0.00,0.00,60.00,0.00,2.8319e-08,3.0980e-07,8.7854e-07,2.3398e-06,5.9351e-06,5.9241e-06,5.7071e-06,2.7144e-08,2.8720e-07,7.0526e-07,2.3361e-06,4.7206e-06,5.8240e-06,6.1098e-06
P77,0.00,0.00,0.00,0.00,3.9626e-08,3.0986e-07,8.7874e-07,2.3399e-06,5.9351e-06,5.9241e-06,5.7071e-06,3.7764e-08,2.8723e-07,7.0541e-07,2.3362e-06,4.7205e-06,5.8240e-06,6.1098e-06
P77,60.00,90.00,0.00,0.00,5.1114e-08,2.5095e-07,7.8816e-07,2.2115e-06,5.8307e-06,5.8198e-06,5.1542e-06,4.8671e-08,2.3000e-07,6.1846e-07,2.2190e-06,4.6225e-06,5.7244e-06,5.7077e-06
P77,60.00,180.00,0.00,0.00,5.1114e-08,2.5095e-07,7.8816e-07,2.2115e-06,5.8307e-06,5.8198e-06,5.1542e-06,4.8671e-08,2.3000e-07,6.1846e-07,2.2190e-06,4.6225e-06,5.7244e-06,5.7077e-06
P77,60.00,180.00,30.00,0.00,3.9741e-08,2.5089e-07,7.8786e-07,2.2109e-06,5.8307e-06,5.8197e-06,5.1542e-06,3.7852e-08,2.2997e-07,6.1828e-07,2.2184e-06,4.6224e-06,5.7243e-06,5.7077e-06
P77,60.00,135.00,0.00,0.00,5.1114e-08,2.5095e-07,7.8816e-07,2.2115e-06,5.8307e-06,5.8198e-06,5.1542e-06,4.8671e-08,2.3000e-07,6.1846e-07,2.2190e-06,4.6225e-06,5.7244e-06,5.7077e-06
P77,30.00,45.00,30.00,0.00,4.5740e-08,2.9805e-07,8.6172e-07,2.3179e-06,5.9160e-06,5.9049e-06,5.6025e-06,4.3589e-08,2.7571e-07,6.8883e-07,2.3164e-06,4.7028e-06,5.8056e-06,6.0354e-06
P77,30.00,0.00,30.00,0.00,4.7839e-08,2.9807e-07,8.6181e-07,2.3181e-06,5.9160e-06,5.9050e-06,5.6026e-06,4.5595e-08,2.7572e-07,6.8888e-07,2.3166e-06,4.7029e-06,5.8056e-06,6.0354e-06
P77,0.00,90.00,30.00,0.00,3.7692e-08,3.0984e-07,8.7867e-07,2.3399e-06,5.9351e-06,5.9241e-06,5.7071e-06,3.5937e-08,2.8722e-07,7.0536e-07,2.3361e-06,4.7206e-06,5.8240e-06,6.1098e-06
P77,60.00,0.00,60.00,0.00,1.1157e-07,2.5123e-07,7.9015e-07,2.2164e-06,5.8313e-06,5.8203e-06,5.1543e-06,1.0670e-07,2.3013e-07,6.1953e-07,2.2242e-06,4.6235e-06,5.7249e-06,5.7080e-06
P77,0.00,180.00,30.00,0.00,3.7692e-08,3.0984e-07,8.7867e-07,2.3399e-06,5.9351e-06,5.9241e-06,5.7071e-06,3.5937e-08,2.8722e-07,7.0536e-07,2.3361e-06,4.7206e-06,5.8240e-06,6.1098e-06
P77,60.00,45.00,60.00,0.00,7.7220e-08,2.5105e-07,7.8896e-07,2.2136e-06,5.8310e-06,5.8200e-06,5.1542e-06,7.3736e-08,2.3004e-07,6.1887e-07,2.2213e-06,4.6229e-06,5.7246e-06,5.7078e-06
P77,0.00,45.00,60.00,0.00,2.8319e-08,3.0980e-07,8.7854e-07,2.3398e-06,5.9351e-06,5.9241e-06,5.7071e-06,2.7144e-08,2.8720e-07,7.0526e-07,2.3361e-06,4.7206e-06,5.8240e-06,6.1098e-06
P77,60.00,90.00,60.00,0.00,4.4000e-08,2.5090e-07,7.8801e-07,2.2115e-06,5.8307e-06,5.8198e-06,5.1542e-06,4.1988e-08,2.2997e-07,6.1834e-07,2.2190e-06,4.6225e-06,5.7244e-06,5.7077e-06
P77,60.00,180.00,60.00,0.00,2.7334e-08,2.5083e-07,7.8756e-07,2.2103e-06,5.8306e-06,5.8196e-06,5.1541e-06,2.6111e-08,2.2994e-07,6.1809e-07,2.2178e-06,4.6223e-06,5.7242e-06,5.7076e-06
P77,0.00,180.00,60.00,0.00,2.8319e-08,3.0980e-07,8.7854e-07,2.3398e-06,5.9351e-06,5.9241e-06,5.7071e-06,2.7144e-08,2.8720e-07,7.0526e-07,2.3361e-06,4.7206e-06,5.8240e-06,6.1098e-06
P77,30.00,90.00,30.00,0.00,4.1501e-08,2.9803e-07,8.6160e-07,2.3177e-06,5.9159e-06,5.9049e-06,5.6025e-06,3.9550e-08,2.7569e-07,6.8875e-07,2.3162e-06,4.7028e-06,5.8056e-06,6.0354e-06
P77,60.00,135.00,30.00,0.00,4.2505e-08,2.5090e-07,7.8792e-07,2.2110e-06,5.8307e-06,5.8197e-06,5.1542e-06,4.0479e-08,2.2998e-07,6.1831e-07,2.2185e-06,4.6224e-06,5.7243e-06,5.7077e-06
P77,30.00,45.00,60.00,0.00,3.9838e-08,2.9802e-07,8.6169e-07,2.3181e-06,5.9160e-06,5.9050e-06,5.6025e-06,3.8111e-08,2.7569e-07,6.8878e-07,2.3166e-06,4.7029e-06,5.8056e-06,6.0354e-06
P77,30.00,135.00,60.00,0.00,2.6844e-08,2.9795e-07,8.6129e-07,2.3173e-06,5.9159e-06,5.9049e-06,5.6025e-06,2.5713e-08,2.7565e-07,6.8854e-07,2.3158e-06,4.7027e-06,5.8056e-06,6.0354e-06
P77,60.00,45.00,0.00,0.00,5.1114e-08,2.5095e-07,7.8816e-07,2.2115e-06,5.8307e-06,5.8198e-06,5.1542e-06,4.8671e-08,2.3000e-07,6.1846e-07,2.2190e-06,4.6225e-06,5.7244e-06,5.7077e-06
P77,0.00,90.00,0.00,0.00,3.9626e-08,3.0986e-07,8.7874e-07,2.3399e-06,5.9351e-06,5.9241e-06,5.7071e-06,3.7764e-08,2.8723e-07,7.0541e-07,2.3362e-06,4.7205e-06,5.8240e-06,6.1098e-06
P78,60.00,135.00,0.00,0.00,5.0869e-08,1.7963e-07,6.5840e-07,2.3575e-06,6.1297e-06,6.1186e-06,5.0155e-06,4.8546e-08,1.6168e-07,4.7919e-07,2.3767e-06,4.9033e-06,6.0259e-06,5.7552e-06
P78,30.00,135.00,30.00,0.00,3.8377e-08,2.1758e-07,7.5273e-07,2.4873e-06,6.2416e-06,6.2303e-06,5.5644e-06,3.6666e-08,1.9720e-07,5.5833e-07,2.4948e-06,5.0061e-06,6.1321e-06,6.1645e-06
P78,60.00,135.00,30.00,0.00,4.2413e-08,1.7962e-07,6.5835e-07,2.3571e-06,6.1297e-06,6.1185e-06,5.0155e-06,4.0490e-08,1.6168e-07,4.7918e-07,2.3763e-06,4.9032e-06,6.0258e-06,5.7552e-06
P78,0.00,90.00,60.00,0.00,2.8838e-08,2.2805e-07,7.7656e-07,2.5159e-06,6.2680e-06,6.2568e-06,5.6948e-06,2.7728e-08,2.0708e-07,5.7905e-07,2.5206e-06,5.0302e-06,6.1574e-06,6.2590e-06
P78,0.00,180.00,30.00,0.00,3.8168e-08,2.2806e-07,7.7661e-07,2.5159e-06,6.2680e-06,6.2568e-06,5.6948e-06,3.6484e-08,2.0709e-07,5.7907e-07,2.5206e-06,5.0302e-06,6.1574e-06,6.2590e-06
P78,60.00,90.00,30.00,0.00,5.1011e-08,1.7963e-07,6.5839e-07,2.3575e-06,6.1297e-06,6.1186e-06,5.0155e-06,4.8692e-08,1.6168e-07,4.7919e-07,2.3767e-06,4.9033e-06,6.0259e-06,5.7552e-06
P78,30.00,0.00,60.00,0.00,4.4624e-08,2.1758e-07,7.5275e-07,2.4881e-06,6.2417e-06,6.2304e-06,5.5644e-06,4.2794e-08,1.9720e-07,5.5833e-07,2.4957e-06,5.0062e-06,6.1322e-06,6.1645e-06
P78,0.00,180.00,0.00,0.00,4.0103e-08,2.2807e-07,7.7663e-07,2.5160e-06,6.2680e-06,6.2568e-06,5.6948e-06,3.8312e-08,2.0709e-07,5.7908e-07,2.5207e-06,5.0301e-06,6.1574e-06,6.2590e-06
P78,30.00,135.00,0.00,0.00,4.2982e-08,2.1758e-07,7.5276e-07,2.4874e-06,6.2416e-06,6.2304e-06,5.5644e-06,4.1021e-08,1.9720e-07,5.5835e-07,2.4950e-06,5.0061e-06,6.1321e-06,6.1645e-06
P78,30.00,180.00,0.00,0.00,4.2982e-08,2.1758e-07,7.5276e-07,2.4874e-06,6.2416e-06,6.2304e-06,5.5644e-06,4.1021e-08,1.9720e-07,5.5835e-07,2.4950e-06,5.0061e-06,6.1321e-06,6.1645e-06
P78,60.00,90.00,0.00,0.00,5.0869e-08,1.7963e-07,6.5840e-07,2.3575e-06,6.1297e-06,6.1186e-06,5.0155e-06,4.8546e-08,1.6168e-07,4.7919e-07,2.3767e-06,4.9033e-06,6.0259e-06,5.7552e-06
P78,60.00,45.00,30.00,0.00,6.4394e-08,1.7965e-07,6.5845e-07,2.3583e-06,6.1298e-06,6.1187e-06,5.0155e-06,6.1492e-08,1.6169e-07,4.7920e-07,2.3776e-06,4.9035e-06,6.0260e-06,5.7553e-06
P78,30.00,0.00,0.00,0.00,4.2982e-08,2.1758e-07,7.5276e-07,2.4874e-06,6.2416e-06,6.2304e-06,5.5644e-06,4.1021e-08,1.9720e-07,5.5835e-07,2.4950e-06,5.0061e-06,6.1321e-06,6.1645e-06
P78,30.00,180.00,60.00,0.00,2.5756e-08,2.1756e-07,7.5266e-07,2.4871e-06,6.2416e-06,6.2303e-06,5.5643e-06,2.4764e-08,1.9720e-07,5.5831e-07,2.4946e-06,5.0061e-06,6.1321e-06,6.1645e-06
P78,60.00,0.00,30.00,0.00,7.2336e-08,1.7965e-07,6.5849e-07,2.3587e-06,6.1298e-06,6.1187e-06,5.0155e-06,6.9093e-08,1.6169e-07,4.7921e-07,2.3780e-06,4.9035e-06,6.0260e-06,5.7553e-06
P78,0.00,180.00,60.00,0.00,2.8838e-08,2.2805e-07,7.7656e-07,2.5159e-06,6.2680e-06,6.2568e-06,5.6948e-06,2.7728e-08,2.0708e-07,5.7905e-07,2.5206e-06,5.0302e-06,6.1574e-06,6.2590e-06
P78,0.00,0.00,0.00,0.00,4.0103e-08,2.2807e-07,7.7663e-07,2.5160e-06,6.2680e-06,6.2568e-06,5.6948e-06,3.8312e-08,2.0709e-07,5.7908e-07,2.5207e-06,5.0301e-06,6.1574e-06,6.2590e-06
P78,60.00,135.00,60.00,0.00,3.0856e-08,1.7961e-07,6.5830e-07,2.3568e-06,6.1297e-06,6.1185e-06,5.0155e-06,2.9562e-08,1.6168e-07,4.7916e-07,2.3760e-06,4.9032e-06,6.0258e-06,5.7552e-06
P78,60.00,90.00,60.00,0.00,4.3691e-08,1.7962e-07,6.5834e-07,2.3575e-06,6.1297e-06,6.1186e-06,5.0155e-06,4.1805e-08,1.6168e-07,4.7917e-07,2.3767e-06,4.9033e-06,6.0259e-06,5.7552e-06
P78,60.00,180.00,0.00,0.00,5.0869e-08,1.7963e-07,6.5840e-07,2.3575e-06,6.1297e-06,6.1186e-06,5.0155e-06,4.8546e-08,1.6168e-07,4.7919e-07,2.3767e-06,4.9033e-06,6.0259e-06,5.7552e-06
P78,0.00,45.00,30.00,0.00,3.8168e-08,2.2806e-07,7.7661e-07,2.5159e-06,6.2680e-06,6.2568e-06,5.6948e-06,3.6484e-08,2.0709e-07,5.7907e-07,2.5206e-06,5.0302e-06,6.1574e-06,6.2590e-06
P78,60.00,45.00,60.00,0.00,7.6008e-08,1.7965e-07,6.5845e-07,2.3595e-06,6.1300e-06,6.1188e-06,5.0156e-06,7.2747e-08,1.6169e-07,4.7919e-07,2.3789e-06,4.9037e-06,6.0261e-06,5.7553e-06
P78,0.00,135.00,60.00,0.00,2.8838e-08,2.2805e-07,7.7656e-07,2.5159e-06,6.2680e-06,6.2568e-06,5.6948e-06,2.7728e-08,2.0708e-07,5.7905e-07,2.5206e-06,5.0302e-06,6.1574e-06,6.2590e-06
P78,60.00,180.00,60.00,0.00,2.7482e-08,1.7961e-07,6.5829e-07,2.3564e-06,6.1296e-06,6.1184e-06,5.0155e-06,2.6334e-08,1.6168e-07,4.7916e-07,2.3756e-06,4.9031e-06,6.0258e-06,5.7551e-06
P78,30.00,45.00,0.00,0.00,4.2982e-08,2.1758e-07,7.5276e-07,2.4874e-06,6.2416e-06,6.2304e-06,5.5644e-06,4.1021e-08,1.9720e-07,5.5835e-07,2.4950e-06,5.0061e-06,6.1321e-06,6.1645e-06
P78,0.00,135.00,0.00,0.00,4.0103e-08,2.2807e-07,7.7663e-07,2.5160e-06,6.2680e-06,6.2568e-06,5.6948e-06,3.8312e-08,2.0709e-07,5.7908e-07,2.5207e-06,5.0301e-06,6.1574e-06,6.2590e-06
P78,30.00,90.00,60.00,0.00,3.2290e-08,2.1757e-07,7.5269e-07,2.4874e-06,6.2416e-06,6.2304e-06,5.5644e-06,3.0994e-08,1.9720e-07,5.5832e-07,2.4949e-06,5.0061e-06,6.1321e-06,6.1645e-06
P78,30.00,0.00,30.00,0.00,4.8059e-08,2.1759e-07,7.5280e-07,2.4879e-06,6.2416e-06,6.2304e-06,5.5644e-06,4.5907e-08,1.9720e-07,5.5835e-07,2.4954e-06,5.0062e-06,6.1322e-06,6.1645e-06
P78,30.00,45.00,60.00,0.00,4.0031e-08,2.1758e-07,7.5273e-07,2.4879e-06,6.2416e-06,6.2304e-06,5.5644e-06,3.8398e-08,1.9720e-07,5.5833e-07,2.4954e-06,5.0062e-06,6.1322e-06,6.1645e-06
P78,60.00,0.00,0.00,0.00,5.0869e-08,1.7963e-07,6.5840e-07,2.3575e-06,6.1297e-06,6.1186e-06,5.0155e-06,4.8546e-08,1.6168e-07,4.7919e-07,2.3767e-06,4.9033e-06,6.0259e-06,5.7552e-06
P78,0.00,45.00,60.00,0.00,2.8838e-08,2.2805e-07,7.7656e-07,2.5159e-06,6.2680e-06,6.2568e-06,5.6948e-06,2.7728e-08,2.0708e-07,5.7905e-07,2.5206e-06,5.0302e-06,6.1574e-06,6.2590e-06
P78,60.00,45.00,0.00,0.00,5.0869e-08,1.7963e-07,6.5840e-07,2.3575e-06,6.1297e-06,6.1186e-06,5.0155e-06,4.8546e-08,1.6168e-07,4.7919e-07,2.3767e-06,4.9033e-06,6.0259e-06,5.7552e-06
P78,60.00,0.00,60.00,0.00,1.0943e-07,1.7969e-07,6.5859e-07,2.3622e-06,6.1303e-06,6.1191e-06,5.0156e-06,1.0488e-07,1.6169e-07,4.7922e-07,2.3817e-06,4.9043e-06,6.0265e-06,5.7555e-06
P78,30.00,90.00,0.00,0.00,4.2982e-08,2.1758e-07,7.5276e-07,2.4874e-06,6.2416e-06,6.2304e-06,5.5644e-06,4.1021e-08,1.9720e-07,5.5835e-07,2.4950e-06,5.0061e-06,6.1321e-06,6.1645e-06
P78,30.00,90.00,30.00,0.00,4.1827e-08,2.1758e-07,7.5275e-07,2.4875e-06,6.2416e-06,6.2304e-06,5.5644e-06,3.9958e-08,1.9720e-07,5.5834e-07,2.4950e-06,5.0061e-06,6.1321e-06,6.1645e-06
P78,0.00,90.00,30.00,0.00,3.8168e-08,2.2806e-07,7.7661e-07,2.5159e-06,6.2680e-06,6.2568e-06,5.6948e-06,3.6484e-08,2.0709e-07,5.7907e-07,2.5206e-06,5.0302e-06,6.1574e-06,6.2590e-06
P78,0.00,0.00,60.00,0.00,2.8838e-08,2.2805e-07,7.7656e-07,2.5159e-06,6.2680e-06,6.2568e-06,5.6948e-06,2.7728e-08,2.0708e-07,5.7905e-07,2.5206e-06,5.0302e-06,6.1574e-06,6.2590e-06
P78,30.00,45.00,30.00,0.00,4.5994e-08,2.1759e-07,7.5278e-07,2.4877e-06,6.2416e-06,6.2304e-06,5.5644e-06,4.3933e-08,1.9720e-07,5.5835e-07,2.4953e-06,5.0062e-06,6.1322e-06,6.1645e-06
P78,0.00,90.00,0.00,0.00,4.0103e-08,2.2807e-07,7.7663e-07,2.5160e-06,6.2680e-06,6.2568e-06,5.6948e-06,3.8312e-08,2.0709e-07,5.7908e-07,2.5207e-06,5.0301e-06,6.1574e-06,6.2590e-06
P78,30.00,180.00,30.00,0.00,3.7095e-08,2.1758e-07,7.5271e-07,2.4871e-06,6.2415e-06,6.2303e-06,5.5644e-06,3.5437e-08,1.9720e-07,5.5833e-07,2.4946e-06,5.0060e-06,6.1321e-06,6.1645e-06
P78,0.00,45.00,0.00,0.00,4.0103e-08,2.2807e-07,7.7663e-07,2.5160e-06,6.2680e-06,6.2568e-06,5.6948e-06,3.8312e-08,2.0709e-07,5.7908e-07,2.5207e-06,5.0301e-06,6.1574e-06,6.2590e-06
P78,0.00,135.00,30.00,0.00,3.8168e-08,2.2806e-07,7.7661e-07,2.5159e-06,6.2680e-06,6.2568e-06,5.6948e-06,3.6484e-08,2.0709e-07,5.7907e-07,2.5206e-06,5.0302e-06,6.1574e-06,6.2590e-06
P78,0.00,0.00,30.00,0.00,3.8168e-08,2.2806e-07,7.7661e-07,2.5159e-06,6.2680e-06,6.2568e-06,5.6948e-06,3.6484e-08,2.0709e-07,5.7907e-07,2.5206e-06,5.0302e-06,6.1574e-06,6.2590e-06
P78,60.00,180.00,30.00,0.00,3.9711e-08,1.7962e-07,6.5834e-07,2.3570e-06,6.1297e-06,6.1185e-06,5.0155e-06,3.7919e-08,1.6168e-07,4.7918e-07,2.3762e-06,4.9032e-06,6.0258e-06,5.7552e-06
P78,30.00,135.00,60.00,0.00,2.7318e-08,2.1757e-07,7.5267e-07,2.4871e-06,6.2416e-06,6.2303e-06,5.5644e-06,2.6251e-08,1.9720e-07,5.5831e-07,2.4947e-06,5.0061e-06,6.1321e-06,6.1645e-06
P79,30.00,135.00,60.00,0.00,2.7038e-08,2.6087e-07,8.2650e-07,2.4236e-06,6.0849e-06,6.0736e-06,5.6176e-06,2.5927e-08,2.3906e-07,6.3964e-07,2.4096e-06,4.8472e-06,5.9730e-06,6.1620e-06
P79,30.00,180.00,60.00,0.00,2.5451e-08,2.6086e-07,8.2648e-07,2.4235e-06,6.0849e-06,6.0736e-06,5.6176e-06,2.4418e-08,2.3906e-07,6.3963e-07,2.4095e-06,4.8472e-06,5.9730e-06,6.1620e-06
P79,0.00,0.00,30.00,0.00,3.7868e-08,2.7267e-07,8.4636e-07,2.4411e-06,6.0978e-06,6.0865e-06,5.7276e-06,3.6134e-08,2.5042e-07,6.5869e-07,2.4255e-06,4.8588e-06,5.9850e-06,6.2354e-06
P79,60.00,0.00,60.00,0.00,1.1108e-07,2.1634e-07,7.4360e-07,2.3396e-06,6.0192e-06,6.0079e-06,5.1445e-06,1.0628e-07,1.9643e-07,5.6174e-07,2.3325e-06,4.7877e-06,5.9119e-06,5.8333e-06
P79,60.00,0.00,0.00,0.00,5.1166e-08,2.1623e-07,7.4279e-07,2.3347e-06,6.0186e-06,6.0074e-06,5.1444e-06,4.8753e-08,1.9640e-07,5.6146e-07,2.3273e-06,4.7867e-06,5.9113e-06,5.8330e-06
P79,60.00,90.00,0.00,0.00,5.1166e-08,2.1623e-07,7.4279e-07,2.3347e-06,6.0186e-06,6.0074e-06,5.1444e-06,4.8753e-08,1.9640e-07,5.6146e-07,2.3273e-06,4.7867e-06,5.9113e-06,5.8330e-06
P79,60.00,90.00,60.00,0.00,4.4029e-08,2.1621e-07,7.4267e-07,2.3347e-06,6.0186e-06,6.0074e-06,5.1444e-06,4.2049e-08,1.9639e-07,5.6139e-07,2.3273e-06,4.7867e-06,5.9113e-06,5.8330e-06
P79,60.00,180.00,60.00,0.00,2.7493e-08,2.1618e-07,7.4247e-07,2.3335e-06,6.0185e-06,6.0073e-06,5.1443e-06,2.6291e-08,1.9639e-07,5.6132e-07,2.3261e-06,4.7865e-06,5.9111e-06,5.8329e-06
P79,60.00,135.00,30.00,0.00,4.2599e-08,2.1621e-07,7.4266e-07,2.3342e-06,6.0185e-06,6.0073e-06,5.1444e-06,4.0600e-08,1.9640e-07,5.6140e-07,2.3268e-06,4.7866e-06,5.9112e-06,5.8329e-06
P79,30.00,90.00,0.00,0.00,4.2803e-08,2.6091e-07,8.2670e-07,2.4239e-06,6.0849e-06,6.0736e-06,5.6176e-06,4.0785e-08,2.3907e-07,6.3975e-07,2.4099e-06,4.8472e-06,5.9730e-06,6.1621e-06
P79,0.00,0.00,60.00,0.00,2.8504e-08,2.7265e-07,8.4625e-07,2.4411e-06,6.0978e-06,6.0865e-06,5.7276e-06,2.7348e-08,2.5041e-07,6.5863e-07,2.4255e-06,4.8588e-06,5.9851e-06,6.2354e-06
P79,30.00,0.00,60.00,0.00,4.4621e-08,2.6091e-07,8.2677e-07,2.4246e-06,6.0850e-06,6.0737e-06,5.6177e-06,4.2714e-08,2.3907e-07,6.3975e-07,2.4106e-06,4.8474e-06,5.9731e-06,6.1621e-06
P79,60.00,180.00,30.00,0.00,3.9852e-08,2.1621e-07,7.4263e-07,2.3341e-06,6.0185e-06,6.0073e-06,5.1443e-06,3.7989e-08,1.9639e-07,5.6139e-07,2.3267e-06,4.7866e-06,5.9112e-06,5.8329e-06
P79,30.00,180.00,30.00,0.00,3.6867e-08,2.6089e-07,8.2659e-07,2.4235e-06,6.0849e-06,6.0736e-06,5.6176e-06,3.5157e-08,2.3906e-07,6.3970e-07,2.4095e-06,4.8472e-06,5.9730e-06,6.1620e-06
P79,30.00,135.00,30.00,0.00,3.8164e-08,2.6089e-07,8.2663e-07,2.4237e-06,6.0849e-06,6.0736e-06,5.6176e-06,3.6400e-08,2.3907e-07,6.3971e-07,2.4097e-06,4.8472e-06,5.9730e-06,6.1621e-06
P79,0.00,135.00,60.00,0.00,2.8504e-08,2.7265e-07,8.4625e-07,2.4411e-06,6.0978e-06,6.0865e-06,5.7276e-06,2.7348e-08,2.5041e-07,6.5863e-07,2.4255e-06,4.8588e-06,5.9851e-06,6.2354e-06
P79,30.00,90.00,60.00,0.00,3.2090e-08,2.6088e-07,8.2657e-07,2.4238e-06,6.0849e-06,6.0736e-06,5.6176e-06,3.0740e-08,2.3906e-07,6.3967e-07,2.4098e-06,4.8473e-06,5.9730e-06,6.1621e-06
P79,0.00,90.00,30.00,0.00,3.7868e-08,2.7267e-07,8.4636e-07,2.4411e-06,6.0978e-06,6.0865e-06,5.7276e-06,3.6134e-08,2.5042e-07,6.5869e-07,2.4255e-06,4.8588e-06,5.9850e-06,6.2354e-06
P79,0.00,135.00,30.00,0.00,3.7868e-08,2.7267e-07,8.4636e-07,2.4411e-06,6.0978e-06,6.0865e-06,5.7276e-06,3.6134e-08,2.5042e-07,6.5869e-07,2.4255e-06,4.8588e-06,5.9850e-06,6.2354e-06
P79,60.00,0.00,30.00,0.00,7.3018e-08,2.1628e-07,7.4309e-07,2.3360e-06,6.0187e-06,6.0075e-06,5.1444e-06,6.9640e-08,1.9641e-07,5.6158e-07,2.3286e-06,4.7869e-06,5.9114e-06,5.8330e-06
P79,0.00,45.00,0.00,0.00,3.9803e-08,2.7268e-07,8.4641e-07,2.4412e-06,6.0978e-06,6.0865e-06,5.7276e-06,3.7962e-08,2.5042e-07,6.5872e-07,2.4256e-06,4.8588e-06,5.9850e-06,6.2354e-06
P79,0.00,0.00,0.00,0.00,3.9803e-08,2.7268e-07,8.4641e-07,2.4412e-06,6.0978e-06,6.0865e-06,5.7276e-06,3.7962e-08,2.5042e-07,6.5872e-07,2.4256e-06,4.8588e-06,5.9850e-06,6.2354e-06
P79,60.00,45.00,30.00,0.00,6.4945e-08,2.1626e-07,7.4298e-07,2.3356e-06,6.0187e-06,6.0075e-06,5.1444e-06,6.1923e-08,1.9641e-07,5.6153e-07,2.3282e-06,4.7869e-06,5.9114e-06,5.8330e-06
P79,60.00,135.00,0.00,0.00,5.1166e-08,2.1623e-07,7.4279e-07,2.3347e-06,6.0186e-06,6.0074e-06,5.1444e-06,4.8753e-08,1.9640e-07,5.6146e-07,2.3273e-06,4.7867e-06,5.9113e-06,5.8330e-06
P79,30.00,45.00,30.00,0.00,4.5878e-08,2.6092e-07,8.2677e-07,2.4242e-06,6.0850e-06,6.0737e-06,5.6176e-06,4.3751e-08,2.3907e-07,6.3978e-07,2.4102e-06,4.8473e-06,5.9731e-06,6.1621e-06
P79,0.00,180.00,0.00,0.00,3.9803e-08,2.7268e-07,8.4641e-07,2.4412e-06,6.0978e-06,6.0865e-06,5.7276e-06,3.7962e-08,2.5042e-07,6.5872e-07,2.4256e-06,4.8588e-06,5.9850e-06,6.2354e-06
P79,0.00,45.00,30.00,0.00,3.7868e-08,2.7267e-07,8.4636e-07,2.4411e-06,6.0978e-06,6.0865e-06,5.7276e-06,3.6134e-08,2.5042e-07,6.5869e-07,2.4255e-06,4.8588e-06,5.9850e-06,6.2354e-06
P79,0.00,180.00,30.00,0.00,3.7868e-08,2.7267e-07,8.4636e-07,2.4411e-06,6.0978e-06,6.0865e-06,5.7276e-06,3.6134e-08,2.5042e-07,6.5869e-07,2.4255e-06,4.8588e-06,5.9850e-06,6.2354e-06
P79,0.00,90.00,60.00,0.00,2.8504e-08,2.7265e-07,8.4625e-07,2.4411e-06,6.0978e-06,6.0865e-06,5.7276e-06,2.7348e-08,2.5041e-07,6.5863e-07,2.4255e-06,4.8588e-06,5.9851e-06,6.2354e-06
P79,30.00,0.00,0.00,0.00,4.2803e-08,2.6091e-07,8.2670e-07,2.4239e-06,6.0849e-06,6.0736e-06,5.6176e-06,4.0785e-08,2.3907e-07,6.3975e-07,2.4099e-06,4.8472e-06,5.9730e-06,6.1621e-06
P79,30.00,45.00,60.00,0.00,3.9954e-08,2.6090e-07,8.2669e-07,2.4243e-06,6.0850e-06,6.0737e-06,5.6176e-06,3.8253e-08,2.3906e-07,6.3972e-07,2.4104e-06,4.8474e-06,5.9731e-06,6.1621e-06
P79,0.00,45.00,60.00,0.00,2.8504e-08,2.7265e-07,8.4625e-07,2.4411e-06,6.0978e-06,6.0865e-06,5.7276e-06,2.7348e-08,2.5041e-07,6.5863e-07,2.4255e-06,4.8588e-06,5.9851e-06,6.2354e-06
P79,30.00,90.00,30.00,0.00,4.1658e-08,2.6090e-07,8.2670e-07,2.4240e-06,6.0849e-06,6.0737e-06,5.6176e-06,3.9730e-08,2.3907e-07,6.3975e-07,2.4100e-06,4.8473e-06,5.9730e-06,6.1621e-06
P79,60.00,135.00,60.00,0.00,3.0936e-08,2.1619e-07,7.4252e-07,2.3340e-06,6.0185e-06,6.0073e-06,5.1443e-06,2.9579e-08,1.9639e-07,5.6134e-07,2.3265e-06,4.7866e-06,5.9112e-06,5.8329e-06
P79,60.00,180.00,0.00,0.00,5.1166e-08,2.1623e-07,7.4279e-07,2.3347e-06,6.0186e-06,6.0074e-06,5.1444e-06,4.8753e-08,1.9640e-07,5.6146e-07,2.3273e-06,4.7867e-06,5.9113e-06,5.8330e-06
P79,60.00,90.00,30.00,0.00,5.1340e-08,2.1623e-07,7.4277e-07,2.3347e-06,6.0186e-06,6.0074e-06,5.1444e-06,4.8928e-08,1.9640e-07,5.6145e-07,2.3273e-06,4.7867e-06,5.9113e-06,5.8330e-06
P79,60.00,45.00,0.00,0.00,5.1166e-08,2.1623e-07,7.4279e-07,2.3347e-06,6.0186e-06,6.0074e-06,5.1444e-06,4.8753e-08,1.9640e-07,5.6146e-07,2.3273e-06,4.7867e-06,5.9113e-06,5.8330e-06
P79,30.00,0.00,30.00,0.00,4.7968e-08,2.6092e-07,8.2682e-07,2.4243e-06,6.0850e-06,6.0737e-06,5.6177e-06,4.5748e-08,2.3908e-07,6.3980e-07,2.4104e-06,4.8474e-06,5.9731e-06,6.1621e-06
P79,30.00,180.00,0.00,0.00,4.2803e-08,2.6091e-07,8.2670e-07,2.4239e-06,6.0849e-06,6.0736e-06,5.6176e-06,4.0785e-08,2.3907e-07,6.3975e-07,2.4099e-06,4.8472e-06,5.9730e-06,6.1621e-06
P79,60.00,45.00,60.00,0.00,7.6991e-08,2.1627e-07,7.4308e-07,2.3368e-06,6.0188e-06,6.0076e-06,5.1444e-06,7.3561e-08,1.9641e-07,5.6154e-07,2.3296e-06,4.7871e-06,5.9115e-06,5.8331e-06
P79,0.00,90.00,0.00,0.00,3.9803e-08,2.7268e-07,8.4641e-07,2.4412e-06,6.0978e-06,6.0865e-06,5.7276e-06,3.7962e-08,2.5042e-07,6.5872e-07,2.4256e-06,4.8588e-06,5.9850e-06,6.2354e-06
P79,30.00,45.00,0.00,0.00,4.2803e-08,2.6091e-07,8.2670e-07,2.4239e-06,6.0849e-06,6.0736e-06,5.6176e-06,4.0785e-08,2.3907e-07,6.3975e-07,2.4099e-06,4.8472e-06,5.9730e-06,6.1621e-06
P79,0.00,180.00,60.00,0.00,2.8504e-08,2.7265e-07,8.4625e-07,2.4411e-06,6.0978e-06,6.0865e-06,5.7276e-06,2.7348e-08,2.5041e-07,6.5863e-07,2.4255e-06,4.8588e-06,5.9851e-06,6.2354e-06
P79,30.00,135.00,0.00,0.00,4.2803e-08,2.6091e-07,8.2670e-07,2.4239e-06,6.0849e-06,6.0736e-06,5.6176e-06,4.0785e-08,2.3907e-07,6.3975e-07,2.4099e-06,4.8472e-06,5.9730e-06,6.1621e-06
P79,0.00,135.00,0.00,0.00,3.9803e-08,2.7268e-07,8.4641e-07,2.4412e-06,6.0978e-06,6.0865e-06,5.7276e-06,3.7962e-08,2.5042e-07,6.5872e-07,2.4256e-06,4.8588e-06,5.9850e-06,6.2354e-06
