Profile,VZA,VAA,SZA,SAA,fy4a_ch07_Radiance,fy4a_ch09_Radiance,fy4a_ch10_Radiance,fy4a_ch11_Radiance,fy4a_ch12_Radiance,fy4a_ch13_Radiance,fy4a_ch14_Radiance,fy4b_ch07_Radiance,fy4b_ch09_Radiance,fy4b_ch10_Radiance,fy4b_ch12_Radiance,fy4b_ch13_Radiance,fy4b_ch14_Radiance,fy4b_ch15_Radiance
P0,60.00,180.00,30.00,0.00,6.2504e-08,2.0997e-07,7.0551e-07,2.9670e-06,7.3500e-06,7.3376e-06,5.7275e-06,6.0057e-08,1.9084e-07,5.1447e-07,2.9975e-06,5.9946e-06,7.2473e-06,6.5898e-06
P0,30.00,180.00,0.00,0.00,6.9723e-08,2.4409e-07,8.1517e-07,3.1095e-06,7.4350e-06,7.4224e-06,6.3202e-06,6.6876e-08,2.2210e-07,5.9490e-07,3.1270e-06,6.0620e-06,7.3219e-06,7.0534e-06
P0,60.00,90.00,0.00,0.00,7.6449e-08,2.0997e-07,7.0551e-07,2.9676e-06,7.3501e-06,7.3377e-06,5.7275e-06,7.3411e-08,1.9084e-07,5.1447e-07,2.9981e-06,5.9947e-06,7.2474e-06,6.5899e-06
P0,30.00,0.00,0.00,0.00,6.9723e-08,2.4409e-07,8.1517e-07,3.1095e-06,7.4350e-06,7.4224e-06,6.3202e-06,6.6876e-08,2.2210e-07,5.9490e-07,3.1270e-06,6.0620e-06,7.3219e-06,7.0534e-06
P0,30.00,90.00,60.00,0.00,4.7549e-08,2.4408e-07,8.1516e-07,3.1093e-06,7.4349e-06,7.4224e-06,6.3201e-06,4.5931e-08,2.2210e-07,5.9490e-07,3.1267e-06,6.0620e-06,7.3219e-06,7.0534e-06
P0,60.00,180.00,60.00,0.00,4.3094e-08,2.0996e-07,7.0550e-07,2.9664e-06,7.3499e-06,7.3375e-06,5.7275e-06,4.1609e-08,1.9084e-07,5.1447e-07,2.9968e-06,5.9944e-06,7.2472e-06,6.5898e-06
P0,30.00,135.00,30.00,0.00,6.2131e-08,2.4408e-07,8.1516e-07,3.1094e-06,7.4349e-06,7.4224e-06,6.3202e-06,5.9668e-08,2.2210e-07,5.9490e-07,3.1268e-06,6.0620e-06,7.3219e-06,7.0534e-06
P0,60.00,135.00,30.00,0.00,6.5514e-08,2.0997e-07,7.0551e-07,2.9671e-06,7.3500e-06,7.3376e-06,5.7275e-06,6.2948e-08,1.9084e-07,5.1447e-07,2.9976e-06,5.9946e-06,7.2473e-06,6.5899e-06
P0,30.00,180.00,30.00,0.00,6.0678e-08,2.4408e-07,8.1516e-07,3.1092e-06,7.4349e-06,7.4224e-06,6.3202e-06,5.8271e-08,2.2210e-07,5.9490e-07,3.1266e-06,6.0620e-06,7.3219e-06,7.0534e-06
P0,30.00,180.00,60.00,0.00,4.0372e-08,2.4407e-07,8.1516e-07,3.1090e-06,7.4349e-06,7.4224e-06,6.3201e-06,3.9030e-08,2.2210e-07,5.9490e-07,3.1264e-06,6.0620e-06,7.3219e-06,7.0534e-06
P0,30.00,90.00,30.00,0.00,6.6104e-08,2.4408e-07,8.1516e-07,3.1096e-06,7.4350e-06,7.4224e-06,6.3202e-06,6.3485e-08,2.2210e-07,5.9490e-07,3.1270e-06,6.0620e-06,7.3219e-06,7.0534e-06
P0,60.00,45.00,0.00,0.00,7.6449e-08,2.0997e-07,7.0551e-07,2.9676e-06,7.3501e-06,7.3377e-06,5.7275e-06,7.3411e-08,1.9084e-07,5.1447e-07,2.9981e-06,5.9947e-06,7.2474e-06,6.5899e-06
P0,30.00,0.00,30.00,0.00,7.3185e-08,2.4409e-07,8.1517e-07,3.1099e-06,7.4350e-06,7.4225e-06,6.3202e-06,7.0297e-08,2.2210e-07,5.9490e-07,3.1274e-06,6.0621e-06,7.3219e-06,7.0534e-06
P0,30.00,0.00,60.00,0.00,6.0582e-08,2.4408e-07,8.1516e-07,3.1101e-06,7.4350e-06,7.4225e-06,6.3202e-06,5.8501e-08,2.2210e-07,5.9490e-07,3.1275e-06,6.0622e-06,7.3220e-06,7.0534e-06
P0,0.00,0.00,30.00,0.00,6.1790e-08,2.5387e-07,8.4456e-07,3.1359e-06,7.4476e-06,7.4350e-06,6.4634e-06,5.9345e-08,2.3113e-07,6.1737e-07,3.1499e-06,6.0705e-06,7.3324e-06,7.1583e-06
P0,0.00,180.00,60.00,0.00,4.3369e-08,2.5386e-07,8.4456e-07,3.1357e-06,7.4476e-06,7.4350e-06,6.4634e-06,4.1933e-08,2.3113e-07,6.1736e-07,3.1497e-06,6.0705e-06,7.3324e-06,7.1583e-06
P0,60.00,45.00,30.00,0.00,8.9097e-08,2.0998e-07,7.0551e-07,2.9685e-06,7.3501e-06,7.3378e-06,5.7275e-06,8.5656e-08,1.9084e-07,5.1447e-07,2.9990e-06,5.9948e-06,7.2475e-06,6.5899e-06
P0,0.00,180.00,0.00,0.00,6.6123e-08,2.5387e-07,8.4456e-07,3.1360e-06,7.4476e-06,7.4350e-06,6.4634e-06,6.3429e-08,2.3113e-07,6.1737e-07,3.1500e-06,6.0705e-06,7.3324e-06,7.1583e-06
P0,30.00,135.00,60.00,0.00,4.2116e-08,2.4407e-07,8.1516e-07,3.1090e-06,7.4349e-06,7.4224e-06,6.3201e-06,4.0706e-08,2.2210e-07,5.9490e-07,3.1264e-06,6.0620e-06,7.3219e-06,7.0534e-06
P0,60.00,135.00,0.00,0.00,7.6449e-08,2.0997e-07,7.0551e-07,2.9676e-06,7.3501e-06,7.3377e-06,5.7275e-06,7.3411e-08,1.9084e-07,5.1447e-07,2.9981e-06,5.9947e-06,7.2474e-06,6.5899e-06
P0,30.00,45.00,30.00,0.00,7.0878e-08,2.4409e-07,8.1517e-07,3.1098e-06,7.4350e-06,7.4225e-06,6.3202e-06,6.8076e-08,2.2210e-07,5.9490e-07,3.1273e-06,6.0621e-06,7.3219e-06,7.0534e-06
P0,60.00,0.00,0.00,0.00,7.6449e-08,2.0997e-07,7.0551e-07,2.9676e-06,7.3501e-06,7.3377e-06,5.7275e-06,7.3411e-08,1.9084e-07,5.1447e-07,2.9981e-06,5.9947e-06,7.2474e-06,6.5899e-06
P0,60.00,0.00,30.00,0.00,9.7391e-08,2.0998e-07,7.0551e-07,2.9689e-06,7.3502e-06,7.3378e-06,5.7275e-06,9.3662e-08,1.9084e-07,5.1447e-07,2.9995e-06,5.9949e-06,7.2475e-06,6.5899e-06
P0,60.00,0.00,60.00,0.00,1.2398e-07,2.0999e-07,7.0551e-07,2.9720e-06,7.3505e-06,7.3382e-06,5.7275e-06,1.1973e-07,1.9084e-07,5.1447e-07,3.0030e-06,5.9956e-06,7.2479e-06,6.5900e-06
P0,0.00,135.00,30.00,0.00,6.1790e-08,2.5387e-07,8.4456e-07,3.1359e-06,7.4476e-06,7.4350e-06,6.4634e-06,5.9345e-08,2.3113e-07,6.1737e-07,3.1499e-06,6.0705e-06,7.3324e-06,7.1583e-06
P0,0.00,90.00,30.00,0.00,6.1790e-08,2.5387e-07,8.4456e-07,3.1359e-06,7.4476e-06,7.4350e-06,6.4634e-06,5.9345e-08,2.3113e-07,6.1737e-07,3.1499e-06,6.0705e-06,7.3324e-06,7.1583e-06
P0,60.00,135.00,60.00,0.00,4.6604e-08,2.0996e-07,7.0550e-07,2.9667e-06,7.3500e-06,7.3376e-06,5.7275e-06,4.4980e-08,1.9084e-07,5.1447e-07,2.9971e-06,5.9945e-06,7.2473e-06,6.5898e-06
P0,60.00,180.00,0.00,0.00,7.6449e-08,2.0997e-07,7.0551e-07,2.9676e-06,7.3501e-06,7.3377e-06,5.7275e-06,7.3411e-08,1.9084e-07,5.1447e-07,2.9981e-06,5.9947e-06,7.2474e-06,6.5899e-06
P0,0.00,180.00,30.00,0.00,6.1790e-08,2.5387e-07,8.4456e-07,3.1359e-06,7.4476e-06,7.4350e-06,6.4634e-06,5.9345e-08,2.3113e-07,6.1737e-07,3.1499e-06,6.0705e-06,7.3324e-06,7.1583e-06
P0,0.00,90.00,0.00,0.00,6.6123e-08,2.5387e-07,8.4456e-07,3.1360e-06,7.4476e-06,7.4350e-06,6.4634e-06,6.3429e-08,2.3113e-07,6.1737e-07,3.1500e-06,6.0705e-06,7.3324e-06,7.1583e-06
P0,60.00,90.00,60.00,0.00,5.9958e-08,2.0997e-07,7.0550e-07,2.9674e-06,7.3500e-06,7.3377e-06,5.7275e-06,5.7820e-08,1.9084e-07,5.1447e-07,2.9979e-06,5.9946e-06,7.2474e-06,6.5899e-06
P0,0.00,135.00,60.00,0.00,4.3369e-08,2.5386e-07,8.4456e-07,3.1357e-06,7.4476e-06,7.4350e-06,6.4634e-06,4.1933e-08,2.3113e-07,6.1736e-07,3.1497e-06,6.0705e-06,7.3324e-06,7.1583e-06
P0,30.00,45.00,0.00,0.00,6.9723e-08,2.4409e-07,8.1517e-07,3.1095e-06,7.4350e-06,7.4224e-06,6.3202e-06,6.6876e-08,2.2210e-07,5.9490e-07,3.1270e-06,6.0620e-06,7.3219e-06,7.0534e-06
P0,0.00,135.00,0.00,0.00,6.6123e-08,2.5387e-07,8.4456e-07,3.1360e-06,7.4476e-06,7.4350e-06,6.4634e-06,6.3429e-08,2.3113e-07,6.1737e-07,3.1500e-06,6.0705e-06,7.3324e-06,7.1583e-06
P0,0.00,45.00,0.00,0.00,6.6123e-08,2.5387e-07,8.4456e-07,3.1360e-06,7.4476e-06,7.4350e-06,6.4634e-06,6.3429e-08,2.3113e-07,6.1737e-07,3.1500e-06,6.0705e-06,7.3324e-06,7.1583e-06
P0,0.00,45.00,60.00,0.00,4.3369e-08,2.5386e-07,8.4456e-07,3.1357e-06,7.4476e-06,7.4350e-06,6.4634e-06,4.1933e-08,2.3113e-07,6.1736e-07,3.1497e-06,6.0705e-06,7.3324e-06,7.1583e-06
P0,0.00,0.00,60.00,0.00,4.3369e-08,2.5386e-07,8.4456e-07,3.1357e-06,7.4476e-06,7.4350e-06,6.4634e-06,4.1933e-08,2.3113e-07,6.1736e-07,3.1497e-06,6.0705e-06,7.3324e-06,7.1583e-06
P0,0.00,0.00,0.00,0.00,6.6123e-08,2.5387e-07,8.4456e-07,3.1360e-06,7.4476e-06,7.4350e-06,6.4634e-06,6.3429e-08,2.3113e-07,6.1737e-07,3.1500e-06,6.0705e-06,7.3324e-06,7.1583e-06
P0,30.00,45.00,60.00,0.00,5.5778e-08,2.4408e-07,8.1516e-07,3.1098e-06,7.4350e-06,7.4225e-06,6.3202e-06,5.3863e-08,2.2210e-07,5.9490e-07,3.1273e-06,6.0621e-06,7.3219e-06,7.0534e-06
P0,0.00,90.00,60.00,0.00,4.3369e-08,2.5386e-07,8.4456e-07,3.1357e-06,7.4476e-06,7.4350e-06,6.4634e-06,4.1933e-08,2.3113e-07,6.1736e-07,3.1497e-06,6.0705e-06,7.3324e-06,7.1583e-06
P0,60.00,45.00,60.00,0.00,9.2103e-08,2.0998e-07,7.0551e-07,2.9695e-06,7.3503e-06,7.3379e-06,5.7275e-06,8.8848e-08,1.9084e-07,5.1447e-07,3.0002e-06,5.9951e-06,7.2476e-06,6.5899e-06
P0,30.00,90.00,0.00,0.00,6.9723e-08,2.4409e-07,8.1517e-07,3.1095e-06,7.4350e-06,7.4224e-06,6.3202e-06,6.6876e-08,2.2210e-07,5.9490e-07,3.1270e-06,6.0620e-06,7.3219e-06,7.0534e-06
P0,30.00,135.00,0.00,0.00,6.9723e-08,2.4409e-07,8.1517e-07,3.1095e-06,7.4350e-06,7.4224e-06,6.3202e-06,6.6876e-08,2.2210e-07,5.9490e-07,3.1270e-06,6.0620e-06,7.3219e-06,7.0534e-06
P0,0.00,45.00,30.00,0.00,6.1790e-08,2.5387e-07,8.4456e-07,3.1359e-06,7.4476e-06,7.4350e-06,6.4634e-06,5.9345e-08,2.3113e-07,6.1737e-07,3.1499e-06,6.0705e-06,7.3324e-06,7.1583e-06
P0,60.00,90.00,30.00,0.00,7.4892e-08,2.0997e-07,7.0551e-07,2.9676e-06,7.3501e-06,7.3377e-06,5.7275e-06,7.1966e-08,1.9084e-07,5.1447e-07,2.9981e-06,5.9947e-06,7.2474e-06,6.5899e-06
P1,30.00,180.00,30.00,0.00,8.3453e-08,3.2465e-07,1.0661e-06,5.8330e-06,1.1465e-05,1.1453e-05,8.7786e-06,8.2302e-08,2.9439e-07,7.7752e-07,5.8868e-06,1.0105e-05,1.1387e-05,1.0056e-05
P1,0.00,45.00,60.00,0.00,6.9503e-08,3.3918e-07,1.1070e-06,5.9014e-06,1.1549e-05,1.1536e-05,9.0379e-06,6.9049e-08,3.0783e-07,8.0771e-07,5.9494e-06,1.0160e-05,1.1464e-05,1.0270e-05
P1,0.00,180.00,0.00,0.00,8.9523e-08,3.3918e-07,1.1070e-06,5.9017e-06,1.1549e-05,1.1536e-05,9.0379e-06,8.8135e-08,3.0783e-07,8.0771e-07,5.9496e-06,1.0160e-05,1.1465e-05,1.0270e-05
P1,0.00,90.00,0.00,0.00,8.9523e-08,3.3918e-07,1.1070e-06,5.9017e-06,1.1549e-05,1.1536e-05,9.0379e-06,8.8135e-08,3.0783e-07,8.0771e-07,5.9496e-06,1.0160e-05,1.1465e-05,1.0270e-05
P1,30.00,135.00,30.00,0.00,8.4656e-08,3.2465e-07,1.0661e-06,5.8331e-06,1.1465e-05,1.1453e-05,8.7786e-06,8.3468e-08,2.9439e-07,7.7752e-07,5.8869e-06,1.0105e-05,1.1387e-05,1.0056e-05
P1,30.00,0.00,30.00,0.00,9.3821e-08,3.2465e-07,1.0661e-06,5.8334e-06,1.1465e-05,1.1453e-05,8.7786e-06,9.2357e-08,2.9439e-07,7.7752e-07,5.8873e-06,1.0105e-05,1.1387e-05,1.0056e-05
P1,0.00,45.00,0.00,0.00,8.9523e-08,3.3918e-07,1.1070e-06,5.9017e-06,1.1549e-05,1.1536e-05,9.0379e-06,8.8135e-08,3.0783e-07,8.0771e-07,5.9496e-06,1.0160e-05,1.1465e-05,1.0270e-05
P1,30.00,180.00,60.00,0.00,6.5946e-08,3.2464e-07,1.0661e-06,5.8328e-06,1.1465e-05,1.1453e-05,8.7786e-06,6.5560e-08,2.9439e-07,7.7752e-07,5.8866e-06,1.0105e-05,1.1387e-05,1.0056e-05
P1,0.00,135.00,0.00,0.00,8.9523e-08,3.3918e-07,1.1070e-06,5.9017e-06,1.1549e-05,1.1536e-05,9.0379e-06,8.8135e-08,3.0783e-07,8.0771e-07,5.9496e-06,1.0160e-05,1.1465e-05,1.0270e-05
P1,0.00,180.00,30.00,0.00,8.5651e-08,3.3918e-07,1.1070e-06,5.9016e-06,1.1549e-05,1.1536e-05,9.0379e-06,8.4453e-08,3.0783e-07,8.0771e-07,5.9496e-06,1.0160e-05,1.1465e-05,1.0270e-05
P1,30.00,90.00,60.00,0.00,7.1688e-08,3.2464e-07,1.0661e-06,5.8330e-06,1.1465e-05,1.1453e-05,8.7786e-06,7.1133e-08,2.9439e-07,7.7752e-07,5.8868e-06,1.0105e-05,1.1387e-05,1.0056e-05
P1,60.00,180.00,60.00,0.00,6.3520e-08,2.7294e-07,9.1855e-07,5.5104e-06,1.1045e-05,1.1033e-05,7.7369e-06,6.3073e-08,2.4676e-07,6.6790e-07,5.5881e-06,9.8132e-06,1.0991e-05,9.1439e-06
P1,60.00,0.00,0.00,0.00,9.1167e-08,2.7294e-07,9.1855e-07,5.5111e-06,1.1045e-05,1.1033e-05,7.7369e-06,8.9688e-08,2.4676e-07,6.6790e-07,5.5889e-06,9.8134e-06,1.0991e-05,9.1440e-06
P1,0.00,135.00,60.00,0.00,6.9503e-08,3.3918e-07,1.1070e-06,5.9014e-06,1.1549e-05,1.1536e-05,9.0379e-06,6.9049e-08,3.0783e-07,8.0771e-07,5.9494e-06,1.0160e-05,1.1464e-05,1.0270e-05
P1,60.00,45.00,0.00,0.00,9.1167e-08,2.7294e-07,9.1855e-07,5.5111e-06,1.1045e-05,1.1033e-05,7.7369e-06,8.9688e-08,2.4676e-07,6.6790e-07,5.5889e-06,9.8134e-06,1.0991e-05,9.1440e-06
P1,0.00,45.00,30.00,0.00,8.5651e-08,3.3918e-07,1.1070e-06,5.9016e-06,1.1549e-05,1.1536e-05,9.0379e-06,8.4453e-08,3.0783e-07,8.0771e-07,5.9496e-06,1.0160e-05,1.1465e-05,1.0270e-05
P1,0.00,0.00,0.00,0.00,8.9523e-08,3.3918e-07,1.1070e-06,5.9017e-06,1.1549e-05,1.1536e-05,9.0379e-06,8.8135e-08,3.0783e-07,8.0771e-07,5.9496e-06,1.0160e-05,1.1465e-05,1.0270e-05
P1,30.00,45.00,60.00,0.00,7.8280e-08,3.2464e-07,1.0661e-06,5.8332e-06,1.1465e-05,1.1453e-05,8.7786e-06,7.7545e-08,2.9439e-07,7.7752e-07,5.8871e-06,1.0105e-05,1.1387e-05,1.0056e-05
P1,60.00,135.00,60.00,0.00,6.6222e-08,2.7294e-07,9.1855e-07,5.5105e-06,1.1045e-05,1.1033e-05,7.7369e-06,6.5695e-08,2.4676e-07,6.6790e-07,5.5883e-06,9.8133e-06,1.0991e-05,9.1439e-06
P1,0.00,180.00,60.00,0.00,6.9503e-08,3.3918e-07,1.1070e-06,5.9014e-06,1.1549e-05,1.1536e-05,9.0379e-06,6.9049e-08,3.0783e-07,8.0771e-07,5.9494e-06,1.0160e-05,1.1464e-05,1.0270e-05
P1,30.00,135.00,60.00,0.00,6.7341e-08,3.2464e-07,1.0661e-06,5.8328e-06,1.1465e-05,1.1453e-05,8.7786e-06,6.6912e-08,2.9439e-07,7.7752e-07,5.8867e-06,1.0105e-05,1.1387e-05,1.0056e-05
P1,0.00,90.00,60.00,0.00,6.9503e-08,3.3918e-07,1.1070e-06,5.9014e-06,1.1549e-05,1.1536e-05,9.0379e-06,6.9049e-08,3.0783e-07,8.0771e-07,5.9494e-06,1.0160e-05,1.1464e-05,1.0270e-05
P1,30.00,0.00,0.00,0.00,9.1222e-08,3.2465e-07,1.0661e-06,5.8332e-06,1.1465e-05,1.1453e-05,8.7786e-06,8.9756e-08,2.9439e-07,7.7752e-07,5.8871e-06,1.0105e-05,1.1387e-05,1.0056e-05
P1,30.00,90.00,30.00,0.00,8.7948e-08,3.2465e-07,1.0661e-06,5.8332e-06,1.1465e-05,1.1453e-05,8.7786e-06,8.6658e-08,2.9439e-07,7.7752e-07,5.8871e-06,1.0105e-05,1.1387e-05,1.0056e-05
P1,30.00,135.00,0.00,0.00,9.1222e-08,3.2465e-07,1.0661e-06,5.8332e-06,1.1465e-05,1.1453e-05,8.7786e-06,8.9756e-08,2.9439e-07,7.7752e-07,5.8871e-06,1.0105e-05,1.1387e-05,1.0056e-05
P1,60.00,180.00,0.00,0.00,9.1167e-08,2.7294e-07,9.1855e-07,5.5111e-06,1.1045e-05,1.1033e-05,7.7369e-06,8.9688e-08,2.4676e-07,6.6790e-07,5.5889e-06,9.8134e-06,1.0991e-05,9.1440e-06
P1,0.00,0.00,30.00,0.00,8.5651e-08,3.3918e-07,1.1070e-06,5.9016e-06,1.1549e-05,1.1536e-05,9.0379e-06,8.4453e-08,3.0783e-07,8.0771e-07,5.9496e-06,1.0160e-05,1.1465e-05,1.0270e-05
P1,60.00,90.00,30.00,0.00,8.9609e-08,2.7294e-07,9.1855e-07,5.5111e-06,1.1045e-05,1.1033e-05,7.7369e-06,8.8223e-08,2.4676e-07,6.6790e-07,5.5889e-06,9.8134e-06,1.0991e-05,9.1440e-06
P1,30.00,0.00,60.00,0.00,8.2132e-08,3.2465e-07,1.0661e-06,5.8334e-06,1.1465e-05,1.1453e-05,8.7786e-06,8.1297e-08,2.9439e-07,7.7752e-07,5.8873e-06,1.0105e-05,1.1387e-05,1.0056e-05
P1,0.00,90.00,30.00,0.00,8.5651e-08,3.3918e-07,1.1070e-06,5.9016e-06,1.1549e-05,1.1536e-05,9.0379e-06,8.4453e-08,3.0783e-07,8.0771e-07,5.9496e-06,1.0160e-05,1.1465e-05,1.0270e-05
P1,60.00,45.00,30.00,0.00,1.0094e-07,2.7295e-07,9.1855e-07,5.5115e-06,1.1045e-05,1.1033e-05,7.7369e-06,9.9244e-08,2.4676e-07,6.6790e-07,5.5893e-06,9.8135e-06,1.0991e-05,9.1440e-06
P1,30.00,180.00,0.00,0.00,9.1222e-08,3.2465e-07,1.0661e-06,5.8332e-06,1.1465e-05,1.1453e-05,8.7786e-06,8.9756e-08,2.9439e-07,7.7752e-07,5.8871e-06,1.0105e-05,1.1387e-05,1.0056e-05
P1,30.00,45.00,30.00,0.00,9.1907e-08,3.2465e-07,1.0661e-06,5.8334e-06,1.1465e-05,1.1453e-05,8.7786e-06,9.0498e-08,2.9439e-07,7.7752e-07,5.8872e-06,1.0105e-05,1.1387e-05,1.0056e-05
P1,0.00,0.00,60.00,0.00,6.9503e-08,3.3918e-07,1.1070e-06,5.9014e-06,1.1549e-05,1.1536e-05,9.0379e-06,6.9049e-08,3.0783e-07,8.0771e-07,5.9494e-06,1.0160e-05,1.1464e-05,1.0270e-05
P1,30.00,45.00,0.00,0.00,9.1222e-08,3.2465e-07,1.0661e-06,5.8332e-06,1.1465e-05,1.1453e-05,8.7786e-06,8.9756e-08,2.9439e-07,7.7752e-07,5.8871e-06,1.0105e-05,1.1387e-05,1.0056e-05
P1,60.00,0.00,30.00,0.00,1.0756e-07,2.7295e-07,9.1855e-07,5.5118e-06,1.1045e-05,1.1033e-05,7.7369e-06,1.0569e-07,2.4676e-07,6.6790e-07,5.5896e-06,9.8135e-06,1.0991e-05,9.1440e-06
P1,60.00,90.00,0.00,0.00,9.1167e-08,2.7294e-07,9.1855e-07,5.5111e-06,1.1045e-05,1.1033e-05,7.7369e-06,8.9688e-08,2.4676e-07,6.6790e-07,5.5889e-06,9.8134e-06,1.0991e-05,9.1440e-06
P1,60.00,135.00,30.00,0.00,8.2135e-08,2.7294e-07,9.1855e-07,5.5108e-06,1.1045e-05,1.1033e-05,7.7369e-06,8.0968e-08,2.4676e-07,6.6790e-07,5.5886e-06,9.8133e-06,1.0991e-05,9.1440e-06
P1,30.00,90.00,0.00,0.00,9.1222e-08,3.2465e-07,1.0661e-06,5.8332e-06,1.1465e-05,1.1453e-05,8.7786e-06,8.9756e-08,2.9439e-07,7.7752e-07,5.8871e-06,1.0105e-05,1.1387e-05,1.0056e-05
P1,0.00,135.00,30.00,0.00,8.5651e-08,3.3918e-07,1.1070e-06,5.9016e-06,1.1549e-05,1.1536e-05,9.0379e-06,8.4453e-08,3.0783e-07,8.0771e-07,5.9496e-06,1.0160e-05,1.1465e-05,1.0270e-05
P1,60.00,90.00,60.00,0.00,7.6506e-08,2.7294e-07,9.1855e-07,5.5109e-06,1.1045e-05,1.1033e-05,7.7369e-06,7.5686e-08,2.4676e-07,6.6790e-07,5.5886e-06,9.8133e-06,1.0991e-05,9.1439e-06
P1,60.00,0.00,60.00,0.00,1.2593e-07,2.7295e-07,9.1855e-07,5.5131e-06,1.1045e-05,1.1033e-05,7.7369e-06,1.2393e-07,2.4676e-07,6.6790e-07,5.5911e-06,9.8138e-06,1.0992e-05,9.1440e-06
P1,60.00,45.00,60.00,0.00,1.0130e-07,2.7294e-07,9.1855e-07,5.5118e-06,1.1045e-05,1.1033e-05,7.7369e-06,9.9850e-08,2.4676e-07,6.6790e-07,5.5897e-06,9.8135e-06,1.0991e-05,9.1440e-06
P1,60.00,180.00,30.00,0.00,7.9738e-08,2.7294e-07,9.1855e-07,5.5108e-06,1.1045e-05,1.1033e-05,7.7369e-06,7.8643e-08,2.4676e-07,6.6790e-07,5.5885e-06,9.8133e-06,1.0991e-05,9.1440e-06
P1,60.00,135.00,0.00,0.00,9.1167e-08,2.7294e-07,9.1855e-07,5.5111e-06,1.1045e-05,1.1033e-05,7.7369e-06,8.9688e-08,2.4676e-07,6.6790e-07,5.5889e-06,9.8134e-06,1.0991e-05,9.1440e-06
P2,30.00,90.00,0.00,0.00,8.2277e-08,3.2540e-07,1.1396e-06,4.7809e-06,1.0083e-05,1.0069e-05,7.8274e-06,7.9875e-08,2.9368e-07,8.1498e-07,4.8221e-06,8.5847e-06,9.9764e-06,8.9432e-06
P2,0.00,180.00,0.00,0.00,7.9466e-08,3.4182e-07,1.1880e-06,4.8318e-06,1.0121e-05,1.0107e-05,8.0296e-06,7.7200e-08,3.0878e-07,8.5325e-07,4.8680e-06,8.6147e-06,1.0011e-05,9.1048e-06
P2,30.00,180.00,0.00,0.00,8.2277e-08,3.2540e-07,1.1396e-06,4.7809e-06,1.0083e-05,1.0069e-05,7.8274e-06,7.9875e-08,2.9368e-07,8.1498e-07,4.8221e-06,8.5847e-06,9.9764e-06,8.9432e-06
P2,30.00,0.00,0.00,0.00,8.2277e-08,3.2540e-07,1.1396e-06,4.7809e-06,1.0083e-05,1.0069e-05,7.8274e-06,7.9875e-08,2.9368e-07,8.1498e-07,4.8221e-06,8.5847e-06,9.9764e-06,8.9432e-06
P2,0.00,0.00,0.00,0.00,7.9466e-08,3.4182e-07,1.1880e-06,4.8318e-06,1.0121e-05,1.0107e-05,8.0296e-06,7.7200e-08,3.0878e-07,8.5325e-07,4.8680e-06,8.6147e-06,1.0011e-05,9.1048e-06
P2,30.00,180.00,60.00,0.00,5.4191e-08,3.2539e-07,1.1396e-06,4.7803e-06,1.0082e-05,1.0069e-05,7.8273e-06,5.3158e-08,2.9368e-07,8.1498e-07,4.8216e-06,8.5846e-06,9.9763e-06,8.9432e-06
P2,60.00,180.00,0.00,0.00,8.6034e-08,2.7051e-07,9.5862e-07,4.5342e-06,9.8880e-06,9.8745e-06,7.0261e-06,8.3478e-08,2.4387e-07,6.7766e-07,4.5952e-06,8.4253e-06,9.7985e-06,8.2635e-06
P2,0.00,0.00,60.00,0.00,5.7610e-08,3.4181e-07,1.1880e-06,4.8316e-06,1.0121e-05,1.0107e-05,8.0296e-06,5.6494e-08,3.0878e-07,8.5325e-07,4.8677e-06,8.6146e-06,1.0011e-05,9.1048e-06
P2,0.00,45.00,0.00,0.00,7.9466e-08,3.4182e-07,1.1880e-06,4.8318e-06,1.0121e-05,1.0107e-05,8.0296e-06,7.7200e-08,3.0878e-07,8.5325e-07,4.8680e-06,8.6147e-06,1.0011e-05,9.1048e-06
P2,60.00,135.00,0.00,0.00,8.6034e-08,2.7051e-07,9.5862e-07,4.5342e-06,9.8880e-06,9.8745e-06,7.0261e-06,8.3478e-08,2.4387e-07,6.7766e-07,4.5952e-06,8.4253e-06,9.7985e-06,8.2635e-06
P2,30.00,90.00,30.00,0.00,7.8794e-08,3.2540e-07,1.1396e-06,4.7809e-06,1.0083e-05,1.0069e-05,7.8274e-06,7.6601e-08,2.9368e-07,8.1498e-07,4.8222e-06,8.5847e-06,9.9764e-06,8.9432e-06
P2,30.00,180.00,30.00,0.00,7.3614e-08,3.2539e-07,1.1396e-06,4.7806e-06,1.0083e-05,1.0069e-05,7.8274e-06,7.1613e-08,2.9368e-07,8.1498e-07,4.8218e-06,8.5846e-06,9.9763e-06,8.9432e-06
P2,30.00,135.00,60.00,0.00,5.5841e-08,3.2539e-07,1.1396e-06,4.7804e-06,1.0082e-05,1.0069e-05,7.8273e-06,5.4746e-08,2.9368e-07,8.1498e-07,4.8217e-06,8.5846e-06,9.9763e-06,8.9432e-06
P2,60.00,0.00,0.00,0.00,8.6034e-08,2.7051e-07,9.5862e-07,4.5342e-06,9.8880e-06,9.8745e-06,7.0261e-06,8.3478e-08,2.4387e-07,6.7766e-07,4.5952e-06,8.4253e-06,9.7985e-06,8.2635e-06
P2,0.00,135.00,0.00,0.00,7.9466e-08,3.4182e-07,1.1880e-06,4.8318e-06,1.0121e-05,1.0107e-05,8.0296e-06,7.7200e-08,3.0878e-07,8.5325e-07,4.8680e-06,8.6147e-06,1.0011e-05,9.1048e-06
P2,0.00,180.00,60.00,0.00,5.7610e-08,3.4181e-07,1.1880e-06,4.8316e-06,1.0121e-05,1.0107e-05,8.0296e-06,5.6494e-08,3.0878e-07,8.5325e-07,4.8677e-06,8.6146e-06,1.0011e-05,9.1048e-06
P2,0.00,90.00,30.00,0.00,7.5301e-08,3.4182e-07,1.1880e-06,4.8317e-06,1.0121e-05,1.0107e-05,8.0296e-06,7.3263e-08,3.0878e-07,8.5325e-07,4.8679e-06,8.6147e-06,1.0011e-05,9.1048e-06
P2,0.00,90.00,60.00,0.00,5.7610e-08,3.4181e-07,1.1880e-06,4.8316e-06,1.0121e-05,1.0107e-05,8.0296e-06,5.6494e-08,3.0878e-07,8.5325e-07,4.8677e-06,8.6146e-06,1.0011e-05,9.1048e-06
P2,60.00,0.00,60.00,0.00,1.3013e-07,2.7052e-07,9.5862e-07,4.5378e-06,9.8883e-06,9.8748e-06,7.0262e-06,1.2654e-07,2.4387e-07,6.7766e-07,4.5992e-06,8.4261e-06,9.7988e-06,8.2636e-06
P2,60.00,135.00,60.00,0.00,5.7808e-08,2.7050e-07,9.5862e-07,4.5334e-06,9.8879e-06,9.8744e-06,7.0261e-06,5.6512e-08,2.4387e-07,6.7766e-07,4.5944e-06,8.4251e-06,9.7984e-06,8.2635e-06
P2,60.00,0.00,30.00,0.00,1.0569e-07,2.7051e-07,9.5862e-07,4.5353e-06,9.8881e-06,9.8746e-06,7.0261e-06,1.0253e-07,2.4387e-07,6.7766e-07,4.5964e-06,8.4255e-06,9.7986e-06,8.2636e-06
P2,60.00,90.00,60.00,0.00,7.0280e-08,2.7050e-07,9.5862e-07,4.5340e-06,9.8879e-06,9.8744e-06,7.0261e-06,6.8534e-08,2.4387e-07,6.7766e-07,4.5950e-06,8.4253e-06,9.7984e-06,8.2635e-06
P2,60.00,45.00,30.00,0.00,9.7885e-08,2.7051e-07,9.5862e-07,4.5349e-06,9.8880e-06,9.8745e-06,7.0261e-06,9.4976e-08,2.4387e-07,6.7766e-07,4.5960e-06,8.4254e-06,9.7985e-06,8.2636e-06
P2,0.00,180.00,30.00,0.00,7.5301e-08,3.4182e-07,1.1880e-06,4.8317e-06,1.0121e-05,1.0107e-05,8.0296e-06,7.3263e-08,3.0878e-07,8.5325e-07,4.8679e-06,8.6147e-06,1.0011e-05,9.1048e-06
P2,60.00,180.00,30.00,0.00,7.2864e-08,2.7050e-07,9.5862e-07,4.5337e-06,9.8879e-06,9.8744e-06,7.0261e-06,7.0834e-08,2.4387e-07,6.7766e-07,4.5947e-06,8.4252e-06,9.7984e-06,8.2635e-06
P2,60.00,180.00,60.00,0.00,5.4530e-08,2.7050e-07,9.5862e-07,4.5332e-06,9.8878e-06,9.8743e-06,7.0261e-06,5.3355e-08,2.4387e-07,6.7766e-07,4.5941e-06,8.4251e-06,9.7983e-06,8.2635e-06
P2,30.00,90.00,60.00,0.00,6.0980e-08,3.2539e-07,1.1396e-06,4.7806e-06,1.0083e-05,1.0069e-05,7.8273e-06,5.9701e-08,2.9368e-07,8.1498e-07,4.8219e-06,8.5846e-06,9.9763e-06,8.9432e-06
P2,60.00,135.00,30.00,0.00,7.5696e-08,2.7050e-07,9.5862e-07,4.5338e-06,9.8879e-06,9.8744e-06,7.0261e-06,7.3561e-08,2.4387e-07,6.7766e-07,4.5948e-06,8.4252e-06,9.7984e-06,8.2635e-06
P2,30.00,0.00,30.00,0.00,8.5557e-08,3.2540e-07,1.1396e-06,4.7812e-06,1.0083e-05,1.0069e-05,7.8274e-06,8.3121e-08,2.9368e-07,8.1498e-07,4.8225e-06,8.5847e-06,9.9764e-06,8.9432e-06
P2,60.00,45.00,0.00,0.00,8.6034e-08,2.7051e-07,9.5862e-07,4.5342e-06,9.8880e-06,9.8745e-06,7.0261e-06,8.3478e-08,2.4387e-07,6.7766e-07,4.5952e-06,8.4253e-06,9.7985e-06,8.2635e-06
P2,60.00,90.00,0.00,0.00,8.6034e-08,2.7051e-07,9.5862e-07,4.5342e-06,9.8880e-06,9.8745e-06,7.0261e-06,8.3478e-08,2.4387e-07,6.7766e-07,4.5952e-06,8.4253e-06,9.7985e-06,8.2635e-06
P2,0.00,0.00,30.00,0.00,7.5301e-08,3.4182e-07,1.1880e-06,4.8317e-06,1.0121e-05,1.0107e-05,8.0296e-06,7.3263e-08,3.0878e-07,8.5325e-07,4.8679e-06,8.6147e-06,1.0011e-05,9.1048e-06
P2,0.00,45.00,60.00,0.00,5.7610e-08,3.4181e-07,1.1880e-06,4.8316e-06,1.0121e-05,1.0107e-05,8.0296e-06,5.6494e-08,3.0878e-07,8.5325e-07,4.8677e-06,8.6146e-06,1.0011e-05,9.1048e-06
P2,0.00,135.00,60.00,0.00,5.7610e-08,3.4181e-07,1.1880e-06,4.8316e-06,1.0121e-05,1.0107e-05,8.0296e-06,5.6494e-08,3.0878e-07,8.5325e-07,4.8677e-06,8.6146e-06,1.0011e-05,9.1048e-06
P2,30.00,45.00,60.00,0.00,6.8767e-08,3.2539e-07,1.1396e-06,4.7810e-06,1.0083e-05,1.0069e-05,7.8273e-06,6.7221e-08,2.9368e-07,8.1498e-07,4.8224e-06,8.5847e-06,9.9764e-06,8.9432e-06
P2,60.00,90.00,30.00,0.00,8.4519e-08,2.7051e-07,9.5862e-07,4.5342e-06,9.8880e-06,9.8745e-06,7.0261e-06,8.2065e-08,2.4387e-07,6.7766e-07,4.5952e-06,8.4253e-06,9.7985e-06,8.2635e-06
P2,30.00,45.00,0.00,0.00,8.2277e-08,3.2540e-07,1.1396e-06,4.7809e-06,1.0083e-05,1.0069e-05,7.8274e-06,7.9875e-08,2.9368e-07,8.1498e-07,4.8221e-06,8.5847e-06,9.9764e-06,8.9432e-06
P2,30.00,45.00,30.00,0.00,8.3353e-08,3.2540e-07,1.1396e-06,4.7811e-06,1.0083e-05,1.0069e-05,7.8274e-06,8.0995e-08,2.9368e-07,8.1498e-07,4.8224e-06,8.5847e-06,9.9764e-06,8.9432e-06
P2,30.00,0.00,60.00,0.00,7.3313e-08,3.2539e-07,1.1396e-06,4.7813e-06,1.0083e-05,1.0069e-05,7.8274e-06,7.1619e-08,2.9368e-07,8.1498e-07,4.8226e-06,8.5848e-06,9.9764e-06,8.9432e-06
P2,30.00,135.00,0.00,0.00,8.2277e-08,3.2540e-07,1.1396e-06,4.7809e-06,1.0083e-05,1.0069e-05,7.8274e-06,7.9875e-08,2.9368e-07,8.1498e-07,4.8221e-06,8.5847e-06,9.9764e-06,8.9432e-06
P2,0.00,45.00,30.00,0.00,7.5301e-08,3.4182e-07,1.1880e-06,4.8317e-06,1.0121e-05,1.0107e-05,8.0296e-06,7.3263e-08,3.0878e-07,8.5325e-07,4.8679e-06,8.6147e-06,1.0011e-05,9.1048e-06
P2,30.00,135.00,30.00,0.00,7.5000e-08,3.2539e-07,1.1396e-06,4.7807e-06,1.0083e-05,1.0069e-05,7.8274e-06,7.2949e-08,2.9368e-07,8.1498e-07,4.8220e-06,8.5846e-06,9.9763e-06,8.9432e-06
P2,0.00,135.00,30.00,0.00,7.5301e-08,3.4182e-07,1.1880e-06,4.8317e-06,1.0121e-05,1.0107e-05,8.0296e-06,7.3263e-08,3.0878e-07,8.5325e-07,4.8679e-06,8.6147e-06,1.0011e-05,9.1048e-06
P2,60.00,45.00,60.00,0.00,1.0032e-07,2.7051e-07,9.5862e-07,4.5357e-06,9.8881e-06,9.8746e-06,7.0261e-06,9.7596e-08,2.4387e-07,6.7766e-07,4.5969e-06,8.4256e-06,9.7986e-06,8.2636e-06
P2,0.00,90.00,0.00,0.00,7.9466e-08,3.4182e-07,1.1880e-06,4.8318e-06,1.0121e-05,1.0107e-05,8.0296e-06,7.7200e-08,3.0878e-07,8.5325e-07,4.8680e-06,8.6147e-06,1.0011e-05,9.1048e-06
P3,60.00,180.00,30.00,0.00,7.5734e-08,2.5882e-07,9.6088e-07,5.3056e-06,1.0270e-05,1.0260e-05,7.3856e-06,7.4992e-08,2.3125e-07,6.8198e-07,5.3791e-06,9.2274e-06,1.0222e-05,8.6551e-06
P3,60.00,90.00,0.00,0.00,8.5930e-08,2.5882e-07,9.6088e-07,5.3058e-06,1.0270e-05,1.0260e-05,7.3856e-06,8.4891e-08,2.3125e-07,6.8197e-07,5.3793e-06,9.2274e-06,1.0222e-05,8.6551e-06
P3,30.00,180.00,30.00,0.00,8.2145e-08,3.2109e-07,1.1230e-06,5.7279e-06,1.0894e-05,1.0883e-05,8.3426e-06,8.1351e-08,2.8904e-07,8.1506e-07,5.7816e-06,9.7783e-06,1.0836e-05,9.5366e-06
P3,60.00,45.00,30.00,0.00,9.4196e-08,2.5883e-07,9.6088e-07,5.3059e-06,1.0270e-05,1.0260e-05,7.3856e-06,9.3022e-08,2.3125e-07,6.8197e-07,5.3795e-06,9.2274e-06,1.0222e-05,8.6551e-06
P3,0.00,135.00,0.00,0.00,8.8697e-08,3.3872e-07,1.1650e-06,5.8303e-06,1.1043e-05,1.1032e-05,8.5901e-06,8.7693e-08,3.0556e-07,8.5019e-07,5.8792e-06,9.9063e-06,1.0982e-05,9.7602e-06
P3,60.00,135.00,0.00,0.00,8.5930e-08,2.5882e-07,9.6088e-07,5.3058e-06,1.0270e-05,1.0260e-05,7.3856e-06,8.4891e-08,2.3125e-07,6.8197e-07,5.3793e-06,9.2274e-06,1.0222e-05,8.6551e-06
P3,60.00,0.00,60.00,0.00,1.1413e-07,2.5883e-07,9.6088e-07,5.3064e-06,1.0270e-05,1.0260e-05,7.3856e-06,1.1288e-07,2.3125e-07,6.8197e-07,5.3801e-06,9.2275e-06,1.0222e-05,8.6551e-06
P3,60.00,45.00,60.00,0.00,9.3119e-08,2.5883e-07,9.6088e-07,5.3059e-06,1.0270e-05,1.0260e-05,7.3856e-06,9.2226e-08,2.3125e-07,6.8197e-07,5.3795e-06,9.2274e-06,1.0222e-05,8.6551e-06
P3,60.00,180.00,0.00,0.00,8.5930e-08,2.5882e-07,9.6088e-07,5.3058e-06,1.0270e-05,1.0260e-05,7.3856e-06,8.4891e-08,2.3125e-07,6.8197e-07,5.3793e-06,9.2274e-06,1.0222e-05,8.6551e-06
P3,60.00,180.00,60.00,0.00,6.0925e-08,2.5882e-07,9.6088e-07,5.3054e-06,1.0270e-05,1.0260e-05,7.3856e-06,6.0709e-08,2.3125e-07,6.8197e-07,5.3789e-06,9.2274e-06,1.0222e-05,8.6551e-06
P3,0.00,90.00,30.00,0.00,8.4963e-08,3.3872e-07,1.1650e-06,5.8302e-06,1.1043e-05,1.1032e-05,8.5901e-06,8.4132e-08,3.0556e-07,8.5019e-07,5.8791e-06,9.9063e-06,1.0982e-05,9.7602e-06
P3,0.00,135.00,60.00,0.00,6.9698e-08,3.3872e-07,1.1650e-06,5.8301e-06,1.1043e-05,1.1032e-05,8.5901e-06,6.9516e-08,3.0556e-07,8.5019e-07,5.8789e-06,9.9063e-06,1.0982e-05,9.7602e-06
P3,0.00,180.00,0.00,0.00,8.8697e-08,3.3872e-07,1.1650e-06,5.8303e-06,1.1043e-05,1.1032e-05,8.5901e-06,8.7693e-08,3.0556e-07,8.5019e-07,5.8792e-06,9.9063e-06,1.0982e-05,9.7602e-06
P3,60.00,0.00,30.00,0.00,9.9965e-08,2.5883e-07,9.6088e-07,5.3060e-06,1.0270e-05,1.0260e-05,7.3856e-06,9.8669e-08,2.3125e-07,6.8197e-07,5.3796e-06,9.2275e-06,1.0222e-05,8.6551e-06
P3,60.00,0.00,0.00,0.00,8.5930e-08,2.5882e-07,9.6088e-07,5.3058e-06,1.0270e-05,1.0260e-05,7.3856e-06,8.4891e-08,2.3125e-07,6.8197e-07,5.3793e-06,9.2274e-06,1.0222e-05,8.6551e-06
P3,30.00,135.00,30.00,0.00,8.3218e-08,3.2109e-07,1.1230e-06,5.7279e-06,1.0894e-05,1.0883e-05,8.3426e-06,8.2395e-08,2.8904e-07,8.1506e-07,5.7817e-06,9.7783e-06,1.0836e-05,9.5366e-06
P3,30.00,45.00,0.00,0.00,8.9338e-08,3.2109e-07,1.1230e-06,5.7280e-06,1.0894e-05,1.0883e-05,8.3426e-06,8.8277e-08,2.8904e-07,8.1506e-07,5.7818e-06,9.7783e-06,1.0836e-05,9.5366e-06
P3,30.00,0.00,30.00,0.00,9.1391e-08,3.2109e-07,1.1230e-06,5.7281e-06,1.0894e-05,1.0883e-05,8.3426e-06,9.0358e-08,2.8904e-07,8.1506e-07,5.7819e-06,9.7783e-06,1.0836e-05,9.5366e-06
P3,0.00,45.00,60.00,0.00,6.9698e-08,3.3872e-07,1.1650e-06,5.8301e-06,1.1043e-05,1.1032e-05,8.5901e-06,6.9516e-08,3.0556e-07,8.5019e-07,5.8789e-06,9.9063e-06,1.0982e-05,9.7602e-06
P3,60.00,135.00,30.00,0.00,7.7820e-08,2.5882e-07,9.6088e-07,5.3056e-06,1.0270e-05,1.0260e-05,7.3856e-06,7.7025e-08,2.3125e-07,6.8198e-07,5.3791e-06,9.2274e-06,1.0222e-05,8.6551e-06
P3,0.00,90.00,60.00,0.00,6.9698e-08,3.3872e-07,1.1650e-06,5.8301e-06,1.1043e-05,1.1032e-05,8.5901e-06,6.9516e-08,3.0556e-07,8.5019e-07,5.8789e-06,9.9063e-06,1.0982e-05,9.7602e-06
P3,30.00,90.00,60.00,0.00,7.0802e-08,3.2109e-07,1.1230e-06,5.7278e-06,1.0894e-05,1.0883e-05,8.3426e-06,7.0538e-08,2.8904e-07,8.1506e-07,5.7815e-06,9.7782e-06,1.0836e-05,9.5366e-06
P3,30.00,135.00,0.00,0.00,8.9338e-08,3.2109e-07,1.1230e-06,5.7280e-06,1.0894e-05,1.0883e-05,8.3426e-06,8.8277e-08,2.8904e-07,8.1506e-07,5.7818e-06,9.7783e-06,1.0836e-05,9.5366e-06
P3,0.00,0.00,0.00,0.00,8.8697e-08,3.3872e-07,1.1650e-06,5.8303e-06,1.1043e-05,1.1032e-05,8.5901e-06,8.7693e-08,3.0556e-07,8.5019e-07,5.8792e-06,9.9063e-06,1.0982e-05,9.7602e-06
P3,60.00,90.00,60.00,0.00,7.1986e-08,2.5882e-07,9.6088e-07,5.3056e-06,1.0270e-05,1.0260e-05,7.3856e-06,7.1513e-08,2.3125e-07,6.8197e-07,5.3791e-06,9.2274e-06,1.0222e-05,8.6551e-06
P3,30.00,135.00,60.00,0.00,6.7014e-08,3.2109e-07,1.1230e-06,5.7277e-06,1.0894e-05,1.0883e-05,8.3426e-06,6.6841e-08,2.8904e-07,8.1506e-07,5.7815e-06,9.7782e-06,1.0836e-05,9.5366e-06
P3,30.00,45.00,60.00,0.00,7.6551e-08,3.2109e-07,1.1230e-06,5.7279e-06,1.0894e-05,1.0883e-05,8.3426e-06,7.6159e-08,2.8904e-07,8.1506e-07,5.7817e-06,9.7783e-06,1.0836e-05,9.5366e-06
P3,30.00,180.00,60.00,0.00,6.5798e-08,3.2109e-07,1.1230e-06,5.7277e-06,1.0894e-05,1.0883e-05,8.3426e-06,6.5656e-08,2.8904e-07,8.1506e-07,5.7815e-06,9.7782e-06,1.0836e-05,9.5366e-06
P3,30.00,90.00,0.00,0.00,8.9338e-08,3.2109e-07,1.1230e-06,5.7280e-06,1.0894e-05,1.0883e-05,8.3426e-06,8.8277e-08,2.8904e-07,8.1506e-07,5.7818e-06,9.7783e-06,1.0836e-05,9.5366e-06
P3,0.00,180.00,60.00,0.00,6.9698e-08,3.3872e-07,1.1650e-06,5.8301e-06,1.1043e-05,1.1032e-05,8.5901e-06,6.9516e-08,3.0556e-07,8.5019e-07,5.8789e-06,9.9063e-06,1.0982e-05,9.7602e-06
P3,0.00,0.00,60.00,0.00,6.9698e-08,3.3872e-07,1.1650e-06,5.8301e-06,1.1043e-05,1.1032e-05,8.5901e-06,6.9516e-08,3.0556e-07,8.5019e-07,5.8789e-06,9.9063e-06,1.0982e-05,9.7602e-06
P3,30.00,0.00,0.00,0.00,8.9338e-08,3.2109e-07,1.1230e-06,5.7280e-06,1.0894e-05,1.0883e-05,8.3426e-06,8.8277e-08,2.8904e-07,8.1506e-07,5.7818e-06,9.7783e-06,1.0836e-05,9.5366e-06
P3,60.00,45.00,0.00,0.00,8.5930e-08,2.5882e-07,9.6088e-07,5.3058e-06,1.0270e-05,1.0260e-05,7.3856e-06,8.4891e-08,2.3125e-07,6.8197e-07,5.3793e-06,9.2274e-06,1.0222e-05,8.6551e-06
P3,60.00,135.00,60.00,0.00,6.3227e-08,2.5882e-07,9.6088e-07,5.3054e-06,1.0270e-05,1.0260e-05,7.3856e-06,6.2956e-08,2.3125e-07,6.8197e-07,5.3789e-06,9.2274e-06,1.0222e-05,8.6551e-06
P3,0.00,180.00,30.00,0.00,8.4963e-08,3.3872e-07,1.1650e-06,5.8302e-06,1.1043e-05,1.1032e-05,8.5901e-06,8.4132e-08,3.0556e-07,8.5019e-07,5.8791e-06,9.9063e-06,1.0982e-05,9.7602e-06
P3,30.00,45.00,30.00,0.00,8.9683e-08,3.2109e-07,1.1230e-06,5.7281e-06,1.0894e-05,1.0883e-05,8.3426e-06,8.8691e-08,2.8904e-07,8.1506e-07,5.7819e-06,9.7783e-06,1.0836e-05,9.5366e-06
P3,0.00,45.00,0.00,0.00,8.8697e-08,3.3872e-07,1.1650e-06,5.8303e-06,1.1043e-05,1.1032e-05,8.5901e-06,8.7693e-08,3.0556e-07,8.5019e-07,5.8792e-06,9.9063e-06,1.0982e-05,9.7602e-06
P3,30.00,0.00,60.00,0.00,7.9912e-08,3.2109e-07,1.1230e-06,5.7280e-06,1.0894e-05,1.0883e-05,8.3426e-06,7.9449e-08,2.8904e-07,8.1506e-07,5.7818e-06,9.7783e-06,1.0836e-05,9.5366e-06
P3,0.00,0.00,30.00,0.00,8.4963e-08,3.3872e-07,1.1650e-06,5.8302e-06,1.1043e-05,1.1032e-05,8.5901e-06,8.4132e-08,3.0556e-07,8.5019e-07,5.8791e-06,9.9063e-06,1.0982e-05,9.7602e-06
P3,0.00,45.00,30.00,0.00,8.4963e-08,3.3872e-07,1.1650e-06,5.8302e-06,1.1043e-05,1.1032e-05,8.5901e-06,8.4132e-08,3.0556e-07,8.5019e-07,5.8791e-06,9.9063e-06,1.0982e-05,9.7602e-06
P3,0.00,90.00,0.00,0.00,8.8697e-08,3.3872e-07,1.1650e-06,5.8303e-06,1.1043e-05,1.1032e-05,8.5901e-06,8.7693e-08,3.0556e-07,8.5019e-07,5.8792e-06,9.9063e-06,1.0982e-05,9.7602e-06
P3,30.00,90.00,30.00,0.00,8.6152e-08,3.2109e-07,1.1230e-06,5.7280e-06,1.0894e-05,1.0883e-05,8.3426e-06,8.5252e-08,2.8904e-07,8.1506e-07,5.7818e-06,9.7783e-06,1.0836e-05,9.5366e-06
P3,30.00,180.00,0.00,0.00,8.9338e-08,3.2109e-07,1.1230e-06,5.7280e-06,1.0894e-05,1.0883e-05,8.3426e-06,8.8277e-08,2.8904e-07,8.1506e-07,5.7818e-06,9.7783e-06,1.0836e-05,9.5366e-06
P3,60.00,90.00,30.00,0.00,8.4326e-08,2.5882e-07,9.6088e-07,5.3057e-06,1.0270e-05,1.0260e-05,7.3856e-06,8.3374e-08,2.3125e-07,6.8197e-07,5.3793e-06,9.2274e-06,1.0222e-05,8.6551e-06
P3,0.00,135.00,30.00,0.00,8.4963e-08,3.3872e-07,1.1650e-06,5.8302e-06,1.1043e-05,1.1032e-05,8.5901e-06,8.4132e-08,3.0556e-07,8.5019e-07,5.8791e-06,9.9063e-06,1.0982e-05,9.7602e-06
P4,0.00,135.00,30.00,0.00,5.7396e-08,1.4812e-07,3.4383e-07,9.0851e-07,3.0027e-06,2.9954e-06,3.6197e-06,5.4353e-08,1.3988e-07,2.9395e-07,8.9273e-07,2.1950e-06,2.9233e-06,3.5803e-06
P4,30.00,45.00,0.00,0.00,6.6199e-08,1.4718e-07,3.4338e-07,9.0282e-07,2.9989e-06,2.9916e-06,3.5984e-06,6.2682e-08,1.3890e-07,2.9362e-07,8.8718e-07,2.1912e-06,2.9196e-06,3.5671e-06
P4,60.00,90.00,60.00,0.00,5.9107e-08,1.4131e-07,3.4070e-07,8.7220e-07,2.9758e-06,2.9684e-06,3.4964e-06,5.6161e-08,1.3298e-07,2.9134e-07,8.5672e-07,2.1679e-06,2.8971e-06,3.5013e-06
P4,0.00,90.00,60.00,0.00,3.8283e-08,1.4798e-07,3.4343e-07,9.0831e-07,3.0027e-06,2.9954e-06,3.6196e-06,3.6339e-08,1.3978e-07,2.9360e-07,8.9253e-07,2.1950e-06,2.9233e-06,3.5803e-06
P4,0.00,180.00,60.00,0.00,3.8283e-08,1.4798e-07,3.4343e-07,9.0831e-07,3.0027e-06,2.9954e-06,3.6196e-06,3.6339e-08,1.3978e-07,2.9360e-07,8.9253e-07,2.1950e-06,2.9233e-06,3.5803e-06
P4,0.00,45.00,0.00,0.00,6.1846e-08,1.4817e-07,3.4397e-07,9.0862e-07,3.0028e-06,2.9954e-06,3.6197e-06,5.8538e-08,1.3991e-07,2.9406e-07,8.9285e-07,2.1950e-06,2.9233e-06,3.5803e-06
P4,60.00,45.00,0.00,0.00,7.6019e-08,1.4145e-07,3.4113e-07,8.7234e-07,2.9758e-06,2.9685e-06,3.4964e-06,7.2106e-08,1.3308e-07,2.9171e-07,8.5684e-07,2.1679e-06,2.8972e-06,3.5013e-06
P4,0.00,135.00,0.00,0.00,6.1846e-08,1.4817e-07,3.4397e-07,9.0862e-07,3.0028e-06,2.9954e-06,3.6197e-06,5.8538e-08,1.3991e-07,2.9406e-07,8.9285e-07,2.1950e-06,2.9233e-06,3.5803e-06
P4,0.00,90.00,30.00,0.00,5.7396e-08,1.4812e-07,3.4383e-07,9.0851e-07,3.0027e-06,2.9954e-06,3.6197e-06,5.4353e-08,1.3988e-07,2.9395e-07,8.9273e-07,2.1950e-06,2.9233e-06,3.5803e-06
P4,60.00,0.00,60.00,0.00,1.3056e-07,1.4185e-07,3.4421e-07,8.7815e-07,2.9764e-06,2.9691e-06,3.4965e-06,1.2476e-07,1.3326e-07,2.9353e-07,8.6305e-07,2.1690e-06,2.8978e-06,3.5016e-06
P4,0.00,180.00,30.00,0.00,5.7396e-08,1.4812e-07,3.4383e-07,9.0851e-07,3.0027e-06,2.9954e-06,3.6197e-06,5.4353e-08,1.3988e-07,2.9395e-07,8.9273e-07,2.1950e-06,2.9233e-06,3.5803e-06
P4,60.00,180.00,60.00,0.00,4.0244e-08,1.4119e-07,3.3994e-07,8.7088e-07,2.9757e-06,2.9683e-06,3.4964e-06,3.8160e-08,1.3292e-07,2.9087e-07,8.5532e-07,2.1676e-06,2.8970e-06,3.5012e-06
P4,30.00,0.00,30.00,0.00,7.0109e-08,1.4723e-07,3.4371e-07,9.0332e-07,2.9990e-06,2.9916e-06,3.5984e-06,6.6507e-08,1.3894e-07,2.9384e-07,8.8771e-07,2.1913e-06,2.9196e-06,3.5672e-06
P4,0.00,0.00,60.00,0.00,3.8283e-08,1.4798e-07,3.4343e-07,9.0831e-07,3.0027e-06,2.9954e-06,3.6196e-06,3.6339e-08,1.3978e-07,2.9360e-07,8.9253e-07,2.1950e-06,2.9233e-06,3.5803e-06
P4,30.00,135.00,0.00,0.00,6.6199e-08,1.4718e-07,3.4338e-07,9.0282e-07,2.9989e-06,2.9916e-06,3.5984e-06,6.2682e-08,1.3890e-07,2.9362e-07,8.8718e-07,2.1912e-06,2.9196e-06,3.5671e-06
P4,30.00,90.00,0.00,0.00,6.6199e-08,1.4718e-07,3.4338e-07,9.0282e-07,2.9989e-06,2.9916e-06,3.5984e-06,6.2682e-08,1.3890e-07,2.9362e-07,8.8718e-07,2.1912e-06,2.9196e-06,3.5671e-06
P4,30.00,45.00,30.00,0.00,6.7634e-08,1.4720e-07,3.4358e-07,9.0315e-07,2.9989e-06,2.9916e-06,3.5984e-06,6.4134e-08,1.3892e-07,2.9375e-07,8.8753e-07,2.1912e-06,2.9196e-06,3.5671e-06
P4,30.00,45.00,60.00,0.00,5.2289e-08,1.4708e-07,3.4332e-07,9.0321e-07,2.9990e-06,2.9916e-06,3.5984e-06,4.9724e-08,1.3883e-07,2.9348e-07,8.8761e-07,2.1913e-06,2.9196e-06,3.5671e-06
P4,30.00,180.00,60.00,0.00,3.5392e-08,1.4695e-07,3.4259e-07,9.0217e-07,2.9989e-06,2.9915e-06,3.5983e-06,3.3556e-08,1.3875e-07,2.9300e-07,8.8652e-07,2.1911e-06,2.9195e-06,3.5671e-06
P4,60.00,45.00,30.00,0.00,9.0110e-08,1.4156e-07,3.4182e-07,8.7341e-07,2.9759e-06,2.9686e-06,3.4964e-06,8.5647e-08,1.3313e-07,2.9215e-07,8.5797e-07,2.1681e-06,2.8973e-06,3.5014e-06
P4,60.00,0.00,0.00,0.00,7.6019e-08,1.4145e-07,3.4113e-07,8.7234e-07,2.9758e-06,2.9685e-06,3.4964e-06,7.2106e-08,1.3308e-07,2.9171e-07,8.5684e-07,2.1679e-06,2.8972e-06,3.5013e-06
P4,60.00,135.00,30.00,0.00,6.4247e-08,1.4136e-07,3.4068e-07,8.7177e-07,2.9757e-06,2.9684e-06,3.4964e-06,6.0898e-08,1.3302e-07,2.9140e-07,8.5624e-07,2.1678e-06,2.8971e-06,3.5013e-06
P4,30.00,90.00,60.00,0.00,4.3265e-08,1.4700e-07,3.4290e-07,9.0259e-07,2.9989e-06,2.9916e-06,3.5983e-06,4.1079e-08,1.3878e-07,2.9320e-07,8.8696e-07,2.1911e-06,2.9196e-06,3.5671e-06
P4,60.00,135.00,0.00,0.00,7.6019e-08,1.4145e-07,3.4113e-07,8.7234e-07,2.9758e-06,2.9685e-06,3.4964e-06,7.2106e-08,1.3308e-07,2.9171e-07,8.5684e-07,2.1679e-06,2.8972e-06,3.5013e-06
P4,60.00,45.00,60.00,0.00,9.5007e-08,1.4156e-07,3.4230e-07,8.7485e-07,2.9761e-06,2.9687e-06,3.4965e-06,9.0564e-08,1.3311e-07,2.9234e-07,8.5954e-07,2.1684e-06,2.8974e-06,3.5014e-06
P4,30.00,135.00,30.00,0.00,5.8248e-08,1.4711e-07,3.4315e-07,9.0260e-07,2.9989e-06,2.9916e-06,3.5984e-06,5.5157e-08,1.3886e-07,2.9344e-07,8.8696e-07,2.1911e-06,2.9196e-06,3.5671e-06
P4,30.00,135.00,60.00,0.00,3.7306e-08,1.4696e-07,3.4265e-07,9.0226e-07,2.9989e-06,2.9915e-06,3.5983e-06,3.5383e-08,1.3876e-07,2.9304e-07,8.8661e-07,2.1911e-06,2.9196e-06,3.5671e-06
P4,60.00,0.00,30.00,0.00,9.9200e-08,1.4163e-07,3.4224e-07,8.7398e-07,2.9759e-06,2.9686e-06,3.4965e-06,9.4367e-08,1.3317e-07,2.9243e-07,8.5858e-07,2.1682e-06,2.8973e-06,3.5014e-06
P4,30.00,180.00,30.00,0.00,5.6690e-08,1.4708e-07,3.4304e-07,9.0242e-07,2.9989e-06,2.9915e-06,3.5984e-06,5.3667e-08,1.3883e-07,2.9337e-07,8.8677e-07,2.1911e-06,2.9196e-06,3.5671e-06
P4,30.00,0.00,0.00,0.00,6.6199e-08,1.4718e-07,3.4338e-07,9.0282e-07,2.9989e-06,2.9916e-06,3.5984e-06,6.2682e-08,1.3890e-07,2.9362e-07,8.8718e-07,2.1912e-06,2.9196e-06,3.5671e-06
P4,30.00,180.00,0.00,0.00,6.6199e-08,1.4718e-07,3.4338e-07,9.0282e-07,2.9989e-06,2.9916e-06,3.5984e-06,6.2682e-08,1.3890e-07,2.9362e-07,8.8718e-07,2.1912e-06,2.9196e-06,3.5671e-06
P4,60.00,135.00,60.00,0.00,4.4173e-08,1.4122e-07,3.4013e-07,8.7129e-07,2.9757e-06,2.9684e-06,3.4964e-06,4.1906e-08,1.3294e-07,2.9099e-07,8.5574e-07,2.1678e-06,2.8971e-06,3.5012e-06
P4,0.00,180.00,0.00,0.00,6.1846e-08,1.4817e-07,3.4397e-07,9.0862e-07,3.0028e-06,2.9954e-06,3.6197e-06,5.8538e-08,1.3991e-07,2.9406e-07,8.9285e-07,2.1950e-06,2.9233e-06,3.5803e-06
P4,30.00,90.00,30.00,0.00,6.2511e-08,1.4715e-07,3.4335e-07,9.0286e-07,2.9989e-06,2.9916e-06,3.5984e-06,5.9232e-08,1.3889e-07,2.9358e-07,8.8723e-07,2.1912e-06,2.9196e-06,3.5671e-06
P4,30.00,0.00,60.00,0.00,5.7557e-08,1.4712e-07,3.4356e-07,9.0354e-07,2.9990e-06,2.9917e-06,3.5984e-06,5.4778e-08,1.3885e-07,2.9365e-07,8.8796e-07,2.1913e-06,2.9197e-06,3.5672e-06
P4,60.00,90.00,30.00,0.00,7.4534e-08,1.4143e-07,3.4110e-07,8.7235e-07,2.9758e-06,2.9685e-06,3.4964e-06,7.0729e-08,1.3306e-07,2.9167e-07,8.5685e-07,2.1679e-06,2.8972e-06,3.5013e-06
P4,0.00,0.00,30.00,0.00,5.7396e-08,1.4812e-07,3.4383e-07,9.0851e-07,3.0027e-06,2.9954e-06,3.6197e-06,5.4353e-08,1.3988e-07,2.9395e-07,8.9273e-07,2.1950e-06,2.9233e-06,3.5803e-06
P4,0.00,90.00,0.00,0.00,6.1846e-08,1.4817e-07,3.4397e-07,9.0862e-07,3.0028e-06,2.9954e-06,3.6197e-06,5.8538e-08,1.3991e-07,2.9406e-07,8.9285e-07,2.1950e-06,2.9233e-06,3.5803e-06
P4,0.00,45.00,30.00,0.00,5.7396e-08,1.4812e-07,3.4383e-07,9.0851e-07,3.0027e-06,2.9954e-06,3.6197e-06,5.4353e-08,1.3988e-07,2.9395e-07,8.9273e-07,2.1950e-06,2.9233e-06,3.5803e-06
P4,60.00,180.00,0.00,0.00,7.6019e-08,1.4145e-07,3.4113e-07,8.7234e-07,2.9758e-06,2.9685e-06,3.4964e-06,7.2106e-08,1.3308e-07,2.9171e-07,8.5684e-07,2.1679e-06,2.8972e-06,3.5013e-06
P4,0.00,45.00,60.00,0.00,3.8283e-08,1.4798e-07,3.4343e-07,9.0831e-07,3.0027e-06,2.9954e-06,3.6196e-06,3.6339e-08,1.3978e-07,2.9360e-07,8.9253e-07,2.1950e-06,2.9233e-06,3.5803e-06
P4,60.00,90.00,0.00,0.00,7.6019e-08,1.4145e-07,3.4113e-07,8.7234e-07,2.9758e-06,2.9685e-06,3.4964e-06,7.2106e-08,1.3308e-07,2.9171e-07,8.5684e-07,2.1679e-06,2.8972e-06,3.5013e-06
P4,60.00,180.00,30.00,0.00,6.0944e-08,1.4134e-07,3.4057e-07,8.7162e-07,2.9757e-06,2.9684e-06,3.4964e-06,5.7745e-08,1.3301e-07,2.9132e-07,8.5609e-07,2.1678e-06,2.8971e-06,3.5013e-06
P4,0.00,135.00,60.00,0.00,3.8283e-08,1.4798e-07,3.4343e-07,9.0831e-07,3.0027e-06,2.9954e-06,3.6196e-06,3.6339e-08,1.3978e-07,2.9360e-07,8.9253e-07,2.1950e-06,2.9233e-06,3.5803e-06
P4,0.00,0.00,0.00,0.00,6.1846e-08,1.4817e-07,3.4397e-07,9.0862e-07,3.0028e-06,2.9954e-06,3.6197e-06,5.8538e-08,1.3991e-07,2.9406e-07,8.9285e-07,2.1950e-06,2.9233e-06,3.5803e-06
P5,60.00,135.00,0.00,0.00,7.5917e-08,1.6809e-07,5.2264e-07,1.4597e-06,4.3730e-06,4.3636e-06,4.1919e-06,7.2131e-08,1.5431e-07,4.1197e-07,1.4585e-06,3.3364e-06,4.2779e-06,4.5322e-06
P5,30.00,180.00,30.00,0.00,5.7036e-08,1.9241e-07,5.5664e-07,1.5247e-06,4.4143e-06,4.4049e-06,4.4962e-06,5.4107e-08,1.7798e-07,4.4693e-07,1.5184e-06,3.3770e-06,4.3168e-06,4.7403e-06
P5,30.00,180.00,0.00,0.00,6.6525e-08,1.9244e-07,5.5679e-07,1.5251e-06,4.4144e-06,4.4049e-06,4.4962e-06,6.3105e-08,1.7799e-07,4.4701e-07,1.5188e-06,3.3771e-06,4.3169e-06,4.7403e-06
P5,30.00,135.00,0.00,0.00,6.6525e-08,1.9244e-07,5.5679e-07,1.5251e-06,4.4144e-06,4.4049e-06,4.4962e-06,6.3105e-08,1.7799e-07,4.4701e-07,1.5188e-06,3.3771e-06,4.3169e-06,4.7403e-06
P5,60.00,90.00,60.00,0.00,5.9108e-08,1.6805e-07,5.2240e-07,1.4596e-06,4.3729e-06,4.3635e-06,4.1919e-06,5.6284e-08,1.5429e-07,4.1185e-07,1.4584e-06,3.3364e-06,4.2779e-06,4.5322e-06
P5,0.00,135.00,60.00,0.00,3.8908e-08,1.9849e-07,5.6403e-07,1.5373e-06,4.4214e-06,4.4119e-06,4.5643e-06,3.7042e-08,1.8396e-07,4.5476e-07,1.5298e-06,3.3839e-06,4.3234e-06,4.7849e-06
P5,60.00,0.00,60.00,0.00,1.3038e-07,1.6818e-07,5.2340e-07,1.4653e-06,4.3736e-06,4.3642e-06,4.1920e-06,1.2479e-07,1.5432e-07,4.1221e-07,1.4646e-06,3.3375e-06,4.2785e-06,4.5325e-06
P5,60.00,90.00,30.00,0.00,7.4454e-08,1.6808e-07,5.2261e-07,1.4598e-06,4.3730e-06,4.3636e-06,4.1919e-06,7.0776e-08,1.5430e-07,4.1195e-07,1.4585e-06,3.3364e-06,4.2779e-06,4.5322e-06
P5,0.00,180.00,30.00,0.00,5.7871e-08,1.9853e-07,5.6426e-07,1.5375e-06,4.4214e-06,4.4119e-06,4.5643e-06,5.4916e-08,1.8398e-07,4.5489e-07,1.5300e-06,3.3839e-06,4.3234e-06,4.7849e-06
P5,30.00,45.00,30.00,0.00,6.8017e-08,1.9244e-07,5.5685e-07,1.5254e-06,4.4144e-06,4.4050e-06,4.4962e-06,6.4616e-08,1.7799e-07,4.4703e-07,1.5192e-06,3.3772e-06,4.3169e-06,4.7404e-06
P5,0.00,90.00,0.00,0.00,6.2278e-08,1.9855e-07,5.6434e-07,1.5376e-06,4.4214e-06,4.4120e-06,4.5643e-06,5.9061e-08,1.8398e-07,4.5494e-07,1.5301e-06,3.3839e-06,4.3234e-06,4.7849e-06
P5,30.00,180.00,60.00,0.00,3.5898e-08,1.9236e-07,5.5640e-07,1.5245e-06,4.4143e-06,4.4049e-06,4.4962e-06,3.4141e-08,1.7796e-07,4.4680e-07,1.5182e-06,3.3770e-06,4.3168e-06,4.7403e-06
P5,0.00,45.00,60.00,0.00,3.8908e-08,1.9849e-07,5.6403e-07,1.5373e-06,4.4214e-06,4.4119e-06,4.5643e-06,3.7042e-08,1.8396e-07,4.5476e-07,1.5298e-06,3.3839e-06,4.3234e-06,4.7849e-06
P5,60.00,90.00,0.00,0.00,7.5917e-08,1.6809e-07,5.2264e-07,1.4597e-06,4.3730e-06,4.3636e-06,4.1919e-06,7.2131e-08,1.5431e-07,4.1197e-07,1.4585e-06,3.3364e-06,4.2779e-06,4.5322e-06
P5,0.00,45.00,30.00,0.00,5.7871e-08,1.9853e-07,5.6426e-07,1.5375e-06,4.4214e-06,4.4119e-06,4.5643e-06,5.4916e-08,1.8398e-07,4.5489e-07,1.5300e-06,3.3839e-06,4.3234e-06,4.7849e-06
P5,30.00,45.00,0.00,0.00,6.6525e-08,1.9244e-07,5.5679e-07,1.5251e-06,4.4144e-06,4.4049e-06,4.4962e-06,6.3105e-08,1.7799e-07,4.4701e-07,1.5188e-06,3.3771e-06,4.3169e-06,4.7403e-06
P5,30.00,45.00,60.00,0.00,5.2809e-08,1.9240e-07,5.5665e-07,1.5255e-06,4.4144e-06,4.4050e-06,4.4962e-06,5.0336e-08,1.7797e-07,4.4690e-07,1.5192e-06,3.3772e-06,4.3169e-06,4.7404e-06
P5,60.00,45.00,60.00,0.00,9.4939e-08,1.6811e-07,5.2286e-07,1.4622e-06,4.3732e-06,4.3638e-06,4.1919e-06,9.0657e-08,1.5431e-07,4.1201e-07,1.4611e-06,3.3369e-06,4.2782e-06,4.5323e-06
P5,60.00,135.00,60.00,0.00,4.4186e-08,1.6802e-07,5.2224e-07,1.4587e-06,4.3729e-06,4.3635e-06,4.1919e-06,4.2026e-08,1.5429e-07,4.1179e-07,1.4574e-06,3.3363e-06,4.2778e-06,4.5321e-06
P5,30.00,0.00,0.00,0.00,6.6525e-08,1.9244e-07,5.5679e-07,1.5251e-06,4.4144e-06,4.4049e-06,4.4962e-06,6.3105e-08,1.7799e-07,4.4701e-07,1.5188e-06,3.3771e-06,4.3169e-06,4.7403e-06
P5,60.00,180.00,0.00,0.00,7.5917e-08,1.6809e-07,5.2264e-07,1.4597e-06,4.3730e-06,4.3636e-06,4.1919e-06,7.2131e-08,1.5431e-07,4.1197e-07,1.4585e-06,3.3364e-06,4.2779e-06,4.5322e-06
P5,60.00,135.00,30.00,0.00,6.4147e-08,1.6806e-07,5.2247e-07,1.4592e-06,4.3729e-06,4.3635e-06,4.1919e-06,6.0917e-08,1.5430e-07,4.1190e-07,1.4579e-06,3.3363e-06,4.2778e-06,4.5322e-06
P5,30.00,135.00,60.00,0.00,3.7814e-08,1.9237e-07,5.5643e-07,1.5246e-06,4.4143e-06,4.4049e-06,4.4962e-06,3.5972e-08,1.7796e-07,4.4681e-07,1.5183e-06,3.3770e-06,4.3168e-06,4.7403e-06
P5,60.00,180.00,30.00,0.00,6.0835e-08,1.6805e-07,5.2244e-07,1.4590e-06,4.3729e-06,4.3635e-06,4.1919e-06,5.7755e-08,1.5430e-07,4.1188e-07,1.4578e-06,3.3363e-06,4.2778e-06,4.5321e-06
P5,0.00,0.00,0.00,0.00,6.2278e-08,1.9855e-07,5.6434e-07,1.5376e-06,4.4214e-06,4.4120e-06,4.5643e-06,5.9061e-08,1.8398e-07,4.5494e-07,1.5301e-06,3.3839e-06,4.3234e-06,4.7849e-06
P5,30.00,0.00,30.00,0.00,7.0500e-08,1.9245e-07,5.5691e-07,1.5256e-06,4.4144e-06,4.4050e-06,4.4962e-06,6.6997e-08,1.7799e-07,4.4705e-07,1.5193e-06,3.3772e-06,4.3169e-06,4.7404e-06
P5,0.00,90.00,60.00,0.00,3.8908e-08,1.9849e-07,5.6403e-07,1.5373e-06,4.4214e-06,4.4119e-06,4.5643e-06,3.7042e-08,1.8396e-07,4.5476e-07,1.5298e-06,3.3839e-06,4.3234e-06,4.7849e-06
P5,0.00,180.00,60.00,0.00,3.8908e-08,1.9849e-07,5.6403e-07,1.5373e-06,4.4214e-06,4.4119e-06,4.5643e-06,3.7042e-08,1.8396e-07,4.5476e-07,1.5298e-06,3.3839e-06,4.3234e-06,4.7849e-06
P5,60.00,180.00,60.00,0.00,4.0261e-08,1.6802e-07,5.2219e-07,1.4583e-06,4.3728e-06,4.3634e-06,4.1919e-06,3.8281e-08,1.5429e-07,4.1177e-07,1.4570e-06,3.3362e-06,4.2778e-06,4.5321e-06
P5,60.00,0.00,0.00,0.00,7.5917e-08,1.6809e-07,5.2264e-07,1.4597e-06,4.3730e-06,4.3636e-06,4.1919e-06,7.2131e-08,1.5431e-07,4.1197e-07,1.4585e-06,3.3364e-06,4.2779e-06,4.5322e-06
P5,0.00,90.00,30.00,0.00,5.7871e-08,1.9853e-07,5.6426e-07,1.5375e-06,4.4214e-06,4.4119e-06,4.5643e-06,5.4916e-08,1.8398e-07,4.5489e-07,1.5300e-06,3.3839e-06,4.3234e-06,4.7849e-06
P5,30.00,0.00,60.00,0.00,5.8077e-08,1.9241e-07,5.5673e-07,1.5258e-06,4.4144e-06,4.4050e-06,4.4962e-06,5.5395e-08,1.7798e-07,4.4694e-07,1.5196e-06,3.3772e-06,4.3169e-06,4.7404e-06
P5,0.00,180.00,0.00,0.00,6.2278e-08,1.9855e-07,5.6434e-07,1.5376e-06,4.4214e-06,4.4120e-06,4.5643e-06,5.9061e-08,1.8398e-07,4.5494e-07,1.5301e-06,3.3839e-06,4.3234e-06,4.7849e-06
P5,30.00,135.00,30.00,0.00,5.8601e-08,1.9242e-07,5.5668e-07,1.5249e-06,4.4143e-06,4.4049e-06,4.4962e-06,5.5604e-08,1.7798e-07,4.4695e-07,1.5186e-06,3.3771e-06,4.3168e-06,4.7403e-06
P5,30.00,90.00,60.00,0.00,4.3780e-08,1.9238e-07,5.5651e-07,1.5249e-06,4.4143e-06,4.4049e-06,4.4962e-06,4.1679e-08,1.7797e-07,4.4685e-07,1.5186e-06,3.3771e-06,4.3169e-06,4.7403e-06
P5,0.00,135.00,30.00,0.00,5.7871e-08,1.9853e-07,5.6426e-07,1.5375e-06,4.4214e-06,4.4119e-06,4.5643e-06,5.4916e-08,1.8398e-07,4.5489e-07,1.5300e-06,3.3839e-06,4.3234e-06,4.7849e-06
P5,0.00,135.00,0.00,0.00,6.2278e-08,1.9855e-07,5.6434e-07,1.5376e-06,4.4214e-06,4.4120e-06,4.5643e-06,5.9061e-08,1.8398e-07,4.5494e-07,1.5301e-06,3.3839e-06,4.3234e-06,4.7849e-06
P5,30.00,90.00,30.00,0.00,6.2878e-08,1.9243e-07,5.5676e-07,1.5251e-06,4.4144e-06,4.4049e-06,4.4962e-06,5.9695e-08,1.7799e-07,4.4699e-07,1.5189e-06,3.3771e-06,4.3169e-06,4.7403e-06
P5,0.00,0.00,60.00,0.00,3.8908e-08,1.9849e-07,5.6403e-07,1.5373e-06,4.4214e-06,4.4119e-06,4.5643e-06,3.7042e-08,1.8396e-07,4.5476e-07,1.5298e-06,3.3839e-06,4.3234e-06,4.7849e-06
P5,0.00,0.00,30.00,0.00,5.7871e-08,1.9853e-07,5.6426e-07,1.5375e-06,4.4214e-06,4.4119e-06,4.5643e-06,5.4916e-08,1.8398e-07,4.5489e-07,1.5300e-06,3.3839e-06,4.3234e-06,4.7849e-06
P5,30.00,90.00,0.00,0.00,6.6525e-08,1.9244e-07,5.5679e-07,1.5251e-06,4.4144e-06,4.4049e-06,4.4962e-06,6.3105e-08,1.7799e-07,4.4701e-07,1.5188e-06,3.3771e-06,4.3169e-06,4.7403e-06
P5,60.00,45.00,30.00,0.00,9.0054e-08,1.6811e-07,5.2285e-07,1.4608e-06,4.3731e-06,4.3637e-06,4.1919e-06,8.5730e-08,1.5431e-07,4.1205e-07,1.4596e-06,3.3366e-06,4.2780e-06,4.5322e-06
P5,0.00,45.00,0.00,0.00,6.2278e-08,1.9855e-07,5.6434e-07,1.5376e-06,4.4214e-06,4.4120e-06,4.5643e-06,5.9061e-08,1.8398e-07,4.5494e-07,1.5301e-06,3.3839e-06,4.3234e-06,4.7849e-06
P5,60.00,0.00,30.00,0.00,9.9154e-08,1.6813e-07,5.2299e-07,1.4613e-06,4.3731e-06,4.3637e-06,4.1920e-06,9.4467e-08,1.5432e-07,4.1211e-07,1.4602e-06,3.3367e-06,4.2780e-06,4.5323e-06
P5,60.00,45.00,0.00,0.00,7.5917e-08,1.6809e-07,5.2264e-07,1.4597e-06,4.3730e-06,4.3636e-06,4.1919e-06,7.2131e-08,1.5431e-07,4.1197e-07,1.4585e-06,3.3364e-06,4.2779e-06,4.5322e-06
P6,30.00,0.00,30.00,0.00,9.2483e-08,3.9157e-07,1.4237e-06,5.7910e-06,1.1297e-05,1.1285e-05,8.6394e-06,9.0943e-08,3.5110e-07,1.0236e-06,5.8379e-06,9.9046e-06,1.1207e-05,9.9146e-06
P6,30.00,90.00,60.00,0.00,7.0523e-08,3.9156e-07,1.4237e-06,5.7906e-06,1.1297e-05,1.1284e-05,8.6394e-06,6.9878e-08,3.5110e-07,1.0236e-06,5.8374e-06,9.9045e-06,1.1207e-05,9.9146e-06
P6,30.00,90.00,30.00,0.00,8.6743e-08,3.9157e-07,1.4237e-06,5.7908e-06,1.1297e-05,1.1284e-05,8.6394e-06,8.5372e-08,3.5110e-07,1.0236e-06,5.8377e-06,9.9046e-06,1.1207e-05,9.9146e-06
P6,0.00,0.00,60.00,0.00,6.8660e-08,4.1672e-07,1.4822e-06,5.8630e-06,1.1379e-05,1.1367e-05,8.8772e-06,6.8125e-08,3.7473e-07,1.0750e-06,5.9043e-06,9.9767e-06,1.1286e-05,1.0110e-05
P6,30.00,45.00,60.00,0.00,7.6932e-08,3.9156e-07,1.4237e-06,5.7908e-06,1.1297e-05,1.1284e-05,8.6394e-06,7.6116e-08,3.5110e-07,1.0236e-06,5.8377e-06,9.9045e-06,1.1207e-05,9.9146e-06
P6,0.00,0.00,0.00,0.00,8.8668e-08,4.1672e-07,1.4822e-06,5.8633e-06,1.1379e-05,1.1367e-05,8.8772e-06,8.7204e-08,3.7473e-07,1.0750e-06,5.9046e-06,9.9767e-06,1.1286e-05,1.0110e-05
P6,0.00,135.00,0.00,0.00,8.8668e-08,4.1672e-07,1.4822e-06,5.8633e-06,1.1379e-05,1.1367e-05,8.8772e-06,8.7204e-08,3.7473e-07,1.0750e-06,5.9046e-06,9.9767e-06,1.1286e-05,1.0110e-05
P6,60.00,45.00,60.00,0.00,9.8357e-08,3.0539e-07,1.1921e-06,5.4922e-06,1.0952e-05,1.0940e-05,7.6924e-06,9.6827e-08,2.7130e-07,8.2879e-07,5.5634e-06,9.5993e-06,1.0875e-05,9.1167e-06
P6,0.00,135.00,30.00,0.00,8.4781e-08,4.1672e-07,1.4822e-06,5.8632e-06,1.1379e-05,1.1367e-05,8.8772e-06,8.3508e-08,3.7473e-07,1.0750e-06,5.9045e-06,9.9767e-06,1.1286e-05,1.0110e-05
P6,30.00,0.00,0.00,0.00,9.0038e-08,3.9157e-07,1.4237e-06,5.7908e-06,1.1297e-05,1.1285e-05,8.6394e-06,8.8490e-08,3.5110e-07,1.0236e-06,5.8377e-06,9.9046e-06,1.1207e-05,9.9146e-06
P6,60.00,180.00,60.00,0.00,6.1938e-08,3.0538e-07,1.1921e-06,5.4912e-06,1.0952e-05,1.0940e-05,7.6924e-06,6.1349e-08,2.7130e-07,8.2879e-07,5.5623e-06,9.5992e-06,1.0875e-05,9.1167e-06
P6,60.00,90.00,30.00,0.00,8.7500e-08,3.0539e-07,1.1921e-06,5.4917e-06,1.0952e-05,1.0940e-05,7.6924e-06,8.6005e-08,2.7130e-07,8.2879e-07,5.5629e-06,9.5993e-06,1.0875e-05,9.1167e-06
P6,30.00,45.00,0.00,0.00,9.0038e-08,3.9157e-07,1.4237e-06,5.7908e-06,1.1297e-05,1.1285e-05,8.6394e-06,8.8490e-08,3.5110e-07,1.0236e-06,5.8377e-06,9.9046e-06,1.1207e-05,9.9146e-06
P6,30.00,90.00,0.00,0.00,9.0038e-08,3.9157e-07,1.4237e-06,5.7908e-06,1.1297e-05,1.1285e-05,8.6394e-06,8.8490e-08,3.5110e-07,1.0236e-06,5.8377e-06,9.9046e-06,1.1207e-05,9.9146e-06
P6,60.00,0.00,0.00,0.00,8.9095e-08,3.0539e-07,1.1921e-06,5.4918e-06,1.0952e-05,1.0940e-05,7.6924e-06,8.7508e-08,2.7130e-07,8.2879e-07,5.5629e-06,9.5993e-06,1.0875e-05,9.1167e-06
P6,0.00,180.00,0.00,0.00,8.8668e-08,4.1672e-07,1.4822e-06,5.8633e-06,1.1379e-05,1.1367e-05,8.8772e-06,8.7204e-08,3.7473e-07,1.0750e-06,5.9046e-06,9.9767e-06,1.1286e-05,1.0110e-05
P6,0.00,45.00,30.00,0.00,8.4781e-08,4.1672e-07,1.4822e-06,5.8632e-06,1.1379e-05,1.1367e-05,8.8772e-06,8.3508e-08,3.7473e-07,1.0750e-06,5.9045e-06,9.9767e-06,1.1286e-05,1.0110e-05
P6,30.00,0.00,60.00,0.00,8.0677e-08,3.9156e-07,1.4237e-06,5.7909e-06,1.1297e-05,1.1284e-05,8.6394e-06,7.9766e-08,3.5110e-07,1.0236e-06,5.8378e-06,9.9045e-06,1.1207e-05,9.9146e-06
P6,60.00,45.00,30.00,0.00,9.8482e-08,3.0539e-07,1.1921e-06,5.4920e-06,1.0952e-05,1.0940e-05,7.6924e-06,9.6694e-08,2.7130e-07,8.2879e-07,5.5632e-06,9.5994e-06,1.0875e-05,9.1167e-06
P6,0.00,90.00,60.00,0.00,6.8660e-08,4.1672e-07,1.4822e-06,5.8630e-06,1.1379e-05,1.1367e-05,8.8772e-06,6.8125e-08,3.7473e-07,1.0750e-06,5.9043e-06,9.9767e-06,1.1286e-05,1.0110e-05
P6,0.00,180.00,60.00,0.00,6.8660e-08,4.1672e-07,1.4822e-06,5.8630e-06,1.1379e-05,1.1367e-05,8.8772e-06,6.8125e-08,3.7473e-07,1.0750e-06,5.9043e-06,9.9767e-06,1.1286e-05,1.0110e-05
P6,0.00,90.00,0.00,0.00,8.8668e-08,4.1672e-07,1.4822e-06,5.8633e-06,1.1379e-05,1.1367e-05,8.8772e-06,8.7204e-08,3.7473e-07,1.0750e-06,5.9046e-06,9.9767e-06,1.1286e-05,1.0110e-05
P6,0.00,135.00,60.00,0.00,6.8660e-08,4.1672e-07,1.4822e-06,5.8630e-06,1.1379e-05,1.1367e-05,8.8772e-06,6.8125e-08,3.7473e-07,1.0750e-06,5.9043e-06,9.9767e-06,1.1286e-05,1.0110e-05
P6,60.00,135.00,30.00,0.00,8.0258e-08,3.0539e-07,1.1921e-06,5.4915e-06,1.0952e-05,1.0940e-05,7.6924e-06,7.8970e-08,2.7130e-07,8.2879e-07,5.5627e-06,9.5993e-06,1.0875e-05,9.1167e-06
P6,0.00,45.00,0.00,0.00,8.8668e-08,4.1672e-07,1.4822e-06,5.8633e-06,1.1379e-05,1.1367e-05,8.8772e-06,8.7204e-08,3.7473e-07,1.0750e-06,5.9046e-06,9.9767e-06,1.1286e-05,1.0110e-05
P6,0.00,90.00,30.00,0.00,8.4781e-08,4.1672e-07,1.4822e-06,5.8632e-06,1.1379e-05,1.1367e-05,8.8772e-06,8.3508e-08,3.7473e-07,1.0750e-06,5.9045e-06,9.9767e-06,1.1286e-05,1.0110e-05
P6,60.00,90.00,60.00,0.00,7.4457e-08,3.0539e-07,1.1921e-06,5.4915e-06,1.0952e-05,1.0940e-05,7.6924e-06,7.3516e-08,2.7130e-07,8.2879e-07,5.5627e-06,9.5993e-06,1.0875e-05,9.1167e-06
P6,60.00,0.00,60.00,0.00,1.2209e-07,3.0540e-07,1.1921e-06,5.4930e-06,1.0952e-05,1.0940e-05,7.6924e-06,1.2006e-07,2.7130e-07,8.2879e-07,5.5643e-06,9.5995e-06,1.0875e-05,9.1167e-06
P6,60.00,135.00,60.00,0.00,6.4542e-08,3.0538e-07,1.1921e-06,5.4913e-06,1.0952e-05,1.0940e-05,7.6924e-06,6.3878e-08,2.7130e-07,8.2879e-07,5.5624e-06,9.5992e-06,1.0875e-05,9.1167e-06
P6,60.00,90.00,0.00,0.00,8.9095e-08,3.0539e-07,1.1921e-06,5.4918e-06,1.0952e-05,1.0940e-05,7.6924e-06,8.7508e-08,2.7130e-07,8.2879e-07,5.5629e-06,9.5993e-06,1.0875e-05,9.1167e-06
P6,60.00,180.00,30.00,0.00,7.7935e-08,3.0539e-07,1.1921e-06,5.4915e-06,1.0952e-05,1.0940e-05,7.6924e-06,7.6716e-08,2.7130e-07,8.2879e-07,5.5626e-06,9.5993e-06,1.0875e-05,9.1167e-06
P6,30.00,45.00,30.00,0.00,9.0612e-08,3.9157e-07,1.4237e-06,5.7909e-06,1.1297e-05,1.1285e-05,8.6394e-06,8.9125e-08,3.5110e-07,1.0236e-06,5.8378e-06,9.9046e-06,1.1207e-05,9.9146e-06
P6,0.00,180.00,30.00,0.00,8.4781e-08,4.1672e-07,1.4822e-06,5.8632e-06,1.1379e-05,1.1367e-05,8.8772e-06,8.3508e-08,3.7473e-07,1.0750e-06,5.9045e-06,9.9767e-06,1.1286e-05,1.0110e-05
P6,0.00,0.00,30.00,0.00,8.4781e-08,4.1672e-07,1.4822e-06,5.8632e-06,1.1379e-05,1.1367e-05,8.8772e-06,8.3508e-08,3.7473e-07,1.0750e-06,5.9045e-06,9.9767e-06,1.1286e-05,1.0110e-05
P6,30.00,180.00,0.00,0.00,9.0038e-08,3.9157e-07,1.4237e-06,5.7908e-06,1.1297e-05,1.1285e-05,8.6394e-06,8.8490e-08,3.5110e-07,1.0236e-06,5.8377e-06,9.9046e-06,1.1207e-05,9.9146e-06
P6,60.00,0.00,30.00,0.00,1.0490e-07,3.0539e-07,1.1921e-06,5.4922e-06,1.0952e-05,1.0940e-05,7.6924e-06,1.0295e-07,2.7130e-07,8.2879e-07,5.5634e-06,9.5994e-06,1.0875e-05,9.1167e-06
P6,60.00,180.00,0.00,0.00,8.9095e-08,3.0539e-07,1.1921e-06,5.4918e-06,1.0952e-05,1.0940e-05,7.6924e-06,8.7508e-08,2.7130e-07,8.2879e-07,5.5629e-06,9.5993e-06,1.0875e-05,9.1167e-06
P6,0.00,45.00,60.00,0.00,6.8660e-08,4.1672e-07,1.4822e-06,5.8630e-06,1.1379e-05,1.1367e-05,8.8772e-06,6.8125e-08,3.7473e-07,1.0750e-06,5.9043e-06,9.9767e-06,1.1286e-05,1.0110e-05
P6,30.00,135.00,60.00,0.00,6.6297e-08,3.9156e-07,1.4237e-06,5.7905e-06,1.1297e-05,1.1284e-05,8.6394e-06,6.5773e-08,3.5110e-07,1.0236e-06,5.8373e-06,9.9045e-06,1.1207e-05,9.9146e-06
P6,30.00,135.00,0.00,0.00,9.0038e-08,3.9157e-07,1.4237e-06,5.7908e-06,1.1297e-05,1.1285e-05,8.6394e-06,8.8490e-08,3.5110e-07,1.0236e-06,5.8377e-06,9.9046e-06,1.1207e-05,9.9146e-06
P6,60.00,135.00,0.00,0.00,8.9095e-08,3.0539e-07,1.1921e-06,5.4918e-06,1.0952e-05,1.0940e-05,7.6924e-06,8.7508e-08,2.7130e-07,8.2879e-07,5.5629e-06,9.5993e-06,1.0875e-05,9.1167e-06
P6,30.00,135.00,30.00,0.00,8.3527e-08,3.9156e-07,1.4237e-06,5.7907e-06,1.1297e-05,1.1284e-05,8.6394e-06,8.2253e-08,3.5110e-07,1.0236e-06,5.8376e-06,9.9045e-06,1.1207e-05,9.9146e-06
P6,30.00,180.00,30.00,0.00,8.2351e-08,3.9156e-07,1.4237e-06,5.7906e-06,1.1297e-05,1.1284e-05,8.6394e-06,8.1113e-08,3.5110e-07,1.0236e-06,5.8375e-06,9.9045e-06,1.1207e-05,9.9146e-06
P6,60.00,45.00,0.00,0.00,8.9095e-08,3.0539e-07,1.1921e-06,5.4918e-06,1.0952e-05,1.0940e-05,7.6924e-06,8.7508e-08,2.7130e-07,8.2879e-07,5.5629e-06,9.5993e-06,1.0875e-05,9.1167e-06
P6,30.00,180.00,60.00,0.00,6.4941e-08,3.9156e-07,1.4237e-06,5.7904e-06,1.1297e-05,1.1284e-05,8.6394e-06,6.4458e-08,3.5110e-07,1.0236e-06,5.8373e-06,9.9045e-06,1.1207e-05,9.9146e-06
P7,60.00,90.00,30.00,0.00,7.4017e-08,3.0785e-07,8.8105e-07,3.4332e-06,8.0396e-06,8.0273e-06,6.5228e-06,7.1552e-08,2.8485e-07,6.8395e-07,3.4579e-06,6.6939e-06,7.9450e-06,7.2844e-06
P7,30.00,0.00,30.00,0.00,7.3742e-08,3.4503e-07,9.7003e-07,3.6095e-06,8.2007e-06,8.1880e-06,7.0759e-06,7.1246e-08,3.1981e-07,7.5493e-07,3.6235e-06,6.8200e-06,8.0937e-06,7.7600e-06
P7,0.00,135.00,0.00,0.00,6.7467e-08,3.5508e-07,9.9359e-07,3.6452e-06,8.2316e-06,8.2189e-06,7.2155e-06,6.5109e-08,3.2930e-07,7.7360e-07,3.6561e-06,6.8428e-06,8.1220e-06,7.8726e-06
P7,60.00,135.00,30.00,0.00,6.5248e-08,3.0784e-07,8.8105e-07,3.4327e-06,8.0396e-06,8.0272e-06,6.5228e-06,6.3089e-08,2.8485e-07,6.8395e-07,3.4574e-06,6.6938e-06,7.9450e-06,7.2844e-06
P7,60.00,0.00,30.00,0.00,9.5057e-08,3.0785e-07,8.8105e-07,3.4343e-06,8.0397e-06,8.0274e-06,6.5228e-06,9.1912e-08,2.8485e-07,6.8395e-07,3.4591e-06,6.6941e-06,7.9451e-06,7.2845e-06
P7,30.00,180.00,0.00,0.00,7.0601e-08,3.4503e-07,9.7003e-07,3.6092e-06,8.2006e-06,8.1880e-06,7.0759e-06,6.8120e-08,3.1981e-07,7.5493e-07,3.6231e-06,6.8200e-06,8.0937e-06,7.7600e-06
P7,30.00,0.00,60.00,0.00,6.1153e-08,3.4503e-07,9.7003e-07,3.6096e-06,8.2007e-06,8.1880e-06,7.0759e-06,5.9438e-08,3.1981e-07,7.5493e-07,3.6235e-06,6.8200e-06,8.0938e-06,7.7600e-06
P7,0.00,0.00,60.00,0.00,4.5275e-08,3.5507e-07,9.9359e-07,3.6449e-06,8.2316e-06,8.2189e-06,7.2155e-06,4.4100e-08,3.2930e-07,7.7360e-07,3.6558e-06,6.8428e-06,8.1220e-06,7.8725e-06
P7,60.00,45.00,30.00,0.00,8.7300e-08,3.0785e-07,8.8105e-07,3.4339e-06,8.0397e-06,8.0273e-06,6.5228e-06,8.4398e-08,2.8485e-07,6.8395e-07,3.4587e-06,6.6941e-06,7.9451e-06,7.2844e-06
P7,30.00,180.00,60.00,0.00,4.2252e-08,3.4502e-07,9.7003e-07,3.6086e-06,8.2006e-06,8.1879e-06,7.0759e-06,4.1161e-08,3.1981e-07,7.5493e-07,3.6225e-06,6.8199e-06,8.0937e-06,7.7600e-06
P7,30.00,45.00,60.00,0.00,5.6660e-08,3.4503e-07,9.7003e-07,3.6094e-06,8.2007e-06,8.1880e-06,7.0759e-06,5.5084e-08,3.1981e-07,7.5493e-07,3.6233e-06,6.8200e-06,8.0937e-06,7.7600e-06
P7,60.00,135.00,0.00,0.00,7.5611e-08,3.0785e-07,8.8105e-07,3.4332e-06,8.0396e-06,8.0273e-06,6.5228e-06,7.3034e-08,2.8485e-07,6.8395e-07,3.4579e-06,6.6939e-06,7.9450e-06,7.2844e-06
P7,60.00,0.00,60.00,0.00,1.1877e-07,3.0786e-07,8.8105e-07,3.4369e-06,8.0400e-06,8.0276e-06,6.5228e-06,1.1531e-07,2.8485e-07,6.8395e-07,3.4620e-06,6.6948e-06,7.9454e-06,7.2845e-06
P7,30.00,45.00,0.00,0.00,7.0601e-08,3.4503e-07,9.7003e-07,3.6092e-06,8.2006e-06,8.1880e-06,7.0759e-06,6.8120e-08,3.1981e-07,7.5493e-07,3.6231e-06,6.8200e-06,8.0937e-06,7.7600e-06
P7,60.00,45.00,60.00,0.00,8.9254e-08,3.0785e-07,8.8105e-07,3.4347e-06,8.0398e-06,8.0274e-06,6.5228e-06,8.6601e-08,2.8485e-07,6.8395e-07,3.4596e-06,6.6943e-06,7.9452e-06,7.2844e-06
P7,0.00,90.00,60.00,0.00,4.5275e-08,3.5507e-07,9.9359e-07,3.6449e-06,8.2316e-06,8.2189e-06,7.2155e-06,4.4100e-08,3.2930e-07,7.7360e-07,3.6558e-06,6.8428e-06,8.1220e-06,7.8725e-06
P7,60.00,0.00,0.00,0.00,7.5611e-08,3.0785e-07,8.8105e-07,3.4332e-06,8.0396e-06,8.0273e-06,6.5228e-06,7.3034e-08,2.8485e-07,6.8395e-07,3.4579e-06,6.6939e-06,7.9450e-06,7.2844e-06
P7,60.00,90.00,0.00,0.00,7.5611e-08,3.0785e-07,8.8105e-07,3.4332e-06,8.0396e-06,8.0273e-06,6.5228e-06,7.3034e-08,2.8485e-07,6.8395e-07,3.4579e-06,6.6939e-06,7.9450e-06,7.2844e-06
P7,30.00,180.00,30.00,0.00,6.1878e-08,3.4503e-07,9.7003e-07,3.6089e-06,8.2006e-06,8.1880e-06,7.0759e-06,5.9803e-08,3.1981e-07,7.5493e-07,3.6227e-06,6.8199e-06,8.0937e-06,7.7600e-06
P7,30.00,135.00,60.00,0.00,4.3883e-08,3.4502e-07,9.7003e-07,3.6087e-06,8.2006e-06,8.1880e-06,7.0759e-06,4.2734e-08,3.1981e-07,7.5493e-07,3.6225e-06,6.8199e-06,8.0937e-06,7.7600e-06
P7,30.00,45.00,30.00,0.00,7.1554e-08,3.4503e-07,9.7003e-07,3.6094e-06,8.2007e-06,8.1880e-06,7.0759e-06,6.9132e-08,3.1981e-07,7.5493e-07,3.6233e-06,6.8200e-06,8.0937e-06,7.7600e-06
P7,0.00,135.00,30.00,0.00,6.3210e-08,3.5508e-07,9.9359e-07,3.6451e-06,8.2316e-06,8.2189e-06,7.2155e-06,6.1091e-08,3.2930e-07,7.7360e-07,3.6560e-06,6.8428e-06,8.1220e-06,7.8726e-06
P7,30.00,0.00,0.00,0.00,7.0601e-08,3.4503e-07,9.7003e-07,3.6092e-06,8.2006e-06,8.1880e-06,7.0759e-06,6.8120e-08,3.1981e-07,7.5493e-07,3.6231e-06,6.8200e-06,8.0937e-06,7.7600e-06
P7,30.00,90.00,60.00,0.00,4.8963e-08,3.4502e-07,9.7003e-07,3.6089e-06,8.2006e-06,8.1880e-06,7.0759e-06,4.7638e-08,3.1981e-07,7.5493e-07,3.6228e-06,6.8199e-06,8.0937e-06,7.7600e-06
P7,0.00,45.00,60.00,0.00,4.5275e-08,3.5507e-07,9.9359e-07,3.6449e-06,8.2316e-06,8.2189e-06,7.2155e-06,4.4100e-08,3.2930e-07,7.7360e-07,3.6558e-06,6.8428e-06,8.1220e-06,7.8725e-06
P7,60.00,180.00,0.00,0.00,7.5611e-08,3.0785e-07,8.8105e-07,3.4332e-06,8.0396e-06,8.0273e-06,6.5228e-06,7.3034e-08,2.8485e-07,6.8395e-07,3.4579e-06,6.6939e-06,7.9450e-06,7.2844e-06
P7,0.00,0.00,0.00,0.00,6.7467e-08,3.5508e-07,9.9359e-07,3.6452e-06,8.2316e-06,8.2189e-06,7.2155e-06,6.5109e-08,3.2930e-07,7.7360e-07,3.6561e-06,6.8428e-06,8.1220e-06,7.8726e-06
P7,60.00,180.00,60.00,0.00,4.3922e-08,3.0784e-07,8.8105e-07,3.4321e-06,8.0395e-06,8.0272e-06,6.5228e-06,4.2730e-08,2.8485e-07,6.8395e-07,3.4567e-06,6.6937e-06,7.9449e-06,7.2844e-06
P7,0.00,180.00,30.00,0.00,6.3210e-08,3.5508e-07,9.9359e-07,3.6451e-06,8.2316e-06,8.2189e-06,7.2155e-06,6.1091e-08,3.2930e-07,7.7360e-07,3.6560e-06,6.8428e-06,8.1220e-06,7.8726e-06
P7,60.00,45.00,0.00,0.00,7.5611e-08,3.0785e-07,8.8105e-07,3.4332e-06,8.0396e-06,8.0273e-06,6.5228e-06,7.3034e-08,2.8485e-07,6.8395e-07,3.4579e-06,6.6939e-06,7.9450e-06,7.2844e-06
P7,30.00,90.00,30.00,0.00,6.7025e-08,3.4503e-07,9.7003e-07,3.6092e-06,8.2006e-06,8.1880e-06,7.0759e-06,6.4764e-08,3.1981e-07,7.5493e-07,3.6231e-06,6.8200e-06,8.0937e-06,7.7600e-06
P7,60.00,180.00,30.00,0.00,6.2434e-08,3.0784e-07,8.8105e-07,3.4326e-06,8.0396e-06,8.0272e-06,6.5228e-06,6.0376e-08,2.8485e-07,6.8395e-07,3.4573e-06,6.6938e-06,7.9450e-06,7.2844e-06
P7,60.00,135.00,60.00,0.00,4.7167e-08,3.0784e-07,8.8105e-07,3.4323e-06,8.0396e-06,8.0272e-06,6.5228e-06,4.5859e-08,2.8485e-07,6.8395e-07,3.4570e-06,6.6938e-06,7.9449e-06,7.2844e-06
P7,30.00,135.00,0.00,0.00,7.0601e-08,3.4503e-07,9.7003e-07,3.6092e-06,8.2006e-06,8.1880e-06,7.0759e-06,6.8120e-08,3.1981e-07,7.5493e-07,3.6231e-06,6.8200e-06,8.0937e-06,7.7600e-06
P7,0.00,180.00,60.00,0.00,4.5275e-08,3.5507e-07,9.9359e-07,3.6449e-06,8.2316e-06,8.2189e-06,7.2155e-06,4.4100e-08,3.2930e-07,7.7360e-07,3.6558e-06,6.8428e-06,8.1220e-06,7.8725e-06
P7,0.00,180.00,0.00,0.00,6.7467e-08,3.5508e-07,9.9359e-07,3.6452e-06,8.2316e-06,8.2189e-06,7.2155e-06,6.5109e-08,3.2930e-07,7.7360e-07,3.6561e-06,6.8428e-06,8.1220e-06,7.8726e-06
P7,0.00,135.00,60.00,0.00,4.5275e-08,3.5507e-07,9.9359e-07,3.6449e-06,8.2316e-06,8.2189e-06,7.2155e-06,4.4100e-08,3.2930e-07,7.7360e-07,3.6558e-06,6.8428e-06,8.1220e-06,7.8725e-06
P7,0.00,90.00,30.00,0.00,6.3210e-08,3.5508e-07,9.9359e-07,3.6451e-06,8.2316e-06,8.2189e-06,7.2155e-06,6.1091e-08,3.2930e-07,7.7360e-07,3.6560e-06,6.8428e-06,8.1220e-06,7.8726e-06
P7,0.00,90.00,0.00,0.00,6.7467e-08,3.5508e-07,9.9359e-07,3.6452e-06,8.2316e-06,8.2189e-06,7.2155e-06,6.5109e-08,3.2930e-07,7.7360e-07,3.6561e-06,6.8428e-06,8.1220e-06,7.8726e-06
P7,30.00,135.00,30.00,0.00,6.3256e-08,3.4503e-07,9.7003e-07,3.6090e-06,8.2006e-06,8.1880e-06,7.0759e-06,6.1131e-08,3.1981e-07,7.5493e-07,3.6229e-06,6.8199e-06,8.0937e-06,7.7600e-06
P7,0.00,45.00,30.00,0.00,6.3210e-08,3.5508e-07,9.9359e-07,3.6451e-06,8.2316e-06,8.2189e-06,7.2155e-06,6.1091e-08,3.2930e-07,7.7360e-07,3.6560e-06,6.8428e-06,8.1220e-06,7.8726e-06
P7,60.00,90.00,60.00,0.00,5.9513e-08,3.0784e-07,8.8105e-07,3.4330e-06,8.0396e-06,8.0272e-06,6.5228e-06,5.7779e-08,2.8485e-07,6.8395e-07,3.4577e-06,6.6939e-06,7.9450e-06,7.2844e-06
P7,0.00,0.00,30.00,0.00,6.3210e-08,3.5508e-07,9.9359e-07,3.6451e-06,8.2316e-06,8.2189e-06,7.2155e-06,6.1091e-08,3.2930e-07,7.7360e-07,3.6560e-06,6.8428e-06,8.1220e-06,7.8726e-06
P7,30.00,90.00,0.00,0.00,7.0601e-08,3.4503e-07,9.7003e-07,3.6092e-06,8.2006e-06,8.1880e-06,7.0759e-06,6.8120e-08,3.1981e-07,7.5493e-07,3.6231e-06,6.8200e-06,8.0937e-06,7.7600e-06
P7,0.00,45.00,0.00,0.00,6.7467e-08,3.5508e-07,9.9359e-07,3.6452e-06,8.2316e-06,8.2189e-06,7.2155e-06,6.5109e-08,3.2930e-07,7.7360e-07,3.6561e-06,6.8428e-06,8.1220e-06,7.8726e-06
P8,30.00,180.00,60.00,0.00,6.8833e-08,3.0656e-07,1.0772e-06,5.8945e-06,1.1029e-05,1.1018e-05,8.6204e-06,6.8902e-08,2.7587e-07,7.6327e-07,5.9556e-06,9.9251e-06,1.0969e-05,9.7528e-06
P8,60.00,90.00,30.00,0.00,8.4760e-08,2.5322e-07,9.0698e-07,5.4519e-06,1.0437e-05,1.0427e-05,7.6925e-06,8.4148e-08,2.2718e-07,6.4009e-07,5.5324e-06,9.3561e-06,1.0382e-05,8.9155e-06
P8,30.00,135.00,60.00,0.00,6.9932e-08,3.0656e-07,1.0772e-06,5.8945e-06,1.1029e-05,1.1018e-05,8.6204e-06,6.9977e-08,2.7587e-07,7.6327e-07,5.9556e-06,9.9251e-06,1.0969e-05,9.7528e-06
P8,60.00,180.00,0.00,0.00,8.6358e-08,2.5322e-07,9.0698e-07,5.4519e-06,1.0437e-05,1.0427e-05,7.6925e-06,8.5665e-08,2.2718e-07,6.4009e-07,5.5325e-06,9.3561e-06,1.0382e-05,8.9155e-06
P8,0.00,135.00,0.00,0.00,9.0772e-08,3.2199e-07,1.1240e-06,6.0019e-06,1.1179e-05,1.1169e-05,8.8594e-06,9.0075e-08,2.9003e-07,7.9826e-07,6.0581e-06,1.0063e-05,1.1118e-05,9.9675e-06
P8,30.00,90.00,0.00,0.00,9.1045e-08,3.0656e-07,1.0772e-06,5.8947e-06,1.1029e-05,1.1018e-05,8.6204e-06,9.0305e-08,2.7587e-07,7.6327e-07,5.9558e-06,9.9251e-06,1.0969e-05,9.7528e-06
P8,30.00,0.00,60.00,0.00,8.1612e-08,3.0656e-07,1.0772e-06,5.8946e-06,1.1029e-05,1.1018e-05,8.6204e-06,8.1430e-08,2.7587e-07,7.6327e-07,5.9557e-06,9.9251e-06,1.0969e-05,9.7528e-06
P8,60.00,90.00,0.00,0.00,8.6358e-08,2.5322e-07,9.0698e-07,5.4519e-06,1.0437e-05,1.0427e-05,7.6925e-06,8.5665e-08,2.2718e-07,6.4009e-07,5.5325e-06,9.3561e-06,1.0382e-05,8.9155e-06
P8,0.00,135.00,60.00,0.00,7.2647e-08,3.2198e-07,1.1240e-06,6.0017e-06,1.1179e-05,1.1169e-05,8.8594e-06,7.2686e-08,2.9003e-07,7.9826e-07,6.0579e-06,1.0063e-05,1.1118e-05,9.9675e-06
P8,30.00,90.00,30.00,0.00,8.7957e-08,3.0656e-07,1.0772e-06,5.8947e-06,1.1029e-05,1.1018e-05,8.6204e-06,8.7365e-08,2.7587e-07,7.6327e-07,5.9558e-06,9.9251e-06,1.0969e-05,9.7528e-06
P8,0.00,0.00,0.00,0.00,9.0772e-08,3.2199e-07,1.1240e-06,6.0019e-06,1.1179e-05,1.1169e-05,8.8594e-06,9.0075e-08,2.9003e-07,7.9826e-07,6.0581e-06,1.0063e-05,1.1118e-05,9.9675e-06
P8,0.00,45.00,60.00,0.00,7.2647e-08,3.2198e-07,1.1240e-06,6.0017e-06,1.1179e-05,1.1169e-05,8.8594e-06,7.2686e-08,2.9003e-07,7.9826e-07,6.0579e-06,1.0063e-05,1.1118e-05,9.9675e-06
P8,60.00,180.00,30.00,0.00,7.6981e-08,2.5322e-07,9.0698e-07,5.4518e-06,1.0437e-05,1.0427e-05,7.6925e-06,7.6535e-08,2.2718e-07,6.4009e-07,5.5324e-06,9.3561e-06,1.0382e-05,8.9155e-06
P8,30.00,45.00,0.00,0.00,9.1045e-08,3.0656e-07,1.0772e-06,5.8947e-06,1.1029e-05,1.1018e-05,8.6204e-06,9.0305e-08,2.7587e-07,7.6327e-07,5.9558e-06,9.9251e-06,1.0969e-05,9.7528e-06
P8,60.00,0.00,0.00,0.00,8.6358e-08,2.5322e-07,9.0698e-07,5.4519e-06,1.0437e-05,1.0427e-05,7.6925e-06,8.5665e-08,2.2718e-07,6.4009e-07,5.5325e-06,9.3561e-06,1.0382e-05,8.9155e-06
P8,0.00,45.00,30.00,0.00,8.7173e-08,3.2199e-07,1.1240e-06,6.0019e-06,1.1179e-05,1.1169e-05,8.8594e-06,8.6634e-08,2.9003e-07,7.9826e-07,6.0580e-06,1.0063e-05,1.1118e-05,9.9675e-06
P8,60.00,45.00,60.00,0.00,9.1918e-08,2.5322e-07,9.0698e-07,5.4519e-06,1.0437e-05,1.0427e-05,7.6925e-06,9.1411e-08,2.2718e-07,6.4009e-07,5.5325e-06,9.3561e-06,1.0382e-05,8.9155e-06
P8,30.00,45.00,60.00,0.00,7.8567e-08,3.0656e-07,1.0772e-06,5.8946e-06,1.1029e-05,1.1018e-05,8.6204e-06,7.8440e-08,2.7587e-07,7.6327e-07,5.9557e-06,9.9251e-06,1.0969e-05,9.7528e-06
P8,60.00,135.00,0.00,0.00,8.6358e-08,2.5322e-07,9.0698e-07,5.4519e-06,1.0437e-05,1.0427e-05,7.6925e-06,8.5665e-08,2.2718e-07,6.4009e-07,5.5325e-06,9.3561e-06,1.0382e-05,8.9155e-06
P8,30.00,180.00,0.00,0.00,9.1045e-08,3.0656e-07,1.0772e-06,5.8947e-06,1.1029e-05,1.1018e-05,8.6204e-06,9.0305e-08,2.7587e-07,7.6327e-07,5.9558e-06,9.9251e-06,1.0969e-05,9.7528e-06
P8,30.00,0.00,30.00,0.00,9.2779e-08,3.0656e-07,1.0772e-06,5.8948e-06,1.1029e-05,1.1018e-05,8.6204e-06,9.2078e-08,2.7587e-07,7.6327e-07,5.9559e-06,9.9251e-06,1.0969e-05,9.7528e-06
P8,60.00,135.00,60.00,0.00,6.5248e-08,2.5322e-07,9.0698e-07,5.4517e-06,1.0437e-05,1.0427e-05,7.6925e-06,6.5208e-08,2.2718e-07,6.4009e-07,5.5322e-06,9.3561e-06,1.0382e-05,8.9155e-06
P8,0.00,90.00,30.00,0.00,8.7173e-08,3.2199e-07,1.1240e-06,6.0019e-06,1.1179e-05,1.1169e-05,8.8594e-06,8.6634e-08,2.9003e-07,7.9826e-07,6.0580e-06,1.0063e-05,1.1118e-05,9.9675e-06
P8,0.00,0.00,60.00,0.00,7.2647e-08,3.2198e-07,1.1240e-06,6.0017e-06,1.1179e-05,1.1169e-05,8.8594e-06,7.2686e-08,2.9003e-07,7.9826e-07,6.0579e-06,1.0063e-05,1.1118e-05,9.9675e-06
P8,60.00,90.00,60.00,0.00,7.3058e-08,2.5322e-07,9.0698e-07,5.4518e-06,1.0437e-05,1.0427e-05,7.6925e-06,7.2865e-08,2.2718e-07,6.4009e-07,5.5323e-06,9.3561e-06,1.0382e-05,8.9155e-06
P8,0.00,135.00,30.00,0.00,8.7173e-08,3.2199e-07,1.1240e-06,6.0019e-06,1.1179e-05,1.1169e-05,8.8594e-06,8.6634e-08,2.9003e-07,7.9826e-07,6.0580e-06,1.0063e-05,1.1118e-05,9.9675e-06
P8,30.00,45.00,30.00,0.00,9.1207e-08,3.0656e-07,1.0772e-06,5.8947e-06,1.1029e-05,1.1018e-05,8.6204e-06,9.0540e-08,2.7587e-07,7.6327e-07,5.9558e-06,9.9251e-06,1.0969e-05,9.7528e-06
P8,0.00,180.00,60.00,0.00,7.2647e-08,3.2198e-07,1.1240e-06,6.0017e-06,1.1179e-05,1.1169e-05,8.8594e-06,7.2686e-08,2.9003e-07,7.9826e-07,6.0579e-06,1.0063e-05,1.1118e-05,9.9675e-06
P8,30.00,135.00,30.00,0.00,8.5257e-08,3.0656e-07,1.0772e-06,5.8946e-06,1.1029e-05,1.1018e-05,8.6204e-06,8.4729e-08,2.7587e-07,7.6327e-07,5.9557e-06,9.9251e-06,1.0969e-05,9.7528e-06
P8,60.00,0.00,30.00,0.00,9.8929e-08,2.5322e-07,9.0698e-07,5.4521e-06,1.0437e-05,1.0427e-05,7.6925e-06,9.8049e-08,2.2718e-07,6.4009e-07,5.5326e-06,9.3561e-06,1.0382e-05,8.9155e-06
P8,30.00,90.00,60.00,0.00,7.3361e-08,3.0656e-07,1.0772e-06,5.8945e-06,1.1029e-05,1.1018e-05,8.6204e-06,7.3334e-08,2.7587e-07,7.6327e-07,5.9556e-06,9.9251e-06,1.0969e-05,9.7528e-06
P8,60.00,135.00,30.00,0.00,7.8869e-08,2.5322e-07,9.0698e-07,5.4518e-06,1.0437e-05,1.0427e-05,7.6925e-06,7.8382e-08,2.2718e-07,6.4009e-07,5.5324e-06,9.3561e-06,1.0382e-05,8.9155e-06
P8,30.00,180.00,30.00,0.00,8.4270e-08,3.0656e-07,1.0772e-06,5.8946e-06,1.1029e-05,1.1018e-05,8.6204e-06,8.3766e-08,2.7587e-07,7.6327e-07,5.9557e-06,9.9251e-06,1.0969e-05,9.7528e-06
P8,0.00,180.00,30.00,0.00,8.7173e-08,3.2199e-07,1.1240e-06,6.0019e-06,1.1179e-05,1.1169e-05,8.8594e-06,8.6634e-08,2.9003e-07,7.9826e-07,6.0580e-06,1.0063e-05,1.1118e-05,9.9675e-06
P8,0.00,90.00,0.00,0.00,9.0772e-08,3.2199e-07,1.1240e-06,6.0019e-06,1.1179e-05,1.1169e-05,8.8594e-06,9.0075e-08,2.9003e-07,7.9826e-07,6.0581e-06,1.0063e-05,1.1118e-05,9.9675e-06
P8,60.00,0.00,60.00,0.00,1.1068e-07,2.5323e-07,9.0698e-07,5.4521e-06,1.0437e-05,1.0427e-05,7.6925e-06,1.0992e-07,2.2718e-07,6.4009e-07,5.5327e-06,9.3561e-06,1.0382e-05,8.9155e-06
P8,60.00,45.00,30.00,0.00,9.3701e-08,2.5322e-07,9.0698e-07,5.4520e-06,1.0437e-05,1.0427e-05,7.6925e-06,9.2916e-08,2.2718e-07,6.4009e-07,5.5326e-06,9.3561e-06,1.0382e-05,8.9155e-06
P8,60.00,180.00,60.00,0.00,6.3199e-08,2.5322e-07,9.0698e-07,5.4517e-06,1.0437e-05,1.0427e-05,7.6925e-06,6.3201e-08,2.2718e-07,6.4009e-07,5.5322e-06,9.3561e-06,1.0382e-05,8.9155e-06
P8,0.00,0.00,30.00,0.00,8.7173e-08,3.2199e-07,1.1240e-06,6.0019e-06,1.1179e-05,1.1169e-05,8.8594e-06,8.6634e-08,2.9003e-07,7.9826e-07,6.0580e-06,1.0063e-05,1.1118e-05,9.9675e-06
P8,60.00,45.00,0.00,0.00,8.6358e-08,2.5322e-07,9.0698e-07,5.4519e-06,1.0437e-05,1.0427e-05,7.6925e-06,8.5665e-08,2.2718e-07,6.4009e-07,5.5325e-06,9.3561e-06,1.0382e-05,8.9155e-06
P8,30.00,135.00,0.00,0.00,9.1045e-08,3.0656e-07,1.0772e-06,5.8947e-06,1.1029e-05,1.1018e-05,8.6204e-06,9.0305e-08,2.7587e-07,7.6327e-07,5.9558e-06,9.9251e-06,1.0969e-05,9.7528e-06
P8,0.00,45.00,0.00,0.00,9.0772e-08,3.2199e-07,1.1240e-06,6.0019e-06,1.1179e-05,1.1169e-05,8.8594e-06,9.0075e-08,2.9003e-07,7.9826e-07,6.0581e-06,1.0063e-05,1.1118e-05,9.9675e-06
P8,0.00,180.00,0.00,0.00,9.0772e-08,3.2199e-07,1.1240e-06,6.0019e-06,1.1179e-05,1.1169e-05,8.8594e-06,9.0075e-08,2.9003e-07,7.9826e-07,6.0581e-06,1.0063e-05,1.1118e-05,9.9675e-06
P8,30.00,0.00,0.00,0.00,9.1045e-08,3.0656e-07,1.0772e-06,5.8947e-06,1.1029e-05,1.1018e-05,8.6204e-06,9.0305e-08,2.7587e-07,7.6327e-07,5.9558e-06,9.9251e-06,1.0969e-05,9.7528e-06
P8,0.00,90.00,60.00,0.00,7.2647e-08,3.2198e-07,1.1240e-06,6.0017e-06,1.1179e-05,1.1169e-05,8.8594e-06,7.2686e-08,2.9003e-07,7.9826e-07,6.0579e-06,1.0063e-05,1.1118e-05,9.9675e-06
P9,60.00,0.00,30.00,0.00,9.9224e-08,1.8942e-07,5.7017e-07,1.4232e-06,4.2483e-06,4.2390e-06,4.3214e-06,9.4527e-08,1.7448e-07,4.6053e-07,1.4114e-06,3.2266e-06,4.1517e-06,4.5902e-06
P9,60.00,45.00,30.00,0.00,9.0112e-08,1.8940e-07,5.7003e-07,1.4226e-06,4.2482e-06,4.2390e-06,4.3214e-06,8.5780e-08,1.7447e-07,4.6048e-07,1.4108e-06,3.2266e-06,4.1516e-06,4.5902e-06
P9,0.00,0.00,60.00,0.00,3.8833e-08,2.2444e-07,5.9623e-07,1.4853e-06,4.2881e-06,4.2788e-06,4.6373e-06,3.6963e-08,2.0944e-07,4.9474e-07,1.4703e-06,3.2680e-06,4.1901e-06,4.7861e-06
P9,60.00,135.00,0.00,0.00,7.5956e-08,1.8938e-07,5.6982e-07,1.4216e-06,4.2481e-06,4.2389e-06,4.3213e-06,7.2165e-08,1.7447e-07,4.6040e-07,1.4097e-06,3.2264e-06,4.1515e-06,4.5901e-06
P9,0.00,45.00,30.00,0.00,5.7806e-08,2.2449e-07,5.9646e-07,1.4855e-06,4.2881e-06,4.2788e-06,4.6373e-06,5.4847e-08,2.0946e-07,4.9488e-07,1.4705e-06,3.2680e-06,4.1901e-06,4.7861e-06
P9,30.00,90.00,60.00,0.00,4.3723e-08,2.1786e-07,5.9193e-07,1.4751e-06,4.2823e-06,4.2731e-06,4.5814e-06,4.1619e-08,2.0283e-07,4.8920e-07,1.4608e-06,3.2620e-06,4.1846e-06,4.7524e-06
P9,0.00,180.00,60.00,0.00,3.8833e-08,2.2444e-07,5.9623e-07,1.4853e-06,4.2881e-06,4.2788e-06,4.6373e-06,3.6963e-08,2.0944e-07,4.9474e-07,1.4703e-06,3.2680e-06,4.1901e-06,4.7861e-06
P9,60.00,90.00,60.00,0.00,5.9142e-08,1.8934e-07,5.6958e-07,1.4214e-06,4.2481e-06,4.2389e-06,4.3213e-06,5.6312e-08,1.7445e-07,4.6027e-07,1.4096e-06,3.2264e-06,4.1515e-06,4.5901e-06
P9,30.00,135.00,30.00,0.00,5.8550e-08,2.1790e-07,5.9211e-07,1.4751e-06,4.2823e-06,4.2731e-06,4.5814e-06,5.5549e-08,2.0284e-07,4.8930e-07,1.4608e-06,3.2620e-06,4.1846e-06,4.7524e-06
P9,30.00,90.00,30.00,0.00,6.2831e-08,2.1791e-07,5.9219e-07,1.4754e-06,4.2824e-06,4.2731e-06,4.5814e-06,5.9644e-08,2.0285e-07,4.8934e-07,1.4611e-06,3.2620e-06,4.1846e-06,4.7524e-06
P9,30.00,0.00,60.00,0.00,5.8037e-08,2.1789e-07,5.9216e-07,1.4760e-06,4.2824e-06,4.2732e-06,4.5814e-06,5.5349e-08,2.0283e-07,4.8929e-07,1.4618e-06,3.2622e-06,4.1847e-06,4.7524e-06
P9,30.00,0.00,0.00,0.00,6.6480e-08,2.1792e-07,5.9222e-07,1.4753e-06,4.2824e-06,4.2731e-06,4.5814e-06,6.3056e-08,2.0285e-07,4.8937e-07,1.4610e-06,3.2620e-06,4.1846e-06,4.7524e-06
P9,60.00,135.00,60.00,0.00,4.4199e-08,1.8931e-07,5.6942e-07,1.4205e-06,4.2480e-06,4.2388e-06,4.3213e-06,4.2036e-08,1.7445e-07,4.6021e-07,1.4086e-06,3.2262e-06,4.1514e-06,4.5901e-06
P9,30.00,45.00,30.00,0.00,6.7974e-08,2.1792e-07,5.9228e-07,1.4757e-06,4.2824e-06,4.2731e-06,4.5814e-06,6.4568e-08,2.0285e-07,4.8938e-07,1.4614e-06,3.2621e-06,4.1846e-06,4.7524e-06
P9,0.00,0.00,30.00,0.00,5.7806e-08,2.2449e-07,5.9646e-07,1.4855e-06,4.2881e-06,4.2788e-06,4.6373e-06,5.4847e-08,2.0946e-07,4.9488e-07,1.4705e-06,3.2680e-06,4.1901e-06,4.7861e-06
P9,30.00,0.00,30.00,0.00,7.0459e-08,2.1793e-07,5.9233e-07,1.4758e-06,4.2824e-06,4.2731e-06,4.5814e-06,6.6951e-08,2.0285e-07,4.8941e-07,1.4616e-06,3.2621e-06,4.1846e-06,4.7524e-06
P9,0.00,45.00,0.00,0.00,6.2216e-08,2.2451e-07,5.9655e-07,1.4856e-06,4.2881e-06,4.2788e-06,4.6373e-06,5.8994e-08,2.0947e-07,4.9493e-07,1.4706e-06,3.2680e-06,4.1901e-06,4.7861e-06
P9,30.00,135.00,0.00,0.00,6.6480e-08,2.1792e-07,5.9222e-07,1.4753e-06,4.2824e-06,4.2731e-06,4.5814e-06,6.3056e-08,2.0285e-07,4.8937e-07,1.4610e-06,3.2620e-06,4.1846e-06,4.7524e-06
P9,0.00,135.00,0.00,0.00,6.2216e-08,2.2451e-07,5.9655e-07,1.4856e-06,4.2881e-06,4.2788e-06,4.6373e-06,5.8994e-08,2.0947e-07,4.9493e-07,1.4706e-06,3.2680e-06,4.1901e-06,4.7861e-06
P9,0.00,90.00,30.00,0.00,5.7806e-08,2.2449e-07,5.9646e-07,1.4855e-06,4.2881e-06,4.2788e-06,4.6373e-06,5.4847e-08,2.0946e-07,4.9488e-07,1.4705e-06,3.2680e-06,4.1901e-06,4.7861e-06
P9,0.00,180.00,30.00,0.00,5.7806e-08,2.2449e-07,5.9646e-07,1.4855e-06,4.2881e-06,4.2788e-06,4.6373e-06,5.4847e-08,2.0946e-07,4.9488e-07,1.4705e-06,3.2680e-06,4.1901e-06,4.7861e-06
P9,60.00,0.00,0.00,0.00,7.5956e-08,1.8938e-07,5.6982e-07,1.4216e-06,4.2481e-06,4.2389e-06,4.3213e-06,7.2165e-08,1.7447e-07,4.6040e-07,1.4097e-06,3.2264e-06,4.1515e-06,4.5901e-06
P9,0.00,0.00,0.00,0.00,6.2216e-08,2.2451e-07,5.9655e-07,1.4856e-06,4.2881e-06,4.2788e-06,4.6373e-06,5.8994e-08,2.0947e-07,4.9493e-07,1.4706e-06,3.2680e-06,4.1901e-06,4.7861e-06
P9,0.00,90.00,60.00,0.00,3.8833e-08,2.2444e-07,5.9623e-07,1.4853e-06,4.2881e-06,4.2788e-06,4.6373e-06,3.6963e-08,2.0944e-07,4.9474e-07,1.4703e-06,3.2680e-06,4.1901e-06,4.7861e-06
P9,60.00,135.00,30.00,0.00,6.4174e-08,1.8935e-07,5.6965e-07,1.4210e-06,4.2481e-06,4.2388e-06,4.3213e-06,6.0939e-08,1.7446e-07,4.6032e-07,1.4091e-06,3.2263e-06,4.1515e-06,4.5901e-06
P9,30.00,180.00,30.00,0.00,5.6985e-08,2.1789e-07,5.9206e-07,1.4750e-06,4.2823e-06,4.2731e-06,4.5814e-06,5.4051e-08,2.0284e-07,4.8928e-07,1.4606e-06,3.2619e-06,4.1845e-06,4.7524e-06
P9,30.00,180.00,60.00,0.00,3.5832e-08,2.1784e-07,5.9183e-07,1.4747e-06,4.2823e-06,4.2730e-06,4.5814e-06,3.4072e-08,2.0282e-07,4.8915e-07,1.4604e-06,3.2619e-06,4.1845e-06,4.7524e-06
P9,60.00,180.00,30.00,0.00,6.0859e-08,1.8934e-07,5.6961e-07,1.4209e-06,4.2481e-06,4.2388e-06,4.3213e-06,5.7774e-08,1.7446e-07,4.6030e-07,1.4089e-06,3.2263e-06,4.1514e-06,4.5901e-06
P9,60.00,90.00,30.00,0.00,7.4494e-08,1.8937e-07,5.6979e-07,1.4216e-06,4.2481e-06,4.2389e-06,4.3213e-06,7.0810e-08,1.7447e-07,4.6038e-07,1.4097e-06,3.2264e-06,4.1515e-06,4.5901e-06
P9,30.00,90.00,0.00,0.00,6.6480e-08,2.1792e-07,5.9222e-07,1.4753e-06,4.2824e-06,4.2731e-06,4.5814e-06,6.3056e-08,2.0285e-07,4.8937e-07,1.4610e-06,3.2620e-06,4.1846e-06,4.7524e-06
P9,0.00,180.00,0.00,0.00,6.2216e-08,2.2451e-07,5.9655e-07,1.4856e-06,4.2881e-06,4.2788e-06,4.6373e-06,5.8994e-08,2.0947e-07,4.9493e-07,1.4706e-06,3.2680e-06,4.1901e-06,4.7861e-06
P9,60.00,0.00,60.00,0.00,1.3053e-07,1.8947e-07,5.7059e-07,1.4272e-06,4.2487e-06,4.2395e-06,4.3214e-06,1.2491e-07,1.7448e-07,4.6065e-07,1.4158e-06,3.2275e-06,4.1521e-06,4.5904e-06
P9,0.00,135.00,60.00,0.00,3.8833e-08,2.2444e-07,5.9623e-07,1.4853e-06,4.2881e-06,4.2788e-06,4.6373e-06,3.6963e-08,2.0944e-07,4.9474e-07,1.4703e-06,3.2680e-06,4.1901e-06,4.7861e-06
P9,30.00,135.00,60.00,0.00,3.7750e-08,2.1785e-07,5.9185e-07,1.4748e-06,4.2823e-06,4.2731e-06,4.5814e-06,3.5905e-08,2.0282e-07,4.8916e-07,1.4605e-06,3.2620e-06,4.1845e-06,4.7524e-06
P9,60.00,180.00,60.00,0.00,4.0265e-08,1.8930e-07,5.6936e-07,1.4202e-06,4.2480e-06,4.2387e-06,4.3213e-06,3.8281e-08,1.7445e-07,4.6019e-07,1.4082e-06,3.2261e-06,4.1514e-06,4.5901e-06
P9,60.00,180.00,0.00,0.00,7.5956e-08,1.8938e-07,5.6982e-07,1.4216e-06,4.2481e-06,4.2389e-06,4.3213e-06,7.2165e-08,1.7447e-07,4.6040e-07,1.4097e-06,3.2264e-06,4.1515e-06,4.5901e-06
P9,0.00,45.00,60.00,0.00,3.8833e-08,2.2444e-07,5.9623e-07,1.4853e-06,4.2881e-06,4.2788e-06,4.6373e-06,3.6963e-08,2.0944e-07,4.9474e-07,1.4703e-06,3.2680e-06,4.1901e-06,4.7861e-06
P9,30.00,45.00,0.00,0.00,6.6480e-08,2.1792e-07,5.9222e-07,1.4753e-06,4.2824e-06,4.2731e-06,4.5814e-06,6.3056e-08,2.0285e-07,4.8937e-07,1.4610e-06,3.2620e-06,4.1846e-06,4.7524e-06
P9,60.00,45.00,60.00,0.00,9.5027e-08,1.8940e-07,5.7004e-07,1.4240e-06,4.2484e-06,4.2391e-06,4.3214e-06,9.0731e-08,1.7447e-07,4.6044e-07,1.4123e-06,3.2268e-06,4.1518e-06,4.5903e-06
P9,60.00,90.00,0.00,0.00,7.5956e-08,1.8938e-07,5.6982e-07,1.4216e-06,4.2481e-06,4.2389e-06,4.3213e-06,7.2165e-08,1.7447e-07,4.6040e-07,1.4097e-06,3.2264e-06,4.1515e-06,4.5901e-06
P9,60.00,45.00,0.00,0.00,7.5956e-08,1.8938e-07,5.6982e-07,1.4216e-06,4.2481e-06,4.2389e-06,4.3213e-06,7.2165e-08,1.7447e-07,4.6040e-07,1.4097e-06,3.2264e-06,4.1515e-06,4.5901e-06
P9,0.00,135.00,30.00,0.00,5.7806e-08,2.2449e-07,5.9646e-07,1.4855e-06,4.2881e-06,4.2788e-06,4.6373e-06,5.4847e-08,2.0946e-07,4.9488e-07,1.4705e-06,3.2680e-06,4.1901e-06,4.7861e-06
P9,30.00,180.00,0.00,0.00,6.6480e-08,2.1792e-07,5.9222e-07,1.4753e-06,4.2824e-06,4.2731e-06,4.5814e-06,6.3056e-08,2.0285e-07,4.8937e-07,1.4610e-06,3.2620e-06,4.1846e-06,4.7524e-06
P9,0.00,90.00,0.00,0.00,6.2216e-08,2.2451e-07,5.9655e-07,1.4856e-06,4.2881e-06,4.2788e-06,4.6373e-06,5.8994e-08,2.0947e-07,4.9493e-07,1.4706e-06,3.2680e-06,4.1901e-06,4.7861e-06
P9,30.00,45.00,60.00,0.00,5.2763e-08,2.1788e-07,5.9208e-07,1.4757e-06,4.2824e-06,4.2731e-06,4.5814e-06,5.0285e-08,2.0283e-07,4.8926e-07,1.4615e-06,3.2621e-06,4.1846e-06,4.7524e-06
P10,60.00,90.00,0.00,0.00,7.6140e-08,2.3920e-07,5.8092e-07,1.4145e-06,4.2110e-06,4.2019e-06,4.6998e-06,7.2335e-08,2.2511e-07,4.9102e-07,1.3957e-06,3.2043e-06,4.1170e-06,4.7225e-06
P10,0.00,0.00,0.00,0.00,6.2339e-08,2.5611e-07,5.9634e-07,1.4858e-06,4.2726e-06,4.2634e-06,4.8733e-06,5.9109e-08,2.4197e-07,5.0639e-07,1.4674e-06,3.2652e-06,4.1767e-06,4.8583e-06
P10,30.00,90.00,60.00,0.00,4.3840e-08,2.5299e-07,5.9292e-07,1.4732e-06,4.2617e-06,4.2526e-06,4.8402e-06,4.1727e-08,2.3890e-07,5.0328e-07,1.4549e-06,3.2548e-06,4.1662e-06,4.8328e-06
P10,60.00,45.00,30.00,0.00,9.0316e-08,2.3924e-07,5.8125e-07,1.4155e-06,4.2111e-06,4.2020e-06,4.6998e-06,8.5969e-08,2.2512e-07,4.9117e-07,1.3968e-06,3.2045e-06,4.1172e-06,4.7226e-06
P10,30.00,180.00,30.00,0.00,5.7111e-08,2.5303e-07,5.9306e-07,1.4730e-06,4.2617e-06,4.2525e-06,4.8402e-06,5.4169e-08,2.3892e-07,5.0339e-07,1.4547e-06,3.2547e-06,4.1662e-06,4.8328e-06
P10,0.00,180.00,30.00,0.00,5.7927e-08,2.5609e-07,5.9625e-07,1.4857e-06,4.2726e-06,4.2634e-06,4.8733e-06,5.4960e-08,2.4195e-07,5.0632e-07,1.4673e-06,3.2651e-06,4.1767e-06,4.8583e-06
P10,30.00,180.00,60.00,0.00,3.5940e-08,2.5297e-07,5.9276e-07,1.4728e-06,4.2617e-06,4.2525e-06,4.8402e-06,3.4172e-08,2.3889e-07,5.0320e-07,1.4545e-06,3.2547e-06,4.1662e-06,4.8328e-06
P10,0.00,90.00,60.00,0.00,3.8941e-08,2.5602e-07,5.9596e-07,1.4855e-06,4.2725e-06,4.2634e-06,4.8733e-06,3.7063e-08,2.4192e-07,5.0613e-07,1.4671e-06,3.2651e-06,4.1767e-06,4.8583e-06
P10,30.00,180.00,0.00,0.00,6.6612e-08,2.5307e-07,5.9327e-07,1.4734e-06,4.2617e-06,4.2526e-06,4.8403e-06,6.3179e-08,2.3894e-07,5.0351e-07,1.4551e-06,3.2548e-06,4.1662e-06,4.8328e-06
P10,0.00,45.00,30.00,0.00,5.7927e-08,2.5609e-07,5.9625e-07,1.4857e-06,4.2726e-06,4.2634e-06,4.8733e-06,5.4960e-08,2.4195e-07,5.0632e-07,1.4673e-06,3.2651e-06,4.1767e-06,4.8583e-06
P10,60.00,135.00,30.00,0.00,6.4346e-08,2.3916e-07,5.8068e-07,1.4140e-06,4.2110e-06,4.2018e-06,4.6998e-06,6.1098e-08,2.2509e-07,4.9090e-07,1.3951e-06,3.2042e-06,4.1170e-06,4.7225e-06
P10,30.00,90.00,0.00,0.00,6.6612e-08,2.5307e-07,5.9327e-07,1.4734e-06,4.2617e-06,4.2526e-06,4.8403e-06,6.3179e-08,2.3894e-07,5.0351e-07,1.4551e-06,3.2548e-06,4.1662e-06,4.8328e-06
P10,0.00,135.00,60.00,0.00,3.8941e-08,2.5602e-07,5.9596e-07,1.4855e-06,4.2725e-06,4.2634e-06,4.8733e-06,3.7063e-08,2.4192e-07,5.0613e-07,1.4671e-06,3.2651e-06,4.1767e-06,4.8583e-06
P10,60.00,90.00,30.00,0.00,7.4679e-08,2.3919e-07,5.8089e-07,1.4145e-06,4.2110e-06,4.2019e-06,4.6998e-06,7.0981e-08,2.2510e-07,4.9100e-07,1.3957e-06,3.2043e-06,4.1171e-06,4.7225e-06
P10,30.00,45.00,60.00,0.00,5.2891e-08,2.5302e-07,5.9313e-07,1.4738e-06,4.2618e-06,4.2526e-06,4.8402e-06,5.0404e-08,2.3891e-07,5.0339e-07,1.4555e-06,3.2549e-06,4.1663e-06,4.8329e-06
P10,0.00,135.00,0.00,0.00,6.2339e-08,2.5611e-07,5.9634e-07,1.4858e-06,4.2726e-06,4.2634e-06,4.8733e-06,5.9109e-08,2.4197e-07,5.0639e-07,1.4674e-06,3.2652e-06,4.1767e-06,4.8583e-06
P10,60.00,180.00,30.00,0.00,6.1027e-08,2.3915e-07,5.8063e-07,1.4138e-06,4.2110e-06,4.2018e-06,4.6998e-06,5.7929e-08,2.2509e-07,4.9087e-07,1.3950e-06,3.2042e-06,4.1170e-06,4.7225e-06
P10,0.00,0.00,30.00,0.00,5.7927e-08,2.5609e-07,5.9625e-07,1.4857e-06,4.2726e-06,4.2634e-06,4.8733e-06,5.4960e-08,2.4195e-07,5.0632e-07,1.4673e-06,3.2651e-06,4.1767e-06,4.8583e-06
P10,0.00,135.00,30.00,0.00,5.7927e-08,2.5609e-07,5.9625e-07,1.4857e-06,4.2726e-06,4.2634e-06,4.8733e-06,5.4960e-08,2.4195e-07,5.0632e-07,1.4673e-06,3.2651e-06,4.1767e-06,4.8583e-06
P10,60.00,0.00,0.00,0.00,7.6140e-08,2.3920e-07,5.8092e-07,1.4145e-06,4.2110e-06,4.2019e-06,4.6998e-06,7.2335e-08,2.2511e-07,4.9102e-07,1.3957e-06,3.2043e-06,4.1170e-06,4.7225e-06
P10,30.00,135.00,30.00,0.00,5.8678e-08,2.5304e-07,5.9312e-07,1.4732e-06,4.2617e-06,4.2526e-06,4.8402e-06,5.5668e-08,2.3893e-07,5.0342e-07,1.4549e-06,3.2548e-06,4.1662e-06,4.8328e-06
P10,30.00,45.00,0.00,0.00,6.6612e-08,2.5307e-07,5.9327e-07,1.4734e-06,4.2617e-06,4.2526e-06,4.8403e-06,6.3179e-08,2.3894e-07,5.0351e-07,1.4551e-06,3.2548e-06,4.1662e-06,4.8328e-06
P10,60.00,0.00,30.00,0.00,9.9440e-08,2.3927e-07,5.8146e-07,1.4161e-06,4.2112e-06,4.2021e-06,4.6998e-06,9.4728e-08,2.2513e-07,4.9128e-07,1.3974e-06,3.2046e-06,4.1172e-06,4.7226e-06
P10,30.00,90.00,30.00,0.00,6.2961e-08,2.5306e-07,5.9323e-07,1.4735e-06,4.2617e-06,4.2526e-06,4.8402e-06,5.9765e-08,2.3893e-07,5.0348e-07,1.4552e-06,3.2548e-06,4.1663e-06,4.8328e-06
P10,0.00,0.00,60.00,0.00,3.8941e-08,2.5602e-07,5.9596e-07,1.4855e-06,4.2725e-06,4.2634e-06,4.8733e-06,3.7063e-08,2.4192e-07,5.0613e-07,1.4671e-06,3.2651e-06,4.1767e-06,4.8583e-06
P10,0.00,45.00,0.00,0.00,6.2339e-08,2.5611e-07,5.9634e-07,1.4858e-06,4.2726e-06,4.2634e-06,4.8733e-06,5.9109e-08,2.4197e-07,5.0639e-07,1.4674e-06,3.2652e-06,4.1767e-06,4.8583e-06
P10,60.00,45.00,0.00,0.00,7.6140e-08,2.3920e-07,5.8092e-07,1.4145e-06,4.2110e-06,4.2019e-06,4.6998e-06,7.2335e-08,2.2511e-07,4.9102e-07,1.3957e-06,3.2043e-06,4.1170e-06,4.7225e-06
P10,30.00,0.00,30.00,0.00,7.0595e-08,2.5309e-07,5.9344e-07,1.4739e-06,4.2618e-06,4.2526e-06,4.8403e-06,6.7078e-08,2.3895e-07,5.0360e-07,1.4556e-06,3.2549e-06,4.1663e-06,4.8329e-06
P10,60.00,180.00,60.00,0.00,4.0407e-08,2.3909e-07,5.8028e-07,1.4131e-06,4.2109e-06,4.2018e-06,4.6998e-06,3.8412e-08,2.2506e-07,4.9068e-07,1.3942e-06,3.2040e-06,4.1169e-06,4.7224e-06
P10,0.00,45.00,60.00,0.00,3.8941e-08,2.5602e-07,5.9596e-07,1.4855e-06,4.2725e-06,4.2634e-06,4.8733e-06,3.7063e-08,2.4192e-07,5.0613e-07,1.4671e-06,3.2651e-06,4.1767e-06,4.8583e-06
P10,60.00,45.00,60.00,0.00,9.5262e-08,2.3924e-07,5.8135e-07,1.4169e-06,4.2113e-06,4.2022e-06,4.6999e-06,9.0951e-08,2.2511e-07,4.9116e-07,1.3983e-06,3.2048e-06,4.1173e-06,4.7226e-06
P10,0.00,90.00,30.00,0.00,5.7927e-08,2.5609e-07,5.9625e-07,1.4857e-06,4.2726e-06,4.2634e-06,4.8733e-06,5.4960e-08,2.4195e-07,5.0632e-07,1.4673e-06,3.2651e-06,4.1767e-06,4.8583e-06
P10,30.00,135.00,0.00,0.00,6.6612e-08,2.5307e-07,5.9327e-07,1.4734e-06,4.2617e-06,4.2526e-06,4.8403e-06,6.3179e-08,2.3894e-07,5.0351e-07,1.4551e-06,3.2548e-06,4.1662e-06,4.8328e-06
P10,60.00,180.00,0.00,0.00,7.6140e-08,2.3920e-07,5.8092e-07,1.4145e-06,4.2110e-06,4.2019e-06,4.6998e-06,7.2335e-08,2.2511e-07,4.9102e-07,1.3957e-06,3.2043e-06,4.1170e-06,4.7225e-06
P10,0.00,180.00,0.00,0.00,6.2339e-08,2.5611e-07,5.9634e-07,1.4858e-06,4.2726e-06,4.2634e-06,4.8733e-06,5.9109e-08,2.4197e-07,5.0639e-07,1.4674e-06,3.2652e-06,4.1767e-06,4.8583e-06
P10,0.00,180.00,60.00,0.00,3.8941e-08,2.5602e-07,5.9596e-07,1.4855e-06,4.2725e-06,4.2634e-06,4.8733e-06,3.7063e-08,2.4192e-07,5.0613e-07,1.4671e-06,3.2651e-06,4.1767e-06,4.8583e-06
P10,30.00,0.00,0.00,0.00,6.6612e-08,2.5307e-07,5.9327e-07,1.4734e-06,4.2617e-06,4.2526e-06,4.8403e-06,6.3179e-08,2.3894e-07,5.0351e-07,1.4551e-06,3.2548e-06,4.1662e-06,4.8328e-06
P10,60.00,90.00,60.00,0.00,5.9315e-08,2.3914e-07,5.8062e-07,1.4144e-06,4.2110e-06,4.2019e-06,4.6998e-06,5.6472e-08,2.2508e-07,4.9083e-07,1.3956e-06,3.2043e-06,4.1170e-06,4.7225e-06
P10,30.00,45.00,30.00,0.00,6.8109e-08,2.5308e-07,5.9336e-07,1.4737e-06,4.2618e-06,4.2526e-06,4.8403e-06,6.4693e-08,2.3894e-07,5.0356e-07,1.4555e-06,3.2549e-06,4.1663e-06,4.8329e-06
P10,0.00,90.00,0.00,0.00,6.2339e-08,2.5611e-07,5.9634e-07,1.4858e-06,4.2726e-06,4.2634e-06,4.8733e-06,5.9109e-08,2.4197e-07,5.0639e-07,1.4674e-06,3.2652e-06,4.1767e-06,4.8583e-06
P10,30.00,135.00,60.00,0.00,3.7860e-08,2.5297e-07,5.9280e-07,1.4729e-06,4.2617e-06,4.2525e-06,4.8402e-06,3.6007e-08,2.3889e-07,5.0322e-07,1.4546e-06,3.2548e-06,4.1662e-06,4.8328e-06
P10,60.00,0.00,60.00,0.00,1.3082e-07,2.3935e-07,5.8223e-07,1.4200e-06,4.2116e-06,4.2025e-06,4.6999e-06,1.2519e-07,2.2514e-07,4.9156e-07,1.4016e-06,3.2054e-06,4.1177e-06,4.7228e-06
P10,60.00,135.00,60.00,0.00,4.4347e-08,2.3911e-07,5.8036e-07,1.4135e-06,4.2109e-06,4.2018e-06,4.6998e-06,4.2172e-08,2.2507e-07,4.9072e-07,1.3946e-06,3.2041e-06,4.1170e-06,4.7225e-06
P10,60.00,135.00,0.00,0.00,7.6140e-08,2.3920e-07,5.8092e-07,1.4145e-06,4.2110e-06,4.2019e-06,4.6998e-06,7.2335e-08,2.2511e-07,4.9102e-07,1.3957e-06,3.2043e-06,4.1170e-06,4.7225e-06
P10,30.00,0.00,60.00,0.00,5.8172e-08,2.5304e-07,5.9326e-07,1.4741e-06,4.2618e-06,4.2527e-06,4.8403e-06,5.5475e-08,2.3892e-07,5.0345e-07,1.4559e-06,3.2550e-06,4.1663e-06,4.8329e-06
P11,0.00,90.00,60.00,0.00,8.5056e-08,3.1009e-07,1.0742e-06,6.5548e-06,1.2105e-05,1.2094e-05,8.8682e-06,8.4894e-08,2.7912e-07,7.6375e-07,6.6247e-06,1.0976e-05,1.2058e-05,1.0290e-05
P11,60.00,180.00,30.00,0.00,8.8436e-08,2.4471e-07,8.6954e-07,5.9369e-06,1.1265e-05,1.1255e-05,7.5391e-06,8.7644e-08,2.1945e-07,6.1811e-07,6.0353e-06,1.0245e-05,1.1237e-05,9.0449e-06
P11,30.00,180.00,30.00,0.00,9.6828e-08,2.9559e-07,1.0292e-06,6.4353e-06,1.1944e-05,1.1933e-05,8.5920e-06,9.6055e-08,2.6585e-07,7.3158e-07,6.5108e-06,1.0839e-05,1.1901e-05,1.0037e-05
P11,60.00,90.00,60.00,0.00,8.5020e-08,2.4471e-07,8.6954e-07,5.9369e-06,1.1265e-05,1.1255e-05,7.5391e-06,8.4465e-08,2.1945e-07,6.1811e-07,6.0353e-06,1.0245e-05,1.1237e-05,9.0449e-06
P11,60.00,135.00,30.00,0.00,9.0580e-08,2.4471e-07,8.6954e-07,5.9370e-06,1.1265e-05,1.1255e-05,7.5391e-06,8.9729e-08,2.1945e-07,6.1811e-07,6.0353e-06,1.0245e-05,1.1237e-05,9.0449e-06
P11,60.00,90.00,30.00,0.00,9.7277e-08,2.4471e-07,8.6954e-07,5.9371e-06,1.1265e-05,1.1255e-05,7.5391e-06,9.6249e-08,2.1945e-07,6.1811e-07,6.0355e-06,1.0245e-05,1.1237e-05,9.0449e-06
P11,60.00,180.00,0.00,0.00,9.8811e-08,2.4471e-07,8.6954e-07,5.9371e-06,1.1265e-05,1.1255e-05,7.5391e-06,9.7703e-08,2.1945e-07,6.1811e-07,6.0355e-06,1.0245e-05,1.1237e-05,9.0449e-06
P11,60.00,45.00,60.00,0.00,1.0722e-07,2.4471e-07,8.6954e-07,5.9374e-06,1.1265e-05,1.1255e-05,7.5391e-06,1.0616e-07,2.1945e-07,6.1811e-07,6.0358e-06,1.0245e-05,1.1237e-05,9.0449e-06
P11,0.00,180.00,30.00,0.00,1.0018e-07,3.1009e-07,1.0742e-06,6.5550e-06,1.2105e-05,1.2094e-05,8.8683e-06,9.9383e-08,2.7912e-07,7.6375e-07,6.6248e-06,1.0976e-05,1.2058e-05,1.0290e-05
P11,30.00,90.00,0.00,0.00,1.0400e-07,2.9559e-07,1.0292e-06,6.4354e-06,1.1944e-05,1.1933e-05,8.5920e-06,1.0296e-07,2.6585e-07,7.3158e-07,6.5110e-06,1.0839e-05,1.1901e-05,1.0037e-05
P11,0.00,45.00,0.00,0.00,1.0386e-07,3.1009e-07,1.0742e-06,6.5550e-06,1.2105e-05,1.2094e-05,8.8683e-06,1.0289e-07,2.7912e-07,7.6375e-07,6.6249e-06,1.0976e-05,1.2058e-05,1.0290e-05
P11,0.00,0.00,60.00,0.00,8.5056e-08,3.1009e-07,1.0742e-06,6.5548e-06,1.2105e-05,1.2094e-05,8.8682e-06,8.4894e-08,2.7912e-07,7.6375e-07,6.6247e-06,1.0976e-05,1.2058e-05,1.0290e-05
P11,60.00,0.00,0.00,0.00,9.8811e-08,2.4471e-07,8.6954e-07,5.9371e-06,1.1265e-05,1.1255e-05,7.5391e-06,9.7703e-08,2.1945e-07,6.1811e-07,6.0355e-06,1.0245e-05,1.1237e-05,9.0449e-06
P11,30.00,90.00,30.00,0.00,1.0088e-07,2.9559e-07,1.0292e-06,6.4354e-06,1.1944e-05,1.1933e-05,8.5920e-06,9.9998e-08,2.6585e-07,7.3158e-07,6.5110e-06,1.0839e-05,1.1901e-05,1.0037e-05
P11,0.00,135.00,0.00,0.00,1.0386e-07,3.1009e-07,1.0742e-06,6.5550e-06,1.2105e-05,1.2094e-05,8.8683e-06,1.0289e-07,2.7912e-07,7.6375e-07,6.6249e-06,1.0976e-05,1.2058e-05,1.0290e-05
P11,60.00,0.00,30.00,0.00,1.1344e-07,2.4471e-07,8.6954e-07,5.9374e-06,1.1265e-05,1.1255e-05,7.5391e-06,1.1202e-07,2.1945e-07,6.1811e-07,6.0358e-06,1.0245e-05,1.1237e-05,9.0449e-06
P11,30.00,180.00,60.00,0.00,8.0510e-08,2.9558e-07,1.0292e-06,6.4351e-06,1.1944e-05,1.1933e-05,8.5920e-06,8.0385e-08,2.6585e-07,7.3158e-07,6.5107e-06,1.0839e-05,1.1901e-05,1.0037e-05
P11,60.00,90.00,0.00,0.00,9.8811e-08,2.4471e-07,8.6954e-07,5.9371e-06,1.1265e-05,1.1255e-05,7.5391e-06,9.7703e-08,2.1945e-07,6.1811e-07,6.0355e-06,1.0245e-05,1.1237e-05,9.0449e-06
P11,30.00,90.00,60.00,0.00,8.5677e-08,2.9558e-07,1.0292e-06,6.4352e-06,1.1944e-05,1.1933e-05,8.5920e-06,8.5414e-08,2.6585e-07,7.3158e-07,6.5108e-06,1.0839e-05,1.1901e-05,1.0037e-05
P11,0.00,180.00,0.00,0.00,1.0386e-07,3.1009e-07,1.0742e-06,6.5550e-06,1.2105e-05,1.2094e-05,8.8683e-06,1.0289e-07,2.7912e-07,7.6375e-07,6.6249e-06,1.0976e-05,1.2058e-05,1.0290e-05
P11,60.00,45.00,0.00,0.00,9.8811e-08,2.4471e-07,8.6954e-07,5.9371e-06,1.1265e-05,1.1255e-05,7.5391e-06,9.7703e-08,2.1945e-07,6.1811e-07,6.0355e-06,1.0245e-05,1.1237e-05,9.0449e-06
P11,0.00,0.00,0.00,0.00,1.0386e-07,3.1009e-07,1.0742e-06,6.5550e-06,1.2105e-05,1.2094e-05,8.8683e-06,1.0289e-07,2.7912e-07,7.6375e-07,6.6249e-06,1.0976e-05,1.2058e-05,1.0290e-05
P11,30.00,135.00,0.00,0.00,1.0400e-07,2.9559e-07,1.0292e-06,6.4354e-06,1.1944e-05,1.1933e-05,8.5920e-06,1.0296e-07,2.6585e-07,7.3158e-07,6.5110e-06,1.0839e-05,1.1901e-05,1.0037e-05
P11,30.00,45.00,0.00,0.00,1.0400e-07,2.9559e-07,1.0292e-06,6.4354e-06,1.1944e-05,1.1933e-05,8.5920e-06,1.0296e-07,2.6585e-07,7.3158e-07,6.5110e-06,1.0839e-05,1.1901e-05,1.0037e-05
P11,30.00,45.00,30.00,0.00,1.0447e-07,2.9559e-07,1.0292e-06,6.4355e-06,1.1944e-05,1.1933e-05,8.5920e-06,1.0348e-07,2.6585e-07,7.3158e-07,6.5111e-06,1.0839e-05,1.1901e-05,1.0037e-05
P11,0.00,45.00,60.00,0.00,8.5056e-08,3.1009e-07,1.0742e-06,6.5548e-06,1.2105e-05,1.2094e-05,8.8682e-06,8.4894e-08,2.7912e-07,7.6375e-07,6.6247e-06,1.0976e-05,1.2058e-05,1.0290e-05
P11,60.00,180.00,60.00,0.00,7.3463e-08,2.4470e-07,8.6954e-07,5.9367e-06,1.1265e-05,1.1255e-05,7.5391e-06,7.3208e-08,2.1945e-07,6.1811e-07,6.0350e-06,1.0245e-05,1.1237e-05,9.0449e-06
P11,0.00,135.00,30.00,0.00,1.0018e-07,3.1009e-07,1.0742e-06,6.5550e-06,1.2105e-05,1.2094e-05,8.8683e-06,9.9383e-08,2.7912e-07,7.6375e-07,6.6248e-06,1.0976e-05,1.2058e-05,1.0290e-05
P11,0.00,180.00,60.00,0.00,8.5056e-08,3.1009e-07,1.0742e-06,6.5548e-06,1.2105e-05,1.2094e-05,8.8682e-06,8.4894e-08,2.7912e-07,7.6375e-07,6.6247e-06,1.0976e-05,1.2058e-05,1.0290e-05
P11,0.00,45.00,30.00,0.00,1.0018e-07,3.1009e-07,1.0742e-06,6.5550e-06,1.2105e-05,1.2094e-05,8.8683e-06,9.9383e-08,2.7912e-07,7.6375e-07,6.6248e-06,1.0976e-05,1.2058e-05,1.0290e-05
P11,60.00,0.00,60.00,0.00,1.2937e-07,2.4472e-07,8.6954e-07,5.9379e-06,1.1265e-05,1.1255e-05,7.5391e-06,1.2788e-07,2.1945e-07,6.1811e-07,6.0364e-06,1.0245e-05,1.1237e-05,9.0449e-06
P11,60.00,135.00,60.00,0.00,7.5862e-08,2.4470e-07,8.6954e-07,5.9368e-06,1.1265e-05,1.1255e-05,7.5391e-06,7.5542e-08,2.1945e-07,6.1811e-07,6.0351e-06,1.0245e-05,1.1237e-05,9.0449e-06
P11,30.00,135.00,30.00,0.00,9.7913e-08,2.9559e-07,1.0292e-06,6.4353e-06,1.1944e-05,1.1933e-05,8.5920e-06,9.7109e-08,2.6585e-07,7.3158e-07,6.5109e-06,1.0839e-05,1.1901e-05,1.0037e-05
P11,60.00,135.00,0.00,0.00,9.8811e-08,2.4471e-07,8.6954e-07,5.9371e-06,1.1265e-05,1.1255e-05,7.5391e-06,9.7703e-08,2.1945e-07,6.1811e-07,6.0355e-06,1.0245e-05,1.1237e-05,9.0449e-06
P11,30.00,0.00,0.00,0.00,1.0400e-07,2.9559e-07,1.0292e-06,6.4354e-06,1.1944e-05,1.1933e-05,8.5920e-06,1.0296e-07,2.6585e-07,7.3158e-07,6.5110e-06,1.0839e-05,1.1901e-05,1.0037e-05
P11,0.00,135.00,60.00,0.00,8.5056e-08,3.1009e-07,1.0742e-06,6.5548e-06,1.2105e-05,1.2094e-05,8.8682e-06,8.4894e-08,2.7912e-07,7.6375e-07,6.6247e-06,1.0976e-05,1.2058e-05,1.0290e-05
P11,0.00,0.00,30.00,0.00,1.0018e-07,3.1009e-07,1.0742e-06,6.5550e-06,1.2105e-05,1.2094e-05,8.8683e-06,9.9383e-08,2.7912e-07,7.6375e-07,6.6248e-06,1.0976e-05,1.2058e-05,1.0290e-05
P11,30.00,135.00,60.00,0.00,8.1763e-08,2.9558e-07,1.0292e-06,6.4351e-06,1.1944e-05,1.1933e-05,8.5920e-06,8.1604e-08,2.6585e-07,7.3158e-07,6.5107e-06,1.0839e-05,1.1901e-05,1.0037e-05
P11,30.00,0.00,60.00,0.00,9.5120e-08,2.9558e-07,1.0292e-06,6.4354e-06,1.1944e-05,1.1933e-05,8.5920e-06,9.4628e-08,2.6585e-07,7.3158e-07,6.5110e-06,1.0839e-05,1.1901e-05,1.0037e-05
P11,30.00,0.00,30.00,0.00,1.0620e-07,2.9559e-07,1.0292e-06,6.4355e-06,1.1944e-05,1.1933e-05,8.5920e-06,1.0517e-07,2.6585e-07,7.3158e-07,6.5111e-06,1.0839e-05,1.1901e-05,1.0037e-05
P11,30.00,180.00,0.00,0.00,1.0400e-07,2.9559e-07,1.0292e-06,6.4354e-06,1.1944e-05,1.1933e-05,8.5920e-06,1.0296e-07,2.6585e-07,7.3158e-07,6.5110e-06,1.0839e-05,1.1901e-05,1.0037e-05
P11,0.00,90.00,30.00,0.00,1.0018e-07,3.1009e-07,1.0742e-06,6.5550e-06,1.2105e-05,1.2094e-05,8.8683e-06,9.9383e-08,2.7912e-07,7.6375e-07,6.6248e-06,1.0976e-05,1.2058e-05,1.0290e-05
P11,60.00,45.00,30.00,0.00,1.0747e-07,2.4471e-07,8.6954e-07,5.9373e-06,1.1265e-05,1.1255e-05,7.5391e-06,1.0619e-07,2.1945e-07,6.1811e-07,6.0357e-06,1.0245e-05,1.1237e-05,9.0449e-06
P11,30.00,45.00,60.00,0.00,9.1631e-08,2.9558e-07,1.0292e-06,6.4353e-06,1.1944e-05,1.1933e-05,8.5920e-06,9.1222e-08,2.6585e-07,7.3158e-07,6.5109e-06,1.0839e-05,1.1901e-05,1.0037e-05
P11,0.00,90.00,0.00,0.00,1.0386e-07,3.1009e-07,1.0742e-06,6.5550e-06,1.2105e-05,1.2094e-05,8.8683e-06,1.0289e-07,2.7912e-07,7.6375e-07,6.6249e-06,1.0976e-05,1.2058e-05,1.0290e-05
P12,60.00,180.00,30.00,0.00,6.1425e-08,2.0740e-07,6.9018e-07,2.6694e-06,6.7756e-06,6.7637e-06,5.5497e-06,5.8878e-08,1.8886e-07,5.0812e-07,2.6897e-06,5.4799e-06,6.6736e-06,6.2591e-06
P12,60.00,90.00,60.00,0.00,5.9015e-08,2.0740e-07,6.9018e-07,2.6698e-06,6.7756e-06,6.7638e-06,5.5497e-06,5.6774e-08,1.8886e-07,5.0812e-07,2.6901e-06,5.4800e-06,6.6736e-06,6.2591e-06
P12,60.00,45.00,30.00,0.00,8.8490e-08,2.0741e-07,6.9019e-07,2.6709e-06,6.7757e-06,6.7639e-06,5.5497e-06,8.4910e-08,1.8886e-07,5.0812e-07,2.6913e-06,5.4802e-06,6.6737e-06,6.2592e-06
P12,60.00,0.00,0.00,0.00,7.5575e-08,2.0740e-07,6.9019e-07,2.6700e-06,6.7756e-06,6.7638e-06,5.5497e-06,7.2418e-08,1.8886e-07,5.0812e-07,2.6903e-06,5.4800e-06,6.6736e-06,6.2591e-06
P12,30.00,0.00,30.00,0.00,7.2122e-08,2.3994e-07,7.8557e-07,2.8150e-06,6.8801e-06,6.8683e-06,6.0611e-06,6.9128e-08,2.1886e-07,5.8319e-07,2.8252e-06,5.5779e-06,6.7704e-06,6.6659e-06
P12,60.00,45.00,0.00,0.00,7.5575e-08,2.0740e-07,6.9019e-07,2.6700e-06,6.7756e-06,6.7638e-06,5.5497e-06,7.2418e-08,1.8886e-07,5.0812e-07,2.6903e-06,5.4800e-06,6.6736e-06,6.2591e-06
P12,30.00,180.00,30.00,0.00,5.9435e-08,2.3993e-07,7.8556e-07,2.8142e-06,6.8801e-06,6.8682e-06,6.0611e-06,5.6936e-08,2.1886e-07,5.8319e-07,2.8244e-06,5.5778e-06,6.7704e-06,6.6659e-06
P12,0.00,45.00,0.00,0.00,6.4900e-08,2.4931e-07,8.1032e-07,2.8457e-06,6.9024e-06,6.8905e-06,6.1866e-06,6.2113e-08,2.2760e-07,6.0328e-07,2.8532e-06,5.5987e-06,6.7911e-06,6.7609e-06
P12,60.00,135.00,0.00,0.00,7.5575e-08,2.0740e-07,6.9019e-07,2.6700e-06,6.7756e-06,6.7638e-06,5.5497e-06,7.2418e-08,1.8886e-07,5.0812e-07,2.6903e-06,5.4800e-06,6.6736e-06,6.2591e-06
P12,30.00,180.00,60.00,0.00,3.8974e-08,2.3992e-07,7.8556e-07,2.8140e-06,6.8801e-06,6.8682e-06,6.0611e-06,3.7561e-08,2.1886e-07,5.8319e-07,2.8241e-06,5.5778e-06,6.7704e-06,6.6658e-06
P12,0.00,45.00,60.00,0.00,4.2028e-08,2.4930e-07,8.1031e-07,2.8454e-06,6.9023e-06,6.8905e-06,6.1866e-06,4.0518e-08,2.2760e-07,6.0328e-07,2.8529e-06,5.5987e-06,6.7911e-06,6.7609e-06
P12,0.00,180.00,60.00,0.00,4.2028e-08,2.4930e-07,8.1031e-07,2.8454e-06,6.9023e-06,6.8905e-06,6.1866e-06,4.0518e-08,2.2760e-07,6.0328e-07,2.8529e-06,5.5987e-06,6.7911e-06,6.7609e-06
P12,0.00,90.00,60.00,0.00,4.2028e-08,2.4930e-07,8.1031e-07,2.8454e-06,6.9023e-06,6.8905e-06,6.1866e-06,4.0518e-08,2.2760e-07,6.0328e-07,2.8529e-06,5.5987e-06,6.7911e-06,6.7609e-06
P12,0.00,45.00,30.00,0.00,6.0554e-08,2.4930e-07,8.1032e-07,2.8455e-06,6.9024e-06,6.8905e-06,6.1866e-06,5.8019e-08,2.2760e-07,6.0328e-07,2.8530e-06,5.5987e-06,6.7911e-06,6.7609e-06
P12,30.00,45.00,30.00,0.00,6.9782e-08,2.3994e-07,7.8557e-07,2.8149e-06,6.8801e-06,6.8683e-06,6.0611e-06,6.6876e-08,2.1886e-07,5.8319e-07,2.8251e-06,5.5779e-06,6.7704e-06,6.6659e-06
P12,30.00,90.00,0.00,0.00,6.8562e-08,2.3994e-07,7.8557e-07,2.8146e-06,6.8801e-06,6.8682e-06,6.0611e-06,6.5615e-08,2.1886e-07,5.8319e-07,2.8248e-06,5.5778e-06,6.7704e-06,6.6659e-06
P12,60.00,45.00,60.00,0.00,9.1794e-08,2.0741e-07,6.9019e-07,2.6719e-06,6.7758e-06,6.7640e-06,5.5497e-06,8.8387e-08,1.8886e-07,5.0812e-07,2.6925e-06,5.4804e-06,6.6739e-06,6.2592e-06
P12,0.00,0.00,60.00,0.00,4.2028e-08,2.4930e-07,8.1031e-07,2.8454e-06,6.9023e-06,6.8905e-06,6.1866e-06,4.0518e-08,2.2760e-07,6.0328e-07,2.8529e-06,5.5987e-06,6.7911e-06,6.7609e-06
P12,30.00,0.00,60.00,0.00,5.9536e-08,2.3993e-07,7.8556e-07,2.8151e-06,6.8802e-06,6.8683e-06,6.0611e-06,5.7355e-08,2.1886e-07,5.8319e-07,2.8254e-06,5.5780e-06,6.7705e-06,6.6659e-06
P12,60.00,180.00,60.00,0.00,4.1806e-08,2.0739e-07,6.9018e-07,2.6688e-06,6.7755e-06,6.7637e-06,5.5497e-06,4.0244e-08,1.8886e-07,5.0812e-07,2.6890e-06,5.4798e-06,6.6735e-06,6.2591e-06
P12,0.00,135.00,0.00,0.00,6.4900e-08,2.4931e-07,8.1032e-07,2.8457e-06,6.9024e-06,6.8905e-06,6.1866e-06,6.2113e-08,2.2760e-07,6.0328e-07,2.8532e-06,5.5987e-06,6.7911e-06,6.7609e-06
P12,0.00,0.00,30.00,0.00,6.0554e-08,2.4930e-07,8.1032e-07,2.8455e-06,6.9024e-06,6.8905e-06,6.1866e-06,5.8019e-08,2.2760e-07,6.0328e-07,2.8530e-06,5.5987e-06,6.7911e-06,6.7609e-06
P12,30.00,90.00,30.00,0.00,6.4939e-08,2.3994e-07,7.8557e-07,2.8146e-06,6.8801e-06,6.8682e-06,6.0611e-06,6.2222e-08,2.1886e-07,5.8319e-07,2.8248e-06,5.5778e-06,6.7704e-06,6.6659e-06
P12,0.00,90.00,30.00,0.00,6.0554e-08,2.4930e-07,8.1032e-07,2.8455e-06,6.9024e-06,6.8905e-06,6.1866e-06,5.8019e-08,2.2760e-07,6.0328e-07,2.8530e-06,5.5987e-06,6.7911e-06,6.7609e-06
P12,30.00,135.00,60.00,0.00,4.0749e-08,2.3993e-07,7.8556e-07,2.8141e-06,6.8801e-06,6.8682e-06,6.0611e-06,3.9265e-08,2.1886e-07,5.8319e-07,2.8242e-06,5.5778e-06,6.7704e-06,6.6659e-06
P12,30.00,180.00,0.00,0.00,6.8562e-08,2.3994e-07,7.8557e-07,2.8146e-06,6.8801e-06,6.8682e-06,6.0611e-06,6.5615e-08,2.1886e-07,5.8319e-07,2.8248e-06,5.5778e-06,6.7704e-06,6.6659e-06
P12,30.00,135.00,30.00,0.00,6.0909e-08,2.3994e-07,7.8556e-07,2.8144e-06,6.8801e-06,6.8682e-06,6.0611e-06,5.8352e-08,2.1886e-07,5.8319e-07,2.8246e-06,5.5778e-06,6.7704e-06,6.6659e-06
P12,0.00,135.00,30.00,0.00,6.0554e-08,2.4930e-07,8.1032e-07,2.8455e-06,6.9024e-06,6.8905e-06,6.1866e-06,5.8019e-08,2.2760e-07,6.0328e-07,2.8530e-06,5.5987e-06,6.7911e-06,6.7609e-06
P12,60.00,90.00,0.00,0.00,7.5575e-08,2.0740e-07,6.9019e-07,2.6700e-06,6.7756e-06,6.7638e-06,5.5497e-06,7.2418e-08,1.8886e-07,5.0812e-07,2.6903e-06,5.4800e-06,6.6736e-06,6.2591e-06
P12,0.00,90.00,0.00,0.00,6.4900e-08,2.4931e-07,8.1032e-07,2.8457e-06,6.9024e-06,6.8905e-06,6.1866e-06,6.2113e-08,2.2760e-07,6.0328e-07,2.8532e-06,5.5987e-06,6.7911e-06,6.7609e-06
P12,30.00,135.00,0.00,0.00,6.8562e-08,2.3994e-07,7.8557e-07,2.8146e-06,6.8801e-06,6.8682e-06,6.0611e-06,6.5615e-08,2.1886e-07,5.8319e-07,2.8248e-06,5.5778e-06,6.7704e-06,6.6659e-06
P12,60.00,0.00,30.00,0.00,9.6928e-08,2.0741e-07,6.9019e-07,2.6713e-06,6.7758e-06,6.7639e-06,5.5497e-06,9.3048e-08,1.8886e-07,5.0812e-07,2.6918e-06,5.4803e-06,6.6738e-06,6.2592e-06
P12,0.00,135.00,60.00,0.00,4.2028e-08,2.4930e-07,8.1031e-07,2.8454e-06,6.9023e-06,6.8905e-06,6.1866e-06,4.0518e-08,2.2760e-07,6.0328e-07,2.8529e-06,5.5987e-06,6.7911e-06,6.7609e-06
P12,30.00,45.00,0.00,0.00,6.8562e-08,2.3994e-07,7.8557e-07,2.8146e-06,6.8801e-06,6.8682e-06,6.0611e-06,6.5615e-08,2.1886e-07,5.8319e-07,2.8248e-06,5.5778e-06,6.7704e-06,6.6659e-06
P12,0.00,180.00,0.00,0.00,6.4900e-08,2.4931e-07,8.1032e-07,2.8457e-06,6.9024e-06,6.8905e-06,6.1866e-06,6.2113e-08,2.2760e-07,6.0328e-07,2.8532e-06,5.5987e-06,6.7911e-06,6.7609e-06
P12,60.00,180.00,0.00,0.00,7.5575e-08,2.0740e-07,6.9019e-07,2.6700e-06,6.7756e-06,6.7638e-06,5.5497e-06,7.2418e-08,1.8886e-07,5.0812e-07,2.6903e-06,5.4800e-06,6.6736e-06,6.2591e-06
P12,30.00,90.00,60.00,0.00,4.6277e-08,2.3993e-07,7.8556e-07,2.8144e-06,6.8801e-06,6.8682e-06,6.0611e-06,4.4578e-08,2.1886e-07,5.8319e-07,2.8245e-06,5.5778e-06,6.7704e-06,6.6659e-06
P12,60.00,135.00,30.00,0.00,6.4490e-08,2.0740e-07,6.9019e-07,2.6695e-06,6.7756e-06,6.7637e-06,5.5497e-06,6.1819e-08,1.8886e-07,5.0812e-07,2.6898e-06,5.4799e-06,6.6736e-06,6.2591e-06
P12,0.00,0.00,0.00,0.00,6.4900e-08,2.4931e-07,8.1032e-07,2.8457e-06,6.9024e-06,6.8905e-06,6.1866e-06,6.2113e-08,2.2760e-07,6.0328e-07,2.8532e-06,5.5987e-06,6.7911e-06,6.7609e-06
P12,60.00,90.00,30.00,0.00,7.4035e-08,2.0740e-07,6.9019e-07,2.6700e-06,6.7756e-06,6.7638e-06,5.5497e-06,7.0990e-08,1.8886e-07,5.0812e-07,2.6903e-06,5.4800e-06,6.6736e-06,6.2591e-06
P12,30.00,45.00,60.00,0.00,5.4649e-08,2.3993e-07,7.8556e-07,2.8149e-06,6.8801e-06,6.8683e-06,6.0611e-06,5.2641e-08,2.1886e-07,5.8319e-07,2.8251e-06,5.5779e-06,6.7704e-06,6.6659e-06
P12,60.00,135.00,60.00,0.00,4.5390e-08,2.0739e-07,6.9018e-07,2.6691e-06,6.7755e-06,6.7637e-06,5.5497e-06,4.3683e-08,1.8886e-07,5.0812e-07,2.6893e-06,5.4799e-06,6.6735e-06,6.2591e-06
P12,30.00,0.00,0.00,0.00,6.8562e-08,2.3994e-07,7.8557e-07,2.8146e-06,6.8801e-06,6.8682e-06,6.0611e-06,6.5615e-08,2.1886e-07,5.8319e-07,2.8248e-06,5.5778e-06,6.7704e-06,6.6659e-06
P12,0.00,180.00,30.00,0.00,6.0554e-08,2.4930e-07,8.1032e-07,2.8455e-06,6.9024e-06,6.8905e-06,6.1866e-06,5.8019e-08,2.2760e-07,6.0328e-07,2.8530e-06,5.5987e-06,6.7911e-06,6.7609e-06
P12,60.00,0.00,60.00,0.00,1.2428e-07,2.0742e-07,6.9019e-07,2.6746e-06,6.7761e-06,6.7643e-06,5.5497e-06,1.1983e-07,1.8886e-07,5.0812e-07,2.6954e-06,5.4810e-06,6.6742e-06,6.2593e-06
P13,30.00,45.00,0.00,0.00,6.8157e-08,2.0460e-07,6.7115e-07,2.2263e-06,5.7916e-06,5.7807e-06,5.3249e-06,6.4840e-08,1.8690e-07,5.0182e-07,2.2231e-06,4.5948e-06,5.6871e-06,5.7731e-06
P13,30.00,0.00,60.00,0.00,5.9636e-08,2.0459e-07,6.7109e-07,2.2269e-06,5.7917e-06,5.7807e-06,5.3249e-06,5.7057e-08,1.8689e-07,5.0178e-07,2.2238e-06,4.5950e-06,5.6872e-06,5.7731e-06
P13,60.00,90.00,60.00,0.00,6.0054e-08,1.7914e-07,5.9228e-07,2.1116e-06,5.6970e-06,5.6862e-06,4.9673e-06,5.7342e-08,1.6367e-07,4.3848e-07,2.1129e-06,4.5107e-06,5.5994e-06,5.4652e-06
P13,0.00,90.00,60.00,0.00,4.0813e-08,2.1205e-07,6.9104e-07,2.2490e-06,5.8100e-06,5.7990e-06,5.4176e-06,3.9027e-08,1.9381e-07,5.1883e-07,2.2444e-06,4.6104e-06,5.7041e-06,5.8465e-06
P13,30.00,180.00,60.00,0.00,3.7726e-08,2.0456e-07,6.7097e-07,2.2257e-06,5.7915e-06,5.7806e-06,5.3248e-06,3.6047e-08,1.8689e-07,5.0175e-07,2.2225e-06,4.5948e-06,5.6871e-06,5.7730e-06
P13,30.00,90.00,0.00,0.00,6.8157e-08,2.0460e-07,6.7115e-07,2.2263e-06,5.7916e-06,5.7807e-06,5.3249e-06,6.4840e-08,1.8690e-07,5.0182e-07,2.2231e-06,4.5948e-06,5.6871e-06,5.7731e-06
P13,0.00,0.00,0.00,0.00,6.4078e-08,2.1208e-07,6.9120e-07,2.2493e-06,5.8100e-06,5.7991e-06,5.4176e-06,6.0958e-08,1.9382e-07,5.1890e-07,2.2447e-06,4.6104e-06,5.7041e-06,5.8465e-06
P13,30.00,0.00,0.00,0.00,6.8157e-08,2.0460e-07,6.7115e-07,2.2263e-06,5.7916e-06,5.7807e-06,5.3249e-06,6.4840e-08,1.8690e-07,5.0182e-07,2.2231e-06,4.5948e-06,5.6871e-06,5.7731e-06
P13,30.00,90.00,30.00,0.00,6.4520e-08,2.0460e-07,6.7113e-07,2.2263e-06,5.7916e-06,5.7807e-06,5.3249e-06,6.1439e-08,1.8690e-07,5.0181e-07,2.2232e-06,4.5948e-06,5.6871e-06,5.7731e-06
P13,0.00,0.00,30.00,0.00,5.9688e-08,2.1207e-07,6.9116e-07,2.2492e-06,5.8100e-06,5.7990e-06,5.4176e-06,5.6828e-08,1.9382e-07,5.1888e-07,2.2446e-06,4.6104e-06,5.7041e-06,5.8465e-06
P13,60.00,0.00,0.00,0.00,7.6807e-08,1.7916e-07,5.9239e-07,2.1118e-06,5.6970e-06,5.6862e-06,4.9674e-06,7.3142e-08,1.6368e-07,4.3852e-07,2.1131e-06,4.5107e-06,5.5994e-06,5.4652e-06
P13,60.00,135.00,0.00,0.00,7.6807e-08,1.7916e-07,5.9239e-07,2.1118e-06,5.6970e-06,5.6862e-06,4.9674e-06,7.3142e-08,1.6368e-07,4.3852e-07,2.1131e-06,4.5107e-06,5.5994e-06,5.4652e-06
P13,60.00,180.00,30.00,0.00,6.1890e-08,1.7914e-07,5.9231e-07,2.1111e-06,5.6969e-06,5.6861e-06,4.9673e-06,5.8914e-08,1.6367e-07,4.3850e-07,2.1124e-06,4.5106e-06,5.5993e-06,5.4652e-06
P13,60.00,45.00,30.00,0.00,9.0745e-08,1.7917e-07,5.9246e-07,2.1127e-06,5.6971e-06,5.6863e-06,4.9674e-06,8.6561e-08,1.6368e-07,4.3854e-07,2.1142e-06,4.5109e-06,5.5995e-06,5.4653e-06
P13,30.00,45.00,60.00,0.00,5.4430e-08,2.0458e-07,6.7106e-07,2.2266e-06,5.7916e-06,5.7807e-06,5.3249e-06,5.2055e-08,1.8689e-07,5.0178e-07,2.2235e-06,4.5949e-06,5.6872e-06,5.7731e-06
P13,30.00,135.00,30.00,0.00,6.0289e-08,2.0459e-07,6.7110e-07,2.2261e-06,5.7916e-06,5.7806e-06,5.3249e-06,5.7388e-08,1.8689e-07,5.0180e-07,2.2229e-06,4.5948e-06,5.6871e-06,5.7731e-06
P13,0.00,135.00,0.00,0.00,6.4078e-08,2.1208e-07,6.9120e-07,2.2493e-06,5.8100e-06,5.7991e-06,5.4176e-06,6.0958e-08,1.9382e-07,5.1890e-07,2.2447e-06,4.6104e-06,5.7041e-06,5.8465e-06
P13,30.00,0.00,30.00,0.00,7.2063e-08,2.0461e-07,6.7119e-07,2.2267e-06,5.7916e-06,5.7807e-06,5.3249e-06,6.8668e-08,1.8690e-07,5.0183e-07,2.2236e-06,4.5949e-06,5.6872e-06,5.7731e-06
P13,60.00,135.00,30.00,0.00,6.5158e-08,1.7915e-07,5.9232e-07,2.1112e-06,5.6970e-06,5.6861e-06,4.9673e-06,6.2037e-08,1.6367e-07,4.3850e-07,2.1125e-06,4.5106e-06,5.5993e-06,5.4652e-06
P13,60.00,180.00,0.00,0.00,7.6807e-08,1.7916e-07,5.9239e-07,2.1118e-06,5.6970e-06,5.6862e-06,4.9674e-06,7.3142e-08,1.6368e-07,4.3852e-07,2.1131e-06,4.5107e-06,5.5994e-06,5.4652e-06
P13,0.00,45.00,30.00,0.00,5.9688e-08,2.1207e-07,6.9116e-07,2.2492e-06,5.8100e-06,5.7990e-06,5.4176e-06,5.6828e-08,1.9382e-07,5.1888e-07,2.2446e-06,4.6104e-06,5.7041e-06,5.8465e-06
P13,30.00,90.00,60.00,0.00,4.5510e-08,2.0457e-07,6.7101e-07,2.2260e-06,5.7916e-06,5.7807e-06,5.3248e-06,4.3496e-08,1.8689e-07,5.0176e-07,2.2229e-06,4.5948e-06,5.6871e-06,5.7730e-06
P13,30.00,180.00,0.00,0.00,6.8157e-08,2.0460e-07,6.7115e-07,2.2263e-06,5.7916e-06,5.7807e-06,5.3249e-06,6.4840e-08,1.8690e-07,5.0182e-07,2.2231e-06,4.5948e-06,5.6871e-06,5.7731e-06
P13,30.00,45.00,30.00,0.00,6.9606e-08,2.0460e-07,6.7117e-07,2.2266e-06,5.7916e-06,5.7807e-06,5.3249e-06,6.6311e-08,1.8690e-07,5.0182e-07,2.2234e-06,4.5949e-06,5.6872e-06,5.7731e-06
P13,0.00,135.00,30.00,0.00,5.9688e-08,2.1207e-07,6.9116e-07,2.2492e-06,5.8100e-06,5.7990e-06,5.4176e-06,5.6828e-08,1.9382e-07,5.1888e-07,2.2446e-06,4.6104e-06,5.7041e-06,5.8465e-06
P13,60.00,45.00,60.00,0.00,9.5412e-08,1.7917e-07,5.9243e-07,2.1140e-06,5.6973e-06,5.6864e-06,4.9674e-06,9.1288e-08,1.6368e-07,4.3852e-07,2.1156e-06,4.5112e-06,5.5996e-06,5.4653e-06
P13,0.00,135.00,60.00,0.00,4.0813e-08,2.1205e-07,6.9104e-07,2.2490e-06,5.8100e-06,5.7990e-06,5.4176e-06,3.9027e-08,1.9381e-07,5.1883e-07,2.2444e-06,4.6104e-06,5.7041e-06,5.8465e-06
P13,0.00,45.00,0.00,0.00,6.4078e-08,2.1208e-07,6.9120e-07,2.2493e-06,5.8100e-06,5.7991e-06,5.4176e-06,6.0958e-08,1.9382e-07,5.1890e-07,2.2447e-06,4.6104e-06,5.7041e-06,5.8465e-06
P13,30.00,135.00,0.00,0.00,6.8157e-08,2.0460e-07,6.7115e-07,2.2263e-06,5.7916e-06,5.7807e-06,5.3249e-06,6.4840e-08,1.8690e-07,5.0182e-07,2.2231e-06,4.5948e-06,5.6871e-06,5.7731e-06
P13,0.00,180.00,30.00,0.00,5.9688e-08,2.1207e-07,6.9116e-07,2.2492e-06,5.8100e-06,5.7990e-06,5.4176e-06,5.6828e-08,1.9382e-07,5.1888e-07,2.2446e-06,4.6104e-06,5.7041e-06,5.8465e-06
P13,0.00,0.00,60.00,0.00,4.0813e-08,2.1205e-07,6.9104e-07,2.2490e-06,5.8100e-06,5.7990e-06,5.4176e-06,3.9027e-08,1.9381e-07,5.1883e-07,2.2444e-06,4.6104e-06,5.7041e-06,5.8465e-06
P13,60.00,135.00,60.00,0.00,4.5342e-08,1.7913e-07,5.9222e-07,2.1108e-06,5.6969e-06,5.6861e-06,4.9673e-06,4.3273e-08,1.6367e-07,4.3847e-07,2.1120e-06,4.5106e-06,5.5993e-06,5.4652e-06
P13,60.00,90.00,0.00,0.00,7.6807e-08,1.7916e-07,5.9239e-07,2.1118e-06,5.6970e-06,5.6862e-06,4.9674e-06,7.3142e-08,1.6368e-07,4.3852e-07,2.1131e-06,4.5107e-06,5.5994e-06,5.4652e-06
P13,0.00,90.00,0.00,0.00,6.4078e-08,2.1208e-07,6.9120e-07,2.2493e-06,5.8100e-06,5.7991e-06,5.4176e-06,6.0958e-08,1.9382e-07,5.1890e-07,2.2447e-06,4.6104e-06,5.7041e-06,5.8465e-06
P13,0.00,45.00,60.00,0.00,4.0813e-08,2.1205e-07,6.9104e-07,2.2490e-06,5.8100e-06,5.7990e-06,5.4176e-06,3.9027e-08,1.9381e-07,5.1883e-07,2.2444e-06,4.6104e-06,5.7041e-06,5.8465e-06
P13,0.00,90.00,30.00,0.00,5.9688e-08,2.1207e-07,6.9116e-07,2.2492e-06,5.8100e-06,5.7990e-06,5.4176e-06,5.6828e-08,1.9382e-07,5.1888e-07,2.2446e-06,4.6104e-06,5.7041e-06,5.8465e-06
P13,30.00,135.00,60.00,0.00,3.9618e-08,2.0457e-07,6.7098e-07,2.2257e-06,5.7915e-06,5.7806e-06,5.3248e-06,3.7856e-08,1.8689e-07,5.0175e-07,2.2226e-06,4.5948e-06,5.6871e-06,5.7730e-06
P13,0.00,180.00,60.00,0.00,4.0813e-08,2.1205e-07,6.9104e-07,2.2490e-06,5.8100e-06,5.7990e-06,5.4176e-06,3.9027e-08,1.9381e-07,5.1883e-07,2.2444e-06,4.6104e-06,5.7041e-06,5.8465e-06
P13,60.00,90.00,30.00,0.00,7.5336e-08,1.7916e-07,5.9237e-07,2.1118e-06,5.6970e-06,5.6862e-06,4.9674e-06,7.1779e-08,1.6368e-07,4.3851e-07,2.1131e-06,4.5107e-06,5.5994e-06,5.4652e-06
P13,60.00,180.00,60.00,0.00,4.1471e-08,1.7912e-07,5.9221e-07,2.1104e-06,5.6969e-06,5.6860e-06,4.9673e-06,3.9575e-08,1.6367e-07,4.3847e-07,2.1117e-06,4.5105e-06,5.5992e-06,5.4651e-06
P13,0.00,180.00,0.00,0.00,6.4078e-08,2.1208e-07,6.9120e-07,2.2493e-06,5.8100e-06,5.7991e-06,5.4176e-06,6.0958e-08,1.9382e-07,5.1890e-07,2.2447e-06,4.6104e-06,5.7041e-06,5.8465e-06
P13,60.00,0.00,30.00,0.00,9.9737e-08,1.7918e-07,5.9251e-07,2.1133e-06,5.6972e-06,5.6863e-06,4.9674e-06,9.5200e-08,1.6368e-07,4.3855e-07,2.1147e-06,4.5110e-06,5.5995e-06,5.4653e-06
P13,30.00,180.00,30.00,0.00,5.8741e-08,2.0459e-07,6.7108e-07,2.2259e-06,5.7915e-06,5.7806e-06,5.3249e-06,5.5906e-08,1.8689e-07,5.0179e-07,2.2227e-06,4.5947e-06,5.6871e-06,5.7730e-06
P13,60.00,0.00,60.00,0.00,1.3042e-07,1.7921e-07,5.9261e-07,2.1170e-06,5.6976e-06,5.6868e-06,4.9674e-06,1.2502e-07,1.6368e-07,4.3856e-07,2.1188e-06,4.5118e-06,5.6000e-06,5.4655e-06
P13,60.00,45.00,0.00,0.00,7.6807e-08,1.7916e-07,5.9239e-07,2.1118e-06,5.6970e-06,5.6862e-06,4.9674e-06,7.3142e-08,1.6368e-07,4.3852e-07,2.1131e-06,4.5107e-06,5.5994e-06,5.4652e-06
P14,60.00,45.00,30.00,0.00,9.9215e-08,4.1974e-07,1.2810e-06,5.7094e-06,1.0967e-05,1.0956e-05,7.5291e-06,9.7940e-08,3.8489e-07,9.8595e-07,5.8036e-06,9.8627e-06,1.0922e-05,8.9445e-06
P14,60.00,135.00,30.00,0.00,8.2521e-08,4.1974e-07,1.2810e-06,5.7091e-06,1.0967e-05,1.0956e-05,7.5291e-06,8.1649e-08,3.8489e-07,9.8595e-07,5.8032e-06,9.8626e-06,1.0922e-05,8.9445e-06
P14,0.00,90.00,60.00,0.00,7.2476e-08,5.2019e-07,1.4697e-06,6.1498e-06,1.1668e-05,1.1657e-05,8.7953e-06,7.2241e-08,4.8124e-07,1.1456e-06,6.2106e-06,1.0404e-05,1.1600e-05,1.0105e-05
P14,0.00,135.00,30.00,0.00,8.7773e-08,5.2020e-07,1.4697e-06,6.1499e-06,1.1668e-05,1.1657e-05,8.7953e-06,8.6881e-08,4.8124e-07,1.1456e-06,6.2108e-06,1.0404e-05,1.1600e-05,1.0105e-05
P14,60.00,90.00,60.00,0.00,7.6785e-08,4.1974e-07,1.2810e-06,5.7090e-06,1.0967e-05,1.0956e-05,7.5291e-06,7.6234e-08,3.8489e-07,9.8595e-07,5.8032e-06,9.8626e-06,1.0922e-05,8.9445e-06
P14,60.00,90.00,30.00,0.00,8.9154e-08,4.1974e-07,1.2810e-06,5.7092e-06,1.0967e-05,1.0956e-05,7.5291e-06,8.8115e-08,3.8489e-07,9.8595e-07,5.8034e-06,9.8626e-06,1.0922e-05,8.9445e-06
P14,0.00,0.00,0.00,0.00,9.1499e-08,5.2020e-07,1.4697e-06,6.1500e-06,1.1668e-05,1.1657e-05,8.7953e-06,9.0433e-08,4.8124e-07,1.1456e-06,6.2109e-06,1.0404e-05,1.1600e-05,1.0105e-05
P14,0.00,135.00,0.00,0.00,9.1499e-08,5.2020e-07,1.4697e-06,6.1500e-06,1.1668e-05,1.1657e-05,8.7953e-06,9.0433e-08,4.8124e-07,1.1456e-06,6.2109e-06,1.0404e-05,1.1600e-05,1.0105e-05
P14,30.00,180.00,0.00,0.00,9.2725e-08,4.9962e-07,1.4310e-06,6.0740e-06,1.1544e-05,1.1533e-05,8.5341e-06,9.1599e-08,4.6149e-07,1.1131e-06,6.1417e-06,1.0317e-05,1.1482e-05,9.8728e-06
P14,60.00,135.00,60.00,0.00,6.7835e-08,4.1973e-07,1.2810e-06,5.7089e-06,1.0967e-05,1.0956e-05,7.5291e-06,6.7500e-08,3.8489e-07,9.8595e-07,5.8030e-06,9.8626e-06,1.0922e-05,8.9445e-06
P14,30.00,180.00,30.00,0.00,8.5473e-08,4.9962e-07,1.4310e-06,6.0739e-06,1.1544e-05,1.1533e-05,8.5341e-06,8.4619e-08,4.6149e-07,1.1131e-06,6.1415e-06,1.0317e-05,1.1482e-05,9.8728e-06
P14,30.00,45.00,60.00,0.00,8.0021e-08,4.9961e-07,1.4310e-06,6.0740e-06,1.1544e-05,1.1533e-05,8.5341e-06,7.9565e-08,4.6149e-07,1.1131e-06,6.1416e-06,1.0317e-05,1.1482e-05,9.8728e-06
P14,0.00,180.00,60.00,0.00,7.2476e-08,5.2019e-07,1.4697e-06,6.1498e-06,1.1668e-05,1.1657e-05,8.7953e-06,7.2241e-08,4.8124e-07,1.1456e-06,6.2106e-06,1.0404e-05,1.1600e-05,1.0105e-05
P14,0.00,0.00,60.00,0.00,7.2476e-08,5.2019e-07,1.4697e-06,6.1498e-06,1.1668e-05,1.1657e-05,8.7953e-06,7.2241e-08,4.8124e-07,1.1456e-06,6.2106e-06,1.0404e-05,1.1600e-05,1.0105e-05
P14,0.00,90.00,30.00,0.00,8.7773e-08,5.2020e-07,1.4697e-06,6.1499e-06,1.1668e-05,1.1657e-05,8.7953e-06,8.6881e-08,4.8124e-07,1.1456e-06,6.2108e-06,1.0404e-05,1.1600e-05,1.0105e-05
P14,0.00,90.00,0.00,0.00,9.1499e-08,5.2020e-07,1.4697e-06,6.1500e-06,1.1668e-05,1.1657e-05,8.7953e-06,9.0433e-08,4.8124e-07,1.1456e-06,6.2109e-06,1.0404e-05,1.1600e-05,1.0105e-05
P14,0.00,180.00,30.00,0.00,8.7773e-08,5.2020e-07,1.4697e-06,6.1499e-06,1.1668e-05,1.1657e-05,8.7953e-06,8.6881e-08,4.8124e-07,1.1456e-06,6.2108e-06,1.0404e-05,1.1600e-05,1.0105e-05
P14,30.00,135.00,30.00,0.00,8.6565e-08,4.9962e-07,1.4310e-06,6.0740e-06,1.1544e-05,1.1533e-05,8.5341e-06,8.5681e-08,4.6149e-07,1.1131e-06,6.1416e-06,1.0317e-05,1.1482e-05,9.8728e-06
P14,0.00,45.00,60.00,0.00,7.2476e-08,5.2019e-07,1.4697e-06,6.1498e-06,1.1668e-05,1.1657e-05,8.7953e-06,7.2241e-08,4.8124e-07,1.1456e-06,6.2106e-06,1.0404e-05,1.1600e-05,1.0105e-05
P14,30.00,45.00,30.00,0.00,9.3144e-08,4.9962e-07,1.4310e-06,6.0741e-06,1.1544e-05,1.1533e-05,8.5341e-06,9.2084e-08,4.6149e-07,1.1131e-06,6.1418e-06,1.0317e-05,1.1482e-05,9.8728e-06
P14,0.00,45.00,0.00,0.00,9.1499e-08,5.2020e-07,1.4697e-06,6.1500e-06,1.1668e-05,1.1657e-05,8.7953e-06,9.0433e-08,4.8124e-07,1.1456e-06,6.2109e-06,1.0404e-05,1.1600e-05,1.0105e-05
P14,30.00,90.00,0.00,0.00,9.2725e-08,4.9962e-07,1.4310e-06,6.0740e-06,1.1544e-05,1.1533e-05,8.5341e-06,9.1599e-08,4.6149e-07,1.1131e-06,6.1417e-06,1.0317e-05,1.1482e-05,9.8728e-06
P14,30.00,180.00,60.00,0.00,6.9061e-08,4.9961e-07,1.4310e-06,6.0737e-06,1.1544e-05,1.1533e-05,8.5341e-06,6.8871e-08,4.6149e-07,1.1131e-06,6.1414e-06,1.0317e-05,1.1482e-05,9.8728e-06
P14,30.00,0.00,30.00,0.00,9.4882e-08,4.9962e-07,1.4310e-06,6.0742e-06,1.1544e-05,1.1533e-05,8.5341e-06,9.3777e-08,4.6149e-07,1.1131e-06,6.1418e-06,1.0317e-05,1.1482e-05,9.8728e-06
P14,60.00,45.00,60.00,0.00,9.8372e-08,4.1974e-07,1.2810e-06,5.7094e-06,1.0967e-05,1.0956e-05,7.5291e-06,9.7367e-08,3.8489e-07,9.8595e-07,5.8036e-06,9.8626e-06,1.0922e-05,8.9445e-06
P14,60.00,0.00,0.00,0.00,9.0735e-08,4.1974e-07,1.2810e-06,5.7092e-06,1.0967e-05,1.0956e-05,7.5291e-06,8.9608e-08,3.8489e-07,9.8595e-07,5.8034e-06,9.8626e-06,1.0922e-05,8.9445e-06
P14,30.00,0.00,0.00,0.00,9.2725e-08,4.9962e-07,1.4310e-06,6.0740e-06,1.1544e-05,1.1533e-05,8.5341e-06,9.1599e-08,4.6149e-07,1.1131e-06,6.1417e-06,1.0317e-05,1.1482e-05,9.8728e-06
P14,60.00,45.00,0.00,0.00,9.0735e-08,4.1974e-07,1.2810e-06,5.7092e-06,1.0967e-05,1.0956e-05,7.5291e-06,8.9608e-08,3.8489e-07,9.8595e-07,5.8034e-06,9.8626e-06,1.0922e-05,8.9445e-06
P14,30.00,135.00,60.00,0.00,7.0300e-08,4.9961e-07,1.4310e-06,6.0738e-06,1.1544e-05,1.1533e-05,8.5341e-06,7.0077e-08,4.6149e-07,1.1131e-06,6.1414e-06,1.0317e-05,1.1482e-05,9.8728e-06
P14,60.00,180.00,60.00,0.00,6.5484e-08,4.1973e-07,1.2810e-06,5.7088e-06,1.0967e-05,1.0956e-05,7.5291e-06,6.5207e-08,3.8489e-07,9.8595e-07,5.8030e-06,9.8626e-06,1.0922e-05,8.9445e-06
P14,0.00,180.00,0.00,0.00,9.1499e-08,5.2020e-07,1.4697e-06,6.1500e-06,1.1668e-05,1.1657e-05,8.7953e-06,9.0433e-08,4.8124e-07,1.1456e-06,6.2109e-06,1.0404e-05,1.1600e-05,1.0105e-05
P14,60.00,180.00,30.00,0.00,8.0393e-08,4.1974e-07,1.2810e-06,5.7091e-06,1.0967e-05,1.0956e-05,7.5291e-06,7.9577e-08,3.8489e-07,9.8595e-07,5.8032e-06,9.8626e-06,1.0922e-05,8.9445e-06
P14,0.00,45.00,30.00,0.00,8.7773e-08,5.2020e-07,1.4697e-06,6.1499e-06,1.1668e-05,1.1657e-05,8.7953e-06,8.6881e-08,4.8124e-07,1.1456e-06,6.2108e-06,1.0404e-05,1.1600e-05,1.0105e-05
P14,60.00,180.00,0.00,0.00,9.0735e-08,4.1974e-07,1.2810e-06,5.7092e-06,1.0967e-05,1.0956e-05,7.5291e-06,8.9608e-08,3.8489e-07,9.8595e-07,5.8034e-06,9.8626e-06,1.0922e-05,8.9445e-06
P14,0.00,0.00,30.00,0.00,8.7773e-08,5.2020e-07,1.4697e-06,6.1499e-06,1.1668e-05,1.1657e-05,8.7953e-06,8.6881e-08,4.8124e-07,1.1456e-06,6.2108e-06,1.0404e-05,1.1600e-05,1.0105e-05
P14,30.00,135.00,0.00,0.00,9.2725e-08,4.9962e-07,1.4310e-06,6.0740e-06,1.1544e-05,1.1533e-05,8.5341e-06,9.1599e-08,4.6149e-07,1.1131e-06,6.1417e-06,1.0317e-05,1.1482e-05,9.8728e-06
P14,60.00,135.00,0.00,0.00,9.0735e-08,4.1974e-07,1.2810e-06,5.7092e-06,1.0967e-05,1.0956e-05,7.5291e-06,8.9608e-08,3.8489e-07,9.8595e-07,5.8034e-06,9.8626e-06,1.0922e-05,8.9445e-06
P14,0.00,135.00,60.00,0.00,7.2476e-08,5.2019e-07,1.4697e-06,6.1498e-06,1.1668e-05,1.1657e-05,8.7953e-06,7.2241e-08,4.8124e-07,1.1456e-06,6.2106e-06,1.0404e-05,1.1600e-05,1.0105e-05
P14,60.00,0.00,60.00,0.00,1.1983e-07,4.1975e-07,1.2810e-06,5.7099e-06,1.0967e-05,1.0956e-05,7.5291e-06,1.1844e-07,3.8489e-07,9.8595e-07,5.8042e-06,9.8627e-06,1.0922e-05,8.9445e-06
P14,60.00,0.00,30.00,0.00,1.0509e-07,4.1974e-07,1.2810e-06,5.7095e-06,1.0967e-05,1.0956e-05,7.5291e-06,1.0369e-07,3.8489e-07,9.8595e-07,5.8037e-06,9.8627e-06,1.0922e-05,8.9445e-06
P14,60.00,90.00,0.00,0.00,9.0735e-08,4.1974e-07,1.2810e-06,5.7092e-06,1.0967e-05,1.0956e-05,7.5291e-06,8.9608e-08,3.8489e-07,9.8595e-07,5.8034e-06,9.8626e-06,1.0922e-05,8.9445e-06
P14,30.00,90.00,60.00,0.00,7.4162e-08,4.9961e-07,1.4310e-06,6.0738e-06,1.1544e-05,1.1533e-05,8.5341e-06,7.3843e-08,4.6149e-07,1.1131e-06,6.1415e-06,1.0317e-05,1.1482e-05,9.8728e-06
P14,30.00,0.00,60.00,0.00,8.3445e-08,4.9961e-07,1.4310e-06,6.0740e-06,1.1544e-05,1.1533e-05,8.5341e-06,8.2914e-08,4.6149e-07,1.1131e-06,6.1417e-06,1.0317e-05,1.1482e-05,9.8728e-06
P14,30.00,45.00,0.00,0.00,9.2725e-08,4.9962e-07,1.4310e-06,6.0740e-06,1.1544e-05,1.1533e-05,8.5341e-06,9.1599e-08,4.6149e-07,1.1131e-06,6.1417e-06,1.0317e-05,1.1482e-05,9.8728e-06
P14,30.00,90.00,30.00,0.00,8.9552e-08,4.9962e-07,1.4310e-06,6.0740e-06,1.1544e-05,1.1533e-05,8.5341e-06,8.8587e-08,4.6149e-07,1.1131e-06,6.1417e-06,1.0317e-05,1.1482e-05,9.8728e-06
P15,30.00,45.00,30.00,0.00,6.7182e-08,1.5102e-07,3.3904e-07,7.4275e-07,2.6050e-06,2.5983e-06,3.4114e-06,6.3709e-08,1.4282e-07,3.0009e-07,7.2912e-07,1.8692e-06,2.5304e-06,3.2814e-06
P15,0.00,90.00,60.00,0.00,3.7905e-08,1.5238e-07,3.3498e-07,7.4642e-07,2.6073e-06,2.6006e-06,3.4196e-06,3.5978e-08,1.4443e-07,2.9715e-07,7.3266e-07,1.8719e-06,2.5329e-06,3.2840e-06
P15,30.00,180.00,60.00,0.00,3.5012e-08,1.5086e-07,3.3829e-07,7.4179e-07,2.6049e-06,2.5982e-06,3.4113e-06,3.3194e-08,1.4274e-07,2.9959e-07,7.2811e-07,1.8691e-06,2.5304e-06,3.2813e-06
P15,60.00,0.00,30.00,0.00,9.8535e-08,1.4115e-07,3.5221e-07,7.2147e-07,2.5904e-06,2.5837e-06,3.3545e-06,9.3758e-08,1.3212e-07,3.0692e-07,7.0808e-07,1.8522e-06,2.5152e-06,3.2578e-06
P15,30.00,90.00,0.00,0.00,6.5737e-08,1.5101e-07,3.3892e-07,7.4242e-07,2.6049e-06,2.5983e-06,3.4114e-06,6.2244e-08,1.4282e-07,3.0003e-07,7.2877e-07,1.8691e-06,2.5304e-06,3.2814e-06
P15,30.00,45.00,60.00,0.00,5.1873e-08,1.5094e-07,3.3877e-07,7.4281e-07,2.6050e-06,2.5983e-06,3.4114e-06,4.9332e-08,1.4277e-07,2.9986e-07,7.2920e-07,1.8692e-06,2.5304e-06,3.2814e-06
P15,0.00,135.00,30.00,0.00,5.6970e-08,1.5247e-07,3.3532e-07,7.4662e-07,2.6073e-06,2.6006e-06,3.4197e-06,5.3947e-08,1.4449e-07,2.9741e-07,7.3286e-07,1.8719e-06,2.5329e-06,3.2841e-06
P15,30.00,180.00,0.00,0.00,6.5737e-08,1.5101e-07,3.3892e-07,7.4242e-07,2.6049e-06,2.5983e-06,3.4114e-06,6.2244e-08,1.4282e-07,3.0003e-07,7.2877e-07,1.8691e-06,2.5304e-06,3.2814e-06
P15,30.00,135.00,60.00,0.00,3.6922e-08,1.5087e-07,3.3833e-07,7.4187e-07,2.6049e-06,2.5982e-06,3.4113e-06,3.5017e-08,1.4274e-07,2.9961e-07,7.2820e-07,1.8691e-06,2.5304e-06,3.2813e-06
P15,0.00,45.00,0.00,0.00,6.1408e-08,1.5250e-07,3.3544e-07,7.4673e-07,2.6073e-06,2.6006e-06,3.4197e-06,5.8120e-08,1.4451e-07,2.9750e-07,7.3297e-07,1.8719e-06,2.5329e-06,3.2841e-06
P15,0.00,0.00,60.00,0.00,3.7905e-08,1.5238e-07,3.3498e-07,7.4642e-07,2.6073e-06,2.6006e-06,3.4196e-06,3.5978e-08,1.4443e-07,2.9715e-07,7.3266e-07,1.8719e-06,2.5329e-06,3.2840e-06
P15,30.00,135.00,30.00,0.00,5.7798e-08,1.5097e-07,3.3874e-07,7.4221e-07,2.6049e-06,2.5982e-06,3.4114e-06,5.4730e-08,1.4280e-07,2.9990e-07,7.2855e-07,1.8691e-06,2.5304e-06,3.2814e-06
P15,60.00,135.00,60.00,0.00,4.3748e-08,1.4092e-07,3.5077e-07,7.1881e-07,2.5901e-06,2.5835e-06,3.3544e-06,4.1510e-08,1.3202e-07,3.0609e-07,7.0526e-07,1.8518e-06,2.5149e-06,3.2576e-06
P15,60.00,180.00,0.00,0.00,7.5409e-08,1.4105e-07,3.5150e-07,7.1985e-07,2.5902e-06,2.5836e-06,3.3545e-06,7.1540e-08,1.3209e-07,3.0653e-07,7.0635e-07,1.8519e-06,2.5150e-06,3.2577e-06
P15,30.00,90.00,30.00,0.00,6.2060e-08,1.5099e-07,3.3888e-07,7.4246e-07,2.6049e-06,2.5983e-06,3.4114e-06,5.8806e-08,1.4281e-07,2.9999e-07,7.2882e-07,1.8692e-06,2.5304e-06,3.2814e-06
P15,0.00,0.00,0.00,0.00,6.1408e-08,1.5250e-07,3.3544e-07,7.4673e-07,2.6073e-06,2.6006e-06,3.4197e-06,5.8120e-08,1.4451e-07,2.9750e-07,7.3297e-07,1.8719e-06,2.5329e-06,3.2841e-06
P15,0.00,180.00,60.00,0.00,3.7905e-08,1.5238e-07,3.3498e-07,7.4642e-07,2.6073e-06,2.6006e-06,3.4196e-06,3.5978e-08,1.4443e-07,2.9715e-07,7.3266e-07,1.8719e-06,2.5329e-06,3.2840e-06
P15,0.00,180.00,0.00,0.00,6.1408e-08,1.5250e-07,3.3544e-07,7.4673e-07,2.6073e-06,2.6006e-06,3.4197e-06,5.8120e-08,1.4451e-07,2.9750e-07,7.3297e-07,1.8719e-06,2.5329e-06,3.2841e-06
P15,60.00,135.00,30.00,0.00,6.3690e-08,1.4100e-07,3.5118e-07,7.1929e-07,2.5902e-06,2.5835e-06,3.3545e-06,6.0379e-08,1.3206e-07,3.0635e-07,7.0576e-07,1.8518e-06,2.5150e-06,3.2577e-06
P15,60.00,135.00,0.00,0.00,7.5409e-08,1.4105e-07,3.5150e-07,7.1985e-07,2.5902e-06,2.5836e-06,3.3545e-06,7.1540e-08,1.3209e-07,3.0653e-07,7.0635e-07,1.8519e-06,2.5150e-06,3.2577e-06
P15,60.00,90.00,0.00,0.00,7.5409e-08,1.4105e-07,3.5150e-07,7.1985e-07,2.5902e-06,2.5836e-06,3.3545e-06,7.1540e-08,1.3209e-07,3.0653e-07,7.0635e-07,1.8519e-06,2.5150e-06,3.2577e-06
P15,0.00,135.00,60.00,0.00,3.7905e-08,1.5238e-07,3.3498e-07,7.4642e-07,2.6073e-06,2.6006e-06,3.4196e-06,3.5978e-08,1.4443e-07,2.9715e-07,7.3266e-07,1.8719e-06,2.5329e-06,3.2840e-06
P15,60.00,90.00,60.00,0.00,5.8641e-08,1.4097e-07,3.5112e-07,7.1972e-07,2.5902e-06,2.5836e-06,3.3545e-06,5.5732e-08,1.3204e-07,3.0627e-07,7.0623e-07,1.8519e-06,2.5150e-06,3.2577e-06
P15,0.00,135.00,0.00,0.00,6.1408e-08,1.5250e-07,3.3544e-07,7.4673e-07,2.6073e-06,2.6006e-06,3.4197e-06,5.8120e-08,1.4451e-07,2.9750e-07,7.3297e-07,1.8719e-06,2.5329e-06,3.2841e-06
P15,60.00,0.00,60.00,0.00,1.2990e-07,1.4125e-07,3.5330e-07,7.2559e-07,2.5909e-06,2.5842e-06,3.3546e-06,1.2418e-07,1.3214e-07,3.0738e-07,7.1250e-07,1.8530e-06,2.5156e-06,3.2580e-06
P15,60.00,180.00,30.00,0.00,6.0395e-08,1.4099e-07,3.5110e-07,7.1914e-07,2.5902e-06,2.5835e-06,3.3545e-06,5.7234e-08,1.3206e-07,3.0630e-07,7.0560e-07,1.8518e-06,2.5149e-06,3.2576e-06
P15,0.00,0.00,30.00,0.00,5.6970e-08,1.5247e-07,3.3532e-07,7.4662e-07,2.6073e-06,2.6006e-06,3.4197e-06,5.3947e-08,1.4449e-07,2.9741e-07,7.3286e-07,1.8719e-06,2.5329e-06,3.2841e-06
P15,60.00,90.00,30.00,0.00,7.3947e-08,1.4104e-07,3.5146e-07,7.1986e-07,2.5902e-06,2.5836e-06,3.3545e-06,7.0185e-08,1.3208e-07,3.0650e-07,7.0637e-07,1.8519e-06,2.5150e-06,3.2577e-06
P15,0.00,90.00,30.00,0.00,5.6970e-08,1.5247e-07,3.3532e-07,7.4662e-07,2.6073e-06,2.6006e-06,3.4197e-06,5.3947e-08,1.4449e-07,2.9741e-07,7.3286e-07,1.8719e-06,2.5329e-06,3.2841e-06
P15,0.00,90.00,0.00,0.00,6.1408e-08,1.5250e-07,3.3544e-07,7.4673e-07,2.6073e-06,2.6006e-06,3.4197e-06,5.8120e-08,1.4451e-07,2.9750e-07,7.3297e-07,1.8719e-06,2.5329e-06,3.2841e-06
P15,30.00,90.00,60.00,0.00,4.2869e-08,1.5089e-07,3.3849e-07,7.4220e-07,2.6049e-06,2.5982e-06,3.4114e-06,4.0704e-08,1.4275e-07,2.9970e-07,7.2855e-07,1.8691e-06,2.5304e-06,3.2814e-06
P15,30.00,135.00,0.00,0.00,6.5737e-08,1.5101e-07,3.3892e-07,7.4242e-07,2.6049e-06,2.5983e-06,3.4114e-06,6.2244e-08,1.4282e-07,3.0003e-07,7.2877e-07,1.8691e-06,2.5304e-06,3.2814e-06
P15,60.00,180.00,60.00,0.00,3.9829e-08,1.4090e-07,3.5065e-07,7.1842e-07,2.5901e-06,2.5834e-06,3.3544e-06,3.7772e-08,1.3202e-07,3.0603e-07,7.0484e-07,1.8517e-06,2.5149e-06,3.2576e-06
P15,30.00,0.00,0.00,0.00,6.5737e-08,1.5101e-07,3.3892e-07,7.4242e-07,2.6049e-06,2.5983e-06,3.4114e-06,6.2244e-08,1.4282e-07,3.0003e-07,7.2877e-07,1.8691e-06,2.5304e-06,3.2814e-06
P15,0.00,180.00,30.00,0.00,5.6970e-08,1.5247e-07,3.3532e-07,7.4662e-07,2.6073e-06,2.6006e-06,3.4197e-06,5.3947e-08,1.4449e-07,2.9741e-07,7.3286e-07,1.8719e-06,2.5329e-06,3.2841e-06
P15,30.00,0.00,30.00,0.00,6.9657e-08,1.5104e-07,3.3914e-07,7.4292e-07,2.6050e-06,2.5983e-06,3.4114e-06,6.6081e-08,1.4283e-07,3.0014e-07,7.2930e-07,1.8692e-06,2.5304e-06,3.2814e-06
P15,0.00,45.00,30.00,0.00,5.6970e-08,1.5247e-07,3.3532e-07,7.4662e-07,2.6073e-06,2.6006e-06,3.4197e-06,5.3947e-08,1.4449e-07,2.9741e-07,7.3286e-07,1.8719e-06,2.5329e-06,3.2841e-06
P15,60.00,45.00,30.00,0.00,8.9475e-08,1.4111e-07,3.5193e-07,7.2091e-07,2.5903e-06,2.5837e-06,3.3545e-06,8.5063e-08,1.3211e-07,3.0676e-07,7.0748e-07,1.8521e-06,2.5151e-06,3.2578e-06
P15,60.00,45.00,60.00,0.00,9.4442e-08,1.4110e-07,3.5211e-07,7.2233e-07,2.5905e-06,2.5838e-06,3.3545e-06,9.0055e-08,1.3209e-07,3.0677e-07,7.0902e-07,1.8524e-06,2.5153e-06,3.2578e-06
P15,60.00,45.00,0.00,0.00,7.5409e-08,1.4105e-07,3.5150e-07,7.1985e-07,2.5902e-06,2.5836e-06,3.3545e-06,7.1540e-08,1.3209e-07,3.0653e-07,7.0635e-07,1.8519e-06,2.5150e-06,3.2577e-06
P15,30.00,0.00,60.00,0.00,5.7127e-08,1.5096e-07,3.3893e-07,7.4313e-07,2.6050e-06,2.5983e-06,3.4114e-06,5.4375e-08,1.4278e-07,2.9995e-07,7.2954e-07,1.8693e-06,2.5305e-06,3.2814e-06
P15,30.00,180.00,30.00,0.00,5.6240e-08,1.5095e-07,3.3866e-07,7.4203e-07,2.6049e-06,2.5982e-06,3.4114e-06,5.3239e-08,1.4279e-07,2.9985e-07,7.2836e-07,1.8691e-06,2.5304e-06,3.2814e-06
P15,60.00,0.00,0.00,0.00,7.5409e-08,1.4105e-07,3.5150e-07,7.1985e-07,2.5902e-06,2.5836e-06,3.3545e-06,7.1540e-08,1.3209e-07,3.0653e-07,7.0635e-07,1.8519e-06,2.5150e-06,3.2577e-06
P15,30.00,45.00,0.00,0.00,6.5737e-08,1.5101e-07,3.3892e-07,7.4242e-07,2.6049e-06,2.5983e-06,3.4114e-06,6.2244e-08,1.4282e-07,3.0003e-07,7.2877e-07,1.8691e-06,2.5304e-06,3.2814e-06
P15,0.00,45.00,60.00,0.00,3.7905e-08,1.5238e-07,3.3498e-07,7.4642e-07,2.6073e-06,2.6006e-06,3.4196e-06,3.5978e-08,1.4443e-07,2.9715e-07,7.3266e-07,1.8719e-06,2.5329e-06,3.2840e-06
P16,60.00,90.00,30.00,0.00,8.1741e-08,3.0620e-07,9.9612e-07,4.1319e-06,9.2211e-06,9.2082e-06,6.3953e-06,7.9144e-08,2.7901e-07,7.4918e-07,4.1911e-06,7.8185e-06,9.1315e-06,7.6545e-06
P16,60.00,45.00,60.00,0.00,9.7839e-08,3.0620e-07,9.9612e-07,4.1335e-06,9.2212e-06,9.2083e-06,6.3953e-06,9.4958e-08,2.7901e-07,7.4918e-07,4.1929e-06,7.8188e-06,9.1316e-06,7.6545e-06
P16,60.00,0.00,0.00,0.00,8.3261e-08,3.0620e-07,9.9612e-07,4.1319e-06,9.2211e-06,9.2082e-06,6.3953e-06,8.0559e-08,2.7901e-07,7.4918e-07,4.1911e-06,7.8185e-06,9.1315e-06,7.6545e-06
P16,30.00,180.00,60.00,0.00,5.1005e-08,3.6575e-07,1.1322e-06,4.4069e-06,9.4628e-06,9.4498e-06,7.2104e-06,4.9873e-08,3.3534e-07,8.5675e-07,4.4472e-06,8.0410e-06,9.3599e-06,8.3497e-06
P16,0.00,0.00,30.00,0.00,7.2378e-08,3.8158e-07,1.1684e-06,4.4711e-06,9.5194e-06,9.5063e-06,7.4175e-06,7.0220e-08,3.5031e-07,8.8540e-07,4.5066e-06,8.0934e-06,9.4136e-06,8.5185e-06
P16,30.00,135.00,0.00,0.00,7.9377e-08,3.6576e-07,1.1322e-06,4.4075e-06,9.4629e-06,9.4499e-06,7.2104e-06,7.6844e-08,3.3534e-07,8.5675e-07,4.4478e-06,8.0411e-06,9.3599e-06,8.3498e-06
P16,0.00,45.00,30.00,0.00,7.2378e-08,3.8158e-07,1.1684e-06,4.4711e-06,9.5194e-06,9.5063e-06,7.4175e-06,7.0220e-08,3.5031e-07,8.8540e-07,4.5066e-06,8.0934e-06,9.4136e-06,8.5185e-06
P16,60.00,90.00,0.00,0.00,8.3261e-08,3.0620e-07,9.9612e-07,4.1319e-06,9.2211e-06,9.2082e-06,6.3953e-06,8.0559e-08,2.7901e-07,7.4918e-07,4.1911e-06,7.8185e-06,9.1315e-06,7.6545e-06
P16,30.00,180.00,0.00,0.00,7.9377e-08,3.6576e-07,1.1322e-06,4.4075e-06,9.4629e-06,9.4499e-06,7.2104e-06,7.6844e-08,3.3534e-07,8.5675e-07,4.4478e-06,8.0411e-06,9.3599e-06,8.3498e-06
P16,60.00,45.00,0.00,0.00,8.3261e-08,3.0620e-07,9.9612e-07,4.1319e-06,9.2211e-06,9.2082e-06,6.3953e-06,8.0559e-08,2.7901e-07,7.4918e-07,4.1911e-06,7.8185e-06,9.1315e-06,7.6545e-06
P16,60.00,135.00,30.00,0.00,7.2805e-08,3.0620e-07,9.9612e-07,4.1315e-06,9.2211e-06,9.2081e-06,6.3953e-06,7.0535e-08,2.7901e-07,7.4918e-07,4.1907e-06,7.8184e-06,9.1314e-06,7.6545e-06
P16,0.00,180.00,60.00,0.00,5.4518e-08,3.8158e-07,1.1684e-06,4.4709e-06,9.5194e-06,9.5063e-06,7.4175e-06,5.3301e-08,3.5030e-07,8.8540e-07,4.5064e-06,8.0934e-06,9.4136e-06,8.5185e-06
P16,30.00,135.00,30.00,0.00,7.2029e-08,3.6576e-07,1.1322e-06,4.4073e-06,9.4629e-06,9.4498e-06,7.2104e-06,6.9853e-08,3.3534e-07,8.5675e-07,4.4476e-06,8.0411e-06,9.3599e-06,8.3498e-06
P16,0.00,0.00,60.00,0.00,5.4518e-08,3.8158e-07,1.1684e-06,4.4709e-06,9.5194e-06,9.5063e-06,7.4175e-06,5.3301e-08,3.5030e-07,8.8540e-07,4.5064e-06,8.0934e-06,9.4136e-06,8.5185e-06
P16,0.00,90.00,60.00,0.00,5.4518e-08,3.8158e-07,1.1684e-06,4.4709e-06,9.5194e-06,9.5063e-06,7.4175e-06,5.3301e-08,3.5030e-07,8.8540e-07,4.5064e-06,8.0934e-06,9.4136e-06,8.5185e-06
P16,0.00,135.00,60.00,0.00,5.4518e-08,3.8158e-07,1.1684e-06,4.4709e-06,9.5194e-06,9.5063e-06,7.4175e-06,5.3301e-08,3.5030e-07,8.8540e-07,4.5064e-06,8.0934e-06,9.4136e-06,8.5185e-06
P16,60.00,135.00,0.00,0.00,8.3261e-08,3.0620e-07,9.9612e-07,4.1319e-06,9.2211e-06,9.2082e-06,6.3953e-06,8.0559e-08,2.7901e-07,7.4918e-07,4.1911e-06,7.8185e-06,9.1315e-06,7.6545e-06
P16,60.00,180.00,30.00,0.00,6.9937e-08,3.0620e-07,9.9612e-07,4.1314e-06,9.2211e-06,9.2081e-06,6.3953e-06,6.7776e-08,2.7901e-07,7.4918e-07,4.1905e-06,7.8184e-06,9.1314e-06,7.6545e-06
P16,60.00,180.00,60.00,0.00,5.1392e-08,3.0619e-07,9.9612e-07,4.1308e-06,9.2210e-06,9.2081e-06,6.3953e-06,5.0109e-08,2.7901e-07,7.4918e-07,4.1899e-06,7.8182e-06,9.1314e-06,7.6545e-06
P16,60.00,180.00,0.00,0.00,8.3261e-08,3.0620e-07,9.9612e-07,4.1319e-06,9.2211e-06,9.2082e-06,6.3953e-06,8.0559e-08,2.7901e-07,7.4918e-07,4.1911e-06,7.8185e-06,9.1315e-06,7.6545e-06
P16,30.00,135.00,60.00,0.00,5.2676e-08,3.6575e-07,1.1322e-06,4.4070e-06,9.4628e-06,9.4498e-06,7.2104e-06,5.1480e-08,3.3534e-07,8.5675e-07,4.4473e-06,8.0410e-06,9.3599e-06,8.3497e-06
P16,0.00,0.00,0.00,0.00,7.6581e-08,3.8158e-07,1.1684e-06,4.4712e-06,9.5194e-06,9.5063e-06,7.4175e-06,7.4190e-08,3.5031e-07,8.8540e-07,4.5067e-06,8.0934e-06,9.4137e-06,8.5185e-06
P16,30.00,45.00,30.00,0.00,8.0472e-08,3.6576e-07,1.1322e-06,4.4077e-06,9.4629e-06,9.4499e-06,7.2104e-06,7.7982e-08,3.3534e-07,8.5675e-07,4.4480e-06,8.0411e-06,9.3600e-06,8.3498e-06
P16,0.00,90.00,30.00,0.00,7.2378e-08,3.8158e-07,1.1684e-06,4.4711e-06,9.5194e-06,9.5063e-06,7.4175e-06,7.0220e-08,3.5031e-07,8.8540e-07,4.5066e-06,8.0934e-06,9.4136e-06,8.5185e-06
P16,60.00,0.00,30.00,0.00,1.0318e-07,3.0621e-07,9.9612e-07,4.1330e-06,9.2212e-06,9.2083e-06,6.3953e-06,9.9850e-08,2.7901e-07,7.4918e-07,4.1923e-06,7.8187e-06,9.1316e-06,7.6545e-06
P16,30.00,90.00,0.00,0.00,7.9377e-08,3.6576e-07,1.1322e-06,4.4075e-06,9.4629e-06,9.4499e-06,7.2104e-06,7.6844e-08,3.3534e-07,8.5675e-07,4.4478e-06,8.0411e-06,9.3599e-06,8.3498e-06
P16,0.00,45.00,0.00,0.00,7.6581e-08,3.8158e-07,1.1684e-06,4.4712e-06,9.5194e-06,9.5063e-06,7.4175e-06,7.4190e-08,3.5031e-07,8.8540e-07,4.5067e-06,8.0934e-06,9.4137e-06,8.5185e-06
P16,30.00,45.00,60.00,0.00,6.5762e-08,3.6576e-07,1.1322e-06,4.4077e-06,9.4629e-06,9.4499e-06,7.2104e-06,6.4102e-08,3.3534e-07,8.5675e-07,4.4480e-06,8.0411e-06,9.3600e-06,8.3498e-06
P16,60.00,90.00,60.00,0.00,6.7372e-08,3.0620e-07,9.9612e-07,4.1317e-06,9.2211e-06,9.2082e-06,6.3953e-06,6.5499e-08,2.7901e-07,7.4918e-07,4.1909e-06,7.8184e-06,9.1314e-06,7.6545e-06
P16,0.00,135.00,30.00,0.00,7.2378e-08,3.8158e-07,1.1684e-06,4.4711e-06,9.5194e-06,9.5063e-06,7.4175e-06,7.0220e-08,3.5031e-07,8.8540e-07,4.5066e-06,8.0934e-06,9.4136e-06,8.5185e-06
P16,60.00,0.00,60.00,0.00,1.2807e-07,3.0621e-07,9.9612e-07,4.1357e-06,9.2215e-06,9.2086e-06,6.3953e-06,1.2429e-07,2.7901e-07,7.4918e-07,4.1953e-06,7.8193e-06,9.1319e-06,7.6546e-06
P16,30.00,45.00,0.00,0.00,7.9377e-08,3.6576e-07,1.1322e-06,4.4075e-06,9.4629e-06,9.4499e-06,7.2104e-06,7.6844e-08,3.3534e-07,8.5675e-07,4.4478e-06,8.0411e-06,9.3599e-06,8.3498e-06
P16,0.00,180.00,0.00,0.00,7.6581e-08,3.8158e-07,1.1684e-06,4.4712e-06,9.5194e-06,9.5063e-06,7.4175e-06,7.4190e-08,3.5031e-07,8.8540e-07,4.5067e-06,8.0934e-06,9.4137e-06,8.5185e-06
P16,30.00,180.00,30.00,0.00,7.0627e-08,3.6576e-07,1.1322e-06,4.4072e-06,9.4629e-06,9.4498e-06,7.2104e-06,6.8504e-08,3.3534e-07,8.5675e-07,4.4474e-06,8.0410e-06,9.3599e-06,8.3498e-06
P16,0.00,45.00,60.00,0.00,5.4518e-08,3.8158e-07,1.1684e-06,4.4709e-06,9.5194e-06,9.5063e-06,7.4175e-06,5.3301e-08,3.5030e-07,8.8540e-07,4.5064e-06,8.0934e-06,9.4136e-06,8.5185e-06
P16,30.00,0.00,60.00,0.00,7.0363e-08,3.6576e-07,1.1322e-06,4.4079e-06,9.4629e-06,9.4499e-06,7.2104e-06,6.8550e-08,3.3534e-07,8.5675e-07,4.4482e-06,8.0412e-06,9.3600e-06,8.3498e-06
P16,60.00,135.00,60.00,0.00,5.4719e-08,3.0619e-07,9.9612e-07,4.1311e-06,9.2210e-06,9.2081e-06,6.3953e-06,5.3310e-08,2.7901e-07,7.4918e-07,4.1902e-06,7.8183e-06,9.1314e-06,7.6545e-06
P16,30.00,90.00,60.00,0.00,5.7880e-08,3.6576e-07,1.1322e-06,4.4072e-06,9.4629e-06,9.4498e-06,7.2104e-06,5.6493e-08,3.3534e-07,8.5675e-07,4.4475e-06,8.0411e-06,9.3599e-06,8.3498e-06
P16,30.00,90.00,30.00,0.00,7.5863e-08,3.6576e-07,1.1322e-06,4.4075e-06,9.4629e-06,9.4499e-06,7.2104e-06,7.3544e-08,3.3534e-07,8.5675e-07,4.4478e-06,8.0411e-06,9.3600e-06,8.3498e-06
P16,0.00,180.00,30.00,0.00,7.2378e-08,3.8158e-07,1.1684e-06,4.4711e-06,9.5194e-06,9.5063e-06,7.4175e-06,7.0220e-08,3.5031e-07,8.8540e-07,4.5066e-06,8.0934e-06,9.4136e-06,8.5185e-06
P16,0.00,90.00,0.00,0.00,7.6581e-08,3.8158e-07,1.1684e-06,4.4712e-06,9.5194e-06,9.5063e-06,7.4175e-06,7.4190e-08,3.5031e-07,8.8540e-07,4.5067e-06,8.0934e-06,9.4137e-06,8.5185e-06
P16,30.00,0.00,0.00,0.00,7.9377e-08,3.6576e-07,1.1322e-06,4.4075e-06,9.4629e-06,9.4499e-06,7.2104e-06,7.6844e-08,3.3534e-07,8.5675e-07,4.4478e-06,8.0411e-06,9.3599e-06,8.3498e-06
P16,60.00,45.00,30.00,0.00,9.5274e-08,3.0620e-07,9.9612e-07,4.1326e-06,9.2212e-06,9.2083e-06,6.3953e-06,9.2209e-08,2.7901e-07,7.4918e-07,4.1919e-06,7.8186e-06,9.1315e-06,7.6545e-06
P16,30.00,0.00,30.00,0.00,8.2700e-08,3.6577e-07,1.1322e-06,4.4078e-06,9.4629e-06,9.4499e-06,7.2104e-06,8.0130e-08,3.3534e-07,8.5675e-07,4.4482e-06,8.0412e-06,9.3600e-06,8.3498e-06
P16,0.00,135.00,0.00,0.00,7.6581e-08,3.8158e-07,1.1684e-06,4.4712e-06,9.5194e-06,9.5063e-06,7.4175e-06,7.4190e-08,3.5031e-07,8.8540e-07,4.5067e-06,8.0934e-06,9.4137e-06,8.5185e-06
P17,60.00,90.00,30.00,0.00,1.1347e-07,2.9263e-07,1.0021e-06,6.5122e-06,1.2634e-05,1.2623e-05,7.5253e-06,1.1164e-07,2.6364e-07,7.3385e-07,6.6340e-06,1.1448e-05,1.2617e-05,9.4566e-06
P17,60.00,90.00,60.00,0.00,9.9753e-08,2.9263e-07,1.0021e-06,6.5121e-06,1.2634e-05,1.2623e-05,7.5253e-06,9.8571e-08,2.6364e-07,7.3385e-07,6.6338e-06,1.1448e-05,1.2617e-05,9.4566e-06
P17,30.00,45.00,30.00,0.00,1.2004e-07,3.5561e-07,1.1645e-06,7.0247e-06,1.3192e-05,1.3180e-05,8.7531e-06,1.1831e-07,3.2215e-07,8.5552e-07,7.1183e-06,1.1885e-05,1.3143e-05,1.0599e-05
P17,60.00,180.00,30.00,0.00,1.0229e-07,2.9263e-07,1.0021e-06,6.5118e-06,1.2634e-05,1.2623e-05,7.5253e-06,1.0084e-07,2.6364e-07,7.3385e-07,6.6335e-06,1.1448e-05,1.2617e-05,9.4566e-06
P17,30.00,180.00,0.00,0.00,1.1898e-07,3.5561e-07,1.1645e-06,7.0245e-06,1.3192e-05,1.3180e-05,8.7531e-06,1.1721e-07,3.2215e-07,8.5552e-07,7.1180e-06,1.1885e-05,1.3143e-05,1.0599e-05
P17,0.00,45.00,0.00,0.00,1.1828e-07,3.7296e-07,1.2101e-06,7.1393e-06,1.3311e-05,1.3299e-05,9.0743e-06,1.1662e-07,3.3828e-07,8.8848e-07,7.2255e-06,1.1978e-05,1.3255e-05,1.0880e-05
P17,30.00,135.00,30.00,0.00,1.1198e-07,3.5561e-07,1.1645e-06,7.0244e-06,1.3192e-05,1.3180e-05,8.7531e-06,1.1052e-07,3.2215e-07,8.5552e-07,7.1179e-06,1.1885e-05,1.3143e-05,1.0599e-05
P17,30.00,180.00,30.00,0.00,1.1064e-07,3.5561e-07,1.1645e-06,7.0242e-06,1.3192e-05,1.3180e-05,8.7531e-06,1.0923e-07,3.2215e-07,8.5552e-07,7.1178e-06,1.1885e-05,1.3143e-05,1.0599e-05
P17,30.00,0.00,60.00,0.00,1.1038e-07,3.5561e-07,1.1645e-06,7.0249e-06,1.3192e-05,1.3180e-05,8.7531e-06,1.0926e-07,3.2215e-07,8.5552e-07,7.1184e-06,1.1885e-05,1.3143e-05,1.0599e-05
P17,60.00,0.00,30.00,0.00,1.3376e-07,2.9264e-07,1.0021e-06,6.5132e-06,1.2634e-05,1.2623e-05,7.5253e-06,1.3129e-07,2.6364e-07,7.3385e-07,6.6350e-06,1.1448e-05,1.2617e-05,9.4566e-06
P17,30.00,90.00,0.00,0.00,1.1898e-07,3.5561e-07,1.1645e-06,7.0245e-06,1.3192e-05,1.3180e-05,8.7531e-06,1.1721e-07,3.2215e-07,8.5552e-07,7.1180e-06,1.1885e-05,1.3143e-05,1.0599e-05
P17,0.00,90.00,0.00,0.00,1.1828e-07,3.7296e-07,1.2101e-06,7.1393e-06,1.3311e-05,1.3299e-05,9.0743e-06,1.1662e-07,3.3828e-07,8.8848e-07,7.2255e-06,1.1978e-05,1.3255e-05,1.0880e-05
P17,30.00,0.00,0.00,0.00,1.1898e-07,3.5561e-07,1.1645e-06,7.0245e-06,1.3192e-05,1.3180e-05,8.7531e-06,1.1721e-07,3.2215e-07,8.5552e-07,7.1180e-06,1.1885e-05,1.3143e-05,1.0599e-05
P17,0.00,45.00,60.00,0.00,9.7265e-08,3.7295e-07,1.2101e-06,7.1390e-06,1.3311e-05,1.3299e-05,9.0743e-06,9.6669e-08,3.3828e-07,8.8848e-07,7.2252e-06,1.1978e-05,1.3255e-05,1.0880e-05
P17,60.00,45.00,30.00,0.00,1.2628e-07,2.9264e-07,1.0021e-06,6.5128e-06,1.2634e-05,1.2623e-05,7.5253e-06,1.2404e-07,2.6364e-07,7.3385e-07,6.6347e-06,1.1448e-05,1.2617e-05,9.4566e-06
P17,60.00,90.00,0.00,0.00,1.1494e-07,2.9263e-07,1.0021e-06,6.5123e-06,1.2634e-05,1.2623e-05,7.5253e-06,1.1302e-07,2.6364e-07,7.3385e-07,6.6340e-06,1.1448e-05,1.2617e-05,9.4566e-06
P17,0.00,0.00,60.00,0.00,9.7265e-08,3.7295e-07,1.2101e-06,7.1390e-06,1.3311e-05,1.3299e-05,9.0743e-06,9.6669e-08,3.3828e-07,8.8848e-07,7.2252e-06,1.1978e-05,1.3255e-05,1.0880e-05
P17,30.00,45.00,0.00,0.00,1.1898e-07,3.5561e-07,1.1645e-06,7.0245e-06,1.3192e-05,1.3180e-05,8.7531e-06,1.1721e-07,3.2215e-07,8.5552e-07,7.1180e-06,1.1885e-05,1.3143e-05,1.0599e-05
P17,60.00,45.00,60.00,0.00,1.2831e-07,2.9263e-07,1.0021e-06,6.5135e-06,1.2634e-05,1.2623e-05,7.5253e-06,1.2625e-07,2.6364e-07,7.3385e-07,6.6354e-06,1.1448e-05,1.2617e-05,9.4566e-06
P17,0.00,0.00,0.00,0.00,1.1828e-07,3.7296e-07,1.2101e-06,7.1393e-06,1.3311e-05,1.3299e-05,9.0743e-06,1.1662e-07,3.3828e-07,8.8848e-07,7.2255e-06,1.1978e-05,1.3255e-05,1.0880e-05
P17,30.00,135.00,60.00,0.00,9.3578e-08,3.5560e-07,1.1645e-06,7.0241e-06,1.3192e-05,1.3180e-05,8.7531e-06,9.3004e-08,3.2215e-07,8.5552e-07,7.1176e-06,1.1885e-05,1.3143e-05,1.0599e-05
P17,60.00,45.00,0.00,0.00,1.1494e-07,2.9263e-07,1.0021e-06,6.5123e-06,1.2634e-05,1.2623e-05,7.5253e-06,1.1302e-07,2.6364e-07,7.3385e-07,6.6340e-06,1.1448e-05,1.2617e-05,9.4566e-06
P17,60.00,135.00,30.00,0.00,1.0501e-07,2.9263e-07,1.0021e-06,6.5119e-06,1.2634e-05,1.2623e-05,7.5253e-06,1.0346e-07,2.6364e-07,7.3385e-07,6.6336e-06,1.1448e-05,1.2617e-05,9.4566e-06
P17,0.00,135.00,30.00,0.00,1.1428e-07,3.7295e-07,1.2101e-06,7.1392e-06,1.3311e-05,1.3299e-05,9.0743e-06,1.1283e-07,3.3828e-07,8.8848e-07,7.2254e-06,1.1978e-05,1.3255e-05,1.0880e-05
P17,0.00,0.00,30.00,0.00,1.1428e-07,3.7295e-07,1.2101e-06,7.1392e-06,1.3311e-05,1.3299e-05,9.0743e-06,1.1283e-07,3.3828e-07,8.8848e-07,7.2254e-06,1.1978e-05,1.3255e-05,1.0880e-05
P17,0.00,180.00,0.00,0.00,1.1828e-07,3.7296e-07,1.2101e-06,7.1393e-06,1.3311e-05,1.3299e-05,9.0743e-06,1.1662e-07,3.3828e-07,8.8848e-07,7.2255e-06,1.1978e-05,1.3255e-05,1.0880e-05
P17,0.00,180.00,60.00,0.00,9.7265e-08,3.7295e-07,1.2101e-06,7.1390e-06,1.3311e-05,1.3299e-05,9.0743e-06,9.6669e-08,3.3828e-07,8.8848e-07,7.2252e-06,1.1978e-05,1.3255e-05,1.0880e-05
P17,60.00,180.00,0.00,0.00,1.1494e-07,2.9263e-07,1.0021e-06,6.5123e-06,1.2634e-05,1.2623e-05,7.5253e-06,1.1302e-07,2.6364e-07,7.3385e-07,6.6340e-06,1.1448e-05,1.2617e-05,9.4566e-06
P17,60.00,0.00,0.00,0.00,1.1494e-07,2.9263e-07,1.0021e-06,6.5123e-06,1.2634e-05,1.2623e-05,7.5253e-06,1.1302e-07,2.6364e-07,7.3385e-07,6.6340e-06,1.1448e-05,1.2617e-05,9.4566e-06
P17,60.00,135.00,0.00,0.00,1.1494e-07,2.9263e-07,1.0021e-06,6.5123e-06,1.2634e-05,1.2623e-05,7.5253e-06,1.1302e-07,2.6364e-07,7.3385e-07,6.6340e-06,1.1448e-05,1.2617e-05,9.4566e-06
P17,0.00,90.00,60.00,0.00,9.7265e-08,3.7295e-07,1.2101e-06,7.1390e-06,1.3311e-05,1.3299e-05,9.0743e-06,9.6669e-08,3.3828e-07,8.8848e-07,7.2252e-06,1.1978e-05,1.3255e-05,1.0880e-05
P17,30.00,90.00,30.00,0.00,1.1564e-07,3.5561e-07,1.1645e-06,7.0245e-06,1.3192e-05,1.3180e-05,8.7531e-06,1.1406e-07,3.2215e-07,8.5552e-07,7.1181e-06,1.1885e-05,1.3143e-05,1.0599e-05
P17,0.00,135.00,0.00,0.00,1.1828e-07,3.7296e-07,1.2101e-06,7.1393e-06,1.3311e-05,1.3299e-05,9.0743e-06,1.1662e-07,3.3828e-07,8.8848e-07,7.2255e-06,1.1978e-05,1.3255e-05,1.0880e-05
P17,30.00,135.00,0.00,0.00,1.1898e-07,3.5561e-07,1.1645e-06,7.0245e-06,1.3192e-05,1.3180e-05,8.7531e-06,1.1721e-07,3.2215e-07,8.5552e-07,7.1180e-06,1.1885e-05,1.3143e-05,1.0599e-05
P17,30.00,90.00,60.00,0.00,9.8523e-08,3.5560e-07,1.1645e-06,7.0243e-06,1.3192e-05,1.3180e-05,8.7531e-06,9.7779e-08,3.2215e-07,8.5552e-07,7.1178e-06,1.1885e-05,1.3143e-05,1.0599e-05
P17,60.00,0.00,60.00,0.00,1.5658e-07,2.9264e-07,1.0021e-06,6.5152e-06,1.2635e-05,1.2623e-05,7.5254e-06,1.5376e-07,2.6364e-07,7.3385e-07,6.6373e-06,1.1449e-05,1.2617e-05,9.4566e-06
P17,0.00,90.00,30.00,0.00,1.1428e-07,3.7295e-07,1.2101e-06,7.1392e-06,1.3311e-05,1.3299e-05,9.0743e-06,1.1283e-07,3.3828e-07,8.8848e-07,7.2254e-06,1.1978e-05,1.3255e-05,1.0880e-05
P17,60.00,180.00,60.00,0.00,8.4752e-08,2.9262e-07,1.0021e-06,6.5114e-06,1.2634e-05,1.2623e-05,7.5253e-06,8.4084e-08,2.6364e-07,7.3385e-07,6.6330e-06,1.1448e-05,1.2617e-05,9.4565e-06
P17,60.00,135.00,60.00,0.00,8.7875e-08,2.9262e-07,1.0021e-06,6.5116e-06,1.2634e-05,1.2623e-05,7.5253e-06,8.7098e-08,2.6364e-07,7.3385e-07,6.6333e-06,1.1448e-05,1.2617e-05,9.4566e-06
P17,30.00,180.00,60.00,0.00,9.1991e-08,3.5560e-07,1.1645e-06,7.0241e-06,1.3192e-05,1.3180e-05,8.7531e-06,9.1473e-08,3.2215e-07,8.5552e-07,7.1175e-06,1.1885e-05,1.3143e-05,1.0599e-05
P17,0.00,135.00,60.00,0.00,9.7265e-08,3.7295e-07,1.2101e-06,7.1390e-06,1.3311e-05,1.3299e-05,9.0743e-06,9.6669e-08,3.3828e-07,8.8848e-07,7.2252e-06,1.1978e-05,1.3255e-05,1.0880e-05
P17,0.00,45.00,30.00,0.00,1.1428e-07,3.7295e-07,1.2101e-06,7.1392e-06,1.3311e-05,1.3299e-05,9.0743e-06,1.1283e-07,3.3828e-07,8.8848e-07,7.2254e-06,1.1978e-05,1.3255e-05,1.0880e-05
P17,0.00,180.00,30.00,0.00,1.1428e-07,3.7295e-07,1.2101e-06,7.1392e-06,1.3311e-05,1.3299e-05,9.0743e-06,1.1283e-07,3.3828e-07,8.8848e-07,7.2254e-06,1.1978e-05,1.3255e-05,1.0880e-05
P17,30.00,0.00,30.00,0.00,1.2217e-07,3.5561e-07,1.1645e-06,7.0248e-06,1.3192e-05,1.3180e-05,8.7531e-06,1.2036e-07,3.2215e-07,8.5552e-07,7.1184e-06,1.1885e-05,1.3143e-05,1.0599e-05
P17,30.00,45.00,60.00,0.00,1.0601e-07,3.5561e-07,1.1645e-06,7.0247e-06,1.3192e-05,1.3180e-05,8.7531e-06,1.0503e-07,3.2215e-07,8.5552e-07,7.1182e-06,1.1885e-05,1.3143e-05,1.0599e-05
P18,30.00,90.00,0.00,0.00,7.4983e-08,2.6613e-07,8.9871e-07,4.4325e-06,9.4082e-06,9.3961e-06,7.3324e-06,7.3059e-08,2.4101e-07,6.5475e-07,4.4762e-06,8.0963e-06,9.3197e-06,8.3982e-06
P18,30.00,180.00,0.00,0.00,7.4983e-08,2.6613e-07,8.9871e-07,4.4325e-06,9.4082e-06,9.3961e-06,7.3324e-06,7.3059e-08,2.4101e-07,6.5475e-07,4.4762e-06,8.0963e-06,9.3197e-06,8.3982e-06
P18,60.00,180.00,60.00,0.00,4.7964e-08,2.2363e-07,7.7647e-07,4.1543e-06,9.0622e-06,9.0508e-06,6.4856e-06,4.7165e-08,2.0183e-07,5.6214e-07,4.2177e-06,7.8280e-06,8.9904e-06,7.6605e-06
P18,0.00,0.00,60.00,0.00,5.1641e-08,2.7808e-07,9.3162e-07,4.4948e-06,9.4831e-06,9.4709e-06,7.5449e-06,5.0851e-08,2.5209e-07,6.7997e-07,4.5336e-06,8.1537e-06,9.3908e-06,8.5754e-06
P18,30.00,135.00,0.00,0.00,7.4983e-08,2.6613e-07,8.9871e-07,4.4325e-06,9.4082e-06,9.3961e-06,7.3324e-06,7.3059e-08,2.4101e-07,6.5475e-07,4.4762e-06,8.0963e-06,9.3197e-06,8.3982e-06
P18,60.00,135.00,30.00,0.00,6.7490e-08,2.2364e-07,7.7647e-07,4.1548e-06,9.0623e-06,9.0508e-06,6.4857e-06,6.5893e-08,2.0183e-07,5.6214e-07,4.2182e-06,7.8281e-06,8.9904e-06,7.6605e-06
P18,0.00,90.00,30.00,0.00,6.8637e-08,2.7809e-07,9.3162e-07,4.4951e-06,9.4832e-06,9.4709e-06,7.5449e-06,6.7016e-08,2.5209e-07,6.7997e-07,4.5338e-06,8.1537e-06,9.3909e-06,8.5754e-06
P18,0.00,180.00,30.00,0.00,6.8637e-08,2.7809e-07,9.3162e-07,4.4951e-06,9.4832e-06,9.4709e-06,7.5449e-06,6.7016e-08,2.5209e-07,6.7997e-07,4.5338e-06,8.1537e-06,9.3909e-06,8.5754e-06
P18,30.00,45.00,30.00,0.00,7.5643e-08,2.6613e-07,8.9871e-07,4.4327e-06,9.4082e-06,9.3961e-06,7.3324e-06,7.3789e-08,2.4101e-07,6.5475e-07,4.4764e-06,8.0963e-06,9.3197e-06,8.3982e-06
P18,30.00,45.00,0.00,0.00,7.4983e-08,2.6613e-07,8.9871e-07,4.4325e-06,9.4082e-06,9.3961e-06,7.3324e-06,7.3059e-08,2.4101e-07,6.5475e-07,4.4762e-06,8.0963e-06,9.3197e-06,8.3982e-06
P18,0.00,90.00,60.00,0.00,5.1641e-08,2.7808e-07,9.3162e-07,4.4948e-06,9.4831e-06,9.4709e-06,7.5449e-06,5.0851e-08,2.5209e-07,6.7997e-07,4.5336e-06,8.1537e-06,9.3908e-06,8.5754e-06
P18,30.00,180.00,60.00,0.00,4.8431e-08,2.6612e-07,8.9871e-07,4.4321e-06,9.4081e-06,9.3961e-06,7.3324e-06,4.7706e-08,2.4101e-07,6.5475e-07,4.4757e-06,8.0962e-06,9.3197e-06,8.3982e-06
P18,0.00,0.00,0.00,0.00,7.2726e-08,2.7809e-07,9.3162e-07,4.4951e-06,9.4832e-06,9.4709e-06,7.5449e-06,7.0890e-08,2.5209e-07,6.7997e-07,4.5339e-06,8.1537e-06,9.3909e-06,8.5754e-06
P18,0.00,135.00,30.00,0.00,6.8637e-08,2.7809e-07,9.3162e-07,4.4951e-06,9.4832e-06,9.4709e-06,7.5449e-06,6.7016e-08,2.5209e-07,6.7997e-07,4.5338e-06,8.1537e-06,9.3909e-06,8.5754e-06
P18,0.00,180.00,0.00,0.00,7.2726e-08,2.7809e-07,9.3162e-07,4.4951e-06,9.4832e-06,9.4709e-06,7.5449e-06,7.0890e-08,2.5209e-07,6.7997e-07,4.5339e-06,8.1537e-06,9.3909e-06,8.5754e-06
P18,30.00,90.00,30.00,0.00,7.1521e-08,2.6613e-07,8.9871e-07,4.4326e-06,9.4082e-06,9.3961e-06,7.3324e-06,6.9796e-08,2.4101e-07,6.5475e-07,4.4762e-06,8.0963e-06,9.3197e-06,8.3982e-06
P18,0.00,135.00,60.00,0.00,5.1641e-08,2.7808e-07,9.3162e-07,4.4948e-06,9.4831e-06,9.4709e-06,7.5449e-06,5.0851e-08,2.5209e-07,6.7997e-07,4.5336e-06,8.1537e-06,9.3908e-06,8.5754e-06
P18,0.00,135.00,0.00,0.00,7.2726e-08,2.7809e-07,9.3162e-07,4.4951e-06,9.4832e-06,9.4709e-06,7.5449e-06,7.0890e-08,2.5209e-07,6.7997e-07,4.5339e-06,8.1537e-06,9.3909e-06,8.5754e-06
P18,60.00,180.00,30.00,0.00,6.4987e-08,2.2364e-07,7.7647e-07,4.1548e-06,9.0622e-06,9.0508e-06,6.4857e-06,6.3469e-08,2.0183e-07,5.6214e-07,4.2181e-06,7.8281e-06,8.9904e-06,7.6605e-06
P18,60.00,135.00,60.00,0.00,5.0795e-08,2.2363e-07,7.7647e-07,4.1545e-06,9.0622e-06,9.0508e-06,6.4856e-06,4.9910e-08,2.0183e-07,5.6214e-07,4.2179e-06,7.8280e-06,8.9904e-06,7.6605e-06
P18,60.00,45.00,0.00,0.00,7.6922e-08,2.2364e-07,7.7647e-07,4.1552e-06,9.0623e-06,9.0509e-06,6.4857e-06,7.4984e-08,2.0183e-07,5.6214e-07,4.2186e-06,7.8282e-06,8.9904e-06,7.6605e-06
P18,30.00,90.00,60.00,0.00,5.4412e-08,2.6612e-07,8.9871e-07,4.4323e-06,9.4082e-06,9.3961e-06,7.3324e-06,5.3507e-08,2.4101e-07,6.5475e-07,4.4760e-06,8.0962e-06,9.3197e-06,8.3982e-06
P18,30.00,45.00,60.00,0.00,6.1272e-08,2.6612e-07,8.9871e-07,4.4326e-06,9.4082e-06,9.3961e-06,7.3324e-06,6.0175e-08,2.4101e-07,6.5475e-07,4.4763e-06,8.0963e-06,9.3197e-06,8.3982e-06
P18,30.00,0.00,30.00,0.00,7.7635e-08,2.6613e-07,8.9871e-07,4.4328e-06,9.4082e-06,9.3961e-06,7.3324e-06,7.5721e-08,2.4101e-07,6.5475e-07,4.4765e-06,8.0963e-06,9.3197e-06,8.3982e-06
P18,60.00,45.00,60.00,0.00,8.7514e-08,2.2364e-07,7.7647e-07,4.1561e-06,9.0623e-06,9.0509e-06,6.4857e-06,8.5640e-08,2.0183e-07,5.6214e-07,4.2196e-06,7.8283e-06,8.9905e-06,7.6605e-06
P18,60.00,90.00,60.00,0.00,6.1565e-08,2.2363e-07,7.7647e-07,4.1549e-06,9.0622e-06,9.0508e-06,6.4856e-06,6.0364e-08,2.0183e-07,5.6214e-07,4.2183e-06,7.8281e-06,8.9904e-06,7.6605e-06
P18,30.00,0.00,0.00,0.00,7.4983e-08,2.6613e-07,8.9871e-07,4.4325e-06,9.4082e-06,9.3961e-06,7.3324e-06,7.3059e-08,2.4101e-07,6.5475e-07,4.4762e-06,8.0963e-06,9.3197e-06,8.3982e-06
P18,30.00,135.00,30.00,0.00,6.8092e-08,2.6613e-07,8.9871e-07,4.4324e-06,9.4082e-06,9.3961e-06,7.3324e-06,6.6476e-08,2.4101e-07,6.5475e-07,4.4761e-06,8.0962e-06,9.3197e-06,8.3982e-06
P18,30.00,135.00,60.00,0.00,4.9884e-08,2.6612e-07,8.9871e-07,4.4321e-06,9.4081e-06,9.3961e-06,7.3324e-06,4.9115e-08,2.4101e-07,6.5475e-07,4.4758e-06,8.0962e-06,9.3197e-06,8.3982e-06
P18,60.00,0.00,0.00,0.00,7.6922e-08,2.2364e-07,7.7647e-07,4.1552e-06,9.0623e-06,9.0509e-06,6.4857e-06,7.4984e-08,2.0183e-07,5.6214e-07,4.2186e-06,7.8282e-06,8.9904e-06,7.6605e-06
P18,60.00,45.00,30.00,0.00,8.7097e-08,2.2364e-07,7.7647e-07,4.1557e-06,9.0623e-06,9.0509e-06,6.4857e-06,8.4931e-08,2.0183e-07,5.6214e-07,4.2191e-06,7.8282e-06,8.9905e-06,7.6605e-06
P18,0.00,45.00,30.00,0.00,6.8637e-08,2.7809e-07,9.3162e-07,4.4951e-06,9.4832e-06,9.4709e-06,7.5449e-06,6.7016e-08,2.5209e-07,6.7997e-07,4.5338e-06,8.1537e-06,9.3909e-06,8.5754e-06
P18,0.00,90.00,0.00,0.00,7.2726e-08,2.7809e-07,9.3162e-07,4.4951e-06,9.4832e-06,9.4709e-06,7.5449e-06,7.0890e-08,2.5209e-07,6.7997e-07,4.5339e-06,8.1537e-06,9.3909e-06,8.5754e-06
P18,0.00,0.00,30.00,0.00,6.8637e-08,2.7809e-07,9.3162e-07,4.4951e-06,9.4832e-06,9.4709e-06,7.5449e-06,6.7016e-08,2.5209e-07,6.7997e-07,4.5338e-06,8.1537e-06,9.3909e-06,8.5754e-06
P18,0.00,45.00,60.00,0.00,5.1641e-08,2.7808e-07,9.3162e-07,4.4948e-06,9.4831e-06,9.4709e-06,7.5449e-06,5.0851e-08,2.5209e-07,6.7997e-07,4.5336e-06,8.1537e-06,9.3908e-06,8.5754e-06
P18,0.00,180.00,60.00,0.00,5.1641e-08,2.7808e-07,9.3162e-07,4.4948e-06,9.4831e-06,9.4709e-06,7.5449e-06,5.0851e-08,2.5209e-07,6.7997e-07,4.5336e-06,8.1537e-06,9.3908e-06,8.5754e-06
P18,60.00,0.00,30.00,0.00,9.3994e-08,2.2364e-07,7.7647e-07,4.1560e-06,9.0623e-06,9.0509e-06,6.4857e-06,9.1642e-08,2.0183e-07,5.6214e-07,4.2195e-06,7.8283e-06,8.9905e-06,7.6605e-06
P18,60.00,135.00,0.00,0.00,7.6922e-08,2.2364e-07,7.7647e-07,4.1552e-06,9.0623e-06,9.0509e-06,6.4857e-06,7.4984e-08,2.0183e-07,5.6214e-07,4.2186e-06,7.8282e-06,8.9904e-06,7.6605e-06
P18,0.00,45.00,0.00,0.00,7.2726e-08,2.7809e-07,9.3162e-07,4.4951e-06,9.4832e-06,9.4709e-06,7.5449e-06,7.0890e-08,2.5209e-07,6.7997e-07,4.5339e-06,8.1537e-06,9.3909e-06,8.5754e-06
P18,60.00,180.00,0.00,0.00,7.6922e-08,2.2364e-07,7.7647e-07,4.1552e-06,9.0623e-06,9.0509e-06,6.4857e-06,7.4984e-08,2.0183e-07,5.6214e-07,4.2186e-06,7.8282e-06,8.9904e-06,7.6605e-06
P18,60.00,90.00,0.00,0.00,7.6922e-08,2.2364e-07,7.7647e-07,4.1552e-06,9.0623e-06,9.0509e-06,6.4857e-06,7.4984e-08,2.0183e-07,5.6214e-07,4.2186e-06,7.8282e-06,8.9904e-06,7.6605e-06
P18,60.00,0.00,60.00,0.00,1.1329e-07,2.2365e-07,7.7647e-07,4.1576e-06,9.0624e-06,9.0510e-06,6.4857e-06,1.1083e-07,2.0183e-07,5.6214e-07,4.2213e-06,7.8286e-06,8.9906e-06,7.6605e-06
P18,60.00,90.00,30.00,0.00,7.5286e-08,2.2364e-07,7.7647e-07,4.1551e-06,9.0623e-06,9.0509e-06,6.4857e-06,7.3453e-08,2.0183e-07,5.6214e-07,4.2185e-06,7.8281e-06,8.9904e-06,7.6605e-06
P18,30.00,0.00,60.00,0.00,6.5277e-08,2.6613e-07,8.9871e-07,4.4328e-06,9.4082e-06,9.3961e-06,7.3324e-06,6.4074e-08,2.4101e-07,6.5475e-07,4.4765e-06,8.0963e-06,9.3197e-06,8.3982e-06
P18,30.00,180.00,30.00,0.00,6.6838e-08,2.6613e-07,8.9871e-07,4.4323e-06,9.4082e-06,9.3961e-06,7.3324e-06,6.5262e-08,2.4101e-07,6.5475e-07,4.4760e-06,8.0962e-06,9.3197e-06,8.3982e-06
P19,60.00,90.00,60.00,0.00,5.8425e-08,2.1394e-07,6.1985e-07,1.8441e-06,5.0953e-06,5.0849e-06,5.2369e-06,5.5791e-08,1.9821e-07,4.8347e-07,1.8223e-06,3.9620e-06,4.9945e-06,5.4130e-06
P19,60.00,45.00,30.00,0.00,8.9065e-08,2.1397e-07,6.1996e-07,1.8452e-06,5.0954e-06,5.0851e-06,5.2369e-06,8.4973e-08,1.9822e-07,4.8349e-07,1.8235e-06,3.9622e-06,4.9947e-06,5.4131e-06
P19,30.00,180.00,0.00,0.00,6.6580e-08,2.3561e-07,6.6648e-07,1.9097e-06,5.1413e-06,5.1310e-06,5.4309e-06,6.3298e-08,2.1863e-07,5.2694e-07,1.8880e-06,4.0069e-06,5.0373e-06,5.5667e-06
P19,60.00,90.00,0.00,0.00,7.5230e-08,2.1395e-07,6.1993e-07,1.8443e-06,5.0953e-06,5.0850e-06,5.2369e-06,7.1640e-08,1.9822e-07,4.8349e-07,1.8225e-06,3.9620e-06,4.9946e-06,5.4130e-06
P19,30.00,180.00,60.00,0.00,3.6154e-08,2.3558e-07,6.6635e-07,1.9091e-06,5.1413e-06,5.1309e-06,5.4309e-06,3.4504e-08,2.1862e-07,5.2690e-07,1.8874e-06,4.0068e-06,5.0373e-06,5.5667e-06
P19,60.00,135.00,0.00,0.00,7.5230e-08,2.1395e-07,6.1993e-07,1.8443e-06,5.0953e-06,5.0850e-06,5.2369e-06,7.1640e-08,1.9822e-07,4.8349e-07,1.8225e-06,3.9620e-06,4.9946e-06,5.4130e-06
P19,60.00,45.00,60.00,0.00,9.3528e-08,2.1396e-07,6.1993e-07,1.8465e-06,5.0955e-06,5.0852e-06,5.2369e-06,8.9525e-08,1.9822e-07,4.8348e-07,1.8249e-06,3.9624e-06,4.9948e-06,5.4131e-06
P19,60.00,90.00,30.00,0.00,7.3735e-08,2.1395e-07,6.1992e-07,1.8443e-06,5.0953e-06,5.0850e-06,5.2369e-06,7.0256e-08,1.9822e-07,4.8348e-07,1.8225e-06,3.9620e-06,4.9946e-06,5.4130e-06
P19,0.00,45.00,60.00,0.00,3.9198e-08,2.4162e-07,6.7748e-07,1.9221e-06,5.1492e-06,5.1389e-06,5.4791e-06,3.7440e-08,2.2439e-07,5.3782e-07,1.9002e-06,4.0144e-06,5.0446e-06,5.6023e-06
P19,0.00,135.00,30.00,0.00,5.8090e-08,2.4164e-07,6.7757e-07,1.9223e-06,5.1492e-06,5.1389e-06,5.4791e-06,5.5257e-08,2.2439e-07,5.3785e-07,1.9004e-06,4.0144e-06,5.0446e-06,5.6023e-06
P19,0.00,0.00,60.00,0.00,3.9198e-08,2.4162e-07,6.7748e-07,1.9221e-06,5.1492e-06,5.1389e-06,5.4791e-06,3.7440e-08,2.2439e-07,5.3782e-07,1.9002e-06,4.0144e-06,5.0446e-06,5.6023e-06
P19,30.00,135.00,60.00,0.00,3.8037e-08,2.3558e-07,6.6636e-07,1.9092e-06,5.1413e-06,5.1309e-06,5.4309e-06,3.6305e-08,2.1862e-07,5.2690e-07,1.8875e-06,4.0069e-06,5.0373e-06,5.5667e-06
P19,30.00,90.00,60.00,0.00,4.3899e-08,2.3559e-07,6.6638e-07,1.9095e-06,5.1413e-06,5.1310e-06,5.4309e-06,4.1922e-08,2.1863e-07,5.2690e-07,1.8878e-06,4.0069e-06,5.0373e-06,5.5667e-06
P19,0.00,135.00,60.00,0.00,3.9198e-08,2.4162e-07,6.7748e-07,1.9221e-06,5.1492e-06,5.1389e-06,5.4791e-06,3.7440e-08,2.2439e-07,5.3782e-07,1.9002e-06,4.0144e-06,5.0446e-06,5.6023e-06
P19,0.00,135.00,0.00,0.00,6.2492e-08,2.4164e-07,6.7760e-07,1.9224e-06,5.1492e-06,5.1389e-06,5.4791e-06,5.9399e-08,2.2440e-07,5.3786e-07,1.9005e-06,4.0144e-06,5.0446e-06,5.6023e-06
P19,60.00,0.00,0.00,0.00,7.5230e-08,2.1395e-07,6.1993e-07,1.8443e-06,5.0953e-06,5.0850e-06,5.2369e-06,7.1640e-08,1.9822e-07,4.8349e-07,1.8225e-06,3.9620e-06,4.9946e-06,5.4130e-06
P19,0.00,0.00,0.00,0.00,6.2492e-08,2.4164e-07,6.7760e-07,1.9224e-06,5.1492e-06,5.1389e-06,5.4791e-06,5.9399e-08,2.2440e-07,5.3786e-07,1.9005e-06,4.0144e-06,5.0446e-06,5.6023e-06
P19,60.00,45.00,0.00,0.00,7.5230e-08,2.1395e-07,6.1993e-07,1.8443e-06,5.0953e-06,5.0850e-06,5.2369e-06,7.1640e-08,1.9822e-07,4.8349e-07,1.8225e-06,3.9620e-06,4.9946e-06,5.4130e-06
P19,30.00,0.00,60.00,0.00,5.7953e-08,2.3560e-07,6.6642e-07,1.9104e-06,5.1414e-06,5.1311e-06,5.4309e-06,5.5423e-08,2.1863e-07,5.2691e-07,1.8888e-06,4.0071e-06,5.0374e-06,5.5668e-06
P19,0.00,45.00,0.00,0.00,6.2492e-08,2.4164e-07,6.7760e-07,1.9224e-06,5.1492e-06,5.1389e-06,5.4791e-06,5.9399e-08,2.2440e-07,5.3786e-07,1.9005e-06,4.0144e-06,5.0446e-06,5.6023e-06
P19,60.00,180.00,30.00,0.00,6.0356e-08,2.1394e-07,6.1988e-07,1.8436e-06,5.0952e-06,5.0849e-06,5.2369e-06,5.7444e-08,1.9821e-07,4.8347e-07,1.8218e-06,3.9619e-06,4.9945e-06,5.4130e-06
P19,0.00,0.00,30.00,0.00,5.8090e-08,2.4164e-07,6.7757e-07,1.9223e-06,5.1492e-06,5.1389e-06,5.4791e-06,5.5257e-08,2.2439e-07,5.3785e-07,1.9004e-06,4.0144e-06,5.0446e-06,5.6023e-06
P19,30.00,45.00,60.00,0.00,5.2774e-08,2.3559e-07,6.6641e-07,1.9101e-06,5.1414e-06,5.1310e-06,5.4309e-06,5.0443e-08,2.1863e-07,5.2691e-07,1.8884e-06,4.0070e-06,5.0374e-06,5.5668e-06
P19,0.00,180.00,0.00,0.00,6.2492e-08,2.4164e-07,6.7760e-07,1.9224e-06,5.1492e-06,5.1389e-06,5.4791e-06,5.9399e-08,2.2440e-07,5.3786e-07,1.9005e-06,4.0144e-06,5.0446e-06,5.6023e-06
P19,0.00,90.00,0.00,0.00,6.2492e-08,2.4164e-07,6.7760e-07,1.9224e-06,5.1492e-06,5.1389e-06,5.4791e-06,5.9399e-08,2.2440e-07,5.3786e-07,1.9005e-06,4.0144e-06,5.0446e-06,5.6023e-06
P19,0.00,180.00,30.00,0.00,5.8090e-08,2.4164e-07,6.7757e-07,1.9223e-06,5.1492e-06,5.1389e-06,5.4791e-06,5.5257e-08,2.2439e-07,5.3785e-07,1.9004e-06,4.0144e-06,5.0446e-06,5.6023e-06
P19,60.00,180.00,60.00,0.00,3.9970e-08,2.1393e-07,6.1982e-07,1.8429e-06,5.0952e-06,5.0848e-06,5.2368e-06,3.8130e-08,1.9821e-07,4.8346e-07,1.8210e-06,3.9617e-06,4.9944e-06,5.4130e-06
P19,0.00,90.00,30.00,0.00,5.8090e-08,2.4164e-07,6.7757e-07,1.9223e-06,5.1492e-06,5.1389e-06,5.4791e-06,5.5257e-08,2.2439e-07,5.3785e-07,1.9004e-06,4.0144e-06,5.0446e-06,5.6023e-06
P19,60.00,135.00,30.00,0.00,6.3608e-08,2.1394e-07,6.1989e-07,1.8437e-06,5.0953e-06,5.0849e-06,5.2369e-06,6.0555e-08,1.9821e-07,4.8348e-07,1.8219e-06,3.9619e-06,4.9945e-06,5.4130e-06
P19,30.00,0.00,0.00,0.00,6.6580e-08,2.3561e-07,6.6648e-07,1.9097e-06,5.1413e-06,5.1310e-06,5.4309e-06,6.3298e-08,2.1863e-07,5.2694e-07,1.8880e-06,4.0069e-06,5.0373e-06,5.5667e-06
P19,30.00,45.00,0.00,0.00,6.6580e-08,2.3561e-07,6.6648e-07,1.9097e-06,5.1413e-06,5.1310e-06,5.4309e-06,6.3298e-08,2.1863e-07,5.2694e-07,1.8880e-06,4.0069e-06,5.0373e-06,5.5667e-06
P19,60.00,135.00,60.00,0.00,4.3814e-08,2.1393e-07,6.1983e-07,1.8433e-06,5.0952e-06,5.0849e-06,5.2368e-06,4.1806e-08,1.9821e-07,4.8346e-07,1.8214e-06,3.9618e-06,4.9945e-06,5.4130e-06
P19,30.00,180.00,30.00,0.00,5.7168e-08,2.3560e-07,6.6643e-07,1.9094e-06,5.1413e-06,5.1310e-06,5.4309e-06,5.4365e-08,2.1863e-07,5.2692e-07,1.8876e-06,4.0068e-06,5.0373e-06,5.5667e-06
P19,0.00,90.00,60.00,0.00,3.9198e-08,2.4162e-07,6.7748e-07,1.9221e-06,5.1492e-06,5.1389e-06,5.4791e-06,3.7440e-08,2.2439e-07,5.3782e-07,1.9002e-06,4.0144e-06,5.0446e-06,5.6023e-06
P19,30.00,135.00,0.00,0.00,6.6580e-08,2.3561e-07,6.6648e-07,1.9097e-06,5.1413e-06,5.1310e-06,5.4309e-06,6.3298e-08,2.1863e-07,5.2694e-07,1.8880e-06,4.0069e-06,5.0373e-06,5.5667e-06
P19,60.00,0.00,60.00,0.00,1.2827e-07,2.1399e-07,6.2002e-07,1.8495e-06,5.0959e-06,5.0856e-06,5.2369e-06,1.2304e-07,1.9822e-07,4.8349e-07,1.8282e-06,3.9631e-06,4.9952e-06,5.4133e-06
P19,60.00,180.00,0.00,0.00,7.5230e-08,2.1395e-07,6.1993e-07,1.8443e-06,5.0953e-06,5.0850e-06,5.2369e-06,7.1640e-08,1.9822e-07,4.8349e-07,1.8225e-06,3.9620e-06,4.9946e-06,5.4130e-06
P19,30.00,135.00,30.00,0.00,5.8711e-08,2.3560e-07,6.6644e-07,1.9095e-06,5.1413e-06,5.1310e-06,5.4309e-06,5.5843e-08,2.1863e-07,5.2693e-07,1.8878e-06,4.0069e-06,5.0373e-06,5.5667e-06
P19,30.00,0.00,30.00,0.00,7.0445e-08,2.3561e-07,6.6650e-07,1.9102e-06,5.1414e-06,5.1310e-06,5.4309e-06,6.7091e-08,2.1863e-07,5.2694e-07,1.8885e-06,4.0070e-06,5.0374e-06,5.5668e-06
P19,0.00,45.00,30.00,0.00,5.8090e-08,2.4164e-07,6.7757e-07,1.9223e-06,5.1492e-06,5.1389e-06,5.4791e-06,5.5257e-08,2.2439e-07,5.3785e-07,1.9004e-06,4.0144e-06,5.0446e-06,5.6023e-06
P19,60.00,0.00,30.00,0.00,9.8010e-08,2.1397e-07,6.1999e-07,1.8458e-06,5.0955e-06,5.0851e-06,5.2369e-06,9.3574e-08,1.9822e-07,4.8350e-07,1.8241e-06,3.9622e-06,4.9947e-06,5.4131e-06
P19,30.00,90.00,30.00,0.00,6.2928e-08,2.3560e-07,6.6647e-07,1.9098e-06,5.1413e-06,5.1310e-06,5.4309e-06,5.9883e-08,2.1863e-07,5.2693e-07,1.8881e-06,4.0069e-06,5.0374e-06,5.5667e-06
P19,30.00,90.00,0.00,0.00,6.6580e-08,2.3561e-07,6.6648e-07,1.9097e-06,5.1413e-06,5.1310e-06,5.4309e-06,6.3298e-08,2.1863e-07,5.2694e-07,1.8880e-06,4.0069e-06,5.0373e-06,5.5667e-06
P19,0.00,180.00,60.00,0.00,3.9198e-08,2.4162e-07,6.7748e-07,1.9221e-06,5.1492e-06,5.1389e-06,5.4791e-06,3.7440e-08,2.2439e-07,5.3782e-07,1.9002e-06,4.0144e-06,5.0446e-06,5.6023e-06
P19,30.00,45.00,30.00,0.00,6.7996e-08,2.3561e-07,6.6649e-07,1.9100e-06,5.1413e-06,5.1310e-06,5.4309e-06,6.4741e-08,2.1863e-07,5.2694e-07,1.8884e-06,4.0070e-06,5.0374e-06,5.5668e-06
P20,0.00,135.00,60.00,0.00,4.7110e-08,3.1793e-07,1.0139e-06,3.6129e-06,8.1967e-06,8.1842e-06,6.6591e-06,4.5722e-08,2.9069e-07,7.6424e-07,3.6427e-06,6.8198e-06,8.0859e-06,7.5667e-06
P20,0.00,90.00,60.00,0.00,4.7110e-08,3.1793e-07,1.0139e-06,3.6129e-06,8.1967e-06,8.1842e-06,6.6591e-06,4.5722e-08,2.9069e-07,7.6424e-07,3.6427e-06,6.8198e-06,8.0859e-06,7.5667e-06
P20,30.00,45.00,60.00,0.00,5.9115e-08,3.0397e-07,9.8290e-07,3.5633e-06,8.1554e-06,8.1429e-06,6.4800e-06,5.7254e-08,2.7745e-07,7.3895e-07,3.5974e-06,6.7805e-06,8.0466e-06,7.4258e-06
P20,0.00,135.00,0.00,0.00,6.9668e-08,3.1794e-07,1.0139e-06,3.6132e-06,8.1968e-06,8.1842e-06,6.6591e-06,6.7044e-08,2.9069e-07,7.6425e-07,3.6430e-06,6.8198e-06,8.0859e-06,7.5667e-06
P20,60.00,90.00,30.00,0.00,7.7119e-08,2.5224e-07,8.6341e-07,3.3427e-06,7.9776e-06,7.9651e-06,5.7610e-06,7.4261e-08,2.2859e-07,6.4203e-07,3.3935e-06,6.6120e-06,7.8789e-06,6.8349e-06
P20,30.00,180.00,0.00,0.00,7.2962e-08,3.0398e-07,9.8291e-07,3.5631e-06,8.1554e-06,8.1428e-06,6.4800e-06,7.0186e-08,2.7745e-07,7.3895e-07,3.5971e-06,6.7804e-06,8.0466e-06,7.4258e-06
P20,0.00,45.00,30.00,0.00,6.5373e-08,3.1794e-07,1.0139e-06,3.6131e-06,8.1968e-06,8.1842e-06,6.6591e-06,6.2995e-08,2.9069e-07,7.6425e-07,3.6429e-06,6.8198e-06,8.0859e-06,7.5667e-06
P20,60.00,0.00,60.00,0.00,1.2553e-07,2.5225e-07,8.6341e-07,3.3469e-06,7.9780e-06,7.9655e-06,5.7610e-06,1.2137e-07,2.2859e-07,6.4203e-07,3.3982e-06,6.6129e-06,7.8794e-06,6.8351e-06
P20,0.00,90.00,30.00,0.00,6.5373e-08,3.1794e-07,1.0139e-06,3.6131e-06,8.1968e-06,8.1842e-06,6.6591e-06,6.2995e-08,2.9069e-07,7.6425e-07,3.6429e-06,6.8198e-06,8.0859e-06,7.5667e-06
P20,30.00,90.00,0.00,0.00,7.2962e-08,3.0398e-07,9.8291e-07,3.5631e-06,8.1554e-06,8.1428e-06,6.4800e-06,7.0186e-08,2.7745e-07,7.3895e-07,3.5971e-06,6.7804e-06,8.0466e-06,7.4258e-06
P20,0.00,180.00,60.00,0.00,4.7110e-08,3.1793e-07,1.0139e-06,3.6129e-06,8.1967e-06,8.1842e-06,6.6591e-06,4.5722e-08,2.9069e-07,7.6424e-07,3.6427e-06,6.8198e-06,8.0859e-06,7.5667e-06
P20,30.00,0.00,30.00,0.00,7.6392e-08,3.0398e-07,9.8291e-07,3.5635e-06,8.1554e-06,8.1429e-06,6.4800e-06,7.3576e-08,2.7745e-07,7.3895e-07,3.5976e-06,6.7805e-06,8.0467e-06,7.4259e-06
P20,60.00,180.00,60.00,0.00,4.5783e-08,2.5223e-07,8.6341e-07,3.3415e-06,7.9775e-06,7.9650e-06,5.7610e-06,4.4332e-08,2.2859e-07,6.4203e-07,3.3922e-06,6.6117e-06,7.8788e-06,6.8349e-06
P20,60.00,180.00,30.00,0.00,6.4902e-08,2.5223e-07,8.6341e-07,3.3421e-06,7.9775e-06,7.9650e-06,5.7610e-06,6.2513e-08,2.2859e-07,6.4203e-07,3.3929e-06,6.6119e-06,7.8789e-06,6.8349e-06
P20,30.00,90.00,30.00,0.00,6.9375e-08,3.0398e-07,9.8291e-07,3.5631e-06,8.1554e-06,8.1428e-06,6.4800e-06,6.6823e-08,2.7745e-07,7.3895e-07,3.5972e-06,6.7804e-06,8.0466e-06,7.4258e-06
P20,30.00,45.00,30.00,0.00,7.4107e-08,3.0398e-07,9.8291e-07,3.5633e-06,8.1554e-06,8.1429e-06,6.4800e-06,7.1374e-08,2.7745e-07,7.3895e-07,3.5974e-06,6.7805e-06,8.0466e-06,7.4259e-06
P20,60.00,135.00,30.00,0.00,6.7871e-08,2.5223e-07,8.6341e-07,3.3422e-06,7.9775e-06,7.9651e-06,5.7610e-06,6.5365e-08,2.2859e-07,6.4203e-07,3.3930e-06,6.6119e-06,7.8789e-06,6.8349e-06
P20,0.00,90.00,0.00,0.00,6.9668e-08,3.1794e-07,1.0139e-06,3.6132e-06,8.1968e-06,8.1842e-06,6.6591e-06,6.7044e-08,2.9069e-07,7.6425e-07,3.6430e-06,6.8198e-06,8.0859e-06,7.5667e-06
P20,30.00,180.00,60.00,0.00,4.3892e-08,3.0397e-07,9.8290e-07,3.5625e-06,8.1553e-06,8.1428e-06,6.4800e-06,4.2594e-08,2.7745e-07,7.3895e-07,3.5966e-06,6.7803e-06,8.0466e-06,7.4258e-06
P20,0.00,180.00,0.00,0.00,6.9668e-08,3.1794e-07,1.0139e-06,3.6132e-06,8.1968e-06,8.1842e-06,6.6591e-06,6.7044e-08,2.9069e-07,7.6425e-07,3.6430e-06,6.8198e-06,8.0859e-06,7.5667e-06
P20,30.00,135.00,60.00,0.00,4.5616e-08,3.0397e-07,9.8290e-07,3.5626e-06,8.1553e-06,8.1428e-06,6.4800e-06,4.4250e-08,2.7745e-07,7.3895e-07,3.5966e-06,6.7803e-06,8.0466e-06,7.4258e-06
P20,0.00,0.00,60.00,0.00,4.7110e-08,3.1793e-07,1.0139e-06,3.6129e-06,8.1967e-06,8.1842e-06,6.6591e-06,4.5722e-08,2.9069e-07,7.6424e-07,3.6427e-06,6.8198e-06,8.0859e-06,7.5667e-06
P20,0.00,0.00,0.00,0.00,6.9668e-08,3.1794e-07,1.0139e-06,3.6132e-06,8.1968e-06,8.1842e-06,6.6591e-06,6.7044e-08,2.9069e-07,7.6425e-07,3.6430e-06,6.8198e-06,8.0859e-06,7.5667e-06
P20,30.00,180.00,30.00,0.00,6.3999e-08,3.0397e-07,9.8291e-07,3.5627e-06,8.1554e-06,8.1428e-06,6.4800e-06,6.1656e-08,2.7745e-07,7.3895e-07,3.5968e-06,6.7803e-06,8.0466e-06,7.4258e-06
P20,0.00,135.00,30.00,0.00,6.5373e-08,3.1794e-07,1.0139e-06,3.6131e-06,8.1968e-06,8.1842e-06,6.6591e-06,6.2995e-08,2.9069e-07,7.6425e-07,3.6429e-06,6.8198e-06,8.0859e-06,7.5667e-06
P20,60.00,180.00,0.00,0.00,7.8649e-08,2.5224e-07,8.6341e-07,3.3427e-06,7.9776e-06,7.9651e-06,5.7610e-06,7.5683e-08,2.2859e-07,6.4203e-07,3.3935e-06,6.6120e-06,7.8789e-06,6.8349e-06
P20,60.00,90.00,0.00,0.00,7.8649e-08,2.5224e-07,8.6341e-07,3.3427e-06,7.9776e-06,7.9651e-06,5.7610e-06,7.5683e-08,2.2859e-07,6.4203e-07,3.3935e-06,6.6120e-06,7.8789e-06,6.8349e-06
P20,0.00,45.00,60.00,0.00,4.7110e-08,3.1793e-07,1.0139e-06,3.6129e-06,8.1967e-06,8.1842e-06,6.6591e-06,4.5722e-08,2.9069e-07,7.6424e-07,3.6427e-06,6.8198e-06,8.0859e-06,7.5667e-06
P20,60.00,0.00,0.00,0.00,7.8649e-08,2.5224e-07,8.6341e-07,3.3427e-06,7.9776e-06,7.9651e-06,5.7610e-06,7.5683e-08,2.2859e-07,6.4203e-07,3.3935e-06,6.6120e-06,7.8789e-06,6.8349e-06
P20,60.00,45.00,0.00,0.00,7.8649e-08,2.5224e-07,8.6341e-07,3.3427e-06,7.9776e-06,7.9651e-06,5.7610e-06,7.5683e-08,2.2859e-07,6.4203e-07,3.3935e-06,6.6120e-06,7.8789e-06,6.8349e-06
P20,0.00,0.00,30.00,0.00,6.5373e-08,3.1794e-07,1.0139e-06,3.6131e-06,8.1968e-06,8.1842e-06,6.6591e-06,6.2995e-08,2.9069e-07,7.6425e-07,3.6429e-06,6.8198e-06,8.0859e-06,7.5667e-06
P20,60.00,45.00,30.00,0.00,9.1127e-08,2.5224e-07,8.6341e-07,3.3435e-06,7.9777e-06,7.9652e-06,5.7610e-06,8.7765e-08,2.2859e-07,6.4203e-07,3.3944e-06,6.6121e-06,7.8790e-06,6.8350e-06
P20,30.00,135.00,0.00,0.00,7.2962e-08,3.0398e-07,9.8291e-07,3.5631e-06,8.1554e-06,8.1428e-06,6.4800e-06,7.0186e-08,2.7745e-07,7.3895e-07,3.5971e-06,6.7804e-06,8.0466e-06,7.4258e-06
P20,30.00,90.00,60.00,0.00,5.0984e-08,3.0397e-07,9.8290e-07,3.5628e-06,8.1554e-06,8.1428e-06,6.4800e-06,4.9415e-08,2.7745e-07,7.3895e-07,3.5969e-06,6.7804e-06,8.0466e-06,7.4258e-06
P20,30.00,0.00,60.00,0.00,6.3862e-08,3.0397e-07,9.8290e-07,3.5636e-06,8.1554e-06,8.1429e-06,6.4800e-06,6.1837e-08,2.7745e-07,7.3895e-07,3.5977e-06,6.7805e-06,8.0467e-06,7.4259e-06
P20,60.00,0.00,30.00,0.00,9.9305e-08,2.5225e-07,8.6341e-07,3.3439e-06,7.9777e-06,7.9652e-06,5.7610e-06,9.5661e-08,2.2859e-07,6.4203e-07,3.3948e-06,6.6122e-06,7.8791e-06,6.8350e-06
P20,0.00,180.00,30.00,0.00,6.5373e-08,3.1794e-07,1.0139e-06,3.6131e-06,8.1968e-06,8.1842e-06,6.6591e-06,6.2995e-08,2.9069e-07,7.6425e-07,3.6429e-06,6.8198e-06,8.0859e-06,7.5667e-06
P20,60.00,90.00,60.00,0.00,6.2400e-08,2.5223e-07,8.6341e-07,3.3425e-06,7.9776e-06,7.9651e-06,5.7610e-06,6.0310e-08,2.2859e-07,6.4203e-07,3.3933e-06,6.6119e-06,7.8789e-06,6.8349e-06
P20,60.00,135.00,0.00,0.00,7.8649e-08,2.5224e-07,8.6341e-07,3.3427e-06,7.9776e-06,7.9651e-06,5.7610e-06,7.5683e-08,2.2859e-07,6.4203e-07,3.3935e-06,6.6120e-06,7.8789e-06,6.8349e-06
P20,30.00,45.00,0.00,0.00,7.2962e-08,3.0398e-07,9.8291e-07,3.5631e-06,8.1554e-06,8.1428e-06,6.4800e-06,7.0186e-08,2.7745e-07,7.3895e-07,3.5971e-06,6.7804e-06,8.0466e-06,7.4258e-06
P20,60.00,135.00,60.00,0.00,4.9237e-08,2.5223e-07,8.6341e-07,3.3418e-06,7.9775e-06,7.9650e-06,5.7610e-06,4.7648e-08,2.2859e-07,6.4203e-07,3.3925e-06,6.6118e-06,7.8789e-06,6.8349e-06
P20,60.00,45.00,60.00,0.00,9.4094e-08,2.5224e-07,8.6341e-07,3.3444e-06,7.9778e-06,7.9653e-06,5.7610e-06,9.0911e-08,2.2859e-07,6.4203e-07,3.3954e-06,6.6123e-06,7.8791e-06,6.8350e-06
P20,30.00,0.00,0.00,0.00,7.2962e-08,3.0398e-07,9.8291e-07,3.5631e-06,8.1554e-06,8.1428e-06,6.4800e-06,7.0186e-08,2.7745e-07,7.3895e-07,3.5971e-06,6.7804e-06,8.0466e-06,7.4258e-06
P20,0.00,45.00,0.00,0.00,6.9668e-08,3.1794e-07,1.0139e-06,3.6132e-06,8.1968e-06,8.1842e-06,6.6591e-06,6.7044e-08,2.9069e-07,7.6425e-07,3.6430e-06,6.8198e-06,8.0859e-06,7.5667e-06
P20,30.00,135.00,30.00,0.00,6.5439e-08,3.0398e-07,9.8291e-07,3.5629e-06,8.1554e-06,8.1428e-06,6.4800e-06,6.3040e-08,2.7745e-07,7.3895e-07,3.5970e-06,6.7804e-06,8.0466e-06,7.4258e-06
P21,0.00,180.00,30.00,0.00,8.2109e-08,3.6269e-07,1.1414e-06,5.6274e-06,1.1080e-05,1.1068e-05,8.6432e-06,8.0812e-08,3.3119e-07,8.4126e-07,5.6705e-06,9.7279e-06,1.0994e-05,9.8474e-06
P21,60.00,90.00,30.00,0.00,8.5192e-08,2.9550e-07,9.5436e-07,5.2284e-06,1.0604e-05,1.0592e-05,7.4533e-06,8.3694e-08,2.6885e-07,7.0620e-07,5.2986e-06,9.3349e-06,1.0539e-05,8.8262e-06
P21,0.00,45.00,0.00,0.00,8.6022e-08,3.6269e-07,1.1414e-06,5.6275e-06,1.1080e-05,1.1068e-05,8.6432e-06,8.4532e-08,3.3119e-07,8.4126e-07,5.6705e-06,9.7279e-06,1.0994e-05,9.8474e-06
P21,30.00,0.00,60.00,0.00,7.8110e-08,3.4823e-07,1.1004e-06,5.5501e-06,1.0991e-05,1.0978e-05,8.4040e-06,7.7186e-08,3.1779e-07,8.1170e-07,5.5983e-06,9.6532e-06,1.0909e-05,9.6477e-06
P21,30.00,45.00,30.00,0.00,8.8081e-08,3.4824e-07,1.1004e-06,5.5501e-06,1.0991e-05,1.0978e-05,8.4040e-06,8.6571e-08,3.1779e-07,8.1170e-07,5.5984e-06,9.6532e-06,1.0909e-05,9.6477e-06
P21,0.00,90.00,30.00,0.00,8.2109e-08,3.6269e-07,1.1414e-06,5.6274e-06,1.1080e-05,1.1068e-05,8.6432e-06,8.0812e-08,3.3119e-07,8.4126e-07,5.6705e-06,9.7279e-06,1.0994e-05,9.8474e-06
P21,30.00,180.00,0.00,0.00,8.7472e-08,3.4824e-07,1.1004e-06,5.5500e-06,1.0991e-05,1.0978e-05,8.4040e-06,8.5900e-08,3.1779e-07,8.1170e-07,5.5982e-06,9.6532e-06,1.0909e-05,9.6477e-06
P21,60.00,0.00,0.00,0.00,8.6787e-08,2.9550e-07,9.5436e-07,5.2284e-06,1.0604e-05,1.0592e-05,7.4533e-06,8.5194e-08,2.6885e-07,7.0620e-07,5.2986e-06,9.3349e-06,1.0539e-05,8.8262e-06
P21,0.00,90.00,0.00,0.00,8.6022e-08,3.6269e-07,1.1414e-06,5.6275e-06,1.1080e-05,1.1068e-05,8.6432e-06,8.4532e-08,3.3119e-07,8.4126e-07,5.6705e-06,9.7279e-06,1.0994e-05,9.8474e-06
P21,30.00,135.00,60.00,0.00,6.3504e-08,3.4823e-07,1.1004e-06,5.5496e-06,1.0991e-05,1.0978e-05,8.4040e-06,6.2976e-08,3.1779e-07,8.1170e-07,5.5978e-06,9.6531e-06,1.0909e-05,9.6477e-06
P21,60.00,0.00,60.00,0.00,1.2056e-07,2.9551e-07,9.5436e-07,5.2299e-06,1.0604e-05,1.0593e-05,7.4533e-06,1.1850e-07,2.6885e-07,7.0620e-07,5.3003e-06,9.3351e-06,1.0539e-05,8.8263e-06
P21,60.00,135.00,60.00,0.00,6.1933e-08,2.9550e-07,9.5436e-07,5.2279e-06,1.0604e-05,1.0592e-05,7.4533e-06,6.1286e-08,2.6885e-07,7.0620e-07,5.2980e-06,9.3348e-06,1.0539e-05,8.8262e-06
P21,30.00,180.00,60.00,0.00,6.2126e-08,3.4823e-07,1.1004e-06,5.5496e-06,1.0991e-05,1.0978e-05,8.4040e-06,6.1640e-08,3.1779e-07,8.1170e-07,5.5978e-06,9.6531e-06,1.0909e-05,9.6477e-06
P21,0.00,135.00,0.00,0.00,8.6022e-08,3.6269e-07,1.1414e-06,5.6275e-06,1.1080e-05,1.1068e-05,8.6432e-06,8.4532e-08,3.3119e-07,8.4126e-07,5.6705e-06,9.7279e-06,1.0994e-05,9.8474e-06
P21,30.00,180.00,30.00,0.00,7.9702e-08,3.4823e-07,1.1004e-06,5.5498e-06,1.0991e-05,1.0978e-05,8.4040e-06,7.8445e-08,3.1779e-07,8.1170e-07,5.5980e-06,9.6532e-06,1.0909e-05,9.6477e-06
P21,60.00,90.00,60.00,0.00,7.2037e-08,2.9550e-07,9.5436e-07,5.2282e-06,1.0604e-05,1.0592e-05,7.4533e-06,7.1105e-08,2.6885e-07,7.0620e-07,5.2983e-06,9.3349e-06,1.0539e-05,8.8262e-06
P21,0.00,45.00,30.00,0.00,8.2109e-08,3.6269e-07,1.1414e-06,5.6274e-06,1.1080e-05,1.1068e-05,8.6432e-06,8.0812e-08,3.3119e-07,8.4126e-07,5.6705e-06,9.7279e-06,1.0994e-05,9.8474e-06
P21,0.00,90.00,60.00,0.00,6.5851e-08,3.6269e-07,1.1414e-06,5.6272e-06,1.1080e-05,1.1068e-05,8.6432e-06,6.5307e-08,3.3119e-07,8.4126e-07,5.6702e-06,9.7279e-06,1.0994e-05,9.8474e-06
P21,30.00,90.00,60.00,0.00,6.7797e-08,3.4823e-07,1.1004e-06,5.5497e-06,1.0991e-05,1.0978e-05,8.4040e-06,6.7146e-08,3.1779e-07,8.1170e-07,5.5980e-06,9.6532e-06,1.0909e-05,9.6477e-06
P21,30.00,135.00,0.00,0.00,8.7472e-08,3.4824e-07,1.1004e-06,5.5500e-06,1.0991e-05,1.0978e-05,8.4040e-06,8.5900e-08,3.1779e-07,8.1170e-07,5.5982e-06,9.6532e-06,1.0909e-05,9.6477e-06
P21,0.00,0.00,60.00,0.00,6.5851e-08,3.6269e-07,1.1414e-06,5.6272e-06,1.1080e-05,1.1068e-05,8.6432e-06,6.5307e-08,3.3119e-07,8.4126e-07,5.6702e-06,9.7279e-06,1.0994e-05,9.8474e-06
P21,30.00,45.00,0.00,0.00,8.7472e-08,3.4824e-07,1.1004e-06,5.5500e-06,1.0991e-05,1.0978e-05,8.4040e-06,8.5900e-08,3.1779e-07,8.1170e-07,5.5982e-06,9.6532e-06,1.0909e-05,9.6477e-06
P21,30.00,0.00,30.00,0.00,8.9977e-08,3.4824e-07,1.1004e-06,5.5502e-06,1.0991e-05,1.0978e-05,8.4040e-06,8.8412e-08,3.1779e-07,8.1170e-07,5.5984e-06,9.6532e-06,1.0909e-05,9.6477e-06
P21,30.00,45.00,60.00,0.00,7.4307e-08,3.4823e-07,1.1004e-06,5.5500e-06,1.0991e-05,1.0978e-05,8.4040e-06,7.3480e-08,3.1779e-07,8.1170e-07,5.5982e-06,9.6532e-06,1.0909e-05,9.6477e-06
P21,60.00,45.00,0.00,0.00,8.6787e-08,2.9550e-07,9.5436e-07,5.2284e-06,1.0604e-05,1.0592e-05,7.4533e-06,8.5194e-08,2.6885e-07,7.0620e-07,5.2986e-06,9.3349e-06,1.0539e-05,8.8262e-06
P21,0.00,135.00,60.00,0.00,6.5851e-08,3.6269e-07,1.1414e-06,5.6272e-06,1.1080e-05,1.1068e-05,8.6432e-06,6.5307e-08,3.3119e-07,8.4126e-07,5.6702e-06,9.7279e-06,1.0994e-05,9.8474e-06
P21,60.00,45.00,30.00,0.00,9.6357e-08,2.9551e-07,9.5436e-07,5.2288e-06,1.0604e-05,1.0592e-05,7.4533e-06,9.4557e-08,2.6885e-07,7.0620e-07,5.2990e-06,9.3350e-06,1.0539e-05,8.8263e-06
P21,30.00,90.00,0.00,0.00,8.7472e-08,3.4824e-07,1.1004e-06,5.5500e-06,1.0991e-05,1.0978e-05,8.4040e-06,8.5900e-08,3.1779e-07,8.1170e-07,5.5982e-06,9.6532e-06,1.0909e-05,9.6477e-06
P21,60.00,180.00,30.00,0.00,7.5464e-08,2.9550e-07,9.5436e-07,5.2281e-06,1.0604e-05,1.0592e-05,7.4533e-06,7.4249e-08,2.6885e-07,7.0620e-07,5.2983e-06,9.3349e-06,1.0539e-05,8.8262e-06
P21,60.00,135.00,0.00,0.00,8.6787e-08,2.9550e-07,9.5436e-07,5.2284e-06,1.0604e-05,1.0592e-05,7.4533e-06,8.5194e-08,2.6885e-07,7.0620e-07,5.2986e-06,9.3349e-06,1.0539e-05,8.8262e-06
P21,0.00,45.00,60.00,0.00,6.5851e-08,3.6269e-07,1.1414e-06,5.6272e-06,1.1080e-05,1.1068e-05,8.6432e-06,6.5307e-08,3.3119e-07,8.4126e-07,5.6702e-06,9.7279e-06,1.0994e-05,9.8474e-06
P21,0.00,0.00,30.00,0.00,8.2109e-08,3.6269e-07,1.1414e-06,5.6274e-06,1.1080e-05,1.1068e-05,8.6432e-06,8.0812e-08,3.3119e-07,8.4126e-07,5.6705e-06,9.7279e-06,1.0994e-05,9.8474e-06
P21,60.00,135.00,30.00,0.00,7.7827e-08,2.9550e-07,9.5436e-07,5.2282e-06,1.0604e-05,1.0592e-05,7.4533e-06,7.6541e-08,2.6885e-07,7.0620e-07,5.2983e-06,9.3349e-06,1.0539e-05,8.8262e-06
P21,60.00,90.00,0.00,0.00,8.6787e-08,2.9550e-07,9.5436e-07,5.2284e-06,1.0604e-05,1.0592e-05,7.4533e-06,8.5194e-08,2.6885e-07,7.0620e-07,5.2986e-06,9.3349e-06,1.0539e-05,8.8262e-06
P21,30.00,135.00,30.00,0.00,8.0896e-08,3.4823e-07,1.1004e-06,5.5499e-06,1.0991e-05,1.0978e-05,8.4040e-06,7.9603e-08,3.1779e-07,8.1170e-07,5.5981e-06,9.6532e-06,1.0909e-05,9.6477e-06
P21,0.00,180.00,60.00,0.00,6.5851e-08,3.6269e-07,1.1414e-06,5.6272e-06,1.1080e-05,1.1068e-05,8.6432e-06,6.5307e-08,3.3119e-07,8.4126e-07,5.6702e-06,9.7279e-06,1.0994e-05,9.8474e-06
P21,60.00,45.00,60.00,0.00,9.6382e-08,2.9550e-07,9.5436e-07,5.2290e-06,1.0604e-05,1.0592e-05,7.4533e-06,9.4845e-08,2.6885e-07,7.0620e-07,5.2992e-06,9.3350e-06,1.0539e-05,8.8262e-06
P21,30.00,0.00,0.00,0.00,8.7472e-08,3.4824e-07,1.1004e-06,5.5500e-06,1.0991e-05,1.0978e-05,8.4040e-06,8.5900e-08,3.1779e-07,8.1170e-07,5.5982e-06,9.6532e-06,1.0909e-05,9.6477e-06
P21,0.00,0.00,0.00,0.00,8.6022e-08,3.6269e-07,1.1414e-06,5.6275e-06,1.1080e-05,1.1068e-05,8.6432e-06,8.4532e-08,3.3119e-07,8.4126e-07,5.6705e-06,9.7279e-06,1.0994e-05,9.8474e-06
P21,60.00,180.00,60.00,0.00,5.9278e-08,2.9550e-07,9.5436e-07,5.2278e-06,1.0604e-05,1.0592e-05,7.4533e-06,5.8709e-08,2.6885e-07,7.0620e-07,5.2979e-06,9.3348e-06,1.0539e-05,8.8262e-06
P21,60.00,180.00,0.00,0.00,8.6787e-08,2.9550e-07,9.5436e-07,5.2284e-06,1.0604e-05,1.0592e-05,7.4533e-06,8.5194e-08,2.6885e-07,7.0620e-07,5.2986e-06,9.3349e-06,1.0539e-05,8.8262e-06
P21,0.00,180.00,0.00,0.00,8.6022e-08,3.6269e-07,1.1414e-06,5.6275e-06,1.1080e-05,1.1068e-05,8.6432e-06,8.4532e-08,3.3119e-07,8.4126e-07,5.6705e-06,9.7279e-06,1.0994e-05,9.8474e-06
P21,0.00,135.00,30.00,0.00,8.2109e-08,3.6269e-07,1.1414e-06,5.6274e-06,1.1080e-05,1.1068e-05,8.6432e-06,8.0812e-08,3.3119e-07,8.4126e-07,5.6705e-06,9.7279e-06,1.0994e-05,9.8474e-06
P21,60.00,0.00,30.00,0.00,1.0288e-07,2.9551e-07,9.5436e-07,5.2290e-06,1.0604e-05,1.0592e-05,7.4533e-06,1.0091e-07,2.6885e-07,7.0620e-07,5.2992e-06,9.3350e-06,1.0539e-05,8.8263e-06
P21,30.00,90.00,30.00,0.00,8.4156e-08,3.4823e-07,1.1004e-06,5.5500e-06,1.0991e-05,1.0978e-05,8.4040e-06,8.2764e-08,3.1779e-07,8.1170e-07,5.5982e-06,9.6532e-06,1.0909e-05,9.6477e-06
P22,60.00,135.00,0.00,0.00,8.2781e-08,2.3581e-07,8.8092e-07,3.7113e-06,8.5647e-06,8.5518e-06,6.1565e-06,7.9693e-08,2.1148e-07,6.1977e-07,3.7551e-06,7.1494e-06,8.4645e-06,7.3197e-06
P22,0.00,45.00,0.00,0.00,7.3712e-08,3.0477e-07,1.0882e-06,4.0047e-06,8.7988e-06,8.7858e-06,7.1076e-06,7.1036e-08,2.7471e-07,7.8450e-07,4.0278e-06,7.3748e-06,8.6857e-06,8.0859e-06
P22,0.00,90.00,60.00,0.00,5.1137e-08,3.0476e-07,1.0882e-06,4.0044e-06,8.7988e-06,8.7857e-06,7.1076e-06,4.9701e-08,2.7471e-07,7.8450e-07,4.0274e-06,7.3748e-06,8.6857e-06,8.0859e-06
P22,0.00,180.00,0.00,0.00,7.3712e-08,3.0477e-07,1.0882e-06,4.0047e-06,8.7988e-06,8.7858e-06,7.1076e-06,7.1036e-08,2.7471e-07,7.8450e-07,4.0278e-06,7.3748e-06,8.6857e-06,8.0859e-06
P22,30.00,45.00,0.00,0.00,7.7014e-08,2.8914e-07,1.0454e-06,3.9507e-06,8.7549e-06,8.7419e-06,6.9185e-06,7.4171e-08,2.6024e-07,7.4914e-07,3.9779e-06,7.3324e-06,8.6440e-06,7.9383e-06
P22,60.00,135.00,60.00,0.00,5.3060e-08,2.3580e-07,8.8091e-07,3.7105e-06,8.5647e-06,8.5517e-06,6.1565e-06,5.1389e-08,2.1148e-07,6.1977e-07,3.7542e-06,7.1492e-06,8.4644e-06,7.3196e-06
P22,30.00,90.00,60.00,0.00,5.5030e-08,2.8913e-07,1.0454e-06,3.9505e-06,8.7549e-06,8.7419e-06,6.9185e-06,5.3398e-08,2.6024e-07,7.4914e-07,3.9777e-06,7.3324e-06,8.6440e-06,7.9383e-06
P22,60.00,180.00,30.00,0.00,6.8803e-08,2.3581e-07,8.8092e-07,3.7108e-06,8.5647e-06,8.5517e-06,6.1565e-06,6.6318e-08,2.1148e-07,6.1977e-07,3.7545e-06,7.1493e-06,8.4644e-06,7.3197e-06
P22,0.00,180.00,30.00,0.00,6.9433e-08,3.0477e-07,1.0882e-06,4.0046e-06,8.7988e-06,8.7857e-06,7.1076e-06,6.7001e-08,2.7471e-07,7.8450e-07,4.0277e-06,7.3748e-06,8.6857e-06,8.0859e-06
P22,30.00,135.00,30.00,0.00,6.9445e-08,2.8914e-07,1.0454e-06,3.9505e-06,8.7549e-06,8.7419e-06,6.9185e-06,6.6984e-08,2.6024e-07,7.4914e-07,3.9777e-06,7.3324e-06,8.6439e-06,7.9383e-06
P22,0.00,135.00,60.00,0.00,5.1137e-08,3.0476e-07,1.0882e-06,4.0044e-06,8.7988e-06,8.7857e-06,7.1076e-06,4.9701e-08,2.7471e-07,7.8450e-07,4.0274e-06,7.3748e-06,8.6857e-06,8.0859e-06
P22,60.00,135.00,30.00,0.00,7.1841e-08,2.3581e-07,8.8092e-07,3.7109e-06,8.5647e-06,8.5517e-06,6.1565e-06,6.9232e-08,2.1148e-07,6.1977e-07,3.7546e-06,7.1493e-06,8.4644e-06,7.3197e-06
P22,60.00,90.00,60.00,0.00,6.6604e-08,2.3581e-07,8.8091e-07,3.7112e-06,8.5647e-06,8.5518e-06,6.1565e-06,6.4391e-08,2.1148e-07,6.1977e-07,3.7550e-06,7.1494e-06,8.4644e-06,7.3197e-06
P22,60.00,0.00,0.00,0.00,8.2781e-08,2.3581e-07,8.8092e-07,3.7113e-06,8.5647e-06,8.5518e-06,6.1565e-06,7.9693e-08,2.1148e-07,6.1977e-07,3.7551e-06,7.1494e-06,8.4645e-06,7.3197e-06
P22,30.00,180.00,0.00,0.00,7.7014e-08,2.8914e-07,1.0454e-06,3.9507e-06,8.7549e-06,8.7419e-06,6.9185e-06,7.4171e-08,2.6024e-07,7.4914e-07,3.9779e-06,7.3324e-06,8.6440e-06,7.9383e-06
P22,60.00,180.00,0.00,0.00,8.2781e-08,2.3581e-07,8.8092e-07,3.7113e-06,8.5647e-06,8.5518e-06,6.1565e-06,7.9693e-08,2.1148e-07,6.1977e-07,3.7551e-06,7.1494e-06,8.4645e-06,7.3197e-06
P22,0.00,135.00,0.00,0.00,7.3712e-08,3.0477e-07,1.0882e-06,4.0047e-06,8.7988e-06,8.7858e-06,7.1076e-06,7.1036e-08,2.7471e-07,7.8450e-07,4.0278e-06,7.3748e-06,8.6857e-06,8.0859e-06
P22,30.00,90.00,30.00,0.00,7.3454e-08,2.8914e-07,1.0454e-06,3.9507e-06,8.7549e-06,8.7419e-06,6.9185e-06,7.0833e-08,2.6024e-07,7.4914e-07,3.9780e-06,7.3324e-06,8.6440e-06,7.9383e-06
P22,30.00,0.00,30.00,0.00,8.0600e-08,2.8914e-07,1.0454e-06,3.9511e-06,8.7549e-06,8.7419e-06,6.9185e-06,7.7701e-08,2.6024e-07,7.4914e-07,3.9784e-06,7.3325e-06,8.6440e-06,7.9383e-06
P22,30.00,0.00,60.00,0.00,6.8223e-08,2.8914e-07,1.0454e-06,3.9512e-06,8.7550e-06,8.7420e-06,6.9185e-06,6.6103e-08,2.6024e-07,7.4914e-07,3.9785e-06,7.3325e-06,8.6440e-06,7.9383e-06
P22,30.00,135.00,0.00,0.00,7.7014e-08,2.8914e-07,1.0454e-06,3.9507e-06,8.7549e-06,8.7419e-06,6.9185e-06,7.4171e-08,2.6024e-07,7.4914e-07,3.9779e-06,7.3324e-06,8.6440e-06,7.9383e-06
P22,60.00,0.00,60.00,0.00,1.3158e-07,2.3583e-07,8.8092e-07,3.7158e-06,8.5652e-06,8.5523e-06,6.1565e-06,1.2711e-07,2.1148e-07,6.1977e-07,3.7601e-06,7.1503e-06,8.4650e-06,7.3199e-06
P22,0.00,45.00,60.00,0.00,5.1137e-08,3.0476e-07,1.0882e-06,4.0044e-06,8.7988e-06,8.7857e-06,7.1076e-06,4.9701e-08,2.7471e-07,7.8450e-07,4.0274e-06,7.3748e-06,8.6857e-06,8.0859e-06
P22,60.00,45.00,0.00,0.00,8.2781e-08,2.3581e-07,8.8092e-07,3.7113e-06,8.5647e-06,8.5518e-06,6.1565e-06,7.9693e-08,2.1148e-07,6.1977e-07,3.7551e-06,7.1494e-06,8.4645e-06,7.3197e-06
P22,0.00,180.00,60.00,0.00,5.1137e-08,3.0476e-07,1.0882e-06,4.0044e-06,8.7988e-06,8.7857e-06,7.1076e-06,4.9701e-08,2.7471e-07,7.8450e-07,4.0274e-06,7.3748e-06,8.6857e-06,8.0859e-06
P22,30.00,45.00,60.00,0.00,6.3360e-08,2.8914e-07,1.0454e-06,3.9510e-06,8.7549e-06,8.7419e-06,6.9185e-06,6.1416e-08,2.6024e-07,7.4914e-07,3.9782e-06,7.3325e-06,8.6440e-06,7.9383e-06
P22,60.00,0.00,30.00,0.00,1.0401e-07,2.3582e-07,8.8092e-07,3.7127e-06,8.5649e-06,8.5519e-06,6.1565e-06,1.0018e-07,2.1148e-07,6.1977e-07,3.7566e-06,7.1496e-06,8.4646e-06,7.3197e-06
P22,30.00,180.00,30.00,0.00,6.7979e-08,2.8914e-07,1.0454e-06,3.9504e-06,8.7549e-06,8.7419e-06,6.9185e-06,6.5577e-08,2.6024e-07,7.4914e-07,3.9776e-06,7.3323e-06,8.6439e-06,7.9383e-06
P22,60.00,180.00,60.00,0.00,4.9499e-08,2.3580e-07,8.8091e-07,3.7101e-06,8.5646e-06,8.5517e-06,6.1565e-06,4.7974e-08,2.1148e-07,6.1977e-07,3.7538e-06,7.1491e-06,8.4643e-06,7.3196e-06
P22,30.00,90.00,0.00,0.00,7.7014e-08,2.8914e-07,1.0454e-06,3.9507e-06,8.7549e-06,8.7419e-06,6.9185e-06,7.4171e-08,2.6024e-07,7.4914e-07,3.9779e-06,7.3324e-06,8.6440e-06,7.9383e-06
P22,30.00,180.00,60.00,0.00,4.7764e-08,2.8913e-07,1.0454e-06,3.9501e-06,8.7548e-06,8.7418e-06,6.9185e-06,4.6422e-08,2.6024e-07,7.4914e-07,3.9773e-06,7.3323e-06,8.6439e-06,7.9383e-06
P22,60.00,90.00,0.00,0.00,8.2781e-08,2.3581e-07,8.8092e-07,3.7113e-06,8.5647e-06,8.5518e-06,6.1565e-06,7.9693e-08,2.1148e-07,6.1977e-07,3.7551e-06,7.1494e-06,8.4645e-06,7.3197e-06
P22,30.00,135.00,60.00,0.00,4.9530e-08,2.8913e-07,1.0454e-06,3.9502e-06,8.7549e-06,8.7418e-06,6.9185e-06,4.8116e-08,2.6024e-07,7.4914e-07,3.9774e-06,7.3324e-06,8.6439e-06,7.9383e-06
P22,30.00,45.00,30.00,0.00,7.8272e-08,2.8914e-07,1.0454e-06,3.9510e-06,8.7549e-06,8.7419e-06,6.9185e-06,7.5461e-08,2.6024e-07,7.4914e-07,3.9782e-06,7.3325e-06,8.6440e-06,7.9383e-06
P22,60.00,90.00,30.00,0.00,8.1304e-08,2.3581e-07,8.8092e-07,3.7113e-06,8.5647e-06,8.5518e-06,6.1565e-06,7.8321e-08,2.1148e-07,6.1977e-07,3.7551e-06,7.1494e-06,8.4645e-06,7.3197e-06
P22,0.00,45.00,30.00,0.00,6.9433e-08,3.0477e-07,1.0882e-06,4.0046e-06,8.7988e-06,8.7857e-06,7.1076e-06,6.7001e-08,2.7471e-07,7.8450e-07,4.0277e-06,7.3748e-06,8.6857e-06,8.0859e-06
P22,60.00,45.00,30.00,0.00,9.5638e-08,2.3582e-07,8.8092e-07,3.7122e-06,8.5648e-06,8.5519e-06,6.1565e-06,9.2117e-08,2.1148e-07,6.1977e-07,3.7561e-06,7.1496e-06,8.4645e-06,7.3197e-06
P22,0.00,90.00,30.00,0.00,6.9433e-08,3.0477e-07,1.0882e-06,4.0046e-06,8.7988e-06,8.7857e-06,7.1076e-06,6.7001e-08,2.7471e-07,7.8450e-07,4.0277e-06,7.3748e-06,8.6857e-06,8.0859e-06
P22,0.00,0.00,0.00,0.00,7.3712e-08,3.0477e-07,1.0882e-06,4.0047e-06,8.7988e-06,8.7858e-06,7.1076e-06,7.1036e-08,2.7471e-07,7.8450e-07,4.0278e-06,7.3748e-06,8.6857e-06,8.0859e-06
P22,60.00,45.00,60.00,0.00,9.9220e-08,2.3582e-07,8.8092e-07,3.7133e-06,8.5649e-06,8.5520e-06,6.1565e-06,9.5821e-08,2.1148e-07,6.1977e-07,3.7572e-06,7.1498e-06,8.4647e-06,7.3197e-06
P22,30.00,0.00,0.00,0.00,7.7014e-08,2.8914e-07,1.0454e-06,3.9507e-06,8.7549e-06,8.7419e-06,6.9185e-06,7.4171e-08,2.6024e-07,7.4914e-07,3.9779e-06,7.3324e-06,8.6440e-06,7.9383e-06
P22,0.00,0.00,30.00,0.00,6.9433e-08,3.0477e-07,1.0882e-06,4.0046e-06,8.7988e-06,8.7857e-06,7.1076e-06,6.7001e-08,2.7471e-07,7.8450e-07,4.0277e-06,7.3748e-06,8.6857e-06,8.0859e-06
P22,0.00,135.00,30.00,0.00,6.9433e-08,3.0477e-07,1.0882e-06,4.0046e-06,8.7988e-06,8.7857e-06,7.1076e-06,6.7001e-08,2.7471e-07,7.8450e-07,4.0277e-06,7.3748e-06,8.6857e-06,8.0859e-06
P22,0.00,90.00,0.00,0.00,7.3712e-08,3.0477e-07,1.0882e-06,4.0047e-06,8.7988e-06,8.7858e-06,7.1076e-06,7.1036e-08,2.7471e-07,7.8450e-07,4.0278e-06,7.3748e-06,8.6857e-06,8.0859e-06
P22,0.00,0.00,60.00,0.00,5.1137e-08,3.0476e-07,1.0882e-06,4.0044e-06,8.7988e-06,8.7857e-06,7.1076e-06,4.9701e-08,2.7471e-07,7.8450e-07,4.0274e-06,7.3748e-06,8.6857e-06,8.0859e-06
P23,60.00,135.00,60.00,0.00,5.9138e-08,2.4872e-07,8.5939e-07,5.0538e-06,9.7086e-06,9.6994e-06,7.4581e-06,5.9137e-08,2.2426e-07,6.1986e-07,5.1214e-06,8.7274e-06,9.6585e-06,8.4904e-06
P23,0.00,135.00,30.00,0.00,8.0253e-08,3.1063e-07,1.0317e-06,5.6046e-06,1.0531e-05,1.0521e-05,8.5664e-06,7.9721e-08,2.8144e-07,7.5239e-07,5.6516e-06,9.4863e-06,1.0474e-05,9.5287e-06
P23,0.00,45.00,60.00,0.00,6.5706e-08,3.1062e-07,1.0317e-06,5.6045e-06,1.0531e-05,1.0521e-05,8.5664e-06,6.5751e-08,2.8144e-07,7.5239e-07,5.6515e-06,9.4863e-06,1.0474e-05,9.5287e-06
P23,30.00,90.00,60.00,0.00,6.6550e-08,2.9701e-07,9.9517e-07,5.4973e-06,1.0366e-05,1.0357e-05,8.3374e-06,6.6538e-08,2.6881e-07,7.2401e-07,5.5485e-06,9.3399e-06,1.0312e-05,9.3158e-06
P23,0.00,45.00,30.00,0.00,8.0253e-08,3.1063e-07,1.0317e-06,5.6046e-06,1.0531e-05,1.0521e-05,8.5664e-06,7.9721e-08,2.8144e-07,7.5239e-07,5.6516e-06,9.4863e-06,1.0474e-05,9.5287e-06
P23,60.00,180.00,60.00,0.00,5.7131e-08,2.4872e-07,8.5939e-07,5.0538e-06,9.7086e-06,9.6994e-06,7.4581e-06,5.7169e-08,2.2426e-07,6.1986e-07,5.1214e-06,8.7274e-06,9.6585e-06,8.4904e-06
P23,0.00,180.00,60.00,0.00,6.5706e-08,3.1062e-07,1.0317e-06,5.6045e-06,1.0531e-05,1.0521e-05,8.5664e-06,6.5751e-08,2.8144e-07,7.5239e-07,5.6515e-06,9.4863e-06,1.0474e-05,9.5287e-06
P23,60.00,135.00,0.00,0.00,8.0106e-08,2.4873e-07,8.5939e-07,5.0540e-06,9.7086e-06,9.6994e-06,7.4581e-06,7.9467e-08,2.2426e-07,6.1986e-07,5.1217e-06,8.7274e-06,9.6585e-06,8.4904e-06
P23,60.00,0.00,60.00,0.00,1.0352e-07,2.4873e-07,8.5939e-07,5.0543e-06,9.7086e-06,9.6994e-06,7.4581e-06,1.0287e-07,2.2426e-07,6.1986e-07,5.1219e-06,8.7274e-06,9.6585e-06,8.4904e-06
P23,0.00,180.00,0.00,0.00,8.3876e-08,3.1063e-07,1.0317e-06,5.6047e-06,1.0531e-05,1.0521e-05,8.5664e-06,8.3185e-08,2.8144e-07,7.5239e-07,5.6517e-06,9.4863e-06,1.0474e-05,9.5287e-06
P23,30.00,0.00,0.00,0.00,8.4282e-08,2.9702e-07,9.9517e-07,5.4975e-06,1.0366e-05,1.0357e-05,8.3374e-06,8.3556e-08,2.6881e-07,7.2401e-07,5.5487e-06,9.3400e-06,1.0312e-05,9.3158e-06
P23,30.00,0.00,30.00,0.00,8.5933e-08,2.9702e-07,9.9517e-07,5.4975e-06,1.0366e-05,1.0357e-05,8.3374e-06,8.5254e-08,2.6881e-07,7.2401e-07,5.5488e-06,9.3400e-06,1.0312e-05,9.3158e-06
P23,60.00,90.00,30.00,0.00,7.8479e-08,2.4873e-07,8.5939e-07,5.0540e-06,9.7086e-06,9.6994e-06,7.4581e-06,7.7923e-08,2.2426e-07,6.1986e-07,5.1216e-06,8.7274e-06,9.6585e-06,8.4904e-06
P23,0.00,90.00,30.00,0.00,8.0253e-08,3.1063e-07,1.0317e-06,5.6046e-06,1.0531e-05,1.0521e-05,8.5664e-06,7.9721e-08,2.8144e-07,7.5239e-07,5.6516e-06,9.4863e-06,1.0474e-05,9.5287e-06
P23,30.00,135.00,0.00,0.00,8.4282e-08,2.9702e-07,9.9517e-07,5.4975e-06,1.0366e-05,1.0357e-05,8.3374e-06,8.3556e-08,2.6881e-07,7.2401e-07,5.5487e-06,9.3400e-06,1.0312e-05,9.3158e-06
P23,30.00,45.00,30.00,0.00,8.4379e-08,2.9702e-07,9.9517e-07,5.4975e-06,1.0366e-05,1.0357e-05,8.3374e-06,8.3732e-08,2.6881e-07,7.2401e-07,5.5488e-06,9.3399e-06,1.0312e-05,9.3158e-06
P23,30.00,180.00,30.00,0.00,7.7518e-08,2.9701e-07,9.9517e-07,5.4974e-06,1.0366e-05,1.0357e-05,8.3374e-06,7.7025e-08,2.6881e-07,7.2401e-07,5.5486e-06,9.3399e-06,1.0312e-05,9.3158e-06
P23,0.00,0.00,60.00,0.00,6.5706e-08,3.1062e-07,1.0317e-06,5.6045e-06,1.0531e-05,1.0521e-05,8.5664e-06,6.5751e-08,2.8144e-07,7.5239e-07,5.6515e-06,9.4863e-06,1.0474e-05,9.5287e-06
P23,30.00,180.00,0.00,0.00,8.4282e-08,2.9702e-07,9.9517e-07,5.4975e-06,1.0366e-05,1.0357e-05,8.3374e-06,8.3556e-08,2.6881e-07,7.2401e-07,5.5487e-06,9.3400e-06,1.0312e-05,9.3158e-06
P23,0.00,45.00,0.00,0.00,8.3876e-08,3.1063e-07,1.0317e-06,5.6047e-06,1.0531e-05,1.0521e-05,8.5664e-06,8.3185e-08,2.8144e-07,7.5239e-07,5.6517e-06,9.4863e-06,1.0474e-05,9.5287e-06
P23,60.00,135.00,30.00,0.00,7.2684e-08,2.4872e-07,8.5939e-07,5.0540e-06,9.7086e-06,9.6994e-06,7.4581e-06,7.2244e-08,2.2426e-07,6.1986e-07,5.1216e-06,8.7274e-06,9.6585e-06,8.4904e-06
P23,0.00,90.00,0.00,0.00,8.3876e-08,3.1063e-07,1.0317e-06,5.6047e-06,1.0531e-05,1.0521e-05,8.5664e-06,8.3185e-08,2.8144e-07,7.5239e-07,5.6517e-06,9.4863e-06,1.0474e-05,9.5287e-06
P23,30.00,0.00,60.00,0.00,7.4643e-08,2.9701e-07,9.9517e-07,5.4974e-06,1.0366e-05,1.0357e-05,8.3374e-06,7.4489e-08,2.6881e-07,7.2401e-07,5.5486e-06,9.3399e-06,1.0312e-05,9.3158e-06
P23,60.00,90.00,0.00,0.00,8.0106e-08,2.4873e-07,8.5939e-07,5.0540e-06,9.7086e-06,9.6994e-06,7.4581e-06,7.9467e-08,2.2426e-07,6.1986e-07,5.1217e-06,8.7274e-06,9.6585e-06,8.4904e-06
P23,60.00,45.00,60.00,0.00,8.5199e-08,2.4873e-07,8.5939e-07,5.0541e-06,9.7086e-06,9.6994e-06,7.4581e-06,8.4780e-08,2.2426e-07,6.1986e-07,5.1217e-06,8.7274e-06,9.6585e-06,8.4904e-06
P23,0.00,90.00,60.00,0.00,6.5706e-08,3.1062e-07,1.0317e-06,5.6045e-06,1.0531e-05,1.0521e-05,8.5664e-06,6.5751e-08,2.8144e-07,7.5239e-07,5.6515e-06,9.4863e-06,1.0474e-05,9.5287e-06
P23,60.00,180.00,0.00,0.00,8.0106e-08,2.4873e-07,8.5939e-07,5.0540e-06,9.7086e-06,9.6994e-06,7.4581e-06,7.9467e-08,2.2426e-07,6.1986e-07,5.1217e-06,8.7274e-06,9.6585e-06,8.4904e-06
P23,30.00,90.00,30.00,0.00,8.1165e-08,2.9702e-07,9.9517e-07,5.4975e-06,1.0366e-05,1.0357e-05,8.3374e-06,8.0589e-08,2.6881e-07,7.2401e-07,5.5487e-06,9.3399e-06,1.0312e-05,9.3158e-06
P23,60.00,180.00,30.00,0.00,7.0825e-08,2.4872e-07,8.5939e-07,5.0540e-06,9.7086e-06,9.6994e-06,7.4581e-06,7.0425e-08,2.2426e-07,6.1986e-07,5.1216e-06,8.7274e-06,9.6585e-06,8.4904e-06
P23,30.00,45.00,0.00,0.00,8.4282e-08,2.9702e-07,9.9517e-07,5.4975e-06,1.0366e-05,1.0357e-05,8.3374e-06,8.3556e-08,2.6881e-07,7.2401e-07,5.5487e-06,9.3400e-06,1.0312e-05,9.3158e-06
P23,0.00,0.00,0.00,0.00,8.3876e-08,3.1063e-07,1.0317e-06,5.6047e-06,1.0531e-05,1.0521e-05,8.5664e-06,8.3185e-08,2.8144e-07,7.5239e-07,5.6517e-06,9.4863e-06,1.0474e-05,9.5287e-06
P23,60.00,0.00,0.00,0.00,8.0106e-08,2.4873e-07,8.5939e-07,5.0540e-06,9.7086e-06,9.6994e-06,7.4581e-06,7.9467e-08,2.2426e-07,6.1986e-07,5.1217e-06,8.7274e-06,9.6585e-06,8.4904e-06
P23,0.00,135.00,0.00,0.00,8.3876e-08,3.1063e-07,1.0317e-06,5.6047e-06,1.0531e-05,1.0521e-05,8.5664e-06,8.3185e-08,2.8144e-07,7.5239e-07,5.6517e-06,9.4863e-06,1.0474e-05,9.5287e-06
P23,30.00,180.00,60.00,0.00,6.2102e-08,2.9701e-07,9.9517e-07,5.4973e-06,1.0366e-05,1.0357e-05,8.3374e-06,6.2179e-08,2.6881e-07,7.2401e-07,5.5485e-06,9.3399e-06,1.0312e-05,9.3158e-06
P23,0.00,0.00,30.00,0.00,8.0253e-08,3.1063e-07,1.0317e-06,5.6046e-06,1.0531e-05,1.0521e-05,8.5664e-06,7.9721e-08,2.8144e-07,7.5239e-07,5.6516e-06,9.4863e-06,1.0474e-05,9.5287e-06
P23,60.00,45.00,0.00,0.00,8.0106e-08,2.4873e-07,8.5939e-07,5.0540e-06,9.7086e-06,9.6994e-06,7.4581e-06,7.9467e-08,2.2426e-07,6.1986e-07,5.1217e-06,8.7274e-06,9.6585e-06,8.4904e-06
P23,30.00,90.00,0.00,0.00,8.4282e-08,2.9702e-07,9.9517e-07,5.4975e-06,1.0366e-05,1.0357e-05,8.3374e-06,8.3556e-08,2.6881e-07,7.2401e-07,5.5487e-06,9.3400e-06,1.0312e-05,9.3158e-06
P23,0.00,135.00,60.00,0.00,6.5706e-08,3.1062e-07,1.0317e-06,5.6045e-06,1.0531e-05,1.0521e-05,8.5664e-06,6.5751e-08,2.8144e-07,7.5239e-07,5.6515e-06,9.4863e-06,1.0474e-05,9.5287e-06
P23,30.00,135.00,30.00,0.00,7.8494e-08,2.9702e-07,9.9517e-07,5.4974e-06,1.0366e-05,1.0357e-05,8.3374e-06,7.7979e-08,2.6881e-07,7.2401e-07,5.5487e-06,9.3399e-06,1.0312e-05,9.3158e-06
P23,30.00,45.00,60.00,0.00,7.1657e-08,2.9701e-07,9.9517e-07,5.4974e-06,1.0366e-05,1.0357e-05,8.3374e-06,7.1553e-08,2.6881e-07,7.2401e-07,5.5486e-06,9.3399e-06,1.0312e-05,9.3158e-06
P23,0.00,180.00,30.00,0.00,8.0253e-08,3.1063e-07,1.0317e-06,5.6046e-06,1.0531e-05,1.0521e-05,8.5664e-06,7.9721e-08,2.8144e-07,7.5239e-07,5.6516e-06,9.4863e-06,1.0474e-05,9.5287e-06
P23,60.00,45.00,30.00,0.00,8.7267e-08,2.4873e-07,8.5939e-07,5.0541e-06,9.7086e-06,9.6994e-06,7.4581e-06,8.6551e-08,2.2426e-07,6.1986e-07,5.1218e-06,8.7274e-06,9.6585e-06,8.4904e-06
P23,30.00,135.00,60.00,0.00,6.3183e-08,2.9701e-07,9.9517e-07,5.4973e-06,1.0366e-05,1.0357e-05,8.3374e-06,6.3237e-08,2.6881e-07,7.2401e-07,5.5485e-06,9.3399e-06,1.0312e-05,9.3158e-06
P23,60.00,90.00,60.00,0.00,6.6776e-08,2.4872e-07,8.5939e-07,5.0539e-06,9.7086e-06,9.6994e-06,7.4581e-06,6.6637e-08,2.2426e-07,6.1986e-07,5.1215e-06,8.7274e-06,9.6585e-06,8.4904e-06
P23,60.00,0.00,30.00,0.00,9.2403e-08,2.4873e-07,8.5939e-07,5.0542e-06,9.7086e-06,9.6994e-06,7.4581e-06,9.1600e-08,2.2426e-07,6.1986e-07,5.1218e-06,8.7274e-06,9.6585e-06,8.4904e-06
P24,30.00,90.00,0.00,0.00,8.4341e-08,3.3309e-07,1.0997e-06,5.6690e-06,1.0486e-05,1.0476e-05,8.6872e-06,8.4014e-08,3.0202e-07,8.0833e-07,5.7205e-06,9.4673e-06,1.0428e-05,9.5822e-06
P24,60.00,135.00,60.00,0.00,6.0727e-08,2.7607e-07,9.5496e-07,5.2078e-06,9.8269e-06,9.8176e-06,7.8097e-06,6.1021e-08,2.4888e-07,6.9190e-07,5.2754e-06,8.8313e-06,9.7709e-06,8.7685e-06
P24,30.00,0.00,30.00,0.00,8.5541e-08,3.3309e-07,1.0997e-06,5.6690e-06,1.0486e-05,1.0476e-05,8.6872e-06,8.5271e-08,3.0202e-07,8.0833e-07,5.7205e-06,9.4673e-06,1.0428e-05,9.5822e-06
P24,0.00,135.00,0.00,0.00,8.4146e-08,3.4895e-07,1.1378e-06,5.7764e-06,1.0653e-05,1.0644e-05,8.9141e-06,8.3830e-08,3.1689e-07,8.3931e-07,5.8235e-06,9.6199e-06,1.0595e-05,9.7921e-06
P24,0.00,45.00,30.00,0.00,8.0716e-08,3.4895e-07,1.1378e-06,5.7764e-06,1.0653e-05,1.0644e-05,8.9141e-06,8.0539e-08,3.1689e-07,8.3931e-07,5.8235e-06,9.6199e-06,1.0595e-05,9.7921e-06
P24,0.00,90.00,30.00,0.00,8.0716e-08,3.4895e-07,1.1378e-06,5.7764e-06,1.0653e-05,1.0644e-05,8.9141e-06,8.0539e-08,3.1689e-07,8.3931e-07,5.8235e-06,9.6199e-06,1.0595e-05,9.7921e-06
P24,60.00,45.00,60.00,0.00,8.2352e-08,2.7608e-07,9.5496e-07,5.2079e-06,9.8269e-06,9.8176e-06,7.8097e-06,8.2409e-08,2.4888e-07,6.9190e-07,5.2754e-06,8.8313e-06,9.7709e-06,8.7685e-06
P24,60.00,180.00,30.00,0.00,7.1283e-08,2.7608e-07,9.5496e-07,5.2079e-06,9.8269e-06,9.8176e-06,7.8097e-06,7.1264e-08,2.4888e-07,6.9190e-07,5.2754e-06,8.8313e-06,9.7709e-06,8.7685e-06
P24,60.00,180.00,0.00,0.00,7.9404e-08,2.7608e-07,9.5496e-07,5.2079e-06,9.8269e-06,9.8176e-06,7.8097e-06,7.9210e-08,2.4888e-07,6.9190e-07,5.2755e-06,8.8313e-06,9.7709e-06,8.7685e-06
P24,60.00,45.00,30.00,0.00,8.5284e-08,2.7608e-07,9.5496e-07,5.2079e-06,9.8269e-06,9.8176e-06,7.8097e-06,8.5061e-08,2.4888e-07,6.9190e-07,5.2755e-06,8.8313e-06,9.7709e-06,8.7685e-06
P24,30.00,90.00,60.00,0.00,6.7856e-08,3.3308e-07,1.0997e-06,5.6689e-06,1.0486e-05,1.0476e-05,8.6872e-06,6.8126e-08,3.0202e-07,8.0833e-07,5.7203e-06,9.4673e-06,1.0428e-05,9.5822e-06
P24,30.00,45.00,0.00,0.00,8.4341e-08,3.3309e-07,1.0997e-06,5.6690e-06,1.0486e-05,1.0476e-05,8.6872e-06,8.4014e-08,3.0202e-07,8.0833e-07,5.7205e-06,9.4673e-06,1.0428e-05,9.5822e-06
P24,30.00,180.00,0.00,0.00,8.4341e-08,3.3309e-07,1.0997e-06,5.6690e-06,1.0486e-05,1.0476e-05,8.6872e-06,8.4014e-08,3.0202e-07,8.0833e-07,5.7205e-06,9.4673e-06,1.0428e-05,9.5822e-06
P24,0.00,180.00,0.00,0.00,8.4146e-08,3.4895e-07,1.1378e-06,5.7764e-06,1.0653e-05,1.0644e-05,8.9141e-06,8.3830e-08,3.1689e-07,8.3931e-07,5.8235e-06,9.6199e-06,1.0595e-05,9.7921e-06
P24,30.00,45.00,30.00,0.00,8.4180e-08,3.3309e-07,1.0997e-06,5.6690e-06,1.0486e-05,1.0476e-05,8.6872e-06,8.3933e-08,3.0202e-07,8.0833e-07,5.7205e-06,9.4673e-06,1.0428e-05,9.5822e-06
P24,30.00,0.00,0.00,0.00,8.4341e-08,3.3309e-07,1.0997e-06,5.6690e-06,1.0486e-05,1.0476e-05,8.6872e-06,8.4014e-08,3.0202e-07,8.0833e-07,5.7205e-06,9.4673e-06,1.0428e-05,9.5822e-06
P24,30.00,135.00,30.00,0.00,7.9030e-08,3.3309e-07,1.0997e-06,5.6689e-06,1.0486e-05,1.0476e-05,8.6872e-06,7.8878e-08,3.0202e-07,8.0833e-07,5.7204e-06,9.4673e-06,1.0428e-05,9.5822e-06
P24,60.00,45.00,0.00,0.00,7.9404e-08,2.7608e-07,9.5496e-07,5.2079e-06,9.8269e-06,9.8176e-06,7.8097e-06,7.9210e-08,2.4888e-07,6.9190e-07,5.2755e-06,8.8313e-06,9.7709e-06,8.7685e-06
P24,60.00,135.00,0.00,0.00,7.9404e-08,2.7608e-07,9.5496e-07,5.2079e-06,9.8269e-06,9.8176e-06,7.8097e-06,7.9210e-08,2.4888e-07,6.9190e-07,5.2755e-06,8.8313e-06,9.7709e-06,8.7685e-06
P24,60.00,135.00,30.00,0.00,7.2865e-08,2.7608e-07,9.5496e-07,5.2079e-06,9.8269e-06,9.8176e-06,7.8097e-06,7.2821e-08,2.4888e-07,6.9190e-07,5.2754e-06,8.8313e-06,9.7709e-06,8.7685e-06
P24,60.00,90.00,0.00,0.00,7.9404e-08,2.7608e-07,9.5496e-07,5.2079e-06,9.8269e-06,9.8176e-06,7.8097e-06,7.9210e-08,2.4888e-07,6.9190e-07,5.2755e-06,8.8313e-06,9.7709e-06,8.7685e-06
P24,60.00,180.00,60.00,0.00,5.9064e-08,2.7607e-07,9.5496e-07,5.2078e-06,9.8269e-06,9.8176e-06,7.8097e-06,5.9380e-08,2.4888e-07,6.9190e-07,5.2754e-06,8.8313e-06,9.7709e-06,8.7685e-06
P24,0.00,0.00,60.00,0.00,6.7246e-08,3.4894e-07,1.1378e-06,5.7763e-06,1.0653e-05,1.0644e-05,8.9141e-06,6.7549e-08,3.1689e-07,8.3931e-07,5.8234e-06,9.6199e-06,1.0595e-05,9.7921e-06
P24,60.00,0.00,60.00,0.00,9.7572e-08,2.7608e-07,9.5496e-07,5.2079e-06,9.8269e-06,9.8176e-06,7.8097e-06,9.7515e-08,2.4888e-07,6.9190e-07,5.2755e-06,8.8313e-06,9.7709e-06,8.7685e-06
P24,0.00,0.00,30.00,0.00,8.0716e-08,3.4895e-07,1.1378e-06,5.7764e-06,1.0653e-05,1.0644e-05,8.9141e-06,8.0539e-08,3.1689e-07,8.3931e-07,5.8235e-06,9.6199e-06,1.0595e-05,9.7921e-06
P24,30.00,180.00,60.00,0.00,6.4075e-08,3.3308e-07,1.0997e-06,5.6689e-06,1.0486e-05,1.0476e-05,8.6872e-06,6.4403e-08,3.0202e-07,8.0833e-07,5.7203e-06,9.4673e-06,1.0428e-05,9.5822e-06
P24,0.00,180.00,30.00,0.00,8.0716e-08,3.4895e-07,1.1378e-06,5.7764e-06,1.0653e-05,1.0644e-05,8.9141e-06,8.0539e-08,3.1689e-07,8.3931e-07,5.8235e-06,9.6199e-06,1.0595e-05,9.7921e-06
P24,60.00,90.00,30.00,0.00,7.7799e-08,2.7608e-07,9.5496e-07,5.2079e-06,9.8269e-06,9.8176e-06,7.8097e-06,7.7679e-08,2.4888e-07,6.9190e-07,5.2755e-06,8.8313e-06,9.7709e-06,8.7685e-06
P24,60.00,0.00,30.00,0.00,8.9660e-08,2.7608e-07,9.5496e-07,5.2079e-06,9.8269e-06,9.8176e-06,7.8097e-06,8.9382e-08,2.4888e-07,6.9190e-07,5.2755e-06,8.8313e-06,9.7709e-06,8.7685e-06
P24,30.00,0.00,60.00,0.00,7.4742e-08,3.3309e-07,1.0997e-06,5.6689e-06,1.0486e-05,1.0476e-05,8.6872e-06,7.4923e-08,3.0202e-07,8.0833e-07,5.7204e-06,9.4673e-06,1.0428e-05,9.5822e-06
P24,30.00,90.00,30.00,0.00,8.1368e-08,3.3309e-07,1.0997e-06,5.6690e-06,1.0486e-05,1.0476e-05,8.6872e-06,8.1172e-08,3.0202e-07,8.0833e-07,5.7204e-06,9.4673e-06,1.0428e-05,9.5822e-06
P24,0.00,90.00,0.00,0.00,8.4146e-08,3.4895e-07,1.1378e-06,5.7764e-06,1.0653e-05,1.0644e-05,8.9141e-06,8.3830e-08,3.1689e-07,8.3931e-07,5.8235e-06,9.6199e-06,1.0595e-05,9.7921e-06
P24,0.00,90.00,60.00,0.00,6.7246e-08,3.4894e-07,1.1378e-06,5.7763e-06,1.0653e-05,1.0644e-05,8.9141e-06,6.7549e-08,3.1689e-07,8.3931e-07,5.8234e-06,9.6199e-06,1.0595e-05,9.7921e-06
P24,60.00,0.00,0.00,0.00,7.9404e-08,2.7608e-07,9.5496e-07,5.2079e-06,9.8269e-06,9.8176e-06,7.8097e-06,7.9210e-08,2.4888e-07,6.9190e-07,5.2755e-06,8.8313e-06,9.7709e-06,8.7685e-06
P24,0.00,45.00,60.00,0.00,6.7246e-08,3.4894e-07,1.1378e-06,5.7763e-06,1.0653e-05,1.0644e-05,8.9141e-06,6.7549e-08,3.1689e-07,8.3931e-07,5.8234e-06,9.6199e-06,1.0595e-05,9.7921e-06
P24,60.00,90.00,60.00,0.00,6.7062e-08,2.7608e-07,9.5496e-07,5.2078e-06,9.8269e-06,9.8176e-06,7.8097e-06,6.7274e-08,2.4888e-07,6.9190e-07,5.2754e-06,8.8313e-06,9.7709e-06,8.7685e-06
P24,0.00,180.00,60.00,0.00,6.7246e-08,3.4894e-07,1.1378e-06,5.7763e-06,1.0653e-05,1.0644e-05,8.9141e-06,6.7549e-08,3.1689e-07,8.3931e-07,5.8234e-06,9.6199e-06,1.0595e-05,9.7921e-06
P24,30.00,135.00,60.00,0.00,6.4993e-08,3.3308e-07,1.0997e-06,5.6689e-06,1.0486e-05,1.0476e-05,8.6872e-06,6.5306e-08,3.0202e-07,8.0833e-07,5.7203e-06,9.4673e-06,1.0428e-05,9.5822e-06
P24,30.00,180.00,30.00,0.00,7.8176e-08,3.3309e-07,1.0997e-06,5.6689e-06,1.0486e-05,1.0476e-05,8.6872e-06,7.8040e-08,3.0202e-07,8.0833e-07,5.7204e-06,9.4673e-06,1.0428e-05,9.5822e-06
P24,0.00,45.00,0.00,0.00,8.4146e-08,3.4895e-07,1.1378e-06,5.7764e-06,1.0653e-05,1.0644e-05,8.9141e-06,8.3830e-08,3.1689e-07,8.3931e-07,5.8235e-06,9.6199e-06,1.0595e-05,9.7921e-06
P24,30.00,135.00,0.00,0.00,8.4341e-08,3.3309e-07,1.0997e-06,5.6690e-06,1.0486e-05,1.0476e-05,8.6872e-06,8.4014e-08,3.0202e-07,8.0833e-07,5.7205e-06,9.4673e-06,1.0428e-05,9.5822e-06
P24,0.00,135.00,30.00,0.00,8.0716e-08,3.4895e-07,1.1378e-06,5.7764e-06,1.0653e-05,1.0644e-05,8.9141e-06,8.0539e-08,3.1689e-07,8.3931e-07,5.8235e-06,9.6199e-06,1.0595e-05,9.7921e-06
P24,30.00,45.00,60.00,0.00,7.2201e-08,3.3309e-07,1.0997e-06,5.6689e-06,1.0486e-05,1.0476e-05,8.6872e-06,7.2413e-08,3.0202e-07,8.0833e-07,5.7204e-06,9.4673e-06,1.0428e-05,9.5822e-06
P24,0.00,0.00,0.00,0.00,8.4146e-08,3.4895e-07,1.1378e-06,5.7764e-06,1.0653e-05,1.0644e-05,8.9141e-06,8.3830e-08,3.1689e-07,8.3931e-07,5.8235e-06,9.6199e-06,1.0595e-05,9.7921e-06
P24,0.00,135.00,60.00,0.00,6.7246e-08,3.4894e-07,1.1378e-06,5.7763e-06,1.0653e-05,1.0644e-05,8.9141e-06,6.7549e-08,3.1689e-07,8.3931e-07,5.8234e-06,9.6199e-06,1.0595e-05,9.7921e-06
P25,60.00,180.00,60.00,0.00,5.8972e-08,2.6012e-07,8.5040e-07,5.3001e-06,1.0137e-05,1.0127e-05,7.5829e-06,5.9051e-08,2.3612e-07,6.2146e-07,5.3698e-06,9.1304e-06,1.0090e-05,8.7362e-06
P25,0.00,90.00,30.00,0.00,8.1172e-08,3.1602e-07,1.0213e-06,5.8015e-06,1.0915e-05,1.0905e-05,8.7817e-06,8.0700e-08,2.8729e-07,7.4410e-07,5.8470e-06,9.8018e-06,1.0854e-05,9.8333e-06
P25,30.00,90.00,30.00,0.00,8.2142e-08,3.0369e-07,9.8399e-07,5.7068e-06,1.0766e-05,1.0756e-05,8.5374e-06,8.1632e-08,2.7598e-07,7.1718e-07,5.7572e-06,9.6770e-06,1.0708e-05,9.6135e-06
P25,30.00,45.00,30.00,0.00,8.5244e-08,3.0369e-07,9.8399e-07,5.7068e-06,1.0766e-05,1.0756e-05,8.5374e-06,8.4667e-08,2.7598e-07,7.1718e-07,5.7572e-06,9.6770e-06,1.0708e-05,9.6135e-06
P25,30.00,135.00,30.00,0.00,7.9564e-08,3.0369e-07,9.8399e-07,5.7068e-06,1.0766e-05,1.0756e-05,8.5374e-06,7.9110e-08,2.7598e-07,7.1718e-07,5.7571e-06,9.6770e-06,1.0708e-05,9.6135e-06
P25,60.00,180.00,0.00,0.00,8.1271e-08,2.6013e-07,8.5040e-07,5.3003e-06,1.0137e-05,1.0127e-05,7.5829e-06,8.0714e-08,2.3612e-07,6.2146e-07,5.3700e-06,9.1304e-06,1.0090e-05,8.7362e-06
P25,0.00,90.00,0.00,0.00,8.4757e-08,3.1602e-07,1.0213e-06,5.8016e-06,1.0915e-05,1.0905e-05,8.7817e-06,8.4130e-08,2.8729e-07,7.4410e-07,5.8471e-06,9.8018e-06,1.0854e-05,9.8333e-06
P25,0.00,180.00,30.00,0.00,8.1172e-08,3.1602e-07,1.0213e-06,5.8015e-06,1.0915e-05,1.0905e-05,8.7817e-06,8.0700e-08,2.8729e-07,7.4410e-07,5.8470e-06,9.8018e-06,1.0854e-05,9.8333e-06
P25,60.00,45.00,0.00,0.00,8.1271e-08,2.6013e-07,8.5040e-07,5.3003e-06,1.0137e-05,1.0127e-05,7.5829e-06,8.0714e-08,2.3612e-07,6.2146e-07,5.3700e-06,9.1304e-06,1.0090e-05,8.7362e-06
P25,30.00,180.00,0.00,0.00,8.5235e-08,3.0369e-07,9.8399e-07,5.7068e-06,1.0766e-05,1.0756e-05,8.5374e-06,8.4579e-08,2.7598e-07,7.1718e-07,5.7572e-06,9.6770e-06,1.0708e-05,9.6135e-06
P25,60.00,45.00,60.00,0.00,8.5685e-08,2.6013e-07,8.5040e-07,5.3003e-06,1.0137e-05,1.0127e-05,7.5829e-06,8.5355e-08,2.3612e-07,6.2146e-07,5.3700e-06,9.1304e-06,1.0090e-05,8.7362e-06
P25,60.00,135.00,30.00,0.00,7.4084e-08,2.6013e-07,8.5040e-07,5.3002e-06,1.0137e-05,1.0127e-05,7.5829e-06,7.3714e-08,2.3612e-07,6.2146e-07,5.3699e-06,9.1304e-06,1.0090e-05,8.7362e-06
P25,60.00,0.00,30.00,0.00,9.2979e-08,2.6013e-07,8.5040e-07,5.3004e-06,1.0137e-05,1.0127e-05,7.5829e-06,9.2277e-08,2.3612e-07,6.2146e-07,5.3701e-06,9.1304e-06,1.0090e-05,8.7362e-06
P25,30.00,0.00,30.00,0.00,8.6744e-08,3.0369e-07,9.8399e-07,5.7069e-06,1.0766e-05,1.0756e-05,8.5374e-06,8.6137e-08,2.7598e-07,7.1718e-07,5.7572e-06,9.6770e-06,1.0708e-05,9.6135e-06
P25,30.00,0.00,60.00,0.00,7.5534e-08,3.0369e-07,9.8399e-07,5.7067e-06,1.0766e-05,1.0756e-05,8.5374e-06,7.5436e-08,2.7598e-07,7.1718e-07,5.7571e-06,9.6770e-06,1.0708e-05,9.6135e-06
P25,0.00,45.00,60.00,0.00,6.6872e-08,3.1601e-07,1.0213e-06,5.8014e-06,1.0915e-05,1.0905e-05,8.7817e-06,6.6954e-08,2.8729e-07,7.4410e-07,5.8469e-06,9.8018e-06,1.0854e-05,9.8333e-06
P25,30.00,90.00,60.00,0.00,6.7780e-08,3.0368e-07,9.8399e-07,5.7067e-06,1.0766e-05,1.0756e-05,8.5374e-06,6.7810e-08,2.7598e-07,7.1718e-07,5.7570e-06,9.6770e-06,1.0708e-05,9.6135e-06
P25,30.00,90.00,0.00,0.00,8.5235e-08,3.0369e-07,9.8399e-07,5.7068e-06,1.0766e-05,1.0756e-05,8.5374e-06,8.4579e-08,2.7598e-07,7.1718e-07,5.7572e-06,9.6770e-06,1.0708e-05,9.6135e-06
P25,60.00,135.00,60.00,0.00,6.0882e-08,2.6012e-07,8.5040e-07,5.3001e-06,1.0137e-05,1.0127e-05,7.5829e-06,6.0926e-08,2.3612e-07,6.2146e-07,5.3698e-06,9.1304e-06,1.0090e-05,8.7362e-06
P25,0.00,0.00,0.00,0.00,8.4757e-08,3.1602e-07,1.0213e-06,5.8016e-06,1.0915e-05,1.0905e-05,8.7817e-06,8.4130e-08,2.8729e-07,7.4410e-07,5.8471e-06,9.8018e-06,1.0854e-05,9.8333e-06
P25,0.00,0.00,30.00,0.00,8.1172e-08,3.1602e-07,1.0213e-06,5.8015e-06,1.0915e-05,1.0905e-05,8.7817e-06,8.0700e-08,2.8729e-07,7.4410e-07,5.8470e-06,9.8018e-06,1.0854e-05,9.8333e-06
P25,60.00,180.00,30.00,0.00,7.2303e-08,2.6013e-07,8.5040e-07,5.3002e-06,1.0137e-05,1.0127e-05,7.5829e-06,7.1969e-08,2.3612e-07,6.2146e-07,5.3699e-06,9.1304e-06,1.0090e-05,8.7362e-06
P25,60.00,0.00,60.00,0.00,1.0313e-07,2.6013e-07,8.5040e-07,5.3004e-06,1.0137e-05,1.0127e-05,7.5829e-06,1.0260e-07,2.3612e-07,6.2146e-07,5.3701e-06,9.1304e-06,1.0090e-05,8.7362e-06
P25,30.00,45.00,60.00,0.00,7.2674e-08,3.0368e-07,9.8399e-07,5.7067e-06,1.0766e-05,1.0756e-05,8.5374e-06,7.2620e-08,2.7598e-07,7.1718e-07,5.7571e-06,9.6770e-06,1.0708e-05,9.6135e-06
P25,60.00,90.00,0.00,0.00,8.1271e-08,2.6013e-07,8.5040e-07,5.3003e-06,1.0137e-05,1.0127e-05,7.5829e-06,8.0714e-08,2.3612e-07,6.2146e-07,5.3700e-06,9.1304e-06,1.0090e-05,8.7362e-06
P25,30.00,180.00,30.00,0.00,7.8622e-08,3.0369e-07,9.8399e-07,5.7068e-06,1.0766e-05,1.0756e-05,8.5374e-06,7.8189e-08,2.7598e-07,7.1718e-07,5.7571e-06,9.6770e-06,1.0708e-05,9.6135e-06
P25,0.00,90.00,60.00,0.00,6.6872e-08,3.1601e-07,1.0213e-06,5.8014e-06,1.0915e-05,1.0905e-05,8.7817e-06,6.6954e-08,2.8729e-07,7.4410e-07,5.8469e-06,9.8018e-06,1.0854e-05,9.8333e-06
P25,30.00,0.00,0.00,0.00,8.5235e-08,3.0369e-07,9.8399e-07,5.7068e-06,1.0766e-05,1.0756e-05,8.5374e-06,8.4579e-08,2.7598e-07,7.1718e-07,5.7572e-06,9.6770e-06,1.0708e-05,9.6135e-06
P25,60.00,45.00,30.00,0.00,8.8057e-08,2.6013e-07,8.5040e-07,5.3004e-06,1.0137e-05,1.0127e-05,7.5829e-06,8.7434e-08,2.3612e-07,6.2146e-07,5.3700e-06,9.1304e-06,1.0090e-05,8.7362e-06
P25,0.00,45.00,30.00,0.00,8.1172e-08,3.1602e-07,1.0213e-06,5.8015e-06,1.0915e-05,1.0905e-05,8.7817e-06,8.0700e-08,2.8729e-07,7.4410e-07,5.8470e-06,9.8018e-06,1.0854e-05,9.8333e-06
P25,30.00,45.00,0.00,0.00,8.5235e-08,3.0369e-07,9.8399e-07,5.7068e-06,1.0766e-05,1.0756e-05,8.5374e-06,8.4579e-08,2.7598e-07,7.1718e-07,5.7572e-06,9.6770e-06,1.0708e-05,9.6135e-06
P25,60.00,0.00,0.00,0.00,8.1271e-08,2.6013e-07,8.5040e-07,5.3003e-06,1.0137e-05,1.0127e-05,7.5829e-06,8.0714e-08,2.3612e-07,6.2146e-07,5.3700e-06,9.1304e-06,1.0090e-05,8.7362e-06
P25,0.00,135.00,60.00,0.00,6.6872e-08,3.1601e-07,1.0213e-06,5.8014e-06,1.0915e-05,1.0905e-05,8.7817e-06,6.6954e-08,2.8729e-07,7.4410e-07,5.8469e-06,9.8018e-06,1.0854e-05,9.8333e-06
P25,0.00,0.00,60.00,0.00,6.6872e-08,3.1601e-07,1.0213e-06,5.8014e-06,1.0915e-05,1.0905e-05,8.7817e-06,6.6954e-08,2.8729e-07,7.4410e-07,5.8469e-06,9.8018e-06,1.0854e-05,9.8333e-06
P25,30.00,135.00,0.00,0.00,8.5235e-08,3.0369e-07,9.8399e-07,5.7068e-06,1.0766e-05,1.0756e-05,8.5374e-06,8.4579e-08,2.7598e-07,7.1718e-07,5.7572e-06,9.6770e-06,1.0708e-05,9.6135e-06
P25,0.00,180.00,0.00,0.00,8.4757e-08,3.1602e-07,1.0213e-06,5.8016e-06,1.0915e-05,1.0905e-05,8.7817e-06,8.4130e-08,2.8729e-07,7.4410e-07,5.8471e-06,9.8018e-06,1.0854e-05,9.8333e-06
P25,0.00,135.00,30.00,0.00,8.1172e-08,3.1602e-07,1.0213e-06,5.8015e-06,1.0915e-05,1.0905e-05,8.7817e-06,8.0700e-08,2.8729e-07,7.4410e-07,5.8470e-06,9.8018e-06,1.0854e-05,9.8333e-06
P25,0.00,45.00,0.00,0.00,8.4757e-08,3.1602e-07,1.0213e-06,5.8016e-06,1.0915e-05,1.0905e-05,8.7817e-06,8.4130e-08,2.8729e-07,7.4410e-07,5.8471e-06,9.8018e-06,1.0854e-05,9.8333e-06
P25,30.00,135.00,60.00,0.00,6.4555e-08,3.0368e-07,9.8399e-07,5.7067e-06,1.0766e-05,1.0756e-05,8.5374e-06,6.4645e-08,2.7598e-07,7.1718e-07,5.7570e-06,9.6770e-06,1.0708e-05,9.6135e-06
P25,0.00,135.00,0.00,0.00,8.4757e-08,3.1602e-07,1.0213e-06,5.8016e-06,1.0915e-05,1.0905e-05,8.7817e-06,8.4130e-08,2.8729e-07,7.4410e-07,5.8471e-06,9.8018e-06,1.0854e-05,9.8333e-06
P25,30.00,180.00,60.00,0.00,6.3520e-08,3.0368e-07,9.8399e-07,5.7066e-06,1.0766e-05,1.0756e-05,8.5374e-06,6.3631e-08,2.7598e-07,7.1718e-07,5.7570e-06,9.6770e-06,1.0708e-05,9.6135e-06
P25,0.00,180.00,60.00,0.00,6.6872e-08,3.1601e-07,1.0213e-06,5.8014e-06,1.0915e-05,1.0905e-05,8.7817e-06,6.6954e-08,2.8729e-07,7.4410e-07,5.8469e-06,9.8018e-06,1.0854e-05,9.8333e-06
P25,60.00,135.00,0.00,0.00,8.1271e-08,2.6013e-07,8.5040e-07,5.3003e-06,1.0137e-05,1.0127e-05,7.5829e-06,8.0714e-08,2.3612e-07,6.2146e-07,5.3700e-06,9.1304e-06,1.0090e-05,8.7362e-06
P25,60.00,90.00,30.00,0.00,7.9636e-08,2.6013e-07,8.5040e-07,5.3003e-06,1.0137e-05,1.0127e-05,7.5829e-06,7.9160e-08,2.3612e-07,6.2146e-07,5.3699e-06,9.1304e-06,1.0090e-05,8.7362e-06
P25,60.00,90.00,60.00,0.00,6.8150e-08,2.6012e-07,8.5040e-07,5.3002e-06,1.0137e-05,1.0127e-05,7.5829e-06,6.8069e-08,2.3612e-07,6.2146e-07,5.3698e-06,9.1304e-06,1.0090e-05,8.7362e-06
P26,60.00,180.00,0.00,0.00,7.8178e-08,3.2018e-07,1.0060e-06,3.6042e-06,8.3939e-06,8.3809e-06,6.2466e-06,7.5475e-08,2.9355e-07,7.5855e-07,3.6504e-06,6.9819e-06,8.2926e-06,7.2723e-06
P26,60.00,135.00,60.00,0.00,4.9529e-08,3.2017e-07,1.0060e-06,3.6033e-06,8.3938e-06,8.3809e-06,6.2466e-06,4.8124e-08,2.9355e-07,7.5855e-07,3.6495e-06,6.9818e-06,8.2925e-06,7.2722e-06
P26,0.00,0.00,60.00,0.00,4.7476e-08,3.8912e-07,1.1717e-06,3.8275e-06,8.5603e-06,8.5472e-06,7.1072e-06,4.6238e-08,3.5825e-07,8.9923e-07,3.8529e-06,7.1219e-06,8.4449e-06,7.9673e-06
P26,60.00,180.00,60.00,0.00,4.6251e-08,3.2017e-07,1.0060e-06,3.6031e-06,8.3938e-06,8.3808e-06,6.2466e-06,4.4966e-08,2.9355e-07,7.5855e-07,3.6492e-06,6.9817e-06,8.2925e-06,7.2722e-06
P26,30.00,90.00,0.00,0.00,7.2983e-08,3.7400e-07,1.1385e-06,3.7899e-06,8.5334e-06,8.5203e-06,6.9363e-06,7.0414e-08,3.4393e-07,8.7028e-07,3.8196e-06,7.1003e-06,8.4205e-06,7.8356e-06
P26,60.00,0.00,0.00,0.00,7.8178e-08,3.2018e-07,1.0060e-06,3.6042e-06,8.3939e-06,8.3809e-06,6.2466e-06,7.5475e-08,2.9355e-07,7.5855e-07,3.6504e-06,6.9819e-06,8.2926e-06,7.2723e-06
P26,0.00,90.00,0.00,0.00,6.9798e-08,3.8913e-07,1.1717e-06,3.8278e-06,8.5603e-06,8.5472e-06,7.1072e-06,6.7363e-08,3.5825e-07,8.9923e-07,3.8532e-06,7.1219e-06,8.4449e-06,7.9673e-06
P26,0.00,180.00,30.00,0.00,6.5523e-08,3.8913e-07,1.1717e-06,3.8277e-06,8.5603e-06,8.5472e-06,7.1072e-06,6.3328e-08,3.5825e-07,8.9923e-07,3.8531e-06,7.1219e-06,8.4449e-06,7.9673e-06
P26,60.00,0.00,60.00,0.00,1.2192e-07,3.2019e-07,1.0060e-06,3.6078e-06,8.3942e-06,8.3813e-06,6.2466e-06,1.1824e-07,2.9355e-07,7.5855e-07,3.6544e-06,6.9827e-06,8.2930e-06,7.2724e-06
P26,0.00,135.00,30.00,0.00,6.5523e-08,3.8913e-07,1.1717e-06,3.8277e-06,8.5603e-06,8.5472e-06,7.1072e-06,6.3328e-08,3.5825e-07,8.9923e-07,3.8531e-06,7.1219e-06,8.4449e-06,7.9673e-06
P26,0.00,180.00,0.00,0.00,6.9798e-08,3.8913e-07,1.1717e-06,3.8278e-06,8.5603e-06,8.5472e-06,7.1072e-06,6.7363e-08,3.5825e-07,8.9923e-07,3.8532e-06,7.1219e-06,8.4449e-06,7.9673e-06
P26,0.00,90.00,30.00,0.00,6.5523e-08,3.8913e-07,1.1717e-06,3.8277e-06,8.5603e-06,8.5472e-06,7.1072e-06,6.3328e-08,3.5825e-07,8.9923e-07,3.8531e-06,7.1219e-06,8.4449e-06,7.9673e-06
P26,30.00,45.00,60.00,0.00,5.8993e-08,3.7400e-07,1.1385e-06,3.7901e-06,8.5334e-06,8.5203e-06,6.9363e-06,5.7329e-08,3.4393e-07,8.7028e-07,3.8198e-06,7.1003e-06,8.4205e-06,7.8356e-06
P26,60.00,45.00,60.00,0.00,9.2071e-08,3.2018e-07,1.0060e-06,3.6057e-06,8.3940e-06,8.3811e-06,6.2466e-06,8.9248e-08,2.9355e-07,7.5855e-07,3.6520e-06,6.9822e-06,8.2927e-06,7.2723e-06
P26,60.00,45.00,0.00,0.00,7.8178e-08,3.2018e-07,1.0060e-06,3.6042e-06,8.3939e-06,8.3809e-06,6.2466e-06,7.5475e-08,2.9355e-07,7.5855e-07,3.6504e-06,6.9819e-06,8.2926e-06,7.2723e-06
P26,30.00,0.00,60.00,0.00,6.3532e-08,3.7400e-07,1.1385e-06,3.7903e-06,8.5335e-06,8.5204e-06,6.9363e-06,6.1721e-08,3.4393e-07,8.7028e-07,3.8200e-06,7.1004e-06,8.4205e-06,7.8356e-06
P26,30.00,0.00,0.00,0.00,7.2983e-08,3.7400e-07,1.1385e-06,3.7899e-06,8.5334e-06,8.5203e-06,6.9363e-06,7.0414e-08,3.4393e-07,8.7028e-07,3.8196e-06,7.1003e-06,8.4205e-06,7.8356e-06
P26,0.00,45.00,30.00,0.00,6.5523e-08,3.8913e-07,1.1717e-06,3.8277e-06,8.5603e-06,8.5472e-06,7.1072e-06,6.3328e-08,3.5825e-07,8.9923e-07,3.8531e-06,7.1219e-06,8.4449e-06,7.9673e-06
P26,30.00,135.00,30.00,0.00,6.5600e-08,3.7400e-07,1.1385e-06,3.7897e-06,8.5334e-06,8.5203e-06,6.9363e-06,6.3393e-08,3.4393e-07,8.7028e-07,3.8194e-06,7.1002e-06,8.4205e-06,7.8356e-06
P26,30.00,90.00,30.00,0.00,6.9395e-08,3.7400e-07,1.1385e-06,3.7899e-06,8.5334e-06,8.5203e-06,6.9363e-06,6.7046e-08,3.4393e-07,8.7028e-07,3.8196e-06,7.1003e-06,8.4205e-06,7.8356e-06
P26,30.00,90.00,60.00,0.00,5.1221e-08,3.7399e-07,1.1385e-06,3.7896e-06,8.5334e-06,8.5203e-06,6.9363e-06,4.9820e-08,3.4393e-07,8.7028e-07,3.8193e-06,7.1002e-06,8.4205e-06,7.8356e-06
P26,0.00,135.00,60.00,0.00,4.7476e-08,3.8912e-07,1.1717e-06,3.8275e-06,8.5603e-06,8.5472e-06,7.1072e-06,4.6238e-08,3.5825e-07,8.9923e-07,3.8529e-06,7.1219e-06,8.4449e-06,7.9673e-06
P26,0.00,180.00,60.00,0.00,4.7476e-08,3.8912e-07,1.1717e-06,3.8275e-06,8.5603e-06,8.5472e-06,7.1072e-06,4.6238e-08,3.5825e-07,8.9923e-07,3.8529e-06,7.1219e-06,8.4449e-06,7.9673e-06
P26,60.00,90.00,30.00,0.00,7.6587e-08,3.2018e-07,1.0060e-06,3.6042e-06,8.3939e-06,8.3809e-06,6.2466e-06,7.3995e-08,2.9355e-07,7.5855e-07,3.6503e-06,6.9819e-06,8.2926e-06,7.2723e-06
P26,60.00,45.00,30.00,0.00,8.9978e-08,3.2018e-07,1.0060e-06,3.6049e-06,8.3939e-06,8.3810e-06,6.2466e-06,8.6931e-08,2.9355e-07,7.5855e-07,3.6511e-06,6.9820e-06,8.2927e-06,7.2723e-06
P26,30.00,180.00,30.00,0.00,6.4213e-08,3.7400e-07,1.1385e-06,3.7896e-06,8.5334e-06,8.5203e-06,6.9363e-06,6.2056e-08,3.4393e-07,8.7028e-07,3.8193e-06,7.1002e-06,8.4205e-06,7.8356e-06
P26,30.00,45.00,30.00,0.00,7.3956e-08,3.7400e-07,1.1385e-06,3.7901e-06,8.5334e-06,8.5203e-06,6.9363e-06,7.1441e-08,3.4393e-07,8.7028e-07,3.8198e-06,7.1003e-06,8.4205e-06,7.8356e-06
P26,60.00,135.00,0.00,0.00,7.8178e-08,3.2018e-07,1.0060e-06,3.6042e-06,8.3939e-06,8.3809e-06,6.2466e-06,7.5475e-08,2.9355e-07,7.5855e-07,3.6504e-06,6.9819e-06,8.2926e-06,7.2723e-06
P26,30.00,180.00,60.00,0.00,4.4444e-08,3.7399e-07,1.1385e-06,3.7894e-06,8.5334e-06,8.5203e-06,6.9363e-06,4.3289e-08,3.4393e-07,8.7028e-07,3.8190e-06,7.1002e-06,8.4204e-06,7.8356e-06
P26,60.00,180.00,30.00,0.00,6.4913e-08,3.2018e-07,1.0060e-06,3.6037e-06,8.3938e-06,8.3809e-06,6.2466e-06,6.2745e-08,2.9355e-07,7.5855e-07,3.6498e-06,6.9818e-06,8.2926e-06,7.2723e-06
P26,0.00,0.00,30.00,0.00,6.5523e-08,3.8913e-07,1.1717e-06,3.8277e-06,8.5603e-06,8.5472e-06,7.1072e-06,6.3328e-08,3.5825e-07,8.9923e-07,3.8531e-06,7.1219e-06,8.4449e-06,7.9673e-06
P26,30.00,135.00,0.00,0.00,7.2983e-08,3.7400e-07,1.1385e-06,3.7899e-06,8.5334e-06,8.5203e-06,6.9363e-06,7.0414e-08,3.4393e-07,8.7028e-07,3.8196e-06,7.1003e-06,8.4205e-06,7.8356e-06
P26,60.00,135.00,30.00,0.00,6.7749e-08,3.2018e-07,1.0060e-06,3.6038e-06,8.3938e-06,8.3809e-06,6.2466e-06,6.5475e-08,2.9355e-07,7.5855e-07,3.6499e-06,6.9818e-06,8.2926e-06,7.2723e-06
P26,0.00,45.00,0.00,0.00,6.9798e-08,3.8913e-07,1.1717e-06,3.8278e-06,8.5603e-06,8.5472e-06,7.1072e-06,6.7363e-08,3.5825e-07,8.9923e-07,3.8532e-06,7.1219e-06,8.4449e-06,7.9673e-06
P26,0.00,0.00,0.00,0.00,6.9798e-08,3.8913e-07,1.1717e-06,3.8278e-06,8.5603e-06,8.5472e-06,7.1072e-06,6.7363e-08,3.5825e-07,8.9923e-07,3.8532e-06,7.1219e-06,8.4449e-06,7.9673e-06
P26,30.00,180.00,0.00,0.00,7.2983e-08,3.7400e-07,1.1385e-06,3.7899e-06,8.5334e-06,8.5203e-06,6.9363e-06,7.0414e-08,3.4393e-07,8.7028e-07,3.8196e-06,7.1003e-06,8.4205e-06,7.8356e-06
P26,60.00,0.00,30.00,0.00,9.7799e-08,3.2019e-07,1.0060e-06,3.6053e-06,8.3940e-06,8.3810e-06,6.2466e-06,9.4498e-08,2.9355e-07,7.5855e-07,3.6516e-06,6.9821e-06,8.2927e-06,7.2723e-06
P26,0.00,90.00,60.00,0.00,4.7476e-08,3.8912e-07,1.1717e-06,3.8275e-06,8.5603e-06,8.5472e-06,7.1072e-06,4.6238e-08,3.5825e-07,8.9923e-07,3.8529e-06,7.1219e-06,8.4449e-06,7.9673e-06
P26,60.00,90.00,0.00,0.00,7.8178e-08,3.2018e-07,1.0060e-06,3.6042e-06,8.3939e-06,8.3809e-06,6.2466e-06,7.5475e-08,2.9355e-07,7.5855e-07,3.6504e-06,6.9819e-06,8.2926e-06,7.2723e-06
P26,30.00,0.00,30.00,0.00,7.6160e-08,3.7400e-07,1.1385e-06,3.7903e-06,8.5334e-06,8.5203e-06,6.9363e-06,7.3568e-08,3.4393e-07,8.7028e-07,3.8200e-06,7.1004e-06,8.4205e-06,7.8356e-06
P26,30.00,135.00,60.00,0.00,4.6091e-08,3.7399e-07,1.1385e-06,3.7894e-06,8.5334e-06,8.5203e-06,6.9363e-06,4.4875e-08,3.4393e-07,8.7028e-07,3.8191e-06,7.1002e-06,8.4205e-06,7.8356e-06
P26,0.00,135.00,0.00,0.00,6.9798e-08,3.8913e-07,1.1717e-06,3.8278e-06,8.5603e-06,8.5472e-06,7.1072e-06,6.7363e-08,3.5825e-07,8.9923e-07,3.8532e-06,7.1219e-06,8.4449e-06,7.9673e-06
P26,30.00,45.00,0.00,0.00,7.2983e-08,3.7400e-07,1.1385e-06,3.7899e-06,8.5334e-06,8.5203e-06,6.9363e-06,7.0414e-08,3.4393e-07,8.7028e-07,3.8196e-06,7.1003e-06,8.4205e-06,7.8356e-06
P26,0.00,45.00,60.00,0.00,4.7476e-08,3.8912e-07,1.1717e-06,3.8275e-06,8.5603e-06,8.5472e-06,7.1072e-06,4.6238e-08,3.5825e-07,8.9923e-07,3.8529e-06,7.1219e-06,8.4449e-06,7.9673e-06
P26,60.00,90.00,60.00,0.00,6.2005e-08,3.2017e-07,1.0060e-06,3.6040e-06,8.3938e-06,8.3809e-06,6.2466e-06,6.0152e-08,2.9355e-07,7.5855e-07,3.6501e-06,6.9819e-06,8.2926e-06,7.2722e-06
P27,30.00,45.00,0.00,0.00,7.5332e-08,3.3973e-07,1.0527e-06,3.7376e-06,8.4076e-06,8.3949e-06,6.5705e-06,7.2435e-08,3.1188e-07,7.9951e-07,3.7668e-06,7.0177e-06,8.2989e-06,7.5830e-06
P27,0.00,0.00,60.00,0.00,4.9341e-08,3.5387e-07,1.0859e-06,3.7916e-06,8.4543e-06,8.4416e-06,6.7553e-06,4.7864e-08,3.2522e-07,8.2620e-07,3.8167e-06,7.0626e-06,8.3434e-06,7.7303e-06
P27,30.00,0.00,0.00,0.00,7.5332e-08,3.3973e-07,1.0527e-06,3.7376e-06,8.4076e-06,8.3949e-06,6.5705e-06,7.2435e-08,3.1188e-07,7.9951e-07,3.7668e-06,7.0177e-06,8.2989e-06,7.5830e-06
P27,60.00,45.00,0.00,0.00,8.1276e-08,2.8785e-07,9.2629e-07,3.4990e-06,8.2071e-06,8.1944e-06,5.8393e-06,7.8125e-08,2.6316e-07,6.9871e-07,3.5445e-06,6.8254e-06,8.1089e-06,6.9718e-06
P27,60.00,90.00,60.00,0.00,6.5056e-08,2.8784e-07,9.2628e-07,3.4989e-06,8.2071e-06,8.1944e-06,5.8393e-06,6.2788e-08,2.6316e-07,6.9871e-07,3.5443e-06,6.8254e-06,8.1088e-06,6.9718e-06
P27,30.00,180.00,0.00,0.00,7.5332e-08,3.3973e-07,1.0527e-06,3.7376e-06,8.4076e-06,8.3949e-06,6.5705e-06,7.2435e-08,3.1188e-07,7.9951e-07,3.7668e-06,7.0177e-06,8.2989e-06,7.5830e-06
P27,30.00,135.00,30.00,0.00,6.7736e-08,3.3972e-07,1.0527e-06,3.7374e-06,8.4076e-06,8.3949e-06,6.5705e-06,6.5224e-08,3.1188e-07,7.9951e-07,3.7666e-06,7.0176e-06,8.2988e-06,7.5830e-06
P27,60.00,0.00,30.00,0.00,1.0264e-07,2.8786e-07,9.2629e-07,3.5004e-06,8.2072e-06,8.1946e-06,5.8393e-06,9.8744e-08,2.6316e-07,6.9871e-07,3.5459e-06,6.8257e-06,8.1090e-06,6.9719e-06
P27,60.00,135.00,30.00,0.00,7.0281e-08,2.8784e-07,9.2628e-07,3.4986e-06,8.2071e-06,8.1944e-06,5.8393e-06,6.7613e-08,2.6316e-07,6.9871e-07,3.5440e-06,6.8253e-06,8.1088e-06,6.9718e-06
P27,60.00,0.00,0.00,0.00,8.1276e-08,2.8785e-07,9.2629e-07,3.4990e-06,8.2071e-06,8.1944e-06,5.8393e-06,7.8125e-08,2.6316e-07,6.9871e-07,3.5445e-06,6.8254e-06,8.1089e-06,6.9718e-06
P27,30.00,0.00,60.00,0.00,6.6549e-08,3.3972e-07,1.0527e-06,3.7381e-06,8.4077e-06,8.3950e-06,6.5705e-06,6.4381e-08,3.1188e-07,7.9951e-07,3.7674e-06,7.0178e-06,8.2989e-06,7.5830e-06
P27,30.00,135.00,0.00,0.00,7.5332e-08,3.3973e-07,1.0527e-06,3.7376e-06,8.4076e-06,8.3949e-06,6.5705e-06,7.2435e-08,3.1188e-07,7.9951e-07,3.7668e-06,7.0177e-06,8.2989e-06,7.5830e-06
P27,0.00,135.00,60.00,0.00,4.9341e-08,3.5387e-07,1.0859e-06,3.7916e-06,8.4543e-06,8.4416e-06,6.7553e-06,4.7864e-08,3.2522e-07,8.2620e-07,3.8167e-06,7.0626e-06,8.3434e-06,7.7303e-06
P27,60.00,0.00,60.00,0.00,1.3044e-07,2.8787e-07,9.2629e-07,3.5036e-06,8.2076e-06,8.1949e-06,5.8393e-06,1.2590e-07,2.6316e-07,6.9871e-07,3.5495e-06,6.8264e-06,8.1094e-06,6.9720e-06
P27,0.00,180.00,30.00,0.00,6.7689e-08,3.5387e-07,1.0859e-06,3.7918e-06,8.4543e-06,8.4416e-06,6.7553e-06,6.5207e-08,3.2522e-07,8.2620e-07,3.8169e-06,7.0626e-06,8.3434e-06,7.7303e-06
P27,0.00,45.00,60.00,0.00,4.9341e-08,3.5387e-07,1.0859e-06,3.7916e-06,8.4543e-06,8.4416e-06,6.7553e-06,4.7864e-08,3.2522e-07,8.2620e-07,3.8167e-06,7.0626e-06,8.3434e-06,7.7303e-06
P27,60.00,45.00,60.00,0.00,9.7882e-08,2.8785e-07,9.2628e-07,3.5010e-06,8.2073e-06,8.1946e-06,5.8393e-06,9.4415e-08,2.6316e-07,6.9871e-07,3.5466e-06,6.8258e-06,8.1091e-06,6.9719e-06
P27,0.00,0.00,0.00,0.00,7.1979e-08,3.5388e-07,1.0859e-06,3.7919e-06,8.4543e-06,8.4416e-06,6.7553e-06,6.9251e-08,3.2522e-07,8.2620e-07,3.8170e-06,7.0626e-06,8.3434e-06,7.7303e-06
P27,60.00,135.00,0.00,0.00,8.1276e-08,2.8785e-07,9.2629e-07,3.4990e-06,8.2071e-06,8.1944e-06,5.8393e-06,7.8125e-08,2.6316e-07,6.9871e-07,3.5445e-06,6.8254e-06,8.1089e-06,6.9718e-06
P27,60.00,180.00,30.00,0.00,6.7224e-08,2.8784e-07,9.2628e-07,3.4985e-06,8.2070e-06,8.1944e-06,5.8393e-06,6.4682e-08,2.6316e-07,6.9871e-07,3.5438e-06,6.8253e-06,8.1088e-06,6.9718e-06
P27,60.00,135.00,60.00,0.00,5.1422e-08,2.8783e-07,9.2628e-07,3.4982e-06,8.2070e-06,8.1943e-06,5.8393e-06,4.9702e-08,2.6316e-07,6.9871e-07,3.5435e-06,6.8253e-06,8.1088e-06,6.9718e-06
P27,0.00,135.00,0.00,0.00,7.1979e-08,3.5388e-07,1.0859e-06,3.7919e-06,8.4543e-06,8.4416e-06,6.7553e-06,6.9251e-08,3.2522e-07,8.2620e-07,3.8170e-06,7.0626e-06,8.3434e-06,7.7303e-06
P27,60.00,180.00,60.00,0.00,4.7839e-08,2.8783e-07,9.2628e-07,3.4978e-06,8.2070e-06,8.1943e-06,5.8393e-06,4.6267e-08,2.6316e-07,6.9871e-07,3.5432e-06,6.8252e-06,8.1087e-06,6.9718e-06
P27,0.00,0.00,30.00,0.00,6.7689e-08,3.5387e-07,1.0859e-06,3.7918e-06,8.4543e-06,8.4416e-06,6.7553e-06,6.5207e-08,3.2522e-07,8.2620e-07,3.8169e-06,7.0626e-06,8.3434e-06,7.7303e-06
P27,30.00,90.00,60.00,0.00,5.3288e-08,3.3972e-07,1.0527e-06,3.7373e-06,8.4076e-06,8.3949e-06,6.5705e-06,5.1612e-08,3.1188e-07,7.9951e-07,3.7665e-06,7.0176e-06,8.2988e-06,7.5830e-06
P27,0.00,135.00,30.00,0.00,6.7689e-08,3.5387e-07,1.0859e-06,3.7918e-06,8.4543e-06,8.4416e-06,6.7553e-06,6.5207e-08,3.2522e-07,8.2620e-07,3.8169e-06,7.0626e-06,8.3434e-06,7.7303e-06
P27,30.00,90.00,0.00,0.00,7.5332e-08,3.3973e-07,1.0527e-06,3.7376e-06,8.4076e-06,8.3949e-06,6.5705e-06,7.2435e-08,3.1188e-07,7.9951e-07,3.7668e-06,7.0177e-06,8.2989e-06,7.5830e-06
P27,0.00,90.00,0.00,0.00,7.1979e-08,3.5388e-07,1.0859e-06,3.7919e-06,8.4543e-06,8.4416e-06,6.7553e-06,6.9251e-08,3.2522e-07,8.2620e-07,3.8170e-06,7.0626e-06,8.3434e-06,7.7303e-06
P27,0.00,90.00,60.00,0.00,4.9341e-08,3.5387e-07,1.0859e-06,3.7916e-06,8.4543e-06,8.4416e-06,6.7553e-06,4.7864e-08,3.2522e-07,8.2620e-07,3.8167e-06,7.0626e-06,8.3434e-06,7.7303e-06
P27,30.00,45.00,30.00,0.00,7.6605e-08,3.3973e-07,1.0527e-06,3.7378e-06,8.4076e-06,8.3949e-06,6.5705e-06,7.3740e-08,3.1188e-07,7.9951e-07,3.7671e-06,7.0177e-06,8.2989e-06,7.5830e-06
P27,30.00,180.00,60.00,0.00,4.5984e-08,3.3971e-07,1.0527e-06,3.7370e-06,8.4076e-06,8.3949e-06,6.5705e-06,4.4600e-08,3.1188e-07,7.9951e-07,3.7662e-06,7.0176e-06,8.2988e-06,7.5830e-06
P27,30.00,45.00,60.00,0.00,6.1662e-08,3.3972e-07,1.0527e-06,3.7379e-06,8.4077e-06,8.3949e-06,6.5705e-06,5.9670e-08,3.1188e-07,7.9951e-07,3.7671e-06,7.0177e-06,8.2989e-06,7.5830e-06
P27,60.00,90.00,30.00,0.00,7.9801e-08,2.8785e-07,9.2628e-07,3.4991e-06,8.2071e-06,8.1944e-06,5.8393e-06,7.6755e-08,2.6316e-07,6.9871e-07,3.5445e-06,6.8254e-06,8.1088e-06,6.9718e-06
P27,0.00,90.00,30.00,0.00,6.7689e-08,3.5387e-07,1.0859e-06,3.7918e-06,8.4543e-06,8.4416e-06,6.7553e-06,6.5207e-08,3.2522e-07,8.2620e-07,3.8169e-06,7.0626e-06,8.3434e-06,7.7303e-06
P27,60.00,180.00,0.00,0.00,8.1276e-08,2.8785e-07,9.2629e-07,3.4990e-06,8.2071e-06,8.1944e-06,5.8393e-06,7.8125e-08,2.6316e-07,6.9871e-07,3.5445e-06,6.8254e-06,8.1089e-06,6.9718e-06
P27,0.00,180.00,0.00,0.00,7.1979e-08,3.5388e-07,1.0859e-06,3.7919e-06,8.4543e-06,8.4416e-06,6.7553e-06,6.9251e-08,3.2522e-07,8.2620e-07,3.8170e-06,7.0626e-06,8.3434e-06,7.7303e-06
P27,0.00,45.00,30.00,0.00,6.7689e-08,3.5387e-07,1.0859e-06,3.7918e-06,8.4543e-06,8.4416e-06,6.7553e-06,6.5207e-08,3.2522e-07,8.2620e-07,3.8169e-06,7.0626e-06,8.3434e-06,7.7303e-06
P27,30.00,180.00,30.00,0.00,6.6263e-08,3.3972e-07,1.0527e-06,3.7372e-06,8.4076e-06,8.3949e-06,6.5705e-06,6.3810e-08,3.1188e-07,7.9951e-07,3.7664e-06,7.0176e-06,8.2988e-06,7.5830e-06
P27,60.00,45.00,30.00,0.00,9.4220e-08,2.8785e-07,9.2629e-07,3.4999e-06,8.2072e-06,8.1945e-06,5.8393e-06,9.0630e-08,2.6316e-07,6.9871e-07,3.5454e-06,6.8256e-06,8.1089e-06,6.9719e-06
P27,30.00,0.00,30.00,0.00,7.8944e-08,3.3973e-07,1.0527e-06,3.7380e-06,8.4077e-06,8.3950e-06,6.5705e-06,7.5990e-08,3.1188e-07,7.9951e-07,3.7672e-06,7.0177e-06,8.2989e-06,7.5830e-06
P27,0.00,45.00,0.00,0.00,7.1979e-08,3.5388e-07,1.0859e-06,3.7919e-06,8.4543e-06,8.4416e-06,6.7553e-06,6.9251e-08,3.2522e-07,8.2620e-07,3.8170e-06,7.0626e-06,8.3434e-06,7.7303e-06
P27,60.00,90.00,0.00,0.00,8.1276e-08,2.8785e-07,9.2629e-07,3.4990e-06,8.2071e-06,8.1944e-06,5.8393e-06,7.8125e-08,2.6316e-07,6.9871e-07,3.5445e-06,6.8254e-06,8.1089e-06,6.9718e-06
P27,30.00,90.00,30.00,0.00,7.1764e-08,3.3973e-07,1.0527e-06,3.7376e-06,8.4076e-06,8.3949e-06,6.5705e-06,6.9090e-08,3.1188e-07,7.9951e-07,3.7668e-06,7.0177e-06,8.2989e-06,7.5830e-06
P27,30.00,135.00,60.00,0.00,4.7759e-08,3.3971e-07,1.0527e-06,3.7371e-06,8.4076e-06,8.3949e-06,6.5705e-06,4.6302e-08,3.1188e-07,7.9951e-07,3.7662e-06,7.0176e-06,8.2988e-06,7.5830e-06
P27,0.00,180.00,60.00,0.00,4.9341e-08,3.5387e-07,1.0859e-06,3.7916e-06,8.4543e-06,8.4416e-06,6.7553e-06,4.7864e-08,3.2522e-07,8.2620e-07,3.8167e-06,7.0626e-06,8.3434e-06,7.7303e-06
P28,30.00,0.00,0.00,0.00,7.5897e-08,3.5548e-07,1.0904e-06,4.1754e-06,9.1382e-06,9.1251e-06,7.0555e-06,7.3452e-08,3.2636e-07,8.2615e-07,4.2162e-06,7.7078e-06,9.0325e-06,8.1356e-06
P28,60.00,45.00,30.00,0.00,9.1692e-08,3.0338e-07,9.5956e-07,3.9466e-06,8.9380e-06,8.9252e-06,6.2614e-06,8.8794e-08,2.7757e-07,7.2257e-07,4.0075e-06,7.5447e-06,8.8470e-06,7.4704e-06
P28,0.00,0.00,0.00,0.00,7.2968e-08,3.6977e-07,1.1248e-06,4.2237e-06,9.1788e-06,9.1657e-06,7.2541e-06,7.0651e-08,3.3981e-07,8.5374e-07,4.2595e-06,7.7398e-06,9.0700e-06,8.2930e-06
P28,60.00,180.00,60.00,0.00,4.8756e-08,3.0337e-07,9.5956e-07,3.9449e-06,8.9378e-06,8.9250e-06,6.2614e-06,4.7554e-08,2.7757e-07,7.2257e-07,4.0056e-06,7.5444e-06,8.8468e-06,7.4703e-06
P28,60.00,135.00,30.00,0.00,6.9875e-08,3.0338e-07,9.5956e-07,3.9455e-06,8.9379e-06,8.9251e-06,6.2614e-06,6.7719e-08,2.7757e-07,7.2257e-07,4.0063e-06,7.5445e-06,8.8469e-06,7.4703e-06
P28,60.00,45.00,60.00,0.00,9.3617e-08,3.0338e-07,9.5956e-07,3.9473e-06,8.9381e-06,8.9252e-06,6.2614e-06,9.0944e-08,2.7757e-07,7.2257e-07,4.0083e-06,7.5449e-06,8.8470e-06,7.4704e-06
P28,30.00,45.00,30.00,0.00,7.6847e-08,3.5548e-07,1.0904e-06,4.1756e-06,9.1382e-06,9.1251e-06,7.0555e-06,7.4455e-08,3.2636e-07,8.2615e-07,4.2165e-06,7.7079e-06,9.0326e-06,8.1356e-06
P28,60.00,0.00,30.00,0.00,9.9369e-08,3.0339e-07,9.5956e-07,3.9470e-06,8.9380e-06,8.9252e-06,6.2614e-06,9.6226e-08,2.7757e-07,7.2257e-07,4.0079e-06,7.5448e-06,8.8470e-06,7.4704e-06
P28,30.00,135.00,60.00,0.00,4.9359e-08,3.5547e-07,1.0904e-06,4.1749e-06,9.1382e-06,9.1251e-06,7.0554e-06,4.8227e-08,3.2636e-07,8.2615e-07,4.2157e-06,7.7078e-06,9.0325e-06,8.1356e-06
P28,0.00,180.00,30.00,0.00,6.8744e-08,3.6977e-07,1.1248e-06,4.2236e-06,9.1788e-06,9.1657e-06,7.2541e-06,6.6660e-08,3.3981e-07,8.5374e-07,4.2594e-06,7.7398e-06,9.0699e-06,8.2930e-06
P28,0.00,45.00,0.00,0.00,7.2968e-08,3.6977e-07,1.1248e-06,4.2237e-06,9.1788e-06,9.1657e-06,7.2541e-06,7.0651e-08,3.3981e-07,8.5374e-07,4.2595e-06,7.7398e-06,9.0700e-06,8.2930e-06
P28,60.00,135.00,0.00,0.00,8.0129e-08,3.0338e-07,9.5956e-07,3.9459e-06,8.9379e-06,8.9251e-06,6.2614e-06,7.7559e-08,2.7757e-07,7.2257e-07,4.0068e-06,7.5446e-06,8.8469e-06,7.4704e-06
P28,0.00,135.00,60.00,0.00,5.0919e-08,3.6977e-07,1.1248e-06,4.2234e-06,9.1788e-06,9.1656e-06,7.2541e-06,4.9767e-08,3.3981e-07,8.5374e-07,4.2592e-06,7.7398e-06,9.0699e-06,8.2930e-06
P28,30.00,90.00,30.00,0.00,7.2351e-08,3.5548e-07,1.0904e-06,4.1754e-06,9.1382e-06,9.1251e-06,7.0555e-06,7.0119e-08,3.2636e-07,8.2615e-07,4.2163e-06,7.7078e-06,9.0325e-06,8.1356e-06
P28,60.00,135.00,60.00,0.00,5.1966e-08,3.0337e-07,9.5956e-07,3.9451e-06,8.9379e-06,8.9251e-06,6.2614e-06,5.0648e-08,2.7757e-07,7.2257e-07,4.0059e-06,7.5445e-06,8.8468e-06,7.4703e-06
P28,0.00,180.00,0.00,0.00,7.2968e-08,3.6977e-07,1.1248e-06,4.2237e-06,9.1788e-06,9.1657e-06,7.2541e-06,7.0651e-08,3.3981e-07,8.5374e-07,4.2595e-06,7.7398e-06,9.0700e-06,8.2930e-06
P28,30.00,0.00,60.00,0.00,6.6504e-08,3.5548e-07,1.0904e-06,4.1758e-06,9.1382e-06,9.1251e-06,7.0555e-06,6.4801e-08,3.2636e-07,8.2615e-07,4.2167e-06,7.7079e-06,9.0326e-06,8.1356e-06
P28,60.00,90.00,60.00,0.00,6.4181e-08,3.0338e-07,9.5956e-07,3.9457e-06,8.9379e-06,8.9251e-06,6.2614e-06,6.2435e-08,2.7757e-07,7.2257e-07,4.0065e-06,7.5446e-06,8.8469e-06,7.4703e-06
P28,0.00,135.00,30.00,0.00,6.8744e-08,3.6977e-07,1.1248e-06,4.2236e-06,9.1788e-06,9.1657e-06,7.2541e-06,6.6660e-08,3.3981e-07,8.5374e-07,4.2594e-06,7.7398e-06,9.0699e-06,8.2930e-06
P28,60.00,0.00,0.00,0.00,8.0129e-08,3.0338e-07,9.5956e-07,3.9459e-06,8.9379e-06,8.9251e-06,6.2614e-06,7.7559e-08,2.7757e-07,7.2257e-07,4.0068e-06,7.5446e-06,8.8469e-06,7.4704e-06
P28,60.00,0.00,60.00,0.00,1.2285e-07,3.0339e-07,9.5956e-07,3.9494e-06,8.9382e-06,8.9254e-06,6.2614e-06,1.1935e-07,2.7757e-07,7.2257e-07,4.0106e-06,7.5453e-06,8.8473e-06,7.4704e-06
P28,30.00,45.00,0.00,0.00,7.5897e-08,3.5548e-07,1.0904e-06,4.1754e-06,9.1382e-06,9.1251e-06,7.0555e-06,7.3452e-08,3.2636e-07,8.2615e-07,4.2162e-06,7.7078e-06,9.0325e-06,8.1356e-06
P28,60.00,180.00,0.00,0.00,8.0129e-08,3.0338e-07,9.5956e-07,3.9459e-06,8.9379e-06,8.9251e-06,6.2614e-06,7.7559e-08,2.7757e-07,7.2257e-07,4.0068e-06,7.5446e-06,8.8469e-06,7.4704e-06
P28,30.00,135.00,0.00,0.00,7.5897e-08,3.5548e-07,1.0904e-06,4.1754e-06,9.1382e-06,9.1251e-06,7.0555e-06,7.3452e-08,3.2636e-07,8.2615e-07,4.2162e-06,7.7078e-06,9.0325e-06,8.1356e-06
P28,0.00,0.00,60.00,0.00,5.0919e-08,3.6977e-07,1.1248e-06,4.2234e-06,9.1788e-06,9.1656e-06,7.2541e-06,4.9767e-08,3.3981e-07,8.5374e-07,4.2592e-06,7.7398e-06,9.0699e-06,8.2930e-06
P28,30.00,45.00,60.00,0.00,6.2043e-08,3.5548e-07,1.0904e-06,4.1756e-06,9.1382e-06,9.1251e-06,7.0554e-06,6.0481e-08,3.2636e-07,8.2615e-07,4.2164e-06,7.7079e-06,9.0326e-06,8.1356e-06
P28,0.00,90.00,0.00,0.00,7.2968e-08,3.6977e-07,1.1248e-06,4.2237e-06,9.1788e-06,9.1657e-06,7.2541e-06,7.0651e-08,3.3981e-07,8.5374e-07,4.2595e-06,7.7398e-06,9.0700e-06,8.2930e-06
P28,30.00,180.00,30.00,0.00,6.7240e-08,3.5548e-07,1.0904e-06,4.1751e-06,9.1382e-06,9.1251e-06,7.0555e-06,6.5195e-08,3.2636e-07,8.2615e-07,4.2159e-06,7.7078e-06,9.0325e-06,8.1356e-06
P28,0.00,180.00,60.00,0.00,5.0919e-08,3.6977e-07,1.1248e-06,4.2234e-06,9.1788e-06,9.1656e-06,7.2541e-06,4.9767e-08,3.3981e-07,8.5374e-07,4.2592e-06,7.7398e-06,9.0699e-06,8.2930e-06
P28,60.00,180.00,30.00,0.00,6.7091e-08,3.0338e-07,9.5956e-07,3.9454e-06,8.9379e-06,8.9251e-06,6.2614e-06,6.5037e-08,2.7757e-07,7.2257e-07,4.0062e-06,7.5445e-06,8.8469e-06,7.4703e-06
P28,30.00,90.00,60.00,0.00,5.4402e-08,3.5547e-07,1.0904e-06,4.1752e-06,9.1382e-06,9.1251e-06,7.0554e-06,5.3093e-08,3.2636e-07,8.2615e-07,4.2160e-06,7.7078e-06,9.0325e-06,8.1356e-06
P28,30.00,90.00,0.00,0.00,7.5897e-08,3.5548e-07,1.0904e-06,4.1754e-06,9.1382e-06,9.1251e-06,7.0555e-06,7.3452e-08,3.2636e-07,8.2615e-07,4.2162e-06,7.7078e-06,9.0325e-06,8.1356e-06
P28,0.00,0.00,30.00,0.00,6.8744e-08,3.6977e-07,1.1248e-06,4.2236e-06,9.1788e-06,9.1657e-06,7.2541e-06,6.6660e-08,3.3981e-07,8.5374e-07,4.2594e-06,7.7398e-06,9.0699e-06,8.2930e-06
P28,0.00,45.00,30.00,0.00,6.8744e-08,3.6977e-07,1.1248e-06,4.2236e-06,9.1788e-06,9.1657e-06,7.2541e-06,6.6660e-08,3.3981e-07,8.5374e-07,4.2594e-06,7.7398e-06,9.0699e-06,8.2930e-06
P28,60.00,90.00,30.00,0.00,7.8550e-08,3.0338e-07,9.5956e-07,3.9459e-06,8.9379e-06,8.9251e-06,6.2614e-06,7.6088e-08,2.7757e-07,7.2257e-07,4.0067e-06,7.5446e-06,8.8469e-06,7.4703e-06
P28,30.00,135.00,30.00,0.00,6.8607e-08,3.5548e-07,1.0904e-06,4.1752e-06,9.1382e-06,9.1251e-06,7.0555e-06,6.6512e-08,3.2636e-07,8.2615e-07,4.2161e-06,7.7078e-06,9.0325e-06,8.1356e-06
P28,30.00,180.00,0.00,0.00,7.5897e-08,3.5548e-07,1.0904e-06,4.1754e-06,9.1382e-06,9.1251e-06,7.0555e-06,7.3452e-08,3.2636e-07,8.2615e-07,4.2162e-06,7.7078e-06,9.0325e-06,8.1356e-06
P28,0.00,90.00,60.00,0.00,5.0919e-08,3.6977e-07,1.1248e-06,4.2234e-06,9.1788e-06,9.1656e-06,7.2541e-06,4.9767e-08,3.3981e-07,8.5374e-07,4.2592e-06,7.7398e-06,9.0699e-06,8.2930e-06
P28,60.00,45.00,0.00,0.00,8.0129e-08,3.0338e-07,9.5956e-07,3.9459e-06,8.9379e-06,8.9251e-06,6.2614e-06,7.7559e-08,2.7757e-07,7.2257e-07,4.0068e-06,7.5446e-06,8.8469e-06,7.4704e-06
P28,30.00,180.00,60.00,0.00,4.7739e-08,3.5547e-07,1.0904e-06,4.1749e-06,9.1382e-06,9.1251e-06,7.0554e-06,4.6667e-08,3.2636e-07,8.2615e-07,4.2157e-06,7.7078e-06,9.0325e-06,8.1356e-06
P28,0.00,45.00,60.00,0.00,5.0919e-08,3.6977e-07,1.1248e-06,4.2234e-06,9.1788e-06,9.1656e-06,7.2541e-06,4.9767e-08,3.3981e-07,8.5374e-07,4.2592e-06,7.7398e-06,9.0699e-06,8.2930e-06
P28,60.00,90.00,0.00,0.00,8.0129e-08,3.0338e-07,9.5956e-07,3.9459e-06,8.9379e-06,8.9251e-06,6.2614e-06,7.7559e-08,2.7757e-07,7.2257e-07,4.0068e-06,7.5446e-06,8.8469e-06,7.4704e-06
P28,30.00,0.00,30.00,0.00,7.9022e-08,3.5548e-07,1.0904e-06,4.1757e-06,9.1382e-06,9.1251e-06,7.0555e-06,7.6555e-08,3.2636e-07,8.2615e-07,4.2166e-06,7.7079e-06,9.0326e-06,8.1356e-06
P28,0.00,135.00,0.00,0.00,7.2968e-08,3.6977e-07,1.1248e-06,4.2237e-06,9.1788e-06,9.1657e-06,7.2541e-06,7.0651e-08,3.3981e-07,8.5374e-07,4.2595e-06,7.7398e-06,9.0700e-06,8.2930e-06
P28,0.00,90.00,30.00,0.00,6.8744e-08,3.6977e-07,1.1248e-06,4.2236e-06,9.1788e-06,9.1657e-06,7.2541e-06,6.6660e-08,3.3981e-07,8.5374e-07,4.2594e-06,7.7398e-06,9.0699e-06,8.2930e-06
P29,60.00,90.00,30.00,0.00,7.5100e-08,2.1827e-07,7.6644e-07,4.2655e-06,9.2296e-06,9.2180e-06,6.5575e-06,7.3339e-08,1.9661e-07,5.5308e-07,4.3236e-06,7.9753e-06,9.1576e-06,7.7757e-06
P29,0.00,0.00,60.00,0.00,5.1650e-08,2.7281e-07,9.2292e-07,4.5693e-06,9.6115e-06,9.5990e-06,7.6213e-06,5.0901e-08,2.4695e-07,6.7015e-07,4.6031e-06,8.2508e-06,9.5169e-06,8.6854e-06
P29,0.00,180.00,60.00,0.00,5.1650e-08,2.7281e-07,9.2292e-07,4.5693e-06,9.6115e-06,9.5990e-06,7.6213e-06,5.0901e-08,2.4695e-07,6.7015e-07,4.6031e-06,8.2508e-06,9.5169e-06,8.6854e-06
P29,30.00,0.00,0.00,0.00,7.4854e-08,2.6089e-07,8.8937e-07,4.5151e-06,9.5462e-06,9.5338e-06,7.4080e-06,7.2991e-08,2.3591e-07,6.4494e-07,4.5537e-06,8.2047e-06,9.4557e-06,8.5105e-06
P29,0.00,90.00,30.00,0.00,6.8525e-08,2.7282e-07,9.2292e-07,4.5696e-06,9.6116e-06,9.5990e-06,7.6213e-06,6.6959e-08,2.4695e-07,6.7015e-07,4.6033e-06,8.2509e-06,9.5169e-06,8.6854e-06
P29,60.00,0.00,0.00,0.00,7.6746e-08,2.1827e-07,7.6644e-07,4.2655e-06,9.2296e-06,9.2180e-06,6.5575e-06,7.4881e-08,1.9661e-07,5.5308e-07,4.3237e-06,7.9754e-06,9.1576e-06,7.7757e-06
P29,0.00,0.00,30.00,0.00,6.8525e-08,2.7282e-07,9.2292e-07,4.5696e-06,9.6116e-06,9.5990e-06,7.6213e-06,6.6959e-08,2.4695e-07,6.7015e-07,4.6033e-06,8.2509e-06,9.5169e-06,8.6854e-06
P29,60.00,0.00,30.00,0.00,9.3471e-08,2.1828e-07,7.6644e-07,4.2662e-06,9.2297e-06,9.2181e-06,6.5575e-06,9.1213e-08,1.9661e-07,5.5308e-07,4.3245e-06,7.9755e-06,9.1576e-06,7.7757e-06
P29,30.00,180.00,0.00,0.00,7.4854e-08,2.6089e-07,8.8937e-07,4.5151e-06,9.5462e-06,9.5338e-06,7.4080e-06,7.2991e-08,2.3591e-07,6.4494e-07,4.5537e-06,8.2047e-06,9.4557e-06,8.5105e-06
P29,0.00,45.00,30.00,0.00,6.8525e-08,2.7282e-07,9.2292e-07,4.5696e-06,9.6116e-06,9.5990e-06,7.6213e-06,6.6959e-08,2.4695e-07,6.7015e-07,4.6033e-06,8.2509e-06,9.5169e-06,8.6854e-06
P29,60.00,180.00,30.00,0.00,6.4986e-08,2.1827e-07,7.6644e-07,4.2651e-06,9.2296e-06,9.2180e-06,6.5575e-06,6.3528e-08,1.9661e-07,5.5308e-07,4.3232e-06,7.9753e-06,9.1575e-06,7.7757e-06
P29,0.00,45.00,60.00,0.00,5.1650e-08,2.7281e-07,9.2292e-07,4.5693e-06,9.6115e-06,9.5990e-06,7.6213e-06,5.0901e-08,2.4695e-07,6.7015e-07,4.6031e-06,8.2508e-06,9.5169e-06,8.6854e-06
P29,0.00,180.00,30.00,0.00,6.8525e-08,2.7282e-07,9.2292e-07,4.5696e-06,9.6116e-06,9.5990e-06,7.6213e-06,6.6959e-08,2.4695e-07,6.7015e-07,4.6033e-06,8.2509e-06,9.5169e-06,8.6854e-06
P29,60.00,45.00,0.00,0.00,7.6746e-08,2.1827e-07,7.6644e-07,4.2655e-06,9.2296e-06,9.2180e-06,6.5575e-06,7.4881e-08,1.9661e-07,5.5308e-07,4.3237e-06,7.9754e-06,9.1576e-06,7.7757e-06
P29,30.00,45.00,30.00,0.00,7.5462e-08,2.6089e-07,8.8937e-07,4.5153e-06,9.5462e-06,9.5338e-06,7.4080e-06,7.3673e-08,2.3591e-07,6.4494e-07,4.5539e-06,8.2047e-06,9.4557e-06,8.5105e-06
P29,60.00,180.00,60.00,0.00,4.8165e-08,2.1826e-07,7.6644e-07,4.2647e-06,9.2296e-06,9.2180e-06,6.5575e-06,4.7409e-08,1.9661e-07,5.5308e-07,4.3228e-06,7.9752e-06,9.1575e-06,7.7757e-06
P29,60.00,135.00,30.00,0.00,6.7444e-08,2.1827e-07,7.6644e-07,4.2652e-06,9.2296e-06,9.2180e-06,6.5575e-06,6.5910e-08,1.9661e-07,5.5308e-07,4.3233e-06,7.9753e-06,9.1575e-06,7.7757e-06
P29,30.00,90.00,0.00,0.00,7.4854e-08,2.6089e-07,8.8937e-07,4.5151e-06,9.5462e-06,9.5338e-06,7.4080e-06,7.2991e-08,2.3591e-07,6.4494e-07,4.5537e-06,8.2047e-06,9.4557e-06,8.5105e-06
P29,30.00,135.00,60.00,0.00,4.9971e-08,2.6088e-07,8.8937e-07,4.5147e-06,9.5461e-06,9.5338e-06,7.4080e-06,4.9241e-08,2.3591e-07,6.4494e-07,4.5533e-06,8.2046e-06,9.4557e-06,8.5105e-06
P29,0.00,135.00,0.00,0.00,7.2596e-08,2.7282e-07,9.2292e-07,4.5697e-06,9.6116e-06,9.5990e-06,7.6213e-06,7.0818e-08,2.4695e-07,6.7015e-07,4.6034e-06,8.2509e-06,9.5169e-06,8.6854e-06
P29,30.00,45.00,0.00,0.00,7.4854e-08,2.6089e-07,8.8937e-07,4.5151e-06,9.5462e-06,9.5338e-06,7.4080e-06,7.2991e-08,2.3591e-07,6.4494e-07,4.5537e-06,8.2047e-06,9.4557e-06,8.5105e-06
P29,30.00,135.00,0.00,0.00,7.4854e-08,2.6089e-07,8.8937e-07,4.5151e-06,9.5462e-06,9.5338e-06,7.4080e-06,7.2991e-08,2.3591e-07,6.4494e-07,4.5537e-06,8.2047e-06,9.4557e-06,8.5105e-06
P29,0.00,135.00,30.00,0.00,6.8525e-08,2.7282e-07,9.2292e-07,4.5696e-06,9.6116e-06,9.5990e-06,7.6213e-06,6.6959e-08,2.4695e-07,6.7015e-07,4.6033e-06,8.2509e-06,9.5169e-06,8.6854e-06
P29,60.00,0.00,60.00,0.00,1.1211e-07,2.1828e-07,7.6644e-07,4.2676e-06,9.2297e-06,9.2181e-06,6.5575e-06,1.0978e-07,1.9661e-07,5.5308e-07,4.3261e-06,7.9757e-06,9.1577e-06,7.7757e-06
P29,0.00,90.00,0.00,0.00,7.2596e-08,2.7282e-07,9.2292e-07,4.5697e-06,9.6116e-06,9.5990e-06,7.6213e-06,7.0818e-08,2.4695e-07,6.7015e-07,4.6034e-06,8.2509e-06,9.5169e-06,8.6854e-06
P29,0.00,90.00,60.00,0.00,5.1650e-08,2.7281e-07,9.2292e-07,4.5693e-06,9.6115e-06,9.5990e-06,7.6213e-06,5.0901e-08,2.4695e-07,6.7015e-07,4.6031e-06,8.2508e-06,9.5169e-06,8.6854e-06
P29,30.00,135.00,30.00,0.00,6.8022e-08,2.6089e-07,8.8937e-07,4.5150e-06,9.5462e-06,9.5338e-06,7.4080e-06,6.6463e-08,2.3591e-07,6.4494e-07,4.5536e-06,8.2047e-06,9.4557e-06,8.5105e-06
P29,30.00,90.00,30.00,0.00,7.1401e-08,2.6089e-07,8.8937e-07,4.5151e-06,9.5462e-06,9.5338e-06,7.4080e-06,6.9736e-08,2.3591e-07,6.4494e-07,4.5537e-06,8.2047e-06,9.4557e-06,8.5105e-06
P29,60.00,45.00,60.00,0.00,8.6881e-08,2.1827e-07,7.6644e-07,4.2663e-06,9.2297e-06,9.2180e-06,6.5575e-06,8.5098e-08,1.9661e-07,5.5308e-07,4.3246e-06,7.9755e-06,9.1576e-06,7.7757e-06
P29,60.00,135.00,0.00,0.00,7.6746e-08,2.1827e-07,7.6644e-07,4.2655e-06,9.2296e-06,9.2180e-06,6.5575e-06,7.4881e-08,1.9661e-07,5.5308e-07,4.3237e-06,7.9754e-06,9.1576e-06,7.7757e-06
P29,0.00,0.00,0.00,0.00,7.2596e-08,2.7282e-07,9.2292e-07,4.5697e-06,9.6116e-06,9.5990e-06,7.6213e-06,7.0818e-08,2.4695e-07,6.7015e-07,4.6034e-06,8.2509e-06,9.5169e-06,8.6854e-06
P29,0.00,180.00,0.00,0.00,7.2596e-08,2.7282e-07,9.2292e-07,4.5697e-06,9.6116e-06,9.5990e-06,7.6213e-06,7.0818e-08,2.4695e-07,6.7015e-07,4.6034e-06,8.2509e-06,9.5169e-06,8.6854e-06
P29,30.00,180.00,60.00,0.00,4.8544e-08,2.6088e-07,8.8937e-07,4.5147e-06,9.5461e-06,9.5338e-06,7.4080e-06,4.7858e-08,2.3591e-07,6.4494e-07,4.5533e-06,8.2046e-06,9.4557e-06,8.5105e-06
P29,60.00,135.00,60.00,0.00,5.0935e-08,2.1826e-07,7.6644e-07,4.2648e-06,9.2296e-06,9.2180e-06,6.5575e-06,5.0097e-08,1.9661e-07,5.5308e-07,4.3230e-06,7.9752e-06,9.1575e-06,7.7757e-06
P29,30.00,45.00,60.00,0.00,6.1152e-08,2.6089e-07,8.8937e-07,4.5152e-06,9.5462e-06,9.5338e-06,7.4080e-06,6.0108e-08,2.3591e-07,6.4494e-07,4.5538e-06,8.2047e-06,9.4557e-06,8.5105e-06
P29,60.00,45.00,30.00,0.00,8.6698e-08,2.1827e-07,7.6644e-07,4.2659e-06,9.2296e-06,9.2180e-06,6.5575e-06,8.4618e-08,1.9661e-07,5.5308e-07,4.3242e-06,7.9754e-06,9.1576e-06,7.7757e-06
P29,60.00,90.00,0.00,0.00,7.6746e-08,2.1827e-07,7.6644e-07,4.2655e-06,9.2296e-06,9.2180e-06,6.5575e-06,7.4881e-08,1.9661e-07,5.5308e-07,4.3237e-06,7.9754e-06,9.1576e-06,7.7757e-06
P29,30.00,180.00,30.00,0.00,6.6787e-08,2.6089e-07,8.8937e-07,4.5149e-06,9.5462e-06,9.5338e-06,7.4080e-06,6.5266e-08,2.3591e-07,6.4494e-07,4.5535e-06,8.2046e-06,9.4557e-06,8.5105e-06
P29,30.00,90.00,60.00,0.00,5.4416e-08,2.6089e-07,8.8937e-07,4.5149e-06,9.5462e-06,9.5338e-06,7.4080e-06,5.3557e-08,2.3591e-07,6.4494e-07,4.5535e-06,8.2047e-06,9.4557e-06,8.5105e-06
P29,60.00,180.00,0.00,0.00,7.6746e-08,2.1827e-07,7.6644e-07,4.2655e-06,9.2296e-06,9.2180e-06,6.5575e-06,7.4881e-08,1.9661e-07,5.5308e-07,4.3237e-06,7.9754e-06,9.1576e-06,7.7757e-06
P29,30.00,0.00,60.00,0.00,6.5085e-08,2.6089e-07,8.8937e-07,4.5153e-06,9.5462e-06,9.5338e-06,7.4080e-06,6.3939e-08,2.3591e-07,6.4494e-07,4.5540e-06,8.2047e-06,9.4557e-06,8.5105e-06
P29,60.00,90.00,60.00,0.00,6.1478e-08,2.1827e-07,7.6644e-07,4.2652e-06,9.2296e-06,9.2180e-06,6.5575e-06,6.0337e-08,1.9661e-07,5.5308e-07,4.3234e-06,7.9753e-06,9.1575e-06,7.7757e-06
P29,0.00,45.00,0.00,0.00,7.2596e-08,2.7282e-07,9.2292e-07,4.5697e-06,9.6116e-06,9.5990e-06,7.6213e-06,7.0818e-08,2.4695e-07,6.7015e-07,4.6034e-06,8.2509e-06,9.5169e-06,8.6854e-06
P29,30.00,0.00,30.00,0.00,7.7425e-08,2.6089e-07,8.8937e-07,4.5154e-06,9.5462e-06,9.5338e-06,7.4080e-06,7.5578e-08,2.3591e-07,6.4494e-07,4.5540e-06,8.2048e-06,9.4557e-06,8.5105e-06
P29,0.00,135.00,60.00,0.00,5.1650e-08,2.7281e-07,9.2292e-07,4.5693e-06,9.6115e-06,9.5990e-06,7.6213e-06,5.0901e-08,2.4695e-07,6.7015e-07,4.6031e-06,8.2508e-06,9.5169e-06,8.6854e-06
P30,0.00,90.00,30.00,0.00,6.3480e-08,3.7278e-07,1.0971e-06,3.3567e-06,7.7641e-06,7.7513e-06,6.9342e-06,6.1024e-08,3.4431e-07,8.4589e-07,3.3608e-06,6.3589e-06,7.6438e-06,7.5925e-06
P30,30.00,90.00,0.00,0.00,7.1400e-08,3.5925e-07,1.0682e-06,3.3282e-06,7.7480e-06,7.7353e-06,6.7910e-06,6.8537e-08,3.3143e-07,8.2111e-07,3.3353e-06,6.3444e-06,7.6293e-06,7.4912e-06
P30,60.00,0.00,60.00,0.00,1.2685e-07,3.0846e-07,9.5364e-07,3.1880e-06,7.6592e-06,7.6465e-06,6.1815e-06,1.2248e-07,2.8327e-07,7.2667e-07,3.2075e-06,6.2612e-06,7.5479e-06,7.0409e-06
P30,60.00,0.00,30.00,0.00,9.9465e-08,3.0845e-07,9.5364e-07,3.1848e-06,7.6589e-06,7.6461e-06,6.1815e-06,9.5675e-08,2.8327e-07,7.2667e-07,3.2040e-06,6.2604e-06,7.5475e-06,7.0408e-06
P30,30.00,45.00,0.00,0.00,7.1400e-08,3.5925e-07,1.0682e-06,3.3282e-06,7.7480e-06,7.7353e-06,6.7910e-06,6.8537e-08,3.3143e-07,8.2111e-07,3.3353e-06,6.3444e-06,7.6293e-06,7.4912e-06
P30,60.00,180.00,30.00,0.00,6.4102e-08,3.0844e-07,9.5364e-07,3.1828e-06,7.6587e-06,7.6459e-06,6.1815e-06,6.1636e-08,2.8327e-07,7.2667e-07,3.2019e-06,6.2601e-06,7.5473e-06,7.0407e-06
P30,60.00,135.00,60.00,0.00,4.8194e-08,3.0843e-07,9.5363e-07,3.1825e-06,7.6586e-06,7.6459e-06,6.1814e-06,4.6555e-08,2.8327e-07,7.2667e-07,3.2015e-06,6.2600e-06,7.5473e-06,7.0407e-06
P30,0.00,45.00,60.00,0.00,4.5060e-08,3.7278e-07,1.0971e-06,3.3565e-06,7.7641e-06,7.7513e-06,6.9342e-06,4.3616e-08,3.4431e-07,8.4589e-07,3.3606e-06,6.3589e-06,7.6438e-06,7.5925e-06
P30,30.00,180.00,30.00,0.00,6.2314e-08,3.5925e-07,1.0682e-06,3.3278e-06,7.7480e-06,7.7352e-06,6.7910e-06,5.9896e-08,3.3143e-07,8.2111e-07,3.3349e-06,6.3443e-06,7.6293e-06,7.4912e-06
P30,0.00,180.00,0.00,0.00,6.7798e-08,3.7279e-07,1.0971e-06,3.3568e-06,7.7641e-06,7.7513e-06,6.9342e-06,6.5093e-08,3.4431e-07,8.4589e-07,3.3609e-06,6.3589e-06,7.6438e-06,7.5925e-06
P30,0.00,0.00,0.00,0.00,6.7798e-08,3.7279e-07,1.0971e-06,3.3568e-06,7.7641e-06,7.7513e-06,6.9342e-06,6.5093e-08,3.4431e-07,8.4589e-07,3.3609e-06,6.3589e-06,7.6438e-06,7.5925e-06
P30,60.00,135.00,0.00,0.00,7.8175e-08,3.0844e-07,9.5364e-07,3.1834e-06,7.6587e-06,7.6460e-06,6.1815e-06,7.5106e-08,2.8327e-07,7.2667e-07,3.2025e-06,6.2602e-06,7.5474e-06,7.0408e-06
P30,0.00,90.00,60.00,0.00,4.5060e-08,3.7278e-07,1.0971e-06,3.3565e-06,7.7641e-06,7.7513e-06,6.9342e-06,4.3616e-08,3.4431e-07,8.4589e-07,3.3606e-06,6.3589e-06,7.6438e-06,7.5925e-06
P30,0.00,180.00,60.00,0.00,4.5060e-08,3.7278e-07,1.0971e-06,3.3565e-06,7.7641e-06,7.7513e-06,6.9342e-06,4.3616e-08,3.4431e-07,8.4589e-07,3.3606e-06,6.3589e-06,7.6438e-06,7.5925e-06
P30,0.00,90.00,0.00,0.00,6.7798e-08,3.7279e-07,1.0971e-06,3.3568e-06,7.7641e-06,7.7513e-06,6.9342e-06,6.5093e-08,3.4431e-07,8.4589e-07,3.3609e-06,6.3589e-06,7.6438e-06,7.5925e-06
P30,30.00,180.00,0.00,0.00,7.1400e-08,3.5925e-07,1.0682e-06,3.3282e-06,7.7480e-06,7.7353e-06,6.7910e-06,6.8537e-08,3.3143e-07,8.2111e-07,3.3353e-06,6.3444e-06,7.6293e-06,7.4912e-06
P30,0.00,45.00,30.00,0.00,6.3480e-08,3.7278e-07,1.0971e-06,3.3567e-06,7.7641e-06,7.7513e-06,6.9342e-06,6.1024e-08,3.4431e-07,8.4589e-07,3.3608e-06,6.3589e-06,7.6438e-06,7.5925e-06
P30,60.00,90.00,60.00,0.00,6.1773e-08,3.0843e-07,9.5364e-07,3.1833e-06,7.6587e-06,7.6460e-06,6.1815e-06,5.9602e-08,2.8327e-07,7.2667e-07,3.2023e-06,6.2602e-06,7.5474e-06,7.0407e-06
P30,30.00,45.00,60.00,0.00,5.7593e-08,3.5924e-07,1.0682e-06,3.3285e-06,7.7481e-06,7.7353e-06,6.7910e-06,5.5653e-08,3.3143e-07,8.2111e-07,3.3356e-06,6.3445e-06,7.6293e-06,7.4912e-06
P30,0.00,135.00,0.00,0.00,6.7798e-08,3.7279e-07,1.0971e-06,3.3568e-06,7.7641e-06,7.7513e-06,6.9342e-06,6.5093e-08,3.4431e-07,8.4589e-07,3.3609e-06,6.3589e-06,7.6438e-06,7.5925e-06
P30,30.00,0.00,0.00,0.00,7.1400e-08,3.5925e-07,1.0682e-06,3.3282e-06,7.7480e-06,7.7353e-06,6.7910e-06,6.8537e-08,3.3143e-07,8.2111e-07,3.3353e-06,6.3444e-06,7.6293e-06,7.4912e-06
P30,0.00,135.00,30.00,0.00,6.3480e-08,3.7278e-07,1.0971e-06,3.3567e-06,7.7641e-06,7.7513e-06,6.9342e-06,6.1024e-08,3.4431e-07,8.4589e-07,3.3608e-06,6.3589e-06,7.6438e-06,7.5925e-06
P30,0.00,45.00,0.00,0.00,6.7798e-08,3.7279e-07,1.0971e-06,3.3568e-06,7.7641e-06,7.7513e-06,6.9342e-06,6.5093e-08,3.4431e-07,8.4589e-07,3.3609e-06,6.3589e-06,7.6438e-06,7.5925e-06
P30,60.00,45.00,60.00,0.00,9.4454e-08,3.0845e-07,9.5364e-07,3.1854e-06,7.6589e-06,7.6462e-06,6.1815e-06,9.1119e-08,2.8327e-07,7.2667e-07,3.2047e-06,6.2606e-06,7.5476e-06,7.0408e-06
P30,30.00,0.00,30.00,0.00,7.4964e-08,3.5925e-07,1.0682e-06,3.3286e-06,7.7481e-06,7.7353e-06,6.7910e-06,7.2053e-08,3.3143e-07,8.2111e-07,3.3358e-06,6.3445e-06,7.6293e-06,7.4912e-06
P30,30.00,135.00,30.00,0.00,6.3784e-08,3.5925e-07,1.0682e-06,3.3280e-06,7.7480e-06,7.7352e-06,6.7910e-06,6.1307e-08,3.3143e-07,8.2111e-07,3.3351e-06,6.3444e-06,7.6293e-06,7.4912e-06
P30,60.00,180.00,60.00,0.00,4.4624e-08,3.0843e-07,9.5363e-07,3.1822e-06,7.6586e-06,7.6459e-06,6.1814e-06,4.3129e-08,2.8327e-07,7.2667e-07,3.2012e-06,6.2599e-06,7.5472e-06,7.0407e-06
P30,60.00,45.00,30.00,0.00,9.1060e-08,3.0845e-07,9.5364e-07,3.1843e-06,7.6588e-06,7.6461e-06,6.1815e-06,8.7568e-08,2.8327e-07,7.2667e-07,3.2034e-06,6.2604e-06,7.5475e-06,7.0408e-06
P30,60.00,45.00,0.00,0.00,7.8175e-08,3.0844e-07,9.5364e-07,3.1834e-06,7.6587e-06,7.6460e-06,6.1815e-06,7.5106e-08,2.8327e-07,7.2667e-07,3.2025e-06,6.2602e-06,7.5474e-06,7.0408e-06
P30,30.00,180.00,60.00,0.00,4.1973e-08,3.5924e-07,1.0682e-06,3.3276e-06,7.7480e-06,7.7352e-06,6.7910e-06,4.0627e-08,3.3143e-07,8.2111e-07,3.3347e-06,6.3443e-06,7.6292e-06,7.4912e-06
P30,30.00,90.00,60.00,0.00,4.9250e-08,3.5924e-07,1.0682e-06,3.3280e-06,7.7480e-06,7.7352e-06,6.7910e-06,4.7618e-08,3.3143e-07,8.2111e-07,3.3351e-06,6.3444e-06,7.6293e-06,7.4912e-06
P30,60.00,90.00,30.00,0.00,7.6661e-08,3.0844e-07,9.5364e-07,3.1834e-06,7.6587e-06,7.6460e-06,6.1815e-06,7.3701e-08,2.8327e-07,7.2667e-07,3.2025e-06,6.2602e-06,7.5474e-06,7.0408e-06
P30,0.00,135.00,60.00,0.00,4.5060e-08,3.7278e-07,1.0971e-06,3.3565e-06,7.7641e-06,7.7513e-06,6.9342e-06,4.3616e-08,3.4431e-07,8.4589e-07,3.3606e-06,6.3589e-06,7.6438e-06,7.5925e-06
P30,60.00,90.00,0.00,0.00,7.8175e-08,3.0844e-07,9.5364e-07,3.1834e-06,7.6587e-06,7.6460e-06,6.1815e-06,7.5106e-08,2.8327e-07,7.2667e-07,3.2025e-06,6.2602e-06,7.5474e-06,7.0408e-06
P30,30.00,135.00,60.00,0.00,4.3742e-08,3.5924e-07,1.0682e-06,3.3277e-06,7.7480e-06,7.7352e-06,6.7910e-06,4.2324e-08,3.3143e-07,8.2111e-07,3.3348e-06,6.3443e-06,7.6292e-06,7.4912e-06
P30,60.00,0.00,0.00,0.00,7.8175e-08,3.0844e-07,9.5364e-07,3.1834e-06,7.6587e-06,7.6460e-06,6.1815e-06,7.5106e-08,2.8327e-07,7.2667e-07,3.2025e-06,6.2602e-06,7.5474e-06,7.0408e-06
P30,30.00,135.00,0.00,0.00,7.1400e-08,3.5925e-07,1.0682e-06,3.3282e-06,7.7480e-06,7.7353e-06,6.7910e-06,6.8537e-08,3.3143e-07,8.2111e-07,3.3353e-06,6.3444e-06,7.6293e-06,7.4912e-06
P30,0.00,0.00,30.00,0.00,6.3480e-08,3.7278e-07,1.0971e-06,3.3567e-06,7.7641e-06,7.7513e-06,6.9342e-06,6.1024e-08,3.4431e-07,8.4589e-07,3.3608e-06,6.3589e-06,7.6438e-06,7.5925e-06
P30,30.00,0.00,60.00,0.00,6.2462e-08,3.5925e-07,1.0682e-06,3.3287e-06,7.7481e-06,7.7353e-06,6.7910e-06,6.0351e-08,3.3143e-07,8.2111e-07,3.3359e-06,6.3445e-06,7.6293e-06,7.4912e-06
P30,30.00,45.00,30.00,0.00,7.2631e-08,3.5925e-07,1.0682e-06,3.3285e-06,7.7481e-06,7.7353e-06,6.7910e-06,6.9807e-08,3.3143e-07,8.2111e-07,3.3356e-06,6.3445e-06,7.6293e-06,7.4912e-06
P30,0.00,180.00,30.00,0.00,6.3480e-08,3.7278e-07,1.0971e-06,3.3567e-06,7.7641e-06,7.7513e-06,6.9342e-06,6.1024e-08,3.4431e-07,8.4589e-07,3.3608e-06,6.3589e-06,7.6438e-06,7.5925e-06
P30,0.00,0.00,60.00,0.00,4.5060e-08,3.7278e-07,1.0971e-06,3.3565e-06,7.7641e-06,7.7513e-06,6.9342e-06,4.3616e-08,3.4431e-07,8.4589e-07,3.3606e-06,6.3589e-06,7.6438e-06,7.5925e-06
P30,30.00,90.00,30.00,0.00,6.7802e-08,3.5925e-07,1.0682e-06,3.3282e-06,7.7480e-06,7.7353e-06,6.7910e-06,6.5166e-08,3.3143e-07,8.2111e-07,3.3354e-06,6.3444e-06,7.6293e-06,7.4912e-06
P30,60.00,180.00,0.00,0.00,7.8175e-08,3.0844e-07,9.5364e-07,3.1834e-06,7.6587e-06,7.6460e-06,6.1815e-06,7.5106e-08,2.8327e-07,7.2667e-07,3.2025e-06,6.2602e-06,7.5474e-06,7.0408e-06
P30,60.00,135.00,30.00,0.00,6.7154e-08,3.0844e-07,9.5364e-07,3.1830e-06,7.6587e-06,7.6459e-06,6.1815e-06,6.4565e-08,2.8327e-07,7.2667e-07,3.2020e-06,6.2601e-06,7.5473e-06,7.0407e-06
P31,0.00,45.00,30.00,0.00,6.7417e-08,4.9721e-07,1.4057e-06,3.8996e-06,8.6516e-06,8.6384e-06,7.1829e-06,6.5092e-08,4.6107e-07,1.1184e-06,3.9245e-06,7.2061e-06,8.5324e-06,8.0744e-06
P31,30.00,135.00,0.00,0.00,7.4969e-08,4.7550e-07,1.3750e-06,3.8555e-06,8.6209e-06,8.6077e-06,7.0052e-06,7.2251e-08,4.3984e-07,1.0891e-06,3.8845e-06,7.1746e-06,8.5033e-06,7.9401e-06
P31,60.00,45.00,60.00,0.00,9.5592e-08,3.8894e-07,1.2456e-06,3.6602e-06,8.4894e-06,8.4762e-06,6.2783e-06,9.2481e-08,3.5558e-07,9.6590e-07,3.7057e-06,7.0390e-06,8.3803e-06,7.3685e-06
P31,0.00,0.00,30.00,0.00,6.7417e-08,4.9721e-07,1.4057e-06,3.8996e-06,8.6516e-06,8.6384e-06,7.1829e-06,6.5092e-08,4.6107e-07,1.1184e-06,3.9245e-06,7.2061e-06,8.5324e-06,8.0744e-06
P31,0.00,180.00,60.00,0.00,4.9203e-08,4.9720e-07,1.4057e-06,3.8994e-06,8.6515e-06,8.6384e-06,7.1829e-06,4.7858e-08,4.6107e-07,1.1184e-06,3.9243e-06,7.2061e-06,8.5324e-06,8.0744e-06
P31,60.00,45.00,30.00,0.00,9.2858e-08,3.8894e-07,1.2456e-06,3.6593e-06,8.4893e-06,8.4761e-06,6.2783e-06,8.9568e-08,3.5558e-07,9.6590e-07,3.7047e-06,7.0388e-06,8.3802e-06,7.3684e-06
P31,60.00,0.00,30.00,0.00,1.0093e-07,3.8894e-07,1.2456e-06,3.6598e-06,8.4894e-06,8.4761e-06,6.2783e-06,9.7366e-08,3.5558e-07,9.6590e-07,3.7052e-06,7.0389e-06,8.3802e-06,7.3685e-06
P31,0.00,135.00,60.00,0.00,4.9203e-08,4.9720e-07,1.4057e-06,3.8994e-06,8.6515e-06,8.6384e-06,7.1829e-06,4.7858e-08,4.6107e-07,1.1184e-06,3.9243e-06,7.2061e-06,8.5324e-06,8.0744e-06
P31,60.00,45.00,0.00,0.00,8.0576e-08,3.8893e-07,1.2456e-06,3.6586e-06,8.4893e-06,8.4760e-06,6.2783e-06,7.7674e-08,3.5558e-07,9.6590e-07,3.7039e-06,7.0387e-06,8.3801e-06,7.3684e-06
P31,0.00,90.00,30.00,0.00,6.7417e-08,4.9721e-07,1.4057e-06,3.8996e-06,8.6516e-06,8.6384e-06,7.1829e-06,6.5092e-08,4.6107e-07,1.1184e-06,3.9245e-06,7.2061e-06,8.5324e-06,8.0744e-06
P31,0.00,90.00,0.00,0.00,7.1705e-08,4.9721e-07,1.4057e-06,3.8997e-06,8.6516e-06,8.6384e-06,7.1829e-06,6.9138e-08,4.6107e-07,1.1184e-06,3.9246e-06,7.2061e-06,8.5324e-06,8.0744e-06
P31,60.00,90.00,0.00,0.00,8.0576e-08,3.8893e-07,1.2456e-06,3.6586e-06,8.4893e-06,8.4760e-06,6.2783e-06,7.7674e-08,3.5558e-07,9.6590e-07,3.7039e-06,7.0387e-06,8.3801e-06,7.3684e-06
P31,30.00,90.00,0.00,0.00,7.4969e-08,4.7550e-07,1.3750e-06,3.8555e-06,8.6209e-06,8.6077e-06,7.0052e-06,7.2251e-08,4.3984e-07,1.0891e-06,3.8845e-06,7.1746e-06,8.5033e-06,7.9401e-06
P31,0.00,180.00,30.00,0.00,6.7417e-08,4.9721e-07,1.4057e-06,3.8996e-06,8.6516e-06,8.6384e-06,7.1829e-06,6.5092e-08,4.6107e-07,1.1184e-06,3.9245e-06,7.2061e-06,8.5324e-06,8.0744e-06
P31,60.00,90.00,30.00,0.00,7.9030e-08,3.8893e-07,1.2456e-06,3.6586e-06,8.4893e-06,8.4760e-06,6.2783e-06,7.6236e-08,3.5558e-07,9.6590e-07,3.7039e-06,7.0386e-06,8.3801e-06,7.3684e-06
P31,0.00,135.00,30.00,0.00,6.7417e-08,4.9721e-07,1.4057e-06,3.8996e-06,8.6516e-06,8.6384e-06,7.1829e-06,6.5092e-08,4.6107e-07,1.1184e-06,3.9245e-06,7.2061e-06,8.5324e-06,8.0744e-06
P31,30.00,45.00,60.00,0.00,6.1075e-08,4.7549e-07,1.3750e-06,3.8557e-06,8.6209e-06,8.6077e-06,7.0052e-06,5.9264e-08,4.3984e-07,1.0891e-06,3.8848e-06,7.1746e-06,8.5033e-06,7.9401e-06
P31,30.00,180.00,60.00,0.00,4.6034e-08,4.7549e-07,1.3750e-06,3.8550e-06,8.6208e-06,8.6076e-06,7.0052e-06,4.4778e-08,4.3984e-07,1.0891e-06,3.8839e-06,7.1745e-06,8.5033e-06,7.9401e-06
P31,60.00,180.00,60.00,0.00,4.7971e-08,3.8892e-07,1.2456e-06,3.6574e-06,8.4892e-06,8.4759e-06,6.2782e-06,4.6560e-08,3.5558e-07,9.6590e-07,3.7027e-06,7.0384e-06,8.3800e-06,7.3684e-06
P31,30.00,0.00,0.00,0.00,7.4969e-08,4.7550e-07,1.3750e-06,3.8555e-06,8.6209e-06,8.6077e-06,7.0052e-06,7.2251e-08,4.3984e-07,1.0891e-06,3.8845e-06,7.1746e-06,8.5033e-06,7.9401e-06
P31,60.00,135.00,60.00,0.00,5.1379e-08,3.8892e-07,1.2456e-06,3.6577e-06,8.4892e-06,8.4760e-06,6.2782e-06,4.9836e-08,3.5558e-07,9.6590e-07,3.7030e-06,7.0385e-06,8.3800e-06,7.3684e-06
P31,60.00,135.00,0.00,0.00,8.0576e-08,3.8893e-07,1.2456e-06,3.6586e-06,8.4893e-06,8.4760e-06,6.2783e-06,7.7674e-08,3.5558e-07,9.6590e-07,3.7039e-06,7.0387e-06,8.3801e-06,7.3684e-06
P31,0.00,0.00,60.00,0.00,4.9203e-08,4.9720e-07,1.4057e-06,3.8994e-06,8.6515e-06,8.6384e-06,7.1829e-06,4.7858e-08,4.6107e-07,1.1184e-06,3.9243e-06,7.2061e-06,8.5324e-06,8.0744e-06
P31,30.00,45.00,0.00,0.00,7.4969e-08,4.7550e-07,1.3750e-06,3.8555e-06,8.6209e-06,8.6077e-06,7.0052e-06,7.2251e-08,4.3984e-07,1.0891e-06,3.8845e-06,7.1746e-06,8.5033e-06,7.9401e-06
P31,30.00,135.00,30.00,0.00,6.7487e-08,4.7550e-07,1.3750e-06,3.8553e-06,8.6208e-06,8.6076e-06,7.0052e-06,6.5142e-08,4.3984e-07,1.0891e-06,3.8843e-06,7.1745e-06,8.5033e-06,7.9401e-06
P31,30.00,90.00,60.00,0.00,5.3041e-08,4.7549e-07,1.3750e-06,3.8553e-06,8.6208e-06,8.6076e-06,7.0052e-06,5.1517e-08,4.3984e-07,1.0891e-06,3.8843e-06,7.1746e-06,8.5033e-06,7.9401e-06
P31,60.00,180.00,0.00,0.00,8.0576e-08,3.8893e-07,1.2456e-06,3.6586e-06,8.4893e-06,8.4760e-06,6.2783e-06,7.7674e-08,3.5558e-07,9.6590e-07,3.7039e-06,7.0387e-06,8.3801e-06,7.3684e-06
P31,30.00,0.00,30.00,0.00,7.8328e-08,4.7550e-07,1.3750e-06,3.8559e-06,8.6209e-06,8.6077e-06,7.0052e-06,7.5572e-08,4.3984e-07,1.0891e-06,3.8849e-06,7.1747e-06,8.5033e-06,7.9401e-06
P31,0.00,135.00,0.00,0.00,7.1705e-08,4.9721e-07,1.4057e-06,3.8997e-06,8.6516e-06,8.6384e-06,7.1829e-06,6.9138e-08,4.6107e-07,1.1184e-06,3.9246e-06,7.2061e-06,8.5324e-06,8.0744e-06
P31,0.00,180.00,0.00,0.00,7.1705e-08,4.9721e-07,1.4057e-06,3.8997e-06,8.6516e-06,8.6384e-06,7.1829e-06,6.9138e-08,4.6107e-07,1.1184e-06,3.9246e-06,7.2061e-06,8.5324e-06,8.0744e-06
P31,60.00,135.00,30.00,0.00,6.9903e-08,3.8893e-07,1.2456e-06,3.6581e-06,8.4892e-06,8.4760e-06,6.2782e-06,6.7455e-08,3.5558e-07,9.6590e-07,3.7034e-06,7.0386e-06,8.3800e-06,7.3684e-06
P31,60.00,0.00,60.00,0.00,1.2660e-07,3.8895e-07,1.2456e-06,3.6626e-06,8.4897e-06,8.4764e-06,6.2783e-06,1.2253e-07,3.5558e-07,9.6590e-07,3.7083e-06,7.0395e-06,8.3805e-06,7.3685e-06
P31,30.00,180.00,30.00,0.00,6.6062e-08,4.7550e-07,1.3750e-06,3.8552e-06,8.6208e-06,8.6076e-06,7.0052e-06,6.3772e-08,4.3984e-07,1.0891e-06,3.8842e-06,7.1745e-06,8.5033e-06,7.9401e-06
P31,0.00,45.00,0.00,0.00,7.1705e-08,4.9721e-07,1.4057e-06,3.8997e-06,8.6516e-06,8.6384e-06,7.1829e-06,6.9138e-08,4.6107e-07,1.1184e-06,3.9246e-06,7.2061e-06,8.5324e-06,8.0744e-06
P31,30.00,0.00,60.00,0.00,6.5766e-08,4.7550e-07,1.3750e-06,3.8560e-06,8.6209e-06,8.6077e-06,7.0052e-06,6.3794e-08,4.3984e-07,1.0891e-06,3.8850e-06,7.1747e-06,8.5034e-06,7.9401e-06
P31,60.00,90.00,60.00,0.00,6.4348e-08,3.8893e-07,1.2456e-06,3.6584e-06,8.4893e-06,8.4760e-06,6.2782e-06,6.2312e-08,3.5558e-07,9.6590e-07,3.7037e-06,7.0386e-06,8.3801e-06,7.3684e-06
P31,30.00,90.00,30.00,0.00,7.1383e-08,4.7550e-07,1.3750e-06,3.8555e-06,8.6209e-06,8.6077e-06,7.0052e-06,6.8887e-08,4.3984e-07,1.0891e-06,3.8845e-06,7.1746e-06,8.5033e-06,7.9401e-06
P31,60.00,0.00,0.00,0.00,8.0576e-08,3.8893e-07,1.2456e-06,3.6586e-06,8.4893e-06,8.4760e-06,6.2783e-06,7.7674e-08,3.5558e-07,9.6590e-07,3.7039e-06,7.0387e-06,8.3801e-06,7.3684e-06
P31,30.00,45.00,30.00,0.00,7.6065e-08,4.7550e-07,1.3750e-06,3.8558e-06,8.6209e-06,8.6077e-06,7.0052e-06,7.3392e-08,4.3984e-07,1.0891e-06,3.8848e-06,7.1746e-06,8.5033e-06,7.9401e-06
P31,0.00,90.00,60.00,0.00,4.9203e-08,4.9720e-07,1.4057e-06,3.8994e-06,8.6515e-06,8.6384e-06,7.1829e-06,4.7858e-08,4.6107e-07,1.1184e-06,3.9243e-06,7.2061e-06,8.5324e-06,8.0744e-06
P31,0.00,0.00,0.00,0.00,7.1705e-08,4.9721e-07,1.4057e-06,3.8997e-06,8.6516e-06,8.6384e-06,7.1829e-06,6.9138e-08,4.6107e-07,1.1184e-06,3.9246e-06,7.2061e-06,8.5324e-06,8.0744e-06
P31,60.00,180.00,30.00,0.00,6.6973e-08,3.8893e-07,1.2456e-06,3.6580e-06,8.4892e-06,8.4760e-06,6.2782e-06,6.4640e-08,3.5558e-07,9.6590e-07,3.7033e-06,7.0385e-06,8.3800e-06,7.3684e-06
P31,30.00,180.00,0.00,0.00,7.4969e-08,4.7550e-07,1.3750e-06,3.8555e-06,8.6209e-06,8.6077e-06,7.0052e-06,7.2251e-08,4.3984e-07,1.0891e-06,3.8845e-06,7.1746e-06,8.5033e-06,7.9401e-06
P31,30.00,135.00,60.00,0.00,4.7737e-08,4.7549e-07,1.3750e-06,3.8550e-06,8.6208e-06,8.6076e-06,7.0052e-06,4.6414e-08,4.3984e-07,1.0891e-06,3.8840e-06,7.1745e-06,8.5033e-06,7.9401e-06
P31,0.00,45.00,60.00,0.00,4.9203e-08,4.9720e-07,1.4057e-06,3.8994e-06,8.6515e-06,8.6384e-06,7.1829e-06,4.7858e-08,4.6107e-07,1.1184e-06,3.9243e-06,7.2061e-06,8.5324e-06,8.0744e-06
P32,60.00,180.00,30.00,0.00,6.8613e-08,2.9043e-07,1.0770e-06,3.6786e-06,8.5043e-06,8.4907e-06,6.3987e-06,6.6123e-08,2.6079e-07,7.7355e-07,3.7058e-06,7.0055e-06,8.3844e-06,7.5676e-06
P32,0.00,0.00,0.00,0.00,7.2506e-08,3.8619e-07,1.3054e-06,3.8815e-06,8.5985e-06,8.5851e-06,7.3414e-06,6.9809e-08,3.5088e-07,9.6852e-07,3.8897e-06,7.1264e-06,8.4719e-06,8.2290e-06
P32,30.00,135.00,30.00,0.00,6.8416e-08,3.6526e-07,1.2601e-06,3.8438e-06,8.5792e-06,8.5657e-06,7.1625e-06,6.5939e-08,3.3105e-07,9.2792e-07,3.8556e-06,7.1020e-06,8.4535e-06,8.1066e-06
P32,0.00,90.00,60.00,0.00,4.9797e-08,3.8618e-07,1.3054e-06,3.8812e-06,8.5984e-06,8.5851e-06,7.3414e-06,4.8353e-08,3.5088e-07,9.6852e-07,3.8894e-06,7.1264e-06,8.4719e-06,8.2290e-06
P32,0.00,90.00,0.00,0.00,7.2506e-08,3.8619e-07,1.3054e-06,3.8815e-06,8.5985e-06,8.5851e-06,7.3414e-06,6.9809e-08,3.5088e-07,9.6852e-07,3.8897e-06,7.1264e-06,8.4719e-06,8.2290e-06
P32,60.00,45.00,0.00,0.00,8.2637e-08,2.9044e-07,1.0770e-06,3.6792e-06,8.5044e-06,8.4907e-06,6.3987e-06,7.9537e-08,2.6079e-07,7.7355e-07,3.7064e-06,7.0056e-06,8.3844e-06,7.5677e-06
P32,60.00,90.00,30.00,0.00,8.1142e-08,2.9044e-07,1.0770e-06,3.6792e-06,8.5044e-06,8.4907e-06,6.3987e-06,7.8147e-08,2.6079e-07,7.7355e-07,3.7064e-06,7.0056e-06,8.3844e-06,7.5677e-06
P32,0.00,0.00,60.00,0.00,4.9797e-08,3.8618e-07,1.3054e-06,3.8812e-06,8.5984e-06,8.5851e-06,7.3414e-06,4.8353e-08,3.5088e-07,9.6852e-07,3.8894e-06,7.1264e-06,8.4719e-06,8.2290e-06
P32,60.00,0.00,0.00,0.00,8.2637e-08,2.9044e-07,1.0770e-06,3.6792e-06,8.5044e-06,8.4907e-06,6.3987e-06,7.9537e-08,2.6079e-07,7.7355e-07,3.7064e-06,7.0056e-06,8.3844e-06,7.5677e-06
P32,0.00,180.00,60.00,0.00,4.9797e-08,3.8618e-07,1.3054e-06,3.8812e-06,8.5984e-06,8.5851e-06,7.3414e-06,4.8353e-08,3.5088e-07,9.6852e-07,3.8894e-06,7.1264e-06,8.4719e-06,8.2290e-06
P32,60.00,0.00,30.00,0.00,1.0390e-07,2.9045e-07,1.0770e-06,3.6805e-06,8.5045e-06,8.4909e-06,6.3987e-06,1.0005e-07,2.6079e-07,7.7355e-07,3.7079e-06,7.0058e-06,8.3846e-06,7.5677e-06
P32,60.00,0.00,60.00,0.00,1.3145e-07,2.9046e-07,1.0770e-06,3.6838e-06,8.5049e-06,8.4912e-06,6.3988e-06,1.2695e-07,2.6080e-07,7.7355e-07,3.7115e-06,7.0066e-06,8.3850e-06,7.5678e-06
P32,30.00,180.00,60.00,0.00,4.6621e-08,3.6525e-07,1.2601e-06,3.8434e-06,8.5791e-06,8.5657e-06,7.1625e-06,4.5273e-08,3.3105e-07,9.2792e-07,3.8552e-06,7.1020e-06,8.4535e-06,8.1066e-06
P32,30.00,135.00,0.00,0.00,7.6015e-08,3.6526e-07,1.2601e-06,3.8440e-06,8.5792e-06,8.5657e-06,7.1625e-06,7.3152e-08,3.3105e-07,9.2792e-07,3.8558e-06,7.1020e-06,8.4535e-06,8.1066e-06
P32,30.00,135.00,60.00,0.00,4.8389e-08,3.6525e-07,1.2601e-06,3.8435e-06,8.5791e-06,8.5657e-06,7.1625e-06,4.6969e-08,3.3105e-07,9.2792e-07,3.8553e-06,7.1020e-06,8.4535e-06,8.1066e-06
P32,0.00,90.00,30.00,0.00,6.8200e-08,3.8619e-07,1.3054e-06,3.8814e-06,8.5985e-06,8.5851e-06,7.3414e-06,6.5749e-08,3.5088e-07,9.6852e-07,3.8896e-06,7.1264e-06,8.4719e-06,8.2290e-06
P32,60.00,135.00,0.00,0.00,8.2637e-08,2.9044e-07,1.0770e-06,3.6792e-06,8.5044e-06,8.4907e-06,6.3987e-06,7.9537e-08,2.6079e-07,7.7355e-07,3.7064e-06,7.0056e-06,8.3844e-06,7.5677e-06
P32,30.00,180.00,30.00,0.00,6.6948e-08,3.6526e-07,1.2601e-06,3.8437e-06,8.5792e-06,8.5657e-06,7.1625e-06,6.4530e-08,3.3105e-07,9.2792e-07,3.8554e-06,7.1020e-06,8.4535e-06,8.1066e-06
P32,30.00,45.00,30.00,0.00,7.7252e-08,3.6526e-07,1.2601e-06,3.8443e-06,8.5792e-06,8.5658e-06,7.1625e-06,7.4422e-08,3.3105e-07,9.2792e-07,3.8561e-06,7.1021e-06,8.4536e-06,8.1066e-06
P32,60.00,135.00,60.00,0.00,5.2747e-08,2.9042e-07,1.0770e-06,3.6783e-06,8.5043e-06,8.4907e-06,6.3987e-06,5.1080e-08,2.6079e-07,7.7355e-07,3.7054e-06,7.0054e-06,8.3843e-06,7.5676e-06
P32,0.00,135.00,0.00,0.00,7.2506e-08,3.8619e-07,1.3054e-06,3.8815e-06,8.5985e-06,8.5851e-06,7.3414e-06,6.9809e-08,3.5088e-07,9.6852e-07,3.8897e-06,7.1264e-06,8.4719e-06,8.2290e-06
P32,0.00,0.00,30.00,0.00,6.8200e-08,3.8619e-07,1.3054e-06,3.8814e-06,8.5985e-06,8.5851e-06,7.3414e-06,6.5749e-08,3.5088e-07,9.6852e-07,3.8896e-06,7.1264e-06,8.4719e-06,8.2290e-06
P32,30.00,0.00,60.00,0.00,6.7108e-08,3.6526e-07,1.2601e-06,3.8446e-06,8.5792e-06,8.5658e-06,7.1625e-06,6.4975e-08,3.3105e-07,9.2792e-07,3.8564e-06,7.1022e-06,8.4536e-06,8.1066e-06
P32,30.00,90.00,0.00,0.00,7.6015e-08,3.6526e-07,1.2601e-06,3.8440e-06,8.5792e-06,8.5657e-06,7.1625e-06,7.3152e-08,3.3105e-07,9.2792e-07,3.8558e-06,7.1020e-06,8.4535e-06,8.1066e-06
P32,60.00,45.00,60.00,0.00,9.9016e-08,2.9044e-07,1.0770e-06,3.6811e-06,8.5046e-06,8.4910e-06,6.3987e-06,9.5599e-08,2.6079e-07,7.7355e-07,3.7086e-06,7.0060e-06,8.3847e-06,7.5677e-06
P32,0.00,135.00,30.00,0.00,6.8200e-08,3.8619e-07,1.3054e-06,3.8814e-06,8.5985e-06,8.5851e-06,7.3414e-06,6.5749e-08,3.5088e-07,9.6852e-07,3.8896e-06,7.1264e-06,8.4719e-06,8.2290e-06
P32,0.00,45.00,60.00,0.00,4.9797e-08,3.8618e-07,1.3054e-06,3.8812e-06,8.5984e-06,8.5851e-06,7.3414e-06,4.8353e-08,3.5088e-07,9.6852e-07,3.8894e-06,7.1264e-06,8.4719e-06,8.2290e-06
P32,0.00,135.00,60.00,0.00,4.9797e-08,3.8618e-07,1.3054e-06,3.8812e-06,8.5984e-06,8.5851e-06,7.3414e-06,4.8353e-08,3.5088e-07,9.6852e-07,3.8894e-06,7.1264e-06,8.4719e-06,8.2290e-06
P32,30.00,0.00,0.00,0.00,7.6015e-08,3.6526e-07,1.2601e-06,3.8440e-06,8.5792e-06,8.5657e-06,7.1625e-06,7.3152e-08,3.3105e-07,9.2792e-07,3.8558e-06,7.1020e-06,8.4535e-06,8.1066e-06
P32,0.00,45.00,0.00,0.00,7.2506e-08,3.8619e-07,1.3054e-06,3.8815e-06,8.5985e-06,8.5851e-06,7.3414e-06,6.9809e-08,3.5088e-07,9.6852e-07,3.8897e-06,7.1264e-06,8.4719e-06,8.2290e-06
P32,60.00,90.00,0.00,0.00,8.2637e-08,2.9044e-07,1.0770e-06,3.6792e-06,8.5044e-06,8.4907e-06,6.3987e-06,7.9537e-08,2.6079e-07,7.7355e-07,3.7064e-06,7.0056e-06,8.3844e-06,7.5677e-06
P32,30.00,90.00,30.00,0.00,7.2429e-08,3.6526e-07,1.2601e-06,3.8440e-06,8.5792e-06,8.5657e-06,7.1625e-06,6.9791e-08,3.3105e-07,9.2792e-07,3.8558e-06,7.1021e-06,8.4536e-06,8.1066e-06
P32,60.00,180.00,0.00,0.00,8.2637e-08,2.9044e-07,1.0770e-06,3.6792e-06,8.5044e-06,8.4907e-06,6.3987e-06,7.9537e-08,2.6079e-07,7.7355e-07,3.7064e-06,7.0056e-06,8.3844e-06,7.5677e-06
P32,30.00,45.00,60.00,0.00,6.2238e-08,3.6526e-07,1.2601e-06,3.8443e-06,8.5792e-06,8.5658e-06,7.1625e-06,6.0283e-08,3.3105e-07,9.2792e-07,3.8561e-06,7.1021e-06,8.4536e-06,8.1066e-06
P32,0.00,180.00,0.00,0.00,7.2506e-08,3.8619e-07,1.3054e-06,3.8815e-06,8.5985e-06,8.5851e-06,7.3414e-06,6.9809e-08,3.5088e-07,9.6852e-07,3.8897e-06,7.1264e-06,8.4719e-06,8.2290e-06
P32,30.00,180.00,0.00,0.00,7.6015e-08,3.6526e-07,1.2601e-06,3.8440e-06,8.5792e-06,8.5657e-06,7.1625e-06,7.3152e-08,3.3105e-07,9.2792e-07,3.8558e-06,7.1020e-06,8.4535e-06,8.1066e-06
P32,60.00,180.00,60.00,0.00,4.9179e-08,2.9042e-07,1.0770e-06,3.6779e-06,8.5042e-06,8.4906e-06,6.3987e-06,4.7660e-08,2.6079e-07,7.7355e-07,3.7051e-06,7.0053e-06,8.3843e-06,7.5676e-06
P32,60.00,135.00,30.00,0.00,7.1658e-08,2.9043e-07,1.0770e-06,3.6787e-06,8.5043e-06,8.4907e-06,6.3987e-06,6.9041e-08,2.6079e-07,7.7355e-07,3.7059e-06,7.0055e-06,8.3844e-06,7.5676e-06
P32,60.00,45.00,30.00,0.00,9.5508e-08,2.9044e-07,1.0770e-06,3.6800e-06,8.5045e-06,8.4908e-06,6.3987e-06,9.1969e-08,2.6079e-07,7.7355e-07,3.7074e-06,7.0058e-06,8.3845e-06,7.5677e-06
P32,60.00,90.00,60.00,0.00,6.6323e-08,2.9043e-07,1.0770e-06,3.6790e-06,8.5044e-06,8.4907e-06,6.3987e-06,6.4108e-08,2.6079e-07,7.7355e-07,3.7062e-06,7.0056e-06,8.3844e-06,7.5676e-06
P32,30.00,45.00,0.00,0.00,7.6015e-08,3.6526e-07,1.2601e-06,3.8440e-06,8.5792e-06,8.5657e-06,7.1625e-06,7.3152e-08,3.3105e-07,9.2792e-07,3.8558e-06,7.1020e-06,8.4535e-06,8.1066e-06
P32,0.00,45.00,30.00,0.00,6.8200e-08,3.8619e-07,1.3054e-06,3.8814e-06,8.5985e-06,8.5851e-06,7.3414e-06,6.5749e-08,3.5088e-07,9.6852e-07,3.8896e-06,7.1264e-06,8.4719e-06,8.2290e-06
P32,0.00,180.00,30.00,0.00,6.8200e-08,3.8619e-07,1.3054e-06,3.8814e-06,8.5985e-06,8.5851e-06,7.3414e-06,6.5749e-08,3.5088e-07,9.6852e-07,3.8896e-06,7.1264e-06,8.4719e-06,8.2290e-06
P32,30.00,90.00,60.00,0.00,5.3896e-08,3.6525e-07,1.2601e-06,3.8438e-06,8.5792e-06,8.5657e-06,7.1625e-06,5.2257e-08,3.3105e-07,9.2792e-07,3.8556e-06,7.1020e-06,8.4535e-06,8.1066e-06
P32,30.00,0.00,30.00,0.00,7.9584e-08,3.6526e-07,1.2601e-06,3.8444e-06,8.5792e-06,8.5658e-06,7.1625e-06,7.6664e-08,3.3105e-07,9.2792e-07,3.8562e-06,7.1021e-06,8.4536e-06,8.1066e-06
P33,0.00,180.00,30.00,0.00,6.7477e-08,3.0720e-07,9.6246e-07,4.5166e-06,9.5453e-06,9.5328e-06,7.6647e-06,6.5941e-08,2.8095e-07,7.1339e-07,4.5532e-06,8.1751e-06,9.4489e-06,8.6686e-06
P33,0.00,45.00,60.00,0.00,5.0669e-08,3.0719e-07,9.6246e-07,4.5164e-06,9.5453e-06,9.5327e-06,7.6647e-06,4.9942e-08,2.8095e-07,7.1339e-07,4.5530e-06,8.1751e-06,9.4489e-06,8.6686e-06
P33,60.00,45.00,0.00,0.00,7.5819e-08,2.5889e-07,8.1238e-07,4.2286e-06,9.1790e-06,9.1674e-06,6.6328e-06,7.4000e-08,2.3677e-07,6.0332e-07,4.2903e-06,7.9207e-06,9.1058e-06,7.7788e-06
P33,30.00,90.00,30.00,0.00,7.0380e-08,2.9643e-07,9.3019e-07,4.4661e-06,9.4842e-06,9.4718e-06,7.4576e-06,6.8749e-08,2.7106e-07,6.8945e-07,4.5077e-06,8.1342e-06,9.3921e-06,8.4981e-06
P33,30.00,0.00,0.00,0.00,7.3829e-08,2.9644e-07,9.3019e-07,4.4661e-06,9.4842e-06,9.4718e-06,7.4576e-06,7.2001e-08,2.7106e-07,6.8945e-07,4.5077e-06,8.1342e-06,9.3921e-06,8.4981e-06
P33,0.00,90.00,30.00,0.00,6.7477e-08,3.0720e-07,9.6246e-07,4.5166e-06,9.5453e-06,9.5328e-06,7.6647e-06,6.5941e-08,2.8095e-07,7.1339e-07,4.5532e-06,8.1751e-06,9.4489e-06,8.6686e-06
P33,0.00,135.00,0.00,0.00,7.1540e-08,3.0720e-07,9.6246e-07,4.5167e-06,9.5453e-06,9.5328e-06,7.6647e-06,6.9792e-08,2.8095e-07,7.1339e-07,4.5533e-06,8.1751e-06,9.4490e-06,8.6686e-06
P33,30.00,0.00,30.00,0.00,7.6364e-08,2.9644e-07,9.3019e-07,4.4663e-06,9.4842e-06,9.4718e-06,7.4576e-06,7.4555e-08,2.7106e-07,6.8945e-07,4.5080e-06,8.1343e-06,9.3921e-06,8.4981e-06
P33,0.00,0.00,30.00,0.00,6.7477e-08,3.0720e-07,9.6246e-07,4.5166e-06,9.5453e-06,9.5328e-06,7.6647e-06,6.5941e-08,2.8095e-07,7.1339e-07,4.5532e-06,8.1751e-06,9.4489e-06,8.6686e-06
P33,60.00,0.00,60.00,0.00,1.1079e-07,2.5890e-07,8.1238e-07,4.2307e-06,9.1791e-06,9.1675e-06,6.6328e-06,1.0853e-07,2.3677e-07,6.0332e-07,4.2927e-06,7.9211e-06,9.1059e-06,7.7789e-06
P33,60.00,135.00,30.00,0.00,6.6573e-08,2.5889e-07,8.1238e-07,4.2283e-06,9.1790e-06,9.1674e-06,6.6328e-06,6.5079e-08,2.3677e-07,6.0332e-07,4.2900e-06,7.9207e-06,9.1057e-06,7.7788e-06
P33,30.00,180.00,30.00,0.00,6.5797e-08,2.9643e-07,9.3019e-07,4.4658e-06,9.4842e-06,9.4717e-06,7.4576e-06,6.4307e-08,2.7106e-07,6.8945e-07,4.5075e-06,8.1342e-06,9.3921e-06,8.4981e-06
P33,60.00,180.00,30.00,0.00,6.4135e-08,2.5889e-07,8.1238e-07,4.2282e-06,9.1790e-06,9.1674e-06,6.6328e-06,6.2716e-08,2.3677e-07,6.0332e-07,4.2900e-06,7.9207e-06,9.1057e-06,7.7788e-06
P33,30.00,45.00,30.00,0.00,7.4415e-08,2.9644e-07,9.3019e-07,4.4662e-06,9.4842e-06,9.4718e-06,7.4576e-06,7.2661e-08,2.7106e-07,6.8945e-07,4.5079e-06,8.1343e-06,9.3921e-06,8.4981e-06
P33,30.00,180.00,0.00,0.00,7.3829e-08,2.9644e-07,9.3019e-07,4.4661e-06,9.4842e-06,9.4718e-06,7.4576e-06,7.2001e-08,2.7106e-07,6.8945e-07,4.5077e-06,8.1342e-06,9.3921e-06,8.4981e-06
P33,0.00,180.00,0.00,0.00,7.1540e-08,3.0720e-07,9.6246e-07,4.5167e-06,9.5453e-06,9.5328e-06,7.6647e-06,6.9792e-08,2.8095e-07,7.1339e-07,4.5533e-06,8.1751e-06,9.4490e-06,8.6686e-06
P33,30.00,135.00,60.00,0.00,4.9057e-08,2.9643e-07,9.3019e-07,4.4656e-06,9.4841e-06,9.4717e-06,7.4576e-06,4.8350e-08,2.7106e-07,6.8945e-07,4.5073e-06,8.1342e-06,9.3921e-06,8.4981e-06
P33,60.00,135.00,0.00,0.00,7.5819e-08,2.5889e-07,8.1238e-07,4.2286e-06,9.1790e-06,9.1674e-06,6.6328e-06,7.4000e-08,2.3677e-07,6.0332e-07,4.2903e-06,7.9207e-06,9.1058e-06,7.7788e-06
P33,0.00,90.00,60.00,0.00,5.0669e-08,3.0719e-07,9.6246e-07,4.5164e-06,9.5453e-06,9.5327e-06,7.6647e-06,4.9942e-08,2.8095e-07,7.1339e-07,4.5530e-06,8.1751e-06,9.4489e-06,8.6686e-06
P33,60.00,45.00,60.00,0.00,8.5779e-08,2.5889e-07,8.1238e-07,4.2294e-06,9.1791e-06,9.1674e-06,6.6328e-06,8.4057e-08,2.3677e-07,6.0332e-07,4.2912e-06,7.9209e-06,9.1058e-06,7.7788e-06
P33,60.00,180.00,60.00,0.00,4.7415e-08,2.5888e-07,8.1238e-07,4.2278e-06,9.1790e-06,9.1674e-06,6.6328e-06,4.6688e-08,2.3677e-07,6.0332e-07,4.2895e-06,7.9206e-06,9.1057e-06,7.7788e-06
P33,30.00,135.00,0.00,0.00,7.3829e-08,2.9644e-07,9.3019e-07,4.4661e-06,9.4842e-06,9.4718e-06,7.4576e-06,7.2001e-08,2.7106e-07,6.8945e-07,4.5077e-06,8.1342e-06,9.3921e-06,8.4981e-06
P33,30.00,45.00,60.00,0.00,6.0139e-08,2.9643e-07,9.3019e-07,4.4661e-06,9.4842e-06,9.4717e-06,7.4576e-06,5.9128e-08,2.7106e-07,6.8945e-07,4.5077e-06,8.1342e-06,9.3921e-06,8.4981e-06
P33,0.00,0.00,60.00,0.00,5.0669e-08,3.0719e-07,9.6246e-07,4.5164e-06,9.5453e-06,9.5327e-06,7.6647e-06,4.9942e-08,2.8095e-07,7.1339e-07,4.5530e-06,8.1751e-06,9.4489e-06,8.6686e-06
P33,0.00,135.00,30.00,0.00,6.7477e-08,3.0720e-07,9.6246e-07,4.5166e-06,9.5453e-06,9.5328e-06,7.6647e-06,6.5941e-08,2.8095e-07,7.1339e-07,4.5532e-06,8.1751e-06,9.4489e-06,8.6686e-06
P33,30.00,180.00,60.00,0.00,4.7642e-08,2.9643e-07,9.3019e-07,4.4656e-06,9.4841e-06,9.4717e-06,7.4576e-06,4.6978e-08,2.7106e-07,6.8945e-07,4.5072e-06,8.1342e-06,9.3921e-06,8.4981e-06
P33,60.00,45.00,30.00,0.00,8.5680e-08,2.5890e-07,8.1238e-07,4.2290e-06,9.1791e-06,9.1674e-06,6.6328e-06,8.3653e-08,2.3677e-07,6.0332e-07,4.2908e-06,7.9208e-06,9.1058e-06,7.7788e-06
P33,60.00,180.00,0.00,0.00,7.5819e-08,2.5889e-07,8.1238e-07,4.2286e-06,9.1790e-06,9.1674e-06,6.6328e-06,7.4000e-08,2.3677e-07,6.0332e-07,4.2903e-06,7.9207e-06,9.1058e-06,7.7788e-06
P33,30.00,135.00,30.00,0.00,6.7024e-08,2.9643e-07,9.3019e-07,4.4659e-06,9.4842e-06,9.4717e-06,7.4576e-06,6.5496e-08,2.7106e-07,6.8945e-07,4.5076e-06,8.1342e-06,9.3921e-06,8.4981e-06
P33,30.00,90.00,60.00,0.00,5.3463e-08,2.9643e-07,9.3019e-07,4.4658e-06,9.4841e-06,9.4717e-06,7.4576e-06,5.2630e-08,2.7106e-07,6.8945e-07,4.5074e-06,8.1342e-06,9.3921e-06,8.4981e-06
P33,60.00,90.00,60.00,0.00,6.0605e-08,2.5889e-07,8.1238e-07,4.2283e-06,9.1790e-06,9.1674e-06,6.6328e-06,5.9504e-08,2.3677e-07,6.0332e-07,4.2901e-06,7.9207e-06,9.1057e-06,7.7788e-06
P33,60.00,0.00,30.00,0.00,9.2402e-08,2.5890e-07,8.1238e-07,4.2293e-06,9.1791e-06,9.1675e-06,6.6328e-06,9.0203e-08,2.3677e-07,6.0332e-07,4.2911e-06,7.9208e-06,9.1058e-06,7.7789e-06
P33,0.00,90.00,0.00,0.00,7.1540e-08,3.0720e-07,9.6246e-07,4.5167e-06,9.5453e-06,9.5328e-06,7.6647e-06,6.9792e-08,2.8095e-07,7.1339e-07,4.5533e-06,8.1751e-06,9.4490e-06,8.6686e-06
P33,0.00,135.00,60.00,0.00,5.0669e-08,3.0719e-07,9.6246e-07,4.5164e-06,9.5453e-06,9.5327e-06,7.6647e-06,4.9942e-08,2.8095e-07,7.1339e-07,4.5530e-06,8.1751e-06,9.4489e-06,8.6686e-06
P33,60.00,0.00,0.00,0.00,7.5819e-08,2.5889e-07,8.1238e-07,4.2286e-06,9.1790e-06,9.1674e-06,6.6328e-06,7.4000e-08,2.3677e-07,6.0332e-07,4.2903e-06,7.9207e-06,9.1058e-06,7.7788e-06
P33,60.00,90.00,30.00,0.00,7.4171e-08,2.5889e-07,8.1238e-07,4.2286e-06,9.1790e-06,9.1674e-06,6.6328e-06,7.2457e-08,2.3677e-07,6.0332e-07,4.2903e-06,7.9207e-06,9.1058e-06,7.7788e-06
P33,60.00,135.00,60.00,0.00,5.0159e-08,2.5889e-07,8.1238e-07,4.2280e-06,9.1790e-06,9.1674e-06,6.6328e-06,4.9351e-08,2.3677e-07,6.0332e-07,4.2897e-06,7.9206e-06,9.1057e-06,7.7788e-06
P33,0.00,45.00,30.00,0.00,6.7477e-08,3.0720e-07,9.6246e-07,4.5166e-06,9.5453e-06,9.5328e-06,7.6647e-06,6.5941e-08,2.8095e-07,7.1339e-07,4.5532e-06,8.1751e-06,9.4489e-06,8.6686e-06
P33,0.00,180.00,60.00,0.00,5.0669e-08,3.0719e-07,9.6246e-07,4.5164e-06,9.5453e-06,9.5327e-06,7.6647e-06,4.9942e-08,2.8095e-07,7.1339e-07,4.5530e-06,8.1751e-06,9.4489e-06,8.6686e-06
P33,0.00,45.00,0.00,0.00,7.1540e-08,3.0720e-07,9.6246e-07,4.5167e-06,9.5453e-06,9.5328e-06,7.6647e-06,6.9792e-08,2.8095e-07,7.1339e-07,4.5533e-06,8.1751e-06,9.4490e-06,8.6686e-06
P33,0.00,0.00,0.00,0.00,7.1540e-08,3.0720e-07,9.6246e-07,4.5167e-06,9.5453e-06,9.5328e-06,7.6647e-06,6.9792e-08,2.8095e-07,7.1339e-07,4.5533e-06,8.1751e-06,9.4490e-06,8.6686e-06
P33,30.00,0.00,60.00,0.00,6.4038e-08,2.9643e-07,9.3019e-07,4.4662e-06,9.4842e-06,9.4718e-06,7.4576e-06,6.2927e-08,2.7106e-07,6.8945e-07,4.5079e-06,8.1343e-06,9.3921e-06,8.4981e-06
P33,30.00,45.00,0.00,0.00,7.3829e-08,2.9644e-07,9.3019e-07,4.4661e-06,9.4842e-06,9.4718e-06,7.4576e-06,7.2001e-08,2.7106e-07,6.8945e-07,4.5077e-06,8.1342e-06,9.3921e-06,8.4981e-06
P33,60.00,90.00,0.00,0.00,7.5819e-08,2.5889e-07,8.1238e-07,4.2286e-06,9.1790e-06,9.1674e-06,6.6328e-06,7.4000e-08,2.3677e-07,6.0332e-07,4.2903e-06,7.9207e-06,9.1058e-06,7.7788e-06
P33,30.00,90.00,0.00,0.00,7.3829e-08,2.9644e-07,9.3019e-07,4.4661e-06,9.4842e-06,9.4718e-06,7.4576e-06,7.2001e-08,2.7106e-07,6.8945e-07,4.5077e-06,8.1342e-06,9.3921e-06,8.4981e-06
P34,60.00,180.00,30.00,0.00,7.2991e-08,2.5873e-07,8.6041e-07,4.9313e-06,1.0153e-05,1.0141e-05,7.2889e-06,7.1654e-08,2.3465e-07,6.2237e-07,4.9901e-06,8.9040e-06,1.0086e-05,8.5700e-06
P34,0.00,45.00,30.00,0.00,7.8730e-08,3.1635e-07,1.0509e-06,5.3301e-06,1.0647e-05,1.0635e-05,8.4358e-06,7.7302e-08,2.8708e-07,7.5633e-07,5.3652e-06,9.3091e-06,1.0560e-05,9.5620e-06
P34,0.00,0.00,30.00,0.00,7.8730e-08,3.1635e-07,1.0509e-06,5.3301e-06,1.0647e-05,1.0635e-05,8.4358e-06,7.7302e-08,2.8708e-07,7.5633e-07,5.3652e-06,9.3091e-06,1.0560e-05,9.5620e-06
P34,60.00,135.00,30.00,0.00,7.5449e-08,2.5873e-07,8.6041e-07,4.9314e-06,1.0153e-05,1.0141e-05,7.2889e-06,7.4035e-08,2.3465e-07,6.2237e-07,4.9902e-06,8.9041e-06,1.0086e-05,8.5700e-06
P34,0.00,90.00,60.00,0.00,6.2149e-08,3.1635e-07,1.0509e-06,5.3299e-06,1.0647e-05,1.0635e-05,8.4358e-06,6.1509e-08,2.8708e-07,7.5633e-07,5.3650e-06,9.3090e-06,1.0560e-05,9.5620e-06
P34,0.00,135.00,60.00,0.00,6.2149e-08,3.1635e-07,1.0509e-06,5.3299e-06,1.0647e-05,1.0635e-05,8.4358e-06,6.1509e-08,2.8708e-07,7.5633e-07,5.3650e-06,9.3090e-06,1.0560e-05,9.5620e-06
P34,30.00,180.00,30.00,0.00,7.6471e-08,3.0344e-07,1.0093e-06,5.2534e-06,1.0555e-05,1.0543e-05,8.2052e-06,7.5087e-08,2.7530e-07,7.2643e-07,5.2930e-06,9.2334e-06,1.0472e-05,9.3681e-06
P34,60.00,135.00,60.00,0.00,5.9127e-08,2.5873e-07,8.6041e-07,4.9311e-06,1.0153e-05,1.0141e-05,7.2889e-06,5.8391e-08,2.3465e-07,6.2237e-07,4.9898e-06,8.9040e-06,1.0086e-05,8.5700e-06
P34,30.00,0.00,0.00,0.00,8.4434e-08,3.0345e-07,1.0093e-06,5.2536e-06,1.0555e-05,1.0543e-05,8.2052e-06,8.2718e-08,2.7530e-07,7.2643e-07,5.2933e-06,9.2335e-06,1.0472e-05,9.3681e-06
P34,30.00,180.00,60.00,0.00,5.8494e-08,3.0344e-07,1.0093e-06,5.2532e-06,1.0555e-05,1.0543e-05,8.2052e-06,5.7920e-08,2.7530e-07,7.2643e-07,5.2928e-06,9.2334e-06,1.0472e-05,9.3680e-06
P34,30.00,0.00,30.00,0.00,8.7086e-08,3.0345e-07,1.0093e-06,5.2538e-06,1.0556e-05,1.0543e-05,8.2052e-06,8.5371e-08,2.7530e-07,7.2643e-07,5.2936e-06,9.2335e-06,1.0472e-05,9.3681e-06
P34,30.00,180.00,0.00,0.00,8.4434e-08,3.0345e-07,1.0093e-06,5.2536e-06,1.0555e-05,1.0543e-05,8.2052e-06,8.2718e-08,2.7530e-07,7.2643e-07,5.2933e-06,9.2335e-06,1.0472e-05,9.3681e-06
P34,30.00,135.00,0.00,0.00,8.4434e-08,3.0345e-07,1.0093e-06,5.2536e-06,1.0555e-05,1.0543e-05,8.2052e-06,8.2718e-08,2.7530e-07,7.2643e-07,5.2933e-06,9.2335e-06,1.0472e-05,9.3681e-06
P34,60.00,180.00,0.00,0.00,8.4696e-08,2.5873e-07,8.6041e-07,4.9317e-06,1.0153e-05,1.0141e-05,7.2889e-06,8.2954e-08,2.3465e-07,6.2237e-07,4.9905e-06,8.9041e-06,1.0086e-05,8.5700e-06
P34,0.00,135.00,0.00,0.00,8.2706e-08,3.1635e-07,1.0509e-06,5.3302e-06,1.0647e-05,1.0635e-05,8.4358e-06,8.1076e-08,2.8708e-07,7.5633e-07,5.3653e-06,9.3091e-06,1.0560e-05,9.5620e-06
P34,60.00,45.00,0.00,0.00,8.4696e-08,2.5873e-07,8.6041e-07,4.9317e-06,1.0153e-05,1.0141e-05,7.2889e-06,8.2954e-08,2.3465e-07,6.2237e-07,4.9905e-06,8.9041e-06,1.0086e-05,8.5700e-06
P34,30.00,90.00,60.00,0.00,6.4384e-08,3.0344e-07,1.0093e-06,5.2533e-06,1.0555e-05,1.0543e-05,8.2052e-06,6.3631e-08,2.7530e-07,7.2643e-07,5.2930e-06,9.2334e-06,1.0472e-05,9.3681e-06
P34,0.00,45.00,0.00,0.00,8.2706e-08,3.1635e-07,1.0509e-06,5.3302e-06,1.0647e-05,1.0635e-05,8.4358e-06,8.1076e-08,2.8708e-07,7.5633e-07,5.3653e-06,9.3091e-06,1.0560e-05,9.5620e-06
P34,30.00,135.00,60.00,0.00,5.9925e-08,3.0344e-07,1.0093e-06,5.2532e-06,1.0555e-05,1.0543e-05,8.2052e-06,5.9306e-08,2.7530e-07,7.2643e-07,5.2929e-06,9.2334e-06,1.0472e-05,9.3680e-06
P34,60.00,90.00,30.00,0.00,8.3105e-08,2.5873e-07,8.6041e-07,4.9316e-06,1.0153e-05,1.0141e-05,7.2889e-06,8.1461e-08,2.3465e-07,6.2237e-07,4.9905e-06,8.9041e-06,1.0086e-05,8.5700e-06
P34,0.00,0.00,60.00,0.00,6.2149e-08,3.1635e-07,1.0509e-06,5.3299e-06,1.0647e-05,1.0635e-05,8.4358e-06,6.1509e-08,2.8708e-07,7.5633e-07,5.3650e-06,9.3090e-06,1.0560e-05,9.5620e-06
P34,60.00,0.00,30.00,0.00,1.0148e-07,2.5874e-07,8.6041e-07,4.9324e-06,1.0153e-05,1.0141e-05,7.2889e-06,9.9330e-08,2.3465e-07,6.2237e-07,4.9913e-06,8.9042e-06,1.0086e-05,8.5700e-06
P34,60.00,0.00,0.00,0.00,8.4696e-08,2.5873e-07,8.6041e-07,4.9317e-06,1.0153e-05,1.0141e-05,7.2889e-06,8.2954e-08,2.3465e-07,6.2237e-07,4.9905e-06,8.9041e-06,1.0086e-05,8.5700e-06
P34,0.00,0.00,0.00,0.00,8.2706e-08,3.1635e-07,1.0509e-06,5.3302e-06,1.0647e-05,1.0635e-05,8.4358e-06,8.1076e-08,2.8708e-07,7.5633e-07,5.3653e-06,9.3091e-06,1.0560e-05,9.5620e-06
P34,60.00,45.00,60.00,0.00,9.5127e-08,2.5874e-07,8.6041e-07,4.9324e-06,1.0153e-05,1.0141e-05,7.2889e-06,9.3417e-08,2.3465e-07,6.2237e-07,4.9914e-06,8.9042e-06,1.0086e-05,8.5700e-06
P34,0.00,180.00,0.00,0.00,8.2706e-08,3.1635e-07,1.0509e-06,5.3302e-06,1.0647e-05,1.0635e-05,8.4358e-06,8.1076e-08,2.8708e-07,7.5633e-07,5.3653e-06,9.3091e-06,1.0560e-05,9.5620e-06
P34,60.00,90.00,0.00,0.00,8.4696e-08,2.5873e-07,8.6041e-07,4.9317e-06,1.0153e-05,1.0141e-05,7.2889e-06,8.2954e-08,2.3465e-07,6.2237e-07,4.9905e-06,8.9041e-06,1.0086e-05,8.5700e-06
P34,60.00,90.00,60.00,0.00,6.9688e-08,2.5873e-07,8.6041e-07,4.9314e-06,1.0153e-05,1.0141e-05,7.2889e-06,6.8641e-08,2.3465e-07,6.2237e-07,4.9902e-06,8.9041e-06,1.0086e-05,8.5700e-06
P34,0.00,45.00,60.00,0.00,6.2149e-08,3.1635e-07,1.0509e-06,5.3299e-06,1.0647e-05,1.0635e-05,8.4358e-06,6.1509e-08,2.8708e-07,7.5633e-07,5.3650e-06,9.3090e-06,1.0560e-05,9.5620e-06
P34,30.00,0.00,60.00,0.00,7.5088e-08,3.0344e-07,1.0093e-06,5.2538e-06,1.0556e-05,1.0543e-05,8.2052e-06,7.4041e-08,2.7530e-07,7.2643e-07,5.2935e-06,9.2335e-06,1.0472e-05,9.3681e-06
P34,30.00,45.00,30.00,0.00,8.5126e-08,3.0345e-07,1.0093e-06,5.2537e-06,1.0556e-05,1.0543e-05,8.2052e-06,8.3470e-08,2.7530e-07,7.2643e-07,5.2935e-06,9.2335e-06,1.0472e-05,9.3681e-06
P34,30.00,45.00,60.00,0.00,7.1141e-08,3.0344e-07,1.0093e-06,5.2536e-06,1.0555e-05,1.0543e-05,8.2052e-06,7.0199e-08,2.7530e-07,7.2643e-07,5.2933e-06,9.2335e-06,1.0472e-05,9.3681e-06
P34,30.00,90.00,0.00,0.00,8.4434e-08,3.0345e-07,1.0093e-06,5.2536e-06,1.0555e-05,1.0543e-05,8.2052e-06,8.2718e-08,2.7530e-07,7.2643e-07,5.2933e-06,9.2335e-06,1.0472e-05,9.3681e-06
P34,0.00,180.00,30.00,0.00,7.8730e-08,3.1635e-07,1.0509e-06,5.3301e-06,1.0647e-05,1.0635e-05,8.4358e-06,7.7302e-08,2.8708e-07,7.5633e-07,5.3652e-06,9.3091e-06,1.0560e-05,9.5620e-06
P34,30.00,90.00,30.00,0.00,8.1073e-08,3.0344e-07,1.0093e-06,5.2536e-06,1.0555e-05,1.0543e-05,8.2052e-06,7.9543e-08,2.7530e-07,7.2643e-07,5.2933e-06,9.2335e-06,1.0472e-05,9.3681e-06
P34,60.00,45.00,30.00,0.00,9.4707e-08,2.5874e-07,8.6041e-07,4.9321e-06,1.0153e-05,1.0141e-05,7.2889e-06,9.2736e-08,2.3465e-07,6.2237e-07,4.9910e-06,8.9042e-06,1.0086e-05,8.5700e-06
P34,60.00,180.00,60.00,0.00,5.6350e-08,2.5873e-07,8.6041e-07,4.9309e-06,1.0153e-05,1.0141e-05,7.2889e-06,5.5699e-08,2.3465e-07,6.2237e-07,4.9897e-06,8.9040e-06,1.0086e-05,8.5700e-06
P34,0.00,90.00,30.00,0.00,7.8730e-08,3.1635e-07,1.0509e-06,5.3301e-06,1.0647e-05,1.0635e-05,8.4358e-06,7.7302e-08,2.8708e-07,7.5633e-07,5.3652e-06,9.3091e-06,1.0560e-05,9.5620e-06
P34,30.00,45.00,0.00,0.00,8.4434e-08,3.0345e-07,1.0093e-06,5.2536e-06,1.0555e-05,1.0543e-05,8.2052e-06,8.2718e-08,2.7530e-07,7.2643e-07,5.2933e-06,9.2335e-06,1.0472e-05,9.3681e-06
P34,60.00,135.00,0.00,0.00,8.4696e-08,2.5873e-07,8.6041e-07,4.9317e-06,1.0153e-05,1.0141e-05,7.2889e-06,8.2954e-08,2.3465e-07,6.2237e-07,4.9905e-06,8.9041e-06,1.0086e-05,8.5700e-06
P34,30.00,135.00,30.00,0.00,7.7703e-08,3.0344e-07,1.0093e-06,5.2535e-06,1.0555e-05,1.0543e-05,8.2052e-06,7.6279e-08,2.7530e-07,7.2643e-07,5.2931e-06,9.2335e-06,1.0472e-05,9.3681e-06
P34,0.00,180.00,60.00,0.00,6.2149e-08,3.1635e-07,1.0509e-06,5.3299e-06,1.0647e-05,1.0635e-05,8.4358e-06,6.1509e-08,2.8708e-07,7.5633e-07,5.3650e-06,9.3090e-06,1.0560e-05,9.5620e-06
P34,0.00,135.00,30.00,0.00,7.8730e-08,3.1635e-07,1.0509e-06,5.3301e-06,1.0647e-05,1.0635e-05,8.4358e-06,7.7302e-08,2.8708e-07,7.5633e-07,5.3652e-06,9.3091e-06,1.0560e-05,9.5620e-06
P34,60.00,0.00,60.00,0.00,1.2038e-07,2.5874e-07,8.6041e-07,4.9337e-06,1.0153e-05,1.0141e-05,7.2889e-06,1.1809e-07,2.3465e-07,6.2237e-07,4.9928e-06,8.9045e-06,1.0086e-05,8.5700e-06
P34,0.00,90.00,0.00,0.00,8.2706e-08,3.1635e-07,1.0509e-06,5.3302e-06,1.0647e-05,1.0635e-05,8.4358e-06,8.1076e-08,2.8708e-07,7.5633e-07,5.3653e-06,9.3091e-06,1.0560e-05,9.5620e-06
P35,60.00,90.00,30.00,0.00,7.8407e-08,2.2574e-07,7.8607e-07,3.3170e-06,7.9646e-06,7.9519e-06,5.6816e-06,7.5368e-08,2.0436e-07,5.6701e-07,3.3660e-06,6.5773e-06,7.8643e-06,6.7952e-06
P35,0.00,0.00,60.00,0.00,4.7112e-08,2.7970e-07,9.5623e-07,3.5536e-06,8.1351e-06,8.1222e-06,6.5847e-06,4.5635e-08,2.5375e-07,6.9623e-07,3.5805e-06,6.7242e-06,8.0206e-06,7.5146e-06
P35,30.00,45.00,60.00,0.00,5.9600e-08,2.6746e-07,9.2060e-07,3.5145e-06,8.1080e-06,8.0951e-06,6.4063e-06,5.7614e-08,2.4245e-07,6.6827e-07,3.5460e-06,6.7017e-06,7.9959e-06,7.3793e-06
P35,0.00,180.00,30.00,0.00,6.5531e-08,2.7971e-07,9.5624e-07,3.5538e-06,8.1351e-06,8.1222e-06,6.5847e-06,6.3042e-08,2.5375e-07,6.9623e-07,3.5807e-06,6.7242e-06,8.0206e-06,7.5147e-06
P35,30.00,90.00,30.00,0.00,6.9792e-08,2.6747e-07,9.2060e-07,3.5143e-06,8.1079e-06,8.0951e-06,6.4063e-06,6.7115e-08,2.4245e-07,6.6827e-07,3.5457e-06,6.7017e-06,7.9959e-06,7.3792e-06
P35,60.00,180.00,0.00,0.00,7.9909e-08,2.2574e-07,7.8607e-07,3.3170e-06,7.9646e-06,7.9519e-06,5.6816e-06,7.6763e-08,2.0436e-07,5.6701e-07,3.3660e-06,6.5773e-06,7.8643e-06,6.7952e-06
P35,30.00,0.00,0.00,0.00,7.3385e-08,2.6747e-07,9.2061e-07,3.5143e-06,8.1079e-06,8.0951e-06,6.4063e-06,7.0481e-08,2.4245e-07,6.6827e-07,3.5457e-06,6.7016e-06,7.9959e-06,7.3792e-06
P35,30.00,135.00,0.00,0.00,7.3385e-08,2.6747e-07,9.2061e-07,3.5143e-06,8.1079e-06,8.0951e-06,6.4063e-06,7.0481e-08,2.4245e-07,6.6827e-07,3.5457e-06,6.7016e-06,7.9959e-06,7.3792e-06
P35,60.00,0.00,30.00,0.00,1.0123e-07,2.2575e-07,7.8607e-07,3.3184e-06,7.9648e-06,7.9521e-06,5.6816e-06,9.7346e-08,2.0436e-07,5.6701e-07,3.3674e-06,6.5776e-06,7.8644e-06,6.7953e-06
P35,0.00,45.00,0.00,0.00,6.9845e-08,2.7971e-07,9.5624e-07,3.5539e-06,8.1351e-06,8.1223e-06,6.5847e-06,6.7108e-08,2.5375e-07,6.9623e-07,3.5808e-06,6.7242e-06,8.0206e-06,7.5147e-06
P35,0.00,45.00,30.00,0.00,6.5531e-08,2.7971e-07,9.5624e-07,3.5538e-06,8.1351e-06,8.1222e-06,6.5847e-06,6.3042e-08,2.5375e-07,6.9623e-07,3.5807e-06,6.7242e-06,8.0206e-06,7.5147e-06
P35,0.00,135.00,60.00,0.00,4.7112e-08,2.7970e-07,9.5623e-07,3.5536e-06,8.1351e-06,8.1222e-06,6.5847e-06,4.5635e-08,2.5375e-07,6.9623e-07,3.5805e-06,6.7242e-06,8.0206e-06,7.5146e-06
P35,60.00,90.00,0.00,0.00,7.9909e-08,2.2574e-07,7.8607e-07,3.3170e-06,7.9646e-06,7.9519e-06,5.6816e-06,7.6763e-08,2.0436e-07,5.6701e-07,3.3660e-06,6.5773e-06,7.8643e-06,6.7952e-06
P35,30.00,180.00,0.00,0.00,7.3385e-08,2.6747e-07,9.2061e-07,3.5143e-06,8.1079e-06,8.0951e-06,6.4063e-06,7.0481e-08,2.4245e-07,6.6827e-07,3.5457e-06,6.7016e-06,7.9959e-06,7.3792e-06
P35,60.00,90.00,60.00,0.00,6.3552e-08,2.2573e-07,7.8607e-07,3.3169e-06,7.9646e-06,7.9519e-06,5.6816e-06,6.1300e-08,2.0436e-07,5.6701e-07,3.3658e-06,6.5773e-06,7.8642e-06,6.7952e-06
P35,0.00,45.00,60.00,0.00,4.7112e-08,2.7970e-07,9.5623e-07,3.5536e-06,8.1351e-06,8.1222e-06,6.5847e-06,4.5635e-08,2.5375e-07,6.9623e-07,3.5805e-06,6.7242e-06,8.0206e-06,7.5146e-06
P35,60.00,180.00,30.00,0.00,6.5842e-08,2.2573e-07,7.8607e-07,3.3164e-06,7.9646e-06,7.9519e-06,5.6816e-06,6.3305e-08,2.0436e-07,5.6701e-07,3.3653e-06,6.5772e-06,7.8642e-06,6.7952e-06
P35,0.00,135.00,30.00,0.00,6.5531e-08,2.7971e-07,9.5624e-07,3.5538e-06,8.1351e-06,8.1222e-06,6.5847e-06,6.3042e-08,2.5375e-07,6.9623e-07,3.5807e-06,6.7242e-06,8.0206e-06,7.5147e-06
P35,0.00,180.00,0.00,0.00,6.9845e-08,2.7971e-07,9.5624e-07,3.5539e-06,8.1351e-06,8.1223e-06,6.5847e-06,6.7108e-08,2.5375e-07,6.9623e-07,3.5808e-06,6.7242e-06,8.0206e-06,7.5147e-06
P35,30.00,180.00,60.00,0.00,4.3955e-08,2.6746e-07,9.2059e-07,3.5137e-06,8.1079e-06,8.0950e-06,6.4063e-06,4.2572e-08,2.4245e-07,6.6827e-07,3.5451e-06,6.7016e-06,7.9958e-06,7.3792e-06
P35,60.00,45.00,30.00,0.00,9.2815e-08,2.2574e-07,7.8607e-07,3.3179e-06,7.9647e-06,7.9520e-06,5.6816e-06,8.9236e-08,2.0436e-07,5.6701e-07,3.3669e-06,6.5775e-06,7.8643e-06,6.7953e-06
P35,60.00,0.00,60.00,0.00,1.2883e-07,2.2576e-07,7.8607e-07,3.3216e-06,7.9651e-06,7.9524e-06,5.6816e-06,1.2432e-07,2.0436e-07,5.6701e-07,3.3710e-06,6.5783e-06,7.8648e-06,6.7954e-06
P35,0.00,90.00,30.00,0.00,6.5531e-08,2.7971e-07,9.5624e-07,3.5538e-06,8.1351e-06,8.1222e-06,6.5847e-06,6.3042e-08,2.5375e-07,6.9623e-07,3.5807e-06,6.7242e-06,8.0206e-06,7.5147e-06
P35,30.00,90.00,60.00,0.00,5.1243e-08,2.6746e-07,9.2060e-07,3.5140e-06,8.1079e-06,8.0951e-06,6.4063e-06,4.9570e-08,2.4245e-07,6.6827e-07,3.5454e-06,6.7016e-06,7.9958e-06,7.3792e-06
P35,0.00,90.00,60.00,0.00,4.7112e-08,2.7970e-07,9.5623e-07,3.5536e-06,8.1351e-06,8.1222e-06,6.5847e-06,4.5635e-08,2.5375e-07,6.9623e-07,3.5805e-06,6.7242e-06,8.0206e-06,7.5146e-06
P35,60.00,135.00,60.00,0.00,4.9944e-08,2.2573e-07,7.8607e-07,3.3161e-06,7.9645e-06,7.9518e-06,5.6816e-06,4.8235e-08,2.0436e-07,5.6701e-07,3.3650e-06,6.5772e-06,7.8642e-06,6.7952e-06
P35,60.00,135.00,0.00,0.00,7.9909e-08,2.2574e-07,7.8607e-07,3.3170e-06,7.9646e-06,7.9519e-06,5.6816e-06,7.6763e-08,2.0436e-07,5.6701e-07,3.3660e-06,6.5773e-06,7.8643e-06,6.7952e-06
P35,0.00,90.00,0.00,0.00,6.9845e-08,2.7971e-07,9.5624e-07,3.5539e-06,8.1351e-06,8.1223e-06,6.5847e-06,6.7108e-08,2.5375e-07,6.9623e-07,3.5808e-06,6.7242e-06,8.0206e-06,7.5147e-06
P35,30.00,45.00,30.00,0.00,7.4623e-08,2.6747e-07,9.2061e-07,3.5145e-06,8.1079e-06,8.0951e-06,6.4063e-06,7.1756e-08,2.4245e-07,6.6827e-07,3.5460e-06,6.7017e-06,7.9959e-06,7.3793e-06
P35,60.00,45.00,60.00,0.00,9.6322e-08,2.2574e-07,7.8607e-07,3.3190e-06,7.9648e-06,7.9521e-06,5.6816e-06,9.2880e-08,2.0436e-07,5.6701e-07,3.3681e-06,6.5777e-06,7.8645e-06,6.7953e-06
P35,30.00,0.00,60.00,0.00,6.4479e-08,2.6747e-07,9.2060e-07,3.5148e-06,8.1080e-06,8.0951e-06,6.4063e-06,6.2317e-08,2.4245e-07,6.6827e-07,3.5463e-06,6.7018e-06,7.9959e-06,7.3793e-06
P35,30.00,180.00,30.00,0.00,6.4302e-08,2.6747e-07,9.2060e-07,3.5139e-06,8.1079e-06,8.0950e-06,6.4063e-06,6.1845e-08,2.4245e-07,6.6827e-07,3.5453e-06,6.7016e-06,7.9958e-06,7.3792e-06
P35,30.00,0.00,30.00,0.00,7.6958e-08,2.6747e-07,9.2061e-07,3.5147e-06,8.1080e-06,8.0951e-06,6.4063e-06,7.4001e-08,2.4245e-07,6.6827e-07,3.5461e-06,6.7017e-06,7.9959e-06,7.3793e-06
P35,0.00,135.00,0.00,0.00,6.9845e-08,2.7971e-07,9.5624e-07,3.5539e-06,8.1351e-06,8.1223e-06,6.5847e-06,6.7108e-08,2.5375e-07,6.9623e-07,3.5808e-06,6.7242e-06,8.0206e-06,7.5147e-06
P35,60.00,180.00,60.00,0.00,4.6367e-08,2.2573e-07,7.8606e-07,3.3158e-06,7.9645e-06,7.9518e-06,5.6816e-06,4.4804e-08,2.0436e-07,5.6701e-07,3.3646e-06,6.5771e-06,7.8641e-06,6.7952e-06
P35,60.00,135.00,30.00,0.00,6.8895e-08,2.2573e-07,7.8607e-07,3.3166e-06,7.9646e-06,7.9519e-06,5.6816e-06,6.6233e-08,2.0436e-07,5.6701e-07,3.3654e-06,6.5772e-06,7.8642e-06,6.7952e-06
P35,0.00,0.00,0.00,0.00,6.9845e-08,2.7971e-07,9.5624e-07,3.5539e-06,8.1351e-06,8.1223e-06,6.5847e-06,6.7108e-08,2.5375e-07,6.9623e-07,3.5808e-06,6.7242e-06,8.0206e-06,7.5147e-06
P35,60.00,45.00,0.00,0.00,7.9909e-08,2.2574e-07,7.8607e-07,3.3170e-06,7.9646e-06,7.9519e-06,5.6816e-06,7.6763e-08,2.0436e-07,5.6701e-07,3.3660e-06,6.5773e-06,7.8643e-06,6.7952e-06
P35,30.00,135.00,60.00,0.00,4.5727e-08,2.6746e-07,9.2059e-07,3.5138e-06,8.1079e-06,8.0950e-06,6.4063e-06,4.4271e-08,2.4245e-07,6.6827e-07,3.5451e-06,6.7016e-06,7.9958e-06,7.3792e-06
P35,30.00,135.00,30.00,0.00,6.5772e-08,2.6747e-07,9.2060e-07,3.5141e-06,8.1079e-06,8.0951e-06,6.4063e-06,6.3256e-08,2.4245e-07,6.6827e-07,3.5455e-06,6.7016e-06,7.9958e-06,7.3792e-06
P35,0.00,180.00,60.00,0.00,4.7112e-08,2.7970e-07,9.5623e-07,3.5536e-06,8.1351e-06,8.1222e-06,6.5847e-06,4.5635e-08,2.5375e-07,6.9623e-07,3.5805e-06,6.7242e-06,8.0206e-06,7.5146e-06
P35,0.00,0.00,30.00,0.00,6.5531e-08,2.7971e-07,9.5624e-07,3.5538e-06,8.1351e-06,8.1222e-06,6.5847e-06,6.3042e-08,2.5375e-07,6.9623e-07,3.5807e-06,6.7242e-06,8.0206e-06,7.5147e-06
P35,30.00,45.00,0.00,0.00,7.3385e-08,2.6747e-07,9.2061e-07,3.5143e-06,8.1079e-06,8.0951e-06,6.4063e-06,7.0481e-08,2.4245e-07,6.6827e-07,3.5457e-06,6.7016e-06,7.9959e-06,7.3792e-06
P35,60.00,0.00,0.00,0.00,7.9909e-08,2.2574e-07,7.8607e-07,3.3170e-06,7.9646e-06,7.9519e-06,5.6816e-06,7.6763e-08,2.0436e-07,5.6701e-07,3.3660e-06,6.5773e-06,7.8643e-06,6.7952e-06
P35,30.00,90.00,0.00,0.00,7.3385e-08,2.6747e-07,9.2061e-07,3.5143e-06,8.1079e-06,8.0951e-06,6.4063e-06,7.0481e-08,2.4245e-07,6.6827e-07,3.5457e-06,6.7016e-06,7.9959e-06,7.3792e-06
P36,30.00,90.00,30.00,0.00,7.3210e-08,2.9675e-07,9.9743e-07,4.1988e-06,9.1170e-06,9.1042e-06,7.2560e-06,7.0942e-08,2.6924e-07,7.3000e-07,4.2256e-06,7.7230e-06,9.0144e-06,8.2546e-06
P36,30.00,135.00,60.00,0.00,5.0100e-08,2.9674e-07,9.9743e-07,4.1983e-06,9.1170e-06,9.1042e-06,7.2560e-06,4.8946e-08,2.6924e-07,7.3000e-07,4.2251e-06,7.7229e-06,9.0144e-06,8.2546e-06
P36,0.00,180.00,30.00,0.00,6.9698e-08,3.1056e-07,1.0339e-06,4.2590e-06,9.1728e-06,9.1600e-06,7.4451e-06,6.7583e-08,2.8211e-07,7.5905e-07,4.2819e-06,7.7741e-06,9.0676e-06,8.4077e-06
P36,30.00,45.00,30.00,0.00,7.7775e-08,2.9675e-07,9.9743e-07,4.1990e-06,9.1170e-06,9.1042e-06,7.2560e-06,7.5342e-08,2.6924e-07,7.3000e-07,4.2258e-06,7.7231e-06,9.0144e-06,8.2546e-06
P36,30.00,0.00,0.00,0.00,7.6739e-08,2.9675e-07,9.9743e-07,4.1988e-06,9.1170e-06,9.1042e-06,7.2560e-06,7.4257e-08,2.6924e-07,7.3000e-07,4.2256e-06,7.7230e-06,9.0144e-06,8.2546e-06
P36,60.00,0.00,30.00,0.00,1.0040e-07,2.4801e-07,8.5990e-07,3.9410e-06,8.8791e-06,8.8664e-06,6.5035e-06,9.7183e-08,2.2419e-07,6.2279e-07,3.9832e-06,7.5064e-06,8.7886e-06,7.6229e-06
P36,30.00,45.00,60.00,0.00,6.3022e-08,2.9674e-07,9.9743e-07,4.1990e-06,9.1170e-06,9.1042e-06,7.2560e-06,6.1420e-08,2.6924e-07,7.3000e-07,4.2258e-06,7.7231e-06,9.0144e-06,8.2546e-06
P36,0.00,135.00,60.00,0.00,5.1850e-08,3.1056e-07,1.0339e-06,4.2587e-06,9.1728e-06,9.1600e-06,7.4451e-06,5.0673e-08,2.8211e-07,7.5905e-07,4.2816e-06,7.7741e-06,9.0676e-06,8.4076e-06
P36,30.00,90.00,0.00,0.00,7.6739e-08,2.9675e-07,9.9743e-07,4.1988e-06,9.1170e-06,9.1042e-06,7.2560e-06,7.4257e-08,2.6924e-07,7.3000e-07,4.2256e-06,7.7230e-06,9.0144e-06,8.2546e-06
P36,30.00,0.00,30.00,0.00,7.9982e-08,2.9675e-07,9.9743e-07,4.1991e-06,9.1170e-06,9.1043e-06,7.2560e-06,7.7471e-08,2.6924e-07,7.3000e-07,4.2260e-06,7.7231e-06,9.0144e-06,8.2546e-06
P36,0.00,90.00,0.00,0.00,7.3912e-08,3.1057e-07,1.0339e-06,4.2590e-06,9.1728e-06,9.1600e-06,7.4451e-06,7.1563e-08,2.8211e-07,7.5905e-07,4.2820e-06,7.7742e-06,9.0676e-06,8.4077e-06
P36,60.00,0.00,0.00,0.00,8.0748e-08,2.4800e-07,8.5990e-07,3.9398e-06,8.8789e-06,8.8663e-06,6.5035e-06,7.8133e-08,2.2419e-07,6.2279e-07,3.9820e-06,7.5062e-06,8.7885e-06,7.6229e-06
P36,0.00,90.00,30.00,0.00,6.9698e-08,3.1056e-07,1.0339e-06,4.2590e-06,9.1728e-06,9.1600e-06,7.4451e-06,6.7583e-08,2.8211e-07,7.5905e-07,4.2819e-06,7.7741e-06,9.0676e-06,8.4077e-06
P36,60.00,45.00,0.00,0.00,8.0748e-08,2.4800e-07,8.5990e-07,3.9398e-06,8.8789e-06,8.8663e-06,6.5035e-06,7.8133e-08,2.2419e-07,6.2279e-07,3.9820e-06,7.5062e-06,8.7885e-06,7.6229e-06
P36,0.00,45.00,60.00,0.00,5.1850e-08,3.1056e-07,1.0339e-06,4.2587e-06,9.1728e-06,9.1600e-06,7.4451e-06,5.0673e-08,2.8211e-07,7.5905e-07,4.2816e-06,7.7741e-06,9.0676e-06,8.4076e-06
P36,60.00,90.00,30.00,0.00,7.9204e-08,2.4800e-07,8.5990e-07,3.9398e-06,8.8789e-06,8.8663e-06,6.5035e-06,7.6695e-08,2.2419e-07,6.2279e-07,3.9819e-06,7.5062e-06,8.7885e-06,7.6229e-06
P36,0.00,0.00,30.00,0.00,6.9698e-08,3.1056e-07,1.0339e-06,4.2590e-06,9.1728e-06,9.1600e-06,7.4451e-06,6.7583e-08,2.8211e-07,7.5905e-07,4.2819e-06,7.7741e-06,9.0676e-06,8.4077e-06
P36,0.00,45.00,0.00,0.00,7.3912e-08,3.1057e-07,1.0339e-06,4.2590e-06,9.1728e-06,9.1600e-06,7.4451e-06,7.1563e-08,2.8211e-07,7.5905e-07,4.2820e-06,7.7742e-06,9.0676e-06,8.4077e-06
P36,60.00,180.00,0.00,0.00,8.0748e-08,2.4800e-07,8.5990e-07,3.9398e-06,8.8789e-06,8.8663e-06,6.5035e-06,7.8133e-08,2.2419e-07,6.2279e-07,3.9820e-06,7.5062e-06,8.7885e-06,7.6229e-06
P36,30.00,90.00,60.00,0.00,5.5239e-08,2.9674e-07,9.9743e-07,4.1985e-06,9.1170e-06,9.1042e-06,7.2560e-06,5.3900e-08,2.6924e-07,7.3000e-07,4.2253e-06,7.7230e-06,9.0144e-06,8.2546e-06
P36,0.00,135.00,0.00,0.00,7.3912e-08,3.1057e-07,1.0339e-06,4.2590e-06,9.1728e-06,9.1600e-06,7.4451e-06,7.1563e-08,2.8211e-07,7.5905e-07,4.2820e-06,7.7742e-06,9.0676e-06,8.4077e-06
P36,30.00,135.00,0.00,0.00,7.6739e-08,2.9675e-07,9.9743e-07,4.1988e-06,9.1170e-06,9.1042e-06,7.2560e-06,7.4257e-08,2.6924e-07,7.3000e-07,4.2256e-06,7.7230e-06,9.0144e-06,8.2546e-06
P36,30.00,0.00,60.00,0.00,6.7565e-08,2.9674e-07,9.9743e-07,4.1992e-06,9.1170e-06,9.1043e-06,7.2560e-06,6.5817e-08,2.6924e-07,7.3000e-07,4.2260e-06,7.7231e-06,9.0145e-06,8.2546e-06
P36,0.00,180.00,60.00,0.00,5.1850e-08,3.1056e-07,1.0339e-06,4.2587e-06,9.1728e-06,9.1600e-06,7.4451e-06,5.0673e-08,2.8211e-07,7.5905e-07,4.2816e-06,7.7741e-06,9.0676e-06,8.4076e-06
P36,60.00,90.00,60.00,0.00,6.4837e-08,2.4799e-07,8.5990e-07,3.9396e-06,8.8789e-06,8.8663e-06,6.5035e-06,6.3050e-08,2.2419e-07,6.2278e-07,3.9818e-06,7.5062e-06,8.7885e-06,7.6229e-06
P36,30.00,45.00,0.00,0.00,7.6739e-08,2.9675e-07,9.9743e-07,4.1988e-06,9.1170e-06,9.1042e-06,7.2560e-06,7.4257e-08,2.6924e-07,7.3000e-07,4.2256e-06,7.7230e-06,9.0144e-06,8.2546e-06
P36,60.00,180.00,60.00,0.00,4.9077e-08,2.4799e-07,8.5989e-07,3.9387e-06,8.8788e-06,8.8662e-06,6.5035e-06,4.7856e-08,2.2419e-07,6.2278e-07,3.9808e-06,7.5060e-06,8.7884e-06,7.6229e-06
P36,0.00,0.00,60.00,0.00,5.1850e-08,3.1056e-07,1.0339e-06,4.2587e-06,9.1728e-06,9.1600e-06,7.4451e-06,5.0673e-08,2.8211e-07,7.5905e-07,4.2816e-06,7.7741e-06,9.0676e-06,8.4076e-06
P36,30.00,180.00,60.00,0.00,4.8451e-08,2.9674e-07,9.9743e-07,4.1982e-06,9.1170e-06,9.1042e-06,7.2560e-06,4.7357e-08,2.6924e-07,7.3000e-07,4.2250e-06,7.7229e-06,9.0144e-06,8.2546e-06
P36,60.00,0.00,60.00,0.00,1.2472e-07,2.4801e-07,8.5990e-07,3.9436e-06,8.8793e-06,8.8667e-06,6.5035e-06,1.2110e-07,2.2419e-07,6.2279e-07,3.9861e-06,7.5070e-06,8.7889e-06,7.6230e-06
P36,60.00,135.00,30.00,0.00,7.0370e-08,2.4800e-07,8.5990e-07,3.9394e-06,8.8789e-06,8.8663e-06,6.5035e-06,6.8178e-08,2.2419e-07,6.2279e-07,3.9815e-06,7.5061e-06,8.7885e-06,7.6229e-06
P36,0.00,45.00,30.00,0.00,6.9698e-08,3.1056e-07,1.0339e-06,4.2590e-06,9.1728e-06,9.1600e-06,7.4451e-06,6.7583e-08,2.8211e-07,7.5905e-07,4.2819e-06,7.7741e-06,9.0676e-06,8.4077e-06
P36,0.00,180.00,0.00,0.00,7.3912e-08,3.1057e-07,1.0339e-06,4.2590e-06,9.1728e-06,9.1600e-06,7.4451e-06,7.1563e-08,2.8211e-07,7.5905e-07,4.2820e-06,7.7742e-06,9.0676e-06,8.4077e-06
P36,60.00,135.00,0.00,0.00,8.0748e-08,2.4800e-07,8.5990e-07,3.9398e-06,8.8789e-06,8.8663e-06,6.5035e-06,7.8133e-08,2.2419e-07,6.2279e-07,3.9820e-06,7.5062e-06,8.7885e-06,7.6229e-06
P36,60.00,135.00,60.00,0.00,5.2358e-08,2.4799e-07,8.5989e-07,3.9390e-06,8.8789e-06,8.8662e-06,6.5035e-06,5.1016e-08,2.2419e-07,6.2278e-07,3.9811e-06,7.5061e-06,8.7884e-06,7.6229e-06
P36,30.00,180.00,30.00,0.00,6.8023e-08,2.9674e-07,9.9743e-07,4.1984e-06,9.1170e-06,9.1042e-06,7.2560e-06,6.5946e-08,2.6924e-07,7.3000e-07,4.2252e-06,7.7229e-06,9.0144e-06,8.2546e-06
P36,0.00,0.00,0.00,0.00,7.3912e-08,3.1057e-07,1.0339e-06,4.2590e-06,9.1728e-06,9.1600e-06,7.4451e-06,7.1563e-08,2.8211e-07,7.5905e-07,4.2820e-06,7.7742e-06,9.0676e-06,8.4077e-06
P36,30.00,180.00,0.00,0.00,7.6739e-08,2.9675e-07,9.9743e-07,4.1988e-06,9.1170e-06,9.1042e-06,7.2560e-06,7.4257e-08,2.6924e-07,7.3000e-07,4.2256e-06,7.7230e-06,9.0144e-06,8.2546e-06
P36,60.00,90.00,0.00,0.00,8.0748e-08,2.4800e-07,8.5990e-07,3.9398e-06,8.8789e-06,8.8663e-06,6.5035e-06,7.8133e-08,2.2419e-07,6.2279e-07,3.9820e-06,7.5062e-06,8.7885e-06,7.6229e-06
P36,30.00,135.00,30.00,0.00,6.9412e-08,2.9675e-07,9.9743e-07,4.1986e-06,9.1170e-06,9.1042e-06,7.2560e-06,6.7284e-08,2.6924e-07,7.3000e-07,4.2254e-06,7.7230e-06,9.0144e-06,8.2546e-06
P36,60.00,180.00,30.00,0.00,6.7534e-08,2.4800e-07,8.5990e-07,3.9393e-06,8.8789e-06,8.8663e-06,6.5035e-06,6.5447e-08,2.2419e-07,6.2279e-07,3.9814e-06,7.5061e-06,8.7885e-06,7.6229e-06
P36,0.00,135.00,30.00,0.00,6.9698e-08,3.1056e-07,1.0339e-06,4.2590e-06,9.1728e-06,9.1600e-06,7.4451e-06,6.7583e-08,2.8211e-07,7.5905e-07,4.2819e-06,7.7741e-06,9.0676e-06,8.4077e-06
P36,0.00,90.00,60.00,0.00,5.1850e-08,3.1056e-07,1.0339e-06,4.2587e-06,9.1728e-06,9.1600e-06,7.4451e-06,5.0673e-08,2.8211e-07,7.5905e-07,4.2816e-06,7.7741e-06,9.0676e-06,8.4076e-06
P36,60.00,45.00,30.00,0.00,9.2585e-08,2.4800e-07,8.5990e-07,3.9406e-06,8.8790e-06,8.8664e-06,6.5035e-06,8.9623e-08,2.2419e-07,6.2279e-07,3.9828e-06,7.5064e-06,8.7886e-06,7.6229e-06
P36,60.00,45.00,60.00,0.00,9.4892e-08,2.4800e-07,8.5990e-07,3.9414e-06,8.8791e-06,8.8665e-06,6.5035e-06,9.2138e-08,2.2419e-07,6.2279e-07,3.9837e-06,7.5065e-06,8.7887e-06,7.6229e-06
P37,60.00,180.00,30.00,0.00,6.1562e-08,2.7065e-07,8.1727e-07,2.1401e-06,5.6528e-06,5.6418e-06,5.5573e-06,5.8651e-08,2.4953e-07,6.4704e-07,2.1138e-06,4.4433e-06,5.5444e-06,5.8947e-06
P37,0.00,180.00,30.00,0.00,5.9297e-08,3.2443e-07,8.7932e-07,2.2262e-06,5.7093e-06,5.6983e-06,5.8994e-06,5.6475e-08,3.0231e-07,7.1647e-07,2.2000e-06,4.5016e-06,5.5977e-06,6.1313e-06
P37,30.00,135.00,30.00,0.00,5.9912e-08,3.1382e-07,8.6846e-07,2.2123e-06,5.7011e-06,5.6901e-06,5.8344e-06,5.7054e-08,2.9181e-07,7.0409e-07,2.1862e-06,4.4933e-06,5.5900e-06,6.0879e-06
P37,0.00,0.00,60.00,0.00,4.0429e-08,3.2441e-07,8.7924e-07,2.2260e-06,5.7093e-06,5.6983e-06,5.8994e-06,3.8679e-08,3.0230e-07,7.1644e-07,2.1998e-06,4.5016e-06,5.5977e-06,6.1313e-06
P37,0.00,180.00,60.00,0.00,4.0429e-08,3.2441e-07,8.7924e-07,2.2260e-06,5.7093e-06,5.6983e-06,5.8994e-06,3.8679e-08,3.0230e-07,7.1644e-07,2.1998e-06,4.5016e-06,5.5977e-06,6.1313e-06
P37,60.00,0.00,60.00,0.00,1.2986e-07,2.7071e-07,8.1743e-07,2.1461e-06,5.6535e-06,5.6424e-06,5.5573e-06,1.2457e-07,2.4953e-07,6.4707e-07,2.1203e-06,4.4445e-06,5.5450e-06,5.8950e-06
P37,0.00,0.00,0.00,0.00,6.3688e-08,3.2444e-07,8.7936e-07,2.2263e-06,5.7093e-06,5.6983e-06,5.8994e-06,6.0606e-08,3.0231e-07,7.1648e-07,2.2001e-06,4.5016e-06,5.5977e-06,6.1313e-06
P37,30.00,180.00,60.00,0.00,3.7365e-08,3.1379e-07,8.6837e-07,2.2119e-06,5.7010e-06,5.6900e-06,5.8344e-06,3.5724e-08,2.9181e-07,7.0406e-07,2.1858e-06,4.4932e-06,5.5899e-06,6.0879e-06
P37,30.00,135.00,60.00,0.00,3.9254e-08,3.1379e-07,8.6837e-07,2.2120e-06,5.7010e-06,5.6900e-06,5.8344e-06,3.7531e-08,2.9181e-07,7.0406e-07,2.1859e-06,4.4932e-06,5.5899e-06,6.0879e-06
P37,60.00,0.00,30.00,0.00,9.9339e-08,2.7068e-07,8.1739e-07,2.1423e-06,5.6530e-06,5.6420e-06,5.5573e-06,9.4883e-08,2.4953e-07,6.4707e-07,2.1162e-06,4.4437e-06,5.5446e-06,5.8948e-06
P37,30.00,90.00,60.00,0.00,4.5135e-08,3.1380e-07,8.6839e-07,2.2123e-06,5.7011e-06,5.6901e-06,5.8344e-06,4.3163e-08,2.9181e-07,7.0407e-07,2.1862e-06,4.4933e-06,5.5900e-06,6.0879e-06
P37,0.00,45.00,30.00,0.00,5.9297e-08,3.2443e-07,8.7932e-07,2.2262e-06,5.7093e-06,5.6983e-06,5.8994e-06,5.6475e-08,3.0231e-07,7.1647e-07,2.2000e-06,4.5016e-06,5.5977e-06,6.1313e-06
P37,0.00,180.00,0.00,0.00,6.3688e-08,3.2444e-07,8.7936e-07,2.2263e-06,5.7093e-06,5.6983e-06,5.8994e-06,6.0606e-08,3.0231e-07,7.1648e-07,2.2001e-06,4.5016e-06,5.5977e-06,6.1313e-06
P37,0.00,45.00,60.00,0.00,4.0429e-08,3.2441e-07,8.7924e-07,2.2260e-06,5.7093e-06,5.6983e-06,5.8994e-06,3.8679e-08,3.0230e-07,7.1644e-07,2.1998e-06,4.5016e-06,5.5977e-06,6.1313e-06
P37,30.00,90.00,0.00,0.00,6.7777e-08,3.1382e-07,8.6850e-07,2.2125e-06,5.7011e-06,5.6901e-06,5.8344e-06,6.4504e-08,2.9182e-07,7.0411e-07,2.1865e-06,4.4933e-06,5.5900e-06,6.0879e-06
P37,60.00,90.00,60.00,0.00,5.9702e-08,2.7065e-07,8.1724e-07,2.1407e-06,5.6529e-06,5.6418e-06,5.5573e-06,5.7059e-08,2.4953e-07,6.4703e-07,2.1144e-06,4.4434e-06,5.5444e-06,5.8947e-06
P37,0.00,135.00,0.00,0.00,6.3688e-08,3.2444e-07,8.7936e-07,2.2263e-06,5.7093e-06,5.6983e-06,5.8994e-06,6.0606e-08,3.0231e-07,7.1648e-07,2.2001e-06,4.5016e-06,5.5977e-06,6.1313e-06
P37,30.00,0.00,60.00,0.00,5.9234e-08,3.1381e-07,8.6844e-07,2.2131e-06,5.7012e-06,5.6902e-06,5.8344e-06,5.6702e-08,2.9181e-07,7.0408e-07,2.1872e-06,4.4934e-06,5.5901e-06,6.0879e-06
P37,0.00,135.00,30.00,0.00,5.9297e-08,3.2443e-07,8.7932e-07,2.2262e-06,5.7093e-06,5.6983e-06,5.8994e-06,5.6475e-08,3.0231e-07,7.1647e-07,2.2000e-06,4.5016e-06,5.5977e-06,6.1313e-06
P37,60.00,135.00,60.00,0.00,4.5030e-08,2.7064e-07,8.1721e-07,2.1398e-06,5.6528e-06,5.6418e-06,5.5573e-06,4.3021e-08,2.4953e-07,6.4703e-07,2.1135e-06,4.4433e-06,5.5444e-06,5.8947e-06
P37,0.00,90.00,30.00,0.00,5.9297e-08,3.2443e-07,8.7932e-07,2.2262e-06,5.7093e-06,5.6983e-06,5.8994e-06,5.6475e-08,3.0231e-07,7.1647e-07,2.2000e-06,4.5016e-06,5.5977e-06,6.1313e-06
P37,0.00,90.00,60.00,0.00,4.0429e-08,3.2441e-07,8.7924e-07,2.2260e-06,5.7093e-06,5.6983e-06,5.8994e-06,3.8679e-08,3.0230e-07,7.1644e-07,2.1998e-06,4.5016e-06,5.5977e-06,6.1313e-06
P37,30.00,135.00,0.00,0.00,6.7777e-08,3.1382e-07,8.6850e-07,2.2125e-06,5.7011e-06,5.6901e-06,5.8344e-06,6.4504e-08,2.9182e-07,7.0411e-07,2.1865e-06,4.4933e-06,5.5900e-06,6.0879e-06
P37,60.00,45.00,60.00,0.00,9.4958e-08,2.7067e-07,8.1733e-07,2.1431e-06,5.6531e-06,5.6421e-06,5.5573e-06,9.0922e-08,2.4953e-07,6.4705e-07,2.1170e-06,4.4439e-06,5.5447e-06,5.8948e-06
P37,60.00,0.00,0.00,0.00,7.6461e-08,2.7066e-07,8.1732e-07,2.1408e-06,5.6529e-06,5.6419e-06,5.5573e-06,7.2867e-08,2.4953e-07,6.4706e-07,2.1145e-06,4.4435e-06,5.5445e-06,5.8947e-06
P37,60.00,90.00,30.00,0.00,7.4985e-08,2.7066e-07,8.1731e-07,2.1408e-06,5.6529e-06,5.6419e-06,5.5573e-06,7.1499e-08,2.4953e-07,6.4705e-07,2.1145e-06,4.4434e-06,5.5445e-06,5.8947e-06
P37,30.00,180.00,30.00,0.00,5.8366e-08,3.1381e-07,8.6845e-07,2.2121e-06,5.7011e-06,5.6901e-06,5.8344e-06,5.5573e-08,2.9181e-07,7.0409e-07,2.1861e-06,4.4932e-06,5.5899e-06,6.0879e-06
P37,30.00,45.00,0.00,0.00,6.7777e-08,3.1382e-07,8.6850e-07,2.2125e-06,5.7011e-06,5.6901e-06,5.8344e-06,6.4504e-08,2.9182e-07,7.0411e-07,2.1865e-06,4.4933e-06,5.5900e-06,6.0879e-06
P37,30.00,45.00,30.00,0.00,6.9221e-08,3.1383e-07,8.6851e-07,2.2128e-06,5.7011e-06,5.6901e-06,5.8344e-06,6.5971e-08,2.9182e-07,7.0411e-07,2.1868e-06,4.4934e-06,5.5900e-06,6.0879e-06
P37,60.00,180.00,0.00,0.00,7.6461e-08,2.7066e-07,8.1732e-07,2.1408e-06,5.6529e-06,5.6419e-06,5.5573e-06,7.2867e-08,2.4953e-07,6.4706e-07,2.1145e-06,4.4435e-06,5.5445e-06,5.8947e-06
P37,60.00,45.00,0.00,0.00,7.6461e-08,2.7066e-07,8.1732e-07,2.1408e-06,5.6529e-06,5.6419e-06,5.5573e-06,7.2867e-08,2.4953e-07,6.4706e-07,2.1145e-06,4.4435e-06,5.5445e-06,5.8947e-06
P37,30.00,0.00,30.00,0.00,7.1675e-08,3.1383e-07,8.6852e-07,2.2130e-06,5.7011e-06,5.6901e-06,5.8344e-06,6.8326e-08,2.9182e-07,7.0411e-07,2.1870e-06,4.4934e-06,5.5900e-06,6.0879e-06
P37,60.00,135.00,0.00,0.00,7.6461e-08,2.7066e-07,8.1732e-07,2.1408e-06,5.6529e-06,5.6419e-06,5.5573e-06,7.2867e-08,2.4953e-07,6.4706e-07,2.1145e-06,4.4435e-06,5.5445e-06,5.8947e-06
P37,30.00,45.00,60.00,0.00,5.4038e-08,3.1381e-07,8.6842e-07,2.2128e-06,5.7011e-06,5.6901e-06,5.8344e-06,5.1708e-08,2.9181e-07,7.0408e-07,2.1869e-06,4.4934e-06,5.5900e-06,6.0879e-06
P37,60.00,180.00,60.00,0.00,4.1170e-08,2.7063e-07,8.1720e-07,2.1394e-06,5.6527e-06,5.6417e-06,5.5573e-06,3.9332e-08,2.4952e-07,6.4703e-07,2.1131e-06,4.4432e-06,5.5443e-06,5.8947e-06
P37,60.00,45.00,30.00,0.00,9.0365e-08,2.7067e-07,8.1736e-07,2.1418e-06,5.6530e-06,5.6419e-06,5.5573e-06,8.6257e-08,2.4953e-07,6.4706e-07,2.1156e-06,4.4436e-06,5.5445e-06,5.8948e-06
P37,0.00,90.00,0.00,0.00,6.3688e-08,3.2444e-07,8.7936e-07,2.2263e-06,5.7093e-06,5.6983e-06,5.8994e-06,6.0606e-08,3.0231e-07,7.1648e-07,2.2001e-06,4.5016e-06,5.5977e-06,6.1313e-06
P37,0.00,0.00,30.00,0.00,5.9297e-08,3.2443e-07,8.7932e-07,2.2262e-06,5.7093e-06,5.6983e-06,5.8994e-06,5.6475e-08,3.0231e-07,7.1647e-07,2.2000e-06,4.5016e-06,5.5977e-06,6.1313e-06
P37,60.00,90.00,0.00,0.00,7.6461e-08,2.7066e-07,8.1732e-07,2.1408e-06,5.6529e-06,5.6419e-06,5.5573e-06,7.2867e-08,2.4953e-07,6.4706e-07,2.1145e-06,4.4435e-06,5.5445e-06,5.8947e-06
P37,0.00,45.00,0.00,0.00,6.3688e-08,3.2444e-07,8.7936e-07,2.2263e-06,5.7093e-06,5.6983e-06,5.8994e-06,6.0606e-08,3.0231e-07,7.1648e-07,2.2001e-06,4.5016e-06,5.5977e-06,6.1313e-06
P37,30.00,180.00,0.00,0.00,6.7777e-08,3.1382e-07,8.6850e-07,2.2125e-06,5.7011e-06,5.6901e-06,5.8344e-06,6.4504e-08,2.9182e-07,7.0411e-07,2.1865e-06,4.4933e-06,5.5900e-06,6.0879e-06
P37,0.00,135.00,60.00,0.00,4.0429e-08,3.2441e-07,8.7924e-07,2.2260e-06,5.7093e-06,5.6983e-06,5.8994e-06,3.8679e-08,3.0230e-07,7.1644e-07,2.1998e-06,4.5016e-06,5.5977e-06,6.1313e-06
P37,30.00,90.00,30.00,0.00,6.4140e-08,3.1382e-07,8.6848e-07,2.2125e-06,5.7011e-06,5.6901e-06,5.8344e-06,6.1102e-08,2.9182e-07,7.0410e-07,2.1865e-06,4.4933e-06,5.5900e-06,6.0879e-06
P37,30.00,0.00,0.00,0.00,6.7777e-08,3.1382e-07,8.6850e-07,2.2125e-06,5.7011e-06,5.6901e-06,5.8344e-06,6.4504e-08,2.9182e-07,7.0411e-07,2.1865e-06,4.4933e-06,5.5900e-06,6.0879e-06
P37,60.00,135.00,30.00,0.00,6.4825e-08,2.7065e-07,8.1728e-07,2.1403e-06,5.6528e-06,5.6418e-06,5.5573e-06,6.1770e-08,2.4953e-07,6.4704e-07,2.1140e-06,4.4434e-06,5.5444e-06,5.8947e-06
P38,60.00,90.00,60.00,0.00,6.5848e-08,3.8006e-07,1.1065e-06,5.1247e-06,9.7075e-06,9.6983e-06,7.7411e-06,6.5973e-08,3.5025e-07,8.5860e-07,5.1897e-06,8.7109e-06,9.6499e-06,8.6809e-06
P38,0.00,90.00,60.00,0.00,6.5535e-08,4.5264e-07,1.2496e-06,5.6756e-06,1.0527e-05,1.0518e-05,8.8268e-06,6.5769e-08,4.1960e-07,9.7582e-07,5.7205e-06,9.4870e-06,1.0467e-05,9.6909e-06
P38,0.00,180.00,0.00,0.00,8.2769e-08,4.5264e-07,1.2496e-06,5.6758e-06,1.0527e-05,1.0518e-05,8.8268e-06,8.2355e-08,4.1960e-07,9.7582e-07,5.7206e-06,9.4870e-06,1.0467e-05,9.6909e-06
P38,30.00,0.00,60.00,0.00,7.3385e-08,4.3783e-07,1.2197e-06,5.5710e-06,1.0362e-05,1.0352e-05,8.6035e-06,7.3482e-08,4.0547e-07,9.5167e-07,5.6201e-06,9.3373e-06,1.0302e-05,9.4837e-06
P38,60.00,180.00,60.00,0.00,5.7500e-08,3.8006e-07,1.1065e-06,5.1247e-06,9.7075e-06,9.6983e-06,7.7411e-06,5.7744e-08,3.5025e-07,8.5860e-07,5.1896e-06,8.7109e-06,9.6499e-06,8.6809e-06
P38,60.00,45.00,0.00,0.00,7.8454e-08,3.8007e-07,1.1065e-06,5.1248e-06,9.7075e-06,9.6983e-06,7.7411e-06,7.8151e-08,3.5025e-07,8.5860e-07,5.1898e-06,8.7109e-06,9.6499e-06,8.6809e-06
P38,60.00,180.00,30.00,0.00,7.0071e-08,3.8006e-07,1.1065e-06,5.1247e-06,9.7075e-06,9.6983e-06,7.7411e-06,6.9956e-08,3.5025e-07,8.5860e-07,5.1897e-06,8.7109e-06,9.6499e-06,8.6809e-06
P38,30.00,90.00,0.00,0.00,8.3056e-08,4.3784e-07,1.2197e-06,5.5711e-06,1.0362e-05,1.0352e-05,8.6035e-06,8.2626e-08,4.0547e-07,9.5168e-07,5.6202e-06,9.3373e-06,1.0302e-05,9.4837e-06
P38,0.00,180.00,60.00,0.00,6.5535e-08,4.5264e-07,1.2496e-06,5.6756e-06,1.0527e-05,1.0518e-05,8.8268e-06,6.5769e-08,4.1960e-07,9.7582e-07,5.7205e-06,9.4870e-06,1.0467e-05,9.6909e-06
P38,0.00,45.00,30.00,0.00,7.9284e-08,4.5264e-07,1.2496e-06,5.6757e-06,1.0527e-05,1.0518e-05,8.8268e-06,7.9014e-08,4.1960e-07,9.7582e-07,5.7206e-06,9.4870e-06,1.0467e-05,9.6909e-06
P38,60.00,135.00,0.00,0.00,7.8454e-08,3.8007e-07,1.1065e-06,5.1248e-06,9.7075e-06,9.6983e-06,7.7411e-06,7.8151e-08,3.5025e-07,8.5860e-07,5.1898e-06,8.7109e-06,9.6499e-06,8.6809e-06
P38,0.00,0.00,0.00,0.00,8.2769e-08,4.5264e-07,1.2496e-06,5.6758e-06,1.0527e-05,1.0518e-05,8.8268e-06,8.2355e-08,4.1960e-07,9.7582e-07,5.7206e-06,9.4870e-06,1.0467e-05,9.6909e-06
P38,30.00,180.00,60.00,0.00,6.2317e-08,4.3783e-07,1.2197e-06,5.5709e-06,1.0362e-05,1.0352e-05,8.6035e-06,6.2577e-08,4.0547e-07,9.5168e-07,5.6200e-06,9.3373e-06,1.0302e-05,9.4837e-06
P38,0.00,0.00,30.00,0.00,7.9284e-08,4.5264e-07,1.2496e-06,5.6757e-06,1.0527e-05,1.0518e-05,8.8268e-06,7.9014e-08,4.1960e-07,9.7582e-07,5.7206e-06,9.4870e-06,1.0467e-05,9.6909e-06
P38,60.00,90.00,0.00,0.00,7.8454e-08,3.8007e-07,1.1065e-06,5.1248e-06,9.7075e-06,9.6983e-06,7.7411e-06,7.8151e-08,3.5025e-07,8.5860e-07,5.1898e-06,8.7109e-06,9.6499e-06,8.6809e-06
P38,0.00,0.00,60.00,0.00,6.5535e-08,4.5264e-07,1.2496e-06,5.6756e-06,1.0527e-05,1.0518e-05,8.8268e-06,6.5769e-08,4.1960e-07,9.7582e-07,5.7205e-06,9.4870e-06,1.0467e-05,9.6909e-06
P38,30.00,45.00,0.00,0.00,8.3056e-08,4.3784e-07,1.2197e-06,5.5711e-06,1.0362e-05,1.0352e-05,8.6035e-06,8.2626e-08,4.0547e-07,9.5168e-07,5.6202e-06,9.3373e-06,1.0302e-05,9.4837e-06
P38,60.00,0.00,0.00,0.00,7.8454e-08,3.8007e-07,1.1065e-06,5.1248e-06,9.7075e-06,9.6983e-06,7.7411e-06,7.8151e-08,3.5025e-07,8.5860e-07,5.1898e-06,8.7109e-06,9.6499e-06,8.6809e-06
P38,60.00,135.00,60.00,0.00,5.9237e-08,3.8006e-07,1.1065e-06,5.1247e-06,9.7075e-06,9.6983e-06,7.7411e-06,5.9456e-08,3.5025e-07,8.5860e-07,5.1896e-06,8.7109e-06,9.6499e-06,8.6809e-06
P38,30.00,0.00,0.00,0.00,8.3056e-08,4.3784e-07,1.2197e-06,5.5711e-06,1.0362e-05,1.0352e-05,8.6035e-06,8.2626e-08,4.0547e-07,9.5168e-07,5.6202e-06,9.3373e-06,1.0302e-05,9.4837e-06
P38,60.00,90.00,30.00,0.00,7.6834e-08,3.8007e-07,1.1065e-06,5.1248e-06,9.7075e-06,9.6983e-06,7.7411e-06,7.6607e-08,3.5025e-07,8.5860e-07,5.1897e-06,8.7109e-06,9.6499e-06,8.6809e-06
P38,30.00,135.00,0.00,0.00,8.3056e-08,4.3784e-07,1.2197e-06,5.5711e-06,1.0362e-05,1.0352e-05,8.6035e-06,8.2626e-08,4.0547e-07,9.5168e-07,5.6202e-06,9.3373e-06,1.0302e-05,9.4837e-06
P38,60.00,0.00,30.00,0.00,8.9140e-08,3.8007e-07,1.1065e-06,5.1248e-06,9.7075e-06,9.6983e-06,7.7411e-06,8.8738e-08,3.5025e-07,8.5860e-07,5.1898e-06,8.7109e-06,9.6499e-06,8.6809e-06
P38,30.00,90.00,60.00,0.00,6.6241e-08,4.3783e-07,1.2197e-06,5.5710e-06,1.0362e-05,1.0352e-05,8.6035e-06,6.6437e-08,4.0547e-07,9.5167e-07,5.6200e-06,9.3373e-06,1.0302e-05,9.4837e-06
P38,30.00,180.00,30.00,0.00,7.6745e-08,4.3783e-07,1.2197e-06,5.5710e-06,1.0362e-05,1.0352e-05,8.6035e-06,7.6515e-08,4.0547e-07,9.5168e-07,5.6201e-06,9.3373e-06,1.0302e-05,9.4837e-06
P38,30.00,45.00,60.00,0.00,7.0749e-08,4.3783e-07,1.2197e-06,5.5710e-06,1.0362e-05,1.0352e-05,8.6035e-06,7.0881e-08,4.0547e-07,9.5167e-07,5.6201e-06,9.3373e-06,1.0302e-05,9.4837e-06
P38,0.00,135.00,60.00,0.00,6.5535e-08,4.5264e-07,1.2496e-06,5.6756e-06,1.0527e-05,1.0518e-05,8.8268e-06,6.5769e-08,4.1960e-07,9.7582e-07,5.7205e-06,9.4870e-06,1.0467e-05,9.6909e-06
P38,0.00,90.00,0.00,0.00,8.2769e-08,4.5264e-07,1.2496e-06,5.6758e-06,1.0527e-05,1.0518e-05,8.8268e-06,8.2355e-08,4.1960e-07,9.7582e-07,5.7206e-06,9.4870e-06,1.0467e-05,9.6909e-06
P38,30.00,135.00,30.00,0.00,7.7626e-08,4.3783e-07,1.2197e-06,5.5710e-06,1.0362e-05,1.0352e-05,8.6035e-06,7.7379e-08,4.0547e-07,9.5168e-07,5.6201e-06,9.3373e-06,1.0302e-05,9.4837e-06
P38,60.00,45.00,60.00,0.00,8.1798e-08,3.8007e-07,1.1065e-06,5.1248e-06,9.7075e-06,9.6983e-06,7.7411e-06,8.1746e-08,3.5025e-07,8.5860e-07,5.1897e-06,8.7109e-06,9.6499e-06,8.6809e-06
P38,0.00,135.00,30.00,0.00,7.9284e-08,4.5264e-07,1.2496e-06,5.6757e-06,1.0527e-05,1.0518e-05,8.8268e-06,7.9014e-08,4.1960e-07,9.7582e-07,5.7206e-06,9.4870e-06,1.0467e-05,9.6909e-06
P38,30.00,90.00,30.00,0.00,8.0038e-08,4.3783e-07,1.2197e-06,5.5711e-06,1.0362e-05,1.0352e-05,8.6035e-06,7.9744e-08,4.0547e-07,9.5168e-07,5.6202e-06,9.3373e-06,1.0302e-05,9.4837e-06
P38,0.00,135.00,0.00,0.00,8.2769e-08,4.5264e-07,1.2496e-06,5.6758e-06,1.0527e-05,1.0518e-05,8.8268e-06,8.2355e-08,4.1960e-07,9.7582e-07,5.7206e-06,9.4870e-06,1.0467e-05,9.6909e-06
P38,30.00,135.00,60.00,0.00,6.3270e-08,4.3783e-07,1.2197e-06,5.5709e-06,1.0362e-05,1.0352e-05,8.6035e-06,6.3513e-08,4.0547e-07,9.5168e-07,5.6200e-06,9.3373e-06,1.0302e-05,9.4837e-06
P38,0.00,45.00,60.00,0.00,6.5535e-08,4.5264e-07,1.2496e-06,5.6756e-06,1.0527e-05,1.0518e-05,8.8268e-06,6.5769e-08,4.1960e-07,9.7582e-07,5.7205e-06,9.4870e-06,1.0467e-05,9.6909e-06
P38,0.00,180.00,30.00,0.00,7.9284e-08,4.5264e-07,1.2496e-06,5.6757e-06,1.0527e-05,1.0518e-05,8.8268e-06,7.9014e-08,4.1960e-07,9.7582e-07,5.7206e-06,9.4870e-06,1.0467e-05,9.6909e-06
P38,0.00,90.00,30.00,0.00,7.9284e-08,4.5264e-07,1.2496e-06,5.6757e-06,1.0527e-05,1.0518e-05,8.8268e-06,7.9014e-08,4.1960e-07,9.7582e-07,5.7206e-06,9.4870e-06,1.0467e-05,9.6909e-06
P38,60.00,135.00,30.00,0.00,7.1713e-08,3.8006e-07,1.1065e-06,5.1247e-06,9.7075e-06,9.6983e-06,7.7411e-06,7.1570e-08,3.5025e-07,8.5860e-07,5.1897e-06,8.7109e-06,9.6499e-06,8.6809e-06
P38,30.00,45.00,30.00,0.00,8.2940e-08,4.3784e-07,1.2197e-06,5.5711e-06,1.0362e-05,1.0352e-05,8.6035e-06,8.2591e-08,4.0547e-07,9.5168e-07,5.6202e-06,9.3373e-06,1.0302e-05,9.4837e-06
P38,60.00,0.00,60.00,0.00,9.7671e-08,3.8007e-07,1.1065e-06,5.1248e-06,9.7075e-06,9.6983e-06,7.7411e-06,9.7485e-08,3.5025e-07,8.5860e-07,5.1898e-06,8.7109e-06,9.6499e-06,8.6809e-06
P38,60.00,45.00,30.00,0.00,8.4601e-08,3.8007e-07,1.1065e-06,5.1248e-06,9.7075e-06,9.6983e-06,7.7411e-06,8.4261e-08,3.5025e-07,8.5860e-07,5.1898e-06,8.7109e-06,9.6499e-06,8.6809e-06
P38,0.00,45.00,0.00,0.00,8.2769e-08,4.5264e-07,1.2496e-06,5.6758e-06,1.0527e-05,1.0518e-05,8.8268e-06,8.2355e-08,4.1960e-07,9.7582e-07,5.7206e-06,9.4870e-06,1.0467e-05,9.6909e-06
P38,30.00,180.00,0.00,0.00,8.3056e-08,4.3784e-07,1.2197e-06,5.5711e-06,1.0362e-05,1.0352e-05,8.6035e-06,8.2626e-08,4.0547e-07,9.5168e-07,5.6202e-06,9.3373e-06,1.0302e-05,9.4837e-06
P38,30.00,0.00,30.00,0.00,8.4344e-08,4.3784e-07,1.2197e-06,5.5711e-06,1.0362e-05,1.0352e-05,8.6035e-06,8.3970e-08,4.0547e-07,9.5168e-07,5.6202e-06,9.3373e-06,1.0302e-05,9.4837e-06
P38,60.00,180.00,0.00,0.00,7.8454e-08,3.8007e-07,1.1065e-06,5.1248e-06,9.7075e-06,9.6983e-06,7.7411e-06,7.8151e-08,3.5025e-07,8.5860e-07,5.1898e-06,8.7109e-06,9.6499e-06,8.6809e-06
P39,60.00,0.00,60.00,0.00,1.2843e-07,2.0576e-07,7.3736e-07,2.3589e-06,6.2236e-06,6.2120e-06,5.2699e-06,1.2339e-07,1.8584e-07,5.4077e-07,2.3725e-06,4.9436e-06,6.1169e-06,5.8958e-06
P39,30.00,135.00,30.00,0.00,6.0454e-08,2.4783e-07,8.3120e-07,2.4449e-06,6.2552e-06,6.2435e-06,5.7226e-06,5.7682e-08,2.2551e-07,6.2719e-07,2.4493e-06,4.9671e-06,6.1416e-06,6.2298e-06
P39,0.00,180.00,0.00,0.00,6.4253e-08,2.5954e-07,8.5291e-07,2.4592e-06,6.2549e-06,6.2431e-06,5.8290e-06,6.1255e-08,2.3670e-07,6.4861e-07,2.4613e-06,4.9647e-06,6.1399e-06,6.3023e-06
P39,0.00,135.00,0.00,0.00,6.4253e-08,2.5954e-07,8.5291e-07,2.4592e-06,6.2549e-06,6.2431e-06,5.8290e-06,6.1255e-08,2.3670e-07,6.4861e-07,2.4613e-06,4.9647e-06,6.1399e-06,6.3023e-06
P39,30.00,180.00,0.00,0.00,6.8259e-08,2.4784e-07,8.3122e-07,2.4451e-06,6.2552e-06,6.2435e-06,5.7226e-06,6.5079e-08,2.2552e-07,6.2719e-07,2.4495e-06,4.9671e-06,6.1416e-06,6.2298e-06
P39,0.00,90.00,30.00,0.00,5.9868e-08,2.5954e-07,8.5289e-07,2.4591e-06,6.2549e-06,6.2431e-06,5.8289e-06,5.7129e-08,2.3670e-07,6.4861e-07,2.4612e-06,4.9647e-06,6.1399e-06,6.3023e-06
P39,30.00,0.00,30.00,0.00,7.2041e-08,2.4784e-07,8.3123e-07,2.4455e-06,6.2553e-06,6.2435e-06,5.7226e-06,6.8794e-08,2.2552e-07,6.2719e-07,2.4500e-06,4.9672e-06,6.1416e-06,6.2299e-06
P39,0.00,135.00,60.00,0.00,4.1084e-08,2.5953e-07,8.5285e-07,2.4589e-06,6.2549e-06,6.2431e-06,5.8289e-06,3.9403e-08,2.3670e-07,6.4860e-07,2.4610e-06,4.9647e-06,6.1398e-06,6.3022e-06
P39,60.00,45.00,0.00,0.00,7.6558e-08,2.0573e-07,7.3734e-07,2.3540e-06,6.2231e-06,6.2114e-06,5.2698e-06,7.3087e-08,1.8584e-07,5.4077e-07,2.3671e-06,4.9426e-06,6.1163e-06,5.8956e-06
P39,30.00,135.00,0.00,0.00,6.8259e-08,2.4784e-07,8.3122e-07,2.4451e-06,6.2552e-06,6.2435e-06,5.7226e-06,6.5079e-08,2.2552e-07,6.2719e-07,2.4495e-06,4.9671e-06,6.1416e-06,6.2298e-06
P39,30.00,45.00,0.00,0.00,6.8259e-08,2.4784e-07,8.3122e-07,2.4451e-06,6.2552e-06,6.2435e-06,5.7226e-06,6.5079e-08,2.2552e-07,6.2719e-07,2.4495e-06,4.9671e-06,6.1416e-06,6.2298e-06
P39,30.00,0.00,0.00,0.00,6.8259e-08,2.4784e-07,8.3122e-07,2.4451e-06,6.2552e-06,6.2435e-06,5.7226e-06,6.5079e-08,2.2552e-07,6.2719e-07,2.4495e-06,4.9671e-06,6.1416e-06,6.2298e-06
P39,60.00,180.00,0.00,0.00,7.6558e-08,2.0573e-07,7.3734e-07,2.3540e-06,6.2231e-06,6.2114e-06,5.2698e-06,7.3087e-08,1.8584e-07,5.4077e-07,2.3671e-06,4.9426e-06,6.1163e-06,5.8956e-06
P39,0.00,45.00,60.00,0.00,4.1084e-08,2.5953e-07,8.5285e-07,2.4589e-06,6.2549e-06,6.2431e-06,5.8289e-06,3.9403e-08,2.3670e-07,6.4860e-07,2.4610e-06,4.9647e-06,6.1398e-06,6.3022e-06
P39,60.00,135.00,60.00,0.00,4.5474e-08,2.0571e-07,7.3729e-07,2.3530e-06,6.2230e-06,6.2113e-06,5.2698e-06,4.3549e-08,1.8584e-07,5.4076e-07,2.3661e-06,4.9424e-06,6.1162e-06,5.8956e-06
P39,30.00,180.00,30.00,0.00,5.8931e-08,2.4783e-07,8.3119e-07,2.4447e-06,6.2552e-06,6.2435e-06,5.7226e-06,5.6222e-08,2.2551e-07,6.2719e-07,2.4491e-06,4.9671e-06,6.1415e-06,6.2298e-06
P39,0.00,180.00,30.00,0.00,5.9868e-08,2.5954e-07,8.5289e-07,2.4591e-06,6.2549e-06,6.2431e-06,5.8289e-06,5.7129e-08,2.3670e-07,6.4861e-07,2.4612e-06,4.9647e-06,6.1399e-06,6.3023e-06
P39,30.00,90.00,60.00,0.00,4.5696e-08,2.4782e-07,8.3116e-07,2.4448e-06,6.2552e-06,6.2435e-06,5.7226e-06,4.3802e-08,2.2551e-07,6.2718e-07,2.4492e-06,4.9671e-06,6.1416e-06,6.2298e-06
P39,0.00,90.00,0.00,0.00,6.4253e-08,2.5954e-07,8.5291e-07,2.4592e-06,6.2549e-06,6.2431e-06,5.8290e-06,6.1255e-08,2.3670e-07,6.4861e-07,2.4613e-06,4.9647e-06,6.1399e-06,6.3023e-06
P39,30.00,135.00,60.00,0.00,3.9925e-08,2.4782e-07,8.3115e-07,2.4445e-06,6.2552e-06,6.2434e-06,5.7226e-06,3.8270e-08,2.2551e-07,6.2718e-07,2.4489e-06,4.9671e-06,6.1415e-06,6.2298e-06
P39,0.00,90.00,60.00,0.00,4.1084e-08,2.5953e-07,8.5285e-07,2.4589e-06,6.2549e-06,6.2431e-06,5.8289e-06,3.9403e-08,2.3670e-07,6.4860e-07,2.4610e-06,4.9647e-06,6.1398e-06,6.3022e-06
P39,30.00,90.00,0.00,0.00,6.8259e-08,2.4784e-07,8.3122e-07,2.4451e-06,6.2552e-06,6.2435e-06,5.7226e-06,6.5079e-08,2.2552e-07,6.2719e-07,2.4495e-06,4.9671e-06,6.1416e-06,6.2298e-06
P39,60.00,45.00,30.00,0.00,9.0141e-08,2.0574e-07,7.3735e-07,2.3549e-06,6.2232e-06,6.2115e-06,5.2698e-06,8.6185e-08,1.8584e-07,5.4077e-07,2.3681e-06,4.9428e-06,6.1164e-06,5.8956e-06
P39,60.00,180.00,30.00,0.00,6.1887e-08,2.0572e-07,7.3732e-07,2.3534e-06,6.2230e-06,6.2113e-06,5.2698e-06,5.9076e-08,1.8584e-07,5.4076e-07,2.3664e-06,4.9425e-06,6.1162e-06,5.8956e-06
P39,30.00,0.00,60.00,0.00,5.9533e-08,2.4783e-07,8.3118e-07,2.4457e-06,6.2553e-06,6.2436e-06,5.7226e-06,5.7104e-08,2.2551e-07,6.2718e-07,2.4501e-06,4.9673e-06,6.1416e-06,6.2299e-06
P39,0.00,0.00,30.00,0.00,5.9868e-08,2.5954e-07,8.5289e-07,2.4591e-06,6.2549e-06,6.2431e-06,5.8289e-06,5.7129e-08,2.3670e-07,6.4861e-07,2.4612e-06,4.9647e-06,6.1399e-06,6.3023e-06
P39,60.00,135.00,0.00,0.00,7.6558e-08,2.0573e-07,7.3734e-07,2.3540e-06,6.2231e-06,6.2114e-06,5.2698e-06,7.3087e-08,1.8584e-07,5.4077e-07,2.3671e-06,4.9426e-06,6.1163e-06,5.8956e-06
P39,30.00,45.00,60.00,0.00,5.4433e-08,2.4783e-07,8.3117e-07,2.4454e-06,6.2553e-06,6.2435e-06,5.7226e-06,5.2197e-08,2.2551e-07,6.2718e-07,2.4498e-06,4.9672e-06,6.1416e-06,6.2298e-06
P39,60.00,90.00,0.00,0.00,7.6558e-08,2.0573e-07,7.3734e-07,2.3540e-06,6.2231e-06,6.2114e-06,5.2698e-06,7.3087e-08,1.8584e-07,5.4077e-07,2.3671e-06,4.9426e-06,6.1163e-06,5.8956e-06
P39,60.00,0.00,0.00,0.00,7.6558e-08,2.0573e-07,7.3734e-07,2.3540e-06,6.2231e-06,6.2114e-06,5.2698e-06,7.3087e-08,1.8584e-07,5.4077e-07,2.3671e-06,4.9426e-06,6.1163e-06,5.8956e-06
P39,30.00,45.00,30.00,0.00,6.9623e-08,2.4784e-07,8.3122e-07,2.4454e-06,6.2552e-06,6.2435e-06,5.7226e-06,6.6472e-08,2.2552e-07,6.2719e-07,2.4498e-06,4.9672e-06,6.1416e-06,6.2299e-06
P39,30.00,180.00,60.00,0.00,3.8072e-08,2.4782e-07,8.3115e-07,2.4445e-06,6.2552e-06,6.2434e-06,5.7226e-06,3.6496e-08,2.2551e-07,6.2718e-07,2.4488e-06,4.9671e-06,6.1415e-06,6.2298e-06
P39,60.00,90.00,30.00,0.00,7.5052e-08,2.0573e-07,7.3733e-07,2.3540e-06,6.2231e-06,6.2114e-06,5.2698e-06,7.1690e-08,1.8584e-07,5.4077e-07,2.3671e-06,4.9426e-06,6.1163e-06,5.8956e-06
P39,0.00,180.00,60.00,0.00,4.1084e-08,2.5953e-07,8.5285e-07,2.4589e-06,6.2549e-06,6.2431e-06,5.8289e-06,3.9403e-08,2.3670e-07,6.4860e-07,2.4610e-06,4.9647e-06,6.1398e-06,6.3022e-06
P39,60.00,90.00,60.00,0.00,5.9814e-08,2.0572e-07,7.3730e-07,2.3538e-06,6.2231e-06,6.2114e-06,5.2698e-06,5.7285e-08,1.8584e-07,5.4076e-07,2.3669e-06,4.9426e-06,6.1163e-06,5.8956e-06
P39,60.00,180.00,60.00,0.00,4.1703e-08,2.0571e-07,7.3729e-07,2.3527e-06,6.2230e-06,6.2113e-06,5.2698e-06,3.9940e-08,1.8584e-07,5.4076e-07,2.3657e-06,4.9423e-06,6.1161e-06,5.8955e-06
P39,0.00,0.00,60.00,0.00,4.1084e-08,2.5953e-07,8.5285e-07,2.4589e-06,6.2549e-06,6.2431e-06,5.8289e-06,3.9403e-08,2.3670e-07,6.4860e-07,2.4610e-06,4.9647e-06,6.1398e-06,6.3022e-06
P39,60.00,45.00,60.00,0.00,9.4288e-08,2.0574e-07,7.3733e-07,2.3561e-06,6.2233e-06,6.2117e-06,5.2698e-06,9.0438e-08,1.8584e-07,5.4076e-07,2.3694e-06,4.9430e-06,6.1165e-06,5.8957e-06
P39,30.00,90.00,30.00,0.00,6.4618e-08,2.4784e-07,8.3120e-07,2.4451e-06,6.2552e-06,6.2435e-06,5.7226e-06,6.1672e-08,2.2552e-07,6.2719e-07,2.4495e-06,4.9672e-06,6.1416e-06,6.2298e-06
P39,0.00,135.00,30.00,0.00,5.9868e-08,2.5954e-07,8.5289e-07,2.4591e-06,6.2549e-06,6.2431e-06,5.8289e-06,5.7129e-08,2.3670e-07,6.4861e-07,2.4612e-06,4.9647e-06,6.1399e-06,6.3023e-06
P39,60.00,135.00,30.00,0.00,6.5087e-08,2.0572e-07,7.3732e-07,2.3535e-06,6.2230e-06,6.2114e-06,5.2698e-06,6.2138e-08,1.8584e-07,5.4076e-07,2.3666e-06,4.9425e-06,6.1162e-06,5.8956e-06
P39,60.00,0.00,30.00,0.00,9.8947e-08,2.0575e-07,7.3736e-07,2.3554e-06,6.2232e-06,6.2116e-06,5.2699e-06,9.4658e-08,1.8584e-07,5.4077e-07,2.3687e-06,4.9428e-06,6.1164e-06,5.8957e-06
P39,0.00,45.00,30.00,0.00,5.9868e-08,2.5954e-07,8.5289e-07,2.4591e-06,6.2549e-06,6.2431e-06,5.8289e-06,5.7129e-08,2.3670e-07,6.4861e-07,2.4612e-06,4.9647e-06,6.1399e-06,6.3023e-06
P39,0.00,45.00,0.00,0.00,6.4253e-08,2.5954e-07,8.5291e-07,2.4592e-06,6.2549e-06,6.2431e-06,5.8290e-06,6.1255e-08,2.3670e-07,6.4861e-07,2.4613e-06,4.9647e-06,6.1399e-06,6.3023e-06
P39,0.00,0.00,0.00,0.00,6.4253e-08,2.5954e-07,8.5291e-07,2.4592e-06,6.2549e-06,6.2431e-06,5.8290e-06,6.1255e-08,2.3670e-07,6.4861e-07,2.4613e-06,4.9647e-06,6.1399e-06,6.3023e-06
P40,0.00,135.00,0.00,0.00,8.7466e-08,5.2568e-07,1.4756e-06,5.9087e-06,1.1192e-05,1.1181e-05,8.8648e-06,8.6540e-08,4.8664e-07,1.1581e-06,5.9529e-06,9.9618e-06,1.1117e-05,1.0011e-05
P40,30.00,135.00,0.00,0.00,8.8136e-08,5.0441e-07,1.4396e-06,5.8215e-06,1.1069e-05,1.1058e-05,8.6241e-06,8.7160e-08,4.6607e-07,1.1270e-06,5.8708e-06,9.8545e-06,1.0997e-05,9.8032e-06
P40,0.00,180.00,30.00,0.00,8.3776e-08,5.2567e-07,1.4756e-06,5.9087e-06,1.1192e-05,1.1181e-05,8.8648e-06,8.3018e-08,4.8664e-07,1.1581e-06,5.9528e-06,9.9618e-06,1.1117e-05,1.0011e-05
P40,30.00,0.00,30.00,0.00,8.9985e-08,5.0441e-07,1.4396e-06,5.8216e-06,1.1069e-05,1.1058e-05,8.6241e-06,8.9045e-08,4.6607e-07,1.1270e-06,5.8709e-06,9.8545e-06,1.0997e-05,9.8032e-06
P40,60.00,135.00,30.00,0.00,7.7086e-08,4.2062e-07,1.2977e-06,5.4605e-06,1.0561e-05,1.0550e-05,7.6751e-06,7.6374e-08,3.8519e-07,1.0012e-06,5.5312e-06,9.3987e-06,1.0498e-05,8.9677e-06
P40,30.00,180.00,0.00,0.00,8.8136e-08,5.0441e-07,1.4396e-06,5.8215e-06,1.1069e-05,1.1058e-05,8.6241e-06,8.7160e-08,4.6607e-07,1.1270e-06,5.8708e-06,9.8545e-06,1.0997e-05,9.8032e-06
P40,30.00,180.00,30.00,0.00,8.1141e-08,5.0441e-07,1.4396e-06,5.8214e-06,1.1069e-05,1.1058e-05,8.6241e-06,8.0417e-08,4.6607e-07,1.1270e-06,5.8707e-06,9.8544e-06,1.0997e-05,9.8032e-06
P40,30.00,90.00,0.00,0.00,8.8136e-08,5.0441e-07,1.4396e-06,5.8215e-06,1.1069e-05,1.1058e-05,8.6241e-06,8.7160e-08,4.6607e-07,1.1270e-06,5.8708e-06,9.8545e-06,1.0997e-05,9.8032e-06
P40,0.00,90.00,0.00,0.00,8.7466e-08,5.2568e-07,1.4756e-06,5.9087e-06,1.1192e-05,1.1181e-05,8.8648e-06,8.6540e-08,4.8664e-07,1.1581e-06,5.9529e-06,9.9618e-06,1.1117e-05,1.0011e-05
P40,60.00,90.00,0.00,0.00,8.4862e-08,4.2062e-07,1.2977e-06,5.4606e-06,1.0561e-05,1.0550e-05,7.6751e-06,8.3926e-08,3.8519e-07,1.0012e-06,5.5314e-06,9.3987e-06,1.0498e-05,8.9677e-06
P40,30.00,45.00,60.00,0.00,7.5378e-08,5.0440e-07,1.4396e-06,5.8214e-06,1.1069e-05,1.1058e-05,8.6241e-06,7.5051e-08,4.6607e-07,1.1270e-06,5.8707e-06,9.8544e-06,1.0997e-05,9.8032e-06
P40,0.00,0.00,0.00,0.00,8.7466e-08,5.2568e-07,1.4756e-06,5.9087e-06,1.1192e-05,1.1181e-05,8.8648e-06,8.6540e-08,4.8664e-07,1.1581e-06,5.9529e-06,9.9618e-06,1.1117e-05,1.0011e-05
P40,60.00,0.00,0.00,0.00,8.4862e-08,4.2062e-07,1.2977e-06,5.4606e-06,1.0561e-05,1.0550e-05,7.6751e-06,8.3926e-08,3.8519e-07,1.0012e-06,5.5314e-06,9.3987e-06,1.0498e-05,8.9677e-06
P40,60.00,90.00,60.00,0.00,7.1181e-08,4.2062e-07,1.2977e-06,5.4604e-06,1.0561e-05,1.0550e-05,7.6751e-06,7.0781e-08,3.8519e-07,1.0012e-06,5.5312e-06,9.3987e-06,1.0498e-05,8.9677e-06
P40,60.00,135.00,0.00,0.00,8.4862e-08,4.2062e-07,1.2977e-06,5.4606e-06,1.0561e-05,1.0550e-05,7.6751e-06,8.3926e-08,3.8519e-07,1.0012e-06,5.5314e-06,9.3987e-06,1.0498e-05,8.9677e-06
P40,30.00,45.00,0.00,0.00,8.8136e-08,5.0441e-07,1.4396e-06,5.8215e-06,1.1069e-05,1.1058e-05,8.6241e-06,8.7160e-08,4.6607e-07,1.1270e-06,5.8708e-06,9.8545e-06,1.0997e-05,9.8032e-06
P40,60.00,90.00,30.00,0.00,8.3240e-08,4.2062e-07,1.2977e-06,5.4606e-06,1.0561e-05,1.0550e-05,7.6751e-06,8.2389e-08,3.8519e-07,1.0012e-06,5.5313e-06,9.3987e-06,1.0498e-05,8.9677e-06
P40,0.00,45.00,0.00,0.00,8.7466e-08,5.2568e-07,1.4756e-06,5.9087e-06,1.1192e-05,1.1181e-05,8.8648e-06,8.6540e-08,4.8664e-07,1.1581e-06,5.9529e-06,9.9618e-06,1.1117e-05,1.0011e-05
P40,60.00,135.00,60.00,0.00,6.2980e-08,4.2062e-07,1.2977e-06,5.4603e-06,1.0561e-05,1.0550e-05,7.6751e-06,6.2755e-08,3.8519e-07,1.0012e-06,5.5311e-06,9.3987e-06,1.0498e-05,8.9677e-06
P40,0.00,0.00,30.00,0.00,8.3776e-08,5.2567e-07,1.4756e-06,5.9087e-06,1.1192e-05,1.1181e-05,8.8648e-06,8.3018e-08,4.8664e-07,1.1581e-06,5.9528e-06,9.9618e-06,1.1117e-05,1.0011e-05
P40,30.00,135.00,30.00,0.00,8.2167e-08,5.0441e-07,1.4396e-06,5.8214e-06,1.1069e-05,1.1058e-05,8.6241e-06,8.1417e-08,4.6607e-07,1.1270e-06,5.8707e-06,9.8545e-06,1.0997e-05,9.8032e-06
P40,30.00,135.00,60.00,0.00,6.6360e-08,5.0440e-07,1.4396e-06,5.8213e-06,1.1069e-05,1.1058e-05,8.6241e-06,6.6226e-08,4.6607e-07,1.1270e-06,5.8705e-06,9.8544e-06,1.0997e-05,9.8032e-06
P40,30.00,90.00,30.00,0.00,8.4974e-08,5.0441e-07,1.4396e-06,5.8215e-06,1.1069e-05,1.1058e-05,8.6241e-06,8.4154e-08,4.6607e-07,1.1270e-06,5.8708e-06,9.8545e-06,1.0997e-05,9.8032e-06
P40,30.00,90.00,60.00,0.00,6.9943e-08,5.0440e-07,1.4396e-06,5.8213e-06,1.1069e-05,1.1058e-05,8.6241e-06,6.9728e-08,4.6607e-07,1.1270e-06,5.8706e-06,9.8544e-06,1.0997e-05,9.8032e-06
P40,60.00,180.00,0.00,0.00,8.4862e-08,4.2062e-07,1.2977e-06,5.4606e-06,1.0561e-05,1.0550e-05,7.6751e-06,8.3926e-08,3.8519e-07,1.0012e-06,5.5314e-06,9.3987e-06,1.0498e-05,8.9677e-06
P40,30.00,45.00,30.00,0.00,8.8352e-08,5.0441e-07,1.4396e-06,5.8215e-06,1.1069e-05,1.1058e-05,8.6241e-06,8.7449e-08,4.6607e-07,1.1270e-06,5.8708e-06,9.8545e-06,1.0997e-05,9.8032e-06
P40,60.00,180.00,30.00,0.00,7.5112e-08,4.2062e-07,1.2977e-06,5.4605e-06,1.0561e-05,1.0550e-05,7.6751e-06,7.4448e-08,3.8519e-07,1.0012e-06,5.5312e-06,9.3987e-06,1.0498e-05,8.9677e-06
P40,0.00,90.00,60.00,0.00,6.8821e-08,5.2567e-07,1.4756e-06,5.9085e-06,1.1192e-05,1.1181e-05,8.8648e-06,6.8681e-08,4.8664e-07,1.1581e-06,5.9527e-06,9.9618e-06,1.1117e-05,1.0011e-05
P40,60.00,0.00,30.00,0.00,9.8031e-08,4.2062e-07,1.2977e-06,5.4608e-06,1.0561e-05,1.0550e-05,7.6751e-06,9.6877e-08,3.8519e-07,1.0012e-06,5.5316e-06,9.3987e-06,1.0498e-05,8.9677e-06
P40,0.00,180.00,60.00,0.00,6.8821e-08,5.2567e-07,1.4756e-06,5.9085e-06,1.1192e-05,1.1181e-05,8.8648e-06,6.8681e-08,4.8664e-07,1.1581e-06,5.9527e-06,9.9618e-06,1.1117e-05,1.0011e-05
P40,60.00,0.00,60.00,0.00,1.1063e-07,4.2063e-07,1.2977e-06,5.4609e-06,1.0561e-05,1.0550e-05,7.6751e-06,1.0957e-07,3.8519e-07,1.0012e-06,5.5317e-06,9.3987e-06,1.0498e-05,8.9677e-06
P40,0.00,45.00,30.00,0.00,8.3776e-08,5.2567e-07,1.4756e-06,5.9087e-06,1.1192e-05,1.1181e-05,8.8648e-06,8.3018e-08,4.8664e-07,1.1581e-06,5.9528e-06,9.9618e-06,1.1117e-05,1.0011e-05
P40,0.00,180.00,0.00,0.00,8.7466e-08,5.2568e-07,1.4756e-06,5.9087e-06,1.1192e-05,1.1181e-05,8.8648e-06,8.6540e-08,4.8664e-07,1.1581e-06,5.9529e-06,9.9618e-06,1.1117e-05,1.0011e-05
P40,0.00,0.00,60.00,0.00,6.8821e-08,5.2567e-07,1.4756e-06,5.9085e-06,1.1192e-05,1.1181e-05,8.8648e-06,6.8681e-08,4.8664e-07,1.1581e-06,5.9527e-06,9.9618e-06,1.1117e-05,1.0011e-05
P40,0.00,135.00,30.00,0.00,8.3776e-08,5.2567e-07,1.4756e-06,5.9087e-06,1.1192e-05,1.1181e-05,8.8648e-06,8.3018e-08,4.8664e-07,1.1581e-06,5.9528e-06,9.9618e-06,1.1117e-05,1.0011e-05
P40,60.00,45.00,30.00,0.00,9.2575e-08,4.2062e-07,1.2977e-06,5.4607e-06,1.0561e-05,1.0550e-05,7.6751e-06,9.1528e-08,3.8519e-07,1.0012e-06,5.5315e-06,9.3987e-06,1.0498e-05,8.9677e-06
P40,0.00,90.00,30.00,0.00,8.3776e-08,5.2567e-07,1.4756e-06,5.9087e-06,1.1192e-05,1.1181e-05,8.8648e-06,8.3018e-08,4.8664e-07,1.1581e-06,5.9528e-06,9.9618e-06,1.1117e-05,1.0011e-05
P40,60.00,45.00,0.00,0.00,8.4862e-08,4.2062e-07,1.2977e-06,5.4606e-06,1.0561e-05,1.0550e-05,7.6751e-06,8.3926e-08,3.8519e-07,1.0012e-06,5.5314e-06,9.3987e-06,1.0498e-05,8.9677e-06
P40,60.00,45.00,60.00,0.00,9.0962e-08,4.2062e-07,1.2977e-06,5.4606e-06,1.0561e-05,1.0550e-05,7.6751e-06,9.0202e-08,3.8519e-07,1.0012e-06,5.5314e-06,9.3987e-06,1.0498e-05,8.9677e-06
P40,30.00,180.00,60.00,0.00,6.5211e-08,5.0440e-07,1.4396e-06,5.8212e-06,1.1069e-05,1.1058e-05,8.6241e-06,6.5104e-08,4.6607e-07,1.1270e-06,5.8705e-06,9.8544e-06,1.0997e-05,9.8032e-06
P40,60.00,180.00,60.00,0.00,6.0826e-08,4.2062e-07,1.2977e-06,5.4603e-06,1.0561e-05,1.0550e-05,7.6751e-06,6.0648e-08,3.8519e-07,1.0012e-06,5.5310e-06,9.3987e-06,1.0498e-05,8.9677e-06
P40,30.00,0.00,60.00,0.00,7.8555e-08,5.0440e-07,1.4396e-06,5.8214e-06,1.1069e-05,1.1058e-05,8.6241e-06,7.8166e-08,4.6607e-07,1.1270e-06,5.8707e-06,9.8544e-06,1.0997e-05,9.8032e-06
P40,0.00,45.00,60.00,0.00,6.8821e-08,5.2567e-07,1.4756e-06,5.9085e-06,1.1192e-05,1.1181e-05,8.8648e-06,6.8681e-08,4.8664e-07,1.1581e-06,5.9527e-06,9.9618e-06,1.1117e-05,1.0011e-05
P40,0.00,135.00,60.00,0.00,6.8821e-08,5.2567e-07,1.4756e-06,5.9085e-06,1.1192e-05,1.1181e-05,8.8648e-06,6.8681e-08,4.8664e-07,1.1581e-06,5.9527e-06,9.9618e-06,1.1117e-05,1.0011e-05
P40,30.00,0.00,0.00,0.00,8.8136e-08,5.0441e-07,1.4396e-06,5.8215e-06,1.1069e-05,1.1058e-05,8.6241e-06,8.7160e-08,4.6607e-07,1.1270e-06,5.8708e-06,9.8545e-06,1.0997e-05,9.8032e-06
P41,0.00,135.00,60.00,0.00,6.7607e-08,3.4672e-07,1.1993e-06,5.7630e-06,1.1260e-05,1.1247e-05,8.6779e-06,6.7147e-08,3.1248e-07,8.7422e-07,5.8115e-06,9.9279e-06,1.1179e-05,9.9216e-06
P41,60.00,90.00,60.00,0.00,7.3125e-08,2.6190e-07,9.8678e-07,5.3489e-06,1.0727e-05,1.0716e-05,7.4497e-06,7.2300e-08,2.3334e-07,7.0025e-07,5.4265e-06,9.5044e-06,1.0670e-05,8.8462e-06
P41,0.00,0.00,0.00,0.00,8.7515e-08,3.4673e-07,1.1993e-06,5.7632e-06,1.1260e-05,1.1247e-05,8.6779e-06,8.6139e-08,3.1248e-07,8.7422e-07,5.8118e-06,9.9280e-06,1.1179e-05,9.9216e-06
P41,0.00,180.00,0.00,0.00,8.7515e-08,3.4673e-07,1.1993e-06,5.7632e-06,1.1260e-05,1.1247e-05,8.6779e-06,8.6139e-08,3.1248e-07,8.7422e-07,5.8118e-06,9.9280e-06,1.1179e-05,9.9216e-06
P41,0.00,45.00,30.00,0.00,8.3641e-08,3.4673e-07,1.1993e-06,5.7631e-06,1.1260e-05,1.1247e-05,8.6779e-06,8.2454e-08,3.1248e-07,8.7422e-07,5.8117e-06,9.9279e-06,1.1179e-05,9.9216e-06
P41,30.00,180.00,0.00,0.00,8.8848e-08,3.2802e-07,1.1552e-06,5.6845e-06,1.1162e-05,1.1150e-05,8.4296e-06,8.7396e-08,2.9490e-07,8.3809e-07,5.7387e-06,9.8508e-06,1.1086e-05,9.7109e-06
P41,30.00,0.00,0.00,0.00,8.8848e-08,3.2802e-07,1.1552e-06,5.6845e-06,1.1162e-05,1.1150e-05,8.4296e-06,8.7396e-08,2.9490e-07,8.3809e-07,5.7387e-06,9.8508e-06,1.1086e-05,9.7109e-06
P41,60.00,0.00,0.00,0.00,8.7705e-08,2.6190e-07,9.8678e-07,5.3491e-06,1.0727e-05,1.0716e-05,7.4497e-06,8.6242e-08,2.3334e-07,7.0025e-07,5.4267e-06,9.5044e-06,1.0670e-05,8.8462e-06
P41,30.00,45.00,60.00,0.00,7.5751e-08,3.2802e-07,1.1552e-06,5.6845e-06,1.1162e-05,1.1150e-05,8.4296e-06,7.5026e-08,2.9490e-07,8.3809e-07,5.7387e-06,9.8508e-06,1.1086e-05,9.7109e-06
P41,60.00,0.00,30.00,0.00,1.0328e-07,2.6191e-07,9.8678e-07,5.3496e-06,1.0727e-05,1.0716e-05,7.4497e-06,1.0148e-07,2.3334e-07,7.0025e-07,5.4273e-06,9.5045e-06,1.0670e-05,8.8462e-06
P41,30.00,180.00,60.00,0.00,6.3920e-08,3.2802e-07,1.1552e-06,5.6841e-06,1.1162e-05,1.1150e-05,8.4296e-06,6.3515e-08,2.9490e-07,8.3809e-07,5.7383e-06,9.8507e-06,1.1086e-05,9.7109e-06
P41,30.00,135.00,0.00,0.00,8.8848e-08,3.2802e-07,1.1552e-06,5.6845e-06,1.1162e-05,1.1150e-05,8.4296e-06,8.7396e-08,2.9490e-07,8.3809e-07,5.7387e-06,9.8508e-06,1.1086e-05,9.7109e-06
P41,60.00,180.00,30.00,0.00,7.6657e-08,2.6190e-07,9.8678e-07,5.3488e-06,1.0727e-05,1.0716e-05,7.4497e-06,7.5552e-08,2.3334e-07,7.0025e-07,5.4264e-06,9.5044e-06,1.0670e-05,8.8462e-06
P41,0.00,90.00,60.00,0.00,6.7607e-08,3.4672e-07,1.1993e-06,5.7630e-06,1.1260e-05,1.1247e-05,8.6779e-06,6.7147e-08,3.1248e-07,8.7422e-07,5.8115e-06,9.9279e-06,1.1179e-05,9.9216e-06
P41,60.00,135.00,0.00,0.00,8.7705e-08,2.6190e-07,9.8678e-07,5.3491e-06,1.0727e-05,1.0716e-05,7.4497e-06,8.6242e-08,2.3334e-07,7.0025e-07,5.4267e-06,9.5044e-06,1.0670e-05,8.8462e-06
P41,30.00,90.00,30.00,0.00,8.5560e-08,3.2802e-07,1.1552e-06,5.6845e-06,1.1162e-05,1.1150e-05,8.4296e-06,8.4283e-08,2.9490e-07,8.3809e-07,5.7387e-06,9.8508e-06,1.1086e-05,9.7109e-06
P41,0.00,135.00,0.00,0.00,8.7515e-08,3.4673e-07,1.1993e-06,5.7632e-06,1.1260e-05,1.1247e-05,8.6779e-06,8.6139e-08,3.1248e-07,8.7422e-07,5.8118e-06,9.9280e-06,1.1179e-05,9.9216e-06
P41,0.00,45.00,0.00,0.00,8.7515e-08,3.4673e-07,1.1993e-06,5.7632e-06,1.1260e-05,1.1247e-05,8.6779e-06,8.6139e-08,3.1248e-07,8.7422e-07,5.8118e-06,9.9280e-06,1.1179e-05,9.9216e-06
P41,30.00,90.00,60.00,0.00,6.9428e-08,3.2802e-07,1.1552e-06,5.6843e-06,1.1162e-05,1.1150e-05,8.4296e-06,6.8867e-08,2.9490e-07,8.3809e-07,5.7384e-06,9.8507e-06,1.1086e-05,9.7109e-06
P41,60.00,180.00,60.00,0.00,6.0786e-08,2.6190e-07,9.8678e-07,5.3485e-06,1.0727e-05,1.0716e-05,7.4497e-06,6.0298e-08,2.3334e-07,7.0025e-07,5.4261e-06,9.5043e-06,1.0670e-05,8.8462e-06
P41,60.00,135.00,30.00,0.00,7.8951e-08,2.6190e-07,9.8678e-07,5.3489e-06,1.0727e-05,1.0716e-05,7.4497e-06,7.7780e-08,2.3334e-07,7.0025e-07,5.4265e-06,9.5044e-06,1.0670e-05,8.8462e-06
P41,30.00,180.00,30.00,0.00,8.1216e-08,3.2802e-07,1.1552e-06,5.6843e-06,1.1162e-05,1.1150e-05,8.4296e-06,8.0068e-08,2.9490e-07,8.3809e-07,5.7385e-06,9.8507e-06,1.1086e-05,9.7109e-06
P41,30.00,135.00,60.00,0.00,6.5258e-08,3.2802e-07,1.1552e-06,5.6842e-06,1.1162e-05,1.1150e-05,8.4296e-06,6.4814e-08,2.9490e-07,8.3809e-07,5.7383e-06,9.8507e-06,1.1086e-05,9.7109e-06
P41,0.00,0.00,60.00,0.00,6.7607e-08,3.4672e-07,1.1993e-06,5.7630e-06,1.1260e-05,1.1247e-05,8.6779e-06,6.7147e-08,3.1248e-07,8.7422e-07,5.8115e-06,9.9279e-06,1.1179e-05,9.9216e-06
P41,0.00,135.00,30.00,0.00,8.3641e-08,3.4673e-07,1.1993e-06,5.7631e-06,1.1260e-05,1.1247e-05,8.6779e-06,8.2454e-08,3.1248e-07,8.7422e-07,5.8117e-06,9.9279e-06,1.1179e-05,9.9216e-06
P41,0.00,0.00,30.00,0.00,8.3641e-08,3.4673e-07,1.1993e-06,5.7631e-06,1.1260e-05,1.1247e-05,8.6779e-06,8.2454e-08,3.1248e-07,8.7422e-07,5.8117e-06,9.9279e-06,1.1179e-05,9.9216e-06
P41,60.00,45.00,0.00,0.00,8.7705e-08,2.6190e-07,9.8678e-07,5.3491e-06,1.0727e-05,1.0716e-05,7.4497e-06,8.6242e-08,2.3334e-07,7.0025e-07,5.4267e-06,9.5044e-06,1.0670e-05,8.8462e-06
P41,30.00,45.00,30.00,0.00,8.9386e-08,3.2802e-07,1.1552e-06,5.6846e-06,1.1162e-05,1.1150e-05,8.4296e-06,8.7998e-08,2.9490e-07,8.3809e-07,5.7388e-06,9.8508e-06,1.1086e-05,9.7109e-06
P41,30.00,135.00,30.00,0.00,8.2379e-08,3.2802e-07,1.1552e-06,5.6844e-06,1.1162e-05,1.1150e-05,8.4296e-06,8.1196e-08,2.9490e-07,8.3809e-07,5.7386e-06,9.8507e-06,1.1086e-05,9.7109e-06
P41,0.00,90.00,0.00,0.00,8.7515e-08,3.4673e-07,1.1993e-06,5.7632e-06,1.1260e-05,1.1247e-05,8.6779e-06,8.6139e-08,3.1248e-07,8.7422e-07,5.8118e-06,9.9280e-06,1.1179e-05,9.9216e-06
P41,30.00,0.00,30.00,0.00,9.1237e-08,3.2803e-07,1.1552e-06,5.6847e-06,1.1162e-05,1.1150e-05,8.4296e-06,8.9797e-08,2.9490e-07,8.3809e-07,5.7389e-06,9.8508e-06,1.1086e-05,9.7109e-06
P41,0.00,180.00,30.00,0.00,8.3641e-08,3.4673e-07,1.1993e-06,5.7631e-06,1.1260e-05,1.1247e-05,8.6779e-06,8.2454e-08,3.1248e-07,8.7422e-07,5.8117e-06,9.9279e-06,1.1179e-05,9.9216e-06
P41,30.00,0.00,60.00,0.00,7.9446e-08,3.2802e-07,1.1552e-06,5.6846e-06,1.1162e-05,1.1150e-05,8.4296e-06,7.8631e-08,2.9490e-07,8.3809e-07,5.7388e-06,9.8508e-06,1.1086e-05,9.7109e-06
P41,60.00,90.00,0.00,0.00,8.7705e-08,2.6190e-07,9.8678e-07,5.3491e-06,1.0727e-05,1.0716e-05,7.4497e-06,8.6242e-08,2.3334e-07,7.0025e-07,5.4267e-06,9.5044e-06,1.0670e-05,8.8462e-06
P41,60.00,135.00,60.00,0.00,6.3354e-08,2.6190e-07,9.8678e-07,5.3486e-06,1.0727e-05,1.0716e-05,7.4497e-06,6.2793e-08,2.3334e-07,7.0025e-07,5.4262e-06,9.5043e-06,1.0670e-05,8.8462e-06
P41,60.00,45.00,30.00,0.00,9.6948e-08,2.6191e-07,9.8678e-07,5.3494e-06,1.0727e-05,1.0716e-05,7.4497e-06,9.5295e-08,2.3334e-07,7.0025e-07,5.4271e-06,9.5044e-06,1.0670e-05,8.8462e-06
P41,0.00,90.00,30.00,0.00,8.3641e-08,3.4673e-07,1.1993e-06,5.7631e-06,1.1260e-05,1.1247e-05,8.6779e-06,8.2454e-08,3.1248e-07,8.7422e-07,5.8117e-06,9.9279e-06,1.1179e-05,9.9216e-06
P41,0.00,180.00,60.00,0.00,6.7607e-08,3.4672e-07,1.1993e-06,5.7630e-06,1.1260e-05,1.1247e-05,8.6779e-06,6.7147e-08,3.1248e-07,8.7422e-07,5.8115e-06,9.9279e-06,1.1179e-05,9.9216e-06
P41,30.00,45.00,0.00,0.00,8.8848e-08,3.2802e-07,1.1552e-06,5.6845e-06,1.1162e-05,1.1150e-05,8.4296e-06,8.7396e-08,2.9490e-07,8.3809e-07,5.7387e-06,9.8508e-06,1.1086e-05,9.7109e-06
P41,60.00,90.00,30.00,0.00,8.6104e-08,2.6190e-07,9.8678e-07,5.3491e-06,1.0727e-05,1.0716e-05,7.4497e-06,8.4733e-08,2.3334e-07,7.0025e-07,5.4267e-06,9.5044e-06,1.0670e-05,8.8462e-06
P41,30.00,90.00,0.00,0.00,8.8848e-08,3.2802e-07,1.1552e-06,5.6845e-06,1.1162e-05,1.1150e-05,8.4296e-06,8.7396e-08,2.9490e-07,8.3809e-07,5.7387e-06,9.8508e-06,1.1086e-05,9.7109e-06
P41,60.00,45.00,60.00,0.00,9.6679e-08,2.6190e-07,9.8678e-07,5.3496e-06,1.0727e-05,1.0716e-05,7.4497e-06,9.5293e-08,2.3334e-07,7.0025e-07,5.4273e-06,9.5044e-06,1.0670e-05,8.8462e-06
P41,0.00,45.00,60.00,0.00,6.7607e-08,3.4672e-07,1.1993e-06,5.7630e-06,1.1260e-05,1.1247e-05,8.6779e-06,6.7147e-08,3.1248e-07,8.7422e-07,5.8115e-06,9.9279e-06,1.1179e-05,9.9216e-06
P41,60.00,180.00,0.00,0.00,8.7705e-08,2.6190e-07,9.8678e-07,5.3491e-06,1.0727e-05,1.0716e-05,7.4497e-06,8.6242e-08,2.3334e-07,7.0025e-07,5.4267e-06,9.5044e-06,1.0670e-05,8.8462e-06
P41,60.00,0.00,60.00,0.00,1.2008e-07,2.6191e-07,9.8678e-07,5.3505e-06,1.0727e-05,1.0716e-05,7.4497e-06,1.1821e-07,2.3334e-07,7.0025e-07,5.4283e-06,9.5046e-06,1.0670e-05,8.8462e-06
P42,60.00,90.00,30.00,0.00,7.6412e-08,3.7418e-07,1.0718e-06,3.8684e-06,8.7095e-06,8.6971e-06,6.4407e-06,7.4099e-08,3.4625e-07,8.4359e-07,3.9143e-06,7.3600e-06,8.6185e-06,7.5077e-06
P42,60.00,180.00,60.00,0.00,4.7123e-08,3.7417e-07,1.0718e-06,3.8674e-06,8.7094e-06,8.6970e-06,6.4407e-06,4.6018e-08,3.4625e-07,8.4359e-07,3.9132e-06,7.3598e-06,8.6184e-06,7.5076e-06
P42,30.00,0.00,60.00,0.00,6.4899e-08,4.2934e-07,1.1750e-06,4.1073e-06,8.9482e-06,8.9355e-06,7.1785e-06,6.3307e-08,3.9917e-07,9.3155e-07,4.1367e-06,7.5695e-06,8.8455e-06,8.1302e-06
P42,0.00,180.00,0.00,0.00,7.1619e-08,4.4343e-07,1.2014e-06,4.1619e-06,9.0026e-06,8.9899e-06,7.3632e-06,6.9400e-08,4.1270e-07,9.5376e-07,4.1871e-06,7.6174e-06,8.8973e-06,8.2803e-06
P42,0.00,180.00,60.00,0.00,4.9763e-08,4.4343e-07,1.2014e-06,4.1616e-06,9.0026e-06,8.9899e-06,7.3632e-06,4.8686e-08,4.1270e-07,9.5376e-07,4.1868e-06,7.6174e-06,8.8973e-06,8.2803e-06
P42,0.00,0.00,0.00,0.00,7.1619e-08,4.4343e-07,1.2014e-06,4.1619e-06,9.0026e-06,8.9899e-06,7.3632e-06,6.9400e-08,4.1270e-07,9.5376e-07,4.1871e-06,7.6174e-06,8.8973e-06,8.2803e-06
P42,0.00,135.00,0.00,0.00,7.1619e-08,4.4343e-07,1.2014e-06,4.1619e-06,9.0026e-06,8.9899e-06,7.3632e-06,6.9400e-08,4.1270e-07,9.5376e-07,4.1871e-06,7.6174e-06,8.8973e-06,8.2803e-06
P42,60.00,90.00,60.00,0.00,6.2181e-08,3.7417e-07,1.0718e-06,3.8682e-06,8.7095e-06,8.6971e-06,6.4407e-06,6.0567e-08,3.4625e-07,8.4359e-07,3.9141e-06,7.3600e-06,8.6184e-06,7.5076e-06
P42,30.00,180.00,0.00,0.00,7.4353e-08,4.2934e-07,1.1750e-06,4.1070e-06,8.9481e-06,8.9355e-06,7.1785e-06,7.2017e-08,3.9917e-07,9.3156e-07,4.1363e-06,7.5694e-06,8.8454e-06,8.1302e-06
P42,30.00,90.00,0.00,0.00,7.4353e-08,4.2934e-07,1.1750e-06,4.1070e-06,8.9481e-06,8.9355e-06,7.1785e-06,7.2017e-08,3.9917e-07,9.3156e-07,4.1363e-06,7.5694e-06,8.8454e-06,8.1302e-06
P42,0.00,90.00,30.00,0.00,6.7421e-08,4.4343e-07,1.2014e-06,4.1618e-06,9.0026e-06,8.9899e-06,7.3632e-06,6.5433e-08,4.1270e-07,9.5376e-07,4.1870e-06,7.6174e-06,8.8973e-06,8.2803e-06
P42,30.00,135.00,60.00,0.00,4.8103e-08,4.2933e-07,1.1750e-06,4.1065e-06,8.9481e-06,8.9354e-06,7.1784e-06,4.7049e-08,3.9917e-07,9.3155e-07,4.1358e-06,7.5694e-06,8.8454e-06,8.1302e-06
P42,30.00,45.00,0.00,0.00,7.4353e-08,4.2934e-07,1.1750e-06,4.1070e-06,8.9481e-06,8.9355e-06,7.1785e-06,7.2017e-08,3.9917e-07,9.3156e-07,4.1363e-06,7.5694e-06,8.8454e-06,8.1302e-06
P42,60.00,135.00,0.00,0.00,7.8001e-08,3.7418e-07,1.0718e-06,3.8684e-06,8.7095e-06,8.6971e-06,6.4407e-06,7.5581e-08,3.4625e-07,8.4359e-07,3.9143e-06,7.3600e-06,8.6185e-06,7.5077e-06
P42,60.00,0.00,60.00,0.00,1.1942e-07,3.7419e-07,1.0718e-06,3.8717e-06,8.7098e-06,8.6974e-06,6.4407e-06,1.1618e-07,3.4625e-07,8.4360e-07,3.9180e-06,7.3607e-06,8.6188e-06,7.5077e-06
P42,30.00,135.00,30.00,0.00,6.7140e-08,4.2934e-07,1.1750e-06,4.1068e-06,8.9481e-06,8.9355e-06,7.1785e-06,6.5146e-08,3.9917e-07,9.3156e-07,4.1361e-06,7.5694e-06,8.8454e-06,8.1302e-06
P42,60.00,45.00,30.00,0.00,8.9292e-08,3.7418e-07,1.0718e-06,3.8691e-06,8.7096e-06,8.6972e-06,6.4407e-06,8.6568e-08,3.4625e-07,8.4359e-07,3.9151e-06,7.3601e-06,8.6185e-06,7.5077e-06
P42,0.00,135.00,30.00,0.00,6.7421e-08,4.4343e-07,1.2014e-06,4.1618e-06,9.0026e-06,8.9899e-06,7.3632e-06,6.5433e-08,4.1270e-07,9.5376e-07,4.1870e-06,7.6174e-06,8.8973e-06,8.2803e-06
P42,30.00,45.00,60.00,0.00,6.0530e-08,4.2934e-07,1.1750e-06,4.1071e-06,8.9481e-06,8.9355e-06,7.1785e-06,5.9070e-08,3.9917e-07,9.3155e-07,4.1364e-06,7.5695e-06,8.8454e-06,8.1302e-06
P42,30.00,0.00,0.00,0.00,7.4353e-08,4.2934e-07,1.1750e-06,4.1070e-06,8.9481e-06,8.9355e-06,7.1785e-06,7.2017e-08,3.9917e-07,9.3156e-07,4.1363e-06,7.5694e-06,8.8454e-06,8.1302e-06
P42,0.00,45.00,0.00,0.00,7.1619e-08,4.4343e-07,1.2014e-06,4.1619e-06,9.0026e-06,8.9899e-06,7.3632e-06,6.9400e-08,4.1270e-07,9.5376e-07,4.1871e-06,7.6174e-06,8.8973e-06,8.2803e-06
P42,60.00,135.00,60.00,0.00,5.0257e-08,3.7417e-07,1.0718e-06,3.8676e-06,8.7094e-06,8.6970e-06,6.4407e-06,4.9044e-08,3.4625e-07,8.4359e-07,3.9135e-06,7.3599e-06,8.6184e-06,7.5076e-06
P42,0.00,90.00,60.00,0.00,4.9763e-08,4.4343e-07,1.2014e-06,4.1616e-06,9.0026e-06,8.9899e-06,7.3632e-06,4.8686e-08,4.1270e-07,9.5376e-07,4.1868e-06,7.6174e-06,8.8973e-06,8.2803e-06
P42,60.00,90.00,0.00,0.00,7.8001e-08,3.7418e-07,1.0718e-06,3.8684e-06,8.7095e-06,8.6971e-06,6.4407e-06,7.5581e-08,3.4625e-07,8.4359e-07,3.9143e-06,7.3600e-06,8.6185e-06,7.5077e-06
P42,60.00,0.00,30.00,0.00,9.6813e-08,3.7418e-07,1.0718e-06,3.8694e-06,8.7096e-06,8.6972e-06,6.4407e-06,9.3859e-08,3.4625e-07,8.4359e-07,3.9155e-06,7.3602e-06,8.6186e-06,7.5077e-06
P42,60.00,180.00,0.00,0.00,7.8001e-08,3.7418e-07,1.0718e-06,3.8684e-06,8.7095e-06,8.6971e-06,6.4407e-06,7.5581e-08,3.4625e-07,8.4359e-07,3.9143e-06,7.3600e-06,8.6185e-06,7.5077e-06
P42,0.00,45.00,60.00,0.00,4.9763e-08,4.4343e-07,1.2014e-06,4.1616e-06,9.0026e-06,8.9899e-06,7.3632e-06,4.8686e-08,4.1270e-07,9.5376e-07,4.1868e-06,7.6174e-06,8.8973e-06,8.2803e-06
P42,60.00,45.00,0.00,0.00,7.8001e-08,3.7418e-07,1.0718e-06,3.8684e-06,8.7095e-06,8.6971e-06,6.4407e-06,7.5581e-08,3.4625e-07,8.4359e-07,3.9143e-06,7.3600e-06,8.6185e-06,7.5077e-06
P42,30.00,180.00,30.00,0.00,6.5792e-08,4.2934e-07,1.1750e-06,4.1067e-06,8.9481e-06,8.9355e-06,7.1785e-06,6.3846e-08,3.9917e-07,9.3156e-07,4.1359e-06,7.5694e-06,8.8454e-06,8.1302e-06
P42,0.00,45.00,30.00,0.00,6.7421e-08,4.4343e-07,1.2014e-06,4.1618e-06,9.0026e-06,8.9899e-06,7.3632e-06,6.5433e-08,4.1270e-07,9.5376e-07,4.1870e-06,7.6174e-06,8.8973e-06,8.2803e-06
P42,30.00,180.00,60.00,0.00,4.6517e-08,4.2933e-07,1.1750e-06,4.1064e-06,8.9481e-06,8.9354e-06,7.1784e-06,4.5518e-08,3.9917e-07,9.3155e-07,4.1357e-06,7.5694e-06,8.8454e-06,8.1302e-06
P42,60.00,0.00,0.00,0.00,7.8001e-08,3.7418e-07,1.0718e-06,3.8684e-06,8.7095e-06,8.6971e-06,6.4407e-06,7.5581e-08,3.4625e-07,8.4359e-07,3.9143e-06,7.3600e-06,8.6185e-06,7.5077e-06
P42,60.00,180.00,30.00,0.00,6.5179e-08,3.7417e-07,1.0718e-06,3.8679e-06,8.7095e-06,8.6971e-06,6.4407e-06,6.3252e-08,3.4625e-07,8.4359e-07,3.9138e-06,7.3599e-06,8.6184e-06,7.5076e-06
P42,0.00,0.00,30.00,0.00,6.7421e-08,4.4343e-07,1.2014e-06,4.1618e-06,9.0026e-06,8.9899e-06,7.3632e-06,6.5433e-08,4.1270e-07,9.5376e-07,4.1870e-06,7.6174e-06,8.8973e-06,8.2803e-06
P42,0.00,90.00,0.00,0.00,7.1619e-08,4.4343e-07,1.2014e-06,4.1619e-06,9.0026e-06,8.9899e-06,7.3632e-06,6.9400e-08,4.1270e-07,9.5376e-07,4.1871e-06,7.6174e-06,8.8973e-06,8.2803e-06
P42,30.00,135.00,0.00,0.00,7.4353e-08,4.2934e-07,1.1750e-06,4.1070e-06,8.9481e-06,8.9355e-06,7.1785e-06,7.2017e-08,3.9917e-07,9.3156e-07,4.1363e-06,7.5694e-06,8.8454e-06,8.1302e-06
P42,0.00,135.00,60.00,0.00,4.9763e-08,4.4343e-07,1.2014e-06,4.1616e-06,9.0026e-06,8.9899e-06,7.3632e-06,4.8686e-08,4.1270e-07,9.5376e-07,4.1868e-06,7.6174e-06,8.8973e-06,8.2803e-06
P42,30.00,45.00,30.00,0.00,7.5250e-08,4.2934e-07,1.1750e-06,4.1072e-06,8.9481e-06,8.9355e-06,7.1785e-06,7.2973e-08,3.9917e-07,9.3156e-07,4.1365e-06,7.5695e-06,8.8454e-06,8.1302e-06
P42,30.00,0.00,30.00,0.00,7.7389e-08,4.2934e-07,1.1750e-06,4.1073e-06,8.9482e-06,8.9355e-06,7.1785e-06,7.5041e-08,3.9917e-07,9.3156e-07,4.1366e-06,7.5695e-06,8.8455e-06,8.1302e-06
P42,0.00,180.00,30.00,0.00,6.7421e-08,4.4343e-07,1.2014e-06,4.1618e-06,9.0026e-06,8.9899e-06,7.3632e-06,6.5433e-08,4.1270e-07,9.5376e-07,4.1870e-06,7.6174e-06,8.8973e-06,8.2803e-06
P42,30.00,90.00,30.00,0.00,7.0823e-08,4.2934e-07,1.1750e-06,4.1070e-06,8.9481e-06,8.9355e-06,7.1785e-06,6.8699e-08,3.9917e-07,9.3156e-07,4.1363e-06,7.5695e-06,8.8454e-06,8.1302e-06
P42,0.00,0.00,60.00,0.00,4.9763e-08,4.4343e-07,1.2014e-06,4.1616e-06,9.0026e-06,8.9899e-06,7.3632e-06,4.8686e-08,4.1270e-07,9.5376e-07,4.1868e-06,7.6174e-06,8.8973e-06,8.2803e-06
P42,60.00,45.00,60.00,0.00,9.0903e-08,3.7418e-07,1.0718e-06,3.8698e-06,8.7096e-06,8.6972e-06,6.4407e-06,8.8428e-08,3.4625e-07,8.4359e-07,3.9158e-06,7.3603e-06,8.6186e-06,7.5077e-06
P42,30.00,90.00,60.00,0.00,5.3045e-08,4.2933e-07,1.1750e-06,4.1067e-06,8.9481e-06,8.9355e-06,7.1785e-06,5.1823e-08,3.9917e-07,9.3155e-07,4.1360e-06,7.5694e-06,8.8454e-06,8.1302e-06
P42,60.00,135.00,30.00,0.00,6.7909e-08,3.7418e-07,1.0718e-06,3.8680e-06,8.7095e-06,8.6971e-06,6.4407e-06,6.5885e-08,3.4625e-07,8.4359e-07,3.9139e-06,7.3599e-06,8.6184e-06,7.5077e-06
P43,0.00,135.00,30.00,0.00,8.9749e-08,3.7275e-07,1.3219e-06,6.0276e-06,1.1660e-05,1.1647e-05,8.8859e-06,8.8303e-08,3.3549e-07,9.3426e-07,6.0772e-06,1.0248e-05,1.1570e-05,1.0211e-05
P43,60.00,45.00,0.00,0.00,9.4284e-08,2.8528e-07,1.0463e-06,5.6079e-06,1.1219e-05,1.1206e-05,7.6451e-06,9.2443e-08,2.5535e-07,7.3337e-07,5.6881e-06,9.8546e-06,1.1148e-05,9.1603e-06
P43,60.00,90.00,0.00,0.00,9.4284e-08,2.8528e-07,1.0463e-06,5.6079e-06,1.1219e-05,1.1206e-05,7.6451e-06,9.2443e-08,2.5535e-07,7.3337e-07,5.6881e-06,9.8546e-06,1.1148e-05,9.1603e-06
P43,30.00,135.00,60.00,0.00,7.0678e-08,3.5301e-07,1.2626e-06,5.9451e-06,1.1575e-05,1.1562e-05,8.6359e-06,7.0022e-08,3.1734e-07,8.8953e-07,6.0004e-06,1.0172e-05,1.1488e-05,1.0004e-05
P43,30.00,90.00,0.00,0.00,9.5072e-08,3.5302e-07,1.2626e-06,5.9454e-06,1.1575e-05,1.1562e-05,8.6359e-06,9.3327e-08,3.1734e-07,8.8953e-07,6.0009e-06,1.0172e-05,1.1488e-05,1.0004e-05
P43,60.00,135.00,60.00,0.00,6.8664e-08,2.8527e-07,1.0463e-06,5.6073e-06,1.1219e-05,1.1206e-05,7.6451e-06,6.7837e-08,2.5535e-07,7.3337e-07,5.6875e-06,9.8546e-06,1.1148e-05,9.1603e-06
P43,60.00,135.00,30.00,0.00,8.4997e-08,2.8527e-07,1.0463e-06,5.6076e-06,1.1219e-05,1.1206e-05,7.6451e-06,8.3489e-08,2.5535e-07,7.3337e-07,5.6878e-06,9.8546e-06,1.1148e-05,9.1603e-06
P43,0.00,135.00,0.00,0.00,9.3670e-08,3.7275e-07,1.3219e-06,6.0277e-06,1.1660e-05,1.1647e-05,8.8859e-06,9.2028e-08,3.3549e-07,9.3426e-07,6.0773e-06,1.0248e-05,1.1570e-05,1.0211e-05
P43,0.00,45.00,0.00,0.00,9.3670e-08,3.7275e-07,1.3219e-06,6.0277e-06,1.1660e-05,1.1647e-05,8.8859e-06,9.2028e-08,3.3549e-07,9.3426e-07,6.0773e-06,1.0248e-05,1.1570e-05,1.0211e-05
P43,0.00,180.00,60.00,0.00,7.3290e-08,3.7274e-07,1.3219e-06,6.0274e-06,1.1660e-05,1.1647e-05,8.8859e-06,7.2621e-08,3.3549e-07,9.3426e-07,6.0770e-06,1.0248e-05,1.1570e-05,1.0211e-05
P43,0.00,135.00,60.00,0.00,7.3290e-08,3.7274e-07,1.3219e-06,6.0274e-06,1.1660e-05,1.1647e-05,8.8859e-06,7.2621e-08,3.3549e-07,9.3426e-07,6.0770e-06,1.0248e-05,1.1570e-05,1.0211e-05
P43,60.00,0.00,60.00,0.00,1.3110e-07,2.8528e-07,1.0463e-06,5.6097e-06,1.1219e-05,1.1206e-05,7.6451e-06,1.2858e-07,2.5535e-07,7.3336e-07,5.6901e-06,9.8549e-06,1.1148e-05,9.1604e-06
P43,60.00,45.00,60.00,0.00,1.0534e-07,2.8528e-07,1.0463e-06,5.6085e-06,1.1219e-05,1.1206e-05,7.6451e-06,1.0346e-07,2.5535e-07,7.3336e-07,5.6889e-06,9.8547e-06,1.1148e-05,9.1603e-06
P43,60.00,45.00,30.00,0.00,1.0450e-07,2.8528e-07,1.0463e-06,5.6083e-06,1.1219e-05,1.1206e-05,7.6451e-06,1.0240e-07,2.5535e-07,7.3336e-07,5.6885e-06,9.8547e-06,1.1148e-05,9.1603e-06
P43,30.00,0.00,30.00,0.00,9.7826e-08,3.5302e-07,1.2626e-06,5.9456e-06,1.1575e-05,1.1562e-05,8.6359e-06,9.6068e-08,3.1734e-07,8.8953e-07,6.0011e-06,1.0172e-05,1.1488e-05,1.0004e-05
P43,30.00,0.00,60.00,0.00,8.6090e-08,3.5302e-07,1.2626e-06,5.9456e-06,1.1575e-05,1.1562e-05,8.6359e-06,8.4975e-08,3.1734e-07,8.8953e-07,6.0010e-06,1.0172e-05,1.1488e-05,1.0004e-05
P43,30.00,180.00,60.00,0.00,6.9226e-08,3.5301e-07,1.2626e-06,5.9450e-06,1.1575e-05,1.1562e-05,8.6359e-06,6.8618e-08,3.1734e-07,8.8953e-07,6.0004e-06,1.0172e-05,1.1488e-05,1.0004e-05
P43,0.00,90.00,60.00,0.00,7.3290e-08,3.7274e-07,1.3219e-06,6.0274e-06,1.1660e-05,1.1647e-05,8.8859e-06,7.2621e-08,3.3549e-07,9.3426e-07,6.0770e-06,1.0248e-05,1.1570e-05,1.0211e-05
P43,60.00,180.00,60.00,0.00,6.5841e-08,2.8527e-07,1.0463e-06,5.6072e-06,1.1219e-05,1.1206e-05,7.6451e-06,6.5105e-08,2.5535e-07,7.3337e-07,5.6874e-06,9.8545e-06,1.1148e-05,9.1603e-06
P43,0.00,90.00,0.00,0.00,9.3670e-08,3.7275e-07,1.3219e-06,6.0277e-06,1.1660e-05,1.1647e-05,8.8859e-06,9.2028e-08,3.3549e-07,9.3426e-07,6.0773e-06,1.0248e-05,1.1570e-05,1.0211e-05
P43,0.00,0.00,30.00,0.00,8.9749e-08,3.7275e-07,1.3219e-06,6.0276e-06,1.1660e-05,1.1647e-05,8.8859e-06,8.8303e-08,3.3549e-07,9.3426e-07,6.0772e-06,1.0248e-05,1.1570e-05,1.0211e-05
P43,60.00,90.00,30.00,0.00,9.2743e-08,2.8528e-07,1.0463e-06,5.6079e-06,1.1219e-05,1.1206e-05,7.6451e-06,9.0993e-08,2.5535e-07,7.3336e-07,5.6881e-06,9.8546e-06,1.1148e-05,9.1603e-06
P43,60.00,180.00,30.00,0.00,8.2513e-08,2.8527e-07,1.0463e-06,5.6076e-06,1.1219e-05,1.1206e-05,7.6451e-06,8.1086e-08,2.5535e-07,7.3337e-07,5.6878e-06,9.8546e-06,1.1148e-05,9.1603e-06
P43,60.00,90.00,60.00,0.00,7.9414e-08,2.8527e-07,1.0463e-06,5.6077e-06,1.1219e-05,1.1206e-05,7.6451e-06,7.8252e-08,2.5535e-07,7.3336e-07,5.6879e-06,9.8546e-06,1.1148e-05,9.1603e-06
P43,60.00,0.00,0.00,0.00,9.4284e-08,2.8528e-07,1.0463e-06,5.6079e-06,1.1219e-05,1.1206e-05,7.6451e-06,9.2443e-08,2.5535e-07,7.3337e-07,5.6881e-06,9.8546e-06,1.1148e-05,9.1603e-06
P43,30.00,180.00,30.00,0.00,8.7140e-08,3.5302e-07,1.2626e-06,5.9452e-06,1.1575e-05,1.1562e-05,8.6359e-06,8.5726e-08,3.1734e-07,8.8953e-07,6.0006e-06,1.0172e-05,1.1488e-05,1.0004e-05
P43,0.00,180.00,30.00,0.00,8.9749e-08,3.7275e-07,1.3219e-06,6.0276e-06,1.1660e-05,1.1647e-05,8.8859e-06,8.8303e-08,3.3549e-07,9.3426e-07,6.0772e-06,1.0248e-05,1.1570e-05,1.0211e-05
P43,30.00,90.00,30.00,0.00,9.1771e-08,3.5302e-07,1.2626e-06,5.9454e-06,1.1575e-05,1.1562e-05,8.6359e-06,9.0205e-08,3.1734e-07,8.8953e-07,6.0009e-06,1.0172e-05,1.1488e-05,1.0004e-05
P43,60.00,135.00,0.00,0.00,9.4284e-08,2.8528e-07,1.0463e-06,5.6079e-06,1.1219e-05,1.1206e-05,7.6451e-06,9.2443e-08,2.5535e-07,7.3337e-07,5.6881e-06,9.8546e-06,1.1148e-05,9.1603e-06
P43,30.00,45.00,60.00,0.00,8.2075e-08,3.5301e-07,1.2626e-06,5.9454e-06,1.1575e-05,1.1562e-05,8.6359e-06,8.1073e-08,3.1734e-07,8.8953e-07,6.0009e-06,1.0172e-05,1.1488e-05,1.0004e-05
P43,30.00,90.00,60.00,0.00,7.5206e-08,3.5301e-07,1.2626e-06,5.9452e-06,1.1575e-05,1.1562e-05,8.6359e-06,7.4407e-08,3.1734e-07,8.8953e-07,6.0006e-06,1.0172e-05,1.1488e-05,1.0004e-05
P43,0.00,90.00,30.00,0.00,8.9749e-08,3.7275e-07,1.3219e-06,6.0276e-06,1.1660e-05,1.1647e-05,8.8859e-06,8.8303e-08,3.3549e-07,9.3426e-07,6.0772e-06,1.0248e-05,1.1570e-05,1.0211e-05
P43,0.00,180.00,0.00,0.00,9.3670e-08,3.7275e-07,1.3219e-06,6.0277e-06,1.1660e-05,1.1647e-05,8.8859e-06,9.2028e-08,3.3549e-07,9.3426e-07,6.0773e-06,1.0248e-05,1.1570e-05,1.0211e-05
P43,0.00,45.00,30.00,0.00,8.9749e-08,3.7275e-07,1.3219e-06,6.0276e-06,1.1660e-05,1.1647e-05,8.8859e-06,8.8303e-08,3.3549e-07,9.3426e-07,6.0772e-06,1.0248e-05,1.1570e-05,1.0211e-05
P43,30.00,0.00,0.00,0.00,9.5072e-08,3.5302e-07,1.2626e-06,5.9454e-06,1.1575e-05,1.1562e-05,8.6359e-06,9.3327e-08,3.1734e-07,8.8953e-07,6.0009e-06,1.0172e-05,1.1488e-05,1.0004e-05
P43,60.00,180.00,0.00,0.00,9.4284e-08,2.8528e-07,1.0463e-06,5.6079e-06,1.1219e-05,1.1206e-05,7.6451e-06,9.2443e-08,2.5535e-07,7.3337e-07,5.6881e-06,9.8546e-06,1.1148e-05,9.1603e-06
P43,30.00,45.00,30.00,0.00,9.5852e-08,3.5302e-07,1.2626e-06,5.9456e-06,1.1575e-05,1.1562e-05,8.6359e-06,9.4155e-08,3.1734e-07,8.8953e-07,6.0010e-06,1.0172e-05,1.1488e-05,1.0004e-05
P43,0.00,0.00,60.00,0.00,7.3290e-08,3.7274e-07,1.3219e-06,6.0274e-06,1.1660e-05,1.1647e-05,8.8859e-06,7.2621e-08,3.3549e-07,9.3426e-07,6.0770e-06,1.0248e-05,1.1570e-05,1.0211e-05
P43,30.00,135.00,0.00,0.00,9.5072e-08,3.5302e-07,1.2626e-06,5.9454e-06,1.1575e-05,1.1562e-05,8.6359e-06,9.3327e-08,3.1734e-07,8.8953e-07,6.0009e-06,1.0172e-05,1.1488e-05,1.0004e-05
P43,0.00,45.00,60.00,0.00,7.3290e-08,3.7274e-07,1.3219e-06,6.0274e-06,1.1660e-05,1.1647e-05,8.8859e-06,7.2621e-08,3.3549e-07,9.3426e-07,6.0770e-06,1.0248e-05,1.1570e-05,1.0211e-05
P43,0.00,0.00,0.00,0.00,9.3670e-08,3.7275e-07,1.3219e-06,6.0277e-06,1.1660e-05,1.1647e-05,8.8859e-06,9.2028e-08,3.3549e-07,9.3426e-07,6.0773e-06,1.0248e-05,1.1570e-05,1.0211e-05
P43,30.00,180.00,0.00,0.00,9.5072e-08,3.5302e-07,1.2626e-06,5.9454e-06,1.1575e-05,1.1562e-05,8.6359e-06,9.3327e-08,3.1734e-07,8.8953e-07,6.0009e-06,1.0172e-05,1.1488e-05,1.0004e-05
P43,30.00,135.00,30.00,0.00,8.8379e-08,3.5302e-07,1.2626e-06,5.9453e-06,1.1575e-05,1.1562e-05,8.6359e-06,8.6924e-08,3.1734e-07,8.8953e-07,6.0007e-06,1.0172e-05,1.1488e-05,1.0004e-05
P43,60.00,0.00,30.00,0.00,1.1136e-07,2.8528e-07,1.0463e-06,5.6085e-06,1.1219e-05,1.1206e-05,7.6451e-06,1.0908e-07,2.5535e-07,7.3336e-07,5.6888e-06,9.8547e-06,1.1148e-05,9.1603e-06
P43,30.00,45.00,0.00,0.00,9.5072e-08,3.5302e-07,1.2626e-06,5.9454e-06,1.1575e-05,1.1562e-05,8.6359e-06,9.3327e-08,3.1734e-07,8.8953e-07,6.0009e-06,1.0172e-05,1.1488e-05,1.0004e-05
P44,0.00,180.00,0.00,0.00,6.2328e-08,1.6703e-07,4.2837e-07,1.1164e-06,3.4994e-06,3.4913e-06,4.0193e-06,5.9056e-08,1.5627e-07,3.5738e-07,1.1036e-06,2.6040e-06,3.4124e-06,4.0428e-06
P44,60.00,45.00,0.00,0.00,7.6413e-08,1.4807e-07,4.1643e-07,1.0662e-06,3.4664e-06,3.4583e-06,3.8158e-06,7.2553e-08,1.3721e-07,3.4225e-07,1.0560e-06,2.5702e-06,3.3805e-06,3.9115e-06
P44,0.00,180.00,30.00,0.00,5.7851e-08,1.6700e-07,4.2827e-07,1.1163e-06,3.4994e-06,3.4913e-06,4.0193e-06,5.4842e-08,1.5625e-07,3.5731e-07,1.1035e-06,2.6040e-06,3.4124e-06,4.0428e-06
P44,30.00,90.00,0.00,0.00,6.6674e-08,1.6365e-07,4.2642e-07,1.1083e-06,3.4946e-06,3.4865e-06,3.9837e-06,6.3196e-08,1.5286e-07,3.5496e-07,1.0961e-06,2.5991e-06,3.4078e-06,4.0206e-06
P44,30.00,135.00,60.00,0.00,3.7745e-08,1.6355e-07,4.2592e-07,1.1077e-06,3.4946e-06,3.4865e-06,3.9837e-06,3.5849e-08,1.5281e-07,3.5465e-07,1.0955e-06,2.5991e-06,3.4078e-06,4.0205e-06
P44,60.00,90.00,0.00,0.00,7.6413e-08,1.4807e-07,4.1643e-07,1.0662e-06,3.4664e-06,3.4583e-06,3.8158e-06,7.2553e-08,1.3721e-07,3.4225e-07,1.0560e-06,2.5702e-06,3.3805e-06,3.9115e-06
P44,30.00,180.00,0.00,0.00,6.6674e-08,1.6365e-07,4.2642e-07,1.1083e-06,3.4946e-06,3.4865e-06,3.9837e-06,6.3196e-08,1.5286e-07,3.5496e-07,1.0961e-06,2.5991e-06,3.4078e-06,4.0206e-06
P44,0.00,0.00,30.00,0.00,5.7851e-08,1.6700e-07,4.2827e-07,1.1163e-06,3.4994e-06,3.4913e-06,4.0193e-06,5.4842e-08,1.5625e-07,3.5731e-07,1.1035e-06,2.6040e-06,3.4124e-06,4.0428e-06
P44,0.00,135.00,60.00,0.00,3.8631e-08,1.6693e-07,4.2797e-07,1.1160e-06,3.4994e-06,3.4913e-06,4.0192e-06,3.6719e-08,1.5622e-07,3.5711e-07,1.1033e-06,2.6040e-06,3.4124e-06,4.0428e-06
P44,60.00,0.00,30.00,0.00,9.9019e-08,1.4814e-07,4.1695e-07,1.0678e-06,3.4665e-06,3.4584e-06,3.8159e-06,9.4276e-08,1.3723e-07,3.4249e-07,1.0577e-06,2.5705e-06,3.3806e-06,3.9116e-06
P44,30.00,0.00,30.00,0.00,7.0381e-08,1.6367e-07,4.2657e-07,1.1088e-06,3.4947e-06,3.4866e-06,3.9837e-06,6.6826e-08,1.5287e-07,3.5503e-07,1.0966e-06,2.5992e-06,3.4078e-06,4.0206e-06
P44,30.00,135.00,30.00,0.00,5.8774e-08,1.6362e-07,4.2627e-07,1.1081e-06,3.4946e-06,3.4865e-06,3.9837e-06,5.5716e-08,1.5285e-07,3.5486e-07,1.0958e-06,2.5991e-06,3.4078e-06,4.0206e-06
P44,0.00,90.00,30.00,0.00,5.7851e-08,1.6700e-07,4.2827e-07,1.1163e-06,3.4994e-06,3.4913e-06,4.0193e-06,5.4842e-08,1.5625e-07,3.5731e-07,1.1035e-06,2.6040e-06,3.4124e-06,4.0428e-06
P44,60.00,180.00,60.00,0.00,4.0756e-08,1.4797e-07,4.1576e-07,1.0648e-06,3.4662e-06,3.4581e-06,3.8158e-06,3.8702e-08,1.3717e-07,3.4190e-07,1.0545e-06,2.5700e-06,3.3803e-06,3.9114e-06
P44,30.00,0.00,0.00,0.00,6.6674e-08,1.6365e-07,4.2642e-07,1.1083e-06,3.4946e-06,3.4865e-06,3.9837e-06,6.3196e-08,1.5286e-07,3.5496e-07,1.0961e-06,2.5991e-06,3.4078e-06,4.0206e-06
P44,0.00,90.00,60.00,0.00,3.8631e-08,1.6693e-07,4.2797e-07,1.1160e-06,3.4994e-06,3.4913e-06,4.0192e-06,3.6719e-08,1.5622e-07,3.5711e-07,1.1033e-06,2.6040e-06,3.4124e-06,4.0428e-06
P44,30.00,45.00,30.00,0.00,6.7957e-08,1.6366e-07,4.2650e-07,1.1086e-06,3.4947e-06,3.4865e-06,3.9837e-06,6.4503e-08,1.5286e-07,3.5499e-07,1.0964e-06,2.5992e-06,3.4078e-06,4.0206e-06
P44,60.00,90.00,30.00,0.00,7.4843e-08,1.4806e-07,4.1638e-07,1.0662e-06,3.4664e-06,3.4582e-06,3.8158e-06,7.1094e-08,1.3721e-07,3.4222e-07,1.0560e-06,2.5702e-06,3.3805e-06,3.9115e-06
P44,30.00,0.00,60.00,0.00,5.7567e-08,1.6361e-07,4.2637e-07,1.1089e-06,3.4947e-06,3.4866e-06,3.9837e-06,5.4844e-08,1.5283e-07,3.5487e-07,1.0968e-06,2.5993e-06,3.4079e-06,4.0206e-06
P44,30.00,45.00,60.00,0.00,5.2405e-08,1.6360e-07,4.2625e-07,1.1086e-06,3.4947e-06,3.4866e-06,3.9837e-06,4.9889e-08,1.5283e-07,3.5481e-07,1.0964e-06,2.5992e-06,3.4078e-06,4.0206e-06
P44,60.00,135.00,0.00,0.00,7.6413e-08,1.4807e-07,4.1643e-07,1.0662e-06,3.4664e-06,3.4583e-06,3.8158e-06,7.2553e-08,1.3721e-07,3.4225e-07,1.0560e-06,2.5702e-06,3.3805e-06,3.9115e-06
P44,0.00,0.00,60.00,0.00,3.8631e-08,1.6693e-07,4.2797e-07,1.1160e-06,3.4994e-06,3.4913e-06,4.0192e-06,3.6719e-08,1.5622e-07,3.5711e-07,1.1033e-06,2.6040e-06,3.4124e-06,4.0428e-06
P44,0.00,180.00,60.00,0.00,3.8631e-08,1.6693e-07,4.2797e-07,1.1160e-06,3.4994e-06,3.4913e-06,4.0192e-06,3.6719e-08,1.5622e-07,3.5711e-07,1.1033e-06,2.6040e-06,3.4124e-06,4.0428e-06
P44,60.00,135.00,30.00,0.00,6.4778e-08,1.4803e-07,4.1618e-07,1.0657e-06,3.4663e-06,3.4582e-06,3.8158e-06,6.1470e-08,1.3720e-07,3.4213e-07,1.0554e-06,2.5701e-06,3.3804e-06,3.9115e-06
P44,60.00,180.00,30.00,0.00,6.1549e-08,1.4802e-07,4.1612e-07,1.0655e-06,3.4663e-06,3.4582e-06,3.8158e-06,5.8387e-08,1.3720e-07,3.4210e-07,1.0553e-06,2.5701e-06,3.3804e-06,3.9114e-06
P44,60.00,135.00,60.00,0.00,4.4588e-08,1.4798e-07,4.1584e-07,1.0652e-06,3.4663e-06,3.4582e-06,3.8158e-06,4.2359e-08,1.3718e-07,3.4194e-07,1.0549e-06,2.5701e-06,3.3804e-06,3.9114e-06
P44,0.00,90.00,0.00,0.00,6.2328e-08,1.6703e-07,4.2837e-07,1.1164e-06,3.4994e-06,3.4913e-06,4.0193e-06,5.9056e-08,1.5627e-07,3.5738e-07,1.1036e-06,2.6040e-06,3.4124e-06,4.0428e-06
P44,30.00,90.00,30.00,0.00,6.2943e-08,1.6364e-07,4.2637e-07,1.1083e-06,3.4946e-06,3.4865e-06,3.9837e-06,5.9704e-08,1.5285e-07,3.5492e-07,1.0961e-06,2.5991e-06,3.4078e-06,4.0206e-06
P44,0.00,45.00,60.00,0.00,3.8631e-08,1.6693e-07,4.2797e-07,1.1160e-06,3.4994e-06,3.4913e-06,4.0192e-06,3.6719e-08,1.5622e-07,3.5711e-07,1.1033e-06,2.6040e-06,3.4124e-06,4.0428e-06
P44,0.00,135.00,30.00,0.00,5.7851e-08,1.6700e-07,4.2827e-07,1.1163e-06,3.4994e-06,3.4913e-06,4.0193e-06,5.4842e-08,1.5625e-07,3.5731e-07,1.1035e-06,2.6040e-06,3.4124e-06,4.0428e-06
P44,60.00,180.00,0.00,0.00,7.6413e-08,1.4807e-07,4.1643e-07,1.0662e-06,3.4664e-06,3.4583e-06,3.8158e-06,7.2553e-08,1.3721e-07,3.4225e-07,1.0560e-06,2.5702e-06,3.3805e-06,3.9115e-06
P44,60.00,90.00,60.00,0.00,5.9180e-08,1.4801e-07,4.1610e-07,1.0661e-06,3.4664e-06,3.4582e-06,3.8158e-06,5.6296e-08,1.3718e-07,3.4205e-07,1.0558e-06,2.5702e-06,3.3805e-06,3.9115e-06
P44,0.00,45.00,0.00,0.00,6.2328e-08,1.6703e-07,4.2837e-07,1.1164e-06,3.4994e-06,3.4913e-06,4.0193e-06,5.9056e-08,1.5627e-07,3.5738e-07,1.1036e-06,2.6040e-06,3.4124e-06,4.0428e-06
P44,60.00,0.00,60.00,0.00,1.2924e-07,1.4820e-07,4.1767e-07,1.0718e-06,3.4670e-06,3.4588e-06,3.8159e-06,1.2360e-07,1.3724e-07,3.4274e-07,1.0620e-06,2.5713e-06,3.3811e-06,3.9118e-06
P44,60.00,45.00,30.00,0.00,9.0103e-08,1.4811e-07,4.1674e-07,1.0673e-06,3.4665e-06,3.4583e-06,3.8158e-06,8.5718e-08,1.3722e-07,3.4239e-07,1.0571e-06,2.5704e-06,3.3806e-06,3.9115e-06
P44,0.00,0.00,0.00,0.00,6.2328e-08,1.6703e-07,4.2837e-07,1.1164e-06,3.4994e-06,3.4913e-06,4.0193e-06,5.9056e-08,1.5627e-07,3.5738e-07,1.1036e-06,2.6040e-06,3.4124e-06,4.0428e-06
P44,60.00,45.00,60.00,0.00,9.4343e-08,1.4810e-07,4.1681e-07,1.0686e-06,3.4666e-06,3.4585e-06,3.8159e-06,9.0017e-08,1.3721e-07,3.4237e-07,1.0586e-06,2.5707e-06,3.3807e-06,3.9116e-06
P44,60.00,0.00,0.00,0.00,7.6413e-08,1.4807e-07,4.1643e-07,1.0662e-06,3.4664e-06,3.4583e-06,3.8158e-06,7.2553e-08,1.3721e-07,3.4225e-07,1.0560e-06,2.5702e-06,3.3805e-06,3.9115e-06
P44,30.00,45.00,0.00,0.00,6.6674e-08,1.6365e-07,4.2642e-07,1.1083e-06,3.4946e-06,3.4865e-06,3.9837e-06,6.3196e-08,1.5286e-07,3.5496e-07,1.0961e-06,2.5991e-06,3.4078e-06,4.0206e-06
P44,30.00,90.00,60.00,0.00,4.3571e-08,1.6357e-07,4.2604e-07,1.1080e-06,3.4946e-06,3.4865e-06,3.9837e-06,4.1421e-08,1.5282e-07,3.5470e-07,1.0958e-06,2.5991e-06,3.4078e-06,4.0205e-06
P44,30.00,180.00,30.00,0.00,5.7250e-08,1.6361e-07,4.2621e-07,1.1079e-06,3.4946e-06,3.4865e-06,3.9837e-06,5.4258e-08,1.5284e-07,3.5483e-07,1.0957e-06,2.5990e-06,3.4078e-06,4.0205e-06
P44,0.00,135.00,0.00,0.00,6.2328e-08,1.6703e-07,4.2837e-07,1.1164e-06,3.4994e-06,3.4913e-06,4.0193e-06,5.9056e-08,1.5627e-07,3.5738e-07,1.1036e-06,2.6040e-06,3.4124e-06,4.0428e-06
P44,30.00,180.00,60.00,0.00,3.5876e-08,1.6355e-07,4.2589e-07,1.1076e-06,3.4946e-06,3.4865e-06,3.9837e-06,3.4064e-08,1.5281e-07,3.5463e-07,1.0954e-06,2.5990e-06,3.4077e-06,4.0205e-06
P44,30.00,135.00,0.00,0.00,6.6674e-08,1.6365e-07,4.2642e-07,1.1083e-06,3.4946e-06,3.4865e-06,3.9837e-06,6.3196e-08,1.5286e-07,3.5496e-07,1.0961e-06,2.5991e-06,3.4078e-06,4.0206e-06
P44,0.00,45.00,30.00,0.00,5.7851e-08,1.6700e-07,4.2827e-07,1.1163e-06,3.4994e-06,3.4913e-06,4.0193e-06,5.4842e-08,1.5625e-07,3.5731e-07,1.1035e-06,2.6040e-06,3.4124e-06,4.0428e-06
P45,60.00,180.00,0.00,0.00,7.4175e-08,2.3403e-07,7.6515e-07,1.7685e-06,4.9736e-06,4.9632e-06,4.8454e-06,7.0692e-08,2.1401e-07,5.8932e-07,1.7629e-06,3.8209e-06,4.8621e-06,5.2513e-06
P45,0.00,180.00,60.00,0.00,3.8467e-08,2.8861e-07,8.3731e-07,1.8307e-06,4.9861e-06,4.9758e-06,5.2763e-06,3.6759e-08,2.6713e-07,6.7316e-07,1.8183e-06,3.8502e-06,4.8753e-06,5.4950e-06
P45,60.00,0.00,60.00,0.00,1.2612e-07,2.3405e-07,7.6517e-07,1.7736e-06,4.9742e-06,4.9638e-06,4.8454e-06,1.2110e-07,2.1401e-07,5.8932e-07,1.7685e-06,3.8219e-06,4.8627e-06,5.2515e-06
P45,30.00,45.00,0.00,0.00,6.5748e-08,2.7759e-07,8.2583e-07,1.8212e-06,4.9851e-06,4.9748e-06,5.2022e-06,6.2534e-08,2.5629e-07,6.5786e-07,1.8101e-06,3.8464e-06,4.8742e-06,5.4547e-06
P45,60.00,135.00,30.00,0.00,6.2654e-08,2.3402e-07,7.6514e-07,1.7680e-06,4.9736e-06,4.9632e-06,4.8454e-06,5.9697e-08,2.1401e-07,5.8931e-07,1.7624e-06,3.8208e-06,4.8621e-06,5.2512e-06
P45,30.00,0.00,60.00,0.00,5.6984e-08,2.7758e-07,8.2579e-07,1.8218e-06,4.9852e-06,4.9749e-06,5.2022e-06,5.4534e-08,2.5629e-07,6.5785e-07,1.8108e-06,3.8465e-06,4.8743e-06,5.4547e-06
P45,30.00,180.00,30.00,0.00,5.6384e-08,2.7758e-07,8.2581e-07,1.8208e-06,4.9851e-06,4.9748e-06,5.2022e-06,5.3643e-08,2.5629e-07,6.5786e-07,1.8097e-06,3.8463e-06,4.8742e-06,5.4547e-06
P45,0.00,135.00,60.00,0.00,3.8467e-08,2.8861e-07,8.3731e-07,1.8307e-06,4.9861e-06,4.9758e-06,5.2763e-06,3.6759e-08,2.6713e-07,6.7316e-07,1.8183e-06,3.8502e-06,4.8753e-06,5.4950e-06
P45,0.00,45.00,30.00,0.00,5.7312e-08,2.8863e-07,8.3735e-07,1.8309e-06,4.9861e-06,4.9758e-06,5.2763e-06,5.4537e-08,2.6713e-07,6.7317e-07,1.8185e-06,3.8502e-06,4.8753e-06,5.4951e-06
P45,0.00,180.00,0.00,0.00,6.1714e-08,2.8863e-07,8.3736e-07,1.8310e-06,4.9861e-06,4.9758e-06,5.2763e-06,5.8678e-08,2.6713e-07,6.7318e-07,1.8187e-06,3.8502e-06,4.8753e-06,5.4951e-06
P45,0.00,90.00,60.00,0.00,3.8467e-08,2.8861e-07,8.3731e-07,1.8307e-06,4.9861e-06,4.9758e-06,5.2763e-06,3.6759e-08,2.6713e-07,6.7316e-07,1.8183e-06,3.8502e-06,4.8753e-06,5.4950e-06
P45,0.00,45.00,60.00,0.00,3.8467e-08,2.8861e-07,8.3731e-07,1.8307e-06,4.9861e-06,4.9758e-06,5.2763e-06,3.6759e-08,2.6713e-07,6.7316e-07,1.8183e-06,3.8502e-06,4.8753e-06,5.4950e-06
P45,30.00,135.00,30.00,0.00,5.7912e-08,2.7758e-07,8.2581e-07,1.8210e-06,4.9851e-06,4.9748e-06,5.2022e-06,5.5108e-08,2.5629e-07,6.5786e-07,1.8099e-06,3.8463e-06,4.8742e-06,5.4547e-06
P45,30.00,135.00,60.00,0.00,3.7317e-08,2.7757e-07,8.2577e-07,1.8207e-06,4.9851e-06,4.9748e-06,5.2022e-06,3.5638e-08,2.5629e-07,6.5785e-07,1.8096e-06,3.8463e-06,4.8742e-06,5.4547e-06
P45,0.00,180.00,30.00,0.00,5.7312e-08,2.8863e-07,8.3735e-07,1.8309e-06,4.9861e-06,4.9758e-06,5.2763e-06,5.4537e-08,2.6713e-07,6.7317e-07,1.8185e-06,3.8502e-06,4.8753e-06,5.4951e-06
P45,60.00,0.00,30.00,0.00,9.6626e-08,2.3404e-07,7.6517e-07,1.7700e-06,4.9738e-06,4.9634e-06,4.8454e-06,9.2331e-08,2.1401e-07,5.8932e-07,1.7645e-06,3.8211e-06,4.8623e-06,5.2513e-06
P45,60.00,45.00,60.00,0.00,9.1919e-08,2.3403e-07,7.6514e-07,1.7707e-06,4.9739e-06,4.9635e-06,4.8454e-06,8.8078e-08,2.1401e-07,5.8931e-07,1.7653e-06,3.8213e-06,4.8624e-06,5.2514e-06
P45,0.00,90.00,0.00,0.00,6.1714e-08,2.8863e-07,8.3736e-07,1.8310e-06,4.9861e-06,4.9758e-06,5.2763e-06,5.8678e-08,2.6713e-07,6.7318e-07,1.8187e-06,3.8502e-06,4.8753e-06,5.4951e-06
P45,60.00,45.00,30.00,0.00,8.7793e-08,2.3403e-07,7.6516e-07,1.7695e-06,4.9737e-06,4.9633e-06,4.8454e-06,8.3831e-08,2.1401e-07,5.8932e-07,1.7640e-06,3.8210e-06,4.8622e-06,5.2513e-06
P45,30.00,135.00,0.00,0.00,6.5748e-08,2.7759e-07,8.2583e-07,1.8212e-06,4.9851e-06,4.9748e-06,5.2022e-06,6.2534e-08,2.5629e-07,6.5786e-07,1.8101e-06,3.8464e-06,4.8742e-06,5.4547e-06
P45,30.00,90.00,30.00,0.00,6.2090e-08,2.7759e-07,8.2582e-07,1.8212e-06,4.9851e-06,4.9748e-06,5.2022e-06,5.9113e-08,2.5629e-07,6.5786e-07,1.8102e-06,3.8464e-06,4.8742e-06,5.4547e-06
P45,0.00,0.00,0.00,0.00,6.1714e-08,2.8863e-07,8.3736e-07,1.8310e-06,4.9861e-06,4.9758e-06,5.2763e-06,5.8678e-08,2.6713e-07,6.7318e-07,1.8187e-06,3.8502e-06,4.8753e-06,5.4951e-06
P45,60.00,90.00,0.00,0.00,7.4175e-08,2.3403e-07,7.6515e-07,1.7685e-06,4.9736e-06,4.9632e-06,4.8454e-06,7.0692e-08,2.1401e-07,5.8932e-07,1.7629e-06,3.8209e-06,4.8621e-06,5.2513e-06
P45,30.00,45.00,60.00,0.00,5.1870e-08,2.7758e-07,8.2579e-07,1.8215e-06,4.9852e-06,4.9749e-06,5.2022e-06,4.9612e-08,2.5629e-07,6.5785e-07,1.8105e-06,3.8465e-06,4.8743e-06,5.4547e-06
P45,60.00,180.00,60.00,0.00,3.9198e-08,2.3400e-07,7.6511e-07,1.7672e-06,4.9735e-06,4.9631e-06,4.8454e-06,3.7431e-08,2.1401e-07,5.8931e-07,1.7615e-06,3.8206e-06,4.8620e-06,5.2512e-06
P45,0.00,0.00,30.00,0.00,5.7312e-08,2.8863e-07,8.3735e-07,1.8309e-06,4.9861e-06,4.9758e-06,5.2763e-06,5.4537e-08,2.6713e-07,6.7317e-07,1.8185e-06,3.8502e-06,4.8753e-06,5.4951e-06
P45,30.00,180.00,0.00,0.00,6.5748e-08,2.7759e-07,8.2583e-07,1.8212e-06,4.9851e-06,4.9748e-06,5.2022e-06,6.2534e-08,2.5629e-07,6.5786e-07,1.8101e-06,3.8464e-06,4.8742e-06,5.4547e-06
P45,60.00,135.00,0.00,0.00,7.4175e-08,2.3403e-07,7.6515e-07,1.7685e-06,4.9736e-06,4.9632e-06,4.8454e-06,7.0692e-08,2.1401e-07,5.8932e-07,1.7629e-06,3.8209e-06,4.8621e-06,5.2513e-06
P45,60.00,0.00,0.00,0.00,7.4175e-08,2.3403e-07,7.6515e-07,1.7685e-06,4.9736e-06,4.9632e-06,4.8454e-06,7.0692e-08,2.1401e-07,5.8932e-07,1.7629e-06,3.8209e-06,4.8621e-06,5.2513e-06
P45,30.00,45.00,30.00,0.00,6.7112e-08,2.7759e-07,8.2583e-07,1.8215e-06,4.9852e-06,4.9749e-06,5.2022e-06,6.3930e-08,2.5629e-07,6.5786e-07,1.8104e-06,3.8464e-06,4.8742e-06,5.4547e-06
P45,30.00,90.00,60.00,0.00,4.3106e-08,2.7757e-07,8.2578e-07,1.8210e-06,4.9851e-06,4.9748e-06,5.2022e-06,4.1190e-08,2.5629e-07,6.5785e-07,1.8099e-06,3.8463e-06,4.8742e-06,5.4547e-06
P45,30.00,0.00,30.00,0.00,6.9538e-08,2.7759e-07,8.2583e-07,1.8216e-06,4.9852e-06,4.9749e-06,5.2022e-06,6.6260e-08,2.5629e-07,6.5786e-07,1.8106e-06,3.8465e-06,4.8742e-06,5.4547e-06
P45,0.00,135.00,30.00,0.00,5.7312e-08,2.8863e-07,8.3735e-07,1.8309e-06,4.9861e-06,4.9758e-06,5.2763e-06,5.4537e-08,2.6713e-07,6.7317e-07,1.8185e-06,3.8502e-06,4.8753e-06,5.4951e-06
P45,0.00,90.00,30.00,0.00,5.7312e-08,2.8863e-07,8.3735e-07,1.8309e-06,4.9861e-06,4.9758e-06,5.2763e-06,5.4537e-08,2.6713e-07,6.7317e-07,1.8185e-06,3.8502e-06,4.8753e-06,5.4951e-06
P45,60.00,45.00,0.00,0.00,7.4175e-08,2.3403e-07,7.6515e-07,1.7685e-06,4.9736e-06,4.9632e-06,4.8454e-06,7.0692e-08,2.1401e-07,5.8932e-07,1.7629e-06,3.8209e-06,4.8621e-06,5.2513e-06
P45,30.00,0.00,0.00,0.00,6.5748e-08,2.7759e-07,8.2583e-07,1.8212e-06,4.9851e-06,4.9748e-06,5.2022e-06,6.2534e-08,2.5629e-07,6.5786e-07,1.8101e-06,3.8464e-06,4.8742e-06,5.4547e-06
P45,0.00,45.00,0.00,0.00,6.1714e-08,2.8863e-07,8.3736e-07,1.8310e-06,4.9861e-06,4.9758e-06,5.2763e-06,5.8678e-08,2.6713e-07,6.7318e-07,1.8187e-06,3.8502e-06,4.8753e-06,5.4951e-06
P45,60.00,135.00,60.00,0.00,4.2983e-08,2.3401e-07,7.6511e-07,1.7675e-06,4.9735e-06,4.9631e-06,4.8454e-06,4.1055e-08,2.1401e-07,5.8931e-07,1.7619e-06,3.8207e-06,4.8620e-06,5.2512e-06
P45,30.00,180.00,60.00,0.00,3.5457e-08,2.7757e-07,8.2577e-07,1.8206e-06,4.9851e-06,4.9748e-06,5.2022e-06,3.3858e-08,2.5629e-07,6.5785e-07,1.8095e-06,3.8463e-06,4.8742e-06,5.4547e-06
P45,30.00,90.00,0.00,0.00,6.5748e-08,2.7759e-07,8.2583e-07,1.8212e-06,4.9851e-06,4.9748e-06,5.2022e-06,6.2534e-08,2.5629e-07,6.5786e-07,1.8101e-06,3.8464e-06,4.8742e-06,5.4547e-06
P45,0.00,0.00,60.00,0.00,3.8467e-08,2.8861e-07,8.3731e-07,1.8307e-06,4.9861e-06,4.9758e-06,5.2763e-06,3.6759e-08,2.6713e-07,6.7316e-07,1.8183e-06,3.8502e-06,4.8753e-06,5.4950e-06
P45,60.00,90.00,30.00,0.00,7.2655e-08,2.3402e-07,7.6514e-07,1.7685e-06,4.9736e-06,4.9632e-06,4.8454e-06,6.9285e-08,2.1401e-07,5.8931e-07,1.7630e-06,3.8209e-06,4.8621e-06,5.2513e-06
P45,60.00,90.00,60.00,0.00,5.7365e-08,2.3401e-07,7.6512e-07,1.7683e-06,4.9736e-06,4.9632e-06,4.8454e-06,5.4837e-08,2.1401e-07,5.8931e-07,1.7628e-06,3.8208e-06,4.8621e-06,5.2512e-06
P45,60.00,180.00,30.00,0.00,5.9442e-08,2.3402e-07,7.6514e-07,1.7679e-06,4.9736e-06,4.9632e-06,4.8454e-06,5.6622e-08,2.1401e-07,5.8931e-07,1.7622e-06,3.8207e-06,4.8620e-06,5.2512e-06
P45,0.00,135.00,0.00,0.00,6.1714e-08,2.8863e-07,8.3736e-07,1.8310e-06,4.9861e-06,4.9758e-06,5.2763e-06,5.8678e-08,2.6713e-07,6.7318e-07,1.8187e-06,3.8502e-06,4.8753e-06,5.4951e-06
P46,0.00,135.00,30.00,0.00,9.7864e-08,3.8097e-07,1.2486e-06,6.5166e-06,1.2249e-05,1.2237e-05,8.9418e-06,9.6834e-08,3.4573e-07,9.1657e-07,6.5798e-06,1.0986e-05,1.2187e-05,1.0415e-05
P46,30.00,0.00,0.00,0.00,1.0229e-07,3.6262e-07,1.2026e-06,6.4154e-06,1.2123e-05,1.2111e-05,8.6651e-06,1.0100e-07,3.2855e-07,8.8129e-07,6.4848e-06,1.0883e-05,1.2066e-05,1.0171e-05
P46,30.00,90.00,60.00,0.00,8.3456e-08,3.6261e-07,1.2026e-06,6.4152e-06,1.2123e-05,1.2111e-05,8.6651e-06,8.3001e-08,3.2855e-07,8.8129e-07,6.4846e-06,1.0883e-05,1.2066e-05,1.0171e-05
P46,60.00,180.00,60.00,0.00,7.2283e-08,2.9605e-07,1.0333e-06,5.9835e-06,1.1569e-05,1.1559e-05,7.5971e-06,7.1854e-08,2.6640e-07,7.5102e-07,6.0779e-06,1.0424e-05,1.1533e-05,9.1947e-06
P46,30.00,0.00,60.00,0.00,9.3525e-08,3.6262e-07,1.2026e-06,6.4155e-06,1.2123e-05,1.2111e-05,8.6651e-06,9.2806e-08,3.2855e-07,8.8129e-07,6.4849e-06,1.0883e-05,1.2066e-05,1.0171e-05
P46,30.00,180.00,60.00,0.00,7.7936e-08,3.6261e-07,1.2026e-06,6.4151e-06,1.2123e-05,1.2111e-05,8.6651e-06,7.7640e-08,3.2855e-07,8.8129e-07,6.4844e-06,1.0883e-05,1.2066e-05,1.0171e-05
P46,0.00,180.00,0.00,0.00,1.0161e-07,3.8097e-07,1.2486e-06,6.5167e-06,1.2249e-05,1.2237e-05,8.9418e-06,1.0040e-07,3.4573e-07,9.1657e-07,6.5799e-06,1.0986e-05,1.2187e-05,1.0415e-05
P46,30.00,45.00,0.00,0.00,1.0229e-07,3.6262e-07,1.2026e-06,6.4154e-06,1.2123e-05,1.2111e-05,8.6651e-06,1.0100e-07,3.2855e-07,8.8129e-07,6.4848e-06,1.0883e-05,1.2066e-05,1.0171e-05
P46,60.00,135.00,30.00,0.00,9.0195e-08,2.9606e-07,1.0333e-06,5.9838e-06,1.1569e-05,1.1559e-05,7.5971e-06,8.9105e-08,2.6640e-07,7.5102e-07,6.0782e-06,1.0424e-05,1.1533e-05,9.1947e-06
P46,60.00,45.00,0.00,0.00,9.8866e-08,2.9606e-07,1.0333e-06,5.9840e-06,1.1569e-05,1.1559e-05,7.5971e-06,9.7489e-08,2.6640e-07,7.5102e-07,6.0785e-06,1.0424e-05,1.1533e-05,9.1947e-06
P46,30.00,90.00,0.00,0.00,1.0229e-07,3.6262e-07,1.2026e-06,6.4154e-06,1.2123e-05,1.2111e-05,8.6651e-06,1.0100e-07,3.2855e-07,8.8129e-07,6.4848e-06,1.0883e-05,1.2066e-05,1.0171e-05
P46,60.00,45.00,60.00,0.00,1.0853e-07,2.9606e-07,1.0333e-06,5.9844e-06,1.1569e-05,1.1559e-05,7.5971e-06,1.0716e-07,2.6640e-07,7.5102e-07,6.0790e-06,1.0424e-05,1.1533e-05,9.1947e-06
P46,60.00,0.00,30.00,0.00,1.1459e-07,2.9606e-07,1.0333e-06,5.9845e-06,1.1569e-05,1.1559e-05,7.5971e-06,1.1285e-07,2.6640e-07,7.5102e-07,6.0790e-06,1.0424e-05,1.1533e-05,9.1947e-06
P46,60.00,180.00,0.00,0.00,9.8866e-08,2.9606e-07,1.0333e-06,5.9840e-06,1.1569e-05,1.1559e-05,7.5971e-06,9.7489e-08,2.6640e-07,7.5102e-07,6.0785e-06,1.0424e-05,1.1533e-05,9.1947e-06
P46,60.00,0.00,0.00,0.00,9.8866e-08,2.9606e-07,1.0333e-06,5.9840e-06,1.1569e-05,1.1559e-05,7.5971e-06,9.7489e-08,2.6640e-07,7.5102e-07,6.0785e-06,1.0424e-05,1.1533e-05,9.1947e-06
P46,60.00,90.00,0.00,0.00,9.8866e-08,2.9606e-07,1.0333e-06,5.9840e-06,1.1569e-05,1.1559e-05,7.5971e-06,9.7489e-08,2.6640e-07,7.5102e-07,6.0785e-06,1.0424e-05,1.1533e-05,9.1947e-06
P46,0.00,45.00,60.00,0.00,8.2285e-08,3.8096e-07,1.2486e-06,6.5164e-06,1.2249e-05,1.2237e-05,8.9418e-06,8.1941e-08,3.4573e-07,9.1657e-07,6.5797e-06,1.0986e-05,1.2187e-05,1.0415e-05
P46,0.00,45.00,0.00,0.00,1.0161e-07,3.8097e-07,1.2486e-06,6.5167e-06,1.2249e-05,1.2237e-05,8.9418e-06,1.0040e-07,3.4573e-07,9.1657e-07,6.5799e-06,1.0986e-05,1.2187e-05,1.0415e-05
P46,30.00,45.00,30.00,0.00,1.0293e-07,3.6262e-07,1.2026e-06,6.4155e-06,1.2123e-05,1.2111e-05,8.6651e-06,1.0169e-07,3.2855e-07,8.8129e-07,6.4849e-06,1.0883e-05,1.2066e-05,1.0171e-05
P46,0.00,0.00,0.00,0.00,1.0161e-07,3.8097e-07,1.2486e-06,6.5167e-06,1.2249e-05,1.2237e-05,8.9418e-06,1.0040e-07,3.4573e-07,9.1657e-07,6.5799e-06,1.0986e-05,1.2187e-05,1.0415e-05
P46,60.00,135.00,0.00,0.00,9.8866e-08,2.9606e-07,1.0333e-06,5.9840e-06,1.1569e-05,1.1559e-05,7.5971e-06,9.7489e-08,2.6640e-07,7.5102e-07,6.0785e-06,1.0424e-05,1.1533e-05,9.1947e-06
P46,60.00,180.00,30.00,0.00,8.7904e-08,2.9606e-07,1.0333e-06,5.9838e-06,1.1569e-05,1.1559e-05,7.5971e-06,8.6881e-08,2.6640e-07,7.5102e-07,6.0782e-06,1.0424e-05,1.1533e-05,9.1947e-06
P46,0.00,135.00,0.00,0.00,1.0161e-07,3.8097e-07,1.2486e-06,6.5167e-06,1.2249e-05,1.2237e-05,8.9418e-06,1.0040e-07,3.4573e-07,9.1657e-07,6.5799e-06,1.0986e-05,1.2187e-05,1.0415e-05
P46,30.00,135.00,0.00,0.00,1.0229e-07,3.6262e-07,1.2026e-06,6.4154e-06,1.2123e-05,1.2111e-05,8.6651e-06,1.0100e-07,3.2855e-07,8.8129e-07,6.4848e-06,1.0883e-05,1.2066e-05,1.0171e-05
P46,30.00,45.00,60.00,0.00,8.9808e-08,3.6262e-07,1.2026e-06,6.4154e-06,1.2123e-05,1.2111e-05,8.6651e-06,8.9183e-08,3.2855e-07,8.8129e-07,6.4848e-06,1.0883e-05,1.2066e-05,1.0171e-05
P46,30.00,135.00,60.00,0.00,7.9276e-08,3.6261e-07,1.2026e-06,6.4151e-06,1.2123e-05,1.2111e-05,8.6651e-06,7.8939e-08,3.2855e-07,8.8129e-07,6.4845e-06,1.0883e-05,1.2066e-05,1.0171e-05
P46,30.00,135.00,30.00,0.00,9.5977e-08,3.6262e-07,1.2026e-06,6.4153e-06,1.2123e-05,1.2111e-05,8.6651e-06,9.4941e-08,3.2855e-07,8.8129e-07,6.4847e-06,1.0883e-05,1.2066e-05,1.0171e-05
P46,0.00,90.00,60.00,0.00,8.2285e-08,3.8096e-07,1.2486e-06,6.5164e-06,1.2249e-05,1.2237e-05,8.9418e-06,8.1941e-08,3.4573e-07,9.1657e-07,6.5797e-06,1.0986e-05,1.2187e-05,1.0415e-05
P46,0.00,180.00,30.00,0.00,9.7864e-08,3.8097e-07,1.2486e-06,6.5166e-06,1.2249e-05,1.2237e-05,8.9418e-06,9.6834e-08,3.4573e-07,9.1657e-07,6.5798e-06,1.0986e-05,1.2187e-05,1.0415e-05
P46,30.00,180.00,30.00,0.00,9.4824e-08,3.6262e-07,1.2026e-06,6.4153e-06,1.2123e-05,1.2111e-05,8.6651e-06,9.3822e-08,3.2855e-07,8.8129e-07,6.4846e-06,1.0883e-05,1.2066e-05,1.0171e-05
P46,60.00,90.00,30.00,0.00,9.7354e-08,2.9606e-07,1.0333e-06,5.9840e-06,1.1569e-05,1.1559e-05,7.5971e-06,9.6061e-08,2.6640e-07,7.5102e-07,6.0784e-06,1.0424e-05,1.1533e-05,9.1947e-06
P46,0.00,0.00,60.00,0.00,8.2285e-08,3.8096e-07,1.2486e-06,6.5164e-06,1.2249e-05,1.2237e-05,8.9418e-06,8.1941e-08,3.4573e-07,9.1657e-07,6.5797e-06,1.0986e-05,1.2187e-05,1.0415e-05
P46,0.00,90.00,0.00,0.00,1.0161e-07,3.8097e-07,1.2486e-06,6.5167e-06,1.2249e-05,1.2237e-05,8.9418e-06,1.0040e-07,3.4573e-07,9.1657e-07,6.5799e-06,1.0986e-05,1.2187e-05,1.0415e-05
P46,0.00,135.00,60.00,0.00,8.2285e-08,3.8096e-07,1.2486e-06,6.5164e-06,1.2249e-05,1.2237e-05,8.9418e-06,8.1941e-08,3.4573e-07,9.1657e-07,6.5797e-06,1.0986e-05,1.2187e-05,1.0415e-05
P46,0.00,90.00,30.00,0.00,9.7864e-08,3.8097e-07,1.2486e-06,6.5166e-06,1.2249e-05,1.2237e-05,8.9418e-06,9.6834e-08,3.4573e-07,9.1657e-07,6.5798e-06,1.0986e-05,1.2187e-05,1.0415e-05
P46,30.00,180.00,0.00,0.00,1.0229e-07,3.6262e-07,1.2026e-06,6.4154e-06,1.2123e-05,1.2111e-05,8.6651e-06,1.0100e-07,3.2855e-07,8.8129e-07,6.4848e-06,1.0883e-05,1.2066e-05,1.0171e-05
P46,0.00,0.00,30.00,0.00,9.7864e-08,3.8097e-07,1.2486e-06,6.5166e-06,1.2249e-05,1.2237e-05,8.9418e-06,9.6834e-08,3.4573e-07,9.1657e-07,6.5798e-06,1.0986e-05,1.2187e-05,1.0415e-05
P46,60.00,90.00,60.00,0.00,8.4716e-08,2.9606e-07,1.0333e-06,5.9838e-06,1.1569e-05,1.1559e-05,7.5971e-06,8.3938e-08,2.6640e-07,7.5102e-07,6.0782e-06,1.0424e-05,1.1533e-05,9.1947e-06
P46,0.00,180.00,60.00,0.00,8.2285e-08,3.8096e-07,1.2486e-06,6.5164e-06,1.2249e-05,1.2237e-05,8.9418e-06,8.1941e-08,3.4573e-07,9.1657e-07,6.5797e-06,1.0986e-05,1.2187e-05,1.0415e-05
P46,60.00,0.00,60.00,0.00,1.3224e-07,2.9607e-07,1.0333e-06,5.9853e-06,1.1569e-05,1.1559e-05,7.5971e-06,1.3036e-07,2.6640e-07,7.5102e-07,6.0799e-06,1.0424e-05,1.1533e-05,9.1947e-06
P46,30.00,0.00,30.00,0.00,1.0477e-07,3.6262e-07,1.2026e-06,6.4156e-06,1.2123e-05,1.2111e-05,8.6651e-06,1.0348e-07,3.2855e-07,8.8129e-07,6.4850e-06,1.0883e-05,1.2066e-05,1.0171e-05
P46,60.00,45.00,30.00,0.00,1.0823e-07,2.9606e-07,1.0333e-06,5.9843e-06,1.1569e-05,1.1559e-05,7.5971e-06,1.0664e-07,2.6640e-07,7.5102e-07,6.0788e-06,1.0424e-05,1.1533e-05,9.1947e-06
P46,60.00,135.00,60.00,0.00,7.4867e-08,2.9605e-07,1.0333e-06,5.9836e-06,1.1569e-05,1.1559e-05,7.5971e-06,7.4364e-08,2.6640e-07,7.5102e-07,6.0780e-06,1.0424e-05,1.1533e-05,9.1947e-06
P46,0.00,45.00,30.00,0.00,9.7864e-08,3.8097e-07,1.2486e-06,6.5166e-06,1.2249e-05,1.2237e-05,8.9418e-06,9.6834e-08,3.4573e-07,9.1657e-07,6.5798e-06,1.0986e-05,1.2187e-05,1.0415e-05
P46,30.00,90.00,30.00,0.00,9.9132e-08,3.6262e-07,1.2026e-06,6.4154e-06,1.2123e-05,1.2111e-05,8.6651e-06,9.8002e-08,3.2855e-07,8.8129e-07,6.4848e-06,1.0883e-05,1.2066e-05,1.0171e-05
P47,0.00,45.00,30.00,0.00,5.8463e-08,3.1356e-07,8.0792e-07,2.0209e-06,5.3663e-06,5.3557e-06,5.6184e-06,5.5644e-08,2.9355e-07,6.6513e-07,2.0085e-06,4.2004e-06,5.2584e-06,5.7793e-06
P47,60.00,0.00,30.00,0.00,9.8304e-08,2.7632e-07,7.5943e-07,1.9318e-06,5.3129e-06,5.3023e-06,5.2880e-06,9.3890e-08,2.5716e-07,6.1265e-07,1.9235e-06,4.1457e-06,5.2084e-06,5.5378e-06
P47,0.00,90.00,60.00,0.00,3.9583e-08,3.1354e-07,8.0784e-07,2.0207e-06,5.3663e-06,5.3557e-06,5.6184e-06,3.7837e-08,2.9354e-07,6.6510e-07,2.0083e-06,4.2003e-06,5.2583e-06,5.7793e-06
P47,0.00,45.00,0.00,0.00,6.2863e-08,3.1356e-07,8.0795e-07,2.0210e-06,5.3663e-06,5.3557e-06,5.6184e-06,5.9783e-08,2.9355e-07,6.6514e-07,2.0086e-06,4.2004e-06,5.2584e-06,5.7794e-06
P47,30.00,90.00,30.00,0.00,6.3292e-08,3.0606e-07,7.9938e-07,2.0063e-06,5.3584e-06,5.3478e-06,5.5562e-06,6.0262e-08,2.8617e-07,6.5563e-07,1.9948e-06,4.1925e-06,5.2511e-06,5.7356e-06
P47,30.00,180.00,60.00,0.00,3.6542e-08,3.0604e-07,7.9928e-07,2.0056e-06,5.3584e-06,5.3478e-06,5.5562e-06,3.4904e-08,2.8617e-07,6.5560e-07,1.9941e-06,4.1924e-06,5.2510e-06,5.7355e-06
P47,0.00,90.00,30.00,0.00,5.8463e-08,3.1356e-07,8.0792e-07,2.0209e-06,5.3663e-06,5.3557e-06,5.6184e-06,5.5644e-08,2.9355e-07,6.6513e-07,2.0085e-06,4.2004e-06,5.2584e-06,5.7793e-06
P47,30.00,90.00,0.00,0.00,6.6941e-08,3.0607e-07,7.9939e-07,2.0062e-06,5.3584e-06,5.3478e-06,5.5562e-06,6.3675e-08,2.8617e-07,6.5564e-07,1.9948e-06,4.1924e-06,5.2511e-06,5.7356e-06
P47,0.00,45.00,60.00,0.00,3.9583e-08,3.1354e-07,8.0784e-07,2.0207e-06,5.3663e-06,5.3557e-06,5.6184e-06,3.7837e-08,2.9354e-07,6.6510e-07,2.0083e-06,4.2003e-06,5.2583e-06,5.7793e-06
P47,60.00,90.00,0.00,0.00,7.5564e-08,2.7631e-07,7.5937e-07,1.9303e-06,5.3127e-06,5.3021e-06,5.2880e-06,7.1993e-08,2.5716e-07,6.1264e-07,1.9219e-06,4.1454e-06,5.2083e-06,5.5378e-06
P47,0.00,0.00,0.00,0.00,6.2863e-08,3.1356e-07,8.0795e-07,2.0210e-06,5.3663e-06,5.3557e-06,5.6184e-06,5.9783e-08,2.9355e-07,6.6514e-07,2.0086e-06,4.2004e-06,5.2584e-06,5.7794e-06
P47,60.00,180.00,0.00,0.00,7.5564e-08,2.7631e-07,7.5937e-07,1.9303e-06,5.3127e-06,5.3021e-06,5.2880e-06,7.1993e-08,2.5716e-07,6.1264e-07,1.9219e-06,4.1454e-06,5.2083e-06,5.5378e-06
P47,60.00,135.00,0.00,0.00,7.5564e-08,2.7631e-07,7.5937e-07,1.9303e-06,5.3127e-06,5.3021e-06,5.2880e-06,7.1993e-08,2.5716e-07,6.1264e-07,1.9219e-06,4.1454e-06,5.2083e-06,5.5378e-06
P47,30.00,45.00,30.00,0.00,6.8354e-08,3.0607e-07,7.9940e-07,2.0065e-06,5.3585e-06,5.3479e-06,5.5562e-06,6.5114e-08,2.8617e-07,6.5563e-07,1.9951e-06,4.1925e-06,5.2511e-06,5.7356e-06
P47,0.00,135.00,30.00,0.00,5.8463e-08,3.1356e-07,8.0792e-07,2.0209e-06,5.3663e-06,5.3557e-06,5.6184e-06,5.5644e-08,2.9355e-07,6.6513e-07,2.0085e-06,4.2004e-06,5.2584e-06,5.7793e-06
P47,60.00,45.00,30.00,0.00,8.9373e-08,2.7632e-07,7.5940e-07,1.9313e-06,5.3128e-06,5.3022e-06,5.2880e-06,8.5302e-08,2.5716e-07,6.1264e-07,1.9229e-06,4.1456e-06,5.2084e-06,5.5378e-06
P47,30.00,0.00,30.00,0.00,7.0799e-08,3.0607e-07,7.9941e-07,2.0067e-06,5.3585e-06,5.3479e-06,5.5562e-06,6.7461e-08,2.8617e-07,6.5564e-07,1.9953e-06,4.1925e-06,5.2511e-06,5.7356e-06
P47,30.00,0.00,60.00,0.00,5.8306e-08,3.0606e-07,7.9934e-07,2.0068e-06,5.3585e-06,5.3479e-06,5.5562e-06,5.5791e-08,2.8617e-07,6.5561e-07,1.9955e-06,4.1926e-06,5.2512e-06,5.7356e-06
P47,60.00,45.00,60.00,0.00,9.3803e-08,2.7632e-07,7.5937e-07,1.9325e-06,5.3130e-06,5.3024e-06,5.2880e-06,8.9823e-08,2.5716e-07,6.1263e-07,1.9243e-06,4.1459e-06,5.2085e-06,5.5379e-06
P47,0.00,135.00,0.00,0.00,6.2863e-08,3.1356e-07,8.0795e-07,2.0210e-06,5.3663e-06,5.3557e-06,5.6184e-06,5.9783e-08,2.9355e-07,6.6514e-07,2.0086e-06,4.2004e-06,5.2584e-06,5.7794e-06
P47,60.00,180.00,60.00,0.00,4.0345e-08,2.7628e-07,7.5928e-07,1.9290e-06,5.3126e-06,5.3020e-06,5.2880e-06,3.8519e-08,2.5715e-07,6.1262e-07,1.9205e-06,4.1452e-06,5.2081e-06,5.5377e-06
P47,60.00,90.00,60.00,0.00,5.8765e-08,2.7629e-07,7.5931e-07,1.9302e-06,5.3127e-06,5.3021e-06,5.2880e-06,5.6148e-08,2.5715e-07,6.1262e-07,1.9217e-06,4.1454e-06,5.2082e-06,5.5377e-06
P47,60.00,90.00,30.00,0.00,7.4069e-08,2.7630e-07,7.5936e-07,1.9303e-06,5.3127e-06,5.3021e-06,5.2880e-06,7.0609e-08,2.5716e-07,6.1263e-07,1.9219e-06,4.1454e-06,5.2083e-06,5.5378e-06
P47,60.00,135.00,60.00,0.00,4.4183e-08,2.7628e-07,7.5929e-07,1.9294e-06,5.3126e-06,5.3020e-06,5.2880e-06,4.2189e-08,2.5715e-07,6.1262e-07,1.9208e-06,4.1453e-06,5.2082e-06,5.5377e-06
P47,30.00,45.00,0.00,0.00,6.6941e-08,3.0607e-07,7.9939e-07,2.0062e-06,5.3584e-06,5.3478e-06,5.5562e-06,6.3675e-08,2.8617e-07,6.5564e-07,1.9948e-06,4.1924e-06,5.2511e-06,5.7356e-06
P47,30.00,135.00,30.00,0.00,5.9080e-08,3.0606e-07,7.9936e-07,2.0060e-06,5.3584e-06,5.3478e-06,5.5562e-06,5.6227e-08,2.8617e-07,6.5563e-07,1.9945e-06,4.1924e-06,5.2511e-06,5.7355e-06
P47,30.00,135.00,0.00,0.00,6.6941e-08,3.0607e-07,7.9939e-07,2.0062e-06,5.3584e-06,5.3478e-06,5.5562e-06,6.3675e-08,2.8617e-07,6.5564e-07,1.9948e-06,4.1924e-06,5.2511e-06,5.7356e-06
P47,0.00,180.00,60.00,0.00,3.9583e-08,3.1354e-07,8.0784e-07,2.0207e-06,5.3663e-06,5.3557e-06,5.6184e-06,3.7837e-08,2.9354e-07,6.6510e-07,2.0083e-06,4.2003e-06,5.2583e-06,5.7793e-06
P47,30.00,45.00,60.00,0.00,5.3135e-08,3.0605e-07,7.9932e-07,2.0065e-06,5.3585e-06,5.3479e-06,5.5562e-06,5.0818e-08,2.8617e-07,6.5561e-07,1.9951e-06,4.1925e-06,5.2511e-06,5.7356e-06
P47,60.00,135.00,30.00,0.00,6.3959e-08,2.7630e-07,7.5934e-07,1.9298e-06,5.3127e-06,5.3021e-06,5.2880e-06,6.0923e-08,2.5715e-07,6.1263e-07,1.9213e-06,4.1453e-06,5.2082e-06,5.5377e-06
P47,0.00,90.00,0.00,0.00,6.2863e-08,3.1356e-07,8.0795e-07,2.0210e-06,5.3663e-06,5.3557e-06,5.6184e-06,5.9783e-08,2.9355e-07,6.6514e-07,2.0086e-06,4.2004e-06,5.2584e-06,5.7794e-06
P47,60.00,0.00,0.00,0.00,7.5564e-08,2.7631e-07,7.5937e-07,1.9303e-06,5.3127e-06,5.3021e-06,5.2880e-06,7.1993e-08,2.5716e-07,6.1264e-07,1.9219e-06,4.1454e-06,5.2083e-06,5.5378e-06
P47,60.00,180.00,30.00,0.00,6.0712e-08,2.7629e-07,7.5933e-07,1.9297e-06,5.3127e-06,5.3021e-06,5.2880e-06,5.7818e-08,2.5715e-07,6.1263e-07,1.9212e-06,4.1453e-06,5.2082e-06,5.5377e-06
P47,30.00,180.00,0.00,0.00,6.6941e-08,3.0607e-07,7.9939e-07,2.0062e-06,5.3584e-06,5.3478e-06,5.5562e-06,6.3675e-08,2.8617e-07,6.5564e-07,1.9948e-06,4.1924e-06,5.2511e-06,5.7356e-06
P47,0.00,0.00,30.00,0.00,5.8463e-08,3.1356e-07,8.0792e-07,2.0209e-06,5.3663e-06,5.3557e-06,5.6184e-06,5.5644e-08,2.9355e-07,6.6513e-07,2.0085e-06,4.2004e-06,5.2584e-06,5.7793e-06
P47,60.00,45.00,0.00,0.00,7.5564e-08,2.7631e-07,7.5937e-07,1.9303e-06,5.3127e-06,5.3021e-06,5.2880e-06,7.1993e-08,2.5716e-07,6.1264e-07,1.9219e-06,4.1454e-06,5.2083e-06,5.5378e-06
P47,60.00,0.00,60.00,0.00,1.2849e-07,2.7634e-07,7.5945e-07,1.9355e-06,5.3133e-06,5.3027e-06,5.2881e-06,1.2328e-07,2.5716e-07,6.1264e-07,1.9275e-06,4.1465e-06,5.2088e-06,5.5380e-06
P47,0.00,135.00,60.00,0.00,3.9583e-08,3.1354e-07,8.0784e-07,2.0207e-06,5.3663e-06,5.3557e-06,5.6184e-06,3.7837e-08,2.9354e-07,6.6510e-07,2.0083e-06,4.2003e-06,5.2583e-06,5.7793e-06
P47,0.00,0.00,60.00,0.00,3.9583e-08,3.1354e-07,8.0784e-07,2.0207e-06,5.3663e-06,5.3557e-06,5.6184e-06,3.7837e-08,2.9354e-07,6.6510e-07,2.0083e-06,4.2003e-06,5.2583e-06,5.7793e-06
P47,30.00,180.00,30.00,0.00,5.7540e-08,3.0606e-07,7.9935e-07,2.0058e-06,5.3584e-06,5.3478e-06,5.5562e-06,5.4751e-08,2.8617e-07,6.5562e-07,1.9944e-06,4.1924e-06,5.2510e-06,5.7355e-06
P47,0.00,180.00,30.00,0.00,5.8463e-08,3.1356e-07,8.0792e-07,2.0209e-06,5.3663e-06,5.3557e-06,5.6184e-06,5.5644e-08,2.9355e-07,6.6513e-07,2.0085e-06,4.2004e-06,5.2584e-06,5.7793e-06
P47,30.00,135.00,60.00,0.00,3.8422e-08,3.0604e-07,7.9928e-07,2.0057e-06,5.3584e-06,5.3478e-06,5.5562e-06,3.6702e-08,2.8617e-07,6.5560e-07,1.9942e-06,4.1924e-06,5.2510e-06,5.7355e-06
P47,30.00,90.00,60.00,0.00,4.4274e-08,3.0604e-07,7.9930e-07,2.0060e-06,5.3584e-06,5.3478e-06,5.5562e-06,4.2310e-08,2.8617e-07,6.5561e-07,1.9945e-06,4.1924e-06,5.2511e-06,5.7355e-06
P47,0.00,180.00,0.00,0.00,6.2863e-08,3.1356e-07,8.0795e-07,2.0210e-06,5.3663e-06,5.3557e-06,5.6184e-06,5.9783e-08,2.9355e-07,6.6514e-07,2.0086e-06,4.2004e-06,5.2584e-06,5.7794e-06
P47,30.00,0.00,0.00,0.00,6.6941e-08,3.0607e-07,7.9939e-07,2.0062e-06,5.3584e-06,5.3478e-06,5.5562e-06,6.3675e-08,2.8617e-07,6.5564e-07,1.9948e-06,4.1924e-06,5.2511e-06,5.7356e-06
P48,60.00,0.00,0.00,0.00,8.9293e-08,2.8345e-07,1.0770e-06,5.6402e-06,1.1141e-05,1.1129e-05,7.7630e-06,8.7839e-08,2.5264e-07,7.4230e-07,5.7164e-06,9.7791e-06,1.1064e-05,9.2405e-06
P48,30.00,180.00,0.00,0.00,9.0419e-08,3.5507e-07,1.3091e-06,5.9166e-06,1.1466e-05,1.1453e-05,8.7415e-06,8.8989e-08,3.1790e-07,9.1535e-07,5.9659e-06,1.0056e-05,1.1375e-05,1.0052e-05
P48,30.00,135.00,0.00,0.00,9.0419e-08,3.5507e-07,1.3091e-06,5.9166e-06,1.1466e-05,1.1453e-05,8.7415e-06,8.8989e-08,3.1790e-07,9.1535e-07,5.9659e-06,1.0056e-05,1.1375e-05,1.0052e-05
P48,30.00,180.00,60.00,0.00,6.5858e-08,3.5507e-07,1.3091e-06,5.9162e-06,1.1466e-05,1.1453e-05,8.7415e-06,6.5445e-08,3.1790e-07,9.1535e-07,5.9655e-06,1.0056e-05,1.1375e-05,1.0052e-05
P48,60.00,90.00,60.00,0.00,7.4826e-08,2.8345e-07,1.0770e-06,5.6400e-06,1.1141e-05,1.1129e-05,7.7630e-06,7.3993e-08,2.5264e-07,7.4230e-07,5.7162e-06,9.7791e-06,1.1064e-05,9.2405e-06
P48,0.00,180.00,60.00,0.00,6.9368e-08,3.7618e-07,1.3714e-06,5.9815e-06,1.1542e-05,1.1529e-05,8.9850e-06,6.8909e-08,3.3732e-07,9.6454e-07,6.0246e-06,1.0120e-05,1.1447e-05,1.0249e-05
P48,0.00,45.00,60.00,0.00,6.9368e-08,3.7618e-07,1.3714e-06,5.9815e-06,1.1542e-05,1.1529e-05,8.9850e-06,6.8909e-08,3.3732e-07,9.6454e-07,6.0246e-06,1.0120e-05,1.1447e-05,1.0249e-05
P48,30.00,45.00,30.00,0.00,9.0861e-08,3.5507e-07,1.3091e-06,5.9166e-06,1.1466e-05,1.1453e-05,8.7415e-06,8.9495e-08,3.1790e-07,9.1535e-07,5.9659e-06,1.0056e-05,1.1375e-05,1.0052e-05
P48,0.00,45.00,30.00,0.00,8.5237e-08,3.7619e-07,1.3714e-06,5.9817e-06,1.1542e-05,1.1529e-05,8.9850e-06,8.4067e-08,3.3732e-07,9.6454e-07,6.0248e-06,1.0120e-05,1.1447e-05,1.0249e-05
P48,60.00,90.00,0.00,0.00,8.9293e-08,2.8345e-07,1.0770e-06,5.6402e-06,1.1141e-05,1.1129e-05,7.7630e-06,8.7839e-08,2.5264e-07,7.4230e-07,5.7164e-06,9.7791e-06,1.1064e-05,9.2405e-06
P48,60.00,135.00,0.00,0.00,8.9293e-08,2.8345e-07,1.0770e-06,5.6402e-06,1.1141e-05,1.1129e-05,7.7630e-06,8.7839e-08,2.5264e-07,7.4230e-07,5.7164e-06,9.7791e-06,1.1064e-05,9.2405e-06
P48,60.00,0.00,30.00,0.00,1.0426e-07,2.8346e-07,1.0770e-06,5.6405e-06,1.1141e-05,1.1129e-05,7.7630e-06,1.0248e-07,2.5264e-07,7.4230e-07,5.7168e-06,9.7791e-06,1.1064e-05,9.2405e-06
P48,60.00,135.00,60.00,0.00,6.5452e-08,2.8345e-07,1.0770e-06,5.6398e-06,1.1141e-05,1.1129e-05,7.7630e-06,6.4868e-08,2.5264e-07,7.4230e-07,5.7160e-06,9.7791e-06,1.1064e-05,9.2405e-06
P48,60.00,135.00,30.00,0.00,8.0765e-08,2.8345e-07,1.0770e-06,5.6400e-06,1.1141e-05,1.1129e-05,7.7630e-06,7.9591e-08,2.5264e-07,7.4230e-07,5.7162e-06,9.7791e-06,1.1064e-05,9.2405e-06
P48,0.00,135.00,60.00,0.00,6.9368e-08,3.7618e-07,1.3714e-06,5.9815e-06,1.1542e-05,1.1529e-05,8.9850e-06,6.8909e-08,3.3732e-07,9.6454e-07,6.0246e-06,1.0120e-05,1.1447e-05,1.0249e-05
P48,60.00,45.00,60.00,0.00,9.7433e-08,2.8345e-07,1.0770e-06,5.6404e-06,1.1141e-05,1.1129e-05,7.7630e-06,9.6071e-08,2.5264e-07,7.4230e-07,5.7167e-06,9.7791e-06,1.1064e-05,9.2405e-06
P48,30.00,90.00,30.00,0.00,8.7141e-08,3.5507e-07,1.3091e-06,5.9165e-06,1.1466e-05,1.1453e-05,8.7415e-06,8.5882e-08,3.1790e-07,9.1535e-07,5.9658e-06,1.0056e-05,1.1375e-05,1.0052e-05
P48,0.00,90.00,0.00,0.00,8.9089e-08,3.7619e-07,1.3714e-06,5.9818e-06,1.1542e-05,1.1529e-05,8.9850e-06,8.7734e-08,3.3732e-07,9.6454e-07,6.0249e-06,1.0120e-05,1.1447e-05,1.0249e-05
P48,0.00,0.00,60.00,0.00,6.9368e-08,3.7618e-07,1.3714e-06,5.9815e-06,1.1542e-05,1.1529e-05,8.9850e-06,6.8909e-08,3.3732e-07,9.6454e-07,6.0246e-06,1.0120e-05,1.1447e-05,1.0249e-05
P48,30.00,90.00,0.00,0.00,9.0419e-08,3.5507e-07,1.3091e-06,5.9166e-06,1.1466e-05,1.1453e-05,8.7415e-06,8.8989e-08,3.1790e-07,9.1535e-07,5.9659e-06,1.0056e-05,1.1375e-05,1.0052e-05
P48,0.00,45.00,0.00,0.00,8.9089e-08,3.7619e-07,1.3714e-06,5.9818e-06,1.1542e-05,1.1529e-05,8.9850e-06,8.7734e-08,3.3732e-07,9.6454e-07,6.0249e-06,1.0120e-05,1.1447e-05,1.0249e-05
P48,30.00,180.00,30.00,0.00,8.2918e-08,3.5507e-07,1.3091e-06,5.9164e-06,1.1466e-05,1.1453e-05,8.7415e-06,8.1783e-08,3.1790e-07,9.1535e-07,5.9657e-06,1.0056e-05,1.1375e-05,1.0052e-05
P48,60.00,180.00,60.00,0.00,6.2990e-08,2.8345e-07,1.0770e-06,5.6398e-06,1.1141e-05,1.1129e-05,7.7630e-06,6.2473e-08,2.5264e-07,7.4230e-07,5.7159e-06,9.7790e-06,1.1064e-05,9.2405e-06
P48,60.00,45.00,0.00,0.00,8.9293e-08,2.8345e-07,1.0770e-06,5.6402e-06,1.1141e-05,1.1129e-05,7.7630e-06,8.7839e-08,2.5264e-07,7.4230e-07,5.7164e-06,9.7791e-06,1.1064e-05,9.2405e-06
P48,30.00,135.00,60.00,0.00,6.7150e-08,3.5507e-07,1.3091e-06,5.9162e-06,1.1466e-05,1.1453e-05,8.7415e-06,6.6700e-08,3.1790e-07,9.1535e-07,5.9655e-06,1.0056e-05,1.1375e-05,1.0052e-05
P48,0.00,180.00,0.00,0.00,8.9089e-08,3.7619e-07,1.3714e-06,5.9818e-06,1.1542e-05,1.1529e-05,8.9850e-06,8.7734e-08,3.3732e-07,9.6454e-07,6.0249e-06,1.0120e-05,1.1447e-05,1.0249e-05
P48,0.00,0.00,30.00,0.00,8.5237e-08,3.7619e-07,1.3714e-06,5.9817e-06,1.1542e-05,1.1529e-05,8.9850e-06,8.4067e-08,3.3732e-07,9.6454e-07,6.0248e-06,1.0120e-05,1.1447e-05,1.0249e-05
P48,60.00,0.00,60.00,0.00,1.1990e-07,2.8346e-07,1.0770e-06,5.6410e-06,1.1141e-05,1.1129e-05,7.7630e-06,1.1808e-07,2.5264e-07,7.4230e-07,5.7173e-06,9.7792e-06,1.1064e-05,9.2405e-06
P48,60.00,90.00,30.00,0.00,8.7668e-08,2.8345e-07,1.0770e-06,5.6402e-06,1.1141e-05,1.1129e-05,7.7630e-06,8.6305e-08,2.5264e-07,7.4230e-07,5.7164e-06,9.7791e-06,1.1064e-05,9.2405e-06
P48,0.00,180.00,30.00,0.00,8.5237e-08,3.7619e-07,1.3714e-06,5.9817e-06,1.1542e-05,1.1529e-05,8.9850e-06,8.4067e-08,3.3732e-07,9.6454e-07,6.0248e-06,1.0120e-05,1.1447e-05,1.0249e-05
P48,30.00,90.00,60.00,0.00,7.1178e-08,3.5507e-07,1.3091e-06,5.9163e-06,1.1466e-05,1.1453e-05,8.7415e-06,7.0617e-08,3.1790e-07,9.1535e-07,5.9656e-06,1.0056e-05,1.1375e-05,1.0052e-05
P48,30.00,135.00,30.00,0.00,8.4048e-08,3.5507e-07,1.3091e-06,5.9165e-06,1.1466e-05,1.1453e-05,8.7415e-06,8.2880e-08,3.1790e-07,9.1535e-07,5.9658e-06,1.0056e-05,1.1375e-05,1.0052e-05
P48,60.00,180.00,0.00,0.00,8.9293e-08,2.8345e-07,1.0770e-06,5.6402e-06,1.1141e-05,1.1129e-05,7.7630e-06,8.7839e-08,2.5264e-07,7.4230e-07,5.7164e-06,9.7791e-06,1.1064e-05,9.2405e-06
P48,0.00,0.00,0.00,0.00,8.9089e-08,3.7619e-07,1.3714e-06,5.9818e-06,1.1542e-05,1.1529e-05,8.9850e-06,8.7734e-08,3.3732e-07,9.6454e-07,6.0249e-06,1.0120e-05,1.1447e-05,1.0249e-05
P48,30.00,45.00,0.00,0.00,9.0419e-08,3.5507e-07,1.3091e-06,5.9166e-06,1.1466e-05,1.1453e-05,8.7415e-06,8.8989e-08,3.1790e-07,9.1535e-07,5.9659e-06,1.0056e-05,1.1375e-05,1.0052e-05
P48,30.00,0.00,30.00,0.00,9.2660e-08,3.5507e-07,1.3091e-06,5.9167e-06,1.1466e-05,1.1453e-05,8.7415e-06,9.1245e-08,3.1790e-07,9.1535e-07,5.9660e-06,1.0056e-05,1.1375e-05,1.0052e-05
P48,60.00,180.00,30.00,0.00,7.8550e-08,2.8345e-07,1.0770e-06,5.6400e-06,1.1141e-05,1.1129e-05,7.7630e-06,7.7440e-08,2.5264e-07,7.4230e-07,5.7162e-06,9.7791e-06,1.1064e-05,9.2405e-06
P48,0.00,90.00,60.00,0.00,6.9368e-08,3.7618e-07,1.3714e-06,5.9815e-06,1.1542e-05,1.1529e-05,8.9850e-06,6.8909e-08,3.3732e-07,9.6454e-07,6.0246e-06,1.0120e-05,1.1447e-05,1.0249e-05
P48,0.00,135.00,0.00,0.00,8.9089e-08,3.7619e-07,1.3714e-06,5.9818e-06,1.1542e-05,1.1529e-05,8.9850e-06,8.7734e-08,3.3732e-07,9.6454e-07,6.0249e-06,1.0120e-05,1.1447e-05,1.0249e-05
P48,30.00,45.00,60.00,0.00,7.7288e-08,3.5507e-07,1.3091e-06,5.9165e-06,1.1466e-05,1.1453e-05,8.7415e-06,7.6572e-08,3.1790e-07,9.1535e-07,5.9658e-06,1.0056e-05,1.1375e-05,1.0052e-05
P48,0.00,90.00,30.00,0.00,8.5237e-08,3.7619e-07,1.3714e-06,5.9817e-06,1.1542e-05,1.1529e-05,8.9850e-06,8.4067e-08,3.3732e-07,9.6454e-07,6.0248e-06,1.0120e-05,1.1447e-05,1.0249e-05
P48,0.00,135.00,30.00,0.00,8.5237e-08,3.7619e-07,1.3714e-06,5.9817e-06,1.1542e-05,1.1529e-05,8.9850e-06,8.4067e-08,3.3732e-07,9.6454e-07,6.0248e-06,1.0120e-05,1.1447e-05,1.0249e-05
P48,60.00,45.00,30.00,0.00,9.8139e-08,2.8345e-07,1.0770e-06,5.6404e-06,1.1141e-05,1.1129e-05,7.7630e-06,9.6509e-08,2.5264e-07,7.4230e-07,5.7166e-06,9.7791e-06,1.1064e-05,9.2405e-06
P48,30.00,0.00,60.00,0.00,8.0859e-08,3.5507e-07,1.3091e-06,5.9165e-06,1.1466e-05,1.1453e-05,8.7415e-06,8.0056e-08,3.1790e-07,9.1535e-07,5.9659e-06,1.0056e-05,1.1375e-05,1.0052e-05
P48,30.00,0.00,0.00,0.00,9.0419e-08,3.5507e-07,1.3091e-06,5.9166e-06,1.1466e-05,1.1453e-05,8.7415e-06,8.8989e-08,3.1790e-07,9.1535e-07,5.9659e-06,1.0056e-05,1.1375e-05,1.0052e-05
P49,0.00,180.00,0.00,0.00,8.2977e-08,3.0478e-07,1.0013e-06,5.6309e-06,1.0537e-05,1.0527e-05,8.5563e-06,8.2407e-08,2.7643e-07,7.3176e-07,5.6832e-06,9.5114e-06,1.0483e-05,9.5168e-06
P49,0.00,45.00,60.00,0.00,6.5178e-08,3.0477e-07,1.0013e-06,5.6308e-06,1.0537e-05,1.0527e-05,8.5563e-06,6.5307e-08,2.7643e-07,7.3176e-07,5.6831e-06,9.5114e-06,1.0483e-05,9.5168e-06
P49,60.00,45.00,60.00,0.00,8.3717e-08,2.4580e-07,8.3804e-07,5.0778e-06,9.6697e-06,9.6610e-06,7.4240e-06,8.3472e-08,2.2192e-07,6.0779e-07,5.1522e-06,8.7300e-06,9.6241e-06,8.4422e-06
P49,60.00,90.00,30.00,0.00,7.7855e-08,2.4580e-07,8.3804e-07,5.0778e-06,9.6697e-06,9.6610e-06,7.4240e-06,7.7453e-08,2.2192e-07,6.0779e-07,5.1522e-06,8.7300e-06,9.6241e-06,8.4422e-06
P49,60.00,135.00,30.00,0.00,7.2368e-08,2.4580e-07,8.3804e-07,5.0778e-06,9.6697e-06,9.6610e-06,7.4240e-06,7.2067e-08,2.2192e-07,6.0779e-07,5.1521e-06,8.7300e-06,9.6241e-06,8.4422e-06
P49,0.00,0.00,0.00,0.00,8.2977e-08,3.0478e-07,1.0013e-06,5.6309e-06,1.0537e-05,1.0527e-05,8.5563e-06,8.2407e-08,2.7643e-07,7.3176e-07,5.6832e-06,9.5114e-06,1.0483e-05,9.5168e-06
P49,60.00,45.00,30.00,0.00,8.6176e-08,2.4580e-07,8.3804e-07,5.0779e-06,9.6697e-06,9.6610e-06,7.4240e-06,8.5635e-08,2.2192e-07,6.0779e-07,5.1522e-06,8.7300e-06,9.6241e-06,8.4422e-06
P49,60.00,135.00,0.00,0.00,7.9489e-08,2.4580e-07,8.3804e-07,5.0778e-06,9.6697e-06,9.6610e-06,7.4240e-06,7.9007e-08,2.2192e-07,6.0779e-07,5.1522e-06,8.7300e-06,9.6241e-06,8.4422e-06
P49,60.00,90.00,60.00,0.00,6.6438e-08,2.4579e-07,8.3804e-07,5.0777e-06,9.6697e-06,9.6610e-06,7.4240e-06,6.6425e-08,2.2192e-07,6.0779e-07,5.1521e-06,8.7300e-06,9.6241e-06,8.4422e-06
P49,30.00,90.00,0.00,0.00,8.3492e-08,2.9190e-07,9.6641e-07,5.5278e-06,1.0366e-05,1.0357e-05,8.3217e-06,8.2899e-08,2.6450e-07,7.0515e-07,5.5848e-06,9.3655e-06,1.0315e-05,9.2967e-06
P49,0.00,135.00,60.00,0.00,6.5178e-08,3.0477e-07,1.0013e-06,5.6308e-06,1.0537e-05,1.0527e-05,8.5563e-06,6.5307e-08,2.7643e-07,7.3176e-07,5.6831e-06,9.5114e-06,1.0483e-05,9.5168e-06
P49,0.00,90.00,0.00,0.00,8.2977e-08,3.0478e-07,1.0013e-06,5.6309e-06,1.0537e-05,1.0527e-05,8.5563e-06,8.2407e-08,2.7643e-07,7.3176e-07,5.6832e-06,9.5114e-06,1.0483e-05,9.5168e-06
P49,60.00,0.00,0.00,0.00,7.9489e-08,2.4580e-07,8.3804e-07,5.0778e-06,9.6697e-06,9.6610e-06,7.4240e-06,7.9007e-08,2.2192e-07,6.0779e-07,5.1522e-06,8.7300e-06,9.6241e-06,8.4422e-06
P49,60.00,180.00,30.00,0.00,7.0608e-08,2.4579e-07,8.3804e-07,5.0777e-06,9.6697e-06,9.6610e-06,7.4240e-06,7.0342e-08,2.2192e-07,6.0779e-07,5.1521e-06,8.7300e-06,9.6241e-06,8.4422e-06
P49,0.00,45.00,30.00,0.00,7.9404e-08,3.0477e-07,1.0013e-06,5.6309e-06,1.0537e-05,1.0527e-05,8.5563e-06,7.8987e-08,2.7643e-07,7.3176e-07,5.6832e-06,9.5114e-06,1.0483e-05,9.5168e-06
P49,30.00,0.00,30.00,0.00,8.4968e-08,2.9190e-07,9.6641e-07,5.5278e-06,1.0366e-05,1.0357e-05,8.3217e-06,8.4426e-08,2.6450e-07,7.0515e-07,5.5849e-06,9.3655e-06,1.0315e-05,9.2967e-06
P49,0.00,45.00,0.00,0.00,8.2977e-08,3.0478e-07,1.0013e-06,5.6309e-06,1.0537e-05,1.0527e-05,8.5563e-06,8.2407e-08,2.7643e-07,7.3176e-07,5.6832e-06,9.5114e-06,1.0483e-05,9.5168e-06
P49,60.00,0.00,60.00,0.00,1.0091e-07,2.4580e-07,8.3804e-07,5.0779e-06,9.6697e-06,9.6610e-06,7.4240e-06,1.0048e-07,2.2192e-07,6.0779e-07,5.1523e-06,8.7300e-06,9.6241e-06,8.4422e-06
P49,60.00,0.00,30.00,0.00,9.1039e-08,2.4580e-07,8.3804e-07,5.0779e-06,9.6697e-06,9.6610e-06,7.4240e-06,9.0423e-08,2.2192e-07,6.0779e-07,5.1523e-06,8.7300e-06,9.6241e-06,8.4422e-06
P49,0.00,135.00,30.00,0.00,7.9404e-08,3.0477e-07,1.0013e-06,5.6309e-06,1.0537e-05,1.0527e-05,8.5563e-06,7.8987e-08,2.7643e-07,7.3176e-07,5.6832e-06,9.5114e-06,1.0483e-05,9.5168e-06
P49,0.00,90.00,30.00,0.00,7.9404e-08,3.0477e-07,1.0013e-06,5.6309e-06,1.0537e-05,1.0527e-05,8.5563e-06,7.8987e-08,2.7643e-07,7.3176e-07,5.6832e-06,9.5114e-06,1.0483e-05,9.5168e-06
P49,30.00,45.00,60.00,0.00,7.0954e-08,2.9190e-07,9.6641e-07,5.5277e-06,1.0366e-05,1.0357e-05,8.3217e-06,7.0958e-08,2.6450e-07,7.0515e-07,5.5847e-06,9.3655e-06,1.0315e-05,9.2967e-06
P49,30.00,180.00,30.00,0.00,7.6920e-08,2.9190e-07,9.6641e-07,5.5277e-06,1.0366e-05,1.0357e-05,8.3217e-06,7.6545e-08,2.6450e-07,7.0515e-07,5.5847e-06,9.3655e-06,1.0315e-05,9.2967e-06
P49,60.00,180.00,60.00,0.00,5.7391e-08,2.4579e-07,8.3804e-07,5.0776e-06,9.6697e-06,9.6610e-06,7.4240e-06,5.7528e-08,2.2192e-07,6.0779e-07,5.1520e-06,8.7300e-06,9.6241e-06,8.4422e-06
P49,30.00,90.00,30.00,0.00,8.0408e-08,2.9190e-07,9.6641e-07,5.5277e-06,1.0366e-05,1.0357e-05,8.3217e-06,7.9959e-08,2.6450e-07,7.0515e-07,5.5848e-06,9.3655e-06,1.0315e-05,9.2967e-06
P49,60.00,45.00,0.00,0.00,7.9489e-08,2.4580e-07,8.3804e-07,5.0778e-06,9.6697e-06,9.6610e-06,7.4240e-06,7.9007e-08,2.2192e-07,6.0779e-07,5.1522e-06,8.7300e-06,9.6241e-06,8.4422e-06
P49,0.00,90.00,60.00,0.00,6.5178e-08,3.0477e-07,1.0013e-06,5.6308e-06,1.0537e-05,1.0527e-05,8.5563e-06,6.5307e-08,2.7643e-07,7.3176e-07,5.6831e-06,9.5114e-06,1.0483e-05,9.5168e-06
P49,30.00,45.00,30.00,0.00,8.3482e-08,2.9190e-07,9.6641e-07,5.5278e-06,1.0366e-05,1.0357e-05,8.3217e-06,8.2968e-08,2.6450e-07,7.0515e-07,5.5848e-06,9.3655e-06,1.0315e-05,9.2967e-06
P49,30.00,0.00,0.00,0.00,8.3492e-08,2.9190e-07,9.6641e-07,5.5278e-06,1.0366e-05,1.0357e-05,8.3217e-06,8.2899e-08,2.6450e-07,7.0515e-07,5.5848e-06,9.3655e-06,1.0315e-05,9.2967e-06
P49,60.00,180.00,0.00,0.00,7.9489e-08,2.4580e-07,8.3804e-07,5.0778e-06,9.6697e-06,9.6610e-06,7.4240e-06,7.9007e-08,2.2192e-07,6.0779e-07,5.1522e-06,8.7300e-06,9.6241e-06,8.4422e-06
P49,30.00,180.00,0.00,0.00,8.3492e-08,2.9190e-07,9.6641e-07,5.5278e-06,1.0366e-05,1.0357e-05,8.3217e-06,8.2899e-08,2.6450e-07,7.0515e-07,5.5848e-06,9.3655e-06,1.0315e-05,9.2967e-06
P49,30.00,135.00,30.00,0.00,7.7853e-08,2.9190e-07,9.6641e-07,5.5277e-06,1.0366e-05,1.0357e-05,8.3217e-06,7.7458e-08,2.6450e-07,7.0515e-07,5.5848e-06,9.3655e-06,1.0315e-05,9.2967e-06
P49,0.00,180.00,30.00,0.00,7.9404e-08,3.0477e-07,1.0013e-06,5.6309e-06,1.0537e-05,1.0527e-05,8.5563e-06,7.8987e-08,2.7643e-07,7.3176e-07,5.6832e-06,9.5114e-06,1.0483e-05,9.5168e-06
P49,30.00,45.00,0.00,0.00,8.3492e-08,2.9190e-07,9.6641e-07,5.5278e-06,1.0366e-05,1.0357e-05,8.3217e-06,8.2899e-08,2.6450e-07,7.0515e-07,5.5848e-06,9.3655e-06,1.0315e-05,9.2967e-06
P49,30.00,0.00,60.00,0.00,7.3779e-08,2.9190e-07,9.6641e-07,5.5277e-06,1.0366e-05,1.0357e-05,8.3217e-06,7.3740e-08,2.6450e-07,7.0515e-07,5.5847e-06,9.3655e-06,1.0315e-05,9.2967e-06
P49,60.00,135.00,60.00,0.00,5.9274e-08,2.4579e-07,8.3804e-07,5.0777e-06,9.6697e-06,9.6610e-06,7.4240e-06,5.9379e-08,2.2192e-07,6.0779e-07,5.1520e-06,8.7300e-06,9.6241e-06,8.4422e-06
P49,0.00,135.00,0.00,0.00,8.2977e-08,3.0478e-07,1.0013e-06,5.6309e-06,1.0537e-05,1.0527e-05,8.5563e-06,8.2407e-08,2.7643e-07,7.3176e-07,5.6832e-06,9.5114e-06,1.0483e-05,9.5168e-06
P49,30.00,135.00,60.00,0.00,6.2935e-08,2.9190e-07,9.6641e-07,5.5276e-06,1.0366e-05,1.0357e-05,8.3217e-06,6.3076e-08,2.6450e-07,7.0515e-07,5.5846e-06,9.3655e-06,1.0315e-05,9.2967e-06
P49,30.00,90.00,60.00,0.00,6.6120e-08,2.9190e-07,9.6641e-07,5.5276e-06,1.0366e-05,1.0357e-05,8.3217e-06,6.6204e-08,2.6450e-07,7.0515e-07,5.5846e-06,9.3655e-06,1.0315e-05,9.2967e-06
P49,30.00,180.00,60.00,0.00,6.1913e-08,2.9190e-07,9.6641e-07,5.5276e-06,1.0366e-05,1.0357e-05,8.3217e-06,6.2073e-08,2.6450e-07,7.0515e-07,5.5846e-06,9.3655e-06,1.0315e-05,9.2967e-06
P49,60.00,90.00,0.00,0.00,7.9489e-08,2.4580e-07,8.3804e-07,5.0778e-06,9.6697e-06,9.6610e-06,7.4240e-06,7.9007e-08,2.2192e-07,6.0779e-07,5.1522e-06,8.7300e-06,9.6241e-06,8.4422e-06
P49,0.00,0.00,30.00,0.00,7.9404e-08,3.0477e-07,1.0013e-06,5.6309e-06,1.0537e-05,1.0527e-05,8.5563e-06,7.8987e-08,2.7643e-07,7.3176e-07,5.6832e-06,9.5114e-06,1.0483e-05,9.5168e-06
P49,30.00,135.00,0.00,0.00,8.3492e-08,2.9190e-07,9.6641e-07,5.5278e-06,1.0366e-05,1.0357e-05,8.3217e-06,8.2899e-08,2.6450e-07,7.0515e-07,5.5848e-06,9.3655e-06,1.0315e-05,9.2967e-06
P49,0.00,0.00,60.00,0.00,6.5178e-08,3.0477e-07,1.0013e-06,5.6308e-06,1.0537e-05,1.0527e-05,8.5563e-06,6.5307e-08,2.7643e-07,7.3176e-07,5.6831e-06,9.5114e-06,1.0483e-05,9.5168e-06
P49,0.00,180.00,60.00,0.00,6.5178e-08,3.0477e-07,1.0013e-06,5.6308e-06,1.0537e-05,1.0527e-05,8.5563e-06,6.5307e-08,2.7643e-07,7.3176e-07,5.6831e-06,9.5114e-06,1.0483e-05,9.5168e-06
P50,0.00,45.00,60.00,0.00,6.4565e-08,3.4011e-07,1.0603e-06,5.5471e-06,1.0462e-05,1.0452e-05,8.4942e-06,6.4570e-08,3.1067e-07,7.9244e-07,5.5933e-06,9.4203e-06,1.0406e-05,9.4542e-06
P50,0.00,90.00,0.00,0.00,8.2917e-08,3.4011e-07,1.0603e-06,5.5473e-06,1.0462e-05,1.0452e-05,8.4942e-06,8.2169e-08,3.1067e-07,7.9244e-07,5.5935e-06,9.4203e-06,1.0406e-05,9.4542e-06
P50,0.00,135.00,0.00,0.00,8.2917e-08,3.4011e-07,1.0603e-06,5.5473e-06,1.0462e-05,1.0452e-05,8.4942e-06,8.2169e-08,3.1067e-07,7.9244e-07,5.5935e-06,9.4203e-06,1.0406e-05,9.4542e-06
P50,60.00,90.00,0.00,0.00,7.9731e-08,2.7628e-07,9.0427e-07,5.0058e-06,9.6191e-06,9.6101e-06,7.3881e-06,7.9035e-08,2.5088e-07,6.7047e-07,5.0726e-06,8.6588e-06,9.5709e-06,8.4075e-06
P50,30.00,180.00,30.00,0.00,7.6626e-08,3.2651e-07,1.0272e-06,5.4430e-06,1.0296e-05,1.0286e-05,8.2651e-06,7.6080e-08,2.9791e-07,7.6669e-07,5.4935e-06,9.2761e-06,1.0242e-05,9.2395e-06
P50,60.00,135.00,60.00,0.00,5.8466e-08,2.7628e-07,9.0427e-07,5.0055e-06,9.6191e-06,9.6101e-06,7.3881e-06,5.8429e-08,2.5088e-07,6.7047e-07,5.0723e-06,8.6588e-06,9.5709e-06,8.4075e-06
P50,0.00,135.00,30.00,0.00,7.9264e-08,3.4011e-07,1.0603e-06,5.5473e-06,1.0462e-05,1.0452e-05,8.4942e-06,7.8678e-08,3.1067e-07,7.9244e-07,5.5934e-06,9.4203e-06,1.0406e-05,9.4542e-06
P50,0.00,180.00,60.00,0.00,6.4565e-08,3.4011e-07,1.0603e-06,5.5471e-06,1.0462e-05,1.0452e-05,8.4942e-06,6.4570e-08,3.1067e-07,7.9244e-07,5.5933e-06,9.4203e-06,1.0406e-05,9.4542e-06
P50,0.00,90.00,60.00,0.00,6.4565e-08,3.4011e-07,1.0603e-06,5.5471e-06,1.0462e-05,1.0452e-05,8.4942e-06,6.4570e-08,3.1067e-07,7.9244e-07,5.5933e-06,9.4203e-06,1.0406e-05,9.4542e-06
P50,0.00,45.00,30.00,0.00,7.9264e-08,3.4011e-07,1.0603e-06,5.5473e-06,1.0462e-05,1.0452e-05,8.4942e-06,7.8678e-08,3.1067e-07,7.9244e-07,5.5934e-06,9.4203e-06,1.0406e-05,9.4542e-06
P50,0.00,0.00,60.00,0.00,6.4565e-08,3.4011e-07,1.0603e-06,5.5471e-06,1.0462e-05,1.0452e-05,8.4942e-06,6.4570e-08,3.1067e-07,7.9244e-07,5.5933e-06,9.4203e-06,1.0406e-05,9.4542e-06
P50,60.00,45.00,60.00,0.00,8.5064e-08,2.7629e-07,9.0427e-07,5.0058e-06,9.6191e-06,9.6101e-06,7.3881e-06,8.4584e-08,2.5088e-07,6.7047e-07,5.0726e-06,8.6588e-06,9.5709e-06,8.4075e-06
P50,60.00,90.00,60.00,0.00,6.6263e-08,2.7628e-07,9.0427e-07,5.0056e-06,9.6191e-06,9.6101e-06,7.3881e-06,6.6079e-08,2.5088e-07,6.7047e-07,5.0724e-06,8.6588e-06,9.5709e-06,8.4075e-06
P50,0.00,180.00,30.00,0.00,7.9264e-08,3.4011e-07,1.0603e-06,5.5473e-06,1.0462e-05,1.0452e-05,8.4942e-06,7.8678e-08,3.1067e-07,7.9244e-07,5.5934e-06,9.4203e-06,1.0406e-05,9.4542e-06
P50,0.00,180.00,0.00,0.00,8.2917e-08,3.4011e-07,1.0603e-06,5.5473e-06,1.0462e-05,1.0452e-05,8.4942e-06,8.2169e-08,3.1067e-07,7.9244e-07,5.5935e-06,9.4203e-06,1.0406e-05,9.4542e-06
P50,30.00,135.00,30.00,0.00,7.7617e-08,3.2651e-07,1.0272e-06,5.4431e-06,1.0296e-05,1.0286e-05,8.2651e-06,7.7048e-08,2.9791e-07,7.6669e-07,5.4935e-06,9.2761e-06,1.0242e-05,9.2395e-06
P50,30.00,180.00,0.00,0.00,8.3470e-08,3.2651e-07,1.0272e-06,5.4431e-06,1.0296e-05,1.0286e-05,8.2651e-06,8.2686e-08,2.9791e-07,7.6669e-07,5.4936e-06,9.2762e-06,1.0242e-05,9.2395e-06
P50,60.00,180.00,30.00,0.00,7.0305e-08,2.7628e-07,9.0427e-07,5.0057e-06,9.6191e-06,9.6101e-06,7.3881e-06,6.9856e-08,2.5088e-07,6.7047e-07,5.0725e-06,8.6588e-06,9.5709e-06,8.4075e-06
P50,30.00,0.00,60.00,0.00,7.3795e-08,3.2651e-07,1.0272e-06,5.4431e-06,1.0296e-05,1.0286e-05,8.2651e-06,7.3594e-08,2.9791e-07,7.6669e-07,5.4935e-06,9.2761e-06,1.0242e-05,9.2395e-06
P50,30.00,45.00,30.00,0.00,8.3592e-08,3.2651e-07,1.0272e-06,5.4432e-06,1.0296e-05,1.0286e-05,8.2651e-06,8.2886e-08,2.9791e-07,7.6669e-07,5.4936e-06,9.2762e-06,1.0242e-05,9.2395e-06
P50,60.00,0.00,30.00,0.00,9.2271e-08,2.7629e-07,9.0427e-07,5.0059e-06,9.6191e-06,9.6101e-06,7.3881e-06,9.1400e-08,2.5088e-07,6.7047e-07,5.0728e-06,8.6588e-06,9.5709e-06,8.4075e-06
P50,30.00,135.00,60.00,0.00,6.2131e-08,3.2650e-07,1.0272e-06,5.4429e-06,1.0296e-05,1.0286e-05,8.2651e-06,6.2146e-08,2.9791e-07,7.6669e-07,5.4933e-06,9.2761e-06,1.0242e-05,9.2395e-06
P50,60.00,135.00,0.00,0.00,7.9731e-08,2.7628e-07,9.0427e-07,5.0058e-06,9.6191e-06,9.6101e-06,7.3881e-06,7.9035e-08,2.5088e-07,6.7047e-07,5.0726e-06,8.6588e-06,9.5709e-06,8.4075e-06
P50,0.00,0.00,0.00,0.00,8.2917e-08,3.4011e-07,1.0603e-06,5.5473e-06,1.0462e-05,1.0452e-05,8.4942e-06,8.2169e-08,3.1067e-07,7.9244e-07,5.5935e-06,9.4203e-06,1.0406e-05,9.4542e-06
P50,30.00,180.00,60.00,0.00,6.1031e-08,3.2650e-07,1.0272e-06,5.4429e-06,1.0296e-05,1.0286e-05,8.2651e-06,6.1070e-08,2.9791e-07,7.6669e-07,5.4933e-06,9.2761e-06,1.0242e-05,9.2395e-06
P50,30.00,0.00,0.00,0.00,8.3470e-08,3.2651e-07,1.0272e-06,5.4431e-06,1.0296e-05,1.0286e-05,8.2651e-06,8.2686e-08,2.9791e-07,7.6669e-07,5.4936e-06,9.2762e-06,1.0242e-05,9.2395e-06
P50,30.00,90.00,60.00,0.00,6.5558e-08,3.2650e-07,1.0272e-06,5.4430e-06,1.0296e-05,1.0286e-05,8.2651e-06,6.5504e-08,2.9791e-07,7.6669e-07,5.4934e-06,9.2761e-06,1.0242e-05,9.2395e-06
P50,60.00,180.00,0.00,0.00,7.9731e-08,2.7628e-07,9.0427e-07,5.0058e-06,9.6191e-06,9.6101e-06,7.3881e-06,7.9035e-08,2.5088e-07,6.7047e-07,5.0726e-06,8.6588e-06,9.5709e-06,8.4075e-06
P50,30.00,0.00,30.00,0.00,8.5170e-08,3.2651e-07,1.0272e-06,5.4432e-06,1.0296e-05,1.0286e-05,8.2651e-06,8.4431e-08,2.9791e-07,7.6669e-07,5.4937e-06,9.2762e-06,1.0242e-05,9.2395e-06
P50,60.00,0.00,0.00,0.00,7.9731e-08,2.7628e-07,9.0427e-07,5.0058e-06,9.6191e-06,9.6101e-06,7.3881e-06,7.9035e-08,2.5088e-07,6.7047e-07,5.0726e-06,8.6588e-06,9.5709e-06,8.4075e-06
P50,60.00,45.00,0.00,0.00,7.9731e-08,2.7628e-07,9.0427e-07,5.0058e-06,9.6191e-06,9.6101e-06,7.3881e-06,7.9035e-08,2.5088e-07,6.7047e-07,5.0726e-06,8.6588e-06,9.5709e-06,8.4075e-06
P50,60.00,135.00,30.00,0.00,7.2198e-08,2.7628e-07,9.0427e-07,5.0057e-06,9.6191e-06,9.6101e-06,7.3881e-06,7.1707e-08,2.5088e-07,6.7047e-07,5.0725e-06,8.6588e-06,9.5709e-06,8.4075e-06
P50,60.00,0.00,60.00,0.00,1.0376e-07,2.7629e-07,9.0427e-07,5.0060e-06,9.6191e-06,9.6101e-06,7.3881e-06,1.0304e-07,2.5088e-07,6.7047e-07,5.0729e-06,8.6588e-06,9.5709e-06,8.4075e-06
P50,30.00,135.00,0.00,0.00,8.3470e-08,3.2651e-07,1.0272e-06,5.4431e-06,1.0296e-05,1.0286e-05,8.2651e-06,8.2686e-08,2.9791e-07,7.6669e-07,5.4936e-06,9.2762e-06,1.0242e-05,9.2395e-06
P50,0.00,45.00,0.00,0.00,8.2917e-08,3.4011e-07,1.0603e-06,5.5473e-06,1.0462e-05,1.0452e-05,8.4942e-06,8.2169e-08,3.1067e-07,7.9244e-07,5.5935e-06,9.4203e-06,1.0406e-05,9.4542e-06
P50,60.00,180.00,60.00,0.00,5.6418e-08,2.7628e-07,9.0427e-07,5.0055e-06,9.6191e-06,9.6101e-06,7.3881e-06,5.6420e-08,2.5088e-07,6.7047e-07,5.0723e-06,8.6588e-06,9.5709e-06,8.4075e-06
P50,0.00,90.00,30.00,0.00,7.9264e-08,3.4011e-07,1.0603e-06,5.5473e-06,1.0462e-05,1.0452e-05,8.4942e-06,7.8678e-08,3.1067e-07,7.9244e-07,5.5934e-06,9.4203e-06,1.0406e-05,9.4542e-06
P50,60.00,45.00,30.00,0.00,8.7044e-08,2.7629e-07,9.0427e-07,5.0059e-06,9.6191e-06,9.6101e-06,7.3881e-06,8.6264e-08,2.5088e-07,6.7047e-07,5.0727e-06,8.6588e-06,9.5709e-06,8.4075e-06
P50,30.00,90.00,30.00,0.00,8.0329e-08,3.2651e-07,1.0272e-06,5.4431e-06,1.0296e-05,1.0286e-05,8.2651e-06,7.9698e-08,2.9791e-07,7.6669e-07,5.4936e-06,9.2761e-06,1.0242e-05,9.2395e-06
P50,30.00,90.00,0.00,0.00,8.3470e-08,3.2651e-07,1.0272e-06,5.4431e-06,1.0296e-05,1.0286e-05,8.2651e-06,8.2686e-08,2.9791e-07,7.6669e-07,5.4936e-06,9.2762e-06,1.0242e-05,9.2395e-06
P50,30.00,45.00,60.00,0.00,7.0757e-08,3.2650e-07,1.0272e-06,5.4430e-06,1.0296e-05,1.0286e-05,8.2651e-06,7.0607e-08,2.9791e-07,7.6669e-07,5.4935e-06,9.2761e-06,1.0242e-05,9.2395e-06
P50,0.00,0.00,30.00,0.00,7.9264e-08,3.4011e-07,1.0603e-06,5.5473e-06,1.0462e-05,1.0452e-05,8.4942e-06,7.8678e-08,3.1067e-07,7.9244e-07,5.5934e-06,9.4203e-06,1.0406e-05,9.4542e-06
P50,30.00,45.00,0.00,0.00,8.3470e-08,3.2651e-07,1.0272e-06,5.4431e-06,1.0296e-05,1.0286e-05,8.2651e-06,8.2686e-08,2.9791e-07,7.6669e-07,5.4936e-06,9.2762e-06,1.0242e-05,9.2395e-06
P50,0.00,135.00,60.00,0.00,6.4565e-08,3.4011e-07,1.0603e-06,5.5471e-06,1.0462e-05,1.0452e-05,8.4942e-06,6.4570e-08,3.1067e-07,7.9244e-07,5.5933e-06,9.4203e-06,1.0406e-05,9.4542e-06
P50,60.00,90.00,30.00,0.00,7.8098e-08,2.7628e-07,9.0427e-07,5.0057e-06,9.6191e-06,9.6101e-06,7.3881e-06,7.7486e-08,2.5088e-07,6.7047e-07,5.0726e-06,8.6588e-06,9.5709e-06,8.4075e-06
P51,60.00,45.00,30.00,0.00,9.1674e-08,2.0691e-07,7.7704e-07,2.6057e-06,6.7075e-06,6.6953e-06,5.2007e-06,8.7683e-08,1.8572e-07,5.6434e-07,2.6298e-06,5.3672e-06,6.5963e-06,6.1156e-06
P51,0.00,0.00,60.00,0.00,4.2599e-08,2.6997e-07,9.1295e-07,2.7263e-06,6.7322e-06,6.7200e-06,5.9398e-06,4.0917e-08,2.4542e-07,6.8679e-07,2.7342e-06,5.3970e-06,6.6136e-06,6.6209e-06
P51,60.00,45.00,0.00,0.00,7.7979e-08,2.0690e-07,7.7702e-07,2.6047e-06,6.7074e-06,6.6952e-06,5.2007e-06,7.4485e-08,1.8571e-07,5.6433e-07,2.6287e-06,5.3671e-06,6.5962e-06,6.1155e-06
P51,0.00,135.00,0.00,0.00,6.5724e-08,2.6999e-07,9.1302e-07,2.7266e-06,6.7322e-06,6.7201e-06,5.9398e-06,6.2726e-08,2.4543e-07,6.8681e-07,2.7345e-06,5.3971e-06,6.6136e-06,6.6209e-06
P51,30.00,135.00,60.00,0.00,4.1395e-08,2.5648e-07,8.8694e-07,2.7072e-06,6.7313e-06,6.7192e-06,5.8018e-06,3.9738e-08,2.3256e-07,6.6210e-07,2.7183e-06,5.3946e-06,6.6138e-06,6.5312e-06
P51,0.00,0.00,30.00,0.00,6.1356e-08,2.6999e-07,9.1300e-07,2.7265e-06,6.7322e-06,6.7201e-06,5.9398e-06,5.8615e-08,2.4543e-07,6.8680e-07,2.7344e-06,5.3971e-06,6.6136e-06,6.6209e-06
P51,30.00,45.00,60.00,0.00,5.5981e-08,2.5649e-07,8.8697e-07,2.7081e-06,6.7314e-06,6.7193e-06,5.8018e-06,5.3732e-08,2.3256e-07,6.6210e-07,2.7192e-06,5.3948e-06,6.6139e-06,6.5312e-06
P51,0.00,45.00,60.00,0.00,4.2599e-08,2.6997e-07,9.1295e-07,2.7263e-06,6.7322e-06,6.7200e-06,5.9398e-06,4.0917e-08,2.4542e-07,6.8679e-07,2.7342e-06,5.3970e-06,6.6136e-06,6.6209e-06
P51,30.00,0.00,30.00,0.00,7.3546e-08,2.5651e-07,8.8702e-07,2.7082e-06,6.7314e-06,6.7193e-06,5.8018e-06,7.0290e-08,2.3256e-07,6.6212e-07,2.7193e-06,5.3948e-06,6.6139e-06,6.5313e-06
P51,0.00,0.00,0.00,0.00,6.5724e-08,2.6999e-07,9.1302e-07,2.7266e-06,6.7322e-06,6.7201e-06,5.9398e-06,6.2726e-08,2.4543e-07,6.8681e-07,2.7345e-06,5.3971e-06,6.6136e-06,6.6209e-06
P51,30.00,45.00,0.00,0.00,6.9711e-08,2.5651e-07,8.8701e-07,2.7078e-06,6.7314e-06,6.7192e-06,5.8018e-06,6.6527e-08,2.3256e-07,6.6212e-07,2.7188e-06,5.3947e-06,6.6139e-06,6.5312e-06
P51,60.00,90.00,30.00,0.00,7.6503e-08,2.0690e-07,7.7702e-07,2.6047e-06,6.7074e-06,6.6952e-06,5.2007e-06,7.3118e-08,1.8571e-07,5.6433e-07,2.6288e-06,5.3671e-06,6.5962e-06,6.1155e-06
P51,0.00,90.00,0.00,0.00,6.5724e-08,2.6999e-07,9.1302e-07,2.7266e-06,6.7322e-06,6.7201e-06,5.9398e-06,6.2726e-08,2.4543e-07,6.8681e-07,2.7345e-06,5.3971e-06,6.6136e-06,6.6209e-06
P51,0.00,180.00,0.00,0.00,6.5724e-08,2.6999e-07,9.1302e-07,2.7266e-06,6.7322e-06,6.7201e-06,5.9398e-06,6.2726e-08,2.4543e-07,6.8681e-07,2.7345e-06,5.3971e-06,6.6136e-06,6.6209e-06
P51,60.00,45.00,60.00,0.00,9.6035e-08,2.0691e-07,7.7702e-07,2.6069e-06,6.7076e-06,6.6954e-06,5.2007e-06,9.2128e-08,1.8572e-07,5.6433e-07,2.6312e-06,5.3675e-06,6.5964e-06,6.1156e-06
P51,0.00,45.00,0.00,0.00,6.5724e-08,2.6999e-07,9.1302e-07,2.7266e-06,6.7322e-06,6.7201e-06,5.9398e-06,6.2726e-08,2.4543e-07,6.8681e-07,2.7345e-06,5.3971e-06,6.6136e-06,6.6209e-06
P51,30.00,0.00,0.00,0.00,6.9711e-08,2.5651e-07,8.8701e-07,2.7078e-06,6.7314e-06,6.7192e-06,5.8018e-06,6.6527e-08,2.3256e-07,6.6212e-07,2.7188e-06,5.3947e-06,6.6139e-06,6.5312e-06
P51,60.00,90.00,60.00,0.00,6.1318e-08,2.0689e-07,7.7698e-07,2.6046e-06,6.7074e-06,6.6952e-06,5.2007e-06,5.8763e-08,1.8571e-07,5.6433e-07,2.6286e-06,5.3670e-06,6.5962e-06,6.1155e-06
P51,60.00,180.00,30.00,0.00,6.3266e-08,2.0689e-07,7.7700e-07,2.6041e-06,6.7073e-06,6.6951e-06,5.2007e-06,6.0440e-08,1.8571e-07,5.6433e-07,2.6280e-06,5.3669e-06,6.5961e-06,6.1155e-06
P51,30.00,90.00,30.00,0.00,6.6090e-08,2.5650e-07,8.8700e-07,2.7078e-06,6.7314e-06,6.7192e-06,5.8018e-06,6.3138e-08,2.3256e-07,6.6212e-07,2.7189e-06,5.3947e-06,6.6139e-06,6.5312e-06
P51,30.00,90.00,60.00,0.00,4.7197e-08,2.5649e-07,8.8695e-07,2.7075e-06,6.7314e-06,6.7192e-06,5.8018e-06,4.5297e-08,2.3256e-07,6.6210e-07,2.7186e-06,5.3947e-06,6.6139e-06,6.5312e-06
P51,30.00,135.00,0.00,0.00,6.9711e-08,2.5651e-07,8.8701e-07,2.7078e-06,6.7314e-06,6.7192e-06,5.8018e-06,6.6527e-08,2.3256e-07,6.6212e-07,2.7188e-06,5.3947e-06,6.6139e-06,6.5312e-06
P51,60.00,180.00,60.00,0.00,4.3079e-08,2.0688e-07,7.7696e-07,2.6034e-06,6.7073e-06,6.6951e-06,5.2007e-06,4.1306e-08,1.8571e-07,5.6433e-07,2.6273e-06,5.3668e-06,6.5961e-06,6.1155e-06
P51,30.00,45.00,30.00,0.00,7.1117e-08,2.5651e-07,8.8702e-07,2.7081e-06,6.7314e-06,6.7192e-06,5.8018e-06,6.7958e-08,2.3256e-07,6.6212e-07,2.7192e-06,5.3948e-06,6.6139e-06,6.5312e-06
P51,0.00,135.00,60.00,0.00,4.2599e-08,2.6997e-07,9.1295e-07,2.7263e-06,6.7322e-06,6.7200e-06,5.9398e-06,4.0917e-08,2.4542e-07,6.8679e-07,2.7342e-06,5.3970e-06,6.6136e-06,6.6209e-06
P51,30.00,90.00,0.00,0.00,6.9711e-08,2.5651e-07,8.8701e-07,2.7078e-06,6.7314e-06,6.7192e-06,5.8018e-06,6.6527e-08,2.3256e-07,6.6212e-07,2.7188e-06,5.3947e-06,6.6139e-06,6.5312e-06
P51,60.00,0.00,60.00,0.00,1.3042e-07,2.0694e-07,7.7706e-07,2.6099e-06,6.7080e-06,6.6958e-06,5.2007e-06,1.2529e-07,1.8572e-07,5.6434e-07,2.6344e-06,5.3681e-06,6.5968e-06,6.1158e-06
P51,0.00,180.00,60.00,0.00,4.2599e-08,2.6997e-07,9.1295e-07,2.7263e-06,6.7322e-06,6.7200e-06,5.9398e-06,4.0917e-08,2.4542e-07,6.8679e-07,2.7342e-06,5.3970e-06,6.6136e-06,6.6209e-06
P51,0.00,90.00,60.00,0.00,4.2599e-08,2.6997e-07,9.1295e-07,2.7263e-06,6.7322e-06,6.7200e-06,5.9398e-06,4.0917e-08,2.4542e-07,6.8679e-07,2.7342e-06,5.3970e-06,6.6136e-06,6.6209e-06
P51,60.00,0.00,0.00,0.00,7.7979e-08,2.0690e-07,7.7702e-07,2.6047e-06,6.7074e-06,6.6952e-06,5.2007e-06,7.4485e-08,1.8571e-07,5.6433e-07,2.6287e-06,5.3671e-06,6.5962e-06,6.1155e-06
P51,30.00,180.00,60.00,0.00,3.9532e-08,2.5648e-07,8.8694e-07,2.7072e-06,6.7313e-06,6.7192e-06,5.8018e-06,3.7956e-08,2.3256e-07,6.6210e-07,2.7182e-06,5.3946e-06,6.6138e-06,6.5312e-06
P51,30.00,135.00,30.00,0.00,6.1906e-08,2.5650e-07,8.8699e-07,2.7076e-06,6.7314e-06,6.7192e-06,5.8018e-06,5.9131e-08,2.3256e-07,6.6211e-07,2.7186e-06,5.3947e-06,6.6139e-06,6.5312e-06
P51,30.00,0.00,60.00,0.00,6.1107e-08,2.5650e-07,8.8697e-07,2.7084e-06,6.7315e-06,6.7193e-06,5.8018e-06,5.8662e-08,2.3256e-07,6.6211e-07,2.7195e-06,5.3948e-06,6.6139e-06,6.5313e-06
P51,0.00,45.00,30.00,0.00,6.1356e-08,2.6999e-07,9.1300e-07,2.7265e-06,6.7322e-06,6.7201e-06,5.9398e-06,5.8615e-08,2.4543e-07,6.8680e-07,2.7344e-06,5.3971e-06,6.6136e-06,6.6209e-06
P51,60.00,135.00,60.00,0.00,4.6878e-08,2.0688e-07,7.7697e-07,2.6038e-06,6.7073e-06,6.6951e-06,5.2007e-06,4.4939e-08,1.8571e-07,5.6433e-07,2.6277e-06,5.3669e-06,6.5961e-06,6.1155e-06
P51,30.00,180.00,30.00,0.00,6.0376e-08,2.5650e-07,8.8698e-07,2.7074e-06,6.7313e-06,6.7192e-06,5.8018e-06,5.7665e-08,2.3256e-07,6.6211e-07,2.7184e-06,5.3946e-06,6.6138e-06,6.5312e-06
P51,30.00,180.00,0.00,0.00,6.9711e-08,2.5651e-07,8.8701e-07,2.7078e-06,6.7314e-06,6.7192e-06,5.8018e-06,6.6527e-08,2.3256e-07,6.6212e-07,2.7188e-06,5.3947e-06,6.6139e-06,6.5312e-06
P51,60.00,180.00,0.00,0.00,7.7979e-08,2.0690e-07,7.7702e-07,2.6047e-06,6.7074e-06,6.6952e-06,5.2007e-06,7.4485e-08,1.8571e-07,5.6433e-07,2.6287e-06,5.3671e-06,6.5962e-06,6.1155e-06
P51,60.00,90.00,0.00,0.00,7.7979e-08,2.0690e-07,7.7702e-07,2.6047e-06,6.7074e-06,6.6952e-06,5.2007e-06,7.4485e-08,1.8571e-07,5.6433e-07,2.6287e-06,5.3671e-06,6.5962e-06,6.1155e-06
P51,0.00,180.00,30.00,0.00,6.1356e-08,2.6999e-07,9.1300e-07,2.7265e-06,6.7322e-06,6.7201e-06,5.9398e-06,5.8615e-08,2.4543e-07,6.8680e-07,2.7344e-06,5.3971e-06,6.6136e-06,6.6209e-06
P51,0.00,135.00,30.00,0.00,6.1356e-08,2.6999e-07,9.1300e-07,2.7265e-06,6.7322e-06,6.7201e-06,5.9398e-06,5.8615e-08,2.4543e-07,6.8680e-07,2.7344e-06,5.3971e-06,6.6136e-06,6.6209e-06
P51,60.00,135.00,30.00,0.00,6.6484e-08,2.0689e-07,7.7700e-07,2.6042e-06,6.7074e-06,6.6952e-06,5.2007e-06,6.3518e-08,1.8571e-07,5.6433e-07,2.6282e-06,5.3670e-06,6.5961e-06,6.1155e-06
P51,60.00,135.00,0.00,0.00,7.7979e-08,2.0690e-07,7.7702e-07,2.6047e-06,6.7074e-06,6.6952e-06,5.2007e-06,7.4485e-08,1.8571e-07,5.6433e-07,2.6287e-06,5.3671e-06,6.5962e-06,6.1155e-06
P51,60.00,0.00,30.00,0.00,1.0053e-07,2.0692e-07,7.7706e-07,2.6062e-06,6.7075e-06,6.6954e-06,5.2007e-06,9.6198e-08,1.8572e-07,5.6434e-07,2.6303e-06,5.3673e-06,6.5963e-06,6.1156e-06
P51,0.00,90.00,30.00,0.00,6.1356e-08,2.6999e-07,9.1300e-07,2.7265e-06,6.7322e-06,6.7201e-06,5.9398e-06,5.8615e-08,2.4543e-07,6.8680e-07,2.7344e-06,5.3971e-06,6.6136e-06,6.6209e-06
P52,30.00,180.00,30.00,0.00,7.3555e-08,3.1301e-07,1.0981e-06,4.8516e-06,1.0080e-05,1.0067e-05,8.2854e-06,7.1769e-08,2.8189e-07,7.9179e-07,4.8718e-06,8.6267e-06,9.9707e-06,9.3271e-06
P52,0.00,45.00,30.00,0.00,7.5376e-08,3.2971e-07,1.1419e-06,4.9103e-06,1.0133e-05,1.0120e-05,8.4971e-06,7.3544e-08,2.9747e-07,8.2613e-07,4.9268e-06,8.6742e-06,1.0021e-05,9.4877e-06
P52,30.00,180.00,0.00,0.00,8.2033e-08,3.1301e-07,1.0981e-06,4.8519e-06,1.0080e-05,1.0067e-05,8.2854e-06,7.9866e-08,2.8189e-07,7.9179e-07,4.8721e-06,8.6267e-06,9.9707e-06,9.3271e-06
P52,30.00,135.00,60.00,0.00,5.6082e-08,3.1300e-07,1.0981e-06,4.8514e-06,1.0080e-05,1.0067e-05,8.2854e-06,5.5165e-08,2.8189e-07,7.9179e-07,4.8716e-06,8.6267e-06,9.9707e-06,9.3271e-06
P52,60.00,0.00,60.00,0.00,1.2671e-07,2.5460e-07,9.3498e-07,4.6044e-06,9.8476e-06,9.8346e-06,7.4036e-06,1.2358e-07,2.2792e-07,6.6378e-07,4.6406e-06,8.4258e-06,9.7510e-06,8.6363e-06
P52,60.00,90.00,60.00,0.00,6.9536e-08,2.5458e-07,9.3498e-07,4.6008e-06,9.8473e-06,9.8343e-06,7.4036e-06,6.8073e-08,2.2792e-07,6.6378e-07,4.6366e-06,8.4250e-06,9.7507e-06,8.6362e-06
P52,60.00,90.00,0.00,0.00,8.5157e-08,2.5459e-07,9.3498e-07,4.6011e-06,9.8474e-06,9.8343e-06,7.4036e-06,8.2912e-08,2.2792e-07,6.6378e-07,4.6368e-06,8.4251e-06,9.7507e-06,8.6362e-06
P52,60.00,45.00,30.00,0.00,9.6468e-08,2.5459e-07,9.3498e-07,4.6017e-06,9.8474e-06,9.8344e-06,7.4036e-06,9.3908e-08,2.2792e-07,6.6378e-07,4.6376e-06,8.4252e-06,9.7508e-06,8.6362e-06
P52,30.00,45.00,30.00,0.00,8.2986e-08,3.1301e-07,1.0981e-06,4.8521e-06,1.0080e-05,1.0067e-05,8.2854e-06,8.0868e-08,2.8189e-07,7.9179e-07,4.8724e-06,8.6268e-06,9.9707e-06,9.3272e-06
P52,0.00,90.00,30.00,0.00,7.5376e-08,3.2971e-07,1.1419e-06,4.9103e-06,1.0133e-05,1.0120e-05,8.4971e-06,7.3544e-08,2.9747e-07,8.2613e-07,4.9268e-06,8.6742e-06,1.0021e-05,9.4877e-06
P52,30.00,0.00,30.00,0.00,8.5120e-08,3.1301e-07,1.0981e-06,4.8522e-06,1.0080e-05,1.0067e-05,8.2854e-06,8.2930e-08,2.8189e-07,7.9179e-07,4.8725e-06,8.6268e-06,9.9707e-06,9.3272e-06
P52,0.00,180.00,60.00,0.00,5.7951e-08,3.2971e-07,1.1419e-06,4.9101e-06,1.0133e-05,1.0120e-05,8.4971e-06,5.7004e-08,2.9747e-07,8.2613e-07,4.9266e-06,8.6742e-06,1.0021e-05,9.4877e-06
P52,60.00,180.00,30.00,0.00,7.2388e-08,2.5458e-07,9.3498e-07,4.6006e-06,9.8473e-06,9.8343e-06,7.4036e-06,7.0635e-08,2.2792e-07,6.6378e-07,4.6363e-06,8.4250e-06,9.7507e-06,8.6362e-06
P52,0.00,180.00,30.00,0.00,7.5376e-08,3.2971e-07,1.1419e-06,4.9103e-06,1.0133e-05,1.0120e-05,8.4971e-06,7.3544e-08,2.9747e-07,8.2613e-07,4.9268e-06,8.6742e-06,1.0021e-05,9.4877e-06
P52,60.00,45.00,60.00,0.00,9.8237e-08,2.5459e-07,9.3498e-07,4.6024e-06,9.8475e-06,9.8344e-06,7.4036e-06,9.5890e-08,2.2792e-07,6.6378e-07,4.6384e-06,8.4253e-06,9.7509e-06,8.6362e-06
P52,60.00,90.00,30.00,0.00,8.3605e-08,2.5459e-07,9.3498e-07,4.6010e-06,9.8473e-06,9.8343e-06,7.4036e-06,8.1463e-08,2.2792e-07,6.6378e-07,4.6368e-06,8.4250e-06,9.7507e-06,8.6362e-06
P52,30.00,45.00,0.00,0.00,8.2033e-08,3.1301e-07,1.0981e-06,4.8519e-06,1.0080e-05,1.0067e-05,8.2854e-06,7.9866e-08,2.8189e-07,7.9179e-07,4.8721e-06,8.6267e-06,9.9707e-06,9.3271e-06
P52,30.00,0.00,0.00,0.00,8.2033e-08,3.1301e-07,1.0981e-06,4.8519e-06,1.0080e-05,1.0067e-05,8.2854e-06,7.9866e-08,2.8189e-07,7.9179e-07,4.8721e-06,8.6267e-06,9.9707e-06,9.3271e-06
P52,60.00,0.00,0.00,0.00,8.5157e-08,2.5459e-07,9.3498e-07,4.6011e-06,9.8474e-06,9.8343e-06,7.4036e-06,8.2912e-08,2.2792e-07,6.6378e-07,4.6368e-06,8.4251e-06,9.7507e-06,8.6362e-06
P52,0.00,90.00,60.00,0.00,5.7951e-08,3.2971e-07,1.1419e-06,4.9101e-06,1.0133e-05,1.0120e-05,8.4971e-06,5.7004e-08,2.9747e-07,8.2613e-07,4.9266e-06,8.6742e-06,1.0021e-05,9.4877e-06
P52,0.00,135.00,30.00,0.00,7.5376e-08,3.2971e-07,1.1419e-06,4.9103e-06,1.0133e-05,1.0120e-05,8.4971e-06,7.3544e-08,2.9747e-07,8.2613e-07,4.9268e-06,8.6742e-06,1.0021e-05,9.4877e-06
P52,0.00,0.00,30.00,0.00,7.5376e-08,3.2971e-07,1.1419e-06,4.9103e-06,1.0133e-05,1.0120e-05,8.4971e-06,7.3544e-08,2.9747e-07,8.2613e-07,4.9268e-06,8.6742e-06,1.0021e-05,9.4877e-06
P52,0.00,90.00,0.00,0.00,7.9502e-08,3.2972e-07,1.1419e-06,4.9104e-06,1.0133e-05,1.0120e-05,8.4971e-06,7.7447e-08,2.9747e-07,8.2613e-07,4.9269e-06,8.6742e-06,1.0021e-05,9.4877e-06
P52,0.00,45.00,60.00,0.00,5.7951e-08,3.2971e-07,1.1419e-06,4.9101e-06,1.0133e-05,1.0120e-05,8.4971e-06,5.7004e-08,2.9747e-07,8.2613e-07,4.9266e-06,8.6742e-06,1.0021e-05,9.4877e-06
P52,30.00,90.00,60.00,0.00,6.1025e-08,3.1301e-07,1.0981e-06,4.8517e-06,1.0080e-05,1.0067e-05,8.2854e-06,5.9937e-08,2.8189e-07,7.9179e-07,4.8719e-06,8.6267e-06,9.9707e-06,9.3271e-06
P52,60.00,135.00,0.00,0.00,8.5157e-08,2.5459e-07,9.3498e-07,4.6011e-06,9.8474e-06,9.8343e-06,7.4036e-06,8.2912e-08,2.2792e-07,6.6378e-07,4.6368e-06,8.4251e-06,9.7507e-06,8.6362e-06
P52,60.00,0.00,30.00,0.00,1.0398e-07,2.5459e-07,9.3498e-07,4.6021e-06,9.8474e-06,9.8344e-06,7.4036e-06,1.0119e-07,2.2792e-07,6.6378e-07,4.6380e-06,8.4253e-06,9.7508e-06,8.6362e-06
P52,0.00,0.00,0.00,0.00,7.9502e-08,3.2972e-07,1.1419e-06,4.9104e-06,1.0133e-05,1.0120e-05,8.4971e-06,7.7447e-08,2.9747e-07,8.2613e-07,4.9269e-06,8.6742e-06,1.0021e-05,9.4877e-06
P52,60.00,45.00,0.00,0.00,8.5157e-08,2.5459e-07,9.3498e-07,4.6011e-06,9.8474e-06,9.8343e-06,7.4036e-06,8.2912e-08,2.2792e-07,6.6378e-07,4.6368e-06,8.4251e-06,9.7507e-06,8.6362e-06
P52,30.00,135.00,30.00,0.00,7.4898e-08,3.1301e-07,1.0981e-06,4.8517e-06,1.0080e-05,1.0067e-05,8.2854e-06,7.3064e-08,2.8189e-07,7.9179e-07,4.8719e-06,8.6267e-06,9.9707e-06,9.3271e-06
P52,30.00,180.00,60.00,0.00,5.4495e-08,3.1300e-07,1.0981e-06,4.8514e-06,1.0080e-05,1.0067e-05,8.2854e-06,5.3634e-08,2.8189e-07,7.9179e-07,4.8716e-06,8.6266e-06,9.9707e-06,9.3271e-06
P52,60.00,180.00,0.00,0.00,8.5157e-08,2.5459e-07,9.3498e-07,4.6011e-06,9.8474e-06,9.8343e-06,7.4036e-06,8.2912e-08,2.2792e-07,6.6378e-07,4.6368e-06,8.4251e-06,9.7507e-06,8.6362e-06
P52,30.00,0.00,60.00,0.00,7.2885e-08,3.1301e-07,1.0981e-06,4.8523e-06,1.0080e-05,1.0067e-05,8.2854e-06,7.1419e-08,2.8189e-07,7.9179e-07,4.8725e-06,8.6268e-06,9.9708e-06,9.3272e-06
P52,0.00,135.00,0.00,0.00,7.9502e-08,3.2972e-07,1.1419e-06,4.9104e-06,1.0133e-05,1.0120e-05,8.4971e-06,7.7447e-08,2.9747e-07,8.2613e-07,4.9269e-06,8.6742e-06,1.0021e-05,9.4877e-06
P52,0.00,180.00,0.00,0.00,7.9502e-08,3.2972e-07,1.1419e-06,4.9104e-06,1.0133e-05,1.0120e-05,8.4971e-06,7.7447e-08,2.9747e-07,8.2613e-07,4.9269e-06,8.6742e-06,1.0021e-05,9.4877e-06
P52,60.00,135.00,60.00,0.00,5.7616e-08,2.5458e-07,9.3498e-07,4.6003e-06,9.8473e-06,9.8343e-06,7.4036e-06,5.6562e-08,2.2792e-07,6.6378e-07,4.6360e-06,8.4249e-06,9.7507e-06,8.6362e-06
P52,30.00,90.00,0.00,0.00,8.2033e-08,3.1301e-07,1.0981e-06,4.8519e-06,1.0080e-05,1.0067e-05,8.2854e-06,7.9866e-08,2.8189e-07,7.9179e-07,4.8721e-06,8.6267e-06,9.9707e-06,9.3271e-06
P52,30.00,135.00,0.00,0.00,8.2033e-08,3.1301e-07,1.0981e-06,4.8519e-06,1.0080e-05,1.0067e-05,8.2854e-06,7.9866e-08,2.8189e-07,7.9179e-07,4.8721e-06,8.6267e-06,9.9707e-06,9.3271e-06
P52,30.00,45.00,60.00,0.00,6.8513e-08,3.1301e-07,1.0981e-06,4.8521e-06,1.0080e-05,1.0067e-05,8.2854e-06,6.7183e-08,2.8189e-07,7.9179e-07,4.8723e-06,8.6268e-06,9.9707e-06,9.3271e-06
P52,0.00,0.00,60.00,0.00,5.7951e-08,3.2971e-07,1.1419e-06,4.9101e-06,1.0133e-05,1.0120e-05,8.4971e-06,5.7004e-08,2.9747e-07,8.2613e-07,4.9266e-06,8.6742e-06,1.0021e-05,9.4877e-06
P52,30.00,90.00,30.00,0.00,7.8570e-08,3.1301e-07,1.0981e-06,4.8519e-06,1.0080e-05,1.0067e-05,8.2854e-06,7.6606e-08,2.8189e-07,7.9179e-07,4.8721e-06,8.6267e-06,9.9707e-06,9.3271e-06
P52,60.00,180.00,60.00,0.00,5.4484e-08,2.5458e-07,9.3498e-07,4.6000e-06,9.8473e-06,9.8342e-06,7.4036e-06,5.3540e-08,2.2792e-07,6.6378e-07,4.6357e-06,8.4248e-06,9.7506e-06,8.6362e-06
P52,60.00,135.00,30.00,0.00,7.5114e-08,2.5458e-07,9.3498e-07,4.6007e-06,9.8473e-06,9.8343e-06,7.4036e-06,7.3263e-08,2.2792e-07,6.6378e-07,4.6364e-06,8.4250e-06,9.7507e-06,8.6362e-06
P52,0.00,135.00,60.00,0.00,5.7951e-08,3.2971e-07,1.1419e-06,4.9101e-06,1.0133e-05,1.0120e-05,8.4971e-06,5.7004e-08,2.9747e-07,8.2613e-07,4.9266e-06,8.6742e-06,1.0021e-05,9.4877e-06
P52,0.00,45.00,0.00,0.00,7.9502e-08,3.2972e-07,1.1419e-06,4.9104e-06,1.0133e-05,1.0120e-05,8.4971e-06,7.7447e-08,2.9747e-07,8.2613e-07,4.9269e-06,8.6742e-06,1.0021e-05,9.4877e-06
P53,60.00,90.00,0.00,0.00,7.9986e-08,2.5438e-07,8.0681e-07,3.5460e-06,8.2987e-06,8.2862e-06,5.8598e-06,7.7044e-08,2.3286e-07,6.0019e-07,3.5991e-06,6.9371e-06,8.2058e-06,6.9981e-06
P53,0.00,90.00,30.00,0.00,6.7328e-08,3.0347e-07,9.6200e-07,3.8510e-06,8.5652e-06,8.5526e-06,6.7890e-06,6.4980e-08,2.7774e-07,7.1405e-07,3.8829e-06,7.1836e-06,8.4579e-06,7.7819e-06
P53,60.00,90.00,30.00,0.00,7.8474e-08,2.5438e-07,8.0681e-07,3.5460e-06,8.2987e-06,8.2862e-06,5.8598e-06,7.5639e-08,2.3286e-07,6.0019e-07,3.5991e-06,6.9371e-06,8.2058e-06,6.9981e-06
P53,0.00,135.00,60.00,0.00,4.9147e-08,3.0346e-07,9.6200e-07,3.8508e-06,8.5652e-06,8.5526e-06,6.7890e-06,4.7781e-08,2.7774e-07,7.1405e-07,3.8826e-06,7.1836e-06,8.4579e-06,7.7819e-06
P53,30.00,135.00,0.00,0.00,7.4766e-08,2.9246e-07,9.2878e-07,3.7942e-06,8.5150e-06,8.5024e-06,6.6003e-06,7.2021e-08,2.6762e-07,6.8925e-07,3.8304e-06,7.1368e-06,8.4101e-06,7.6292e-06
P53,0.00,135.00,30.00,0.00,6.7328e-08,3.0347e-07,9.6200e-07,3.8510e-06,8.5652e-06,8.5526e-06,6.7890e-06,6.4980e-08,2.7774e-07,7.1405e-07,3.8829e-06,7.1836e-06,8.4579e-06,7.7819e-06
P53,0.00,45.00,30.00,0.00,6.7328e-08,3.0347e-07,9.6200e-07,3.8510e-06,8.5652e-06,8.5526e-06,6.7890e-06,6.4980e-08,2.7774e-07,7.1405e-07,3.8829e-06,7.1836e-06,8.4579e-06,7.7819e-06
P53,60.00,0.00,60.00,0.00,1.2689e-07,2.5440e-07,8.0682e-07,3.5502e-06,8.2991e-06,8.2866e-06,5.8598e-06,1.2275e-07,2.3286e-07,6.0019e-07,3.6038e-06,6.9380e-06,8.2063e-06,6.9983e-06
P53,60.00,45.00,30.00,0.00,9.2459e-08,2.5439e-07,8.0682e-07,3.5468e-06,8.2988e-06,8.2863e-06,5.8598e-06,8.9121e-08,2.3286e-07,6.0019e-07,3.6000e-06,6.9373e-06,8.2059e-06,6.9982e-06
P53,0.00,180.00,0.00,0.00,7.1598e-08,3.0347e-07,9.6200e-07,3.8511e-06,8.5652e-06,8.5526e-06,6.7890e-06,6.9007e-08,2.7774e-07,7.1405e-07,3.8830e-06,7.1836e-06,8.4579e-06,7.7819e-06
P53,0.00,0.00,0.00,0.00,7.1598e-08,3.0347e-07,9.6200e-07,3.8511e-06,8.5652e-06,8.5526e-06,6.7890e-06,6.9007e-08,2.7774e-07,7.1405e-07,3.8830e-06,7.1836e-06,8.4579e-06,7.7819e-06
P53,60.00,135.00,0.00,0.00,7.9986e-08,2.5438e-07,8.0681e-07,3.5460e-06,8.2987e-06,8.2862e-06,5.8598e-06,7.7044e-08,2.3286e-07,6.0019e-07,3.5991e-06,6.9371e-06,8.2058e-06,6.9981e-06
P53,0.00,45.00,60.00,0.00,4.9147e-08,3.0346e-07,9.6200e-07,3.8508e-06,8.5652e-06,8.5526e-06,6.7890e-06,4.7781e-08,2.7774e-07,7.1405e-07,3.8826e-06,7.1836e-06,8.4579e-06,7.7819e-06
P53,30.00,90.00,30.00,0.00,7.1203e-08,2.9246e-07,9.2878e-07,3.7942e-06,8.5150e-06,8.5024e-06,6.6003e-06,6.8679e-08,2.6762e-07,6.8925e-07,3.8304e-06,7.1369e-06,8.4101e-06,7.6292e-06
P53,30.00,180.00,0.00,0.00,7.4766e-08,2.9246e-07,9.2878e-07,3.7942e-06,8.5150e-06,8.5024e-06,6.6003e-06,7.2021e-08,2.6762e-07,6.8925e-07,3.8304e-06,7.1368e-06,8.4101e-06,7.6292e-06
P53,0.00,180.00,30.00,0.00,6.7328e-08,3.0347e-07,9.6200e-07,3.8510e-06,8.5652e-06,8.5526e-06,6.7890e-06,6.4980e-08,2.7774e-07,7.1405e-07,3.8829e-06,7.1836e-06,8.4579e-06,7.7819e-06
P53,0.00,0.00,60.00,0.00,4.9147e-08,3.0346e-07,9.6200e-07,3.8508e-06,8.5652e-06,8.5526e-06,6.7890e-06,4.7781e-08,2.7774e-07,7.1405e-07,3.8826e-06,7.1836e-06,8.4579e-06,7.7819e-06
P53,60.00,90.00,60.00,0.00,6.3847e-08,2.5437e-07,8.0681e-07,3.5458e-06,8.2987e-06,8.2862e-06,5.8598e-06,6.1771e-08,2.3286e-07,6.0019e-07,3.5990e-06,6.9371e-06,8.2058e-06,6.9981e-06
P53,60.00,0.00,0.00,0.00,7.9986e-08,2.5438e-07,8.0681e-07,3.5460e-06,8.2987e-06,8.2862e-06,5.8598e-06,7.7044e-08,2.3286e-07,6.0019e-07,3.5991e-06,6.9371e-06,8.2058e-06,6.9981e-06
P53,30.00,180.00,60.00,0.00,4.5808e-08,2.9245e-07,9.2878e-07,3.7936e-06,8.5149e-06,8.5023e-06,6.6003e-06,4.4531e-08,2.6762e-07,6.8925e-07,3.8298e-06,7.1368e-06,8.4101e-06,7.6292e-06
P53,60.00,45.00,0.00,0.00,7.9986e-08,2.5438e-07,8.0681e-07,3.5460e-06,8.2987e-06,8.2862e-06,5.8598e-06,7.7044e-08,2.3286e-07,6.0019e-07,3.5991e-06,6.9371e-06,8.2058e-06,6.9981e-06
P53,60.00,135.00,60.00,0.00,5.0704e-08,2.5437e-07,8.0681e-07,3.5452e-06,8.2986e-06,8.2861e-06,5.8598e-06,4.9130e-08,2.3286e-07,6.0019e-07,3.5982e-06,6.9370e-06,8.2057e-06,6.9981e-06
P53,0.00,180.00,60.00,0.00,4.9147e-08,3.0346e-07,9.6200e-07,3.8508e-06,8.5652e-06,8.5526e-06,6.7890e-06,4.7781e-08,2.7774e-07,7.1405e-07,3.8826e-06,7.1836e-06,8.4579e-06,7.7819e-06
P53,30.00,90.00,0.00,0.00,7.4766e-08,2.9246e-07,9.2878e-07,3.7942e-06,8.5150e-06,8.5024e-06,6.6003e-06,7.2021e-08,2.6762e-07,6.8925e-07,3.8304e-06,7.1368e-06,8.4101e-06,7.6292e-06
P53,30.00,45.00,0.00,0.00,7.4766e-08,2.9246e-07,9.2878e-07,3.7942e-06,8.5150e-06,8.5024e-06,6.6003e-06,7.2021e-08,2.6762e-07,6.8925e-07,3.8304e-06,7.1368e-06,8.4101e-06,7.6292e-06
P53,30.00,135.00,60.00,0.00,4.7531e-08,2.9245e-07,9.2878e-07,3.7937e-06,8.5149e-06,8.5023e-06,6.6003e-06,4.6185e-08,2.6762e-07,6.8925e-07,3.8299e-06,7.1368e-06,8.4101e-06,7.6292e-06
P53,60.00,180.00,0.00,0.00,7.9986e-08,2.5438e-07,8.0681e-07,3.5460e-06,8.2987e-06,8.2862e-06,5.8598e-06,7.7044e-08,2.3286e-07,6.0019e-07,3.5991e-06,6.9371e-06,8.2058e-06,6.9981e-06
P53,60.00,45.00,60.00,0.00,9.5496e-08,2.5439e-07,8.0681e-07,3.5478e-06,8.2989e-06,8.2864e-06,5.8598e-06,9.2327e-08,2.3286e-07,6.0019e-07,3.6011e-06,6.9375e-06,8.2060e-06,6.9982e-06
P53,30.00,0.00,60.00,0.00,6.5762e-08,2.9246e-07,9.2878e-07,3.7947e-06,8.5150e-06,8.5024e-06,6.6003e-06,6.3758e-08,2.6762e-07,6.8925e-07,3.8310e-06,7.1370e-06,8.4102e-06,7.6292e-06
P53,60.00,180.00,30.00,0.00,6.6277e-08,2.5438e-07,8.0681e-07,3.5455e-06,8.2986e-06,8.2861e-06,5.8598e-06,6.3909e-08,2.3286e-07,6.0019e-07,3.5985e-06,6.9370e-06,8.2057e-06,6.9981e-06
P53,30.00,0.00,30.00,0.00,7.8214e-08,2.9246e-07,9.2878e-07,3.7946e-06,8.5150e-06,8.5024e-06,6.6003e-06,7.5427e-08,2.6762e-07,6.8925e-07,3.8308e-06,7.1369e-06,8.4102e-06,7.6292e-06
P53,30.00,45.00,30.00,0.00,7.5930e-08,2.9246e-07,9.2878e-07,3.7945e-06,8.5150e-06,8.5024e-06,6.6003e-06,7.3227e-08,2.6762e-07,6.8925e-07,3.8307e-06,7.1369e-06,8.4101e-06,7.6292e-06
P53,0.00,135.00,0.00,0.00,7.1598e-08,3.0347e-07,9.6200e-07,3.8511e-06,8.5652e-06,8.5526e-06,6.7890e-06,6.9007e-08,2.7774e-07,7.1405e-07,3.8830e-06,7.1836e-06,8.4579e-06,7.7819e-06
P53,0.00,90.00,60.00,0.00,4.9147e-08,3.0346e-07,9.6200e-07,3.8508e-06,8.5652e-06,8.5526e-06,6.7890e-06,4.7781e-08,2.7774e-07,7.1405e-07,3.8826e-06,7.1836e-06,8.4579e-06,7.7819e-06
P53,60.00,135.00,30.00,0.00,6.9241e-08,2.5438e-07,8.0681e-07,3.5456e-06,8.2986e-06,8.2861e-06,5.8598e-06,6.6757e-08,2.3286e-07,6.0019e-07,3.5987e-06,6.9370e-06,8.2057e-06,6.9981e-06
P53,30.00,135.00,30.00,0.00,6.7269e-08,2.9246e-07,9.2878e-07,3.7940e-06,8.5150e-06,8.5023e-06,6.6003e-06,6.4898e-08,2.6762e-07,6.8925e-07,3.8302e-06,7.1368e-06,8.4101e-06,7.6292e-06
P53,0.00,90.00,0.00,0.00,7.1598e-08,3.0347e-07,9.6200e-07,3.8511e-06,8.5652e-06,8.5526e-06,6.7890e-06,6.9007e-08,2.7774e-07,7.1405e-07,3.8830e-06,7.1836e-06,8.4579e-06,7.7819e-06
P53,30.00,45.00,60.00,0.00,6.1019e-08,2.9245e-07,9.2878e-07,3.7944e-06,8.5150e-06,8.5024e-06,6.6003e-06,5.9178e-08,2.6762e-07,6.8925e-07,3.8307e-06,7.1369e-06,8.4102e-06,7.6292e-06
P53,60.00,0.00,30.00,0.00,1.0062e-07,2.5439e-07,8.0682e-07,3.5473e-06,8.2988e-06,8.2863e-06,5.8598e-06,9.7004e-08,2.3286e-07,6.0019e-07,3.6005e-06,6.9374e-06,8.2059e-06,6.9982e-06
P53,30.00,180.00,30.00,0.00,6.5831e-08,2.9246e-07,9.2878e-07,3.7939e-06,8.5149e-06,8.5023e-06,6.6003e-06,6.3516e-08,2.6762e-07,6.8925e-07,3.8300e-06,7.1368e-06,8.4101e-06,7.6292e-06
P53,30.00,90.00,60.00,0.00,5.2895e-08,2.9245e-07,9.2878e-07,3.7940e-06,8.5149e-06,8.5023e-06,6.6003e-06,5.1346e-08,2.6762e-07,6.8925e-07,3.8302e-06,7.1368e-06,8.4101e-06,7.6292e-06
P53,0.00,45.00,0.00,0.00,7.1598e-08,3.0347e-07,9.6200e-07,3.8511e-06,8.5652e-06,8.5526e-06,6.7890e-06,6.9007e-08,2.7774e-07,7.1405e-07,3.8830e-06,7.1836e-06,8.4579e-06,7.7819e-06
P53,0.00,0.00,30.00,0.00,6.7328e-08,3.0347e-07,9.6200e-07,3.8510e-06,8.5652e-06,8.5526e-06,6.7890e-06,6.4980e-08,2.7774e-07,7.1405e-07,3.8829e-06,7.1836e-06,8.4579e-06,7.7819e-06
P53,30.00,0.00,0.00,0.00,7.4766e-08,2.9246e-07,9.2878e-07,3.7942e-06,8.5150e-06,8.5024e-06,6.6003e-06,7.2021e-08,2.6762e-07,6.8925e-07,3.8304e-06,7.1368e-06,8.4101e-06,7.6292e-06
P53,60.00,180.00,60.00,0.00,4.7248e-08,2.5437e-07,8.0681e-07,3.5449e-06,8.2986e-06,8.2861e-06,5.8598e-06,4.5809e-08,2.3286e-07,6.0019e-07,3.5979e-06,6.9369e-06,8.2057e-06,6.9981e-06
P54,60.00,0.00,60.00,0.00,1.2833e-07,1.7576e-07,6.3271e-07,2.1632e-06,5.7759e-06,5.7648e-06,4.8037e-06,1.2317e-07,1.5868e-07,4.6692e-07,2.1669e-06,4.5625e-06,5.6719e-06,5.5108e-06
P54,0.00,0.00,60.00,0.00,4.0378e-08,2.2128e-07,7.3044e-07,2.2736e-06,5.8500e-06,5.8389e-06,5.3955e-06,3.8654e-08,2.0182e-07,5.5366e-07,2.2669e-06,4.6318e-06,5.7401e-06,5.9234e-06
P54,30.00,45.00,60.00,0.00,5.3794e-08,2.1163e-07,7.1147e-07,2.2555e-06,5.8390e-06,5.8279e-06,5.2839e-06,5.1504e-08,1.9261e-07,5.3622e-07,2.2508e-06,4.6217e-06,5.7300e-06,5.8486e-06
P54,60.00,180.00,60.00,0.00,4.0961e-08,1.7570e-07,6.3260e-07,2.1566e-06,5.7751e-06,5.7641e-06,4.8036e-06,3.9149e-08,1.5868e-07,4.6691e-07,2.1597e-06,4.5612e-06,5.6712e-06,5.5105e-06
P54,30.00,180.00,30.00,0.00,5.8242e-08,2.1163e-07,7.1149e-07,2.2548e-06,5.8389e-06,5.8278e-06,5.2839e-06,5.5481e-08,1.9261e-07,5.3623e-07,2.2500e-06,4.6216e-06,5.7300e-06,5.8486e-06
P54,60.00,135.00,30.00,0.00,6.4440e-08,1.7572e-07,6.3264e-07,2.1574e-06,5.7752e-06,5.7642e-06,4.8036e-06,6.1428e-08,1.5868e-07,4.6691e-07,2.1606e-06,4.5614e-06,5.6712e-06,5.5105e-06
P54,0.00,90.00,0.00,0.00,6.3585e-08,2.2130e-07,7.3052e-07,2.2739e-06,5.8500e-06,5.8389e-06,5.3955e-06,6.0537e-08,2.0182e-07,5.5368e-07,2.2672e-06,4.6318e-06,5.7401e-06,5.9234e-06
P54,0.00,90.00,60.00,0.00,4.0378e-08,2.2128e-07,7.3044e-07,2.2736e-06,5.8500e-06,5.8389e-06,5.3955e-06,3.8654e-08,2.0182e-07,5.5366e-07,2.2669e-06,4.6318e-06,5.7401e-06,5.9234e-06
P54,60.00,90.00,60.00,0.00,5.9212e-08,1.7571e-07,6.3262e-07,2.1578e-06,5.7753e-06,5.7642e-06,4.8036e-06,5.6618e-08,1.5868e-07,4.6691e-07,2.1610e-06,4.5614e-06,5.6713e-06,5.5105e-06
P54,30.00,90.00,30.00,0.00,6.3959e-08,2.1163e-07,7.1151e-07,2.2552e-06,5.8390e-06,5.8279e-06,5.2839e-06,6.0958e-08,1.9261e-07,5.3623e-07,2.2504e-06,4.6216e-06,5.7300e-06,5.8486e-06
P54,60.00,90.00,0.00,0.00,7.5968e-08,1.7573e-07,6.3267e-07,2.1579e-06,5.7753e-06,5.7642e-06,4.8037e-06,7.2426e-08,1.5868e-07,4.6692e-07,2.1611e-06,4.5615e-06,5.6713e-06,5.5105e-06
P54,60.00,90.00,30.00,0.00,7.4470e-08,1.7572e-07,6.3266e-07,2.1579e-06,5.7753e-06,5.7642e-06,4.8037e-06,7.1038e-08,1.5868e-07,4.6692e-07,2.1611e-06,4.5614e-06,5.6713e-06,5.5105e-06
P54,60.00,45.00,30.00,0.00,8.9657e-08,1.7573e-07,6.3268e-07,2.1589e-06,5.7754e-06,5.7643e-06,4.8037e-06,8.5619e-08,1.5868e-07,4.6692e-07,2.1622e-06,4.5616e-06,5.6714e-06,5.5106e-06
P54,30.00,90.00,0.00,0.00,6.7600e-08,2.1164e-07,7.1152e-07,2.2551e-06,5.8389e-06,5.8279e-06,5.2839e-06,6.4365e-08,1.9261e-07,5.3624e-07,2.2504e-06,4.6216e-06,5.7300e-06,5.8486e-06
P54,60.00,45.00,0.00,0.00,7.5968e-08,1.7573e-07,6.3267e-07,2.1579e-06,5.7753e-06,5.7642e-06,4.8037e-06,7.2426e-08,1.5868e-07,4.6692e-07,2.1611e-06,4.5615e-06,5.6713e-06,5.5105e-06
P54,30.00,45.00,0.00,0.00,6.7600e-08,2.1164e-07,7.1152e-07,2.2551e-06,5.8389e-06,5.8279e-06,5.2839e-06,6.4365e-08,1.9261e-07,5.3624e-07,2.2504e-06,4.6216e-06,5.7300e-06,5.8486e-06
P54,0.00,135.00,30.00,0.00,5.9198e-08,2.2130e-07,7.3050e-07,2.2738e-06,5.8500e-06,5.8389e-06,5.3955e-06,5.6408e-08,2.0182e-07,5.5368e-07,2.2671e-06,4.6318e-06,5.7401e-06,5.9234e-06
P54,60.00,180.00,0.00,0.00,7.5968e-08,1.7573e-07,6.3267e-07,2.1579e-06,5.7753e-06,5.7642e-06,4.8037e-06,7.2426e-08,1.5868e-07,4.6692e-07,2.1611e-06,4.5615e-06,5.6713e-06,5.5105e-06
P54,30.00,0.00,0.00,0.00,6.7600e-08,2.1164e-07,7.1152e-07,2.2551e-06,5.8389e-06,5.8279e-06,5.2839e-06,6.4365e-08,1.9261e-07,5.3624e-07,2.2504e-06,4.6216e-06,5.7300e-06,5.8486e-06
P54,60.00,135.00,60.00,0.00,4.4763e-08,1.7570e-07,6.3261e-07,2.1570e-06,5.7752e-06,5.7641e-06,4.8036e-06,4.2785e-08,1.5868e-07,4.6691e-07,2.1601e-06,4.5613e-06,5.6712e-06,5.5105e-06
P54,0.00,180.00,60.00,0.00,4.0378e-08,2.2128e-07,7.3044e-07,2.2736e-06,5.8500e-06,5.8389e-06,5.3955e-06,3.8654e-08,2.0182e-07,5.5366e-07,2.2669e-06,4.6318e-06,5.7401e-06,5.9234e-06
P54,0.00,45.00,30.00,0.00,5.9198e-08,2.2130e-07,7.3050e-07,2.2738e-06,5.8500e-06,5.8389e-06,5.3955e-06,5.6408e-08,2.0182e-07,5.5368e-07,2.2671e-06,4.6318e-06,5.7401e-06,5.9234e-06
P54,30.00,180.00,60.00,0.00,3.7329e-08,2.1161e-07,7.1144e-07,2.2545e-06,5.8389e-06,5.8278e-06,5.2839e-06,3.5711e-08,1.9261e-07,5.3622e-07,2.2497e-06,4.6216e-06,5.7299e-06,5.8485e-06
P54,60.00,135.00,0.00,0.00,7.5968e-08,1.7573e-07,6.3267e-07,2.1579e-06,5.7753e-06,5.7642e-06,4.8037e-06,7.2426e-08,1.5868e-07,4.6692e-07,2.1611e-06,4.5615e-06,5.6713e-06,5.5105e-06
P54,30.00,180.00,0.00,0.00,6.7600e-08,2.1164e-07,7.1152e-07,2.2551e-06,5.8389e-06,5.8279e-06,5.2839e-06,6.4365e-08,1.9261e-07,5.3624e-07,2.2504e-06,4.6216e-06,5.7300e-06,5.8486e-06
P54,30.00,45.00,30.00,0.00,6.8990e-08,2.1164e-07,7.1152e-07,2.2554e-06,5.8390e-06,5.8279e-06,5.2839e-06,6.5781e-08,1.9261e-07,5.3624e-07,2.2507e-06,4.6217e-06,5.7300e-06,5.8486e-06
P54,0.00,180.00,0.00,0.00,6.3585e-08,2.2130e-07,7.3052e-07,2.2739e-06,5.8500e-06,5.8389e-06,5.3955e-06,6.0537e-08,2.0182e-07,5.5368e-07,2.2672e-06,4.6318e-06,5.7401e-06,5.9234e-06
P54,0.00,180.00,30.00,0.00,5.9198e-08,2.2130e-07,7.3050e-07,2.2738e-06,5.8500e-06,5.8389e-06,5.3955e-06,5.6408e-08,2.0182e-07,5.5368e-07,2.2671e-06,4.6318e-06,5.7401e-06,5.9234e-06
P54,30.00,90.00,60.00,0.00,4.5001e-08,2.1162e-07,7.1145e-07,2.2549e-06,5.8389e-06,5.8279e-06,5.2839e-06,4.3060e-08,1.9261e-07,5.3622e-07,2.2502e-06,4.6216e-06,5.7300e-06,5.8486e-06
P54,60.00,0.00,0.00,0.00,7.5968e-08,1.7573e-07,6.3267e-07,2.1579e-06,5.7753e-06,5.7642e-06,4.8037e-06,7.2426e-08,1.5868e-07,4.6692e-07,2.1611e-06,4.5615e-06,5.6713e-06,5.5105e-06
P54,60.00,0.00,30.00,0.00,9.8519e-08,1.7574e-07,6.3270e-07,2.1595e-06,5.7754e-06,5.7644e-06,4.8037e-06,9.4141e-08,1.5868e-07,4.6692e-07,2.1628e-06,4.5617e-06,5.6714e-06,5.5106e-06
P54,30.00,135.00,60.00,0.00,3.9194e-08,2.1162e-07,7.1144e-07,2.2546e-06,5.8389e-06,5.8278e-06,5.2839e-06,3.7495e-08,1.9261e-07,5.3622e-07,2.2498e-06,4.6216e-06,5.7299e-06,5.8486e-06
P54,0.00,45.00,0.00,0.00,6.3585e-08,2.2130e-07,7.3052e-07,2.2739e-06,5.8500e-06,5.8389e-06,5.3955e-06,6.0537e-08,2.0182e-07,5.5368e-07,2.2672e-06,4.6318e-06,5.7401e-06,5.9234e-06
P54,0.00,0.00,0.00,0.00,6.3585e-08,2.2130e-07,7.3052e-07,2.2739e-06,5.8500e-06,5.8389e-06,5.3955e-06,6.0537e-08,2.0182e-07,5.5368e-07,2.2672e-06,4.6318e-06,5.7401e-06,5.9234e-06
P54,0.00,90.00,30.00,0.00,5.9198e-08,2.2130e-07,7.3050e-07,2.2738e-06,5.8500e-06,5.8389e-06,5.3955e-06,5.6408e-08,2.0182e-07,5.5368e-07,2.2671e-06,4.6318e-06,5.7401e-06,5.9234e-06
P54,0.00,45.00,60.00,0.00,4.0378e-08,2.2128e-07,7.3044e-07,2.2736e-06,5.8500e-06,5.8389e-06,5.3955e-06,3.8654e-08,2.0182e-07,5.5366e-07,2.2669e-06,4.6318e-06,5.7401e-06,5.9234e-06
P54,60.00,180.00,30.00,0.00,6.1218e-08,1.7571e-07,6.3264e-07,2.1573e-06,5.7752e-06,5.7642e-06,4.8036e-06,5.8347e-08,1.5868e-07,4.6691e-07,2.1604e-06,4.5613e-06,5.6712e-06,5.5105e-06
P54,30.00,0.00,30.00,0.00,7.1420e-08,2.1164e-07,7.1153e-07,2.2556e-06,5.8390e-06,5.8279e-06,5.2839e-06,6.8115e-08,1.9261e-07,5.3624e-07,2.2509e-06,4.6217e-06,5.7300e-06,5.8486e-06
P54,0.00,0.00,30.00,0.00,5.9198e-08,2.2130e-07,7.3050e-07,2.2738e-06,5.8500e-06,5.8389e-06,5.3955e-06,5.6408e-08,2.0182e-07,5.5368e-07,2.2671e-06,4.6318e-06,5.7401e-06,5.9234e-06
P54,0.00,135.00,0.00,0.00,6.3585e-08,2.2130e-07,7.3052e-07,2.2739e-06,5.8500e-06,5.8389e-06,5.3955e-06,6.0537e-08,2.0182e-07,5.5368e-07,2.2672e-06,4.6318e-06,5.7401e-06,5.9234e-06
P54,0.00,135.00,60.00,0.00,4.0378e-08,2.2128e-07,7.3044e-07,2.2736e-06,5.8500e-06,5.8389e-06,5.3955e-06,3.8654e-08,2.0182e-07,5.5366e-07,2.2669e-06,4.6318e-06,5.7401e-06,5.9234e-06
P54,30.00,135.00,30.00,0.00,5.9773e-08,2.1163e-07,7.1150e-07,2.2549e-06,5.8389e-06,5.8278e-06,5.2839e-06,5.6948e-08,1.9261e-07,5.3623e-07,2.2502e-06,4.6216e-06,5.7300e-06,5.8486e-06
P54,30.00,135.00,0.00,0.00,6.7600e-08,2.1164e-07,7.1152e-07,2.2551e-06,5.8389e-06,5.8279e-06,5.2839e-06,6.4365e-08,1.9261e-07,5.3624e-07,2.2504e-06,4.6216e-06,5.7300e-06,5.8486e-06
P54,60.00,45.00,60.00,0.00,9.3942e-08,1.7573e-07,6.3266e-07,2.1602e-06,5.7755e-06,5.7645e-06,4.8037e-06,8.9997e-08,1.5868e-07,4.6691e-07,2.1636e-06,4.5619e-06,5.6715e-06,5.5106e-06
P54,30.00,0.00,60.00,0.00,5.8926e-08,2.1163e-07,7.1148e-07,2.2558e-06,5.8390e-06,5.8279e-06,5.2839e-06,5.6439e-08,1.9261e-07,5.3622e-07,2.2511e-06,4.6218e-06,5.7301e-06,5.8486e-06
P55,0.00,180.00,30.00,0.00,6.4195e-08,2.6606e-07,9.0123e-07,3.7952e-06,8.4815e-06,8.4687e-06,6.9211e-06,6.2114e-08,2.4139e-07,6.5571e-07,3.8148e-06,7.0775e-06,8.3708e-06,7.8758e-06
P55,30.00,90.00,0.00,0.00,7.1484e-08,2.5470e-07,8.6833e-07,3.7564e-06,8.4488e-06,8.4361e-06,6.7367e-06,6.9045e-08,2.3089e-07,6.3078e-07,3.7801e-06,7.0529e-06,8.3409e-06,7.7367e-06
P55,60.00,0.00,30.00,0.00,9.5163e-08,2.1466e-07,7.4625e-07,3.5698e-06,8.2829e-06,8.2704e-06,5.9811e-06,9.2079e-08,1.9409e-07,5.4042e-07,3.6103e-06,6.9229e-06,8.1879e-06,7.1362e-06
P55,60.00,45.00,0.00,0.00,7.6163e-08,2.1465e-07,7.4625e-07,3.5687e-06,8.2828e-06,8.2703e-06,5.9810e-06,7.3627e-08,1.9409e-07,5.4042e-07,3.6091e-06,6.9227e-06,8.1878e-06,7.1362e-06
P55,0.00,135.00,0.00,0.00,6.8447e-08,2.6607e-07,9.0123e-07,3.7953e-06,8.4815e-06,8.4687e-06,6.9211e-06,6.6128e-08,2.4139e-07,6.5571e-07,3.8149e-06,7.0775e-06,8.3708e-06,7.8758e-06
P55,30.00,180.00,0.00,0.00,7.1484e-08,2.5470e-07,8.6833e-07,3.7564e-06,8.4488e-06,8.4361e-06,6.7367e-06,6.9045e-08,2.3089e-07,6.3078e-07,3.7801e-06,7.0529e-06,8.3409e-06,7.7367e-06
P55,0.00,90.00,0.00,0.00,6.8447e-08,2.6607e-07,9.0123e-07,3.7953e-06,8.4815e-06,8.4687e-06,6.9211e-06,6.6128e-08,2.4139e-07,6.5571e-07,3.8149e-06,7.0775e-06,8.3708e-06,7.8758e-06
P55,0.00,45.00,60.00,0.00,4.6334e-08,2.6606e-07,9.0123e-07,3.7950e-06,8.4815e-06,8.4687e-06,6.9211e-06,4.5186e-08,2.4139e-07,6.5571e-07,3.8145e-06,7.0775e-06,8.3707e-06,7.8757e-06
P55,60.00,135.00,30.00,0.00,6.5955e-08,2.1465e-07,7.4625e-07,3.5683e-06,8.2828e-06,8.2703e-06,5.9810e-06,6.3827e-08,1.9409e-07,5.4042e-07,3.6086e-06,6.9226e-06,8.1878e-06,7.1362e-06
P55,60.00,180.00,30.00,0.00,6.3198e-08,2.1464e-07,7.4625e-07,3.5682e-06,8.2828e-06,8.2703e-06,5.9810e-06,6.1169e-08,1.9409e-07,5.4042e-07,3.6085e-06,6.9226e-06,8.1878e-06,7.1362e-06
P55,0.00,0.00,30.00,0.00,6.4195e-08,2.6606e-07,9.0123e-07,3.7952e-06,8.4815e-06,8.4687e-06,6.9211e-06,6.2114e-08,2.4139e-07,6.5571e-07,3.8148e-06,7.0775e-06,8.3708e-06,7.8758e-06
P55,30.00,45.00,0.00,0.00,7.1484e-08,2.5470e-07,8.6833e-07,3.7564e-06,8.4488e-06,8.4361e-06,6.7367e-06,6.9045e-08,2.3089e-07,6.3078e-07,3.7801e-06,7.0529e-06,8.3409e-06,7.7367e-06
P55,0.00,135.00,60.00,0.00,4.6334e-08,2.6606e-07,9.0123e-07,3.7950e-06,8.4815e-06,8.4687e-06,6.9211e-06,4.5186e-08,2.4139e-07,6.5571e-07,3.8145e-06,7.0775e-06,8.3707e-06,7.8757e-06
P55,30.00,180.00,30.00,0.00,6.2843e-08,2.5470e-07,8.6833e-07,3.7561e-06,8.4488e-06,8.4361e-06,6.7367e-06,6.0803e-08,2.3089e-07,6.3078e-07,3.7797e-06,7.0528e-06,8.3408e-06,7.7367e-06
P55,0.00,135.00,30.00,0.00,6.4195e-08,2.6606e-07,9.0123e-07,3.7952e-06,8.4815e-06,8.4687e-06,6.9211e-06,6.2114e-08,2.4139e-07,6.5571e-07,3.8148e-06,7.0775e-06,8.3708e-06,7.8758e-06
P55,60.00,180.00,0.00,0.00,7.6163e-08,2.1465e-07,7.4625e-07,3.5687e-06,8.2828e-06,8.2703e-06,5.9810e-06,7.3627e-08,1.9409e-07,5.4042e-07,3.6091e-06,6.9227e-06,8.1878e-06,7.1362e-06
P55,30.00,45.00,30.00,0.00,7.2362e-08,2.5470e-07,8.6833e-07,3.7566e-06,8.4489e-06,8.4361e-06,6.7367e-06,6.9984e-08,2.3089e-07,6.3078e-07,3.7803e-06,7.0530e-06,8.3409e-06,7.7367e-06
P55,30.00,90.00,30.00,0.00,6.7906e-08,2.5470e-07,8.6833e-07,3.7564e-06,8.4488e-06,8.4361e-06,6.7367e-06,6.5684e-08,2.3089e-07,6.3078e-07,3.7801e-06,7.0529e-06,8.3409e-06,7.7367e-06
P55,60.00,90.00,30.00,0.00,7.4545e-08,2.1465e-07,7.4625e-07,3.5687e-06,8.2828e-06,8.2703e-06,5.9810e-06,7.2121e-08,1.9409e-07,5.4042e-07,3.6090e-06,6.9227e-06,8.1878e-06,7.1362e-06
P55,0.00,90.00,60.00,0.00,4.6334e-08,2.6606e-07,9.0123e-07,3.7950e-06,8.4815e-06,8.4687e-06,6.9211e-06,4.5186e-08,2.4139e-07,6.5571e-07,3.8145e-06,7.0775e-06,8.3707e-06,7.8757e-06
P55,0.00,0.00,0.00,0.00,6.8447e-08,2.6607e-07,9.0123e-07,3.7953e-06,8.4815e-06,8.4687e-06,6.9211e-06,6.6128e-08,2.4139e-07,6.5571e-07,3.8149e-06,7.0775e-06,8.3708e-06,7.8758e-06
P55,0.00,180.00,60.00,0.00,4.6334e-08,2.6606e-07,9.0123e-07,3.7950e-06,8.4815e-06,8.4687e-06,6.9211e-06,4.5186e-08,2.4139e-07,6.5571e-07,3.8145e-06,7.0775e-06,8.3707e-06,7.8757e-06
P55,30.00,180.00,60.00,0.00,4.3339e-08,2.5469e-07,8.6833e-07,3.7558e-06,8.4488e-06,8.4360e-06,6.7367e-06,4.2270e-08,2.3089e-07,6.3078e-07,3.7795e-06,7.0528e-06,8.3408e-06,7.7366e-06
P55,0.00,0.00,60.00,0.00,4.6334e-08,2.6606e-07,9.0123e-07,3.7950e-06,8.4815e-06,8.4687e-06,6.9211e-06,4.5186e-08,2.4139e-07,6.5571e-07,3.8145e-06,7.0775e-06,8.3707e-06,7.8757e-06
P55,60.00,90.00,60.00,0.00,6.0099e-08,2.1464e-07,7.4625e-07,3.5685e-06,8.2828e-06,8.2703e-06,5.9810e-06,5.8395e-08,1.9409e-07,5.4042e-07,3.6088e-06,6.9227e-06,8.1878e-06,7.1362e-06
P55,60.00,135.00,0.00,0.00,7.6163e-08,2.1465e-07,7.4625e-07,3.5687e-06,8.2828e-06,8.2703e-06,5.9810e-06,7.3627e-08,1.9409e-07,5.4042e-07,3.6091e-06,6.9227e-06,8.1878e-06,7.1362e-06
P55,0.00,45.00,30.00,0.00,6.4195e-08,2.6606e-07,9.0123e-07,3.7952e-06,8.4815e-06,8.4687e-06,6.9211e-06,6.2114e-08,2.4139e-07,6.5571e-07,3.8148e-06,7.0775e-06,8.3708e-06,7.8758e-06
P55,60.00,45.00,60.00,0.00,8.9166e-08,2.1465e-07,7.4625e-07,3.5701e-06,8.2829e-06,8.2705e-06,5.9811e-06,8.6572e-08,1.9409e-07,5.4042e-07,3.6107e-06,6.9230e-06,8.1880e-06,7.1362e-06
P55,30.00,0.00,30.00,0.00,7.4515e-08,2.5470e-07,8.6833e-07,3.7567e-06,8.4489e-06,8.4361e-06,6.7367e-06,7.2065e-08,2.3089e-07,6.3078e-07,3.7804e-06,7.0530e-06,8.3409e-06,7.7367e-06
P55,30.00,45.00,60.00,0.00,5.7468e-08,2.5470e-07,8.6833e-07,3.7565e-06,8.4489e-06,8.4361e-06,6.7367e-06,5.5926e-08,2.3089e-07,6.3078e-07,3.7802e-06,7.0530e-06,8.3409e-06,7.7367e-06
P55,30.00,135.00,60.00,0.00,4.4938e-08,2.5469e-07,8.6833e-07,3.7559e-06,8.4488e-06,8.4360e-06,6.7367e-06,4.3812e-08,2.3089e-07,6.3078e-07,3.7795e-06,7.0528e-06,8.3408e-06,7.7366e-06
P55,30.00,90.00,60.00,0.00,4.9920e-08,2.5470e-07,8.6833e-07,3.7561e-06,8.4488e-06,8.4361e-06,6.7367e-06,4.8622e-08,2.3089e-07,6.3078e-07,3.7798e-06,7.0529e-06,8.3408e-06,7.7367e-06
P55,30.00,0.00,0.00,0.00,7.1484e-08,2.5470e-07,8.6833e-07,3.7564e-06,8.4488e-06,8.4361e-06,6.7367e-06,6.9045e-08,2.3089e-07,6.3078e-07,3.7801e-06,7.0529e-06,8.3409e-06,7.7367e-06
P55,60.00,180.00,60.00,0.00,4.4870e-08,2.1464e-07,7.4625e-07,3.5676e-06,8.2827e-06,8.2702e-06,5.9810e-06,4.3689e-08,1.9409e-07,5.4042e-07,3.6079e-06,6.9225e-06,8.1877e-06,7.1362e-06
P55,30.00,135.00,30.00,0.00,6.4199e-08,2.5470e-07,8.6833e-07,3.7562e-06,8.4488e-06,8.4361e-06,6.7367e-06,6.2110e-08,2.3089e-07,6.3078e-07,3.7799e-06,7.0529e-06,8.3408e-06,7.7367e-06
P55,0.00,90.00,30.00,0.00,6.4195e-08,2.6606e-07,9.0123e-07,3.7952e-06,8.4815e-06,8.4687e-06,6.9211e-06,6.2114e-08,2.4139e-07,6.5571e-07,3.8148e-06,7.0775e-06,8.3708e-06,7.8758e-06
P55,0.00,45.00,0.00,0.00,6.8447e-08,2.6607e-07,9.0123e-07,3.7953e-06,8.4815e-06,8.4687e-06,6.9211e-06,6.6128e-08,2.4139e-07,6.5571e-07,3.8149e-06,7.0775e-06,8.3708e-06,7.8758e-06
P55,60.00,90.00,0.00,0.00,7.6163e-08,2.1465e-07,7.4625e-07,3.5687e-06,8.2828e-06,8.2703e-06,5.9810e-06,7.3627e-08,1.9409e-07,5.4042e-07,3.6091e-06,6.9227e-06,8.1878e-06,7.1362e-06
P55,60.00,0.00,0.00,0.00,7.6163e-08,2.1465e-07,7.4625e-07,3.5687e-06,8.2828e-06,8.2703e-06,5.9810e-06,7.3627e-08,1.9409e-07,5.4042e-07,3.6091e-06,6.9227e-06,8.1878e-06,7.1362e-06
P55,60.00,0.00,60.00,0.00,1.1803e-07,2.1466e-07,7.4625e-07,3.5722e-06,8.2831e-06,8.2707e-06,5.9811e-06,1.1465e-07,1.9409e-07,5.4042e-07,3.6130e-06,6.9235e-06,8.1882e-06,7.1363e-06
P55,30.00,135.00,0.00,0.00,7.1484e-08,2.5470e-07,8.6833e-07,3.7564e-06,8.4488e-06,8.4361e-06,6.7367e-06,6.9045e-08,2.3089e-07,6.3078e-07,3.7801e-06,7.0529e-06,8.3409e-06,7.7367e-06
P55,60.00,45.00,30.00,0.00,8.7561e-08,2.1465e-07,7.4625e-07,3.5694e-06,8.2829e-06,8.2704e-06,5.9811e-06,8.4713e-08,1.9409e-07,5.4042e-07,3.6098e-06,6.9229e-06,8.1879e-06,7.1362e-06
P55,30.00,0.00,60.00,0.00,6.1875e-08,2.5470e-07,8.6833e-07,3.7568e-06,8.4489e-06,8.4361e-06,6.7367e-06,6.0198e-08,2.3089e-07,6.3078e-07,3.7805e-06,7.0530e-06,8.3409e-06,7.7367e-06
P55,0.00,180.00,0.00,0.00,6.8447e-08,2.6607e-07,9.0123e-07,3.7953e-06,8.4815e-06,8.4687e-06,6.9211e-06,6.6128e-08,2.4139e-07,6.5571e-07,3.8149e-06,7.0775e-06,8.3708e-06,7.8758e-06
P55,60.00,135.00,60.00,0.00,4.8039e-08,2.1464e-07,7.4625e-07,3.5679e-06,8.2827e-06,8.2703e-06,5.9810e-06,4.6747e-08,1.9409e-07,5.4042e-07,3.6082e-06,6.9226e-06,8.1877e-06,7.1362e-06
P56,0.00,90.00,0.00,0.00,8.4405e-08,3.5206e-07,1.1895e-06,5.6917e-06,1.1009e-05,1.0997e-05,8.6437e-06,8.3254e-08,3.1868e-07,8.6236e-07,5.7315e-06,9.7271e-06,1.0929e-05,9.8182e-06
P56,30.00,0.00,30.00,0.00,8.7535e-08,3.3531e-07,1.1437e-06,5.6147e-06,1.0903e-05,1.0892e-05,8.4063e-06,8.6356e-08,3.0316e-07,8.2646e-07,5.6597e-06,9.6393e-06,1.0827e-05,9.6165e-06
P56,30.00,45.00,0.00,0.00,8.5497e-08,3.3531e-07,1.1437e-06,5.6146e-06,1.0903e-05,1.0892e-05,8.4063e-06,8.4287e-08,3.0316e-07,8.2646e-07,5.6596e-06,9.6393e-06,1.0827e-05,9.6165e-06
P56,0.00,0.00,60.00,0.00,6.5116e-08,3.5205e-07,1.1895e-06,5.6914e-06,1.1009e-05,1.0997e-05,8.6437e-06,6.4813e-08,3.1868e-07,8.6236e-07,5.7312e-06,9.7271e-06,1.0929e-05,9.8182e-06
P56,0.00,180.00,0.00,0.00,8.4405e-08,3.5206e-07,1.1895e-06,5.6917e-06,1.1009e-05,1.0997e-05,8.6437e-06,8.3254e-08,3.1868e-07,8.6236e-07,5.7315e-06,9.7271e-06,1.0929e-05,9.8182e-06
P56,30.00,180.00,0.00,0.00,8.5497e-08,3.3531e-07,1.1437e-06,5.6146e-06,1.0903e-05,1.0892e-05,8.4063e-06,8.4287e-08,3.0316e-07,8.2646e-07,5.6596e-06,9.6393e-06,1.0827e-05,9.6165e-06
P56,0.00,0.00,0.00,0.00,8.4405e-08,3.5206e-07,1.1895e-06,5.6917e-06,1.1009e-05,1.0997e-05,8.6437e-06,8.3254e-08,3.1868e-07,8.6236e-07,5.7315e-06,9.7271e-06,1.0929e-05,9.8182e-06
P56,0.00,135.00,30.00,0.00,8.0610e-08,3.5206e-07,1.1895e-06,5.6916e-06,1.1009e-05,1.0997e-05,8.6437e-06,7.9637e-08,3.1868e-07,8.6236e-07,5.7314e-06,9.7271e-06,1.0929e-05,9.8182e-06
P56,60.00,0.00,30.00,0.00,9.7634e-08,2.7683e-07,9.7291e-07,5.2897e-06,1.0455e-05,1.0444e-05,7.4692e-06,9.6193e-08,2.4932e-07,6.9614e-07,5.3566e-06,9.2550e-06,1.0391e-05,8.8020e-06
P56,0.00,0.00,30.00,0.00,8.0610e-08,3.5206e-07,1.1895e-06,5.6916e-06,1.1009e-05,1.0997e-05,8.6437e-06,7.9637e-08,3.1868e-07,8.6236e-07,5.7314e-06,9.7271e-06,1.0929e-05,9.8182e-06
P56,30.00,45.00,30.00,0.00,8.5814e-08,3.3531e-07,1.1437e-06,5.6147e-06,1.0903e-05,1.0892e-05,8.4063e-06,8.4677e-08,3.0316e-07,8.2646e-07,5.6597e-06,9.6393e-06,1.0827e-05,9.6165e-06
P56,30.00,135.00,0.00,0.00,8.5497e-08,3.3531e-07,1.1437e-06,5.6146e-06,1.0903e-05,1.0892e-05,8.4063e-06,8.4287e-08,3.0316e-07,8.2646e-07,5.6596e-06,9.6393e-06,1.0827e-05,9.6165e-06
P56,60.00,180.00,60.00,0.00,5.8281e-08,2.7682e-07,9.7291e-07,5.2890e-06,1.0455e-05,1.0444e-05,7.4692e-06,5.7951e-08,2.4932e-07,6.9614e-07,5.3558e-06,9.2549e-06,1.0391e-05,8.8020e-06
P56,0.00,90.00,30.00,0.00,8.0610e-08,3.5206e-07,1.1895e-06,5.6916e-06,1.1009e-05,1.0997e-05,8.6437e-06,7.9637e-08,3.1868e-07,8.6236e-07,5.7314e-06,9.7271e-06,1.0929e-05,9.8182e-06
P56,60.00,90.00,60.00,0.00,6.9395e-08,2.7682e-07,9.7291e-07,5.2892e-06,1.0455e-05,1.0444e-05,7.4692e-06,6.8801e-08,2.4932e-07,6.9614e-07,5.3560e-06,9.2549e-06,1.0391e-05,8.8020e-06
P56,0.00,45.00,0.00,0.00,8.4405e-08,3.5206e-07,1.1895e-06,5.6917e-06,1.1009e-05,1.0997e-05,8.6437e-06,8.3254e-08,3.1868e-07,8.6236e-07,5.7315e-06,9.7271e-06,1.0929e-05,9.8182e-06
P56,30.00,90.00,0.00,0.00,8.5497e-08,3.3531e-07,1.1437e-06,5.6146e-06,1.0903e-05,1.0892e-05,8.4063e-06,8.4287e-08,3.0316e-07,8.2646e-07,5.6596e-06,9.6393e-06,1.0827e-05,9.6165e-06
P56,60.00,135.00,30.00,0.00,7.5363e-08,2.7682e-07,9.7291e-07,5.2893e-06,1.0455e-05,1.0444e-05,7.4692e-06,7.4436e-08,2.4932e-07,6.9614e-07,5.3561e-06,9.2549e-06,1.0391e-05,8.8020e-06
P56,60.00,90.00,0.00,0.00,8.3547e-08,2.7682e-07,9.7291e-07,5.2894e-06,1.0455e-05,1.0444e-05,7.4692e-06,8.2368e-08,2.4932e-07,6.9614e-07,5.3562e-06,9.2550e-06,1.0391e-05,8.8020e-06
P56,0.00,45.00,30.00,0.00,8.0610e-08,3.5206e-07,1.1895e-06,5.6916e-06,1.1009e-05,1.0997e-05,8.6437e-06,7.9637e-08,3.1868e-07,8.6236e-07,5.7314e-06,9.7271e-06,1.0929e-05,9.8182e-06
P56,30.00,135.00,60.00,0.00,6.2861e-08,3.3531e-07,1.1437e-06,5.6143e-06,1.0903e-05,1.0892e-05,8.4063e-06,6.2570e-08,3.0316e-07,8.2646e-07,5.6593e-06,9.6392e-06,1.0827e-05,9.6165e-06
P56,0.00,180.00,60.00,0.00,6.5116e-08,3.5205e-07,1.1895e-06,5.6914e-06,1.1009e-05,1.0997e-05,8.6437e-06,6.4813e-08,3.1868e-07,8.6236e-07,5.7312e-06,9.7271e-06,1.0929e-05,9.8182e-06
P56,0.00,90.00,60.00,0.00,6.5116e-08,3.5205e-07,1.1895e-06,5.6914e-06,1.1009e-05,1.0997e-05,8.6437e-06,6.4813e-08,3.1868e-07,8.6236e-07,5.7312e-06,9.7271e-06,1.0929e-05,9.8182e-06
P56,60.00,135.00,60.00,0.00,6.0594e-08,2.7682e-07,9.7291e-07,5.2891e-06,1.0455e-05,1.0444e-05,7.4692e-06,6.0207e-08,2.4932e-07,6.9614e-07,5.3559e-06,9.2549e-06,1.0391e-05,8.8020e-06
P56,0.00,135.00,0.00,0.00,8.4405e-08,3.5206e-07,1.1895e-06,5.6917e-06,1.1009e-05,1.0997e-05,8.6437e-06,8.3254e-08,3.1868e-07,8.6236e-07,5.7315e-06,9.7271e-06,1.0929e-05,9.8182e-06
P56,30.00,90.00,60.00,0.00,6.6673e-08,3.3531e-07,1.1437e-06,5.6144e-06,1.0903e-05,1.0892e-05,8.4063e-06,6.6288e-08,3.0316e-07,8.2646e-07,5.6593e-06,9.6392e-06,1.0827e-05,9.6165e-06
P56,60.00,135.00,0.00,0.00,8.3547e-08,2.7682e-07,9.7291e-07,5.2894e-06,1.0455e-05,1.0444e-05,7.4692e-06,8.2368e-08,2.4932e-07,6.9614e-07,5.3562e-06,9.2550e-06,1.0391e-05,8.8020e-06
P56,0.00,180.00,30.00,0.00,8.0610e-08,3.5206e-07,1.1895e-06,5.6916e-06,1.1009e-05,1.0997e-05,8.6437e-06,7.9637e-08,3.1868e-07,8.6236e-07,5.7314e-06,9.7271e-06,1.0929e-05,9.8182e-06
P56,60.00,90.00,30.00,0.00,8.1909e-08,2.7682e-07,9.7291e-07,5.2894e-06,1.0455e-05,1.0444e-05,7.4692e-06,8.0820e-08,2.4932e-07,6.9614e-07,5.3562e-06,9.2550e-06,1.0391e-05,8.8020e-06
P56,30.00,90.00,30.00,0.00,8.2253e-08,3.3531e-07,1.1437e-06,5.6146e-06,1.0903e-05,1.0892e-05,8.4063e-06,8.1210e-08,3.0316e-07,8.2646e-07,5.6596e-06,9.6393e-06,1.0827e-05,9.6165e-06
P56,60.00,180.00,30.00,0.00,7.3263e-08,2.7682e-07,9.7291e-07,5.2893e-06,1.0455e-05,1.0444e-05,7.4692e-06,7.2390e-08,2.4932e-07,6.9614e-07,5.3560e-06,9.2549e-06,1.0391e-05,8.8020e-06
P56,0.00,45.00,60.00,0.00,6.5116e-08,3.5205e-07,1.1895e-06,5.6914e-06,1.1009e-05,1.0997e-05,8.6437e-06,6.4813e-08,3.1868e-07,8.6236e-07,5.7312e-06,9.7271e-06,1.0929e-05,9.8182e-06
P56,60.00,0.00,60.00,0.00,1.1169e-07,2.7683e-07,9.7291e-07,5.2901e-06,1.0455e-05,1.0444e-05,7.4692e-06,1.1030e-07,2.4932e-07,6.9614e-07,5.3570e-06,9.2550e-06,1.0391e-05,8.8020e-06
P56,60.00,45.00,60.00,0.00,9.0610e-08,2.7682e-07,9.7291e-07,5.2896e-06,1.0455e-05,1.0444e-05,7.4692e-06,8.9585e-08,2.4932e-07,6.9614e-07,5.3564e-06,9.2550e-06,1.0391e-05,8.8020e-06
P56,60.00,45.00,0.00,0.00,8.3547e-08,2.7682e-07,9.7291e-07,5.2894e-06,1.0455e-05,1.0444e-05,7.4692e-06,8.2368e-08,2.4932e-07,6.9614e-07,5.3562e-06,9.2550e-06,1.0391e-05,8.8020e-06
P56,60.00,0.00,0.00,0.00,8.3547e-08,2.7682e-07,9.7291e-07,5.2894e-06,1.0455e-05,1.0444e-05,7.4692e-06,8.2368e-08,2.4932e-07,6.9614e-07,5.3562e-06,9.2550e-06,1.0391e-05,8.8020e-06
P56,60.00,180.00,0.00,0.00,8.3547e-08,2.7682e-07,9.7291e-07,5.2894e-06,1.0455e-05,1.0444e-05,7.4692e-06,8.2368e-08,2.4932e-07,6.9614e-07,5.3562e-06,9.2550e-06,1.0391e-05,8.8020e-06
P56,0.00,135.00,60.00,0.00,6.5116e-08,3.5205e-07,1.1895e-06,5.6914e-06,1.1009e-05,1.0997e-05,8.6437e-06,6.4813e-08,3.1868e-07,8.6236e-07,5.7312e-06,9.7271e-06,1.0929e-05,9.8182e-06
P56,30.00,135.00,30.00,0.00,7.9293e-08,3.3531e-07,1.1437e-06,5.6145e-06,1.0903e-05,1.0892e-05,8.4063e-06,7.8329e-08,3.0316e-07,8.2646e-07,5.6595e-06,9.6393e-06,1.0827e-05,9.6165e-06
P56,30.00,180.00,30.00,0.00,7.8211e-08,3.3531e-07,1.1437e-06,5.6145e-06,1.0903e-05,1.0892e-05,8.4063e-06,7.7276e-08,3.0316e-07,8.2646e-07,5.6594e-06,9.6392e-06,1.0827e-05,9.6165e-06
P56,60.00,45.00,30.00,0.00,9.1835e-08,2.7682e-07,9.7291e-07,5.2896e-06,1.0455e-05,1.0444e-05,7.4692e-06,9.0519e-08,2.4932e-07,6.9614e-07,5.3564e-06,9.2550e-06,1.0391e-05,8.8020e-06
P56,30.00,0.00,0.00,0.00,8.5497e-08,3.3531e-07,1.1437e-06,5.6146e-06,1.0903e-05,1.0892e-05,8.4063e-06,8.4287e-08,3.0316e-07,8.2646e-07,5.6596e-06,9.6393e-06,1.0827e-05,9.6165e-06
P56,30.00,45.00,60.00,0.00,7.2453e-08,3.3531e-07,1.1437e-06,5.6145e-06,1.0903e-05,1.0892e-05,8.4063e-06,7.1936e-08,3.0316e-07,8.2646e-07,5.6595e-06,9.6392e-06,1.0827e-05,9.6165e-06
P56,30.00,0.00,60.00,0.00,7.5831e-08,3.3531e-07,1.1437e-06,5.6146e-06,1.0903e-05,1.0892e-05,8.4063e-06,7.5242e-08,3.0316e-07,8.2646e-07,5.6596e-06,9.6393e-06,1.0827e-05,9.6165e-06
P56,30.00,180.00,60.00,0.00,6.1638e-08,3.3531e-07,1.1437e-06,5.6143e-06,1.0903e-05,1.0892e-05,8.4063e-06,6.1378e-08,3.0316e-07,8.2646e-07,5.6593e-06,9.6392e-06,1.0827e-05,9.6165e-06
P57,30.00,45.00,30.00,0.00,6.7551e-08,2.2480e-07,5.1570e-07,1.2920e-06,3.8483e-06,3.8397e-06,4.8106e-06,6.4138e-08,2.1258e-07,4.3849e-07,1.2636e-06,2.8956e-06,3.7562e-06,4.6259e-06
P57,0.00,180.00,60.00,0.00,3.8383e-08,2.2611e-07,5.1588e-07,1.2978e-06,3.8525e-06,3.8438e-06,4.8116e-06,3.6506e-08,2.1395e-07,4.3910e-07,1.2700e-06,2.9000e-06,3.7603e-06,4.6281e-06
P57,60.00,45.00,30.00,0.00,8.9736e-08,2.1880e-07,5.1256e-07,1.2595e-06,3.8230e-06,3.8143e-06,4.8072e-06,8.5402e-08,2.0653e-07,4.3370e-07,1.2276e-06,2.8688e-06,3.7314e-06,4.6157e-06
P57,30.00,180.00,0.00,0.00,6.6056e-08,2.2479e-07,5.1563e-07,1.2917e-06,3.8483e-06,3.8396e-06,4.8106e-06,6.2623e-08,2.1258e-07,4.3847e-07,1.2633e-06,2.8956e-06,3.7562e-06,4.6259e-06
P57,30.00,45.00,0.00,0.00,6.6056e-08,2.2479e-07,5.1563e-07,1.2917e-06,3.8483e-06,3.8396e-06,4.8106e-06,6.2623e-08,2.1258e-07,4.3847e-07,1.2633e-06,2.8956e-06,3.7562e-06,4.6259e-06
P57,0.00,0.00,0.00,0.00,6.1783e-08,2.2618e-07,5.1623e-07,1.2981e-06,3.8525e-06,3.8439e-06,4.8116e-06,5.8552e-08,2.1398e-07,4.3933e-07,1.2703e-06,2.9000e-06,3.7603e-06,4.6281e-06
P57,60.00,45.00,60.00,0.00,9.4662e-08,2.1880e-07,5.1259e-07,1.2608e-06,3.8232e-06,3.8145e-06,4.8073e-06,9.0370e-08,2.0652e-07,4.3367e-07,1.2291e-06,2.8691e-06,3.7316e-06,4.6158e-06
P57,60.00,180.00,60.00,0.00,3.9848e-08,2.1868e-07,5.1175e-07,1.2570e-06,3.8228e-06,3.8141e-06,4.8072e-06,3.7861e-08,2.0649e-07,4.3333e-07,1.2250e-06,2.8684e-06,3.7312e-06,4.6156e-06
P57,30.00,0.00,60.00,0.00,5.7610e-08,2.2476e-07,5.1558e-07,1.2924e-06,3.8484e-06,3.8397e-06,4.8106e-06,5.4917e-08,2.1256e-07,4.3839e-07,1.2640e-06,2.8957e-06,3.7563e-06,4.6260e-06
P57,30.00,135.00,60.00,0.00,3.7305e-08,2.2471e-07,5.1520e-07,1.2912e-06,3.8483e-06,3.8396e-06,4.8105e-06,3.5453e-08,2.1254e-07,4.3822e-07,1.2627e-06,2.8955e-06,3.7561e-06,4.6259e-06
P57,0.00,180.00,0.00,0.00,6.1783e-08,2.2618e-07,5.1623e-07,1.2981e-06,3.8525e-06,3.8439e-06,4.8116e-06,5.8552e-08,2.1398e-07,4.3933e-07,1.2703e-06,2.9000e-06,3.7603e-06,4.6281e-06
P57,60.00,0.00,0.00,0.00,7.5566e-08,2.1877e-07,5.1230e-07,1.2585e-06,3.8229e-06,3.8142e-06,4.8072e-06,7.1771e-08,2.0652e-07,4.3360e-07,1.2265e-06,2.8687e-06,3.7313e-06,4.6157e-06
P57,0.00,180.00,30.00,0.00,5.7369e-08,2.2617e-07,5.1614e-07,1.2980e-06,3.8525e-06,3.8439e-06,4.8116e-06,5.4402e-08,2.1397e-07,4.3927e-07,1.2702e-06,2.9000e-06,3.7603e-06,4.6281e-06
P57,60.00,90.00,60.00,0.00,5.8744e-08,2.1872e-07,5.1202e-07,1.2583e-06,3.8229e-06,3.8142e-06,4.8072e-06,5.5912e-08,2.0650e-07,4.3344e-07,1.2263e-06,2.8686e-06,3.7313e-06,4.6157e-06
P57,30.00,0.00,30.00,0.00,7.0038e-08,2.2481e-07,5.1576e-07,1.2922e-06,3.8484e-06,3.8397e-06,4.8106e-06,6.6523e-08,2.1258e-07,4.3852e-07,1.2638e-06,2.8956e-06,3.7562e-06,4.6260e-06
P57,0.00,135.00,0.00,0.00,6.1783e-08,2.2618e-07,5.1623e-07,1.2981e-06,3.8525e-06,3.8439e-06,4.8116e-06,5.8552e-08,2.1398e-07,4.3933e-07,1.2703e-06,2.9000e-06,3.7603e-06,4.6281e-06
P57,0.00,90.00,30.00,0.00,5.7369e-08,2.2617e-07,5.1614e-07,1.2980e-06,3.8525e-06,3.8439e-06,4.8116e-06,5.4402e-08,2.1397e-07,4.3927e-07,1.2702e-06,2.9000e-06,3.7603e-06,4.6281e-06
P57,0.00,135.00,60.00,0.00,3.8383e-08,2.2611e-07,5.1588e-07,1.2978e-06,3.8525e-06,3.8438e-06,4.8116e-06,3.6506e-08,2.1395e-07,4.3910e-07,1.2700e-06,2.9000e-06,3.7603e-06,4.6281e-06
P57,30.00,45.00,60.00,0.00,5.2331e-08,2.2475e-07,5.1547e-07,1.2921e-06,3.8484e-06,3.8397e-06,4.8106e-06,4.9848e-08,2.1255e-07,4.3834e-07,1.2637e-06,2.8956e-06,3.7562e-06,4.6259e-06
P57,0.00,90.00,0.00,0.00,6.1783e-08,2.2618e-07,5.1623e-07,1.2981e-06,3.8525e-06,3.8439e-06,4.8116e-06,5.8552e-08,2.1398e-07,4.3933e-07,1.2703e-06,2.9000e-06,3.7603e-06,4.6281e-06
P57,30.00,180.00,60.00,0.00,3.5384e-08,2.2471e-07,5.1517e-07,1.2911e-06,3.8483e-06,3.8396e-06,4.8105e-06,3.3618e-08,2.1254e-07,4.3820e-07,1.2626e-06,2.8955e-06,3.7561e-06,4.6259e-06
P57,0.00,90.00,60.00,0.00,3.8383e-08,2.2611e-07,5.1588e-07,1.2978e-06,3.8525e-06,3.8438e-06,4.8116e-06,3.6506e-08,2.1395e-07,4.3910e-07,1.2700e-06,2.9000e-06,3.7603e-06,4.6281e-06
P57,30.00,135.00,0.00,0.00,6.6056e-08,2.2479e-07,5.1563e-07,1.2917e-06,3.8483e-06,3.8396e-06,4.8106e-06,6.2623e-08,2.1258e-07,4.3847e-07,1.2633e-06,2.8956e-06,3.7562e-06,4.6259e-06
P57,30.00,180.00,30.00,0.00,5.6552e-08,2.2476e-07,5.1544e-07,1.2913e-06,3.8483e-06,3.8396e-06,4.8105e-06,5.3610e-08,2.1256e-07,4.3836e-07,1.2629e-06,2.8955e-06,3.7562e-06,4.6259e-06
P57,30.00,0.00,0.00,0.00,6.6056e-08,2.2479e-07,5.1563e-07,1.2917e-06,3.8483e-06,3.8396e-06,4.8106e-06,6.2623e-08,2.1258e-07,4.3847e-07,1.2633e-06,2.8956e-06,3.7562e-06,4.6259e-06
P57,0.00,45.00,0.00,0.00,6.1783e-08,2.2618e-07,5.1623e-07,1.2981e-06,3.8525e-06,3.8439e-06,4.8116e-06,5.8552e-08,2.1398e-07,4.3933e-07,1.2703e-06,2.9000e-06,3.7603e-06,4.6281e-06
P57,0.00,0.00,60.00,0.00,3.8383e-08,2.2611e-07,5.1588e-07,1.2978e-06,3.8525e-06,3.8438e-06,4.8116e-06,3.6506e-08,2.1395e-07,4.3910e-07,1.2700e-06,2.9000e-06,3.7603e-06,4.6281e-06
P57,60.00,90.00,0.00,0.00,7.5566e-08,2.1877e-07,5.1230e-07,1.2585e-06,3.8229e-06,3.8142e-06,4.8072e-06,7.1771e-08,2.0652e-07,4.3360e-07,1.2265e-06,2.8687e-06,3.7313e-06,4.6157e-06
P57,60.00,0.00,60.00,0.00,1.3019e-07,2.1888e-07,5.1328e-07,1.2640e-06,3.8235e-06,3.8148e-06,4.8073e-06,1.2458e-07,2.0654e-07,4.3395e-07,1.2325e-06,2.8697e-06,3.7319e-06,4.6160e-06
P57,60.00,90.00,30.00,0.00,7.4103e-08,2.1876e-07,5.1226e-07,1.2585e-06,3.8229e-06,3.8142e-06,4.8072e-06,7.0416e-08,2.0652e-07,4.3357e-07,1.2265e-06,2.8686e-06,3.7313e-06,4.6157e-06
P57,0.00,0.00,30.00,0.00,5.7369e-08,2.2617e-07,5.1614e-07,1.2980e-06,3.8525e-06,3.8439e-06,4.8116e-06,5.4402e-08,2.1397e-07,4.3927e-07,1.2702e-06,2.9000e-06,3.7603e-06,4.6281e-06
P57,30.00,90.00,60.00,0.00,4.3283e-08,2.2473e-07,5.1530e-07,1.2915e-06,3.8483e-06,3.8396e-06,4.8105e-06,4.1173e-08,2.1254e-07,4.3826e-07,1.2631e-06,2.8955e-06,3.7562e-06,4.6259e-06
P57,0.00,135.00,30.00,0.00,5.7369e-08,2.2617e-07,5.1614e-07,1.2980e-06,3.8525e-06,3.8439e-06,4.8116e-06,5.4402e-08,2.1397e-07,4.3927e-07,1.2702e-06,2.9000e-06,3.7603e-06,4.6281e-06
P57,30.00,90.00,30.00,0.00,6.2403e-08,2.2478e-07,5.1559e-07,1.2918e-06,3.8483e-06,3.8396e-06,4.8106e-06,5.9209e-08,2.1257e-07,4.3844e-07,1.2633e-06,2.8956e-06,3.7562e-06,4.6259e-06
P57,60.00,45.00,0.00,0.00,7.5566e-08,2.1877e-07,5.1230e-07,1.2585e-06,3.8229e-06,3.8142e-06,4.8072e-06,7.1771e-08,2.0652e-07,4.3360e-07,1.2265e-06,2.8687e-06,3.7313e-06,4.6157e-06
P57,60.00,180.00,0.00,0.00,7.5566e-08,2.1877e-07,5.1230e-07,1.2585e-06,3.8229e-06,3.8142e-06,4.8072e-06,7.1771e-08,2.0652e-07,4.3360e-07,1.2265e-06,2.8687e-06,3.7313e-06,4.6157e-06
P57,30.00,135.00,30.00,0.00,5.8119e-08,2.2477e-07,5.1549e-07,1.2915e-06,3.8483e-06,3.8396e-06,4.8106e-06,5.5110e-08,2.1256e-07,4.3839e-07,1.2631e-06,2.8955e-06,3.7562e-06,4.6259e-06
P57,30.00,90.00,0.00,0.00,6.6056e-08,2.2479e-07,5.1563e-07,1.2917e-06,3.8483e-06,3.8396e-06,4.8106e-06,6.2623e-08,2.1258e-07,4.3847e-07,1.2633e-06,2.8956e-06,3.7562e-06,4.6259e-06
P57,0.00,45.00,30.00,0.00,5.7369e-08,2.2617e-07,5.1614e-07,1.2980e-06,3.8525e-06,3.8439e-06,4.8116e-06,5.4402e-08,2.1397e-07,4.3927e-07,1.2702e-06,2.9000e-06,3.7603e-06,4.6281e-06
P57,60.00,135.00,60.00,0.00,4.3785e-08,2.1869e-07,5.1182e-07,1.2574e-06,3.8228e-06,3.8141e-06,4.8072e-06,4.1618e-08,2.0649e-07,4.3336e-07,1.2254e-06,2.8685e-06,3.7312e-06,4.6156e-06
P57,60.00,180.00,30.00,0.00,6.0455e-08,2.1873e-07,5.1204e-07,1.2578e-06,3.8228e-06,3.8141e-06,4.8072e-06,5.7365e-08,2.0651e-07,4.3348e-07,1.2257e-06,2.8685e-06,3.7312e-06,4.6156e-06
P57,60.00,135.00,30.00,0.00,6.3773e-08,2.1874e-07,5.1209e-07,1.2579e-06,3.8228e-06,3.8142e-06,4.8072e-06,6.0535e-08,2.0651e-07,4.3350e-07,1.2259e-06,2.8685e-06,3.7312e-06,4.6156e-06
P57,60.00,135.00,0.00,0.00,7.5566e-08,2.1877e-07,5.1230e-07,1.2585e-06,3.8229e-06,3.8142e-06,4.8072e-06,7.1771e-08,2.0652e-07,4.3360e-07,1.2265e-06,2.8687e-06,3.7313e-06,4.6157e-06
P57,60.00,0.00,30.00,0.00,9.8855e-08,2.1883e-07,5.1273e-07,1.2600e-06,3.8231e-06,3.8144e-06,4.8073e-06,9.4159e-08,2.0653e-07,4.3378e-07,1.2282e-06,2.8689e-06,3.7315e-06,4.6158e-06
P57,0.00,45.00,60.00,0.00,3.8383e-08,2.2611e-07,5.1588e-07,1.2978e-06,3.8525e-06,3.8438e-06,4.8116e-06,3.6506e-08,2.1395e-07,4.3910e-07,1.2700e-06,2.9000e-06,3.7603e-06,4.6281e-06
P58,30.00,45.00,30.00,0.00,8.3286e-08,4.3658e-07,1.3030e-06,5.4111e-06,1.0746e-05,1.0734e-05,8.3748e-06,8.1914e-08,4.0137e-07,1.0024e-06,5.4527e-06,9.4032e-06,1.0660e-05,9.5520e-06
P58,60.00,135.00,60.00,0.00,5.8788e-08,3.6321e-07,1.1613e-06,5.1425e-06,1.0336e-05,1.0324e-05,7.4257e-06,5.8256e-08,3.3124e-07,8.8044e-07,5.2072e-06,9.1111e-06,1.0270e-05,8.7226e-06
P58,60.00,45.00,30.00,0.00,9.1910e-08,3.6322e-07,1.1613e-06,5.1433e-06,1.0336e-05,1.0324e-05,7.4257e-06,9.0323e-08,3.3124e-07,8.8044e-07,5.2080e-06,9.1113e-06,1.0270e-05,8.7226e-06
P58,30.00,180.00,60.00,0.00,5.8010e-08,4.3657e-07,1.3030e-06,5.4107e-06,1.0746e-05,1.0734e-05,8.3748e-06,5.7603e-08,4.0137e-07,1.0024e-06,5.4522e-06,9.4031e-06,1.0660e-05,9.5519e-06
P58,60.00,0.00,0.00,0.00,8.2898e-08,3.6322e-07,1.1613e-06,5.1430e-06,1.0336e-05,1.0324e-05,7.4257e-06,8.1481e-08,3.3124e-07,8.8044e-07,5.2077e-06,9.1112e-06,1.0270e-05,8.7226e-06
P58,30.00,135.00,0.00,0.00,8.2822e-08,4.3658e-07,1.3030e-06,5.4110e-06,1.0746e-05,1.0734e-05,8.3748e-06,8.1379e-08,4.0137e-07,1.0024e-06,5.4526e-06,9.4032e-06,1.0660e-05,9.5520e-06
P58,0.00,180.00,0.00,0.00,8.1094e-08,4.5570e-07,1.3393e-06,5.4683e-06,1.0829e-05,1.0816e-05,8.6131e-06,7.9716e-08,4.1969e-07,1.0334e-06,5.5044e-06,9.4589e-06,1.0738e-05,9.7504e-06
P58,60.00,180.00,60.00,0.00,5.6280e-08,3.6321e-07,1.1613e-06,5.1424e-06,1.0336e-05,1.0324e-05,7.4257e-06,5.5815e-08,3.3124e-07,8.8044e-07,5.2071e-06,9.1111e-06,1.0270e-05,8.7226e-06
P58,60.00,45.00,0.00,0.00,8.2898e-08,3.6322e-07,1.1613e-06,5.1430e-06,1.0336e-05,1.0324e-05,7.4257e-06,8.1481e-08,3.3124e-07,8.8044e-07,5.2077e-06,9.1112e-06,1.0270e-05,8.7226e-06
P58,0.00,90.00,60.00,0.00,6.1196e-08,4.5570e-07,1.3393e-06,5.4681e-06,1.0829e-05,1.0816e-05,8.6131e-06,6.0734e-08,4.1969e-07,1.0334e-06,5.5041e-06,9.4589e-06,1.0738e-05,9.7504e-06
P58,30.00,0.00,60.00,0.00,7.3206e-08,4.3658e-07,1.3030e-06,5.4111e-06,1.0746e-05,1.0734e-05,8.3748e-06,7.2416e-08,4.0137e-07,1.0024e-06,5.4527e-06,9.4032e-06,1.0660e-05,9.5520e-06
P58,0.00,45.00,60.00,0.00,6.1196e-08,4.5570e-07,1.3393e-06,5.4681e-06,1.0829e-05,1.0816e-05,8.6131e-06,6.0734e-08,4.1969e-07,1.0334e-06,5.5041e-06,9.4589e-06,1.0738e-05,9.7504e-06
P58,0.00,90.00,30.00,0.00,7.7203e-08,4.5570e-07,1.3393e-06,5.4683e-06,1.0829e-05,1.0816e-05,8.6131e-06,7.6017e-08,4.1969e-07,1.0334e-06,5.5043e-06,9.4589e-06,1.0738e-05,9.7504e-06
P58,0.00,0.00,30.00,0.00,7.7203e-08,4.5570e-07,1.3393e-06,5.4683e-06,1.0829e-05,1.0816e-05,8.6131e-06,7.6017e-08,4.1969e-07,1.0334e-06,5.5043e-06,9.4589e-06,1.0738e-05,9.7504e-06
P58,60.00,90.00,0.00,0.00,8.2898e-08,3.6322e-07,1.1613e-06,5.1430e-06,1.0336e-05,1.0324e-05,7.4257e-06,8.1481e-08,3.3124e-07,8.8044e-07,5.2077e-06,9.1112e-06,1.0270e-05,8.7226e-06
P58,0.00,90.00,0.00,0.00,8.1094e-08,4.5570e-07,1.3393e-06,5.4683e-06,1.0829e-05,1.0816e-05,8.6131e-06,7.9716e-08,4.1969e-07,1.0334e-06,5.5044e-06,9.4589e-06,1.0738e-05,9.7504e-06
P58,0.00,135.00,60.00,0.00,6.1196e-08,4.5570e-07,1.3393e-06,5.4681e-06,1.0829e-05,1.0816e-05,8.6131e-06,6.0734e-08,4.1969e-07,1.0334e-06,5.5041e-06,9.4589e-06,1.0738e-05,9.7504e-06
P58,30.00,45.00,60.00,0.00,6.9592e-08,4.3658e-07,1.3030e-06,5.4110e-06,1.0746e-05,1.0734e-05,8.3748e-06,6.8886e-08,4.0137e-07,1.0024e-06,5.4526e-06,9.4031e-06,1.0660e-05,9.5519e-06
P58,0.00,180.00,60.00,0.00,6.1196e-08,4.5570e-07,1.3393e-06,5.4681e-06,1.0829e-05,1.0816e-05,8.6131e-06,6.0734e-08,4.1969e-07,1.0334e-06,5.5041e-06,9.4589e-06,1.0738e-05,9.7504e-06
P58,0.00,0.00,60.00,0.00,6.1196e-08,4.5570e-07,1.3393e-06,5.4681e-06,1.0829e-05,1.0816e-05,8.6131e-06,6.0734e-08,4.1969e-07,1.0334e-06,5.5041e-06,9.4589e-06,1.0738e-05,9.7504e-06
P58,60.00,180.00,30.00,0.00,7.1991e-08,3.6322e-07,1.1613e-06,5.1427e-06,1.0336e-05,1.0324e-05,7.4257e-06,7.0922e-08,3.3124e-07,8.8044e-07,5.2074e-06,9.1112e-06,1.0270e-05,8.7226e-06
P58,60.00,180.00,0.00,0.00,8.2898e-08,3.6322e-07,1.1613e-06,5.1430e-06,1.0336e-05,1.0324e-05,7.4257e-06,8.1481e-08,3.3124e-07,8.8044e-07,5.2077e-06,9.1112e-06,1.0270e-05,8.7226e-06
P58,0.00,135.00,30.00,0.00,7.7203e-08,4.5570e-07,1.3393e-06,5.4683e-06,1.0829e-05,1.0816e-05,8.6131e-06,7.6017e-08,4.1969e-07,1.0334e-06,5.5043e-06,9.4589e-06,1.0738e-05,9.7504e-06
P58,30.00,135.00,30.00,0.00,7.6370e-08,4.3658e-07,1.3030e-06,5.4109e-06,1.0746e-05,1.0734e-05,8.3748e-06,7.5195e-08,4.0137e-07,1.0024e-06,5.4525e-06,9.4031e-06,1.0660e-05,9.5520e-06
P58,60.00,135.00,30.00,0.00,7.4245e-08,3.6322e-07,1.1613e-06,5.1427e-06,1.0336e-05,1.0324e-05,7.4257e-06,7.3113e-08,3.3124e-07,8.8044e-07,5.2075e-06,9.1112e-06,1.0270e-05,8.7226e-06
P58,0.00,0.00,0.00,0.00,8.1094e-08,4.5570e-07,1.3393e-06,5.4683e-06,1.0829e-05,1.0816e-05,8.6131e-06,7.9716e-08,4.1969e-07,1.0334e-06,5.5044e-06,9.4589e-06,1.0738e-05,9.7504e-06
P58,60.00,0.00,30.00,0.00,9.8125e-08,3.6322e-07,1.1613e-06,5.1434e-06,1.0336e-05,1.0324e-05,7.4257e-06,9.6391e-08,3.3124e-07,8.8044e-07,5.2082e-06,9.1113e-06,1.0270e-05,8.7226e-06
P58,60.00,90.00,60.00,0.00,6.8329e-08,3.6322e-07,1.1613e-06,5.1427e-06,1.0336e-05,1.0324e-05,7.4257e-06,6.7551e-08,3.3124e-07,8.8044e-07,5.2074e-06,9.1112e-06,1.0270e-05,8.7226e-06
P58,0.00,135.00,0.00,0.00,8.1094e-08,4.5570e-07,1.3393e-06,5.4683e-06,1.0829e-05,1.0816e-05,8.6131e-06,7.9716e-08,4.1969e-07,1.0334e-06,5.5044e-06,9.4589e-06,1.0738e-05,9.7504e-06
P58,30.00,135.00,60.00,0.00,5.9321e-08,4.3658e-07,1.3030e-06,5.4107e-06,1.0746e-05,1.0734e-05,8.3748e-06,5.8877e-08,4.0137e-07,1.0024e-06,5.4522e-06,9.4031e-06,1.0660e-05,9.5519e-06
P58,60.00,0.00,60.00,0.00,1.1414e-07,3.6323e-07,1.1613e-06,5.1442e-06,1.0336e-05,1.0324e-05,7.4257e-06,1.1240e-07,3.3124e-07,8.8044e-07,5.2091e-06,9.1114e-06,1.0270e-05,8.7226e-06
P58,30.00,0.00,0.00,0.00,8.2822e-08,4.3658e-07,1.3030e-06,5.4110e-06,1.0746e-05,1.0734e-05,8.3748e-06,8.1379e-08,4.0137e-07,1.0024e-06,5.4526e-06,9.4032e-06,1.0660e-05,9.5520e-06
P58,60.00,90.00,30.00,0.00,8.1268e-08,3.6322e-07,1.1613e-06,5.1429e-06,1.0336e-05,1.0324e-05,7.4257e-06,7.9947e-08,3.3124e-07,8.8044e-07,5.2077e-06,9.1112e-06,1.0270e-05,8.7226e-06
P58,30.00,45.00,0.00,0.00,8.2822e-08,4.3658e-07,1.3030e-06,5.4110e-06,1.0746e-05,1.0734e-05,8.3748e-06,8.1379e-08,4.0137e-07,1.0024e-06,5.4526e-06,9.4032e-06,1.0660e-05,9.5520e-06
P58,0.00,45.00,0.00,0.00,8.1094e-08,4.5570e-07,1.3393e-06,5.4683e-06,1.0829e-05,1.0816e-05,8.6131e-06,7.9716e-08,4.1969e-07,1.0334e-06,5.5044e-06,9.4589e-06,1.0738e-05,9.7504e-06
P58,0.00,180.00,30.00,0.00,7.7203e-08,4.5570e-07,1.3393e-06,5.4683e-06,1.0829e-05,1.0816e-05,8.6131e-06,7.6017e-08,4.1969e-07,1.0334e-06,5.5043e-06,9.4589e-06,1.0738e-05,9.7504e-06
P58,60.00,45.00,60.00,0.00,9.1314e-08,3.6322e-07,1.1613e-06,5.1434e-06,1.0336e-05,1.0324e-05,7.4257e-06,9.0017e-08,3.3124e-07,8.8044e-07,5.2082e-06,9.1113e-06,1.0270e-05,8.7226e-06
P58,0.00,45.00,30.00,0.00,7.7203e-08,4.5570e-07,1.3393e-06,5.4683e-06,1.0829e-05,1.0816e-05,8.6131e-06,7.6017e-08,4.1969e-07,1.0334e-06,5.5043e-06,9.4589e-06,1.0738e-05,9.7504e-06
P58,30.00,180.00,0.00,0.00,8.2822e-08,4.3658e-07,1.3030e-06,5.4110e-06,1.0746e-05,1.0734e-05,8.3748e-06,8.1379e-08,4.0137e-07,1.0024e-06,5.4526e-06,9.4032e-06,1.0660e-05,9.5520e-06
P58,30.00,90.00,30.00,0.00,7.9510e-08,4.3658e-07,1.3030e-06,5.4110e-06,1.0746e-05,1.0734e-05,8.3748e-06,7.8244e-08,4.0137e-07,1.0024e-06,5.4526e-06,9.4032e-06,1.0660e-05,9.5520e-06
P58,30.00,90.00,0.00,0.00,8.2822e-08,4.3658e-07,1.3030e-06,5.4110e-06,1.0746e-05,1.0734e-05,8.3748e-06,8.1379e-08,4.0137e-07,1.0024e-06,5.4526e-06,9.4032e-06,1.0660e-05,9.5520e-06
P58,30.00,180.00,30.00,0.00,7.5222e-08,4.3658e-07,1.3030e-06,5.4109e-06,1.0746e-05,1.0734e-05,8.3748e-06,7.4079e-08,4.0137e-07,1.0024e-06,5.4524e-06,9.4031e-06,1.0660e-05,9.5520e-06
P58,30.00,90.00,60.00,0.00,6.3404e-08,4.3658e-07,1.3030e-06,5.4108e-06,1.0746e-05,1.0734e-05,8.3748e-06,6.2852e-08,4.0137e-07,1.0024e-06,5.4524e-06,9.4031e-06,1.0660e-05,9.5519e-06
P58,60.00,135.00,0.00,0.00,8.2898e-08,3.6322e-07,1.1613e-06,5.1430e-06,1.0336e-05,1.0324e-05,7.4257e-06,8.1481e-08,3.3124e-07,8.8044e-07,5.2077e-06,9.1112e-06,1.0270e-05,8.7226e-06
P58,30.00,0.00,30.00,0.00,8.5112e-08,4.3658e-07,1.3030e-06,5.4112e-06,1.0746e-05,1.0734e-05,8.3748e-06,8.3691e-08,4.0137e-07,1.0024e-06,5.4528e-06,9.4032e-06,1.0660e-05,9.5520e-06
P59,60.00,45.00,60.00,0.00,9.6767e-08,2.0461e-07,7.0137e-07,2.1799e-06,5.8056e-06,5.7944e-06,4.9552e-06,9.2530e-08,1.8596e-07,5.2902e-07,2.1754e-06,4.5740e-06,5.6984e-06,5.6270e-06
P59,60.00,135.00,60.00,0.00,4.6088e-08,2.0454e-07,7.0094e-07,2.1765e-06,5.8052e-06,5.7940e-06,4.9551e-06,4.3976e-08,1.8594e-07,5.2888e-07,2.1717e-06,4.5734e-06,5.6980e-06,5.6269e-06
P59,30.00,180.00,30.00,0.00,5.9281e-08,2.4458e-07,7.7747e-07,2.2655e-06,5.8449e-06,5.8337e-06,5.4035e-06,5.6409e-08,2.2405e-07,6.0135e-07,2.2546e-06,4.6235e-06,5.7343e-06,5.9289e-06
P59,60.00,0.00,30.00,0.00,1.0092e-07,2.0463e-07,7.0148e-07,2.1791e-06,5.8055e-06,5.7943e-06,4.9552e-06,9.6290e-08,1.8597e-07,5.2908e-07,2.1745e-06,4.5738e-06,5.6983e-06,5.6270e-06
P59,0.00,135.00,60.00,0.00,4.1278e-08,2.5520e-07,7.9523e-07,2.2849e-06,5.8538e-06,5.8428e-06,5.5071e-06,3.9462e-08,2.3429e-07,6.1877e-07,2.2725e-06,4.6361e-06,5.7428e-06,5.9961e-06
P59,60.00,180.00,0.00,0.00,7.7730e-08,2.0459e-07,7.0124e-07,2.1775e-06,5.8053e-06,5.7941e-06,4.9551e-06,7.4001e-08,1.8596e-07,5.2900e-07,2.1728e-06,4.5736e-06,5.6981e-06,5.6269e-06
P59,60.00,90.00,60.00,0.00,6.0980e-08,2.0456e-07,7.0106e-07,2.1774e-06,5.8053e-06,5.7941e-06,4.9551e-06,5.8204e-08,1.8595e-07,5.2892e-07,2.1727e-06,4.5736e-06,5.6981e-06,5.6269e-06
P59,0.00,45.00,30.00,0.00,6.0195e-08,2.5523e-07,7.9540e-07,2.2851e-06,5.8538e-06,5.8428e-06,5.5071e-06,5.7299e-08,2.3430e-07,6.1887e-07,2.2727e-06,4.6361e-06,5.7428e-06,5.9961e-06
P59,30.00,90.00,30.00,0.00,6.5104e-08,2.4459e-07,7.7756e-07,2.2659e-06,5.8449e-06,5.8338e-06,5.4035e-06,6.1980e-08,2.2406e-07,6.0139e-07,2.2550e-06,4.6236e-06,5.7343e-06,5.9289e-06
P59,0.00,180.00,30.00,0.00,6.0195e-08,2.5523e-07,7.9540e-07,2.2851e-06,5.8538e-06,5.8428e-06,5.5071e-06,5.7299e-08,2.3430e-07,6.1887e-07,2.2727e-06,4.6361e-06,5.7428e-06,5.9961e-06
P59,30.00,180.00,60.00,0.00,3.8193e-08,2.4454e-07,7.7730e-07,2.2652e-06,5.8448e-06,5.8337e-06,5.4035e-06,3.6486e-08,2.2404e-07,6.0126e-07,2.2543e-06,4.6235e-06,5.7342e-06,5.9289e-06
P59,0.00,90.00,30.00,0.00,6.0195e-08,2.5523e-07,7.9540e-07,2.2851e-06,5.8538e-06,5.8428e-06,5.5071e-06,5.7299e-08,2.3430e-07,6.1887e-07,2.2727e-06,4.6361e-06,5.7428e-06,5.9961e-06
P59,30.00,45.00,0.00,0.00,6.8736e-08,2.4460e-07,7.7759e-07,2.2659e-06,5.8449e-06,5.8338e-06,5.4035e-06,6.5377e-08,2.2406e-07,6.0140e-07,2.2550e-06,4.6236e-06,5.7343e-06,5.9289e-06
P59,0.00,45.00,60.00,0.00,4.1278e-08,2.5520e-07,7.9523e-07,2.2849e-06,5.8538e-06,5.8428e-06,5.5071e-06,3.9462e-08,2.3429e-07,6.1877e-07,2.2725e-06,4.6361e-06,5.7428e-06,5.9961e-06
P59,30.00,90.00,0.00,0.00,6.8736e-08,2.4460e-07,7.7759e-07,2.2659e-06,5.8449e-06,5.8338e-06,5.4035e-06,6.5377e-08,2.2406e-07,6.0140e-07,2.2550e-06,4.6236e-06,5.7343e-06,5.9289e-06
P59,60.00,90.00,0.00,0.00,7.7730e-08,2.0459e-07,7.0124e-07,2.1775e-06,5.8053e-06,5.7941e-06,4.9551e-06,7.4001e-08,1.8596e-07,5.2900e-07,2.1728e-06,4.5736e-06,5.6981e-06,5.6269e-06
P59,0.00,90.00,0.00,0.00,6.4586e-08,2.5524e-07,7.9546e-07,2.2852e-06,5.8538e-06,5.8428e-06,5.5071e-06,6.1430e-08,2.3431e-07,6.1890e-07,2.2728e-06,4.6361e-06,5.7428e-06,5.9961e-06
P59,30.00,45.00,60.00,0.00,5.5058e-08,2.4457e-07,7.7748e-07,2.2662e-06,5.8449e-06,5.8338e-06,5.4035e-06,5.2636e-08,2.2405e-07,6.0133e-07,2.2554e-06,4.6237e-06,5.7343e-06,5.9289e-06
P59,60.00,135.00,30.00,0.00,6.6001e-08,2.0457e-07,7.0111e-07,2.1770e-06,5.8053e-06,5.7940e-06,4.9551e-06,6.2826e-08,1.8595e-07,5.2895e-07,2.1722e-06,4.5735e-06,5.6981e-06,5.6269e-06
P59,30.00,180.00,0.00,0.00,6.8736e-08,2.4460e-07,7.7759e-07,2.2659e-06,5.8449e-06,5.8338e-06,5.4035e-06,6.5377e-08,2.2406e-07,6.0140e-07,2.2550e-06,4.6236e-06,5.7343e-06,5.9289e-06
P59,30.00,135.00,0.00,0.00,6.8736e-08,2.4460e-07,7.7759e-07,2.2659e-06,5.8449e-06,5.8338e-06,5.4035e-06,6.5377e-08,2.2406e-07,6.0140e-07,2.2550e-06,4.6236e-06,5.7343e-06,5.9289e-06
P59,30.00,135.00,60.00,0.00,4.0103e-08,2.4454e-07,7.7731e-07,2.2653e-06,5.8448e-06,5.8337e-06,5.4035e-06,3.8311e-08,2.2404e-07,6.0127e-07,2.2544e-06,4.6235e-06,5.7342e-06,5.9289e-06
P59,30.00,0.00,0.00,0.00,6.8736e-08,2.4460e-07,7.7759e-07,2.2659e-06,5.8449e-06,5.8338e-06,5.4035e-06,6.5377e-08,2.2406e-07,6.0140e-07,2.2550e-06,4.6236e-06,5.7343e-06,5.9289e-06
P59,60.00,180.00,30.00,0.00,6.2700e-08,2.0457e-07,7.0109e-07,2.1768e-06,5.8052e-06,5.7940e-06,4.9551e-06,5.9673e-08,1.8595e-07,5.2894e-07,2.1721e-06,4.5734e-06,5.6981e-06,5.6269e-06
P59,60.00,45.00,0.00,0.00,7.7730e-08,2.0459e-07,7.0124e-07,2.1775e-06,5.8053e-06,5.7941e-06,4.9551e-06,7.4001e-08,1.8596e-07,5.2900e-07,2.1728e-06,4.5736e-06,5.6981e-06,5.6269e-06
P59,30.00,90.00,60.00,0.00,4.6052e-08,2.4455e-07,7.7737e-07,2.2656e-06,5.8449e-06,5.8338e-06,5.4035e-06,4.4002e-08,2.2404e-07,6.0129e-07,2.2548e-06,4.6236e-06,5.7343e-06,5.9289e-06
P59,0.00,0.00,60.00,0.00,4.1278e-08,2.5520e-07,7.9523e-07,2.2849e-06,5.8538e-06,5.8428e-06,5.5071e-06,3.9462e-08,2.3429e-07,6.1877e-07,2.2725e-06,4.6361e-06,5.7428e-06,5.9961e-06
P59,60.00,45.00,30.00,0.00,9.1841e-08,2.0461e-07,7.0138e-07,2.1786e-06,5.8054e-06,5.7942e-06,4.9552e-06,8.7573e-08,1.8596e-07,5.2905e-07,2.1739e-06,4.5738e-06,5.6982e-06,5.6270e-06
P59,60.00,135.00,0.00,0.00,7.7730e-08,2.0459e-07,7.0124e-07,2.1775e-06,5.8053e-06,5.7941e-06,4.9551e-06,7.4001e-08,1.8596e-07,5.2900e-07,2.1728e-06,4.5736e-06,5.6981e-06,5.6269e-06
P59,60.00,90.00,30.00,0.00,7.6280e-08,2.0459e-07,7.0121e-07,2.1775e-06,5.8053e-06,5.7941e-06,4.9551e-06,7.2657e-08,1.8596e-07,5.2899e-07,2.1728e-06,4.5736e-06,5.6981e-06,5.6269e-06
P59,30.00,135.00,30.00,0.00,6.0840e-08,2.4458e-07,7.7750e-07,2.2657e-06,5.8449e-06,5.8338e-06,5.4035e-06,5.7901e-08,2.2405e-07,6.0136e-07,2.2547e-06,4.6236e-06,5.7343e-06,5.9289e-06
P59,60.00,180.00,60.00,0.00,4.2170e-08,2.0454e-07,7.0090e-07,2.1761e-06,5.8052e-06,5.7940e-06,4.9551e-06,4.0238e-08,1.8594e-07,5.2887e-07,2.1713e-06,4.5733e-06,5.6980e-06,5.6269e-06
P59,0.00,180.00,0.00,0.00,6.4586e-08,2.5524e-07,7.9546e-07,2.2852e-06,5.8538e-06,5.8428e-06,5.5071e-06,6.1430e-08,2.3431e-07,6.1890e-07,2.2728e-06,4.6361e-06,5.7428e-06,5.9961e-06
P59,0.00,135.00,0.00,0.00,6.4586e-08,2.5524e-07,7.9546e-07,2.2852e-06,5.8538e-06,5.8428e-06,5.5071e-06,6.1430e-08,2.3431e-07,6.1890e-07,2.2728e-06,4.6361e-06,5.7428e-06,5.9961e-06
P59,0.00,180.00,60.00,0.00,4.1278e-08,2.5520e-07,7.9523e-07,2.2849e-06,5.8538e-06,5.8428e-06,5.5071e-06,3.9462e-08,2.3429e-07,6.1877e-07,2.2725e-06,4.6361e-06,5.7428e-06,5.9961e-06
P59,30.00,0.00,60.00,0.00,6.0314e-08,2.4458e-07,7.7753e-07,2.2666e-06,5.8450e-06,5.8339e-06,5.4035e-06,5.7683e-08,2.2405e-07,6.0135e-07,2.2557e-06,4.6238e-06,5.7344e-06,5.9290e-06
P59,0.00,135.00,30.00,0.00,6.0195e-08,2.5523e-07,7.9540e-07,2.2851e-06,5.8538e-06,5.8428e-06,5.5071e-06,5.7299e-08,2.3430e-07,6.1887e-07,2.2727e-06,4.6361e-06,5.7428e-06,5.9961e-06
P59,60.00,0.00,0.00,0.00,7.7730e-08,2.0459e-07,7.0124e-07,2.1775e-06,5.8053e-06,5.7941e-06,4.9551e-06,7.4001e-08,1.8596e-07,5.2900e-07,2.1728e-06,4.5736e-06,5.6981e-06,5.6269e-06
P59,0.00,90.00,60.00,0.00,4.1278e-08,2.5520e-07,7.9523e-07,2.2849e-06,5.8538e-06,5.8428e-06,5.5071e-06,3.9462e-08,2.3429e-07,6.1877e-07,2.2725e-06,4.6361e-06,5.7428e-06,5.9961e-06
P59,0.00,45.00,0.00,0.00,6.4586e-08,2.5524e-07,7.9546e-07,2.2852e-06,5.8538e-06,5.8428e-06,5.5071e-06,6.1430e-08,2.3431e-07,6.1890e-07,2.2728e-06,4.6361e-06,5.7428e-06,5.9961e-06
P59,60.00,0.00,60.00,0.00,1.3219e-07,2.0467e-07,7.0176e-07,2.1831e-06,5.8059e-06,5.7947e-06,4.9552e-06,1.2664e-07,1.8597e-07,5.2915e-07,2.1789e-06,4.5747e-06,5.6988e-06,5.6272e-06
P59,30.00,45.00,30.00,0.00,7.0228e-08,2.4460e-07,7.7763e-07,2.2662e-06,5.8449e-06,5.8338e-06,5.4035e-06,6.6886e-08,2.2406e-07,6.0142e-07,2.2553e-06,4.6237e-06,5.7343e-06,5.9289e-06
P59,0.00,0.00,0.00,0.00,6.4586e-08,2.5524e-07,7.9546e-07,2.2852e-06,5.8538e-06,5.8428e-06,5.5071e-06,6.1430e-08,2.3431e-07,6.1890e-07,2.2728e-06,4.6361e-06,5.7428e-06,5.9961e-06
P59,0.00,0.00,30.00,0.00,6.0195e-08,2.5523e-07,7.9540e-07,2.2851e-06,5.8538e-06,5.8428e-06,5.5071e-06,5.7299e-08,2.3430e-07,6.1887e-07,2.2727e-06,4.6361e-06,5.7428e-06,5.9961e-06
P59,30.00,0.00,30.00,0.00,7.2703e-08,2.4461e-07,7.7767e-07,2.2663e-06,5.8449e-06,5.8338e-06,5.4035e-06,6.9260e-08,2.2406e-07,6.0143e-07,2.2555e-06,4.6237e-06,5.7343e-06,5.9289e-06
P60,60.00,135.00,30.00,0.00,6.8161e-08,2.2484e-07,7.8583e-07,4.5587e-06,9.5059e-06,9.4949e-06,6.8482e-06,6.6938e-08,2.0254e-07,5.6539e-07,4.6211e-06,8.3273e-06,9.4428e-06,8.0391e-06
P60,60.00,90.00,60.00,0.00,6.2169e-08,2.2484e-07,7.8583e-07,4.5587e-06,9.5058e-06,9.4949e-06,6.8482e-06,6.1315e-08,2.0254e-07,5.6539e-07,4.6210e-06,8.3273e-06,9.4428e-06,8.0390e-06
P60,60.00,0.00,60.00,0.00,1.0866e-07,2.2485e-07,7.8583e-07,4.5603e-06,9.5059e-06,9.4950e-06,6.8482e-06,1.0685e-07,2.0254e-07,5.6539e-07,4.6229e-06,8.3275e-06,9.4429e-06,8.0391e-06
P60,0.00,135.00,30.00,0.00,7.1009e-08,2.8034e-07,9.4936e-07,4.9117e-06,1.0005e-05,9.9931e-06,7.9388e-06,6.9725e-08,2.5359e-07,6.8709e-07,4.9491e-06,8.7109e-06,9.9205e-06,9.0013e-06
P60,30.00,180.00,30.00,0.00,6.8998e-08,2.6811e-07,9.1424e-07,4.8454e-06,9.9150e-06,9.9032e-06,7.7181e-06,6.7758e-08,2.4229e-07,6.6078e-07,4.8876e-06,8.6421e-06,9.8346e-06,8.8130e-06
P60,30.00,45.00,30.00,0.00,7.7169e-08,2.6811e-07,9.1424e-07,4.8457e-06,9.9150e-06,9.9032e-06,7.7181e-06,7.5696e-08,2.4229e-07,6.6078e-07,4.8879e-06,8.6422e-06,9.8346e-06,8.8130e-06
P60,30.00,45.00,60.00,0.00,6.3268e-08,2.6811e-07,9.1424e-07,4.8455e-06,9.9150e-06,9.9032e-06,7.7181e-06,6.2484e-08,2.4229e-07,6.6078e-07,4.8878e-06,8.6422e-06,9.8346e-06,8.8130e-06
P60,60.00,90.00,30.00,0.00,7.5282e-08,2.2484e-07,7.8583e-07,4.5589e-06,9.5059e-06,9.4949e-06,6.8482e-06,7.3867e-08,2.0254e-07,5.6539e-07,4.6213e-06,8.3273e-06,9.4429e-06,8.0391e-06
P60,0.00,180.00,30.00,0.00,7.1009e-08,2.8034e-07,9.4936e-07,4.9117e-06,1.0005e-05,9.9931e-06,7.9388e-06,6.9725e-08,2.5359e-07,6.8709e-07,4.9491e-06,8.7109e-06,9.9205e-06,9.0013e-06
P60,0.00,135.00,60.00,0.00,5.4766e-08,2.8034e-07,9.4936e-07,4.9115e-06,1.0005e-05,9.9931e-06,7.9388e-06,5.4229e-08,2.5359e-07,6.8709e-07,4.9489e-06,8.7108e-06,9.9205e-06,9.0013e-06
P60,30.00,90.00,60.00,0.00,5.7000e-08,2.6810e-07,9.1424e-07,4.8453e-06,9.9150e-06,9.9032e-06,7.7181e-06,5.6371e-08,2.4229e-07,6.6078e-07,4.8875e-06,8.6421e-06,9.8346e-06,8.8130e-06
P60,0.00,90.00,60.00,0.00,5.4766e-08,2.8034e-07,9.4936e-07,4.9115e-06,1.0005e-05,9.9931e-06,7.9388e-06,5.4229e-08,2.5359e-07,6.8709e-07,4.9489e-06,8.7108e-06,9.9205e-06,9.0013e-06
P60,60.00,180.00,60.00,0.00,4.9935e-08,2.2484e-07,7.8583e-07,4.5583e-06,9.5058e-06,9.4949e-06,6.8482e-06,4.9397e-08,2.0254e-07,5.6539e-07,4.6206e-06,8.3273e-06,9.4428e-06,8.0390e-06
P60,0.00,180.00,60.00,0.00,5.4766e-08,2.8034e-07,9.4936e-07,4.9115e-06,1.0005e-05,9.9931e-06,7.9388e-06,5.4229e-08,2.5359e-07,6.8709e-07,4.9489e-06,8.7108e-06,9.9205e-06,9.0013e-06
P60,0.00,0.00,60.00,0.00,5.4766e-08,2.8034e-07,9.4936e-07,4.9115e-06,1.0005e-05,9.9931e-06,7.9388e-06,5.4229e-08,2.5359e-07,6.8709e-07,4.9489e-06,8.7108e-06,9.9205e-06,9.0013e-06
P60,30.00,90.00,0.00,0.00,7.6709e-08,2.6811e-07,9.1424e-07,4.8456e-06,9.9150e-06,9.9032e-06,7.7181e-06,7.5160e-08,2.4229e-07,6.6078e-07,4.8878e-06,8.6422e-06,9.8346e-06,8.8130e-06
P60,60.00,180.00,30.00,0.00,6.5875e-08,2.2484e-07,7.8583e-07,4.5587e-06,9.5059e-06,9.4949e-06,6.8482e-06,6.4716e-08,2.0254e-07,5.6539e-07,4.6210e-06,8.3273e-06,9.4428e-06,8.0391e-06
P60,0.00,135.00,0.00,0.00,7.4961e-08,2.8034e-07,9.4936e-07,4.9118e-06,1.0005e-05,9.9931e-06,7.9388e-06,7.3479e-08,2.5359e-07,6.8709e-07,4.9492e-06,8.7109e-06,9.9205e-06,9.0013e-06
P60,30.00,180.00,0.00,0.00,7.6709e-08,2.6811e-07,9.1424e-07,4.8456e-06,9.9150e-06,9.9032e-06,7.7181e-06,7.5160e-08,2.4229e-07,6.6078e-07,4.8878e-06,8.6422e-06,9.8346e-06,8.8130e-06
P60,30.00,135.00,60.00,0.00,5.2864e-08,2.6810e-07,9.1424e-07,4.8452e-06,9.9150e-06,9.9032e-06,7.7181e-06,5.2345e-08,2.4229e-07,6.6078e-07,4.8874e-06,8.6421e-06,9.8346e-06,8.8130e-06
P60,0.00,180.00,0.00,0.00,7.4961e-08,2.8034e-07,9.4936e-07,4.9118e-06,1.0005e-05,9.9931e-06,7.9388e-06,7.3479e-08,2.5359e-07,6.8709e-07,4.9492e-06,8.7109e-06,9.9205e-06,9.0013e-06
P60,0.00,45.00,0.00,0.00,7.4961e-08,2.8034e-07,9.4936e-07,4.9118e-06,1.0005e-05,9.9931e-06,7.9388e-06,7.3479e-08,2.5359e-07,6.8709e-07,4.9492e-06,8.7109e-06,9.9205e-06,9.0013e-06
P60,0.00,90.00,30.00,0.00,7.1009e-08,2.8034e-07,9.4936e-07,4.9117e-06,1.0005e-05,9.9931e-06,7.9388e-06,6.9725e-08,2.5359e-07,6.8709e-07,4.9491e-06,8.7109e-06,9.9205e-06,9.0013e-06
P60,30.00,0.00,60.00,0.00,6.6928e-08,2.6811e-07,9.1424e-07,4.8456e-06,9.9150e-06,9.9032e-06,7.7181e-06,6.6060e-08,2.4229e-07,6.6078e-07,4.8879e-06,8.6422e-06,9.8346e-06,8.8130e-06
P60,30.00,135.00,0.00,0.00,7.6709e-08,2.6811e-07,9.1424e-07,4.8456e-06,9.9150e-06,9.9032e-06,7.7181e-06,7.5160e-08,2.4229e-07,6.6078e-07,4.8878e-06,8.6422e-06,9.8346e-06,8.8130e-06
P60,0.00,45.00,30.00,0.00,7.1009e-08,2.8034e-07,9.4936e-07,4.9117e-06,1.0005e-05,9.9931e-06,7.9388e-06,6.9725e-08,2.5359e-07,6.8709e-07,4.9491e-06,8.7109e-06,9.9205e-06,9.0013e-06
P60,0.00,45.00,60.00,0.00,5.4766e-08,2.8034e-07,9.4936e-07,4.9115e-06,1.0005e-05,9.9931e-06,7.9388e-06,5.4229e-08,2.5359e-07,6.8709e-07,4.9489e-06,8.7108e-06,9.9205e-06,9.0013e-06
P60,60.00,45.00,30.00,0.00,8.6070e-08,2.2485e-07,7.8583e-07,4.5593e-06,9.5059e-06,9.4949e-06,6.8482e-06,8.4386e-08,2.0254e-07,5.6539e-07,4.6217e-06,8.3274e-06,9.4429e-06,8.0391e-06
P60,60.00,180.00,0.00,0.00,7.6935e-08,2.2485e-07,7.8583e-07,4.5590e-06,9.5059e-06,9.4949e-06,6.8482e-06,7.5420e-08,2.0254e-07,5.6539e-07,4.6213e-06,8.3274e-06,9.4429e-06,8.0391e-06
P60,60.00,135.00,60.00,0.00,5.2487e-08,2.2484e-07,7.8583e-07,4.5584e-06,9.5058e-06,9.4949e-06,6.8482e-06,5.1882e-08,2.0254e-07,5.6539e-07,4.6208e-06,8.3273e-06,9.4428e-06,8.0390e-06
P60,60.00,45.00,60.00,0.00,8.5494e-08,2.2485e-07,7.8583e-07,4.5594e-06,9.5059e-06,9.4949e-06,6.8482e-06,8.4117e-08,2.0254e-07,5.6539e-07,4.6218e-06,8.3274e-06,9.4429e-06,8.0391e-06
P60,30.00,90.00,30.00,0.00,7.3343e-08,2.6811e-07,9.1424e-07,4.8455e-06,9.9150e-06,9.9032e-06,7.7181e-06,7.1978e-08,2.4229e-07,6.6078e-07,4.8878e-06,8.6422e-06,9.8346e-06,8.8130e-06
P60,30.00,45.00,0.00,0.00,7.6709e-08,2.6811e-07,9.1424e-07,4.8456e-06,9.9150e-06,9.9032e-06,7.7181e-06,7.5160e-08,2.4229e-07,6.6078e-07,4.8878e-06,8.6422e-06,9.8346e-06,8.8130e-06
P60,60.00,0.00,0.00,0.00,7.6935e-08,2.2485e-07,7.8583e-07,4.5590e-06,9.5059e-06,9.4949e-06,6.8482e-06,7.5420e-08,2.0254e-07,5.6539e-07,4.6213e-06,8.3274e-06,9.4429e-06,8.0391e-06
P60,0.00,0.00,30.00,0.00,7.1009e-08,2.8034e-07,9.4936e-07,4.9117e-06,1.0005e-05,9.9931e-06,7.9388e-06,6.9725e-08,2.5359e-07,6.8709e-07,4.9491e-06,8.7109e-06,9.9205e-06,9.0013e-06
P60,60.00,0.00,30.00,0.00,9.2369e-08,2.2485e-07,7.8583e-07,4.5595e-06,9.5059e-06,9.4949e-06,6.8482e-06,9.0537e-08,2.0254e-07,5.6539e-07,4.6219e-06,8.3274e-06,9.4429e-06,8.0391e-06
P60,30.00,0.00,0.00,0.00,7.6709e-08,2.6811e-07,9.1424e-07,4.8456e-06,9.9150e-06,9.9032e-06,7.7181e-06,7.5160e-08,2.4229e-07,6.6078e-07,4.8878e-06,8.6422e-06,9.8346e-06,8.8130e-06
P60,60.00,45.00,0.00,0.00,7.6935e-08,2.2485e-07,7.8583e-07,4.5590e-06,9.5059e-06,9.4949e-06,6.8482e-06,7.5420e-08,2.0254e-07,5.6539e-07,4.6213e-06,8.3274e-06,9.4429e-06,8.0391e-06
P60,30.00,135.00,30.00,0.00,7.0161e-08,2.6811e-07,9.1424e-07,4.8454e-06,9.9150e-06,9.9032e-06,7.7181e-06,6.8888e-08,2.4229e-07,6.6078e-07,4.8877e-06,8.6422e-06,9.8346e-06,8.8130e-06
P60,0.00,90.00,0.00,0.00,7.4961e-08,2.8034e-07,9.4936e-07,4.9118e-06,1.0005e-05,9.9931e-06,7.9388e-06,7.3479e-08,2.5359e-07,6.8709e-07,4.9492e-06,8.7109e-06,9.9205e-06,9.0013e-06
P60,60.00,90.00,0.00,0.00,7.6935e-08,2.2485e-07,7.8583e-07,4.5590e-06,9.5059e-06,9.4949e-06,6.8482e-06,7.5420e-08,2.0254e-07,5.6539e-07,4.6213e-06,8.3274e-06,9.4429e-06,8.0391e-06
P60,30.00,0.00,30.00,0.00,7.9018e-08,2.6811e-07,9.1424e-07,4.8457e-06,9.9150e-06,9.9032e-06,7.7181e-06,7.7495e-08,2.4229e-07,6.6078e-07,4.8880e-06,8.6422e-06,9.8346e-06,8.8130e-06
P60,0.00,0.00,0.00,0.00,7.4961e-08,2.8034e-07,9.4936e-07,4.9118e-06,1.0005e-05,9.9931e-06,7.9388e-06,7.3479e-08,2.5359e-07,6.8709e-07,4.9492e-06,8.7109e-06,9.9205e-06,9.0013e-06
P60,60.00,135.00,0.00,0.00,7.6935e-08,2.2485e-07,7.8583e-07,4.5590e-06,9.5059e-06,9.4949e-06,6.8482e-06,7.5420e-08,2.0254e-07,5.6539e-07,4.6213e-06,8.3274e-06,9.4429e-06,8.0391e-06
P60,30.00,180.00,60.00,0.00,5.1536e-08,2.6810e-07,9.1424e-07,4.8452e-06,9.9150e-06,9.9032e-06,7.7181e-06,5.1053e-08,2.4229e-07,6.6078e-07,4.8874e-06,8.6421e-06,9.8346e-06,8.8130e-06
P61,30.00,45.00,30.00,0.00,6.9988e-08,2.2127e-07,7.7096e-07,2.4716e-06,6.2699e-06,6.2584e-06,5.4774e-06,6.6799e-08,2.0044e-07,5.7257e-07,2.4785e-06,5.0048e-06,6.1587e-06,6.1237e-06
P61,30.00,90.00,0.00,0.00,6.8592e-08,2.2127e-07,7.7095e-07,2.4713e-06,6.2699e-06,6.2584e-06,5.4774e-06,6.5377e-08,2.0044e-07,5.7257e-07,2.4782e-06,5.0047e-06,6.1586e-06,6.1237e-06
P61,30.00,135.00,30.00,0.00,6.0778e-08,2.2127e-07,7.7093e-07,2.4711e-06,6.2699e-06,6.2584e-06,5.4773e-06,5.7973e-08,2.0044e-07,5.7256e-07,2.4780e-06,5.0047e-06,6.1586e-06,6.1237e-06
P61,30.00,135.00,0.00,0.00,6.8592e-08,2.2127e-07,7.7095e-07,2.4713e-06,6.2699e-06,6.2584e-06,5.4774e-06,6.5377e-08,2.0044e-07,5.7257e-07,2.4782e-06,5.0047e-06,6.1586e-06,6.1237e-06
P61,30.00,45.00,60.00,0.00,5.4824e-08,2.2126e-07,7.7090e-07,2.4716e-06,6.2699e-06,6.2584e-06,5.4773e-06,5.2549e-08,2.0044e-07,5.7255e-07,2.4786e-06,5.0048e-06,6.1587e-06,6.1238e-06
P61,60.00,45.00,30.00,0.00,9.0540e-08,1.8240e-07,6.7482e-07,2.3556e-06,6.1982e-06,6.1867e-06,4.9366e-06,8.6519e-08,1.6408e-07,4.8961e-07,2.3737e-06,4.9374e-06,6.0931e-06,5.7282e-06
P61,60.00,90.00,60.00,0.00,6.0147e-08,1.8237e-07,6.7476e-07,2.3545e-06,6.1981e-06,6.1866e-06,4.9366e-06,5.7564e-08,1.6408e-07,4.8960e-07,2.3725e-06,4.9372e-06,6.0930e-06,5.7282e-06
P61,0.00,90.00,30.00,0.00,6.0229e-08,2.3211e-07,7.9421e-07,2.4938e-06,6.2824e-06,6.2709e-06,5.6046e-06,5.7459e-08,2.1070e-07,5.9375e-07,2.4980e-06,5.0161e-06,6.1699e-06,6.2120e-06
P61,0.00,90.00,0.00,0.00,6.4606e-08,2.3212e-07,7.9423e-07,2.4939e-06,6.2824e-06,6.2709e-06,5.6046e-06,6.1579e-08,2.1070e-07,5.9375e-07,2.4981e-06,5.0161e-06,6.1699e-06,6.2120e-06
P61,0.00,45.00,0.00,0.00,6.4606e-08,2.3212e-07,7.9423e-07,2.4939e-06,6.2824e-06,6.2709e-06,5.6046e-06,6.1579e-08,2.1070e-07,5.9375e-07,2.4981e-06,5.0161e-06,6.1699e-06,6.2120e-06
P61,30.00,180.00,30.00,0.00,5.9248e-08,2.2126e-07,7.7092e-07,2.4709e-06,6.2698e-06,6.2583e-06,5.4773e-06,5.6507e-08,2.0044e-07,5.7256e-07,2.4778e-06,5.0046e-06,6.1586e-06,6.1237e-06
P61,60.00,0.00,0.00,0.00,7.6854e-08,1.8239e-07,6.7480e-07,2.3546e-06,6.1981e-06,6.1866e-06,4.9366e-06,7.3329e-08,1.6408e-07,4.8961e-07,2.3727e-06,4.9372e-06,6.0930e-06,5.7282e-06
P61,60.00,180.00,60.00,0.00,4.1910e-08,1.8236e-07,6.7474e-07,2.3533e-06,6.1980e-06,6.1865e-06,4.9366e-06,4.0109e-08,1.6408e-07,4.8960e-07,2.3712e-06,4.9369e-06,6.0928e-06,5.7281e-06
P61,60.00,0.00,30.00,0.00,9.9395e-08,1.8240e-07,6.7483e-07,2.3561e-06,6.1982e-06,6.1868e-06,4.9366e-06,9.5034e-08,1.6408e-07,4.8961e-07,2.3743e-06,4.9375e-06,6.0931e-06,5.7283e-06
P61,0.00,135.00,60.00,0.00,4.1443e-08,2.3210e-07,7.9415e-07,2.4936e-06,6.2824e-06,6.2709e-06,5.6045e-06,3.9735e-08,2.1070e-07,5.9373e-07,2.4978e-06,5.0161e-06,6.1699e-06,6.2120e-06
P61,60.00,135.00,30.00,0.00,6.5346e-08,1.8238e-07,6.7478e-07,2.3541e-06,6.1980e-06,6.1865e-06,4.9366e-06,6.2350e-08,1.6408e-07,4.8961e-07,2.3721e-06,4.9371e-06,6.0929e-06,5.7282e-06
P61,0.00,90.00,60.00,0.00,4.1443e-08,2.3210e-07,7.9415e-07,2.4936e-06,6.2824e-06,6.2709e-06,5.6045e-06,3.9735e-08,2.1070e-07,5.9373e-07,2.4978e-06,5.0161e-06,6.1699e-06,6.2120e-06
P61,60.00,45.00,0.00,0.00,7.6854e-08,1.8239e-07,6.7480e-07,2.3546e-06,6.1981e-06,6.1866e-06,4.9366e-06,7.3329e-08,1.6408e-07,4.8961e-07,2.3727e-06,4.9372e-06,6.0930e-06,5.7282e-06
P61,0.00,180.00,0.00,0.00,6.4606e-08,2.3212e-07,7.9423e-07,2.4939e-06,6.2824e-06,6.2709e-06,5.6046e-06,6.1579e-08,2.1070e-07,5.9375e-07,2.4981e-06,5.0161e-06,6.1699e-06,6.2120e-06
P61,60.00,180.00,30.00,0.00,6.2128e-08,1.8238e-07,6.7477e-07,2.3540e-06,6.1980e-06,6.1865e-06,4.9366e-06,5.9271e-08,1.6408e-07,4.8961e-07,2.3720e-06,4.9371e-06,6.0929e-06,5.7281e-06
P61,0.00,0.00,0.00,0.00,6.4606e-08,2.3212e-07,7.9423e-07,2.4939e-06,6.2824e-06,6.2709e-06,5.6046e-06,6.1579e-08,2.1070e-07,5.9375e-07,2.4981e-06,5.0161e-06,6.1699e-06,6.2120e-06
P61,60.00,90.00,30.00,0.00,7.5367e-08,1.8239e-07,6.7479e-07,2.3546e-06,6.1981e-06,6.1866e-06,4.9366e-06,7.1951e-08,1.6408e-07,4.8961e-07,2.3727e-06,4.9372e-06,6.0930e-06,5.7282e-06
P61,30.00,0.00,30.00,0.00,7.2417e-08,2.2128e-07,7.7096e-07,2.4717e-06,6.2699e-06,6.2584e-06,5.4774e-06,6.9131e-08,2.0044e-07,5.7257e-07,2.4787e-06,5.0048e-06,6.1587e-06,6.1238e-06
P61,0.00,45.00,30.00,0.00,6.0229e-08,2.3211e-07,7.9421e-07,2.4938e-06,6.2824e-06,6.2709e-06,5.6046e-06,5.7459e-08,2.1070e-07,5.9375e-07,2.4980e-06,5.0161e-06,6.1699e-06,6.2120e-06
P61,0.00,0.00,30.00,0.00,6.0229e-08,2.3211e-07,7.9421e-07,2.4938e-06,6.2824e-06,6.2709e-06,5.6046e-06,5.7459e-08,2.1070e-07,5.9375e-07,2.4980e-06,5.0161e-06,6.1699e-06,6.2120e-06
P61,30.00,90.00,30.00,0.00,6.4961e-08,2.2127e-07,7.7094e-07,2.4713e-06,6.2699e-06,6.2584e-06,5.4774e-06,6.1980e-08,2.0044e-07,5.7257e-07,2.4782e-06,5.0047e-06,6.1586e-06,6.1237e-06
P61,30.00,180.00,60.00,0.00,3.8373e-08,2.2125e-07,7.7088e-07,2.4707e-06,6.2698e-06,6.2583e-06,5.4773e-06,3.6770e-08,2.0044e-07,5.7255e-07,2.4775e-06,5.0046e-06,6.1586e-06,6.1237e-06
P61,30.00,180.00,0.00,0.00,6.8592e-08,2.2127e-07,7.7095e-07,2.4713e-06,6.2699e-06,6.2584e-06,5.4774e-06,6.5377e-08,2.0044e-07,5.7257e-07,2.4782e-06,5.0047e-06,6.1586e-06,6.1237e-06
P61,30.00,0.00,0.00,0.00,6.8592e-08,2.2127e-07,7.7095e-07,2.4713e-06,6.2699e-06,6.2584e-06,5.4774e-06,6.5377e-08,2.0044e-07,5.7257e-07,2.4782e-06,5.0047e-06,6.1586e-06,6.1237e-06
P61,0.00,135.00,0.00,0.00,6.4606e-08,2.3212e-07,7.9423e-07,2.4939e-06,6.2824e-06,6.2709e-06,5.6046e-06,6.1579e-08,2.1070e-07,5.9375e-07,2.4981e-06,5.0161e-06,6.1699e-06,6.2120e-06
P61,60.00,180.00,0.00,0.00,7.6854e-08,1.8239e-07,6.7480e-07,2.3546e-06,6.1981e-06,6.1866e-06,4.9366e-06,7.3329e-08,1.6408e-07,4.8961e-07,2.3727e-06,4.9372e-06,6.0930e-06,5.7282e-06
P61,0.00,180.00,60.00,0.00,4.1443e-08,2.3210e-07,7.9415e-07,2.4936e-06,6.2824e-06,6.2709e-06,5.6045e-06,3.9735e-08,2.1070e-07,5.9373e-07,2.4978e-06,5.0161e-06,6.1699e-06,6.2120e-06
P61,0.00,45.00,60.00,0.00,4.1443e-08,2.3210e-07,7.9415e-07,2.4936e-06,6.2824e-06,6.2709e-06,5.6045e-06,3.9735e-08,2.1070e-07,5.9373e-07,2.4978e-06,5.0161e-06,6.1699e-06,6.2120e-06
P61,0.00,135.00,30.00,0.00,6.0229e-08,2.3211e-07,7.9421e-07,2.4938e-06,6.2824e-06,6.2709e-06,5.6046e-06,5.7459e-08,2.1070e-07,5.9375e-07,2.4980e-06,5.0161e-06,6.1699e-06,6.2120e-06
P61,30.00,0.00,60.00,0.00,5.9951e-08,2.2126e-07,7.7091e-07,2.4719e-06,6.2700e-06,6.2584e-06,5.4774e-06,5.7480e-08,2.0044e-07,5.7256e-07,2.4789e-06,5.0048e-06,6.1587e-06,6.1238e-06
P61,60.00,135.00,60.00,0.00,4.5708e-08,1.8237e-07,6.7474e-07,2.3537e-06,6.1980e-06,6.1865e-06,4.9366e-06,4.3741e-08,1.6408e-07,4.8960e-07,2.3716e-06,4.9371e-06,6.0929e-06,5.7281e-06
P61,30.00,45.00,0.00,0.00,6.8592e-08,2.2127e-07,7.7095e-07,2.4713e-06,6.2699e-06,6.2584e-06,5.4774e-06,6.5377e-08,2.0044e-07,5.7257e-07,2.4782e-06,5.0047e-06,6.1586e-06,6.1237e-06
P61,30.00,90.00,60.00,0.00,4.6039e-08,2.2125e-07,7.7089e-07,2.4710e-06,6.2699e-06,6.2584e-06,5.4773e-06,4.4113e-08,2.0044e-07,5.7255e-07,2.4780e-06,5.0047e-06,6.1586e-06,6.1237e-06
P61,60.00,0.00,60.00,0.00,1.2923e-07,1.8242e-07,6.7484e-07,2.3598e-06,6.1987e-06,6.1872e-06,4.9367e-06,1.2408e-07,1.6408e-07,4.8961e-07,2.3783e-06,4.9383e-06,6.0935e-06,5.7284e-06
P61,30.00,135.00,60.00,0.00,4.0237e-08,2.2125e-07,7.7088e-07,2.4707e-06,6.2698e-06,6.2583e-06,5.4773e-06,3.8553e-08,2.0044e-07,5.7255e-07,2.4776e-06,5.0046e-06,6.1586e-06,6.1237e-06
P61,60.00,135.00,0.00,0.00,7.6854e-08,1.8239e-07,6.7480e-07,2.3546e-06,6.1981e-06,6.1866e-06,4.9366e-06,7.3329e-08,1.6408e-07,4.8961e-07,2.3727e-06,4.9372e-06,6.0930e-06,5.7282e-06
P61,60.00,45.00,60.00,0.00,9.4857e-08,1.8240e-07,6.7479e-07,2.3569e-06,6.1983e-06,6.1868e-06,4.9366e-06,9.0924e-08,1.6408e-07,4.8961e-07,2.3751e-06,4.9376e-06,6.0932e-06,5.7283e-06
P61,60.00,90.00,0.00,0.00,7.6854e-08,1.8239e-07,6.7480e-07,2.3546e-06,6.1981e-06,6.1866e-06,4.9366e-06,7.3329e-08,1.6408e-07,4.8961e-07,2.3727e-06,4.9372e-06,6.0930e-06,5.7282e-06
P61,0.00,180.00,30.00,0.00,6.0229e-08,2.3211e-07,7.9421e-07,2.4938e-06,6.2824e-06,6.2709e-06,5.6046e-06,5.7459e-08,2.1070e-07,5.9375e-07,2.4980e-06,5.0161e-06,6.1699e-06,6.2120e-06
P61,0.00,0.00,60.00,0.00,4.1443e-08,2.3210e-07,7.9415e-07,2.4936e-06,6.2824e-06,6.2709e-06,5.6045e-06,3.9735e-08,2.1070e-07,5.9373e-07,2.4978e-06,5.0161e-06,6.1699e-06,6.2120e-06
P62,60.00,90.00,30.00,0.00,7.7770e-08,2.8103e-07,9.0674e-07,5.1199e-06,1.0326e-05,1.0315e-05,7.5508e-06,7.6724e-08,2.5573e-07,6.6531e-07,5.1907e-06,9.1279e-06,1.0266e-05,8.7637e-06
P62,0.00,90.00,0.00,0.00,7.8547e-08,3.4105e-07,1.0860e-06,5.4362e-06,1.0809e-05,1.0796e-05,8.7097e-06,7.7383e-08,3.1090e-07,7.9673e-07,5.4773e-06,9.4545e-06,1.0722e-05,9.7758e-06
P62,60.00,135.00,60.00,0.00,5.6576e-08,2.8102e-07,9.0674e-07,5.1195e-06,1.0326e-05,1.0315e-05,7.5508e-06,5.6220e-08,2.5573e-07,6.6531e-07,5.1903e-06,9.1279e-06,1.0266e-05,8.7637e-06
P62,30.00,90.00,0.00,0.00,8.0046e-08,3.2783e-07,1.0472e-06,5.3798e-06,1.0727e-05,1.0715e-05,8.4776e-06,7.8833e-08,2.9873e-07,7.6795e-07,5.4267e-06,9.4017e-06,1.0645e-05,9.5813e-06
P62,30.00,135.00,60.00,0.00,5.7436e-08,3.2782e-07,1.0472e-06,5.3795e-06,1.0727e-05,1.0715e-05,8.4776e-06,5.7138e-08,2.9873e-07,7.6795e-07,5.4264e-06,9.4016e-06,1.0645e-05,9.5813e-06
P62,0.00,0.00,30.00,0.00,7.4735e-08,3.4105e-07,1.0860e-06,5.4361e-06,1.0809e-05,1.0796e-05,8.7097e-06,7.3751e-08,3.1090e-07,7.9673e-07,5.4773e-06,9.4545e-06,1.0722e-05,9.7758e-06
P62,60.00,180.00,30.00,0.00,6.9192e-08,2.8102e-07,9.0674e-07,5.1197e-06,1.0326e-05,1.0315e-05,7.5508e-06,6.8353e-08,2.5573e-07,6.6531e-07,5.1905e-06,9.1279e-06,1.0266e-05,8.7637e-06
P62,0.00,0.00,60.00,0.00,5.9246e-08,3.4104e-07,1.0860e-06,5.4359e-06,1.0809e-05,1.0796e-05,8.7097e-06,5.8932e-08,3.1090e-07,7.9673e-07,5.4771e-06,9.4544e-06,1.0722e-05,9.7758e-06
P62,60.00,90.00,0.00,0.00,7.9424e-08,2.8103e-07,9.0674e-07,5.1199e-06,1.0326e-05,1.0315e-05,7.5508e-06,7.8285e-08,2.5573e-07,6.6531e-07,5.1907e-06,9.1279e-06,1.0266e-05,8.7637e-06
P62,30.00,45.00,60.00,0.00,6.6915e-08,3.2783e-07,1.0472e-06,5.3797e-06,1.0727e-05,1.0715e-05,8.4776e-06,6.6405e-08,2.9873e-07,7.6795e-07,5.4266e-06,9.4017e-06,1.0645e-05,9.5813e-06
P62,0.00,45.00,30.00,0.00,7.4735e-08,3.4105e-07,1.0860e-06,5.4361e-06,1.0809e-05,1.0796e-05,8.7097e-06,7.3751e-08,3.1090e-07,7.9673e-07,5.4773e-06,9.4545e-06,1.0722e-05,9.7758e-06
P62,60.00,0.00,30.00,0.00,9.3356e-08,2.8103e-07,9.0674e-07,5.1202e-06,1.0326e-05,1.0315e-05,7.5508e-06,9.1974e-08,2.5573e-07,6.6531e-07,5.1911e-06,9.1280e-06,1.0266e-05,8.7637e-06
P62,0.00,180.00,0.00,0.00,7.8547e-08,3.4105e-07,1.0860e-06,5.4362e-06,1.0809e-05,1.0796e-05,8.7097e-06,7.7383e-08,3.1090e-07,7.9673e-07,5.4773e-06,9.4545e-06,1.0722e-05,9.7758e-06
P62,0.00,0.00,0.00,0.00,7.8547e-08,3.4105e-07,1.0860e-06,5.4362e-06,1.0809e-05,1.0796e-05,8.7097e-06,7.7383e-08,3.1090e-07,7.9673e-07,5.4773e-06,9.4545e-06,1.0722e-05,9.7758e-06
P62,60.00,45.00,0.00,0.00,7.9424e-08,2.8103e-07,9.0674e-07,5.1199e-06,1.0326e-05,1.0315e-05,7.5508e-06,7.8285e-08,2.5573e-07,6.6531e-07,5.1907e-06,9.1279e-06,1.0266e-05,8.7637e-06
P62,30.00,45.00,0.00,0.00,8.0046e-08,3.2783e-07,1.0472e-06,5.3798e-06,1.0727e-05,1.0715e-05,8.4776e-06,7.8833e-08,2.9873e-07,7.6795e-07,5.4267e-06,9.4017e-06,1.0645e-05,9.5813e-06
P62,30.00,45.00,30.00,0.00,8.0322e-08,3.2783e-07,1.0472e-06,5.3799e-06,1.0727e-05,1.0715e-05,8.4776e-06,7.9188e-08,2.9873e-07,7.6795e-07,5.4268e-06,9.4017e-06,1.0645e-05,9.5813e-06
P62,0.00,180.00,30.00,0.00,7.4735e-08,3.4105e-07,1.0860e-06,5.4361e-06,1.0809e-05,1.0796e-05,8.7097e-06,7.3751e-08,3.1090e-07,7.9673e-07,5.4773e-06,9.4545e-06,1.0722e-05,9.7758e-06
P62,60.00,0.00,60.00,0.00,1.0707e-07,2.8103e-07,9.0674e-07,5.1206e-06,1.0326e-05,1.0315e-05,7.5508e-06,1.0578e-07,2.5573e-07,6.6531e-07,5.1915e-06,9.1280e-06,1.0266e-05,8.7637e-06
P62,60.00,0.00,0.00,0.00,7.9424e-08,2.8103e-07,9.0674e-07,5.1199e-06,1.0326e-05,1.0315e-05,7.5508e-06,7.8285e-08,2.5573e-07,6.6531e-07,5.1907e-06,9.1279e-06,1.0266e-05,8.7637e-06
P62,60.00,90.00,60.00,0.00,6.5276e-08,2.8102e-07,9.0674e-07,5.1197e-06,1.0326e-05,1.0315e-05,7.5508e-06,6.4725e-08,2.5573e-07,6.6531e-07,5.1905e-06,9.1279e-06,1.0266e-05,8.7637e-06
P62,30.00,90.00,60.00,0.00,6.1204e-08,3.2782e-07,1.0472e-06,5.3796e-06,1.0727e-05,1.0715e-05,8.4776e-06,6.0818e-08,2.9873e-07,7.6795e-07,5.4265e-06,9.4016e-06,1.0645e-05,9.5813e-06
P62,30.00,0.00,60.00,0.00,7.0250e-08,3.2783e-07,1.0472e-06,5.3798e-06,1.0727e-05,1.0715e-05,8.4776e-06,6.9673e-08,2.9873e-07,7.6795e-07,5.4267e-06,9.4017e-06,1.0645e-05,9.5813e-06
P62,0.00,135.00,30.00,0.00,7.4735e-08,3.4105e-07,1.0860e-06,5.4361e-06,1.0809e-05,1.0796e-05,8.7097e-06,7.3751e-08,3.1090e-07,7.9673e-07,5.4773e-06,9.4545e-06,1.0722e-05,9.7758e-06
P62,60.00,45.00,60.00,0.00,8.6240e-08,2.8103e-07,9.0674e-07,5.1201e-06,1.0326e-05,1.0315e-05,7.5508e-06,8.5285e-08,2.5573e-07,6.6531e-07,5.1909e-06,9.1279e-06,1.0266e-05,8.7637e-06
P62,0.00,45.00,0.00,0.00,7.8547e-08,3.4105e-07,1.0860e-06,5.4362e-06,1.0809e-05,1.0796e-05,8.7097e-06,7.7383e-08,3.1090e-07,7.9673e-07,5.4773e-06,9.4545e-06,1.0722e-05,9.7758e-06
P62,0.00,90.00,60.00,0.00,5.9246e-08,3.4104e-07,1.0860e-06,5.4359e-06,1.0809e-05,1.0796e-05,8.7097e-06,5.8932e-08,3.1090e-07,7.9673e-07,5.4771e-06,9.4544e-06,1.0722e-05,9.7758e-06
P62,30.00,180.00,60.00,0.00,5.6226e-08,3.2782e-07,1.0472e-06,5.3795e-06,1.0727e-05,1.0715e-05,8.4776e-06,5.5958e-08,2.9873e-07,7.6795e-07,5.4264e-06,9.4016e-06,1.0645e-05,9.5813e-06
P62,0.00,45.00,60.00,0.00,5.9246e-08,3.4104e-07,1.0860e-06,5.4359e-06,1.0809e-05,1.0796e-05,8.7097e-06,5.8932e-08,3.1090e-07,7.9673e-07,5.4771e-06,9.4544e-06,1.0722e-05,9.7758e-06
P62,30.00,0.00,0.00,0.00,8.0046e-08,3.2783e-07,1.0472e-06,5.3798e-06,1.0727e-05,1.0715e-05,8.4776e-06,7.8833e-08,2.9873e-07,7.6795e-07,5.4267e-06,9.4017e-06,1.0645e-05,9.5813e-06
P62,30.00,180.00,0.00,0.00,8.0046e-08,3.2783e-07,1.0472e-06,5.3798e-06,1.0727e-05,1.0715e-05,8.4776e-06,7.8833e-08,2.9873e-07,7.6795e-07,5.4267e-06,9.4017e-06,1.0645e-05,9.5813e-06
P62,0.00,135.00,0.00,0.00,7.8547e-08,3.4105e-07,1.0860e-06,5.4362e-06,1.0809e-05,1.0796e-05,8.7097e-06,7.7383e-08,3.1090e-07,7.9673e-07,5.4773e-06,9.4545e-06,1.0722e-05,9.7758e-06
P62,30.00,135.00,0.00,0.00,8.0046e-08,3.2783e-07,1.0472e-06,5.3798e-06,1.0727e-05,1.0715e-05,8.4776e-06,7.8833e-08,2.9873e-07,7.6795e-07,5.4267e-06,9.4017e-06,1.0645e-05,9.5813e-06
P62,0.00,135.00,60.00,0.00,5.9246e-08,3.4104e-07,1.0860e-06,5.4359e-06,1.0809e-05,1.0796e-05,8.7097e-06,5.8932e-08,3.1090e-07,7.9673e-07,5.4771e-06,9.4544e-06,1.0722e-05,9.7758e-06
P62,60.00,180.00,0.00,0.00,7.9424e-08,2.8103e-07,9.0674e-07,5.1199e-06,1.0326e-05,1.0315e-05,7.5508e-06,7.8285e-08,2.5573e-07,6.6531e-07,5.1907e-06,9.1279e-06,1.0266e-05,8.7637e-06
P62,30.00,180.00,30.00,0.00,7.2760e-08,3.2783e-07,1.0472e-06,5.3797e-06,1.0727e-05,1.0715e-05,8.4776e-06,7.1822e-08,2.9873e-07,7.6795e-07,5.4266e-06,9.4017e-06,1.0645e-05,9.5813e-06
P62,0.00,180.00,60.00,0.00,5.9246e-08,3.4104e-07,1.0860e-06,5.4359e-06,1.0809e-05,1.0796e-05,8.7097e-06,5.8932e-08,3.1090e-07,7.9673e-07,5.4771e-06,9.4544e-06,1.0722e-05,9.7758e-06
P62,30.00,90.00,30.00,0.00,7.6781e-08,3.2783e-07,1.0472e-06,5.3798e-06,1.0727e-05,1.0715e-05,8.4776e-06,7.5738e-08,2.9873e-07,7.6795e-07,5.4267e-06,9.4017e-06,1.0645e-05,9.5813e-06
P62,60.00,45.00,30.00,0.00,8.7609e-08,2.8103e-07,9.0674e-07,5.1201e-06,1.0326e-05,1.0315e-05,7.5508e-06,8.6347e-08,2.5573e-07,6.6531e-07,5.1909e-06,9.1280e-06,1.0266e-05,8.7637e-06
P62,30.00,135.00,30.00,0.00,7.3837e-08,3.2783e-07,1.0472e-06,5.3797e-06,1.0727e-05,1.0715e-05,8.4776e-06,7.2870e-08,2.9873e-07,7.6795e-07,5.4266e-06,9.4017e-06,1.0645e-05,9.5813e-06
P62,60.00,135.00,30.00,0.00,7.1277e-08,2.8102e-07,9.0674e-07,5.1197e-06,1.0326e-05,1.0315e-05,7.5508e-06,7.0386e-08,2.5573e-07,6.6531e-07,5.1906e-06,9.1279e-06,1.0266e-05,8.7637e-06
P62,60.00,180.00,60.00,0.00,5.4289e-08,2.8102e-07,9.0674e-07,5.1195e-06,1.0326e-05,1.0315e-05,7.5508e-06,5.3986e-08,2.5573e-07,6.6531e-07,5.1902e-06,9.1279e-06,1.0266e-05,8.7637e-06
P62,0.00,90.00,30.00,0.00,7.4735e-08,3.4105e-07,1.0860e-06,5.4361e-06,1.0809e-05,1.0796e-05,8.7097e-06,7.3751e-08,3.1090e-07,7.9673e-07,5.4773e-06,9.4545e-06,1.0722e-05,9.7758e-06
P62,30.00,0.00,30.00,0.00,8.2033e-08,3.2783e-07,1.0472e-06,5.3799e-06,1.0727e-05,1.0715e-05,8.4776e-06,8.0857e-08,2.9873e-07,7.6795e-07,5.4269e-06,9.4017e-06,1.0645e-05,9.5813e-06
P62,60.00,135.00,0.00,0.00,7.9424e-08,2.8103e-07,9.0674e-07,5.1199e-06,1.0326e-05,1.0315e-05,7.5508e-06,7.8285e-08,2.5573e-07,6.6531e-07,5.1907e-06,9.1279e-06,1.0266e-05,8.7637e-06
P63,0.00,135.00,0.00,0.00,8.3335e-08,3.1226e-07,1.0186e-06,5.6290e-06,1.0465e-05,1.0455e-05,8.6519e-06,8.2845e-08,2.8347e-07,7.4720e-07,5.6754e-06,9.4594e-06,1.0411e-05,9.5483e-06
P63,0.00,135.00,30.00,0.00,7.9803e-08,3.1226e-07,1.0186e-06,5.6290e-06,1.0465e-05,1.0455e-05,8.6519e-06,7.9463e-08,2.8347e-07,7.4720e-07,5.6753e-06,9.4594e-06,1.0411e-05,9.5483e-06
P63,60.00,0.00,0.00,0.00,7.8995e-08,2.5172e-07,8.5549e-07,5.0570e-06,9.5991e-06,9.5903e-06,7.5488e-06,7.8598e-08,2.2736e-07,6.2160e-07,5.1231e-06,8.6540e-06,9.5503e-06,8.5040e-06
P63,30.00,90.00,60.00,0.00,6.6484e-08,2.9908e-07,9.8391e-07,5.5194e-06,1.0291e-05,1.0282e-05,8.4239e-06,6.6629e-08,2.7122e-07,7.2039e-07,5.5699e-06,9.3045e-06,1.0239e-05,9.3340e-06
P63,60.00,45.00,0.00,0.00,7.8995e-08,2.5172e-07,8.5549e-07,5.0570e-06,9.5991e-06,9.5903e-06,7.5488e-06,7.8598e-08,2.2736e-07,6.2160e-07,5.1231e-06,8.6540e-06,9.5503e-06,8.5040e-06
P63,0.00,180.00,60.00,0.00,6.5771e-08,3.1226e-07,1.0186e-06,5.6288e-06,1.0465e-05,1.0455e-05,8.6519e-06,6.5960e-08,2.8347e-07,7.4720e-07,5.6752e-06,9.4594e-06,1.0411e-05,9.5483e-06
P63,60.00,180.00,60.00,0.00,5.7292e-08,2.5171e-07,8.5549e-07,5.0569e-06,9.5991e-06,9.5903e-06,7.5488e-06,5.7487e-08,2.2736e-07,6.2160e-07,5.1230e-06,8.6540e-06,9.5503e-06,8.5040e-06
P63,0.00,90.00,30.00,0.00,7.9803e-08,3.1226e-07,1.0186e-06,5.6290e-06,1.0465e-05,1.0455e-05,8.6519e-06,7.9463e-08,2.8347e-07,7.4720e-07,5.6753e-06,9.4594e-06,1.0411e-05,9.5483e-06
P63,60.00,45.00,30.00,0.00,8.5532e-08,2.5172e-07,8.5549e-07,5.0571e-06,9.5991e-06,9.5903e-06,7.5488e-06,8.5083e-08,2.2736e-07,6.2160e-07,5.1232e-06,8.6540e-06,9.5503e-06,8.5040e-06
P63,30.00,135.00,60.00,0.00,6.3362e-08,2.9908e-07,9.8391e-07,5.5193e-06,1.0291e-05,1.0282e-05,8.4239e-06,6.3561e-08,2.7122e-07,7.2039e-07,5.5699e-06,9.3045e-06,1.0239e-05,9.3340e-06
P63,0.00,90.00,0.00,0.00,8.3335e-08,3.1226e-07,1.0186e-06,5.6290e-06,1.0465e-05,1.0455e-05,8.6519e-06,8.2845e-08,2.8347e-07,7.4720e-07,5.6754e-06,9.4594e-06,1.0411e-05,9.5483e-06
P63,0.00,180.00,0.00,0.00,8.3335e-08,3.1226e-07,1.0186e-06,5.6290e-06,1.0465e-05,1.0455e-05,8.6519e-06,8.2845e-08,2.8347e-07,7.4720e-07,5.6754e-06,9.4594e-06,1.0411e-05,9.5483e-06
P63,0.00,135.00,60.00,0.00,6.5771e-08,3.1226e-07,1.0186e-06,5.6288e-06,1.0465e-05,1.0455e-05,8.6519e-06,6.5960e-08,2.8347e-07,7.4720e-07,5.6752e-06,9.4594e-06,1.0411e-05,9.5483e-06
P63,60.00,45.00,60.00,0.00,8.3021e-08,2.5172e-07,8.5549e-07,5.0570e-06,9.5991e-06,9.5903e-06,7.5488e-06,8.2864e-08,2.2736e-07,6.2160e-07,5.1231e-06,8.6540e-06,9.5503e-06,8.5040e-06
P63,30.00,0.00,60.00,0.00,7.3989e-08,2.9908e-07,9.8391e-07,5.5194e-06,1.0291e-05,1.0282e-05,8.4239e-06,7.4020e-08,2.7122e-07,7.2039e-07,5.5700e-06,9.3045e-06,1.0239e-05,9.3340e-06
P63,30.00,45.00,0.00,0.00,8.3622e-08,2.9908e-07,9.8391e-07,5.5195e-06,1.0291e-05,1.0282e-05,8.4239e-06,8.3111e-08,2.7122e-07,7.2039e-07,5.5701e-06,9.3045e-06,1.0239e-05,9.3340e-06
P63,60.00,90.00,0.00,0.00,7.8995e-08,2.5172e-07,8.5549e-07,5.0570e-06,9.5991e-06,9.5903e-06,7.5488e-06,7.8598e-08,2.2736e-07,6.2160e-07,5.1231e-06,8.6540e-06,9.5503e-06,8.5040e-06
P63,0.00,45.00,0.00,0.00,8.3335e-08,3.1226e-07,1.0186e-06,5.6290e-06,1.0465e-05,1.0455e-05,8.6519e-06,8.2845e-08,2.8347e-07,7.4720e-07,5.6754e-06,9.4594e-06,1.0411e-05,9.5483e-06
P63,30.00,135.00,30.00,0.00,7.8062e-08,2.9908e-07,9.8391e-07,5.5195e-06,1.0291e-05,1.0282e-05,8.4239e-06,7.7743e-08,2.7122e-07,7.2039e-07,5.5700e-06,9.3045e-06,1.0239e-05,9.3340e-06
P63,0.00,0.00,0.00,0.00,8.3335e-08,3.1226e-07,1.0186e-06,5.6290e-06,1.0465e-05,1.0455e-05,8.6519e-06,8.2845e-08,2.8347e-07,7.4720e-07,5.6754e-06,9.4594e-06,1.0411e-05,9.5483e-06
P63,60.00,180.00,30.00,0.00,7.0274e-08,2.5171e-07,8.5549e-07,5.0570e-06,9.5991e-06,9.5903e-06,7.5488e-06,7.0082e-08,2.2736e-07,6.2160e-07,5.1231e-06,8.6540e-06,9.5503e-06,8.5040e-06
P63,60.00,135.00,30.00,0.00,7.1999e-08,2.5172e-07,8.5549e-07,5.0570e-06,9.5991e-06,9.5903e-06,7.5488e-06,7.1775e-08,2.2736e-07,6.2160e-07,5.1231e-06,8.6540e-06,9.5503e-06,8.5040e-06
P63,60.00,90.00,30.00,0.00,7.7376e-08,2.5172e-07,8.5549e-07,5.0570e-06,9.5991e-06,9.5903e-06,7.5488e-06,7.7057e-08,2.2736e-07,6.2160e-07,5.1231e-06,8.6540e-06,9.5503e-06,8.5040e-06
P63,60.00,135.00,0.00,0.00,7.8995e-08,2.5172e-07,8.5549e-07,5.0570e-06,9.5991e-06,9.5903e-06,7.5488e-06,7.8598e-08,2.2736e-07,6.2160e-07,5.1231e-06,8.6540e-06,9.5503e-06,8.5040e-06
P63,60.00,135.00,60.00,0.00,5.9132e-08,2.5171e-07,8.5549e-07,5.0569e-06,9.5991e-06,9.5903e-06,7.5488e-06,5.9296e-08,2.2736e-07,6.2160e-07,5.1230e-06,8.6540e-06,9.5503e-06,8.5040e-06
P63,60.00,0.00,60.00,0.00,9.9821e-08,2.5172e-07,8.5549e-07,5.0571e-06,9.5991e-06,9.5903e-06,7.5488e-06,9.9501e-08,2.2736e-07,6.2160e-07,5.1232e-06,8.6540e-06,9.5503e-06,8.5040e-06
P63,0.00,0.00,60.00,0.00,6.5771e-08,3.1226e-07,1.0186e-06,5.6288e-06,1.0465e-05,1.0455e-05,8.6519e-06,6.5960e-08,2.8347e-07,7.4720e-07,5.6752e-06,9.4594e-06,1.0411e-05,9.5483e-06
P63,0.00,0.00,30.00,0.00,7.9803e-08,3.1226e-07,1.0186e-06,5.6290e-06,1.0465e-05,1.0455e-05,8.6519e-06,7.9463e-08,2.8347e-07,7.4720e-07,5.6753e-06,9.4594e-06,1.0411e-05,9.5483e-06
P63,30.00,180.00,0.00,0.00,8.3622e-08,2.9908e-07,9.8391e-07,5.5195e-06,1.0291e-05,1.0282e-05,8.4239e-06,8.3111e-08,2.7122e-07,7.2039e-07,5.5701e-06,9.3045e-06,1.0239e-05,9.3340e-06
P63,30.00,180.00,60.00,0.00,6.2361e-08,2.9907e-07,9.8391e-07,5.5193e-06,1.0291e-05,1.0282e-05,8.4239e-06,6.2578e-08,2.7122e-07,7.2039e-07,5.5699e-06,9.3045e-06,1.0239e-05,9.3340e-06
P63,30.00,45.00,30.00,0.00,8.3594e-08,2.9908e-07,9.8391e-07,5.5195e-06,1.0291e-05,1.0282e-05,8.4239e-06,8.3162e-08,2.7122e-07,7.2039e-07,5.5701e-06,9.3045e-06,1.0239e-05,9.3340e-06
P63,0.00,90.00,60.00,0.00,6.5771e-08,3.1226e-07,1.0186e-06,5.6288e-06,1.0465e-05,1.0455e-05,8.6519e-06,6.5960e-08,2.8347e-07,7.4720e-07,5.6752e-06,9.4594e-06,1.0411e-05,9.5483e-06
P63,60.00,90.00,60.00,0.00,6.6132e-08,2.5171e-07,8.5549e-07,5.0569e-06,9.5991e-06,9.5903e-06,7.5488e-06,6.6188e-08,2.2736e-07,6.2160e-07,5.1230e-06,8.6540e-06,9.5503e-06,8.5040e-06
P63,30.00,90.00,0.00,0.00,8.3622e-08,2.9908e-07,9.8391e-07,5.5195e-06,1.0291e-05,1.0282e-05,8.4239e-06,8.3111e-08,2.7122e-07,7.2039e-07,5.5701e-06,9.3045e-06,1.0239e-05,9.3340e-06
P63,0.00,45.00,60.00,0.00,6.5771e-08,3.1226e-07,1.0186e-06,5.6288e-06,1.0465e-05,1.0455e-05,8.6519e-06,6.5960e-08,2.8347e-07,7.4720e-07,5.6752e-06,9.4594e-06,1.0411e-05,9.5483e-06
P63,30.00,90.00,30.00,0.00,8.0573e-08,2.9908e-07,9.8391e-07,5.5195e-06,1.0291e-05,1.0282e-05,8.4239e-06,8.0202e-08,2.7122e-07,7.2039e-07,5.5700e-06,9.3045e-06,1.0239e-05,9.3340e-06
P63,0.00,180.00,30.00,0.00,7.9803e-08,3.1226e-07,1.0186e-06,5.6290e-06,1.0465e-05,1.0455e-05,8.6519e-06,7.9463e-08,2.8347e-07,7.4720e-07,5.6753e-06,9.4594e-06,1.0411e-05,9.5483e-06
P63,0.00,45.00,30.00,0.00,7.9803e-08,3.1226e-07,1.0186e-06,5.6290e-06,1.0465e-05,1.0455e-05,8.6519e-06,7.9463e-08,2.8347e-07,7.4720e-07,5.6753e-06,9.4594e-06,1.0411e-05,9.5483e-06
P63,30.00,45.00,60.00,0.00,7.1220e-08,2.9908e-07,9.8391e-07,5.5194e-06,1.0291e-05,1.0282e-05,8.4239e-06,7.1291e-08,2.7122e-07,7.2039e-07,5.5700e-06,9.3045e-06,1.0239e-05,9.3340e-06
P63,60.00,180.00,0.00,0.00,7.8995e-08,2.5172e-07,8.5549e-07,5.0570e-06,9.5991e-06,9.5903e-06,7.5488e-06,7.8598e-08,2.2736e-07,6.2160e-07,5.1231e-06,8.6540e-06,9.5503e-06,8.5040e-06
P63,30.00,0.00,30.00,0.00,8.5055e-08,2.9908e-07,9.8391e-07,5.5195e-06,1.0291e-05,1.0282e-05,8.4239e-06,8.4595e-08,2.7122e-07,7.2039e-07,5.5701e-06,9.3045e-06,1.0239e-05,9.3340e-06
P63,30.00,0.00,0.00,0.00,8.3622e-08,2.9908e-07,9.8391e-07,5.5195e-06,1.0291e-05,1.0282e-05,8.4239e-06,8.3111e-08,2.7122e-07,7.2039e-07,5.5701e-06,9.3045e-06,1.0239e-05,9.3340e-06
P63,30.00,180.00,30.00,0.00,7.7145e-08,2.9908e-07,9.8391e-07,5.5194e-06,1.0291e-05,1.0282e-05,8.4239e-06,7.6844e-08,2.7122e-07,7.2039e-07,5.5700e-06,9.3045e-06,1.0239e-05,9.3340e-06
P63,30.00,135.00,0.00,0.00,8.3622e-08,2.9908e-07,9.8391e-07,5.5195e-06,1.0291e-05,1.0282e-05,8.4239e-06,8.3111e-08,2.7122e-07,7.2039e-07,5.5701e-06,9.3045e-06,1.0239e-05,9.3340e-06
P63,60.00,0.00,30.00,0.00,9.0299e-08,2.5172e-07,8.5549e-07,5.0571e-06,9.5991e-06,9.5903e-06,7.5488e-06,8.9780e-08,2.2736e-07,6.2160e-07,5.1232e-06,8.6540e-06,9.5503e-06,8.5040e-06
P64,0.00,135.00,60.00,0.00,5.5403e-08,2.6434e-07,8.7623e-07,4.6436e-06,9.7422e-06,9.7299e-06,7.4487e-06,5.4429e-08,2.3976e-07,6.3874e-07,4.6843e-06,8.4029e-06,9.6534e-06,8.5994e-06
P64,0.00,180.00,0.00,0.00,7.6914e-08,2.6434e-07,8.7623e-07,4.6439e-06,9.7423e-06,9.7299e-06,7.4487e-06,7.4835e-08,2.3976e-07,6.3874e-07,4.6846e-06,8.4029e-06,9.6534e-06,8.5995e-06
P64,60.00,180.00,0.00,0.00,8.1542e-08,2.1595e-07,7.3193e-07,4.2463e-06,9.2988e-06,9.2871e-06,6.3820e-06,7.9255e-08,1.9537e-07,5.3368e-07,4.3091e-06,8.0399e-06,9.2324e-06,7.6434e-06
P64,0.00,0.00,0.00,0.00,7.6914e-08,2.6434e-07,8.7623e-07,4.6439e-06,9.7423e-06,9.7299e-06,7.4487e-06,7.4835e-08,2.3976e-07,6.3874e-07,4.6846e-06,8.4029e-06,9.6534e-06,8.5995e-06
P64,30.00,180.00,0.00,0.00,7.9266e-08,2.5371e-07,8.4479e-07,4.5692e-06,9.6609e-06,9.6487e-06,7.2293e-06,7.7071e-08,2.2998e-07,6.1607e-07,4.6144e-06,8.3359e-06,9.5761e-06,8.4110e-06
P64,0.00,45.00,30.00,0.00,7.2789e-08,2.6434e-07,8.7623e-07,4.6438e-06,9.7423e-06,9.7299e-06,7.4487e-06,7.0932e-08,2.3976e-07,6.3874e-07,4.6845e-06,8.4029e-06,9.6534e-06,8.5995e-06
P64,60.00,45.00,60.00,0.00,9.4354e-08,2.1595e-07,7.3193e-07,4.2476e-06,9.2989e-06,9.2872e-06,6.3820e-06,9.2009e-08,1.9537e-07,5.3368e-07,4.3106e-06,8.0401e-06,9.2325e-06,7.6434e-06
P64,0.00,90.00,30.00,0.00,7.2789e-08,2.6434e-07,8.7623e-07,4.6438e-06,9.7423e-06,9.7299e-06,7.4487e-06,7.0932e-08,2.3976e-07,6.3874e-07,4.6845e-06,8.4029e-06,9.6534e-06,8.5995e-06
P64,0.00,0.00,60.00,0.00,5.5403e-08,2.6434e-07,8.7623e-07,4.6436e-06,9.7422e-06,9.7299e-06,7.4487e-06,5.4429e-08,2.3976e-07,6.3874e-07,4.6843e-06,8.4029e-06,9.6534e-06,8.5994e-06
P64,0.00,180.00,30.00,0.00,7.2789e-08,2.6434e-07,8.7623e-07,4.6438e-06,9.7423e-06,9.7299e-06,7.4487e-06,7.0932e-08,2.3976e-07,6.3874e-07,4.6845e-06,8.4029e-06,9.6534e-06,8.5995e-06
P64,60.00,0.00,60.00,0.00,1.2253e-07,2.1596e-07,7.3193e-07,4.2495e-06,9.2991e-06,9.2874e-06,6.3820e-06,1.1945e-07,1.9537e-07,5.3368e-07,4.3127e-06,8.0406e-06,9.2327e-06,7.6435e-06
P64,30.00,90.00,60.00,0.00,5.8295e-08,2.5371e-07,8.4479e-07,4.5689e-06,9.6609e-06,9.6487e-06,7.2293e-06,5.7178e-08,2.2998e-07,6.1607e-07,4.6142e-06,8.3359e-06,9.5761e-06,8.4110e-06
P64,60.00,0.00,0.00,0.00,8.1542e-08,2.1595e-07,7.3193e-07,4.2463e-06,9.2988e-06,9.2871e-06,6.3820e-06,7.9255e-08,1.9537e-07,5.3368e-07,4.3091e-06,8.0399e-06,9.2324e-06,7.6434e-06
P64,0.00,135.00,0.00,0.00,7.6914e-08,2.6434e-07,8.7623e-07,4.6439e-06,9.7423e-06,9.7299e-06,7.4487e-06,7.4835e-08,2.3976e-07,6.3874e-07,4.6846e-06,8.4029e-06,9.6534e-06,8.5995e-06
P64,30.00,90.00,30.00,0.00,7.5800e-08,2.5371e-07,8.4479e-07,4.5692e-06,9.6609e-06,9.6487e-06,7.2293e-06,7.3810e-08,2.2998e-07,6.1607e-07,4.6144e-06,8.3359e-06,9.5761e-06,8.4110e-06
P64,30.00,0.00,60.00,0.00,7.0047e-08,2.5371e-07,8.4479e-07,4.5695e-06,9.6609e-06,9.6487e-06,7.2293e-06,6.8568e-08,2.2998e-07,6.1607e-07,4.6148e-06,8.3360e-06,9.5762e-06,8.4110e-06
P64,60.00,90.00,60.00,0.00,6.5965e-08,2.1594e-07,7.3193e-07,4.2460e-06,9.2988e-06,9.2871e-06,6.3820e-06,6.4458e-08,1.9537e-07,5.3368e-07,4.3089e-06,8.0398e-06,9.2324e-06,7.6434e-06
P64,30.00,180.00,60.00,0.00,5.1824e-08,2.5370e-07,8.4479e-07,4.5686e-06,9.6609e-06,9.6486e-06,7.2293e-06,5.0925e-08,2.2998e-07,6.1607e-07,4.6139e-06,8.3358e-06,9.5761e-06,8.4110e-06
P64,0.00,135.00,30.00,0.00,7.2789e-08,2.6434e-07,8.7623e-07,4.6438e-06,9.7423e-06,9.7299e-06,7.4487e-06,7.0932e-08,2.3976e-07,6.3874e-07,4.6845e-06,8.4029e-06,9.6534e-06,8.5995e-06
P64,0.00,45.00,0.00,0.00,7.6914e-08,2.6434e-07,8.7623e-07,4.6439e-06,9.7423e-06,9.7299e-06,7.4487e-06,7.4835e-08,2.3976e-07,6.3874e-07,4.6846e-06,8.4029e-06,9.6534e-06,8.5995e-06
P64,60.00,135.00,30.00,0.00,7.1566e-08,2.1595e-07,7.3193e-07,4.2459e-06,9.2988e-06,9.2871e-06,6.3820e-06,6.9664e-08,1.9537e-07,5.3368e-07,4.3087e-06,8.0398e-06,9.2324e-06,7.6434e-06
P64,0.00,180.00,60.00,0.00,5.5403e-08,2.6434e-07,8.7623e-07,4.6436e-06,9.7422e-06,9.7299e-06,7.4487e-06,5.4429e-08,2.3976e-07,6.3874e-07,4.6843e-06,8.4029e-06,9.6534e-06,8.5994e-06
P64,60.00,180.00,60.00,0.00,5.1077e-08,2.1594e-07,7.3193e-07,4.2453e-06,9.2987e-06,9.2870e-06,6.3819e-06,5.0065e-08,1.9537e-07,5.3368e-07,4.3080e-06,8.0397e-06,9.2323e-06,7.6434e-06
P64,30.00,180.00,30.00,0.00,7.0814e-08,2.5371e-07,8.4479e-07,4.5689e-06,9.6609e-06,9.6487e-06,7.2293e-06,6.8997e-08,2.2998e-07,6.1607e-07,4.6141e-06,8.3358e-06,9.5761e-06,8.4110e-06
P64,30.00,45.00,30.00,0.00,8.0189e-08,2.5371e-07,8.4479e-07,4.5694e-06,9.6609e-06,9.6487e-06,7.2293e-06,7.8049e-08,2.2998e-07,6.1607e-07,4.6146e-06,8.3359e-06,9.5761e-06,8.4110e-06
P64,0.00,0.00,30.00,0.00,7.2789e-08,2.6434e-07,8.7623e-07,4.6438e-06,9.7423e-06,9.7299e-06,7.4487e-06,7.0932e-08,2.3976e-07,6.3874e-07,4.6845e-06,8.4029e-06,9.6534e-06,8.5995e-06
P64,30.00,45.00,0.00,0.00,7.9266e-08,2.5371e-07,8.4479e-07,4.5692e-06,9.6609e-06,9.6487e-06,7.2293e-06,7.7071e-08,2.2998e-07,6.1607e-07,4.6144e-06,8.3359e-06,9.5761e-06,8.4110e-06
P64,30.00,0.00,30.00,0.00,8.2310e-08,2.5371e-07,8.4479e-07,4.5695e-06,9.6609e-06,9.6487e-06,7.2293e-06,8.0101e-08,2.2998e-07,6.1607e-07,4.6148e-06,8.3360e-06,9.5762e-06,8.4110e-06
P64,60.00,45.00,0.00,0.00,8.1542e-08,2.1595e-07,7.3193e-07,4.2463e-06,9.2988e-06,9.2871e-06,6.3820e-06,7.9255e-08,1.9537e-07,5.3368e-07,4.3091e-06,8.0399e-06,9.2324e-06,7.6434e-06
P64,60.00,90.00,30.00,0.00,7.9983e-08,2.1595e-07,7.3193e-07,4.2462e-06,9.2988e-06,9.2871e-06,6.3820e-06,7.7799e-08,1.9537e-07,5.3368e-07,4.3091e-06,8.0399e-06,9.2324e-06,7.6434e-06
P64,30.00,135.00,60.00,0.00,5.3397e-08,2.5371e-07,8.4479e-07,4.5687e-06,9.6609e-06,9.6486e-06,7.2293e-06,5.2444e-08,2.2998e-07,6.1607e-07,4.6139e-06,8.3358e-06,9.5761e-06,8.4110e-06
P64,0.00,45.00,60.00,0.00,5.5403e-08,2.6434e-07,8.7623e-07,4.6436e-06,9.7422e-06,9.7299e-06,7.4487e-06,5.4429e-08,2.3976e-07,6.3874e-07,4.6843e-06,8.4029e-06,9.6534e-06,8.5994e-06
P64,60.00,90.00,0.00,0.00,8.1542e-08,2.1595e-07,7.3193e-07,4.2463e-06,9.2988e-06,9.2871e-06,6.3820e-06,7.9255e-08,1.9537e-07,5.3368e-07,4.3091e-06,8.0399e-06,9.2324e-06,7.6434e-06
P64,60.00,180.00,30.00,0.00,6.8864e-08,2.1594e-07,7.3193e-07,4.2458e-06,9.2988e-06,9.2871e-06,6.3820e-06,6.7055e-08,1.9537e-07,5.3368e-07,4.3086e-06,8.0398e-06,9.2324e-06,7.6434e-06
P64,60.00,135.00,0.00,0.00,8.1542e-08,2.1595e-07,7.3193e-07,4.2463e-06,9.2988e-06,9.2871e-06,6.3820e-06,7.9255e-08,1.9537e-07,5.3368e-07,4.3091e-06,8.0399e-06,9.2324e-06,7.6434e-06
P64,60.00,45.00,30.00,0.00,9.2732e-08,2.1595e-07,7.3193e-07,4.2469e-06,9.2989e-06,9.2872e-06,6.3820e-06,9.0148e-08,1.9537e-07,5.3368e-07,4.3098e-06,8.0400e-06,9.2325e-06,7.6434e-06
P64,0.00,90.00,60.00,0.00,5.5403e-08,2.6434e-07,8.7623e-07,4.6436e-06,9.7422e-06,9.7299e-06,7.4487e-06,5.4429e-08,2.3976e-07,6.3874e-07,4.6843e-06,8.4029e-06,9.6534e-06,8.5994e-06
P64,30.00,135.00,30.00,0.00,7.2149e-08,2.5371e-07,8.4479e-07,4.5690e-06,9.6609e-06,9.6487e-06,7.2293e-06,7.0286e-08,2.2998e-07,6.1607e-07,4.6142e-06,8.3359e-06,9.5761e-06,8.4110e-06
P64,60.00,135.00,60.00,0.00,5.4176e-08,2.1594e-07,7.3193e-07,4.2455e-06,9.2988e-06,9.2871e-06,6.3819e-06,5.3059e-08,1.9537e-07,5.3368e-07,4.3083e-06,8.0397e-06,9.2323e-06,7.6434e-06
P64,30.00,135.00,0.00,0.00,7.9266e-08,2.5371e-07,8.4479e-07,4.5692e-06,9.6609e-06,9.6487e-06,7.2293e-06,7.7071e-08,2.2998e-07,6.1607e-07,4.6144e-06,8.3359e-06,9.5761e-06,8.4110e-06
P64,0.00,90.00,0.00,0.00,7.6914e-08,2.6434e-07,8.7623e-07,4.6439e-06,9.7423e-06,9.7299e-06,7.4487e-06,7.4835e-08,2.3976e-07,6.3874e-07,4.6846e-06,8.4029e-06,9.6534e-06,8.5995e-06
P64,30.00,90.00,0.00,0.00,7.9266e-08,2.5371e-07,8.4479e-07,4.5692e-06,9.6609e-06,9.6487e-06,7.2293e-06,7.7071e-08,2.2998e-07,6.1607e-07,4.6144e-06,8.3359e-06,9.5761e-06,8.4110e-06
P64,30.00,0.00,0.00,0.00,7.9266e-08,2.5371e-07,8.4479e-07,4.5692e-06,9.6609e-06,9.6487e-06,7.2293e-06,7.7071e-08,2.2998e-07,6.1607e-07,4.6144e-06,8.3359e-06,9.5761e-06,8.4110e-06
P64,30.00,45.00,60.00,0.00,6.5715e-08,2.5371e-07,8.4479e-07,4.5693e-06,9.6609e-06,9.6487e-06,7.2293e-06,6.4366e-08,2.2998e-07,6.1607e-07,4.6146e-06,8.3359e-06,9.5761e-06,8.4110e-06
P64,60.00,0.00,30.00,0.00,1.0018e-07,2.1595e-07,7.3193e-07,4.2473e-06,9.2989e-06,9.2872e-06,6.3820e-06,9.7368e-08,1.9537e-07,5.3368e-07,4.3102e-06,8.0401e-06,9.2325e-06,7.6434e-06
P65,60.00,90.00,30.00,0.00,7.7330e-08,2.6062e-07,8.7935e-07,5.1240e-06,9.6230e-06,9.6143e-06,7.7164e-06,7.7279e-08,2.3562e-07,6.4013e-07,5.1909e-06,8.6800e-06,9.5718e-06,8.6255e-06
P65,0.00,180.00,60.00,0.00,6.7362e-08,3.2291e-07,1.0458e-06,5.7262e-06,1.0506e-05,1.0497e-05,8.8217e-06,6.7717e-08,2.9341e-07,7.6855e-07,5.7742e-06,9.5227e-06,1.0452e-05,9.6698e-06
P65,0.00,90.00,60.00,0.00,6.7362e-08,3.2291e-07,1.0458e-06,5.7262e-06,1.0506e-05,1.0497e-05,8.8217e-06,6.7717e-08,2.9341e-07,7.6855e-07,5.7742e-06,9.5227e-06,1.0452e-05,9.6698e-06
P65,0.00,135.00,30.00,0.00,8.0718e-08,3.2292e-07,1.0458e-06,5.7263e-06,1.0506e-05,1.0497e-05,8.8217e-06,8.0602e-08,2.9341e-07,7.6855e-07,5.7743e-06,9.5227e-06,1.0452e-05,9.6698e-06
P65,30.00,180.00,0.00,0.00,8.4220e-08,3.0937e-07,1.0104e-06,5.6119e-06,1.0326e-05,1.0317e-05,8.5935e-06,8.3960e-08,2.8081e-07,7.4113e-07,5.6640e-06,9.3587e-06,1.0274e-05,9.4551e-06
P65,60.00,0.00,0.00,0.00,7.8930e-08,2.6062e-07,8.7935e-07,5.1240e-06,9.6230e-06,9.6143e-06,7.7164e-06,7.8807e-08,2.3562e-07,6.4013e-07,5.1909e-06,8.6800e-06,9.5718e-06,8.6255e-06
P65,60.00,180.00,60.00,0.00,5.8848e-08,2.6061e-07,8.7935e-07,5.1239e-06,9.6230e-06,9.6143e-06,7.7164e-06,5.9219e-08,2.3562e-07,6.4013e-07,5.1908e-06,8.6800e-06,9.5718e-06,8.6255e-06
P65,60.00,45.00,30.00,0.00,8.4693e-08,2.6062e-07,8.7935e-07,5.1240e-06,9.6230e-06,9.6143e-06,7.7164e-06,8.4546e-08,2.3562e-07,6.4013e-07,5.1909e-06,8.6800e-06,9.5718e-06,8.6255e-06
P65,30.00,45.00,0.00,0.00,8.4220e-08,3.0937e-07,1.0104e-06,5.6119e-06,1.0326e-05,1.0317e-05,8.5935e-06,8.3960e-08,2.8081e-07,7.4113e-07,5.6640e-06,9.3587e-06,1.0274e-05,9.4551e-06
P65,0.00,45.00,0.00,0.00,8.4126e-08,3.2292e-07,1.0458e-06,5.7263e-06,1.0506e-05,1.0497e-05,8.8217e-06,8.3873e-08,2.9341e-07,7.6855e-07,5.7743e-06,9.5228e-06,1.0452e-05,9.6698e-06
P65,30.00,90.00,60.00,0.00,6.7871e-08,3.0936e-07,1.0104e-06,5.6118e-06,1.0326e-05,1.0317e-05,8.5935e-06,6.8195e-08,2.8081e-07,7.4113e-07,5.6639e-06,9.3587e-06,1.0274e-05,9.4551e-06
P65,60.00,180.00,30.00,0.00,7.0921e-08,2.6061e-07,8.7935e-07,5.1240e-06,9.6230e-06,9.6143e-06,7.7164e-06,7.0967e-08,2.3562e-07,6.4013e-07,5.1909e-06,8.6800e-06,9.5718e-06,8.6255e-06
P65,60.00,180.00,0.00,0.00,7.8930e-08,2.6062e-07,8.7935e-07,5.1240e-06,9.6230e-06,9.6143e-06,7.7164e-06,7.8807e-08,2.3562e-07,6.4013e-07,5.1909e-06,8.6800e-06,9.5718e-06,8.6255e-06
P65,60.00,0.00,30.00,0.00,8.8998e-08,2.6062e-07,8.7935e-07,5.1240e-06,9.6230e-06,9.6143e-06,7.7164e-06,8.8799e-08,2.3562e-07,6.4013e-07,5.1909e-06,8.6800e-06,9.5718e-06,8.6255e-06
P65,60.00,135.00,60.00,0.00,6.0481e-08,2.6061e-07,8.7935e-07,5.1240e-06,9.6230e-06,9.6143e-06,7.7164e-06,6.0829e-08,2.3562e-07,6.4013e-07,5.1909e-06,8.6800e-06,9.5718e-06,8.6255e-06
P65,30.00,180.00,60.00,0.00,6.4152e-08,3.0936e-07,1.0104e-06,5.6118e-06,1.0326e-05,1.0317e-05,8.5935e-06,6.4530e-08,2.8081e-07,7.4113e-07,5.6639e-06,9.3587e-06,1.0274e-05,9.4551e-06
P65,0.00,180.00,30.00,0.00,8.0718e-08,3.2292e-07,1.0458e-06,5.7263e-06,1.0506e-05,1.0497e-05,8.8217e-06,8.0602e-08,2.9341e-07,7.6855e-07,5.7743e-06,9.5227e-06,1.0452e-05,9.6698e-06
P65,0.00,45.00,60.00,0.00,6.7362e-08,3.2291e-07,1.0458e-06,5.7262e-06,1.0506e-05,1.0497e-05,8.8217e-06,6.7717e-08,2.9341e-07,7.6855e-07,5.7742e-06,9.5227e-06,1.0452e-05,9.6698e-06
P65,30.00,0.00,0.00,0.00,8.4220e-08,3.0937e-07,1.0104e-06,5.6119e-06,1.0326e-05,1.0317e-05,8.5935e-06,8.3960e-08,2.8081e-07,7.4113e-07,5.6640e-06,9.3587e-06,1.0274e-05,9.4551e-06
P65,30.00,0.00,30.00,0.00,8.5380e-08,3.0937e-07,1.0104e-06,5.6119e-06,1.0326e-05,1.0317e-05,8.5935e-06,8.5177e-08,2.8081e-07,7.4113e-07,5.6640e-06,9.3587e-06,1.0274e-05,9.4551e-06
P65,30.00,90.00,0.00,0.00,8.4220e-08,3.0937e-07,1.0104e-06,5.6119e-06,1.0326e-05,1.0317e-05,8.5935e-06,8.3960e-08,2.8081e-07,7.4113e-07,5.6640e-06,9.3587e-06,1.0274e-05,9.4551e-06
P65,0.00,135.00,60.00,0.00,6.7362e-08,3.2291e-07,1.0458e-06,5.7262e-06,1.0506e-05,1.0497e-05,8.8217e-06,6.7717e-08,2.9341e-07,7.6855e-07,5.7742e-06,9.5227e-06,1.0452e-05,9.6698e-06
P65,60.00,135.00,0.00,0.00,7.8930e-08,2.6062e-07,8.7935e-07,5.1240e-06,9.6230e-06,9.6143e-06,7.7164e-06,7.8807e-08,2.3562e-07,6.4013e-07,5.1909e-06,8.6800e-06,9.5718e-06,8.6255e-06
P65,0.00,45.00,30.00,0.00,8.0718e-08,3.2292e-07,1.0458e-06,5.7263e-06,1.0506e-05,1.0497e-05,8.8217e-06,8.0602e-08,2.9341e-07,7.6855e-07,5.7743e-06,9.5227e-06,1.0452e-05,9.6698e-06
P65,60.00,0.00,60.00,0.00,9.6641e-08,2.6062e-07,8.7935e-07,5.1240e-06,9.6230e-06,9.6143e-06,7.7164e-06,9.6668e-08,2.3562e-07,6.4013e-07,5.1909e-06,8.6800e-06,9.5718e-06,8.6255e-06
P65,30.00,45.00,60.00,0.00,7.2145e-08,3.0936e-07,1.0104e-06,5.6118e-06,1.0326e-05,1.0317e-05,8.5935e-06,7.2414e-08,2.8081e-07,7.4113e-07,5.6640e-06,9.3587e-06,1.0274e-05,9.4551e-06
P65,30.00,180.00,30.00,0.00,7.8117e-08,3.0937e-07,1.0104e-06,5.6118e-06,1.0326e-05,1.0317e-05,8.5935e-06,7.8042e-08,2.8081e-07,7.4113e-07,5.6640e-06,9.3587e-06,1.0274e-05,9.4551e-06
P65,0.00,90.00,30.00,0.00,8.0718e-08,3.2292e-07,1.0458e-06,5.7263e-06,1.0506e-05,1.0497e-05,8.8217e-06,8.0602e-08,2.9341e-07,7.6855e-07,5.7743e-06,9.5227e-06,1.0452e-05,9.6698e-06
P65,60.00,135.00,30.00,0.00,7.2477e-08,2.6061e-07,8.7935e-07,5.1240e-06,9.6230e-06,9.6143e-06,7.7164e-06,7.2498e-08,2.3562e-07,6.4013e-07,5.1909e-06,8.6800e-06,9.5718e-06,8.6255e-06
P65,30.00,45.00,30.00,0.00,8.4038e-08,3.0937e-07,1.0104e-06,5.6119e-06,1.0326e-05,1.0317e-05,8.5935e-06,8.3857e-08,2.8081e-07,7.4113e-07,5.6640e-06,9.3587e-06,1.0274e-05,9.4551e-06
P65,30.00,135.00,30.00,0.00,7.8959e-08,3.0937e-07,1.0104e-06,5.6119e-06,1.0326e-05,1.0317e-05,8.5935e-06,7.8869e-08,2.8081e-07,7.4113e-07,5.6640e-06,9.3587e-06,1.0274e-05,9.4551e-06
P65,60.00,45.00,60.00,0.00,8.1702e-08,2.6062e-07,8.7935e-07,5.1240e-06,9.6230e-06,9.6143e-06,7.7164e-06,8.1832e-08,2.3562e-07,6.4013e-07,5.1909e-06,8.6800e-06,9.5718e-06,8.6255e-06
P65,0.00,135.00,0.00,0.00,8.4126e-08,3.2292e-07,1.0458e-06,5.7263e-06,1.0506e-05,1.0497e-05,8.8217e-06,8.3873e-08,2.9341e-07,7.6855e-07,5.7743e-06,9.5228e-06,1.0452e-05,9.6698e-06
P65,30.00,135.00,60.00,0.00,6.5055e-08,3.0936e-07,1.0104e-06,5.6118e-06,1.0326e-05,1.0317e-05,8.5935e-06,6.5419e-08,2.8081e-07,7.4113e-07,5.6639e-06,9.3587e-06,1.0274e-05,9.4551e-06
P65,0.00,0.00,60.00,0.00,6.7362e-08,3.2291e-07,1.0458e-06,5.7262e-06,1.0506e-05,1.0497e-05,8.8217e-06,6.7717e-08,2.9341e-07,7.6855e-07,5.7742e-06,9.5227e-06,1.0452e-05,9.6698e-06
P65,0.00,0.00,0.00,0.00,8.4126e-08,3.2292e-07,1.0458e-06,5.7263e-06,1.0506e-05,1.0497e-05,8.8217e-06,8.3873e-08,2.9341e-07,7.6855e-07,5.7743e-06,9.5228e-06,1.0452e-05,9.6698e-06
P65,30.00,90.00,30.00,0.00,8.1264e-08,3.0937e-07,1.0104e-06,5.6119e-06,1.0326e-05,1.0317e-05,8.5935e-06,8.1132e-08,2.8081e-07,7.4113e-07,5.6640e-06,9.3587e-06,1.0274e-05,9.4551e-06
P65,0.00,180.00,0.00,0.00,8.4126e-08,3.2292e-07,1.0458e-06,5.7263e-06,1.0506e-05,1.0497e-05,8.8217e-06,8.3873e-08,2.9341e-07,7.6855e-07,5.7743e-06,9.5228e-06,1.0452e-05,9.6698e-06
P65,0.00,0.00,30.00,0.00,8.0718e-08,3.2292e-07,1.0458e-06,5.7263e-06,1.0506e-05,1.0497e-05,8.8217e-06,8.0602e-08,2.9341e-07,7.6855e-07,5.7743e-06,9.5227e-06,1.0452e-05,9.6698e-06
P65,60.00,90.00,0.00,0.00,7.8930e-08,2.6062e-07,8.7935e-07,5.1240e-06,9.6230e-06,9.6143e-06,7.7164e-06,7.8807e-08,2.3562e-07,6.4013e-07,5.1909e-06,8.6800e-06,9.5718e-06,8.6255e-06
P65,30.00,135.00,0.00,0.00,8.4220e-08,3.0937e-07,1.0104e-06,5.6119e-06,1.0326e-05,1.0317e-05,8.5935e-06,8.3960e-08,2.8081e-07,7.4113e-07,5.6640e-06,9.3587e-06,1.0274e-05,9.4551e-06
P65,60.00,90.00,60.00,0.00,6.6696e-08,2.6061e-07,8.7935e-07,5.1240e-06,9.6230e-06,9.6143e-06,7.7164e-06,6.6969e-08,2.3562e-07,6.4013e-07,5.1909e-06,8.6800e-06,9.5718e-06,8.6255e-06
P65,0.00,90.00,0.00,0.00,8.4126e-08,3.2292e-07,1.0458e-06,5.7263e-06,1.0506e-05,1.0497e-05,8.8217e-06,8.3873e-08,2.9341e-07,7.6855e-07,5.7743e-06,9.5228e-06,1.0452e-05,9.6698e-06
P65,60.00,45.00,0.00,0.00,7.8930e-08,2.6062e-07,8.7935e-07,5.1240e-06,9.6230e-06,9.6143e-06,7.7164e-06,7.8807e-08,2.3562e-07,6.4013e-07,5.1909e-06,8.6800e-06,9.5718e-06,8.6255e-06
P65,30.00,0.00,60.00,0.00,7.4644e-08,3.0937e-07,1.0104e-06,5.6118e-06,1.0326e-05,1.0317e-05,8.5935e-06,7.4885e-08,2.8081e-07,7.4113e-07,5.6640e-06,9.3587e-06,1.0274e-05,9.4551e-06
P66,60.00,0.00,0.00,0.00,7.5318e-08,1.9988e-07,7.1698e-07,3.1362e-06,7.5698e-06,7.5577e-06,5.6952e-06,7.2549e-08,1.8003e-07,5.1965e-07,3.1720e-06,6.2502e-06,7.4706e-06,6.7132e-06
P66,30.00,90.00,30.00,0.00,6.6243e-08,2.4080e-07,8.2596e-07,3.3302e-06,7.7405e-06,7.7283e-06,6.3943e-06,6.3828e-08,2.1814e-07,6.0477e-07,3.3515e-06,6.4040e-06,7.6323e-06,7.2584e-06
P66,30.00,135.00,0.00,0.00,6.9843e-08,2.4080e-07,8.2596e-07,3.3302e-06,7.7405e-06,7.7283e-06,6.3944e-06,6.7205e-08,2.1814e-07,6.0477e-07,3.3515e-06,6.4040e-06,7.6323e-06,7.2584e-06
P66,60.00,90.00,30.00,0.00,7.3732e-08,1.9987e-07,7.1698e-07,3.1362e-06,7.5698e-06,7.5577e-06,5.6952e-06,7.1076e-08,1.8003e-07,5.1965e-07,3.1720e-06,6.2502e-06,7.4706e-06,6.7132e-06
P66,0.00,45.00,0.00,0.00,6.6606e-08,2.5205e-07,8.5458e-07,3.3738e-06,7.7791e-06,7.7669e-06,6.5628e-06,6.4103e-08,2.2867e-07,6.2754e-07,3.3914e-06,6.4389e-06,7.6691e-06,7.3855e-06
P66,0.00,135.00,0.00,0.00,6.6606e-08,2.5205e-07,8.5458e-07,3.3738e-06,7.7791e-06,7.7669e-06,6.5628e-06,6.4103e-08,2.2867e-07,6.2754e-07,3.3914e-06,6.4389e-06,7.6691e-06,7.3855e-06
P66,0.00,90.00,60.00,0.00,4.4171e-08,2.5204e-07,8.5458e-07,3.3735e-06,7.7791e-06,7.7669e-06,6.5628e-06,4.2882e-08,2.2867e-07,6.2754e-07,3.3911e-06,6.4389e-06,7.6690e-06,7.3855e-06
P66,0.00,45.00,30.00,0.00,6.2313e-08,2.5205e-07,8.5458e-07,3.3737e-06,7.7791e-06,7.7669e-06,6.5628e-06,6.0053e-08,2.2867e-07,6.2754e-07,3.3913e-06,6.4389e-06,7.6691e-06,7.3855e-06
P66,30.00,180.00,30.00,0.00,6.1003e-08,2.4080e-07,8.2596e-07,3.3299e-06,7.7405e-06,7.7283e-06,6.3943e-06,5.8783e-08,2.1814e-07,6.0477e-07,3.3511e-06,6.4039e-06,7.6323e-06,7.2584e-06
P66,30.00,135.00,60.00,0.00,4.2775e-08,2.4079e-07,8.2596e-07,3.3297e-06,7.7405e-06,7.7283e-06,6.3943e-06,4.1510e-08,2.1814e-07,6.0477e-07,3.3509e-06,6.4039e-06,7.6323e-06,7.2584e-06
P66,30.00,135.00,30.00,0.00,6.2406e-08,2.4080e-07,8.2596e-07,3.3300e-06,7.7405e-06,7.7283e-06,6.3943e-06,6.0134e-08,2.1814e-07,6.0477e-07,3.3513e-06,6.4040e-06,7.6323e-06,7.2584e-06
P66,0.00,0.00,60.00,0.00,4.4171e-08,2.5204e-07,8.5458e-07,3.3735e-06,7.7791e-06,7.7669e-06,6.5628e-06,4.2882e-08,2.2867e-07,6.2754e-07,3.3911e-06,6.4389e-06,7.6690e-06,7.3855e-06
P66,60.00,180.00,30.00,0.00,6.1887e-08,1.9987e-07,7.1697e-07,3.1357e-06,7.5698e-06,7.5577e-06,5.6951e-06,5.9664e-08,1.8003e-07,5.1965e-07,3.1714e-06,6.2501e-06,7.4706e-06,6.7131e-06
P66,60.00,0.00,60.00,0.00,1.1986e-07,1.9989e-07,7.1698e-07,3.1403e-06,7.5702e-06,7.5582e-06,5.6952e-06,1.1610e-07,1.8003e-07,5.1965e-07,3.1765e-06,6.2511e-06,7.4711e-06,6.7133e-06
P66,30.00,0.00,60.00,0.00,6.0439e-08,2.4080e-07,8.2596e-07,3.3307e-06,7.7406e-06,7.7284e-06,6.3943e-06,5.8570e-08,2.1814e-07,6.0477e-07,3.3520e-06,6.4041e-06,7.6324e-06,7.2584e-06
P66,60.00,45.00,60.00,0.00,8.9578e-08,1.9988e-07,7.1698e-07,3.1379e-06,7.5700e-06,7.5579e-06,5.6952e-06,8.6687e-08,1.8003e-07,5.1965e-07,3.1739e-06,6.2506e-06,7.4708e-06,6.7132e-06
P66,60.00,0.00,30.00,0.00,9.5246e-08,1.9988e-07,7.1698e-07,3.1374e-06,7.5699e-06,7.5579e-06,5.6952e-06,9.1866e-08,1.8003e-07,5.1965e-07,3.1733e-06,6.2505e-06,7.4708e-06,6.7132e-06
P66,60.00,135.00,30.00,0.00,6.4764e-08,1.9987e-07,7.1697e-07,3.1358e-06,7.5698e-06,7.5577e-06,5.6952e-06,6.2433e-08,1.8003e-07,5.1965e-07,3.1715e-06,6.2501e-06,7.4706e-06,6.7131e-06
P66,0.00,90.00,30.00,0.00,6.2313e-08,2.5205e-07,8.5458e-07,3.3737e-06,7.7791e-06,7.7669e-06,6.5628e-06,6.0053e-08,2.2867e-07,6.2754e-07,3.3913e-06,6.4389e-06,7.6691e-06,7.3855e-06
P66,30.00,0.00,0.00,0.00,6.9843e-08,2.4080e-07,8.2596e-07,3.3302e-06,7.7405e-06,7.7283e-06,6.3944e-06,6.7205e-08,2.1814e-07,6.0477e-07,3.3515e-06,6.4040e-06,7.6323e-06,7.2584e-06
P66,0.00,180.00,60.00,0.00,4.4171e-08,2.5204e-07,8.5458e-07,3.3735e-06,7.7791e-06,7.7669e-06,6.5628e-06,4.2882e-08,2.2867e-07,6.2754e-07,3.3911e-06,6.4389e-06,7.6690e-06,7.3855e-06
P66,60.00,180.00,0.00,0.00,7.5318e-08,1.9988e-07,7.1698e-07,3.1362e-06,7.5698e-06,7.5577e-06,5.6952e-06,7.2549e-08,1.8003e-07,5.1965e-07,3.1720e-06,6.2502e-06,7.4706e-06,6.7132e-06
P66,30.00,180.00,0.00,0.00,6.9843e-08,2.4080e-07,8.2596e-07,3.3302e-06,7.7405e-06,7.7283e-06,6.3944e-06,6.7205e-08,2.1814e-07,6.0477e-07,3.3515e-06,6.4040e-06,7.6323e-06,7.2584e-06
P66,30.00,45.00,60.00,0.00,5.5843e-08,2.4080e-07,8.2596e-07,3.3304e-06,7.7405e-06,7.7283e-06,6.3943e-06,5.4124e-08,2.1814e-07,6.0477e-07,3.3517e-06,6.4041e-06,7.6324e-06,7.2584e-06
P66,30.00,180.00,60.00,0.00,4.1107e-08,2.4079e-07,8.2596e-07,3.3296e-06,7.7405e-06,7.7283e-06,6.3943e-06,3.9904e-08,2.1814e-07,6.0477e-07,3.3509e-06,6.4039e-06,7.6323e-06,7.2584e-06
P66,30.00,0.00,30.00,0.00,7.3083e-08,2.4080e-07,8.2596e-07,3.3306e-06,7.7406e-06,7.7284e-06,6.3944e-06,7.0421e-08,2.1814e-07,6.0477e-07,3.3519e-06,6.4041e-06,7.6324e-06,7.2584e-06
P66,30.00,45.00,30.00,0.00,7.0855e-08,2.4080e-07,8.2596e-07,3.3304e-06,7.7405e-06,7.7283e-06,6.3944e-06,6.8271e-08,2.1814e-07,6.0477e-07,3.3517e-06,6.4040e-06,7.6324e-06,7.2584e-06
P66,0.00,45.00,60.00,0.00,4.4171e-08,2.5204e-07,8.5458e-07,3.3735e-06,7.7791e-06,7.7669e-06,6.5628e-06,4.2882e-08,2.2867e-07,6.2754e-07,3.3911e-06,6.4389e-06,7.6690e-06,7.3855e-06
P66,0.00,180.00,0.00,0.00,6.6606e-08,2.5205e-07,8.5458e-07,3.3738e-06,7.7791e-06,7.7669e-06,6.5628e-06,6.4103e-08,2.2867e-07,6.2754e-07,3.3914e-06,6.4389e-06,7.6691e-06,7.3855e-06
P66,0.00,135.00,60.00,0.00,4.4171e-08,2.5204e-07,8.5458e-07,3.3735e-06,7.7791e-06,7.7669e-06,6.5628e-06,4.2882e-08,2.2867e-07,6.2754e-07,3.3911e-06,6.4389e-06,7.6690e-06,7.3855e-06
P66,0.00,90.00,0.00,0.00,6.6606e-08,2.5205e-07,8.5458e-07,3.3738e-06,7.7791e-06,7.7669e-06,6.5628e-06,6.4103e-08,2.2867e-07,6.2754e-07,3.3914e-06,6.4389e-06,7.6691e-06,7.3855e-06
P66,60.00,45.00,0.00,0.00,7.5318e-08,1.9988e-07,7.1698e-07,3.1362e-06,7.5698e-06,7.5577e-06,5.6952e-06,7.2549e-08,1.8003e-07,5.1965e-07,3.1720e-06,6.2502e-06,7.4706e-06,6.7132e-06
P66,60.00,45.00,30.00,0.00,8.7313e-08,1.9988e-07,7.1698e-07,3.1370e-06,7.5699e-06,7.5578e-06,5.6952e-06,8.4193e-08,1.8003e-07,5.1965e-07,3.1729e-06,6.2504e-06,7.4707e-06,6.7132e-06
P66,60.00,135.00,0.00,0.00,7.5318e-08,1.9988e-07,7.1698e-07,3.1362e-06,7.5698e-06,7.5577e-06,5.6952e-06,7.2549e-08,1.8003e-07,5.1965e-07,3.1720e-06,6.2502e-06,7.4706e-06,6.7132e-06
P66,0.00,0.00,30.00,0.00,6.2313e-08,2.5205e-07,8.5458e-07,3.3737e-06,7.7791e-06,7.7669e-06,6.5628e-06,6.0053e-08,2.2867e-07,6.2754e-07,3.3913e-06,6.4389e-06,7.6691e-06,7.3855e-06
P66,0.00,180.00,30.00,0.00,6.2313e-08,2.5205e-07,8.5458e-07,3.3737e-06,7.7791e-06,7.7669e-06,6.5628e-06,6.0053e-08,2.2867e-07,6.2754e-07,3.3913e-06,6.4389e-06,7.6691e-06,7.3855e-06
P66,0.00,0.00,0.00,0.00,6.6606e-08,2.5205e-07,8.5458e-07,3.3738e-06,7.7791e-06,7.7669e-06,6.5628e-06,6.4103e-08,2.2867e-07,6.2754e-07,3.3914e-06,6.4389e-06,7.6691e-06,7.3855e-06
P66,30.00,90.00,0.00,0.00,6.9843e-08,2.4080e-07,8.2596e-07,3.3302e-06,7.7405e-06,7.7283e-06,6.3944e-06,6.7205e-08,2.1814e-07,6.0477e-07,3.3515e-06,6.4040e-06,7.6323e-06,7.2584e-06
P66,60.00,90.00,60.00,0.00,5.9053e-08,1.9987e-07,7.1697e-07,3.1360e-06,7.5698e-06,7.5577e-06,5.6951e-06,5.7151e-08,1.8003e-07,5.1965e-07,3.1718e-06,6.2502e-06,7.4706e-06,6.7131e-06
P66,60.00,180.00,60.00,0.00,4.3048e-08,1.9986e-07,7.1697e-07,3.1351e-06,7.5697e-06,7.5576e-06,5.6951e-06,4.1726e-08,1.8003e-07,5.1965e-07,3.1708e-06,6.2500e-06,7.4705e-06,6.7131e-06
P66,60.00,135.00,60.00,0.00,4.6379e-08,1.9987e-07,7.1697e-07,3.1354e-06,7.5697e-06,7.5577e-06,5.6951e-06,4.4934e-08,1.8003e-07,5.1965e-07,3.1711e-06,6.2501e-06,7.4705e-06,6.7131e-06
P66,0.00,135.00,30.00,0.00,6.2313e-08,2.5205e-07,8.5458e-07,3.3737e-06,7.7791e-06,7.7669e-06,6.5628e-06,6.0053e-08,2.2867e-07,6.2754e-07,3.3913e-06,6.4389e-06,7.6691e-06,7.3855e-06
P66,30.00,90.00,60.00,0.00,4.7972e-08,2.4080e-07,8.2596e-07,3.3299e-06,7.7405e-06,7.7283e-06,6.3943e-06,4.6520e-08,2.1814e-07,6.0477e-07,3.3512e-06,6.4040e-06,7.6323e-06,7.2584e-06
P66,60.00,90.00,0.00,0.00,7.5318e-08,1.9988e-07,7.1698e-07,3.1362e-06,7.5698e-06,7.5577e-06,5.6952e-06,7.2549e-08,1.8003e-07,5.1965e-07,3.1720e-06,6.2502e-06,7.4706e-06,6.7132e-06
P66,30.00,45.00,0.00,0.00,6.9843e-08,2.4080e-07,8.2596e-07,3.3302e-06,7.7405e-06,7.7283e-06,6.3944e-06,6.7205e-08,2.1814e-07,6.0477e-07,3.3515e-06,6.4040e-06,7.6323e-06,7.2584e-06
P67,60.00,0.00,30.00,0.00,1.0567e-07,2.2546e-07,8.2165e-07,4.7103e-06,1.0168e-05,1.0155e-05,6.9084e-06,1.0275e-07,2.0195e-07,5.7924e-07,4.7784e-06,8.7376e-06,1.0086e-05,8.3410e-06
P67,60.00,45.00,0.00,0.00,8.6558e-08,2.2545e-07,8.2165e-07,4.7093e-06,1.0168e-05,1.0155e-05,6.9084e-06,8.4210e-08,2.0195e-07,5.7924e-07,4.7772e-06,8.7374e-06,1.0086e-05,8.3409e-06
P67,0.00,0.00,30.00,0.00,7.6745e-08,2.8688e-07,1.0245e-06,5.0246e-06,1.0427e-05,1.0413e-05,8.0598e-06,7.4866e-08,2.5782e-07,7.2271e-07,5.0652e-06,8.9297e-06,1.0321e-05,9.2840e-06
P67,30.00,45.00,60.00,0.00,7.0070e-08,2.7307e-07,9.7984e-07,4.9712e-06,1.0385e-05,1.0372e-05,7.8308e-06,6.8682e-08,2.4520e-07,6.9097e-07,5.0174e-06,8.9002e-06,1.0284e-05,9.1049e-06
P67,60.00,90.00,30.00,0.00,8.5035e-08,2.2545e-07,8.2165e-07,4.7093e-06,1.0168e-05,1.0155e-05,6.9084e-06,8.2788e-08,2.0195e-07,5.7924e-07,4.7772e-06,8.7374e-06,1.0086e-05,8.3409e-06
P67,60.00,135.00,0.00,0.00,8.6558e-08,2.2545e-07,8.2165e-07,4.7093e-06,1.0168e-05,1.0155e-05,6.9084e-06,8.4210e-08,2.0195e-07,5.7924e-07,4.7772e-06,8.7374e-06,1.0086e-05,8.3409e-06
P67,30.00,0.00,30.00,0.00,8.6653e-08,2.7307e-07,9.7984e-07,4.9713e-06,1.0385e-05,1.0372e-05,7.8308e-06,8.4402e-08,2.4521e-07,6.9097e-07,5.0175e-06,8.9002e-06,1.0284e-05,9.1049e-06
P67,30.00,180.00,0.00,0.00,8.3482e-08,2.7307e-07,9.7984e-07,4.9710e-06,1.0385e-05,1.0372e-05,7.8308e-06,8.1258e-08,2.4521e-07,6.9097e-07,5.0172e-06,8.9002e-06,1.0284e-05,9.1049e-06
P67,30.00,45.00,30.00,0.00,8.4498e-08,2.7307e-07,9.7984e-07,4.9712e-06,1.0385e-05,1.0372e-05,7.8308e-06,8.2320e-08,2.4521e-07,6.9097e-07,5.0174e-06,8.9002e-06,1.0284e-05,9.1049e-06
P67,60.00,45.00,60.00,0.00,1.0012e-07,2.2546e-07,8.2165e-07,4.7107e-06,1.0168e-05,1.0155e-05,6.9084e-06,9.7654e-08,2.0195e-07,5.7924e-07,4.7788e-06,8.7377e-06,1.0086e-05,8.3410e-06
P67,0.00,135.00,30.00,0.00,7.6745e-08,2.8688e-07,1.0245e-06,5.0246e-06,1.0427e-05,1.0413e-05,8.0598e-06,7.4866e-08,2.5782e-07,7.2271e-07,5.0652e-06,8.9297e-06,1.0321e-05,9.2840e-06
P67,0.00,180.00,30.00,0.00,7.6745e-08,2.8688e-07,1.0245e-06,5.0246e-06,1.0427e-05,1.0413e-05,8.0598e-06,7.4866e-08,2.5782e-07,7.2271e-07,5.0652e-06,8.9297e-06,1.0321e-05,9.2840e-06
P67,0.00,90.00,30.00,0.00,7.6745e-08,2.8688e-07,1.0245e-06,5.0246e-06,1.0427e-05,1.0413e-05,8.0598e-06,7.4866e-08,2.5782e-07,7.2271e-07,5.0652e-06,8.9297e-06,1.0321e-05,9.2840e-06
P67,0.00,135.00,60.00,0.00,5.9318e-08,2.8687e-07,1.0245e-06,5.0244e-06,1.0427e-05,1.0413e-05,8.0598e-06,5.8329e-08,2.5782e-07,7.2271e-07,5.0650e-06,8.9297e-06,1.0321e-05,9.2840e-06
P67,30.00,180.00,60.00,0.00,5.5875e-08,2.7306e-07,9.7984e-07,4.9705e-06,1.0385e-05,1.0372e-05,7.8308e-06,5.4967e-08,2.4520e-07,6.9097e-07,5.0166e-06,8.9001e-06,1.0284e-05,9.1049e-06
P67,0.00,90.00,60.00,0.00,5.9318e-08,2.8687e-07,1.0245e-06,5.0244e-06,1.0427e-05,1.0413e-05,8.0598e-06,5.8329e-08,2.5782e-07,7.2271e-07,5.0650e-06,8.9297e-06,1.0321e-05,9.2840e-06
P67,0.00,180.00,0.00,0.00,8.0860e-08,2.8688e-07,1.0245e-06,5.0247e-06,1.0427e-05,1.0413e-05,8.0598e-06,7.8758e-08,2.5782e-07,7.2271e-07,5.0653e-06,8.9297e-06,1.0321e-05,9.2840e-06
P67,60.00,0.00,0.00,0.00,8.6558e-08,2.2545e-07,8.2165e-07,4.7093e-06,1.0168e-05,1.0155e-05,6.9084e-06,8.4210e-08,2.0195e-07,5.7924e-07,4.7772e-06,8.7374e-06,1.0086e-05,8.3409e-06
P67,60.00,180.00,60.00,0.00,5.5710e-08,2.2544e-07,8.2165e-07,4.7083e-06,1.0168e-05,1.0154e-05,6.9084e-06,5.4678e-08,2.0195e-07,5.7924e-07,4.7761e-06,8.7371e-06,1.0086e-05,8.3409e-06
P67,30.00,90.00,30.00,0.00,8.0035e-08,2.7307e-07,9.7984e-07,4.9710e-06,1.0385e-05,1.0372e-05,7.8308e-06,7.8014e-08,2.4521e-07,6.9097e-07,5.0172e-06,8.9002e-06,1.0284e-05,9.1049e-06
P67,30.00,45.00,0.00,0.00,8.3482e-08,2.7307e-07,9.7984e-07,4.9710e-06,1.0385e-05,1.0372e-05,7.8308e-06,8.1258e-08,2.4521e-07,6.9097e-07,5.0172e-06,8.9002e-06,1.0284e-05,9.1049e-06
P67,60.00,135.00,30.00,0.00,7.6437e-08,2.2545e-07,8.2165e-07,4.7089e-06,1.0168e-05,1.0154e-05,6.9084e-06,7.4489e-08,2.0195e-07,5.7924e-07,4.7768e-06,8.7373e-06,1.0086e-05,8.3409e-06
P67,30.00,90.00,60.00,0.00,6.2487e-08,2.7307e-07,9.7984e-07,4.9708e-06,1.0385e-05,1.0372e-05,7.8308e-06,6.1347e-08,2.4520e-07,6.9097e-07,5.0169e-06,8.9001e-06,1.0284e-05,9.1049e-06
P67,60.00,45.00,30.00,0.00,9.8060e-08,2.2546e-07,8.2165e-07,4.7100e-06,1.0168e-05,1.0155e-05,6.9084e-06,9.5387e-08,2.0195e-07,5.7924e-07,4.7780e-06,8.7375e-06,1.0086e-05,8.3410e-06
P67,0.00,0.00,0.00,0.00,8.0860e-08,2.8688e-07,1.0245e-06,5.0247e-06,1.0427e-05,1.0413e-05,8.0598e-06,7.8758e-08,2.5782e-07,7.2271e-07,5.0653e-06,8.9297e-06,1.0321e-05,9.2840e-06
P67,30.00,0.00,0.00,0.00,8.3482e-08,2.7307e-07,9.7984e-07,4.9710e-06,1.0385e-05,1.0372e-05,7.8308e-06,8.1258e-08,2.4521e-07,6.9097e-07,5.0172e-06,8.9002e-06,1.0284e-05,9.1049e-06
P67,30.00,180.00,30.00,0.00,7.4967e-08,2.7307e-07,9.7984e-07,4.9707e-06,1.0385e-05,1.0372e-05,7.8308e-06,7.3127e-08,2.4521e-07,6.9097e-07,5.0169e-06,8.9001e-06,1.0284e-05,9.1049e-06
P67,30.00,135.00,60.00,0.00,5.7482e-08,2.7306e-07,9.7984e-07,4.9706e-06,1.0385e-05,1.0372e-05,7.8308e-06,5.6515e-08,2.4520e-07,6.9097e-07,5.0167e-06,8.9001e-06,1.0284e-05,9.1049e-06
P67,60.00,180.00,30.00,0.00,7.3677e-08,2.2545e-07,8.2165e-07,4.7088e-06,1.0168e-05,1.0154e-05,6.9084e-06,7.1829e-08,2.0195e-07,5.7924e-07,4.7767e-06,8.7373e-06,1.0086e-05,8.3409e-06
P67,0.00,135.00,0.00,0.00,8.0860e-08,2.8688e-07,1.0245e-06,5.0247e-06,1.0427e-05,1.0413e-05,8.0598e-06,7.8758e-08,2.5782e-07,7.2271e-07,5.0653e-06,8.9297e-06,1.0321e-05,9.2840e-06
P67,0.00,45.00,30.00,0.00,7.6745e-08,2.8688e-07,1.0245e-06,5.0246e-06,1.0427e-05,1.0413e-05,8.0598e-06,7.4866e-08,2.5782e-07,7.2271e-07,5.0652e-06,8.9297e-06,1.0321e-05,9.2840e-06
P67,60.00,0.00,60.00,0.00,1.2905e-07,2.2547e-07,8.2165e-07,4.7127e-06,1.0168e-05,1.0155e-05,6.9084e-06,1.2577e-07,2.0195e-07,5.7924e-07,4.7810e-06,8.7381e-06,1.0086e-05,8.3411e-06
P67,0.00,90.00,0.00,0.00,8.0860e-08,2.8688e-07,1.0245e-06,5.0247e-06,1.0427e-05,1.0413e-05,8.0598e-06,7.8758e-08,2.5782e-07,7.2271e-07,5.0653e-06,8.9297e-06,1.0321e-05,9.2840e-06
P67,30.00,0.00,60.00,0.00,7.4498e-08,2.7307e-07,9.7984e-07,4.9714e-06,1.0385e-05,1.0372e-05,7.8308e-06,7.2971e-08,2.4520e-07,6.9097e-07,5.0176e-06,8.9002e-06,1.0284e-05,9.1049e-06
P67,0.00,0.00,60.00,0.00,5.9318e-08,2.8687e-07,1.0245e-06,5.0244e-06,1.0427e-05,1.0413e-05,8.0598e-06,5.8329e-08,2.5782e-07,7.2271e-07,5.0650e-06,8.9297e-06,1.0321e-05,9.2840e-06
P67,0.00,45.00,60.00,0.00,5.9318e-08,2.8687e-07,1.0245e-06,5.0244e-06,1.0427e-05,1.0413e-05,8.0598e-06,5.8329e-08,2.5782e-07,7.2271e-07,5.0650e-06,8.9297e-06,1.0321e-05,9.2840e-06
P67,0.00,180.00,60.00,0.00,5.9318e-08,2.8687e-07,1.0245e-06,5.0244e-06,1.0427e-05,1.0413e-05,8.0598e-06,5.8329e-08,2.5782e-07,7.2271e-07,5.0650e-06,8.9297e-06,1.0321e-05,9.2840e-06
P67,60.00,90.00,60.00,0.00,7.0985e-08,2.2545e-07,8.2165e-07,4.7091e-06,1.0168e-05,1.0155e-05,6.9084e-06,6.9422e-08,2.0195e-07,5.7924e-07,4.7770e-06,8.7373e-06,1.0086e-05,8.3409e-06
P67,60.00,135.00,60.00,0.00,5.8889e-08,2.2545e-07,8.2165e-07,4.7085e-06,1.0168e-05,1.0154e-05,6.9084e-06,5.7743e-08,2.0195e-07,5.7924e-07,4.7764e-06,8.7372e-06,1.0086e-05,8.3409e-06
P67,30.00,135.00,0.00,0.00,8.3482e-08,2.7307e-07,9.7984e-07,4.9710e-06,1.0385e-05,1.0372e-05,7.8308e-06,8.1258e-08,2.4521e-07,6.9097e-07,5.0172e-06,8.9002e-06,1.0284e-05,9.1049e-06
P67,60.00,180.00,0.00,0.00,8.6558e-08,2.2545e-07,8.2165e-07,4.7093e-06,1.0168e-05,1.0155e-05,6.9084e-06,8.4210e-08,2.0195e-07,5.7924e-07,4.7772e-06,8.7374e-06,1.0086e-05,8.3409e-06
P67,0.00,45.00,0.00,0.00,8.0860e-08,2.8688e-07,1.0245e-06,5.0247e-06,1.0427e-05,1.0413e-05,8.0598e-06,7.8758e-08,2.5782e-07,7.2271e-07,5.0653e-06,8.9297e-06,1.0321e-05,9.2840e-06
P67,60.00,90.00,0.00,0.00,8.6558e-08,2.2545e-07,8.2165e-07,4.7093e-06,1.0168e-05,1.0155e-05,6.9084e-06,8.4210e-08,2.0195e-07,5.7924e-07,4.7772e-06,8.7374e-06,1.0086e-05,8.3409e-06
P67,30.00,90.00,0.00,0.00,8.3482e-08,2.7307e-07,9.7984e-07,4.9710e-06,1.0385e-05,1.0372e-05,7.8308e-06,8.1258e-08,2.4521e-07,6.9097e-07,5.0172e-06,8.9002e-06,1.0284e-05,9.1049e-06
P67,30.00,135.00,30.00,0.00,7.6325e-08,2.7307e-07,9.7984e-07,4.9708e-06,1.0385e-05,1.0372e-05,7.8308e-06,7.4437e-08,2.4521e-07,6.9097e-07,5.0170e-06,8.9001e-06,1.0284e-05,9.1049e-06
P68,0.00,45.00,0.00,0.00,6.7151e-08,2.9373e-07,9.1936e-07,3.1863e-06,7.5339e-06,7.5214e-06,6.3297e-06,6.4386e-08,2.6954e-07,6.8846e-07,3.2089e-06,6.1589e-06,7.4194e-06,7.1073e-06
P68,0.00,0.00,30.00,0.00,6.2809e-08,2.9373e-07,9.1935e-07,3.1862e-06,7.5339e-06,7.5214e-06,6.3297e-06,6.0295e-08,2.6954e-07,6.8846e-07,3.2088e-06,6.1589e-06,7.4194e-06,7.1073e-06
P68,60.00,90.00,30.00,0.00,7.6114e-08,2.4892e-07,7.7865e-07,2.9903e-06,7.4094e-06,7.3970e-06,5.5419e-06,7.3071e-08,2.2846e-07,5.8207e-07,3.0325e-06,6.0505e-06,7.3072e-06,6.4842e-06
P68,30.00,180.00,60.00,0.00,4.1277e-08,2.8365e-07,8.8993e-07,3.1532e-06,7.5147e-06,7.5022e-06,6.1745e-06,3.9875e-08,2.6025e-07,6.6535e-07,3.1798e-06,6.1428e-06,7.4023e-06,6.9907e-06
P68,0.00,45.00,60.00,0.00,4.4314e-08,2.9372e-07,9.1935e-07,3.1860e-06,7.5339e-06,7.5214e-06,6.3297e-06,4.2818e-08,2.6954e-07,6.8846e-07,3.2086e-06,6.1589e-06,7.4193e-06,7.1073e-06
P68,60.00,135.00,0.00,0.00,7.7655e-08,2.4892e-07,7.7865e-07,2.9903e-06,7.4094e-06,7.3970e-06,5.5419e-06,7.4501e-08,2.2846e-07,5.8207e-07,3.0325e-06,6.0505e-06,7.3072e-06,6.4842e-06
P68,30.00,45.00,60.00,0.00,5.6849e-08,2.8366e-07,8.8994e-07,3.1541e-06,7.5148e-06,7.5023e-06,6.1745e-06,5.4851e-08,2.6025e-07,6.6535e-07,3.1807e-06,6.1430e-06,7.4023e-06,6.9907e-06
P68,60.00,180.00,30.00,0.00,6.3600e-08,2.4891e-07,7.7864e-07,2.9897e-06,7.4094e-06,7.3970e-06,5.5419e-06,6.1053e-08,2.2846e-07,5.8207e-07,3.0319e-06,6.0504e-06,7.3071e-06,6.4842e-06
P68,60.00,180.00,0.00,0.00,7.7655e-08,2.4892e-07,7.7865e-07,2.9903e-06,7.4094e-06,7.3970e-06,5.5419e-06,7.4501e-08,2.2846e-07,5.8207e-07,3.0325e-06,6.0505e-06,7.3072e-06,6.4842e-06
P68,30.00,90.00,60.00,0.00,4.8531e-08,2.8366e-07,8.8993e-07,3.1536e-06,7.5148e-06,7.5022e-06,6.1745e-06,4.6842e-08,2.6025e-07,6.6535e-07,3.1802e-06,6.1429e-06,7.4023e-06,6.9907e-06
P68,0.00,90.00,30.00,0.00,6.2809e-08,2.9373e-07,9.1935e-07,3.1862e-06,7.5339e-06,7.5214e-06,6.3297e-06,6.0295e-08,2.6954e-07,6.8846e-07,3.2088e-06,6.1589e-06,7.4194e-06,7.1073e-06
P68,30.00,0.00,0.00,0.00,7.0781e-08,2.8367e-07,8.8995e-07,3.1538e-06,7.5148e-06,7.5023e-06,6.1745e-06,6.7853e-08,2.6025e-07,6.6535e-07,3.1804e-06,6.1429e-06,7.4023e-06,6.9907e-06
P68,60.00,135.00,30.00,0.00,6.6641e-08,2.4891e-07,7.7864e-07,2.9898e-06,7.4094e-06,7.3970e-06,5.5419e-06,6.3970e-08,2.2846e-07,5.8207e-07,3.0320e-06,6.0504e-06,7.3071e-06,6.4842e-06
P68,30.00,0.00,30.00,0.00,7.4298e-08,2.8367e-07,8.8994e-07,3.1542e-06,7.5148e-06,7.5023e-06,6.1746e-06,7.1323e-08,2.6025e-07,6.6535e-07,3.1809e-06,6.1430e-06,7.4023e-06,6.9907e-06
P68,30.00,0.00,60.00,0.00,6.1705e-08,2.8366e-07,8.8994e-07,3.1544e-06,7.5148e-06,7.5023e-06,6.1745e-06,5.9535e-08,2.6025e-07,6.6535e-07,3.1810e-06,6.1430e-06,7.4024e-06,6.9907e-06
P68,60.00,135.00,60.00,0.00,4.7613e-08,2.4891e-07,7.7864e-07,2.9894e-06,7.4093e-06,7.3969e-06,5.5419e-06,4.5899e-08,2.2846e-07,5.8207e-07,3.0315e-06,6.0503e-06,7.3071e-06,6.4842e-06
P68,30.00,135.00,0.00,0.00,7.0781e-08,2.8367e-07,8.8995e-07,3.1538e-06,7.5148e-06,7.5023e-06,6.1745e-06,6.7853e-08,2.6025e-07,6.6535e-07,3.1804e-06,6.1429e-06,7.4023e-06,6.9907e-06
P68,60.00,45.00,60.00,0.00,9.3707e-08,2.4892e-07,7.7864e-07,2.9922e-06,7.4096e-06,7.3972e-06,5.5419e-06,9.0291e-08,2.2846e-07,5.8207e-07,3.0346e-06,6.0509e-06,7.3074e-06,6.4843e-06
P68,30.00,180.00,0.00,0.00,7.0781e-08,2.8367e-07,8.8995e-07,3.1538e-06,7.5148e-06,7.5023e-06,6.1745e-06,6.7853e-08,2.6025e-07,6.6535e-07,3.1804e-06,6.1429e-06,7.4023e-06,6.9907e-06
P68,30.00,180.00,30.00,0.00,6.1690e-08,2.8366e-07,8.8994e-07,3.1535e-06,7.5147e-06,7.5022e-06,6.1745e-06,5.9208e-08,2.6025e-07,6.6535e-07,3.1800e-06,6.1428e-06,7.4023e-06,6.9907e-06
P68,0.00,135.00,60.00,0.00,4.4314e-08,2.9372e-07,9.1935e-07,3.1860e-06,7.5339e-06,7.5214e-06,6.3297e-06,4.2818e-08,2.6954e-07,6.8846e-07,3.2086e-06,6.1589e-06,7.4193e-06,7.1073e-06
P68,0.00,90.00,60.00,0.00,4.4314e-08,2.9372e-07,9.1935e-07,3.1860e-06,7.5339e-06,7.5214e-06,6.3297e-06,4.2818e-08,2.6954e-07,6.8846e-07,3.2086e-06,6.1589e-06,7.4193e-06,7.1073e-06
P68,30.00,45.00,0.00,0.00,7.0781e-08,2.8367e-07,8.8995e-07,3.1538e-06,7.5148e-06,7.5023e-06,6.1745e-06,6.7853e-08,2.6025e-07,6.6535e-07,3.1804e-06,6.1429e-06,7.4023e-06,6.9907e-06
P68,60.00,45.00,0.00,0.00,7.7655e-08,2.4892e-07,7.7865e-07,2.9903e-06,7.4094e-06,7.3970e-06,5.5419e-06,7.4501e-08,2.2846e-07,5.8207e-07,3.0325e-06,6.0505e-06,7.3072e-06,6.4842e-06
P68,0.00,135.00,0.00,0.00,6.7151e-08,2.9373e-07,9.1936e-07,3.1863e-06,7.5339e-06,7.5214e-06,6.3297e-06,6.4386e-08,2.6954e-07,6.8846e-07,3.2089e-06,6.1589e-06,7.4194e-06,7.1073e-06
P68,0.00,0.00,60.00,0.00,4.4314e-08,2.9372e-07,9.1935e-07,3.1860e-06,7.5339e-06,7.5214e-06,6.3297e-06,4.2818e-08,2.6954e-07,6.8846e-07,3.2086e-06,6.1589e-06,7.4193e-06,7.1073e-06
P68,0.00,0.00,0.00,0.00,6.7151e-08,2.9373e-07,9.1936e-07,3.1863e-06,7.5339e-06,7.5214e-06,6.3297e-06,6.4386e-08,2.6954e-07,6.8846e-07,3.2089e-06,6.1589e-06,7.4194e-06,7.1073e-06
P68,60.00,0.00,30.00,0.00,9.8845e-08,2.4893e-07,7.7865e-07,2.9916e-06,7.4096e-06,7.3972e-06,5.5419e-06,9.4968e-08,2.2846e-07,5.8207e-07,3.0340e-06,6.0507e-06,7.3073e-06,6.4843e-06
P68,60.00,90.00,0.00,0.00,7.7655e-08,2.4892e-07,7.7865e-07,2.9903e-06,7.4094e-06,7.3970e-06,5.5419e-06,7.4501e-08,2.2846e-07,5.8207e-07,3.0325e-06,6.0505e-06,7.3072e-06,6.4842e-06
P68,60.00,180.00,60.00,0.00,4.4057e-08,2.4890e-07,7.7864e-07,2.9891e-06,7.4093e-06,7.3969e-06,5.5419e-06,4.2488e-08,2.2846e-07,5.8207e-07,3.0312e-06,6.0502e-06,7.3070e-06,6.4842e-06
P68,60.00,0.00,60.00,0.00,1.2600e-07,2.4894e-07,7.7865e-07,2.9948e-06,7.4099e-06,7.3975e-06,5.5419e-06,1.2154e-07,2.2846e-07,5.8207e-07,3.0375e-06,6.0515e-06,7.3077e-06,6.4844e-06
P68,30.00,135.00,60.00,0.00,4.3040e-08,2.8365e-07,8.8993e-07,3.1533e-06,7.5147e-06,7.5022e-06,6.1745e-06,4.1566e-08,2.6025e-07,6.6535e-07,3.1799e-06,6.1428e-06,7.4023e-06,6.9907e-06
P68,0.00,135.00,30.00,0.00,6.2809e-08,2.9373e-07,9.1935e-07,3.1862e-06,7.5339e-06,7.5214e-06,6.3297e-06,6.0295e-08,2.6954e-07,6.8846e-07,3.2088e-06,6.1589e-06,7.4194e-06,7.1073e-06
P68,0.00,45.00,30.00,0.00,6.2809e-08,2.9373e-07,9.1935e-07,3.1862e-06,7.5339e-06,7.5214e-06,6.3297e-06,6.0295e-08,2.6954e-07,6.8846e-07,3.2088e-06,6.1589e-06,7.4194e-06,7.1073e-06
P68,60.00,45.00,30.00,0.00,9.0465e-08,2.4892e-07,7.7865e-07,2.9912e-06,7.4095e-06,7.3971e-06,5.5419e-06,8.6888e-08,2.2846e-07,5.8207e-07,3.0335e-06,6.0507e-06,7.3073e-06,6.4843e-06
P68,0.00,180.00,30.00,0.00,6.2809e-08,2.9373e-07,9.1935e-07,3.1862e-06,7.5339e-06,7.5214e-06,6.3297e-06,6.0295e-08,2.6954e-07,6.8846e-07,3.2088e-06,6.1589e-06,7.4194e-06,7.1073e-06
P68,30.00,45.00,30.00,0.00,7.1972e-08,2.8367e-07,8.8994e-07,3.1541e-06,7.5148e-06,7.5023e-06,6.1746e-06,6.9085e-08,2.6025e-07,6.6535e-07,3.1807e-06,6.1429e-06,7.4023e-06,6.9907e-06
P68,60.00,90.00,60.00,0.00,6.1139e-08,2.4891e-07,7.7864e-07,2.9901e-06,7.4094e-06,7.3970e-06,5.5419e-06,5.8891e-08,2.2846e-07,5.8207e-07,3.0323e-06,6.0505e-06,7.3071e-06,6.4842e-06
P68,60.00,0.00,0.00,0.00,7.7655e-08,2.4892e-07,7.7865e-07,2.9903e-06,7.4094e-06,7.3970e-06,5.5419e-06,7.4501e-08,2.2846e-07,5.8207e-07,3.0325e-06,6.0505e-06,7.3072e-06,6.4842e-06
P68,0.00,180.00,60.00,0.00,4.4314e-08,2.9372e-07,9.1935e-07,3.1860e-06,7.5339e-06,7.5214e-06,6.3297e-06,4.2818e-08,2.6954e-07,6.8846e-07,3.2086e-06,6.1589e-06,7.4193e-06,7.1073e-06
P68,0.00,90.00,0.00,0.00,6.7151e-08,2.9373e-07,9.1936e-07,3.1863e-06,7.5339e-06,7.5214e-06,6.3297e-06,6.4386e-08,2.6954e-07,6.8846e-07,3.2089e-06,6.1589e-06,7.4194e-06,7.1073e-06
P68,30.00,90.00,0.00,0.00,7.0781e-08,2.8367e-07,8.8995e-07,3.1538e-06,7.5148e-06,7.5023e-06,6.1745e-06,6.7853e-08,2.6025e-07,6.6535e-07,3.1804e-06,6.1429e-06,7.4023e-06,6.9907e-06
P68,0.00,180.00,0.00,0.00,6.7151e-08,2.9373e-07,9.1936e-07,3.1863e-06,7.5339e-06,7.5214e-06,6.3297e-06,6.4386e-08,2.6954e-07,6.8846e-07,3.2089e-06,6.1589e-06,7.4194e-06,7.1073e-06
P68,30.00,90.00,30.00,0.00,6.7159e-08,2.8366e-07,8.8994e-07,3.1538e-06,7.5148e-06,7.5023e-06,6.1745e-06,6.4460e-08,2.6025e-07,6.6535e-07,3.1804e-06,6.1429e-06,7.4023e-06,6.9907e-06
P68,30.00,135.00,30.00,0.00,6.3154e-08,2.8366e-07,8.8994e-07,3.1536e-06,7.5148e-06,7.5022e-06,6.1745e-06,6.0615e-08,2.6025e-07,6.6535e-07,3.1802e-06,6.1428e-06,7.4023e-06,6.9907e-06
P69,30.00,45.00,60.00,0.00,6.4271e-08,2.9089e-07,1.0855e-06,4.0779e-06,8.9741e-06,8.9609e-06,7.0197e-06,6.2361e-08,2.6064e-07,7.7213e-07,4.1096e-06,7.5273e-06,8.8616e-06,8.0909e-06
P69,60.00,180.00,0.00,0.00,8.3478e-08,2.3251e-07,9.0747e-07,3.8394e-06,8.7959e-06,8.7827e-06,6.2265e-06,8.0436e-08,2.0715e-07,6.3115e-07,3.8890e-06,7.3555e-06,8.6945e-06,7.4524e-06
P69,30.00,180.00,0.00,0.00,7.7896e-08,2.9090e-07,1.0855e-06,4.0777e-06,8.9741e-06,8.9608e-06,7.0197e-06,7.5092e-08,2.6064e-07,7.7213e-07,4.1093e-06,7.5272e-06,8.8615e-06,8.0909e-06
P69,60.00,180.00,60.00,0.00,5.0347e-08,2.3250e-07,9.0746e-07,3.8382e-06,8.7958e-06,8.7826e-06,6.2265e-06,4.8852e-08,2.0715e-07,6.3115e-07,3.8877e-06,7.3553e-06,8.6944e-06,7.4523e-06
P69,0.00,135.00,0.00,0.00,7.4639e-08,3.0812e-07,1.1315e-06,4.1306e-06,9.0144e-06,9.0012e-06,7.2159e-06,7.1999e-08,2.7662e-07,8.1044e-07,4.1578e-06,7.5662e-06,8.8996e-06,8.2422e-06
P69,30.00,0.00,0.00,0.00,7.7896e-08,2.9090e-07,1.0855e-06,4.0777e-06,8.9741e-06,8.9608e-06,7.0197e-06,7.5092e-08,2.6064e-07,7.7213e-07,4.1093e-06,7.5272e-06,8.8615e-06,8.0909e-06
P69,30.00,90.00,0.00,0.00,7.7896e-08,2.9090e-07,1.0855e-06,4.0777e-06,8.9741e-06,8.9608e-06,7.0197e-06,7.5092e-08,2.6064e-07,7.7213e-07,4.1093e-06,7.5272e-06,8.8615e-06,8.0909e-06
P69,30.00,90.00,30.00,0.00,7.4345e-08,2.9090e-07,1.0855e-06,4.0777e-06,8.9741e-06,8.9608e-06,7.0197e-06,7.1762e-08,2.6064e-07,7.7213e-07,4.1093e-06,7.5272e-06,8.8615e-06,8.0909e-06
P69,60.00,0.00,30.00,0.00,1.0459e-07,2.3252e-07,9.0747e-07,3.8407e-06,8.7961e-06,8.7829e-06,6.2265e-06,1.0082e-07,2.0715e-07,6.3115e-07,3.8904e-06,7.3558e-06,8.6947e-06,7.4524e-06
P69,0.00,135.00,60.00,0.00,5.2132e-08,3.0811e-07,1.1315e-06,4.1303e-06,9.0144e-06,9.0011e-06,7.2159e-06,5.0725e-08,2.7662e-07,8.1044e-07,4.1574e-06,7.5662e-06,8.8996e-06,8.2422e-06
P69,30.00,90.00,60.00,0.00,5.5979e-08,2.9089e-07,1.0855e-06,4.0774e-06,8.9740e-06,8.9608e-06,7.0197e-06,5.4378e-08,2.6064e-07,7.7213e-07,4.1091e-06,7.5272e-06,8.8615e-06,8.0909e-06
P69,0.00,45.00,60.00,0.00,5.2132e-08,3.0811e-07,1.1315e-06,4.1303e-06,9.0144e-06,9.0011e-06,7.2159e-06,5.0725e-08,2.7662e-07,8.1044e-07,4.1574e-06,7.5662e-06,8.8996e-06,8.2422e-06
P69,60.00,90.00,60.00,0.00,6.7351e-08,2.3250e-07,9.0747e-07,3.8392e-06,8.7959e-06,8.7827e-06,6.2265e-06,6.5177e-08,2.0715e-07,6.3115e-07,3.8888e-06,7.3555e-06,8.6945e-06,7.4524e-06
P69,0.00,90.00,30.00,0.00,7.0372e-08,3.0811e-07,1.1315e-06,4.1305e-06,9.0144e-06,9.0011e-06,7.2159e-06,6.7975e-08,2.7662e-07,8.1044e-07,4.1576e-06,7.5662e-06,8.8996e-06,8.2422e-06
P69,60.00,135.00,0.00,0.00,8.3478e-08,2.3251e-07,9.0747e-07,3.8394e-06,8.7959e-06,8.7827e-06,6.2265e-06,8.0436e-08,2.0715e-07,6.3115e-07,3.8890e-06,7.3555e-06,8.6945e-06,7.4524e-06
P69,60.00,135.00,30.00,0.00,7.2587e-08,2.3251e-07,9.0747e-07,3.8389e-06,8.7959e-06,8.7827e-06,6.2265e-06,7.0018e-08,2.0715e-07,6.3115e-07,3.8885e-06,7.3555e-06,8.6945e-06,7.4524e-06
P69,0.00,90.00,0.00,0.00,7.4639e-08,3.0812e-07,1.1315e-06,4.1306e-06,9.0144e-06,9.0012e-06,7.2159e-06,7.1999e-08,2.7662e-07,8.1044e-07,4.1578e-06,7.5662e-06,8.8996e-06,8.2422e-06
P69,30.00,180.00,60.00,0.00,4.8746e-08,2.9089e-07,1.0855e-06,4.0771e-06,8.9740e-06,8.9608e-06,7.0196e-06,4.7432e-08,2.6063e-07,7.7213e-07,4.1087e-06,7.5271e-06,8.8615e-06,8.0908e-06
P69,0.00,180.00,0.00,0.00,7.4639e-08,3.0812e-07,1.1315e-06,4.1306e-06,9.0144e-06,9.0012e-06,7.2159e-06,7.1999e-08,2.7662e-07,8.1044e-07,4.1578e-06,7.5662e-06,8.8996e-06,8.2422e-06
P69,60.00,45.00,30.00,0.00,9.6263e-08,2.3251e-07,9.0747e-07,3.8403e-06,8.7960e-06,8.7828e-06,6.2265e-06,9.2792e-08,2.0715e-07,6.3115e-07,3.8899e-06,7.3557e-06,8.6946e-06,7.4524e-06
P69,0.00,90.00,60.00,0.00,5.2132e-08,3.0811e-07,1.1315e-06,4.1303e-06,9.0144e-06,9.0011e-06,7.2159e-06,5.0725e-08,2.7662e-07,8.1044e-07,4.1574e-06,7.5662e-06,8.8996e-06,8.2422e-06
P69,60.00,0.00,60.00,0.00,1.3194e-07,2.3253e-07,9.0747e-07,3.8438e-06,8.7964e-06,8.7832e-06,6.2265e-06,1.2754e-07,2.0715e-07,6.3115e-07,3.8938e-06,7.3565e-06,8.6950e-06,7.4525e-06
P69,0.00,0.00,30.00,0.00,7.0372e-08,3.0811e-07,1.1315e-06,4.1305e-06,9.0144e-06,9.0011e-06,7.2159e-06,6.7975e-08,2.7662e-07,8.1044e-07,4.1576e-06,7.5662e-06,8.8996e-06,8.2422e-06
P69,30.00,0.00,30.00,0.00,8.1466e-08,2.9090e-07,1.0855e-06,4.0781e-06,8.9741e-06,8.9609e-06,7.0197e-06,7.8607e-08,2.6064e-07,7.7213e-07,4.1097e-06,7.5273e-06,8.8616e-06,8.0909e-06
P69,60.00,45.00,60.00,0.00,9.9773e-08,2.3251e-07,9.0747e-07,3.8413e-06,8.7961e-06,8.7829e-06,6.2265e-06,9.6427e-08,2.0715e-07,6.3115e-07,3.8910e-06,7.3559e-06,8.6947e-06,7.4524e-06
P69,0.00,180.00,60.00,0.00,5.2132e-08,3.0811e-07,1.1315e-06,4.1303e-06,9.0144e-06,9.0011e-06,7.2159e-06,5.0725e-08,2.7662e-07,8.1044e-07,4.1574e-06,7.5662e-06,8.8996e-06,8.2422e-06
P69,0.00,45.00,0.00,0.00,7.4639e-08,3.0812e-07,1.1315e-06,4.1306e-06,9.0144e-06,9.0012e-06,7.2159e-06,7.1999e-08,2.7662e-07,8.1044e-07,4.1578e-06,7.5662e-06,8.8996e-06,8.2422e-06
P69,60.00,180.00,30.00,0.00,6.9563e-08,2.3250e-07,9.0747e-07,3.8388e-06,8.7959e-06,8.7827e-06,6.2265e-06,6.7118e-08,2.0715e-07,6.3115e-07,3.8883e-06,7.3554e-06,8.6945e-06,7.4524e-06
P69,0.00,45.00,30.00,0.00,7.0372e-08,3.0811e-07,1.1315e-06,4.1305e-06,9.0144e-06,9.0011e-06,7.2159e-06,6.7975e-08,2.7662e-07,8.1044e-07,4.1576e-06,7.5662e-06,8.8996e-06,8.2422e-06
P69,30.00,180.00,30.00,0.00,6.8891e-08,2.9089e-07,1.0855e-06,4.0773e-06,8.9740e-06,8.9608e-06,7.0197e-06,6.6524e-08,2.6064e-07,7.7213e-07,4.1089e-06,7.5271e-06,8.8615e-06,8.0909e-06
P69,0.00,0.00,0.00,0.00,7.4639e-08,3.0812e-07,1.1315e-06,4.1306e-06,9.0144e-06,9.0012e-06,7.2159e-06,7.1999e-08,2.7662e-07,8.1044e-07,4.1578e-06,7.5662e-06,8.8996e-06,8.2422e-06
P69,0.00,135.00,30.00,0.00,7.0372e-08,3.0811e-07,1.1315e-06,4.1305e-06,9.0144e-06,9.0011e-06,7.2159e-06,6.7975e-08,2.7662e-07,8.1044e-07,4.1576e-06,7.5662e-06,8.8996e-06,8.2422e-06
P69,60.00,90.00,30.00,0.00,8.2001e-08,2.3251e-07,9.0747e-07,3.8394e-06,8.7959e-06,8.7827e-06,6.2265e-06,7.9063e-08,2.0715e-07,6.3115e-07,3.8890e-06,7.3555e-06,8.6945e-06,7.4524e-06
P69,60.00,45.00,0.00,0.00,8.3478e-08,2.3251e-07,9.0747e-07,3.8394e-06,8.7959e-06,8.7827e-06,6.2265e-06,8.0436e-08,2.0715e-07,6.3115e-07,3.8890e-06,7.3555e-06,8.6945e-06,7.4524e-06
P69,60.00,90.00,0.00,0.00,8.3478e-08,2.3251e-07,9.0747e-07,3.8394e-06,8.7959e-06,8.7827e-06,6.2265e-06,8.0436e-08,2.0715e-07,6.3115e-07,3.8890e-06,7.3555e-06,8.6945e-06,7.4524e-06
P69,30.00,135.00,30.00,0.00,7.0352e-08,2.9090e-07,1.0855e-06,4.0775e-06,8.9740e-06,8.9608e-06,7.0197e-06,6.7927e-08,2.6064e-07,7.7213e-07,4.1091e-06,7.5272e-06,8.8615e-06,8.0909e-06
P69,30.00,135.00,60.00,0.00,5.0504e-08,2.9089e-07,1.0855e-06,4.0772e-06,8.9740e-06,8.9608e-06,7.0196e-06,4.9118e-08,2.6063e-07,7.7213e-07,4.1088e-06,7.5271e-06,8.8615e-06,8.0908e-06
P69,30.00,0.00,60.00,0.00,6.9112e-08,2.9089e-07,1.0855e-06,4.0782e-06,8.9741e-06,8.9609e-06,7.0197e-06,6.7028e-08,2.6064e-07,7.7213e-07,4.1099e-06,7.5273e-06,8.8616e-06,8.0909e-06
P69,0.00,180.00,30.00,0.00,7.0372e-08,3.0811e-07,1.1315e-06,4.1305e-06,9.0144e-06,9.0011e-06,7.2159e-06,6.7975e-08,2.7662e-07,8.1044e-07,4.1576e-06,7.5662e-06,8.8996e-06,8.2422e-06
P69,60.00,0.00,0.00,0.00,8.3478e-08,2.3251e-07,9.0747e-07,3.8394e-06,8.7959e-06,8.7827e-06,6.2265e-06,8.0436e-08,2.0715e-07,6.3115e-07,3.8890e-06,7.3555e-06,8.6945e-06,7.4524e-06
P69,30.00,135.00,0.00,0.00,7.7896e-08,2.9090e-07,1.0855e-06,4.0777e-06,8.9741e-06,8.9608e-06,7.0197e-06,7.5092e-08,2.6064e-07,7.7213e-07,4.1093e-06,7.5272e-06,8.8615e-06,8.0909e-06
P69,30.00,45.00,30.00,0.00,7.9146e-08,2.9090e-07,1.0855e-06,4.0779e-06,8.9741e-06,8.9609e-06,7.0197e-06,7.6375e-08,2.6064e-07,7.7213e-07,4.1096e-06,7.5273e-06,8.8616e-06,8.0909e-06
P69,0.00,0.00,60.00,0.00,5.2132e-08,3.0811e-07,1.1315e-06,4.1303e-06,9.0144e-06,9.0011e-06,7.2159e-06,5.0725e-08,2.7662e-07,8.1044e-07,4.1574e-06,7.5662e-06,8.8996e-06,8.2422e-06
P69,30.00,45.00,0.00,0.00,7.7896e-08,2.9090e-07,1.0855e-06,4.0777e-06,8.9741e-06,8.9608e-06,7.0197e-06,7.5092e-08,2.6064e-07,7.7213e-07,4.1093e-06,7.5272e-06,8.8615e-06,8.0909e-06
P69,60.00,135.00,60.00,0.00,5.3886e-08,2.3250e-07,9.0746e-07,3.8385e-06,8.7958e-06,8.7826e-06,6.2265e-06,5.2247e-08,2.0715e-07,6.3115e-07,3.8880e-06,7.3554e-06,8.6944e-06,7.4523e-06
P70,0.00,180.00,60.00,0.00,4.4282e-08,3.0759e-07,9.8684e-07,3.2577e-06,7.6258e-06,7.6132e-06,6.4579e-06,4.2838e-08,2.8127e-07,7.4412e-07,3.2737e-06,6.2388e-06,7.5086e-06,7.2586e-06
P70,30.00,45.00,60.00,0.00,5.6647e-08,2.9424e-07,9.5709e-07,3.2279e-06,7.6081e-06,7.5955e-06,6.2985e-06,5.4718e-08,2.6861e-07,7.1892e-07,3.2478e-06,6.2236e-06,7.4927e-06,7.1438e-06
P70,60.00,0.00,30.00,0.00,9.8125e-08,2.4536e-07,8.3973e-07,3.0761e-06,7.5108e-06,7.4982e-06,5.6325e-06,9.4369e-08,2.2262e-07,6.2224e-07,3.1115e-06,6.1357e-06,7.4043e-06,6.6381e-06
P70,30.00,0.00,0.00,0.00,7.0591e-08,2.9424e-07,9.5710e-07,3.2276e-06,7.6081e-06,7.5955e-06,6.2985e-06,6.7734e-08,2.6861e-07,7.1892e-07,3.2475e-06,6.2235e-06,7.4927e-06,7.1438e-06
P70,60.00,180.00,30.00,0.00,6.3289e-08,2.4534e-07,8.3973e-07,3.0742e-06,7.5106e-06,7.4981e-06,5.6324e-06,6.0824e-08,2.2262e-07,6.2224e-07,3.1095e-06,6.1354e-06,7.4041e-06,6.6380e-06
P70,60.00,45.00,30.00,0.00,8.9843e-08,2.4536e-07,8.3973e-07,3.0756e-06,7.5107e-06,7.4982e-06,5.6324e-06,8.6377e-08,2.2262e-07,6.2224e-07,3.1110e-06,6.1356e-06,7.4042e-06,6.6381e-06
P70,0.00,135.00,30.00,0.00,6.2697e-08,3.0760e-07,9.8684e-07,3.2579e-06,7.6258e-06,7.6132e-06,6.4579e-06,6.0246e-08,2.8127e-07,7.4412e-07,3.2739e-06,6.2388e-06,7.5086e-06,7.2586e-06
P70,60.00,0.00,60.00,0.00,1.2472e-07,2.4537e-07,8.3973e-07,3.0792e-06,7.5111e-06,7.4986e-06,5.6325e-06,1.2042e-07,2.2262e-07,6.2224e-07,3.1150e-06,6.1364e-06,7.4046e-06,6.6382e-06
P70,0.00,0.00,0.00,0.00,6.7028e-08,3.0760e-07,9.8685e-07,3.2580e-06,7.6258e-06,7.6132e-06,6.4579e-06,6.4327e-08,2.8127e-07,7.4412e-07,3.2740e-06,6.2388e-06,7.5086e-06,7.2586e-06
P70,30.00,135.00,60.00,0.00,4.2999e-08,2.9423e-07,9.5709e-07,3.2271e-06,7.6080e-06,7.5954e-06,6.2985e-06,4.1579e-08,2.6861e-07,7.1892e-07,3.2469e-06,6.2234e-06,7.4927e-06,7.1438e-06
P70,0.00,180.00,30.00,0.00,6.2697e-08,3.0760e-07,9.8684e-07,3.2579e-06,7.6258e-06,7.6132e-06,6.4579e-06,6.0246e-08,2.8127e-07,7.4412e-07,3.2739e-06,6.2388e-06,7.5086e-06,7.2586e-06
P70,0.00,90.00,60.00,0.00,4.4282e-08,3.0759e-07,9.8684e-07,3.2577e-06,7.6258e-06,7.6132e-06,6.4579e-06,4.2838e-08,2.8127e-07,7.4412e-07,3.2737e-06,6.2388e-06,7.5086e-06,7.2586e-06
P70,60.00,135.00,60.00,0.00,4.7411e-08,2.4534e-07,8.3973e-07,3.0739e-06,7.5106e-06,7.4980e-06,5.6324e-06,4.5766e-08,2.2261e-07,6.2224e-07,3.1092e-06,6.1353e-06,7.4040e-06,6.6380e-06
P70,0.00,45.00,30.00,0.00,6.2697e-08,3.0760e-07,9.8684e-07,3.2579e-06,7.6258e-06,7.6132e-06,6.4579e-06,6.0246e-08,2.8127e-07,7.4412e-07,3.2739e-06,6.2388e-06,7.5086e-06,7.2586e-06
P70,30.00,180.00,0.00,0.00,7.0591e-08,2.9424e-07,9.5710e-07,3.2276e-06,7.6081e-06,7.5955e-06,6.2985e-06,6.7734e-08,2.6861e-07,7.1892e-07,3.2475e-06,6.2235e-06,7.4927e-06,7.1438e-06
P70,30.00,135.00,0.00,0.00,7.0591e-08,2.9424e-07,9.5710e-07,3.2276e-06,7.6081e-06,7.5955e-06,6.2985e-06,6.7734e-08,2.6861e-07,7.1892e-07,3.2475e-06,6.2235e-06,7.4927e-06,7.1438e-06
P70,30.00,45.00,30.00,0.00,7.1745e-08,2.9424e-07,9.5710e-07,3.2279e-06,7.6081e-06,7.5955e-06,6.2985e-06,6.8931e-08,2.6861e-07,7.1892e-07,3.2478e-06,6.2236e-06,7.4927e-06,7.1438e-06
P70,0.00,0.00,30.00,0.00,6.2697e-08,3.0760e-07,9.8684e-07,3.2579e-06,7.6258e-06,7.6132e-06,6.4579e-06,6.0246e-08,2.8127e-07,7.4412e-07,3.2739e-06,6.2388e-06,7.5086e-06,7.2586e-06
P70,0.00,0.00,60.00,0.00,4.4282e-08,3.0759e-07,9.8684e-07,3.2577e-06,7.6258e-06,7.6132e-06,6.4579e-06,4.2838e-08,2.8127e-07,7.4412e-07,3.2737e-06,6.2388e-06,7.5086e-06,7.2586e-06
P70,0.00,135.00,60.00,0.00,4.4282e-08,3.0759e-07,9.8684e-07,3.2577e-06,7.6258e-06,7.6132e-06,6.4579e-06,4.2838e-08,2.8127e-07,7.4412e-07,3.2737e-06,6.2388e-06,7.5086e-06,7.2586e-06
P70,60.00,45.00,60.00,0.00,9.2865e-08,2.4535e-07,8.3973e-07,3.0767e-06,7.5109e-06,7.4983e-06,5.6324e-06,8.9575e-08,2.2262e-07,6.2224e-07,3.1122e-06,6.1359e-06,7.4043e-06,6.6381e-06
P70,30.00,180.00,30.00,0.00,6.1554e-08,2.9424e-07,9.5710e-07,3.2273e-06,7.6081e-06,7.5954e-06,6.2985e-06,5.9137e-08,2.6861e-07,7.1892e-07,3.2471e-06,6.2234e-06,7.4927e-06,7.1438e-06
P70,60.00,90.00,60.00,0.00,6.0749e-08,2.4534e-07,8.3973e-07,3.0746e-06,7.5106e-06,7.4981e-06,5.6324e-06,5.8587e-08,2.2261e-07,6.2224e-07,3.1099e-06,6.1354e-06,7.4041e-06,6.6380e-06
P70,60.00,90.00,0.00,0.00,7.7210e-08,2.4535e-07,8.3973e-07,3.0748e-06,7.5107e-06,7.4981e-06,5.6324e-06,7.4151e-08,2.2262e-07,6.2224e-07,3.1101e-06,6.1355e-06,7.4041e-06,6.6380e-06
P70,30.00,90.00,0.00,0.00,7.0591e-08,2.9424e-07,9.5710e-07,3.2276e-06,7.6081e-06,7.5955e-06,6.2985e-06,6.7734e-08,2.6861e-07,7.1892e-07,3.2475e-06,6.2235e-06,7.4927e-06,7.1438e-06
P70,30.00,90.00,30.00,0.00,6.6974e-08,2.9424e-07,9.5710e-07,3.2277e-06,7.6081e-06,7.5955e-06,6.2985e-06,6.4345e-08,2.6861e-07,7.1892e-07,3.2475e-06,6.2235e-06,7.4927e-06,7.1438e-06
P70,60.00,180.00,60.00,0.00,4.3904e-08,2.4534e-07,8.3973e-07,3.0736e-06,7.5105e-06,7.4980e-06,5.6324e-06,4.2400e-08,2.2261e-07,6.2224e-07,3.1088e-06,6.1352e-06,7.4040e-06,6.6380e-06
P70,60.00,45.00,0.00,0.00,7.7210e-08,2.4535e-07,8.3973e-07,3.0748e-06,7.5107e-06,7.4981e-06,5.6324e-06,7.4151e-08,2.2262e-07,6.2224e-07,3.1101e-06,6.1355e-06,7.4041e-06,6.6380e-06
P70,0.00,45.00,60.00,0.00,4.4282e-08,3.0759e-07,9.8684e-07,3.2577e-06,7.6258e-06,7.6132e-06,6.4579e-06,4.2838e-08,2.8127e-07,7.4412e-07,3.2737e-06,6.2388e-06,7.5086e-06,7.2586e-06
P70,30.00,0.00,60.00,0.00,6.1447e-08,2.9424e-07,9.5709e-07,3.2282e-06,7.6081e-06,7.5955e-06,6.2985e-06,5.9351e-08,2.6861e-07,7.1892e-07,3.2480e-06,6.2236e-06,7.4928e-06,7.1438e-06
P70,60.00,180.00,0.00,0.00,7.7210e-08,2.4535e-07,8.3973e-07,3.0748e-06,7.5107e-06,7.4981e-06,5.6324e-06,7.4151e-08,2.2262e-07,6.2224e-07,3.1101e-06,6.1355e-06,7.4041e-06,6.6380e-06
P70,30.00,45.00,0.00,0.00,7.0591e-08,2.9424e-07,9.5710e-07,3.2276e-06,7.6081e-06,7.5955e-06,6.2985e-06,6.7734e-08,2.6861e-07,7.1892e-07,3.2475e-06,6.2235e-06,7.4927e-06,7.1438e-06
P70,30.00,0.00,30.00,0.00,7.4049e-08,2.9424e-07,9.5710e-07,3.2280e-06,7.6081e-06,7.5955e-06,6.2985e-06,7.1150e-08,2.6861e-07,7.1892e-07,3.2479e-06,6.2236e-06,7.4927e-06,7.1438e-06
P70,60.00,90.00,30.00,0.00,7.5658e-08,2.4535e-07,8.3973e-07,3.0748e-06,7.5107e-06,7.4981e-06,5.6324e-06,7.2711e-08,2.2262e-07,6.2224e-07,3.1101e-06,6.1355e-06,7.4041e-06,6.6380e-06
P70,0.00,90.00,30.00,0.00,6.2697e-08,3.0760e-07,9.8684e-07,3.2579e-06,7.6258e-06,7.6132e-06,6.4579e-06,6.0246e-08,2.8127e-07,7.4412e-07,3.2739e-06,6.2388e-06,7.5086e-06,7.2586e-06
P70,0.00,180.00,0.00,0.00,6.7028e-08,3.0760e-07,9.8685e-07,3.2580e-06,7.6258e-06,7.6132e-06,6.4579e-06,6.4327e-08,2.8127e-07,7.4412e-07,3.2740e-06,6.2388e-06,7.5086e-06,7.2586e-06
P70,30.00,90.00,60.00,0.00,4.8426e-08,2.9423e-07,9.5709e-07,3.2274e-06,7.6081e-06,7.5954e-06,6.2985e-06,4.6797e-08,2.6861e-07,7.1892e-07,3.2472e-06,6.2235e-06,7.4927e-06,7.1438e-06
P70,0.00,135.00,0.00,0.00,6.7028e-08,3.0760e-07,9.8685e-07,3.2580e-06,7.6258e-06,7.6132e-06,6.4579e-06,6.4327e-08,2.8127e-07,7.4412e-07,3.2740e-06,6.2388e-06,7.5086e-06,7.2586e-06
P70,60.00,135.00,30.00,0.00,6.6296e-08,2.4535e-07,8.3973e-07,3.0743e-06,7.5106e-06,7.4981e-06,5.6324e-06,6.3710e-08,2.2262e-07,6.2224e-07,3.1096e-06,6.1354e-06,7.4041e-06,6.6380e-06
P70,30.00,180.00,60.00,0.00,4.1257e-08,2.9423e-07,9.5709e-07,3.2271e-06,7.6080e-06,7.5954e-06,6.2985e-06,3.9906e-08,2.6861e-07,7.1892e-07,3.2469e-06,6.2234e-06,7.4927e-06,7.1438e-06
P70,0.00,45.00,0.00,0.00,6.7028e-08,3.0760e-07,9.8685e-07,3.2580e-06,7.6258e-06,7.6132e-06,6.4579e-06,6.4327e-08,2.8127e-07,7.4412e-07,3.2740e-06,6.2388e-06,7.5086e-06,7.2586e-06
P70,30.00,135.00,30.00,0.00,6.3005e-08,2.9424e-07,9.5710e-07,3.2275e-06,7.6081e-06,7.5955e-06,6.2985e-06,6.0532e-08,2.6861e-07,7.1892e-07,3.2473e-06,6.2235e-06,7.4927e-06,7.1438e-06
P70,60.00,135.00,0.00,0.00,7.7210e-08,2.4535e-07,8.3973e-07,3.0748e-06,7.5107e-06,7.4981e-06,5.6324e-06,7.4151e-08,2.2262e-07,6.2224e-07,3.1101e-06,6.1355e-06,7.4041e-06,6.6380e-06
P70,0.00,90.00,0.00,0.00,6.7028e-08,3.0760e-07,9.8685e-07,3.2580e-06,7.6258e-06,7.6132e-06,6.4579e-06,6.4327e-08,2.8127e-07,7.4412e-07,3.2740e-06,6.2388e-06,7.5086e-06,7.2586e-06
P70,60.00,0.00,0.00,0.00,7.7210e-08,2.4535e-07,8.3973e-07,3.0748e-06,7.5107e-06,7.4981e-06,5.6324e-06,7.4151e-08,2.2262e-07,6.2224e-07,3.1101e-06,6.1355e-06,7.4041e-06,6.6380e-06
P71,0.00,90.00,30.00,0.00,5.8564e-08,2.3041e-07,6.7328e-07,1.9175e-06,5.1472e-06,5.1369e-06,5.0878e-06,5.5662e-08,2.1313e-07,5.3319e-07,1.8998e-06,4.0125e-06,5.0425e-06,5.4200e-06
P71,60.00,45.00,30.00,0.00,9.0194e-08,1.9502e-07,6.0956e-07,1.8321e-06,5.0880e-06,5.0777e-06,4.6850e-06,8.5946e-08,1.7926e-07,4.7223e-07,1.8181e-06,3.9555e-06,4.9874e-06,5.1344e-06
P71,60.00,135.00,30.00,0.00,6.4359e-08,1.9499e-07,6.0939e-07,1.8305e-06,5.0879e-06,5.0776e-06,4.6850e-06,6.1195e-08,1.7926e-07,4.7218e-07,1.8164e-06,3.9552e-06,4.9873e-06,5.1343e-06
P71,0.00,135.00,60.00,0.00,3.9632e-08,2.3039e-07,6.7314e-07,1.9173e-06,5.1472e-06,5.1369e-06,5.0878e-06,3.7813e-08,2.1312e-07,5.3313e-07,1.8996e-06,4.0125e-06,5.0425e-06,5.4200e-06
P71,0.00,0.00,0.00,0.00,6.2966e-08,2.3042e-07,6.7333e-07,1.9176e-06,5.1472e-06,5.1369e-06,5.0878e-06,5.9802e-08,2.1313e-07,5.3321e-07,1.8999e-06,4.0125e-06,5.0425e-06,5.4200e-06
P71,0.00,135.00,0.00,0.00,6.2966e-08,2.3042e-07,6.7333e-07,1.9176e-06,5.1472e-06,5.1369e-06,5.0878e-06,5.9802e-08,2.1313e-07,5.3321e-07,1.8999e-06,4.0125e-06,5.0425e-06,5.4200e-06
P71,0.00,135.00,30.00,0.00,5.8564e-08,2.3041e-07,6.7328e-07,1.9175e-06,5.1472e-06,5.1369e-06,5.0878e-06,5.5662e-08,2.1313e-07,5.3319e-07,1.8998e-06,4.0125e-06,5.0425e-06,5.4200e-06
P71,60.00,135.00,0.00,0.00,7.6101e-08,1.9501e-07,6.0947e-07,1.8310e-06,5.0879e-06,5.0776e-06,4.6850e-06,7.2385e-08,1.7926e-07,4.7221e-07,1.8170e-06,3.9553e-06,4.9873e-06,5.1343e-06
P71,60.00,90.00,30.00,0.00,7.4637e-08,1.9500e-07,6.0945e-07,1.8310e-06,5.0879e-06,5.0776e-06,4.6850e-06,7.1029e-08,1.7926e-07,4.7220e-07,1.8170e-06,3.9553e-06,4.9873e-06,5.1343e-06
P71,30.00,45.00,30.00,0.00,6.8608e-08,2.2300e-07,6.6117e-07,1.9040e-06,5.1386e-06,5.1283e-06,5.0105e-06,6.5265e-08,2.0597e-07,5.2136e-07,1.8872e-06,4.0044e-06,5.0345e-06,5.3677e-06
P71,60.00,0.00,30.00,0.00,9.9272e-08,1.9503e-07,6.0962e-07,1.8326e-06,5.0881e-06,5.0778e-06,4.6850e-06,9.4664e-08,1.7927e-07,4.7225e-07,1.8187e-06,3.9556e-06,4.9875e-06,5.1344e-06
P71,0.00,45.00,30.00,0.00,5.8564e-08,2.3041e-07,6.7328e-07,1.9175e-06,5.1472e-06,5.1369e-06,5.0878e-06,5.5662e-08,2.1313e-07,5.3319e-07,1.8998e-06,4.0125e-06,5.0425e-06,5.4200e-06
P71,30.00,135.00,60.00,0.00,3.8469e-08,2.2296e-07,6.6093e-07,1.9032e-06,5.1385e-06,5.1282e-06,5.0105e-06,3.6675e-08,2.0596e-07,5.2127e-07,1.8863e-06,4.0043e-06,5.0344e-06,5.3676e-06
P71,30.00,45.00,0.00,0.00,6.7127e-08,2.2300e-07,6.6114e-07,1.9037e-06,5.1386e-06,5.1282e-06,5.0105e-06,6.3764e-08,2.0597e-07,5.2136e-07,1.8869e-06,4.0044e-06,5.0345e-06,5.3677e-06
P71,30.00,180.00,60.00,0.00,3.6558e-08,2.2295e-07,6.6092e-07,1.9031e-06,5.1385e-06,5.1282e-06,5.0105e-06,3.4849e-08,2.0596e-07,5.2127e-07,1.8862e-06,4.0043e-06,5.0344e-06,5.3676e-06
P71,60.00,45.00,60.00,0.00,9.5065e-08,1.9502e-07,6.0952e-07,1.8334e-06,5.0882e-06,5.0779e-06,4.6850e-06,9.0864e-08,1.7926e-07,4.7221e-07,1.8196e-06,3.9558e-06,4.9876e-06,5.1344e-06
P71,30.00,135.00,0.00,0.00,6.7127e-08,2.2300e-07,6.6114e-07,1.9037e-06,5.1386e-06,5.1282e-06,5.0105e-06,6.3764e-08,2.0597e-07,5.2136e-07,1.8869e-06,4.0044e-06,5.0345e-06,5.3677e-06
P71,0.00,45.00,60.00,0.00,3.9632e-08,2.3039e-07,6.7314e-07,1.9173e-06,5.1472e-06,5.1369e-06,5.0878e-06,3.7813e-08,2.1312e-07,5.3313e-07,1.8996e-06,4.0125e-06,5.0425e-06,5.4200e-06
P71,0.00,90.00,60.00,0.00,3.9632e-08,2.3039e-07,6.7314e-07,1.9173e-06,5.1472e-06,5.1369e-06,5.0878e-06,3.7813e-08,2.1312e-07,5.3313e-07,1.8996e-06,4.0125e-06,5.0425e-06,5.4200e-06
P71,30.00,135.00,30.00,0.00,5.9220e-08,2.2298e-07,6.6108e-07,1.9035e-06,5.1385e-06,5.1282e-06,5.0105e-06,5.6277e-08,2.0597e-07,5.2133e-07,1.8866e-06,4.0043e-06,5.0345e-06,5.3676e-06
P71,60.00,90.00,0.00,0.00,7.6101e-08,1.9501e-07,6.0947e-07,1.8310e-06,5.0879e-06,5.0776e-06,4.6850e-06,7.2385e-08,1.7926e-07,4.7221e-07,1.8170e-06,3.9553e-06,4.9873e-06,5.1343e-06
P71,30.00,90.00,60.00,0.00,4.4417e-08,2.2296e-07,6.6097e-07,1.9035e-06,5.1386e-06,5.1282e-06,5.0105e-06,4.2367e-08,2.0596e-07,5.2128e-07,1.8867e-06,4.0043e-06,5.0345e-06,5.3676e-06
P71,0.00,180.00,30.00,0.00,5.8564e-08,2.3041e-07,6.7328e-07,1.9175e-06,5.1472e-06,5.1369e-06,5.0878e-06,5.5662e-08,2.1313e-07,5.3319e-07,1.8998e-06,4.0125e-06,5.0425e-06,5.4200e-06
P71,60.00,180.00,0.00,0.00,7.6101e-08,1.9501e-07,6.0947e-07,1.8310e-06,5.0879e-06,5.0776e-06,4.6850e-06,7.2385e-08,1.7926e-07,4.7221e-07,1.8170e-06,3.9553e-06,4.9873e-06,5.1343e-06
P71,30.00,180.00,30.00,0.00,5.7660e-08,2.2298e-07,6.6106e-07,1.9033e-06,5.1385e-06,5.1282e-06,5.0105e-06,5.4784e-08,2.0597e-07,5.2132e-07,1.8865e-06,4.0043e-06,5.0345e-06,5.3676e-06
P71,60.00,0.00,0.00,0.00,7.6101e-08,1.9501e-07,6.0947e-07,1.8310e-06,5.0879e-06,5.0776e-06,4.6850e-06,7.2385e-08,1.7926e-07,4.7221e-07,1.8170e-06,3.9553e-06,4.9873e-06,5.1343e-06
P71,0.00,90.00,0.00,0.00,6.2966e-08,2.3042e-07,6.7333e-07,1.9176e-06,5.1472e-06,5.1369e-06,5.0878e-06,5.9802e-08,2.1313e-07,5.3321e-07,1.8999e-06,4.0125e-06,5.0425e-06,5.4200e-06
P71,0.00,45.00,0.00,0.00,6.2966e-08,2.3042e-07,6.7333e-07,1.9176e-06,5.1472e-06,5.1369e-06,5.0878e-06,5.9802e-08,2.1313e-07,5.3321e-07,1.8999e-06,4.0125e-06,5.0425e-06,5.4200e-06
P71,30.00,0.00,30.00,0.00,7.1084e-08,2.2300e-07,6.6120e-07,1.9042e-06,5.1386e-06,5.1283e-06,5.0105e-06,6.7640e-08,2.0597e-07,5.2137e-07,1.8874e-06,4.0045e-06,5.0345e-06,5.3677e-06
P71,0.00,0.00,60.00,0.00,3.9632e-08,2.3039e-07,6.7314e-07,1.9173e-06,5.1472e-06,5.1369e-06,5.0878e-06,3.7813e-08,2.1312e-07,5.3313e-07,1.8996e-06,4.0125e-06,5.0425e-06,5.4200e-06
P71,0.00,180.00,0.00,0.00,6.2966e-08,2.3042e-07,6.7333e-07,1.9176e-06,5.1472e-06,5.1369e-06,5.0878e-06,5.9802e-08,2.1313e-07,5.3321e-07,1.8999e-06,4.0125e-06,5.0425e-06,5.4200e-06
P71,30.00,90.00,30.00,0.00,6.3484e-08,2.2299e-07,6.6112e-07,1.9038e-06,5.1386e-06,5.1282e-06,5.0105e-06,6.0358e-08,2.0597e-07,5.2135e-07,1.8869e-06,4.0044e-06,5.0345e-06,5.3677e-06
P71,30.00,0.00,60.00,0.00,5.8676e-08,2.2298e-07,6.6107e-07,1.9044e-06,5.1386e-06,5.1283e-06,5.0105e-06,5.6050e-08,2.0597e-07,5.2131e-07,1.8876e-06,4.0045e-06,5.0346e-06,5.3677e-06
P71,30.00,90.00,0.00,0.00,6.7127e-08,2.2300e-07,6.6114e-07,1.9037e-06,5.1386e-06,5.1282e-06,5.0105e-06,6.3764e-08,2.0597e-07,5.2136e-07,1.8869e-06,4.0044e-06,5.0345e-06,5.3677e-06
P71,30.00,180.00,0.00,0.00,6.7127e-08,2.2300e-07,6.6114e-07,1.9037e-06,5.1386e-06,5.1282e-06,5.0105e-06,6.3764e-08,2.0597e-07,5.2136e-07,1.8869e-06,4.0044e-06,5.0345e-06,5.3677e-06
P71,60.00,0.00,60.00,0.00,1.3044e-07,1.9506e-07,6.0976e-07,1.8366e-06,5.0885e-06,5.0782e-06,4.6851e-06,1.2494e-07,1.7927e-07,4.7227e-07,1.8231e-06,3.9564e-06,4.9879e-06,5.1346e-06
P71,60.00,180.00,30.00,0.00,6.1058e-08,1.9499e-07,6.0937e-07,1.8303e-06,5.0878e-06,5.0775e-06,4.6850e-06,5.8042e-08,1.7926e-07,4.7218e-07,1.8163e-06,3.9552e-06,4.9873e-06,5.1343e-06
P71,30.00,0.00,0.00,0.00,6.7127e-08,2.2300e-07,6.6114e-07,1.9037e-06,5.1386e-06,5.1282e-06,5.0105e-06,6.3764e-08,2.0597e-07,5.2136e-07,1.8869e-06,4.0044e-06,5.0345e-06,5.3677e-06
P71,60.00,45.00,0.00,0.00,7.6101e-08,1.9501e-07,6.0947e-07,1.8310e-06,5.0879e-06,5.0776e-06,4.6850e-06,7.2385e-08,1.7926e-07,4.7221e-07,1.8170e-06,3.9553e-06,4.9873e-06,5.1343e-06
P71,60.00,180.00,60.00,0.00,4.0527e-08,1.9497e-07,6.0924e-07,1.8296e-06,5.0878e-06,5.0775e-06,4.6850e-06,3.8603e-08,1.7925e-07,4.7214e-07,1.8155e-06,3.9551e-06,4.9872e-06,5.1342e-06
P71,0.00,0.00,30.00,0.00,5.8564e-08,2.3041e-07,6.7328e-07,1.9175e-06,5.1472e-06,5.1369e-06,5.0878e-06,5.5662e-08,2.1313e-07,5.3319e-07,1.8998e-06,4.0125e-06,5.0425e-06,5.4200e-06
P71,0.00,180.00,60.00,0.00,3.9632e-08,2.3039e-07,6.7314e-07,1.9173e-06,5.1472e-06,5.1369e-06,5.0878e-06,3.7813e-08,2.1312e-07,5.3313e-07,1.8996e-06,4.0125e-06,5.0425e-06,5.4200e-06
P71,60.00,135.00,60.00,0.00,4.4441e-08,1.9497e-07,6.0927e-07,1.8300e-06,5.0878e-06,5.0775e-06,4.6850e-06,4.2340e-08,1.7925e-07,4.7214e-07,1.8160e-06,3.9552e-06,4.9872e-06,5.1343e-06
P71,30.00,45.00,60.00,0.00,5.3422e-08,2.2298e-07,6.6103e-07,1.9041e-06,5.1386e-06,5.1283e-06,5.0105e-06,5.1003e-08,2.0596e-07,5.2130e-07,1.8873e-06,4.0045e-06,5.0345e-06,5.3677e-06
P71,60.00,90.00,60.00,0.00,5.9320e-08,1.9498e-07,6.0933e-07,1.8309e-06,5.0879e-06,5.0776e-06,4.6850e-06,5.6562e-08,1.7926e-07,4.7216e-07,1.8169e-06,3.9553e-06,4.9873e-06,5.1343e-06
P72,60.00,90.00,30.00,0.00,7.4720e-08,1.7908e-07,5.7163e-07,1.6441e-06,4.6824e-06,4.6726e-06,4.5871e-06,7.1025e-08,1.6408e-07,4.4668e-07,1.6215e-06,3.6035e-06,4.5838e-06,4.9205e-06
P72,60.00,45.00,60.00,0.00,9.5703e-08,1.7911e-07,5.7197e-07,1.6466e-06,4.6827e-06,4.6729e-06,4.5871e-06,9.1368e-08,1.6409e-07,4.4678e-07,1.6242e-06,3.6040e-06,4.5840e-06,4.9206e-06
P72,60.00,135.00,60.00,0.00,4.4276e-08,1.7901e-07,5.7121e-07,1.6430e-06,4.6823e-06,4.6725e-06,4.5871e-06,4.2115e-08,1.6406e-07,4.4648e-07,1.6204e-06,3.6034e-06,4.5837e-06,4.9204e-06
P72,0.00,90.00,60.00,0.00,3.9280e-08,2.1529e-07,6.2114e-07,1.7141e-06,4.7322e-06,4.7224e-06,4.9056e-06,3.7413e-08,1.9934e-07,4.9798e-07,1.6910e-06,3.6520e-06,4.6306e-06,5.1383e-06
P72,60.00,135.00,30.00,0.00,6.4306e-08,1.7905e-07,5.7147e-07,1.6435e-06,4.6824e-06,4.6725e-06,4.5871e-06,6.1068e-08,1.6408e-07,4.4661e-07,1.6209e-06,3.6034e-06,4.5837e-06,4.9205e-06
P72,0.00,180.00,0.00,0.00,6.2662e-08,2.1536e-07,6.2147e-07,1.7144e-06,4.7322e-06,4.7224e-06,4.9056e-06,5.9442e-08,1.9937e-07,4.9818e-07,1.6913e-06,3.6521e-06,4.6307e-06,5.1383e-06
P72,30.00,135.00,0.00,0.00,6.6892e-08,2.0812e-07,6.1244e-07,1.7032e-06,4.7250e-06,4.7152e-06,4.8451e-06,6.3468e-08,1.9227e-07,4.8879e-07,1.6803e-06,3.6452e-06,4.6239e-06,5.0988e-06
P72,30.00,180.00,60.00,0.00,3.6183e-08,2.0803e-07,6.1201e-07,1.7025e-06,4.7250e-06,4.7151e-06,4.8451e-06,3.4430e-08,1.9224e-07,4.8855e-07,1.6796e-06,3.6451e-06,4.6239e-06,5.0987e-06
P72,30.00,45.00,0.00,0.00,6.6892e-08,2.0812e-07,6.1244e-07,1.7032e-06,4.7250e-06,4.7152e-06,4.8451e-06,6.3468e-08,1.9227e-07,4.8879e-07,1.6803e-06,3.6452e-06,4.6239e-06,5.0988e-06
P72,0.00,135.00,30.00,0.00,5.8257e-08,2.1534e-07,6.2138e-07,1.7142e-06,4.7322e-06,4.7224e-06,4.9056e-06,5.5300e-08,1.9936e-07,4.9813e-07,1.6911e-06,3.6520e-06,4.6306e-06,5.1383e-06
P72,30.00,180.00,30.00,0.00,5.7369e-08,2.0808e-07,6.1226e-07,1.7028e-06,4.7250e-06,4.7152e-06,4.8451e-06,5.4438e-08,1.9226e-07,4.8869e-07,1.6799e-06,3.6451e-06,4.6239e-06,5.0987e-06
P72,60.00,45.00,30.00,0.00,9.0482e-08,1.7911e-07,5.7192e-07,1.6451e-06,4.6825e-06,4.6727e-06,4.5871e-06,8.6129e-08,1.6410e-07,4.4681e-07,1.6226e-06,3.6037e-06,4.5839e-06,4.9206e-06
P72,0.00,45.00,0.00,0.00,6.2662e-08,2.1536e-07,6.2147e-07,1.7144e-06,4.7322e-06,4.7224e-06,4.9056e-06,5.9442e-08,1.9937e-07,4.9818e-07,1.6913e-06,3.6521e-06,4.6307e-06,5.1383e-06
P72,30.00,0.00,30.00,0.00,7.0929e-08,2.0813e-07,6.1257e-07,1.7037e-06,4.7251e-06,4.7152e-06,4.8451e-06,6.7417e-08,1.9228e-07,4.8885e-07,1.6808e-06,3.6452e-06,4.6240e-06,5.0988e-06
P72,0.00,0.00,0.00,0.00,6.2662e-08,2.1536e-07,6.2147e-07,1.7144e-06,4.7322e-06,4.7224e-06,4.9056e-06,5.9442e-08,1.9937e-07,4.9818e-07,1.6913e-06,3.6521e-06,4.6307e-06,5.1383e-06
P72,30.00,45.00,60.00,0.00,5.3264e-08,2.0807e-07,6.1231e-07,1.7036e-06,4.7251e-06,4.7152e-06,4.8451e-06,5.0781e-08,1.9225e-07,4.8868e-07,1.6807e-06,3.6452e-06,4.6240e-06,5.0988e-06
P72,0.00,90.00,30.00,0.00,5.8257e-08,2.1534e-07,6.2138e-07,1.7142e-06,4.7322e-06,4.7224e-06,4.9056e-06,5.5300e-08,1.9936e-07,4.9813e-07,1.6911e-06,3.6520e-06,4.6306e-06,5.1383e-06
P72,30.00,180.00,0.00,0.00,6.6892e-08,2.0812e-07,6.1244e-07,1.7032e-06,4.7250e-06,4.7152e-06,4.8451e-06,6.3468e-08,1.9227e-07,4.8879e-07,1.6803e-06,3.6452e-06,4.6239e-06,5.0988e-06
P72,30.00,45.00,30.00,0.00,6.8428e-08,2.0812e-07,6.1251e-07,1.7035e-06,4.7251e-06,4.7152e-06,4.8451e-06,6.5020e-08,1.9228e-07,4.8882e-07,1.6806e-06,3.6452e-06,4.6240e-06,5.0988e-06
P72,30.00,135.00,60.00,0.00,3.8118e-08,2.0804e-07,6.1204e-07,1.7026e-06,4.7250e-06,4.7152e-06,4.8451e-06,3.6278e-08,1.9224e-07,4.8856e-07,1.6797e-06,3.6451e-06,4.6239e-06,5.0987e-06
P72,0.00,0.00,30.00,0.00,5.8257e-08,2.1534e-07,6.2138e-07,1.7142e-06,4.7322e-06,4.7224e-06,4.9056e-06,5.5300e-08,1.9936e-07,4.9813e-07,1.6911e-06,3.6520e-06,4.6306e-06,5.1383e-06
P72,60.00,180.00,0.00,0.00,7.6160e-08,1.7908e-07,5.7166e-07,1.6441e-06,4.6824e-06,4.6726e-06,4.5871e-06,7.2359e-08,1.6409e-07,4.4670e-07,1.6215e-06,3.6035e-06,4.5838e-06,4.9205e-06
P72,30.00,90.00,60.00,0.00,4.4144e-08,2.0805e-07,6.1214e-07,1.7030e-06,4.7250e-06,4.7152e-06,4.8451e-06,4.2040e-08,1.9224e-07,4.8860e-07,1.6801e-06,3.6451e-06,4.6239e-06,5.0987e-06
P72,0.00,45.00,60.00,0.00,3.9280e-08,2.1529e-07,6.2114e-07,1.7141e-06,4.7322e-06,4.7224e-06,4.9056e-06,3.7413e-08,1.9934e-07,4.9798e-07,1.6910e-06,3.6520e-06,4.6306e-06,5.1383e-06
P72,0.00,90.00,0.00,0.00,6.2662e-08,2.1536e-07,6.2147e-07,1.7144e-06,4.7322e-06,4.7224e-06,4.9056e-06,5.9442e-08,1.9937e-07,4.9818e-07,1.6913e-06,3.6521e-06,4.6307e-06,5.1383e-06
P72,0.00,135.00,60.00,0.00,3.9280e-08,2.1529e-07,6.2114e-07,1.7141e-06,4.7322e-06,4.7224e-06,4.9056e-06,3.7413e-08,1.9934e-07,4.9798e-07,1.6910e-06,3.6520e-06,4.6306e-06,5.1383e-06
P72,60.00,90.00,60.00,0.00,5.9393e-08,1.7904e-07,5.7140e-07,1.6440e-06,4.6824e-06,4.6726e-06,4.5871e-06,5.6553e-08,1.6407e-07,4.4656e-07,1.6213e-06,3.6035e-06,4.5838e-06,4.9205e-06
P72,60.00,0.00,60.00,0.00,1.3162e-07,1.7920e-07,5.7265e-07,1.6499e-06,4.6830e-06,4.6732e-06,4.5872e-06,1.2594e-07,1.6411e-07,4.4706e-07,1.6277e-06,3.6046e-06,4.5844e-06,4.9208e-06
P72,60.00,0.00,0.00,0.00,7.6160e-08,1.7908e-07,5.7166e-07,1.6441e-06,4.6824e-06,4.6726e-06,4.5871e-06,7.2359e-08,1.6409e-07,4.4670e-07,1.6215e-06,3.6035e-06,4.5838e-06,4.9205e-06
P72,60.00,180.00,30.00,0.00,6.0961e-08,1.7904e-07,5.7142e-07,1.6434e-06,4.6824e-06,4.6725e-06,4.5871e-06,5.7874e-08,1.6408e-07,4.4659e-07,1.6207e-06,3.6034e-06,4.5837e-06,4.9205e-06
P72,30.00,0.00,0.00,0.00,6.6892e-08,2.0812e-07,6.1244e-07,1.7032e-06,4.7250e-06,4.7152e-06,4.8451e-06,6.3468e-08,1.9227e-07,4.8879e-07,1.6803e-06,3.6452e-06,4.6239e-06,5.0988e-06
P72,60.00,90.00,0.00,0.00,7.6160e-08,1.7908e-07,5.7166e-07,1.6441e-06,4.6824e-06,4.6726e-06,4.5871e-06,7.2359e-08,1.6409e-07,4.4670e-07,1.6215e-06,3.6035e-06,4.5838e-06,4.9205e-06
P72,0.00,180.00,60.00,0.00,3.9280e-08,2.1529e-07,6.2114e-07,1.7141e-06,4.7322e-06,4.7224e-06,4.9056e-06,3.7413e-08,1.9934e-07,4.9798e-07,1.6910e-06,3.6520e-06,4.6306e-06,5.1383e-06
P72,0.00,0.00,60.00,0.00,3.9280e-08,2.1529e-07,6.2114e-07,1.7141e-06,4.7322e-06,4.7224e-06,4.9056e-06,3.7413e-08,1.9934e-07,4.9798e-07,1.6910e-06,3.6520e-06,4.6306e-06,5.1383e-06
P72,30.00,135.00,30.00,0.00,5.8945e-08,2.0809e-07,6.1231e-07,1.7030e-06,4.7250e-06,4.7152e-06,4.8451e-06,5.5945e-08,1.9226e-07,4.8872e-07,1.6801e-06,3.6451e-06,4.6239e-06,5.0987e-06
P72,30.00,90.00,0.00,0.00,6.6892e-08,2.0812e-07,6.1244e-07,1.7032e-06,4.7250e-06,4.7152e-06,4.8451e-06,6.3468e-08,1.9227e-07,4.8879e-07,1.6803e-06,3.6452e-06,4.6239e-06,5.0988e-06
P72,60.00,0.00,30.00,0.00,9.9678e-08,1.7914e-07,5.7209e-07,1.6457e-06,4.6826e-06,4.6728e-06,4.5871e-06,9.4954e-08,1.6410e-07,4.4688e-07,1.6232e-06,3.6038e-06,4.5839e-06,4.9206e-06
P72,60.00,45.00,0.00,0.00,7.6160e-08,1.7908e-07,5.7166e-07,1.6441e-06,4.6824e-06,4.6726e-06,4.5871e-06,7.2359e-08,1.6409e-07,4.4670e-07,1.6215e-06,3.6035e-06,4.5838e-06,4.9205e-06
P72,60.00,180.00,60.00,0.00,4.0298e-08,1.7900e-07,5.7114e-07,1.6427e-06,4.6823e-06,4.6725e-06,4.5871e-06,3.8320e-08,1.6406e-07,4.4645e-07,1.6200e-06,3.6032e-06,4.5836e-06,4.9204e-06
P72,0.00,45.00,30.00,0.00,5.8257e-08,2.1534e-07,6.2138e-07,1.7142e-06,4.7322e-06,4.7224e-06,4.9056e-06,5.5300e-08,1.9936e-07,4.9813e-07,1.6911e-06,3.6520e-06,4.6306e-06,5.1383e-06
P72,60.00,135.00,0.00,0.00,7.6160e-08,1.7908e-07,5.7166e-07,1.6441e-06,4.6824e-06,4.6726e-06,4.5871e-06,7.2359e-08,1.6409e-07,4.4670e-07,1.6215e-06,3.6035e-06,4.5838e-06,4.9205e-06
P72,30.00,0.00,60.00,0.00,5.8585e-08,2.0809e-07,6.1241e-07,1.7039e-06,4.7251e-06,4.7153e-06,4.8451e-06,5.5889e-08,1.9226e-07,4.8872e-07,1.6811e-06,3.6453e-06,4.6240e-06,5.0988e-06
P72,30.00,90.00,30.00,0.00,6.3252e-08,2.0811e-07,6.1240e-07,1.7032e-06,4.7250e-06,4.7152e-06,4.8451e-06,6.0065e-08,1.9227e-07,4.8876e-07,1.6803e-06,3.6452e-06,4.6239e-06,5.0988e-06
P72,0.00,135.00,0.00,0.00,6.2662e-08,2.1536e-07,6.2147e-07,1.7144e-06,4.7322e-06,4.7224e-06,4.9056e-06,5.9442e-08,1.9937e-07,4.9818e-07,1.6913e-06,3.6521e-06,4.6307e-06,5.1383e-06
P72,0.00,180.00,30.00,0.00,5.8257e-08,2.1534e-07,6.2138e-07,1.7142e-06,4.7322e-06,4.7224e-06,4.9056e-06,5.5300e-08,1.9936e-07,4.9813e-07,1.6911e-06,3.6520e-06,4.6306e-06,5.1383e-06
P73,0.00,135.00,30.00,0.00,6.4646e-08,2.6155e-07,8.7264e-07,3.5798e-06,8.1315e-06,8.1190e-06,6.5980e-06,6.2316e-08,2.3781e-07,6.3883e-07,3.6053e-06,6.7686e-06,8.0231e-06,7.5171e-06
P73,30.00,0.00,0.00,0.00,7.2193e-08,2.5105e-07,8.4173e-07,3.5314e-06,8.0886e-06,8.0762e-06,6.4194e-06,6.9473e-08,2.2812e-07,6.1538e-07,3.5609e-06,6.7305e-06,7.9826e-06,7.3768e-06
P73,0.00,135.00,0.00,0.00,6.8935e-08,2.6155e-07,8.7264e-07,3.5799e-06,8.1315e-06,8.1190e-06,6.5980e-06,6.6362e-08,2.3781e-07,6.3883e-07,3.6055e-06,6.7686e-06,8.0231e-06,7.5171e-06
P73,0.00,0.00,0.00,0.00,6.8935e-08,2.6155e-07,8.7264e-07,3.5799e-06,8.1315e-06,8.1190e-06,6.5980e-06,6.6362e-08,2.3781e-07,6.3883e-07,3.6055e-06,6.7686e-06,8.0231e-06,7.5171e-06
P73,60.00,90.00,30.00,0.00,7.6167e-08,2.1440e-07,7.2714e-07,3.3128e-06,7.8959e-06,7.8837e-06,5.7025e-06,7.3386e-08,1.9458e-07,5.3023e-07,3.3583e-06,6.5590e-06,7.8011e-06,6.7863e-06
P73,60.00,135.00,0.00,0.00,7.7713e-08,2.1440e-07,7.2714e-07,3.3128e-06,7.8959e-06,7.8837e-06,5.7025e-06,7.4822e-08,1.9458e-07,5.3023e-07,3.3583e-06,6.5590e-06,7.8011e-06,6.7863e-06
P73,60.00,180.00,60.00,0.00,4.5067e-08,2.1439e-07,7.2713e-07,3.3117e-06,7.8958e-06,7.8836e-06,5.7025e-06,4.3666e-08,1.9458e-07,5.3023e-07,3.3570e-06,6.5587e-06,7.8010e-06,6.7862e-06
P73,30.00,180.00,30.00,0.00,6.3277e-08,2.5104e-07,8.4172e-07,3.5310e-06,8.0886e-06,8.0762e-06,6.4194e-06,6.0984e-08,2.2812e-07,6.1538e-07,3.5606e-06,6.7304e-06,7.9826e-06,7.3768e-06
P73,0.00,0.00,30.00,0.00,6.4646e-08,2.6155e-07,8.7264e-07,3.5798e-06,8.1315e-06,8.1190e-06,6.5980e-06,6.2316e-08,2.3781e-07,6.3883e-07,3.6053e-06,6.7686e-06,8.0231e-06,7.5171e-06
P73,60.00,180.00,0.00,0.00,7.7713e-08,2.1440e-07,7.2714e-07,3.3128e-06,7.8959e-06,7.8837e-06,5.7025e-06,7.4822e-08,1.9458e-07,5.3023e-07,3.3583e-06,6.5590e-06,7.8011e-06,6.7863e-06
P73,0.00,45.00,60.00,0.00,4.6438e-08,2.6154e-07,8.7263e-07,3.5796e-06,8.1315e-06,8.1190e-06,6.5980e-06,4.5092e-08,2.3781e-07,6.3883e-07,3.6051e-06,6.7686e-06,8.0231e-06,7.5170e-06
P73,30.00,90.00,0.00,0.00,7.2193e-08,2.5105e-07,8.4173e-07,3.5314e-06,8.0886e-06,8.0762e-06,6.4194e-06,6.9473e-08,2.2812e-07,6.1538e-07,3.5609e-06,6.7305e-06,7.9826e-06,7.3768e-06
P73,30.00,0.00,30.00,0.00,7.5564e-08,2.5105e-07,8.4173e-07,3.5318e-06,8.0887e-06,8.0763e-06,6.4194e-06,7.2809e-08,2.2812e-07,6.1538e-07,3.5614e-06,6.7305e-06,7.9826e-06,7.3768e-06
P73,60.00,0.00,30.00,0.00,9.8125e-08,2.1441e-07,7.2714e-07,3.3141e-06,7.8961e-06,7.8838e-06,5.7026e-06,9.4579e-08,1.9458e-07,5.3023e-07,3.3596e-06,6.5592e-06,7.8012e-06,6.7863e-06
P73,0.00,180.00,0.00,0.00,6.8935e-08,2.6155e-07,8.7264e-07,3.5799e-06,8.1315e-06,8.1190e-06,6.5980e-06,6.6362e-08,2.3781e-07,6.3883e-07,3.6055e-06,6.7686e-06,8.0231e-06,7.5171e-06
P73,30.00,180.00,60.00,0.00,4.3256e-08,2.5104e-07,8.4172e-07,3.5308e-06,8.0886e-06,8.0762e-06,6.4194e-06,4.1998e-08,2.2812e-07,6.1538e-07,3.5603e-06,6.7304e-06,7.9826e-06,7.3768e-06
P73,30.00,135.00,30.00,0.00,6.4704e-08,2.5104e-07,8.4172e-07,3.5312e-06,8.0886e-06,8.0762e-06,6.4194e-06,6.2357e-08,2.2812e-07,6.1538e-07,3.5607e-06,6.7304e-06,7.9826e-06,7.3768e-06
P73,0.00,0.00,60.00,0.00,4.6438e-08,2.6154e-07,8.7263e-07,3.5796e-06,8.1315e-06,8.1190e-06,6.5980e-06,4.5092e-08,2.3781e-07,6.3883e-07,3.6051e-06,6.7686e-06,8.0231e-06,7.5170e-06
P73,30.00,90.00,60.00,0.00,5.0271e-08,2.5104e-07,8.4172e-07,3.5311e-06,8.0886e-06,8.0762e-06,6.4194e-06,4.8749e-08,2.2812e-07,6.1538e-07,3.5607e-06,6.7304e-06,7.9826e-06,7.3768e-06
P73,60.00,0.00,60.00,0.00,1.2383e-07,2.1442e-07,7.2714e-07,3.3170e-06,7.8964e-06,7.8841e-06,5.7026e-06,1.1981e-07,1.9458e-07,5.3023e-07,3.3629e-06,6.5599e-06,7.8015e-06,6.7864e-06
P73,60.00,90.00,60.00,0.00,6.1479e-08,2.1439e-07,7.2714e-07,3.3126e-06,7.8959e-06,7.8837e-06,5.7025e-06,5.9459e-08,1.9458e-07,5.3023e-07,3.3581e-06,6.5589e-06,7.8011e-06,6.7862e-06
P73,30.00,90.00,30.00,0.00,6.8607e-08,2.5105e-07,8.4173e-07,3.5314e-06,8.0886e-06,8.0762e-06,6.4194e-06,6.6110e-08,2.2812e-07,6.1538e-07,3.5610e-06,6.7305e-06,7.9826e-06,7.3768e-06
P73,30.00,45.00,30.00,0.00,7.3297e-08,2.5105e-07,8.4173e-07,3.5316e-06,8.0887e-06,8.0763e-06,6.4194e-06,7.0624e-08,2.2812e-07,6.1538e-07,3.5612e-06,6.7305e-06,7.9826e-06,7.3768e-06
P73,60.00,135.00,60.00,0.00,4.8483e-08,2.1439e-07,7.2714e-07,3.3119e-06,7.8958e-06,7.8836e-06,5.7025e-06,4.6950e-08,1.9458e-07,5.3023e-07,3.3573e-06,6.5588e-06,7.8010e-06,6.7862e-06
P73,0.00,90.00,30.00,0.00,6.4646e-08,2.6155e-07,8.7264e-07,3.5798e-06,8.1315e-06,8.1190e-06,6.5980e-06,6.2316e-08,2.3781e-07,6.3883e-07,3.6053e-06,6.7686e-06,8.0231e-06,7.5171e-06
P73,60.00,45.00,60.00,0.00,9.2777e-08,2.1440e-07,7.2714e-07,3.3146e-06,7.8961e-06,7.8839e-06,5.7025e-06,8.9700e-08,1.9458e-07,5.3023e-07,3.3602e-06,6.5593e-06,7.8013e-06,6.7863e-06
P73,0.00,180.00,30.00,0.00,6.4646e-08,2.6155e-07,8.7264e-07,3.5798e-06,8.1315e-06,8.1190e-06,6.5980e-06,6.2316e-08,2.3781e-07,6.3883e-07,3.6053e-06,6.7686e-06,8.0231e-06,7.5171e-06
P73,60.00,45.00,0.00,0.00,7.7713e-08,2.1440e-07,7.2714e-07,3.3128e-06,7.8959e-06,7.8837e-06,5.7025e-06,7.4822e-08,1.9458e-07,5.3023e-07,3.3583e-06,6.5590e-06,7.8011e-06,6.7863e-06
P73,0.00,90.00,60.00,0.00,4.6438e-08,2.6154e-07,8.7263e-07,3.5796e-06,8.1315e-06,8.1190e-06,6.5980e-06,4.5092e-08,2.3781e-07,6.3883e-07,3.6051e-06,6.7686e-06,8.0231e-06,7.5170e-06
P73,60.00,135.00,30.00,0.00,6.7016e-08,2.1440e-07,7.2714e-07,3.3124e-06,7.8959e-06,7.8836e-06,5.7025e-06,6.4577e-08,1.9458e-07,5.3023e-07,3.3578e-06,6.5589e-06,7.8010e-06,6.7862e-06
P73,60.00,0.00,0.00,0.00,7.7713e-08,2.1440e-07,7.2714e-07,3.3128e-06,7.8959e-06,7.8837e-06,5.7025e-06,7.4822e-08,1.9458e-07,5.3023e-07,3.3583e-06,6.5590e-06,7.8011e-06,6.7863e-06
P73,30.00,180.00,0.00,0.00,7.2193e-08,2.5105e-07,8.4173e-07,3.5314e-06,8.0886e-06,8.0762e-06,6.4194e-06,6.9473e-08,2.2812e-07,6.1538e-07,3.5609e-06,6.7305e-06,7.9826e-06,7.3768e-06
P73,30.00,45.00,60.00,0.00,5.8315e-08,2.5104e-07,8.4172e-07,3.5316e-06,8.0887e-06,8.0763e-06,6.4194e-06,5.6509e-08,2.2812e-07,6.1538e-07,3.5612e-06,6.7305e-06,7.9826e-06,7.3768e-06
P73,0.00,90.00,0.00,0.00,6.8935e-08,2.6155e-07,8.7264e-07,3.5799e-06,8.1315e-06,8.1190e-06,6.5980e-06,6.6362e-08,2.3781e-07,6.3883e-07,3.6055e-06,6.7686e-06,8.0231e-06,7.5171e-06
P73,30.00,135.00,0.00,0.00,7.2193e-08,2.5105e-07,8.4173e-07,3.5314e-06,8.0886e-06,8.0762e-06,6.4194e-06,6.9473e-08,2.2812e-07,6.1538e-07,3.5609e-06,6.7305e-06,7.9826e-06,7.3768e-06
P73,0.00,180.00,60.00,0.00,4.6438e-08,2.6154e-07,8.7263e-07,3.5796e-06,8.1315e-06,8.1190e-06,6.5980e-06,4.5092e-08,2.3781e-07,6.3883e-07,3.6051e-06,6.7686e-06,8.0231e-06,7.5170e-06
P73,60.00,180.00,30.00,0.00,6.4078e-08,2.1440e-07,7.2714e-07,3.3123e-06,7.8959e-06,7.8836e-06,5.7025e-06,6.1753e-08,1.9458e-07,5.3023e-07,3.3577e-06,6.5589e-06,7.8010e-06,6.7862e-06
P73,0.00,45.00,0.00,0.00,6.8935e-08,2.6155e-07,8.7264e-07,3.5799e-06,8.1315e-06,8.1190e-06,6.5980e-06,6.6362e-08,2.3781e-07,6.3883e-07,3.6055e-06,6.7686e-06,8.0231e-06,7.5171e-06
P73,60.00,90.00,0.00,0.00,7.7713e-08,2.1440e-07,7.2714e-07,3.3128e-06,7.8959e-06,7.8837e-06,5.7025e-06,7.4822e-08,1.9458e-07,5.3023e-07,3.3583e-06,6.5590e-06,7.8011e-06,6.7863e-06
P73,30.00,135.00,60.00,0.00,4.4961e-08,2.5104e-07,8.4172e-07,3.5309e-06,8.0886e-06,8.0762e-06,6.4194e-06,4.3637e-08,2.2812e-07,6.1538e-07,3.5604e-06,6.7304e-06,7.9826e-06,7.3768e-06
P73,0.00,135.00,60.00,0.00,4.6438e-08,2.6154e-07,8.7263e-07,3.5796e-06,8.1315e-06,8.1190e-06,6.5980e-06,4.5092e-08,2.3781e-07,6.3883e-07,3.6051e-06,6.7686e-06,8.0231e-06,7.5170e-06
P73,30.00,45.00,0.00,0.00,7.2193e-08,2.5105e-07,8.4173e-07,3.5314e-06,8.0886e-06,8.0762e-06,6.4194e-06,6.9473e-08,2.2812e-07,6.1538e-07,3.5609e-06,6.7305e-06,7.9826e-06,7.3768e-06
P73,0.00,45.00,30.00,0.00,6.4646e-08,2.6155e-07,8.7264e-07,3.5798e-06,8.1315e-06,8.1190e-06,6.5980e-06,6.2316e-08,2.3781e-07,6.3883e-07,3.6053e-06,6.7686e-06,8.0231e-06,7.5171e-06
P73,60.00,45.00,30.00,0.00,9.0031e-08,2.1440e-07,7.2714e-07,3.3136e-06,7.8960e-06,7.8838e-06,5.7025e-06,8.6759e-08,1.9458e-07,5.3023e-07,3.3592e-06,6.5591e-06,7.8012e-06,6.7863e-06
P73,30.00,0.00,60.00,0.00,6.3011e-08,2.5104e-07,8.4172e-07,3.5319e-06,8.0887e-06,8.0763e-06,6.4194e-06,6.1046e-08,2.2812e-07,6.1538e-07,3.5615e-06,6.7306e-06,7.9827e-06,7.3768e-06
P74,60.00,45.00,0.00,0.00,8.9367e-08,2.5640e-07,9.3629e-07,5.2944e-06,1.0711e-05,1.0700e-05,7.3410e-06,8.7617e-08,2.2998e-07,6.4862e-07,5.3800e-06,9.4442e-06,1.0652e-05,8.7139e-06
P74,30.00,90.00,60.00,0.00,7.0328e-08,3.0964e-07,1.1277e-06,5.6451e-06,1.1129e-05,1.1117e-05,8.2568e-06,6.9585e-08,2.7760e-07,7.9156e-07,5.7070e-06,9.7961e-06,1.1052e-05,9.5498e-06
P74,0.00,90.00,60.00,0.00,6.8370e-08,3.2603e-07,1.1792e-06,5.7285e-06,1.1225e-05,1.1213e-05,8.4960e-06,6.7747e-08,2.9252e-07,8.3185e-07,5.7845e-06,9.8771e-06,1.1144e-05,9.7582e-06
P74,0.00,0.00,30.00,0.00,8.4758e-08,3.2603e-07,1.1792e-06,5.7287e-06,1.1225e-05,1.1213e-05,8.4960e-06,8.3366e-08,2.9252e-07,8.3185e-07,5.7847e-06,9.8771e-06,1.1144e-05,9.7582e-06
P74,60.00,180.00,30.00,0.00,7.7791e-08,2.5640e-07,9.3629e-07,5.2941e-06,1.0711e-05,1.0700e-05,7.3410e-06,7.6437e-08,2.2998e-07,6.4862e-07,5.3797e-06,9.4442e-06,1.0652e-05,8.7139e-06
P74,30.00,180.00,60.00,0.00,6.4486e-08,3.0963e-07,1.1277e-06,5.6450e-06,1.1129e-05,1.1117e-05,8.2568e-06,6.3921e-08,2.7760e-07,7.9156e-07,5.7068e-06,9.7961e-06,1.1052e-05,9.5498e-06
P74,60.00,45.00,30.00,0.00,9.9289e-08,2.5641e-07,9.3629e-07,5.2948e-06,1.0711e-05,1.0700e-05,7.3410e-06,9.7309e-08,2.2998e-07,6.4862e-07,5.3804e-06,9.4443e-06,1.0652e-05,8.7139e-06
P74,60.00,135.00,30.00,0.00,8.0222e-08,2.5640e-07,9.3629e-07,5.2942e-06,1.0711e-05,1.0700e-05,7.3410e-06,7.8792e-08,2.2998e-07,6.4862e-07,5.3797e-06,9.4442e-06,1.0652e-05,8.7139e-06
P74,60.00,0.00,0.00,0.00,8.9367e-08,2.5640e-07,9.3629e-07,5.2944e-06,1.0711e-05,1.0700e-05,7.3410e-06,8.7617e-08,2.2998e-07,6.4862e-07,5.3800e-06,9.4442e-06,1.0652e-05,8.7139e-06
P74,30.00,135.00,30.00,0.00,8.3483e-08,3.0964e-07,1.1277e-06,5.6453e-06,1.1129e-05,1.1117e-05,8.2568e-06,8.2087e-08,2.7760e-07,7.9156e-07,5.7071e-06,9.7961e-06,1.1052e-05,9.5498e-06
P74,0.00,135.00,60.00,0.00,6.8370e-08,3.2603e-07,1.1792e-06,5.7285e-06,1.1225e-05,1.1213e-05,8.4960e-06,6.7747e-08,2.9252e-07,8.3185e-07,5.7845e-06,9.8771e-06,1.1144e-05,9.7582e-06
P74,30.00,45.00,60.00,0.00,7.7034e-08,3.0964e-07,1.1277e-06,5.6454e-06,1.1129e-05,1.1117e-05,8.2568e-06,7.6102e-08,2.7760e-07,7.9156e-07,5.7073e-06,9.7962e-06,1.1052e-05,9.5498e-06
P74,0.00,180.00,0.00,0.00,8.8682e-08,3.2604e-07,1.1792e-06,5.7287e-06,1.1225e-05,1.1213e-05,8.4960e-06,8.7093e-08,2.9252e-07,8.3185e-07,5.7848e-06,9.8771e-06,1.1144e-05,9.7582e-06
P74,30.00,180.00,0.00,0.00,9.0135e-08,3.0964e-07,1.1277e-06,5.6454e-06,1.1129e-05,1.1117e-05,8.2568e-06,8.8453e-08,2.7760e-07,7.9156e-07,5.7072e-06,9.7962e-06,1.1052e-05,9.5498e-06
P74,0.00,45.00,30.00,0.00,8.4758e-08,3.2603e-07,1.1792e-06,5.7287e-06,1.1225e-05,1.1213e-05,8.4960e-06,8.3366e-08,2.9252e-07,8.3185e-07,5.7847e-06,9.8771e-06,1.1144e-05,9.7582e-06
P74,0.00,90.00,0.00,0.00,8.8682e-08,3.2604e-07,1.1792e-06,5.7287e-06,1.1225e-05,1.1213e-05,8.4960e-06,8.7093e-08,2.9252e-07,8.3185e-07,5.7848e-06,9.8771e-06,1.1144e-05,9.7582e-06
P74,30.00,45.00,30.00,0.00,9.0838e-08,3.0964e-07,1.1277e-06,5.6455e-06,1.1129e-05,1.1117e-05,8.2568e-06,8.9212e-08,2.7760e-07,7.9156e-07,5.7074e-06,9.7962e-06,1.1052e-05,9.5498e-06
P74,60.00,90.00,30.00,0.00,8.7799e-08,2.5640e-07,9.3629e-07,5.2944e-06,1.0711e-05,1.0700e-05,7.3410e-06,8.6143e-08,2.2998e-07,6.4862e-07,5.3800e-06,9.4442e-06,1.0652e-05,8.7139e-06
P74,30.00,90.00,0.00,0.00,9.0135e-08,3.0964e-07,1.1277e-06,5.6454e-06,1.1129e-05,1.1117e-05,8.2568e-06,8.8453e-08,2.7760e-07,7.9156e-07,5.7072e-06,9.7962e-06,1.1052e-05,9.5498e-06
P74,30.00,180.00,30.00,0.00,8.2263e-08,3.0964e-07,1.1277e-06,5.6452e-06,1.1129e-05,1.1117e-05,8.2568e-06,8.0905e-08,2.7760e-07,7.9156e-07,5.7070e-06,9.7961e-06,1.1052e-05,9.5498e-06
P74,0.00,45.00,0.00,0.00,8.8682e-08,3.2604e-07,1.1792e-06,5.7287e-06,1.1225e-05,1.1213e-05,8.4960e-06,8.7093e-08,2.9252e-07,8.3185e-07,5.7848e-06,9.8771e-06,1.1144e-05,9.7582e-06
P74,30.00,135.00,60.00,0.00,6.5905e-08,3.0963e-07,1.1277e-06,5.6450e-06,1.1129e-05,1.1117e-05,8.2568e-06,6.5295e-08,2.7760e-07,7.9156e-07,5.7068e-06,9.7961e-06,1.1052e-05,9.5498e-06
P74,30.00,45.00,0.00,0.00,9.0135e-08,3.0964e-07,1.1277e-06,5.6454e-06,1.1129e-05,1.1117e-05,8.2568e-06,8.8453e-08,2.7760e-07,7.9156e-07,5.7072e-06,9.7962e-06,1.1052e-05,9.5498e-06
P74,60.00,135.00,60.00,0.00,6.4085e-08,2.5640e-07,9.3629e-07,5.2939e-06,1.0711e-05,1.0700e-05,7.3410e-06,6.3318e-08,2.2998e-07,6.4862e-07,5.3794e-06,9.4441e-06,1.0652e-05,8.7139e-06
P74,60.00,45.00,60.00,0.00,9.9729e-08,2.5640e-07,9.3629e-07,5.2950e-06,1.0711e-05,1.0700e-05,7.3410e-06,9.7994e-08,2.2998e-07,6.4862e-07,5.3807e-06,9.4443e-06,1.0652e-05,8.7139e-06
P74,0.00,180.00,60.00,0.00,6.8370e-08,3.2603e-07,1.1792e-06,5.7285e-06,1.1225e-05,1.1213e-05,8.4960e-06,6.7747e-08,2.9252e-07,8.3185e-07,5.7845e-06,9.8771e-06,1.1144e-05,9.7582e-06
P74,30.00,0.00,0.00,0.00,9.0135e-08,3.0964e-07,1.1277e-06,5.6454e-06,1.1129e-05,1.1117e-05,8.2568e-06,8.8453e-08,2.7760e-07,7.9156e-07,5.7072e-06,9.7962e-06,1.1052e-05,9.5498e-06
P74,60.00,0.00,60.00,0.00,1.2474e-07,2.5641e-07,9.3629e-07,5.2961e-06,1.0711e-05,1.0700e-05,7.3410e-06,1.2244e-07,2.2998e-07,6.4862e-07,5.3819e-06,9.4445e-06,1.0652e-05,8.7139e-06
P74,60.00,135.00,0.00,0.00,8.9367e-08,2.5640e-07,9.3629e-07,5.2944e-06,1.0711e-05,1.0700e-05,7.3410e-06,8.7617e-08,2.2998e-07,6.4862e-07,5.3800e-06,9.4442e-06,1.0652e-05,8.7139e-06
P74,0.00,180.00,30.00,0.00,8.4758e-08,3.2603e-07,1.1792e-06,5.7287e-06,1.1225e-05,1.1213e-05,8.4960e-06,8.3366e-08,2.9252e-07,8.3185e-07,5.7847e-06,9.8771e-06,1.1144e-05,9.7582e-06
P74,60.00,180.00,60.00,0.00,6.1338e-08,2.5640e-07,9.3629e-07,5.2937e-06,1.0711e-05,1.0700e-05,7.3410e-06,6.0654e-08,2.2998e-07,6.4862e-07,5.3793e-06,9.4441e-06,1.0652e-05,8.7139e-06
P74,0.00,45.00,60.00,0.00,6.8370e-08,3.2603e-07,1.1792e-06,5.7285e-06,1.1225e-05,1.1213e-05,8.4960e-06,6.7747e-08,2.9252e-07,8.3185e-07,5.7845e-06,9.8771e-06,1.1144e-05,9.7582e-06
P74,60.00,180.00,0.00,0.00,8.9367e-08,2.5640e-07,9.3629e-07,5.2944e-06,1.0711e-05,1.0700e-05,7.3410e-06,8.7617e-08,2.2998e-07,6.4862e-07,5.3800e-06,9.4442e-06,1.0652e-05,8.7139e-06
P74,30.00,90.00,30.00,0.00,8.6822e-08,3.0964e-07,1.1277e-06,5.6454e-06,1.1129e-05,1.1117e-05,8.2568e-06,8.5321e-08,2.7760e-07,7.9156e-07,5.7072e-06,9.7962e-06,1.1052e-05,9.5498e-06
P74,0.00,0.00,0.00,0.00,8.8682e-08,3.2604e-07,1.1792e-06,5.7287e-06,1.1225e-05,1.1213e-05,8.4960e-06,8.7093e-08,2.9252e-07,8.3185e-07,5.7848e-06,9.8771e-06,1.1144e-05,9.7582e-06
P74,60.00,90.00,60.00,0.00,7.4537e-08,2.5640e-07,9.3629e-07,5.2942e-06,1.0711e-05,1.0700e-05,7.3410e-06,7.3461e-08,2.2998e-07,6.4862e-07,5.3797e-06,9.4442e-06,1.0652e-05,8.7139e-06
P74,60.00,0.00,30.00,0.00,1.0600e-07,2.5641e-07,9.3629e-07,5.2950e-06,1.0711e-05,1.0700e-05,7.3410e-06,1.0384e-07,2.2998e-07,6.4862e-07,5.3807e-06,9.4443e-06,1.0652e-05,8.7139e-06
P74,30.00,0.00,30.00,0.00,9.2780e-08,3.0964e-07,1.1277e-06,5.6456e-06,1.1129e-05,1.1117e-05,8.2568e-06,9.1096e-08,2.7760e-07,7.9156e-07,5.7075e-06,9.7962e-06,1.1052e-05,9.5498e-06
P74,0.00,135.00,0.00,0.00,8.8682e-08,3.2604e-07,1.1792e-06,5.7287e-06,1.1225e-05,1.1213e-05,8.4960e-06,8.7093e-08,2.9252e-07,8.3185e-07,5.7848e-06,9.8771e-06,1.1144e-05,9.7582e-06
P74,0.00,135.00,30.00,0.00,8.4758e-08,3.2603e-07,1.1792e-06,5.7287e-06,1.1225e-05,1.1213e-05,8.4960e-06,8.3366e-08,2.9252e-07,8.3185e-07,5.7847e-06,9.8771e-06,1.1144e-05,9.7582e-06
P74,0.00,0.00,60.00,0.00,6.8370e-08,3.2603e-07,1.1792e-06,5.7285e-06,1.1225e-05,1.1213e-05,8.4960e-06,6.7747e-08,2.9252e-07,8.3185e-07,5.7845e-06,9.8771e-06,1.1144e-05,9.7582e-06
P74,30.00,0.00,60.00,0.00,8.0952e-08,3.0964e-07,1.1277e-06,5.6455e-06,1.1129e-05,1.1117e-05,8.2568e-06,7.9915e-08,2.7760e-07,7.9156e-07,5.7074e-06,9.7962e-06,1.1052e-05,9.5498e-06
P74,30.00,135.00,0.00,0.00,9.0135e-08,3.0964e-07,1.1277e-06,5.6454e-06,1.1129e-05,1.1117e-05,8.2568e-06,8.8453e-08,2.7760e-07,7.9156e-07,5.7072e-06,9.7962e-06,1.1052e-05,9.5498e-06
P74,0.00,90.00,30.00,0.00,8.4758e-08,3.2603e-07,1.1792e-06,5.7287e-06,1.1225e-05,1.1213e-05,8.4960e-06,8.3366e-08,2.9252e-07,8.3185e-07,5.7847e-06,9.8771e-06,1.1144e-05,9.7582e-06
P74,60.00,90.00,0.00,0.00,8.9367e-08,2.5640e-07,9.3629e-07,5.2944e-06,1.0711e-05,1.0700e-05,7.3410e-06,8.7617e-08,2.2998e-07,6.4862e-07,5.3800e-06,9.4442e-06,1.0652e-05,8.7139e-06
P75,30.00,135.00,0.00,0.00,6.7520e-08,2.3261e-07,7.4264e-07,2.1221e-06,5.5580e-06,5.5472e-06,5.5781e-06,6.4218e-08,2.1308e-07,5.7019e-07,2.1039e-06,4.3705e-06,5.4505e-06,5.8424e-06
P75,0.00,180.00,60.00,0.00,4.0146e-08,2.4169e-07,7.5863e-07,2.1364e-06,5.5667e-06,5.5559e-06,5.6412e-06,3.8374e-08,2.2176e-07,5.8686e-07,2.1178e-06,4.3788e-06,5.4584e-06,5.8888e-06
P75,0.00,135.00,0.00,0.00,6.3422e-08,2.4172e-07,7.5878e-07,2.1367e-06,5.5667e-06,5.5559e-06,5.6412e-06,6.0313e-08,2.2177e-07,5.8692e-07,2.1181e-06,4.3788e-06,5.4584e-06,5.8889e-06
P75,30.00,0.00,0.00,0.00,6.7520e-08,2.3261e-07,7.4264e-07,2.1221e-06,5.5580e-06,5.5472e-06,5.5781e-06,6.4218e-08,2.1308e-07,5.7019e-07,2.1039e-06,4.3705e-06,5.4505e-06,5.8424e-06
P75,30.00,90.00,60.00,0.00,4.4862e-08,2.3259e-07,7.4251e-07,2.1219e-06,5.5580e-06,5.5472e-06,5.5781e-06,4.2865e-08,2.1307e-07,5.7014e-07,2.1037e-06,4.3704e-06,5.4505e-06,5.8424e-06
P75,30.00,45.00,30.00,0.00,6.8970e-08,2.3261e-07,7.4265e-07,2.1224e-06,5.5581e-06,5.5472e-06,5.5781e-06,6.5691e-08,2.1308e-07,5.7019e-07,2.1042e-06,4.3705e-06,5.4506e-06,5.8424e-06
P75,0.00,180.00,30.00,0.00,5.9029e-08,2.4171e-07,7.5873e-07,2.1366e-06,5.5667e-06,5.5559e-06,5.6412e-06,5.6180e-08,2.2177e-07,5.8690e-07,2.1180e-06,4.3788e-06,5.4584e-06,5.8888e-06
P75,0.00,135.00,30.00,0.00,5.9029e-08,2.4171e-07,7.5873e-07,2.1366e-06,5.5667e-06,5.5559e-06,5.6412e-06,5.6180e-08,2.2177e-07,5.8690e-07,2.1180e-06,4.3788e-06,5.4584e-06,5.8888e-06
P75,30.00,90.00,30.00,0.00,6.3881e-08,2.3261e-07,7.4262e-07,2.1221e-06,5.5580e-06,5.5472e-06,5.5781e-06,6.0815e-08,2.1308e-07,5.7018e-07,2.1039e-06,4.3705e-06,5.4506e-06,5.8424e-06
P75,60.00,90.00,30.00,0.00,7.4753e-08,2.0080e-07,6.7177e-07,2.0470e-06,5.5076e-06,5.4967e-06,5.3322e-06,7.1230e-08,1.8332e-07,5.0127e-07,2.0294e-06,4.3209e-06,5.4042e-06,5.6455e-06
P75,0.00,90.00,30.00,0.00,5.9029e-08,2.4171e-07,7.5873e-07,2.1366e-06,5.5667e-06,5.5559e-06,5.6412e-06,5.6180e-08,2.2177e-07,5.8690e-07,2.1180e-06,4.3788e-06,5.4584e-06,5.8888e-06
P75,60.00,45.00,60.00,0.00,9.4786e-08,2.0081e-07,6.7180e-07,2.0492e-06,5.5078e-06,5.4970e-06,5.3323e-06,9.0711e-08,1.8332e-07,5.0127e-07,2.0318e-06,4.3214e-06,5.4045e-06,5.6456e-06
P75,30.00,45.00,0.00,0.00,6.7520e-08,2.3261e-07,7.4264e-07,2.1221e-06,5.5580e-06,5.5472e-06,5.5781e-06,6.4218e-08,2.1308e-07,5.7019e-07,2.1039e-06,4.3705e-06,5.4505e-06,5.8424e-06
P75,60.00,0.00,60.00,0.00,1.2975e-07,2.0084e-07,6.7193e-07,2.0522e-06,5.5082e-06,5.4973e-06,5.3323e-06,1.2441e-07,1.8332e-07,5.0129e-07,2.0350e-06,4.3220e-06,5.4048e-06,5.6457e-06
P75,0.00,45.00,0.00,0.00,6.3422e-08,2.4172e-07,7.5878e-07,2.1367e-06,5.5667e-06,5.5559e-06,5.6412e-06,6.0313e-08,2.2177e-07,5.8692e-07,2.1181e-06,4.3788e-06,5.4584e-06,5.8889e-06
P75,0.00,0.00,30.00,0.00,5.9029e-08,2.4171e-07,7.5873e-07,2.1366e-06,5.5667e-06,5.5559e-06,5.6412e-06,5.6180e-08,2.2177e-07,5.8690e-07,2.1180e-06,4.3788e-06,5.4584e-06,5.8888e-06
P75,60.00,135.00,0.00,0.00,7.6229e-08,2.0080e-07,6.7179e-07,2.0470e-06,5.5076e-06,5.4967e-06,5.3322e-06,7.2597e-08,1.8332e-07,5.0127e-07,2.0294e-06,4.3210e-06,5.4042e-06,5.6455e-06
P75,0.00,0.00,0.00,0.00,6.3422e-08,2.4172e-07,7.5878e-07,2.1367e-06,5.5667e-06,5.5559e-06,5.6412e-06,6.0313e-08,2.2177e-07,5.8692e-07,2.1181e-06,4.3788e-06,5.4584e-06,5.8889e-06
P75,30.00,0.00,60.00,0.00,5.8987e-08,2.3260e-07,7.4257e-07,2.1227e-06,5.5581e-06,5.5473e-06,5.5781e-06,5.6428e-08,2.1307e-07,5.7016e-07,2.1046e-06,4.3706e-06,5.4506e-06,5.8424e-06
P75,30.00,180.00,60.00,0.00,3.7077e-08,2.3258e-07,7.4248e-07,2.1215e-06,5.5580e-06,5.5472e-06,5.5781e-06,3.5413e-08,2.1307e-07,5.7014e-07,2.1033e-06,4.3704e-06,5.4505e-06,5.8424e-06
P75,30.00,135.00,60.00,0.00,3.8969e-08,2.3258e-07,7.4249e-07,2.1216e-06,5.5580e-06,5.5472e-06,5.5781e-06,3.7222e-08,2.1307e-07,5.7014e-07,2.1033e-06,4.3704e-06,5.4505e-06,5.8424e-06
P75,60.00,90.00,0.00,0.00,7.6229e-08,2.0080e-07,6.7179e-07,2.0470e-06,5.5076e-06,5.4967e-06,5.3322e-06,7.2597e-08,1.8332e-07,5.0127e-07,2.0294e-06,4.3210e-06,5.4042e-06,5.6455e-06
P75,30.00,180.00,0.00,0.00,6.7520e-08,2.3261e-07,7.4264e-07,2.1221e-06,5.5580e-06,5.5472e-06,5.5781e-06,6.4218e-08,2.1308e-07,5.7019e-07,2.1039e-06,4.3705e-06,5.4505e-06,5.8424e-06
P75,60.00,180.00,0.00,0.00,7.6229e-08,2.0080e-07,6.7179e-07,2.0470e-06,5.5076e-06,5.4967e-06,5.3322e-06,7.2597e-08,1.8332e-07,5.0127e-07,2.0294e-06,4.3210e-06,5.4042e-06,5.6455e-06
P75,60.00,0.00,0.00,0.00,7.6229e-08,2.0080e-07,6.7179e-07,2.0470e-06,5.5076e-06,5.4967e-06,5.3322e-06,7.2597e-08,1.8332e-07,5.0127e-07,2.0294e-06,4.3210e-06,5.4042e-06,5.6455e-06
P75,0.00,90.00,0.00,0.00,6.3422e-08,2.4172e-07,7.5878e-07,2.1367e-06,5.5667e-06,5.5559e-06,5.6412e-06,6.0313e-08,2.2177e-07,5.8692e-07,2.1181e-06,4.3788e-06,5.4584e-06,5.8889e-06
P75,60.00,135.00,30.00,0.00,6.4574e-08,2.0079e-07,6.7173e-07,2.0465e-06,5.5075e-06,5.4967e-06,5.3322e-06,6.1484e-08,1.8332e-07,5.0126e-07,2.0288e-06,4.3208e-06,5.4042e-06,5.6455e-06
P75,0.00,180.00,0.00,0.00,6.3422e-08,2.4172e-07,7.5878e-07,2.1367e-06,5.5667e-06,5.5559e-06,5.6412e-06,6.0313e-08,2.2177e-07,5.8692e-07,2.1181e-06,4.3788e-06,5.4584e-06,5.8889e-06
P75,0.00,45.00,30.00,0.00,5.9029e-08,2.4171e-07,7.5873e-07,2.1366e-06,5.5667e-06,5.5559e-06,5.6412e-06,5.6180e-08,2.2177e-07,5.8690e-07,2.1180e-06,4.3788e-06,5.4584e-06,5.8888e-06
P75,30.00,45.00,60.00,0.00,5.3782e-08,2.3260e-07,7.4255e-07,2.1224e-06,5.5581e-06,5.5473e-06,5.5781e-06,5.1425e-08,2.1307e-07,5.7015e-07,2.1043e-06,4.3706e-06,5.4506e-06,5.8424e-06
P75,60.00,45.00,30.00,0.00,9.0161e-08,2.0081e-07,6.7184e-07,2.0480e-06,5.5077e-06,5.4968e-06,5.3323e-06,8.6015e-08,1.8332e-07,5.0128e-07,2.0304e-06,4.3211e-06,5.4043e-06,5.6455e-06
P75,60.00,135.00,60.00,0.00,4.4756e-08,2.0077e-07,6.7165e-07,2.0460e-06,5.5075e-06,5.4966e-06,5.3322e-06,4.2716e-08,1.8331e-07,5.0124e-07,2.0283e-06,4.3208e-06,5.4041e-06,5.6454e-06
P75,0.00,0.00,60.00,0.00,4.0146e-08,2.4169e-07,7.5863e-07,2.1364e-06,5.5667e-06,5.5559e-06,5.6412e-06,3.8374e-08,2.2176e-07,5.8686e-07,2.1178e-06,4.3788e-06,5.4584e-06,5.8888e-06
P75,0.00,135.00,60.00,0.00,4.0146e-08,2.4169e-07,7.5863e-07,2.1364e-06,5.5667e-06,5.5559e-06,5.6412e-06,3.8374e-08,2.2176e-07,5.8686e-07,2.1178e-06,4.3788e-06,5.4584e-06,5.8888e-06
P75,30.00,135.00,30.00,0.00,5.9647e-08,2.3260e-07,7.4259e-07,2.1219e-06,5.5580e-06,5.5472e-06,5.5781e-06,5.6760e-08,2.1308e-07,5.7018e-07,2.1037e-06,4.3704e-06,5.4505e-06,5.8424e-06
P75,60.00,180.00,60.00,0.00,4.0888e-08,2.0076e-07,6.7164e-07,2.0457e-06,5.5074e-06,5.4966e-06,5.3322e-06,3.9021e-08,1.8331e-07,5.0123e-07,2.0279e-06,4.3207e-06,5.4041e-06,5.6454e-06
P75,30.00,90.00,0.00,0.00,6.7520e-08,2.3261e-07,7.4264e-07,2.1221e-06,5.5580e-06,5.5472e-06,5.5781e-06,6.4218e-08,2.1308e-07,5.7019e-07,2.1039e-06,4.3705e-06,5.4505e-06,5.8424e-06
P75,60.00,180.00,30.00,0.00,6.1305e-08,2.0078e-07,6.7172e-07,2.0463e-06,5.5075e-06,5.4967e-06,5.3322e-06,5.8359e-08,1.8332e-07,5.0126e-07,2.0287e-06,4.3208e-06,5.4042e-06,5.6454e-06
P75,0.00,90.00,60.00,0.00,4.0146e-08,2.4169e-07,7.5863e-07,2.1364e-06,5.5667e-06,5.5559e-06,5.6412e-06,3.8374e-08,2.2176e-07,5.8686e-07,2.1178e-06,4.3788e-06,5.4584e-06,5.8888e-06
P75,30.00,180.00,30.00,0.00,5.8098e-08,2.3260e-07,7.4258e-07,2.1217e-06,5.5580e-06,5.5472e-06,5.5781e-06,5.5277e-08,2.1307e-07,5.7017e-07,2.1035e-06,4.3704e-06,5.4505e-06,5.8424e-06
P75,30.00,0.00,30.00,0.00,7.1429e-08,2.3262e-07,7.4267e-07,2.1226e-06,5.5581e-06,5.5473e-06,5.5781e-06,6.8050e-08,2.1308e-07,5.7020e-07,2.1044e-06,4.3706e-06,5.4506e-06,5.8424e-06
P75,60.00,0.00,30.00,0.00,9.9152e-08,2.0082e-07,6.7188e-07,2.0485e-06,5.5077e-06,5.4969e-06,5.3323e-06,9.4655e-08,1.8332e-07,5.0129e-07,2.0310e-06,4.3212e-06,5.4044e-06,5.6456e-06
P75,60.00,90.00,60.00,0.00,5.9460e-08,2.0078e-07,6.7169e-07,2.0468e-06,5.5076e-06,5.4967e-06,5.3322e-06,5.6783e-08,1.8332e-07,5.0124e-07,2.0292e-06,4.3209e-06,5.4042e-06,5.6455e-06
P75,60.00,45.00,0.00,0.00,7.6229e-08,2.0080e-07,6.7179e-07,2.0470e-06,5.5076e-06,5.4967e-06,5.3322e-06,7.2597e-08,1.8332e-07,5.0127e-07,2.0294e-06,4.3210e-06,5.4042e-06,5.6455e-06
P75,0.00,45.00,60.00,0.00,4.0146e-08,2.4169e-07,7.5863e-07,2.1364e-06,5.5667e-06,5.5559e-06,5.6412e-06,3.8374e-08,2.2176e-07,5.8686e-07,2.1178e-06,4.3788e-06,5.4584e-06,5.8888e-06
P76,30.00,90.00,30.00,0.00,6.6022e-08,2.5171e-07,8.2613e-07,3.1670e-06,7.4972e-06,7.4848e-06,6.4304e-06,6.3447e-08,2.2957e-07,6.0706e-07,3.1784e-06,6.1368e-06,7.3866e-06,7.1271e-06
P76,60.00,135.00,0.00,0.00,7.6005e-08,2.1912e-07,7.1886e-07,3.0168e-06,7.3883e-06,7.3760e-06,5.8967e-06,7.3026e-08,1.9993e-07,5.2671e-07,3.0386e-06,6.0458e-06,7.2882e-06,6.6874e-06
P76,0.00,180.00,0.00,0.00,6.6130e-08,2.6129e-07,8.5471e-07,3.1972e-06,7.5173e-06,7.5048e-06,6.5646e-06,6.3477e-08,2.3839e-07,6.2928e-07,3.2057e-06,6.1527e-06,7.4045e-06,7.2302e-06
P76,60.00,45.00,30.00,0.00,8.8513e-08,2.1913e-07,7.1886e-07,3.0176e-06,7.3884e-06,7.3761e-06,5.8967e-06,8.5144e-08,1.9993e-07,5.2671e-07,3.0395e-06,6.0459e-06,7.2883e-06,6.6874e-06
P76,0.00,45.00,0.00,0.00,6.6130e-08,2.6129e-07,8.5471e-07,3.1972e-06,7.5173e-06,7.5048e-06,6.5646e-06,6.3477e-08,2.3839e-07,6.2928e-07,3.2057e-06,6.1527e-06,7.4045e-06,7.2302e-06
P76,0.00,45.00,60.00,0.00,4.3459e-08,2.6128e-07,8.5470e-07,3.1968e-06,7.5172e-06,7.5048e-06,6.5646e-06,4.2055e-08,2.3839e-07,6.2928e-07,3.2054e-06,6.1526e-06,7.4045e-06,7.2301e-06
P76,0.00,0.00,0.00,0.00,6.6130e-08,2.6129e-07,8.5471e-07,3.1972e-06,7.5173e-06,7.5048e-06,6.5646e-06,6.3477e-08,2.3839e-07,6.2928e-07,3.2057e-06,6.1527e-06,7.4045e-06,7.2302e-06
P76,60.00,180.00,60.00,0.00,4.2909e-08,2.1911e-07,7.1885e-07,3.0156e-06,7.3882e-06,7.3759e-06,5.8966e-06,4.1458e-08,1.9993e-07,5.2671e-07,3.0373e-06,6.0455e-06,7.2881e-06,6.6874e-06
P76,0.00,180.00,60.00,0.00,4.3459e-08,2.6128e-07,8.5470e-07,3.1968e-06,7.5172e-06,7.5048e-06,6.5646e-06,4.2055e-08,2.3839e-07,6.2928e-07,3.2054e-06,6.1526e-06,7.4045e-06,7.2301e-06
P76,30.00,135.00,30.00,0.00,6.2077e-08,2.5170e-07,8.2613e-07,3.1668e-06,7.4972e-06,7.4848e-06,6.4304e-06,5.9655e-08,2.2957e-07,6.0706e-07,3.1782e-06,6.1367e-06,7.3866e-06,7.1271e-06
P76,60.00,180.00,30.00,0.00,6.2176e-08,2.1912e-07,7.1885e-07,3.0162e-06,7.3882e-06,7.3759e-06,5.8967e-06,5.9778e-08,1.9993e-07,5.2671e-07,3.0380e-06,6.0456e-06,7.2882e-06,6.6874e-06
P76,30.00,45.00,60.00,0.00,5.5689e-08,2.5170e-07,8.2612e-07,3.1672e-06,7.4972e-06,7.4848e-06,6.4304e-06,5.3817e-08,2.2957e-07,6.0706e-07,3.1787e-06,6.1368e-06,7.3867e-06,7.1271e-06
P76,30.00,0.00,0.00,0.00,6.9634e-08,2.5171e-07,8.2613e-07,3.1670e-06,7.4972e-06,7.4848e-06,6.4304e-06,6.6831e-08,2.2957e-07,6.0706e-07,3.1784e-06,6.1368e-06,7.3866e-06,7.1271e-06
P76,0.00,0.00,60.00,0.00,4.3459e-08,2.6128e-07,8.5470e-07,3.1968e-06,7.5172e-06,7.5048e-06,6.5646e-06,4.2055e-08,2.3839e-07,6.2928e-07,3.2054e-06,6.1526e-06,7.4045e-06,7.2301e-06
P76,30.00,135.00,60.00,0.00,4.2158e-08,2.5170e-07,8.2612e-07,3.1665e-06,7.4972e-06,7.4847e-06,6.4304e-06,4.0779e-08,2.2957e-07,6.0706e-07,3.1779e-06,6.1367e-06,7.3866e-06,7.1270e-06
P76,0.00,45.00,30.00,0.00,6.1808e-08,2.6129e-07,8.5471e-07,3.1971e-06,7.5172e-06,7.5048e-06,6.5646e-06,5.9404e-08,2.3839e-07,6.2928e-07,3.2056e-06,6.1527e-06,7.4045e-06,7.2302e-06
P76,0.00,180.00,30.00,0.00,6.1808e-08,2.6129e-07,8.5471e-07,3.1971e-06,7.5172e-06,7.5048e-06,6.5646e-06,5.9404e-08,2.3839e-07,6.2928e-07,3.2056e-06,6.1527e-06,7.4045e-06,7.2302e-06
P76,60.00,180.00,0.00,0.00,7.6005e-08,2.1912e-07,7.1886e-07,3.0168e-06,7.3883e-06,7.3760e-06,5.8967e-06,7.3026e-08,1.9993e-07,5.2671e-07,3.0386e-06,6.0458e-06,7.2882e-06,6.6874e-06
P76,60.00,45.00,60.00,0.00,9.1356e-08,2.1913e-07,7.1885e-07,3.0186e-06,7.3885e-06,7.3762e-06,5.8967e-06,8.8186e-08,1.9993e-07,5.2671e-07,3.0406e-06,6.0461e-06,7.2884e-06,6.6875e-06
P76,0.00,90.00,0.00,0.00,6.6130e-08,2.6129e-07,8.5471e-07,3.1972e-06,7.5173e-06,7.5048e-06,6.5646e-06,6.3477e-08,2.3839e-07,6.2928e-07,3.2057e-06,6.1527e-06,7.4045e-06,7.2302e-06
P76,60.00,135.00,60.00,0.00,4.6379e-08,2.1911e-07,7.1885e-07,3.0159e-06,7.3882e-06,7.3759e-06,5.8966e-06,4.4793e-08,1.9993e-07,5.2671e-07,3.0377e-06,6.0456e-06,7.2881e-06,6.6874e-06
P76,30.00,0.00,30.00,0.00,7.3053e-08,2.5171e-07,8.2613e-07,3.1674e-06,7.4972e-06,7.4848e-06,6.4304e-06,7.0214e-08,2.2957e-07,6.0706e-07,3.1788e-06,6.1369e-06,7.3867e-06,7.1271e-06
P76,30.00,0.00,60.00,0.00,6.0448e-08,2.5170e-07,8.2613e-07,3.1675e-06,7.4973e-06,7.4848e-06,6.4304e-06,5.8413e-08,2.2957e-07,6.0706e-07,3.1790e-06,6.1369e-06,7.3867e-06,7.1271e-06
P76,30.00,90.00,60.00,0.00,4.7539e-08,2.5170e-07,8.2612e-07,3.1668e-06,7.4972e-06,7.4848e-06,6.4304e-06,4.5957e-08,2.2957e-07,6.0706e-07,3.1782e-06,6.1368e-06,7.3866e-06,7.1271e-06
P76,30.00,180.00,60.00,0.00,4.0430e-08,2.5170e-07,8.2612e-07,3.1664e-06,7.4972e-06,7.4847e-06,6.4304e-06,3.9118e-08,2.2957e-07,6.0706e-07,3.1778e-06,6.1367e-06,7.3866e-06,7.1270e-06
P76,0.00,135.00,0.00,0.00,6.6130e-08,2.6129e-07,8.5471e-07,3.1972e-06,7.5173e-06,7.5048e-06,6.5646e-06,6.3477e-08,2.3839e-07,6.2928e-07,3.2057e-06,6.1527e-06,7.4045e-06,7.2302e-06
P76,60.00,0.00,30.00,0.00,9.6726e-08,2.1913e-07,7.1886e-07,3.0181e-06,7.3884e-06,7.3761e-06,5.8967e-06,9.3076e-08,1.9993e-07,5.2671e-07,3.0400e-06,6.0460e-06,7.2884e-06,6.6875e-06
P76,60.00,90.00,30.00,0.00,7.4445e-08,2.1912e-07,7.1886e-07,3.0168e-06,7.3883e-06,7.3760e-06,5.8967e-06,7.1579e-08,1.9993e-07,5.2671e-07,3.0386e-06,6.0457e-06,7.2882e-06,6.6874e-06
P76,0.00,135.00,30.00,0.00,6.1808e-08,2.6129e-07,8.5471e-07,3.1971e-06,7.5172e-06,7.5048e-06,6.5646e-06,5.9404e-08,2.3839e-07,6.2928e-07,3.2056e-06,6.1527e-06,7.4045e-06,7.2302e-06
P76,60.00,0.00,0.00,0.00,7.6005e-08,2.1912e-07,7.1886e-07,3.0168e-06,7.3883e-06,7.3760e-06,5.8967e-06,7.3026e-08,1.9993e-07,5.2671e-07,3.0386e-06,6.0458e-06,7.2882e-06,6.6874e-06
P76,30.00,45.00,0.00,0.00,6.9634e-08,2.5171e-07,8.2613e-07,3.1670e-06,7.4972e-06,7.4848e-06,6.4304e-06,6.6831e-08,2.2957e-07,6.0706e-07,3.1784e-06,6.1368e-06,7.3866e-06,7.1271e-06
P76,60.00,0.00,60.00,0.00,1.2287e-07,2.1914e-07,7.1886e-07,3.0211e-06,7.3887e-06,7.3764e-06,5.8967e-06,1.1873e-07,1.9993e-07,5.2671e-07,3.0434e-06,6.0467e-06,7.2887e-06,6.6876e-06
P76,30.00,180.00,0.00,0.00,6.9634e-08,2.5171e-07,8.2613e-07,3.1670e-06,7.4972e-06,7.4848e-06,6.4304e-06,6.6831e-08,2.2957e-07,6.0706e-07,3.1784e-06,6.1368e-06,7.3866e-06,7.1271e-06
P76,0.00,135.00,60.00,0.00,4.3459e-08,2.6128e-07,8.5470e-07,3.1968e-06,7.5172e-06,7.5048e-06,6.5646e-06,4.2055e-08,2.3839e-07,6.2928e-07,3.2054e-06,6.1526e-06,7.4045e-06,7.2301e-06
P76,0.00,90.00,30.00,0.00,6.1808e-08,2.6129e-07,8.5471e-07,3.1971e-06,7.5172e-06,7.5048e-06,6.5646e-06,5.9404e-08,2.3839e-07,6.2928e-07,3.2056e-06,6.1527e-06,7.4045e-06,7.2302e-06
P76,30.00,45.00,30.00,0.00,7.0762e-08,2.5171e-07,8.2613e-07,3.1673e-06,7.4972e-06,7.4848e-06,6.4304e-06,6.8007e-08,2.2957e-07,6.0706e-07,3.1787e-06,6.1368e-06,7.3867e-06,7.1271e-06
P76,60.00,45.00,0.00,0.00,7.6005e-08,2.1912e-07,7.1886e-07,3.0168e-06,7.3883e-06,7.3760e-06,5.8967e-06,7.3026e-08,1.9993e-07,5.2671e-07,3.0386e-06,6.0458e-06,7.2882e-06,6.6874e-06
P76,60.00,90.00,60.00,0.00,5.9580e-08,2.1912e-07,7.1885e-07,3.0166e-06,7.3883e-06,7.3760e-06,5.8967e-06,5.7495e-08,1.9993e-07,5.2671e-07,3.0384e-06,6.0457e-06,7.2882e-06,6.6874e-06
P76,0.00,90.00,60.00,0.00,4.3459e-08,2.6128e-07,8.5470e-07,3.1968e-06,7.5172e-06,7.5048e-06,6.5646e-06,4.2055e-08,2.3839e-07,6.2928e-07,3.2054e-06,6.1526e-06,7.4045e-06,7.2301e-06
P76,60.00,135.00,30.00,0.00,6.5157e-08,2.1912e-07,7.1885e-07,3.0163e-06,7.3882e-06,7.3759e-06,5.8967e-06,6.2643e-08,1.9993e-07,5.2671e-07,3.0381e-06,6.0457e-06,7.2882e-06,6.6874e-06
P76,30.00,90.00,0.00,0.00,6.9634e-08,2.5171e-07,8.2613e-07,3.1670e-06,7.4972e-06,7.4848e-06,6.4304e-06,6.6831e-08,2.2957e-07,6.0706e-07,3.1784e-06,6.1368e-06,7.3866e-06,7.1271e-06
P76,30.00,135.00,0.00,0.00,6.9634e-08,2.5171e-07,8.2613e-07,3.1670e-06,7.4972e-06,7.4848e-06,6.4304e-06,6.6831e-08,2.2957e-07,6.0706e-07,3.1784e-06,6.1368e-06,7.3866e-06,7.1271e-06
P76,30.00,180.00,30.00,0.00,6.0635e-08,2.5170e-07,8.2613e-07,3.1667e-06,7.4972e-06,7.4848e-06,6.4304e-06,5.8268e-08,2.2957e-07,6.0706e-07,3.1780e-06,6.1367e-06,7.3866e-06,7.1271e-06
P76,60.00,90.00,0.00,0.00,7.6005e-08,2.1912e-07,7.1886e-07,3.0168e-06,7.3883e-06,7.3760e-06,5.8967e-06,7.3026e-08,1.9993e-07,5.2671e-07,3.0386e-06,6.0458e-06,7.2882e-06,6.6874e-06
P76,0.00,0.00,30.00,0.00,6.1808e-08,2.6129e-07,8.5471e-07,3.1971e-06,7.5172e-06,7.5048e-06,6.5646e-06,5.9404e-08,2.3839e-07,6.2928e-07,3.2056e-06,6.1527e-06,7.4045e-06,7.2302e-06
P77,0.00,135.00,0.00,0.00,6.6885e-08,3.2170e-07,9.7250e-07,2.8435e-06,6.8413e-06,6.8296e-06,6.0637e-06,6.3860e-08,2.9622e-07,7.5770e-07,2.8474e-06,5.5585e-06,6.7294e-06,6.6904e-06
P77,0.00,45.00,30.00,0.00,6.2522e-08,3.2169e-07,9.7248e-07,2.8434e-06,6.8413e-06,6.8296e-06,6.0637e-06,5.9753e-08,2.9622e-07,7.5769e-07,2.8473e-06,5.5585e-06,6.7294e-06,6.6904e-06
P77,0.00,135.00,30.00,0.00,6.2522e-08,3.2169e-07,9.7248e-07,2.8434e-06,6.8413e-06,6.8296e-06,6.0637e-06,5.9753e-08,2.9622e-07,7.5769e-07,2.8473e-06,5.5585e-06,6.7294e-06,6.6904e-06
P77,60.00,135.00,60.00,0.00,4.7770e-08,2.5623e-07,8.5385e-07,2.6340e-06,6.6636e-06,6.6519e-06,5.3681e-06,4.5775e-08,2.3333e-07,6.5052e-07,2.6512e-06,5.3791e-06,6.5581e-06,6.1512e-06
P77,60.00,0.00,30.00,0.00,1.0149e-07,2.5627e-07,8.5397e-07,2.6365e-06,6.6639e-06,6.6522e-06,5.3682e-06,9.7088e-08,2.3333e-07,6.5054e-07,2.6538e-06,5.3795e-06,6.5584e-06,6.1514e-06
P77,30.00,0.00,0.00,0.00,7.0785e-08,3.0822e-07,9.4904e-07,2.8047e-06,6.8069e-06,6.7953e-06,5.9280e-06,6.7567e-08,2.8323e-07,7.3643e-07,2.8113e-06,5.5238e-06,6.6961e-06,6.5873e-06
P77,30.00,90.00,60.00,0.00,4.8289e-08,3.0821e-07,9.4897e-07,2.8045e-06,6.8069e-06,6.7952e-06,5.9280e-06,4.6352e-08,2.8323e-07,7.3640e-07,2.8110e-06,5.5238e-06,6.6961e-06,6.5873e-06
P77,0.00,0.00,30.00,0.00,6.2522e-08,3.2169e-07,9.7248e-07,2.8434e-06,6.8413e-06,6.8296e-06,6.0637e-06,5.9753e-08,2.9622e-07,7.5769e-07,2.8473e-06,5.5585e-06,6.7294e-06,6.6904e-06
P77,30.00,180.00,60.00,0.00,4.0606e-08,3.0820e-07,9.4895e-07,2.8041e-06,6.8069e-06,6.7952e-06,5.9279e-06,3.8997e-08,2.8323e-07,7.3640e-07,2.8106e-06,5.5237e-06,6.6960e-06,6.5873e-06
P77,30.00,90.00,0.00,0.00,7.0785e-08,3.0822e-07,9.4904e-07,2.8047e-06,6.8069e-06,6.7953e-06,5.9280e-06,6.7567e-08,2.8323e-07,7.3643e-07,2.8113e-06,5.5238e-06,6.6961e-06,6.5873e-06
P77,30.00,135.00,30.00,0.00,6.2983e-08,3.0822e-07,9.4901e-07,2.8045e-06,6.8069e-06,6.7952e-06,5.9280e-06,6.0174e-08,2.8323e-07,7.3642e-07,2.8110e-06,5.5238e-06,6.6961e-06,6.5873e-06
P77,60.00,0.00,0.00,0.00,7.8860e-08,2.5625e-07,8.5392e-07,2.6350e-06,6.6637e-06,6.6520e-06,5.3682e-06,7.5308e-08,2.3333e-07,6.5053e-07,2.6522e-06,5.3792e-06,6.5582e-06,6.1513e-06
P77,0.00,90.00,60.00,0.00,4.3771e-08,3.2168e-07,9.7242e-07,2.8432e-06,6.8413e-06,6.8296e-06,6.0637e-06,4.2059e-08,2.9622e-07,7.5766e-07,2.8471e-06,5.5585e-06,6.7294e-06,6.6904e-06
P77,30.00,0.00,60.00,0.00,6.2236e-08,3.0822e-07,9.4900e-07,2.8053e-06,6.8070e-06,6.7953e-06,5.9280e-06,5.9746e-08,2.8323e-07,7.3641e-07,2.8120e-06,5.5239e-06,6.6962e-06,6.5874e-06
P77,0.00,45.00,0.00,0.00,6.6885e-08,3.2170e-07,9.7250e-07,2.8435e-06,6.8413e-06,6.8296e-06,6.0637e-06,6.3860e-08,2.9622e-07,7.5770e-07,2.8474e-06,5.5585e-06,6.7294e-06,6.6904e-06
P77,0.00,135.00,60.00,0.00,4.3771e-08,3.2168e-07,9.7242e-07,2.8432e-06,6.8413e-06,6.8296e-06,6.0637e-06,4.2059e-08,2.9622e-07,7.5766e-07,2.8471e-06,5.5585e-06,6.7294e-06,6.6904e-06
P77,0.00,180.00,0.00,0.00,6.6885e-08,3.2170e-07,9.7250e-07,2.8435e-06,6.8413e-06,6.8296e-06,6.0637e-06,6.3860e-08,2.9622e-07,7.5770e-07,2.8474e-06,5.5585e-06,6.7294e-06,6.6904e-06
P77,30.00,180.00,30.00,0.00,6.1450e-08,3.0822e-07,9.4900e-07,2.8043e-06,6.8069e-06,6.7952e-06,5.9280e-06,5.8706e-08,2.8323e-07,7.3641e-07,2.8109e-06,5.5237e-06,6.6961e-06,6.5873e-06
P77,60.00,45.00,30.00,0.00,9.2617e-08,2.5626e-07,8.5395e-07,2.6360e-06,6.6638e-06,6.6521e-06,5.3682e-06,8.8555e-08,2.3333e-07,6.5054e-07,2.6533e-06,5.3794e-06,6.5583e-06,6.1513e-06
P77,30.00,45.00,0.00,0.00,7.0785e-08,3.0822e-07,9.4904e-07,2.8047e-06,6.8069e-06,6.7953e-06,5.9280e-06,6.7567e-08,2.8323e-07,7.3643e-07,2.8113e-06,5.5238e-06,6.6961e-06,6.5873e-06
P77,30.00,180.00,0.00,0.00,7.0785e-08,3.0822e-07,9.4904e-07,2.8047e-06,6.8069e-06,6.7953e-06,5.9280e-06,6.7567e-08,2.8323e-07,7.3643e-07,2.8113e-06,5.5238e-06,6.6961e-06,6.5873e-06
P77,30.00,135.00,0.00,0.00,7.0785e-08,3.0822e-07,9.4904e-07,2.8047e-06,6.8069e-06,6.7953e-06,5.9280e-06,6.7567e-08,2.8323e-07,7.3643e-07,2.8113e-06,5.5238e-06,6.6961e-06,6.5873e-06
P77,60.00,90.00,30.00,0.00,7.7408e-08,2.5625e-07,8.5391e-07,2.6350e-06,6.6637e-06,6.6520e-06,5.3682e-06,7.3960e-08,2.3333e-07,6.5053e-07,2.6522e-06,5.3792e-06,6.5582e-06,6.1513e-06
P77,0.00,0.00,60.00,0.00,4.3771e-08,3.2168e-07,9.7242e-07,2.8432e-06,6.8413e-06,6.8296e-06,6.0637e-06,4.2059e-08,2.9622e-07,7.5766e-07,2.8471e-06,5.5585e-06,6.7294e-06,6.6904e-06
P77,0.00,0.00,0.00,0.00,6.6885e-08,3.2170e-07,9.7250e-07,2.8435e-06,6.8413e-06,6.8296e-06,6.0637e-06,6.3860e-08,2.9622e-07,7.5770e-07,2.8474e-06,5.5585e-06,6.7294e-06,6.6904e-06
P77,60.00,90.00,0.00,0.00,7.8860e-08,2.5625e-07,8.5392e-07,2.6350e-06,6.6637e-06,6.6520e-06,5.3682e-06,7.5308e-08,2.3333e-07,6.5053e-07,2.6522e-06,5.3792e-06,6.5582e-06,6.1513e-06
P77,60.00,180.00,0.00,0.00,7.8860e-08,2.5625e-07,8.5392e-07,2.6350e-06,6.6637e-06,6.6520e-06,5.3682e-06,7.5308e-08,2.3333e-07,6.5053e-07,2.6522e-06,5.3792e-06,6.5582e-06,6.1513e-06
P77,60.00,180.00,30.00,0.00,6.4141e-08,2.5624e-07,8.5389e-07,2.6343e-06,6.6636e-06,6.6519e-06,5.3682e-06,6.1261e-08,2.3333e-07,6.5053e-07,2.6515e-06,5.3791e-06,6.5582e-06,6.1513e-06
P77,60.00,135.00,0.00,0.00,7.8860e-08,2.5625e-07,8.5392e-07,2.6350e-06,6.6637e-06,6.6520e-06,5.3682e-06,7.5308e-08,2.3333e-07,6.5053e-07,2.6522e-06,5.3792e-06,6.5582e-06,6.1513e-06
P77,30.00,45.00,30.00,0.00,7.2206e-08,3.0823e-07,9.4905e-07,2.8050e-06,6.8070e-06,6.7953e-06,5.9280e-06,6.9010e-08,2.8323e-07,7.3642e-07,2.8116e-06,5.5239e-06,6.6961e-06,6.5874e-06
P77,30.00,0.00,30.00,0.00,7.4638e-08,3.0823e-07,9.4906e-07,2.8051e-06,6.8070e-06,6.7953e-06,5.9280e-06,7.1344e-08,2.8323e-07,7.3643e-07,2.8117e-06,5.5239e-06,6.6961e-06,6.5874e-06
P77,0.00,90.00,30.00,0.00,6.2522e-08,3.2169e-07,9.7248e-07,2.8434e-06,6.8413e-06,6.8296e-06,6.0637e-06,5.9753e-08,2.9622e-07,7.5769e-07,2.8473e-06,5.5585e-06,6.7294e-06,6.6904e-06
P77,60.00,0.00,60.00,0.00,1.3173e-07,2.5629e-07,8.5399e-07,2.6403e-06,6.6643e-06,6.6526e-06,5.3682e-06,1.2648e-07,2.3333e-07,6.5054e-07,2.6579e-06,5.3803e-06,6.5588e-06,6.1515e-06
P77,0.00,180.00,30.00,0.00,6.2522e-08,3.2169e-07,9.7248e-07,2.8434e-06,6.8413e-06,6.8296e-06,6.0637e-06,5.9753e-08,2.9622e-07,7.5769e-07,2.8473e-06,5.5585e-06,6.7294e-06,6.6904e-06
P77,60.00,45.00,60.00,0.00,9.7165e-08,2.5627e-07,8.5392e-07,2.6372e-06,6.6639e-06,6.6522e-06,5.3682e-06,9.3162e-08,2.3333e-07,6.5053e-07,2.6547e-06,5.3797e-06,6.5585e-06,6.1514e-06
P77,0.00,45.00,60.00,0.00,4.3771e-08,3.2168e-07,9.7242e-07,2.8432e-06,6.8413e-06,6.8296e-06,6.0637e-06,4.2059e-08,2.9622e-07,7.5766e-07,2.8471e-06,5.5585e-06,6.7294e-06,6.6904e-06
P77,60.00,90.00,60.00,0.00,6.2274e-08,2.5624e-07,8.5387e-07,2.6348e-06,6.6637e-06,6.6520e-06,5.3682e-06,5.9652e-08,2.3333e-07,6.5052e-07,2.6521e-06,5.3792e-06,6.5582e-06,6.1513e-06
P77,60.00,180.00,60.00,0.00,4.3956e-08,2.5623e-07,8.5384e-07,2.6336e-06,6.6636e-06,6.6519e-06,5.3681e-06,4.2131e-08,2.3333e-07,6.5051e-07,2.6508e-06,5.3790e-06,6.5581e-06,6.1512e-06
P77,0.00,180.00,60.00,0.00,4.3771e-08,3.2168e-07,9.7242e-07,2.8432e-06,6.8413e-06,6.8296e-06,6.0637e-06,4.2059e-08,2.9622e-07,7.5766e-07,2.8471e-06,5.5585e-06,6.7294e-06,6.6904e-06
P77,30.00,90.00,30.00,0.00,6.7172e-08,3.0822e-07,9.4903e-07,2.8047e-06,6.8069e-06,6.7953e-06,5.9280e-06,6.4185e-08,2.8323e-07,7.3642e-07,2.8113e-06,5.5238e-06,6.6961e-06,6.5873e-06
P77,60.00,135.00,30.00,0.00,6.7366e-08,2.5625e-07,8.5390e-07,2.6345e-06,6.6637e-06,6.6520e-06,5.3682e-06,6.4344e-08,2.3333e-07,6.5053e-07,2.6516e-06,5.3791e-06,6.5582e-06,6.1513e-06
P77,30.00,45.00,60.00,0.00,5.7095e-08,3.0821e-07,9.4899e-07,2.8050e-06,6.8070e-06,6.7953e-06,5.9280e-06,5.4805e-08,2.8323e-07,7.3641e-07,2.8116e-06,5.5239e-06,6.6961e-06,6.5874e-06
P77,30.00,135.00,60.00,0.00,4.2473e-08,3.0820e-07,9.4895e-07,2.8042e-06,6.8069e-06,6.7952e-06,5.9279e-06,4.0783e-08,2.8323e-07,7.3640e-07,2.8107e-06,5.5237e-06,6.6960e-06,6.5873e-06
P77,60.00,45.00,0.00,0.00,7.8860e-08,2.5625e-07,8.5392e-07,2.6350e-06,6.6637e-06,6.6520e-06,5.3682e-06,7.5308e-08,2.3333e-07,6.5053e-07,2.6522e-06,5.3792e-06,6.5582e-06,6.1513e-06
P77,0.00,90.00,0.00,0.00,6.6885e-08,3.2170e-07,9.7250e-07,2.8435e-06,6.8413e-06,6.8296e-06,6.0637e-06,6.3860e-08,2.9622e-07,7.5770e-07,2.8474e-06,5.5585e-06,6.7294e-06,6.6904e-06
P78,60.00,135.00,0.00,0.00,7.5460e-08,1.8023e-07,6.7150e-07,2.6031e-06,6.6815e-06,6.6695e-06,5.1924e-06,7.2250e-08,1.6179e-07,4.8204e-07,2.6272e-06,5.3605e-06,6.5737e-06,6.0899e-06
P78,30.00,135.00,30.00,0.00,6.0370e-08,2.1884e-07,7.7636e-07,2.7074e-06,6.7235e-06,6.7114e-06,5.7889e-06,5.7776e-08,1.9773e-07,5.6599e-07,2.7180e-06,5.3950e-06,6.6083e-06,6.5111e-06
P78,60.00,135.00,30.00,0.00,6.4311e-08,1.8022e-07,6.7150e-07,2.6026e-06,6.6815e-06,6.6694e-06,5.1924e-06,6.1593e-08,1.6179e-07,4.8204e-07,2.6267e-06,5.3604e-06,6.5737e-06,6.0899e-06
P78,0.00,90.00,60.00,0.00,4.1326e-08,2.2958e-07,8.0283e-07,2.7252e-06,6.7265e-06,6.7144e-06,5.9264e-06,3.9786e-08,2.0782e-07,5.8831e-07,2.7326e-06,5.3963e-06,6.6098e-06,6.6022e-06
P78,0.00,180.00,30.00,0.00,5.9910e-08,2.2959e-07,8.0284e-07,2.7255e-06,6.7265e-06,6.7144e-06,5.9265e-06,5.7339e-08,2.0782e-07,5.8831e-07,2.7328e-06,5.3963e-06,6.6098e-06,6.6022e-06
P78,60.00,90.00,30.00,0.00,7.3909e-08,1.8023e-07,6.7150e-07,2.6031e-06,6.6815e-06,6.6695e-06,5.1924e-06,7.0813e-08,1.6179e-07,4.8204e-07,2.6272e-06,5.3605e-06,6.5737e-06,6.0899e-06
P78,30.00,0.00,60.00,0.00,5.9026e-08,2.1884e-07,7.7635e-07,2.7081e-06,6.7236e-06,6.7115e-06,5.7889e-06,5.6805e-08,1.9773e-07,5.6599e-07,2.7189e-06,5.3951e-06,6.6084e-06,6.5111e-06
P78,0.00,180.00,0.00,0.00,6.4271e-08,2.2959e-07,8.0285e-07,2.7256e-06,6.7265e-06,6.7144e-06,5.9265e-06,6.1446e-08,2.0782e-07,5.8831e-07,2.7329e-06,5.3963e-06,6.6098e-06,6.6022e-06
P78,30.00,135.00,0.00,0.00,6.8051e-08,2.1884e-07,7.7636e-07,2.7076e-06,6.7235e-06,6.7114e-06,5.7889e-06,6.5063e-08,1.9773e-07,5.6599e-07,2.7182e-06,5.3950e-06,6.6083e-06,6.5111e-06
P78,30.00,180.00,0.00,0.00,6.8051e-08,2.1884e-07,7.7636e-07,2.7076e-06,6.7235e-06,6.7114e-06,5.7889e-06,6.5063e-08,1.9773e-07,5.6599e-07,2.7182e-06,5.3950e-06,6.6083e-06,6.5111e-06
P78,60.00,90.00,0.00,0.00,7.5460e-08,1.8023e-07,6.7150e-07,2.6031e-06,6.6815e-06,6.6695e-06,5.1924e-06,7.2250e-08,1.6179e-07,4.8204e-07,2.6272e-06,5.3605e-06,6.5737e-06,6.0899e-06
P78,60.00,45.00,30.00,0.00,8.8446e-08,1.8023e-07,6.7150e-07,2.6040e-06,6.6816e-06,6.6696e-06,5.1925e-06,8.4806e-08,1.6179e-07,4.8204e-07,2.6282e-06,5.3607e-06,6.5738e-06,6.0899e-06
P78,30.00,0.00,0.00,0.00,6.8051e-08,2.1884e-07,7.7636e-07,2.7076e-06,6.7235e-06,6.7114e-06,5.7889e-06,6.5063e-08,1.9773e-07,5.6599e-07,2.7182e-06,5.3950e-06,6.6083e-06,6.5111e-06
P78,30.00,180.00,60.00,0.00,3.8350e-08,2.1883e-07,7.7635e-07,2.7070e-06,6.7235e-06,6.7114e-06,5.7889e-06,3.6909e-08,1.9773e-07,5.6599e-07,2.7176e-06,5.3949e-06,6.6082e-06,6.5111e-06
P78,60.00,0.00,30.00,0.00,9.6932e-08,1.8024e-07,6.7151e-07,2.6045e-06,6.6817e-06,6.6696e-06,5.1925e-06,9.2986e-08,1.6179e-07,4.8204e-07,2.6287e-06,5.3608e-06,6.5739e-06,6.0900e-06
P78,0.00,180.00,60.00,0.00,4.1326e-08,2.2958e-07,8.0283e-07,2.7252e-06,6.7265e-06,6.7144e-06,5.9264e-06,3.9786e-08,2.0782e-07,5.8831e-07,2.7326e-06,5.3963e-06,6.6098e-06,6.6022e-06
P78,0.00,0.00,0.00,0.00,6.4271e-08,2.2959e-07,8.0285e-07,2.7256e-06,6.7265e-06,6.7144e-06,5.9265e-06,6.1446e-08,2.0782e-07,5.8831e-07,2.7329e-06,5.3963e-06,6.6098e-06,6.6022e-06
P78,60.00,135.00,60.00,0.00,4.5105e-08,1.8021e-07,6.7150e-07,2.6021e-06,6.6814e-06,6.6694e-06,5.1924e-06,4.3363e-08,1.6179e-07,4.8204e-07,2.6262e-06,5.3604e-06,6.5737e-06,6.0899e-06
P78,60.00,90.00,60.00,0.00,5.8816e-08,1.8022e-07,6.7150e-07,2.6029e-06,6.6815e-06,6.6695e-06,5.1924e-06,5.6529e-08,1.6179e-07,4.8204e-07,2.6271e-06,5.3605e-06,6.5737e-06,6.0899e-06
P78,60.00,180.00,0.00,0.00,7.5460e-08,1.8023e-07,6.7150e-07,2.6031e-06,6.6815e-06,6.6695e-06,5.1924e-06,7.2250e-08,1.6179e-07,4.8204e-07,2.6272e-06,5.3605e-06,6.5737e-06,6.0899e-06
P78,0.00,45.00,30.00,0.00,5.9910e-08,2.2959e-07,8.0284e-07,2.7255e-06,6.7265e-06,6.7144e-06,5.9265e-06,5.7339e-08,2.0782e-07,5.8831e-07,2.7328e-06,5.3963e-06,6.6098e-06,6.6022e-06
P78,60.00,45.00,60.00,0.00,9.1798e-08,1.8023e-07,6.7150e-07,2.6051e-06,6.6817e-06,6.6697e-06,5.1925e-06,8.8323e-08,1.6179e-07,4.8204e-07,2.6294e-06,5.3609e-06,6.5740e-06,6.0900e-06
P78,0.00,135.00,60.00,0.00,4.1326e-08,2.2958e-07,8.0283e-07,2.7252e-06,6.7265e-06,6.7144e-06,5.9264e-06,3.9786e-08,2.0782e-07,5.8831e-07,2.7326e-06,5.3963e-06,6.6098e-06,6.6022e-06
P78,60.00,180.00,60.00,0.00,4.1499e-08,1.8021e-07,6.7150e-07,2.6018e-06,6.6814e-06,6.6694e-06,5.1924e-06,3.9905e-08,1.6179e-07,4.8204e-07,2.6259e-06,5.3603e-06,6.5736e-06,6.0898e-06
P78,30.00,45.00,0.00,0.00,6.8051e-08,2.1884e-07,7.7636e-07,2.7076e-06,6.7235e-06,6.7114e-06,5.7889e-06,6.5063e-08,1.9773e-07,5.6599e-07,2.7182e-06,5.3950e-06,6.6083e-06,6.5111e-06
P78,0.00,135.00,0.00,0.00,6.4271e-08,2.2959e-07,8.0285e-07,2.7256e-06,6.7265e-06,6.7144e-06,5.9265e-06,6.1446e-08,2.0782e-07,5.8831e-07,2.7329e-06,5.3963e-06,6.6098e-06,6.6022e-06
P78,30.00,90.00,60.00,0.00,4.5693e-08,2.1883e-07,7.7635e-07,2.7073e-06,6.7235e-06,6.7114e-06,5.7889e-06,4.3961e-08,1.9773e-07,5.6599e-07,2.7180e-06,5.3950e-06,6.6083e-06,6.5111e-06
P78,30.00,0.00,30.00,0.00,7.1627e-08,2.1885e-07,7.7636e-07,2.7080e-06,6.7235e-06,6.7114e-06,5.7889e-06,6.8590e-08,1.9773e-07,5.6599e-07,2.7187e-06,5.3951e-06,6.6083e-06,6.5112e-06
P78,30.00,45.00,60.00,0.00,5.4112e-08,2.1884e-07,7.7635e-07,2.7079e-06,6.7235e-06,6.7114e-06,5.7889e-06,5.2066e-08,1.9773e-07,5.6599e-07,2.7186e-06,5.3951e-06,6.6083e-06,6.5111e-06
P78,60.00,0.00,0.00,0.00,7.5460e-08,1.8023e-07,6.7150e-07,2.6031e-06,6.6815e-06,6.6695e-06,5.1924e-06,7.2250e-08,1.6179e-07,4.8204e-07,2.6272e-06,5.3605e-06,6.5737e-06,6.0899e-06
P78,0.00,45.00,60.00,0.00,4.1326e-08,2.2958e-07,8.0283e-07,2.7252e-06,6.7265e-06,6.7144e-06,5.9264e-06,3.9786e-08,2.0782e-07,5.8831e-07,2.7326e-06,5.3963e-06,6.6098e-06,6.6022e-06
P78,60.00,45.00,0.00,0.00,7.5460e-08,1.8023e-07,6.7150e-07,2.6031e-06,6.6815e-06,6.6695e-06,5.1924e-06,7.2250e-08,1.6179e-07,4.8204e-07,2.6272e-06,5.3605e-06,6.5737e-06,6.0899e-06
P78,60.00,0.00,60.00,0.00,1.2448e-07,1.8025e-07,6.7151e-07,2.6078e-06,6.6820e-06,6.6700e-06,5.1925e-06,1.1994e-07,1.6179e-07,4.8204e-07,2.6324e-06,5.3615e-06,6.5743e-06,6.0901e-06
P78,30.00,90.00,0.00,0.00,6.8051e-08,2.1884e-07,7.7636e-07,2.7076e-06,6.7235e-06,6.7114e-06,5.7889e-06,6.5063e-08,1.9773e-07,5.6599e-07,2.7182e-06,5.3950e-06,6.6083e-06,6.5111e-06
P78,30.00,90.00,30.00,0.00,6.4415e-08,2.1884e-07,7.7636e-07,2.7076e-06,6.7235e-06,6.7114e-06,5.7889e-06,6.1659e-08,1.9773e-07,5.6599e-07,2.7183e-06,5.3950e-06,6.6083e-06,6.5111e-06
P78,0.00,90.00,30.00,0.00,5.9910e-08,2.2959e-07,8.0284e-07,2.7255e-06,6.7265e-06,6.7144e-06,5.9265e-06,5.7339e-08,2.0782e-07,5.8831e-07,2.7328e-06,5.3963e-06,6.6098e-06,6.6022e-06
P78,0.00,0.00,60.00,0.00,4.1326e-08,2.2958e-07,8.0283e-07,2.7252e-06,6.7265e-06,6.7144e-06,5.9264e-06,3.9786e-08,2.0782e-07,5.8831e-07,2.7326e-06,5.3963e-06,6.6098e-06,6.6022e-06
P78,30.00,45.00,30.00,0.00,6.9277e-08,2.1884e-07,7.7636e-07,2.7079e-06,6.7235e-06,6.7114e-06,5.7889e-06,6.6330e-08,1.9773e-07,5.6599e-07,2.7185e-06,5.3951e-06,6.6083e-06,6.5111e-06
P78,0.00,90.00,0.00,0.00,6.4271e-08,2.2959e-07,8.0285e-07,2.7256e-06,6.7265e-06,6.7144e-06,5.9265e-06,6.1446e-08,2.0782e-07,5.8831e-07,2.7329e-06,5.3963e-06,6.6098e-06,6.6022e-06
P78,30.00,180.00,30.00,0.00,5.8891e-08,2.1884e-07,7.7636e-07,2.7072e-06,6.7235e-06,6.7114e-06,5.7889e-06,5.6356e-08,1.9773e-07,5.6599e-07,2.7179e-06,5.3949e-06,6.6083e-06,6.5111e-06
P78,0.00,45.00,0.00,0.00,6.4271e-08,2.2959e-07,8.0285e-07,2.7256e-06,6.7265e-06,6.7144e-06,5.9265e-06,6.1446e-08,2.0782e-07,5.8831e-07,2.7329e-06,5.3963e-06,6.6098e-06,6.6022e-06
P78,0.00,135.00,30.00,0.00,5.9910e-08,2.2959e-07,8.0284e-07,2.7255e-06,6.7265e-06,6.7144e-06,5.9265e-06,5.7339e-08,2.0782e-07,5.8831e-07,2.7328e-06,5.3963e-06,6.6098e-06,6.6022e-06
P78,0.00,0.00,30.00,0.00,5.9910e-08,2.2959e-07,8.0284e-07,2.7255e-06,6.7265e-06,6.7144e-06,5.9265e-06,5.7339e-08,2.0782e-07,5.8831e-07,2.7328e-06,5.3963e-06,6.6098e-06,6.6022e-06
P78,60.00,180.00,30.00,0.00,6.1229e-08,1.8022e-07,6.7150e-07,2.6025e-06,6.6815e-06,6.6694e-06,5.1924e-06,5.8637e-08,1.6179e-07,4.8204e-07,2.6266e-06,5.3604e-06,6.5737e-06,6.0899e-06
P78,30.00,135.00,60.00,0.00,4.0135e-08,2.1883e-07,7.7635e-07,2.7071e-06,6.7235e-06,6.7114e-06,5.7889e-06,3.8621e-08,1.9773e-07,5.6599e-07,2.7177e-06,5.3949e-06,6.6083e-06,6.5111e-06
P79,30.00,135.00,60.00,0.00,4.2761e-08,2.6680e-07,8.9567e-07,2.8540e-06,6.8712e-06,6.8594e-06,5.9086e-06,4.1038e-08,2.4289e-07,6.7301e-07,2.8450e-06,5.5684e-06,6.7585e-06,6.6557e-06
P79,30.00,180.00,60.00,0.00,4.0873e-08,2.6680e-07,8.9566e-07,2.8539e-06,6.8712e-06,6.8593e-06,5.9086e-06,3.9234e-08,2.4289e-07,6.7301e-07,2.8449e-06,5.5684e-06,6.7585e-06,6.6557e-06
P79,0.00,0.00,30.00,0.00,6.2828e-08,2.8002e-07,9.2367e-07,2.8865e-06,6.8984e-06,6.8865e-06,6.0472e-06,6.0020e-08,2.5540e-07,6.9769e-07,2.8756e-06,5.5945e-06,6.7844e-06,6.7554e-06
P79,60.00,0.00,60.00,0.00,1.3324e-07,2.1862e-07,7.8454e-07,2.7099e-06,6.7467e-06,6.7348e-06,5.3336e-06,1.2783e-07,1.9749e-07,5.7764e-07,2.7089e-06,5.4487e-06,6.6402e-06,6.2267e-06
P79,60.00,0.00,0.00,0.00,7.9499e-08,2.1857e-07,7.8434e-07,2.7043e-06,6.7461e-06,6.7342e-06,5.3336e-06,7.5873e-08,1.9749e-07,5.7760e-07,2.7029e-06,5.4476e-06,6.6396e-06,6.2264e-06
P79,60.00,90.00,0.00,0.00,7.9499e-08,2.1857e-07,7.8434e-07,2.7043e-06,6.7461e-06,6.7342e-06,5.3336e-06,7.5873e-08,1.9749e-07,5.7760e-07,2.7029e-06,5.4476e-06,6.6396e-06,6.2264e-06
P79,60.00,90.00,60.00,0.00,6.2902e-08,2.1855e-07,7.8423e-07,2.7042e-06,6.7461e-06,6.7342e-06,5.3336e-06,6.0211e-08,1.9748e-07,5.7756e-07,2.7028e-06,5.4476e-06,6.6396e-06,6.2264e-06
P79,60.00,180.00,60.00,0.00,4.4345e-08,2.1854e-07,7.8417e-07,2.7030e-06,6.7459e-06,6.7341e-06,5.3336e-06,4.2475e-08,1.9748e-07,5.7755e-07,2.7015e-06,5.4473e-06,6.6394e-06,6.2264e-06
P79,60.00,135.00,30.00,0.00,6.7911e-08,2.1856e-07,7.8428e-07,2.7038e-06,6.7460e-06,6.7342e-06,5.3336e-06,6.4826e-08,1.9749e-07,5.7758e-07,2.7024e-06,5.4475e-06,6.6395e-06,6.2264e-06
P79,30.00,90.00,0.00,0.00,7.1166e-08,2.6683e-07,8.9582e-07,2.8545e-06,6.8713e-06,6.8594e-06,5.9086e-06,6.7903e-08,2.4290e-07,6.7307e-07,2.8455e-06,5.5685e-06,6.7585e-06,6.6557e-06
P79,0.00,0.00,60.00,0.00,4.4041e-08,2.7999e-07,9.2357e-07,2.8863e-06,6.8984e-06,6.8865e-06,6.0472e-06,4.2296e-08,2.5540e-07,6.9765e-07,2.8754e-06,5.5945e-06,6.7844e-06,6.7554e-06
P79,30.00,0.00,60.00,0.00,6.2734e-08,2.6682e-07,8.9578e-07,2.8552e-06,6.8713e-06,6.8595e-06,5.9086e-06,6.0189e-08,2.4289e-07,6.7304e-07,2.8463e-06,5.5686e-06,6.7586e-06,6.6557e-06
P79,60.00,180.00,30.00,0.00,6.4650e-08,2.1856e-07,7.8426e-07,2.7037e-06,6.7460e-06,6.7341e-06,5.3336e-06,6.1711e-08,1.9749e-07,5.7758e-07,2.7022e-06,5.4475e-06,6.6395e-06,6.2264e-06
P79,30.00,180.00,30.00,0.00,6.1789e-08,2.6682e-07,8.9576e-07,2.8542e-06,6.8712e-06,6.8594e-06,5.9086e-06,5.9004e-08,2.4289e-07,6.7304e-07,2.8451e-06,5.5684e-06,6.7585e-06,6.6557e-06
P79,30.00,135.00,30.00,0.00,6.3334e-08,2.6682e-07,8.9578e-07,2.8543e-06,6.8713e-06,6.8594e-06,5.9086e-06,6.0483e-08,2.4289e-07,6.7305e-07,2.8453e-06,5.5685e-06,6.7585e-06,6.6557e-06
P79,0.00,135.00,60.00,0.00,4.4041e-08,2.7999e-07,9.2357e-07,2.8863e-06,6.8984e-06,6.8865e-06,6.0472e-06,4.2296e-08,2.5540e-07,6.9765e-07,2.8754e-06,5.5945e-06,6.7844e-06,6.7554e-06
P79,30.00,90.00,60.00,0.00,4.8639e-08,2.6681e-07,8.9570e-07,2.8543e-06,6.8713e-06,6.8594e-06,5.9086e-06,4.6663e-08,2.4289e-07,6.7302e-07,2.8453e-06,5.5685e-06,6.7585e-06,6.6557e-06
P79,0.00,90.00,30.00,0.00,6.2828e-08,2.8002e-07,9.2367e-07,2.8865e-06,6.8984e-06,6.8865e-06,6.0472e-06,6.0020e-08,2.5540e-07,6.9769e-07,2.8756e-06,5.5945e-06,6.7844e-06,6.7554e-06
P79,0.00,135.00,30.00,0.00,6.2828e-08,2.8002e-07,9.2367e-07,2.8865e-06,6.8984e-06,6.8865e-06,6.0472e-06,6.0020e-08,2.5540e-07,6.9769e-07,2.8756e-06,5.5945e-06,6.7844e-06,6.7554e-06
P79,60.00,0.00,30.00,0.00,1.0241e-07,2.1859e-07,7.8444e-07,2.7059e-06,6.7462e-06,6.7344e-06,5.3336e-06,9.7905e-08,1.9749e-07,5.7762e-07,2.7046e-06,5.4479e-06,6.6397e-06,6.2265e-06
P79,0.00,45.00,0.00,0.00,6.7190e-08,2.8002e-07,9.2370e-07,2.8866e-06,6.8984e-06,6.8865e-06,6.0472e-06,6.4126e-08,2.5540e-07,6.9771e-07,2.8757e-06,5.5945e-06,6.7844e-06,6.7554e-06
P79,0.00,0.00,0.00,0.00,6.7190e-08,2.8002e-07,9.2370e-07,2.8866e-06,6.8984e-06,6.8865e-06,6.0472e-06,6.4126e-08,2.5540e-07,6.9771e-07,2.8757e-06,5.5945e-06,6.7844e-06,6.7554e-06
P79,60.00,45.00,30.00,0.00,9.3440e-08,2.1858e-07,7.8440e-07,2.7054e-06,6.7462e-06,6.7343e-06,5.3336e-06,8.9286e-08,1.9749e-07,5.7761e-07,2.7040e-06,5.4478e-06,6.6397e-06,6.2265e-06
P79,60.00,135.00,0.00,0.00,7.9499e-08,2.1857e-07,7.8434e-07,2.7043e-06,6.7461e-06,6.7342e-06,5.3336e-06,7.5873e-08,1.9749e-07,5.7760e-07,2.7029e-06,5.4476e-06,6.6396e-06,6.2264e-06
P79,30.00,45.00,30.00,0.00,7.2635e-08,2.6684e-07,8.9584e-07,2.8549e-06,6.8713e-06,6.8594e-06,5.9086e-06,6.9388e-08,2.4290e-07,6.7307e-07,2.8459e-06,5.5685e-06,6.7586e-06,6.6557e-06
P79,0.00,180.00,0.00,0.00,6.7190e-08,2.8002e-07,9.2370e-07,2.8866e-06,6.8984e-06,6.8865e-06,6.0472e-06,6.4126e-08,2.5540e-07,6.9771e-07,2.8757e-06,5.5945e-06,6.7844e-06,6.7554e-06
P79,0.00,45.00,30.00,0.00,6.2828e-08,2.8002e-07,9.2367e-07,2.8865e-06,6.8984e-06,6.8865e-06,6.0472e-06,6.0020e-08,2.5540e-07,6.9769e-07,2.8756e-06,5.5945e-06,6.7844e-06,6.7554e-06
P79,0.00,180.00,30.00,0.00,6.2828e-08,2.8002e-07,9.2367e-07,2.8865e-06,6.8984e-06,6.8865e-06,6.0472e-06,6.0020e-08,2.5540e-07,6.9769e-07,2.8756e-06,5.5945e-06,6.7844e-06,6.7554e-06
P79,0.00,90.00,60.00,0.00,4.4041e-08,2.7999e-07,9.2357e-07,2.8863e-06,6.8984e-06,6.8865e-06,6.0472e-06,4.2296e-08,2.5540e-07,6.9765e-07,2.8754e-06,5.5945e-06,6.7844e-06,6.7554e-06
P79,30.00,0.00,0.00,0.00,7.1166e-08,2.6683e-07,8.9582e-07,2.8545e-06,6.8713e-06,6.8594e-06,5.9086e-06,6.7903e-08,2.4290e-07,6.7307e-07,2.8455e-06,5.5685e-06,6.7585e-06,6.6557e-06
P79,30.00,45.00,60.00,0.00,5.7539e-08,2.6682e-07,8.9575e-07,2.8549e-06,6.8713e-06,6.8594e-06,5.9086e-06,5.5200e-08,2.4289e-07,6.7303e-07,2.8460e-06,5.5686e-06,6.7586e-06,6.6557e-06
P79,0.00,45.00,60.00,0.00,4.4041e-08,2.7999e-07,9.2357e-07,2.8863e-06,6.8984e-06,6.8865e-06,6.0472e-06,4.2296e-08,2.5540e-07,6.9765e-07,2.8754e-06,5.5945e-06,6.7844e-06,6.7554e-06
P79,30.00,90.00,30.00,0.00,6.7558e-08,2.6683e-07,8.9581e-07,2.8546e-06,6.8713e-06,6.8594e-06,5.9086e-06,6.4526e-08,2.4290e-07,6.7306e-07,2.8456e-06,5.5685e-06,6.7586e-06,6.6557e-06
P79,60.00,135.00,60.00,0.00,4.8209e-08,2.1854e-07,7.8419e-07,2.7034e-06,6.7460e-06,6.7341e-06,5.3336e-06,4.6165e-08,1.9748e-07,5.7755e-07,2.7019e-06,5.4474e-06,6.6395e-06,6.2264e-06
P79,60.00,180.00,0.00,0.00,7.9499e-08,2.1857e-07,7.8434e-07,2.7043e-06,6.7461e-06,6.7342e-06,5.3336e-06,7.5873e-08,1.9749e-07,5.7760e-07,2.7029e-06,5.4476e-06,6.6396e-06,6.2264e-06
P79,60.00,90.00,30.00,0.00,7.8065e-08,2.1857e-07,7.8432e-07,2.7044e-06,6.7461e-06,6.7342e-06,5.3336e-06,7.4542e-08,1.9749e-07,5.7759e-07,2.7029e-06,5.4476e-06,6.6396e-06,6.2264e-06
P79,60.00,45.00,0.00,0.00,7.9499e-08,2.1857e-07,7.8434e-07,2.7043e-06,6.7461e-06,6.7342e-06,5.3336e-06,7.5873e-08,1.9749e-07,5.7760e-07,2.7029e-06,5.4476e-06,6.6396e-06,6.2264e-06
P79,30.00,0.00,30.00,0.00,7.5088e-08,2.6684e-07,8.9586e-07,2.8550e-06,6.8713e-06,6.8594e-06,5.9086e-06,7.1741e-08,2.4290e-07,6.7307e-07,2.8461e-06,5.5686e-06,6.7586e-06,6.6557e-06
P79,30.00,180.00,0.00,0.00,7.1166e-08,2.6683e-07,8.9582e-07,2.8545e-06,6.8713e-06,6.8594e-06,5.9086e-06,6.7903e-08,2.4290e-07,6.7307e-07,2.8455e-06,5.5685e-06,6.7585e-06,6.6557e-06
P79,60.00,45.00,60.00,0.00,9.8237e-08,2.1859e-07,7.8437e-07,2.7067e-06,6.7463e-06,6.7345e-06,5.3336e-06,9.4118e-08,1.9749e-07,5.7760e-07,2.7055e-06,5.4481e-06,6.6398e-06,6.2265e-06
P79,0.00,90.00,0.00,0.00,6.7190e-08,2.8002e-07,9.2370e-07,2.8866e-06,6.8984e-06,6.8865e-06,6.0472e-06,6.4126e-08,2.5540e-07,6.9771e-07,2.8757e-06,5.5945e-06,6.7844e-06,6.7554e-06
P79,30.00,45.00,0.00,0.00,7.1166e-08,2.6683e-07,8.9582e-07,2.8545e-06,6.8713e-06,6.8594e-06,5.9086e-06,6.7903e-08,2.4290e-07,6.7307e-07,2.8455e-06,5.5685e-06,6.7585e-06,6.6557e-06
P79,0.00,180.00,60.00,0.00,4.4041e-08,2.7999e-07,9.2357e-07,2.8863e-06,6.8984e-06,6.8865e-06,6.0472e-06,4.2296e-08,2.5540e-07,6.9765e-07,2.8754e-06,5.5945e-06,6.7844e-06,6.7554e-06
P79,30.00,135.00,0.00,0.00,7.1166e-08,2.6683e-07,8.9582e-07,2.8545e-06,6.8713e-06,6.8594e-06,5.9086e-06,6.7903e-08,2.4290e-07,6.7307e-07,2.8455e-06,5.5685e-06,6.7585e-06,6.6557e-06
P79,0.00,135.00,0.00,0.00,6.7190e-08,2.8002e-07,9.2370e-07,2.8866e-06,6.8984e-06,6.8865e-06,6.0472e-06,6.4126e-08,2.5540e-07,6.9771e-07,2.8757e-06,5.5945e-06,6.7844e-06,6.7554e-06
