Profile,VZA,VAA,SZA,SAA,fy4a_ch07_Radiance,fy4a_ch09_Radiance,fy4a_ch10_Radiance,fy4a_ch11_Radiance,fy4a_ch12_Radiance,fy4a_ch13_Radiance,fy4a_ch14_Radiance,fy4b_ch07_Radiance,fy4b_ch09_Radiance,fy4b_ch10_Radiance,fy4b_ch12_Radiance,fy4b_ch13_Radiance,fy4b_ch14_Radiance,fy4b_ch15_Radiance
P0,60.00,180.00,30.00,0.00,6.8449e-08,2.1059e-07,7.0619e-07,4.2266e-06,9.2944e-06,9.2825e-06,5.9038e-06,6.7793e-08,1.9087e-07,5.1447e-07,4.3222e-06,8.0279e-06,9.2392e-06,7.2320e-06
P0,30.00,180.00,0.00,0.00,6.0090e-08,2.4518e-07,8.1932e-07,4.6759e-06,9.9048e-06,9.8922e-06,6.7502e-06,5.9721e-08,2.2217e-07,5.9507e-07,4.7515e-06,8.5446e-06,9.8291e-06,8.1250e-06
P0,60.00,90.00,0.00,0.00,7.0640e-08,2.1059e-07,7.0619e-07,4.2267e-06,9.2944e-06,9.2825e-06,5.9038e-06,6.9945e-08,1.9087e-07,5.1447e-07,4.3223e-06,8.0280e-06,9.2393e-06,7.2320e-06
P0,30.00,0.00,0.00,0.00,6.0090e-08,2.4518e-07,8.1932e-07,4.6759e-06,9.9048e-06,9.8922e-06,6.7502e-06,5.9721e-08,2.2217e-07,5.9507e-07,4.7515e-06,8.5446e-06,9.8291e-06,8.1250e-06
P0,30.00,90.00,60.00,0.00,5.2675e-08,2.4518e-07,8.1932e-07,4.6756e-06,9.9048e-06,9.8922e-06,6.7502e-06,5.2446e-08,2.2217e-07,5.9507e-07,4.7511e-06,8.5444e-06,9.8290e-06,8.1250e-06
P0,60.00,180.00,60.00,0.00,6.0560e-08,2.1059e-07,7.0619e-07,4.2262e-06,9.2943e-06,9.2824e-06,5.9038e-06,6.0005e-08,1.9087e-07,5.1447e-07,4.3217e-06,8.0277e-06,9.2391e-06,7.2320e-06
P0,30.00,135.00,30.00,0.00,5.8418e-08,2.4518e-07,8.1932e-07,4.6759e-06,9.9048e-06,9.8922e-06,6.7502e-06,5.8089e-08,2.2217e-07,5.9507e-07,4.7514e-06,8.5446e-06,9.8290e-06,8.1250e-06
P0,60.00,135.00,30.00,0.00,6.8483e-08,2.1059e-07,7.0619e-07,4.2266e-06,9.2944e-06,9.2825e-06,5.9038e-06,6.7827e-08,1.9087e-07,5.1447e-07,4.3222e-06,8.0279e-06,9.2392e-06,7.2320e-06
P0,30.00,180.00,30.00,0.00,5.8409e-08,2.4518e-07,8.1932e-07,4.6759e-06,9.9048e-06,9.8922e-06,6.7502e-06,5.8079e-08,2.2217e-07,5.9507e-07,4.7514e-06,8.5446e-06,9.8290e-06,8.1250e-06
P0,30.00,180.00,60.00,0.00,5.2571e-08,2.4518e-07,8.1932e-07,4.6756e-06,9.9048e-06,9.8922e-06,6.7502e-06,5.2344e-08,2.2217e-07,5.9507e-07,4.7511e-06,8.5444e-06,9.8290e-06,8.1250e-06
P0,30.00,90.00,30.00,0.00,5.8442e-08,2.4518e-07,8.1932e-07,4.6759e-06,9.9048e-06,9.8922e-06,6.7502e-06,5.8112e-08,2.2217e-07,5.9507e-07,4.7514e-06,8.5446e-06,9.8290e-06,8.1250e-06
P0,60.00,45.00,0.00,0.00,7.0640e-08,2.1059e-07,7.0619e-07,4.2267e-06,9.2944e-06,9.2825e-06,5.9038e-06,6.9945e-08,1.9087e-07,5.1447e-07,4.3223e-06,8.0280e-06,9.2393e-06,7.2320e-06
P0,30.00,0.00,30.00,0.00,5.8477e-08,2.4518e-07,8.1932e-07,4.6759e-06,9.9048e-06,9.8922e-06,6.7502e-06,5.8145e-08,2.2217e-07,5.9507e-07,4.7514e-06,8.5446e-06,9.8290e-06,8.1250e-06
P0,30.00,0.00,60.00,0.00,5.2779e-08,2.4518e-07,8.1932e-07,4.6756e-06,9.9048e-06,9.8922e-06,6.7502e-06,5.2548e-08,2.2217e-07,5.9507e-07,4.7511e-06,8.5444e-06,9.8290e-06,8.1250e-06
P0,0.00,0.00,30.00,0.00,5.6322e-08,2.5513e-07,8.5092e-07,4.7692e-06,1.0027e-05,1.0014e-05,6.9815e-06,5.6051e-08,2.3122e-07,6.1766e-07,4.8387e-06,8.6435e-06,9.9457e-06,8.3486e-06
P0,0.00,180.00,60.00,0.00,5.0956e-08,2.5513e-07,8.5092e-07,4.7690e-06,1.0027e-05,1.0014e-05,6.9815e-06,5.0788e-08,2.3122e-07,6.1766e-07,4.8385e-06,8.6433e-06,9.9456e-06,8.3486e-06
P0,60.00,45.00,30.00,0.00,6.8653e-08,2.1059e-07,7.0619e-07,4.2266e-06,9.2944e-06,9.2825e-06,5.9038e-06,6.7993e-08,1.9087e-07,5.1447e-07,4.3222e-06,8.0279e-06,9.2392e-06,7.2320e-06
P0,0.00,180.00,0.00,0.00,5.7876e-08,2.5513e-07,8.5092e-07,4.7693e-06,1.0027e-05,1.0014e-05,6.9815e-06,5.7565e-08,2.3122e-07,6.1766e-07,4.8388e-06,8.6435e-06,9.9457e-06,8.3486e-06
P0,30.00,135.00,60.00,0.00,5.2602e-08,2.4518e-07,8.1932e-07,4.6756e-06,9.9048e-06,9.8922e-06,6.7502e-06,5.2374e-08,2.2217e-07,5.9507e-07,4.7511e-06,8.5444e-06,9.8290e-06,8.1250e-06
P0,60.00,135.00,0.00,0.00,7.0640e-08,2.1059e-07,7.0619e-07,4.2267e-06,9.2944e-06,9.2825e-06,5.9038e-06,6.9945e-08,1.9087e-07,5.1447e-07,4.3223e-06,8.0280e-06,9.2393e-06,7.2320e-06
P0,30.00,45.00,30.00,0.00,5.8466e-08,2.4518e-07,8.1932e-07,4.6759e-06,9.9048e-06,9.8922e-06,6.7502e-06,5.8135e-08,2.2217e-07,5.9507e-07,4.7514e-06,8.5446e-06,9.8290e-06,8.1250e-06
P0,60.00,0.00,0.00,0.00,7.0640e-08,2.1059e-07,7.0619e-07,4.2267e-06,9.2944e-06,9.2825e-06,5.9038e-06,6.9945e-08,1.9087e-07,5.1447e-07,4.3223e-06,8.0280e-06,9.2393e-06,7.2320e-06
P0,60.00,0.00,30.00,0.00,6.8688e-08,2.1059e-07,7.0619e-07,4.2266e-06,9.2944e-06,9.2825e-06,5.9038e-06,6.8027e-08,1.9087e-07,5.1447e-07,4.3222e-06,8.0279e-06,9.2392e-06,7.2320e-06
P0,60.00,0.00,60.00,0.00,6.1393e-08,2.1059e-07,7.0619e-07,4.2262e-06,9.2943e-06,9.2824e-06,5.9038e-06,6.0830e-08,1.9087e-07,5.1447e-07,4.3218e-06,8.0278e-06,9.2391e-06,7.2320e-06
P0,0.00,135.00,30.00,0.00,5.6322e-08,2.5513e-07,8.5092e-07,4.7692e-06,1.0027e-05,1.0014e-05,6.9815e-06,5.6051e-08,2.3122e-07,6.1766e-07,4.8387e-06,8.6435e-06,9.9457e-06,8.3486e-06
P0,0.00,90.00,30.00,0.00,5.6322e-08,2.5513e-07,8.5092e-07,4.7692e-06,1.0027e-05,1.0014e-05,6.9815e-06,5.6051e-08,2.3122e-07,6.1766e-07,4.8387e-06,8.6435e-06,9.9457e-06,8.3486e-06
P0,60.00,135.00,60.00,0.00,6.0686e-08,2.1059e-07,7.0619e-07,4.2262e-06,9.2943e-06,9.2824e-06,5.9038e-06,6.0131e-08,1.9087e-07,5.1447e-07,4.3217e-06,8.0277e-06,9.2391e-06,7.2320e-06
P0,60.00,180.00,0.00,0.00,7.0640e-08,2.1059e-07,7.0619e-07,4.2267e-06,9.2944e-06,9.2825e-06,5.9038e-06,6.9945e-08,1.9087e-07,5.1447e-07,4.3223e-06,8.0280e-06,9.2393e-06,7.2320e-06
P0,0.00,180.00,30.00,0.00,5.6322e-08,2.5513e-07,8.5092e-07,4.7692e-06,1.0027e-05,1.0014e-05,6.9815e-06,5.6051e-08,2.3122e-07,6.1766e-07,4.8387e-06,8.6435e-06,9.9457e-06,8.3486e-06
P0,0.00,90.00,0.00,0.00,5.7876e-08,2.5513e-07,8.5092e-07,4.7693e-06,1.0027e-05,1.0014e-05,6.9815e-06,5.7565e-08,2.3122e-07,6.1766e-07,4.8388e-06,8.6435e-06,9.9457e-06,8.3486e-06
P0,60.00,90.00,60.00,0.00,6.0985e-08,2.1059e-07,7.0619e-07,4.2262e-06,9.2943e-06,9.2824e-06,5.9038e-06,6.0426e-08,1.9087e-07,5.1447e-07,4.3217e-06,8.0277e-06,9.2391e-06,7.2320e-06
P0,0.00,135.00,60.00,0.00,5.0956e-08,2.5513e-07,8.5092e-07,4.7690e-06,1.0027e-05,1.0014e-05,6.9815e-06,5.0788e-08,2.3122e-07,6.1766e-07,4.8385e-06,8.6433e-06,9.9456e-06,8.3486e-06
P0,30.00,45.00,0.00,0.00,6.0090e-08,2.4518e-07,8.1932e-07,4.6759e-06,9.9048e-06,9.8922e-06,6.7502e-06,5.9721e-08,2.2217e-07,5.9507e-07,4.7515e-06,8.5446e-06,9.8291e-06,8.1250e-06
P0,0.00,135.00,0.00,0.00,5.7876e-08,2.5513e-07,8.5092e-07,4.7693e-06,1.0027e-05,1.0014e-05,6.9815e-06,5.7565e-08,2.3122e-07,6.1766e-07,4.8388e-06,8.6435e-06,9.9457e-06,8.3486e-06
P0,0.00,45.00,0.00,0.00,5.7876e-08,2.5513e-07,8.5092e-07,4.7693e-06,1.0027e-05,1.0014e-05,6.9815e-06,5.7565e-08,2.3122e-07,6.1766e-07,4.8388e-06,8.6435e-06,9.9457e-06,8.3486e-06
P0,0.00,45.00,60.00,0.00,5.0956e-08,2.5513e-07,8.5092e-07,4.7690e-06,1.0027e-05,1.0014e-05,6.9815e-06,5.0788e-08,2.3122e-07,6.1766e-07,4.8385e-06,8.6433e-06,9.9456e-06,8.3486e-06
P0,0.00,0.00,60.00,0.00,5.0956e-08,2.5513e-07,8.5092e-07,4.7690e-06,1.0027e-05,1.0014e-05,6.9815e-06,5.0788e-08,2.3122e-07,6.1766e-07,4.8385e-06,8.6433e-06,9.9456e-06,8.3486e-06
P0,0.00,0.00,0.00,0.00,5.7876e-08,2.5513e-07,8.5092e-07,4.7693e-06,1.0027e-05,1.0014e-05,6.9815e-06,5.7565e-08,2.3122e-07,6.1766e-07,4.8388e-06,8.6435e-06,9.9457e-06,8.3486e-06
P0,30.00,45.00,60.00,0.00,5.2749e-08,2.4518e-07,8.1932e-07,4.6756e-06,9.9048e-06,9.8922e-06,6.7502e-06,5.2518e-08,2.2217e-07,5.9507e-07,4.7511e-06,8.5444e-06,9.8290e-06,8.1250e-06
P0,0.00,90.00,60.00,0.00,5.0956e-08,2.5513e-07,8.5092e-07,4.7690e-06,1.0027e-05,1.0014e-05,6.9815e-06,5.0788e-08,2.3122e-07,6.1766e-07,4.8385e-06,8.6433e-06,9.9456e-06,8.3486e-06
P0,60.00,45.00,60.00,0.00,6.1275e-08,2.1059e-07,7.0619e-07,4.2262e-06,9.2943e-06,9.2824e-06,5.9038e-06,6.0714e-08,1.9087e-07,5.1447e-07,4.3218e-06,8.0277e-06,9.2391e-06,7.2320e-06
P0,30.00,90.00,0.00,0.00,6.0090e-08,2.4518e-07,8.1932e-07,4.6759e-06,9.9048e-06,9.8922e-06,6.7502e-06,5.9721e-08,2.2217e-07,5.9507e-07,4.7515e-06,8.5446e-06,9.8291e-06,8.1250e-06
P0,30.00,135.00,0.00,0.00,6.0090e-08,2.4518e-07,8.1932e-07,4.6759e-06,9.9048e-06,9.8922e-06,6.7502e-06,5.9721e-08,2.2217e-07,5.9507e-07,4.7515e-06,8.5446e-06,9.8291e-06,8.1250e-06
P0,0.00,45.00,30.00,0.00,5.6322e-08,2.5513e-07,8.5092e-07,4.7692e-06,1.0027e-05,1.0014e-05,6.9815e-06,5.6051e-08,2.3122e-07,6.1766e-07,4.8387e-06,8.6435e-06,9.9457e-06,8.3486e-06
P0,60.00,90.00,30.00,0.00,6.8568e-08,2.1059e-07,7.0619e-07,4.2266e-06,9.2944e-06,9.2825e-06,5.9038e-06,6.7910e-08,1.9087e-07,5.1447e-07,4.3222e-06,8.0279e-06,9.2392e-06,7.2320e-06
P1,30.00,180.00,30.00,0.00,5.9646e-08,3.2444e-07,1.0660e-06,5.3198e-06,1.0593e-05,1.0579e-05,8.7087e-06,5.9586e-08,2.9439e-07,7.7750e-07,5.3581e-06,9.0776e-06,1.0476e-05,9.8179e-06
P1,0.00,45.00,60.00,0.00,5.0950e-08,3.3894e-07,1.1069e-06,5.3511e-06,1.0642e-05,1.0628e-05,8.9485e-06,5.1077e-08,3.0782e-07,8.0771e-07,5.3830e-06,9.1110e-06,1.0521e-05,9.9988e-06
P1,0.00,180.00,0.00,0.00,6.0247e-08,3.3895e-07,1.1069e-06,5.3514e-06,1.0642e-05,1.0629e-05,8.9485e-06,6.0108e-08,3.0782e-07,8.0771e-07,5.3832e-06,9.1112e-06,1.0521e-05,9.9988e-06
P1,0.00,90.00,0.00,0.00,6.0247e-08,3.3895e-07,1.1069e-06,5.3514e-06,1.0642e-05,1.0629e-05,8.9485e-06,6.0108e-08,3.0782e-07,8.0771e-07,5.3832e-06,9.1112e-06,1.0521e-05,9.9988e-06
P1,30.00,135.00,30.00,0.00,5.9660e-08,3.2444e-07,1.0660e-06,5.3198e-06,1.0593e-05,1.0579e-05,8.7087e-06,5.9599e-08,2.9439e-07,7.7750e-07,5.3581e-06,9.0776e-06,1.0476e-05,9.8179e-06
P1,30.00,0.00,30.00,0.00,5.9745e-08,3.2444e-07,1.0660e-06,5.3198e-06,1.0593e-05,1.0579e-05,8.7087e-06,5.9680e-08,2.9439e-07,7.7750e-07,5.3581e-06,9.0776e-06,1.0476e-05,9.8179e-06
P1,0.00,45.00,0.00,0.00,6.0247e-08,3.3895e-07,1.1069e-06,5.3514e-06,1.0642e-05,1.0629e-05,8.9485e-06,6.0108e-08,3.0782e-07,8.0771e-07,5.3832e-06,9.1112e-06,1.0521e-05,9.9988e-06
P1,30.00,180.00,60.00,0.00,5.2261e-08,3.2444e-07,1.0660e-06,5.3196e-06,1.0593e-05,1.0579e-05,8.7087e-06,5.2385e-08,2.9439e-07,7.7750e-07,5.3578e-06,9.0774e-06,1.0476e-05,9.8179e-06
P1,0.00,135.00,0.00,0.00,6.0247e-08,3.3895e-07,1.1069e-06,5.3514e-06,1.0642e-05,1.0629e-05,8.9485e-06,6.0108e-08,3.0782e-07,8.0771e-07,5.3832e-06,9.1112e-06,1.0521e-05,9.9988e-06
P1,0.00,180.00,30.00,0.00,5.7952e-08,3.3895e-07,1.1069e-06,5.3513e-06,1.0642e-05,1.0628e-05,8.9485e-06,5.7887e-08,3.0782e-07,8.0771e-07,5.3832e-06,9.1112e-06,1.0521e-05,9.9988e-06
P1,30.00,90.00,60.00,0.00,5.2378e-08,3.2444e-07,1.0660e-06,5.3196e-06,1.0593e-05,1.0579e-05,8.7087e-06,5.2498e-08,2.9439e-07,7.7750e-07,5.3578e-06,9.0774e-06,1.0476e-05,9.8179e-06
P1,60.00,180.00,60.00,0.00,5.8728e-08,2.7283e-07,9.1855e-07,5.1589e-06,1.0334e-05,1.0321e-05,7.7140e-06,5.8788e-08,2.4676e-07,6.6791e-07,5.2253e-06,8.9007e-06,1.0236e-05,9.0165e-06
P1,60.00,0.00,0.00,0.00,7.0542e-08,2.7283e-07,9.1855e-07,5.1593e-06,1.0334e-05,1.0321e-05,7.7140e-06,7.0391e-08,2.4676e-07,6.6791e-07,5.2257e-06,8.9012e-06,1.0236e-05,9.0165e-06
P1,0.00,135.00,60.00,0.00,5.0950e-08,3.3894e-07,1.1069e-06,5.3511e-06,1.0642e-05,1.0628e-05,8.9485e-06,5.1077e-08,3.0782e-07,8.0771e-07,5.3830e-06,9.1110e-06,1.0521e-05,9.9988e-06
P1,60.00,45.00,0.00,0.00,7.0542e-08,2.7283e-07,9.1855e-07,5.1593e-06,1.0334e-05,1.0321e-05,7.7140e-06,7.0391e-08,2.4676e-07,6.6791e-07,5.2257e-06,8.9012e-06,1.0236e-05,9.0165e-06
P1,0.00,45.00,30.00,0.00,5.7952e-08,3.3895e-07,1.1069e-06,5.3513e-06,1.0642e-05,1.0628e-05,8.9485e-06,5.7887e-08,3.0782e-07,8.0771e-07,5.3832e-06,9.1112e-06,1.0521e-05,9.9988e-06
P1,0.00,0.00,0.00,0.00,6.0247e-08,3.3895e-07,1.1069e-06,5.3514e-06,1.0642e-05,1.0629e-05,8.9485e-06,6.0108e-08,3.0782e-07,8.0771e-07,5.3832e-06,9.1112e-06,1.0521e-05,9.9988e-06
P1,30.00,45.00,60.00,0.00,5.2461e-08,3.2444e-07,1.0660e-06,5.3196e-06,1.0593e-05,1.0579e-05,8.7087e-06,5.2578e-08,2.9439e-07,7.7750e-07,5.3578e-06,9.0774e-06,1.0476e-05,9.8179e-06
P1,60.00,135.00,60.00,0.00,5.8849e-08,2.7283e-07,9.1855e-07,5.1589e-06,1.0334e-05,1.0321e-05,7.7140e-06,5.8908e-08,2.4676e-07,6.6791e-07,5.2253e-06,8.9007e-06,1.0236e-05,9.0165e-06
P1,0.00,180.00,60.00,0.00,5.0950e-08,3.3894e-07,1.1069e-06,5.3511e-06,1.0642e-05,1.0628e-05,8.9485e-06,5.1077e-08,3.0782e-07,8.0771e-07,5.3830e-06,9.1110e-06,1.0521e-05,9.9988e-06
P1,30.00,135.00,60.00,0.00,5.2295e-08,3.2444e-07,1.0660e-06,5.3196e-06,1.0593e-05,1.0579e-05,8.7087e-06,5.2418e-08,2.9439e-07,7.7750e-07,5.3578e-06,9.0774e-06,1.0476e-05,9.8179e-06
P1,0.00,90.00,60.00,0.00,5.0950e-08,3.3894e-07,1.1069e-06,5.3511e-06,1.0642e-05,1.0628e-05,8.9485e-06,5.1077e-08,3.0782e-07,8.0771e-07,5.3830e-06,9.1110e-06,1.0521e-05,9.9988e-06
P1,30.00,0.00,0.00,0.00,6.2068e-08,3.2444e-07,1.0660e-06,5.3198e-06,1.0593e-05,1.0579e-05,8.7087e-06,6.1935e-08,2.9439e-07,7.7750e-07,5.3581e-06,9.0777e-06,1.0476e-05,9.8179e-06
P1,30.00,90.00,30.00,0.00,5.9695e-08,3.2444e-07,1.0660e-06,5.3198e-06,1.0593e-05,1.0579e-05,8.7087e-06,5.9632e-08,2.9439e-07,7.7750e-07,5.3581e-06,9.0776e-06,1.0476e-05,9.8179e-06
P1,30.00,135.00,0.00,0.00,6.2068e-08,3.2444e-07,1.0660e-06,5.3198e-06,1.0593e-05,1.0579e-05,8.7087e-06,6.1935e-08,2.9439e-07,7.7750e-07,5.3581e-06,9.0777e-06,1.0476e-05,9.8179e-06
P1,60.00,180.00,0.00,0.00,7.0542e-08,2.7283e-07,9.1855e-07,5.1593e-06,1.0334e-05,1.0321e-05,7.7140e-06,7.0391e-08,2.4676e-07,6.6791e-07,5.2257e-06,8.9012e-06,1.0236e-05,9.0165e-06
P1,0.00,0.00,30.00,0.00,5.7952e-08,3.3895e-07,1.1069e-06,5.3513e-06,1.0642e-05,1.0628e-05,8.9485e-06,5.7887e-08,3.0782e-07,8.0771e-07,5.3832e-06,9.1112e-06,1.0521e-05,9.9988e-06
P1,60.00,90.00,30.00,0.00,6.7834e-08,2.7283e-07,9.1855e-07,5.1593e-06,1.0334e-05,1.0321e-05,7.7140e-06,6.7739e-08,2.4676e-07,6.6791e-07,5.2256e-06,8.9011e-06,1.0236e-05,9.0165e-06
P1,30.00,0.00,60.00,0.00,5.2495e-08,3.2444e-07,1.0660e-06,5.3196e-06,1.0593e-05,1.0579e-05,8.7087e-06,5.2612e-08,2.9439e-07,7.7750e-07,5.3578e-06,9.0774e-06,1.0476e-05,9.8179e-06
P1,0.00,90.00,30.00,0.00,5.7952e-08,3.3895e-07,1.1069e-06,5.3513e-06,1.0642e-05,1.0628e-05,8.9485e-06,5.7887e-08,3.0782e-07,8.0771e-07,5.3832e-06,9.1112e-06,1.0521e-05,9.9988e-06
P1,60.00,45.00,30.00,0.00,6.7938e-08,2.7283e-07,9.1855e-07,5.1593e-06,1.0334e-05,1.0321e-05,7.7140e-06,6.7840e-08,2.4676e-07,6.6791e-07,5.2256e-06,8.9011e-06,1.0236e-05,9.0165e-06
P1,30.00,180.00,0.00,0.00,6.2068e-08,3.2444e-07,1.0660e-06,5.3198e-06,1.0593e-05,1.0579e-05,8.7087e-06,6.1935e-08,2.9439e-07,7.7750e-07,5.3581e-06,9.0777e-06,1.0476e-05,9.8179e-06
P1,30.00,45.00,30.00,0.00,5.9730e-08,3.2444e-07,1.0660e-06,5.3198e-06,1.0593e-05,1.0579e-05,8.7087e-06,5.9666e-08,2.9439e-07,7.7750e-07,5.3581e-06,9.0776e-06,1.0476e-05,9.8179e-06
P1,0.00,0.00,60.00,0.00,5.0950e-08,3.3894e-07,1.1069e-06,5.3511e-06,1.0642e-05,1.0628e-05,8.9485e-06,5.1077e-08,3.0782e-07,8.0771e-07,5.3830e-06,9.1110e-06,1.0521e-05,9.9988e-06
P1,30.00,45.00,0.00,0.00,6.2068e-08,3.2444e-07,1.0660e-06,5.3198e-06,1.0593e-05,1.0579e-05,8.7087e-06,6.1935e-08,2.9439e-07,7.7750e-07,5.3581e-06,9.0777e-06,1.0476e-05,9.8179e-06
P1,60.00,0.00,30.00,0.00,6.7982e-08,2.7283e-07,9.1855e-07,5.1593e-06,1.0334e-05,1.0321e-05,7.7140e-06,6.7882e-08,2.4676e-07,6.6791e-07,5.2256e-06,8.9011e-06,1.0236e-05,9.0165e-06
P1,60.00,90.00,0.00,0.00,7.0542e-08,2.7283e-07,9.1855e-07,5.1593e-06,1.0334e-05,1.0321e-05,7.7140e-06,7.0391e-08,2.4676e-07,6.6791e-07,5.2257e-06,8.9012e-06,1.0236e-05,9.0165e-06
P1,60.00,135.00,30.00,0.00,6.7730e-08,2.7283e-07,9.1855e-07,5.1593e-06,1.0334e-05,1.0321e-05,7.7140e-06,6.7640e-08,2.4676e-07,6.6791e-07,5.2256e-06,8.9011e-06,1.0236e-05,9.0165e-06
P1,30.00,90.00,0.00,0.00,6.2068e-08,3.2444e-07,1.0660e-06,5.3198e-06,1.0593e-05,1.0579e-05,8.7087e-06,6.1935e-08,2.9439e-07,7.7750e-07,5.3581e-06,9.0777e-06,1.0476e-05,9.8179e-06
P1,0.00,135.00,30.00,0.00,5.7952e-08,3.3895e-07,1.1069e-06,5.3513e-06,1.0642e-05,1.0628e-05,8.9485e-06,5.7887e-08,3.0782e-07,8.0771e-07,5.3832e-06,9.1112e-06,1.0521e-05,9.9988e-06
P1,60.00,90.00,60.00,0.00,5.9139e-08,2.7283e-07,9.1855e-07,5.1589e-06,1.0334e-05,1.0321e-05,7.7140e-06,5.9192e-08,2.4676e-07,6.6791e-07,5.2253e-06,8.9008e-06,1.0236e-05,9.0165e-06
P1,60.00,0.00,60.00,0.00,5.9539e-08,2.7283e-07,9.1855e-07,5.1590e-06,1.0334e-05,1.0321e-05,7.7140e-06,5.9584e-08,2.4676e-07,6.6791e-07,5.2253e-06,8.9008e-06,1.0236e-05,9.0165e-06
P1,60.00,45.00,60.00,0.00,5.9423e-08,2.7283e-07,9.1855e-07,5.1590e-06,1.0334e-05,1.0321e-05,7.7140e-06,5.9470e-08,2.4676e-07,6.6791e-07,5.2253e-06,8.9008e-06,1.0236e-05,9.0165e-06
P1,60.00,180.00,30.00,0.00,6.7687e-08,2.7283e-07,9.1855e-07,5.1593e-06,1.0334e-05,1.0321e-05,7.7140e-06,6.7598e-08,2.4676e-07,6.6791e-07,5.2256e-06,8.9011e-06,1.0236e-05,9.0165e-06
P1,60.00,135.00,0.00,0.00,7.0542e-08,2.7283e-07,9.1855e-07,5.1593e-06,1.0334e-05,1.0321e-05,7.7140e-06,7.0391e-08,2.4676e-07,6.6791e-07,5.2257e-06,8.9012e-06,1.0236e-05,9.0165e-06
P2,30.00,90.00,0.00,0.00,5.5838e-08,3.2556e-07,1.1400e-06,5.0710e-06,1.0367e-05,1.0353e-05,7.8825e-06,5.5747e-08,2.9368e-07,8.1500e-07,5.1279e-06,8.8502e-06,1.0261e-05,9.0798e-06
P2,0.00,180.00,0.00,0.00,5.4092e-08,3.4200e-07,1.1886e-06,5.1233e-06,1.0432e-05,1.0418e-05,8.0967e-06,5.4030e-08,3.0879e-07,8.5329e-07,5.1736e-06,8.9085e-06,1.0324e-05,9.2590e-06
P2,30.00,180.00,0.00,0.00,5.5838e-08,3.2556e-07,1.1400e-06,5.0710e-06,1.0367e-05,1.0353e-05,7.8825e-06,5.5747e-08,2.9368e-07,8.1500e-07,5.1279e-06,8.8502e-06,1.0261e-05,9.0798e-06
P2,30.00,0.00,0.00,0.00,5.5838e-08,3.2556e-07,1.1400e-06,5.0710e-06,1.0367e-05,1.0353e-05,7.8825e-06,5.5747e-08,2.9368e-07,8.1500e-07,5.1279e-06,8.8502e-06,1.0261e-05,9.0798e-06
P2,0.00,0.00,0.00,0.00,5.4092e-08,3.4200e-07,1.1886e-06,5.1233e-06,1.0432e-05,1.0418e-05,8.0967e-06,5.4030e-08,3.0879e-07,8.5329e-07,5.1736e-06,8.9085e-06,1.0324e-05,9.2590e-06
P2,30.00,180.00,60.00,0.00,4.9743e-08,3.2555e-07,1.1400e-06,5.0708e-06,1.0367e-05,1.0353e-05,7.8824e-06,4.9764e-08,2.9368e-07,8.1500e-07,5.1277e-06,8.8500e-06,1.0261e-05,9.0798e-06
P2,60.00,180.00,0.00,0.00,6.4224e-08,2.7063e-07,9.5871e-07,4.8205e-06,1.0048e-05,1.0035e-05,7.0483e-06,6.3952e-08,2.4387e-07,6.7769e-07,4.9037e-06,8.5565e-06,9.9555e-06,8.3397e-06
P2,0.00,0.00,60.00,0.00,4.8430e-08,3.4200e-07,1.1886e-06,5.1231e-06,1.0432e-05,1.0418e-05,8.0967e-06,4.8483e-08,3.0879e-07,8.5329e-07,5.1734e-06,8.9083e-06,1.0324e-05,9.2589e-06
P2,0.00,45.00,0.00,0.00,5.4092e-08,3.4200e-07,1.1886e-06,5.1233e-06,1.0432e-05,1.0418e-05,8.0967e-06,5.4030e-08,3.0879e-07,8.5329e-07,5.1736e-06,8.9085e-06,1.0324e-05,9.2590e-06
P2,60.00,135.00,0.00,0.00,6.4224e-08,2.7063e-07,9.5871e-07,4.8205e-06,1.0048e-05,1.0035e-05,7.0483e-06,6.3952e-08,2.4387e-07,6.7769e-07,4.9037e-06,8.5565e-06,9.9555e-06,8.3397e-06
P2,30.00,90.00,30.00,0.00,5.4473e-08,3.2556e-07,1.1400e-06,5.0710e-06,1.0367e-05,1.0353e-05,7.8825e-06,5.4414e-08,2.9368e-07,8.1500e-07,5.1278e-06,8.8502e-06,1.0261e-05,9.0798e-06
P2,30.00,180.00,30.00,0.00,5.4443e-08,3.2556e-07,1.1400e-06,5.0710e-06,1.0367e-05,1.0353e-05,7.8825e-06,5.4385e-08,2.9368e-07,8.1500e-07,5.1278e-06,8.8502e-06,1.0261e-05,9.0798e-06
P2,30.00,135.00,60.00,0.00,4.9769e-08,3.2555e-07,1.1400e-06,5.0708e-06,1.0367e-05,1.0353e-05,7.8824e-06,4.9788e-08,2.9368e-07,8.1500e-07,5.1277e-06,8.8500e-06,1.0261e-05,9.0798e-06
P2,60.00,0.00,0.00,0.00,6.4224e-08,2.7063e-07,9.5871e-07,4.8205e-06,1.0048e-05,1.0035e-05,7.0483e-06,6.3952e-08,2.4387e-07,6.7769e-07,4.9037e-06,8.5565e-06,9.9555e-06,8.3397e-06
P2,0.00,135.00,0.00,0.00,5.4092e-08,3.4200e-07,1.1886e-06,5.1233e-06,1.0432e-05,1.0418e-05,8.0967e-06,5.4030e-08,3.0879e-07,8.5329e-07,5.1736e-06,8.9085e-06,1.0324e-05,9.2590e-06
P2,0.00,180.00,60.00,0.00,4.8430e-08,3.4200e-07,1.1886e-06,5.1231e-06,1.0432e-05,1.0418e-05,8.0967e-06,4.8483e-08,3.0879e-07,8.5329e-07,5.1734e-06,8.9083e-06,1.0324e-05,9.2589e-06
P2,0.00,90.00,30.00,0.00,5.2792e-08,3.4200e-07,1.1886e-06,5.1233e-06,1.0432e-05,1.0418e-05,8.0967e-06,5.2763e-08,3.0879e-07,8.5329e-07,5.1736e-06,8.9085e-06,1.0324e-05,9.2590e-06
P2,0.00,90.00,60.00,0.00,4.8430e-08,3.4200e-07,1.1886e-06,5.1231e-06,1.0432e-05,1.0418e-05,8.0967e-06,4.8483e-08,3.0879e-07,8.5329e-07,5.1734e-06,8.9083e-06,1.0324e-05,9.2589e-06
P2,60.00,0.00,60.00,0.00,5.6993e-08,2.7063e-07,9.5871e-07,4.8202e-06,1.0048e-05,1.0035e-05,7.0483e-06,5.6804e-08,2.4387e-07,6.7769e-07,4.9034e-06,8.5562e-06,9.9553e-06,8.3396e-06
P2,60.00,135.00,60.00,0.00,5.6416e-08,2.7063e-07,9.5871e-07,4.8202e-06,1.0048e-05,1.0035e-05,7.0483e-06,5.6232e-08,2.4387e-07,6.7769e-07,4.9034e-06,8.5562e-06,9.9553e-06,8.3396e-06
P2,60.00,0.00,30.00,0.00,6.2675e-08,2.7063e-07,9.5871e-07,4.8205e-06,1.0048e-05,1.0035e-05,7.0483e-06,6.2426e-08,2.4387e-07,6.7769e-07,4.9036e-06,8.5565e-06,9.9555e-06,8.3397e-06
P2,60.00,90.00,60.00,0.00,5.6659e-08,2.7063e-07,9.5871e-07,4.8202e-06,1.0048e-05,1.0035e-05,7.0483e-06,5.6473e-08,2.4387e-07,6.7769e-07,4.9034e-06,8.5562e-06,9.9553e-06,8.3396e-06
P2,60.00,45.00,30.00,0.00,6.2645e-08,2.7063e-07,9.5871e-07,4.8205e-06,1.0048e-05,1.0035e-05,7.0483e-06,6.2396e-08,2.4387e-07,6.7769e-07,4.9036e-06,8.5565e-06,9.9555e-06,8.3397e-06
P2,0.00,180.00,30.00,0.00,5.2792e-08,3.4200e-07,1.1886e-06,5.1233e-06,1.0432e-05,1.0418e-05,8.0967e-06,5.2763e-08,3.0879e-07,8.5329e-07,5.1736e-06,8.9085e-06,1.0324e-05,9.2590e-06
P2,60.00,180.00,30.00,0.00,6.2470e-08,2.7063e-07,9.5871e-07,4.8205e-06,1.0048e-05,1.0035e-05,7.0483e-06,6.2225e-08,2.4387e-07,6.7769e-07,4.9036e-06,8.5565e-06,9.9555e-06,8.3397e-06
P2,60.00,180.00,60.00,0.00,5.6313e-08,2.7063e-07,9.5871e-07,4.8202e-06,1.0048e-05,1.0035e-05,7.0483e-06,5.6131e-08,2.4387e-07,6.7769e-07,4.9034e-06,8.5562e-06,9.9553e-06,8.3396e-06
P2,30.00,90.00,60.00,0.00,4.9830e-08,3.2555e-07,1.1400e-06,5.0708e-06,1.0367e-05,1.0353e-05,7.8824e-06,4.9849e-08,2.9368e-07,8.1500e-07,5.1277e-06,8.8500e-06,1.0261e-05,9.0798e-06
P2,60.00,135.00,30.00,0.00,6.2500e-08,2.7063e-07,9.5871e-07,4.8205e-06,1.0048e-05,1.0035e-05,7.0483e-06,6.2254e-08,2.4387e-07,6.7769e-07,4.9036e-06,8.5565e-06,9.9555e-06,8.3397e-06
P2,30.00,0.00,30.00,0.00,5.4503e-08,3.2556e-07,1.1400e-06,5.0710e-06,1.0367e-05,1.0353e-05,7.8825e-06,5.4443e-08,2.9368e-07,8.1500e-07,5.1278e-06,8.8502e-06,1.0261e-05,9.0798e-06
P2,60.00,45.00,0.00,0.00,6.4224e-08,2.7063e-07,9.5871e-07,4.8205e-06,1.0048e-05,1.0035e-05,7.0483e-06,6.3952e-08,2.4387e-07,6.7769e-07,4.9037e-06,8.5565e-06,9.9555e-06,8.3397e-06
P2,60.00,90.00,0.00,0.00,6.4224e-08,2.7063e-07,9.5871e-07,4.8205e-06,1.0048e-05,1.0035e-05,7.0483e-06,6.3952e-08,2.4387e-07,6.7769e-07,4.9037e-06,8.5565e-06,9.9555e-06,8.3397e-06
P2,0.00,0.00,30.00,0.00,5.2792e-08,3.4200e-07,1.1886e-06,5.1233e-06,1.0432e-05,1.0418e-05,8.0967e-06,5.2763e-08,3.0879e-07,8.5329e-07,5.1736e-06,8.9085e-06,1.0324e-05,9.2590e-06
P2,0.00,45.00,60.00,0.00,4.8430e-08,3.4200e-07,1.1886e-06,5.1231e-06,1.0432e-05,1.0418e-05,8.0967e-06,4.8483e-08,3.0879e-07,8.5329e-07,5.1734e-06,8.9083e-06,1.0324e-05,9.2589e-06
P2,0.00,135.00,60.00,0.00,4.8430e-08,3.4200e-07,1.1886e-06,5.1231e-06,1.0432e-05,1.0418e-05,8.0967e-06,4.8483e-08,3.0879e-07,8.5329e-07,5.1734e-06,8.9083e-06,1.0324e-05,9.2589e-06
P2,30.00,45.00,60.00,0.00,4.9891e-08,3.2555e-07,1.1400e-06,5.0708e-06,1.0367e-05,1.0353e-05,7.8824e-06,4.9909e-08,2.9368e-07,8.1500e-07,5.1277e-06,8.8500e-06,1.0261e-05,9.0798e-06
P2,60.00,90.00,30.00,0.00,6.2572e-08,2.7063e-07,9.5871e-07,4.8205e-06,1.0048e-05,1.0035e-05,7.0483e-06,6.2325e-08,2.4387e-07,6.7769e-07,4.9036e-06,8.5565e-06,9.9555e-06,8.3397e-06
P2,30.00,45.00,0.00,0.00,5.5838e-08,3.2556e-07,1.1400e-06,5.0710e-06,1.0367e-05,1.0353e-05,7.8825e-06,5.5747e-08,2.9368e-07,8.1500e-07,5.1279e-06,8.8502e-06,1.0261e-05,9.0798e-06
P2,30.00,45.00,30.00,0.00,5.4494e-08,3.2556e-07,1.1400e-06,5.0710e-06,1.0367e-05,1.0353e-05,7.8825e-06,5.4434e-08,2.9368e-07,8.1500e-07,5.1278e-06,8.8502e-06,1.0261e-05,9.0798e-06
P2,30.00,0.00,60.00,0.00,4.9917e-08,3.2555e-07,1.1400e-06,5.0708e-06,1.0367e-05,1.0353e-05,7.8824e-06,4.9934e-08,2.9368e-07,8.1500e-07,5.1277e-06,8.8500e-06,1.0261e-05,9.0798e-06
P2,30.00,135.00,0.00,0.00,5.5838e-08,3.2556e-07,1.1400e-06,5.0710e-06,1.0367e-05,1.0353e-05,7.8825e-06,5.5747e-08,2.9368e-07,8.1500e-07,5.1279e-06,8.8502e-06,1.0261e-05,9.0798e-06
P2,0.00,45.00,30.00,0.00,5.2792e-08,3.4200e-07,1.1886e-06,5.1233e-06,1.0432e-05,1.0418e-05,8.0967e-06,5.2763e-08,3.0879e-07,8.5329e-07,5.1736e-06,8.9085e-06,1.0324e-05,9.2590e-06
P2,30.00,135.00,30.00,0.00,5.4452e-08,3.2556e-07,1.1400e-06,5.0710e-06,1.0367e-05,1.0353e-05,7.8825e-06,5.4393e-08,2.9368e-07,8.1500e-07,5.1278e-06,8.8502e-06,1.0261e-05,9.0798e-06
P2,0.00,135.00,30.00,0.00,5.2792e-08,3.4200e-07,1.1886e-06,5.1233e-06,1.0432e-05,1.0418e-05,8.0967e-06,5.2763e-08,3.0879e-07,8.5329e-07,5.1736e-06,8.9085e-06,1.0324e-05,9.2590e-06
P2,60.00,45.00,60.00,0.00,5.6896e-08,2.7063e-07,9.5871e-07,4.8202e-06,1.0048e-05,1.0035e-05,7.0483e-06,5.6708e-08,2.4387e-07,6.7769e-07,4.9034e-06,8.5562e-06,9.9553e-06,8.3396e-06
P2,0.00,90.00,0.00,0.00,5.4092e-08,3.4200e-07,1.1886e-06,5.1233e-06,1.0432e-05,1.0418e-05,8.0967e-06,5.4030e-08,3.0879e-07,8.5329e-07,5.1736e-06,8.9085e-06,1.0324e-05,9.2590e-06
P3,60.00,180.00,30.00,0.00,5.5950e-08,2.5882e-07,9.6089e-07,5.2988e-06,1.0308e-05,1.0297e-05,7.3880e-06,5.6211e-08,2.3125e-07,6.8198e-07,5.3737e-06,9.2215e-06,1.0259e-05,8.6645e-06
P3,60.00,90.00,0.00,0.00,5.6853e-08,2.5882e-07,9.6089e-07,5.2988e-06,1.0308e-05,1.0297e-05,7.3880e-06,5.7115e-08,2.3125e-07,6.8198e-07,5.3737e-06,9.2215e-06,1.0259e-05,8.6645e-06
P3,30.00,180.00,30.00,0.00,5.0378e-08,3.2103e-07,1.1230e-06,5.5162e-06,1.0839e-05,1.0827e-05,8.3517e-06,5.0679e-08,2.8904e-07,8.1506e-07,5.5619e-06,9.5347e-06,1.0764e-05,9.5465e-06
P3,60.00,45.00,30.00,0.00,5.6068e-08,2.5882e-07,9.6089e-07,5.2988e-06,1.0308e-05,1.0297e-05,7.3880e-06,5.6328e-08,2.3125e-07,6.8198e-07,5.3737e-06,9.2215e-06,1.0259e-05,8.6645e-06
P3,0.00,135.00,0.00,0.00,4.9694e-08,3.3863e-07,1.1650e-06,5.5496e-06,1.0934e-05,1.0921e-05,8.5999e-06,4.9997e-08,3.0556e-07,8.5019e-07,5.5881e-06,9.5717e-06,1.0850e-05,9.7623e-06
P3,60.00,135.00,0.00,0.00,5.6853e-08,2.5882e-07,9.6089e-07,5.2988e-06,1.0308e-05,1.0297e-05,7.3880e-06,5.7115e-08,2.3125e-07,6.8198e-07,5.3737e-06,9.2215e-06,1.0259e-05,8.6645e-06
P3,60.00,0.00,60.00,0.00,5.2658e-08,2.5882e-07,9.6089e-07,5.2987e-06,1.0307e-05,1.0297e-05,7.3880e-06,5.2906e-08,2.3125e-07,6.8198e-07,5.3735e-06,9.2214e-06,1.0259e-05,8.6645e-06
P3,60.00,45.00,60.00,0.00,5.2580e-08,2.5882e-07,9.6089e-07,5.2987e-06,1.0307e-05,1.0297e-05,7.3880e-06,5.2828e-08,2.3125e-07,6.8198e-07,5.3735e-06,9.2214e-06,1.0259e-05,8.6645e-06
P3,60.00,180.00,0.00,0.00,5.6853e-08,2.5882e-07,9.6089e-07,5.2988e-06,1.0308e-05,1.0297e-05,7.3880e-06,5.7115e-08,2.3125e-07,6.8198e-07,5.3737e-06,9.2215e-06,1.0259e-05,8.6645e-06
P3,60.00,180.00,60.00,0.00,5.2110e-08,2.5882e-07,9.6089e-07,5.2986e-06,1.0307e-05,1.0297e-05,7.3880e-06,5.2356e-08,2.3125e-07,6.8198e-07,5.3735e-06,9.2214e-06,1.0259e-05,8.6645e-06
P3,0.00,90.00,30.00,0.00,4.9081e-08,3.3863e-07,1.1650e-06,5.5496e-06,1.0934e-05,1.0921e-05,8.5999e-06,4.9386e-08,3.0556e-07,8.5019e-07,5.5881e-06,9.5717e-06,1.0850e-05,9.7623e-06
P3,0.00,135.00,60.00,0.00,4.6554e-08,3.3863e-07,1.1650e-06,5.5495e-06,1.0934e-05,1.0921e-05,8.5999e-06,4.6856e-08,3.0556e-07,8.5019e-07,5.5879e-06,9.5715e-06,1.0850e-05,9.7623e-06
P3,0.00,180.00,0.00,0.00,4.9694e-08,3.3863e-07,1.1650e-06,5.5496e-06,1.0934e-05,1.0921e-05,8.5999e-06,4.9997e-08,3.0556e-07,8.5019e-07,5.5881e-06,9.5717e-06,1.0850e-05,9.7623e-06
P3,60.00,0.00,30.00,0.00,5.6088e-08,2.5882e-07,9.6089e-07,5.2988e-06,1.0308e-05,1.0297e-05,7.3880e-06,5.6349e-08,2.3125e-07,6.8198e-07,5.3737e-06,9.2215e-06,1.0259e-05,8.6645e-06
P3,60.00,0.00,0.00,0.00,5.6853e-08,2.5882e-07,9.6089e-07,5.2988e-06,1.0308e-05,1.0297e-05,7.3880e-06,5.7115e-08,2.3125e-07,6.8198e-07,5.3737e-06,9.2215e-06,1.0259e-05,8.6645e-06
P3,30.00,135.00,30.00,0.00,5.0382e-08,3.2103e-07,1.1230e-06,5.5162e-06,1.0839e-05,1.0827e-05,8.3517e-06,5.0684e-08,2.8904e-07,8.1506e-07,5.5619e-06,9.5347e-06,1.0764e-05,9.5465e-06
P3,30.00,45.00,0.00,0.00,5.1052e-08,3.2103e-07,1.1230e-06,5.5162e-06,1.0839e-05,1.0827e-05,8.3517e-06,5.1353e-08,2.8904e-07,8.1506e-07,5.5620e-06,9.5347e-06,1.0764e-05,9.5465e-06
P3,30.00,0.00,30.00,0.00,5.0412e-08,3.2103e-07,1.1230e-06,5.5162e-06,1.0839e-05,1.0827e-05,8.3517e-06,5.0713e-08,2.8904e-07,8.1506e-07,5.5619e-06,9.5347e-06,1.0764e-05,9.5465e-06
P3,0.00,45.00,60.00,0.00,4.6554e-08,3.3863e-07,1.1650e-06,5.5495e-06,1.0934e-05,1.0921e-05,8.5999e-06,4.6856e-08,3.0556e-07,8.5019e-07,5.5879e-06,9.5715e-06,1.0850e-05,9.7623e-06
P3,60.00,135.00,30.00,0.00,5.5970e-08,2.5882e-07,9.6089e-07,5.2988e-06,1.0308e-05,1.0297e-05,7.3880e-06,5.6231e-08,2.3125e-07,6.8198e-07,5.3737e-06,9.2215e-06,1.0259e-05,8.6645e-06
P3,0.00,90.00,60.00,0.00,4.6554e-08,3.3863e-07,1.1650e-06,5.5495e-06,1.0934e-05,1.0921e-05,8.5999e-06,4.6856e-08,3.0556e-07,8.5019e-07,5.5879e-06,9.5715e-06,1.0850e-05,9.7623e-06
P3,30.00,90.00,60.00,0.00,4.7648e-08,3.2103e-07,1.1230e-06,5.5161e-06,1.0839e-05,1.0827e-05,8.3517e-06,4.7945e-08,2.8904e-07,8.1506e-07,5.5618e-06,9.5346e-06,1.0764e-05,9.5465e-06
P3,30.00,135.00,0.00,0.00,5.1052e-08,3.2103e-07,1.1230e-06,5.5162e-06,1.0839e-05,1.0827e-05,8.3517e-06,5.1353e-08,2.8904e-07,8.1506e-07,5.5620e-06,9.5347e-06,1.0764e-05,9.5465e-06
P3,0.00,0.00,0.00,0.00,4.9694e-08,3.3863e-07,1.1650e-06,5.5496e-06,1.0934e-05,1.0921e-05,8.5999e-06,4.9997e-08,3.0556e-07,8.5019e-07,5.5881e-06,9.5717e-06,1.0850e-05,9.7623e-06
P3,60.00,90.00,60.00,0.00,5.2389e-08,2.5882e-07,9.6089e-07,5.2986e-06,1.0307e-05,1.0297e-05,7.3880e-06,5.2637e-08,2.3125e-07,6.8198e-07,5.3735e-06,9.2214e-06,1.0259e-05,8.6645e-06
P3,30.00,135.00,60.00,0.00,4.7602e-08,3.2103e-07,1.1230e-06,5.5161e-06,1.0839e-05,1.0827e-05,8.3517e-06,4.7899e-08,2.8904e-07,8.1506e-07,5.5618e-06,9.5346e-06,1.0764e-05,9.5465e-06
P3,30.00,45.00,60.00,0.00,4.7695e-08,3.2103e-07,1.1230e-06,5.5161e-06,1.0839e-05,1.0827e-05,8.3517e-06,4.7991e-08,2.8904e-07,8.1506e-07,5.5618e-06,9.5346e-06,1.0764e-05,9.5465e-06
P3,30.00,180.00,60.00,0.00,4.7583e-08,3.2103e-07,1.1230e-06,5.5161e-06,1.0839e-05,1.0827e-05,8.3517e-06,4.7880e-08,2.8904e-07,8.1506e-07,5.5618e-06,9.5346e-06,1.0764e-05,9.5465e-06
P3,30.00,90.00,0.00,0.00,5.1052e-08,3.2103e-07,1.1230e-06,5.5162e-06,1.0839e-05,1.0827e-05,8.3517e-06,5.1353e-08,2.8904e-07,8.1506e-07,5.5620e-06,9.5347e-06,1.0764e-05,9.5465e-06
P3,0.00,180.00,60.00,0.00,4.6554e-08,3.3863e-07,1.1650e-06,5.5495e-06,1.0934e-05,1.0921e-05,8.5999e-06,4.6856e-08,3.0556e-07,8.5019e-07,5.5879e-06,9.5715e-06,1.0850e-05,9.7623e-06
P3,0.00,0.00,60.00,0.00,4.6554e-08,3.3863e-07,1.1650e-06,5.5495e-06,1.0934e-05,1.0921e-05,8.5999e-06,4.6856e-08,3.0556e-07,8.5019e-07,5.5879e-06,9.5715e-06,1.0850e-05,9.7623e-06
P3,30.00,0.00,0.00,0.00,5.1052e-08,3.2103e-07,1.1230e-06,5.5162e-06,1.0839e-05,1.0827e-05,8.3517e-06,5.1353e-08,2.8904e-07,8.1506e-07,5.5620e-06,9.5347e-06,1.0764e-05,9.5465e-06
P3,60.00,45.00,0.00,0.00,5.6853e-08,2.5882e-07,9.6089e-07,5.2988e-06,1.0308e-05,1.0297e-05,7.3880e-06,5.7115e-08,2.3125e-07,6.8198e-07,5.3737e-06,9.2215e-06,1.0259e-05,8.6645e-06
P3,60.00,135.00,60.00,0.00,5.2193e-08,2.5882e-07,9.6089e-07,5.2986e-06,1.0307e-05,1.0297e-05,7.3880e-06,5.2440e-08,2.3125e-07,6.8198e-07,5.3735e-06,9.2214e-06,1.0259e-05,8.6645e-06
P3,0.00,180.00,30.00,0.00,4.9081e-08,3.3863e-07,1.1650e-06,5.5496e-06,1.0934e-05,1.0921e-05,8.5999e-06,4.9386e-08,3.0556e-07,8.5019e-07,5.5881e-06,9.5717e-06,1.0850e-05,9.7623e-06
P3,30.00,45.00,30.00,0.00,5.0407e-08,3.2103e-07,1.1230e-06,5.5162e-06,1.0839e-05,1.0827e-05,8.3517e-06,5.0708e-08,2.8904e-07,8.1506e-07,5.5619e-06,9.5347e-06,1.0764e-05,9.5465e-06
P3,0.00,45.00,0.00,0.00,4.9694e-08,3.3863e-07,1.1650e-06,5.5496e-06,1.0934e-05,1.0921e-05,8.5999e-06,4.9997e-08,3.0556e-07,8.5019e-07,5.5881e-06,9.5717e-06,1.0850e-05,9.7623e-06
P3,30.00,0.00,60.00,0.00,4.7714e-08,3.2103e-07,1.1230e-06,5.5161e-06,1.0839e-05,1.0827e-05,8.3517e-06,4.8011e-08,2.8904e-07,8.1506e-07,5.5618e-06,9.5346e-06,1.0764e-05,9.5465e-06
P3,0.00,0.00,30.00,0.00,4.9081e-08,3.3863e-07,1.1650e-06,5.5496e-06,1.0934e-05,1.0921e-05,8.5999e-06,4.9386e-08,3.0556e-07,8.5019e-07,5.5881e-06,9.5717e-06,1.0850e-05,9.7623e-06
P3,0.00,45.00,30.00,0.00,4.9081e-08,3.3863e-07,1.1650e-06,5.5496e-06,1.0934e-05,1.0921e-05,8.5999e-06,4.9386e-08,3.0556e-07,8.5019e-07,5.5881e-06,9.5717e-06,1.0850e-05,9.7623e-06
P3,0.00,90.00,0.00,0.00,4.9694e-08,3.3863e-07,1.1650e-06,5.5496e-06,1.0934e-05,1.0921e-05,8.5999e-06,4.9997e-08,3.0556e-07,8.5019e-07,5.5881e-06,9.5717e-06,1.0850e-05,9.7623e-06
P3,30.00,90.00,30.00,0.00,5.0395e-08,3.2103e-07,1.1230e-06,5.5162e-06,1.0839e-05,1.0827e-05,8.3517e-06,5.0696e-08,2.8904e-07,8.1506e-07,5.5619e-06,9.5347e-06,1.0764e-05,9.5465e-06
P3,30.00,180.00,0.00,0.00,5.1052e-08,3.2103e-07,1.1230e-06,5.5162e-06,1.0839e-05,1.0827e-05,8.3517e-06,5.1353e-08,2.8904e-07,8.1506e-07,5.5620e-06,9.5347e-06,1.0764e-05,9.5465e-06
P3,60.00,90.00,30.00,0.00,5.6019e-08,2.5882e-07,9.6089e-07,5.2988e-06,1.0308e-05,1.0297e-05,7.3880e-06,5.6279e-08,2.3125e-07,6.8198e-07,5.3737e-06,9.2215e-06,1.0259e-05,8.6645e-06
P3,0.00,135.00,30.00,0.00,4.9081e-08,3.3863e-07,1.1650e-06,5.5496e-06,1.0934e-05,1.0921e-05,8.5999e-06,4.9386e-08,3.0556e-07,8.5019e-07,5.5881e-06,9.5717e-06,1.0850e-05,9.7623e-06
P4,0.00,135.00,30.00,0.00,5.3101e-08,4.0650e-07,1.7450e-06,4.8411e-06,1.0199e-05,1.0185e-05,6.2977e-06,5.2651e-08,3.5822e-07,1.2723e-06,4.8948e-06,8.5716e-06,1.0074e-05,8.3226e-06
P4,30.00,45.00,0.00,0.00,5.6132e-08,3.6573e-07,1.6559e-06,4.7359e-06,1.0083e-05,1.0068e-05,6.0007e-06,5.5565e-08,3.1967e-07,1.1902e-06,4.7967e-06,8.4571e-06,9.9597e-06,8.0603e-06
P4,60.00,90.00,60.00,0.00,6.0541e-08,2.3819e-07,1.2769e-06,4.1935e-06,9.4467e-06,9.4318e-06,4.9146e-06,5.9526e-08,2.0263e-07,8.6417e-07,4.2790e-06,7.8366e-06,9.3373e-06,6.9540e-06
P4,0.00,90.00,60.00,0.00,4.9787e-08,4.0635e-07,1.7447e-06,4.8409e-06,1.0199e-05,1.0185e-05,6.2977e-06,4.9388e-08,3.5808e-07,1.2721e-06,4.8947e-06,8.5715e-06,1.0073e-05,8.3226e-06
P4,0.00,180.00,60.00,0.00,4.9787e-08,4.0635e-07,1.7447e-06,4.8409e-06,1.0199e-05,1.0185e-05,6.2977e-06,4.9388e-08,3.5808e-07,1.2721e-06,4.8947e-06,8.5715e-06,1.0073e-05,8.3226e-06
P4,0.00,45.00,0.00,0.00,5.4039e-08,4.0654e-07,1.7450e-06,4.8411e-06,1.0199e-05,1.0185e-05,6.2977e-06,5.3566e-08,3.5826e-07,1.2724e-06,4.8949e-06,8.5716e-06,1.0074e-05,8.3226e-06
P4,60.00,45.00,0.00,0.00,6.6832e-08,2.3836e-07,1.2773e-06,4.1938e-06,9.4469e-06,9.4320e-06,4.9147e-06,6.5749e-08,2.0278e-07,8.6454e-07,4.2792e-06,7.8368e-06,9.3375e-06,6.9541e-06
P4,0.00,135.00,0.00,0.00,5.4039e-08,4.0654e-07,1.7450e-06,4.8411e-06,1.0199e-05,1.0185e-05,6.2977e-06,5.3566e-08,3.5826e-07,1.2724e-06,4.8949e-06,8.5716e-06,1.0074e-05,8.3226e-06
P4,0.00,90.00,30.00,0.00,5.3101e-08,4.0650e-07,1.7450e-06,4.8411e-06,1.0199e-05,1.0185e-05,6.2977e-06,5.2651e-08,3.5822e-07,1.2723e-06,4.8948e-06,8.5716e-06,1.0074e-05,8.3226e-06
P4,60.00,0.00,60.00,0.00,6.0833e-08,2.3820e-07,1.2769e-06,4.1935e-06,9.4467e-06,9.4318e-06,4.9146e-06,5.9816e-08,2.0264e-07,8.6420e-07,4.2790e-06,7.8366e-06,9.3374e-06,6.9540e-06
P4,0.00,180.00,30.00,0.00,5.3101e-08,4.0650e-07,1.7450e-06,4.8411e-06,1.0199e-05,1.0185e-05,6.2977e-06,5.2651e-08,3.5822e-07,1.2723e-06,4.8948e-06,8.5716e-06,1.0074e-05,8.3226e-06
P4,60.00,180.00,60.00,0.00,6.0237e-08,2.3818e-07,1.2769e-06,4.1935e-06,9.4467e-06,9.4318e-06,4.9146e-06,5.9224e-08,2.0262e-07,8.6415e-07,4.2789e-06,7.8366e-06,9.3373e-06,6.9540e-06
P4,30.00,0.00,30.00,0.00,5.5151e-08,3.6569e-07,1.6558e-06,4.7358e-06,1.0083e-05,1.0068e-05,6.0007e-06,5.4606e-08,3.1964e-07,1.1901e-06,4.7967e-06,8.4571e-06,9.9597e-06,8.0603e-06
P4,0.00,0.00,60.00,0.00,4.9787e-08,4.0635e-07,1.7447e-06,4.8409e-06,1.0199e-05,1.0185e-05,6.2977e-06,4.9388e-08,3.5808e-07,1.2721e-06,4.8947e-06,8.5715e-06,1.0073e-05,8.3226e-06
P4,30.00,135.00,0.00,0.00,5.6132e-08,3.6573e-07,1.6559e-06,4.7359e-06,1.0083e-05,1.0068e-05,6.0007e-06,5.5565e-08,3.1967e-07,1.1902e-06,4.7967e-06,8.4571e-06,9.9597e-06,8.0603e-06
P4,30.00,90.00,0.00,0.00,5.6132e-08,3.6573e-07,1.6559e-06,4.7359e-06,1.0083e-05,1.0068e-05,6.0007e-06,5.5565e-08,3.1967e-07,1.1902e-06,4.7967e-06,8.4571e-06,9.9597e-06,8.0603e-06
P4,30.00,45.00,30.00,0.00,5.5145e-08,3.6569e-07,1.6558e-06,4.7358e-06,1.0083e-05,1.0068e-05,6.0007e-06,5.4600e-08,3.1964e-07,1.1901e-06,4.7967e-06,8.4571e-06,9.9597e-06,8.0603e-06
P4,30.00,45.00,60.00,0.00,5.1585e-08,3.6554e-07,1.6556e-06,4.7357e-06,1.0083e-05,1.0068e-05,6.0007e-06,5.1089e-08,3.1950e-07,1.1899e-06,4.7966e-06,8.4570e-06,9.9596e-06,8.0603e-06
P4,30.00,180.00,60.00,0.00,5.1466e-08,3.6554e-07,1.6556e-06,4.7357e-06,1.0083e-05,1.0068e-05,6.0007e-06,5.0971e-08,3.1950e-07,1.1898e-06,4.7966e-06,8.4570e-06,9.9596e-06,8.0603e-06
P4,60.00,45.00,30.00,0.00,6.5570e-08,2.3832e-07,1.2773e-06,4.1937e-06,9.4468e-06,9.4319e-06,4.9147e-06,6.4507e-08,2.0275e-07,8.6448e-07,4.2792e-06,7.8368e-06,9.3374e-06,6.9541e-06
P4,60.00,0.00,0.00,0.00,6.6832e-08,2.3836e-07,1.2773e-06,4.1938e-06,9.4469e-06,9.4320e-06,4.9147e-06,6.5749e-08,2.0278e-07,8.6454e-07,4.2792e-06,7.8368e-06,9.3375e-06,6.9541e-06
P4,60.00,135.00,30.00,0.00,6.5454e-08,2.3832e-07,1.2773e-06,4.1937e-06,9.4468e-06,9.4319e-06,4.9147e-06,6.4394e-08,2.0275e-07,8.6447e-07,4.2792e-06,7.8368e-06,9.3374e-06,6.9541e-06
P4,30.00,90.00,60.00,0.00,5.1536e-08,3.6554e-07,1.6556e-06,4.7357e-06,1.0083e-05,1.0068e-05,6.0007e-06,5.1040e-08,3.1950e-07,1.1899e-06,4.7966e-06,8.4570e-06,9.9596e-06,8.0603e-06
P4,60.00,135.00,0.00,0.00,6.6832e-08,2.3836e-07,1.2773e-06,4.1938e-06,9.4469e-06,9.4320e-06,4.9147e-06,6.5749e-08,2.0278e-07,8.6454e-07,4.2792e-06,7.8368e-06,9.3375e-06,6.9541e-06
P4,60.00,45.00,60.00,0.00,6.0748e-08,2.3819e-07,1.2769e-06,4.1935e-06,9.4467e-06,9.4318e-06,4.9146e-06,5.9732e-08,2.0264e-07,8.6419e-07,4.2790e-06,7.8366e-06,9.3373e-06,6.9540e-06
P4,30.00,135.00,30.00,0.00,5.5115e-08,3.6569e-07,1.6558e-06,4.7358e-06,1.0083e-05,1.0068e-05,6.0007e-06,5.4570e-08,3.1964e-07,1.1901e-06,4.7967e-06,8.4571e-06,9.9597e-06,8.0603e-06
P4,30.00,135.00,60.00,0.00,5.1487e-08,3.6554e-07,1.6556e-06,4.7357e-06,1.0083e-05,1.0068e-05,6.0007e-06,5.0991e-08,3.1950e-07,1.1898e-06,4.7966e-06,8.4570e-06,9.9596e-06,8.0603e-06
P4,60.00,0.00,30.00,0.00,6.5594e-08,2.3832e-07,1.2773e-06,4.1937e-06,9.4468e-06,9.4319e-06,4.9147e-06,6.4531e-08,2.0275e-07,8.6448e-07,4.2792e-06,7.8368e-06,9.3374e-06,6.9541e-06
P4,30.00,180.00,30.00,0.00,5.5109e-08,3.6569e-07,1.6558e-06,4.7358e-06,1.0083e-05,1.0068e-05,6.0007e-06,5.4564e-08,3.1963e-07,1.1901e-06,4.7967e-06,8.4571e-06,9.9597e-06,8.0603e-06
P4,30.00,0.00,0.00,0.00,5.6132e-08,3.6573e-07,1.6559e-06,4.7359e-06,1.0083e-05,1.0068e-05,6.0007e-06,5.5565e-08,3.1967e-07,1.1902e-06,4.7967e-06,8.4571e-06,9.9597e-06,8.0603e-06
P4,30.00,180.00,0.00,0.00,5.6132e-08,3.6573e-07,1.6559e-06,4.7359e-06,1.0083e-05,1.0068e-05,6.0007e-06,5.5565e-08,3.1967e-07,1.1902e-06,4.7967e-06,8.4571e-06,9.9597e-06,8.0603e-06
P4,60.00,135.00,60.00,0.00,6.0327e-08,2.3818e-07,1.2769e-06,4.1935e-06,9.4467e-06,9.4318e-06,4.9146e-06,5.9313e-08,2.0263e-07,8.6415e-07,4.2789e-06,7.8366e-06,9.3373e-06,6.9540e-06
P4,0.00,180.00,0.00,0.00,5.4039e-08,4.0654e-07,1.7450e-06,4.8411e-06,1.0199e-05,1.0185e-05,6.2977e-06,5.3566e-08,3.5826e-07,1.2724e-06,4.8949e-06,8.5716e-06,1.0074e-05,8.3226e-06
P4,30.00,90.00,30.00,0.00,5.5130e-08,3.6569e-07,1.6558e-06,4.7358e-06,1.0083e-05,1.0068e-05,6.0007e-06,5.4585e-08,3.1964e-07,1.1901e-06,4.7967e-06,8.4571e-06,9.9597e-06,8.0603e-06
P4,30.00,0.00,60.00,0.00,5.1606e-08,3.6554e-07,1.6556e-06,4.7357e-06,1.0083e-05,1.0068e-05,6.0007e-06,5.1109e-08,3.1950e-07,1.1899e-06,4.7966e-06,8.4570e-06,9.9596e-06,8.0603e-06
P4,60.00,90.00,30.00,0.00,6.5512e-08,2.3832e-07,1.2773e-06,4.1937e-06,9.4468e-06,9.4319e-06,4.9147e-06,6.4450e-08,2.0275e-07,8.6447e-07,4.2792e-06,7.8368e-06,9.3374e-06,6.9541e-06
P4,0.00,0.00,30.00,0.00,5.3101e-08,4.0650e-07,1.7450e-06,4.8411e-06,1.0199e-05,1.0185e-05,6.2977e-06,5.2651e-08,3.5822e-07,1.2723e-06,4.8948e-06,8.5716e-06,1.0074e-05,8.3226e-06
P4,0.00,90.00,0.00,0.00,5.4039e-08,4.0654e-07,1.7450e-06,4.8411e-06,1.0199e-05,1.0185e-05,6.2977e-06,5.3566e-08,3.5826e-07,1.2724e-06,4.8949e-06,8.5716e-06,1.0074e-05,8.3226e-06
P4,0.00,45.00,30.00,0.00,5.3101e-08,4.0650e-07,1.7450e-06,4.8411e-06,1.0199e-05,1.0185e-05,6.2977e-06,5.2651e-08,3.5822e-07,1.2723e-06,4.8948e-06,8.5716e-06,1.0074e-05,8.3226e-06
P4,60.00,180.00,0.00,0.00,6.6832e-08,2.3836e-07,1.2773e-06,4.1938e-06,9.4469e-06,9.4320e-06,4.9147e-06,6.5749e-08,2.0278e-07,8.6454e-07,4.2792e-06,7.8368e-06,9.3375e-06,6.9541e-06
P4,0.00,45.00,60.00,0.00,4.9787e-08,4.0635e-07,1.7447e-06,4.8409e-06,1.0199e-05,1.0185e-05,6.2977e-06,4.9388e-08,3.5808e-07,1.2721e-06,4.8947e-06,8.5715e-06,1.0073e-05,8.3226e-06
P4,60.00,90.00,0.00,0.00,6.6832e-08,2.3836e-07,1.2773e-06,4.1938e-06,9.4469e-06,9.4320e-06,4.9147e-06,6.5749e-08,2.0278e-07,8.6454e-07,4.2792e-06,7.8368e-06,9.3375e-06,6.9541e-06
P4,60.00,180.00,30.00,0.00,6.5431e-08,2.3832e-07,1.2773e-06,4.1937e-06,9.4468e-06,9.4319e-06,4.9147e-06,6.4371e-08,2.0275e-07,8.6446e-07,4.2792e-06,7.8368e-06,9.3374e-06,6.9541e-06
P4,0.00,135.00,60.00,0.00,4.9787e-08,4.0635e-07,1.7447e-06,4.8409e-06,1.0199e-05,1.0185e-05,6.2977e-06,4.9388e-08,3.5808e-07,1.2721e-06,4.8947e-06,8.5715e-06,1.0073e-05,8.3226e-06
P4,0.00,0.00,0.00,0.00,5.4039e-08,4.0654e-07,1.7450e-06,4.8411e-06,1.0199e-05,1.0185e-05,6.2977e-06,5.3566e-08,3.5826e-07,1.2724e-06,4.8949e-06,8.5716e-06,1.0074e-05,8.3226e-06
P5,60.00,135.00,0.00,0.00,6.6118e-08,1.8177e-07,8.0684e-07,4.2472e-06,9.5428e-06,9.5281e-06,5.0850e-06,6.5144e-08,1.5936e-07,5.1669e-07,4.3504e-06,7.9587e-06,9.4440e-06,6.9577e-06
P5,30.00,180.00,30.00,0.00,5.4729e-08,2.3257e-07,1.0983e-06,4.7559e-06,1.0134e-05,1.0119e-05,6.1105e-06,5.4251e-08,2.0186e-07,7.0207e-07,4.8317e-06,8.5279e-06,1.0019e-05,8.0146e-06
P5,30.00,180.00,0.00,0.00,5.5749e-08,2.3258e-07,1.0983e-06,4.7560e-06,1.0134e-05,1.0119e-05,6.1105e-06,5.5248e-08,2.0187e-07,7.0209e-07,4.8318e-06,8.5280e-06,1.0019e-05,8.0146e-06
P5,30.00,135.00,0.00,0.00,5.5749e-08,2.3258e-07,1.0983e-06,4.7560e-06,1.0134e-05,1.0119e-05,6.1105e-06,5.5248e-08,2.0187e-07,7.0209e-07,4.8318e-06,8.5280e-06,1.0019e-05,8.0146e-06
P5,60.00,90.00,60.00,0.00,5.9855e-08,1.8174e-07,8.0664e-07,4.2469e-06,9.5427e-06,9.5280e-06,5.0849e-06,5.8953e-08,1.5935e-07,5.1659e-07,4.3501e-06,7.9584e-06,9.4439e-06,6.9576e-06
P5,0.00,135.00,60.00,0.00,4.9467e-08,2.4974e-07,1.1795e-06,4.8557e-06,1.0243e-05,1.0228e-05,6.3906e-06,4.9130e-08,2.1664e-07,7.6039e-07,4.9237e-06,8.6330e-06,1.0125e-05,8.2687e-06
P5,60.00,0.00,60.00,0.00,6.0147e-08,1.8174e-07,8.0666e-07,4.2469e-06,9.5427e-06,9.5280e-06,5.0849e-06,5.9244e-08,1.5935e-07,5.1660e-07,4.3501e-06,7.9585e-06,9.4439e-06,6.9576e-06
P5,60.00,90.00,30.00,0.00,6.4805e-08,1.8176e-07,8.0680e-07,4.2471e-06,9.5428e-06,9.5281e-06,5.0849e-06,6.3852e-08,1.5936e-07,5.1667e-07,4.3503e-06,7.9586e-06,9.4440e-06,6.9577e-06
P5,0.00,180.00,30.00,0.00,5.2776e-08,2.4977e-07,1.1796e-06,4.8558e-06,1.0243e-05,1.0228e-05,6.3906e-06,5.2384e-08,2.1665e-07,7.6048e-07,4.9238e-06,8.6331e-06,1.0125e-05,8.2687e-06
P5,30.00,45.00,30.00,0.00,5.4765e-08,2.3257e-07,1.0983e-06,4.7559e-06,1.0134e-05,1.0119e-05,6.1105e-06,5.4286e-08,2.0186e-07,7.0207e-07,4.8317e-06,8.5279e-06,1.0019e-05,8.0146e-06
P5,0.00,90.00,0.00,0.00,5.3711e-08,2.4978e-07,1.1797e-06,4.8558e-06,1.0243e-05,1.0228e-05,6.3907e-06,5.3295e-08,2.1666e-07,7.6051e-07,4.9239e-06,8.6331e-06,1.0125e-05,8.2687e-06
P5,30.00,180.00,60.00,0.00,5.1094e-08,2.3254e-07,1.0981e-06,4.7558e-06,1.0134e-05,1.0119e-05,6.1104e-06,5.0668e-08,2.0185e-07,7.0198e-07,4.8316e-06,8.5278e-06,1.0019e-05,8.0146e-06
P5,0.00,45.00,60.00,0.00,4.9467e-08,2.4974e-07,1.1795e-06,4.8557e-06,1.0243e-05,1.0228e-05,6.3906e-06,4.9130e-08,2.1664e-07,7.6039e-07,4.9237e-06,8.6330e-06,1.0125e-05,8.2687e-06
P5,60.00,90.00,0.00,0.00,6.6118e-08,1.8177e-07,8.0684e-07,4.2472e-06,9.5428e-06,9.5281e-06,5.0850e-06,6.5144e-08,1.5936e-07,5.1669e-07,4.3504e-06,7.9587e-06,9.4440e-06,6.9577e-06
P5,0.00,45.00,30.00,0.00,5.2776e-08,2.4977e-07,1.1796e-06,4.8558e-06,1.0243e-05,1.0228e-05,6.3906e-06,5.2384e-08,2.1665e-07,7.6048e-07,4.9238e-06,8.6331e-06,1.0125e-05,8.2687e-06
P5,30.00,45.00,0.00,0.00,5.5749e-08,2.3258e-07,1.0983e-06,4.7560e-06,1.0134e-05,1.0119e-05,6.1105e-06,5.5248e-08,2.0187e-07,7.0209e-07,4.8318e-06,8.5280e-06,1.0019e-05,8.0146e-06
P5,30.00,45.00,60.00,0.00,5.1214e-08,2.3254e-07,1.0981e-06,4.7558e-06,1.0134e-05,1.0119e-05,6.1104e-06,5.0786e-08,2.0185e-07,7.0198e-07,4.8316e-06,8.5278e-06,1.0019e-05,8.0146e-06
P5,60.00,45.00,60.00,0.00,6.0062e-08,1.8174e-07,8.0665e-07,4.2469e-06,9.5427e-06,9.5280e-06,5.0849e-06,5.9160e-08,1.5935e-07,5.1660e-07,4.3501e-06,7.9585e-06,9.4439e-06,6.9576e-06
P5,60.00,135.00,60.00,0.00,5.9641e-08,1.8174e-07,8.0663e-07,4.2469e-06,9.5427e-06,9.5280e-06,5.0849e-06,5.8741e-08,1.5935e-07,5.1659e-07,4.3501e-06,7.9584e-06,9.4439e-06,6.9576e-06
P5,30.00,0.00,0.00,0.00,5.5749e-08,2.3258e-07,1.0983e-06,4.7560e-06,1.0134e-05,1.0119e-05,6.1105e-06,5.5248e-08,2.0187e-07,7.0209e-07,4.8318e-06,8.5280e-06,1.0019e-05,8.0146e-06
P5,60.00,180.00,0.00,0.00,6.6118e-08,1.8177e-07,8.0684e-07,4.2472e-06,9.5428e-06,9.5281e-06,5.0850e-06,6.5144e-08,1.5936e-07,5.1669e-07,4.3504e-06,7.9587e-06,9.4440e-06,6.9577e-06
P5,60.00,135.00,30.00,0.00,6.4747e-08,1.8176e-07,8.0680e-07,4.2471e-06,9.5428e-06,9.5281e-06,5.0849e-06,6.3796e-08,1.5936e-07,5.1667e-07,4.3503e-06,7.9586e-06,9.4440e-06,6.9577e-06
P5,30.00,135.00,60.00,0.00,5.1115e-08,2.3254e-07,1.0981e-06,4.7558e-06,1.0134e-05,1.0119e-05,6.1104e-06,5.0689e-08,2.0185e-07,7.0198e-07,4.8316e-06,8.5278e-06,1.0019e-05,8.0146e-06
P5,60.00,180.00,30.00,0.00,6.4724e-08,1.8176e-07,8.0679e-07,4.2471e-06,9.5428e-06,9.5281e-06,5.0849e-06,6.3773e-08,1.5936e-07,5.1667e-07,4.3503e-06,7.9586e-06,9.4440e-06,6.9577e-06
P5,0.00,0.00,0.00,0.00,5.3711e-08,2.4978e-07,1.1797e-06,4.8558e-06,1.0243e-05,1.0228e-05,6.3907e-06,5.3295e-08,2.1666e-07,7.6051e-07,4.9239e-06,8.6331e-06,1.0125e-05,8.2687e-06
P5,30.00,0.00,30.00,0.00,5.4772e-08,2.3257e-07,1.0983e-06,4.7559e-06,1.0134e-05,1.0119e-05,6.1105e-06,5.4292e-08,2.0187e-07,7.0207e-07,4.8317e-06,8.5279e-06,1.0019e-05,8.0146e-06
P5,0.00,90.00,60.00,0.00,4.9467e-08,2.4974e-07,1.1795e-06,4.8557e-06,1.0243e-05,1.0228e-05,6.3906e-06,4.9130e-08,2.1664e-07,7.6039e-07,4.9237e-06,8.6330e-06,1.0125e-05,8.2687e-06
P5,0.00,180.00,60.00,0.00,4.9467e-08,2.4974e-07,1.1795e-06,4.8557e-06,1.0243e-05,1.0228e-05,6.3906e-06,4.9130e-08,2.1664e-07,7.6039e-07,4.9237e-06,8.6330e-06,1.0125e-05,8.2687e-06
P5,60.00,180.00,60.00,0.00,5.9551e-08,1.8174e-07,8.0663e-07,4.2469e-06,9.5427e-06,9.5280e-06,5.0849e-06,5.8651e-08,1.5935e-07,5.1659e-07,4.3501e-06,7.9584e-06,9.4439e-06,6.9576e-06
P5,60.00,0.00,0.00,0.00,6.6118e-08,1.8177e-07,8.0684e-07,4.2472e-06,9.5428e-06,9.5281e-06,5.0850e-06,6.5144e-08,1.5936e-07,5.1669e-07,4.3504e-06,7.9587e-06,9.4440e-06,6.9577e-06
P5,0.00,90.00,30.00,0.00,5.2776e-08,2.4977e-07,1.1796e-06,4.8558e-06,1.0243e-05,1.0228e-05,6.3906e-06,5.2384e-08,2.1665e-07,7.6048e-07,4.9238e-06,8.6331e-06,1.0125e-05,8.2687e-06
P5,30.00,0.00,60.00,0.00,5.1234e-08,2.3254e-07,1.0981e-06,4.7558e-06,1.0134e-05,1.0119e-05,6.1104e-06,5.0807e-08,2.0185e-07,7.0199e-07,4.8316e-06,8.5278e-06,1.0019e-05,8.0146e-06
P5,0.00,180.00,0.00,0.00,5.3711e-08,2.4978e-07,1.1797e-06,4.8558e-06,1.0243e-05,1.0228e-05,6.3907e-06,5.3295e-08,2.1666e-07,7.6051e-07,4.9239e-06,8.6331e-06,1.0125e-05,8.2687e-06
P5,30.00,135.00,30.00,0.00,5.4735e-08,2.3257e-07,1.0983e-06,4.7559e-06,1.0134e-05,1.0119e-05,6.1105e-06,5.4257e-08,2.0186e-07,7.0207e-07,4.8317e-06,8.5279e-06,1.0019e-05,8.0146e-06
P5,30.00,90.00,60.00,0.00,5.1164e-08,2.3254e-07,1.0981e-06,4.7558e-06,1.0134e-05,1.0119e-05,6.1104e-06,5.0737e-08,2.0185e-07,7.0198e-07,4.8316e-06,8.5278e-06,1.0019e-05,8.0146e-06
P5,0.00,135.00,30.00,0.00,5.2776e-08,2.4977e-07,1.1796e-06,4.8558e-06,1.0243e-05,1.0228e-05,6.3906e-06,5.2384e-08,2.1665e-07,7.6048e-07,4.9238e-06,8.6331e-06,1.0125e-05,8.2687e-06
P5,0.00,135.00,0.00,0.00,5.3711e-08,2.4978e-07,1.1797e-06,4.8558e-06,1.0243e-05,1.0228e-05,6.3907e-06,5.3295e-08,2.1666e-07,7.6051e-07,4.9239e-06,8.6331e-06,1.0125e-05,8.2687e-06
P5,30.00,90.00,30.00,0.00,5.4750e-08,2.3257e-07,1.0983e-06,4.7559e-06,1.0134e-05,1.0119e-05,6.1105e-06,5.4271e-08,2.0186e-07,7.0207e-07,4.8317e-06,8.5279e-06,1.0019e-05,8.0146e-06
P5,0.00,0.00,60.00,0.00,4.9467e-08,2.4974e-07,1.1795e-06,4.8557e-06,1.0243e-05,1.0228e-05,6.3906e-06,4.9130e-08,2.1664e-07,7.6039e-07,4.9237e-06,8.6330e-06,1.0125e-05,8.2687e-06
P5,0.00,0.00,30.00,0.00,5.2776e-08,2.4977e-07,1.1796e-06,4.8558e-06,1.0243e-05,1.0228e-05,6.3906e-06,5.2384e-08,2.1665e-07,7.6048e-07,4.9238e-06,8.6331e-06,1.0125e-05,8.2687e-06
P5,30.00,90.00,0.00,0.00,5.5749e-08,2.3258e-07,1.0983e-06,4.7560e-06,1.0134e-05,1.0119e-05,6.1105e-06,5.5248e-08,2.0187e-07,7.0209e-07,4.8318e-06,8.5280e-06,1.0019e-05,8.0146e-06
P5,60.00,45.00,30.00,0.00,6.4863e-08,1.8176e-07,8.0680e-07,4.2471e-06,9.5428e-06,9.5281e-06,5.0849e-06,6.3909e-08,1.5936e-07,5.1667e-07,4.3503e-06,7.9586e-06,9.4440e-06,6.9577e-06
P5,0.00,45.00,0.00,0.00,5.3711e-08,2.4978e-07,1.1797e-06,4.8558e-06,1.0243e-05,1.0228e-05,6.3907e-06,5.3295e-08,2.1666e-07,7.6051e-07,4.9239e-06,8.6331e-06,1.0125e-05,8.2687e-06
P5,60.00,0.00,30.00,0.00,6.4887e-08,1.8177e-07,8.0680e-07,4.2471e-06,9.5428e-06,9.5281e-06,5.0849e-06,6.3933e-08,1.5936e-07,5.1667e-07,4.3504e-06,7.9586e-06,9.4440e-06,6.9577e-06
P5,60.00,45.00,0.00,0.00,6.6118e-08,1.8177e-07,8.0684e-07,4.2472e-06,9.5428e-06,9.5281e-06,5.0850e-06,6.5144e-08,1.5936e-07,5.1669e-07,4.3504e-06,7.9587e-06,9.4440e-06,6.9577e-06
P6,30.00,0.00,30.00,0.00,5.3661e-08,3.9153e-07,1.4237e-06,5.6552e-06,1.1300e-05,1.1285e-05,8.6538e-06,5.3820e-08,3.5110e-07,1.0236e-06,5.6968e-06,9.7500e-06,1.1196e-05,9.9406e-06
P6,30.00,90.00,60.00,0.00,5.0398e-08,3.9153e-07,1.4237e-06,5.6550e-06,1.1300e-05,1.1285e-05,8.6538e-06,5.0554e-08,3.5110e-07,1.0236e-06,5.6966e-06,9.7499e-06,1.1196e-05,9.9406e-06
P6,30.00,90.00,30.00,0.00,5.3641e-08,3.9153e-07,1.4237e-06,5.6552e-06,1.1300e-05,1.1285e-05,8.6538e-06,5.3801e-08,3.5110e-07,1.0236e-06,5.6968e-06,9.7500e-06,1.1196e-05,9.9406e-06
P6,0.00,0.00,60.00,0.00,4.8990e-08,4.1667e-07,1.4822e-06,5.6715e-06,1.1336e-05,1.1322e-05,8.8933e-06,4.9168e-08,3.7473e-07,1.0751e-06,5.7054e-06,9.7492e-06,1.1226e-05,1.0131e-05
P6,30.00,45.00,60.00,0.00,5.0452e-08,3.9153e-07,1.4237e-06,5.6550e-06,1.1300e-05,1.1285e-05,8.6538e-06,5.0608e-08,3.5110e-07,1.0236e-06,5.6966e-06,9.7499e-06,1.1196e-05,9.9406e-06
P6,0.00,0.00,0.00,0.00,5.2677e-08,4.1667e-07,1.4822e-06,5.6718e-06,1.1336e-05,1.1322e-05,8.8933e-06,5.2853e-08,3.7473e-07,1.0751e-06,5.7057e-06,9.7493e-06,1.1226e-05,1.0131e-05
P6,0.00,135.00,0.00,0.00,5.2677e-08,4.1667e-07,1.4822e-06,5.6718e-06,1.1336e-05,1.1322e-05,8.8933e-06,5.2853e-08,3.7473e-07,1.0751e-06,5.7057e-06,9.7493e-06,1.1226e-05,1.0131e-05
P6,60.00,45.00,60.00,0.00,5.6860e-08,3.0540e-07,1.1921e-06,5.5290e-06,1.1026e-05,1.1013e-05,7.6969e-06,5.6888e-08,2.7130e-07,8.2880e-07,5.6038e-06,9.6400e-06,1.0950e-05,9.1350e-06
P6,0.00,135.00,30.00,0.00,5.1965e-08,4.1667e-07,1.4822e-06,5.6717e-06,1.1336e-05,1.1322e-05,8.8933e-06,5.2144e-08,3.7473e-07,1.0751e-06,5.7056e-06,9.7493e-06,1.1226e-05,1.0131e-05
P6,30.00,0.00,0.00,0.00,5.4408e-08,3.9153e-07,1.4237e-06,5.6552e-06,1.1300e-05,1.1285e-05,8.6538e-06,5.4566e-08,3.5110e-07,1.0236e-06,5.6969e-06,9.7501e-06,1.1196e-05,9.9406e-06
P6,60.00,180.00,60.00,0.00,5.6308e-08,3.0540e-07,1.1921e-06,5.5290e-06,1.1026e-05,1.1013e-05,7.6969e-06,5.6335e-08,2.7130e-07,8.2880e-07,5.6038e-06,9.6400e-06,1.0950e-05,9.1350e-06
P6,60.00,90.00,30.00,0.00,6.0967e-08,3.0540e-07,1.1921e-06,5.5292e-06,1.1026e-05,1.1013e-05,7.6969e-06,6.1005e-08,2.7130e-07,8.2880e-07,5.6040e-06,9.6401e-06,1.0950e-05,9.1350e-06
P6,30.00,45.00,0.00,0.00,5.4408e-08,3.9153e-07,1.4237e-06,5.6552e-06,1.1300e-05,1.1285e-05,8.6538e-06,5.4566e-08,3.5110e-07,1.0236e-06,5.6969e-06,9.7501e-06,1.1196e-05,9.9406e-06
P6,30.00,90.00,0.00,0.00,5.4408e-08,3.9153e-07,1.4237e-06,5.6552e-06,1.1300e-05,1.1285e-05,8.6538e-06,5.4566e-08,3.5110e-07,1.0236e-06,5.6969e-06,9.7501e-06,1.1196e-05,9.9406e-06
P6,60.00,0.00,0.00,0.00,6.1953e-08,3.0540e-07,1.1921e-06,5.5293e-06,1.1026e-05,1.1013e-05,7.6969e-06,6.1992e-08,2.7130e-07,8.2880e-07,5.6041e-06,9.6401e-06,1.0950e-05,9.1350e-06
P6,0.00,180.00,0.00,0.00,5.2677e-08,4.1667e-07,1.4822e-06,5.6718e-06,1.1336e-05,1.1322e-05,8.8933e-06,5.2853e-08,3.7473e-07,1.0751e-06,5.7057e-06,9.7493e-06,1.1226e-05,1.0131e-05
P6,0.00,45.00,30.00,0.00,5.1965e-08,4.1667e-07,1.4822e-06,5.6717e-06,1.1336e-05,1.1322e-05,8.8933e-06,5.2144e-08,3.7473e-07,1.0751e-06,5.7056e-06,9.7493e-06,1.1226e-05,1.0131e-05
P6,30.00,0.00,60.00,0.00,5.0475e-08,3.9153e-07,1.4237e-06,5.6550e-06,1.1300e-05,1.1285e-05,8.6538e-06,5.0630e-08,3.5110e-07,1.0236e-06,5.6966e-06,9.7499e-06,1.1196e-05,9.9406e-06
P6,60.00,45.00,30.00,0.00,6.1024e-08,3.0540e-07,1.1921e-06,5.5292e-06,1.1026e-05,1.1013e-05,7.6969e-06,6.1062e-08,2.7130e-07,8.2880e-07,5.6040e-06,9.6401e-06,1.0950e-05,9.1350e-06
P6,0.00,90.00,60.00,0.00,4.8990e-08,4.1667e-07,1.4822e-06,5.6715e-06,1.1336e-05,1.1322e-05,8.8933e-06,4.9168e-08,3.7473e-07,1.0751e-06,5.7054e-06,9.7492e-06,1.1226e-05,1.0131e-05
P6,0.00,180.00,60.00,0.00,4.8990e-08,4.1667e-07,1.4822e-06,5.6715e-06,1.1336e-05,1.1322e-05,8.8933e-06,4.9168e-08,3.7473e-07,1.0751e-06,5.7054e-06,9.7492e-06,1.1226e-05,1.0131e-05
P6,0.00,90.00,0.00,0.00,5.2677e-08,4.1667e-07,1.4822e-06,5.6718e-06,1.1336e-05,1.1322e-05,8.8933e-06,5.2853e-08,3.7473e-07,1.0751e-06,5.7057e-06,9.7493e-06,1.1226e-05,1.0131e-05
P6,0.00,135.00,60.00,0.00,4.8990e-08,4.1667e-07,1.4822e-06,5.6715e-06,1.1336e-05,1.1322e-05,8.8933e-06,4.9168e-08,3.7473e-07,1.0751e-06,5.7054e-06,9.7492e-06,1.1226e-05,1.0131e-05
P6,60.00,135.00,30.00,0.00,6.0910e-08,3.0540e-07,1.1921e-06,5.5292e-06,1.1026e-05,1.1013e-05,7.6969e-06,6.0948e-08,2.7130e-07,8.2880e-07,5.6040e-06,9.6400e-06,1.0950e-05,9.1350e-06
P6,0.00,45.00,0.00,0.00,5.2677e-08,4.1667e-07,1.4822e-06,5.6718e-06,1.1336e-05,1.1322e-05,8.8933e-06,5.2853e-08,3.7473e-07,1.0751e-06,5.7057e-06,9.7493e-06,1.1226e-05,1.0131e-05
P6,0.00,90.00,30.00,0.00,5.1965e-08,4.1667e-07,1.4822e-06,5.6717e-06,1.1336e-05,1.1322e-05,8.8933e-06,5.2144e-08,3.7473e-07,1.0751e-06,5.7056e-06,9.7493e-06,1.1226e-05,1.0131e-05
P6,60.00,90.00,60.00,0.00,5.6636e-08,3.0540e-07,1.1921e-06,5.5290e-06,1.1026e-05,1.1013e-05,7.6969e-06,5.6664e-08,2.7130e-07,8.2880e-07,5.6038e-06,9.6400e-06,1.0950e-05,9.1350e-06
P6,60.00,0.00,60.00,0.00,5.6951e-08,3.0540e-07,1.1921e-06,5.5290e-06,1.1026e-05,1.1013e-05,7.6969e-06,5.6979e-08,2.7130e-07,8.2880e-07,5.6038e-06,9.6400e-06,1.0950e-05,9.1350e-06
P6,60.00,135.00,60.00,0.00,5.6406e-08,3.0540e-07,1.1921e-06,5.5290e-06,1.1026e-05,1.1013e-05,7.6969e-06,5.6433e-08,2.7130e-07,8.2880e-07,5.6038e-06,9.6400e-06,1.0950e-05,9.1350e-06
P6,60.00,90.00,0.00,0.00,6.1953e-08,3.0540e-07,1.1921e-06,5.5293e-06,1.1026e-05,1.1013e-05,7.6969e-06,6.1992e-08,2.7130e-07,8.2880e-07,5.6041e-06,9.6401e-06,1.0950e-05,9.1350e-06
P6,60.00,180.00,30.00,0.00,6.0887e-08,3.0540e-07,1.1921e-06,5.5292e-06,1.1026e-05,1.1013e-05,7.6969e-06,6.0925e-08,2.7130e-07,8.2880e-07,5.6040e-06,9.6400e-06,1.0950e-05,9.1350e-06
P6,30.00,45.00,30.00,0.00,5.3655e-08,3.9153e-07,1.4237e-06,5.6552e-06,1.1300e-05,1.1285e-05,8.6538e-06,5.3815e-08,3.5110e-07,1.0236e-06,5.6968e-06,9.7500e-06,1.1196e-05,9.9406e-06
P6,0.00,180.00,30.00,0.00,5.1965e-08,4.1667e-07,1.4822e-06,5.6717e-06,1.1336e-05,1.1322e-05,8.8933e-06,5.2144e-08,3.7473e-07,1.0751e-06,5.7056e-06,9.7493e-06,1.1226e-05,1.0131e-05
P6,0.00,0.00,30.00,0.00,5.1965e-08,4.1667e-07,1.4822e-06,5.6717e-06,1.1336e-05,1.1322e-05,8.8933e-06,5.2144e-08,3.7473e-07,1.0751e-06,5.7056e-06,9.7493e-06,1.1226e-05,1.0131e-05
P6,30.00,180.00,0.00,0.00,5.4408e-08,3.9153e-07,1.4237e-06,5.6552e-06,1.1300e-05,1.1285e-05,8.6538e-06,5.4566e-08,3.5110e-07,1.0236e-06,5.6969e-06,9.7501e-06,1.1196e-05,9.9406e-06
P6,60.00,0.00,30.00,0.00,6.1047e-08,3.0540e-07,1.1921e-06,5.5292e-06,1.1026e-05,1.1013e-05,7.6969e-06,6.1085e-08,2.7130e-07,8.2880e-07,5.6040e-06,9.6401e-06,1.0950e-05,9.1350e-06
P6,60.00,180.00,0.00,0.00,6.1953e-08,3.0540e-07,1.1921e-06,5.5293e-06,1.1026e-05,1.1013e-05,7.6969e-06,6.1992e-08,2.7130e-07,8.2880e-07,5.6041e-06,9.6401e-06,1.0950e-05,9.1350e-06
P6,0.00,45.00,60.00,0.00,4.8990e-08,4.1667e-07,1.4822e-06,5.6715e-06,1.1336e-05,1.1322e-05,8.8933e-06,4.9168e-08,3.7473e-07,1.0751e-06,5.7054e-06,9.7492e-06,1.1226e-05,1.0131e-05
P6,30.00,135.00,60.00,0.00,5.0345e-08,3.9153e-07,1.4237e-06,5.6550e-06,1.1300e-05,1.1285e-05,8.6538e-06,5.0500e-08,3.5110e-07,1.0236e-06,5.6966e-06,9.7499e-06,1.1196e-05,9.9406e-06
P6,30.00,135.00,0.00,0.00,5.4408e-08,3.9153e-07,1.4237e-06,5.6552e-06,1.1300e-05,1.1285e-05,8.6538e-06,5.4566e-08,3.5110e-07,1.0236e-06,5.6969e-06,9.7501e-06,1.1196e-05,9.9406e-06
P6,60.00,135.00,0.00,0.00,6.1953e-08,3.0540e-07,1.1921e-06,5.5293e-06,1.1026e-05,1.1013e-05,7.6969e-06,6.1992e-08,2.7130e-07,8.2880e-07,5.6041e-06,9.6401e-06,1.0950e-05,9.1350e-06
P6,30.00,135.00,30.00,0.00,5.3627e-08,3.9153e-07,1.4237e-06,5.6552e-06,1.1300e-05,1.1285e-05,8.6538e-06,5.3787e-08,3.5110e-07,1.0236e-06,5.6968e-06,9.7500e-06,1.1196e-05,9.9406e-06
P6,30.00,180.00,30.00,0.00,5.3622e-08,3.9153e-07,1.4237e-06,5.6552e-06,1.1300e-05,1.1285e-05,8.6538e-06,5.3781e-08,3.5110e-07,1.0236e-06,5.6968e-06,9.7500e-06,1.1196e-05,9.9406e-06
P6,60.00,45.00,0.00,0.00,6.1953e-08,3.0540e-07,1.1921e-06,5.5293e-06,1.1026e-05,1.1013e-05,7.6969e-06,6.1992e-08,2.7130e-07,8.2880e-07,5.6041e-06,9.6401e-06,1.0950e-05,9.1350e-06
P6,30.00,180.00,60.00,0.00,5.0322e-08,3.9153e-07,1.4237e-06,5.6550e-06,1.1300e-05,1.1285e-05,8.6538e-06,5.0478e-08,3.5110e-07,1.0236e-06,5.6966e-06,9.7499e-06,1.1196e-05,9.9406e-06
P7,60.00,90.00,30.00,0.00,6.2682e-08,3.0820e-07,8.8121e-07,4.3073e-06,9.2308e-06,9.2195e-06,6.6123e-06,6.2410e-08,2.8486e-07,6.8399e-07,4.3800e-06,8.0240e-06,9.1773e-06,7.6386e-06
P7,30.00,0.00,30.00,0.00,5.4217e-08,3.4560e-07,9.7075e-07,4.7074e-06,9.8192e-06,9.8071e-06,7.3191e-06,5.4173e-08,3.1984e-07,7.5496e-07,4.7644e-06,8.5213e-06,9.7486e-06,8.4037e-06
P7,0.00,135.00,0.00,0.00,5.3496e-08,3.5572e-07,9.9469e-07,4.7924e-06,9.9417e-06,9.9294e-06,7.5151e-06,5.3470e-08,3.2933e-07,7.7365e-07,4.8446e-06,8.6193e-06,9.8662e-06,8.5993e-06
P7,60.00,135.00,30.00,0.00,6.2613e-08,3.0820e-07,8.8121e-07,4.3073e-06,9.2308e-06,9.2195e-06,6.6123e-06,6.2341e-08,2.8486e-07,6.8399e-07,4.3800e-06,8.0240e-06,9.1773e-06,7.6386e-06
P7,60.00,0.00,30.00,0.00,6.2782e-08,3.0820e-07,8.8121e-07,4.3073e-06,9.2308e-06,9.2195e-06,6.6123e-06,6.2508e-08,2.8486e-07,6.8399e-07,4.3801e-06,8.0240e-06,9.1773e-06,7.6386e-06
P7,30.00,180.00,0.00,0.00,5.5370e-08,3.4560e-07,9.7075e-07,4.7075e-06,9.8192e-06,9.8071e-06,7.3191e-06,5.5307e-08,3.1984e-07,7.5496e-07,4.7645e-06,8.5213e-06,9.7486e-06,8.4037e-06
P7,30.00,0.00,60.00,0.00,4.9825e-08,3.4560e-07,9.7075e-07,4.7072e-06,9.8191e-06,9.8071e-06,7.3191e-06,4.9831e-08,3.1984e-07,7.5496e-07,4.7642e-06,8.5212e-06,9.7486e-06,8.4036e-06
P7,0.00,0.00,60.00,0.00,4.8280e-08,3.5572e-07,9.9469e-07,4.7921e-06,9.9416e-06,9.9293e-06,7.5151e-06,4.8329e-08,3.2933e-07,7.7365e-07,4.8443e-06,8.6191e-06,9.8661e-06,8.5992e-06
P7,60.00,45.00,30.00,0.00,6.2753e-08,3.0820e-07,8.8121e-07,4.3073e-06,9.2308e-06,9.2195e-06,6.6123e-06,6.2479e-08,2.8486e-07,6.8399e-07,4.3800e-06,8.0240e-06,9.1773e-06,7.6386e-06
P7,30.00,180.00,60.00,0.00,4.9646e-08,3.4560e-07,9.7075e-07,4.7072e-06,9.8191e-06,9.8071e-06,7.3191e-06,4.9654e-08,3.1984e-07,7.5496e-07,4.7642e-06,8.5212e-06,9.7485e-06,8.4036e-06
P7,30.00,45.00,60.00,0.00,4.9799e-08,3.4560e-07,9.7075e-07,4.7072e-06,9.8191e-06,9.8071e-06,7.3191e-06,4.9805e-08,3.1984e-07,7.5496e-07,4.7642e-06,8.5212e-06,9.7485e-06,8.4036e-06
P7,60.00,135.00,0.00,0.00,6.4195e-08,3.0820e-07,8.8121e-07,4.3074e-06,9.2308e-06,9.2195e-06,6.6123e-06,6.3906e-08,2.8486e-07,6.8399e-07,4.3801e-06,8.0240e-06,9.1773e-06,7.6387e-06
P7,60.00,0.00,60.00,0.00,5.7075e-08,3.0820e-07,8.8121e-07,4.3070e-06,9.2307e-06,9.2194e-06,6.6123e-06,5.6841e-08,2.8486e-07,6.8399e-07,4.3797e-06,8.0238e-06,9.1772e-06,7.6386e-06
P7,30.00,45.00,0.00,0.00,5.5370e-08,3.4560e-07,9.7075e-07,4.7075e-06,9.8192e-06,9.8071e-06,7.3191e-06,5.5307e-08,3.1984e-07,7.5496e-07,4.7645e-06,8.5213e-06,9.7486e-06,8.4037e-06
P7,60.00,45.00,60.00,0.00,5.6969e-08,3.0820e-07,8.8121e-07,4.3070e-06,9.2307e-06,9.2194e-06,6.6123e-06,5.6736e-08,2.8486e-07,6.8399e-07,4.3797e-06,8.0238e-06,9.1772e-06,7.6386e-06
P7,0.00,90.00,60.00,0.00,4.8280e-08,3.5572e-07,9.9469e-07,4.7921e-06,9.9416e-06,9.9293e-06,7.5151e-06,4.8329e-08,3.2933e-07,7.7365e-07,4.8443e-06,8.6191e-06,9.8661e-06,8.5992e-06
P7,60.00,0.00,0.00,0.00,6.4195e-08,3.0820e-07,8.8121e-07,4.3074e-06,9.2308e-06,9.2195e-06,6.6123e-06,6.3906e-08,2.8486e-07,6.8399e-07,4.3801e-06,8.0240e-06,9.1773e-06,7.6387e-06
P7,60.00,90.00,0.00,0.00,6.4195e-08,3.0820e-07,8.8121e-07,4.3074e-06,9.2308e-06,9.2195e-06,6.6123e-06,6.3906e-08,2.8486e-07,6.8399e-07,4.3801e-06,8.0240e-06,9.1773e-06,7.6387e-06
P7,30.00,180.00,30.00,0.00,5.4164e-08,3.4560e-07,9.7075e-07,4.7074e-06,9.8192e-06,9.8071e-06,7.3191e-06,5.4122e-08,3.1984e-07,7.5496e-07,4.7644e-06,8.5213e-06,9.7486e-06,8.4037e-06
P7,30.00,135.00,60.00,0.00,4.9673e-08,3.4560e-07,9.7075e-07,4.7072e-06,9.8191e-06,9.8071e-06,7.3191e-06,4.9680e-08,3.1984e-07,7.5496e-07,4.7642e-06,8.5212e-06,9.7485e-06,8.4036e-06
P7,30.00,45.00,30.00,0.00,5.4209e-08,3.4560e-07,9.7075e-07,4.7074e-06,9.8192e-06,9.8071e-06,7.3191e-06,5.4165e-08,3.1984e-07,7.5496e-07,4.7644e-06,8.5213e-06,9.7486e-06,8.4037e-06
P7,0.00,135.00,30.00,0.00,5.2392e-08,3.5572e-07,9.9469e-07,4.7924e-06,9.9417e-06,9.9294e-06,7.5151e-06,5.2388e-08,3.2933e-07,7.7365e-07,4.8445e-06,8.6193e-06,9.8662e-06,8.5993e-06
P7,30.00,0.00,0.00,0.00,5.5370e-08,3.4560e-07,9.7075e-07,4.7075e-06,9.8192e-06,9.8071e-06,7.3191e-06,5.5307e-08,3.1984e-07,7.5496e-07,4.7645e-06,8.5213e-06,9.7486e-06,8.4037e-06
P7,30.00,90.00,60.00,0.00,4.9736e-08,3.4560e-07,9.7075e-07,4.7072e-06,9.8191e-06,9.8071e-06,7.3191e-06,4.9742e-08,3.1984e-07,7.5496e-07,4.7642e-06,8.5212e-06,9.7485e-06,8.4036e-06
P7,0.00,45.00,60.00,0.00,4.8280e-08,3.5572e-07,9.9469e-07,4.7921e-06,9.9416e-06,9.9293e-06,7.5151e-06,4.8329e-08,3.2933e-07,7.7365e-07,4.8443e-06,8.6191e-06,9.8661e-06,8.5992e-06
P7,60.00,180.00,0.00,0.00,6.4195e-08,3.0820e-07,8.8121e-07,4.3074e-06,9.2308e-06,9.2195e-06,6.6123e-06,6.3906e-08,2.8486e-07,6.8399e-07,4.3801e-06,8.0240e-06,9.1773e-06,7.6387e-06
P7,0.00,0.00,0.00,0.00,5.3496e-08,3.5572e-07,9.9469e-07,4.7924e-06,9.9417e-06,9.9294e-06,7.5151e-06,5.3470e-08,3.2933e-07,7.7365e-07,4.8446e-06,8.6193e-06,9.8662e-06,8.5993e-06
P7,60.00,180.00,60.00,0.00,5.6328e-08,3.0820e-07,8.8121e-07,4.3070e-06,9.2307e-06,9.2194e-06,6.6123e-06,5.6098e-08,2.8486e-07,6.8399e-07,4.3797e-06,8.0237e-06,9.1772e-06,7.6386e-06
P7,0.00,180.00,30.00,0.00,5.2392e-08,3.5572e-07,9.9469e-07,4.7924e-06,9.9417e-06,9.9294e-06,7.5151e-06,5.2388e-08,3.2933e-07,7.7365e-07,4.8445e-06,8.6193e-06,9.8662e-06,8.5993e-06
P7,60.00,45.00,0.00,0.00,6.4195e-08,3.0820e-07,8.8121e-07,4.3074e-06,9.2308e-06,9.2195e-06,6.6123e-06,6.3906e-08,2.8486e-07,6.8399e-07,4.3801e-06,8.0240e-06,9.1773e-06,7.6387e-06
P7,30.00,90.00,30.00,0.00,5.4190e-08,3.4560e-07,9.7075e-07,4.7074e-06,9.8192e-06,9.8071e-06,7.3191e-06,5.4147e-08,3.1984e-07,7.5496e-07,4.7644e-06,8.5213e-06,9.7486e-06,8.4037e-06
P7,60.00,180.00,30.00,0.00,6.2584e-08,3.0820e-07,8.8121e-07,4.3073e-06,9.2308e-06,9.2195e-06,6.6123e-06,6.2313e-08,2.8486e-07,6.8399e-07,4.3800e-06,8.0240e-06,9.1773e-06,7.6386e-06
P7,60.00,135.00,60.00,0.00,5.6442e-08,3.0820e-07,8.8121e-07,4.3070e-06,9.2307e-06,9.2194e-06,6.6123e-06,5.6211e-08,2.8486e-07,6.8399e-07,4.3797e-06,8.0238e-06,9.1772e-06,7.6386e-06
P7,30.00,135.00,0.00,0.00,5.5370e-08,3.4560e-07,9.7075e-07,4.7075e-06,9.8192e-06,9.8071e-06,7.3191e-06,5.5307e-08,3.1984e-07,7.5496e-07,4.7645e-06,8.5213e-06,9.7486e-06,8.4037e-06
P7,0.00,180.00,60.00,0.00,4.8280e-08,3.5572e-07,9.9469e-07,4.7921e-06,9.9416e-06,9.9293e-06,7.5151e-06,4.8329e-08,3.2933e-07,7.7365e-07,4.8443e-06,8.6191e-06,9.8661e-06,8.5992e-06
P7,0.00,180.00,0.00,0.00,5.3496e-08,3.5572e-07,9.9469e-07,4.7924e-06,9.9417e-06,9.9294e-06,7.5151e-06,5.3470e-08,3.2933e-07,7.7365e-07,4.8446e-06,8.6193e-06,9.8662e-06,8.5993e-06
P7,0.00,135.00,60.00,0.00,4.8280e-08,3.5572e-07,9.9469e-07,4.7921e-06,9.9416e-06,9.9293e-06,7.5151e-06,4.8329e-08,3.2933e-07,7.7365e-07,4.8443e-06,8.6191e-06,9.8661e-06,8.5992e-06
P7,0.00,90.00,30.00,0.00,5.2392e-08,3.5572e-07,9.9469e-07,4.7924e-06,9.9417e-06,9.9294e-06,7.5151e-06,5.2388e-08,3.2933e-07,7.7365e-07,4.8445e-06,8.6193e-06,9.8662e-06,8.5993e-06
P7,0.00,90.00,0.00,0.00,5.3496e-08,3.5572e-07,9.9469e-07,4.7924e-06,9.9417e-06,9.9294e-06,7.5151e-06,5.3470e-08,3.2933e-07,7.7365e-07,4.8446e-06,8.6193e-06,9.8662e-06,8.5993e-06
P7,30.00,135.00,30.00,0.00,5.4172e-08,3.4560e-07,9.7075e-07,4.7074e-06,9.8192e-06,9.8071e-06,7.3191e-06,5.4129e-08,3.1984e-07,7.5496e-07,4.7644e-06,8.5213e-06,9.7486e-06,8.4037e-06
P7,0.00,45.00,30.00,0.00,5.2392e-08,3.5572e-07,9.9469e-07,4.7924e-06,9.9417e-06,9.9294e-06,7.5151e-06,5.2388e-08,3.2933e-07,7.7365e-07,4.8445e-06,8.6193e-06,9.8662e-06,8.5993e-06
P7,60.00,90.00,60.00,0.00,5.6710e-08,3.0820e-07,8.8121e-07,4.3070e-06,9.2307e-06,9.2194e-06,6.6123e-06,5.6478e-08,2.8486e-07,6.8399e-07,4.3797e-06,8.0238e-06,9.1772e-06,7.6386e-06
P7,0.00,0.00,30.00,0.00,5.2392e-08,3.5572e-07,9.9469e-07,4.7924e-06,9.9417e-06,9.9294e-06,7.5151e-06,5.2388e-08,3.2933e-07,7.7365e-07,4.8445e-06,8.6193e-06,9.8662e-06,8.5993e-06
P7,30.00,90.00,0.00,0.00,5.5370e-08,3.4560e-07,9.7075e-07,4.7075e-06,9.8192e-06,9.8071e-06,7.3191e-06,5.5307e-08,3.1984e-07,7.5496e-07,4.7645e-06,8.5213e-06,9.7486e-06,8.4037e-06
P7,0.00,45.00,0.00,0.00,5.3496e-08,3.5572e-07,9.9469e-07,4.7924e-06,9.9417e-06,9.9294e-06,7.5151e-06,5.3470e-08,3.2933e-07,7.7365e-07,4.8446e-06,8.6193e-06,9.8662e-06,8.5993e-06
P8,30.00,180.00,60.00,0.00,5.1369e-08,3.0649e-07,1.0772e-06,5.6835e-06,1.1001e-05,1.0990e-05,8.6223e-06,5.1573e-08,2.7587e-07,7.6327e-07,5.7346e-06,9.7664e-06,1.0932e-05,9.7527e-06
P8,60.00,90.00,30.00,0.00,6.3406e-08,2.5321e-07,9.0698e-07,5.4255e-06,1.0447e-05,1.0437e-05,7.6928e-06,6.3564e-08,2.2718e-07,6.4009e-07,5.5048e-06,9.3552e-06,1.0392e-05,8.9166e-06
P8,30.00,135.00,60.00,0.00,5.1401e-08,3.0649e-07,1.0772e-06,5.6835e-06,1.1001e-05,1.0990e-05,8.6223e-06,5.1605e-08,2.7587e-07,7.6327e-07,5.7346e-06,9.7664e-06,1.0932e-05,9.7527e-06
P8,60.00,180.00,0.00,0.00,6.5600e-08,2.5321e-07,9.0698e-07,5.4255e-06,1.0447e-05,1.0437e-05,7.6928e-06,6.5736e-08,2.2718e-07,6.4009e-07,5.5049e-06,9.3552e-06,1.0392e-05,8.9166e-06
P8,0.00,135.00,0.00,0.00,5.8551e-08,3.2189e-07,1.1240e-06,5.7217e-06,1.1118e-05,1.1106e-05,8.8614e-06,5.8605e-08,2.9003e-07,7.9826e-07,5.7653e-06,9.8262e-06,1.1043e-05,9.9635e-06
P8,30.00,90.00,0.00,0.00,5.9972e-08,3.0649e-07,1.0772e-06,5.6836e-06,1.1001e-05,1.0990e-05,8.6223e-06,6.0046e-08,2.7587e-07,7.6327e-07,5.7348e-06,9.7665e-06,1.0932e-05,9.7527e-06
P8,30.00,0.00,60.00,0.00,5.1588e-08,3.0649e-07,1.0772e-06,5.6835e-06,1.1001e-05,1.0990e-05,8.6223e-06,5.1788e-08,2.7587e-07,7.6327e-07,5.7346e-06,9.7664e-06,1.0932e-05,9.7527e-06
P8,60.00,90.00,0.00,0.00,6.5600e-08,2.5321e-07,9.0698e-07,5.4255e-06,1.0447e-05,1.0437e-05,7.6928e-06,6.5736e-08,2.2718e-07,6.4009e-07,5.5049e-06,9.3552e-06,1.0392e-05,8.9166e-06
P8,0.00,135.00,60.00,0.00,5.0338e-08,3.2189e-07,1.1240e-06,5.7216e-06,1.1118e-05,1.1106e-05,8.8614e-06,5.0536e-08,2.9003e-07,7.9826e-07,5.7652e-06,9.8262e-06,1.1043e-05,9.9635e-06
P8,30.00,90.00,30.00,0.00,5.7929e-08,3.0649e-07,1.0772e-06,5.6836e-06,1.1001e-05,1.0990e-05,8.6223e-06,5.8041e-08,2.7587e-07,7.6327e-07,5.7347e-06,9.7664e-06,1.0932e-05,9.7527e-06
P8,0.00,0.00,0.00,0.00,5.8551e-08,3.2189e-07,1.1240e-06,5.7217e-06,1.1118e-05,1.1106e-05,8.8614e-06,5.8605e-08,2.9003e-07,7.9826e-07,5.7653e-06,9.8262e-06,1.1043e-05,9.9635e-06
P8,0.00,45.00,60.00,0.00,5.0338e-08,3.2189e-07,1.1240e-06,5.7216e-06,1.1118e-05,1.1106e-05,8.8614e-06,5.0536e-08,2.9003e-07,7.9826e-07,5.7652e-06,9.8262e-06,1.1043e-05,9.9635e-06
P8,60.00,180.00,30.00,0.00,6.3279e-08,2.5321e-07,9.0698e-07,5.4255e-06,1.0447e-05,1.0437e-05,7.6928e-06,6.3439e-08,2.2718e-07,6.4009e-07,5.5048e-06,9.3552e-06,1.0392e-05,8.9166e-06
P8,30.00,45.00,0.00,0.00,5.9972e-08,3.0649e-07,1.0772e-06,5.6836e-06,1.1001e-05,1.0990e-05,8.6223e-06,6.0046e-08,2.7587e-07,7.6327e-07,5.7348e-06,9.7665e-06,1.0932e-05,9.7527e-06
P8,60.00,0.00,0.00,0.00,6.5600e-08,2.5321e-07,9.0698e-07,5.4255e-06,1.0447e-05,1.0437e-05,7.6928e-06,6.5736e-08,2.2718e-07,6.4009e-07,5.5049e-06,9.3552e-06,1.0392e-05,8.9166e-06
P8,0.00,45.00,30.00,0.00,5.6555e-08,3.2189e-07,1.1240e-06,5.7217e-06,1.1118e-05,1.1106e-05,8.8614e-06,5.6651e-08,2.9003e-07,7.9826e-07,5.7653e-06,9.8262e-06,1.1043e-05,9.9635e-06
P8,60.00,45.00,60.00,0.00,5.6384e-08,2.5320e-07,9.0698e-07,5.4254e-06,1.0447e-05,1.0437e-05,7.6928e-06,5.6586e-08,2.2718e-07,6.4009e-07,5.5047e-06,9.3552e-06,1.0392e-05,8.9166e-06
P8,30.00,45.00,60.00,0.00,5.1556e-08,3.0649e-07,1.0772e-06,5.6835e-06,1.1001e-05,1.0990e-05,8.6223e-06,5.1757e-08,2.7587e-07,7.6327e-07,5.7346e-06,9.7664e-06,1.0932e-05,9.7527e-06
P8,60.00,135.00,0.00,0.00,6.5600e-08,2.5321e-07,9.0698e-07,5.4255e-06,1.0447e-05,1.0437e-05,7.6928e-06,6.5736e-08,2.2718e-07,6.4009e-07,5.5049e-06,9.3552e-06,1.0392e-05,8.9166e-06
P8,30.00,180.00,0.00,0.00,5.9972e-08,3.0649e-07,1.0772e-06,5.6836e-06,1.1001e-05,1.0990e-05,8.6223e-06,6.0046e-08,2.7587e-07,7.6327e-07,5.7348e-06,9.7665e-06,1.0932e-05,9.7527e-06
P8,30.00,0.00,30.00,0.00,5.7974e-08,3.0649e-07,1.0772e-06,5.6836e-06,1.1001e-05,1.0990e-05,8.6223e-06,5.8084e-08,2.7587e-07,7.6327e-07,5.7347e-06,9.7664e-06,1.0932e-05,9.7527e-06
P8,60.00,135.00,60.00,0.00,5.5856e-08,2.5320e-07,9.0698e-07,5.4254e-06,1.0447e-05,1.0437e-05,7.6928e-06,5.6061e-08,2.2718e-07,6.4009e-07,5.5047e-06,9.3552e-06,1.0392e-05,8.9166e-06
P8,0.00,90.00,30.00,0.00,5.6555e-08,3.2189e-07,1.1240e-06,5.7217e-06,1.1118e-05,1.1106e-05,8.8614e-06,5.6651e-08,2.9003e-07,7.9826e-07,5.7653e-06,9.8262e-06,1.1043e-05,9.9635e-06
P8,0.00,0.00,60.00,0.00,5.0338e-08,3.2189e-07,1.1240e-06,5.7216e-06,1.1118e-05,1.1106e-05,8.8614e-06,5.0536e-08,2.9003e-07,7.9826e-07,5.7652e-06,9.8262e-06,1.1043e-05,9.9635e-06
P8,60.00,90.00,60.00,0.00,5.6122e-08,2.5320e-07,9.0698e-07,5.4254e-06,1.0447e-05,1.0437e-05,7.6928e-06,5.6326e-08,2.2718e-07,6.4009e-07,5.5047e-06,9.3552e-06,1.0392e-05,8.9166e-06
P8,0.00,135.00,30.00,0.00,5.6555e-08,3.2189e-07,1.1240e-06,5.7217e-06,1.1118e-05,1.1106e-05,8.8614e-06,5.6651e-08,2.9003e-07,7.9826e-07,5.7653e-06,9.8262e-06,1.1043e-05,9.9635e-06
P8,30.00,45.00,30.00,0.00,5.7960e-08,3.0649e-07,1.0772e-06,5.6836e-06,1.1001e-05,1.0990e-05,8.6223e-06,5.8071e-08,2.7587e-07,7.6327e-07,5.7347e-06,9.7664e-06,1.0932e-05,9.7527e-06
P8,0.00,180.00,60.00,0.00,5.0338e-08,3.2189e-07,1.1240e-06,5.7216e-06,1.1118e-05,1.1106e-05,8.8614e-06,5.0536e-08,2.9003e-07,7.9826e-07,5.7652e-06,9.8262e-06,1.1043e-05,9.9635e-06
P8,30.00,135.00,30.00,0.00,5.7898e-08,3.0649e-07,1.0772e-06,5.6836e-06,1.1001e-05,1.0990e-05,8.6223e-06,5.8011e-08,2.7587e-07,7.6327e-07,5.7347e-06,9.7664e-06,1.0932e-05,9.7527e-06
P8,60.00,0.00,30.00,0.00,6.3535e-08,2.5321e-07,9.0698e-07,5.4255e-06,1.0447e-05,1.0437e-05,7.6928e-06,6.3690e-08,2.2718e-07,6.4009e-07,5.5048e-06,9.3552e-06,1.0392e-05,8.9166e-06
P8,30.00,90.00,60.00,0.00,5.1479e-08,3.0649e-07,1.0772e-06,5.6835e-06,1.1001e-05,1.0990e-05,8.6223e-06,5.1681e-08,2.7587e-07,7.6327e-07,5.7346e-06,9.7664e-06,1.0932e-05,9.7527e-06
P8,60.00,135.00,30.00,0.00,6.3316e-08,2.5321e-07,9.0698e-07,5.4255e-06,1.0447e-05,1.0437e-05,7.6928e-06,6.3475e-08,2.2718e-07,6.4009e-07,5.5048e-06,9.3552e-06,1.0392e-05,8.9166e-06
P8,30.00,180.00,30.00,0.00,5.7885e-08,3.0649e-07,1.0772e-06,5.6836e-06,1.1001e-05,1.0990e-05,8.6223e-06,5.7999e-08,2.7587e-07,7.6327e-07,5.7347e-06,9.7664e-06,1.0932e-05,9.7527e-06
P8,0.00,180.00,30.00,0.00,5.6555e-08,3.2189e-07,1.1240e-06,5.7217e-06,1.1118e-05,1.1106e-05,8.8614e-06,5.6651e-08,2.9003e-07,7.9826e-07,5.7653e-06,9.8262e-06,1.1043e-05,9.9635e-06
P8,0.00,90.00,0.00,0.00,5.8551e-08,3.2189e-07,1.1240e-06,5.7217e-06,1.1118e-05,1.1106e-05,8.8614e-06,5.8605e-08,2.9003e-07,7.9826e-07,5.7653e-06,9.8262e-06,1.1043e-05,9.9635e-06
P8,60.00,0.00,60.00,0.00,5.6492e-08,2.5320e-07,9.0698e-07,5.4254e-06,1.0447e-05,1.0437e-05,7.6928e-06,5.6692e-08,2.2718e-07,6.4009e-07,5.5047e-06,9.3552e-06,1.0392e-05,8.9166e-06
P8,60.00,45.00,30.00,0.00,6.3497e-08,2.5321e-07,9.0698e-07,5.4255e-06,1.0447e-05,1.0437e-05,7.6928e-06,6.3653e-08,2.2718e-07,6.4009e-07,5.5048e-06,9.3552e-06,1.0392e-05,8.9166e-06
P8,60.00,180.00,60.00,0.00,5.5743e-08,2.5320e-07,9.0698e-07,5.4254e-06,1.0447e-05,1.0437e-05,7.6928e-06,5.5950e-08,2.2718e-07,6.4009e-07,5.5047e-06,9.3552e-06,1.0392e-05,8.9166e-06
P8,0.00,0.00,30.00,0.00,5.6555e-08,3.2189e-07,1.1240e-06,5.7217e-06,1.1118e-05,1.1106e-05,8.8614e-06,5.6651e-08,2.9003e-07,7.9826e-07,5.7653e-06,9.8262e-06,1.1043e-05,9.9635e-06
P8,60.00,45.00,0.00,0.00,6.5600e-08,2.5321e-07,9.0698e-07,5.4255e-06,1.0447e-05,1.0437e-05,7.6928e-06,6.5736e-08,2.2718e-07,6.4009e-07,5.5049e-06,9.3552e-06,1.0392e-05,8.9166e-06
P8,30.00,135.00,0.00,0.00,5.9972e-08,3.0649e-07,1.0772e-06,5.6836e-06,1.1001e-05,1.0990e-05,8.6223e-06,6.0046e-08,2.7587e-07,7.6327e-07,5.7348e-06,9.7665e-06,1.0932e-05,9.7527e-06
P8,0.00,45.00,0.00,0.00,5.8551e-08,3.2189e-07,1.1240e-06,5.7217e-06,1.1118e-05,1.1106e-05,8.8614e-06,5.8605e-08,2.9003e-07,7.9826e-07,5.7653e-06,9.8262e-06,1.1043e-05,9.9635e-06
P8,0.00,180.00,0.00,0.00,5.8551e-08,3.2189e-07,1.1240e-06,5.7217e-06,1.1118e-05,1.1106e-05,8.8614e-06,5.8605e-08,2.9003e-07,7.9826e-07,5.7653e-06,9.8262e-06,1.1043e-05,9.9635e-06
P8,30.00,0.00,0.00,0.00,5.9972e-08,3.0649e-07,1.0772e-06,5.6836e-06,1.1001e-05,1.0990e-05,8.6223e-06,6.0046e-08,2.7587e-07,7.6327e-07,5.7348e-06,9.7665e-06,1.0932e-05,9.7527e-06
P8,0.00,90.00,60.00,0.00,5.0338e-08,3.2189e-07,1.1240e-06,5.7216e-06,1.1118e-05,1.1106e-05,8.8614e-06,5.0536e-08,2.9003e-07,7.9826e-07,5.7652e-06,9.8262e-06,1.1043e-05,9.9635e-06
P9,60.00,0.00,30.00,0.00,6.5209e-08,2.0265e-07,8.4732e-07,4.2730e-06,9.5226e-06,9.5080e-06,5.2232e-06,6.4243e-08,1.7926e-07,5.6127e-07,4.3611e-06,7.9501e-06,9.4244e-06,7.0538e-06
P9,60.00,45.00,30.00,0.00,6.5184e-08,2.0265e-07,8.4732e-07,4.2730e-06,9.5226e-06,9.5080e-06,5.2232e-06,6.4219e-08,1.7926e-07,5.6127e-07,4.3611e-06,7.9501e-06,9.4244e-06,7.0538e-06
P9,0.00,0.00,60.00,0.00,4.9621e-08,2.7462e-07,1.2059e-06,4.8749e-06,1.0232e-05,1.0217e-05,6.4891e-06,4.9278e-08,2.4120e-07,7.9472e-07,4.9301e-06,8.6287e-06,1.0114e-05,8.3306e-06
P9,60.00,135.00,0.00,0.00,6.6449e-08,2.0265e-07,8.4736e-07,4.2730e-06,9.5226e-06,9.5081e-06,5.2232e-06,6.5463e-08,1.7926e-07,5.6129e-07,4.3611e-06,7.9502e-06,9.4245e-06,7.0538e-06
P9,0.00,45.00,30.00,0.00,5.2954e-08,2.7465e-07,1.2061e-06,4.8750e-06,1.0232e-05,1.0217e-05,6.4891e-06,5.2558e-08,2.4122e-07,7.9480e-07,4.9303e-06,8.6288e-06,1.0114e-05,8.3306e-06
P9,30.00,90.00,60.00,0.00,5.1338e-08,2.5707e-07,1.1273e-06,4.7762e-06,1.0121e-05,1.0106e-05,6.2169e-06,5.0905e-08,2.2594e-07,7.3877e-07,4.8388e-06,8.5228e-06,1.0007e-05,8.0827e-06
P9,0.00,180.00,60.00,0.00,4.9621e-08,2.7462e-07,1.2059e-06,4.8749e-06,1.0232e-05,1.0217e-05,6.4891e-06,4.9278e-08,2.4120e-07,7.9472e-07,4.9301e-06,8.6287e-06,1.0114e-05,8.3306e-06
P9,60.00,90.00,60.00,0.00,6.0132e-08,2.0262e-07,8.4716e-07,4.2728e-06,9.5225e-06,9.5079e-06,5.2232e-06,5.9218e-08,1.7925e-07,5.6119e-07,4.3609e-06,7.9500e-06,9.4243e-06,7.0537e-06
P9,30.00,135.00,30.00,0.00,5.4937e-08,2.5710e-07,1.1275e-06,4.7764e-06,1.0121e-05,1.0106e-05,6.2169e-06,5.4454e-08,2.2596e-07,7.3885e-07,4.8389e-06,8.5229e-06,1.0007e-05,8.0828e-06
P9,30.00,90.00,30.00,0.00,5.4952e-08,2.5710e-07,1.1275e-06,4.7764e-06,1.0121e-05,1.0106e-05,6.2169e-06,5.4468e-08,2.2596e-07,7.3885e-07,4.8389e-06,8.5229e-06,1.0007e-05,8.0828e-06
P9,30.00,0.00,60.00,0.00,5.1409e-08,2.5708e-07,1.1273e-06,4.7762e-06,1.0121e-05,1.0106e-05,6.2169e-06,5.0975e-08,2.2594e-07,7.3877e-07,4.8388e-06,8.5228e-06,1.0007e-05,8.0827e-06
P9,30.00,0.00,0.00,0.00,5.5958e-08,2.5711e-07,1.1275e-06,4.7764e-06,1.0121e-05,1.0106e-05,6.2169e-06,5.5451e-08,2.2596e-07,7.3888e-07,4.8389e-06,8.5229e-06,1.0007e-05,8.0828e-06
P9,60.00,135.00,60.00,0.00,5.9917e-08,2.0262e-07,8.4716e-07,4.2727e-06,9.5225e-06,9.5079e-06,5.2232e-06,5.9004e-08,1.7925e-07,5.6119e-07,4.3609e-06,7.9499e-06,9.4243e-06,7.0537e-06
P9,30.00,45.00,30.00,0.00,5.4968e-08,2.5710e-07,1.1275e-06,4.7764e-06,1.0121e-05,1.0106e-05,6.2169e-06,5.4483e-08,2.2596e-07,7.3885e-07,4.8389e-06,8.5229e-06,1.0007e-05,8.0828e-06
P9,0.00,0.00,30.00,0.00,5.2954e-08,2.7465e-07,1.2061e-06,4.8750e-06,1.0232e-05,1.0217e-05,6.4891e-06,5.2558e-08,2.4122e-07,7.9480e-07,4.9303e-06,8.6288e-06,1.0114e-05,8.3306e-06
P9,30.00,0.00,30.00,0.00,5.4974e-08,2.5710e-07,1.1275e-06,4.7764e-06,1.0121e-05,1.0106e-05,6.2169e-06,5.4489e-08,2.2596e-07,7.3885e-07,4.8389e-06,8.5229e-06,1.0007e-05,8.0828e-06
P9,0.00,45.00,0.00,0.00,5.3895e-08,2.7466e-07,1.2061e-06,4.8750e-06,1.0232e-05,1.0217e-05,6.4891e-06,5.3475e-08,2.4122e-07,7.9483e-07,4.9303e-06,8.6288e-06,1.0114e-05,8.3306e-06
P9,30.00,135.00,0.00,0.00,5.5958e-08,2.5711e-07,1.1275e-06,4.7764e-06,1.0121e-05,1.0106e-05,6.2169e-06,5.5451e-08,2.2596e-07,7.3888e-07,4.8389e-06,8.5229e-06,1.0007e-05,8.0828e-06
P9,0.00,135.00,0.00,0.00,5.3895e-08,2.7466e-07,1.2061e-06,4.8750e-06,1.0232e-05,1.0217e-05,6.4891e-06,5.3475e-08,2.4122e-07,7.9483e-07,4.9303e-06,8.6288e-06,1.0114e-05,8.3306e-06
P9,0.00,90.00,30.00,0.00,5.2954e-08,2.7465e-07,1.2061e-06,4.8750e-06,1.0232e-05,1.0217e-05,6.4891e-06,5.2558e-08,2.4122e-07,7.9480e-07,4.9303e-06,8.6288e-06,1.0114e-05,8.3306e-06
P9,0.00,180.00,30.00,0.00,5.2954e-08,2.7465e-07,1.2061e-06,4.8750e-06,1.0232e-05,1.0217e-05,6.4891e-06,5.2558e-08,2.4122e-07,7.9480e-07,4.9303e-06,8.6288e-06,1.0114e-05,8.3306e-06
P9,60.00,0.00,0.00,0.00,6.6449e-08,2.0265e-07,8.4736e-07,4.2730e-06,9.5226e-06,9.5081e-06,5.2232e-06,6.5463e-08,1.7926e-07,5.6129e-07,4.3611e-06,7.9502e-06,9.4245e-06,7.0538e-06
P9,0.00,0.00,0.00,0.00,5.3895e-08,2.7466e-07,1.2061e-06,4.8750e-06,1.0232e-05,1.0217e-05,6.4891e-06,5.3475e-08,2.4122e-07,7.9483e-07,4.9303e-06,8.6288e-06,1.0114e-05,8.3306e-06
P9,0.00,90.00,60.00,0.00,4.9621e-08,2.7462e-07,1.2059e-06,4.8749e-06,1.0232e-05,1.0217e-05,6.4891e-06,4.9278e-08,2.4120e-07,7.9472e-07,4.9301e-06,8.6287e-06,1.0114e-05,8.3306e-06
P9,60.00,135.00,30.00,0.00,6.5068e-08,2.0265e-07,8.4732e-07,4.2730e-06,9.5226e-06,9.5080e-06,5.2232e-06,6.4105e-08,1.7926e-07,5.6126e-07,4.3611e-06,7.9501e-06,9.4244e-06,7.0538e-06
P9,30.00,180.00,30.00,0.00,5.4931e-08,2.5710e-07,1.1275e-06,4.7764e-06,1.0121e-05,1.0106e-05,6.2169e-06,5.4448e-08,2.2596e-07,7.3885e-07,4.8389e-06,8.5229e-06,1.0007e-05,8.0828e-06
P9,30.00,180.00,60.00,0.00,5.1268e-08,2.5707e-07,1.1273e-06,4.7762e-06,1.0121e-05,1.0106e-05,6.2169e-06,5.0836e-08,2.2594e-07,7.3876e-07,4.8388e-06,8.5228e-06,1.0007e-05,8.0827e-06
P9,60.00,180.00,30.00,0.00,6.5044e-08,2.0265e-07,8.4732e-07,4.2730e-06,9.5226e-06,9.5080e-06,5.2232e-06,6.4081e-08,1.7926e-07,5.6126e-07,4.3611e-06,7.9501e-06,9.4244e-06,7.0538e-06
P9,60.00,90.00,30.00,0.00,6.5126e-08,2.0265e-07,8.4732e-07,4.2730e-06,9.5226e-06,9.5080e-06,5.2232e-06,6.4161e-08,1.7926e-07,5.6127e-07,4.3611e-06,7.9501e-06,9.4244e-06,7.0538e-06
P9,30.00,90.00,0.00,0.00,5.5958e-08,2.5711e-07,1.1275e-06,4.7764e-06,1.0121e-05,1.0106e-05,6.2169e-06,5.5451e-08,2.2596e-07,7.3888e-07,4.8389e-06,8.5229e-06,1.0007e-05,8.0828e-06
P9,0.00,180.00,0.00,0.00,5.3895e-08,2.7466e-07,1.2061e-06,4.8750e-06,1.0232e-05,1.0217e-05,6.4891e-06,5.3475e-08,2.4122e-07,7.9483e-07,4.9303e-06,8.6288e-06,1.0114e-05,8.3306e-06
P9,60.00,0.00,60.00,0.00,6.0427e-08,2.0263e-07,8.4718e-07,4.2728e-06,9.5225e-06,9.5079e-06,5.2232e-06,5.9511e-08,1.7925e-07,5.6119e-07,4.3609e-06,7.9500e-06,9.4243e-06,7.0537e-06
P9,0.00,135.00,60.00,0.00,4.9621e-08,2.7462e-07,1.2059e-06,4.8749e-06,1.0232e-05,1.0217e-05,6.4891e-06,4.9278e-08,2.4120e-07,7.9472e-07,4.9301e-06,8.6287e-06,1.0114e-05,8.3306e-06
P9,30.00,135.00,60.00,0.00,5.1288e-08,2.5707e-07,1.1273e-06,4.7762e-06,1.0121e-05,1.0106e-05,6.2169e-06,5.0856e-08,2.2594e-07,7.3876e-07,4.8388e-06,8.5228e-06,1.0007e-05,8.0827e-06
P9,60.00,180.00,60.00,0.00,5.9826e-08,2.0262e-07,8.4716e-07,4.2727e-06,9.5225e-06,9.5079e-06,5.2232e-06,5.8914e-08,1.7925e-07,5.6119e-07,4.3609e-06,7.9499e-06,9.4243e-06,7.0537e-06
P9,60.00,180.00,0.00,0.00,6.6449e-08,2.0265e-07,8.4736e-07,4.2730e-06,9.5226e-06,9.5081e-06,5.2232e-06,6.5463e-08,1.7926e-07,5.6129e-07,4.3611e-06,7.9502e-06,9.4245e-06,7.0538e-06
P9,0.00,45.00,60.00,0.00,4.9621e-08,2.7462e-07,1.2059e-06,4.8749e-06,1.0232e-05,1.0217e-05,6.4891e-06,4.9278e-08,2.4120e-07,7.9472e-07,4.9301e-06,8.6287e-06,1.0114e-05,8.3306e-06
P9,30.00,45.00,0.00,0.00,5.5958e-08,2.5711e-07,1.1275e-06,4.7764e-06,1.0121e-05,1.0106e-05,6.2169e-06,5.5451e-08,2.2596e-07,7.3888e-07,4.8389e-06,8.5229e-06,1.0007e-05,8.0828e-06
P9,60.00,45.00,60.00,0.00,6.0342e-08,2.0263e-07,8.4717e-07,4.2728e-06,9.5225e-06,9.5079e-06,5.2232e-06,5.9427e-08,1.7925e-07,5.6119e-07,4.3609e-06,7.9500e-06,9.4243e-06,7.0537e-06
P9,60.00,90.00,0.00,0.00,6.6449e-08,2.0265e-07,8.4736e-07,4.2730e-06,9.5226e-06,9.5081e-06,5.2232e-06,6.5463e-08,1.7926e-07,5.6129e-07,4.3611e-06,7.9502e-06,9.4245e-06,7.0538e-06
P9,60.00,45.00,0.00,0.00,6.6449e-08,2.0265e-07,8.4736e-07,4.2730e-06,9.5226e-06,9.5081e-06,5.2232e-06,6.5463e-08,1.7926e-07,5.6129e-07,4.3611e-06,7.9502e-06,9.4245e-06,7.0538e-06
P9,0.00,135.00,30.00,0.00,5.2954e-08,2.7465e-07,1.2061e-06,4.8750e-06,1.0232e-05,1.0217e-05,6.4891e-06,5.2558e-08,2.4122e-07,7.9480e-07,4.9303e-06,8.6288e-06,1.0114e-05,8.3306e-06
P9,30.00,180.00,0.00,0.00,5.5958e-08,2.5711e-07,1.1275e-06,4.7764e-06,1.0121e-05,1.0106e-05,6.2169e-06,5.5451e-08,2.2596e-07,7.3888e-07,4.8389e-06,8.5229e-06,1.0007e-05,8.0828e-06
P9,0.00,90.00,0.00,0.00,5.3895e-08,2.7466e-07,1.2061e-06,4.8750e-06,1.0232e-05,1.0217e-05,6.4891e-06,5.3475e-08,2.4122e-07,7.9483e-07,4.9303e-06,8.6288e-06,1.0114e-05,8.3306e-06
P9,30.00,45.00,60.00,0.00,5.1388e-08,2.5708e-07,1.1273e-06,4.7762e-06,1.0121e-05,1.0106e-05,6.2169e-06,5.0955e-08,2.2594e-07,7.3877e-07,4.8388e-06,8.5228e-06,1.0007e-05,8.0827e-06
P10,60.00,90.00,0.00,0.00,6.6788e-08,2.5549e-07,9.0328e-07,4.2205e-06,9.5081e-06,9.4937e-06,5.5545e-06,6.5790e-08,2.3174e-07,6.1661e-07,4.3202e-06,7.9514e-06,9.4154e-06,7.0961e-06
P10,0.00,0.00,0.00,0.00,5.4086e-08,3.1558e-07,1.2646e-06,4.8337e-06,1.0223e-05,1.0209e-05,6.6510e-06,5.3659e-08,2.8126e-07,8.5083e-07,4.9053e-06,8.6282e-06,1.0109e-05,8.3073e-06
P10,30.00,90.00,60.00,0.00,5.1516e-08,2.9991e-07,1.1854e-06,4.7323e-06,1.0112e-05,1.0097e-05,6.4064e-06,5.1075e-08,2.6800e-07,7.9387e-07,4.8107e-06,8.5224e-06,1.0001e-05,8.0683e-06
P10,60.00,45.00,30.00,0.00,6.5513e-08,2.5549e-07,9.0323e-07,4.2204e-06,9.5081e-06,9.4936e-06,5.5545e-06,6.4536e-08,2.3173e-07,6.1658e-07,4.3202e-06,7.9514e-06,9.4154e-06,7.0961e-06
P10,30.00,180.00,30.00,0.00,5.5139e-08,2.9994e-07,1.1856e-06,4.7325e-06,1.0112e-05,1.0097e-05,6.4064e-06,5.4648e-08,2.6803e-07,7.9398e-07,4.8109e-06,8.5225e-06,1.0001e-05,8.0684e-06
P10,0.00,180.00,30.00,0.00,5.3138e-08,3.1557e-07,1.2646e-06,4.8337e-06,1.0223e-05,1.0209e-05,6.6510e-06,5.2735e-08,2.8126e-07,8.5080e-07,4.9052e-06,8.6282e-06,1.0109e-05,8.3073e-06
P10,30.00,180.00,60.00,0.00,5.1445e-08,2.9990e-07,1.1854e-06,4.7323e-06,1.0112e-05,1.0097e-05,6.4064e-06,5.1005e-08,2.6800e-07,7.9386e-07,4.8107e-06,8.5224e-06,1.0001e-05,8.0683e-06
P10,0.00,90.00,60.00,0.00,4.9777e-08,3.1553e-07,1.2644e-06,4.8335e-06,1.0223e-05,1.0209e-05,6.6510e-06,4.9428e-08,2.8123e-07,8.5069e-07,4.9051e-06,8.6281e-06,1.0109e-05,8.3073e-06
P10,30.00,180.00,0.00,0.00,5.6174e-08,2.9996e-07,1.1856e-06,4.7325e-06,1.0112e-05,1.0097e-05,6.4064e-06,5.5659e-08,2.6804e-07,7.9401e-07,4.8109e-06,8.5226e-06,1.0001e-05,8.0684e-06
P10,0.00,45.00,30.00,0.00,5.3138e-08,3.1557e-07,1.2646e-06,4.8337e-06,1.0223e-05,1.0209e-05,6.6510e-06,5.2735e-08,2.8126e-07,8.5080e-07,4.9052e-06,8.6282e-06,1.0109e-05,8.3073e-06
P10,60.00,135.00,30.00,0.00,6.5396e-08,2.5549e-07,9.0323e-07,4.2204e-06,9.5081e-06,9.4936e-06,5.5545e-06,6.4421e-08,2.3173e-07,6.1658e-07,4.3202e-06,7.9514e-06,9.4154e-06,7.0961e-06
P10,30.00,90.00,0.00,0.00,5.6174e-08,2.9996e-07,1.1856e-06,4.7325e-06,1.0112e-05,1.0097e-05,6.4064e-06,5.5659e-08,2.6804e-07,7.9401e-07,4.8109e-06,8.5226e-06,1.0001e-05,8.0684e-06
P10,0.00,135.00,60.00,0.00,4.9777e-08,3.1553e-07,1.2644e-06,4.8335e-06,1.0223e-05,1.0209e-05,6.6510e-06,4.9428e-08,2.8123e-07,8.5069e-07,4.9051e-06,8.6281e-06,1.0109e-05,8.3073e-06
P10,60.00,90.00,30.00,0.00,6.5454e-08,2.5549e-07,9.0323e-07,4.2204e-06,9.5081e-06,9.4936e-06,5.5545e-06,6.4478e-08,2.3173e-07,6.1658e-07,4.3202e-06,7.9514e-06,9.4154e-06,7.0961e-06
P10,30.00,45.00,60.00,0.00,5.1566e-08,2.9991e-07,1.1854e-06,4.7323e-06,1.0112e-05,1.0097e-05,6.4064e-06,5.1125e-08,2.6800e-07,7.9387e-07,4.8107e-06,8.5224e-06,1.0001e-05,8.0683e-06
P10,0.00,135.00,0.00,0.00,5.4086e-08,3.1558e-07,1.2646e-06,4.8337e-06,1.0223e-05,1.0209e-05,6.6510e-06,5.3659e-08,2.8126e-07,8.5083e-07,4.9053e-06,8.6282e-06,1.0109e-05,8.3073e-06
P10,60.00,180.00,30.00,0.00,6.5372e-08,2.5549e-07,9.0323e-07,4.2204e-06,9.5081e-06,9.4936e-06,5.5545e-06,6.4397e-08,2.3173e-07,6.1658e-07,4.3202e-06,7.9514e-06,9.4154e-06,7.0961e-06
P10,0.00,0.00,30.00,0.00,5.3138e-08,3.1557e-07,1.2646e-06,4.8337e-06,1.0223e-05,1.0209e-05,6.6510e-06,5.2735e-08,2.8126e-07,8.5080e-07,4.9052e-06,8.6282e-06,1.0109e-05,8.3073e-06
P10,0.00,135.00,30.00,0.00,5.3138e-08,3.1557e-07,1.2646e-06,4.8337e-06,1.0223e-05,1.0209e-05,6.6510e-06,5.2735e-08,2.8126e-07,8.5080e-07,4.9052e-06,8.6282e-06,1.0109e-05,8.3073e-06
P10,60.00,0.00,0.00,0.00,6.6788e-08,2.5549e-07,9.0328e-07,4.2205e-06,9.5081e-06,9.4937e-06,5.5545e-06,6.5790e-08,2.3174e-07,6.1661e-07,4.3202e-06,7.9514e-06,9.4154e-06,7.0961e-06
P10,30.00,135.00,30.00,0.00,5.5146e-08,2.9994e-07,1.1856e-06,4.7325e-06,1.0112e-05,1.0097e-05,6.4064e-06,5.4654e-08,2.6803e-07,7.9398e-07,4.8109e-06,8.5225e-06,1.0001e-05,8.0684e-06
P10,30.00,45.00,0.00,0.00,5.6174e-08,2.9996e-07,1.1856e-06,4.7325e-06,1.0112e-05,1.0097e-05,6.4064e-06,5.5659e-08,2.6804e-07,7.9401e-07,4.8109e-06,8.5226e-06,1.0001e-05,8.0684e-06
P10,60.00,0.00,30.00,0.00,6.5538e-08,2.5549e-07,9.0323e-07,4.2204e-06,9.5081e-06,9.4936e-06,5.5545e-06,6.4560e-08,2.3173e-07,6.1658e-07,4.3202e-06,7.9514e-06,9.4154e-06,7.0961e-06
P10,30.00,90.00,30.00,0.00,5.5161e-08,2.9995e-07,1.1856e-06,4.7325e-06,1.0112e-05,1.0097e-05,6.4064e-06,5.4669e-08,2.6803e-07,7.9398e-07,4.8109e-06,8.5225e-06,1.0001e-05,8.0684e-06
P10,0.00,0.00,60.00,0.00,4.9777e-08,3.1553e-07,1.2644e-06,4.8335e-06,1.0223e-05,1.0209e-05,6.6510e-06,4.9428e-08,2.8123e-07,8.5069e-07,4.9051e-06,8.6281e-06,1.0109e-05,8.3073e-06
P10,0.00,45.00,0.00,0.00,5.4086e-08,3.1558e-07,1.2646e-06,4.8337e-06,1.0223e-05,1.0209e-05,6.6510e-06,5.3659e-08,2.8126e-07,8.5083e-07,4.9053e-06,8.6282e-06,1.0109e-05,8.3073e-06
P10,60.00,45.00,0.00,0.00,6.6788e-08,2.5549e-07,9.0328e-07,4.2205e-06,9.5081e-06,9.4937e-06,5.5545e-06,6.5790e-08,2.3174e-07,6.1661e-07,4.3202e-06,7.9514e-06,9.4154e-06,7.0961e-06
P10,30.00,0.00,30.00,0.00,5.5183e-08,2.9995e-07,1.1856e-06,4.7325e-06,1.0112e-05,1.0097e-05,6.4064e-06,5.4690e-08,2.6803e-07,7.9398e-07,4.8109e-06,8.5225e-06,1.0001e-05,8.0684e-06
P10,60.00,180.00,60.00,0.00,6.0105e-08,2.5545e-07,9.0303e-07,4.2202e-06,9.5080e-06,9.4935e-06,5.5545e-06,5.9181e-08,2.3171e-07,6.1647e-07,4.3199e-06,7.9512e-06,9.4153e-06,7.0961e-06
P10,0.00,45.00,60.00,0.00,4.9777e-08,3.1553e-07,1.2644e-06,4.8335e-06,1.0223e-05,1.0209e-05,6.6510e-06,4.9428e-08,2.8123e-07,8.5069e-07,4.9051e-06,8.6281e-06,1.0109e-05,8.3073e-06
P10,60.00,45.00,60.00,0.00,6.0625e-08,2.5546e-07,9.0305e-07,4.2202e-06,9.5080e-06,9.4935e-06,5.5545e-06,5.9698e-08,2.3172e-07,6.1648e-07,4.3199e-06,7.9512e-06,9.4153e-06,7.0961e-06
P10,0.00,90.00,30.00,0.00,5.3138e-08,3.1557e-07,1.2646e-06,4.8337e-06,1.0223e-05,1.0209e-05,6.6510e-06,5.2735e-08,2.8126e-07,8.5080e-07,4.9052e-06,8.6282e-06,1.0109e-05,8.3073e-06
P10,30.00,135.00,0.00,0.00,5.6174e-08,2.9996e-07,1.1856e-06,4.7325e-06,1.0112e-05,1.0097e-05,6.4064e-06,5.5659e-08,2.6804e-07,7.9401e-07,4.8109e-06,8.5226e-06,1.0001e-05,8.0684e-06
P10,60.00,180.00,0.00,0.00,6.6788e-08,2.5549e-07,9.0328e-07,4.2205e-06,9.5081e-06,9.4937e-06,5.5545e-06,6.5790e-08,2.3174e-07,6.1661e-07,4.3202e-06,7.9514e-06,9.4154e-06,7.0961e-06
P10,0.00,180.00,0.00,0.00,5.4086e-08,3.1558e-07,1.2646e-06,4.8337e-06,1.0223e-05,1.0209e-05,6.6510e-06,5.3659e-08,2.8126e-07,8.5083e-07,4.9053e-06,8.6282e-06,1.0109e-05,8.3073e-06
P10,0.00,180.00,60.00,0.00,4.9777e-08,3.1553e-07,1.2644e-06,4.8335e-06,1.0223e-05,1.0209e-05,6.6510e-06,4.9428e-08,2.8123e-07,8.5069e-07,4.9051e-06,8.6281e-06,1.0109e-05,8.3073e-06
P10,30.00,0.00,0.00,0.00,5.6174e-08,2.9996e-07,1.1856e-06,4.7325e-06,1.0112e-05,1.0097e-05,6.4064e-06,5.5659e-08,2.6804e-07,7.9401e-07,4.8109e-06,8.5226e-06,1.0001e-05,8.0684e-06
P10,60.00,90.00,60.00,0.00,6.0414e-08,2.5545e-07,9.0304e-07,4.2202e-06,9.5080e-06,9.4935e-06,5.5545e-06,5.9488e-08,2.3172e-07,6.1647e-07,4.3199e-06,7.9512e-06,9.4153e-06,7.0961e-06
P10,30.00,45.00,30.00,0.00,5.5176e-08,2.9995e-07,1.1856e-06,4.7325e-06,1.0112e-05,1.0097e-05,6.4064e-06,5.4684e-08,2.6803e-07,7.9398e-07,4.8109e-06,8.5225e-06,1.0001e-05,8.0684e-06
P10,0.00,90.00,0.00,0.00,5.4086e-08,3.1558e-07,1.2646e-06,4.8337e-06,1.0223e-05,1.0209e-05,6.6510e-06,5.3659e-08,2.8126e-07,8.5083e-07,4.9053e-06,8.6282e-06,1.0109e-05,8.3073e-06
P10,30.00,135.00,60.00,0.00,5.1465e-08,2.9990e-07,1.1854e-06,4.7323e-06,1.0112e-05,1.0097e-05,6.4064e-06,5.1026e-08,2.6800e-07,7.9387e-07,4.8107e-06,8.5224e-06,1.0001e-05,8.0683e-06
P10,60.00,0.00,60.00,0.00,6.0711e-08,2.5546e-07,9.0306e-07,4.2202e-06,9.5080e-06,9.4935e-06,5.5545e-06,5.9784e-08,2.3172e-07,6.1648e-07,4.3200e-06,7.9512e-06,9.4153e-06,7.0961e-06
P10,60.00,135.00,60.00,0.00,6.0197e-08,2.5545e-07,9.0303e-07,4.2202e-06,9.5080e-06,9.4935e-06,5.5545e-06,5.9272e-08,2.3171e-07,6.1647e-07,4.3199e-06,7.9512e-06,9.4153e-06,7.0961e-06
P10,60.00,135.00,0.00,0.00,6.6788e-08,2.5549e-07,9.0328e-07,4.2205e-06,9.5081e-06,9.4937e-06,5.5545e-06,6.5790e-08,2.3174e-07,6.1661e-07,4.3202e-06,7.9514e-06,9.4154e-06,7.0961e-06
P10,30.00,0.00,60.00,0.00,5.1587e-08,2.9991e-07,1.1854e-06,4.7323e-06,1.0112e-05,1.0097e-05,6.4064e-06,5.1146e-08,2.6800e-07,7.9387e-07,4.8107e-06,8.5224e-06,1.0001e-05,8.0683e-06
P11,0.00,90.00,60.00,0.00,4.9837e-08,3.0988e-07,1.0742e-06,5.8658e-06,1.1604e-05,1.1589e-05,8.8683e-06,5.0021e-08,2.7912e-07,7.6377e-07,5.9093e-06,1.0027e-05,1.1501e-05,1.0221e-05
P11,60.00,180.00,30.00,0.00,6.1465e-08,2.4466e-07,8.6954e-07,5.7434e-06,1.1237e-05,1.1225e-05,7.5463e-06,6.1556e-08,2.1945e-07,6.1811e-07,5.8339e-06,9.9918e-06,1.1190e-05,9.0605e-06
P11,30.00,180.00,30.00,0.00,5.4308e-08,2.9541e-07,1.0292e-06,5.8581e-06,1.1571e-05,1.1557e-05,8.5996e-06,5.4470e-08,2.6585e-07,7.3158e-07,5.9106e-06,1.0050e-05,1.1479e-05,1.0002e-05
P11,60.00,90.00,60.00,0.00,5.7530e-08,2.4466e-07,8.6954e-07,5.7432e-06,1.1237e-05,1.1225e-05,7.5463e-06,5.7620e-08,2.1945e-07,6.1811e-07,5.8337e-06,9.9916e-06,1.1190e-05,9.0605e-06
P11,60.00,135.00,30.00,0.00,6.1487e-08,2.4466e-07,8.6954e-07,5.7434e-06,1.1237e-05,1.1225e-05,7.5463e-06,6.1578e-08,2.1945e-07,6.1811e-07,5.8339e-06,9.9918e-06,1.1190e-05,9.0605e-06
P11,60.00,90.00,30.00,0.00,6.1539e-08,2.4466e-07,8.6954e-07,5.7434e-06,1.1237e-05,1.1225e-05,7.5463e-06,6.1630e-08,2.1945e-07,6.1811e-07,5.8339e-06,9.9918e-06,1.1190e-05,9.0605e-06
P11,60.00,180.00,0.00,0.00,6.2511e-08,2.4466e-07,8.6954e-07,5.7434e-06,1.1237e-05,1.1225e-05,7.5463e-06,6.2599e-08,2.1945e-07,6.1811e-07,5.8339e-06,9.9918e-06,1.1190e-05,9.0605e-06
P11,60.00,45.00,60.00,0.00,5.7729e-08,2.4466e-07,8.6954e-07,5.7432e-06,1.1237e-05,1.1225e-05,7.5463e-06,5.7820e-08,2.1945e-07,6.1811e-07,5.8337e-06,9.9916e-06,1.1190e-05,9.0605e-06
P11,0.00,180.00,30.00,0.00,5.2683e-08,3.0988e-07,1.0742e-06,5.8659e-06,1.1604e-05,1.1589e-05,8.8683e-06,5.2854e-08,2.7912e-07,7.6377e-07,5.9095e-06,1.0027e-05,1.1501e-05,1.0221e-05
P11,30.00,90.00,0.00,0.00,5.5110e-08,2.9541e-07,1.0292e-06,5.8581e-06,1.1571e-05,1.1557e-05,8.5996e-06,5.5264e-08,2.6585e-07,7.3158e-07,5.9106e-06,1.0050e-05,1.1480e-05,1.0002e-05
P11,0.00,45.00,0.00,0.00,5.3419e-08,3.0988e-07,1.0742e-06,5.8659e-06,1.1604e-05,1.1589e-05,8.8683e-06,5.3582e-08,2.7912e-07,7.6377e-07,5.9095e-06,1.0027e-05,1.1501e-05,1.0221e-05
P11,0.00,0.00,60.00,0.00,4.9837e-08,3.0988e-07,1.0742e-06,5.8658e-06,1.1604e-05,1.1589e-05,8.8683e-06,5.0021e-08,2.7912e-07,7.6377e-07,5.9093e-06,1.0027e-05,1.1501e-05,1.0221e-05
P11,60.00,0.00,0.00,0.00,6.2511e-08,2.4466e-07,8.6954e-07,5.7434e-06,1.1237e-05,1.1225e-05,7.5463e-06,6.2599e-08,2.1945e-07,6.1811e-07,5.8339e-06,9.9918e-06,1.1190e-05,9.0605e-06
P11,30.00,90.00,30.00,0.00,5.4328e-08,2.9541e-07,1.0292e-06,5.8581e-06,1.1571e-05,1.1557e-05,8.5996e-06,5.4489e-08,2.6585e-07,7.3158e-07,5.9106e-06,1.0050e-05,1.1479e-05,1.0002e-05
P11,0.00,135.00,0.00,0.00,5.3419e-08,3.0988e-07,1.0742e-06,5.8659e-06,1.1604e-05,1.1589e-05,8.8683e-06,5.3582e-08,2.7912e-07,7.6377e-07,5.9095e-06,1.0027e-05,1.1501e-05,1.0221e-05
P11,60.00,0.00,30.00,0.00,6.1614e-08,2.4466e-07,8.6954e-07,5.7434e-06,1.1237e-05,1.1225e-05,7.5463e-06,6.1705e-08,2.1945e-07,6.1811e-07,5.8339e-06,9.9918e-06,1.1190e-05,9.0605e-06
P11,30.00,180.00,60.00,0.00,5.1187e-08,2.9541e-07,1.0292e-06,5.8579e-06,1.1571e-05,1.1557e-05,8.5996e-06,5.1358e-08,2.6585e-07,7.3158e-07,5.9104e-06,1.0050e-05,1.1479e-05,1.0002e-05
P11,60.00,90.00,0.00,0.00,6.2511e-08,2.4466e-07,8.6954e-07,5.7434e-06,1.1237e-05,1.1225e-05,7.5463e-06,6.2599e-08,2.1945e-07,6.1811e-07,5.8339e-06,9.9918e-06,1.1190e-05,9.0605e-06
P11,30.00,90.00,60.00,0.00,5.1256e-08,2.9541e-07,1.0292e-06,5.8579e-06,1.1571e-05,1.1557e-05,8.5996e-06,5.1426e-08,2.6585e-07,7.3158e-07,5.9104e-06,1.0050e-05,1.1479e-05,1.0002e-05
P11,0.00,180.00,0.00,0.00,5.3419e-08,3.0988e-07,1.0742e-06,5.8659e-06,1.1604e-05,1.1589e-05,8.8683e-06,5.3582e-08,2.7912e-07,7.6377e-07,5.9095e-06,1.0027e-05,1.1501e-05,1.0221e-05
P11,60.00,45.00,0.00,0.00,6.2511e-08,2.4466e-07,8.6954e-07,5.7434e-06,1.1237e-05,1.1225e-05,7.5463e-06,6.2599e-08,2.1945e-07,6.1811e-07,5.8339e-06,9.9918e-06,1.1190e-05,9.0605e-06
P11,0.00,0.00,0.00,0.00,5.3419e-08,3.0988e-07,1.0742e-06,5.8659e-06,1.1604e-05,1.1589e-05,8.8683e-06,5.3582e-08,2.7912e-07,7.6377e-07,5.9095e-06,1.0027e-05,1.1501e-05,1.0221e-05
P11,30.00,135.00,0.00,0.00,5.5110e-08,2.9541e-07,1.0292e-06,5.8581e-06,1.1571e-05,1.1557e-05,8.5996e-06,5.5264e-08,2.6585e-07,7.3158e-07,5.9106e-06,1.0050e-05,1.1480e-05,1.0002e-05
P11,30.00,45.00,0.00,0.00,5.5110e-08,2.9541e-07,1.0292e-06,5.8581e-06,1.1571e-05,1.1557e-05,8.5996e-06,5.5264e-08,2.6585e-07,7.3158e-07,5.9106e-06,1.0050e-05,1.1480e-05,1.0002e-05
P11,30.00,45.00,30.00,0.00,5.4342e-08,2.9541e-07,1.0292e-06,5.8581e-06,1.1571e-05,1.1557e-05,8.5996e-06,5.4502e-08,2.6585e-07,7.3158e-07,5.9106e-06,1.0050e-05,1.1479e-05,1.0002e-05
P11,0.00,45.00,60.00,0.00,4.9837e-08,3.0988e-07,1.0742e-06,5.8658e-06,1.1604e-05,1.1589e-05,8.8683e-06,5.0021e-08,2.7912e-07,7.6377e-07,5.9093e-06,1.0027e-05,1.1501e-05,1.0221e-05
P11,60.00,180.00,60.00,0.00,5.7239e-08,2.4466e-07,8.6954e-07,5.7432e-06,1.1237e-05,1.1225e-05,7.5463e-06,5.7329e-08,2.1945e-07,6.1811e-07,5.8337e-06,9.9916e-06,1.1190e-05,9.0605e-06
P11,0.00,135.00,30.00,0.00,5.2683e-08,3.0988e-07,1.0742e-06,5.8659e-06,1.1604e-05,1.1589e-05,8.8683e-06,5.2854e-08,2.7912e-07,7.6377e-07,5.9095e-06,1.0027e-05,1.1501e-05,1.0221e-05
P11,0.00,180.00,60.00,0.00,4.9837e-08,3.0988e-07,1.0742e-06,5.8658e-06,1.1604e-05,1.1589e-05,8.8683e-06,5.0021e-08,2.7912e-07,7.6377e-07,5.9093e-06,1.0027e-05,1.1501e-05,1.0221e-05
P11,0.00,45.00,30.00,0.00,5.2683e-08,3.0988e-07,1.0742e-06,5.8659e-06,1.1604e-05,1.1589e-05,8.8683e-06,5.2854e-08,2.7912e-07,7.6377e-07,5.9095e-06,1.0027e-05,1.1501e-05,1.0221e-05
P11,60.00,0.00,60.00,0.00,5.7810e-08,2.4466e-07,8.6954e-07,5.7432e-06,1.1237e-05,1.1225e-05,7.5463e-06,5.7901e-08,2.1945e-07,6.1811e-07,5.8337e-06,9.9916e-06,1.1190e-05,9.0605e-06
P11,60.00,135.00,60.00,0.00,5.7325e-08,2.4466e-07,8.6954e-07,5.7432e-06,1.1237e-05,1.1225e-05,7.5463e-06,5.7416e-08,2.1945e-07,6.1811e-07,5.8337e-06,9.9916e-06,1.1190e-05,9.0605e-06
P11,30.00,135.00,30.00,0.00,5.4314e-08,2.9541e-07,1.0292e-06,5.8581e-06,1.1571e-05,1.1557e-05,8.5996e-06,5.4475e-08,2.6585e-07,7.3158e-07,5.9106e-06,1.0050e-05,1.1479e-05,1.0002e-05
P11,60.00,135.00,0.00,0.00,6.2511e-08,2.4466e-07,8.6954e-07,5.7434e-06,1.1237e-05,1.1225e-05,7.5463e-06,6.2599e-08,2.1945e-07,6.1811e-07,5.8339e-06,9.9918e-06,1.1190e-05,9.0605e-06
P11,30.00,0.00,0.00,0.00,5.5110e-08,2.9541e-07,1.0292e-06,5.8581e-06,1.1571e-05,1.1557e-05,8.5996e-06,5.5264e-08,2.6585e-07,7.3158e-07,5.9106e-06,1.0050e-05,1.1480e-05,1.0002e-05
P11,0.00,135.00,60.00,0.00,4.9837e-08,3.0988e-07,1.0742e-06,5.8658e-06,1.1604e-05,1.1589e-05,8.8683e-06,5.0021e-08,2.7912e-07,7.6377e-07,5.9093e-06,1.0027e-05,1.1501e-05,1.0221e-05
P11,0.00,0.00,30.00,0.00,5.2683e-08,3.0988e-07,1.0742e-06,5.8659e-06,1.1604e-05,1.1589e-05,8.8683e-06,5.2854e-08,2.7912e-07,7.6377e-07,5.9095e-06,1.0027e-05,1.1501e-05,1.0221e-05
P11,30.00,135.00,60.00,0.00,5.1207e-08,2.9541e-07,1.0292e-06,5.8579e-06,1.1571e-05,1.1557e-05,8.5996e-06,5.1378e-08,2.6585e-07,7.3158e-07,5.9104e-06,1.0050e-05,1.1479e-05,1.0002e-05
P11,30.00,0.00,60.00,0.00,5.1325e-08,2.9541e-07,1.0292e-06,5.8579e-06,1.1571e-05,1.1557e-05,8.5996e-06,5.1495e-08,2.6585e-07,7.3158e-07,5.9104e-06,1.0050e-05,1.1479e-05,1.0002e-05
P11,30.00,0.00,30.00,0.00,5.4347e-08,2.9541e-07,1.0292e-06,5.8581e-06,1.1571e-05,1.1557e-05,8.5996e-06,5.4508e-08,2.6585e-07,7.3158e-07,5.9106e-06,1.0050e-05,1.1479e-05,1.0002e-05
P11,30.00,180.00,0.00,0.00,5.5110e-08,2.9541e-07,1.0292e-06,5.8581e-06,1.1571e-05,1.1557e-05,8.5996e-06,5.5264e-08,2.6585e-07,7.3158e-07,5.9106e-06,1.0050e-05,1.1480e-05,1.0002e-05
P11,0.00,90.00,30.00,0.00,5.2683e-08,3.0988e-07,1.0742e-06,5.8659e-06,1.1604e-05,1.1589e-05,8.8683e-06,5.2854e-08,2.7912e-07,7.6377e-07,5.9095e-06,1.0027e-05,1.1501e-05,1.0221e-05
P11,60.00,45.00,30.00,0.00,6.1592e-08,2.4466e-07,8.6954e-07,5.7434e-06,1.1237e-05,1.1225e-05,7.5463e-06,6.1683e-08,2.1945e-07,6.1811e-07,5.8339e-06,9.9918e-06,1.1190e-05,9.0605e-06
P11,30.00,45.00,60.00,0.00,5.1304e-08,2.9541e-07,1.0292e-06,5.8579e-06,1.1571e-05,1.1557e-05,8.5996e-06,5.1475e-08,2.6585e-07,7.3158e-07,5.9104e-06,1.0050e-05,1.1479e-05,1.0002e-05
P11,0.00,90.00,0.00,0.00,5.3419e-08,3.0988e-07,1.0742e-06,5.8659e-06,1.1604e-05,1.1589e-05,8.8683e-06,5.3582e-08,2.7912e-07,7.6377e-07,5.9095e-06,1.0027e-05,1.1501e-05,1.0221e-05
P12,60.00,180.00,30.00,0.00,6.1278e-08,2.0839e-07,6.9281e-07,4.2973e-06,9.4696e-06,9.4567e-06,5.8523e-06,6.0776e-08,1.8892e-07,5.0825e-07,4.3999e-06,8.0827e-06,9.4027e-06,7.2586e-06
P12,60.00,90.00,60.00,0.00,5.6339e-08,2.0838e-07,6.9281e-07,4.2971e-06,9.4695e-06,9.4565e-06,5.8523e-06,5.5886e-08,1.8892e-07,5.0825e-07,4.3996e-06,8.0825e-06,9.4026e-06,7.2585e-06
P12,60.00,45.00,30.00,0.00,6.1422e-08,2.0839e-07,6.9281e-07,4.2973e-06,9.4696e-06,9.4567e-06,5.8523e-06,6.0917e-08,1.8892e-07,5.0825e-07,4.3999e-06,8.0827e-06,9.4027e-06,7.2586e-06
P12,60.00,0.00,0.00,0.00,6.2675e-08,2.0839e-07,6.9281e-07,4.2974e-06,9.4696e-06,9.4567e-06,5.8523e-06,6.2151e-08,1.8892e-07,5.0825e-07,4.3999e-06,8.0828e-06,9.4027e-06,7.2586e-06
P12,30.00,0.00,30.00,0.00,5.2943e-08,2.4167e-07,7.9915e-07,4.7348e-06,1.0041e-05,1.0028e-05,6.6979e-06,5.2735e-08,2.1900e-07,5.8422e-07,4.8146e-06,8.5883e-06,9.9552e-06,8.1572e-06
P12,60.00,45.00,0.00,0.00,6.2675e-08,2.0839e-07,6.9281e-07,4.2974e-06,9.4696e-06,9.4567e-06,5.8523e-06,6.2151e-08,1.8892e-07,5.0825e-07,4.3999e-06,8.0828e-06,9.4027e-06,7.2586e-06
P12,30.00,180.00,30.00,0.00,5.2898e-08,2.4167e-07,7.9915e-07,4.7348e-06,1.0041e-05,1.0028e-05,6.6979e-06,5.2691e-08,2.1900e-07,5.8422e-07,4.8146e-06,8.5883e-06,9.9552e-06,8.1572e-06
P12,0.00,45.00,0.00,0.00,5.2165e-08,2.5130e-07,8.2981e-07,4.8244e-06,1.0152e-05,1.0139e-05,6.9311e-06,5.1987e-08,2.2776e-07,6.0505e-07,4.8976e-06,8.6835e-06,1.0061e-05,8.3807e-06
P12,60.00,135.00,0.00,0.00,6.2675e-08,2.0839e-07,6.9281e-07,4.2974e-06,9.4696e-06,9.4567e-06,5.8523e-06,6.2151e-08,1.8892e-07,5.0825e-07,4.3999e-06,8.0828e-06,9.4027e-06,7.2586e-06
P12,30.00,180.00,60.00,0.00,4.9145e-08,2.4167e-07,7.9914e-07,4.7346e-06,1.0041e-05,1.0028e-05,6.6979e-06,4.8995e-08,2.1900e-07,5.8422e-07,4.8144e-06,8.5881e-06,9.9550e-06,8.1572e-06
P12,0.00,45.00,60.00,0.00,4.7789e-08,2.5130e-07,8.2980e-07,4.8243e-06,1.0152e-05,1.0139e-05,6.9311e-06,4.7694e-08,2.2776e-07,6.0504e-07,4.8974e-06,8.6834e-06,1.0061e-05,8.3806e-06
P12,0.00,180.00,60.00,0.00,4.7789e-08,2.5130e-07,8.2980e-07,4.8243e-06,1.0152e-05,1.0139e-05,6.9311e-06,4.7694e-08,2.2776e-07,6.0504e-07,4.8974e-06,8.6834e-06,1.0061e-05,8.3806e-06
P12,0.00,90.00,60.00,0.00,4.7789e-08,2.5130e-07,8.2980e-07,4.8243e-06,1.0152e-05,1.0139e-05,6.9311e-06,4.7694e-08,2.2776e-07,6.0504e-07,4.8974e-06,8.6834e-06,1.0061e-05,8.3806e-06
P12,0.00,45.00,30.00,0.00,5.1211e-08,2.5130e-07,8.2981e-07,4.8244e-06,1.0152e-05,1.0139e-05,6.9311e-06,5.1057e-08,2.2776e-07,6.0505e-07,4.8976e-06,8.6834e-06,1.0061e-05,8.3807e-06
P12,30.00,45.00,30.00,0.00,5.2937e-08,2.4167e-07,7.9915e-07,4.7348e-06,1.0041e-05,1.0028e-05,6.6979e-06,5.2728e-08,2.1900e-07,5.8422e-07,4.8146e-06,8.5883e-06,9.9552e-06,8.1572e-06
P12,30.00,90.00,0.00,0.00,5.3937e-08,2.4167e-07,7.9915e-07,4.7348e-06,1.0041e-05,1.0028e-05,6.6979e-06,5.3706e-08,2.1900e-07,5.8422e-07,4.8146e-06,8.5883e-06,9.9552e-06,8.1572e-06
P12,60.00,45.00,60.00,0.00,5.6556e-08,2.0838e-07,6.9281e-07,4.2971e-06,9.4695e-06,9.4565e-06,5.8523e-06,5.6101e-08,1.8892e-07,5.0825e-07,4.3997e-06,8.0825e-06,9.4026e-06,7.2585e-06
P12,0.00,0.00,60.00,0.00,4.7789e-08,2.5130e-07,8.2980e-07,4.8243e-06,1.0152e-05,1.0139e-05,6.9311e-06,4.7694e-08,2.2776e-07,6.0504e-07,4.8974e-06,8.6834e-06,1.0061e-05,8.3806e-06
P12,30.00,0.00,60.00,0.00,4.9292e-08,2.4167e-07,7.9914e-07,4.7346e-06,1.0041e-05,1.0028e-05,6.6979e-06,4.9140e-08,2.1900e-07,5.8422e-07,4.8145e-06,8.5881e-06,9.9551e-06,8.1572e-06
P12,60.00,180.00,60.00,0.00,5.6023e-08,2.0838e-07,6.9281e-07,4.2971e-06,9.4695e-06,9.4565e-06,5.8523e-06,5.5572e-08,1.8892e-07,5.0825e-07,4.3996e-06,8.0825e-06,9.4026e-06,7.2585e-06
P12,0.00,135.00,0.00,0.00,5.2165e-08,2.5130e-07,8.2981e-07,4.8244e-06,1.0152e-05,1.0139e-05,6.9311e-06,5.1987e-08,2.2776e-07,6.0505e-07,4.8976e-06,8.6835e-06,1.0061e-05,8.3807e-06
P12,0.00,0.00,30.00,0.00,5.1211e-08,2.5130e-07,8.2981e-07,4.8244e-06,1.0152e-05,1.0139e-05,6.9311e-06,5.1057e-08,2.2776e-07,6.0505e-07,4.8976e-06,8.6834e-06,1.0061e-05,8.3807e-06
P12,30.00,90.00,30.00,0.00,5.2921e-08,2.4167e-07,7.9915e-07,4.7348e-06,1.0041e-05,1.0028e-05,6.6979e-06,5.2713e-08,2.1900e-07,5.8422e-07,4.8146e-06,8.5883e-06,9.9552e-06,8.1572e-06
P12,0.00,90.00,30.00,0.00,5.1211e-08,2.5130e-07,8.2981e-07,4.8244e-06,1.0152e-05,1.0139e-05,6.9311e-06,5.1057e-08,2.2776e-07,6.0505e-07,4.8976e-06,8.6834e-06,1.0061e-05,8.3807e-06
P12,30.00,135.00,60.00,0.00,4.9166e-08,2.4167e-07,7.9914e-07,4.7346e-06,1.0041e-05,1.0028e-05,6.6979e-06,4.9016e-08,2.1900e-07,5.8422e-07,4.8145e-06,8.5881e-06,9.9551e-06,8.1572e-06
P12,30.00,180.00,0.00,0.00,5.3937e-08,2.4167e-07,7.9915e-07,4.7348e-06,1.0041e-05,1.0028e-05,6.6979e-06,5.3706e-08,2.1900e-07,5.8422e-07,4.8146e-06,8.5883e-06,9.9552e-06,8.1572e-06
P12,30.00,135.00,30.00,0.00,5.2905e-08,2.4167e-07,7.9915e-07,4.7348e-06,1.0041e-05,1.0028e-05,6.6979e-06,5.2697e-08,2.1900e-07,5.8422e-07,4.8146e-06,8.5883e-06,9.9552e-06,8.1572e-06
P12,0.00,135.00,30.00,0.00,5.1211e-08,2.5130e-07,8.2981e-07,4.8244e-06,1.0152e-05,1.0139e-05,6.9311e-06,5.1057e-08,2.2776e-07,6.0505e-07,4.8976e-06,8.6834e-06,1.0061e-05,8.3807e-06
P12,60.00,90.00,0.00,0.00,6.2675e-08,2.0839e-07,6.9281e-07,4.2974e-06,9.4696e-06,9.4567e-06,5.8523e-06,6.2151e-08,1.8892e-07,5.0825e-07,4.3999e-06,8.0828e-06,9.4027e-06,7.2586e-06
P12,0.00,90.00,0.00,0.00,5.2165e-08,2.5130e-07,8.2981e-07,4.8244e-06,1.0152e-05,1.0139e-05,6.9311e-06,5.1987e-08,2.2776e-07,6.0505e-07,4.8976e-06,8.6835e-06,1.0061e-05,8.3807e-06
P12,30.00,135.00,0.00,0.00,5.3937e-08,2.4167e-07,7.9915e-07,4.7348e-06,1.0041e-05,1.0028e-05,6.6979e-06,5.3706e-08,2.1900e-07,5.8422e-07,4.8146e-06,8.5883e-06,9.9552e-06,8.1572e-06
P12,60.00,0.00,30.00,0.00,6.1447e-08,2.0839e-07,6.9281e-07,4.2973e-06,9.4696e-06,9.4567e-06,5.8523e-06,6.0942e-08,1.8892e-07,5.0825e-07,4.3999e-06,8.0827e-06,9.4027e-06,7.2586e-06
P12,0.00,135.00,60.00,0.00,4.7789e-08,2.5130e-07,8.2980e-07,4.8243e-06,1.0152e-05,1.0139e-05,6.9311e-06,4.7694e-08,2.2776e-07,6.0504e-07,4.8974e-06,8.6834e-06,1.0061e-05,8.3806e-06
P12,30.00,45.00,0.00,0.00,5.3937e-08,2.4167e-07,7.9915e-07,4.7348e-06,1.0041e-05,1.0028e-05,6.6979e-06,5.3706e-08,2.1900e-07,5.8422e-07,4.8146e-06,8.5883e-06,9.9552e-06,8.1572e-06
P12,0.00,180.00,0.00,0.00,5.2165e-08,2.5130e-07,8.2981e-07,4.8244e-06,1.0152e-05,1.0139e-05,6.9311e-06,5.1987e-08,2.2776e-07,6.0505e-07,4.8976e-06,8.6835e-06,1.0061e-05,8.3807e-06
P12,60.00,180.00,0.00,0.00,6.2675e-08,2.0839e-07,6.9281e-07,4.2974e-06,9.4696e-06,9.4567e-06,5.8523e-06,6.2151e-08,1.8892e-07,5.0825e-07,4.3999e-06,8.0828e-06,9.4027e-06,7.2586e-06
P12,30.00,90.00,60.00,0.00,4.9218e-08,2.4167e-07,7.9914e-07,4.7346e-06,1.0041e-05,1.0028e-05,6.6979e-06,4.9067e-08,2.1900e-07,5.8422e-07,4.8145e-06,8.5881e-06,9.9551e-06,8.1572e-06
P12,60.00,135.00,30.00,0.00,6.1302e-08,2.0839e-07,6.9281e-07,4.2973e-06,9.4696e-06,9.4567e-06,5.8523e-06,6.0800e-08,1.8892e-07,5.0825e-07,4.3999e-06,8.0827e-06,9.4027e-06,7.2586e-06
P12,0.00,0.00,0.00,0.00,5.2165e-08,2.5130e-07,8.2981e-07,4.8244e-06,1.0152e-05,1.0139e-05,6.9311e-06,5.1987e-08,2.2776e-07,6.0505e-07,4.8976e-06,8.6835e-06,1.0061e-05,8.3807e-06
P12,60.00,90.00,30.00,0.00,6.1362e-08,2.0839e-07,6.9281e-07,4.2973e-06,9.4696e-06,9.4567e-06,5.8523e-06,6.0858e-08,1.8892e-07,5.0825e-07,4.3999e-06,8.0827e-06,9.4027e-06,7.2586e-06
P12,30.00,45.00,60.00,0.00,4.9271e-08,2.4167e-07,7.9914e-07,4.7346e-06,1.0041e-05,1.0028e-05,6.6979e-06,4.9119e-08,2.1900e-07,5.8422e-07,4.8145e-06,8.5881e-06,9.9551e-06,8.1572e-06
P12,60.00,135.00,60.00,0.00,5.6117e-08,2.0838e-07,6.9281e-07,4.2971e-06,9.4695e-06,9.4565e-06,5.8523e-06,5.5666e-08,1.8892e-07,5.0825e-07,4.3996e-06,8.0825e-06,9.4026e-06,7.2585e-06
P12,30.00,0.00,0.00,0.00,5.3937e-08,2.4167e-07,7.9915e-07,4.7348e-06,1.0041e-05,1.0028e-05,6.6979e-06,5.3706e-08,2.1900e-07,5.8422e-07,4.8146e-06,8.5883e-06,9.9552e-06,8.1572e-06
P12,0.00,180.00,30.00,0.00,5.1211e-08,2.5130e-07,8.2981e-07,4.8244e-06,1.0152e-05,1.0139e-05,6.9311e-06,5.1057e-08,2.2776e-07,6.0505e-07,4.8976e-06,8.6834e-06,1.0061e-05,8.3807e-06
P12,60.00,0.00,60.00,0.00,5.6644e-08,2.0838e-07,6.9281e-07,4.2971e-06,9.4695e-06,9.4565e-06,5.8523e-06,5.6189e-08,1.8892e-07,5.0825e-07,4.3997e-06,8.0825e-06,9.4026e-06,7.2585e-06
P13,30.00,45.00,0.00,0.00,5.7934e-08,2.1139e-07,8.1236e-07,4.7522e-06,1.0133e-05,1.0119e-05,6.3950e-06,5.7376e-08,1.8855e-07,5.3906e-07,4.8337e-06,8.5817e-06,1.0032e-05,8.0661e-06
P13,30.00,0.00,60.00,0.00,5.1811e-08,2.1138e-07,8.1229e-07,4.7520e-06,1.0133e-05,1.0119e-05,6.3950e-06,5.1397e-08,1.8855e-07,5.3904e-07,4.8334e-06,8.5815e-06,1.0032e-05,8.0660e-06
P13,60.00,90.00,60.00,0.00,6.0148e-08,1.8208e-07,6.4168e-07,4.2799e-06,9.5618e-06,9.5477e-06,5.5311e-06,5.9306e-08,1.6399e-07,4.4672e-07,4.3827e-06,8.0532e-06,9.4797e-06,7.1075e-06
P13,0.00,90.00,60.00,0.00,5.0065e-08,2.2078e-07,8.6650e-07,4.8466e-06,1.0240e-05,1.0225e-05,6.6420e-06,4.9733e-08,1.9648e-07,5.6977e-07,4.9214e-06,8.6794e-06,1.0134e-05,8.3034e-06
P13,30.00,180.00,60.00,0.00,5.1640e-08,2.1138e-07,8.1229e-07,4.7520e-06,1.0133e-05,1.0119e-05,6.3950e-06,5.1230e-08,1.8855e-07,5.3904e-07,4.8334e-06,8.5815e-06,1.0032e-05,8.0660e-06
P13,30.00,90.00,0.00,0.00,5.7934e-08,2.1139e-07,8.1236e-07,4.7522e-06,1.0133e-05,1.0119e-05,6.3950e-06,5.7376e-08,1.8855e-07,5.3906e-07,4.8337e-06,8.5817e-06,1.0032e-05,8.0661e-06
P13,0.00,0.00,0.00,0.00,5.5885e-08,2.2079e-07,8.6658e-07,4.8468e-06,1.0240e-05,1.0226e-05,6.6420e-06,5.5405e-08,1.9649e-07,5.6980e-07,4.9216e-06,8.6795e-06,1.0134e-05,8.3035e-06
P13,30.00,0.00,0.00,0.00,5.7934e-08,2.1139e-07,8.1236e-07,4.7522e-06,1.0133e-05,1.0119e-05,6.3950e-06,5.7376e-08,1.8855e-07,5.3906e-07,4.8337e-06,8.5817e-06,1.0032e-05,8.0661e-06
P13,30.00,90.00,30.00,0.00,5.6504e-08,2.1139e-07,8.1234e-07,4.7522e-06,1.0133e-05,1.0119e-05,6.3950e-06,5.5987e-08,1.8855e-07,5.3906e-07,4.8336e-06,8.5816e-06,1.0032e-05,8.0660e-06
P13,0.00,0.00,30.00,0.00,5.4530e-08,2.2079e-07,8.6656e-07,4.8468e-06,1.0240e-05,1.0226e-05,6.6420e-06,5.4093e-08,1.9648e-07,5.6979e-07,4.9215e-06,8.6795e-06,1.0134e-05,8.3034e-06
P13,60.00,0.00,0.00,0.00,6.8248e-08,1.8209e-07,6.4174e-07,4.2803e-06,9.5619e-06,9.5479e-06,5.5311e-06,6.7258e-08,1.6399e-07,4.4674e-07,4.3830e-06,8.0535e-06,9.4799e-06,7.1076e-06
P13,60.00,135.00,0.00,0.00,6.8248e-08,1.8209e-07,6.4174e-07,4.2803e-06,9.5619e-06,9.5479e-06,5.5311e-06,6.7258e-08,1.6399e-07,4.4674e-07,4.3830e-06,8.0535e-06,9.4799e-06,7.1076e-06
P13,60.00,180.00,30.00,0.00,6.6345e-08,1.8209e-07,6.4173e-07,4.2802e-06,9.5619e-06,9.5479e-06,5.5311e-06,6.5399e-08,1.6399e-07,4.4673e-07,4.3830e-06,8.0534e-06,9.4798e-06,7.1076e-06
P13,60.00,45.00,30.00,0.00,6.6522e-08,1.8209e-07,6.4173e-07,4.2802e-06,9.5619e-06,9.5479e-06,5.5311e-06,6.5571e-08,1.6399e-07,4.4673e-07,4.3830e-06,8.0534e-06,9.4798e-06,7.1076e-06
P13,30.00,45.00,60.00,0.00,5.1786e-08,2.1138e-07,8.1229e-07,4.7520e-06,1.0133e-05,1.0119e-05,6.3950e-06,5.1372e-08,1.8855e-07,5.3904e-07,4.8334e-06,8.5815e-06,1.0032e-05,8.0660e-06
P13,30.00,135.00,30.00,0.00,5.6482e-08,2.1139e-07,8.1234e-07,4.7522e-06,1.0133e-05,1.0119e-05,6.3950e-06,5.5966e-08,1.8855e-07,5.3906e-07,4.8336e-06,8.5816e-06,1.0032e-05,8.0660e-06
P13,0.00,135.00,0.00,0.00,5.5885e-08,2.2079e-07,8.6658e-07,4.8468e-06,1.0240e-05,1.0226e-05,6.6420e-06,5.5405e-08,1.9649e-07,5.6980e-07,4.9216e-06,8.6795e-06,1.0134e-05,8.3035e-06
P13,30.00,0.00,30.00,0.00,5.6534e-08,2.1139e-07,8.1234e-07,4.7522e-06,1.0133e-05,1.0119e-05,6.3950e-06,5.6016e-08,1.8855e-07,5.3906e-07,4.8336e-06,8.5816e-06,1.0032e-05,8.0660e-06
P13,60.00,135.00,30.00,0.00,6.6375e-08,1.8209e-07,6.4173e-07,4.2802e-06,9.5619e-06,9.5479e-06,5.5311e-06,6.5428e-08,1.6399e-07,4.4673e-07,4.3830e-06,8.0534e-06,9.4798e-06,7.1076e-06
P13,60.00,180.00,0.00,0.00,6.8248e-08,1.8209e-07,6.4174e-07,4.2803e-06,9.5619e-06,9.5479e-06,5.5311e-06,6.7258e-08,1.6399e-07,4.4674e-07,4.3830e-06,8.0535e-06,9.4799e-06,7.1076e-06
P13,0.00,45.00,30.00,0.00,5.4530e-08,2.2079e-07,8.6656e-07,4.8468e-06,1.0240e-05,1.0226e-05,6.6420e-06,5.4093e-08,1.9648e-07,5.6979e-07,4.9215e-06,8.6795e-06,1.0134e-05,8.3034e-06
P13,30.00,90.00,60.00,0.00,5.1725e-08,2.1138e-07,8.1229e-07,4.7520e-06,1.0133e-05,1.0119e-05,6.3950e-06,5.1313e-08,1.8855e-07,5.3904e-07,4.8334e-06,8.5815e-06,1.0032e-05,8.0660e-06
P13,30.00,180.00,0.00,0.00,5.7934e-08,2.1139e-07,8.1236e-07,4.7522e-06,1.0133e-05,1.0119e-05,6.3950e-06,5.7376e-08,1.8855e-07,5.3906e-07,4.8337e-06,8.5817e-06,1.0032e-05,8.0661e-06
P13,30.00,45.00,30.00,0.00,5.6525e-08,2.1139e-07,8.1234e-07,4.7522e-06,1.0133e-05,1.0119e-05,6.3950e-06,5.6007e-08,1.8855e-07,5.3906e-07,4.8336e-06,8.5816e-06,1.0032e-05,8.0660e-06
P13,0.00,135.00,30.00,0.00,5.4530e-08,2.2079e-07,8.6656e-07,4.8468e-06,1.0240e-05,1.0226e-05,6.6420e-06,5.4093e-08,1.9648e-07,5.6979e-07,4.9215e-06,8.6795e-06,1.0134e-05,8.3034e-06
P13,60.00,45.00,60.00,0.00,6.0385e-08,1.8208e-07,6.4168e-07,4.2800e-06,9.5618e-06,9.5477e-06,5.5311e-06,5.9540e-08,1.6399e-07,4.4672e-07,4.3827e-06,8.0532e-06,9.4797e-06,7.1075e-06
P13,0.00,135.00,60.00,0.00,5.0065e-08,2.2078e-07,8.6650e-07,4.8466e-06,1.0240e-05,1.0225e-05,6.6420e-06,4.9733e-08,1.9648e-07,5.6977e-07,4.9214e-06,8.6794e-06,1.0134e-05,8.3034e-06
P13,0.00,45.00,0.00,0.00,5.5885e-08,2.2079e-07,8.6658e-07,4.8468e-06,1.0240e-05,1.0226e-05,6.6420e-06,5.5405e-08,1.9649e-07,5.6980e-07,4.9216e-06,8.6795e-06,1.0134e-05,8.3035e-06
P13,30.00,135.00,0.00,0.00,5.7934e-08,2.1139e-07,8.1236e-07,4.7522e-06,1.0133e-05,1.0119e-05,6.3950e-06,5.7376e-08,1.8855e-07,5.3906e-07,4.8337e-06,8.5817e-06,1.0032e-05,8.0661e-06
P13,0.00,180.00,30.00,0.00,5.4530e-08,2.2079e-07,8.6656e-07,4.8468e-06,1.0240e-05,1.0226e-05,6.6420e-06,5.4093e-08,1.9648e-07,5.6979e-07,4.9215e-06,8.6795e-06,1.0134e-05,8.3034e-06
P13,0.00,0.00,60.00,0.00,5.0065e-08,2.2078e-07,8.6650e-07,4.8466e-06,1.0240e-05,1.0225e-05,6.6420e-06,4.9733e-08,1.9648e-07,5.6977e-07,4.9214e-06,8.6794e-06,1.0134e-05,8.3034e-06
P13,60.00,135.00,60.00,0.00,5.9906e-08,1.8208e-07,6.4168e-07,4.2799e-06,9.5618e-06,9.5477e-06,5.5311e-06,5.9067e-08,1.6399e-07,4.4672e-07,4.3827e-06,8.0532e-06,9.4797e-06,7.1075e-06
P13,60.00,90.00,0.00,0.00,6.8248e-08,1.8209e-07,6.4174e-07,4.2803e-06,9.5619e-06,9.5479e-06,5.5311e-06,6.7258e-08,1.6399e-07,4.4674e-07,4.3830e-06,8.0535e-06,9.4799e-06,7.1076e-06
P13,0.00,90.00,0.00,0.00,5.5885e-08,2.2079e-07,8.6658e-07,4.8468e-06,1.0240e-05,1.0226e-05,6.6420e-06,5.5405e-08,1.9649e-07,5.6980e-07,4.9216e-06,8.6795e-06,1.0134e-05,8.3035e-06
P13,0.00,45.00,60.00,0.00,5.0065e-08,2.2078e-07,8.6650e-07,4.8466e-06,1.0240e-05,1.0225e-05,6.6420e-06,4.9733e-08,1.9648e-07,5.6977e-07,4.9214e-06,8.6794e-06,1.0134e-05,8.3034e-06
P13,0.00,90.00,30.00,0.00,5.4530e-08,2.2079e-07,8.6656e-07,4.8468e-06,1.0240e-05,1.0226e-05,6.6420e-06,5.4093e-08,1.9648e-07,5.6979e-07,4.9215e-06,8.6795e-06,1.0134e-05,8.3034e-06
P13,30.00,135.00,60.00,0.00,5.1665e-08,2.1138e-07,8.1229e-07,4.7520e-06,1.0133e-05,1.0119e-05,6.3950e-06,5.1254e-08,1.8855e-07,5.3904e-07,4.8334e-06,8.5815e-06,1.0032e-05,8.0660e-06
P13,0.00,180.00,60.00,0.00,5.0065e-08,2.2078e-07,8.6650e-07,4.8466e-06,1.0240e-05,1.0225e-05,6.6420e-06,4.9733e-08,1.9648e-07,5.6977e-07,4.9214e-06,8.6794e-06,1.0134e-05,8.3034e-06
P13,60.00,90.00,30.00,0.00,6.6448e-08,1.8209e-07,6.4173e-07,4.2802e-06,9.5619e-06,9.5479e-06,5.5311e-06,6.5499e-08,1.6399e-07,4.4673e-07,4.3830e-06,8.0534e-06,9.4798e-06,7.1076e-06
P13,60.00,180.00,60.00,0.00,5.9804e-08,1.8208e-07,6.4168e-07,4.2799e-06,9.5618e-06,9.5477e-06,5.5311e-06,5.8966e-08,1.6399e-07,4.4672e-07,4.3827e-06,8.0532e-06,9.4797e-06,7.1075e-06
P13,0.00,180.00,0.00,0.00,5.5885e-08,2.2079e-07,8.6658e-07,4.8468e-06,1.0240e-05,1.0226e-05,6.6420e-06,5.5405e-08,1.9649e-07,5.6980e-07,4.9216e-06,8.6795e-06,1.0134e-05,8.3035e-06
P13,60.00,0.00,30.00,0.00,6.6553e-08,1.8209e-07,6.4173e-07,4.2802e-06,9.5619e-06,9.5479e-06,5.5311e-06,6.5601e-08,1.6399e-07,4.4673e-07,4.3830e-06,8.0534e-06,9.4798e-06,7.1076e-06
P13,30.00,180.00,30.00,0.00,5.6474e-08,2.1139e-07,8.1234e-07,4.7522e-06,1.0133e-05,1.0119e-05,6.3950e-06,5.5958e-08,1.8855e-07,5.3906e-07,4.8336e-06,8.5816e-06,1.0032e-05,8.0660e-06
P13,60.00,0.00,60.00,0.00,6.0481e-08,1.8208e-07,6.4168e-07,4.2800e-06,9.5618e-06,9.5477e-06,5.5311e-06,5.9635e-08,1.6399e-07,4.4672e-07,4.3827e-06,8.0532e-06,9.4797e-06,7.1075e-06
P13,60.00,45.00,0.00,0.00,6.8248e-08,1.8209e-07,6.4174e-07,4.2803e-06,9.5619e-06,9.5479e-06,5.5311e-06,6.7258e-08,1.6399e-07,4.4674e-07,4.3830e-06,8.0535e-06,9.4799e-06,7.1076e-06
P14,60.00,45.00,30.00,0.00,5.7160e-08,4.1966e-07,1.2810e-06,5.4436e-06,1.0822e-05,1.0810e-05,7.5268e-06,5.7317e-08,3.8489e-07,9.8596e-07,5.5261e-06,9.5215e-06,1.0756e-05,8.9246e-06
P14,60.00,135.00,30.00,0.00,5.7062e-08,4.1966e-07,1.2810e-06,5.4436e-06,1.0822e-05,1.0810e-05,7.5268e-06,5.7219e-08,3.8489e-07,9.8596e-07,5.5261e-06,9.5215e-06,1.0756e-05,8.9246e-06
P14,0.00,90.00,60.00,0.00,4.6991e-08,5.2000e-07,1.4697e-06,5.5998e-06,1.1178e-05,1.1164e-05,8.7607e-06,4.7233e-08,4.8123e-07,1.1456e-06,5.6407e-06,9.6379e-06,1.1072e-05,9.9846e-06
P14,0.00,135.00,30.00,0.00,4.9526e-08,5.2000e-07,1.4697e-06,5.6000e-06,1.1179e-05,1.1164e-05,8.7607e-06,4.9769e-08,4.8123e-07,1.1456e-06,5.6409e-06,9.6380e-06,1.1072e-05,9.9846e-06
P14,60.00,90.00,60.00,0.00,5.3440e-08,4.1966e-07,1.2810e-06,5.4435e-06,1.0822e-05,1.0810e-05,7.5268e-06,5.3585e-08,3.8489e-07,9.8596e-07,5.5259e-06,9.5213e-06,1.0756e-05,8.9246e-06
P14,60.00,90.00,30.00,0.00,5.7111e-08,4.1966e-07,1.2810e-06,5.4436e-06,1.0822e-05,1.0810e-05,7.5268e-06,5.7268e-08,3.8489e-07,9.8596e-07,5.5261e-06,9.5215e-06,1.0756e-05,8.9246e-06
P14,0.00,0.00,0.00,0.00,5.0140e-08,5.2000e-07,1.4697e-06,5.6000e-06,1.1179e-05,1.1164e-05,8.7607e-06,5.0381e-08,4.8123e-07,1.1456e-06,5.6409e-06,9.6380e-06,1.1072e-05,9.9846e-06
P14,0.00,135.00,0.00,0.00,5.0140e-08,5.2000e-07,1.4697e-06,5.6000e-06,1.1179e-05,1.1164e-05,8.7607e-06,5.0381e-08,4.8123e-07,1.1456e-06,5.6409e-06,9.6380e-06,1.1072e-05,9.9846e-06
P14,30.00,180.00,0.00,0.00,5.1591e-08,4.9945e-07,1.4310e-06,5.5803e-06,1.1136e-05,1.1122e-05,8.5119e-06,5.1822e-08,4.6148e-07,1.1131e-06,5.6290e-06,9.6363e-06,1.1038e-05,9.7835e-06
P14,60.00,135.00,60.00,0.00,5.3242e-08,4.1966e-07,1.2810e-06,5.4435e-06,1.0822e-05,1.0810e-05,7.5268e-06,5.3387e-08,3.8489e-07,9.8596e-07,5.5259e-06,9.5213e-06,1.0756e-05,8.9246e-06
P14,30.00,180.00,30.00,0.00,5.0914e-08,4.9945e-07,1.4310e-06,5.5802e-06,1.1136e-05,1.1122e-05,8.5119e-06,5.1146e-08,4.6148e-07,1.1131e-06,5.6290e-06,9.6363e-06,1.1038e-05,9.7835e-06
P14,30.00,45.00,60.00,0.00,4.8220e-08,4.9944e-07,1.4310e-06,5.5801e-06,1.1136e-05,1.1122e-05,8.5119e-06,4.8449e-08,4.6148e-07,1.1131e-06,5.6288e-06,9.6362e-06,1.1038e-05,9.7835e-06
P14,0.00,180.00,60.00,0.00,4.6991e-08,5.2000e-07,1.4697e-06,5.5998e-06,1.1178e-05,1.1164e-05,8.7607e-06,4.7233e-08,4.8123e-07,1.1456e-06,5.6407e-06,9.6379e-06,1.1072e-05,9.9846e-06
P14,0.00,0.00,60.00,0.00,4.6991e-08,5.2000e-07,1.4697e-06,5.5998e-06,1.1178e-05,1.1164e-05,8.7607e-06,4.7233e-08,4.8123e-07,1.1456e-06,5.6407e-06,9.6379e-06,1.1072e-05,9.9846e-06
P14,0.00,90.00,30.00,0.00,4.9526e-08,5.2000e-07,1.4697e-06,5.6000e-06,1.1179e-05,1.1164e-05,8.7607e-06,4.9769e-08,4.8123e-07,1.1456e-06,5.6409e-06,9.6380e-06,1.1072e-05,9.9846e-06
P14,0.00,90.00,0.00,0.00,5.0140e-08,5.2000e-07,1.4697e-06,5.6000e-06,1.1179e-05,1.1164e-05,8.7607e-06,5.0381e-08,4.8123e-07,1.1456e-06,5.6409e-06,9.6380e-06,1.1072e-05,9.9846e-06
P14,0.00,180.00,30.00,0.00,4.9526e-08,5.2000e-07,1.4697e-06,5.6000e-06,1.1179e-05,1.1164e-05,8.7607e-06,4.9769e-08,4.8123e-07,1.1456e-06,5.6409e-06,9.6380e-06,1.1072e-05,9.9846e-06
P14,30.00,135.00,30.00,0.00,5.0919e-08,4.9945e-07,1.4310e-06,5.5802e-06,1.1136e-05,1.1122e-05,8.5119e-06,5.1151e-08,4.6148e-07,1.1131e-06,5.6290e-06,9.6363e-06,1.1038e-05,9.7835e-06
P14,0.00,45.00,60.00,0.00,4.6991e-08,5.2000e-07,1.4697e-06,5.5998e-06,1.1178e-05,1.1164e-05,8.7607e-06,4.7233e-08,4.8123e-07,1.1456e-06,5.6407e-06,9.6379e-06,1.1072e-05,9.9846e-06
P14,30.00,45.00,30.00,0.00,5.0943e-08,4.9945e-07,1.4310e-06,5.5802e-06,1.1136e-05,1.1122e-05,8.5119e-06,5.1175e-08,4.6148e-07,1.1131e-06,5.6290e-06,9.6363e-06,1.1038e-05,9.7835e-06
P14,0.00,45.00,0.00,0.00,5.0140e-08,5.2000e-07,1.4697e-06,5.6000e-06,1.1179e-05,1.1164e-05,8.7607e-06,5.0381e-08,4.8123e-07,1.1456e-06,5.6409e-06,9.6380e-06,1.1072e-05,9.9846e-06
P14,30.00,90.00,0.00,0.00,5.1591e-08,4.9945e-07,1.4310e-06,5.5803e-06,1.1136e-05,1.1122e-05,8.5119e-06,5.1822e-08,4.6148e-07,1.1131e-06,5.6290e-06,9.6363e-06,1.1038e-05,9.7835e-06
P14,30.00,180.00,60.00,0.00,4.8108e-08,4.9944e-07,1.4310e-06,5.5801e-06,1.1136e-05,1.1122e-05,8.5119e-06,4.8337e-08,4.6148e-07,1.1131e-06,5.6288e-06,9.6362e-06,1.1038e-05,9.7835e-06
P14,30.00,0.00,30.00,0.00,5.0948e-08,4.9945e-07,1.4310e-06,5.5802e-06,1.1136e-05,1.1122e-05,8.5119e-06,5.1180e-08,4.6148e-07,1.1131e-06,5.6290e-06,9.6363e-06,1.1038e-05,9.7835e-06
P14,60.00,45.00,60.00,0.00,5.3632e-08,4.1966e-07,1.2810e-06,5.4435e-06,1.0822e-05,1.0810e-05,7.5268e-06,5.3778e-08,3.8489e-07,9.8596e-07,5.5259e-06,9.5213e-06,1.0756e-05,8.9246e-06
P14,60.00,0.00,0.00,0.00,5.7954e-08,4.1966e-07,1.2810e-06,5.4437e-06,1.0822e-05,1.0810e-05,7.5268e-06,5.8112e-08,3.8489e-07,9.8596e-07,5.5261e-06,9.5215e-06,1.0756e-05,8.9246e-06
P14,30.00,0.00,0.00,0.00,5.1591e-08,4.9945e-07,1.4310e-06,5.5803e-06,1.1136e-05,1.1122e-05,8.5119e-06,5.1822e-08,4.6148e-07,1.1131e-06,5.6290e-06,9.6363e-06,1.1038e-05,9.7835e-06
P14,60.00,45.00,0.00,0.00,5.7954e-08,4.1966e-07,1.2810e-06,5.4437e-06,1.0822e-05,1.0810e-05,7.5268e-06,5.8112e-08,3.8489e-07,9.8596e-07,5.5261e-06,9.5215e-06,1.0756e-05,8.9246e-06
P14,30.00,135.00,60.00,0.00,4.8127e-08,4.9944e-07,1.4310e-06,5.5801e-06,1.1136e-05,1.1122e-05,8.5119e-06,4.8356e-08,4.6148e-07,1.1131e-06,5.6288e-06,9.6362e-06,1.1038e-05,9.7835e-06
P14,60.00,180.00,60.00,0.00,5.3158e-08,4.1966e-07,1.2810e-06,5.4435e-06,1.0822e-05,1.0810e-05,7.5268e-06,5.3303e-08,3.8489e-07,9.8596e-07,5.5259e-06,9.5213e-06,1.0756e-05,8.9246e-06
P14,0.00,180.00,0.00,0.00,5.0140e-08,5.2000e-07,1.4697e-06,5.6000e-06,1.1179e-05,1.1164e-05,8.7607e-06,5.0381e-08,4.8123e-07,1.1456e-06,5.6409e-06,9.6380e-06,1.1072e-05,9.9846e-06
P14,60.00,180.00,30.00,0.00,5.7042e-08,4.1966e-07,1.2810e-06,5.4436e-06,1.0822e-05,1.0810e-05,7.5268e-06,5.7199e-08,3.8489e-07,9.8596e-07,5.5261e-06,9.5215e-06,1.0756e-05,8.9246e-06
P14,0.00,45.00,30.00,0.00,4.9526e-08,5.2000e-07,1.4697e-06,5.6000e-06,1.1179e-05,1.1164e-05,8.7607e-06,4.9769e-08,4.8123e-07,1.1456e-06,5.6409e-06,9.6380e-06,1.1072e-05,9.9846e-06
P14,60.00,180.00,0.00,0.00,5.7954e-08,4.1966e-07,1.2810e-06,5.4437e-06,1.0822e-05,1.0810e-05,7.5268e-06,5.8112e-08,3.8489e-07,9.8596e-07,5.5261e-06,9.5215e-06,1.0756e-05,8.9246e-06
P14,0.00,0.00,30.00,0.00,4.9526e-08,5.2000e-07,1.4697e-06,5.6000e-06,1.1179e-05,1.1164e-05,8.7607e-06,4.9769e-08,4.8123e-07,1.1456e-06,5.6409e-06,9.6380e-06,1.1072e-05,9.9846e-06
P14,30.00,135.00,0.00,0.00,5.1591e-08,4.9945e-07,1.4310e-06,5.5803e-06,1.1136e-05,1.1122e-05,8.5119e-06,5.1822e-08,4.6148e-07,1.1131e-06,5.6290e-06,9.6363e-06,1.1038e-05,9.7835e-06
P14,60.00,135.00,0.00,0.00,5.7954e-08,4.1966e-07,1.2810e-06,5.4437e-06,1.0822e-05,1.0810e-05,7.5268e-06,5.8112e-08,3.8489e-07,9.8596e-07,5.5261e-06,9.5215e-06,1.0756e-05,8.9246e-06
P14,0.00,135.00,60.00,0.00,4.6991e-08,5.2000e-07,1.4697e-06,5.5998e-06,1.1178e-05,1.1164e-05,8.7607e-06,4.7233e-08,4.8123e-07,1.1456e-06,5.6407e-06,9.6379e-06,1.1072e-05,9.9846e-06
P14,60.00,0.00,60.00,0.00,5.3710e-08,4.1966e-07,1.2810e-06,5.4435e-06,1.0822e-05,1.0810e-05,7.5268e-06,5.3857e-08,3.8489e-07,9.8596e-07,5.5259e-06,9.5213e-06,1.0756e-05,8.9246e-06
P14,60.00,0.00,30.00,0.00,5.7180e-08,4.1966e-07,1.2810e-06,5.4436e-06,1.0822e-05,1.0810e-05,7.5268e-06,5.7337e-08,3.8489e-07,9.8596e-07,5.5261e-06,9.5215e-06,1.0756e-05,8.9246e-06
P14,60.00,90.00,0.00,0.00,5.7954e-08,4.1966e-07,1.2810e-06,5.4437e-06,1.0822e-05,1.0810e-05,7.5268e-06,5.8112e-08,3.8489e-07,9.8596e-07,5.5261e-06,9.5215e-06,1.0756e-05,8.9246e-06
P14,30.00,90.00,60.00,0.00,4.8173e-08,4.9944e-07,1.4310e-06,5.5801e-06,1.1136e-05,1.1122e-05,8.5119e-06,4.8402e-08,4.6148e-07,1.1131e-06,5.6288e-06,9.6362e-06,1.1038e-05,9.7835e-06
P14,30.00,0.00,60.00,0.00,4.8239e-08,4.9944e-07,1.4310e-06,5.5801e-06,1.1136e-05,1.1122e-05,8.5119e-06,4.8468e-08,4.6148e-07,1.1131e-06,5.6288e-06,9.6362e-06,1.1038e-05,9.7835e-06
P14,30.00,45.00,0.00,0.00,5.1591e-08,4.9945e-07,1.4310e-06,5.5803e-06,1.1136e-05,1.1122e-05,8.5119e-06,5.1822e-08,4.6148e-07,1.1131e-06,5.6290e-06,9.6363e-06,1.1038e-05,9.7835e-06
P14,30.00,90.00,30.00,0.00,5.0931e-08,4.9945e-07,1.4310e-06,5.5802e-06,1.1136e-05,1.1122e-05,8.5119e-06,5.1163e-08,4.6148e-07,1.1131e-06,5.6290e-06,9.6363e-06,1.1038e-05,9.7835e-06
P15,30.00,45.00,30.00,0.00,5.5276e-08,2.9145e-07,1.4540e-06,4.6914e-06,1.0035e-05,1.0020e-05,5.9936e-06,5.4727e-08,2.5031e-07,9.9484e-07,4.7571e-06,8.4306e-06,9.9145e-06,8.0491e-06
P15,0.00,90.00,60.00,0.00,4.9847e-08,3.2306e-07,1.5448e-06,4.8010e-06,1.0157e-05,1.0143e-05,6.2954e-06,4.9445e-08,2.7939e-07,1.0738e-06,4.8594e-06,8.5483e-06,1.0034e-05,8.3159e-06
P15,30.00,180.00,60.00,0.00,5.1528e-08,2.9136e-07,1.4538e-06,4.6912e-06,1.0035e-05,1.0020e-05,5.9936e-06,5.1030e-08,2.5023e-07,9.9463e-07,4.7570e-06,8.4305e-06,9.9144e-06,8.0491e-06
P15,60.00,0.00,30.00,0.00,6.5736e-08,1.9708e-07,1.0866e-06,4.1280e-06,9.3675e-06,9.3530e-06,4.8837e-06,6.4673e-08,1.6672e-07,7.0196e-07,4.2192e-06,7.7923e-06,9.2625e-06,6.9191e-06
P15,30.00,90.00,0.00,0.00,5.6277e-08,2.9147e-07,1.4541e-06,4.6914e-06,1.0035e-05,1.0020e-05,5.9936e-06,5.5706e-08,2.5033e-07,9.9489e-07,4.7572e-06,8.4306e-06,9.9145e-06,8.0491e-06
P15,30.00,45.00,60.00,0.00,5.1649e-08,2.9137e-07,1.4538e-06,4.6912e-06,1.0035e-05,1.0020e-05,5.9936e-06,5.1150e-08,2.5024e-07,9.9464e-07,4.7570e-06,8.4305e-06,9.9144e-06,8.0491e-06
P15,0.00,135.00,30.00,0.00,5.3222e-08,3.2314e-07,1.5450e-06,4.8011e-06,1.0157e-05,1.0143e-05,6.2954e-06,5.2768e-08,2.7946e-07,1.0740e-06,4.8596e-06,8.5484e-06,1.0034e-05,8.3160e-06
P15,30.00,180.00,0.00,0.00,5.6277e-08,2.9147e-07,1.4541e-06,4.6914e-06,1.0035e-05,1.0020e-05,5.9936e-06,5.5706e-08,2.5033e-07,9.9489e-07,4.7572e-06,8.4306e-06,9.9145e-06,8.0491e-06
P15,30.00,135.00,60.00,0.00,5.1548e-08,2.9136e-07,1.4538e-06,4.6912e-06,1.0035e-05,1.0020e-05,5.9936e-06,5.1051e-08,2.5023e-07,9.9464e-07,4.7570e-06,8.4305e-06,9.9144e-06,8.0491e-06
P15,0.00,45.00,0.00,0.00,5.4173e-08,3.2317e-07,1.5450e-06,4.8011e-06,1.0157e-05,1.0143e-05,6.2954e-06,5.3695e-08,2.7948e-07,1.0740e-06,4.8596e-06,8.5484e-06,1.0034e-05,8.3160e-06
P15,0.00,0.00,60.00,0.00,4.9847e-08,3.2306e-07,1.5448e-06,4.8010e-06,1.0157e-05,1.0143e-05,6.2954e-06,4.9445e-08,2.7939e-07,1.0738e-06,4.8594e-06,8.5483e-06,1.0034e-05,8.3159e-06
P15,30.00,135.00,30.00,0.00,5.5245e-08,2.9145e-07,1.4540e-06,4.6914e-06,1.0035e-05,1.0020e-05,5.9936e-06,5.4697e-08,2.5030e-07,9.9484e-07,4.7571e-06,8.4306e-06,9.9145e-06,8.0491e-06
P15,60.00,135.00,60.00,0.00,6.0366e-08,1.9701e-07,1.0863e-06,4.1277e-06,9.3674e-06,9.3529e-06,4.8837e-06,5.9355e-08,1.6667e-07,7.0173e-07,4.2190e-06,7.7921e-06,9.2624e-06,6.9190e-06
P15,60.00,180.00,0.00,0.00,6.6994e-08,1.9710e-07,1.0866e-06,4.1280e-06,9.3676e-06,9.3530e-06,4.8837e-06,6.5910e-08,1.6673e-07,7.0201e-07,4.2193e-06,7.7923e-06,9.2625e-06,6.9191e-06
P15,30.00,90.00,30.00,0.00,5.5260e-08,2.9145e-07,1.4540e-06,4.6914e-06,1.0035e-05,1.0020e-05,5.9936e-06,5.4712e-08,2.5030e-07,9.9484e-07,4.7571e-06,8.4306e-06,9.9145e-06,8.0491e-06
P15,0.00,0.00,0.00,0.00,5.4173e-08,3.2317e-07,1.5450e-06,4.8011e-06,1.0157e-05,1.0143e-05,6.2954e-06,5.3695e-08,2.7948e-07,1.0740e-06,4.8596e-06,8.5484e-06,1.0034e-05,8.3160e-06
P15,0.00,180.00,60.00,0.00,4.9847e-08,3.2306e-07,1.5448e-06,4.8010e-06,1.0157e-05,1.0143e-05,6.2954e-06,4.9445e-08,2.7939e-07,1.0738e-06,4.8594e-06,8.5483e-06,1.0034e-05,8.3159e-06
P15,0.00,180.00,0.00,0.00,5.4173e-08,3.2317e-07,1.5450e-06,4.8011e-06,1.0157e-05,1.0143e-05,6.2954e-06,5.3695e-08,2.7948e-07,1.0740e-06,4.8596e-06,8.5484e-06,1.0034e-05,8.3160e-06
P15,60.00,135.00,30.00,0.00,6.5594e-08,1.9708e-07,1.0866e-06,4.1280e-06,9.3675e-06,9.3530e-06,4.8837e-06,6.4534e-08,1.6672e-07,7.0195e-07,4.2192e-06,7.7923e-06,9.2625e-06,6.9191e-06
P15,60.00,135.00,0.00,0.00,6.6994e-08,1.9710e-07,1.0866e-06,4.1280e-06,9.3676e-06,9.3530e-06,4.8837e-06,6.5910e-08,1.6673e-07,7.0201e-07,4.2193e-06,7.7923e-06,9.2625e-06,6.9191e-06
P15,60.00,90.00,0.00,0.00,6.6994e-08,1.9710e-07,1.0866e-06,4.1280e-06,9.3676e-06,9.3530e-06,4.8837e-06,6.5910e-08,1.6673e-07,7.0201e-07,4.2193e-06,7.7923e-06,9.2625e-06,6.9191e-06
P15,0.00,135.00,60.00,0.00,4.9847e-08,3.2306e-07,1.5448e-06,4.8010e-06,1.0157e-05,1.0143e-05,6.2954e-06,4.9445e-08,2.7939e-07,1.0738e-06,4.8594e-06,8.5483e-06,1.0034e-05,8.3159e-06
P15,60.00,90.00,60.00,0.00,6.0584e-08,1.9701e-07,1.0863e-06,4.1277e-06,9.3674e-06,9.3529e-06,4.8837e-06,5.9572e-08,1.6667e-07,7.0175e-07,4.2190e-06,7.7921e-06,9.2624e-06,6.9190e-06
P15,0.00,135.00,0.00,0.00,5.4173e-08,3.2317e-07,1.5450e-06,4.8011e-06,1.0157e-05,1.0143e-05,6.2954e-06,5.3695e-08,2.7948e-07,1.0740e-06,4.8596e-06,8.5484e-06,1.0034e-05,8.3160e-06
P15,60.00,0.00,60.00,0.00,6.0883e-08,1.9701e-07,1.0863e-06,4.1278e-06,9.3674e-06,9.3529e-06,4.8837e-06,5.9869e-08,1.6667e-07,7.0176e-07,4.2190e-06,7.7921e-06,9.2624e-06,6.9190e-06
P15,60.00,180.00,30.00,0.00,6.5570e-08,1.9708e-07,1.0866e-06,4.1280e-06,9.3675e-06,9.3530e-06,4.8837e-06,6.4510e-08,1.6672e-07,7.0195e-07,4.2192e-06,7.7923e-06,9.2625e-06,6.9191e-06
P15,0.00,0.00,30.00,0.00,5.3222e-08,3.2314e-07,1.5450e-06,4.8011e-06,1.0157e-05,1.0143e-05,6.2954e-06,5.2768e-08,2.7946e-07,1.0740e-06,4.8596e-06,8.5484e-06,1.0034e-05,8.3160e-06
P15,60.00,90.00,30.00,0.00,6.5653e-08,1.9708e-07,1.0866e-06,4.1280e-06,9.3675e-06,9.3530e-06,4.8837e-06,6.4591e-08,1.6672e-07,7.0195e-07,4.2192e-06,7.7923e-06,9.2625e-06,6.9191e-06
P15,0.00,90.00,30.00,0.00,5.3222e-08,3.2314e-07,1.5450e-06,4.8011e-06,1.0157e-05,1.0143e-05,6.2954e-06,5.2768e-08,2.7946e-07,1.0740e-06,4.8596e-06,8.5484e-06,1.0034e-05,8.3160e-06
P15,0.00,90.00,0.00,0.00,5.4173e-08,3.2317e-07,1.5450e-06,4.8011e-06,1.0157e-05,1.0143e-05,6.2954e-06,5.3695e-08,2.7948e-07,1.0740e-06,4.8596e-06,8.5484e-06,1.0034e-05,8.3160e-06
P15,30.00,90.00,60.00,0.00,5.1599e-08,2.9137e-07,1.4538e-06,4.6912e-06,1.0035e-05,1.0020e-05,5.9936e-06,5.1100e-08,2.5024e-07,9.9464e-07,4.7570e-06,8.4305e-06,9.9144e-06,8.0491e-06
P15,30.00,135.00,0.00,0.00,5.6277e-08,2.9147e-07,1.4541e-06,4.6914e-06,1.0035e-05,1.0020e-05,5.9936e-06,5.5706e-08,2.5033e-07,9.9489e-07,4.7572e-06,8.4306e-06,9.9145e-06,8.0491e-06
P15,60.00,180.00,60.00,0.00,6.0274e-08,1.9700e-07,1.0862e-06,4.1277e-06,9.3674e-06,9.3529e-06,4.8837e-06,5.9264e-08,1.6666e-07,7.0173e-07,4.2190e-06,7.7921e-06,9.2624e-06,6.9190e-06
P15,30.00,0.00,0.00,0.00,5.6277e-08,2.9147e-07,1.4541e-06,4.6914e-06,1.0035e-05,1.0020e-05,5.9936e-06,5.5706e-08,2.5033e-07,9.9489e-07,4.7572e-06,8.4306e-06,9.9145e-06,8.0491e-06
P15,0.00,180.00,30.00,0.00,5.3222e-08,3.2314e-07,1.5450e-06,4.8011e-06,1.0157e-05,1.0143e-05,6.2954e-06,5.2768e-08,2.7946e-07,1.0740e-06,4.8596e-06,8.5484e-06,1.0034e-05,8.3160e-06
P15,30.00,0.00,30.00,0.00,5.5282e-08,2.9145e-07,1.4540e-06,4.6914e-06,1.0035e-05,1.0020e-05,5.9936e-06,5.4733e-08,2.5031e-07,9.9484e-07,4.7571e-06,8.4306e-06,9.9145e-06,8.0491e-06
P15,0.00,45.00,30.00,0.00,5.3222e-08,3.2314e-07,1.5450e-06,4.8011e-06,1.0157e-05,1.0143e-05,6.2954e-06,5.2768e-08,2.7946e-07,1.0740e-06,4.8596e-06,8.5484e-06,1.0034e-05,8.3160e-06
P15,60.00,45.00,30.00,0.00,6.5712e-08,1.9708e-07,1.0866e-06,4.1280e-06,9.3675e-06,9.3530e-06,4.8837e-06,6.4649e-08,1.6672e-07,7.0196e-07,4.2192e-06,7.7923e-06,9.2625e-06,6.9191e-06
P15,60.00,45.00,60.00,0.00,6.0796e-08,1.9701e-07,1.0863e-06,4.1278e-06,9.3674e-06,9.3529e-06,4.8837e-06,5.9783e-08,1.6667e-07,7.0176e-07,4.2190e-06,7.7921e-06,9.2624e-06,6.9190e-06
P15,60.00,45.00,0.00,0.00,6.6994e-08,1.9710e-07,1.0866e-06,4.1280e-06,9.3676e-06,9.3530e-06,4.8837e-06,6.5910e-08,1.6673e-07,7.0201e-07,4.2193e-06,7.7923e-06,9.2625e-06,6.9191e-06
P15,30.00,0.00,60.00,0.00,5.1670e-08,2.9137e-07,1.4538e-06,4.6912e-06,1.0035e-05,1.0020e-05,5.9936e-06,5.1171e-08,2.5024e-07,9.9464e-07,4.7570e-06,8.4305e-06,9.9144e-06,8.0491e-06
P15,30.00,180.00,30.00,0.00,5.5239e-08,2.9145e-07,1.4540e-06,4.6914e-06,1.0035e-05,1.0020e-05,5.9936e-06,5.4691e-08,2.5030e-07,9.9484e-07,4.7571e-06,8.4306e-06,9.9145e-06,8.0491e-06
P15,60.00,0.00,0.00,0.00,6.6994e-08,1.9710e-07,1.0866e-06,4.1280e-06,9.3676e-06,9.3530e-06,4.8837e-06,6.5910e-08,1.6673e-07,7.0201e-07,4.2193e-06,7.7923e-06,9.2625e-06,6.9191e-06
P15,30.00,45.00,0.00,0.00,5.6277e-08,2.9147e-07,1.4541e-06,4.6914e-06,1.0035e-05,1.0020e-05,5.9936e-06,5.5706e-08,2.5033e-07,9.9489e-07,4.7572e-06,8.4306e-06,9.9145e-06,8.0491e-06
P15,0.00,45.00,60.00,0.00,4.9847e-08,3.2306e-07,1.5448e-06,4.8010e-06,1.0157e-05,1.0143e-05,6.2954e-06,4.9445e-08,2.7939e-07,1.0738e-06,4.8594e-06,8.5483e-06,1.0034e-05,8.3159e-06
P16,60.00,90.00,30.00,0.00,5.8209e-08,3.0645e-07,9.9633e-07,4.7042e-06,9.8413e-06,9.8283e-06,6.4677e-06,5.8063e-08,2.7902e-07,7.4922e-07,4.7972e-06,8.4338e-06,9.7604e-06,7.8899e-06
P16,60.00,45.00,60.00,0.00,5.4544e-08,3.0645e-07,9.9633e-07,4.7040e-06,9.8412e-06,9.8282e-06,6.4677e-06,5.4397e-08,2.7902e-07,7.4922e-07,4.7970e-06,8.4336e-06,9.7603e-06,7.8899e-06
P16,60.00,0.00,0.00,0.00,5.9092e-08,3.0645e-07,9.9633e-07,4.7043e-06,9.8413e-06,9.8283e-06,6.4677e-06,5.8944e-08,2.7902e-07,7.4922e-07,4.7973e-06,8.4339e-06,9.7604e-06,7.8899e-06
P16,30.00,180.00,60.00,0.00,4.7833e-08,3.6611e-07,1.1330e-06,4.9907e-06,1.0233e-05,1.0220e-05,7.3682e-06,4.7908e-08,3.3536e-07,8.5682e-07,5.0556e-06,8.7768e-06,1.0137e-05,8.7129e-06
P16,0.00,0.00,30.00,0.00,4.9079e-08,3.8196e-07,1.1695e-06,5.0506e-06,1.0313e-05,1.0300e-05,7.6020e-06,4.9187e-08,3.5033e-07,8.8546e-07,5.1085e-06,8.8444e-06,1.0213e-05,8.9132e-06
P16,30.00,135.00,0.00,0.00,5.1301e-08,3.6611e-07,1.1330e-06,4.9909e-06,1.0233e-05,1.0220e-05,7.3682e-06,5.1368e-08,3.3536e-07,8.5682e-07,5.0559e-06,8.7770e-06,1.0137e-05,8.7129e-06
P16,0.00,45.00,30.00,0.00,4.9079e-08,3.8196e-07,1.1695e-06,5.0506e-06,1.0313e-05,1.0300e-05,7.6020e-06,4.9187e-08,3.5033e-07,8.8546e-07,5.1085e-06,8.8444e-06,1.0213e-05,8.9132e-06
P16,60.00,90.00,0.00,0.00,5.9092e-08,3.0645e-07,9.9633e-07,4.7043e-06,9.8413e-06,9.8283e-06,6.4677e-06,5.8944e-08,2.7902e-07,7.4922e-07,4.7973e-06,8.4339e-06,9.7604e-06,7.8899e-06
P16,30.00,180.00,0.00,0.00,5.1301e-08,3.6611e-07,1.1330e-06,4.9909e-06,1.0233e-05,1.0220e-05,7.3682e-06,5.1368e-08,3.3536e-07,8.5682e-07,5.0559e-06,8.7770e-06,1.0137e-05,8.7129e-06
P16,60.00,45.00,0.00,0.00,5.9092e-08,3.0645e-07,9.9633e-07,4.7043e-06,9.8413e-06,9.8283e-06,6.4677e-06,5.8944e-08,2.7902e-07,7.4922e-07,4.7973e-06,8.4339e-06,9.7604e-06,7.8899e-06
P16,60.00,135.00,30.00,0.00,5.8160e-08,3.0645e-07,9.9633e-07,4.7042e-06,9.8413e-06,9.8283e-06,6.4677e-06,5.8014e-08,2.7902e-07,7.4922e-07,4.7972e-06,8.4338e-06,9.7604e-06,7.8899e-06
P16,0.00,180.00,60.00,0.00,4.6576e-08,3.8196e-07,1.1695e-06,5.0504e-06,1.0313e-05,1.0300e-05,7.6019e-06,4.6689e-08,3.5033e-07,8.8546e-07,5.1084e-06,8.8443e-06,1.0213e-05,8.9132e-06
P16,30.00,135.00,30.00,0.00,5.0636e-08,3.6611e-07,1.1330e-06,4.9909e-06,1.0233e-05,1.0220e-05,7.3682e-06,5.0707e-08,3.3536e-07,8.5682e-07,5.0558e-06,8.7769e-06,1.0137e-05,8.7129e-06
P16,0.00,0.00,60.00,0.00,4.6576e-08,3.8196e-07,1.1695e-06,5.0504e-06,1.0313e-05,1.0300e-05,7.6019e-06,4.6689e-08,3.5033e-07,8.8546e-07,5.1084e-06,8.8443e-06,1.0213e-05,8.9132e-06
P16,0.00,90.00,60.00,0.00,4.6576e-08,3.8196e-07,1.1695e-06,5.0504e-06,1.0313e-05,1.0300e-05,7.6019e-06,4.6689e-08,3.5033e-07,8.8546e-07,5.1084e-06,8.8443e-06,1.0213e-05,8.9132e-06
P16,0.00,135.00,60.00,0.00,4.6576e-08,3.8196e-07,1.1695e-06,5.0504e-06,1.0313e-05,1.0300e-05,7.6019e-06,4.6689e-08,3.5033e-07,8.8546e-07,5.1084e-06,8.8443e-06,1.0213e-05,8.9132e-06
P16,60.00,135.00,0.00,0.00,5.9092e-08,3.0645e-07,9.9633e-07,4.7043e-06,9.8413e-06,9.8283e-06,6.4677e-06,5.8944e-08,2.7902e-07,7.4922e-07,4.7973e-06,8.4339e-06,9.7604e-06,7.8899e-06
P16,60.00,180.00,30.00,0.00,5.8140e-08,3.0645e-07,9.9633e-07,4.7042e-06,9.8413e-06,9.8283e-06,6.4677e-06,5.7994e-08,2.7902e-07,7.4922e-07,4.7972e-06,8.4338e-06,9.7604e-06,7.8899e-06
P16,60.00,180.00,60.00,0.00,5.4053e-08,3.0645e-07,9.9633e-07,4.7040e-06,9.8412e-06,9.8282e-06,6.4677e-06,5.3904e-08,2.7902e-07,7.4922e-07,4.7970e-06,8.4336e-06,9.7603e-06,7.8899e-06
P16,60.00,180.00,0.00,0.00,5.9092e-08,3.0645e-07,9.9633e-07,4.7043e-06,9.8413e-06,9.8283e-06,6.4677e-06,5.8944e-08,2.7902e-07,7.4922e-07,4.7973e-06,8.4339e-06,9.7604e-06,7.8899e-06
P16,30.00,135.00,60.00,0.00,4.7852e-08,3.6611e-07,1.1330e-06,4.9907e-06,1.0233e-05,1.0220e-05,7.3682e-06,4.7927e-08,3.3536e-07,8.5682e-07,5.0556e-06,8.7768e-06,1.0137e-05,8.7129e-06
P16,0.00,0.00,0.00,0.00,4.9682e-08,3.8196e-07,1.1695e-06,5.0506e-06,1.0313e-05,1.0300e-05,7.6020e-06,4.9785e-08,3.5033e-07,8.8546e-07,5.1085e-06,8.8445e-06,1.0213e-05,8.9133e-06
P16,30.00,45.00,30.00,0.00,5.0659e-08,3.6611e-07,1.1330e-06,4.9909e-06,1.0233e-05,1.0220e-05,7.3682e-06,5.0730e-08,3.3536e-07,8.5682e-07,5.0558e-06,8.7769e-06,1.0137e-05,8.7129e-06
P16,0.00,90.00,30.00,0.00,4.9079e-08,3.8196e-07,1.1695e-06,5.0506e-06,1.0313e-05,1.0300e-05,7.6020e-06,4.9187e-08,3.5033e-07,8.8546e-07,5.1085e-06,8.8444e-06,1.0213e-05,8.9132e-06
P16,60.00,0.00,30.00,0.00,5.8279e-08,3.0645e-07,9.9633e-07,4.7042e-06,9.8413e-06,9.8283e-06,6.4677e-06,5.8132e-08,2.7902e-07,7.4922e-07,4.7972e-06,8.4338e-06,9.7604e-06,7.8899e-06
P16,30.00,90.00,0.00,0.00,5.1301e-08,3.6611e-07,1.1330e-06,4.9909e-06,1.0233e-05,1.0220e-05,7.3682e-06,5.1368e-08,3.3536e-07,8.5682e-07,5.0559e-06,8.7770e-06,1.0137e-05,8.7129e-06
P16,0.00,45.00,0.00,0.00,4.9682e-08,3.8196e-07,1.1695e-06,5.0506e-06,1.0313e-05,1.0300e-05,7.6020e-06,4.9785e-08,3.5033e-07,8.8546e-07,5.1085e-06,8.8445e-06,1.0213e-05,8.9133e-06
P16,30.00,45.00,60.00,0.00,4.7943e-08,3.6611e-07,1.1330e-06,4.9907e-06,1.0233e-05,1.0220e-05,7.3682e-06,4.8018e-08,3.3536e-07,8.5682e-07,5.0557e-06,8.7768e-06,1.0137e-05,8.7129e-06
P16,60.00,90.00,60.00,0.00,5.4345e-08,3.0645e-07,9.9633e-07,4.7040e-06,9.8412e-06,9.8282e-06,6.4677e-06,5.4197e-08,2.7902e-07,7.4922e-07,4.7970e-06,8.4336e-06,9.7603e-06,7.8899e-06
P16,0.00,135.00,30.00,0.00,4.9079e-08,3.8196e-07,1.1695e-06,5.0506e-06,1.0313e-05,1.0300e-05,7.6020e-06,4.9187e-08,3.5033e-07,8.8546e-07,5.1085e-06,8.8444e-06,1.0213e-05,8.9132e-06
P16,60.00,0.00,60.00,0.00,5.4625e-08,3.0645e-07,9.9633e-07,4.7040e-06,9.8412e-06,9.8282e-06,6.4677e-06,5.4478e-08,2.7902e-07,7.4922e-07,4.7970e-06,8.4336e-06,9.7603e-06,7.8899e-06
P16,30.00,45.00,0.00,0.00,5.1301e-08,3.6611e-07,1.1330e-06,4.9909e-06,1.0233e-05,1.0220e-05,7.3682e-06,5.1368e-08,3.3536e-07,8.5682e-07,5.0559e-06,8.7770e-06,1.0137e-05,8.7129e-06
P16,0.00,180.00,0.00,0.00,4.9682e-08,3.8196e-07,1.1695e-06,5.0506e-06,1.0313e-05,1.0300e-05,7.6020e-06,4.9785e-08,3.5033e-07,8.8546e-07,5.1085e-06,8.8445e-06,1.0213e-05,8.9133e-06
P16,30.00,180.00,30.00,0.00,5.0632e-08,3.6611e-07,1.1330e-06,4.9909e-06,1.0233e-05,1.0220e-05,7.3682e-06,5.0703e-08,3.3536e-07,8.5682e-07,5.0558e-06,8.7769e-06,1.0137e-05,8.7129e-06
P16,0.00,45.00,60.00,0.00,4.6576e-08,3.8196e-07,1.1695e-06,5.0504e-06,1.0313e-05,1.0300e-05,7.6019e-06,4.6689e-08,3.5033e-07,8.8546e-07,5.1084e-06,8.8443e-06,1.0213e-05,8.9132e-06
P16,30.00,0.00,60.00,0.00,4.7962e-08,3.6611e-07,1.1330e-06,4.9907e-06,1.0233e-05,1.0220e-05,7.3682e-06,4.8037e-08,3.3536e-07,8.5682e-07,5.0557e-06,8.7768e-06,1.0137e-05,8.7129e-06
P16,60.00,135.00,60.00,0.00,5.4140e-08,3.0645e-07,9.9633e-07,4.7040e-06,9.8412e-06,9.8282e-06,6.4677e-06,5.3991e-08,2.7902e-07,7.4922e-07,4.7970e-06,8.4336e-06,9.7603e-06,7.8899e-06
P16,30.00,90.00,60.00,0.00,4.7898e-08,3.6611e-07,1.1330e-06,4.9907e-06,1.0233e-05,1.0220e-05,7.3682e-06,4.7973e-08,3.3536e-07,8.5682e-07,5.0557e-06,8.7768e-06,1.0137e-05,8.7129e-06
P16,30.00,90.00,30.00,0.00,5.0648e-08,3.6611e-07,1.1330e-06,4.9909e-06,1.0233e-05,1.0220e-05,7.3682e-06,5.0718e-08,3.3536e-07,8.5682e-07,5.0558e-06,8.7769e-06,1.0137e-05,8.7129e-06
P16,0.00,180.00,30.00,0.00,4.9079e-08,3.8196e-07,1.1695e-06,5.0506e-06,1.0313e-05,1.0300e-05,7.6020e-06,4.9187e-08,3.5033e-07,8.8546e-07,5.1085e-06,8.8444e-06,1.0213e-05,8.9132e-06
P16,0.00,90.00,0.00,0.00,4.9682e-08,3.8196e-07,1.1695e-06,5.0506e-06,1.0313e-05,1.0300e-05,7.6020e-06,4.9785e-08,3.5033e-07,8.8546e-07,5.1085e-06,8.8445e-06,1.0213e-05,8.9133e-06
P16,30.00,0.00,0.00,0.00,5.1301e-08,3.6611e-07,1.1330e-06,4.9909e-06,1.0233e-05,1.0220e-05,7.3682e-06,5.1368e-08,3.3536e-07,8.5682e-07,5.0559e-06,8.7770e-06,1.0137e-05,8.7129e-06
P16,60.00,45.00,30.00,0.00,5.8258e-08,3.0645e-07,9.9633e-07,4.7042e-06,9.8413e-06,9.8283e-06,6.4677e-06,5.8112e-08,2.7902e-07,7.4922e-07,4.7972e-06,8.4338e-06,9.7604e-06,7.8899e-06
P16,30.00,0.00,30.00,0.00,5.0664e-08,3.6611e-07,1.1330e-06,4.9909e-06,1.0233e-05,1.0220e-05,7.3682e-06,5.0735e-08,3.3536e-07,8.5682e-07,5.0558e-06,8.7769e-06,1.0137e-05,8.7129e-06
P16,0.00,135.00,0.00,0.00,4.9682e-08,3.8196e-07,1.1695e-06,5.0506e-06,1.0313e-05,1.0300e-05,7.6020e-06,4.9785e-08,3.5033e-07,8.8546e-07,5.1085e-06,8.8445e-06,1.0213e-05,8.9133e-06
P17,60.00,90.00,30.00,0.00,6.3861e-08,2.9239e-07,1.0021e-06,5.7113e-06,1.1080e-05,1.1065e-05,7.4819e-06,6.3911e-08,2.6364e-07,7.3388e-07,5.7988e-06,9.5075e-06,1.0969e-05,9.1824e-06
P17,60.00,90.00,60.00,0.00,6.0401e-08,2.9238e-07,1.0021e-06,5.7110e-06,1.1080e-05,1.1065e-05,7.4819e-06,6.0439e-08,2.6364e-07,7.3388e-07,5.7986e-06,9.5073e-06,1.0968e-05,9.1823e-06
P17,30.00,45.00,30.00,0.00,5.4653e-08,3.5511e-07,1.1644e-06,5.7410e-06,1.1147e-05,1.1132e-05,8.6006e-06,5.4851e-08,3.2213e-07,8.5550e-07,5.7883e-06,9.4883e-06,1.1010e-05,1.0046e-05
P17,60.00,180.00,30.00,0.00,6.3798e-08,2.9239e-07,1.0021e-06,5.7113e-06,1.1080e-05,1.1065e-05,7.4819e-06,6.3849e-08,2.6364e-07,7.3388e-07,5.7988e-06,9.5075e-06,1.0969e-05,9.1824e-06
P17,30.00,180.00,0.00,0.00,5.5175e-08,3.5511e-07,1.1644e-06,5.7411e-06,1.1147e-05,1.1132e-05,8.6006e-06,5.5373e-08,3.2213e-07,8.5550e-07,5.7883e-06,9.4883e-06,1.1010e-05,1.0046e-05
P17,0.00,45.00,0.00,0.00,5.3160e-08,3.7237e-07,1.2100e-06,5.7411e-06,1.1152e-05,1.1136e-05,8.8733e-06,5.3381e-08,3.3826e-07,8.8848e-07,5.7797e-06,9.4795e-06,1.1010e-05,1.0238e-05
P17,30.00,135.00,30.00,0.00,5.4634e-08,3.5511e-07,1.1644e-06,5.7410e-06,1.1147e-05,1.1132e-05,8.6006e-06,5.4831e-08,3.2213e-07,8.5550e-07,5.7883e-06,9.4883e-06,1.1010e-05,1.0046e-05
P17,30.00,180.00,30.00,0.00,5.4630e-08,3.5511e-07,1.1644e-06,5.7410e-06,1.1147e-05,1.1132e-05,8.6006e-06,5.4827e-08,3.2213e-07,8.5550e-07,5.7883e-06,9.4883e-06,1.1010e-05,1.0046e-05
P17,30.00,0.00,60.00,0.00,5.2286e-08,3.5510e-07,1.1644e-06,5.7409e-06,1.1147e-05,1.1132e-05,8.6006e-06,5.2474e-08,3.2213e-07,8.5550e-07,5.7881e-06,9.4881e-06,1.1010e-05,1.0046e-05
P17,60.00,0.00,30.00,0.00,6.3924e-08,2.9239e-07,1.0021e-06,5.7113e-06,1.1080e-05,1.1065e-05,7.4819e-06,6.3975e-08,2.6364e-07,7.3388e-07,5.7989e-06,9.5075e-06,1.0969e-05,9.1824e-06
P17,30.00,90.00,0.00,0.00,5.5175e-08,3.5511e-07,1.1644e-06,5.7411e-06,1.1147e-05,1.1132e-05,8.6006e-06,5.5373e-08,3.2213e-07,8.5550e-07,5.7883e-06,9.4883e-06,1.1010e-05,1.0046e-05
P17,0.00,90.00,0.00,0.00,5.3160e-08,3.7237e-07,1.2100e-06,5.7411e-06,1.1152e-05,1.1136e-05,8.8733e-06,5.3381e-08,3.3826e-07,8.8848e-07,5.7797e-06,9.4795e-06,1.1010e-05,1.0238e-05
P17,30.00,0.00,0.00,0.00,5.5175e-08,3.5511e-07,1.1644e-06,5.7411e-06,1.1147e-05,1.1132e-05,8.6006e-06,5.5373e-08,3.2213e-07,8.5550e-07,5.7883e-06,9.4883e-06,1.1010e-05,1.0046e-05
P17,0.00,45.00,60.00,0.00,5.0494e-08,3.7237e-07,1.2100e-06,5.7410e-06,1.1151e-05,1.1136e-05,8.8733e-06,5.0705e-08,3.3826e-07,8.8848e-07,5.7795e-06,9.4793e-06,1.1010e-05,1.0237e-05
P17,60.00,45.00,30.00,0.00,6.3905e-08,2.9239e-07,1.0021e-06,5.7113e-06,1.1080e-05,1.1065e-05,7.4819e-06,6.3956e-08,2.6364e-07,7.3388e-07,5.7988e-06,9.5075e-06,1.0969e-05,9.1824e-06
P17,60.00,90.00,0.00,0.00,6.4601e-08,2.9239e-07,1.0021e-06,5.7113e-06,1.1080e-05,1.1066e-05,7.4819e-06,6.4654e-08,2.6364e-07,7.3388e-07,5.7989e-06,9.5076e-06,1.0969e-05,9.1824e-06
P17,0.00,0.00,60.00,0.00,5.0494e-08,3.7237e-07,1.2100e-06,5.7410e-06,1.1151e-05,1.1136e-05,8.8733e-06,5.0705e-08,3.3826e-07,8.8848e-07,5.7795e-06,9.4793e-06,1.1010e-05,1.0237e-05
P17,30.00,45.00,0.00,0.00,5.5175e-08,3.5511e-07,1.1644e-06,5.7411e-06,1.1147e-05,1.1132e-05,8.6006e-06,5.5373e-08,3.2213e-07,8.5550e-07,5.7883e-06,9.4883e-06,1.1010e-05,1.0046e-05
P17,60.00,45.00,60.00,0.00,6.0590e-08,2.9238e-07,1.0021e-06,5.7111e-06,1.1080e-05,1.1065e-05,7.4819e-06,6.0629e-08,2.6364e-07,7.3388e-07,5.7986e-06,9.5073e-06,1.0968e-05,9.1823e-06
P17,0.00,0.00,0.00,0.00,5.3160e-08,3.7237e-07,1.2100e-06,5.7411e-06,1.1152e-05,1.1136e-05,8.8733e-06,5.3381e-08,3.3826e-07,8.8848e-07,5.7797e-06,9.4795e-06,1.1010e-05,1.0238e-05
P17,30.00,135.00,60.00,0.00,5.2183e-08,3.5510e-07,1.1644e-06,5.7409e-06,1.1147e-05,1.1132e-05,8.6006e-06,5.2371e-08,3.2213e-07,8.5550e-07,5.7881e-06,9.4881e-06,1.1010e-05,1.0046e-05
P17,60.00,45.00,0.00,0.00,6.4601e-08,2.9239e-07,1.0021e-06,5.7113e-06,1.1080e-05,1.1066e-05,7.4819e-06,6.4654e-08,2.6364e-07,7.3388e-07,5.7989e-06,9.5076e-06,1.0969e-05,9.1824e-06
P17,60.00,135.00,30.00,0.00,6.3816e-08,2.9239e-07,1.0021e-06,5.7113e-06,1.1080e-05,1.1065e-05,7.4819e-06,6.3867e-08,2.6364e-07,7.3388e-07,5.7988e-06,9.5075e-06,1.0969e-05,9.1824e-06
P17,0.00,135.00,30.00,0.00,5.2677e-08,3.7237e-07,1.2100e-06,5.7411e-06,1.1152e-05,1.1136e-05,8.8733e-06,5.2897e-08,3.3826e-07,8.8848e-07,5.7797e-06,9.4794e-06,1.1010e-05,1.0238e-05
P17,0.00,0.00,30.00,0.00,5.2677e-08,3.7237e-07,1.2100e-06,5.7411e-06,1.1152e-05,1.1136e-05,8.8733e-06,5.2897e-08,3.3826e-07,8.8848e-07,5.7797e-06,9.4794e-06,1.1010e-05,1.0238e-05
P17,0.00,180.00,0.00,0.00,5.3160e-08,3.7237e-07,1.2100e-06,5.7411e-06,1.1152e-05,1.1136e-05,8.8733e-06,5.3381e-08,3.3826e-07,8.8848e-07,5.7797e-06,9.4795e-06,1.1010e-05,1.0238e-05
P17,0.00,180.00,60.00,0.00,5.0494e-08,3.7237e-07,1.2100e-06,5.7410e-06,1.1151e-05,1.1136e-05,8.8733e-06,5.0705e-08,3.3826e-07,8.8848e-07,5.7795e-06,9.4793e-06,1.1010e-05,1.0237e-05
P17,60.00,180.00,0.00,0.00,6.4601e-08,2.9239e-07,1.0021e-06,5.7113e-06,1.1080e-05,1.1066e-05,7.4819e-06,6.4654e-08,2.6364e-07,7.3388e-07,5.7989e-06,9.5076e-06,1.0969e-05,9.1824e-06
P17,60.00,0.00,0.00,0.00,6.4601e-08,2.9239e-07,1.0021e-06,5.7113e-06,1.1080e-05,1.1066e-05,7.4819e-06,6.4654e-08,2.6364e-07,7.3388e-07,5.7989e-06,9.5076e-06,1.0969e-05,9.1824e-06
P17,60.00,135.00,0.00,0.00,6.4601e-08,2.9239e-07,1.0021e-06,5.7113e-06,1.1080e-05,1.1066e-05,7.4819e-06,6.4654e-08,2.6364e-07,7.3388e-07,5.7989e-06,9.5076e-06,1.0969e-05,9.1824e-06
P17,0.00,90.00,60.00,0.00,5.0494e-08,3.7237e-07,1.2100e-06,5.7410e-06,1.1151e-05,1.1136e-05,8.8733e-06,5.0705e-08,3.3826e-07,8.8848e-07,5.7795e-06,9.4793e-06,1.1010e-05,1.0237e-05
P17,30.00,90.00,30.00,0.00,5.4644e-08,3.5511e-07,1.1644e-06,5.7410e-06,1.1147e-05,1.1132e-05,8.6006e-06,5.4841e-08,3.2213e-07,8.5550e-07,5.7883e-06,9.4883e-06,1.1010e-05,1.0046e-05
P17,0.00,135.00,0.00,0.00,5.3160e-08,3.7237e-07,1.2100e-06,5.7411e-06,1.1152e-05,1.1136e-05,8.8733e-06,5.3381e-08,3.3826e-07,8.8848e-07,5.7797e-06,9.4795e-06,1.1010e-05,1.0238e-05
P17,30.00,135.00,0.00,0.00,5.5175e-08,3.5511e-07,1.1644e-06,5.7411e-06,1.1147e-05,1.1132e-05,8.6006e-06,5.5373e-08,3.2213e-07,8.5550e-07,5.7883e-06,9.4883e-06,1.1010e-05,1.0046e-05
P17,30.00,90.00,60.00,0.00,5.2226e-08,3.5510e-07,1.1644e-06,5.7409e-06,1.1147e-05,1.1132e-05,8.6006e-06,5.2413e-08,3.2213e-07,8.5550e-07,5.7881e-06,9.4881e-06,1.1010e-05,1.0046e-05
P17,60.00,0.00,60.00,0.00,6.0668e-08,2.9238e-07,1.0021e-06,5.7111e-06,1.1080e-05,1.1065e-05,7.4819e-06,6.0707e-08,2.6364e-07,7.3388e-07,5.7986e-06,9.5073e-06,1.0968e-05,9.1823e-06
P17,0.00,90.00,30.00,0.00,5.2677e-08,3.7237e-07,1.2100e-06,5.7411e-06,1.1152e-05,1.1136e-05,8.8733e-06,5.2897e-08,3.3826e-07,8.8848e-07,5.7797e-06,9.4794e-06,1.1010e-05,1.0238e-05
P17,60.00,180.00,60.00,0.00,6.0123e-08,2.9238e-07,1.0021e-06,5.7110e-06,1.1080e-05,1.1065e-05,7.4819e-06,6.0160e-08,2.6364e-07,7.3388e-07,5.7986e-06,9.5072e-06,1.0968e-05,9.1823e-06
P17,60.00,135.00,60.00,0.00,6.0205e-08,2.9238e-07,1.0021e-06,5.7110e-06,1.1080e-05,1.1065e-05,7.4819e-06,6.0243e-08,2.6364e-07,7.3388e-07,5.7986e-06,9.5072e-06,1.0968e-05,9.1823e-06
P17,30.00,180.00,60.00,0.00,5.2166e-08,3.5510e-07,1.1644e-06,5.7409e-06,1.1147e-05,1.1132e-05,8.6006e-06,5.2353e-08,3.2213e-07,8.5550e-07,5.7881e-06,9.4881e-06,1.1010e-05,1.0046e-05
P17,0.00,135.00,60.00,0.00,5.0494e-08,3.7237e-07,1.2100e-06,5.7410e-06,1.1151e-05,1.1136e-05,8.8733e-06,5.0705e-08,3.3826e-07,8.8848e-07,5.7795e-06,9.4793e-06,1.1010e-05,1.0237e-05
P17,0.00,45.00,30.00,0.00,5.2677e-08,3.7237e-07,1.2100e-06,5.7411e-06,1.1152e-05,1.1136e-05,8.8733e-06,5.2897e-08,3.3826e-07,8.8848e-07,5.7797e-06,9.4794e-06,1.1010e-05,1.0238e-05
P17,0.00,180.00,30.00,0.00,5.2677e-08,3.7237e-07,1.2100e-06,5.7411e-06,1.1152e-05,1.1136e-05,8.8733e-06,5.2897e-08,3.3826e-07,8.8848e-07,5.7797e-06,9.4794e-06,1.1010e-05,1.0238e-05
P17,30.00,0.00,30.00,0.00,5.4658e-08,3.5511e-07,1.1644e-06,5.7410e-06,1.1147e-05,1.1132e-05,8.6006e-06,5.4855e-08,3.2213e-07,8.5550e-07,5.7883e-06,9.4883e-06,1.1010e-05,1.0046e-05
P17,30.00,45.00,60.00,0.00,5.2269e-08,3.5510e-07,1.1644e-06,5.7409e-06,1.1147e-05,1.1132e-05,8.6006e-06,5.2456e-08,3.2213e-07,8.5550e-07,5.7881e-06,9.4881e-06,1.1010e-05,1.0046e-05
P18,30.00,90.00,0.00,0.00,5.3922e-08,2.6627e-07,8.9878e-07,4.7729e-06,9.8148e-06,9.8031e-06,7.3878e-06,5.4113e-08,2.4101e-07,6.5476e-07,4.8308e-06,8.5595e-06,9.7408e-06,8.5461e-06
P18,30.00,180.00,0.00,0.00,5.3922e-08,2.6627e-07,8.9878e-07,4.7729e-06,9.8148e-06,9.8031e-06,7.3878e-06,5.4113e-08,2.4101e-07,6.5476e-07,4.8308e-06,8.5595e-06,9.7408e-06,8.5461e-06
P18,60.00,180.00,60.00,0.00,5.4726e-08,2.2373e-07,7.7647e-07,4.4338e-06,9.3130e-06,9.3021e-06,6.5024e-06,5.4747e-08,2.0183e-07,5.6213e-07,4.5137e-06,8.1480e-06,9.2544e-06,7.7275e-06
P18,0.00,0.00,60.00,0.00,4.7534e-08,2.7824e-07,9.3171e-07,4.8464e-06,9.9251e-06,9.9133e-06,7.6156e-06,4.7757e-08,2.5210e-07,6.7998e-07,4.8985e-06,8.6452e-06,9.8469e-06,8.7484e-06
P18,30.00,135.00,0.00,0.00,5.3922e-08,2.6627e-07,8.9878e-07,4.7729e-06,9.8148e-06,9.8031e-06,7.3878e-06,5.4113e-08,2.4101e-07,6.5476e-07,4.8308e-06,8.5595e-06,9.7408e-06,8.5461e-06
P18,60.00,135.00,30.00,0.00,6.0585e-08,2.2373e-07,7.7648e-07,4.4342e-06,9.3130e-06,9.3022e-06,6.5024e-06,6.0608e-08,2.0183e-07,5.6213e-07,4.5141e-06,8.1482e-06,9.2545e-06,7.7275e-06
P18,0.00,90.00,30.00,0.00,5.1250e-08,2.7824e-07,9.3171e-07,4.8466e-06,9.9252e-06,9.9133e-06,7.6156e-06,5.1470e-08,2.5210e-07,6.7998e-07,4.8988e-06,8.6453e-06,9.8469e-06,8.7484e-06
P18,0.00,180.00,30.00,0.00,5.1250e-08,2.7824e-07,9.3171e-07,4.8466e-06,9.9252e-06,9.9133e-06,7.6156e-06,5.1470e-08,2.5210e-07,6.7998e-07,4.8988e-06,8.6453e-06,9.8469e-06,8.7484e-06
P18,30.00,45.00,30.00,0.00,5.2989e-08,2.6627e-07,8.9878e-07,4.7729e-06,9.8148e-06,9.8031e-06,7.3878e-06,5.3183e-08,2.4101e-07,6.5476e-07,4.8307e-06,8.5594e-06,9.7408e-06,8.5461e-06
P18,30.00,45.00,0.00,0.00,5.3922e-08,2.6627e-07,8.9878e-07,4.7729e-06,9.8148e-06,9.8031e-06,7.3878e-06,5.4113e-08,2.4101e-07,6.5476e-07,4.8308e-06,8.5595e-06,9.7408e-06,8.5461e-06
P18,0.00,90.00,60.00,0.00,4.7534e-08,2.7824e-07,9.3171e-07,4.8464e-06,9.9251e-06,9.9133e-06,7.6156e-06,4.7757e-08,2.5210e-07,6.7998e-07,4.8985e-06,8.6452e-06,9.8469e-06,8.7484e-06
P18,30.00,180.00,60.00,0.00,4.8812e-08,2.6627e-07,8.9878e-07,4.7726e-06,9.8146e-06,9.8030e-06,7.3878e-06,4.9007e-08,2.4101e-07,6.5476e-07,4.8304e-06,8.5593e-06,9.7407e-06,8.5460e-06
P18,0.00,0.00,0.00,0.00,5.2125e-08,2.7824e-07,9.3171e-07,4.8467e-06,9.9252e-06,9.9133e-06,7.6157e-06,5.2342e-08,2.5210e-07,6.7998e-07,4.8988e-06,8.6453e-06,9.8469e-06,8.7484e-06
P18,0.00,135.00,30.00,0.00,5.1250e-08,2.7824e-07,9.3171e-07,4.8466e-06,9.9252e-06,9.9133e-06,7.6156e-06,5.1470e-08,2.5210e-07,6.7998e-07,4.8988e-06,8.6453e-06,9.8469e-06,8.7484e-06
P18,0.00,180.00,0.00,0.00,5.2125e-08,2.7824e-07,9.3171e-07,4.8467e-06,9.9252e-06,9.9133e-06,7.6157e-06,5.2342e-08,2.5210e-07,6.7998e-07,4.8988e-06,8.6453e-06,9.8469e-06,8.7484e-06
P18,30.00,90.00,30.00,0.00,5.2973e-08,2.6627e-07,8.9878e-07,4.7729e-06,9.8148e-06,9.8031e-06,7.3878e-06,5.3166e-08,2.4101e-07,6.5476e-07,4.8307e-06,8.5594e-06,9.7408e-06,8.5461e-06
P18,0.00,135.00,60.00,0.00,4.7534e-08,2.7824e-07,9.3171e-07,4.8464e-06,9.9251e-06,9.9133e-06,7.6156e-06,4.7757e-08,2.5210e-07,6.7998e-07,4.8985e-06,8.6452e-06,9.8469e-06,8.7484e-06
P18,0.00,135.00,0.00,0.00,5.2125e-08,2.7824e-07,9.3171e-07,4.8467e-06,9.9252e-06,9.9133e-06,7.6157e-06,5.2342e-08,2.5210e-07,6.7998e-07,4.8988e-06,8.6453e-06,9.8469e-06,8.7484e-06
P18,60.00,180.00,30.00,0.00,6.0557e-08,2.2373e-07,7.7648e-07,4.4342e-06,9.3130e-06,9.3022e-06,6.5024e-06,6.0580e-08,2.0183e-07,5.6213e-07,4.5141e-06,8.1482e-06,9.2545e-06,7.7275e-06
P18,60.00,135.00,60.00,0.00,5.4845e-08,2.2373e-07,7.7647e-07,4.4338e-06,9.3130e-06,9.3021e-06,6.5024e-06,5.4866e-08,2.0183e-07,5.6213e-07,4.5137e-06,8.1480e-06,9.2544e-06,7.7275e-06
P18,60.00,45.00,0.00,0.00,6.1903e-08,2.2373e-07,7.7648e-07,4.4343e-06,9.3131e-06,9.3022e-06,6.5024e-06,6.1925e-08,2.0183e-07,5.6213e-07,4.5142e-06,8.1482e-06,9.2545e-06,7.7276e-06
P18,30.00,90.00,60.00,0.00,4.8904e-08,2.6627e-07,8.9878e-07,4.7726e-06,9.8146e-06,9.8030e-06,7.3878e-06,4.9099e-08,2.4101e-07,6.5476e-07,4.8304e-06,8.5593e-06,9.7407e-06,8.5460e-06
P18,30.00,45.00,60.00,0.00,4.8969e-08,2.6627e-07,8.9878e-07,4.7726e-06,9.8146e-06,9.8030e-06,7.3878e-06,4.9164e-08,2.4101e-07,6.5476e-07,4.8304e-06,8.5593e-06,9.7407e-06,8.5460e-06
P18,30.00,0.00,30.00,0.00,5.2996e-08,2.6627e-07,8.9878e-07,4.7729e-06,9.8148e-06,9.8031e-06,7.3878e-06,5.3190e-08,2.4101e-07,6.5476e-07,4.8307e-06,8.5594e-06,9.7408e-06,8.5461e-06
P18,60.00,45.00,60.00,0.00,5.5398e-08,2.2373e-07,7.7647e-07,4.4338e-06,9.3130e-06,9.3021e-06,6.5024e-06,5.5420e-08,2.0183e-07,5.6213e-07,4.5137e-06,8.1480e-06,9.2544e-06,7.7275e-06
P18,60.00,90.00,60.00,0.00,5.5127e-08,2.2373e-07,7.7647e-07,4.4338e-06,9.3130e-06,9.3021e-06,6.5024e-06,5.5148e-08,2.0183e-07,5.6213e-07,4.5137e-06,8.1480e-06,9.2544e-06,7.7275e-06
P18,30.00,0.00,0.00,0.00,5.3922e-08,2.6627e-07,8.9878e-07,4.7729e-06,9.8148e-06,9.8031e-06,7.3878e-06,5.4113e-08,2.4101e-07,6.5476e-07,4.8308e-06,8.5595e-06,9.7408e-06,8.5461e-06
P18,30.00,135.00,30.00,0.00,5.2956e-08,2.6627e-07,8.9878e-07,4.7729e-06,9.8148e-06,9.8031e-06,7.3878e-06,5.3150e-08,2.4101e-07,6.5476e-07,4.8307e-06,8.5594e-06,9.7408e-06,8.5461e-06
P18,30.00,135.00,60.00,0.00,4.8839e-08,2.6627e-07,8.9878e-07,4.7726e-06,9.8146e-06,9.8030e-06,7.3878e-06,4.9034e-08,2.4101e-07,6.5476e-07,4.8304e-06,8.5593e-06,9.7407e-06,8.5460e-06
P18,60.00,0.00,0.00,0.00,6.1903e-08,2.2373e-07,7.7648e-07,4.4343e-06,9.3131e-06,9.3022e-06,6.5024e-06,6.1925e-08,2.0183e-07,5.6213e-07,4.5142e-06,8.1482e-06,9.2545e-06,7.7276e-06
P18,60.00,45.00,30.00,0.00,6.0722e-08,2.2373e-07,7.7648e-07,4.4342e-06,9.3131e-06,9.3022e-06,6.5024e-06,6.0744e-08,2.0183e-07,5.6213e-07,4.5141e-06,8.1482e-06,9.2545e-06,7.7275e-06
P18,0.00,45.00,30.00,0.00,5.1250e-08,2.7824e-07,9.3171e-07,4.8466e-06,9.9252e-06,9.9133e-06,7.6156e-06,5.1470e-08,2.5210e-07,6.7998e-07,4.8988e-06,8.6453e-06,9.8469e-06,8.7484e-06
P18,0.00,90.00,0.00,0.00,5.2125e-08,2.7824e-07,9.3171e-07,4.8467e-06,9.9252e-06,9.9133e-06,7.6157e-06,5.2342e-08,2.5210e-07,6.7998e-07,4.8988e-06,8.6453e-06,9.8469e-06,8.7484e-06
P18,0.00,0.00,30.00,0.00,5.1250e-08,2.7824e-07,9.3171e-07,4.8466e-06,9.9252e-06,9.9133e-06,7.6156e-06,5.1470e-08,2.5210e-07,6.7998e-07,4.8988e-06,8.6453e-06,9.8469e-06,8.7484e-06
P18,0.00,45.00,60.00,0.00,4.7534e-08,2.7824e-07,9.3171e-07,4.8464e-06,9.9251e-06,9.9133e-06,7.6156e-06,4.7757e-08,2.5210e-07,6.7998e-07,4.8985e-06,8.6452e-06,9.8469e-06,8.7484e-06
P18,0.00,180.00,60.00,0.00,4.7534e-08,2.7824e-07,9.3171e-07,4.8464e-06,9.9251e-06,9.9133e-06,7.6156e-06,4.7757e-08,2.5210e-07,6.7998e-07,4.8985e-06,8.6452e-06,9.8469e-06,8.7484e-06
P18,60.00,0.00,30.00,0.00,6.0750e-08,2.2373e-07,7.7648e-07,4.4342e-06,9.3131e-06,9.3022e-06,6.5024e-06,6.0773e-08,2.0183e-07,5.6213e-07,4.5141e-06,8.1482e-06,9.2545e-06,7.7275e-06
P18,60.00,135.00,0.00,0.00,6.1903e-08,2.2373e-07,7.7648e-07,4.4343e-06,9.3131e-06,9.3022e-06,6.5024e-06,6.1925e-08,2.0183e-07,5.6213e-07,4.5142e-06,8.1482e-06,9.2545e-06,7.7276e-06
P18,0.00,45.00,0.00,0.00,5.2125e-08,2.7824e-07,9.3171e-07,4.8467e-06,9.9252e-06,9.9133e-06,7.6157e-06,5.2342e-08,2.5210e-07,6.7998e-07,4.8988e-06,8.6453e-06,9.8469e-06,8.7484e-06
P18,60.00,180.00,0.00,0.00,6.1903e-08,2.2373e-07,7.7648e-07,4.4343e-06,9.3131e-06,9.3022e-06,6.5024e-06,6.1925e-08,2.0183e-07,5.6213e-07,4.5142e-06,8.1482e-06,9.2545e-06,7.7276e-06
P18,60.00,90.00,0.00,0.00,6.1903e-08,2.2373e-07,7.7648e-07,4.4343e-06,9.3131e-06,9.3022e-06,6.5024e-06,6.1925e-08,2.0183e-07,5.6213e-07,4.5142e-06,8.1482e-06,9.2545e-06,7.7276e-06
P18,60.00,0.00,60.00,0.00,5.5509e-08,2.2373e-07,7.7647e-07,4.4338e-06,9.3130e-06,9.3021e-06,6.5024e-06,5.5530e-08,2.0183e-07,5.6213e-07,4.5137e-06,8.1480e-06,9.2544e-06,7.7275e-06
P18,60.00,90.00,30.00,0.00,6.0653e-08,2.2373e-07,7.7648e-07,4.4342e-06,9.3130e-06,9.3022e-06,6.5024e-06,6.0676e-08,2.0183e-07,5.6213e-07,4.5141e-06,8.1482e-06,9.2545e-06,7.7275e-06
P18,30.00,0.00,60.00,0.00,4.8995e-08,2.6627e-07,8.9878e-07,4.7726e-06,9.8146e-06,9.8030e-06,7.3878e-06,4.9191e-08,2.4101e-07,6.5476e-07,4.8304e-06,8.5593e-06,9.7407e-06,8.5460e-06
P18,30.00,180.00,30.00,0.00,5.2949e-08,2.6627e-07,8.9878e-07,4.7729e-06,9.8148e-06,9.8031e-06,7.3878e-06,5.3143e-08,2.4101e-07,6.5476e-07,4.8307e-06,8.5594e-06,9.7408e-06,8.5461e-06
P19,60.00,90.00,60.00,0.00,5.9955e-08,2.1716e-07,6.7454e-07,4.2697e-06,9.4553e-06,9.4419e-06,5.8596e-06,5.9149e-08,1.9855e-07,4.9254e-07,4.3501e-06,8.0154e-06,9.3812e-06,7.2449e-06
P19,60.00,45.00,30.00,0.00,6.5339e-08,2.1716e-07,6.7458e-07,4.2700e-06,9.4554e-06,9.4420e-06,5.8597e-06,6.4475e-08,1.9855e-07,4.9255e-07,4.3504e-06,8.0156e-06,9.3813e-06,7.2449e-06
P19,30.00,180.00,0.00,0.00,5.6302e-08,2.4319e-07,8.2800e-07,4.7522e-06,1.0066e-05,1.0052e-05,6.6324e-06,5.5852e-08,2.2044e-07,5.6985e-07,4.8136e-06,8.5595e-06,9.9711e-06,8.1512e-06
P19,60.00,90.00,0.00,0.00,6.6668e-08,2.1717e-07,6.7459e-07,4.2700e-06,9.4554e-06,9.4420e-06,5.8597e-06,6.5782e-08,1.9855e-07,4.9256e-07,4.3505e-06,8.0156e-06,9.3813e-06,7.2449e-06
P19,30.00,180.00,60.00,0.00,5.1314e-08,2.4318e-07,8.2794e-07,4.7520e-06,1.0066e-05,1.0052e-05,6.6323e-06,5.0944e-08,2.2044e-07,5.6983e-07,4.8134e-06,8.5593e-06,9.9710e-06,8.1512e-06
P19,60.00,135.00,0.00,0.00,6.6668e-08,2.1717e-07,6.7459e-07,4.2700e-06,9.4554e-06,9.4420e-06,5.8597e-06,6.5782e-08,1.9855e-07,4.9256e-07,4.3505e-06,8.0156e-06,9.3813e-06,7.2449e-06
P19,60.00,45.00,60.00,0.00,6.0180e-08,2.1716e-07,6.7454e-07,4.2698e-06,9.4553e-06,9.4419e-06,5.8596e-06,5.9373e-08,1.9855e-07,4.9254e-07,4.3502e-06,8.0154e-06,9.3812e-06,7.2449e-06
P19,60.00,90.00,30.00,0.00,6.5277e-08,2.1716e-07,6.7458e-07,4.2700e-06,9.4554e-06,9.4420e-06,5.8597e-06,6.4414e-08,1.9855e-07,4.9255e-07,4.3504e-06,8.0156e-06,9.3813e-06,7.2449e-06
P19,0.00,45.00,60.00,0.00,4.9689e-08,2.5133e-07,8.7853e-07,4.8482e-06,1.0181e-05,1.0167e-05,6.8579e-06,4.9401e-08,2.2727e-07,5.9647e-07,4.9037e-06,8.6601e-06,1.0081e-05,8.3775e-06
P19,0.00,135.00,30.00,0.00,5.3241e-08,2.5134e-07,8.7858e-07,4.8484e-06,1.0181e-05,1.0167e-05,6.8579e-06,5.2895e-08,2.2727e-07,5.9648e-07,4.9038e-06,8.6602e-06,1.0081e-05,8.3775e-06
P19,0.00,0.00,60.00,0.00,4.9689e-08,2.5133e-07,8.7853e-07,4.8482e-06,1.0181e-05,1.0167e-05,6.8579e-06,4.9401e-08,2.2727e-07,5.9647e-07,4.9037e-06,8.6601e-06,1.0081e-05,8.3775e-06
P19,30.00,135.00,60.00,0.00,5.1336e-08,2.4318e-07,8.2794e-07,4.7520e-06,1.0066e-05,1.0052e-05,6.6323e-06,5.0966e-08,2.2044e-07,5.6983e-07,4.8134e-06,8.5593e-06,9.9710e-06,8.1512e-06
P19,30.00,90.00,60.00,0.00,5.1389e-08,2.4318e-07,8.2794e-07,4.7520e-06,1.0066e-05,1.0052e-05,6.6323e-06,5.1019e-08,2.2044e-07,5.6983e-07,4.8134e-06,8.5593e-06,9.9710e-06,8.1512e-06
P19,0.00,135.00,60.00,0.00,4.9689e-08,2.5133e-07,8.7853e-07,4.8482e-06,1.0181e-05,1.0167e-05,6.8579e-06,4.9401e-08,2.2727e-07,5.9647e-07,4.9037e-06,8.6601e-06,1.0081e-05,8.3775e-06
P19,0.00,135.00,0.00,0.00,5.4228e-08,2.5134e-07,8.7860e-07,4.8484e-06,1.0181e-05,1.0167e-05,6.8579e-06,5.3858e-08,2.2727e-07,5.9649e-07,4.9039e-06,8.6602e-06,1.0081e-05,8.3775e-06
P19,60.00,0.00,0.00,0.00,6.6668e-08,2.1717e-07,6.7459e-07,4.2700e-06,9.4554e-06,9.4420e-06,5.8597e-06,6.5782e-08,1.9855e-07,4.9256e-07,4.3505e-06,8.0156e-06,9.3813e-06,7.2449e-06
P19,0.00,0.00,0.00,0.00,5.4228e-08,2.5134e-07,8.7860e-07,4.8484e-06,1.0181e-05,1.0167e-05,6.8579e-06,5.3858e-08,2.2727e-07,5.9649e-07,4.9039e-06,8.6602e-06,1.0081e-05,8.3775e-06
P19,60.00,45.00,0.00,0.00,6.6668e-08,2.1717e-07,6.7459e-07,4.2700e-06,9.4554e-06,9.4420e-06,5.8597e-06,6.5782e-08,1.9855e-07,4.9256e-07,4.3505e-06,8.0156e-06,9.3813e-06,7.2449e-06
P19,30.00,0.00,60.00,0.00,5.1465e-08,2.4318e-07,8.2794e-07,4.7520e-06,1.0066e-05,1.0052e-05,6.6323e-06,5.1094e-08,2.2044e-07,5.6983e-07,4.8134e-06,8.5593e-06,9.9710e-06,8.1512e-06
P19,0.00,45.00,0.00,0.00,5.4228e-08,2.5134e-07,8.7860e-07,4.8484e-06,1.0181e-05,1.0167e-05,6.8579e-06,5.3858e-08,2.2727e-07,5.9649e-07,4.9039e-06,8.6602e-06,1.0081e-05,8.3775e-06
P19,60.00,180.00,30.00,0.00,6.5191e-08,2.1716e-07,6.7458e-07,4.2700e-06,9.4554e-06,9.4420e-06,5.8597e-06,6.4329e-08,1.9855e-07,4.9255e-07,4.3504e-06,8.0156e-06,9.3813e-06,7.2449e-06
P19,0.00,0.00,30.00,0.00,5.3241e-08,2.5134e-07,8.7858e-07,4.8484e-06,1.0181e-05,1.0167e-05,6.8579e-06,5.2895e-08,2.2727e-07,5.9648e-07,4.9038e-06,8.6602e-06,1.0081e-05,8.3775e-06
P19,30.00,45.00,60.00,0.00,5.1443e-08,2.4318e-07,8.2794e-07,4.7520e-06,1.0066e-05,1.0052e-05,6.6323e-06,5.1072e-08,2.2044e-07,5.6983e-07,4.8134e-06,8.5593e-06,9.9710e-06,8.1512e-06
P19,0.00,180.00,0.00,0.00,5.4228e-08,2.5134e-07,8.7860e-07,4.8484e-06,1.0181e-05,1.0167e-05,6.8579e-06,5.3858e-08,2.2727e-07,5.9649e-07,4.9039e-06,8.6602e-06,1.0081e-05,8.3775e-06
P19,0.00,90.00,0.00,0.00,5.4228e-08,2.5134e-07,8.7860e-07,4.8484e-06,1.0181e-05,1.0167e-05,6.8579e-06,5.3858e-08,2.2727e-07,5.9649e-07,4.9039e-06,8.6602e-06,1.0081e-05,8.3775e-06
P19,0.00,180.00,30.00,0.00,5.3241e-08,2.5134e-07,8.7858e-07,4.8484e-06,1.0181e-05,1.0167e-05,6.8579e-06,5.2895e-08,2.2727e-07,5.9648e-07,4.9038e-06,8.6602e-06,1.0081e-05,8.3775e-06
P19,60.00,180.00,60.00,0.00,5.9626e-08,2.1716e-07,6.7453e-07,4.2697e-06,9.4553e-06,9.4419e-06,5.8596e-06,5.8822e-08,1.9855e-07,4.9254e-07,4.3501e-06,8.0154e-06,9.3812e-06,7.2449e-06
P19,0.00,90.00,30.00,0.00,5.3241e-08,2.5134e-07,8.7858e-07,4.8484e-06,1.0181e-05,1.0167e-05,6.8579e-06,5.2895e-08,2.2727e-07,5.9648e-07,4.9038e-06,8.6602e-06,1.0081e-05,8.3775e-06
P19,60.00,135.00,30.00,0.00,6.5216e-08,2.1716e-07,6.7458e-07,4.2700e-06,9.4554e-06,9.4420e-06,5.8597e-06,6.4354e-08,1.9855e-07,4.9255e-07,4.3504e-06,8.0156e-06,9.3813e-06,7.2449e-06
P19,30.00,0.00,0.00,0.00,5.6302e-08,2.4319e-07,8.2800e-07,4.7522e-06,1.0066e-05,1.0052e-05,6.6324e-06,5.5852e-08,2.2044e-07,5.6985e-07,4.8136e-06,8.5595e-06,9.9711e-06,8.1512e-06
P19,30.00,45.00,0.00,0.00,5.6302e-08,2.4319e-07,8.2800e-07,4.7522e-06,1.0066e-05,1.0052e-05,6.6324e-06,5.5852e-08,2.2044e-07,5.6985e-07,4.8136e-06,8.5595e-06,9.9711e-06,8.1512e-06
P19,60.00,135.00,60.00,0.00,5.9724e-08,2.1716e-07,6.7453e-07,4.2697e-06,9.4553e-06,9.4419e-06,5.8596e-06,5.8919e-08,1.9855e-07,4.9254e-07,4.3501e-06,8.0154e-06,9.3812e-06,7.2449e-06
P19,30.00,180.00,30.00,0.00,5.5223e-08,2.4318e-07,8.2799e-07,4.7521e-06,1.0066e-05,1.0052e-05,6.6324e-06,5.4797e-08,2.2044e-07,5.6985e-07,4.8136e-06,8.5594e-06,9.9711e-06,8.1512e-06
P19,0.00,90.00,60.00,0.00,4.9689e-08,2.5133e-07,8.7853e-07,4.8482e-06,1.0181e-05,1.0167e-05,6.8579e-06,4.9401e-08,2.2727e-07,5.9647e-07,4.9037e-06,8.6601e-06,1.0081e-05,8.3775e-06
P19,30.00,135.00,0.00,0.00,5.6302e-08,2.4319e-07,8.2800e-07,4.7522e-06,1.0066e-05,1.0052e-05,6.6324e-06,5.5852e-08,2.2044e-07,5.6985e-07,4.8136e-06,8.5595e-06,9.9711e-06,8.1512e-06
P19,60.00,0.00,60.00,0.00,6.0272e-08,2.1716e-07,6.7454e-07,4.2698e-06,9.4553e-06,9.4419e-06,5.8596e-06,5.9463e-08,1.9855e-07,4.9254e-07,4.3502e-06,8.0154e-06,9.3812e-06,7.2449e-06
P19,60.00,180.00,0.00,0.00,6.6668e-08,2.1717e-07,6.7459e-07,4.2700e-06,9.4554e-06,9.4420e-06,5.8597e-06,6.5782e-08,1.9855e-07,4.9256e-07,4.3505e-06,8.0156e-06,9.3813e-06,7.2449e-06
P19,30.00,135.00,30.00,0.00,5.5229e-08,2.4318e-07,8.2799e-07,4.7521e-06,1.0066e-05,1.0052e-05,6.6324e-06,5.4803e-08,2.2044e-07,5.6985e-07,4.8136e-06,8.5594e-06,9.9711e-06,8.1512e-06
P19,30.00,0.00,30.00,0.00,5.5268e-08,2.4318e-07,8.2799e-07,4.7521e-06,1.0066e-05,1.0052e-05,6.6324e-06,5.4841e-08,2.2044e-07,5.6985e-07,4.8136e-06,8.5594e-06,9.9711e-06,8.1512e-06
P19,0.00,45.00,30.00,0.00,5.3241e-08,2.5134e-07,8.7858e-07,4.8484e-06,1.0181e-05,1.0167e-05,6.8579e-06,5.2895e-08,2.2727e-07,5.9648e-07,4.9038e-06,8.6602e-06,1.0081e-05,8.3775e-06
P19,60.00,0.00,30.00,0.00,6.5365e-08,2.1716e-07,6.7458e-07,4.2700e-06,9.4554e-06,9.4420e-06,5.8597e-06,6.4500e-08,1.9855e-07,4.9255e-07,4.3504e-06,8.0156e-06,9.3813e-06,7.2449e-06
P19,30.00,90.00,30.00,0.00,5.5245e-08,2.4318e-07,8.2799e-07,4.7521e-06,1.0066e-05,1.0052e-05,6.6324e-06,5.4819e-08,2.2044e-07,5.6985e-07,4.8136e-06,8.5594e-06,9.9711e-06,8.1512e-06
P19,30.00,90.00,0.00,0.00,5.6302e-08,2.4319e-07,8.2800e-07,4.7522e-06,1.0066e-05,1.0052e-05,6.6324e-06,5.5852e-08,2.2044e-07,5.6985e-07,4.8136e-06,8.5595e-06,9.9711e-06,8.1512e-06
P19,0.00,180.00,60.00,0.00,4.9689e-08,2.5133e-07,8.7853e-07,4.8482e-06,1.0181e-05,1.0167e-05,6.8579e-06,4.9401e-08,2.2727e-07,5.9647e-07,4.9037e-06,8.6601e-06,1.0081e-05,8.3775e-06
P19,30.00,45.00,30.00,0.00,5.5261e-08,2.4318e-07,8.2799e-07,4.7521e-06,1.0066e-05,1.0052e-05,6.6324e-06,5.4834e-08,2.2044e-07,5.6985e-07,4.8136e-06,8.5594e-06,9.9711e-06,8.1512e-06
P20,0.00,135.00,60.00,0.00,4.8347e-08,3.1875e-07,1.0169e-06,4.8353e-06,1.0085e-05,1.0072e-05,7.0516e-06,4.8350e-08,2.9074e-07,7.6444e-07,4.9085e-06,8.6964e-06,1.0000e-05,8.4441e-06
P20,0.00,90.00,60.00,0.00,4.8347e-08,3.1875e-07,1.0169e-06,4.8353e-06,1.0085e-05,1.0072e-05,7.0516e-06,4.8350e-08,2.9074e-07,7.6444e-07,4.9085e-06,8.6964e-06,1.0000e-05,8.4441e-06
P20,30.00,45.00,60.00,0.00,4.9949e-08,3.0471e-07,9.8497e-07,4.7523e-06,9.9757e-06,9.9630e-06,6.8102e-06,4.9899e-08,2.7750e-07,7.3905e-07,4.8322e-06,8.6071e-06,9.8957e-06,8.2224e-06
P20,0.00,135.00,0.00,0.00,5.2140e-08,3.1876e-07,1.0169e-06,4.8355e-06,1.0085e-05,1.0072e-05,7.0516e-06,5.2128e-08,2.9075e-07,7.6444e-07,4.9087e-06,8.6965e-06,1.0000e-05,8.4441e-06
P20,60.00,90.00,30.00,0.00,6.2185e-08,2.5270e-07,8.6389e-07,4.3560e-06,9.4393e-06,9.4273e-06,5.9048e-06,6.1833e-08,2.2861e-07,6.4205e-07,4.4606e-06,8.1474e-06,9.3775e-06,7.3284e-06
P20,30.00,180.00,0.00,0.00,5.4068e-08,3.0471e-07,9.8497e-07,4.7526e-06,9.9758e-06,9.9631e-06,6.8103e-06,5.4004e-08,2.7750e-07,7.3905e-07,4.8325e-06,8.6072e-06,9.8958e-06,8.2224e-06
P20,0.00,45.00,30.00,0.00,5.1416e-08,3.1876e-07,1.0169e-06,4.8355e-06,1.0085e-05,1.0072e-05,7.0516e-06,5.1409e-08,2.9074e-07,7.6444e-07,4.9087e-06,8.6965e-06,1.0000e-05,8.4441e-06
P20,60.00,0.00,60.00,0.00,5.7725e-08,2.5269e-07,8.6389e-07,4.3557e-06,9.4392e-06,9.4272e-06,5.9048e-06,5.7383e-08,2.2861e-07,6.4205e-07,4.4603e-06,8.1472e-06,9.3774e-06,7.3284e-06
P20,0.00,90.00,30.00,0.00,5.1416e-08,3.1876e-07,1.0169e-06,4.8355e-06,1.0085e-05,1.0072e-05,7.0516e-06,5.1409e-08,2.9074e-07,7.6444e-07,4.9087e-06,8.6965e-06,1.0000e-05,8.4441e-06
P20,30.00,90.00,0.00,0.00,5.4068e-08,3.0471e-07,9.8497e-07,4.7526e-06,9.9758e-06,9.9631e-06,6.8103e-06,5.4004e-08,2.7750e-07,7.3905e-07,4.8325e-06,8.6072e-06,9.8958e-06,8.2224e-06
P20,0.00,180.00,60.00,0.00,4.8347e-08,3.1875e-07,1.0169e-06,4.8353e-06,1.0085e-05,1.0072e-05,7.0516e-06,4.8350e-08,2.9074e-07,7.6444e-07,4.9085e-06,8.6964e-06,1.0000e-05,8.4441e-06
P20,30.00,0.00,30.00,0.00,5.3296e-08,3.0471e-07,9.8497e-07,4.7525e-06,9.9758e-06,9.9631e-06,6.8103e-06,5.3237e-08,2.7750e-07,7.3905e-07,4.8325e-06,8.6072e-06,9.8958e-06,8.2224e-06
P20,60.00,180.00,60.00,0.00,5.7036e-08,2.5269e-07,8.6389e-07,4.3557e-06,9.4392e-06,9.4272e-06,5.9048e-06,5.6694e-08,2.2861e-07,6.4205e-07,4.4602e-06,8.1472e-06,9.3774e-06,7.3284e-06
P20,60.00,180.00,30.00,0.00,6.2103e-08,2.5270e-07,8.6389e-07,4.3560e-06,9.4393e-06,9.4273e-06,5.9048e-06,6.1751e-08,2.2861e-07,6.4205e-07,4.4606e-06,8.1474e-06,9.3775e-06,7.3284e-06
P20,30.00,90.00,30.00,0.00,5.3277e-08,3.0471e-07,9.8497e-07,4.7525e-06,9.9758e-06,9.9631e-06,6.8103e-06,5.3218e-08,2.7750e-07,7.3905e-07,4.8325e-06,8.6072e-06,9.8958e-06,8.2224e-06
P20,30.00,45.00,30.00,0.00,5.3291e-08,3.0471e-07,9.8497e-07,4.7525e-06,9.9758e-06,9.9631e-06,6.8103e-06,5.3232e-08,2.7750e-07,7.3905e-07,4.8325e-06,8.6072e-06,9.8958e-06,8.2224e-06
P20,60.00,135.00,30.00,0.00,6.2126e-08,2.5270e-07,8.6389e-07,4.3560e-06,9.4393e-06,9.4273e-06,5.9048e-06,6.1775e-08,2.2861e-07,6.4205e-07,4.4606e-06,8.1474e-06,9.3775e-06,7.3284e-06
P20,0.00,90.00,0.00,0.00,5.2140e-08,3.1876e-07,1.0169e-06,4.8355e-06,1.0085e-05,1.0072e-05,7.0516e-06,5.2128e-08,2.9075e-07,7.6444e-07,4.9087e-06,8.6965e-06,1.0000e-05,8.4441e-06
P20,30.00,180.00,60.00,0.00,4.9817e-08,3.0471e-07,9.8497e-07,4.7523e-06,9.9757e-06,9.9630e-06,6.8102e-06,4.9767e-08,2.7750e-07,7.3905e-07,4.8322e-06,8.6071e-06,9.8957e-06,8.2224e-06
P20,0.00,180.00,0.00,0.00,5.2140e-08,3.1876e-07,1.0169e-06,4.8355e-06,1.0085e-05,1.0072e-05,7.0516e-06,5.2128e-08,2.9075e-07,7.6444e-07,4.9087e-06,8.6965e-06,1.0000e-05,8.4441e-06
P20,30.00,135.00,60.00,0.00,4.9840e-08,3.0471e-07,9.8497e-07,4.7523e-06,9.9757e-06,9.9630e-06,6.8102e-06,4.9790e-08,2.7750e-07,7.3905e-07,4.8322e-06,8.6071e-06,9.8957e-06,8.2224e-06
P20,0.00,0.00,60.00,0.00,4.8347e-08,3.1875e-07,1.0169e-06,4.8353e-06,1.0085e-05,1.0072e-05,7.0516e-06,4.8350e-08,2.9074e-07,7.6444e-07,4.9085e-06,8.6964e-06,1.0000e-05,8.4441e-06
P20,0.00,0.00,0.00,0.00,5.2140e-08,3.1876e-07,1.0169e-06,4.8355e-06,1.0085e-05,1.0072e-05,7.0516e-06,5.2128e-08,2.9075e-07,7.6444e-07,4.9087e-06,8.6965e-06,1.0000e-05,8.4441e-06
P20,30.00,180.00,30.00,0.00,5.3258e-08,3.0471e-07,9.8497e-07,4.7525e-06,9.9758e-06,9.9631e-06,6.8103e-06,5.3199e-08,2.7750e-07,7.3905e-07,4.8325e-06,8.6072e-06,9.8958e-06,8.2224e-06
P20,0.00,135.00,30.00,0.00,5.1416e-08,3.1876e-07,1.0169e-06,4.8355e-06,1.0085e-05,1.0072e-05,7.0516e-06,5.1409e-08,2.9074e-07,7.6444e-07,4.9087e-06,8.6965e-06,1.0000e-05,8.4441e-06
P20,60.00,180.00,0.00,0.00,6.3269e-08,2.5270e-07,8.6389e-07,4.3560e-06,9.4393e-06,9.4273e-06,5.9048e-06,6.2913e-08,2.2861e-07,6.4205e-07,4.4606e-06,8.1474e-06,9.3775e-06,7.3284e-06
P20,60.00,90.00,0.00,0.00,6.3269e-08,2.5270e-07,8.6389e-07,4.3560e-06,9.4393e-06,9.4273e-06,5.9048e-06,6.2913e-08,2.2861e-07,6.4205e-07,4.4606e-06,8.1474e-06,9.3775e-06,7.3284e-06
P20,0.00,45.00,60.00,0.00,4.8347e-08,3.1875e-07,1.0169e-06,4.8353e-06,1.0085e-05,1.0072e-05,7.0516e-06,4.8350e-08,2.9074e-07,7.6444e-07,4.9085e-06,8.6964e-06,1.0000e-05,8.4441e-06
P20,60.00,0.00,0.00,0.00,6.3269e-08,2.5270e-07,8.6389e-07,4.3560e-06,9.4393e-06,9.4273e-06,5.9048e-06,6.2913e-08,2.2861e-07,6.4205e-07,4.4606e-06,8.1474e-06,9.3775e-06,7.3284e-06
P20,60.00,45.00,0.00,0.00,6.3269e-08,2.5270e-07,8.6389e-07,4.3560e-06,9.4393e-06,9.4273e-06,5.9048e-06,6.2913e-08,2.2861e-07,6.4205e-07,4.4606e-06,8.1474e-06,9.3775e-06,7.3284e-06
P20,0.00,0.00,30.00,0.00,5.1416e-08,3.1876e-07,1.0169e-06,4.8355e-06,1.0085e-05,1.0072e-05,7.0516e-06,5.1409e-08,2.9074e-07,7.6444e-07,4.9087e-06,8.6965e-06,1.0000e-05,8.4441e-06
P20,60.00,45.00,30.00,0.00,6.2243e-08,2.5270e-07,8.6389e-07,4.3560e-06,9.4393e-06,9.4273e-06,5.9048e-06,6.1892e-08,2.2861e-07,6.4205e-07,4.4606e-06,8.1474e-06,9.3775e-06,7.3284e-06
P20,30.00,135.00,0.00,0.00,5.4068e-08,3.0471e-07,9.8497e-07,4.7526e-06,9.9758e-06,9.9631e-06,6.8103e-06,5.4004e-08,2.7750e-07,7.3905e-07,4.8325e-06,8.6072e-06,9.8958e-06,8.2224e-06
P20,30.00,90.00,60.00,0.00,4.9895e-08,3.0471e-07,9.8497e-07,4.7523e-06,9.9757e-06,9.9630e-06,6.8102e-06,4.9845e-08,2.7750e-07,7.3905e-07,4.8322e-06,8.6071e-06,9.8957e-06,8.2224e-06
P20,30.00,0.00,60.00,0.00,4.9972e-08,3.0471e-07,9.8497e-07,4.7523e-06,9.9757e-06,9.9630e-06,6.8102e-06,4.9922e-08,2.7750e-07,7.3905e-07,4.8322e-06,8.6071e-06,9.8957e-06,8.2224e-06
P20,60.00,0.00,30.00,0.00,6.2268e-08,2.5270e-07,8.6389e-07,4.3560e-06,9.4393e-06,9.4273e-06,5.9048e-06,6.1916e-08,2.2861e-07,6.4205e-07,4.4606e-06,8.1474e-06,9.3775e-06,7.3284e-06
P20,0.00,180.00,30.00,0.00,5.1416e-08,3.1876e-07,1.0169e-06,4.8355e-06,1.0085e-05,1.0072e-05,7.0516e-06,5.1409e-08,2.9074e-07,7.6444e-07,4.9087e-06,8.6965e-06,1.0000e-05,8.4441e-06
P20,60.00,90.00,60.00,0.00,5.7389e-08,2.5269e-07,8.6389e-07,4.3557e-06,9.4392e-06,9.4272e-06,5.9048e-06,5.7047e-08,2.2861e-07,6.4205e-07,4.4602e-06,8.1472e-06,9.3774e-06,7.3284e-06
P20,60.00,135.00,0.00,0.00,6.3269e-08,2.5270e-07,8.6389e-07,4.3560e-06,9.4393e-06,9.4273e-06,5.9048e-06,6.2913e-08,2.2861e-07,6.4205e-07,4.4606e-06,8.1474e-06,9.3775e-06,7.3284e-06
P20,30.00,45.00,0.00,0.00,5.4068e-08,3.0471e-07,9.8497e-07,4.7526e-06,9.9758e-06,9.9631e-06,6.8103e-06,5.4004e-08,2.7750e-07,7.3905e-07,4.8325e-06,8.6072e-06,9.8958e-06,8.2224e-06
P20,60.00,135.00,60.00,0.00,5.7142e-08,2.5269e-07,8.6389e-07,4.3557e-06,9.4392e-06,9.4272e-06,5.9048e-06,5.6799e-08,2.2861e-07,6.4205e-07,4.4602e-06,8.1472e-06,9.3774e-06,7.3284e-06
P20,60.00,45.00,60.00,0.00,5.7628e-08,2.5269e-07,8.6389e-07,4.3557e-06,9.4392e-06,9.4272e-06,5.9048e-06,5.7286e-08,2.2861e-07,6.4205e-07,4.4603e-06,8.1472e-06,9.3774e-06,7.3284e-06
P20,30.00,0.00,0.00,0.00,5.4068e-08,3.0471e-07,9.8497e-07,4.7526e-06,9.9758e-06,9.9631e-06,6.8103e-06,5.4004e-08,2.7750e-07,7.3905e-07,4.8325e-06,8.6072e-06,9.8958e-06,8.2224e-06
P20,0.00,45.00,0.00,0.00,5.2140e-08,3.1876e-07,1.0169e-06,4.8355e-06,1.0085e-05,1.0072e-05,7.0516e-06,5.2128e-08,2.9075e-07,7.6444e-07,4.9087e-06,8.6965e-06,1.0000e-05,8.4441e-06
P20,30.00,135.00,30.00,0.00,5.3264e-08,3.0471e-07,9.8497e-07,4.7525e-06,9.9758e-06,9.9631e-06,6.8103e-06,5.3205e-08,2.7750e-07,7.3905e-07,4.8325e-06,8.6072e-06,9.8958e-06,8.2224e-06
P21,0.00,180.00,30.00,0.00,5.0405e-08,3.6266e-07,1.1415e-06,5.4873e-06,1.1054e-05,1.1040e-05,8.6674e-06,5.0643e-08,3.3120e-07,8.4127e-07,5.5256e-06,9.5259e-06,1.0951e-05,9.8823e-06
P21,60.00,90.00,30.00,0.00,5.8818e-08,2.9553e-07,9.5434e-07,5.2982e-06,1.0707e-05,1.0695e-05,7.4611e-06,5.8939e-08,2.6885e-07,7.0618e-07,5.3743e-06,9.3879e-06,1.0642e-05,8.8562e-06
P21,0.00,45.00,0.00,0.00,5.1073e-08,3.6266e-07,1.1415e-06,5.4874e-06,1.1054e-05,1.1040e-05,8.6674e-06,5.1308e-08,3.3120e-07,8.4127e-07,5.5256e-06,9.5259e-06,1.0951e-05,9.8823e-06
P21,30.00,0.00,60.00,0.00,4.8988e-08,3.4822e-07,1.1005e-06,5.4602e-06,1.1010e-05,1.0996e-05,8.4260e-06,4.9207e-08,3.1779e-07,8.1170e-07,5.5057e-06,9.5170e-06,1.0914e-05,9.6882e-06
P21,30.00,45.00,30.00,0.00,5.1963e-08,3.4822e-07,1.1005e-06,5.4604e-06,1.1010e-05,1.0996e-05,8.4260e-06,5.2186e-08,3.1779e-07,8.1170e-07,5.5059e-06,9.5171e-06,1.0914e-05,9.6882e-06
P21,0.00,90.00,30.00,0.00,5.0405e-08,3.6266e-07,1.1415e-06,5.4873e-06,1.1054e-05,1.1040e-05,8.6674e-06,5.0643e-08,3.3120e-07,8.4127e-07,5.5256e-06,9.5259e-06,1.0951e-05,9.8823e-06
P21,30.00,180.00,0.00,0.00,5.2670e-08,3.4822e-07,1.1005e-06,5.4604e-06,1.1010e-05,1.0996e-05,8.4260e-06,5.2891e-08,3.1779e-07,8.1170e-07,5.5059e-06,9.5171e-06,1.0914e-05,9.6882e-06
P21,60.00,0.00,0.00,0.00,5.9750e-08,2.9553e-07,9.5434e-07,5.2983e-06,1.0707e-05,1.0695e-05,7.4611e-06,5.9871e-08,2.6885e-07,7.0618e-07,5.3744e-06,9.3880e-06,1.0642e-05,8.8562e-06
P21,0.00,90.00,0.00,0.00,5.1073e-08,3.6266e-07,1.1415e-06,5.4874e-06,1.1054e-05,1.1040e-05,8.6674e-06,5.1308e-08,3.3120e-07,8.4127e-07,5.5256e-06,9.5259e-06,1.0951e-05,9.8823e-06
P21,30.00,135.00,60.00,0.00,4.8865e-08,3.4822e-07,1.1005e-06,5.4602e-06,1.1010e-05,1.0996e-05,8.4260e-06,4.9085e-08,3.1779e-07,8.1170e-07,5.5057e-06,9.5170e-06,1.0914e-05,9.6882e-06
P21,60.00,0.00,60.00,0.00,5.5033e-08,2.9553e-07,9.5434e-07,5.2980e-06,1.0707e-05,1.0695e-05,7.4611e-06,5.5145e-08,2.6885e-07,7.0618e-07,5.3741e-06,9.3878e-06,1.0642e-05,8.8562e-06
P21,60.00,135.00,60.00,0.00,5.4516e-08,2.9552e-07,9.5434e-07,5.2980e-06,1.0707e-05,1.0695e-05,7.4611e-06,5.4626e-08,2.6885e-07,7.0618e-07,5.3741e-06,9.3878e-06,1.0642e-05,8.8562e-06
P21,30.00,180.00,60.00,0.00,4.8844e-08,3.4822e-07,1.1005e-06,5.4602e-06,1.1010e-05,1.0996e-05,8.4260e-06,4.9064e-08,3.1779e-07,8.1170e-07,5.5057e-06,9.5170e-06,1.0914e-05,9.6882e-06
P21,0.00,135.00,0.00,0.00,5.1073e-08,3.6266e-07,1.1415e-06,5.4874e-06,1.1054e-05,1.1040e-05,8.6674e-06,5.1308e-08,3.3120e-07,8.4127e-07,5.5256e-06,9.5259e-06,1.0951e-05,9.8823e-06
P21,30.00,180.00,30.00,0.00,5.1932e-08,3.4822e-07,1.1005e-06,5.4604e-06,1.1010e-05,1.0996e-05,8.4260e-06,5.2155e-08,3.1779e-07,8.1170e-07,5.5059e-06,9.5171e-06,1.0914e-05,9.6882e-06
P21,60.00,90.00,60.00,0.00,5.4735e-08,2.9553e-07,9.5434e-07,5.2980e-06,1.0707e-05,1.0695e-05,7.4611e-06,5.4845e-08,2.6885e-07,7.0618e-07,5.3741e-06,9.3878e-06,1.0642e-05,8.8562e-06
P21,0.00,45.00,30.00,0.00,5.0405e-08,3.6266e-07,1.1415e-06,5.4873e-06,1.1054e-05,1.1040e-05,8.6674e-06,5.0643e-08,3.3120e-07,8.4127e-07,5.5256e-06,9.5259e-06,1.0951e-05,9.8823e-06
P21,0.00,90.00,60.00,0.00,4.7623e-08,3.6266e-07,1.1415e-06,5.4872e-06,1.1054e-05,1.1040e-05,8.6674e-06,4.7860e-08,3.3120e-07,8.4127e-07,5.5254e-06,9.5258e-06,1.0951e-05,9.8823e-06
P21,30.00,90.00,60.00,0.00,4.8916e-08,3.4822e-07,1.1005e-06,5.4602e-06,1.1010e-05,1.0996e-05,8.4260e-06,4.9135e-08,3.1779e-07,8.1170e-07,5.5057e-06,9.5170e-06,1.0914e-05,9.6882e-06
P21,30.00,135.00,0.00,0.00,5.2670e-08,3.4822e-07,1.1005e-06,5.4604e-06,1.1010e-05,1.0996e-05,8.4260e-06,5.2891e-08,3.1779e-07,8.1170e-07,5.5059e-06,9.5171e-06,1.0914e-05,9.6882e-06
P21,0.00,0.00,60.00,0.00,4.7623e-08,3.6266e-07,1.1415e-06,5.4872e-06,1.1054e-05,1.1040e-05,8.6674e-06,4.7860e-08,3.3120e-07,8.4127e-07,5.5254e-06,9.5258e-06,1.0951e-05,9.8823e-06
P21,30.00,45.00,0.00,0.00,5.2670e-08,3.4822e-07,1.1005e-06,5.4604e-06,1.1010e-05,1.0996e-05,8.4260e-06,5.2891e-08,3.1779e-07,8.1170e-07,5.5059e-06,9.5171e-06,1.0914e-05,9.6882e-06
P21,30.00,0.00,30.00,0.00,5.1969e-08,3.4822e-07,1.1005e-06,5.4604e-06,1.1010e-05,1.0996e-05,8.4260e-06,5.2192e-08,3.1779e-07,8.1170e-07,5.5059e-06,9.5171e-06,1.0914e-05,9.6882e-06
P21,30.00,45.00,60.00,0.00,4.8966e-08,3.4822e-07,1.1005e-06,5.4602e-06,1.1010e-05,1.0996e-05,8.4260e-06,4.9186e-08,3.1779e-07,8.1170e-07,5.5057e-06,9.5170e-06,1.0914e-05,9.6882e-06
P21,60.00,45.00,0.00,0.00,5.9750e-08,2.9553e-07,9.5434e-07,5.2983e-06,1.0707e-05,1.0695e-05,7.4611e-06,5.9871e-08,2.6885e-07,7.0618e-07,5.3744e-06,9.3880e-06,1.0642e-05,8.8562e-06
P21,0.00,135.00,60.00,0.00,4.7623e-08,3.6266e-07,1.1415e-06,5.4872e-06,1.1054e-05,1.1040e-05,8.6674e-06,4.7860e-08,3.3120e-07,8.4127e-07,5.5254e-06,9.5258e-06,1.0951e-05,9.8823e-06
P21,60.00,45.00,30.00,0.00,5.8872e-08,2.9553e-07,9.5434e-07,5.2982e-06,1.0707e-05,1.0695e-05,7.4611e-06,5.8992e-08,2.6885e-07,7.0618e-07,5.3743e-06,9.3879e-06,1.0642e-05,8.8562e-06
P21,30.00,90.00,0.00,0.00,5.2670e-08,3.4822e-07,1.1005e-06,5.4604e-06,1.1010e-05,1.0996e-05,8.4260e-06,5.2891e-08,3.1779e-07,8.1170e-07,5.5059e-06,9.5171e-06,1.0914e-05,9.6882e-06
P21,60.00,180.00,30.00,0.00,5.8743e-08,2.9553e-07,9.5434e-07,5.2982e-06,1.0707e-05,1.0695e-05,7.4611e-06,5.8863e-08,2.6885e-07,7.0618e-07,5.3743e-06,9.3879e-06,1.0642e-05,8.8562e-06
P21,60.00,135.00,0.00,0.00,5.9750e-08,2.9553e-07,9.5434e-07,5.2983e-06,1.0707e-05,1.0695e-05,7.4611e-06,5.9871e-08,2.6885e-07,7.0618e-07,5.3744e-06,9.3880e-06,1.0642e-05,8.8562e-06
P21,0.00,45.00,60.00,0.00,4.7623e-08,3.6266e-07,1.1415e-06,5.4872e-06,1.1054e-05,1.1040e-05,8.6674e-06,4.7860e-08,3.3120e-07,8.4127e-07,5.5254e-06,9.5258e-06,1.0951e-05,9.8823e-06
P21,0.00,0.00,30.00,0.00,5.0405e-08,3.6266e-07,1.1415e-06,5.4873e-06,1.1054e-05,1.1040e-05,8.6674e-06,5.0643e-08,3.3120e-07,8.4127e-07,5.5256e-06,9.5259e-06,1.0951e-05,9.8823e-06
P21,60.00,135.00,30.00,0.00,5.8764e-08,2.9553e-07,9.5434e-07,5.2982e-06,1.0707e-05,1.0695e-05,7.4611e-06,5.8885e-08,2.6885e-07,7.0618e-07,5.3743e-06,9.3879e-06,1.0642e-05,8.8562e-06
P21,60.00,90.00,0.00,0.00,5.9750e-08,2.9553e-07,9.5434e-07,5.2983e-06,1.0707e-05,1.0695e-05,7.4611e-06,5.9871e-08,2.6885e-07,7.0618e-07,5.3744e-06,9.3880e-06,1.0642e-05,8.8562e-06
P21,30.00,135.00,30.00,0.00,5.1937e-08,3.4822e-07,1.1005e-06,5.4604e-06,1.1010e-05,1.0996e-05,8.4260e-06,5.2160e-08,3.1779e-07,8.1170e-07,5.5059e-06,9.5171e-06,1.0914e-05,9.6882e-06
P21,0.00,180.00,60.00,0.00,4.7623e-08,3.6266e-07,1.1415e-06,5.4872e-06,1.1054e-05,1.1040e-05,8.6674e-06,4.7860e-08,3.3120e-07,8.4127e-07,5.5254e-06,9.5258e-06,1.0951e-05,9.8823e-06
P21,60.00,45.00,60.00,0.00,5.4947e-08,2.9553e-07,9.5434e-07,5.2980e-06,1.0707e-05,1.0695e-05,7.4611e-06,5.5058e-08,2.6885e-07,7.0618e-07,5.3741e-06,9.3878e-06,1.0642e-05,8.8562e-06
P21,30.00,0.00,0.00,0.00,5.2670e-08,3.4822e-07,1.1005e-06,5.4604e-06,1.1010e-05,1.0996e-05,8.4260e-06,5.2891e-08,3.1779e-07,8.1170e-07,5.5059e-06,9.5171e-06,1.0914e-05,9.6882e-06
P21,0.00,0.00,0.00,0.00,5.1073e-08,3.6266e-07,1.1415e-06,5.4874e-06,1.1054e-05,1.1040e-05,8.6674e-06,5.1308e-08,3.3120e-07,8.4127e-07,5.5256e-06,9.5259e-06,1.0951e-05,9.8823e-06
P21,60.00,180.00,60.00,0.00,5.4423e-08,2.9552e-07,9.5434e-07,5.2980e-06,1.0707e-05,1.0695e-05,7.4611e-06,5.4533e-08,2.6885e-07,7.0618e-07,5.3741e-06,9.3878e-06,1.0642e-05,8.8562e-06
P21,60.00,180.00,0.00,0.00,5.9750e-08,2.9553e-07,9.5434e-07,5.2983e-06,1.0707e-05,1.0695e-05,7.4611e-06,5.9871e-08,2.6885e-07,7.0618e-07,5.3744e-06,9.3880e-06,1.0642e-05,8.8562e-06
P21,0.00,180.00,0.00,0.00,5.1073e-08,3.6266e-07,1.1415e-06,5.4874e-06,1.1054e-05,1.1040e-05,8.6674e-06,5.1308e-08,3.3120e-07,8.4127e-07,5.5256e-06,9.5259e-06,1.0951e-05,9.8823e-06
P21,0.00,135.00,30.00,0.00,5.0405e-08,3.6266e-07,1.1415e-06,5.4873e-06,1.1054e-05,1.1040e-05,8.6674e-06,5.0643e-08,3.3120e-07,8.4127e-07,5.5256e-06,9.5259e-06,1.0951e-05,9.8823e-06
P21,60.00,0.00,30.00,0.00,5.8894e-08,2.9553e-07,9.5434e-07,5.2982e-06,1.0707e-05,1.0695e-05,7.4611e-06,5.9015e-08,2.6885e-07,7.0618e-07,5.3743e-06,9.3879e-06,1.0642e-05,8.8562e-06
P21,30.00,90.00,30.00,0.00,5.1950e-08,3.4822e-07,1.1005e-06,5.4604e-06,1.1010e-05,1.0996e-05,8.4260e-06,5.2173e-08,3.1779e-07,8.1170e-07,5.5059e-06,9.5171e-06,1.0914e-05,9.6882e-06
P22,60.00,135.00,0.00,0.00,6.2914e-08,2.3625e-07,8.8177e-07,4.5757e-06,9.7373e-06,9.7243e-06,6.2800e-06,6.2565e-08,2.1150e-07,6.1982e-07,4.6636e-06,8.3348e-06,9.6602e-06,7.7302e-06
P22,0.00,45.00,0.00,0.00,5.1780e-08,3.0551e-07,1.0926e-06,4.9782e-06,1.0260e-05,1.0247e-05,7.4207e-06,5.1776e-08,2.7477e-07,7.8496e-07,5.0337e-06,8.7984e-06,1.0164e-05,8.7744e-06
P22,0.00,90.00,60.00,0.00,4.8311e-08,3.0550e-07,1.0926e-06,4.9780e-06,1.0260e-05,1.0247e-05,7.4207e-06,4.8319e-08,2.7477e-07,7.8496e-07,5.0335e-06,8.7983e-06,1.0164e-05,8.7744e-06
P22,0.00,180.00,0.00,0.00,5.1780e-08,3.0551e-07,1.0926e-06,4.9782e-06,1.0260e-05,1.0247e-05,7.4207e-06,5.1776e-08,2.7477e-07,7.8496e-07,5.0337e-06,8.7984e-06,1.0164e-05,8.7744e-06
P22,30.00,45.00,0.00,0.00,5.3686e-08,2.8980e-07,1.0487e-06,4.9089e-06,1.0172e-05,1.0159e-05,7.1850e-06,5.3631e-08,2.6029e-07,7.4944e-07,4.9711e-06,8.7230e-06,1.0079e-05,8.5690e-06
P22,60.00,135.00,60.00,0.00,5.7289e-08,2.3625e-07,8.8177e-07,4.5754e-06,9.7371e-06,9.7241e-06,6.2800e-06,5.6948e-08,2.1150e-07,6.1982e-07,4.6633e-06,8.3345e-06,9.6601e-06,7.7302e-06
P22,30.00,90.00,60.00,0.00,4.9870e-08,2.8980e-07,1.0487e-06,4.9087e-06,1.0172e-05,1.0158e-05,7.1849e-06,4.9825e-08,2.6029e-07,7.4944e-07,4.9709e-06,8.7229e-06,1.0079e-05,8.5689e-06
P22,60.00,180.00,30.00,0.00,6.1840e-08,2.3625e-07,8.8177e-07,4.5757e-06,9.7373e-06,9.7243e-06,6.2800e-06,6.1495e-08,2.1150e-07,6.1982e-07,4.6636e-06,8.3347e-06,9.6602e-06,7.7302e-06
P22,0.00,180.00,30.00,0.00,5.1114e-08,3.0551e-07,1.0926e-06,4.9781e-06,1.0260e-05,1.0247e-05,7.4207e-06,5.1115e-08,2.7477e-07,7.8496e-07,5.0337e-06,8.7984e-06,1.0164e-05,8.7744e-06
P22,30.00,135.00,30.00,0.00,5.2948e-08,2.8980e-07,1.0487e-06,4.9089e-06,1.0172e-05,1.0159e-05,7.1849e-06,5.2897e-08,2.6029e-07,7.4944e-07,4.9711e-06,8.7230e-06,1.0079e-05,8.5690e-06
P22,0.00,135.00,60.00,0.00,4.8311e-08,3.0550e-07,1.0926e-06,4.9780e-06,1.0260e-05,1.0247e-05,7.4207e-06,4.8319e-08,2.7477e-07,7.8496e-07,5.0335e-06,8.7983e-06,1.0164e-05,8.7744e-06
P22,60.00,135.00,30.00,0.00,6.1863e-08,2.3625e-07,8.8177e-07,4.5757e-06,9.7373e-06,9.7243e-06,6.2800e-06,6.1518e-08,2.1150e-07,6.1982e-07,4.6636e-06,8.3347e-06,9.6602e-06,7.7302e-06
P22,60.00,90.00,60.00,0.00,5.7518e-08,2.3625e-07,8.8177e-07,4.5754e-06,9.7371e-06,9.7241e-06,6.2800e-06,5.7178e-08,2.1150e-07,6.1982e-07,4.6633e-06,8.3346e-06,9.6601e-06,7.7302e-06
P22,60.00,0.00,0.00,0.00,6.2914e-08,2.3625e-07,8.8177e-07,4.5757e-06,9.7373e-06,9.7243e-06,6.2800e-06,6.2565e-08,2.1150e-07,6.1982e-07,4.6636e-06,8.3348e-06,9.6602e-06,7.7302e-06
P22,30.00,180.00,0.00,0.00,5.3686e-08,2.8980e-07,1.0487e-06,4.9089e-06,1.0172e-05,1.0159e-05,7.1850e-06,5.3631e-08,2.6029e-07,7.4944e-07,4.9711e-06,8.7230e-06,1.0079e-05,8.5690e-06
P22,60.00,180.00,0.00,0.00,6.2914e-08,2.3625e-07,8.8177e-07,4.5757e-06,9.7373e-06,9.7243e-06,6.2800e-06,6.2565e-08,2.1150e-07,6.1982e-07,4.6636e-06,8.3348e-06,9.6602e-06,7.7302e-06
P22,0.00,135.00,0.00,0.00,5.1780e-08,3.0551e-07,1.0926e-06,4.9782e-06,1.0260e-05,1.0247e-05,7.4207e-06,5.1776e-08,2.7477e-07,7.8496e-07,5.0337e-06,8.7984e-06,1.0164e-05,8.7744e-06
P22,30.00,90.00,30.00,0.00,5.2960e-08,2.8980e-07,1.0487e-06,4.9089e-06,1.0172e-05,1.0159e-05,7.1849e-06,5.2910e-08,2.6029e-07,7.4944e-07,4.9711e-06,8.7230e-06,1.0079e-05,8.5690e-06
P22,30.00,0.00,30.00,0.00,5.2978e-08,2.8980e-07,1.0487e-06,4.9089e-06,1.0172e-05,1.0159e-05,7.1849e-06,5.2927e-08,2.6029e-07,7.4944e-07,4.9711e-06,8.7230e-06,1.0079e-05,8.5690e-06
P22,30.00,0.00,60.00,0.00,4.9942e-08,2.8980e-07,1.0487e-06,4.9087e-06,1.0172e-05,1.0158e-05,7.1849e-06,4.9897e-08,2.6029e-07,7.4944e-07,4.9709e-06,8.7229e-06,1.0079e-05,8.5689e-06
P22,30.00,135.00,0.00,0.00,5.3686e-08,2.8980e-07,1.0487e-06,4.9089e-06,1.0172e-05,1.0159e-05,7.1850e-06,5.3631e-08,2.6029e-07,7.4944e-07,4.9711e-06,8.7230e-06,1.0079e-05,8.5690e-06
P22,60.00,0.00,60.00,0.00,5.7831e-08,2.3625e-07,8.8177e-07,4.5754e-06,9.7372e-06,9.7242e-06,6.2800e-06,5.7491e-08,2.1150e-07,6.1982e-07,4.6633e-06,8.3346e-06,9.6601e-06,7.7302e-06
P22,0.00,45.00,60.00,0.00,4.8311e-08,3.0550e-07,1.0926e-06,4.9780e-06,1.0260e-05,1.0247e-05,7.4207e-06,4.8319e-08,2.7477e-07,7.8496e-07,5.0335e-06,8.7983e-06,1.0164e-05,8.7744e-06
P22,60.00,45.00,0.00,0.00,6.2914e-08,2.3625e-07,8.8177e-07,4.5757e-06,9.7373e-06,9.7243e-06,6.2800e-06,6.2565e-08,2.1150e-07,6.1982e-07,4.6636e-06,8.3348e-06,9.6602e-06,7.7302e-06
P22,0.00,180.00,60.00,0.00,4.8311e-08,3.0550e-07,1.0926e-06,4.9780e-06,1.0260e-05,1.0247e-05,7.4207e-06,4.8319e-08,2.7477e-07,7.8496e-07,5.0335e-06,8.7983e-06,1.0164e-05,8.7744e-06
P22,30.00,45.00,60.00,0.00,4.9921e-08,2.8980e-07,1.0487e-06,4.9087e-06,1.0172e-05,1.0158e-05,7.1849e-06,4.9876e-08,2.6029e-07,7.4944e-07,4.9709e-06,8.7229e-06,1.0079e-05,8.5689e-06
P22,60.00,0.00,30.00,0.00,6.1994e-08,2.3625e-07,8.8177e-07,4.5757e-06,9.7373e-06,9.7243e-06,6.2800e-06,6.1648e-08,2.1150e-07,6.1982e-07,4.6636e-06,8.3347e-06,9.6602e-06,7.7302e-06
P22,30.00,180.00,30.00,0.00,5.2942e-08,2.8980e-07,1.0487e-06,4.9089e-06,1.0172e-05,1.0159e-05,7.1849e-06,5.2892e-08,2.6029e-07,7.4944e-07,4.9711e-06,8.7230e-06,1.0079e-05,8.5690e-06
P22,60.00,180.00,60.00,0.00,5.7191e-08,2.3625e-07,8.8177e-07,4.5754e-06,9.7371e-06,9.7241e-06,6.2800e-06,5.6850e-08,2.1150e-07,6.1982e-07,4.6633e-06,8.3345e-06,9.6601e-06,7.7302e-06
P22,30.00,90.00,0.00,0.00,5.3686e-08,2.8980e-07,1.0487e-06,4.9089e-06,1.0172e-05,1.0159e-05,7.1850e-06,5.3631e-08,2.6029e-07,7.4944e-07,4.9711e-06,8.7230e-06,1.0079e-05,8.5690e-06
P22,30.00,180.00,60.00,0.00,4.9799e-08,2.8980e-07,1.0487e-06,4.9087e-06,1.0172e-05,1.0158e-05,7.1849e-06,4.9754e-08,2.6029e-07,7.4944e-07,4.9709e-06,8.7229e-06,1.0079e-05,8.5689e-06
P22,60.00,90.00,0.00,0.00,6.2914e-08,2.3625e-07,8.8177e-07,4.5757e-06,9.7373e-06,9.7243e-06,6.2800e-06,6.2565e-08,2.1150e-07,6.1982e-07,4.6636e-06,8.3348e-06,9.6602e-06,7.7302e-06
P22,30.00,135.00,60.00,0.00,4.9820e-08,2.8980e-07,1.0487e-06,4.9087e-06,1.0172e-05,1.0158e-05,7.1849e-06,4.9775e-08,2.6029e-07,7.4944e-07,4.9709e-06,8.7229e-06,1.0079e-05,8.5689e-06
P22,30.00,45.00,30.00,0.00,5.2972e-08,2.8980e-07,1.0487e-06,4.9089e-06,1.0172e-05,1.0159e-05,7.1849e-06,5.2922e-08,2.6029e-07,7.4944e-07,4.9711e-06,8.7230e-06,1.0079e-05,8.5690e-06
P22,60.00,90.00,30.00,0.00,6.1916e-08,2.3625e-07,8.8177e-07,4.5757e-06,9.7373e-06,9.7243e-06,6.2800e-06,6.1571e-08,2.1150e-07,6.1982e-07,4.6636e-06,8.3347e-06,9.6602e-06,7.7302e-06
P22,0.00,45.00,30.00,0.00,5.1114e-08,3.0551e-07,1.0926e-06,4.9781e-06,1.0260e-05,1.0247e-05,7.4207e-06,5.1115e-08,2.7477e-07,7.8496e-07,5.0337e-06,8.7984e-06,1.0164e-05,8.7744e-06
P22,60.00,45.00,30.00,0.00,6.1971e-08,2.3625e-07,8.8177e-07,4.5757e-06,9.7373e-06,9.7243e-06,6.2800e-06,6.1625e-08,2.1150e-07,6.1982e-07,4.6636e-06,8.3347e-06,9.6602e-06,7.7302e-06
P22,0.00,90.00,30.00,0.00,5.1114e-08,3.0551e-07,1.0926e-06,4.9781e-06,1.0260e-05,1.0247e-05,7.4207e-06,5.1115e-08,2.7477e-07,7.8496e-07,5.0337e-06,8.7984e-06,1.0164e-05,8.7744e-06
P22,0.00,0.00,0.00,0.00,5.1780e-08,3.0551e-07,1.0926e-06,4.9782e-06,1.0260e-05,1.0247e-05,7.4207e-06,5.1776e-08,2.7477e-07,7.8496e-07,5.0337e-06,8.7984e-06,1.0164e-05,8.7744e-06
P22,60.00,45.00,60.00,0.00,5.7741e-08,2.3625e-07,8.8177e-07,4.5754e-06,9.7372e-06,9.7242e-06,6.2800e-06,5.7400e-08,2.1150e-07,6.1982e-07,4.6633e-06,8.3346e-06,9.6601e-06,7.7302e-06
P22,30.00,0.00,0.00,0.00,5.3686e-08,2.8980e-07,1.0487e-06,4.9089e-06,1.0172e-05,1.0159e-05,7.1850e-06,5.3631e-08,2.6029e-07,7.4944e-07,4.9711e-06,8.7230e-06,1.0079e-05,8.5690e-06
P22,0.00,0.00,30.00,0.00,5.1114e-08,3.0551e-07,1.0926e-06,4.9781e-06,1.0260e-05,1.0247e-05,7.4207e-06,5.1115e-08,2.7477e-07,7.8496e-07,5.0337e-06,8.7984e-06,1.0164e-05,8.7744e-06
P22,0.00,135.00,30.00,0.00,5.1114e-08,3.0551e-07,1.0926e-06,4.9781e-06,1.0260e-05,1.0247e-05,7.4207e-06,5.1115e-08,2.7477e-07,7.8496e-07,5.0337e-06,8.7984e-06,1.0164e-05,8.7744e-06
P22,0.00,90.00,0.00,0.00,5.1780e-08,3.0551e-07,1.0926e-06,4.9782e-06,1.0260e-05,1.0247e-05,7.4207e-06,5.1776e-08,2.7477e-07,7.8496e-07,5.0337e-06,8.7984e-06,1.0164e-05,8.7744e-06
P22,0.00,0.00,60.00,0.00,4.8311e-08,3.0550e-07,1.0926e-06,4.9780e-06,1.0260e-05,1.0247e-05,7.4207e-06,4.8319e-08,2.7477e-07,7.8496e-07,5.0335e-06,8.7983e-06,1.0164e-05,8.7744e-06
P23,60.00,135.00,60.00,0.00,5.1956e-08,2.4872e-07,8.5940e-07,5.0533e-06,9.7181e-06,9.7090e-06,7.4583e-06,5.2322e-08,2.2426e-07,6.1987e-07,5.1213e-06,8.7395e-06,9.6690e-06,8.4915e-06
P23,0.00,135.00,30.00,0.00,5.0138e-08,3.1056e-07,1.0317e-06,5.4211e-06,1.0509e-05,1.0498e-05,8.5689e-06,5.0519e-08,2.8144e-07,7.5238e-07,5.4602e-06,9.3473e-06,1.0443e-05,9.5300e-06
P23,0.00,45.00,60.00,0.00,4.6908e-08,3.1056e-07,1.0317e-06,5.4210e-06,1.0509e-05,1.0498e-05,8.5689e-06,4.7283e-08,2.8144e-07,7.5238e-07,5.4601e-06,9.3473e-06,1.0443e-05,9.5300e-06
P23,30.00,90.00,60.00,0.00,4.7966e-08,2.9697e-07,9.9517e-07,5.3663e-06,1.0364e-05,1.0354e-05,8.3393e-06,4.8343e-08,2.6881e-07,7.2401e-07,5.4116e-06,9.2559e-06,1.0304e-05,9.3184e-06
P23,0.00,45.00,30.00,0.00,5.0138e-08,3.1056e-07,1.0317e-06,5.4211e-06,1.0509e-05,1.0498e-05,8.5689e-06,5.0519e-08,2.8144e-07,7.5238e-07,5.4602e-06,9.3473e-06,1.0443e-05,9.5300e-06
P23,60.00,180.00,60.00,0.00,5.1857e-08,2.4872e-07,8.5940e-07,5.0533e-06,9.7181e-06,9.7090e-06,7.4583e-06,5.2223e-08,2.2426e-07,6.1987e-07,5.1213e-06,8.7395e-06,9.6690e-06,8.4915e-06
P23,0.00,180.00,60.00,0.00,4.6908e-08,3.1056e-07,1.0317e-06,5.4210e-06,1.0509e-05,1.0498e-05,8.5689e-06,4.7283e-08,2.8144e-07,7.5238e-07,5.4601e-06,9.3473e-06,1.0443e-05,9.5300e-06
P23,60.00,135.00,0.00,0.00,5.7703e-08,2.4872e-07,8.5940e-07,5.0535e-06,9.7181e-06,9.7090e-06,7.4583e-06,5.8089e-08,2.2426e-07,6.1987e-07,5.1215e-06,8.7395e-06,9.6690e-06,8.4915e-06
P23,60.00,0.00,60.00,0.00,5.2509e-08,2.4872e-07,8.5940e-07,5.0534e-06,9.7181e-06,9.7090e-06,7.4583e-06,5.2877e-08,2.2426e-07,6.1987e-07,5.1214e-06,8.7395e-06,9.6690e-06,8.4915e-06
P23,0.00,180.00,0.00,0.00,5.0917e-08,3.1056e-07,1.0317e-06,5.4212e-06,1.0509e-05,1.0498e-05,8.5689e-06,5.1297e-08,2.8144e-07,7.5238e-07,5.4602e-06,9.3473e-06,1.0443e-05,9.5300e-06
P23,30.00,0.00,0.00,0.00,5.2298e-08,2.9697e-07,9.9517e-07,5.3664e-06,1.0364e-05,1.0354e-05,8.3393e-06,5.2683e-08,2.6881e-07,7.2401e-07,5.4118e-06,9.2559e-06,1.0304e-05,9.3184e-06
P23,30.00,0.00,30.00,0.00,5.1486e-08,2.9697e-07,9.9517e-07,5.3664e-06,1.0364e-05,1.0354e-05,8.3393e-06,5.1871e-08,2.6881e-07,7.2401e-07,5.4117e-06,9.2559e-06,1.0304e-05,9.3184e-06
P23,60.00,90.00,30.00,0.00,5.6672e-08,2.4872e-07,8.5940e-07,5.0535e-06,9.7181e-06,9.7090e-06,7.4583e-06,5.7056e-08,2.2426e-07,6.1987e-07,5.1215e-06,8.7395e-06,9.6690e-06,8.4915e-06
P23,0.00,90.00,30.00,0.00,5.0138e-08,3.1056e-07,1.0317e-06,5.4211e-06,1.0509e-05,1.0498e-05,8.5689e-06,5.0519e-08,2.8144e-07,7.5238e-07,5.4602e-06,9.3473e-06,1.0443e-05,9.5300e-06
P23,30.00,135.00,0.00,0.00,5.2298e-08,2.9697e-07,9.9517e-07,5.3664e-06,1.0364e-05,1.0354e-05,8.3393e-06,5.2683e-08,2.6881e-07,7.2401e-07,5.4118e-06,9.2559e-06,1.0304e-05,9.3184e-06
P23,30.00,45.00,30.00,0.00,5.1479e-08,2.9697e-07,9.9517e-07,5.3664e-06,1.0364e-05,1.0354e-05,8.3393e-06,5.1864e-08,2.6881e-07,7.2401e-07,5.4117e-06,9.2559e-06,1.0304e-05,9.3184e-06
P23,30.00,180.00,30.00,0.00,5.1442e-08,2.9697e-07,9.9517e-07,5.3664e-06,1.0364e-05,1.0354e-05,8.3393e-06,5.1827e-08,2.6881e-07,7.2401e-07,5.4117e-06,9.2559e-06,1.0304e-05,9.3184e-06
P23,0.00,0.00,60.00,0.00,4.6908e-08,3.1056e-07,1.0317e-06,5.4210e-06,1.0509e-05,1.0498e-05,8.5689e-06,4.7283e-08,2.8144e-07,7.5238e-07,5.4601e-06,9.3473e-06,1.0443e-05,9.5300e-06
P23,30.00,180.00,0.00,0.00,5.2298e-08,2.9697e-07,9.9517e-07,5.3664e-06,1.0364e-05,1.0354e-05,8.3393e-06,5.2683e-08,2.6881e-07,7.2401e-07,5.4118e-06,9.2559e-06,1.0304e-05,9.3184e-06
P23,0.00,45.00,0.00,0.00,5.0917e-08,3.1056e-07,1.0317e-06,5.4212e-06,1.0509e-05,1.0498e-05,8.5689e-06,5.1297e-08,2.8144e-07,7.5238e-07,5.4602e-06,9.3473e-06,1.0443e-05,9.5300e-06
P23,60.00,135.00,30.00,0.00,5.6613e-08,2.4872e-07,8.5940e-07,5.0535e-06,9.7181e-06,9.7090e-06,7.4583e-06,5.6996e-08,2.2426e-07,6.1987e-07,5.1215e-06,8.7395e-06,9.6690e-06,8.4915e-06
P23,0.00,90.00,0.00,0.00,5.0917e-08,3.1056e-07,1.0317e-06,5.4212e-06,1.0509e-05,1.0498e-05,8.5689e-06,5.1297e-08,2.8144e-07,7.5238e-07,5.4602e-06,9.3473e-06,1.0443e-05,9.5300e-06
P23,30.00,0.00,60.00,0.00,4.8046e-08,2.9697e-07,9.9517e-07,5.3663e-06,1.0364e-05,1.0354e-05,8.3393e-06,4.8424e-08,2.6881e-07,7.2401e-07,5.4116e-06,9.2559e-06,1.0304e-05,9.3184e-06
P23,60.00,90.00,0.00,0.00,5.7703e-08,2.4872e-07,8.5940e-07,5.0535e-06,9.7181e-06,9.7090e-06,7.4583e-06,5.8089e-08,2.2426e-07,6.1987e-07,5.1215e-06,8.7395e-06,9.6690e-06,8.4915e-06
P23,60.00,45.00,60.00,0.00,5.2417e-08,2.4872e-07,8.5940e-07,5.0534e-06,9.7181e-06,9.7090e-06,7.4583e-06,5.2784e-08,2.2426e-07,6.1987e-07,5.1213e-06,8.7395e-06,9.6690e-06,8.4915e-06
P23,0.00,90.00,60.00,0.00,4.6908e-08,3.1056e-07,1.0317e-06,5.4210e-06,1.0509e-05,1.0498e-05,8.5689e-06,4.7283e-08,2.8144e-07,7.5238e-07,5.4601e-06,9.3473e-06,1.0443e-05,9.5300e-06
P23,60.00,180.00,0.00,0.00,5.7703e-08,2.4872e-07,8.5940e-07,5.0535e-06,9.7181e-06,9.7090e-06,7.4583e-06,5.8089e-08,2.2426e-07,6.1987e-07,5.1215e-06,8.7395e-06,9.6690e-06,8.4915e-06
P23,30.00,90.00,30.00,0.00,5.1464e-08,2.9697e-07,9.9517e-07,5.3664e-06,1.0364e-05,1.0354e-05,8.3393e-06,5.1849e-08,2.6881e-07,7.2401e-07,5.4117e-06,9.2559e-06,1.0304e-05,9.3184e-06
P23,60.00,180.00,30.00,0.00,5.6588e-08,2.4872e-07,8.5940e-07,5.0535e-06,9.7181e-06,9.7090e-06,7.4583e-06,5.6972e-08,2.2426e-07,6.1987e-07,5.1215e-06,8.7395e-06,9.6690e-06,8.4915e-06
P23,30.00,45.00,0.00,0.00,5.2298e-08,2.9697e-07,9.9517e-07,5.3664e-06,1.0364e-05,1.0354e-05,8.3393e-06,5.2683e-08,2.6881e-07,7.2401e-07,5.4118e-06,9.2559e-06,1.0304e-05,9.3184e-06
P23,0.00,0.00,0.00,0.00,5.0917e-08,3.1056e-07,1.0317e-06,5.4212e-06,1.0509e-05,1.0498e-05,8.5689e-06,5.1297e-08,2.8144e-07,7.5238e-07,5.4602e-06,9.3473e-06,1.0443e-05,9.5300e-06
P23,60.00,0.00,0.00,0.00,5.7703e-08,2.4872e-07,8.5940e-07,5.0535e-06,9.7181e-06,9.7090e-06,7.4583e-06,5.8089e-08,2.2426e-07,6.1987e-07,5.1215e-06,8.7395e-06,9.6690e-06,8.4915e-06
P23,0.00,135.00,0.00,0.00,5.0917e-08,3.1056e-07,1.0317e-06,5.4212e-06,1.0509e-05,1.0498e-05,8.5689e-06,5.1297e-08,2.8144e-07,7.5238e-07,5.4602e-06,9.3473e-06,1.0443e-05,9.5300e-06
P23,30.00,180.00,60.00,0.00,4.7885e-08,2.9697e-07,9.9517e-07,5.3663e-06,1.0364e-05,1.0354e-05,8.3393e-06,4.8262e-08,2.6881e-07,7.2401e-07,5.4116e-06,9.2559e-06,1.0304e-05,9.3184e-06
P23,0.00,0.00,30.00,0.00,5.0138e-08,3.1056e-07,1.0317e-06,5.4211e-06,1.0509e-05,1.0498e-05,8.5689e-06,5.0519e-08,2.8144e-07,7.5238e-07,5.4602e-06,9.3473e-06,1.0443e-05,9.5300e-06
P23,60.00,45.00,0.00,0.00,5.7703e-08,2.4872e-07,8.5940e-07,5.0535e-06,9.7181e-06,9.7090e-06,7.4583e-06,5.8089e-08,2.2426e-07,6.1987e-07,5.1215e-06,8.7395e-06,9.6690e-06,8.4915e-06
P23,30.00,90.00,0.00,0.00,5.2298e-08,2.9697e-07,9.9517e-07,5.3664e-06,1.0364e-05,1.0354e-05,8.3393e-06,5.2683e-08,2.6881e-07,7.2401e-07,5.4118e-06,9.2559e-06,1.0304e-05,9.3184e-06
P23,0.00,135.00,60.00,0.00,4.6908e-08,3.1056e-07,1.0317e-06,5.4210e-06,1.0509e-05,1.0498e-05,8.5689e-06,4.7283e-08,2.8144e-07,7.5238e-07,5.4601e-06,9.3473e-06,1.0443e-05,9.5300e-06
P23,30.00,135.00,30.00,0.00,5.1448e-08,2.9697e-07,9.9517e-07,5.3664e-06,1.0364e-05,1.0354e-05,8.3393e-06,5.1834e-08,2.6881e-07,7.2401e-07,5.4117e-06,9.2559e-06,1.0304e-05,9.3184e-06
P23,30.00,45.00,60.00,0.00,4.8023e-08,2.9697e-07,9.9517e-07,5.3663e-06,1.0364e-05,1.0354e-05,8.3393e-06,4.8400e-08,2.6881e-07,7.2401e-07,5.4116e-06,9.2559e-06,1.0304e-05,9.3184e-06
P23,0.00,180.00,30.00,0.00,5.0138e-08,3.1056e-07,1.0317e-06,5.4211e-06,1.0509e-05,1.0498e-05,8.5689e-06,5.0519e-08,2.8144e-07,7.5238e-07,5.4602e-06,9.3473e-06,1.0443e-05,9.5300e-06
P23,60.00,45.00,30.00,0.00,5.6732e-08,2.4872e-07,8.5940e-07,5.0535e-06,9.7181e-06,9.7090e-06,7.4583e-06,5.7115e-08,2.2426e-07,6.1987e-07,5.1215e-06,8.7395e-06,9.6690e-06,8.4915e-06
P23,30.00,135.00,60.00,0.00,4.7909e-08,2.9697e-07,9.9517e-07,5.3663e-06,1.0364e-05,1.0354e-05,8.3393e-06,4.8286e-08,2.6881e-07,7.2401e-07,5.4116e-06,9.2559e-06,1.0304e-05,9.3184e-06
P23,60.00,90.00,60.00,0.00,5.2190e-08,2.4872e-07,8.5940e-07,5.0534e-06,9.7181e-06,9.7090e-06,7.4583e-06,5.2557e-08,2.2426e-07,6.1987e-07,5.1213e-06,8.7395e-06,9.6690e-06,8.4915e-06
P23,60.00,0.00,30.00,0.00,5.6756e-08,2.4872e-07,8.5940e-07,5.0535e-06,9.7181e-06,9.7090e-06,7.4583e-06,5.7140e-08,2.2426e-07,6.1987e-07,5.1215e-06,8.7395e-06,9.6690e-06,8.4915e-06
P24,30.00,90.00,0.00,0.00,5.6478e-08,3.3304e-07,1.0997e-06,5.5467e-06,1.0477e-05,1.0467e-05,8.6872e-06,5.6883e-08,3.0202e-07,8.0833e-07,5.5923e-06,9.4111e-06,1.0416e-05,9.5804e-06
P24,60.00,135.00,60.00,0.00,5.4831e-08,2.7606e-07,9.5496e-07,5.1871e-06,9.8268e-06,9.8175e-06,7.8097e-06,5.5260e-08,2.4888e-07,6.9191e-07,5.2534e-06,8.8281e-06,9.7707e-06,8.7683e-06
P24,30.00,0.00,30.00,0.00,5.5418e-08,3.3304e-07,1.0997e-06,5.5467e-06,1.0477e-05,1.0467e-05,8.6872e-06,5.5822e-08,3.0202e-07,8.0833e-07,5.5923e-06,9.4111e-06,1.0416e-05,9.5804e-06
P24,0.00,135.00,0.00,0.00,5.4917e-08,3.4889e-07,1.1378e-06,5.6105e-06,1.0635e-05,1.0624e-05,8.9140e-06,5.5308e-08,3.1689e-07,8.3931e-07,5.6500e-06,9.5290e-06,1.0571e-05,9.7890e-06
P24,0.00,45.00,30.00,0.00,5.3896e-08,3.4889e-07,1.1378e-06,5.6105e-06,1.0635e-05,1.0624e-05,8.9140e-06,5.4288e-08,3.1689e-07,8.3931e-07,5.6500e-06,9.5290e-06,1.0571e-05,9.7890e-06
P24,0.00,90.00,30.00,0.00,5.3896e-08,3.4889e-07,1.1378e-06,5.6105e-06,1.0635e-05,1.0624e-05,8.9140e-06,5.4288e-08,3.1689e-07,8.3931e-07,5.6500e-06,9.5290e-06,1.0571e-05,9.7890e-06
P24,60.00,45.00,60.00,0.00,5.5367e-08,2.7606e-07,9.5496e-07,5.1871e-06,9.8268e-06,9.8175e-06,7.8097e-06,5.5798e-08,2.4888e-07,6.9191e-07,5.2534e-06,8.8281e-06,9.7707e-06,8.7683e-06
P24,60.00,180.00,30.00,0.00,6.0540e-08,2.7606e-07,9.5496e-07,5.1871e-06,9.8268e-06,9.8175e-06,7.8097e-06,6.0988e-08,2.4888e-07,6.9191e-07,5.2535e-06,8.8281e-06,9.7707e-06,8.7683e-06
P24,60.00,180.00,0.00,0.00,6.1930e-08,2.7607e-07,9.5496e-07,5.1871e-06,9.8268e-06,9.8175e-06,7.8097e-06,6.2382e-08,2.4888e-07,6.9191e-07,5.2535e-06,8.8281e-06,9.7707e-06,8.7683e-06
P24,60.00,45.00,30.00,0.00,6.0713e-08,2.7606e-07,9.5496e-07,5.1871e-06,9.8268e-06,9.8175e-06,7.8097e-06,6.1162e-08,2.4888e-07,6.9191e-07,5.2535e-06,8.8281e-06,9.7707e-06,8.7683e-06
P24,30.00,90.00,60.00,0.00,5.0867e-08,3.3304e-07,1.0997e-06,5.5466e-06,1.0477e-05,1.0467e-05,8.6872e-06,5.1261e-08,3.0202e-07,8.0833e-07,5.5922e-06,9.4111e-06,1.0416e-05,9.5804e-06
P24,30.00,45.00,0.00,0.00,5.6478e-08,3.3304e-07,1.0997e-06,5.5467e-06,1.0477e-05,1.0467e-05,8.6872e-06,5.6883e-08,3.0202e-07,8.0833e-07,5.5923e-06,9.4111e-06,1.0416e-05,9.5804e-06
P24,30.00,180.00,0.00,0.00,5.6478e-08,3.3304e-07,1.0997e-06,5.5467e-06,1.0477e-05,1.0467e-05,8.6872e-06,5.6883e-08,3.0202e-07,8.0833e-07,5.5923e-06,9.4111e-06,1.0416e-05,9.5804e-06
P24,0.00,180.00,0.00,0.00,5.4917e-08,3.4889e-07,1.1378e-06,5.6105e-06,1.0635e-05,1.0624e-05,8.9140e-06,5.5308e-08,3.1689e-07,8.3931e-07,5.6500e-06,9.5290e-06,1.0571e-05,9.7890e-06
P24,30.00,45.00,30.00,0.00,5.5410e-08,3.3304e-07,1.0997e-06,5.5467e-06,1.0477e-05,1.0467e-05,8.6872e-06,5.5814e-08,3.0202e-07,8.0833e-07,5.5923e-06,9.4111e-06,1.0416e-05,9.5804e-06
P24,30.00,0.00,0.00,0.00,5.6478e-08,3.3304e-07,1.0997e-06,5.5467e-06,1.0477e-05,1.0467e-05,8.6872e-06,5.6883e-08,3.0202e-07,8.0833e-07,5.5923e-06,9.4111e-06,1.0416e-05,9.5804e-06
P24,30.00,135.00,30.00,0.00,5.5371e-08,3.3304e-07,1.0997e-06,5.5467e-06,1.0477e-05,1.0467e-05,8.6872e-06,5.5775e-08,3.0202e-07,8.0833e-07,5.5923e-06,9.4111e-06,1.0416e-05,9.5804e-06
P24,60.00,45.00,0.00,0.00,6.1930e-08,2.7607e-07,9.5496e-07,5.1871e-06,9.8268e-06,9.8175e-06,7.8097e-06,6.2382e-08,2.4888e-07,6.9191e-07,5.2535e-06,8.8281e-06,9.7707e-06,8.7683e-06
P24,60.00,135.00,0.00,0.00,6.1930e-08,2.7607e-07,9.5496e-07,5.1871e-06,9.8268e-06,9.8175e-06,7.8097e-06,6.2382e-08,2.4888e-07,6.9191e-07,5.2535e-06,8.8281e-06,9.7707e-06,8.7683e-06
P24,60.00,135.00,30.00,0.00,6.0570e-08,2.7606e-07,9.5496e-07,5.1871e-06,9.8268e-06,9.8175e-06,7.8097e-06,6.1018e-08,2.4888e-07,6.9191e-07,5.2535e-06,8.8281e-06,9.7707e-06,8.7683e-06
P24,60.00,90.00,0.00,0.00,6.1930e-08,2.7607e-07,9.5496e-07,5.1871e-06,9.8268e-06,9.8175e-06,7.8097e-06,6.2382e-08,2.4888e-07,6.9191e-07,5.2535e-06,8.8281e-06,9.7707e-06,8.7683e-06
P24,60.00,180.00,60.00,0.00,5.4716e-08,2.7606e-07,9.5496e-07,5.1871e-06,9.8268e-06,9.8175e-06,7.8097e-06,5.5145e-08,2.4888e-07,6.9191e-07,5.2534e-06,8.8281e-06,9.7707e-06,8.7683e-06
P24,0.00,0.00,60.00,0.00,4.9691e-08,3.4888e-07,1.1378e-06,5.6104e-06,1.0635e-05,1.0624e-05,8.9140e-06,5.0076e-08,3.1689e-07,8.3931e-07,5.6499e-06,9.5290e-06,1.0571e-05,9.7890e-06
P24,60.00,0.00,60.00,0.00,5.5474e-08,2.7606e-07,9.5496e-07,5.1871e-06,9.8268e-06,9.8175e-06,7.8097e-06,5.5905e-08,2.4888e-07,6.9191e-07,5.2534e-06,8.8281e-06,9.7707e-06,8.7683e-06
P24,0.00,0.00,30.00,0.00,5.3896e-08,3.4889e-07,1.1378e-06,5.6105e-06,1.0635e-05,1.0624e-05,8.9140e-06,5.4288e-08,3.1689e-07,8.3931e-07,5.6500e-06,9.5290e-06,1.0571e-05,9.7890e-06
P24,30.00,180.00,60.00,0.00,5.0769e-08,3.3304e-07,1.0997e-06,5.5466e-06,1.0477e-05,1.0467e-05,8.6872e-06,5.1162e-08,3.0202e-07,8.0833e-07,5.5922e-06,9.4111e-06,1.0416e-05,9.5804e-06
P24,0.00,180.00,30.00,0.00,5.3896e-08,3.4889e-07,1.1378e-06,5.6105e-06,1.0635e-05,1.0624e-05,8.9140e-06,5.4288e-08,3.1689e-07,8.3931e-07,5.6500e-06,9.5290e-06,1.0571e-05,9.7890e-06
P24,60.00,90.00,30.00,0.00,6.0642e-08,2.7606e-07,9.5496e-07,5.1871e-06,9.8268e-06,9.8175e-06,7.8097e-06,6.1090e-08,2.4888e-07,6.9191e-07,5.2535e-06,8.8281e-06,9.7707e-06,8.7683e-06
P24,60.00,0.00,30.00,0.00,6.0743e-08,2.7606e-07,9.5496e-07,5.1871e-06,9.8268e-06,9.8175e-06,7.8097e-06,6.1191e-08,2.4888e-07,6.9191e-07,5.2535e-06,8.8281e-06,9.7707e-06,8.7683e-06
P24,30.00,0.00,60.00,0.00,5.0965e-08,3.3304e-07,1.0997e-06,5.5466e-06,1.0477e-05,1.0467e-05,8.6872e-06,5.1360e-08,3.0202e-07,8.0833e-07,5.5922e-06,9.4111e-06,1.0416e-05,9.5804e-06
P24,30.00,90.00,30.00,0.00,5.5390e-08,3.3304e-07,1.0997e-06,5.5467e-06,1.0477e-05,1.0467e-05,8.6872e-06,5.5794e-08,3.0202e-07,8.0833e-07,5.5923e-06,9.4111e-06,1.0416e-05,9.5804e-06
P24,0.00,90.00,0.00,0.00,5.4917e-08,3.4889e-07,1.1378e-06,5.6105e-06,1.0635e-05,1.0624e-05,8.9140e-06,5.5308e-08,3.1689e-07,8.3931e-07,5.6500e-06,9.5290e-06,1.0571e-05,9.7890e-06
P24,0.00,90.00,60.00,0.00,4.9691e-08,3.4888e-07,1.1378e-06,5.6104e-06,1.0635e-05,1.0624e-05,8.9140e-06,5.0076e-08,3.1689e-07,8.3931e-07,5.6499e-06,9.5290e-06,1.0571e-05,9.7890e-06
P24,60.00,0.00,0.00,0.00,6.1930e-08,2.7607e-07,9.5496e-07,5.1871e-06,9.8268e-06,9.8175e-06,7.8097e-06,6.2382e-08,2.4888e-07,6.9191e-07,5.2535e-06,8.8281e-06,9.7707e-06,8.7683e-06
P24,0.00,45.00,60.00,0.00,4.9691e-08,3.4888e-07,1.1378e-06,5.6104e-06,1.0635e-05,1.0624e-05,8.9140e-06,5.0076e-08,3.1689e-07,8.3931e-07,5.6499e-06,9.5290e-06,1.0571e-05,9.7890e-06
P24,60.00,90.00,60.00,0.00,5.5103e-08,2.7606e-07,9.5496e-07,5.1871e-06,9.8268e-06,9.8175e-06,7.8097e-06,5.5533e-08,2.4888e-07,6.9191e-07,5.2534e-06,8.8281e-06,9.7707e-06,8.7683e-06
P24,0.00,180.00,60.00,0.00,4.9691e-08,3.4888e-07,1.1378e-06,5.6104e-06,1.0635e-05,1.0624e-05,8.9140e-06,5.0076e-08,3.1689e-07,8.3931e-07,5.6499e-06,9.5290e-06,1.0571e-05,9.7890e-06
P24,30.00,135.00,60.00,0.00,5.0797e-08,3.3304e-07,1.0997e-06,5.5466e-06,1.0477e-05,1.0467e-05,8.6872e-06,5.1191e-08,3.0202e-07,8.0833e-07,5.5922e-06,9.4111e-06,1.0416e-05,9.5804e-06
P24,30.00,180.00,30.00,0.00,5.5363e-08,3.3304e-07,1.0997e-06,5.5467e-06,1.0477e-05,1.0467e-05,8.6872e-06,5.5767e-08,3.0202e-07,8.0833e-07,5.5923e-06,9.4111e-06,1.0416e-05,9.5804e-06
P24,0.00,45.00,0.00,0.00,5.4917e-08,3.4889e-07,1.1378e-06,5.6105e-06,1.0635e-05,1.0624e-05,8.9140e-06,5.5308e-08,3.1689e-07,8.3931e-07,5.6500e-06,9.5290e-06,1.0571e-05,9.7890e-06
P24,30.00,135.00,0.00,0.00,5.6478e-08,3.3304e-07,1.0997e-06,5.5467e-06,1.0477e-05,1.0467e-05,8.6872e-06,5.6883e-08,3.0202e-07,8.0833e-07,5.5923e-06,9.4111e-06,1.0416e-05,9.5804e-06
P24,0.00,135.00,30.00,0.00,5.3896e-08,3.4889e-07,1.1378e-06,5.6105e-06,1.0635e-05,1.0624e-05,8.9140e-06,5.4288e-08,3.1689e-07,8.3931e-07,5.6500e-06,9.5290e-06,1.0571e-05,9.7890e-06
P24,30.00,45.00,60.00,0.00,5.0937e-08,3.3304e-07,1.0997e-06,5.5466e-06,1.0477e-05,1.0467e-05,8.6872e-06,5.1331e-08,3.0202e-07,8.0833e-07,5.5922e-06,9.4111e-06,1.0416e-05,9.5804e-06
P24,0.00,0.00,0.00,0.00,5.4917e-08,3.4889e-07,1.1378e-06,5.6105e-06,1.0635e-05,1.0624e-05,8.9140e-06,5.5308e-08,3.1689e-07,8.3931e-07,5.6500e-06,9.5290e-06,1.0571e-05,9.7890e-06
P24,0.00,135.00,60.00,0.00,4.9691e-08,3.4888e-07,1.1378e-06,5.6104e-06,1.0635e-05,1.0624e-05,8.9140e-06,5.0076e-08,3.1689e-07,8.3931e-07,5.6499e-06,9.5290e-06,1.0571e-05,9.7890e-06
P25,60.00,180.00,60.00,0.00,5.6089e-08,2.6011e-07,8.5040e-07,5.2808e-06,1.0139e-05,1.0130e-05,7.5829e-06,5.6405e-08,2.3612e-07,6.2145e-07,5.3496e-06,9.1302e-06,1.0092e-05,8.7363e-06
P25,0.00,90.00,30.00,0.00,5.4541e-08,3.1595e-07,1.0213e-06,5.6151e-06,1.0888e-05,1.0877e-05,8.7822e-06,5.4875e-08,2.8729e-07,7.4410e-07,5.6528e-06,9.6750e-06,1.0820e-05,9.8304e-06
P25,30.00,90.00,30.00,0.00,5.6193e-08,3.0364e-07,9.8399e-07,5.5682e-06,1.0755e-05,1.0744e-05,8.5378e-06,5.6530e-08,2.7598e-07,7.1718e-07,5.6124e-06,9.5969e-06,1.0692e-05,9.6124e-06
P25,30.00,45.00,30.00,0.00,5.6213e-08,3.0364e-07,9.8399e-07,5.5682e-06,1.0755e-05,1.0744e-05,8.5378e-06,5.6550e-08,2.7598e-07,7.1718e-07,5.6124e-06,9.5969e-06,1.0692e-05,9.6124e-06
P25,30.00,135.00,30.00,0.00,5.6173e-08,3.0364e-07,9.8399e-07,5.5682e-06,1.0755e-05,1.0744e-05,8.5378e-06,5.6510e-08,2.7598e-07,7.1718e-07,5.6124e-06,9.5969e-06,1.0692e-05,9.6124e-06
P25,60.00,180.00,0.00,0.00,6.3677e-08,2.6012e-07,8.5040e-07,5.2809e-06,1.0139e-05,1.0130e-05,7.5829e-06,6.4010e-08,2.3612e-07,6.2145e-07,5.3498e-06,9.1302e-06,1.0092e-05,8.7363e-06
P25,0.00,90.00,0.00,0.00,5.5580e-08,3.1596e-07,1.0213e-06,5.6152e-06,1.0888e-05,1.0877e-05,8.7822e-06,5.5913e-08,2.8729e-07,7.4410e-07,5.6528e-06,9.6751e-06,1.0820e-05,9.8304e-06
P25,0.00,180.00,30.00,0.00,5.4541e-08,3.1595e-07,1.0213e-06,5.6151e-06,1.0888e-05,1.0877e-05,8.7822e-06,5.4875e-08,2.8729e-07,7.4410e-07,5.6528e-06,9.6750e-06,1.0820e-05,9.8304e-06
P25,60.00,45.00,0.00,0.00,6.3677e-08,2.6012e-07,8.5040e-07,5.2809e-06,1.0139e-05,1.0130e-05,7.5829e-06,6.4010e-08,2.3612e-07,6.2145e-07,5.3498e-06,9.1302e-06,1.0092e-05,8.7363e-06
P25,30.00,180.00,0.00,0.00,5.7305e-08,3.0364e-07,9.8399e-07,5.5682e-06,1.0755e-05,1.0744e-05,8.5378e-06,5.7641e-08,2.7598e-07,7.1718e-07,5.6125e-06,9.5969e-06,1.0692e-05,9.6124e-06
P25,60.00,45.00,60.00,0.00,5.6777e-08,2.6011e-07,8.5040e-07,5.2808e-06,1.0139e-05,1.0130e-05,7.5829e-06,5.7096e-08,2.3612e-07,6.2145e-07,5.3496e-06,9.1302e-06,1.0092e-05,8.7363e-06
P25,60.00,135.00,30.00,0.00,6.2257e-08,2.6012e-07,8.5040e-07,5.2809e-06,1.0139e-05,1.0130e-05,7.5829e-06,6.2587e-08,2.3612e-07,6.2145e-07,5.3497e-06,9.1302e-06,1.0092e-05,8.7363e-06
P25,60.00,0.00,30.00,0.00,6.2437e-08,2.6012e-07,8.5040e-07,5.2809e-06,1.0139e-05,1.0130e-05,7.5829e-06,6.2767e-08,2.3612e-07,6.2145e-07,5.3497e-06,9.1302e-06,1.0092e-05,8.7363e-06
P25,30.00,0.00,30.00,0.00,5.6221e-08,3.0364e-07,9.8399e-07,5.5682e-06,1.0755e-05,1.0744e-05,8.5378e-06,5.6558e-08,2.7598e-07,7.1718e-07,5.6124e-06,9.5969e-06,1.0692e-05,9.6124e-06
P25,30.00,0.00,60.00,0.00,5.1629e-08,3.0364e-07,9.8399e-07,5.5680e-06,1.0755e-05,1.0744e-05,8.5378e-06,5.1959e-08,2.7598e-07,7.1718e-07,5.6123e-06,9.5969e-06,1.0692e-05,9.6124e-06
P25,0.00,45.00,60.00,0.00,5.0220e-08,3.1595e-07,1.0213e-06,5.6150e-06,1.0888e-05,1.0877e-05,8.7822e-06,5.0549e-08,2.8729e-07,7.4410e-07,5.6526e-06,9.6750e-06,1.0820e-05,9.8304e-06
P25,30.00,90.00,60.00,0.00,5.1527e-08,3.0364e-07,9.8399e-07,5.5680e-06,1.0755e-05,1.0744e-05,8.5378e-06,5.1857e-08,2.7598e-07,7.1718e-07,5.6123e-06,9.5969e-06,1.0692e-05,9.6124e-06
P25,30.00,90.00,0.00,0.00,5.7305e-08,3.0364e-07,9.8399e-07,5.5682e-06,1.0755e-05,1.0744e-05,8.5378e-06,5.7641e-08,2.7598e-07,7.1718e-07,5.6125e-06,9.5969e-06,1.0692e-05,9.6124e-06
P25,60.00,135.00,60.00,0.00,5.6211e-08,2.6011e-07,8.5040e-07,5.2808e-06,1.0139e-05,1.0130e-05,7.5829e-06,5.6528e-08,2.3612e-07,6.2145e-07,5.3496e-06,9.1302e-06,1.0092e-05,8.7363e-06
P25,0.00,0.00,0.00,0.00,5.5580e-08,3.1596e-07,1.0213e-06,5.6152e-06,1.0888e-05,1.0877e-05,8.7822e-06,5.5913e-08,2.8729e-07,7.4410e-07,5.6528e-06,9.6751e-06,1.0820e-05,9.8304e-06
P25,0.00,0.00,30.00,0.00,5.4541e-08,3.1595e-07,1.0213e-06,5.6151e-06,1.0888e-05,1.0877e-05,8.7822e-06,5.4875e-08,2.8729e-07,7.4410e-07,5.6528e-06,9.6750e-06,1.0820e-05,9.8304e-06
P25,60.00,180.00,30.00,0.00,6.2226e-08,2.6012e-07,8.5040e-07,5.2809e-06,1.0139e-05,1.0130e-05,7.5829e-06,6.2556e-08,2.3612e-07,6.2145e-07,5.3497e-06,9.1302e-06,1.0092e-05,8.7363e-06
P25,60.00,0.00,60.00,0.00,5.6891e-08,2.6011e-07,8.5040e-07,5.2808e-06,1.0139e-05,1.0130e-05,7.5829e-06,5.7209e-08,2.3612e-07,6.2145e-07,5.3496e-06,9.1302e-06,1.0092e-05,8.7363e-06
P25,30.00,45.00,60.00,0.00,5.1599e-08,3.0364e-07,9.8399e-07,5.5680e-06,1.0755e-05,1.0744e-05,8.5378e-06,5.1929e-08,2.7598e-07,7.1718e-07,5.6123e-06,9.5969e-06,1.0692e-05,9.6124e-06
P25,60.00,90.00,0.00,0.00,6.3677e-08,2.6012e-07,8.5040e-07,5.2809e-06,1.0139e-05,1.0130e-05,7.5829e-06,6.4010e-08,2.3612e-07,6.2145e-07,5.3498e-06,9.1302e-06,1.0092e-05,8.7363e-06
P25,30.00,180.00,30.00,0.00,5.6165e-08,3.0364e-07,9.8399e-07,5.5682e-06,1.0755e-05,1.0744e-05,8.5378e-06,5.6502e-08,2.7598e-07,7.1718e-07,5.6124e-06,9.5969e-06,1.0692e-05,9.6124e-06
P25,0.00,90.00,60.00,0.00,5.0220e-08,3.1595e-07,1.0213e-06,5.6150e-06,1.0888e-05,1.0877e-05,8.7822e-06,5.0549e-08,2.8729e-07,7.4410e-07,5.6526e-06,9.6750e-06,1.0820e-05,9.8304e-06
P25,30.00,0.00,0.00,0.00,5.7305e-08,3.0364e-07,9.8399e-07,5.5682e-06,1.0755e-05,1.0744e-05,8.5378e-06,5.7641e-08,2.7598e-07,7.1718e-07,5.6125e-06,9.5969e-06,1.0692e-05,9.6124e-06
P25,60.00,45.00,30.00,0.00,6.2406e-08,2.6012e-07,8.5040e-07,5.2809e-06,1.0139e-05,1.0130e-05,7.5829e-06,6.2736e-08,2.3612e-07,6.2145e-07,5.3497e-06,9.1302e-06,1.0092e-05,8.7363e-06
P25,0.00,45.00,30.00,0.00,5.4541e-08,3.1595e-07,1.0213e-06,5.6151e-06,1.0888e-05,1.0877e-05,8.7822e-06,5.4875e-08,2.8729e-07,7.4410e-07,5.6528e-06,9.6750e-06,1.0820e-05,9.8304e-06
P25,30.00,45.00,0.00,0.00,5.7305e-08,3.0364e-07,9.8399e-07,5.5682e-06,1.0755e-05,1.0744e-05,8.5378e-06,5.7641e-08,2.7598e-07,7.1718e-07,5.6125e-06,9.5969e-06,1.0692e-05,9.6124e-06
P25,60.00,0.00,0.00,0.00,6.3677e-08,2.6012e-07,8.5040e-07,5.2809e-06,1.0139e-05,1.0130e-05,7.5829e-06,6.4010e-08,2.3612e-07,6.2145e-07,5.3498e-06,9.1302e-06,1.0092e-05,8.7363e-06
P25,0.00,135.00,60.00,0.00,5.0220e-08,3.1595e-07,1.0213e-06,5.6150e-06,1.0888e-05,1.0877e-05,8.7822e-06,5.0549e-08,2.8729e-07,7.4410e-07,5.6526e-06,9.6750e-06,1.0820e-05,9.8304e-06
P25,0.00,0.00,60.00,0.00,5.0220e-08,3.1595e-07,1.0213e-06,5.6150e-06,1.0888e-05,1.0877e-05,8.7822e-06,5.0549e-08,2.8729e-07,7.4410e-07,5.6526e-06,9.6750e-06,1.0820e-05,9.8304e-06
P25,30.00,135.00,0.00,0.00,5.7305e-08,3.0364e-07,9.8399e-07,5.5682e-06,1.0755e-05,1.0744e-05,8.5378e-06,5.7641e-08,2.7598e-07,7.1718e-07,5.6125e-06,9.5969e-06,1.0692e-05,9.6124e-06
P25,0.00,180.00,0.00,0.00,5.5580e-08,3.1596e-07,1.0213e-06,5.6152e-06,1.0888e-05,1.0877e-05,8.7822e-06,5.5913e-08,2.8729e-07,7.4410e-07,5.6528e-06,9.6751e-06,1.0820e-05,9.8304e-06
P25,0.00,135.00,30.00,0.00,5.4541e-08,3.1595e-07,1.0213e-06,5.6151e-06,1.0888e-05,1.0877e-05,8.7822e-06,5.4875e-08,2.8729e-07,7.4410e-07,5.6528e-06,9.6750e-06,1.0820e-05,9.8304e-06
P25,0.00,45.00,0.00,0.00,5.5580e-08,3.1596e-07,1.0213e-06,5.6152e-06,1.0888e-05,1.0877e-05,8.7822e-06,5.5913e-08,2.8729e-07,7.4410e-07,5.6528e-06,9.6751e-06,1.0820e-05,9.8304e-06
P25,30.00,135.00,60.00,0.00,5.1455e-08,3.0364e-07,9.8399e-07,5.5680e-06,1.0755e-05,1.0744e-05,8.5378e-06,5.1785e-08,2.7598e-07,7.1718e-07,5.6123e-06,9.5969e-06,1.0692e-05,9.6124e-06
P25,0.00,135.00,0.00,0.00,5.5580e-08,3.1596e-07,1.0213e-06,5.6152e-06,1.0888e-05,1.0877e-05,8.7822e-06,5.5913e-08,2.8729e-07,7.4410e-07,5.6528e-06,9.6751e-06,1.0820e-05,9.8304e-06
P25,30.00,180.00,60.00,0.00,5.1425e-08,3.0364e-07,9.8399e-07,5.5680e-06,1.0755e-05,1.0744e-05,8.5378e-06,5.1755e-08,2.7598e-07,7.1718e-07,5.6123e-06,9.5969e-06,1.0692e-05,9.6124e-06
P25,0.00,180.00,60.00,0.00,5.0220e-08,3.1595e-07,1.0213e-06,5.6150e-06,1.0888e-05,1.0877e-05,8.7822e-06,5.0549e-08,2.8729e-07,7.4410e-07,5.6526e-06,9.6750e-06,1.0820e-05,9.8304e-06
P25,60.00,135.00,0.00,0.00,6.3677e-08,2.6012e-07,8.5040e-07,5.2809e-06,1.0139e-05,1.0130e-05,7.5829e-06,6.4010e-08,2.3612e-07,6.2145e-07,5.3498e-06,9.1302e-06,1.0092e-05,8.7363e-06
P25,60.00,90.00,30.00,0.00,6.2331e-08,2.6012e-07,8.5040e-07,5.2809e-06,1.0139e-05,1.0130e-05,7.5829e-06,6.2662e-08,2.3612e-07,6.2145e-07,5.3497e-06,9.1302e-06,1.0092e-05,8.7363e-06
P25,60.00,90.00,60.00,0.00,5.6498e-08,2.6011e-07,8.5040e-07,5.2808e-06,1.0139e-05,1.0130e-05,7.5829e-06,5.6816e-08,2.3612e-07,6.2145e-07,5.3496e-06,9.1302e-06,1.0092e-05,8.7363e-06
P26,60.00,180.00,0.00,0.00,7.0605e-08,3.2043e-07,1.0060e-06,4.2564e-06,9.2262e-06,9.2147e-06,6.3032e-06,7.0146e-08,2.9356e-07,7.5855e-07,4.3379e-06,8.0010e-06,9.1647e-06,7.5021e-06
P26,60.00,135.00,60.00,0.00,6.2084e-08,3.2042e-07,1.0060e-06,4.2557e-06,9.2260e-06,9.2146e-06,6.3032e-06,6.1650e-08,2.9356e-07,7.5855e-07,4.3371e-06,8.0008e-06,9.1646e-06,7.5021e-06
P26,0.00,0.00,60.00,0.00,5.1743e-08,3.8962e-07,1.1724e-06,4.7545e-06,9.9029e-06,9.8907e-06,7.3285e-06,5.1701e-08,3.5828e-07,8.9925e-07,4.8133e-06,8.5868e-06,9.8236e-06,8.5125e-06
P26,60.00,180.00,60.00,0.00,6.1938e-08,3.2042e-07,1.0060e-06,4.2557e-06,9.2260e-06,9.2146e-06,6.3032e-06,6.1505e-08,2.9356e-07,7.5855e-07,4.3371e-06,8.0008e-06,9.1646e-06,7.5021e-06
P26,30.00,90.00,0.00,0.00,5.9501e-08,3.7443e-07,1.1390e-06,4.6664e-06,9.7819e-06,9.7699e-06,7.1115e-06,5.9387e-08,3.4395e-07,8.7029e-07,4.7304e-06,8.4882e-06,9.7070e-06,8.3075e-06
P26,60.00,0.00,0.00,0.00,7.0605e-08,3.2043e-07,1.0060e-06,4.2564e-06,9.2262e-06,9.2147e-06,6.3032e-06,7.0146e-08,2.9356e-07,7.5855e-07,4.3379e-06,8.0010e-06,9.1647e-06,7.5021e-06
P26,0.00,90.00,0.00,0.00,5.7033e-08,3.8962e-07,1.1724e-06,4.7549e-06,9.9029e-06,9.8908e-06,7.3285e-06,5.6982e-08,3.5828e-07,8.9925e-07,4.8137e-06,8.5870e-06,9.8237e-06,8.5125e-06
P26,0.00,180.00,30.00,0.00,5.6084e-08,3.8962e-07,1.1724e-06,4.7548e-06,9.9029e-06,9.8907e-06,7.3285e-06,5.6035e-08,3.5828e-07,8.9925e-07,4.8137e-06,8.5870e-06,9.8236e-06,8.5125e-06
P26,60.00,0.00,60.00,0.00,6.2889e-08,3.2042e-07,1.0060e-06,4.2558e-06,9.2260e-06,9.2146e-06,6.3032e-06,6.2454e-08,2.9356e-07,7.5855e-07,4.3372e-06,8.0008e-06,9.1646e-06,7.5021e-06
P26,0.00,135.00,30.00,0.00,5.6084e-08,3.8962e-07,1.1724e-06,4.7548e-06,9.9029e-06,9.8907e-06,7.3285e-06,5.6035e-08,3.5828e-07,8.9925e-07,4.8137e-06,8.5870e-06,9.8236e-06,8.5125e-06
P26,0.00,180.00,0.00,0.00,5.7033e-08,3.8962e-07,1.1724e-06,4.7549e-06,9.9029e-06,9.8908e-06,7.3285e-06,5.6982e-08,3.5828e-07,8.9925e-07,4.8137e-06,8.5870e-06,9.8237e-06,8.5125e-06
P26,0.00,90.00,30.00,0.00,5.6084e-08,3.8962e-07,1.1724e-06,4.7548e-06,9.9029e-06,9.8907e-06,7.3285e-06,5.6035e-08,3.5828e-07,8.9925e-07,4.8137e-06,8.5870e-06,9.8236e-06,8.5125e-06
P26,30.00,45.00,60.00,0.00,5.3729e-08,3.7443e-07,1.1390e-06,4.6659e-06,9.7818e-06,9.7698e-06,7.1115e-06,5.3626e-08,3.4395e-07,8.7029e-07,4.7299e-06,8.4880e-06,9.7068e-06,8.3075e-06
P26,60.00,45.00,60.00,0.00,6.2756e-08,3.2042e-07,1.0060e-06,4.2558e-06,9.2260e-06,9.2146e-06,6.3032e-06,6.2321e-08,2.9356e-07,7.5855e-07,4.3372e-06,8.0008e-06,9.1646e-06,7.5021e-06
P26,60.00,45.00,0.00,0.00,7.0605e-08,3.2043e-07,1.0060e-06,4.2564e-06,9.2262e-06,9.2147e-06,6.3032e-06,7.0146e-08,2.9356e-07,7.5855e-07,4.3379e-06,8.0010e-06,9.1647e-06,7.5021e-06
P26,30.00,0.00,60.00,0.00,5.3761e-08,3.7443e-07,1.1390e-06,4.6659e-06,9.7818e-06,9.7698e-06,7.1115e-06,5.3658e-08,3.4395e-07,8.7029e-07,4.7299e-06,8.4880e-06,9.7068e-06,8.3075e-06
P26,30.00,0.00,0.00,0.00,5.9501e-08,3.7443e-07,1.1390e-06,4.6664e-06,9.7819e-06,9.7699e-06,7.1115e-06,5.9387e-08,3.4395e-07,8.7029e-07,4.7304e-06,8.4882e-06,9.7070e-06,8.3075e-06
P26,0.00,45.00,30.00,0.00,5.6084e-08,3.8962e-07,1.1724e-06,4.7548e-06,9.9029e-06,9.8907e-06,7.3285e-06,5.6035e-08,3.5828e-07,8.9925e-07,4.8137e-06,8.5870e-06,9.8236e-06,8.5125e-06
P26,30.00,135.00,30.00,0.00,5.8437e-08,3.7443e-07,1.1390e-06,4.6663e-06,9.7819e-06,9.7699e-06,7.1115e-06,5.8325e-08,3.4395e-07,8.7029e-07,4.7303e-06,8.4881e-06,9.7070e-06,8.3075e-06
P26,30.00,90.00,30.00,0.00,5.8455e-08,3.7443e-07,1.1390e-06,4.6663e-06,9.7819e-06,9.7699e-06,7.1115e-06,5.8343e-08,3.4395e-07,8.7029e-07,4.7303e-06,8.4881e-06,9.7070e-06,8.3075e-06
P26,30.00,90.00,60.00,0.00,5.3652e-08,3.7443e-07,1.1390e-06,4.6659e-06,9.7818e-06,9.7698e-06,7.1115e-06,5.3549e-08,3.4395e-07,8.7029e-07,4.7299e-06,8.4880e-06,9.7068e-06,8.3075e-06
P26,0.00,135.00,60.00,0.00,5.1743e-08,3.8962e-07,1.1724e-06,4.7545e-06,9.9029e-06,9.8907e-06,7.3285e-06,5.1701e-08,3.5828e-07,8.9925e-07,4.8133e-06,8.5868e-06,9.8236e-06,8.5125e-06
P26,0.00,180.00,60.00,0.00,5.1743e-08,3.8962e-07,1.1724e-06,4.7545e-06,9.9029e-06,9.8907e-06,7.3285e-06,5.1701e-08,3.5828e-07,8.9925e-07,4.8133e-06,8.5868e-06,9.8236e-06,8.5125e-06
P26,60.00,90.00,30.00,0.00,6.9161e-08,3.2043e-07,1.0060e-06,4.2563e-06,9.2261e-06,9.2147e-06,6.3032e-06,6.8706e-08,2.9356e-07,7.5855e-07,4.3377e-06,8.0010e-06,9.1647e-06,7.5021e-06
P26,60.00,45.00,30.00,0.00,6.9242e-08,3.2043e-07,1.0060e-06,4.2563e-06,9.2261e-06,9.2147e-06,6.3032e-06,6.8786e-08,2.9356e-07,7.5855e-07,4.3378e-06,8.0010e-06,9.1647e-06,7.5021e-06
P26,30.00,180.00,30.00,0.00,5.8429e-08,3.7443e-07,1.1390e-06,4.6663e-06,9.7819e-06,9.7699e-06,7.1115e-06,5.8317e-08,3.4395e-07,8.7029e-07,4.7303e-06,8.4881e-06,9.7070e-06,8.3075e-06
P26,30.00,45.00,30.00,0.00,5.8473e-08,3.7443e-07,1.1390e-06,4.6663e-06,9.7819e-06,9.7699e-06,7.1115e-06,5.8361e-08,3.4395e-07,8.7029e-07,4.7303e-06,8.4881e-06,9.7070e-06,8.3075e-06
P26,60.00,135.00,0.00,0.00,7.0605e-08,3.2043e-07,1.0060e-06,4.2564e-06,9.2262e-06,9.2147e-06,6.3032e-06,7.0146e-08,2.9356e-07,7.5855e-07,4.3379e-06,8.0010e-06,9.1647e-06,7.5021e-06
P26,30.00,180.00,60.00,0.00,5.3543e-08,3.7443e-07,1.1390e-06,4.6659e-06,9.7818e-06,9.7698e-06,7.1115e-06,5.3440e-08,3.4395e-07,8.7029e-07,4.7299e-06,8.4880e-06,9.7068e-06,8.3075e-06
P26,60.00,180.00,30.00,0.00,6.9048e-08,3.2043e-07,1.0060e-06,4.2563e-06,9.2261e-06,9.2147e-06,6.3032e-06,6.8593e-08,2.9356e-07,7.5855e-07,4.3377e-06,8.0010e-06,9.1647e-06,7.5021e-06
P26,0.00,0.00,30.00,0.00,5.6084e-08,3.8962e-07,1.1724e-06,4.7548e-06,9.9029e-06,9.8907e-06,7.3285e-06,5.6035e-08,3.5828e-07,8.9925e-07,4.8137e-06,8.5870e-06,9.8236e-06,8.5125e-06
P26,30.00,135.00,0.00,0.00,5.9501e-08,3.7443e-07,1.1390e-06,4.6664e-06,9.7819e-06,9.7699e-06,7.1115e-06,5.9387e-08,3.4395e-07,8.7029e-07,4.7304e-06,8.4882e-06,9.7070e-06,8.3075e-06
P26,60.00,135.00,30.00,0.00,6.9081e-08,3.2043e-07,1.0060e-06,4.2563e-06,9.2261e-06,9.2147e-06,6.3032e-06,6.8626e-08,2.9356e-07,7.5855e-07,4.3377e-06,8.0010e-06,9.1647e-06,7.5021e-06
P26,0.00,45.00,0.00,0.00,5.7033e-08,3.8962e-07,1.1724e-06,4.7549e-06,9.9029e-06,9.8908e-06,7.3285e-06,5.6982e-08,3.5828e-07,8.9925e-07,4.8137e-06,8.5870e-06,9.8237e-06,8.5125e-06
P26,0.00,0.00,0.00,0.00,5.7033e-08,3.8962e-07,1.1724e-06,4.7549e-06,9.9029e-06,9.8908e-06,7.3285e-06,5.6982e-08,3.5828e-07,8.9925e-07,4.8137e-06,8.5870e-06,9.8237e-06,8.5125e-06
P26,30.00,180.00,0.00,0.00,5.9501e-08,3.7443e-07,1.1390e-06,4.6664e-06,9.7819e-06,9.7699e-06,7.1115e-06,5.9387e-08,3.4395e-07,8.7029e-07,4.7304e-06,8.4882e-06,9.7070e-06,8.3075e-06
P26,60.00,0.00,30.00,0.00,6.9275e-08,3.2043e-07,1.0060e-06,4.2563e-06,9.2261e-06,9.2147e-06,6.3032e-06,6.8819e-08,2.9356e-07,7.5855e-07,4.3378e-06,8.0010e-06,9.1647e-06,7.5021e-06
P26,0.00,90.00,60.00,0.00,5.1743e-08,3.8962e-07,1.1724e-06,4.7545e-06,9.9029e-06,9.8907e-06,7.3285e-06,5.1701e-08,3.5828e-07,8.9925e-07,4.8133e-06,8.5868e-06,9.8236e-06,8.5125e-06
P26,60.00,90.00,0.00,0.00,7.0605e-08,3.2043e-07,1.0060e-06,4.2564e-06,9.2262e-06,9.2147e-06,6.3032e-06,7.0146e-08,2.9356e-07,7.5855e-07,4.3379e-06,8.0010e-06,9.1647e-06,7.5021e-06
P26,30.00,0.00,30.00,0.00,5.8481e-08,3.7443e-07,1.1390e-06,4.6663e-06,9.7819e-06,9.7699e-06,7.1115e-06,5.8369e-08,3.4395e-07,8.7029e-07,4.7303e-06,8.4881e-06,9.7070e-06,8.3075e-06
P26,30.00,135.00,60.00,0.00,5.3575e-08,3.7443e-07,1.1390e-06,4.6659e-06,9.7818e-06,9.7698e-06,7.1115e-06,5.3472e-08,3.4395e-07,8.7029e-07,4.7299e-06,8.4880e-06,9.7068e-06,8.3075e-06
P26,0.00,135.00,0.00,0.00,5.7033e-08,3.8962e-07,1.1724e-06,4.7549e-06,9.9029e-06,9.8908e-06,7.3285e-06,5.6982e-08,3.5828e-07,8.9925e-07,4.8137e-06,8.5870e-06,9.8237e-06,8.5125e-06
P26,30.00,45.00,0.00,0.00,5.9501e-08,3.7443e-07,1.1390e-06,4.6664e-06,9.7819e-06,9.7699e-06,7.1115e-06,5.9387e-08,3.4395e-07,8.7029e-07,4.7304e-06,8.4882e-06,9.7070e-06,8.3075e-06
P26,0.00,45.00,60.00,0.00,5.1743e-08,3.8962e-07,1.1724e-06,4.7545e-06,9.9029e-06,9.8907e-06,7.3285e-06,5.1701e-08,3.5828e-07,8.9925e-07,4.8133e-06,8.5868e-06,9.8236e-06,8.5125e-06
P26,60.00,90.00,60.00,0.00,6.2426e-08,3.2042e-07,1.0060e-06,4.2557e-06,9.2260e-06,9.2146e-06,6.3032e-06,6.1992e-08,2.9356e-07,7.5855e-07,4.3371e-06,8.0008e-06,9.1646e-06,7.5021e-06
P27,30.00,45.00,0.00,0.00,5.2024e-08,3.4070e-07,1.0594e-06,4.9138e-06,1.0177e-05,1.0163e-05,6.9471e-06,5.1952e-08,3.1196e-07,8.0021e-07,4.9864e-06,8.7021e-06,1.0080e-05,8.4371e-06
P27,0.00,0.00,60.00,0.00,4.7274e-08,3.5497e-07,1.0951e-06,4.9840e-06,1.0269e-05,1.0255e-05,7.1910e-06,4.7266e-08,3.2532e-07,8.2727e-07,5.0493e-06,8.7819e-06,1.0169e-05,8.6521e-06
P27,30.00,0.00,0.00,0.00,5.2024e-08,3.4070e-07,1.0594e-06,4.9138e-06,1.0177e-05,1.0163e-05,6.9471e-06,5.1952e-08,3.1196e-07,8.0021e-07,4.9864e-06,8.7021e-06,1.0080e-05,8.4371e-06
P27,60.00,45.00,0.00,0.00,6.0612e-08,2.8846e-07,9.2793e-07,4.5706e-06,9.7049e-06,9.6918e-06,6.0254e-06,6.0246e-08,2.6320e-07,6.9882e-07,4.6712e-06,8.2811e-06,9.6246e-06,7.5564e-06
P27,60.00,90.00,60.00,0.00,5.5900e-08,2.8846e-07,9.2793e-07,4.5704e-06,9.7047e-06,9.6916e-06,6.0254e-06,5.5542e-08,2.6320e-07,6.9882e-07,4.6709e-06,8.2809e-06,9.6244e-06,7.5563e-06
P27,30.00,180.00,0.00,0.00,5.2024e-08,3.4070e-07,1.0594e-06,4.9138e-06,1.0177e-05,1.0163e-05,6.9471e-06,5.1952e-08,3.1196e-07,8.0021e-07,4.9864e-06,8.7021e-06,1.0080e-05,8.4371e-06
P27,30.00,135.00,30.00,0.00,5.1377e-08,3.4070e-07,1.0594e-06,4.9138e-06,1.0176e-05,1.0163e-05,6.9470e-06,5.1310e-08,3.1196e-07,8.0021e-07,4.9863e-06,8.7020e-06,1.0080e-05,8.4371e-06
P27,60.00,0.00,30.00,0.00,5.9802e-08,2.8846e-07,9.2793e-07,4.5706e-06,9.7049e-06,9.6917e-06,6.0254e-06,5.9440e-08,2.6320e-07,6.9882e-07,4.6711e-06,8.2811e-06,9.6245e-06,7.5564e-06
P27,60.00,135.00,30.00,0.00,5.9687e-08,2.8846e-07,9.2793e-07,4.5706e-06,9.7049e-06,9.6917e-06,6.0254e-06,5.9325e-08,2.6320e-07,6.9882e-07,4.6711e-06,8.2811e-06,9.6245e-06,7.5564e-06
P27,60.00,0.00,0.00,0.00,6.0612e-08,2.8846e-07,9.2793e-07,4.5706e-06,9.7049e-06,9.6918e-06,6.0254e-06,6.0246e-08,2.6320e-07,6.9882e-07,4.6712e-06,8.2811e-06,9.6246e-06,7.5564e-06
P27,30.00,0.00,60.00,0.00,4.8779e-08,3.4070e-07,1.0594e-06,4.9136e-06,1.0176e-05,1.0163e-05,6.9470e-06,4.8717e-08,3.1195e-07,8.0021e-07,4.9862e-06,8.7019e-06,1.0080e-05,8.4371e-06
P27,30.00,135.00,0.00,0.00,5.2024e-08,3.4070e-07,1.0594e-06,4.9138e-06,1.0177e-05,1.0163e-05,6.9471e-06,5.1952e-08,3.1196e-07,8.0021e-07,4.9864e-06,8.7021e-06,1.0080e-05,8.4371e-06
P27,0.00,135.00,60.00,0.00,4.7274e-08,3.5497e-07,1.0951e-06,4.9840e-06,1.0269e-05,1.0255e-05,7.1910e-06,4.7266e-08,3.2532e-07,8.2727e-07,5.0493e-06,8.7819e-06,1.0169e-05,8.6521e-06
P27,60.00,0.00,60.00,0.00,5.6175e-08,2.8846e-07,9.2793e-07,4.5704e-06,9.7047e-06,9.6916e-06,6.0254e-06,5.5817e-08,2.6320e-07,6.9882e-07,4.6709e-06,8.2809e-06,9.6244e-06,7.5563e-06
P27,0.00,180.00,30.00,0.00,4.9697e-08,3.5498e-07,1.0951e-06,4.9841e-06,1.0269e-05,1.0255e-05,7.1910e-06,4.9682e-08,3.2532e-07,8.2727e-07,5.0494e-06,8.7820e-06,1.0169e-05,8.6522e-06
P27,0.00,45.00,60.00,0.00,4.7274e-08,3.5497e-07,1.0951e-06,4.9840e-06,1.0269e-05,1.0255e-05,7.1910e-06,4.7266e-08,3.2532e-07,8.2727e-07,5.0493e-06,8.7819e-06,1.0169e-05,8.6521e-06
P27,60.00,45.00,60.00,0.00,5.6096e-08,2.8846e-07,9.2793e-07,4.5704e-06,9.7047e-06,9.6916e-06,6.0254e-06,5.5737e-08,2.6320e-07,6.9882e-07,4.6709e-06,8.2809e-06,9.6244e-06,7.5563e-06
P27,0.00,0.00,0.00,0.00,5.0281e-08,3.5498e-07,1.0951e-06,4.9842e-06,1.0269e-05,1.0255e-05,7.1910e-06,5.0261e-08,3.2532e-07,8.2727e-07,5.0494e-06,8.7820e-06,1.0169e-05,8.6522e-06
P27,60.00,135.00,0.00,0.00,6.0612e-08,2.8846e-07,9.2793e-07,4.5706e-06,9.7049e-06,9.6918e-06,6.0254e-06,6.0246e-08,2.6320e-07,6.9882e-07,4.6712e-06,8.2811e-06,9.6246e-06,7.5564e-06
P27,60.00,180.00,30.00,0.00,5.9668e-08,2.8846e-07,9.2793e-07,4.5706e-06,9.7049e-06,9.6917e-06,6.0254e-06,5.9306e-08,2.6320e-07,6.9882e-07,4.6711e-06,8.2811e-06,9.6245e-06,7.5564e-06
P27,60.00,135.00,60.00,0.00,5.5699e-08,2.8846e-07,9.2793e-07,4.5704e-06,9.7047e-06,9.6916e-06,6.0254e-06,5.5341e-08,2.6320e-07,6.9882e-07,4.6709e-06,8.2809e-06,9.6244e-06,7.5563e-06
P27,0.00,135.00,0.00,0.00,5.0281e-08,3.5498e-07,1.0951e-06,4.9842e-06,1.0269e-05,1.0255e-05,7.1910e-06,5.0261e-08,3.2532e-07,8.2727e-07,5.0494e-06,8.7820e-06,1.0169e-05,8.6522e-06
P27,60.00,180.00,60.00,0.00,5.5614e-08,2.8846e-07,9.2793e-07,4.5704e-06,9.7047e-06,9.6916e-06,6.0254e-06,5.5255e-08,2.6320e-07,6.9882e-07,4.6709e-06,8.2809e-06,9.6244e-06,7.5563e-06
P27,0.00,0.00,30.00,0.00,4.9697e-08,3.5498e-07,1.0951e-06,4.9841e-06,1.0269e-05,1.0255e-05,7.1910e-06,4.9682e-08,3.2532e-07,8.2727e-07,5.0494e-06,8.7820e-06,1.0169e-05,8.6522e-06
P27,30.00,90.00,60.00,0.00,4.8717e-08,3.4070e-07,1.0594e-06,4.9136e-06,1.0176e-05,1.0163e-05,6.9470e-06,4.8655e-08,3.1195e-07,8.0021e-07,4.9862e-06,8.7019e-06,1.0080e-05,8.4371e-06
P27,0.00,135.00,30.00,0.00,4.9697e-08,3.5498e-07,1.0951e-06,4.9841e-06,1.0269e-05,1.0255e-05,7.1910e-06,4.9682e-08,3.2532e-07,8.2727e-07,5.0494e-06,8.7820e-06,1.0169e-05,8.6522e-06
P27,30.00,90.00,0.00,0.00,5.2024e-08,3.4070e-07,1.0594e-06,4.9138e-06,1.0177e-05,1.0163e-05,6.9471e-06,5.1952e-08,3.1196e-07,8.0021e-07,4.9864e-06,8.7021e-06,1.0080e-05,8.4371e-06
P27,0.00,90.00,0.00,0.00,5.0281e-08,3.5498e-07,1.0951e-06,4.9842e-06,1.0269e-05,1.0255e-05,7.1910e-06,5.0261e-08,3.2532e-07,8.2727e-07,5.0494e-06,8.7820e-06,1.0169e-05,8.6522e-06
P27,0.00,90.00,60.00,0.00,4.7274e-08,3.5497e-07,1.0951e-06,4.9840e-06,1.0269e-05,1.0255e-05,7.1910e-06,4.7266e-08,3.2532e-07,8.2727e-07,5.0493e-06,8.7819e-06,1.0169e-05,8.6521e-06
P27,30.00,45.00,30.00,0.00,5.1399e-08,3.4070e-07,1.0594e-06,4.9138e-06,1.0176e-05,1.0163e-05,6.9470e-06,5.1331e-08,3.1196e-07,8.0021e-07,4.9863e-06,8.7020e-06,1.0080e-05,8.4371e-06
P27,30.00,180.00,60.00,0.00,4.8655e-08,3.4070e-07,1.0594e-06,4.9136e-06,1.0176e-05,1.0163e-05,6.9470e-06,4.8593e-08,3.1195e-07,8.0021e-07,4.9862e-06,8.7019e-06,1.0080e-05,8.4371e-06
P27,30.00,45.00,60.00,0.00,4.8761e-08,3.4070e-07,1.0594e-06,4.9136e-06,1.0176e-05,1.0163e-05,6.9470e-06,4.8699e-08,3.1195e-07,8.0021e-07,4.9862e-06,8.7019e-06,1.0080e-05,8.4371e-06
P27,60.00,90.00,30.00,0.00,5.9734e-08,2.8846e-07,9.2793e-07,4.5706e-06,9.7049e-06,9.6917e-06,6.0254e-06,5.9372e-08,2.6320e-07,6.9882e-07,4.6711e-06,8.2811e-06,9.6245e-06,7.5564e-06
P27,0.00,90.00,30.00,0.00,4.9697e-08,3.5498e-07,1.0951e-06,4.9841e-06,1.0269e-05,1.0255e-05,7.1910e-06,4.9682e-08,3.2532e-07,8.2727e-07,5.0494e-06,8.7820e-06,1.0169e-05,8.6522e-06
P27,60.00,180.00,0.00,0.00,6.0612e-08,2.8846e-07,9.2793e-07,4.5706e-06,9.7049e-06,9.6918e-06,6.0254e-06,6.0246e-08,2.6320e-07,6.9882e-07,4.6712e-06,8.2811e-06,9.6246e-06,7.5564e-06
P27,0.00,180.00,0.00,0.00,5.0281e-08,3.5498e-07,1.0951e-06,4.9842e-06,1.0269e-05,1.0255e-05,7.1910e-06,5.0261e-08,3.2532e-07,8.2727e-07,5.0494e-06,8.7820e-06,1.0169e-05,8.6522e-06
P27,0.00,45.00,30.00,0.00,4.9697e-08,3.5498e-07,1.0951e-06,4.9841e-06,1.0269e-05,1.0255e-05,7.1910e-06,4.9682e-08,3.2532e-07,8.2727e-07,5.0494e-06,8.7820e-06,1.0169e-05,8.6522e-06
P27,30.00,180.00,30.00,0.00,5.1373e-08,3.4070e-07,1.0594e-06,4.9138e-06,1.0176e-05,1.0163e-05,6.9470e-06,5.1305e-08,3.1196e-07,8.0021e-07,4.9863e-06,8.7020e-06,1.0080e-05,8.4371e-06
P27,60.00,45.00,30.00,0.00,5.9782e-08,2.8846e-07,9.2793e-07,4.5706e-06,9.7049e-06,9.6917e-06,6.0254e-06,5.9420e-08,2.6320e-07,6.9882e-07,4.6711e-06,8.2811e-06,9.6245e-06,7.5564e-06
P27,30.00,0.00,30.00,0.00,5.1404e-08,3.4070e-07,1.0594e-06,4.9138e-06,1.0176e-05,1.0163e-05,6.9470e-06,5.1336e-08,3.1196e-07,8.0021e-07,4.9863e-06,8.7020e-06,1.0080e-05,8.4371e-06
P27,0.00,45.00,0.00,0.00,5.0281e-08,3.5498e-07,1.0951e-06,4.9842e-06,1.0269e-05,1.0255e-05,7.1910e-06,5.0261e-08,3.2532e-07,8.2727e-07,5.0494e-06,8.7820e-06,1.0169e-05,8.6522e-06
P27,60.00,90.00,0.00,0.00,6.0612e-08,2.8846e-07,9.2793e-07,4.5706e-06,9.7049e-06,9.6918e-06,6.0254e-06,6.0246e-08,2.6320e-07,6.9882e-07,4.6712e-06,8.2811e-06,9.6246e-06,7.5564e-06
P27,30.00,90.00,30.00,0.00,5.1388e-08,3.4070e-07,1.0594e-06,4.9138e-06,1.0176e-05,1.0163e-05,6.9470e-06,5.1320e-08,3.1196e-07,8.0021e-07,4.9863e-06,8.7020e-06,1.0080e-05,8.4371e-06
P27,30.00,135.00,60.00,0.00,4.8673e-08,3.4070e-07,1.0594e-06,4.9136e-06,1.0176e-05,1.0163e-05,6.9470e-06,4.8611e-08,3.1195e-07,8.0021e-07,4.9862e-06,8.7019e-06,1.0080e-05,8.4371e-06
P27,0.00,180.00,60.00,0.00,4.7274e-08,3.5497e-07,1.0951e-06,4.9840e-06,1.0269e-05,1.0255e-05,7.1910e-06,4.7266e-08,3.2532e-07,8.2727e-07,5.0493e-06,8.7819e-06,1.0169e-05,8.6521e-06
P28,30.00,0.00,0.00,0.00,6.1459e-08,3.5576e-07,1.0906e-06,4.7626e-06,9.9206e-06,9.9082e-06,7.1634e-06,6.1276e-08,3.2638e-07,8.2616e-07,4.8264e-06,8.5793e-06,9.8393e-06,8.4283e-06
P28,60.00,45.00,30.00,0.00,6.9696e-08,3.0356e-07,9.5960e-07,4.3990e-06,9.4434e-06,9.4315e-06,6.2967e-06,6.9282e-08,2.7758e-07,7.2257e-07,4.4849e-06,8.1573e-06,9.3757e-06,7.6122e-06
P28,0.00,0.00,0.00,0.00,5.9174e-08,3.7008e-07,1.1251e-06,4.8410e-06,1.0025e-05,1.0013e-05,7.3907e-06,5.9034e-08,3.3983e-07,8.5377e-07,4.8989e-06,8.6660e-06,9.9399e-06,8.6323e-06
P28,60.00,180.00,60.00,0.00,6.0812e-08,3.0355e-07,9.5960e-07,4.3985e-06,9.4433e-06,9.4313e-06,6.2967e-06,6.0474e-08,2.7758e-07,7.2257e-07,4.4844e-06,8.1570e-06,9.3756e-06,7.6121e-06
P28,60.00,135.00,30.00,0.00,6.9512e-08,3.0356e-07,9.5960e-07,4.3990e-06,9.4434e-06,9.4315e-06,6.2967e-06,6.9100e-08,2.7758e-07,7.2257e-07,4.4849e-06,8.1573e-06,9.3757e-06,7.6122e-06
P28,60.00,45.00,60.00,0.00,6.1615e-08,3.0355e-07,9.5960e-07,4.3986e-06,9.4433e-06,9.4314e-06,6.2967e-06,6.1271e-08,2.7758e-07,7.2257e-07,4.4844e-06,8.1571e-06,9.3756e-06,7.6121e-06
P28,30.00,45.00,30.00,0.00,5.9699e-08,3.5575e-07,1.0906e-06,4.7625e-06,9.9205e-06,9.9081e-06,7.1634e-06,5.9547e-08,3.2638e-07,8.2616e-07,4.8263e-06,8.5792e-06,9.8393e-06,8.4283e-06
P28,60.00,0.00,30.00,0.00,6.9735e-08,3.0356e-07,9.5960e-07,4.3990e-06,9.4434e-06,9.4315e-06,6.2967e-06,6.9320e-08,2.7758e-07,7.2257e-07,4.4849e-06,8.1573e-06,9.3757e-06,7.6122e-06
P28,30.00,135.00,60.00,0.00,5.3159e-08,3.5575e-07,1.0906e-06,4.7621e-06,9.9205e-06,9.9080e-06,7.1634e-06,5.3088e-08,3.2638e-07,8.2616e-07,4.8259e-06,8.5791e-06,9.8392e-06,8.4283e-06
P28,0.00,180.00,30.00,0.00,5.7490e-08,3.7008e-07,1.1251e-06,4.8410e-06,1.0025e-05,1.0013e-05,7.3907e-06,5.7382e-08,3.3983e-07,8.5377e-07,4.8988e-06,8.6659e-06,9.9398e-06,8.6323e-06
P28,0.00,45.00,0.00,0.00,5.9174e-08,3.7008e-07,1.1251e-06,4.8410e-06,1.0025e-05,1.0013e-05,7.3907e-06,5.9034e-08,3.3983e-07,8.5377e-07,4.8989e-06,8.6660e-06,9.9399e-06,8.6323e-06
P28,60.00,135.00,0.00,0.00,7.1814e-08,3.0356e-07,9.5960e-07,4.3992e-06,9.4435e-06,9.4315e-06,6.2967e-06,7.1375e-08,2.7758e-07,7.2257e-07,4.4851e-06,8.1573e-06,9.3758e-06,7.6122e-06
P28,0.00,135.00,60.00,0.00,5.1505e-08,3.7008e-07,1.1251e-06,4.8406e-06,1.0025e-05,1.0012e-05,7.3907e-06,5.1481e-08,3.3983e-07,8.5377e-07,4.8985e-06,8.6658e-06,9.9398e-06,8.6323e-06
P28,30.00,90.00,30.00,0.00,5.9673e-08,3.5575e-07,1.0906e-06,4.7625e-06,9.9205e-06,9.9081e-06,7.1634e-06,5.9521e-08,3.2638e-07,8.2616e-07,4.8263e-06,8.5792e-06,9.8393e-06,8.4283e-06
P28,60.00,135.00,60.00,0.00,6.0954e-08,3.0355e-07,9.5960e-07,4.3985e-06,9.4433e-06,9.4314e-06,6.2967e-06,6.0615e-08,2.7758e-07,7.2257e-07,4.4844e-06,8.1570e-06,9.3756e-06,7.6121e-06
P28,0.00,180.00,0.00,0.00,5.9174e-08,3.7008e-07,1.1251e-06,4.8410e-06,1.0025e-05,1.0013e-05,7.3907e-06,5.9034e-08,3.3983e-07,8.5377e-07,4.8989e-06,8.6660e-06,9.9399e-06,8.6323e-06
P28,30.00,0.00,60.00,0.00,5.3360e-08,3.5575e-07,1.0906e-06,4.7622e-06,9.9205e-06,9.9080e-06,7.1634e-06,5.3286e-08,3.2638e-07,8.2616e-07,4.8259e-06,8.5791e-06,9.8392e-06,8.4283e-06
P28,60.00,90.00,60.00,0.00,6.1290e-08,3.0355e-07,9.5960e-07,4.3985e-06,9.4433e-06,9.4314e-06,6.2967e-06,6.0948e-08,2.7758e-07,7.2257e-07,4.4844e-06,8.1570e-06,9.3756e-06,7.6121e-06
P28,0.00,135.00,30.00,0.00,5.7490e-08,3.7008e-07,1.1251e-06,4.8410e-06,1.0025e-05,1.0013e-05,7.3907e-06,5.7382e-08,3.3983e-07,8.5377e-07,4.8988e-06,8.6659e-06,9.9398e-06,8.6323e-06
P28,60.00,0.00,0.00,0.00,7.1814e-08,3.0356e-07,9.5960e-07,4.3992e-06,9.4435e-06,9.4315e-06,6.2967e-06,7.1375e-08,2.7758e-07,7.2257e-07,4.4851e-06,8.1573e-06,9.3758e-06,7.6122e-06
P28,60.00,0.00,60.00,0.00,6.1747e-08,3.0355e-07,9.5960e-07,4.3986e-06,9.4433e-06,9.4314e-06,6.2967e-06,6.1402e-08,2.7758e-07,7.2257e-07,4.4844e-06,8.1571e-06,9.3756e-06,7.6121e-06
P28,30.00,45.00,0.00,0.00,6.1459e-08,3.5576e-07,1.0906e-06,4.7626e-06,9.9206e-06,9.9082e-06,7.1634e-06,6.1276e-08,3.2638e-07,8.2616e-07,4.8264e-06,8.5793e-06,9.8393e-06,8.4283e-06
P28,60.00,180.00,0.00,0.00,7.1814e-08,3.0356e-07,9.5960e-07,4.3992e-06,9.4435e-06,9.4315e-06,6.2967e-06,7.1375e-08,2.7758e-07,7.2257e-07,4.4851e-06,8.1573e-06,9.3758e-06,7.6122e-06
P28,30.00,135.00,0.00,0.00,6.1459e-08,3.5576e-07,1.0906e-06,4.7626e-06,9.9206e-06,9.9082e-06,7.1634e-06,6.1276e-08,3.2638e-07,8.2616e-07,4.8264e-06,8.5793e-06,9.8393e-06,8.4283e-06
P28,0.00,0.00,60.00,0.00,5.1505e-08,3.7008e-07,1.1251e-06,4.8406e-06,1.0025e-05,1.0012e-05,7.3907e-06,5.1481e-08,3.3983e-07,8.5377e-07,4.8985e-06,8.6658e-06,9.9398e-06,8.6323e-06
P28,30.00,45.00,60.00,0.00,5.3325e-08,3.5575e-07,1.0906e-06,4.7621e-06,9.9205e-06,9.9080e-06,7.1634e-06,5.3252e-08,3.2638e-07,8.2616e-07,4.8259e-06,8.5791e-06,9.8392e-06,8.4283e-06
P28,0.00,90.00,0.00,0.00,5.9174e-08,3.7008e-07,1.1251e-06,4.8410e-06,1.0025e-05,1.0013e-05,7.3907e-06,5.9034e-08,3.3983e-07,8.5377e-07,4.8989e-06,8.6660e-06,9.9399e-06,8.6323e-06
P28,30.00,180.00,30.00,0.00,5.9636e-08,3.5575e-07,1.0906e-06,4.7625e-06,9.9205e-06,9.9081e-06,7.1634e-06,5.9485e-08,3.2638e-07,8.2616e-07,4.8263e-06,8.5792e-06,9.8393e-06,8.4283e-06
P28,0.00,180.00,60.00,0.00,5.1505e-08,3.7008e-07,1.1251e-06,4.8406e-06,1.0025e-05,1.0012e-05,7.3907e-06,5.1481e-08,3.3983e-07,8.5377e-07,4.8985e-06,8.6658e-06,9.9398e-06,8.6323e-06
P28,60.00,180.00,30.00,0.00,6.9473e-08,3.0356e-07,9.5960e-07,4.3990e-06,9.4434e-06,9.4315e-06,6.2967e-06,6.9063e-08,2.7758e-07,7.2257e-07,4.4849e-06,8.1573e-06,9.3757e-06,7.6122e-06
P28,30.00,90.00,60.00,0.00,5.3242e-08,3.5575e-07,1.0906e-06,4.7621e-06,9.9205e-06,9.9080e-06,7.1634e-06,5.3170e-08,3.2638e-07,8.2616e-07,4.8259e-06,8.5791e-06,9.8392e-06,8.4283e-06
P28,30.00,90.00,0.00,0.00,6.1459e-08,3.5576e-07,1.0906e-06,4.7626e-06,9.9206e-06,9.9082e-06,7.1634e-06,6.1276e-08,3.2638e-07,8.2616e-07,4.8264e-06,8.5793e-06,9.8393e-06,8.4283e-06
P28,0.00,0.00,30.00,0.00,5.7490e-08,3.7008e-07,1.1251e-06,4.8410e-06,1.0025e-05,1.0013e-05,7.3907e-06,5.7382e-08,3.3983e-07,8.5377e-07,4.8988e-06,8.6659e-06,9.9398e-06,8.6323e-06
P28,0.00,45.00,30.00,0.00,5.7490e-08,3.7008e-07,1.1251e-06,4.8410e-06,1.0025e-05,1.0013e-05,7.3907e-06,5.7382e-08,3.3983e-07,8.5377e-07,4.8988e-06,8.6659e-06,9.9398e-06,8.6323e-06
P28,60.00,90.00,30.00,0.00,6.9604e-08,3.0356e-07,9.5960e-07,4.3990e-06,9.4434e-06,9.4315e-06,6.2967e-06,6.9191e-08,2.7758e-07,7.2257e-07,4.4849e-06,8.1573e-06,9.3757e-06,7.6122e-06
P28,30.00,135.00,30.00,0.00,5.9647e-08,3.5575e-07,1.0906e-06,4.7625e-06,9.9205e-06,9.9081e-06,7.1634e-06,5.9496e-08,3.2638e-07,8.2616e-07,4.8263e-06,8.5792e-06,9.8393e-06,8.4283e-06
P28,30.00,180.00,0.00,0.00,6.1459e-08,3.5576e-07,1.0906e-06,4.7626e-06,9.9206e-06,9.9082e-06,7.1634e-06,6.1276e-08,3.2638e-07,8.2616e-07,4.8264e-06,8.5793e-06,9.8393e-06,8.4283e-06
P28,0.00,90.00,60.00,0.00,5.1505e-08,3.7008e-07,1.1251e-06,4.8406e-06,1.0025e-05,1.0012e-05,7.3907e-06,5.1481e-08,3.3983e-07,8.5377e-07,4.8985e-06,8.6658e-06,9.9398e-06,8.6323e-06
P28,60.00,45.00,0.00,0.00,7.1814e-08,3.0356e-07,9.5960e-07,4.3992e-06,9.4435e-06,9.4315e-06,6.2967e-06,7.1375e-08,2.7758e-07,7.2257e-07,4.4851e-06,8.1573e-06,9.3758e-06,7.6122e-06
P28,30.00,180.00,60.00,0.00,5.3125e-08,3.5575e-07,1.0906e-06,4.7621e-06,9.9205e-06,9.9080e-06,7.1634e-06,5.3054e-08,3.2638e-07,8.2616e-07,4.8259e-06,8.5791e-06,9.8392e-06,8.4283e-06
P28,0.00,45.00,60.00,0.00,5.1505e-08,3.7008e-07,1.1251e-06,4.8406e-06,1.0025e-05,1.0012e-05,7.3907e-06,5.1481e-08,3.3983e-07,8.5377e-07,4.8985e-06,8.6658e-06,9.9398e-06,8.6323e-06
P28,60.00,90.00,0.00,0.00,7.1814e-08,3.0356e-07,9.5960e-07,4.3992e-06,9.4435e-06,9.4315e-06,6.2967e-06,7.1375e-08,2.7758e-07,7.2257e-07,4.4851e-06,8.1573e-06,9.3758e-06,7.6122e-06
P28,30.00,0.00,30.00,0.00,5.9710e-08,3.5575e-07,1.0906e-06,4.7625e-06,9.9205e-06,9.9081e-06,7.1634e-06,5.9557e-08,3.2638e-07,8.2616e-07,4.8263e-06,8.5792e-06,9.8393e-06,8.4283e-06
P28,0.00,135.00,0.00,0.00,5.9174e-08,3.7008e-07,1.1251e-06,4.8410e-06,1.0025e-05,1.0013e-05,7.3907e-06,5.9034e-08,3.3983e-07,8.5377e-07,4.8989e-06,8.6660e-06,9.9399e-06,8.6323e-06
P28,0.00,90.00,30.00,0.00,5.7490e-08,3.7008e-07,1.1251e-06,4.8410e-06,1.0025e-05,1.0013e-05,7.3907e-06,5.7382e-08,3.3983e-07,8.5377e-07,4.8988e-06,8.6659e-06,9.9398e-06,8.6323e-06
P29,60.00,90.00,30.00,0.00,6.0626e-08,2.1834e-07,7.6645e-07,4.4885e-06,9.3995e-06,9.3884e-06,6.5665e-06,6.0662e-08,1.9661e-07,5.5308e-07,4.5605e-06,8.2125e-06,9.3385e-06,7.8162e-06
P29,0.00,0.00,60.00,0.00,4.7549e-08,2.7294e-07,9.2296e-07,4.8781e-06,9.9693e-06,9.9574e-06,7.6704e-06,4.7779e-08,2.4696e-07,6.7014e-07,4.9237e-06,8.6744e-06,9.8888e-06,8.8143e-06
P29,0.00,180.00,60.00,0.00,4.7549e-08,2.7294e-07,9.2296e-07,4.8781e-06,9.9693e-06,9.9574e-06,7.6704e-06,4.7779e-08,2.4696e-07,6.7014e-07,4.9237e-06,8.6744e-06,9.8888e-06,8.8143e-06
P29,30.00,0.00,0.00,0.00,5.4000e-08,2.6101e-07,8.8941e-07,4.8083e-06,9.8658e-06,9.8540e-06,7.4448e-06,5.4198e-08,2.3591e-07,6.4495e-07,4.8594e-06,8.5939e-06,9.7894e-06,8.6168e-06
P29,0.00,90.00,30.00,0.00,5.1321e-08,2.7294e-07,9.2296e-07,4.8784e-06,9.9694e-06,9.9574e-06,7.6704e-06,5.1547e-08,2.4696e-07,6.7014e-07,4.9240e-06,8.6745e-06,9.8888e-06,8.8143e-06
P29,60.00,0.00,0.00,0.00,6.1889e-08,2.1835e-07,7.6645e-07,4.4886e-06,9.3995e-06,9.3885e-06,6.5665e-06,6.1924e-08,1.9661e-07,5.5308e-07,4.5606e-06,8.2126e-06,9.3385e-06,7.8162e-06
P29,0.00,0.00,30.00,0.00,5.1321e-08,2.7294e-07,9.2296e-07,4.8784e-06,9.9694e-06,9.9574e-06,7.6704e-06,5.1547e-08,2.4696e-07,6.7014e-07,4.9240e-06,8.6745e-06,9.8888e-06,8.8143e-06
P29,60.00,0.00,30.00,0.00,6.0724e-08,2.1834e-07,7.6645e-07,4.4885e-06,9.3995e-06,9.3884e-06,6.5665e-06,6.0759e-08,1.9661e-07,5.5308e-07,4.5605e-06,8.2126e-06,9.3385e-06,7.8162e-06
P29,30.00,180.00,0.00,0.00,5.4000e-08,2.6101e-07,8.8941e-07,4.8083e-06,9.8658e-06,9.8540e-06,7.4448e-06,5.4198e-08,2.3591e-07,6.4495e-07,4.8594e-06,8.5939e-06,9.7894e-06,8.6168e-06
P29,0.00,45.00,30.00,0.00,5.1321e-08,2.7294e-07,9.2296e-07,4.8784e-06,9.9694e-06,9.9574e-06,7.6704e-06,5.1547e-08,2.4696e-07,6.7014e-07,4.9240e-06,8.6745e-06,9.8888e-06,8.8143e-06
P29,60.00,180.00,30.00,0.00,6.0529e-08,2.1834e-07,7.6645e-07,4.4885e-06,9.3995e-06,9.3884e-06,6.5665e-06,6.0564e-08,1.9661e-07,5.5308e-07,4.5605e-06,8.2125e-06,9.3385e-06,7.8162e-06
P29,0.00,45.00,60.00,0.00,4.7549e-08,2.7294e-07,9.2296e-07,4.8781e-06,9.9693e-06,9.9574e-06,7.6704e-06,4.7779e-08,2.4696e-07,6.7014e-07,4.9237e-06,8.6744e-06,9.8888e-06,8.8143e-06
P29,0.00,180.00,30.00,0.00,5.1321e-08,2.7294e-07,9.2296e-07,4.8784e-06,9.9694e-06,9.9574e-06,7.6704e-06,5.1547e-08,2.4696e-07,6.7014e-07,4.9240e-06,8.6745e-06,9.8888e-06,8.8143e-06
P29,60.00,45.00,0.00,0.00,6.1889e-08,2.1835e-07,7.6645e-07,4.4886e-06,9.3995e-06,9.3885e-06,6.5665e-06,6.1924e-08,1.9661e-07,5.5308e-07,4.5606e-06,8.2126e-06,9.3385e-06,7.8162e-06
P29,30.00,45.00,30.00,0.00,5.3054e-08,2.6101e-07,8.8941e-07,4.8082e-06,9.8658e-06,9.8540e-06,7.4448e-06,5.3254e-08,2.3591e-07,6.4495e-07,4.8593e-06,8.5938e-06,9.7894e-06,8.6168e-06
P29,60.00,180.00,60.00,0.00,5.4639e-08,2.1834e-07,7.6645e-07,4.4881e-06,9.3994e-06,9.3883e-06,6.5665e-06,5.4672e-08,1.9661e-07,5.5308e-07,4.5600e-06,8.2123e-06,9.3384e-06,7.8161e-06
P29,60.00,135.00,30.00,0.00,6.0557e-08,2.1834e-07,7.6645e-07,4.4885e-06,9.3995e-06,9.3884e-06,6.5665e-06,6.0593e-08,1.9661e-07,5.5308e-07,4.5605e-06,8.2125e-06,9.3385e-06,7.8162e-06
P29,30.00,90.00,0.00,0.00,5.4000e-08,2.6101e-07,8.8941e-07,4.8083e-06,9.8658e-06,9.8540e-06,7.4448e-06,5.4198e-08,2.3591e-07,6.4495e-07,4.8594e-06,8.5939e-06,9.7894e-06,8.6168e-06
P29,30.00,135.00,60.00,0.00,4.8844e-08,2.6100e-07,8.8941e-07,4.8079e-06,9.8657e-06,9.8539e-06,7.4448e-06,4.9046e-08,2.3591e-07,6.4495e-07,4.8590e-06,8.5937e-06,9.7893e-06,8.6168e-06
P29,0.00,135.00,0.00,0.00,5.2210e-08,2.7294e-07,9.2296e-07,4.8784e-06,9.9694e-06,9.9574e-06,7.6704e-06,5.2433e-08,2.4696e-07,6.7014e-07,4.9241e-06,8.6745e-06,9.8889e-06,8.8143e-06
P29,30.00,45.00,0.00,0.00,5.4000e-08,2.6101e-07,8.8941e-07,4.8083e-06,9.8658e-06,9.8540e-06,7.4448e-06,5.4198e-08,2.3591e-07,6.4495e-07,4.8594e-06,8.5939e-06,9.7894e-06,8.6168e-06
P29,30.00,135.00,0.00,0.00,5.4000e-08,2.6101e-07,8.8941e-07,4.8083e-06,9.8658e-06,9.8540e-06,7.4448e-06,5.4198e-08,2.3591e-07,6.4495e-07,4.8594e-06,8.5939e-06,9.7894e-06,8.6168e-06
P29,0.00,135.00,30.00,0.00,5.1321e-08,2.7294e-07,9.2296e-07,4.8784e-06,9.9694e-06,9.9574e-06,7.6704e-06,5.1547e-08,2.4696e-07,6.7014e-07,4.9240e-06,8.6745e-06,9.8888e-06,8.8143e-06
P29,60.00,0.00,60.00,0.00,5.5428e-08,2.1834e-07,7.6645e-07,4.4882e-06,9.3994e-06,9.3884e-06,6.5665e-06,5.5462e-08,1.9661e-07,5.5308e-07,4.5601e-06,8.2124e-06,9.3384e-06,7.8161e-06
P29,0.00,90.00,0.00,0.00,5.2210e-08,2.7294e-07,9.2296e-07,4.8784e-06,9.9694e-06,9.9574e-06,7.6704e-06,5.2433e-08,2.4696e-07,6.7014e-07,4.9241e-06,8.6745e-06,9.8889e-06,8.8143e-06
P29,0.00,90.00,60.00,0.00,4.7549e-08,2.7294e-07,9.2296e-07,4.8781e-06,9.9693e-06,9.9574e-06,7.6704e-06,4.7779e-08,2.4696e-07,6.7014e-07,4.9237e-06,8.6744e-06,9.8888e-06,8.8143e-06
P29,30.00,135.00,30.00,0.00,5.3020e-08,2.6101e-07,8.8941e-07,4.8082e-06,9.8658e-06,9.8540e-06,7.4448e-06,5.3221e-08,2.3591e-07,6.4495e-07,4.8593e-06,8.5938e-06,9.7894e-06,8.6168e-06
P29,30.00,90.00,30.00,0.00,5.3037e-08,2.6101e-07,8.8941e-07,4.8082e-06,9.8658e-06,9.8540e-06,7.4448e-06,5.3238e-08,2.3591e-07,6.4495e-07,4.8593e-06,8.5938e-06,9.7894e-06,8.6168e-06
P29,60.00,45.00,60.00,0.00,5.5317e-08,2.1834e-07,7.6645e-07,4.4882e-06,9.3994e-06,9.3884e-06,6.5665e-06,5.5350e-08,1.9661e-07,5.5308e-07,4.5601e-06,8.2124e-06,9.3384e-06,7.8161e-06
P29,60.00,135.00,0.00,0.00,6.1889e-08,2.1835e-07,7.6645e-07,4.4886e-06,9.3995e-06,9.3885e-06,6.5665e-06,6.1924e-08,1.9661e-07,5.5308e-07,4.5606e-06,8.2126e-06,9.3385e-06,7.8162e-06
P29,0.00,0.00,0.00,0.00,5.2210e-08,2.7294e-07,9.2296e-07,4.8784e-06,9.9694e-06,9.9574e-06,7.6704e-06,5.2433e-08,2.4696e-07,6.7014e-07,4.9241e-06,8.6745e-06,9.8889e-06,8.8143e-06
P29,0.00,180.00,0.00,0.00,5.2210e-08,2.7294e-07,9.2296e-07,4.8784e-06,9.9694e-06,9.9574e-06,7.6704e-06,5.2433e-08,2.4696e-07,6.7014e-07,4.9241e-06,8.6745e-06,9.8889e-06,8.8143e-06
P29,30.00,180.00,60.00,0.00,4.8816e-08,2.6100e-07,8.8941e-07,4.8079e-06,9.8657e-06,9.8539e-06,7.4448e-06,4.9019e-08,2.3591e-07,6.4495e-07,4.8590e-06,8.5937e-06,9.7893e-06,8.6168e-06
P29,60.00,135.00,60.00,0.00,5.4759e-08,2.1834e-07,7.6645e-07,4.4881e-06,9.3994e-06,9.3884e-06,6.5665e-06,5.4793e-08,1.9661e-07,5.5308e-07,4.5600e-06,8.2123e-06,9.3384e-06,7.8161e-06
P29,30.00,45.00,60.00,0.00,4.8975e-08,2.6100e-07,8.8941e-07,4.8079e-06,9.8657e-06,9.8539e-06,7.4448e-06,4.9177e-08,2.3591e-07,6.4495e-07,4.8590e-06,8.5937e-06,9.7893e-06,8.6168e-06
P29,60.00,45.00,30.00,0.00,6.0695e-08,2.1834e-07,7.6645e-07,4.4885e-06,9.3995e-06,9.3884e-06,6.5665e-06,6.0731e-08,1.9661e-07,5.5308e-07,4.5605e-06,8.2126e-06,9.3385e-06,7.8162e-06
P29,60.00,90.00,0.00,0.00,6.1889e-08,2.1835e-07,7.6645e-07,4.4886e-06,9.3995e-06,9.3885e-06,6.5665e-06,6.1924e-08,1.9661e-07,5.5308e-07,4.5606e-06,8.2126e-06,9.3385e-06,7.8162e-06
P29,30.00,180.00,30.00,0.00,5.3013e-08,2.6101e-07,8.8941e-07,4.8082e-06,9.8658e-06,9.8540e-06,7.4448e-06,5.3214e-08,2.3591e-07,6.4495e-07,4.8593e-06,8.5938e-06,9.7894e-06,8.6168e-06
P29,30.00,90.00,60.00,0.00,4.8909e-08,2.6100e-07,8.8941e-07,4.8079e-06,9.8657e-06,9.8539e-06,7.4448e-06,4.9112e-08,2.3591e-07,6.4495e-07,4.8590e-06,8.5937e-06,9.7893e-06,8.6168e-06
P29,60.00,180.00,0.00,0.00,6.1889e-08,2.1835e-07,7.6645e-07,4.4886e-06,9.3995e-06,9.3885e-06,6.5665e-06,6.1924e-08,1.9661e-07,5.5308e-07,4.5606e-06,8.2126e-06,9.3385e-06,7.8162e-06
P29,30.00,0.00,60.00,0.00,4.9002e-08,2.6100e-07,8.8941e-07,4.8079e-06,9.8657e-06,9.8539e-06,7.4448e-06,4.9205e-08,2.3591e-07,6.4495e-07,4.8590e-06,8.5937e-06,9.7893e-06,8.6168e-06
P29,60.00,90.00,60.00,0.00,5.5043e-08,2.1834e-07,7.6645e-07,4.4881e-06,9.3994e-06,9.3884e-06,6.5665e-06,5.5076e-08,1.9661e-07,5.5308e-07,4.5601e-06,8.2124e-06,9.3384e-06,7.8161e-06
P29,0.00,45.00,0.00,0.00,5.2210e-08,2.7294e-07,9.2296e-07,4.8784e-06,9.9694e-06,9.9574e-06,7.6704e-06,5.2433e-08,2.4696e-07,6.7014e-07,4.9241e-06,8.6745e-06,9.8889e-06,8.8143e-06
P29,30.00,0.00,30.00,0.00,5.3061e-08,2.6101e-07,8.8941e-07,4.8082e-06,9.8658e-06,9.8540e-06,7.4448e-06,5.3261e-08,2.3591e-07,6.4495e-07,4.8593e-06,8.5938e-06,9.7894e-06,8.6168e-06
P29,0.00,135.00,60.00,0.00,4.7549e-08,2.7294e-07,9.2296e-07,4.8781e-06,9.9693e-06,9.9574e-06,7.6704e-06,4.7779e-08,2.4696e-07,6.7014e-07,4.9237e-06,8.6744e-06,9.8888e-06,8.8143e-06
P30,0.00,90.00,30.00,0.00,5.0436e-08,3.7432e-07,1.1105e-06,4.9385e-06,1.0254e-05,1.0240e-05,7.4533e-06,5.0365e-08,3.4442e-07,8.4708e-07,4.9930e-06,8.7431e-06,1.0152e-05,8.7725e-06
P30,30.00,90.00,0.00,0.00,5.2951e-08,3.6057e-07,1.0774e-06,4.8611e-06,1.0157e-05,1.0143e-05,7.2304e-06,5.2816e-08,3.3152e-07,8.2179e-07,4.9220e-06,8.6569e-06,1.0059e-05,8.5711e-06
P30,60.00,0.00,60.00,0.00,5.6572e-08,3.0919e-07,9.5538e-07,4.4825e-06,9.6615e-06,9.6480e-06,6.3817e-06,5.6188e-08,2.8331e-07,7.2678e-07,4.5664e-06,8.2006e-06,9.5773e-06,7.7472e-06
P30,60.00,0.00,30.00,0.00,6.0703e-08,3.0919e-07,9.5539e-07,4.4827e-06,9.6616e-06,9.6481e-06,6.3817e-06,6.0292e-08,2.8331e-07,7.2678e-07,4.5667e-06,8.2008e-06,9.5774e-06,7.7472e-06
P30,30.00,45.00,0.00,0.00,5.2951e-08,3.6057e-07,1.0774e-06,4.8611e-06,1.0157e-05,1.0143e-05,7.2304e-06,5.2816e-08,3.3152e-07,8.2179e-07,4.9220e-06,8.6569e-06,1.0059e-05,8.5711e-06
P30,60.00,180.00,30.00,0.00,6.0555e-08,3.0919e-07,9.5539e-07,4.4827e-06,9.6616e-06,9.6481e-06,6.3817e-06,6.0145e-08,2.8331e-07,7.2678e-07,4.5667e-06,8.2008e-06,9.5774e-06,7.7472e-06
P30,60.00,135.00,60.00,0.00,5.6080e-08,3.0919e-07,9.5538e-07,4.4824e-06,9.6615e-06,9.6480e-06,6.3817e-06,5.5697e-08,2.8331e-07,7.2678e-07,4.5664e-06,8.2006e-06,9.5773e-06,7.7472e-06
P30,0.00,45.00,60.00,0.00,4.7583e-08,3.7431e-07,1.1105e-06,4.9384e-06,1.0254e-05,1.0240e-05,7.4533e-06,4.7544e-08,3.4442e-07,8.4708e-07,4.9929e-06,8.7430e-06,1.0152e-05,8.7724e-06
P30,30.00,180.00,30.00,0.00,5.2128e-08,3.6057e-07,1.0774e-06,4.8611e-06,1.0157e-05,1.0143e-05,7.2304e-06,5.2007e-08,3.3152e-07,8.2179e-07,4.9219e-06,8.6569e-06,1.0059e-05,8.5711e-06
P30,0.00,180.00,0.00,0.00,5.1183e-08,3.7432e-07,1.1105e-06,4.9386e-06,1.0254e-05,1.0240e-05,7.4533e-06,5.1099e-08,3.4442e-07,8.4708e-07,4.9931e-06,8.7432e-06,1.0152e-05,8.7725e-06
P30,0.00,0.00,0.00,0.00,5.1183e-08,3.7432e-07,1.1105e-06,4.9386e-06,1.0254e-05,1.0240e-05,7.4533e-06,5.1099e-08,3.4442e-07,8.4708e-07,4.9931e-06,8.7432e-06,1.0152e-05,8.7725e-06
P30,60.00,135.00,0.00,0.00,6.1698e-08,3.0920e-07,9.5539e-07,4.4827e-06,9.6617e-06,9.6481e-06,6.3817e-06,6.1276e-08,2.8331e-07,7.2678e-07,4.5667e-06,8.2009e-06,9.5774e-06,7.7472e-06
P30,0.00,90.00,60.00,0.00,4.7583e-08,3.7431e-07,1.1105e-06,4.9384e-06,1.0254e-05,1.0240e-05,7.4533e-06,4.7544e-08,3.4442e-07,8.4708e-07,4.9929e-06,8.7430e-06,1.0152e-05,8.7724e-06
P30,0.00,180.00,60.00,0.00,4.7583e-08,3.7431e-07,1.1105e-06,4.9384e-06,1.0254e-05,1.0240e-05,7.4533e-06,4.7544e-08,3.4442e-07,8.4708e-07,4.9929e-06,8.7430e-06,1.0152e-05,8.7724e-06
P30,0.00,90.00,0.00,0.00,5.1183e-08,3.7432e-07,1.1105e-06,4.9386e-06,1.0254e-05,1.0240e-05,7.4533e-06,5.1099e-08,3.4442e-07,8.4708e-07,4.9931e-06,8.7432e-06,1.0152e-05,8.7725e-06
P30,30.00,180.00,0.00,0.00,5.2951e-08,3.6057e-07,1.0774e-06,4.8611e-06,1.0157e-05,1.0143e-05,7.2304e-06,5.2816e-08,3.3152e-07,8.2179e-07,4.9220e-06,8.6569e-06,1.0059e-05,8.5711e-06
P30,0.00,45.00,30.00,0.00,5.0436e-08,3.7432e-07,1.1105e-06,4.9385e-06,1.0254e-05,1.0240e-05,7.4533e-06,5.0365e-08,3.4442e-07,8.4708e-07,4.9930e-06,8.7431e-06,1.0152e-05,8.7725e-06
P30,60.00,90.00,60.00,0.00,5.6288e-08,3.0919e-07,9.5538e-07,4.4824e-06,9.6615e-06,9.6480e-06,6.3817e-06,5.5904e-08,2.8331e-07,7.2678e-07,4.5664e-06,8.2006e-06,9.5773e-06,7.7472e-06
P30,30.00,45.00,60.00,0.00,4.9081e-08,3.6056e-07,1.0774e-06,4.8610e-06,1.0157e-05,1.0143e-05,7.2304e-06,4.8989e-08,3.3152e-07,8.2179e-07,4.9218e-06,8.6568e-06,1.0059e-05,8.5710e-06
P30,0.00,135.00,0.00,0.00,5.1183e-08,3.7432e-07,1.1105e-06,4.9386e-06,1.0254e-05,1.0240e-05,7.4533e-06,5.1099e-08,3.4442e-07,8.4708e-07,4.9931e-06,8.7432e-06,1.0152e-05,8.7725e-06
P30,30.00,0.00,0.00,0.00,5.2951e-08,3.6057e-07,1.0774e-06,4.8611e-06,1.0157e-05,1.0143e-05,7.2304e-06,5.2816e-08,3.3152e-07,8.2179e-07,4.9220e-06,8.6569e-06,1.0059e-05,8.5711e-06
P30,0.00,135.00,30.00,0.00,5.0436e-08,3.7432e-07,1.1105e-06,4.9385e-06,1.0254e-05,1.0240e-05,7.4533e-06,5.0365e-08,3.4442e-07,8.4708e-07,4.9930e-06,8.7431e-06,1.0152e-05,8.7725e-06
P30,0.00,45.00,0.00,0.00,5.1183e-08,3.7432e-07,1.1105e-06,4.9386e-06,1.0254e-05,1.0240e-05,7.4533e-06,5.1099e-08,3.4442e-07,8.4708e-07,4.9931e-06,8.7432e-06,1.0152e-05,8.7725e-06
P30,60.00,45.00,60.00,0.00,5.6490e-08,3.0919e-07,9.5538e-07,4.4825e-06,9.6615e-06,9.6480e-06,6.3817e-06,5.6106e-08,2.8331e-07,7.2678e-07,4.5664e-06,8.2006e-06,9.5773e-06,7.7472e-06
P30,30.00,0.00,30.00,0.00,5.2165e-08,3.6057e-07,1.0774e-06,4.8611e-06,1.0157e-05,1.0143e-05,7.2304e-06,5.2043e-08,3.3152e-07,8.2179e-07,4.9219e-06,8.6569e-06,1.0059e-05,8.5711e-06
P30,30.00,135.00,30.00,0.00,5.2134e-08,3.6057e-07,1.0774e-06,4.8611e-06,1.0157e-05,1.0143e-05,7.2304e-06,5.2012e-08,3.3152e-07,8.2179e-07,4.9219e-06,8.6569e-06,1.0059e-05,8.5711e-06
P30,60.00,180.00,60.00,0.00,5.5991e-08,3.0919e-07,9.5538e-07,4.4824e-06,9.6615e-06,9.6480e-06,6.3817e-06,5.5609e-08,2.8331e-07,7.2678e-07,4.5664e-06,8.2006e-06,9.5773e-06,7.7472e-06
P30,60.00,45.00,30.00,0.00,6.0681e-08,3.0919e-07,9.5539e-07,4.4827e-06,9.6616e-06,9.6481e-06,6.3817e-06,6.0270e-08,2.8331e-07,7.2678e-07,4.5667e-06,8.2008e-06,9.5774e-06,7.7472e-06
P30,60.00,45.00,0.00,0.00,6.1698e-08,3.0920e-07,9.5539e-07,4.4827e-06,9.6617e-06,9.6481e-06,6.3817e-06,6.1276e-08,2.8331e-07,7.2678e-07,4.5667e-06,8.2009e-06,9.5774e-06,7.7472e-06
P30,30.00,180.00,60.00,0.00,4.8968e-08,3.6056e-07,1.0774e-06,4.8609e-06,1.0157e-05,1.0143e-05,7.2304e-06,4.8876e-08,3.3152e-07,8.2179e-07,4.9218e-06,8.6568e-06,1.0059e-05,8.5710e-06
P30,30.00,90.00,60.00,0.00,4.9034e-08,3.6056e-07,1.0774e-06,4.8609e-06,1.0157e-05,1.0143e-05,7.2304e-06,4.8942e-08,3.3152e-07,8.2179e-07,4.9218e-06,8.6568e-06,1.0059e-05,8.5710e-06
P30,60.00,90.00,30.00,0.00,6.0628e-08,3.0919e-07,9.5539e-07,4.4827e-06,9.6616e-06,9.6481e-06,6.3817e-06,6.0218e-08,2.8331e-07,7.2678e-07,4.5667e-06,8.2008e-06,9.5774e-06,7.7472e-06
P30,0.00,135.00,60.00,0.00,4.7583e-08,3.7431e-07,1.1105e-06,4.9384e-06,1.0254e-05,1.0240e-05,7.4533e-06,4.7544e-08,3.4442e-07,8.4708e-07,4.9929e-06,8.7430e-06,1.0152e-05,8.7724e-06
P30,60.00,90.00,0.00,0.00,6.1698e-08,3.0920e-07,9.5539e-07,4.4827e-06,9.6617e-06,9.6481e-06,6.3817e-06,6.1276e-08,2.8331e-07,7.2678e-07,4.5667e-06,8.2009e-06,9.5774e-06,7.7472e-06
P30,30.00,135.00,60.00,0.00,4.8987e-08,3.6056e-07,1.0774e-06,4.8609e-06,1.0157e-05,1.0143e-05,7.2304e-06,4.8895e-08,3.3152e-07,8.2179e-07,4.9218e-06,8.6568e-06,1.0059e-05,8.5710e-06
P30,60.00,0.00,0.00,0.00,6.1698e-08,3.0920e-07,9.5539e-07,4.4827e-06,9.6617e-06,9.6481e-06,6.3817e-06,6.1276e-08,2.8331e-07,7.2678e-07,4.5667e-06,8.2009e-06,9.5774e-06,7.7472e-06
P30,30.00,135.00,0.00,0.00,5.2951e-08,3.6057e-07,1.0774e-06,4.8611e-06,1.0157e-05,1.0143e-05,7.2304e-06,5.2816e-08,3.3152e-07,8.2179e-07,4.9220e-06,8.6569e-06,1.0059e-05,8.5711e-06
P30,0.00,0.00,30.00,0.00,5.0436e-08,3.7432e-07,1.1105e-06,4.9385e-06,1.0254e-05,1.0240e-05,7.4533e-06,5.0365e-08,3.4442e-07,8.4708e-07,4.9930e-06,8.7431e-06,1.0152e-05,8.7725e-06
P30,30.00,0.00,60.00,0.00,4.9101e-08,3.6056e-07,1.0774e-06,4.8610e-06,1.0157e-05,1.0143e-05,7.2304e-06,4.9008e-08,3.3152e-07,8.2179e-07,4.9218e-06,8.6568e-06,1.0059e-05,8.5710e-06
P30,30.00,45.00,30.00,0.00,5.2160e-08,3.6057e-07,1.0774e-06,4.8611e-06,1.0157e-05,1.0143e-05,7.2304e-06,5.2037e-08,3.3152e-07,8.2179e-07,4.9219e-06,8.6569e-06,1.0059e-05,8.5711e-06
P30,0.00,180.00,30.00,0.00,5.0436e-08,3.7432e-07,1.1105e-06,4.9385e-06,1.0254e-05,1.0240e-05,7.4533e-06,5.0365e-08,3.4442e-07,8.4708e-07,4.9930e-06,8.7431e-06,1.0152e-05,8.7725e-06
P30,0.00,0.00,60.00,0.00,4.7583e-08,3.7431e-07,1.1105e-06,4.9384e-06,1.0254e-05,1.0240e-05,7.4533e-06,4.7544e-08,3.4442e-07,8.4708e-07,4.9929e-06,8.7430e-06,1.0152e-05,8.7724e-06
P30,30.00,90.00,30.00,0.00,5.2146e-08,3.6057e-07,1.0774e-06,4.8611e-06,1.0157e-05,1.0143e-05,7.2304e-06,5.2025e-08,3.3152e-07,8.2179e-07,4.9219e-06,8.6569e-06,1.0059e-05,8.5711e-06
P30,60.00,180.00,0.00,0.00,6.1698e-08,3.0920e-07,9.5539e-07,4.4827e-06,9.6617e-06,9.6481e-06,6.3817e-06,6.1276e-08,2.8331e-07,7.2678e-07,4.5667e-06,8.2009e-06,9.5774e-06,7.7472e-06
P30,60.00,135.00,30.00,0.00,6.0576e-08,3.0919e-07,9.5539e-07,4.4827e-06,9.6616e-06,9.6481e-06,6.3817e-06,6.0166e-08,2.8331e-07,7.2678e-07,4.5667e-06,8.2008e-06,9.5774e-06,7.7472e-06
P31,0.00,45.00,30.00,0.00,5.8412e-08,4.9776e-07,1.4071e-06,4.8331e-06,1.0045e-05,1.0033e-05,7.4344e-06,5.8245e-08,4.6110e-07,1.1184e-06,4.8907e-06,8.6661e-06,9.9566e-06,8.6663e-06
P31,30.00,135.00,0.00,0.00,6.2396e-08,4.7599e-07,1.3760e-06,4.7513e-06,9.9387e-06,9.9261e-06,7.2102e-06,6.2146e-08,4.3987e-07,1.0892e-06,4.8144e-06,8.5768e-06,9.8538e-06,8.4637e-06
P31,60.00,45.00,60.00,0.00,6.4586e-08,3.8922e-07,1.2458e-06,4.3685e-06,9.4434e-06,9.4313e-06,6.3549e-06,6.4071e-08,3.5559e-07,9.6588e-07,4.4507e-06,8.1337e-06,9.3712e-06,7.6528e-06
P31,0.00,0.00,30.00,0.00,5.8412e-08,4.9776e-07,1.4071e-06,4.8331e-06,1.0045e-05,1.0033e-05,7.4344e-06,5.8245e-08,4.6110e-07,1.1184e-06,4.8907e-06,8.6661e-06,9.9566e-06,8.6663e-06
P31,0.00,180.00,60.00,0.00,5.2984e-08,4.9776e-07,1.4071e-06,4.8327e-06,1.0045e-05,1.0033e-05,7.4344e-06,5.2875e-08,4.6110e-07,1.1184e-06,4.8903e-06,8.6659e-06,9.9565e-06,8.6663e-06
P31,60.00,45.00,30.00,0.00,7.2283e-08,3.8923e-07,1.2458e-06,4.3690e-06,9.4435e-06,9.4314e-06,6.3549e-06,7.1708e-08,3.5559e-07,9.6588e-07,4.4512e-06,8.1339e-06,9.3713e-06,7.6529e-06
P31,60.00,0.00,30.00,0.00,7.2320e-08,3.8923e-07,1.2458e-06,4.3690e-06,9.4435e-06,9.4314e-06,6.3549e-06,7.1745e-08,3.5559e-07,9.6588e-07,4.4512e-06,8.1339e-06,9.3713e-06,7.6529e-06
P31,0.00,135.00,60.00,0.00,5.2984e-08,4.9776e-07,1.4071e-06,4.8327e-06,1.0045e-05,1.0033e-05,7.4344e-06,5.2875e-08,4.6110e-07,1.1184e-06,4.8903e-06,8.6659e-06,9.9565e-06,8.6663e-06
P31,60.00,45.00,0.00,0.00,7.4150e-08,3.8923e-07,1.2458e-06,4.3691e-06,9.4435e-06,9.4314e-06,6.3549e-06,7.3556e-08,3.5559e-07,9.6588e-07,4.4514e-06,8.1339e-06,9.3713e-06,7.6529e-06
P31,0.00,90.00,30.00,0.00,5.8412e-08,4.9776e-07,1.4071e-06,4.8331e-06,1.0045e-05,1.0033e-05,7.4344e-06,5.8245e-08,4.6110e-07,1.1184e-06,4.8907e-06,8.6661e-06,9.9566e-06,8.6663e-06
P31,0.00,90.00,0.00,0.00,5.9815e-08,4.9777e-07,1.4071e-06,4.8332e-06,1.0045e-05,1.0033e-05,7.4344e-06,5.9626e-08,4.6110e-07,1.1184e-06,4.8908e-06,8.6661e-06,9.9566e-06,8.6663e-06
P31,60.00,90.00,0.00,0.00,7.4150e-08,3.8923e-07,1.2458e-06,4.3691e-06,9.4435e-06,9.4314e-06,6.3549e-06,7.3556e-08,3.5559e-07,9.6588e-07,4.4514e-06,8.1339e-06,9.3713e-06,7.6529e-06
P31,30.00,90.00,0.00,0.00,6.2396e-08,4.7599e-07,1.3760e-06,4.7513e-06,9.9387e-06,9.9261e-06,7.2102e-06,6.2146e-08,4.3987e-07,1.0892e-06,4.8144e-06,8.5768e-06,9.8538e-06,8.4637e-06
P31,0.00,180.00,30.00,0.00,5.8412e-08,4.9776e-07,1.4071e-06,4.8331e-06,1.0045e-05,1.0033e-05,7.4344e-06,5.8245e-08,4.6110e-07,1.1184e-06,4.8907e-06,8.6661e-06,9.9566e-06,8.6663e-06
P31,60.00,90.00,30.00,0.00,7.2195e-08,3.8923e-07,1.2458e-06,4.3690e-06,9.4435e-06,9.4314e-06,6.3549e-06,7.1621e-08,3.5559e-07,9.6588e-07,4.4512e-06,8.1339e-06,9.3713e-06,7.6529e-06
P31,0.00,135.00,30.00,0.00,5.8412e-08,4.9776e-07,1.4071e-06,4.8331e-06,1.0045e-05,1.0033e-05,7.4344e-06,5.8245e-08,4.6110e-07,1.1184e-06,4.8907e-06,8.6661e-06,9.9566e-06,8.6663e-06
P31,30.00,45.00,60.00,0.00,5.5060e-08,4.7599e-07,1.3760e-06,4.7509e-06,9.9386e-06,9.9260e-06,7.2102e-06,5.4888e-08,4.3987e-07,1.0892e-06,4.8139e-06,8.5766e-06,9.8537e-06,8.4636e-06
P31,30.00,180.00,60.00,0.00,5.4861e-08,4.7599e-07,1.3760e-06,4.7509e-06,9.9386e-06,9.9260e-06,7.2102e-06,5.4691e-08,4.3987e-07,1.0892e-06,4.8139e-06,8.5766e-06,9.8537e-06,8.4636e-06
P31,60.00,180.00,60.00,0.00,6.3754e-08,3.8922e-07,1.2458e-06,4.3684e-06,9.4434e-06,9.4312e-06,6.3549e-06,6.3244e-08,3.5559e-07,9.6588e-07,4.4506e-06,8.1336e-06,9.3711e-06,7.6528e-06
P31,30.00,0.00,0.00,0.00,6.2396e-08,4.7599e-07,1.3760e-06,4.7513e-06,9.9387e-06,9.9261e-06,7.2102e-06,6.2146e-08,4.3987e-07,1.0892e-06,4.8144e-06,8.5768e-06,9.8538e-06,8.4637e-06
P31,60.00,135.00,60.00,0.00,6.3902e-08,3.8922e-07,1.2458e-06,4.3684e-06,9.4434e-06,9.4312e-06,6.3549e-06,6.3391e-08,3.5559e-07,9.6588e-07,4.4506e-06,8.1336e-06,9.3711e-06,7.6528e-06
P31,60.00,135.00,0.00,0.00,7.4150e-08,3.8923e-07,1.2458e-06,4.3691e-06,9.4435e-06,9.4314e-06,6.3549e-06,7.3556e-08,3.5559e-07,9.6588e-07,4.4514e-06,8.1339e-06,9.3713e-06,7.6529e-06
P31,0.00,0.00,60.00,0.00,5.2984e-08,4.9776e-07,1.4071e-06,4.8327e-06,1.0045e-05,1.0033e-05,7.4344e-06,5.2875e-08,4.6110e-07,1.1184e-06,4.8903e-06,8.6659e-06,9.9565e-06,8.6663e-06
P31,30.00,45.00,0.00,0.00,6.2396e-08,4.7599e-07,1.3760e-06,4.7513e-06,9.9387e-06,9.9261e-06,7.2102e-06,6.2146e-08,4.3987e-07,1.0892e-06,4.8144e-06,8.5768e-06,9.8538e-06,8.4637e-06
P31,30.00,135.00,30.00,0.00,6.0864e-08,4.7599e-07,1.3760e-06,4.7513e-06,9.9387e-06,9.9261e-06,7.2102e-06,6.0635e-08,4.3987e-07,1.0892e-06,4.8143e-06,8.5768e-06,9.8538e-06,8.4637e-06
P31,30.00,90.00,60.00,0.00,5.4978e-08,4.7599e-07,1.3760e-06,4.7509e-06,9.9386e-06,9.9260e-06,7.2102e-06,5.4806e-08,4.3987e-07,1.0892e-06,4.8139e-06,8.5766e-06,9.8537e-06,8.4636e-06
P31,60.00,180.00,0.00,0.00,7.4150e-08,3.8923e-07,1.2458e-06,4.3691e-06,9.4435e-06,9.4314e-06,6.3549e-06,7.3556e-08,3.5559e-07,9.6588e-07,4.4514e-06,8.1339e-06,9.3713e-06,7.6529e-06
P31,30.00,0.00,30.00,0.00,6.0919e-08,4.7599e-07,1.3760e-06,4.7513e-06,9.9387e-06,9.9261e-06,7.2102e-06,6.0689e-08,4.3987e-07,1.0892e-06,4.8143e-06,8.5768e-06,9.8538e-06,8.4637e-06
P31,0.00,135.00,0.00,0.00,5.9815e-08,4.9777e-07,1.4071e-06,4.8332e-06,1.0045e-05,1.0033e-05,7.4344e-06,5.9626e-08,4.6110e-07,1.1184e-06,4.8908e-06,8.6661e-06,9.9566e-06,8.6663e-06
P31,0.00,180.00,0.00,0.00,5.9815e-08,4.9777e-07,1.4071e-06,4.8332e-06,1.0045e-05,1.0033e-05,7.4344e-06,5.9626e-08,4.6110e-07,1.1184e-06,4.8908e-06,8.6661e-06,9.9566e-06,8.6663e-06
P31,60.00,135.00,30.00,0.00,7.2106e-08,3.8923e-07,1.2458e-06,4.3690e-06,9.4435e-06,9.4314e-06,6.3549e-06,7.1533e-08,3.5559e-07,9.6588e-07,4.4512e-06,8.1339e-06,9.3713e-06,7.6529e-06
P31,60.00,0.00,60.00,0.00,6.4722e-08,3.8922e-07,1.2458e-06,4.3685e-06,9.4434e-06,9.4313e-06,6.3549e-06,6.4207e-08,3.5559e-07,9.6588e-07,4.4507e-06,8.1337e-06,9.3712e-06,7.6529e-06
P31,30.00,180.00,30.00,0.00,6.0854e-08,4.7599e-07,1.3760e-06,4.7513e-06,9.9387e-06,9.9261e-06,7.2102e-06,6.0626e-08,4.3987e-07,1.0892e-06,4.8143e-06,8.5768e-06,9.8538e-06,8.4637e-06
P31,0.00,45.00,0.00,0.00,5.9815e-08,4.9777e-07,1.4071e-06,4.8332e-06,1.0045e-05,1.0033e-05,7.4344e-06,5.9626e-08,4.6110e-07,1.1184e-06,4.8908e-06,8.6661e-06,9.9566e-06,8.6663e-06
P31,30.00,0.00,60.00,0.00,5.5094e-08,4.7599e-07,1.3760e-06,4.7509e-06,9.9386e-06,9.9260e-06,7.2102e-06,5.4921e-08,4.3987e-07,1.0892e-06,4.8139e-06,8.5766e-06,9.8537e-06,8.4636e-06
P31,60.00,90.00,60.00,0.00,6.4250e-08,3.8922e-07,1.2458e-06,4.3684e-06,9.4434e-06,9.4312e-06,6.3549e-06,6.3737e-08,3.5559e-07,9.6588e-07,4.4507e-06,8.1337e-06,9.3712e-06,7.6528e-06
P31,30.00,90.00,30.00,0.00,6.0887e-08,4.7599e-07,1.3760e-06,4.7513e-06,9.9387e-06,9.9261e-06,7.2102e-06,6.0657e-08,4.3987e-07,1.0892e-06,4.8143e-06,8.5768e-06,9.8538e-06,8.4637e-06
P31,60.00,0.00,0.00,0.00,7.4150e-08,3.8923e-07,1.2458e-06,4.3691e-06,9.4435e-06,9.4314e-06,6.3549e-06,7.3556e-08,3.5559e-07,9.6588e-07,4.4514e-06,8.1339e-06,9.3713e-06,7.6529e-06
P31,30.00,45.00,30.00,0.00,6.0910e-08,4.7599e-07,1.3760e-06,4.7513e-06,9.9387e-06,9.9261e-06,7.2102e-06,6.0680e-08,4.3987e-07,1.0892e-06,4.8143e-06,8.5768e-06,9.8538e-06,8.4637e-06
P31,0.00,90.00,60.00,0.00,5.2984e-08,4.9776e-07,1.4071e-06,4.8327e-06,1.0045e-05,1.0033e-05,7.4344e-06,5.2875e-08,4.6110e-07,1.1184e-06,4.8903e-06,8.6659e-06,9.9565e-06,8.6663e-06
P31,0.00,0.00,0.00,0.00,5.9815e-08,4.9777e-07,1.4071e-06,4.8332e-06,1.0045e-05,1.0033e-05,7.4344e-06,5.9626e-08,4.6110e-07,1.1184e-06,4.8908e-06,8.6661e-06,9.9566e-06,8.6663e-06
P31,60.00,180.00,30.00,0.00,7.2069e-08,3.8923e-07,1.2458e-06,4.3689e-06,9.4435e-06,9.4314e-06,6.3549e-06,7.1497e-08,3.5559e-07,9.6588e-07,4.4512e-06,8.1339e-06,9.3713e-06,7.6529e-06
P31,30.00,180.00,0.00,0.00,6.2396e-08,4.7599e-07,1.3760e-06,4.7513e-06,9.9387e-06,9.9261e-06,7.2102e-06,6.2146e-08,4.3987e-07,1.0892e-06,4.8144e-06,8.5768e-06,9.8538e-06,8.4637e-06
P31,30.00,135.00,60.00,0.00,5.4896e-08,4.7599e-07,1.3760e-06,4.7509e-06,9.9386e-06,9.9260e-06,7.2102e-06,5.4725e-08,4.3987e-07,1.0892e-06,4.8139e-06,8.5766e-06,9.8537e-06,8.4636e-06
P31,0.00,45.00,60.00,0.00,5.2984e-08,4.9776e-07,1.4071e-06,4.8327e-06,1.0045e-05,1.0033e-05,7.4344e-06,5.2875e-08,4.6110e-07,1.1184e-06,4.8903e-06,8.6659e-06,9.9565e-06,8.6663e-06
P32,60.00,180.00,30.00,0.00,7.4956e-08,2.9081e-07,1.0776e-06,4.4795e-06,9.6001e-06,9.5874e-06,6.4879e-06,7.4255e-08,2.6081e-07,7.7359e-07,4.5437e-06,8.2171e-06,9.5171e-06,7.9006e-06
P32,0.00,0.00,0.00,0.00,6.2214e-08,3.8693e-07,1.3094e-06,4.9176e-06,1.0159e-05,1.0146e-05,7.6291e-06,6.1907e-08,3.5095e-07,9.6903e-07,4.9568e-06,8.7231e-06,1.0062e-05,8.9030e-06
P32,30.00,135.00,30.00,0.00,6.3019e-08,3.6591e-07,1.2629e-06,4.8412e-06,1.0062e-05,1.0049e-05,7.3982e-06,6.2684e-08,3.3110e-07,9.2824e-07,4.8857e-06,8.6393e-06,9.9680e-06,8.7062e-06
P32,0.00,90.00,60.00,0.00,5.4182e-08,3.8693e-07,1.3094e-06,4.9172e-06,1.0159e-05,1.0146e-05,7.6290e-06,5.4007e-08,3.5095e-07,9.6903e-07,4.9564e-06,8.7229e-06,1.0062e-05,8.9029e-06
P32,0.00,90.00,0.00,0.00,6.2214e-08,3.8693e-07,1.3094e-06,4.9176e-06,1.0159e-05,1.0146e-05,7.6291e-06,6.1907e-08,3.5095e-07,9.6903e-07,4.9568e-06,8.7231e-06,1.0062e-05,8.9030e-06
P32,60.00,45.00,0.00,0.00,7.7455e-08,2.9081e-07,1.0776e-06,4.4797e-06,9.6002e-06,9.5874e-06,6.4879e-06,7.6718e-08,2.6081e-07,7.7359e-07,4.5438e-06,8.2171e-06,9.5171e-06,7.9006e-06
P32,60.00,90.00,30.00,0.00,7.5092e-08,2.9081e-07,1.0776e-06,4.4795e-06,9.6001e-06,9.5874e-06,6.4879e-06,7.4388e-08,2.6081e-07,7.7359e-07,4.5437e-06,8.2171e-06,9.5171e-06,7.9006e-06
P32,0.00,0.00,60.00,0.00,5.4182e-08,3.8693e-07,1.3094e-06,4.9172e-06,1.0159e-05,1.0146e-05,7.6290e-06,5.4007e-08,3.5095e-07,9.6903e-07,4.9564e-06,8.7229e-06,1.0062e-05,8.9029e-06
P32,60.00,0.00,0.00,0.00,7.7455e-08,2.9081e-07,1.0776e-06,4.4797e-06,9.6002e-06,9.5874e-06,6.4879e-06,7.6718e-08,2.6081e-07,7.7359e-07,4.5438e-06,8.2171e-06,9.5171e-06,7.9006e-06
P32,0.00,180.00,60.00,0.00,5.4182e-08,3.8693e-07,1.3094e-06,4.9172e-06,1.0159e-05,1.0146e-05,7.6290e-06,5.4007e-08,3.5095e-07,9.6903e-07,4.9564e-06,8.7229e-06,1.0062e-05,8.9029e-06
P32,60.00,0.00,30.00,0.00,7.5227e-08,2.9081e-07,1.0776e-06,4.4796e-06,9.6001e-06,9.5874e-06,6.4879e-06,7.4522e-08,2.6081e-07,7.7359e-07,4.5437e-06,8.2171e-06,9.5171e-06,7.9006e-06
P32,60.00,0.00,60.00,0.00,6.6668e-08,2.9081e-07,1.0776e-06,4.4790e-06,9.6000e-06,9.5873e-06,6.4879e-06,6.6060e-08,2.6081e-07,7.7359e-07,4.5431e-06,8.2169e-06,9.5170e-06,7.9005e-06
P32,30.00,180.00,60.00,0.00,5.6157e-08,3.6590e-07,1.2629e-06,4.8409e-06,1.0062e-05,1.0049e-05,7.3982e-06,5.5918e-08,3.3110e-07,9.2824e-07,4.8853e-06,8.6392e-06,9.9679e-06,8.7061e-06
P32,30.00,135.00,0.00,0.00,6.4919e-08,3.6591e-07,1.2629e-06,4.8413e-06,1.0062e-05,1.0049e-05,7.3982e-06,6.4548e-08,3.3110e-07,9.2824e-07,4.8858e-06,8.6394e-06,9.9680e-06,8.7062e-06
P32,30.00,135.00,60.00,0.00,5.6193e-08,3.6590e-07,1.2629e-06,4.8409e-06,1.0062e-05,1.0049e-05,7.3982e-06,5.5953e-08,3.3110e-07,9.2824e-07,4.8853e-06,8.6392e-06,9.9679e-06,8.7061e-06
P32,0.00,90.00,30.00,0.00,6.0455e-08,3.8693e-07,1.3094e-06,4.9175e-06,1.0159e-05,1.0146e-05,7.6291e-06,6.0184e-08,3.5095e-07,9.6903e-07,4.9568e-06,8.7231e-06,1.0062e-05,8.9030e-06
P32,60.00,135.00,0.00,0.00,7.7455e-08,2.9081e-07,1.0776e-06,4.4797e-06,9.6002e-06,9.5874e-06,6.4879e-06,7.6718e-08,2.6081e-07,7.7359e-07,4.5438e-06,8.2171e-06,9.5171e-06,7.9006e-06
P32,30.00,180.00,30.00,0.00,6.3008e-08,3.6591e-07,1.2629e-06,4.8412e-06,1.0062e-05,1.0049e-05,7.3982e-06,6.2673e-08,3.3110e-07,9.2824e-07,4.8857e-06,8.6393e-06,9.9680e-06,8.7062e-06
P32,30.00,45.00,30.00,0.00,6.3072e-08,3.6591e-07,1.2629e-06,4.8412e-06,1.0062e-05,1.0049e-05,7.3982e-06,6.2736e-08,3.3110e-07,9.2824e-07,4.8857e-06,8.6394e-06,9.9680e-06,8.7062e-06
P32,60.00,135.00,60.00,0.00,6.5837e-08,2.9081e-07,1.0776e-06,4.4790e-06,9.6000e-06,9.5872e-06,6.4879e-06,6.5235e-08,2.6081e-07,7.7359e-07,4.5431e-06,8.2168e-06,9.5170e-06,7.9005e-06
P32,0.00,135.00,0.00,0.00,6.2214e-08,3.8693e-07,1.3094e-06,4.9176e-06,1.0159e-05,1.0146e-05,7.6291e-06,6.1907e-08,3.5095e-07,9.6903e-07,4.9568e-06,8.7231e-06,1.0062e-05,8.9030e-06
P32,0.00,0.00,30.00,0.00,6.0455e-08,3.8693e-07,1.3094e-06,4.9175e-06,1.0159e-05,1.0146e-05,7.6291e-06,6.0184e-08,3.5095e-07,9.6903e-07,4.9568e-06,8.7231e-06,1.0062e-05,8.9030e-06
P32,30.00,0.00,60.00,0.00,5.6401e-08,3.6590e-07,1.2629e-06,4.8409e-06,1.0062e-05,1.0049e-05,7.3982e-06,5.6158e-08,3.3110e-07,9.2824e-07,4.8853e-06,8.6392e-06,9.9679e-06,8.7061e-06
P32,30.00,90.00,0.00,0.00,6.4919e-08,3.6591e-07,1.2629e-06,4.8413e-06,1.0062e-05,1.0049e-05,7.3982e-06,6.4548e-08,3.3110e-07,9.2824e-07,4.8858e-06,8.6394e-06,9.9680e-06,8.7062e-06
P32,60.00,45.00,60.00,0.00,6.6530e-08,2.9081e-07,1.0776e-06,4.4790e-06,9.6000e-06,9.5872e-06,6.4879e-06,6.5923e-08,2.6081e-07,7.7359e-07,4.5431e-06,8.2169e-06,9.5170e-06,7.9005e-06
P32,0.00,135.00,30.00,0.00,6.0455e-08,3.8693e-07,1.3094e-06,4.9175e-06,1.0159e-05,1.0146e-05,7.6291e-06,6.0184e-08,3.5095e-07,9.6903e-07,4.9568e-06,8.7231e-06,1.0062e-05,8.9030e-06
P32,0.00,45.00,60.00,0.00,5.4182e-08,3.8693e-07,1.3094e-06,4.9172e-06,1.0159e-05,1.0146e-05,7.6290e-06,5.4007e-08,3.5095e-07,9.6903e-07,4.9564e-06,8.7229e-06,1.0062e-05,8.9029e-06
P32,0.00,135.00,60.00,0.00,5.4182e-08,3.8693e-07,1.3094e-06,4.9172e-06,1.0159e-05,1.0146e-05,7.6290e-06,5.4007e-08,3.5095e-07,9.6903e-07,4.9564e-06,8.7229e-06,1.0062e-05,8.9029e-06
P32,30.00,0.00,0.00,0.00,6.4919e-08,3.6591e-07,1.2629e-06,4.8413e-06,1.0062e-05,1.0049e-05,7.3982e-06,6.4548e-08,3.3110e-07,9.2824e-07,4.8858e-06,8.6394e-06,9.9680e-06,8.7062e-06
P32,0.00,45.00,0.00,0.00,6.2214e-08,3.8693e-07,1.3094e-06,4.9176e-06,1.0159e-05,1.0146e-05,7.6291e-06,6.1907e-08,3.5095e-07,9.6903e-07,4.9568e-06,8.7231e-06,1.0062e-05,8.9030e-06
P32,60.00,90.00,0.00,0.00,7.7455e-08,2.9081e-07,1.0776e-06,4.4797e-06,9.6002e-06,9.5874e-06,6.4879e-06,7.6718e-08,2.6081e-07,7.7359e-07,4.5438e-06,8.2171e-06,9.5171e-06,7.9006e-06
P32,30.00,90.00,30.00,0.00,6.3046e-08,3.6591e-07,1.2629e-06,4.8412e-06,1.0062e-05,1.0049e-05,7.3982e-06,6.2710e-08,3.3110e-07,9.2824e-07,4.8857e-06,8.6394e-06,9.9680e-06,8.7062e-06
P32,60.00,180.00,0.00,0.00,7.7455e-08,2.9081e-07,1.0776e-06,4.4797e-06,9.6002e-06,9.5874e-06,6.4879e-06,7.6718e-08,2.6081e-07,7.7359e-07,4.5438e-06,8.2171e-06,9.5171e-06,7.9006e-06
P32,30.00,45.00,60.00,0.00,5.6365e-08,3.6590e-07,1.2629e-06,4.8409e-06,1.0062e-05,1.0049e-05,7.3982e-06,5.6123e-08,3.3110e-07,9.2824e-07,4.8853e-06,8.6392e-06,9.9679e-06,8.7061e-06
P32,0.00,180.00,0.00,0.00,6.2214e-08,3.8693e-07,1.3094e-06,4.9176e-06,1.0159e-05,1.0146e-05,7.6291e-06,6.1907e-08,3.5095e-07,9.6903e-07,4.9568e-06,8.7231e-06,1.0062e-05,8.9030e-06
P32,30.00,180.00,0.00,0.00,6.4919e-08,3.6591e-07,1.2629e-06,4.8413e-06,1.0062e-05,1.0049e-05,7.3982e-06,6.4548e-08,3.3110e-07,9.2824e-07,4.8858e-06,8.6394e-06,9.9680e-06,8.7062e-06
P32,60.00,180.00,60.00,0.00,6.5687e-08,2.9081e-07,1.0776e-06,4.4790e-06,9.6000e-06,9.5872e-06,6.4879e-06,6.5087e-08,2.6081e-07,7.7359e-07,4.5431e-06,8.2168e-06,9.5170e-06,7.9005e-06
P32,60.00,135.00,30.00,0.00,7.4996e-08,2.9081e-07,1.0776e-06,4.4795e-06,9.6001e-06,9.5874e-06,6.4879e-06,7.4294e-08,2.6081e-07,7.7359e-07,4.5437e-06,8.2171e-06,9.5171e-06,7.9006e-06
P32,60.00,45.00,30.00,0.00,7.5188e-08,2.9081e-07,1.0776e-06,4.4795e-06,9.6001e-06,9.5874e-06,6.4879e-06,7.4483e-08,2.6081e-07,7.7359e-07,4.5437e-06,8.2171e-06,9.5171e-06,7.9006e-06
P32,60.00,90.00,60.00,0.00,6.6189e-08,2.9081e-07,1.0776e-06,4.4790e-06,9.6000e-06,9.5872e-06,6.4879e-06,6.5584e-08,2.6081e-07,7.7359e-07,4.5431e-06,8.2169e-06,9.5170e-06,7.9005e-06
P32,30.00,45.00,0.00,0.00,6.4919e-08,3.6591e-07,1.2629e-06,4.8413e-06,1.0062e-05,1.0049e-05,7.3982e-06,6.4548e-08,3.3110e-07,9.2824e-07,4.8858e-06,8.6394e-06,9.9680e-06,8.7062e-06
P32,0.00,45.00,30.00,0.00,6.0455e-08,3.8693e-07,1.3094e-06,4.9175e-06,1.0159e-05,1.0146e-05,7.6291e-06,6.0184e-08,3.5095e-07,9.6903e-07,4.9568e-06,8.7231e-06,1.0062e-05,8.9030e-06
P32,0.00,180.00,30.00,0.00,6.0455e-08,3.8693e-07,1.3094e-06,4.9175e-06,1.0159e-05,1.0146e-05,7.6291e-06,6.0184e-08,3.5095e-07,9.6903e-07,4.9568e-06,8.7231e-06,1.0062e-05,8.9030e-06
P32,30.00,90.00,60.00,0.00,5.6279e-08,3.6590e-07,1.2629e-06,4.8409e-06,1.0062e-05,1.0049e-05,7.3982e-06,5.6038e-08,3.3110e-07,9.2824e-07,4.8853e-06,8.6392e-06,9.9679e-06,8.7061e-06
P32,30.00,0.00,30.00,0.00,6.3084e-08,3.6591e-07,1.2629e-06,4.8412e-06,1.0062e-05,1.0049e-05,7.3982e-06,6.2747e-08,3.3110e-07,9.2824e-07,4.8857e-06,8.6394e-06,9.9680e-06,8.7062e-06
P33,0.00,180.00,30.00,0.00,4.9646e-08,3.0733e-07,9.6249e-07,4.8495e-06,9.9162e-06,9.9044e-06,7.7079e-06,4.9913e-08,2.8096e-07,7.1338e-07,4.9000e-06,8.6319e-06,9.8363e-06,8.7924e-06
P33,0.00,45.00,60.00,0.00,4.6451e-08,3.0733e-07,9.6249e-07,4.8492e-06,9.9162e-06,9.9043e-06,7.7079e-06,4.6710e-08,2.8096e-07,7.1338e-07,4.8997e-06,8.6317e-06,9.8363e-06,8.7924e-06
P33,60.00,45.00,0.00,0.00,5.9419e-08,2.5896e-07,8.1239e-07,4.4494e-06,9.3320e-06,9.3210e-06,6.6389e-06,5.9507e-08,2.3677e-07,6.0331e-07,4.5262e-06,8.1493e-06,9.2701e-06,7.8112e-06
P33,30.00,90.00,30.00,0.00,5.1240e-08,2.9655e-07,9.3022e-07,4.7772e-06,9.8090e-06,9.7973e-06,7.4886e-06,5.1482e-08,2.7106e-07,6.8945e-07,4.8332e-06,8.5469e-06,9.7330e-06,8.5974e-06
P33,30.00,0.00,0.00,0.00,5.2017e-08,2.9655e-07,9.3022e-07,4.7772e-06,9.8090e-06,9.7973e-06,7.4886e-06,5.2260e-08,2.7106e-07,6.8945e-07,4.8333e-06,8.5470e-06,9.7330e-06,8.5974e-06
P33,0.00,90.00,30.00,0.00,4.9646e-08,3.0733e-07,9.6249e-07,4.8495e-06,9.9162e-06,9.9044e-06,7.7079e-06,4.9913e-08,2.8096e-07,7.1338e-07,4.9000e-06,8.6319e-06,9.8363e-06,8.7924e-06
P33,0.00,135.00,0.00,0.00,5.0356e-08,3.0733e-07,9.6249e-07,4.8495e-06,9.9163e-06,9.9044e-06,7.7079e-06,5.0623e-08,2.8096e-07,7.1338e-07,4.9000e-06,8.6319e-06,9.8364e-06,8.7924e-06
P33,30.00,0.00,30.00,0.00,5.1261e-08,2.9655e-07,9.3022e-07,4.7772e-06,9.8090e-06,9.7973e-06,7.4886e-06,5.1503e-08,2.7106e-07,6.8945e-07,4.8332e-06,8.5469e-06,9.7330e-06,8.5974e-06
P33,0.00,0.00,30.00,0.00,4.9646e-08,3.0733e-07,9.6249e-07,4.8495e-06,9.9162e-06,9.9044e-06,7.7079e-06,4.9913e-08,2.8096e-07,7.1338e-07,4.9000e-06,8.6319e-06,9.8363e-06,8.7924e-06
P33,60.00,0.00,60.00,0.00,5.3850e-08,2.5896e-07,8.1239e-07,4.4490e-06,9.3319e-06,9.3209e-06,6.6389e-06,5.3925e-08,2.3677e-07,6.0331e-07,4.5257e-06,8.1490e-06,9.2700e-06,7.8112e-06
P33,60.00,135.00,30.00,0.00,5.8306e-08,2.5896e-07,8.1239e-07,4.4493e-06,9.3320e-06,9.3210e-06,6.6389e-06,5.8391e-08,2.3677e-07,6.0331e-07,4.5261e-06,8.1492e-06,9.2701e-06,7.8112e-06
P33,30.00,180.00,30.00,0.00,5.1220e-08,2.9655e-07,9.3022e-07,4.7772e-06,9.8090e-06,9.7973e-06,7.4886e-06,5.1462e-08,2.7106e-07,6.8945e-07,4.8332e-06,8.5469e-06,9.7330e-06,8.5974e-06
P33,60.00,180.00,30.00,0.00,5.8281e-08,2.5896e-07,8.1239e-07,4.4493e-06,9.3320e-06,9.3210e-06,6.6389e-06,5.8366e-08,2.3677e-07,6.0331e-07,4.5261e-06,8.1492e-06,9.2701e-06,7.8112e-06
P33,30.00,45.00,30.00,0.00,5.1255e-08,2.9655e-07,9.3022e-07,4.7772e-06,9.8090e-06,9.7973e-06,7.4886e-06,5.1497e-08,2.7106e-07,6.8945e-07,4.8332e-06,8.5469e-06,9.7330e-06,8.5974e-06
P33,30.00,180.00,0.00,0.00,5.2017e-08,2.9655e-07,9.3022e-07,4.7772e-06,9.8090e-06,9.7973e-06,7.4886e-06,5.2260e-08,2.7106e-07,6.8945e-07,4.8333e-06,8.5470e-06,9.7330e-06,8.5974e-06
P33,0.00,180.00,0.00,0.00,5.0356e-08,3.0733e-07,9.6249e-07,4.8495e-06,9.9163e-06,9.9044e-06,7.7079e-06,5.0623e-08,2.8096e-07,7.1338e-07,4.9000e-06,8.6319e-06,9.8364e-06,8.7924e-06
P33,30.00,135.00,60.00,0.00,4.7660e-08,2.9655e-07,9.3022e-07,4.7769e-06,9.8089e-06,9.7972e-06,7.4886e-06,4.7893e-08,2.7106e-07,6.8945e-07,4.8329e-06,8.5468e-06,9.7329e-06,8.5974e-06
P33,60.00,135.00,0.00,0.00,5.9419e-08,2.5896e-07,8.1239e-07,4.4494e-06,9.3320e-06,9.3210e-06,6.6389e-06,5.9507e-08,2.3677e-07,6.0331e-07,4.5262e-06,8.1493e-06,9.2701e-06,7.8112e-06
P33,0.00,90.00,60.00,0.00,4.6451e-08,3.0733e-07,9.6249e-07,4.8492e-06,9.9162e-06,9.9043e-06,7.7079e-06,4.6710e-08,2.8096e-07,7.1338e-07,4.8997e-06,8.6317e-06,9.8363e-06,8.7924e-06
P33,60.00,45.00,60.00,0.00,5.3747e-08,2.5896e-07,8.1239e-07,4.4490e-06,9.3319e-06,9.3209e-06,6.6389e-06,5.3822e-08,2.3677e-07,6.0331e-07,4.5257e-06,8.1490e-06,9.2700e-06,7.8112e-06
P33,60.00,180.00,60.00,0.00,5.3120e-08,2.5896e-07,8.1239e-07,4.4490e-06,9.3319e-06,9.3209e-06,6.6389e-06,5.3193e-08,2.3677e-07,6.0331e-07,4.5257e-06,8.1490e-06,9.2700e-06,7.8112e-06
P33,30.00,135.00,0.00,0.00,5.2017e-08,2.9655e-07,9.3022e-07,4.7772e-06,9.8090e-06,9.7973e-06,7.4886e-06,5.2260e-08,2.7106e-07,6.8945e-07,4.8333e-06,8.5470e-06,9.7330e-06,8.5974e-06
P33,30.00,45.00,60.00,0.00,4.7779e-08,2.9655e-07,9.3022e-07,4.7769e-06,9.8089e-06,9.7972e-06,7.4886e-06,4.8012e-08,2.7106e-07,6.8945e-07,4.8329e-06,8.5468e-06,9.7329e-06,8.5974e-06
P33,0.00,0.00,60.00,0.00,4.6451e-08,3.0733e-07,9.6249e-07,4.8492e-06,9.9162e-06,9.9043e-06,7.7079e-06,4.6710e-08,2.8096e-07,7.1338e-07,4.8997e-06,8.6317e-06,9.8363e-06,8.7924e-06
P33,0.00,135.00,30.00,0.00,4.9646e-08,3.0733e-07,9.6249e-07,4.8495e-06,9.9162e-06,9.9044e-06,7.7079e-06,4.9913e-08,2.8096e-07,7.1338e-07,4.9000e-06,8.6319e-06,9.8363e-06,8.7924e-06
P33,30.00,180.00,60.00,0.00,4.7635e-08,2.9655e-07,9.3022e-07,4.7769e-06,9.8089e-06,9.7972e-06,7.4886e-06,4.7868e-08,2.7106e-07,6.8945e-07,4.8329e-06,8.5468e-06,9.7329e-06,8.5974e-06
P33,60.00,45.00,30.00,0.00,5.8430e-08,2.5896e-07,8.1239e-07,4.4493e-06,9.3320e-06,9.3210e-06,6.6389e-06,5.8515e-08,2.3677e-07,6.0331e-07,4.5261e-06,8.1492e-06,9.2701e-06,7.8112e-06
P33,60.00,180.00,0.00,0.00,5.9419e-08,2.5896e-07,8.1239e-07,4.4494e-06,9.3320e-06,9.3210e-06,6.6389e-06,5.9507e-08,2.3677e-07,6.0331e-07,4.5262e-06,8.1493e-06,9.2701e-06,7.8112e-06
P33,30.00,135.00,30.00,0.00,5.1226e-08,2.9655e-07,9.3022e-07,4.7772e-06,9.8090e-06,9.7973e-06,7.4886e-06,5.1468e-08,2.7106e-07,6.8945e-07,4.8332e-06,8.5469e-06,9.7330e-06,8.5974e-06
P33,30.00,90.00,60.00,0.00,4.7720e-08,2.9655e-07,9.3022e-07,4.7769e-06,9.8089e-06,9.7972e-06,7.4886e-06,4.7952e-08,2.7106e-07,6.8945e-07,4.8329e-06,8.5468e-06,9.7329e-06,8.5974e-06
P33,60.00,90.00,60.00,0.00,5.3494e-08,2.5896e-07,8.1239e-07,4.4490e-06,9.3319e-06,9.3209e-06,6.6389e-06,5.3568e-08,2.3677e-07,6.0331e-07,4.5257e-06,8.1490e-06,9.2700e-06,7.8112e-06
P33,60.00,0.00,30.00,0.00,5.8455e-08,2.5896e-07,8.1239e-07,4.4494e-06,9.3320e-06,9.3210e-06,6.6389e-06,5.8541e-08,2.3677e-07,6.0331e-07,4.5261e-06,8.1492e-06,9.2701e-06,7.8112e-06
P33,0.00,90.00,0.00,0.00,5.0356e-08,3.0733e-07,9.6249e-07,4.8495e-06,9.9163e-06,9.9044e-06,7.7079e-06,5.0623e-08,2.8096e-07,7.1338e-07,4.9000e-06,8.6319e-06,9.8364e-06,8.7924e-06
P33,0.00,135.00,60.00,0.00,4.6451e-08,3.0733e-07,9.6249e-07,4.8492e-06,9.9162e-06,9.9043e-06,7.7079e-06,4.6710e-08,2.8096e-07,7.1338e-07,4.8997e-06,8.6317e-06,9.8363e-06,8.7924e-06
P33,60.00,0.00,0.00,0.00,5.9419e-08,2.5896e-07,8.1239e-07,4.4494e-06,9.3320e-06,9.3210e-06,6.6389e-06,5.9507e-08,2.3677e-07,6.0331e-07,4.5262e-06,8.1493e-06,9.2701e-06,7.8112e-06
P33,60.00,90.00,30.00,0.00,5.8368e-08,2.5896e-07,8.1239e-07,4.4493e-06,9.3320e-06,9.3210e-06,6.6389e-06,5.8453e-08,2.3677e-07,6.0331e-07,4.5261e-06,8.1492e-06,9.2701e-06,7.8112e-06
P33,60.00,135.00,60.00,0.00,5.3232e-08,2.5896e-07,8.1239e-07,4.4490e-06,9.3319e-06,9.3209e-06,6.6389e-06,5.3305e-08,2.3677e-07,6.0331e-07,4.5257e-06,8.1490e-06,9.2700e-06,7.8112e-06
P33,0.00,45.00,30.00,0.00,4.9646e-08,3.0733e-07,9.6249e-07,4.8495e-06,9.9162e-06,9.9044e-06,7.7079e-06,4.9913e-08,2.8096e-07,7.1338e-07,4.9000e-06,8.6319e-06,9.8363e-06,8.7924e-06
P33,0.00,180.00,60.00,0.00,4.6451e-08,3.0733e-07,9.6249e-07,4.8492e-06,9.9162e-06,9.9043e-06,7.7079e-06,4.6710e-08,2.8096e-07,7.1338e-07,4.8997e-06,8.6317e-06,9.8363e-06,8.7924e-06
P33,0.00,45.00,0.00,0.00,5.0356e-08,3.0733e-07,9.6249e-07,4.8495e-06,9.9163e-06,9.9044e-06,7.7079e-06,5.0623e-08,2.8096e-07,7.1338e-07,4.9000e-06,8.6319e-06,9.8364e-06,8.7924e-06
P33,0.00,0.00,0.00,0.00,5.0356e-08,3.0733e-07,9.6249e-07,4.8495e-06,9.9163e-06,9.9044e-06,7.7079e-06,5.0623e-08,2.8096e-07,7.1338e-07,4.9000e-06,8.6319e-06,9.8364e-06,8.7924e-06
P33,30.00,0.00,60.00,0.00,4.7803e-08,2.9655e-07,9.3022e-07,4.7769e-06,9.8089e-06,9.7972e-06,7.4886e-06,4.8036e-08,2.7106e-07,6.8945e-07,4.8329e-06,8.5468e-06,9.7329e-06,8.5974e-06
P33,30.00,45.00,0.00,0.00,5.2017e-08,2.9655e-07,9.3022e-07,4.7772e-06,9.8090e-06,9.7973e-06,7.4886e-06,5.2260e-08,2.7106e-07,6.8945e-07,4.8333e-06,8.5470e-06,9.7330e-06,8.5974e-06
P33,60.00,90.00,0.00,0.00,5.9419e-08,2.5896e-07,8.1239e-07,4.4494e-06,9.3320e-06,9.3210e-06,6.6389e-06,5.9507e-08,2.3677e-07,6.0331e-07,4.5262e-06,8.1493e-06,9.2701e-06,7.8112e-06
P33,30.00,90.00,0.00,0.00,5.2017e-08,2.9655e-07,9.3022e-07,4.7772e-06,9.8090e-06,9.7973e-06,7.4886e-06,5.2260e-08,2.7106e-07,6.8945e-07,4.8333e-06,8.5470e-06,9.7330e-06,8.5974e-06
P34,60.00,180.00,30.00,0.00,5.6778e-08,2.5878e-07,8.6041e-07,5.0667e-06,1.0275e-05,1.0263e-05,7.3022e-06,5.6934e-08,2.3465e-07,6.2236e-07,5.1367e-06,8.9651e-06,1.0206e-05,8.6164e-06
P34,0.00,45.00,30.00,0.00,4.8866e-08,3.1637e-07,1.0510e-06,5.3022e-06,1.0666e-05,1.0653e-05,8.4712e-06,4.9138e-08,2.8708e-07,7.5633e-07,5.3382e-06,9.1940e-06,1.0565e-05,9.6187e-06
P34,0.00,0.00,30.00,0.00,4.8866e-08,3.1637e-07,1.0510e-06,5.3022e-06,1.0666e-05,1.0653e-05,8.4712e-06,4.9138e-08,2.8708e-07,7.5633e-07,5.3382e-06,9.1940e-06,1.0565e-05,9.6187e-06
P34,60.00,135.00,30.00,0.00,5.6798e-08,2.5878e-07,8.6041e-07,5.0667e-06,1.0275e-05,1.0263e-05,7.3022e-06,5.6954e-08,2.3465e-07,6.2236e-07,5.1367e-06,8.9651e-06,1.0206e-05,8.6164e-06
P34,0.00,90.00,60.00,0.00,4.6290e-08,3.1637e-07,1.0510e-06,5.3020e-06,1.0666e-05,1.0653e-05,8.4712e-06,4.6562e-08,2.8708e-07,7.5633e-07,5.3381e-06,9.1939e-06,1.0565e-05,9.6187e-06
P34,0.00,135.00,60.00,0.00,4.6290e-08,3.1637e-07,1.0510e-06,5.3020e-06,1.0666e-05,1.0653e-05,8.4712e-06,4.6562e-08,2.8708e-07,7.5633e-07,5.3381e-06,9.1939e-06,1.0565e-05,9.6187e-06
P34,30.00,180.00,30.00,0.00,5.0283e-08,3.0347e-07,1.0093e-06,5.2642e-06,1.0608e-05,1.0595e-05,8.2372e-06,5.0541e-08,2.7530e-07,7.2642e-07,5.3068e-06,9.1624e-06,1.0513e-05,9.4284e-06
P34,60.00,135.00,60.00,0.00,5.2818e-08,2.5878e-07,8.6041e-07,5.0665e-06,1.0275e-05,1.0263e-05,7.3022e-06,5.2964e-08,2.3465e-07,6.2236e-07,5.1364e-06,8.9649e-06,1.0205e-05,8.6164e-06
P34,30.00,0.00,0.00,0.00,5.0970e-08,3.0347e-07,1.0093e-06,5.2643e-06,1.0608e-05,1.0595e-05,8.2372e-06,5.1225e-08,2.7530e-07,7.2642e-07,5.3069e-06,9.1624e-06,1.0513e-05,9.4284e-06
P34,30.00,180.00,60.00,0.00,4.7420e-08,3.0347e-07,1.0093e-06,5.2641e-06,1.0608e-05,1.0595e-05,8.2372e-06,4.7675e-08,2.7530e-07,7.2642e-07,5.3066e-06,9.1622e-06,1.0513e-05,9.4283e-06
P34,30.00,0.00,30.00,0.00,5.0317e-08,3.0347e-07,1.0093e-06,5.2642e-06,1.0608e-05,1.0595e-05,8.2372e-06,5.0575e-08,2.7530e-07,7.2642e-07,5.3068e-06,9.1624e-06,1.0513e-05,9.4284e-06
P34,30.00,180.00,0.00,0.00,5.0970e-08,3.0347e-07,1.0093e-06,5.2643e-06,1.0608e-05,1.0595e-05,8.2372e-06,5.1225e-08,2.7530e-07,7.2642e-07,5.3069e-06,9.1624e-06,1.0513e-05,9.4284e-06
P34,30.00,135.00,0.00,0.00,5.0970e-08,3.0347e-07,1.0093e-06,5.2643e-06,1.0608e-05,1.0595e-05,8.2372e-06,5.1225e-08,2.7530e-07,7.2642e-07,5.3069e-06,9.1624e-06,1.0513e-05,9.4284e-06
P34,60.00,180.00,0.00,0.00,5.7722e-08,2.5878e-07,8.6041e-07,5.0668e-06,1.0275e-05,1.0263e-05,7.3022e-06,5.7879e-08,2.3465e-07,6.2236e-07,5.1367e-06,8.9651e-06,1.0206e-05,8.6164e-06
P34,0.00,135.00,0.00,0.00,4.9487e-08,3.1637e-07,1.0510e-06,5.3022e-06,1.0667e-05,1.0653e-05,8.4712e-06,4.9756e-08,2.8708e-07,7.5633e-07,5.3383e-06,9.1941e-06,1.0566e-05,9.6187e-06
P34,60.00,45.00,0.00,0.00,5.7722e-08,2.5878e-07,8.6041e-07,5.0668e-06,1.0275e-05,1.0263e-05,7.3022e-06,5.7879e-08,2.3465e-07,6.2236e-07,5.1367e-06,8.9651e-06,1.0206e-05,8.6164e-06
P34,30.00,90.00,60.00,0.00,4.7487e-08,3.0347e-07,1.0093e-06,5.2641e-06,1.0608e-05,1.0595e-05,8.2372e-06,4.7742e-08,2.7530e-07,7.2642e-07,5.3066e-06,9.1622e-06,1.0513e-05,9.4283e-06
P34,0.00,45.00,0.00,0.00,4.9487e-08,3.1637e-07,1.0510e-06,5.3022e-06,1.0667e-05,1.0653e-05,8.4712e-06,4.9756e-08,2.8708e-07,7.5633e-07,5.3383e-06,9.1941e-06,1.0566e-05,9.6187e-06
P34,30.00,135.00,60.00,0.00,4.7440e-08,3.0347e-07,1.0093e-06,5.2641e-06,1.0608e-05,1.0595e-05,8.2372e-06,4.7695e-08,2.7530e-07,7.2642e-07,5.3066e-06,9.1622e-06,1.0513e-05,9.4283e-06
P34,60.00,90.00,30.00,0.00,5.6848e-08,2.5878e-07,8.6041e-07,5.0667e-06,1.0275e-05,1.0263e-05,7.3022e-06,5.7004e-08,2.3465e-07,6.2236e-07,5.1367e-06,8.9651e-06,1.0206e-05,8.6164e-06
P34,0.00,0.00,60.00,0.00,4.6290e-08,3.1637e-07,1.0510e-06,5.3020e-06,1.0666e-05,1.0653e-05,8.4712e-06,4.6562e-08,2.8708e-07,7.5633e-07,5.3381e-06,9.1939e-06,1.0565e-05,9.6187e-06
P34,60.00,0.00,30.00,0.00,5.6919e-08,2.5878e-07,8.6041e-07,5.0668e-06,1.0275e-05,1.0263e-05,7.3022e-06,5.7075e-08,2.3465e-07,6.2236e-07,5.1367e-06,8.9651e-06,1.0206e-05,8.6164e-06
P34,60.00,0.00,0.00,0.00,5.7722e-08,2.5878e-07,8.6041e-07,5.0668e-06,1.0275e-05,1.0263e-05,7.3022e-06,5.7879e-08,2.3465e-07,6.2236e-07,5.1367e-06,8.9651e-06,1.0206e-05,8.6164e-06
P34,0.00,0.00,0.00,0.00,4.9487e-08,3.1637e-07,1.0510e-06,5.3022e-06,1.0667e-05,1.0653e-05,8.4712e-06,4.9756e-08,2.8708e-07,7.5633e-07,5.3383e-06,9.1941e-06,1.0566e-05,9.6187e-06
P34,60.00,45.00,60.00,0.00,5.3223e-08,2.5878e-07,8.6041e-07,5.0665e-06,1.0275e-05,1.0263e-05,7.3022e-06,5.3370e-08,2.3465e-07,6.2236e-07,5.1365e-06,8.9649e-06,1.0205e-05,8.6164e-06
P34,0.00,180.00,0.00,0.00,4.9487e-08,3.1637e-07,1.0510e-06,5.3022e-06,1.0667e-05,1.0653e-05,8.4712e-06,4.9756e-08,2.8708e-07,7.5633e-07,5.3383e-06,9.1941e-06,1.0566e-05,9.6187e-06
P34,60.00,90.00,0.00,0.00,5.7722e-08,2.5878e-07,8.6041e-07,5.0668e-06,1.0275e-05,1.0263e-05,7.3022e-06,5.7879e-08,2.3465e-07,6.2236e-07,5.1367e-06,8.9651e-06,1.0206e-05,8.6164e-06
P34,60.00,90.00,60.00,0.00,5.3023e-08,2.5878e-07,8.6041e-07,5.0665e-06,1.0275e-05,1.0263e-05,7.3022e-06,5.3170e-08,2.3465e-07,6.2236e-07,5.1365e-06,8.9649e-06,1.0205e-05,8.6164e-06
P34,0.00,45.00,60.00,0.00,4.6290e-08,3.1637e-07,1.0510e-06,5.3020e-06,1.0666e-05,1.0653e-05,8.4712e-06,4.6562e-08,2.8708e-07,7.5633e-07,5.3381e-06,9.1939e-06,1.0565e-05,9.6187e-06
P34,30.00,0.00,60.00,0.00,4.7554e-08,3.0347e-07,1.0093e-06,5.2641e-06,1.0608e-05,1.0595e-05,8.2372e-06,4.7809e-08,2.7530e-07,7.2642e-07,5.3066e-06,9.1622e-06,1.0513e-05,9.4283e-06
P34,30.00,45.00,30.00,0.00,5.0312e-08,3.0347e-07,1.0093e-06,5.2642e-06,1.0608e-05,1.0595e-05,8.2372e-06,5.0569e-08,2.7530e-07,7.2642e-07,5.3068e-06,9.1624e-06,1.0513e-05,9.4284e-06
P34,30.00,45.00,60.00,0.00,4.7534e-08,3.0347e-07,1.0093e-06,5.2641e-06,1.0608e-05,1.0595e-05,8.2372e-06,4.7789e-08,2.7530e-07,7.2642e-07,5.3066e-06,9.1622e-06,1.0513e-05,9.4283e-06
P34,30.00,90.00,0.00,0.00,5.0970e-08,3.0347e-07,1.0093e-06,5.2643e-06,1.0608e-05,1.0595e-05,8.2372e-06,5.1225e-08,2.7530e-07,7.2642e-07,5.3069e-06,9.1624e-06,1.0513e-05,9.4284e-06
P34,0.00,180.00,30.00,0.00,4.8866e-08,3.1637e-07,1.0510e-06,5.3022e-06,1.0666e-05,1.0653e-05,8.4712e-06,4.9138e-08,2.8708e-07,7.5633e-07,5.3382e-06,9.1940e-06,1.0565e-05,9.6187e-06
P34,30.00,90.00,30.00,0.00,5.0300e-08,3.0347e-07,1.0093e-06,5.2642e-06,1.0608e-05,1.0595e-05,8.2372e-06,5.0557e-08,2.7530e-07,7.2642e-07,5.3068e-06,9.1624e-06,1.0513e-05,9.4284e-06
P34,60.00,45.00,30.00,0.00,5.6898e-08,2.5878e-07,8.6041e-07,5.0668e-06,1.0275e-05,1.0263e-05,7.3022e-06,5.7054e-08,2.3465e-07,6.2236e-07,5.1367e-06,8.9651e-06,1.0206e-05,8.6164e-06
P34,60.00,180.00,60.00,0.00,5.2731e-08,2.5878e-07,8.6041e-07,5.0665e-06,1.0275e-05,1.0263e-05,7.3022e-06,5.2876e-08,2.3465e-07,6.2236e-07,5.1364e-06,8.9649e-06,1.0205e-05,8.6164e-06
P34,0.00,90.00,30.00,0.00,4.8866e-08,3.1637e-07,1.0510e-06,5.3022e-06,1.0666e-05,1.0653e-05,8.4712e-06,4.9138e-08,2.8708e-07,7.5633e-07,5.3382e-06,9.1940e-06,1.0565e-05,9.6187e-06
P34,30.00,45.00,0.00,0.00,5.0970e-08,3.0347e-07,1.0093e-06,5.2643e-06,1.0608e-05,1.0595e-05,8.2372e-06,5.1225e-08,2.7530e-07,7.2642e-07,5.3069e-06,9.1624e-06,1.0513e-05,9.4284e-06
P34,60.00,135.00,0.00,0.00,5.7722e-08,2.5878e-07,8.6041e-07,5.0668e-06,1.0275e-05,1.0263e-05,7.3022e-06,5.7879e-08,2.3465e-07,6.2236e-07,5.1367e-06,8.9651e-06,1.0206e-05,8.6164e-06
P34,30.00,135.00,30.00,0.00,5.0288e-08,3.0347e-07,1.0093e-06,5.2642e-06,1.0608e-05,1.0595e-05,8.2372e-06,5.0545e-08,2.7530e-07,7.2642e-07,5.3068e-06,9.1624e-06,1.0513e-05,9.4284e-06
P34,0.00,180.00,60.00,0.00,4.6290e-08,3.1637e-07,1.0510e-06,5.3020e-06,1.0666e-05,1.0653e-05,8.4712e-06,4.6562e-08,2.8708e-07,7.5633e-07,5.3381e-06,9.1939e-06,1.0565e-05,9.6187e-06
P34,0.00,135.00,30.00,0.00,4.8866e-08,3.1637e-07,1.0510e-06,5.3022e-06,1.0666e-05,1.0653e-05,8.4712e-06,4.9138e-08,2.8708e-07,7.5633e-07,5.3382e-06,9.1940e-06,1.0565e-05,9.6187e-06
P34,60.00,0.00,60.00,0.00,5.3304e-08,2.5878e-07,8.6041e-07,5.0666e-06,1.0275e-05,1.0263e-05,7.3022e-06,5.3451e-08,2.3465e-07,6.2236e-07,5.1365e-06,8.9649e-06,1.0205e-05,8.6164e-06
P34,0.00,90.00,0.00,0.00,4.9487e-08,3.1637e-07,1.0510e-06,5.3022e-06,1.0667e-05,1.0653e-05,8.4712e-06,4.9756e-08,2.8708e-07,7.5633e-07,5.3383e-06,9.1941e-06,1.0566e-05,9.6187e-06
P35,60.00,90.00,30.00,0.00,6.5800e-08,2.2625e-07,7.8677e-07,4.3575e-06,9.4934e-06,9.4811e-06,5.8267e-06,6.5249e-08,2.0438e-07,5.6705e-07,4.4603e-06,8.1628e-06,9.4286e-06,7.3105e-06
P35,0.00,0.00,60.00,0.00,4.9906e-08,2.8066e-07,9.6059e-07,4.8479e-06,1.0134e-05,1.0121e-05,6.9896e-06,4.9796e-08,2.5382e-07,6.9652e-07,4.9189e-06,8.7134e-06,1.0046e-05,8.4391e-06
P35,30.00,45.00,60.00,0.00,5.1650e-08,2.6831e-07,9.2361e-07,4.7636e-06,1.0027e-05,1.0014e-05,6.7448e-06,5.1480e-08,2.4251e-07,6.6846e-07,4.8414e-06,8.6248e-06,9.9436e-06,8.2155e-06
P35,0.00,180.00,30.00,0.00,5.3970e-08,2.8066e-07,9.6059e-07,4.8481e-06,1.0134e-05,1.0121e-05,6.9896e-06,5.3804e-08,2.5382e-07,6.9652e-07,4.9191e-06,8.7135e-06,1.0046e-05,8.4391e-06
P35,30.00,90.00,30.00,0.00,5.6002e-08,2.6831e-07,9.2361e-07,4.7638e-06,1.0027e-05,1.0014e-05,6.7448e-06,5.5778e-08,2.4251e-07,6.6846e-07,4.8417e-06,8.6249e-06,9.9437e-06,8.2156e-06
P35,60.00,180.00,0.00,0.00,6.7329e-08,2.2625e-07,7.8677e-07,4.3576e-06,9.4935e-06,9.4811e-06,5.8267e-06,6.6758e-08,2.0438e-07,5.6705e-07,4.4604e-06,8.1629e-06,9.4286e-06,7.3105e-06
P35,30.00,0.00,0.00,0.00,5.7177e-08,2.6831e-07,9.2361e-07,4.7639e-06,1.0027e-05,1.0014e-05,6.7448e-06,5.6931e-08,2.4251e-07,6.6846e-07,4.8417e-06,8.6249e-06,9.9437e-06,8.2156e-06
P35,30.00,135.00,0.00,0.00,5.7177e-08,2.6831e-07,9.2361e-07,4.7639e-06,1.0027e-05,1.0014e-05,6.7448e-06,5.6931e-08,2.4251e-07,6.6846e-07,4.8417e-06,8.6249e-06,9.9437e-06,8.2156e-06
P35,60.00,0.00,30.00,0.00,6.5899e-08,2.2625e-07,7.8677e-07,4.3575e-06,9.4934e-06,9.4811e-06,5.8267e-06,6.5346e-08,2.0438e-07,5.6705e-07,4.4603e-06,8.1628e-06,9.4286e-06,7.3105e-06
P35,0.00,45.00,0.00,0.00,5.5066e-08,2.8066e-07,9.6060e-07,4.8482e-06,1.0134e-05,1.0121e-05,6.9896e-06,5.4878e-08,2.5382e-07,6.9653e-07,4.9192e-06,8.7135e-06,1.0046e-05,8.4392e-06
P35,0.00,45.00,30.00,0.00,5.3970e-08,2.8066e-07,9.6059e-07,4.8481e-06,1.0134e-05,1.0121e-05,6.9896e-06,5.3804e-08,2.5382e-07,6.9652e-07,4.9191e-06,8.7135e-06,1.0046e-05,8.4391e-06
P35,0.00,135.00,60.00,0.00,4.9906e-08,2.8066e-07,9.6059e-07,4.8479e-06,1.0134e-05,1.0121e-05,6.9896e-06,4.9796e-08,2.5382e-07,6.9652e-07,4.9189e-06,8.7134e-06,1.0046e-05,8.4391e-06
P35,60.00,90.00,0.00,0.00,6.7329e-08,2.2625e-07,7.8677e-07,4.3576e-06,9.4935e-06,9.4811e-06,5.8267e-06,6.6758e-08,2.0438e-07,5.6705e-07,4.4604e-06,8.1629e-06,9.4286e-06,7.3105e-06
P35,30.00,180.00,0.00,0.00,5.7177e-08,2.6831e-07,9.2361e-07,4.7639e-06,1.0027e-05,1.0014e-05,6.7448e-06,5.6931e-08,2.4251e-07,6.6846e-07,4.8417e-06,8.6249e-06,9.9437e-06,8.2156e-06
P35,60.00,90.00,60.00,0.00,5.9791e-08,2.2624e-07,7.8677e-07,4.3572e-06,9.4934e-06,9.4810e-06,5.8266e-06,5.9291e-08,2.0438e-07,5.6705e-07,4.4600e-06,8.1627e-06,9.4285e-06,7.3105e-06
P35,0.00,45.00,60.00,0.00,4.9906e-08,2.8066e-07,9.6059e-07,4.8479e-06,1.0134e-05,1.0121e-05,6.9896e-06,4.9796e-08,2.5382e-07,6.9652e-07,4.9189e-06,8.7134e-06,1.0046e-05,8.4391e-06
P35,60.00,180.00,30.00,0.00,6.5703e-08,2.2625e-07,7.8677e-07,4.3575e-06,9.4934e-06,9.4810e-06,5.8267e-06,6.5152e-08,2.0438e-07,5.6705e-07,4.4603e-06,8.1628e-06,9.4286e-06,7.3105e-06
P35,0.00,135.00,30.00,0.00,5.3970e-08,2.8066e-07,9.6059e-07,4.8481e-06,1.0134e-05,1.0121e-05,6.9896e-06,5.3804e-08,2.5382e-07,6.9652e-07,4.9191e-06,8.7135e-06,1.0046e-05,8.4391e-06
P35,0.00,180.00,0.00,0.00,5.5066e-08,2.8066e-07,9.6060e-07,4.8482e-06,1.0134e-05,1.0121e-05,6.9896e-06,5.4878e-08,2.5382e-07,6.9653e-07,4.9192e-06,8.7135e-06,1.0046e-05,8.4392e-06
P35,30.00,180.00,60.00,0.00,5.1500e-08,2.6831e-07,9.2361e-07,4.7636e-06,1.0027e-05,1.0014e-05,6.7448e-06,5.1331e-08,2.4251e-07,6.6846e-07,4.8414e-06,8.6248e-06,9.9436e-06,8.2155e-06
P35,60.00,45.00,30.00,0.00,6.5870e-08,2.2625e-07,7.8677e-07,4.3575e-06,9.4934e-06,9.4811e-06,5.8267e-06,6.5318e-08,2.0438e-07,5.6705e-07,4.4603e-06,8.1628e-06,9.4286e-06,7.3105e-06
P35,60.00,0.00,60.00,0.00,6.0156e-08,2.2624e-07,7.8677e-07,4.3572e-06,9.4934e-06,9.4810e-06,5.8266e-06,5.9653e-08,2.0438e-07,5.6705e-07,4.4600e-06,8.1627e-06,9.4285e-06,7.3105e-06
P35,0.00,90.00,30.00,0.00,5.3970e-08,2.8066e-07,9.6059e-07,4.8481e-06,1.0134e-05,1.0121e-05,6.9896e-06,5.3804e-08,2.5382e-07,6.9652e-07,4.9191e-06,8.7135e-06,1.0046e-05,8.4391e-06
P35,30.00,90.00,60.00,0.00,5.1588e-08,2.6831e-07,9.2361e-07,4.7636e-06,1.0027e-05,1.0014e-05,6.7448e-06,5.1418e-08,2.4251e-07,6.6846e-07,4.8414e-06,8.6248e-06,9.9436e-06,8.2155e-06
P35,0.00,90.00,60.00,0.00,4.9906e-08,2.8066e-07,9.6059e-07,4.8479e-06,1.0134e-05,1.0121e-05,6.9896e-06,4.9796e-08,2.5382e-07,6.9652e-07,4.9189e-06,8.7134e-06,1.0046e-05,8.4391e-06
P35,60.00,135.00,60.00,0.00,5.9524e-08,2.2624e-07,7.8677e-07,4.3572e-06,9.4934e-06,9.4810e-06,5.8266e-06,5.9025e-08,2.0438e-07,5.6705e-07,4.4600e-06,8.1627e-06,9.4285e-06,7.3105e-06
P35,60.00,135.00,0.00,0.00,6.7329e-08,2.2625e-07,7.8677e-07,4.3576e-06,9.4935e-06,9.4811e-06,5.8267e-06,6.6758e-08,2.0438e-07,5.6705e-07,4.4604e-06,8.1629e-06,9.4286e-06,7.3105e-06
P35,0.00,90.00,0.00,0.00,5.5066e-08,2.8066e-07,9.6060e-07,4.8482e-06,1.0134e-05,1.0121e-05,6.9896e-06,5.4878e-08,2.5382e-07,6.9653e-07,4.9192e-06,8.7135e-06,1.0046e-05,8.4392e-06
P35,30.00,45.00,30.00,0.00,5.6021e-08,2.6831e-07,9.2361e-07,4.7638e-06,1.0027e-05,1.0014e-05,6.7448e-06,5.5796e-08,2.4251e-07,6.6846e-07,4.8417e-06,8.6249e-06,9.9437e-06,8.2156e-06
P35,60.00,45.00,60.00,0.00,6.0051e-08,2.2624e-07,7.8677e-07,4.3572e-06,9.4934e-06,9.4810e-06,5.8266e-06,5.9548e-08,2.0438e-07,5.6705e-07,4.4600e-06,8.1627e-06,9.4285e-06,7.3105e-06
P35,30.00,0.00,60.00,0.00,5.1676e-08,2.6831e-07,9.2361e-07,4.7636e-06,1.0027e-05,1.0014e-05,6.7448e-06,5.1505e-08,2.4251e-07,6.6846e-07,4.8414e-06,8.6248e-06,9.9436e-06,8.2155e-06
P35,30.00,180.00,30.00,0.00,5.5977e-08,2.6831e-07,9.2361e-07,4.7638e-06,1.0027e-05,1.0014e-05,6.7448e-06,5.5754e-08,2.4251e-07,6.6846e-07,4.8417e-06,8.6249e-06,9.9437e-06,8.2156e-06
P35,30.00,0.00,30.00,0.00,5.6028e-08,2.6831e-07,9.2361e-07,4.7638e-06,1.0027e-05,1.0014e-05,6.7448e-06,5.5804e-08,2.4251e-07,6.6846e-07,4.8417e-06,8.6249e-06,9.9437e-06,8.2156e-06
P35,0.00,135.00,0.00,0.00,5.5066e-08,2.8066e-07,9.6060e-07,4.8482e-06,1.0134e-05,1.0121e-05,6.9896e-06,5.4878e-08,2.5382e-07,6.9653e-07,4.9192e-06,8.7135e-06,1.0046e-05,8.4392e-06
P35,60.00,180.00,60.00,0.00,5.9410e-08,2.2624e-07,7.8677e-07,4.3572e-06,9.4934e-06,9.4810e-06,5.8266e-06,5.8912e-08,2.0438e-07,5.6705e-07,4.4599e-06,8.1627e-06,9.4285e-06,7.3105e-06
P35,60.00,135.00,30.00,0.00,6.5731e-08,2.2625e-07,7.8677e-07,4.3575e-06,9.4934e-06,9.4811e-06,5.8267e-06,6.5181e-08,2.0438e-07,5.6705e-07,4.4603e-06,8.1628e-06,9.4286e-06,7.3105e-06
P35,0.00,0.00,0.00,0.00,5.5066e-08,2.8066e-07,9.6060e-07,4.8482e-06,1.0134e-05,1.0121e-05,6.9896e-06,5.4878e-08,2.5382e-07,6.9653e-07,4.9192e-06,8.7135e-06,1.0046e-05,8.4392e-06
P35,60.00,45.00,0.00,0.00,6.7329e-08,2.2625e-07,7.8677e-07,4.3576e-06,9.4935e-06,9.4811e-06,5.8267e-06,6.6758e-08,2.0438e-07,5.6705e-07,4.4604e-06,8.1629e-06,9.4286e-06,7.3105e-06
P35,30.00,135.00,60.00,0.00,5.1526e-08,2.6831e-07,9.2361e-07,4.7636e-06,1.0027e-05,1.0014e-05,6.7448e-06,5.1356e-08,2.4251e-07,6.6846e-07,4.8414e-06,8.6248e-06,9.9436e-06,8.2155e-06
P35,30.00,135.00,30.00,0.00,5.5984e-08,2.6831e-07,9.2361e-07,4.7638e-06,1.0027e-05,1.0014e-05,6.7448e-06,5.5761e-08,2.4251e-07,6.6846e-07,4.8417e-06,8.6249e-06,9.9437e-06,8.2156e-06
P35,0.00,180.00,60.00,0.00,4.9906e-08,2.8066e-07,9.6059e-07,4.8479e-06,1.0134e-05,1.0121e-05,6.9896e-06,4.9796e-08,2.5382e-07,6.9652e-07,4.9189e-06,8.7134e-06,1.0046e-05,8.4391e-06
P35,0.00,0.00,30.00,0.00,5.3970e-08,2.8066e-07,9.6059e-07,4.8481e-06,1.0134e-05,1.0121e-05,6.9896e-06,5.3804e-08,2.5382e-07,6.9652e-07,4.9191e-06,8.7135e-06,1.0046e-05,8.4391e-06
P35,30.00,45.00,0.00,0.00,5.7177e-08,2.6831e-07,9.2361e-07,4.7639e-06,1.0027e-05,1.0014e-05,6.7448e-06,5.6931e-08,2.4251e-07,6.6846e-07,4.8417e-06,8.6249e-06,9.9437e-06,8.2156e-06
P35,60.00,0.00,0.00,0.00,6.7329e-08,2.2625e-07,7.8677e-07,4.3576e-06,9.4935e-06,9.4811e-06,5.8267e-06,6.6758e-08,2.0438e-07,5.6705e-07,4.4604e-06,8.1629e-06,9.4286e-06,7.3105e-06
P35,30.00,90.00,0.00,0.00,5.7177e-08,2.6831e-07,9.2361e-07,4.7639e-06,1.0027e-05,1.0014e-05,6.7448e-06,5.6931e-08,2.4251e-07,6.6846e-07,4.8417e-06,8.6249e-06,9.9437e-06,8.2156e-06
P36,30.00,90.00,30.00,0.00,5.1485e-08,2.9713e-07,9.9810e-07,4.9041e-06,1.0113e-05,1.0101e-05,7.4338e-06,5.1566e-08,2.6926e-07,7.3003e-07,4.9582e-06,8.7147e-06,1.0027e-05,8.6844e-06
P36,30.00,135.00,60.00,0.00,4.8353e-08,2.9712e-07,9.9810e-07,4.9039e-06,1.0113e-05,1.0100e-05,7.4338e-06,4.8438e-08,2.6926e-07,7.3003e-07,4.9580e-06,8.7146e-06,1.0027e-05,8.6844e-06
P36,0.00,180.00,30.00,0.00,4.9834e-08,3.1098e-07,1.0348e-06,4.9707e-06,1.0204e-05,1.0191e-05,7.6558e-06,4.9952e-08,2.8213e-07,7.5910e-07,5.0189e-06,8.7890e-06,1.0113e-05,8.8797e-06
P36,30.00,45.00,30.00,0.00,5.1498e-08,2.9713e-07,9.9810e-07,4.9041e-06,1.0113e-05,1.0101e-05,7.4338e-06,5.1579e-08,2.6926e-07,7.3003e-07,4.9582e-06,8.7147e-06,1.0027e-05,8.6844e-06
P36,30.00,0.00,0.00,0.00,5.2212e-08,2.9713e-07,9.9810e-07,4.9041e-06,1.0113e-05,1.0101e-05,7.4338e-06,5.2289e-08,2.6926e-07,7.3003e-07,4.9582e-06,8.7148e-06,1.0027e-05,8.6844e-06
P36,60.00,0.00,30.00,0.00,5.9432e-08,2.4827e-07,8.6005e-07,4.5877e-06,9.6782e-06,9.6658e-06,6.5811e-06,5.9295e-08,2.2420e-07,6.2278e-07,4.6649e-06,8.3397e-06,9.6076e-06,7.8912e-06
P36,30.00,45.00,60.00,0.00,4.8454e-08,2.9712e-07,9.9810e-07,4.9039e-06,1.0113e-05,1.0100e-05,7.4338e-06,4.8539e-08,2.6926e-07,7.3003e-07,4.9580e-06,8.7146e-06,1.0027e-05,8.6844e-06
P36,0.00,135.00,60.00,0.00,4.7030e-08,3.1098e-07,1.0348e-06,4.9706e-06,1.0204e-05,1.0191e-05,7.6558e-06,4.7153e-08,2.8213e-07,7.5910e-07,5.0187e-06,8.7888e-06,1.0113e-05,8.8797e-06
P36,30.00,90.00,0.00,0.00,5.2212e-08,2.9713e-07,9.9810e-07,4.9041e-06,1.0113e-05,1.0101e-05,7.4338e-06,5.2289e-08,2.6926e-07,7.3003e-07,4.9582e-06,8.7148e-06,1.0027e-05,8.6844e-06
P36,30.00,0.00,30.00,0.00,5.1503e-08,2.9713e-07,9.9810e-07,4.9041e-06,1.0113e-05,1.0101e-05,7.4338e-06,5.1584e-08,2.6926e-07,7.3003e-07,4.9582e-06,8.7147e-06,1.0027e-05,8.6844e-06
P36,0.00,90.00,0.00,0.00,5.0503e-08,3.1098e-07,1.0348e-06,4.9708e-06,1.0204e-05,1.0191e-05,7.6558e-06,5.0616e-08,2.8213e-07,7.5910e-07,5.0189e-06,8.7890e-06,1.0113e-05,8.8797e-06
P36,60.00,0.00,0.00,0.00,6.0337e-08,2.4827e-07,8.6005e-07,4.5878e-06,9.6782e-06,9.6658e-06,6.5811e-06,6.0197e-08,2.2420e-07,6.2278e-07,4.6650e-06,8.3397e-06,9.6076e-06,7.8912e-06
P36,0.00,90.00,30.00,0.00,4.9834e-08,3.1098e-07,1.0348e-06,4.9707e-06,1.0204e-05,1.0191e-05,7.6558e-06,4.9952e-08,2.8213e-07,7.5910e-07,5.0189e-06,8.7890e-06,1.0113e-05,8.8797e-06
P36,60.00,45.00,0.00,0.00,6.0337e-08,2.4827e-07,8.6005e-07,4.5878e-06,9.6782e-06,9.6658e-06,6.5811e-06,6.0197e-08,2.2420e-07,6.2278e-07,4.6650e-06,8.3397e-06,9.6076e-06,7.8912e-06
P36,0.00,45.00,60.00,0.00,4.7030e-08,3.1098e-07,1.0348e-06,4.9706e-06,1.0204e-05,1.0191e-05,7.6558e-06,4.7153e-08,2.8213e-07,7.5910e-07,5.0187e-06,8.7888e-06,1.0113e-05,8.8797e-06
P36,60.00,90.00,30.00,0.00,5.9355e-08,2.4827e-07,8.6005e-07,4.5877e-06,9.6782e-06,9.6658e-06,6.5811e-06,5.9218e-08,2.2420e-07,6.2278e-07,4.6649e-06,8.3397e-06,9.6076e-06,7.8912e-06
P36,0.00,0.00,30.00,0.00,4.9834e-08,3.1098e-07,1.0348e-06,4.9707e-06,1.0204e-05,1.0191e-05,7.6558e-06,4.9952e-08,2.8213e-07,7.5910e-07,5.0189e-06,8.7890e-06,1.0113e-05,8.8797e-06
P36,0.00,45.00,0.00,0.00,5.0503e-08,3.1098e-07,1.0348e-06,4.9708e-06,1.0204e-05,1.0191e-05,7.6558e-06,5.0616e-08,2.8213e-07,7.5910e-07,5.0189e-06,8.7890e-06,1.0113e-05,8.8797e-06
P36,60.00,180.00,0.00,0.00,6.0337e-08,2.4827e-07,8.6005e-07,4.5878e-06,9.6782e-06,9.6658e-06,6.5811e-06,6.0197e-08,2.2420e-07,6.2278e-07,4.6650e-06,8.3397e-06,9.6076e-06,7.8912e-06
P36,30.00,90.00,60.00,0.00,4.8403e-08,2.9712e-07,9.9810e-07,4.9039e-06,1.0113e-05,1.0100e-05,7.4338e-06,4.8489e-08,2.6926e-07,7.3003e-07,4.9580e-06,8.7146e-06,1.0027e-05,8.6844e-06
P36,0.00,135.00,0.00,0.00,5.0503e-08,3.1098e-07,1.0348e-06,4.9708e-06,1.0204e-05,1.0191e-05,7.6558e-06,5.0616e-08,2.8213e-07,7.5910e-07,5.0189e-06,8.7890e-06,1.0113e-05,8.8797e-06
P36,30.00,135.00,0.00,0.00,5.2212e-08,2.9713e-07,9.9810e-07,4.9041e-06,1.0113e-05,1.0101e-05,7.4338e-06,5.2289e-08,2.6926e-07,7.3003e-07,4.9582e-06,8.7148e-06,1.0027e-05,8.6844e-06
P36,30.00,0.00,60.00,0.00,4.8475e-08,2.9712e-07,9.9810e-07,4.9039e-06,1.0113e-05,1.0100e-05,7.4338e-06,4.8560e-08,2.6926e-07,7.3003e-07,4.9580e-06,8.7146e-06,1.0027e-05,8.6844e-06
P36,0.00,180.00,60.00,0.00,4.7030e-08,3.1098e-07,1.0348e-06,4.9706e-06,1.0204e-05,1.0191e-05,7.6558e-06,4.7153e-08,2.8213e-07,7.5910e-07,5.0187e-06,8.7888e-06,1.0113e-05,8.8797e-06
P36,60.00,90.00,60.00,0.00,5.5037e-08,2.4826e-07,8.6005e-07,4.5875e-06,9.6781e-06,9.6657e-06,6.5811e-06,5.4900e-08,2.2420e-07,6.2278e-07,4.6646e-06,8.3395e-06,9.6075e-06,7.8912e-06
P36,30.00,45.00,0.00,0.00,5.2212e-08,2.9713e-07,9.9810e-07,4.9041e-06,1.0113e-05,1.0101e-05,7.4338e-06,5.2289e-08,2.6926e-07,7.3003e-07,4.9582e-06,8.7148e-06,1.0027e-05,8.6844e-06
P36,60.00,180.00,60.00,0.00,5.4714e-08,2.4826e-07,8.6005e-07,4.5874e-06,9.6781e-06,9.6657e-06,6.5811e-06,5.4576e-08,2.2420e-07,6.2278e-07,4.6646e-06,8.3394e-06,9.6075e-06,7.8911e-06
P36,0.00,0.00,60.00,0.00,4.7030e-08,3.1098e-07,1.0348e-06,4.9706e-06,1.0204e-05,1.0191e-05,7.6558e-06,4.7153e-08,2.8213e-07,7.5910e-07,5.0187e-06,8.7888e-06,1.0113e-05,8.8797e-06
P36,30.00,180.00,60.00,0.00,4.8332e-08,2.9712e-07,9.9810e-07,4.9039e-06,1.0113e-05,1.0100e-05,7.4338e-06,4.8417e-08,2.6926e-07,7.3003e-07,4.9580e-06,8.7146e-06,1.0027e-05,8.6844e-06
P36,60.00,0.00,60.00,0.00,5.5346e-08,2.4826e-07,8.6005e-07,4.5875e-06,9.6781e-06,9.6657e-06,6.5811e-06,5.5209e-08,2.2420e-07,6.2278e-07,4.6647e-06,8.3395e-06,9.6075e-06,7.8912e-06
P36,60.00,135.00,30.00,0.00,5.9302e-08,2.4827e-07,8.6005e-07,4.5877e-06,9.6782e-06,9.6658e-06,6.5811e-06,5.9165e-08,2.2420e-07,6.2278e-07,4.6649e-06,8.3397e-06,9.6076e-06,7.8912e-06
P36,0.00,45.00,30.00,0.00,4.9834e-08,3.1098e-07,1.0348e-06,4.9707e-06,1.0204e-05,1.0191e-05,7.6558e-06,4.9952e-08,2.8213e-07,7.5910e-07,5.0189e-06,8.7890e-06,1.0113e-05,8.8797e-06
P36,0.00,180.00,0.00,0.00,5.0503e-08,3.1098e-07,1.0348e-06,4.9708e-06,1.0204e-05,1.0191e-05,7.6558e-06,5.0616e-08,2.8213e-07,7.5910e-07,5.0189e-06,8.7890e-06,1.0113e-05,8.8797e-06
P36,60.00,135.00,0.00,0.00,6.0337e-08,2.4827e-07,8.6005e-07,4.5878e-06,9.6782e-06,9.6658e-06,6.5811e-06,6.0197e-08,2.2420e-07,6.2278e-07,4.6650e-06,8.3397e-06,9.6076e-06,7.8912e-06
P36,60.00,135.00,60.00,0.00,5.4810e-08,2.4826e-07,8.6005e-07,4.5874e-06,9.6781e-06,9.6657e-06,6.5811e-06,5.4673e-08,2.2420e-07,6.2278e-07,4.6646e-06,8.3395e-06,9.6075e-06,7.8911e-06
P36,30.00,180.00,30.00,0.00,5.1468e-08,2.9713e-07,9.9810e-07,4.9041e-06,1.0113e-05,1.0101e-05,7.4338e-06,5.1548e-08,2.6926e-07,7.3003e-07,4.9582e-06,8.7147e-06,1.0027e-05,8.6844e-06
P36,0.00,0.00,0.00,0.00,5.0503e-08,3.1098e-07,1.0348e-06,4.9708e-06,1.0204e-05,1.0191e-05,7.6558e-06,5.0616e-08,2.8213e-07,7.5910e-07,5.0189e-06,8.7890e-06,1.0113e-05,8.8797e-06
P36,30.00,180.00,0.00,0.00,5.2212e-08,2.9713e-07,9.9810e-07,4.9041e-06,1.0113e-05,1.0101e-05,7.4338e-06,5.2289e-08,2.6926e-07,7.3003e-07,4.9582e-06,8.7148e-06,1.0027e-05,8.6844e-06
P36,60.00,90.00,0.00,0.00,6.0337e-08,2.4827e-07,8.6005e-07,4.5878e-06,9.6782e-06,9.6658e-06,6.5811e-06,6.0197e-08,2.2420e-07,6.2278e-07,4.6650e-06,8.3397e-06,9.6076e-06,7.8912e-06
P36,30.00,135.00,30.00,0.00,5.1473e-08,2.9713e-07,9.9810e-07,4.9041e-06,1.0113e-05,1.0101e-05,7.4338e-06,5.1554e-08,2.6926e-07,7.3003e-07,4.9582e-06,8.7147e-06,1.0027e-05,8.6844e-06
P36,60.00,180.00,30.00,0.00,5.9280e-08,2.4827e-07,8.6005e-07,4.5877e-06,9.6782e-06,9.6658e-06,6.5811e-06,5.9143e-08,2.2420e-07,6.2278e-07,4.6649e-06,8.3397e-06,9.6076e-06,7.8912e-06
P36,0.00,135.00,30.00,0.00,4.9834e-08,3.1098e-07,1.0348e-06,4.9707e-06,1.0204e-05,1.0191e-05,7.6558e-06,4.9952e-08,2.8213e-07,7.5910e-07,5.0189e-06,8.7890e-06,1.0113e-05,8.8797e-06
P36,0.00,90.00,60.00,0.00,4.7030e-08,3.1098e-07,1.0348e-06,4.9706e-06,1.0204e-05,1.0191e-05,7.6558e-06,4.7153e-08,2.8213e-07,7.5910e-07,5.0187e-06,8.7888e-06,1.0113e-05,8.8797e-06
P36,60.00,45.00,30.00,0.00,5.9410e-08,2.4827e-07,8.6005e-07,4.5877e-06,9.6782e-06,9.6658e-06,6.5811e-06,5.9272e-08,2.2420e-07,6.2278e-07,4.6649e-06,8.3397e-06,9.6076e-06,7.8912e-06
P36,60.00,45.00,60.00,0.00,5.5257e-08,2.4826e-07,8.6005e-07,4.5875e-06,9.6781e-06,9.6657e-06,6.5811e-06,5.5120e-08,2.2420e-07,6.2278e-07,4.6647e-06,8.3395e-06,9.6075e-06,7.8912e-06
P37,60.00,180.00,30.00,0.00,6.3809e-08,2.7377e-07,8.7173e-07,4.3930e-06,9.6098e-06,9.5955e-06,6.0973e-06,6.3016e-08,2.4985e-07,6.5665e-07,4.4560e-06,8.0707e-06,9.5199e-06,7.5251e-06
P37,0.00,180.00,30.00,0.00,5.2373e-08,3.3465e-07,1.0750e-06,4.9236e-06,1.0263e-05,1.0249e-05,7.0987e-06,5.2068e-08,3.0587e-07,7.7721e-07,4.9630e-06,8.6880e-06,1.0154e-05,8.5907e-06
P37,30.00,135.00,30.00,0.00,5.4261e-08,3.2165e-07,1.0263e-06,4.8355e-06,1.0160e-05,1.0146e-05,6.8781e-06,5.3880e-08,2.9403e-07,7.4871e-07,4.8804e-06,8.5914e-06,1.0055e-05,8.3788e-06
P37,0.00,0.00,60.00,0.00,4.9057e-08,3.3464e-07,1.0749e-06,4.9235e-06,1.0263e-05,1.0249e-05,7.0987e-06,4.8809e-08,3.0587e-07,7.7719e-07,4.9628e-06,8.6879e-06,1.0154e-05,8.5907e-06
P37,0.00,180.00,60.00,0.00,4.9057e-08,3.3464e-07,1.0749e-06,4.9235e-06,1.0263e-05,1.0249e-05,7.0987e-06,4.8809e-08,3.0587e-07,7.7719e-07,4.9628e-06,8.6879e-06,1.0154e-05,8.5907e-06
P37,60.00,0.00,60.00,0.00,5.9245e-08,2.7376e-07,8.7170e-07,4.3929e-06,9.6097e-06,9.5954e-06,6.0973e-06,5.8502e-08,2.4985e-07,6.5664e-07,4.4558e-06,8.0705e-06,9.5198e-06,7.5251e-06
P37,0.00,0.00,0.00,0.00,5.3308e-08,3.3465e-07,1.0750e-06,4.9236e-06,1.0263e-05,1.0249e-05,7.0988e-06,5.2979e-08,3.0587e-07,7.7722e-07,4.9630e-06,8.6880e-06,1.0154e-05,8.5908e-06
P37,30.00,180.00,60.00,0.00,5.0613e-08,3.2164e-07,1.0262e-06,4.8354e-06,1.0160e-05,1.0146e-05,6.8781e-06,5.0288e-08,2.9403e-07,7.4869e-07,4.8803e-06,8.5913e-06,1.0055e-05,8.3788e-06
P37,30.00,135.00,60.00,0.00,5.0633e-08,3.2164e-07,1.0262e-06,4.8354e-06,1.0160e-05,1.0146e-05,6.8781e-06,5.0308e-08,2.9403e-07,7.4869e-07,4.8803e-06,8.5913e-06,1.0055e-05,8.3788e-06
P37,60.00,0.00,30.00,0.00,6.3973e-08,2.7377e-07,8.7174e-07,4.3931e-06,9.6098e-06,9.5955e-06,6.0973e-06,6.3177e-08,2.4985e-07,6.5665e-07,4.4560e-06,8.0707e-06,9.5199e-06,7.5251e-06
P37,30.00,90.00,60.00,0.00,5.0683e-08,3.2164e-07,1.0262e-06,4.8354e-06,1.0160e-05,1.0146e-05,6.8781e-06,5.0357e-08,2.9403e-07,7.4869e-07,4.8803e-06,8.5913e-06,1.0055e-05,8.3788e-06
P37,0.00,45.00,30.00,0.00,5.2373e-08,3.3465e-07,1.0750e-06,4.9236e-06,1.0263e-05,1.0249e-05,7.0987e-06,5.2068e-08,3.0587e-07,7.7721e-07,4.9630e-06,8.6880e-06,1.0154e-05,8.5907e-06
P37,0.00,180.00,0.00,0.00,5.3308e-08,3.3465e-07,1.0750e-06,4.9236e-06,1.0263e-05,1.0249e-05,7.0988e-06,5.2979e-08,3.0587e-07,7.7722e-07,4.9630e-06,8.6880e-06,1.0154e-05,8.5908e-06
P37,0.00,45.00,60.00,0.00,4.9057e-08,3.3464e-07,1.0749e-06,4.9235e-06,1.0263e-05,1.0249e-05,7.0987e-06,4.8809e-08,3.0587e-07,7.7719e-07,4.9628e-06,8.6879e-06,1.0154e-05,8.5907e-06
P37,30.00,90.00,0.00,0.00,5.5274e-08,3.2165e-07,1.0263e-06,4.8356e-06,1.0160e-05,1.0146e-05,6.8781e-06,5.4870e-08,2.9403e-07,7.4872e-07,4.8804e-06,8.5914e-06,1.0055e-05,8.3788e-06
P37,60.00,90.00,60.00,0.00,5.8951e-08,2.7376e-07,8.7170e-07,4.3928e-06,9.6097e-06,9.5954e-06,6.0973e-06,5.8210e-08,2.4985e-07,6.5664e-07,4.4558e-06,8.0705e-06,9.5198e-06,7.5251e-06
P37,0.00,135.00,0.00,0.00,5.3308e-08,3.3465e-07,1.0750e-06,4.9236e-06,1.0263e-05,1.0249e-05,7.0988e-06,5.2979e-08,3.0587e-07,7.7722e-07,4.9630e-06,8.6880e-06,1.0154e-05,8.5908e-06
P37,30.00,0.00,60.00,0.00,5.0754e-08,3.2164e-07,1.0262e-06,4.8354e-06,1.0160e-05,1.0146e-05,6.8781e-06,5.0427e-08,2.9403e-07,7.4869e-07,4.8803e-06,8.5913e-06,1.0055e-05,8.3788e-06
P37,0.00,135.00,30.00,0.00,5.2373e-08,3.3465e-07,1.0750e-06,4.9236e-06,1.0263e-05,1.0249e-05,7.0987e-06,5.2068e-08,3.0587e-07,7.7721e-07,4.9630e-06,8.6880e-06,1.0154e-05,8.5907e-06
P37,60.00,135.00,60.00,0.00,5.8736e-08,2.7376e-07,8.7169e-07,4.3928e-06,9.6097e-06,9.5954e-06,6.0973e-06,5.7997e-08,2.4985e-07,6.5664e-07,4.4558e-06,8.0705e-06,9.5198e-06,7.5251e-06
P37,0.00,90.00,30.00,0.00,5.2373e-08,3.3465e-07,1.0750e-06,4.9236e-06,1.0263e-05,1.0249e-05,7.0987e-06,5.2068e-08,3.0587e-07,7.7721e-07,4.9630e-06,8.6880e-06,1.0154e-05,8.5907e-06
P37,0.00,90.00,60.00,0.00,4.9057e-08,3.3464e-07,1.0749e-06,4.9235e-06,1.0263e-05,1.0249e-05,7.0987e-06,4.8809e-08,3.0587e-07,7.7719e-07,4.9628e-06,8.6879e-06,1.0154e-05,8.5907e-06
P37,30.00,135.00,0.00,0.00,5.5274e-08,3.2165e-07,1.0263e-06,4.8356e-06,1.0160e-05,1.0146e-05,6.8781e-06,5.4870e-08,2.9403e-07,7.4872e-07,4.8804e-06,8.5914e-06,1.0055e-05,8.3788e-06
P37,60.00,45.00,60.00,0.00,5.9160e-08,2.7376e-07,8.7170e-07,4.3928e-06,9.6097e-06,9.5954e-06,6.0973e-06,5.8418e-08,2.4985e-07,6.5664e-07,4.4558e-06,8.0705e-06,9.5198e-06,7.5251e-06
P37,60.00,0.00,0.00,0.00,6.5197e-08,2.7377e-07,8.7175e-07,4.3931e-06,9.6098e-06,9.5955e-06,6.0973e-06,6.4380e-08,2.4985e-07,6.5666e-07,4.4560e-06,8.0707e-06,9.5199e-06,7.5251e-06
P37,60.00,90.00,30.00,0.00,6.3890e-08,2.7377e-07,8.7173e-07,4.3930e-06,9.6098e-06,9.5955e-06,6.0973e-06,6.3096e-08,2.4985e-07,6.5665e-07,4.4560e-06,8.0707e-06,9.5199e-06,7.5251e-06
P37,30.00,180.00,30.00,0.00,5.4254e-08,3.2165e-07,1.0263e-06,4.8355e-06,1.0160e-05,1.0146e-05,6.8781e-06,5.3874e-08,2.9403e-07,7.4871e-07,4.8804e-06,8.5914e-06,1.0055e-05,8.3788e-06
P37,30.00,45.00,0.00,0.00,5.5274e-08,3.2165e-07,1.0263e-06,4.8356e-06,1.0160e-05,1.0146e-05,6.8781e-06,5.4870e-08,2.9403e-07,7.4872e-07,4.8804e-06,8.5914e-06,1.0055e-05,8.3788e-06
P37,30.00,45.00,30.00,0.00,5.4291e-08,3.2165e-07,1.0263e-06,4.8355e-06,1.0160e-05,1.0146e-05,6.8781e-06,5.3910e-08,2.9403e-07,7.4871e-07,4.8804e-06,8.5914e-06,1.0055e-05,8.3788e-06
P37,60.00,180.00,0.00,0.00,6.5197e-08,2.7377e-07,8.7175e-07,4.3931e-06,9.6098e-06,9.5955e-06,6.0973e-06,6.4380e-08,2.4985e-07,6.5666e-07,4.4560e-06,8.0707e-06,9.5199e-06,7.5251e-06
P37,60.00,45.00,0.00,0.00,6.5197e-08,2.7377e-07,8.7175e-07,4.3931e-06,9.6098e-06,9.5955e-06,6.0973e-06,6.4380e-08,2.4985e-07,6.5666e-07,4.4560e-06,8.0707e-06,9.5199e-06,7.5251e-06
P37,30.00,0.00,30.00,0.00,5.4298e-08,3.2165e-07,1.0263e-06,4.8355e-06,1.0160e-05,1.0146e-05,6.8781e-06,5.3916e-08,2.9403e-07,7.4871e-07,4.8804e-06,8.5914e-06,1.0055e-05,8.3788e-06
P37,60.00,135.00,0.00,0.00,6.5197e-08,2.7377e-07,8.7175e-07,4.3931e-06,9.6098e-06,9.5955e-06,6.0973e-06,6.4380e-08,2.4985e-07,6.5666e-07,4.4560e-06,8.0707e-06,9.5199e-06,7.5251e-06
P37,30.00,45.00,60.00,0.00,5.0733e-08,3.2164e-07,1.0262e-06,4.8354e-06,1.0160e-05,1.0146e-05,6.8781e-06,5.0406e-08,2.9403e-07,7.4869e-07,4.8803e-06,8.5913e-06,1.0055e-05,8.3788e-06
P37,60.00,180.00,60.00,0.00,5.8646e-08,2.7376e-07,8.7169e-07,4.3928e-06,9.6097e-06,9.5954e-06,6.0973e-06,5.7907e-08,2.4985e-07,6.5664e-07,4.4557e-06,8.0705e-06,9.5198e-06,7.5250e-06
P37,60.00,45.00,30.00,0.00,6.3949e-08,2.7377e-07,8.7174e-07,4.3931e-06,9.6098e-06,9.5955e-06,6.0973e-06,6.3153e-08,2.4985e-07,6.5665e-07,4.4560e-06,8.0707e-06,9.5199e-06,7.5251e-06
P37,0.00,90.00,0.00,0.00,5.3308e-08,3.3465e-07,1.0750e-06,4.9236e-06,1.0263e-05,1.0249e-05,7.0988e-06,5.2979e-08,3.0587e-07,7.7722e-07,4.9630e-06,8.6880e-06,1.0154e-05,8.5908e-06
P37,0.00,0.00,30.00,0.00,5.2373e-08,3.3465e-07,1.0750e-06,4.9236e-06,1.0263e-05,1.0249e-05,7.0987e-06,5.2068e-08,3.0587e-07,7.7721e-07,4.9630e-06,8.6880e-06,1.0154e-05,8.5907e-06
P37,60.00,90.00,0.00,0.00,6.5197e-08,2.7377e-07,8.7175e-07,4.3931e-06,9.6098e-06,9.5955e-06,6.0973e-06,6.4380e-08,2.4985e-07,6.5666e-07,4.4560e-06,8.0707e-06,9.5199e-06,7.5251e-06
P37,0.00,45.00,0.00,0.00,5.3308e-08,3.3465e-07,1.0750e-06,4.9236e-06,1.0263e-05,1.0249e-05,7.0988e-06,5.2979e-08,3.0587e-07,7.7722e-07,4.9630e-06,8.6880e-06,1.0154e-05,8.5908e-06
P37,30.00,180.00,0.00,0.00,5.5274e-08,3.2165e-07,1.0263e-06,4.8356e-06,1.0160e-05,1.0146e-05,6.8781e-06,5.4870e-08,2.9403e-07,7.4872e-07,4.8804e-06,8.5914e-06,1.0055e-05,8.3788e-06
P37,0.00,135.00,60.00,0.00,4.9057e-08,3.3464e-07,1.0749e-06,4.9235e-06,1.0263e-05,1.0249e-05,7.0987e-06,4.8809e-08,3.0587e-07,7.7719e-07,4.9628e-06,8.6879e-06,1.0154e-05,8.5907e-06
P37,30.00,90.00,30.00,0.00,5.4276e-08,3.2165e-07,1.0263e-06,4.8355e-06,1.0160e-05,1.0146e-05,6.8781e-06,5.3895e-08,2.9403e-07,7.4871e-07,4.8804e-06,8.5914e-06,1.0055e-05,8.3788e-06
P37,30.00,0.00,0.00,0.00,5.5274e-08,3.2165e-07,1.0263e-06,4.8356e-06,1.0160e-05,1.0146e-05,6.8781e-06,5.4870e-08,2.9403e-07,7.4872e-07,4.8804e-06,8.5914e-06,1.0055e-05,8.3788e-06
P37,60.00,135.00,30.00,0.00,6.3833e-08,2.7377e-07,8.7173e-07,4.3930e-06,9.6098e-06,9.5955e-06,6.0973e-06,6.3040e-08,2.4985e-07,6.5665e-07,4.4560e-06,8.0707e-06,9.5199e-06,7.5251e-06
P38,60.00,90.00,60.00,0.00,5.4626e-08,3.8005e-07,1.1064e-06,5.1043e-06,9.7079e-06,9.6986e-06,7.7411e-06,5.5041e-08,3.5025e-07,8.5860e-07,5.1682e-06,8.7079e-06,9.6502e-06,8.6808e-06
P38,0.00,90.00,60.00,0.00,4.9179e-08,4.5258e-07,1.2496e-06,5.5088e-06,1.0506e-05,1.0496e-05,8.8268e-06,4.9567e-08,4.1960e-07,9.7582e-07,5.5462e-06,9.3876e-06,1.0440e-05,9.6877e-06
P38,0.00,180.00,0.00,0.00,5.4466e-08,4.5258e-07,1.2496e-06,5.5089e-06,1.0506e-05,1.0496e-05,8.8268e-06,5.4861e-08,4.1960e-07,9.7582e-07,5.5463e-06,9.3876e-06,1.0440e-05,9.6877e-06
P38,30.00,0.00,60.00,0.00,5.0448e-08,4.3779e-07,1.2197e-06,5.4474e-06,1.0352e-05,1.0342e-05,8.6035e-06,5.0843e-08,4.0547e-07,9.5168e-07,5.4907e-06,9.2752e-06,1.0289e-05,9.4820e-06
P38,60.00,180.00,60.00,0.00,5.4231e-08,3.8005e-07,1.1064e-06,5.1043e-06,9.7079e-06,9.6986e-06,7.7411e-06,5.4644e-08,3.5025e-07,8.5860e-07,5.1682e-06,8.7079e-06,9.6502e-06,8.6808e-06
P38,60.00,45.00,0.00,0.00,6.1595e-08,3.8005e-07,1.1064e-06,5.1044e-06,9.7079e-06,9.6986e-06,7.7411e-06,6.2029e-08,3.5025e-07,8.5860e-07,5.1683e-06,8.7080e-06,9.6502e-06,8.6808e-06
P38,60.00,180.00,30.00,0.00,6.0179e-08,3.8005e-07,1.1064e-06,5.1044e-06,9.7079e-06,9.6986e-06,7.7411e-06,6.0611e-08,3.5025e-07,8.5860e-07,5.1683e-06,8.7080e-06,9.6502e-06,8.6808e-06
P38,30.00,90.00,0.00,0.00,5.6033e-08,4.3779e-07,1.2197e-06,5.4475e-06,1.0352e-05,1.0342e-05,8.6035e-06,5.6438e-08,4.0547e-07,9.5168e-07,5.4908e-06,9.2752e-06,1.0289e-05,9.4820e-06
P38,0.00,180.00,60.00,0.00,4.9179e-08,4.5258e-07,1.2496e-06,5.5088e-06,1.0506e-05,1.0496e-05,8.8268e-06,4.9567e-08,4.1960e-07,9.7582e-07,5.5462e-06,9.3876e-06,1.0440e-05,9.6877e-06
P38,0.00,45.00,30.00,0.00,5.3437e-08,4.5258e-07,1.2496e-06,5.5089e-06,1.0506e-05,1.0496e-05,8.8268e-06,5.3831e-08,4.1960e-07,9.7582e-07,5.5463e-06,9.3876e-06,1.0440e-05,9.6877e-06
P38,60.00,135.00,0.00,0.00,6.1595e-08,3.8005e-07,1.1064e-06,5.1044e-06,9.7079e-06,9.6986e-06,7.7411e-06,6.2029e-08,3.5025e-07,8.5860e-07,5.1683e-06,8.7080e-06,9.6502e-06,8.6808e-06
P38,0.00,0.00,0.00,0.00,5.4466e-08,4.5258e-07,1.2496e-06,5.5089e-06,1.0506e-05,1.0496e-05,8.8268e-06,5.4861e-08,4.1960e-07,9.7582e-07,5.5463e-06,9.3876e-06,1.0440e-05,9.6877e-06
P38,30.00,180.00,60.00,0.00,5.0248e-08,4.3779e-07,1.2197e-06,5.4474e-06,1.0352e-05,1.0342e-05,8.6035e-06,5.0643e-08,4.0547e-07,9.5168e-07,5.4907e-06,9.2752e-06,1.0289e-05,9.4820e-06
P38,0.00,0.00,30.00,0.00,5.3437e-08,4.5258e-07,1.2496e-06,5.5089e-06,1.0506e-05,1.0496e-05,8.8268e-06,5.3831e-08,4.1960e-07,9.7582e-07,5.5463e-06,9.3876e-06,1.0440e-05,9.6877e-06
P38,60.00,90.00,0.00,0.00,6.1595e-08,3.8005e-07,1.1064e-06,5.1044e-06,9.7079e-06,9.6986e-06,7.7411e-06,6.2029e-08,3.5025e-07,8.5860e-07,5.1683e-06,8.7080e-06,9.6502e-06,8.6808e-06
P38,0.00,0.00,60.00,0.00,4.9179e-08,4.5258e-07,1.2496e-06,5.5088e-06,1.0506e-05,1.0496e-05,8.8268e-06,4.9567e-08,4.1960e-07,9.7582e-07,5.5462e-06,9.3876e-06,1.0440e-05,9.6877e-06
P38,30.00,45.00,0.00,0.00,5.6033e-08,4.3779e-07,1.2197e-06,5.4475e-06,1.0352e-05,1.0342e-05,8.6035e-06,5.6438e-08,4.0547e-07,9.5168e-07,5.4908e-06,9.2752e-06,1.0289e-05,9.4820e-06
P38,60.00,0.00,0.00,0.00,6.1595e-08,3.8005e-07,1.1064e-06,5.1044e-06,9.7079e-06,9.6986e-06,7.7411e-06,6.2029e-08,3.5025e-07,8.5860e-07,5.1683e-06,8.7080e-06,9.6502e-06,8.6808e-06
P38,60.00,135.00,60.00,0.00,5.4349e-08,3.8005e-07,1.1064e-06,5.1043e-06,9.7079e-06,9.6986e-06,7.7411e-06,5.4762e-08,3.5025e-07,8.5860e-07,5.1682e-06,8.7079e-06,9.6502e-06,8.6808e-06
P38,30.00,0.00,0.00,0.00,5.6033e-08,4.3779e-07,1.2197e-06,5.4475e-06,1.0352e-05,1.0342e-05,8.6035e-06,5.6438e-08,4.0547e-07,9.5168e-07,5.4908e-06,9.2752e-06,1.0289e-05,9.4820e-06
P38,60.00,90.00,30.00,0.00,6.0282e-08,3.8005e-07,1.1064e-06,5.1044e-06,9.7079e-06,9.6986e-06,7.7411e-06,6.0714e-08,3.5025e-07,8.5860e-07,5.1683e-06,8.7080e-06,9.6502e-06,8.6808e-06
P38,30.00,135.00,0.00,0.00,5.6033e-08,4.3779e-07,1.2197e-06,5.4475e-06,1.0352e-05,1.0342e-05,8.6035e-06,5.6438e-08,4.0547e-07,9.5168e-07,5.4908e-06,9.2752e-06,1.0289e-05,9.4820e-06
P38,60.00,0.00,30.00,0.00,6.0385e-08,3.8005e-07,1.1064e-06,5.1044e-06,9.7079e-06,9.6986e-06,7.7411e-06,6.0817e-08,3.5025e-07,8.5860e-07,5.1683e-06,8.7080e-06,9.6502e-06,8.6808e-06
P38,30.00,90.00,60.00,0.00,5.0348e-08,4.3779e-07,1.2197e-06,5.4474e-06,1.0352e-05,1.0342e-05,8.6035e-06,5.0743e-08,4.0547e-07,9.5168e-07,5.4907e-06,9.2752e-06,1.0289e-05,9.4820e-06
P38,30.00,180.00,30.00,0.00,5.4906e-08,4.3779e-07,1.2197e-06,5.4475e-06,1.0352e-05,1.0342e-05,8.6035e-06,5.5311e-08,4.0547e-07,9.5168e-07,5.4908e-06,9.2752e-06,1.0289e-05,9.4820e-06
P38,30.00,45.00,60.00,0.00,5.0419e-08,4.3779e-07,1.2197e-06,5.4474e-06,1.0352e-05,1.0342e-05,8.6035e-06,5.0814e-08,4.0547e-07,9.5168e-07,5.4907e-06,9.2752e-06,1.0289e-05,9.4820e-06
P38,0.00,135.00,60.00,0.00,4.9179e-08,4.5258e-07,1.2496e-06,5.5088e-06,1.0506e-05,1.0496e-05,8.8268e-06,4.9567e-08,4.1960e-07,9.7582e-07,5.5462e-06,9.3876e-06,1.0440e-05,9.6877e-06
P38,0.00,90.00,0.00,0.00,5.4466e-08,4.5258e-07,1.2496e-06,5.5089e-06,1.0506e-05,1.0496e-05,8.8268e-06,5.4861e-08,4.1960e-07,9.7582e-07,5.5463e-06,9.3876e-06,1.0440e-05,9.6877e-06
P38,30.00,135.00,30.00,0.00,5.4915e-08,4.3779e-07,1.2197e-06,5.4475e-06,1.0352e-05,1.0342e-05,8.6035e-06,5.5319e-08,4.0547e-07,9.5168e-07,5.4908e-06,9.2752e-06,1.0289e-05,9.4820e-06
P38,60.00,45.00,60.00,0.00,5.4895e-08,3.8005e-07,1.1064e-06,5.1043e-06,9.7079e-06,9.6986e-06,7.7411e-06,5.5311e-08,3.5025e-07,8.5860e-07,5.1682e-06,8.7079e-06,9.6502e-06,8.6808e-06
P38,0.00,135.00,30.00,0.00,5.3437e-08,4.5258e-07,1.2496e-06,5.5089e-06,1.0506e-05,1.0496e-05,8.8268e-06,5.3831e-08,4.1960e-07,9.7582e-07,5.5463e-06,9.3876e-06,1.0440e-05,9.6877e-06
P38,30.00,90.00,30.00,0.00,5.4934e-08,4.3779e-07,1.2197e-06,5.4475e-06,1.0352e-05,1.0342e-05,8.6035e-06,5.5338e-08,4.0547e-07,9.5168e-07,5.4908e-06,9.2752e-06,1.0289e-05,9.4820e-06
P38,0.00,135.00,0.00,0.00,5.4466e-08,4.5258e-07,1.2496e-06,5.5089e-06,1.0506e-05,1.0496e-05,8.8268e-06,5.4861e-08,4.1960e-07,9.7582e-07,5.5463e-06,9.3876e-06,1.0440e-05,9.6877e-06
P38,30.00,135.00,60.00,0.00,5.0277e-08,4.3779e-07,1.2197e-06,5.4474e-06,1.0352e-05,1.0342e-05,8.6035e-06,5.0672e-08,4.0547e-07,9.5168e-07,5.4907e-06,9.2752e-06,1.0289e-05,9.4820e-06
P38,0.00,45.00,60.00,0.00,4.9179e-08,4.5258e-07,1.2496e-06,5.5088e-06,1.0506e-05,1.0496e-05,8.8268e-06,4.9567e-08,4.1960e-07,9.7582e-07,5.5462e-06,9.3876e-06,1.0440e-05,9.6877e-06
P38,0.00,180.00,30.00,0.00,5.3437e-08,4.5258e-07,1.2496e-06,5.5089e-06,1.0506e-05,1.0496e-05,8.8268e-06,5.3831e-08,4.1960e-07,9.7582e-07,5.5463e-06,9.3876e-06,1.0440e-05,9.6877e-06
P38,0.00,90.00,30.00,0.00,5.3437e-08,4.5258e-07,1.2496e-06,5.5089e-06,1.0506e-05,1.0496e-05,8.8268e-06,5.3831e-08,4.1960e-07,9.7582e-07,5.5463e-06,9.3876e-06,1.0440e-05,9.6877e-06
P38,60.00,135.00,30.00,0.00,6.0209e-08,3.8005e-07,1.1064e-06,5.1044e-06,9.7079e-06,9.6986e-06,7.7411e-06,6.0641e-08,3.5025e-07,8.5860e-07,5.1683e-06,8.7080e-06,9.6502e-06,8.6808e-06
P38,30.00,45.00,30.00,0.00,5.4954e-08,4.3779e-07,1.2197e-06,5.4475e-06,1.0352e-05,1.0342e-05,8.6035e-06,5.5358e-08,4.0547e-07,9.5168e-07,5.4908e-06,9.2752e-06,1.0289e-05,9.4820e-06
P38,60.00,0.00,60.00,0.00,5.5005e-08,3.8005e-07,1.1064e-06,5.1043e-06,9.7079e-06,9.6986e-06,7.7411e-06,5.5421e-08,3.5025e-07,8.5860e-07,5.1682e-06,8.7079e-06,9.6502e-06,8.6808e-06
P38,60.00,45.00,30.00,0.00,6.0355e-08,3.8005e-07,1.1064e-06,5.1044e-06,9.7079e-06,9.6986e-06,7.7411e-06,6.0787e-08,3.5025e-07,8.5860e-07,5.1683e-06,8.7080e-06,9.6502e-06,8.6808e-06
P38,0.00,45.00,0.00,0.00,5.4466e-08,4.5258e-07,1.2496e-06,5.5089e-06,1.0506e-05,1.0496e-05,8.8268e-06,5.4861e-08,4.1960e-07,9.7582e-07,5.5463e-06,9.3876e-06,1.0440e-05,9.6877e-06
P38,30.00,180.00,0.00,0.00,5.6033e-08,4.3779e-07,1.2197e-06,5.4475e-06,1.0352e-05,1.0342e-05,8.6035e-06,5.6438e-08,4.0547e-07,9.5168e-07,5.4908e-06,9.2752e-06,1.0289e-05,9.4820e-06
P38,30.00,0.00,30.00,0.00,5.4962e-08,4.3779e-07,1.2197e-06,5.4475e-06,1.0352e-05,1.0342e-05,8.6035e-06,5.5366e-08,4.0547e-07,9.5168e-07,5.4908e-06,9.2752e-06,1.0289e-05,9.4820e-06
P38,60.00,180.00,0.00,0.00,6.1595e-08,3.8005e-07,1.1064e-06,5.1044e-06,9.7079e-06,9.6986e-06,7.7411e-06,6.2029e-08,3.5025e-07,8.5860e-07,5.1683e-06,8.7080e-06,9.6502e-06,8.6808e-06
P39,60.00,0.00,60.00,0.00,5.9949e-08,2.0732e-07,7.4974e-07,4.2372e-06,9.4378e-06,9.4251e-06,5.6394e-06,5.9239e-08,1.8596e-07,5.4168e-07,4.3449e-06,8.0715e-06,9.3724e-06,7.0973e-06
P39,30.00,135.00,30.00,0.00,5.4119e-08,2.5103e-07,8.8417e-07,4.7120e-06,1.0041e-05,1.0028e-05,6.5110e-06,5.3823e-08,2.2583e-07,6.3555e-07,4.7977e-06,8.5888e-06,9.9529e-06,8.0478e-06
P39,0.00,180.00,0.00,0.00,5.2771e-08,2.6343e-07,9.2431e-07,4.8083e-06,1.0156e-05,1.0142e-05,6.7535e-06,5.2549e-08,2.3719e-07,6.6176e-07,4.8871e-06,8.6851e-06,1.0063e-05,8.2834e-06
P39,0.00,135.00,0.00,0.00,5.2771e-08,2.6343e-07,9.2431e-07,4.8083e-06,1.0156e-05,1.0142e-05,6.7535e-06,5.2549e-08,2.3719e-07,6.6176e-07,4.8871e-06,8.6851e-06,1.0063e-05,8.2834e-06
P39,30.00,180.00,0.00,0.00,5.4853e-08,2.5103e-07,8.8418e-07,4.7121e-06,1.0041e-05,1.0028e-05,6.5110e-06,5.4552e-08,2.2583e-07,6.3555e-07,4.7977e-06,8.5888e-06,9.9529e-06,8.0478e-06
P39,0.00,90.00,30.00,0.00,5.2112e-08,2.6342e-07,9.2431e-07,4.8082e-06,1.0156e-05,1.0142e-05,6.7535e-06,5.1894e-08,2.3719e-07,6.6176e-07,4.8871e-06,8.6851e-06,1.0063e-05,8.2834e-06
P39,30.00,0.00,30.00,0.00,5.4148e-08,2.5103e-07,8.8417e-07,4.7121e-06,1.0041e-05,1.0028e-05,6.5110e-06,5.3852e-08,2.2583e-07,6.3555e-07,4.7977e-06,8.5888e-06,9.9529e-06,8.0478e-06
P39,0.00,135.00,60.00,0.00,4.9336e-08,2.6342e-07,9.2428e-07,4.8081e-06,1.0156e-05,1.0142e-05,6.7535e-06,4.9126e-08,2.3719e-07,6.6176e-07,4.8869e-06,8.6850e-06,1.0063e-05,8.2834e-06
P39,60.00,45.00,0.00,0.00,6.5134e-08,2.0733e-07,7.4976e-07,4.2375e-06,9.4379e-06,9.4252e-06,5.6394e-06,6.4405e-08,1.8596e-07,5.4168e-07,4.3452e-06,8.0716e-06,9.3725e-06,7.0974e-06
P39,30.00,135.00,0.00,0.00,5.4853e-08,2.5103e-07,8.8418e-07,4.7121e-06,1.0041e-05,1.0028e-05,6.5110e-06,5.4552e-08,2.2583e-07,6.3555e-07,4.7977e-06,8.5888e-06,9.9529e-06,8.0478e-06
P39,30.00,45.00,0.00,0.00,5.4853e-08,2.5103e-07,8.8418e-07,4.7121e-06,1.0041e-05,1.0028e-05,6.5110e-06,5.4552e-08,2.2583e-07,6.3555e-07,4.7977e-06,8.5888e-06,9.9529e-06,8.0478e-06
P39,30.00,0.00,0.00,0.00,5.4853e-08,2.5103e-07,8.8418e-07,4.7121e-06,1.0041e-05,1.0028e-05,6.5110e-06,5.4552e-08,2.2583e-07,6.3555e-07,4.7977e-06,8.5888e-06,9.9529e-06,8.0478e-06
P39,60.00,180.00,0.00,0.00,6.5134e-08,2.0733e-07,7.4976e-07,4.2375e-06,9.4379e-06,9.4252e-06,5.6394e-06,6.4405e-08,1.8596e-07,5.4168e-07,4.3452e-06,8.0716e-06,9.3725e-06,7.0974e-06
P39,0.00,45.00,60.00,0.00,4.9336e-08,2.6342e-07,9.2428e-07,4.8081e-06,1.0156e-05,1.0142e-05,6.7535e-06,4.9126e-08,2.3719e-07,6.6176e-07,4.8869e-06,8.6850e-06,1.0063e-05,8.2834e-06
P39,60.00,135.00,60.00,0.00,5.9407e-08,2.0732e-07,7.4974e-07,4.2371e-06,9.4378e-06,9.4251e-06,5.6394e-06,5.8698e-08,1.8596e-07,5.4168e-07,4.3448e-06,8.0715e-06,9.3724e-06,7.0973e-06
P39,30.00,180.00,30.00,0.00,5.4114e-08,2.5103e-07,8.8417e-07,4.7120e-06,1.0041e-05,1.0028e-05,6.5110e-06,5.3818e-08,2.2583e-07,6.3555e-07,4.7977e-06,8.5888e-06,9.9529e-06,8.0478e-06
P39,0.00,180.00,30.00,0.00,5.2112e-08,2.6342e-07,9.2431e-07,4.8082e-06,1.0156e-05,1.0142e-05,6.7535e-06,5.1894e-08,2.3719e-07,6.6176e-07,4.8871e-06,8.6851e-06,1.0063e-05,8.2834e-06
P39,30.00,90.00,60.00,0.00,5.1058e-08,2.5102e-07,8.8415e-07,4.7119e-06,1.0041e-05,1.0027e-05,6.5110e-06,5.0769e-08,2.2583e-07,6.3555e-07,4.7975e-06,8.5887e-06,9.9528e-06,8.0477e-06
P39,0.00,90.00,0.00,0.00,5.2771e-08,2.6343e-07,9.2431e-07,4.8083e-06,1.0156e-05,1.0142e-05,6.7535e-06,5.2549e-08,2.3719e-07,6.6176e-07,4.8871e-06,8.6851e-06,1.0063e-05,8.2834e-06
P39,30.00,135.00,60.00,0.00,5.1008e-08,2.5102e-07,8.8415e-07,4.7119e-06,1.0041e-05,1.0027e-05,6.5110e-06,5.0720e-08,2.2583e-07,6.3555e-07,4.7975e-06,8.5887e-06,9.9528e-06,8.0477e-06
P39,0.00,90.00,60.00,0.00,4.9336e-08,2.6342e-07,9.2428e-07,4.8081e-06,1.0156e-05,1.0142e-05,6.7535e-06,4.9126e-08,2.3719e-07,6.6176e-07,4.8869e-06,8.6850e-06,1.0063e-05,8.2834e-06
P39,30.00,90.00,0.00,0.00,5.4853e-08,2.5103e-07,8.8418e-07,4.7121e-06,1.0041e-05,1.0028e-05,6.5110e-06,5.4552e-08,2.2583e-07,6.3555e-07,4.7977e-06,8.5888e-06,9.9529e-06,8.0478e-06
P39,60.00,45.00,30.00,0.00,6.4171e-08,2.0733e-07,7.4975e-07,4.2374e-06,9.4379e-06,9.4251e-06,5.6394e-06,6.3448e-08,1.8596e-07,5.4168e-07,4.3451e-06,8.0716e-06,9.3725e-06,7.0974e-06
P39,60.00,180.00,30.00,0.00,6.4043e-08,2.0733e-07,7.4975e-07,4.2374e-06,9.4379e-06,9.4251e-06,5.6394e-06,6.3320e-08,1.8596e-07,5.4168e-07,4.3451e-06,8.0716e-06,9.3725e-06,7.0974e-06
P39,30.00,0.00,60.00,0.00,5.1128e-08,2.5102e-07,8.8415e-07,4.7119e-06,1.0041e-05,1.0027e-05,6.5110e-06,5.0839e-08,2.2583e-07,6.3555e-07,4.7975e-06,8.5887e-06,9.9528e-06,8.0477e-06
P39,0.00,0.00,30.00,0.00,5.2112e-08,2.6342e-07,9.2431e-07,4.8082e-06,1.0156e-05,1.0142e-05,6.7535e-06,5.1894e-08,2.3719e-07,6.6176e-07,4.8871e-06,8.6851e-06,1.0063e-05,8.2834e-06
P39,60.00,135.00,0.00,0.00,6.5134e-08,2.0733e-07,7.4976e-07,4.2375e-06,9.4379e-06,9.4252e-06,5.6394e-06,6.4405e-08,1.8596e-07,5.4168e-07,4.3452e-06,8.0716e-06,9.3725e-06,7.0974e-06
P39,30.00,45.00,60.00,0.00,5.1107e-08,2.5102e-07,8.8415e-07,4.7119e-06,1.0041e-05,1.0027e-05,6.5110e-06,5.0819e-08,2.2583e-07,6.3555e-07,4.7975e-06,8.5887e-06,9.9528e-06,8.0477e-06
P39,60.00,90.00,0.00,0.00,6.5134e-08,2.0733e-07,7.4976e-07,4.2375e-06,9.4379e-06,9.4252e-06,5.6394e-06,6.4405e-08,1.8596e-07,5.4168e-07,4.3452e-06,8.0716e-06,9.3725e-06,7.0974e-06
P39,60.00,0.00,0.00,0.00,6.5134e-08,2.0733e-07,7.4976e-07,4.2375e-06,9.4379e-06,9.4252e-06,5.6394e-06,6.4405e-08,1.8596e-07,5.4168e-07,4.3452e-06,8.0716e-06,9.3725e-06,7.0974e-06
P39,30.00,45.00,30.00,0.00,5.4143e-08,2.5103e-07,8.8417e-07,4.7121e-06,1.0041e-05,1.0028e-05,6.5110e-06,5.3847e-08,2.2583e-07,6.3555e-07,4.7977e-06,8.5888e-06,9.9529e-06,8.0478e-06
P39,30.00,180.00,60.00,0.00,5.0988e-08,2.5102e-07,8.8415e-07,4.7119e-06,1.0041e-05,1.0027e-05,6.5110e-06,5.0699e-08,2.2583e-07,6.3555e-07,4.7975e-06,8.5887e-06,9.9528e-06,8.0477e-06
P39,60.00,90.00,30.00,0.00,6.4117e-08,2.0733e-07,7.4975e-07,4.2374e-06,9.4379e-06,9.4251e-06,5.6394e-06,6.3394e-08,1.8596e-07,5.4168e-07,4.3451e-06,8.0716e-06,9.3725e-06,7.0974e-06
P39,0.00,180.00,60.00,0.00,4.9336e-08,2.6342e-07,9.2428e-07,4.8081e-06,1.0156e-05,1.0142e-05,6.7535e-06,4.9126e-08,2.3719e-07,6.6176e-07,4.8869e-06,8.6850e-06,1.0063e-05,8.2834e-06
P39,60.00,90.00,60.00,0.00,5.9637e-08,2.0732e-07,7.4974e-07,4.2372e-06,9.4378e-06,9.4251e-06,5.6394e-06,5.8927e-08,1.8596e-07,5.4168e-07,4.3449e-06,8.0715e-06,9.3724e-06,7.0973e-06
P39,60.00,180.00,60.00,0.00,5.9310e-08,2.0732e-07,7.4974e-07,4.2371e-06,9.4378e-06,9.4251e-06,5.6394e-06,5.8600e-08,1.8596e-07,5.4168e-07,4.3448e-06,8.0714e-06,9.3724e-06,7.0973e-06
P39,0.00,0.00,60.00,0.00,4.9336e-08,2.6342e-07,9.2428e-07,4.8081e-06,1.0156e-05,1.0142e-05,6.7535e-06,4.9126e-08,2.3719e-07,6.6176e-07,4.8869e-06,8.6850e-06,1.0063e-05,8.2834e-06
P39,60.00,45.00,60.00,0.00,5.9859e-08,2.0732e-07,7.4974e-07,4.2372e-06,9.4378e-06,9.4251e-06,5.6394e-06,5.9149e-08,1.8596e-07,5.4168e-07,4.3449e-06,8.0715e-06,9.3724e-06,7.0973e-06
P39,30.00,90.00,30.00,0.00,5.4131e-08,2.5103e-07,8.8417e-07,4.7121e-06,1.0041e-05,1.0028e-05,6.5110e-06,5.3835e-08,2.2583e-07,6.3555e-07,4.7977e-06,8.5888e-06,9.9529e-06,8.0478e-06
P39,0.00,135.00,30.00,0.00,5.2112e-08,2.6342e-07,9.2431e-07,4.8082e-06,1.0156e-05,1.0142e-05,6.7535e-06,5.1894e-08,2.3719e-07,6.6176e-07,4.8871e-06,8.6851e-06,1.0063e-05,8.2834e-06
P39,60.00,135.00,30.00,0.00,6.4064e-08,2.0733e-07,7.4975e-07,4.2374e-06,9.4379e-06,9.4251e-06,5.6394e-06,6.3341e-08,1.8596e-07,5.4168e-07,4.3451e-06,8.0716e-06,9.3725e-06,7.0974e-06
P39,60.00,0.00,30.00,0.00,6.4193e-08,2.0733e-07,7.4975e-07,4.2374e-06,9.4379e-06,9.4251e-06,5.6394e-06,6.3470e-08,1.8596e-07,5.4168e-07,4.3451e-06,8.0716e-06,9.3725e-06,7.0974e-06
P39,0.00,45.00,30.00,0.00,5.2112e-08,2.6342e-07,9.2431e-07,4.8082e-06,1.0156e-05,1.0142e-05,6.7535e-06,5.1894e-08,2.3719e-07,6.6176e-07,4.8871e-06,8.6851e-06,1.0063e-05,8.2834e-06
P39,0.00,45.00,0.00,0.00,5.2771e-08,2.6343e-07,9.2431e-07,4.8083e-06,1.0156e-05,1.0142e-05,6.7535e-06,5.2549e-08,2.3719e-07,6.6176e-07,4.8871e-06,8.6851e-06,1.0063e-05,8.2834e-06
P39,0.00,0.00,0.00,0.00,5.2771e-08,2.6343e-07,9.2431e-07,4.8083e-06,1.0156e-05,1.0142e-05,6.7535e-06,5.2549e-08,2.3719e-07,6.6176e-07,4.8871e-06,8.6851e-06,1.0063e-05,8.2834e-06
P40,0.00,135.00,0.00,0.00,5.2629e-08,5.2561e-07,1.4756e-06,5.7114e-06,1.1167e-05,1.1155e-05,8.8688e-06,5.2893e-08,4.8664e-07,1.1581e-06,5.7472e-06,9.8029e-06,1.1082e-05,1.0015e-05
P40,30.00,135.00,0.00,0.00,5.4200e-08,5.0436e-07,1.4396e-06,5.6802e-06,1.1069e-05,1.1057e-05,8.6271e-06,5.4460e-08,4.6607e-07,1.1269e-06,5.7233e-06,9.7574e-06,1.0990e-05,9.8084e-06
P40,0.00,180.00,30.00,0.00,5.1866e-08,5.2561e-07,1.4756e-06,5.7113e-06,1.1167e-05,1.1155e-05,8.8688e-06,5.2131e-08,4.8664e-07,1.1581e-06,5.7472e-06,9.8029e-06,1.1082e-05,1.0015e-05
P40,30.00,0.00,30.00,0.00,5.3403e-08,5.0436e-07,1.4396e-06,5.6802e-06,1.1069e-05,1.1057e-05,8.6271e-06,5.3662e-08,4.6607e-07,1.1269e-06,5.7233e-06,9.7574e-06,1.0990e-05,9.8084e-06
P40,60.00,135.00,30.00,0.00,5.9478e-08,4.2062e-07,1.2977e-06,5.4643e-06,1.0577e-05,1.0566e-05,7.6755e-06,5.9691e-08,3.8519e-07,1.0011e-06,5.5358e-06,9.4171e-06,1.0515e-05,8.9698e-06
P40,30.00,180.00,0.00,0.00,5.4200e-08,5.0436e-07,1.4396e-06,5.6802e-06,1.1069e-05,1.1057e-05,8.6271e-06,5.4460e-08,4.6607e-07,1.1269e-06,5.7233e-06,9.7574e-06,1.0990e-05,9.8084e-06
P40,30.00,180.00,30.00,0.00,5.3360e-08,5.0436e-07,1.4396e-06,5.6802e-06,1.1069e-05,1.1057e-05,8.6271e-06,5.3620e-08,4.6607e-07,1.1269e-06,5.7233e-06,9.7574e-06,1.0990e-05,9.8084e-06
P40,30.00,90.00,0.00,0.00,5.4200e-08,5.0436e-07,1.4396e-06,5.6802e-06,1.1069e-05,1.1057e-05,8.6271e-06,5.4460e-08,4.6607e-07,1.1269e-06,5.7233e-06,9.7574e-06,1.0990e-05,9.8084e-06
P40,0.00,90.00,0.00,0.00,5.2629e-08,5.2561e-07,1.4756e-06,5.7114e-06,1.1167e-05,1.1155e-05,8.8688e-06,5.2893e-08,4.8664e-07,1.1581e-06,5.7472e-06,9.8029e-06,1.1082e-05,1.0015e-05
P40,60.00,90.00,0.00,0.00,6.0559e-08,4.2062e-07,1.2977e-06,5.4643e-06,1.0577e-05,1.0566e-05,7.6755e-06,6.0775e-08,3.8519e-07,1.0011e-06,5.5359e-06,9.4171e-06,1.0515e-05,8.9698e-06
P40,30.00,45.00,60.00,0.00,4.9990e-08,5.0436e-07,1.4396e-06,5.6800e-06,1.1069e-05,1.1057e-05,8.6271e-06,5.0244e-08,4.6607e-07,1.1269e-06,5.7231e-06,9.7573e-06,1.0990e-05,9.8084e-06
P40,0.00,0.00,0.00,0.00,5.2629e-08,5.2561e-07,1.4756e-06,5.7114e-06,1.1167e-05,1.1155e-05,8.8688e-06,5.2893e-08,4.8664e-07,1.1581e-06,5.7472e-06,9.8029e-06,1.1082e-05,1.0015e-05
P40,60.00,0.00,0.00,0.00,6.0559e-08,4.2062e-07,1.2977e-06,5.4643e-06,1.0577e-05,1.0566e-05,7.6755e-06,6.0775e-08,3.8519e-07,1.0011e-06,5.5359e-06,9.4171e-06,1.0515e-05,8.9698e-06
P40,60.00,90.00,60.00,0.00,5.5075e-08,4.2061e-07,1.2977e-06,5.4642e-06,1.0577e-05,1.0566e-05,7.6755e-06,5.5275e-08,3.8519e-07,1.0011e-06,5.5357e-06,9.4170e-06,1.0515e-05,8.9698e-06
P40,60.00,135.00,0.00,0.00,6.0559e-08,4.2062e-07,1.2977e-06,5.4643e-06,1.0577e-05,1.0566e-05,7.6755e-06,6.0775e-08,3.8519e-07,1.0011e-06,5.5359e-06,9.4171e-06,1.0515e-05,8.9698e-06
P40,30.00,45.00,0.00,0.00,5.4200e-08,5.0436e-07,1.4396e-06,5.6802e-06,1.1069e-05,1.1057e-05,8.6271e-06,5.4460e-08,4.6607e-07,1.1269e-06,5.7233e-06,9.7574e-06,1.0990e-05,9.8084e-06
P40,60.00,90.00,30.00,0.00,5.9536e-08,4.2062e-07,1.2977e-06,5.4643e-06,1.0577e-05,1.0566e-05,7.6755e-06,5.9750e-08,3.8519e-07,1.0011e-06,5.5358e-06,9.4171e-06,1.0515e-05,8.9698e-06
P40,0.00,45.00,0.00,0.00,5.2629e-08,5.2561e-07,1.4756e-06,5.7114e-06,1.1167e-05,1.1155e-05,8.8688e-06,5.2893e-08,4.8664e-07,1.1581e-06,5.7472e-06,9.8029e-06,1.1082e-05,1.0015e-05
P40,60.00,135.00,60.00,0.00,5.4841e-08,4.2061e-07,1.2977e-06,5.4642e-06,1.0577e-05,1.0566e-05,7.6755e-06,5.5040e-08,3.8519e-07,1.0011e-06,5.5357e-06,9.4170e-06,1.0515e-05,8.9698e-06
P40,0.00,0.00,30.00,0.00,5.1866e-08,5.2561e-07,1.4756e-06,5.7113e-06,1.1167e-05,1.1155e-05,8.8688e-06,5.2131e-08,4.8664e-07,1.1581e-06,5.7472e-06,9.8029e-06,1.1082e-05,1.0015e-05
P40,30.00,135.00,30.00,0.00,5.3366e-08,5.0436e-07,1.4396e-06,5.6802e-06,1.1069e-05,1.1057e-05,8.6271e-06,5.3626e-08,4.6607e-07,1.1269e-06,5.7233e-06,9.7574e-06,1.0990e-05,9.8084e-06
P40,30.00,135.00,60.00,0.00,4.9877e-08,5.0436e-07,1.4396e-06,5.6800e-06,1.1069e-05,1.1057e-05,8.6271e-06,5.0130e-08,4.6607e-07,1.1269e-06,5.7231e-06,9.7573e-06,1.0990e-05,9.8084e-06
P40,30.00,90.00,30.00,0.00,5.3381e-08,5.0436e-07,1.4396e-06,5.6802e-06,1.1069e-05,1.1057e-05,8.6271e-06,5.3641e-08,4.6607e-07,1.1269e-06,5.7233e-06,9.7574e-06,1.0990e-05,9.8084e-06
P40,30.00,90.00,60.00,0.00,4.9934e-08,5.0436e-07,1.4396e-06,5.6800e-06,1.1069e-05,1.1057e-05,8.6271e-06,5.0187e-08,4.6607e-07,1.1269e-06,5.7231e-06,9.7573e-06,1.0990e-05,9.8084e-06
P40,60.00,180.00,0.00,0.00,6.0559e-08,4.2062e-07,1.2977e-06,5.4643e-06,1.0577e-05,1.0566e-05,7.6755e-06,6.0775e-08,3.8519e-07,1.0011e-06,5.5359e-06,9.4171e-06,1.0515e-05,8.9698e-06
P40,30.00,45.00,30.00,0.00,5.3396e-08,5.0436e-07,1.4396e-06,5.6802e-06,1.1069e-05,1.1057e-05,8.6271e-06,5.3656e-08,4.6607e-07,1.1269e-06,5.7233e-06,9.7574e-06,1.0990e-05,9.8084e-06
P40,60.00,180.00,30.00,0.00,5.9453e-08,4.2062e-07,1.2977e-06,5.4643e-06,1.0577e-05,1.0566e-05,7.6755e-06,5.9667e-08,3.8519e-07,1.0011e-06,5.5358e-06,9.4171e-06,1.0515e-05,8.9698e-06
P40,0.00,90.00,60.00,0.00,4.8688e-08,5.2561e-07,1.4756e-06,5.7112e-06,1.1167e-05,1.1155e-05,8.8688e-06,4.8948e-08,4.8664e-07,1.1581e-06,5.7471e-06,9.8028e-06,1.1082e-05,1.0015e-05
P40,60.00,0.00,30.00,0.00,5.9620e-08,4.2062e-07,1.2977e-06,5.4643e-06,1.0577e-05,1.0566e-05,7.6755e-06,5.9834e-08,3.8519e-07,1.0011e-06,5.5358e-06,9.4171e-06,1.0515e-05,8.9698e-06
P40,0.00,180.00,60.00,0.00,4.8688e-08,5.2561e-07,1.4756e-06,5.7112e-06,1.1167e-05,1.1155e-05,8.8688e-06,4.8948e-08,4.8664e-07,1.1581e-06,5.7471e-06,9.8028e-06,1.1082e-05,1.0015e-05
P40,60.00,0.00,60.00,0.00,5.5395e-08,4.2061e-07,1.2977e-06,5.4642e-06,1.0577e-05,1.0566e-05,7.6755e-06,5.5596e-08,3.8519e-07,1.0011e-06,5.5357e-06,9.4170e-06,1.0515e-05,8.9698e-06
P40,0.00,45.00,30.00,0.00,5.1866e-08,5.2561e-07,1.4756e-06,5.7113e-06,1.1167e-05,1.1155e-05,8.8688e-06,5.2131e-08,4.8664e-07,1.1581e-06,5.7472e-06,9.8029e-06,1.1082e-05,1.0015e-05
P40,0.00,180.00,0.00,0.00,5.2629e-08,5.2561e-07,1.4756e-06,5.7114e-06,1.1167e-05,1.1155e-05,8.8688e-06,5.2893e-08,4.8664e-07,1.1581e-06,5.7472e-06,9.8029e-06,1.1082e-05,1.0015e-05
P40,0.00,0.00,60.00,0.00,4.8688e-08,5.2561e-07,1.4756e-06,5.7112e-06,1.1167e-05,1.1155e-05,8.8688e-06,4.8948e-08,4.8664e-07,1.1581e-06,5.7471e-06,9.8028e-06,1.1082e-05,1.0015e-05
P40,0.00,135.00,30.00,0.00,5.1866e-08,5.2561e-07,1.4756e-06,5.7113e-06,1.1167e-05,1.1155e-05,8.8688e-06,5.2131e-08,4.8664e-07,1.1581e-06,5.7472e-06,9.8029e-06,1.1082e-05,1.0015e-05
P40,60.00,45.00,30.00,0.00,5.9596e-08,4.2062e-07,1.2977e-06,5.4643e-06,1.0577e-05,1.0566e-05,7.6755e-06,5.9810e-08,3.8519e-07,1.0011e-06,5.5358e-06,9.4171e-06,1.0515e-05,8.9698e-06
P40,0.00,90.00,30.00,0.00,5.1866e-08,5.2561e-07,1.4756e-06,5.7113e-06,1.1167e-05,1.1155e-05,8.8688e-06,5.2131e-08,4.8664e-07,1.1581e-06,5.7472e-06,9.8029e-06,1.1082e-05,1.0015e-05
P40,60.00,45.00,0.00,0.00,6.0559e-08,4.2062e-07,1.2977e-06,5.4643e-06,1.0577e-05,1.0566e-05,7.6755e-06,6.0775e-08,3.8519e-07,1.0011e-06,5.5359e-06,9.4171e-06,1.0515e-05,8.9698e-06
P40,60.00,45.00,60.00,0.00,5.5303e-08,4.2061e-07,1.2977e-06,5.4642e-06,1.0577e-05,1.0566e-05,7.6755e-06,5.5503e-08,3.8519e-07,1.0011e-06,5.5357e-06,9.4170e-06,1.0515e-05,8.9698e-06
P40,30.00,180.00,60.00,0.00,4.9854e-08,5.0436e-07,1.4396e-06,5.6800e-06,1.1069e-05,1.1057e-05,8.6271e-06,5.0107e-08,4.6607e-07,1.1269e-06,5.7231e-06,9.7573e-06,1.0990e-05,9.8084e-06
P40,60.00,180.00,60.00,0.00,5.4742e-08,4.2061e-07,1.2977e-06,5.4642e-06,1.0577e-05,1.0566e-05,7.6755e-06,5.4941e-08,3.8519e-07,1.0011e-06,5.5357e-06,9.4170e-06,1.0515e-05,8.9698e-06
P40,30.00,0.00,60.00,0.00,5.0014e-08,5.0436e-07,1.4396e-06,5.6800e-06,1.1069e-05,1.1057e-05,8.6271e-06,5.0267e-08,4.6607e-07,1.1269e-06,5.7231e-06,9.7573e-06,1.0990e-05,9.8084e-06
P40,0.00,45.00,60.00,0.00,4.8688e-08,5.2561e-07,1.4756e-06,5.7112e-06,1.1167e-05,1.1155e-05,8.8688e-06,4.8948e-08,4.8664e-07,1.1581e-06,5.7471e-06,9.8028e-06,1.1082e-05,1.0015e-05
P40,0.00,135.00,60.00,0.00,4.8688e-08,5.2561e-07,1.4756e-06,5.7112e-06,1.1167e-05,1.1155e-05,8.8688e-06,4.8948e-08,4.8664e-07,1.1581e-06,5.7471e-06,9.8028e-06,1.1082e-05,1.0015e-05
P40,30.00,0.00,0.00,0.00,5.4200e-08,5.0436e-07,1.4396e-06,5.6802e-06,1.1069e-05,1.1057e-05,8.6271e-06,5.4460e-08,4.6607e-07,1.1269e-06,5.7233e-06,9.7574e-06,1.0990e-05,9.8084e-06
P41,0.00,135.00,60.00,0.00,4.9038e-08,3.4668e-07,1.1993e-06,5.5817e-06,1.1231e-05,1.1217e-05,8.6941e-06,4.9259e-08,3.1248e-07,8.7424e-07,5.6233e-06,9.7227e-06,1.1134e-05,9.9451e-06
P41,60.00,90.00,60.00,0.00,5.6548e-08,2.6191e-07,9.8677e-07,5.3889e-06,1.0805e-05,1.0793e-05,7.4541e-06,5.6646e-08,2.3334e-07,7.0024e-07,5.4703e-06,9.5542e-06,1.0749e-05,8.8651e-06
P41,0.00,0.00,0.00,0.00,5.2981e-08,3.4668e-07,1.1993e-06,5.5819e-06,1.1231e-05,1.1217e-05,8.6941e-06,5.3202e-08,3.1248e-07,8.7424e-07,5.6235e-06,9.7228e-06,1.1134e-05,9.9451e-06
P41,0.00,180.00,0.00,0.00,5.2981e-08,3.4668e-07,1.1993e-06,5.5819e-06,1.1231e-05,1.1217e-05,8.6941e-06,5.3202e-08,3.1248e-07,8.7424e-07,5.6235e-06,9.7228e-06,1.1134e-05,9.9451e-06
P41,0.00,45.00,30.00,0.00,5.2222e-08,3.4668e-07,1.1993e-06,5.5819e-06,1.1231e-05,1.1217e-05,8.6941e-06,5.2445e-08,3.1248e-07,8.7424e-07,5.6235e-06,9.7228e-06,1.1134e-05,9.9451e-06
P41,30.00,180.00,0.00,0.00,5.4724e-08,3.2799e-07,1.1552e-06,5.5569e-06,1.1176e-05,1.1163e-05,8.4441e-06,5.4931e-08,2.9490e-07,8.3809e-07,5.6062e-06,9.7155e-06,1.1088e-05,9.7390e-06
P41,30.00,0.00,0.00,0.00,5.4724e-08,3.2799e-07,1.1552e-06,5.5569e-06,1.1176e-05,1.1163e-05,8.4441e-06,5.4931e-08,2.9490e-07,8.3809e-07,5.6062e-06,9.7155e-06,1.1088e-05,9.7390e-06
P41,60.00,0.00,0.00,0.00,6.2211e-08,2.6191e-07,9.8677e-07,5.3891e-06,1.0805e-05,1.0793e-05,7.4541e-06,6.2320e-08,2.3335e-07,7.0024e-07,5.4706e-06,9.5543e-06,1.0749e-05,8.8651e-06
P41,30.00,45.00,60.00,0.00,5.0493e-08,3.2799e-07,1.1552e-06,5.5567e-06,1.1176e-05,1.1163e-05,8.4441e-06,5.0697e-08,2.9490e-07,8.3809e-07,5.6059e-06,9.7154e-06,1.1088e-05,9.7390e-06
P41,60.00,0.00,30.00,0.00,6.1247e-08,2.6191e-07,9.8677e-07,5.3891e-06,1.0805e-05,1.0793e-05,7.4541e-06,6.1354e-08,2.3335e-07,7.0024e-07,5.4706e-06,9.5543e-06,1.0749e-05,8.8651e-06
P41,30.00,180.00,60.00,0.00,5.0355e-08,3.2799e-07,1.1552e-06,5.5566e-06,1.1176e-05,1.1163e-05,8.4441e-06,5.0559e-08,2.9490e-07,8.3809e-07,5.6059e-06,9.7154e-06,1.1088e-05,9.7390e-06
P41,30.00,135.00,0.00,0.00,5.4724e-08,3.2799e-07,1.1552e-06,5.5569e-06,1.1176e-05,1.1163e-05,8.4441e-06,5.4931e-08,2.9490e-07,8.3809e-07,5.6062e-06,9.7155e-06,1.1088e-05,9.7390e-06
P41,60.00,180.00,30.00,0.00,6.1077e-08,2.6191e-07,9.8677e-07,5.3891e-06,1.0805e-05,1.0793e-05,7.4541e-06,6.1185e-08,2.3335e-07,7.0024e-07,5.4705e-06,9.5543e-06,1.0749e-05,8.8651e-06
P41,0.00,90.00,60.00,0.00,4.9038e-08,3.4668e-07,1.1993e-06,5.5817e-06,1.1231e-05,1.1217e-05,8.6941e-06,4.9259e-08,3.1248e-07,8.7424e-07,5.6233e-06,9.7227e-06,1.1134e-05,9.9451e-06
P41,60.00,135.00,0.00,0.00,6.2211e-08,2.6191e-07,9.8677e-07,5.3891e-06,1.0805e-05,1.0793e-05,7.4541e-06,6.2320e-08,2.3335e-07,7.0024e-07,5.4706e-06,9.5543e-06,1.0749e-05,8.8651e-06
P41,30.00,90.00,30.00,0.00,5.3906e-08,3.2799e-07,1.1552e-06,5.5569e-06,1.1176e-05,1.1163e-05,8.4441e-06,5.4114e-08,2.9490e-07,8.3809e-07,5.6061e-06,9.7155e-06,1.1088e-05,9.7390e-06
P41,0.00,135.00,0.00,0.00,5.2981e-08,3.4668e-07,1.1993e-06,5.5819e-06,1.1231e-05,1.1217e-05,8.6941e-06,5.3202e-08,3.1248e-07,8.7424e-07,5.6235e-06,9.7228e-06,1.1134e-05,9.9451e-06
P41,0.00,45.00,0.00,0.00,5.2981e-08,3.4668e-07,1.1993e-06,5.5819e-06,1.1231e-05,1.1217e-05,8.6941e-06,5.3202e-08,3.1248e-07,8.7424e-07,5.6235e-06,9.7228e-06,1.1134e-05,9.9451e-06
P41,30.00,90.00,60.00,0.00,5.0436e-08,3.2799e-07,1.1552e-06,5.5566e-06,1.1176e-05,1.1163e-05,8.4441e-06,5.0640e-08,2.9490e-07,8.3809e-07,5.6059e-06,9.7154e-06,1.1088e-05,9.7390e-06
P41,60.00,180.00,60.00,0.00,5.6202e-08,2.6191e-07,9.8677e-07,5.3888e-06,1.0805e-05,1.0793e-05,7.4541e-06,5.6299e-08,2.3335e-07,7.0024e-07,5.4703e-06,9.5541e-06,1.0749e-05,8.8651e-06
P41,60.00,135.00,30.00,0.00,6.1101e-08,2.6191e-07,9.8677e-07,5.3891e-06,1.0805e-05,1.0793e-05,7.4541e-06,6.1209e-08,2.3335e-07,7.0024e-07,5.4705e-06,9.5543e-06,1.0749e-05,8.8651e-06
P41,30.00,180.00,30.00,0.00,5.3885e-08,3.2799e-07,1.1552e-06,5.5569e-06,1.1176e-05,1.1163e-05,8.4441e-06,5.4093e-08,2.9490e-07,8.3809e-07,5.6061e-06,9.7155e-06,1.1088e-05,9.7390e-06
P41,30.00,135.00,60.00,0.00,5.0379e-08,3.2799e-07,1.1552e-06,5.5566e-06,1.1176e-05,1.1163e-05,8.4441e-06,5.0583e-08,2.9490e-07,8.3809e-07,5.6059e-06,9.7154e-06,1.1088e-05,9.7390e-06
P41,0.00,0.00,60.00,0.00,4.9038e-08,3.4668e-07,1.1993e-06,5.5817e-06,1.1231e-05,1.1217e-05,8.6941e-06,4.9259e-08,3.1248e-07,8.7424e-07,5.6233e-06,9.7227e-06,1.1134e-05,9.9451e-06
P41,0.00,135.00,30.00,0.00,5.2222e-08,3.4668e-07,1.1993e-06,5.5819e-06,1.1231e-05,1.1217e-05,8.6941e-06,5.2445e-08,3.1248e-07,8.7424e-07,5.6235e-06,9.7228e-06,1.1134e-05,9.9451e-06
P41,0.00,0.00,30.00,0.00,5.2222e-08,3.4668e-07,1.1993e-06,5.5819e-06,1.1231e-05,1.1217e-05,8.6941e-06,5.2445e-08,3.1248e-07,8.7424e-07,5.6235e-06,9.7228e-06,1.1134e-05,9.9451e-06
P41,60.00,45.00,0.00,0.00,6.2211e-08,2.6191e-07,9.8677e-07,5.3891e-06,1.0805e-05,1.0793e-05,7.4541e-06,6.2320e-08,2.3335e-07,7.0024e-07,5.4706e-06,9.5543e-06,1.0749e-05,8.8651e-06
P41,30.00,45.00,30.00,0.00,5.3921e-08,3.2799e-07,1.1552e-06,5.5569e-06,1.1176e-05,1.1163e-05,8.4441e-06,5.4129e-08,2.9490e-07,8.3809e-07,5.6061e-06,9.7155e-06,1.1088e-05,9.7390e-06
P41,30.00,135.00,30.00,0.00,5.3891e-08,3.2799e-07,1.1552e-06,5.5569e-06,1.1176e-05,1.1163e-05,8.4441e-06,5.4099e-08,2.9490e-07,8.3809e-07,5.6061e-06,9.7155e-06,1.1088e-05,9.7390e-06
P41,0.00,90.00,0.00,0.00,5.2981e-08,3.4668e-07,1.1993e-06,5.5819e-06,1.1231e-05,1.1217e-05,8.6941e-06,5.3202e-08,3.1248e-07,8.7424e-07,5.6235e-06,9.7228e-06,1.1134e-05,9.9451e-06
P41,30.00,0.00,30.00,0.00,5.3927e-08,3.2799e-07,1.1552e-06,5.5569e-06,1.1176e-05,1.1163e-05,8.4441e-06,5.4135e-08,2.9490e-07,8.3809e-07,5.6061e-06,9.7155e-06,1.1088e-05,9.7390e-06
P41,0.00,180.00,30.00,0.00,5.2222e-08,3.4668e-07,1.1993e-06,5.5819e-06,1.1231e-05,1.1217e-05,8.6941e-06,5.2445e-08,3.1248e-07,8.7424e-07,5.6235e-06,9.7228e-06,1.1134e-05,9.9451e-06
P41,30.00,0.00,60.00,0.00,5.0517e-08,3.2799e-07,1.1552e-06,5.5567e-06,1.1176e-05,1.1163e-05,8.4441e-06,5.0721e-08,2.9490e-07,8.3809e-07,5.6059e-06,9.7154e-06,1.1088e-05,9.7390e-06
P41,60.00,90.00,0.00,0.00,6.2211e-08,2.6191e-07,9.8677e-07,5.3891e-06,1.0805e-05,1.0793e-05,7.4541e-06,6.2320e-08,2.3335e-07,7.0024e-07,5.4706e-06,9.5543e-06,1.0749e-05,8.8651e-06
P41,60.00,135.00,60.00,0.00,5.6305e-08,2.6191e-07,9.8677e-07,5.3888e-06,1.0805e-05,1.0793e-05,7.4541e-06,5.6402e-08,2.3335e-07,7.0024e-07,5.4703e-06,9.5542e-06,1.0749e-05,8.8651e-06
P41,60.00,45.00,30.00,0.00,6.1222e-08,2.6191e-07,9.8677e-07,5.3891e-06,1.0805e-05,1.0793e-05,7.4541e-06,6.1329e-08,2.3335e-07,7.0024e-07,5.4706e-06,9.5543e-06,1.0749e-05,8.8651e-06
P41,0.00,90.00,30.00,0.00,5.2222e-08,3.4668e-07,1.1993e-06,5.5819e-06,1.1231e-05,1.1217e-05,8.6941e-06,5.2445e-08,3.1248e-07,8.7424e-07,5.6235e-06,9.7228e-06,1.1134e-05,9.9451e-06
P41,0.00,180.00,60.00,0.00,4.9038e-08,3.4668e-07,1.1993e-06,5.5817e-06,1.1231e-05,1.1217e-05,8.6941e-06,4.9259e-08,3.1248e-07,8.7424e-07,5.6233e-06,9.7227e-06,1.1134e-05,9.9451e-06
P41,30.00,45.00,0.00,0.00,5.4724e-08,3.2799e-07,1.1552e-06,5.5569e-06,1.1176e-05,1.1163e-05,8.4441e-06,5.4931e-08,2.9490e-07,8.3809e-07,5.6062e-06,9.7155e-06,1.1088e-05,9.7390e-06
P41,60.00,90.00,30.00,0.00,6.1161e-08,2.6191e-07,9.8677e-07,5.3891e-06,1.0805e-05,1.0793e-05,7.4541e-06,6.1269e-08,2.3335e-07,7.0024e-07,5.4705e-06,9.5543e-06,1.0749e-05,8.8651e-06
P41,30.00,90.00,0.00,0.00,5.4724e-08,3.2799e-07,1.1552e-06,5.5569e-06,1.1176e-05,1.1163e-05,8.4441e-06,5.4931e-08,2.9490e-07,8.3809e-07,5.6062e-06,9.7155e-06,1.1088e-05,9.7390e-06
P41,60.00,45.00,60.00,0.00,5.6784e-08,2.6191e-07,9.8677e-07,5.3889e-06,1.0805e-05,1.0793e-05,7.4541e-06,5.6882e-08,2.3334e-07,7.0024e-07,5.4703e-06,9.5542e-06,1.0749e-05,8.8651e-06
P41,0.00,45.00,60.00,0.00,4.9038e-08,3.4668e-07,1.1993e-06,5.5817e-06,1.1231e-05,1.1217e-05,8.6941e-06,4.9259e-08,3.1248e-07,8.7424e-07,5.6233e-06,9.7227e-06,1.1134e-05,9.9451e-06
P41,60.00,180.00,0.00,0.00,6.2211e-08,2.6191e-07,9.8677e-07,5.3891e-06,1.0805e-05,1.0793e-05,7.4541e-06,6.2320e-08,2.3335e-07,7.0024e-07,5.4706e-06,9.5543e-06,1.0749e-05,8.8651e-06
P41,60.00,0.00,60.00,0.00,5.6880e-08,2.6191e-07,9.8677e-07,5.3889e-06,1.0805e-05,1.0793e-05,7.4541e-06,5.6978e-08,2.3335e-07,7.0024e-07,5.4703e-06,9.5542e-06,1.0749e-05,8.8651e-06
P42,60.00,90.00,30.00,0.00,5.9438e-08,3.7440e-07,1.0718e-06,4.4747e-06,9.4209e-06,9.4092e-06,6.4977e-06,5.9337e-08,3.4625e-07,8.4357e-07,4.5542e-06,8.1673e-06,9.3559e-06,7.7214e-06
P42,60.00,180.00,60.00,0.00,5.4426e-08,3.7440e-07,1.0718e-06,4.4743e-06,9.4208e-06,9.4091e-06,6.4977e-06,5.4325e-08,3.4625e-07,8.4357e-07,4.5538e-06,8.1670e-06,9.3558e-06,7.7214e-06
P42,30.00,0.00,60.00,0.00,4.8410e-08,4.2967e-07,1.1754e-06,4.8168e-06,9.9204e-06,9.9082e-06,7.3297e-06,4.8521e-08,3.9919e-07,9.3156e-07,4.8742e-06,8.5949e-06,9.8410e-06,8.5178e-06
P42,0.00,180.00,0.00,0.00,5.0760e-08,4.4380e-07,1.2018e-06,4.8902e-06,1.0027e-05,1.0015e-05,7.5481e-06,5.0895e-08,4.1272e-07,9.5376e-07,4.9417e-06,8.6814e-06,9.9438e-06,8.7166e-06
P42,0.00,180.00,60.00,0.00,4.6979e-08,4.4380e-07,1.2018e-06,4.8899e-06,1.0027e-05,1.0015e-05,7.5481e-06,4.7126e-08,4.1272e-07,9.5376e-07,4.9415e-06,8.6812e-06,9.9437e-06,8.7166e-06
P42,0.00,0.00,0.00,0.00,5.0760e-08,4.4380e-07,1.2018e-06,4.8902e-06,1.0027e-05,1.0015e-05,7.5481e-06,5.0895e-08,4.1272e-07,9.5376e-07,4.9417e-06,8.6814e-06,9.9438e-06,8.7166e-06
P42,0.00,135.00,0.00,0.00,5.0760e-08,4.4380e-07,1.2018e-06,4.8902e-06,1.0027e-05,1.0015e-05,7.5481e-06,5.0895e-08,4.1272e-07,9.5376e-07,4.9417e-06,8.6814e-06,9.9438e-06,8.7166e-06
P42,60.00,90.00,60.00,0.00,5.4772e-08,3.7440e-07,1.0718e-06,4.4744e-06,9.4208e-06,9.4091e-06,6.4977e-06,5.4671e-08,3.4625e-07,8.4357e-07,4.5538e-06,8.1670e-06,9.3558e-06,7.7214e-06
P42,30.00,180.00,0.00,0.00,5.2476e-08,4.2968e-07,1.1754e-06,4.8171e-06,9.9205e-06,9.9083e-06,7.3297e-06,5.2577e-08,3.9919e-07,9.3156e-07,4.8745e-06,8.5950e-06,9.8411e-06,8.5179e-06
P42,30.00,90.00,0.00,0.00,5.2476e-08,4.2968e-07,1.1754e-06,4.8171e-06,9.9205e-06,9.9083e-06,7.3297e-06,5.2577e-08,3.9919e-07,9.3156e-07,4.8745e-06,8.5950e-06,9.8411e-06,8.5179e-06
P42,0.00,90.00,30.00,0.00,5.0035e-08,4.4380e-07,1.2018e-06,4.8901e-06,1.0027e-05,1.0015e-05,7.5481e-06,5.0175e-08,4.1272e-07,9.5376e-07,4.9417e-06,8.6813e-06,9.9437e-06,8.7166e-06
P42,30.00,135.00,60.00,0.00,4.8278e-08,4.2967e-07,1.1754e-06,4.8168e-06,9.9204e-06,9.9082e-06,7.3297e-06,4.8389e-08,3.9919e-07,9.3156e-07,4.8742e-06,8.5949e-06,9.8410e-06,8.5178e-06
P42,30.00,45.00,0.00,0.00,5.2476e-08,4.2968e-07,1.1754e-06,4.8171e-06,9.9205e-06,9.9083e-06,7.3297e-06,5.2577e-08,3.9919e-07,9.3156e-07,4.8745e-06,8.5950e-06,9.8411e-06,8.5179e-06
P42,60.00,135.00,0.00,0.00,6.0496e-08,3.7441e-07,1.0718e-06,4.4747e-06,9.4209e-06,9.4092e-06,6.4977e-06,6.0393e-08,3.4625e-07,8.4357e-07,4.5542e-06,8.1673e-06,9.3559e-06,7.7215e-06
P42,60.00,0.00,60.00,0.00,5.5102e-08,3.7440e-07,1.0718e-06,4.4744e-06,9.4208e-06,9.4091e-06,6.4977e-06,5.5002e-08,3.4625e-07,8.4357e-07,4.5539e-06,8.1671e-06,9.3558e-06,7.7214e-06
P42,30.00,135.00,30.00,0.00,5.1675e-08,4.2968e-07,1.1754e-06,4.8170e-06,9.9205e-06,9.9082e-06,7.3297e-06,5.1780e-08,3.9919e-07,9.3156e-07,4.8744e-06,8.5950e-06,9.8411e-06,8.5179e-06
P42,60.00,45.00,30.00,0.00,5.9497e-08,3.7440e-07,1.0718e-06,4.4747e-06,9.4209e-06,9.4092e-06,6.4977e-06,5.9396e-08,3.4625e-07,8.4357e-07,4.5542e-06,8.1673e-06,9.3559e-06,7.7214e-06
P42,0.00,135.00,30.00,0.00,5.0035e-08,4.4380e-07,1.2018e-06,4.8901e-06,1.0027e-05,1.0015e-05,7.5481e-06,5.0175e-08,4.1272e-07,9.5376e-07,4.9417e-06,8.6813e-06,9.9437e-06,8.7166e-06
P42,30.00,45.00,60.00,0.00,4.8387e-08,4.2967e-07,1.1754e-06,4.8168e-06,9.9204e-06,9.9082e-06,7.3297e-06,4.8498e-08,3.9919e-07,9.3156e-07,4.8742e-06,8.5949e-06,9.8410e-06,8.5178e-06
P42,30.00,0.00,0.00,0.00,5.2476e-08,4.2968e-07,1.1754e-06,4.8171e-06,9.9205e-06,9.9083e-06,7.3297e-06,5.2577e-08,3.9919e-07,9.3156e-07,4.8745e-06,8.5950e-06,9.8411e-06,8.5179e-06
P42,0.00,45.00,0.00,0.00,5.0760e-08,4.4380e-07,1.2018e-06,4.8902e-06,1.0027e-05,1.0015e-05,7.5481e-06,5.0895e-08,4.1272e-07,9.5376e-07,4.9417e-06,8.6814e-06,9.9438e-06,8.7166e-06
P42,60.00,135.00,60.00,0.00,5.4529e-08,3.7440e-07,1.0718e-06,4.4744e-06,9.4208e-06,9.4091e-06,6.4977e-06,5.4428e-08,3.4625e-07,8.4357e-07,4.5538e-06,8.1670e-06,9.3558e-06,7.7214e-06
P42,0.00,90.00,60.00,0.00,4.6979e-08,4.4380e-07,1.2018e-06,4.8899e-06,1.0027e-05,1.0015e-05,7.5481e-06,4.7126e-08,4.1272e-07,9.5376e-07,4.9415e-06,8.6812e-06,9.9437e-06,8.7166e-06
P42,60.00,90.00,0.00,0.00,6.0496e-08,3.7441e-07,1.0718e-06,4.4747e-06,9.4209e-06,9.4092e-06,6.4977e-06,6.0393e-08,3.4625e-07,8.4357e-07,4.5542e-06,8.1673e-06,9.3559e-06,7.7215e-06
P42,60.00,0.00,30.00,0.00,5.9521e-08,3.7440e-07,1.0718e-06,4.4747e-06,9.4209e-06,9.4092e-06,6.4977e-06,5.9420e-08,3.4625e-07,8.4357e-07,4.5542e-06,8.1673e-06,9.3559e-06,7.7214e-06
P42,60.00,180.00,0.00,0.00,6.0496e-08,3.7441e-07,1.0718e-06,4.4747e-06,9.4209e-06,9.4092e-06,6.4977e-06,6.0393e-08,3.4625e-07,8.4357e-07,4.5542e-06,8.1673e-06,9.3559e-06,7.7215e-06
P42,0.00,45.00,60.00,0.00,4.6979e-08,4.4380e-07,1.2018e-06,4.8899e-06,1.0027e-05,1.0015e-05,7.5481e-06,4.7126e-08,4.1272e-07,9.5376e-07,4.9415e-06,8.6812e-06,9.9437e-06,8.7166e-06
P42,60.00,45.00,0.00,0.00,6.0496e-08,3.7441e-07,1.0718e-06,4.4747e-06,9.4209e-06,9.4092e-06,6.4977e-06,6.0393e-08,3.4625e-07,8.4357e-07,4.5542e-06,8.1673e-06,9.3559e-06,7.7215e-06
P42,30.00,180.00,30.00,0.00,5.1669e-08,4.2968e-07,1.1754e-06,4.8170e-06,9.9205e-06,9.9082e-06,7.3297e-06,5.1775e-08,3.9919e-07,9.3156e-07,4.8744e-06,8.5950e-06,9.8411e-06,8.5179e-06
P42,0.00,45.00,30.00,0.00,5.0035e-08,4.4380e-07,1.2018e-06,4.8901e-06,1.0027e-05,1.0015e-05,7.5481e-06,5.0175e-08,4.1272e-07,9.5376e-07,4.9417e-06,8.6813e-06,9.9437e-06,8.7166e-06
P42,30.00,180.00,60.00,0.00,4.8255e-08,4.2967e-07,1.1754e-06,4.8168e-06,9.9204e-06,9.9082e-06,7.3297e-06,4.8366e-08,3.9919e-07,9.3156e-07,4.8742e-06,8.5949e-06,9.8410e-06,8.5178e-06
P42,60.00,0.00,0.00,0.00,6.0496e-08,3.7441e-07,1.0718e-06,4.4747e-06,9.4209e-06,9.4092e-06,6.4977e-06,6.0393e-08,3.4625e-07,8.4357e-07,4.5542e-06,8.1673e-06,9.3559e-06,7.7215e-06
P42,60.00,180.00,30.00,0.00,5.9357e-08,3.7440e-07,1.0718e-06,4.4747e-06,9.4209e-06,9.4092e-06,6.4977e-06,5.9256e-08,3.4625e-07,8.4357e-07,4.5542e-06,8.1672e-06,9.3559e-06,7.7214e-06
P42,0.00,0.00,30.00,0.00,5.0035e-08,4.4380e-07,1.2018e-06,4.8901e-06,1.0027e-05,1.0015e-05,7.5481e-06,5.0175e-08,4.1272e-07,9.5376e-07,4.9417e-06,8.6813e-06,9.9437e-06,8.7166e-06
P42,0.00,90.00,0.00,0.00,5.0760e-08,4.4380e-07,1.2018e-06,4.8902e-06,1.0027e-05,1.0015e-05,7.5481e-06,5.0895e-08,4.1272e-07,9.5376e-07,4.9417e-06,8.6814e-06,9.9438e-06,8.7166e-06
P42,30.00,135.00,0.00,0.00,5.2476e-08,4.2968e-07,1.1754e-06,4.8171e-06,9.9205e-06,9.9083e-06,7.3297e-06,5.2577e-08,3.9919e-07,9.3156e-07,4.8745e-06,8.5950e-06,9.8411e-06,8.5179e-06
P42,0.00,135.00,60.00,0.00,4.6979e-08,4.4380e-07,1.2018e-06,4.8899e-06,1.0027e-05,1.0015e-05,7.5481e-06,4.7126e-08,4.1272e-07,9.5376e-07,4.9415e-06,8.6812e-06,9.9437e-06,8.7166e-06
P42,30.00,45.00,30.00,0.00,5.1702e-08,4.2968e-07,1.1754e-06,4.8170e-06,9.9205e-06,9.9082e-06,7.3297e-06,5.1808e-08,3.9919e-07,9.3156e-07,4.8744e-06,8.5950e-06,9.8411e-06,8.5179e-06
P42,30.00,0.00,30.00,0.00,5.1708e-08,4.2968e-07,1.1754e-06,4.8170e-06,9.9205e-06,9.9082e-06,7.3297e-06,5.1813e-08,3.9919e-07,9.3156e-07,4.8744e-06,8.5950e-06,9.8411e-06,8.5179e-06
P42,0.00,180.00,30.00,0.00,5.0035e-08,4.4380e-07,1.2018e-06,4.8901e-06,1.0027e-05,1.0015e-05,7.5481e-06,5.0175e-08,4.1272e-07,9.5376e-07,4.9417e-06,8.6813e-06,9.9437e-06,8.7166e-06
P42,30.00,90.00,30.00,0.00,5.1688e-08,4.2968e-07,1.1754e-06,4.8170e-06,9.9205e-06,9.9082e-06,7.3297e-06,5.1794e-08,3.9919e-07,9.3156e-07,4.8744e-06,8.5950e-06,9.8411e-06,8.5179e-06
P42,0.00,0.00,60.00,0.00,4.6979e-08,4.4380e-07,1.2018e-06,4.8899e-06,1.0027e-05,1.0015e-05,7.5481e-06,4.7126e-08,4.1272e-07,9.5376e-07,4.9415e-06,8.6812e-06,9.9437e-06,8.7166e-06
P42,60.00,45.00,60.00,0.00,5.5007e-08,3.7440e-07,1.0718e-06,4.4744e-06,9.4208e-06,9.4091e-06,6.4977e-06,5.4906e-08,3.4625e-07,8.4357e-07,4.5539e-06,8.1671e-06,9.3558e-06,7.7214e-06
P42,30.00,90.00,60.00,0.00,4.8333e-08,4.2967e-07,1.1754e-06,4.8168e-06,9.9204e-06,9.9082e-06,7.3297e-06,4.8443e-08,3.9919e-07,9.3156e-07,4.8742e-06,8.5949e-06,9.8410e-06,8.5178e-06
P42,60.00,135.00,30.00,0.00,5.9381e-08,3.7440e-07,1.0718e-06,4.4747e-06,9.4209e-06,9.4092e-06,6.4977e-06,5.9280e-08,3.4625e-07,8.4357e-07,4.5542e-06,8.1673e-06,9.3559e-06,7.7214e-06
P43,0.00,135.00,30.00,0.00,5.1465e-08,3.7268e-07,1.3220e-06,5.7471e-06,1.1504e-05,1.1489e-05,8.9131e-06,5.1611e-08,3.3549e-07,9.3427e-07,5.7867e-06,9.8209e-06,1.1383e-05,1.0232e-05
P43,60.00,45.00,0.00,0.00,6.1577e-08,2.8530e-07,1.0463e-06,5.6496e-06,1.1325e-05,1.1311e-05,7.6581e-06,6.1568e-08,2.5535e-07,7.3335e-07,5.7354e-06,9.8395e-06,1.1245e-05,9.2043e-06
P43,60.00,90.00,0.00,0.00,6.1577e-08,2.8530e-07,1.0463e-06,5.6496e-06,1.1325e-05,1.1311e-05,7.6581e-06,6.1568e-08,2.5535e-07,7.3335e-07,5.7354e-06,9.8395e-06,1.1245e-05,9.2043e-06
P43,30.00,135.00,60.00,0.00,5.0336e-08,3.5298e-07,1.2627e-06,5.7387e-06,1.1495e-05,1.1480e-05,8.6635e-06,5.0458e-08,3.1734e-07,8.8952e-07,5.7868e-06,9.8424e-06,1.1382e-05,1.0041e-05
P43,30.00,90.00,0.00,0.00,5.3794e-08,3.5298e-07,1.2627e-06,5.7389e-06,1.1495e-05,1.1480e-05,8.6635e-06,5.3917e-08,3.1734e-07,8.8952e-07,5.7870e-06,9.8426e-06,1.1382e-05,1.0041e-05
P43,60.00,135.00,60.00,0.00,5.6779e-08,2.8530e-07,1.0463e-06,5.6494e-06,1.1324e-05,1.1311e-05,7.6581e-06,5.6760e-08,2.5535e-07,7.3335e-07,5.7352e-06,9.8393e-06,1.1245e-05,9.2043e-06
P43,60.00,135.00,30.00,0.00,6.0673e-08,2.8530e-07,1.0463e-06,5.6496e-06,1.1324e-05,1.1311e-05,7.6581e-06,6.0664e-08,2.5535e-07,7.3335e-07,5.7354e-06,9.8395e-06,1.1245e-05,9.2043e-06
P43,0.00,135.00,0.00,0.00,5.2073e-08,3.7268e-07,1.3220e-06,5.7471e-06,1.1504e-05,1.1489e-05,8.9131e-06,5.2217e-08,3.3549e-07,9.3427e-07,5.7867e-06,9.8210e-06,1.1383e-05,1.0232e-05
P43,0.00,45.00,0.00,0.00,5.2073e-08,3.7268e-07,1.3220e-06,5.7471e-06,1.1504e-05,1.1489e-05,8.9131e-06,5.2217e-08,3.3549e-07,9.3427e-07,5.7867e-06,9.8210e-06,1.1383e-05,1.0232e-05
P43,0.00,180.00,60.00,0.00,4.8940e-08,3.7268e-07,1.3220e-06,5.7469e-06,1.1504e-05,1.1489e-05,8.9131e-06,4.9087e-08,3.3549e-07,9.3427e-07,5.7865e-06,9.8208e-06,1.1383e-05,1.0232e-05
P43,0.00,135.00,60.00,0.00,4.8940e-08,3.7268e-07,1.3220e-06,5.7469e-06,1.1504e-05,1.1489e-05,8.9131e-06,4.9087e-08,3.3549e-07,9.3427e-07,5.7865e-06,9.8208e-06,1.1383e-05,1.0232e-05
P43,60.00,0.00,60.00,0.00,5.7259e-08,2.8530e-07,1.0463e-06,5.6494e-06,1.1324e-05,1.1311e-05,7.6581e-06,5.7241e-08,2.5535e-07,7.3335e-07,5.7352e-06,9.8393e-06,1.1245e-05,9.2043e-06
P43,60.00,45.00,60.00,0.00,5.7179e-08,2.8530e-07,1.0463e-06,5.6494e-06,1.1324e-05,1.1311e-05,7.6581e-06,5.7160e-08,2.5535e-07,7.3335e-07,5.7352e-06,9.8393e-06,1.1245e-05,9.2043e-06
P43,60.00,45.00,30.00,0.00,6.0772e-08,2.8530e-07,1.0463e-06,5.6496e-06,1.1324e-05,1.1311e-05,7.6581e-06,6.0762e-08,2.5535e-07,7.3335e-07,5.7354e-06,9.8395e-06,1.1245e-05,9.2043e-06
P43,30.00,0.00,30.00,0.00,5.3155e-08,3.5298e-07,1.2627e-06,5.7388e-06,1.1495e-05,1.1480e-05,8.6635e-06,5.3280e-08,3.1734e-07,8.8952e-07,5.7869e-06,9.8426e-06,1.1382e-05,1.0041e-05
P43,30.00,0.00,60.00,0.00,5.0448e-08,3.5298e-07,1.2627e-06,5.7387e-06,1.1495e-05,1.1480e-05,8.6635e-06,5.0570e-08,3.1734e-07,8.8952e-07,5.7868e-06,9.8424e-06,1.1382e-05,1.0041e-05
P43,30.00,180.00,60.00,0.00,5.0317e-08,3.5298e-07,1.2627e-06,5.7387e-06,1.1495e-05,1.1480e-05,8.6635e-06,5.0439e-08,3.1734e-07,8.8952e-07,5.7868e-06,9.8424e-06,1.1382e-05,1.0041e-05
P43,0.00,90.00,60.00,0.00,4.8940e-08,3.7268e-07,1.3220e-06,5.7469e-06,1.1504e-05,1.1489e-05,8.9131e-06,4.9087e-08,3.3549e-07,9.3427e-07,5.7865e-06,9.8208e-06,1.1383e-05,1.0232e-05
P43,60.00,180.00,60.00,0.00,5.6694e-08,2.8530e-07,1.0463e-06,5.6494e-06,1.1324e-05,1.1311e-05,7.6581e-06,5.6674e-08,2.5535e-07,7.3335e-07,5.7352e-06,9.8393e-06,1.1245e-05,9.2043e-06
P43,0.00,90.00,0.00,0.00,5.2073e-08,3.7268e-07,1.3220e-06,5.7471e-06,1.1504e-05,1.1489e-05,8.9131e-06,5.2217e-08,3.3549e-07,9.3427e-07,5.7867e-06,9.8210e-06,1.1383e-05,1.0232e-05
P43,0.00,0.00,30.00,0.00,5.1465e-08,3.7268e-07,1.3220e-06,5.7471e-06,1.1504e-05,1.1489e-05,8.9131e-06,5.1611e-08,3.3549e-07,9.3427e-07,5.7867e-06,9.8209e-06,1.1383e-05,1.0232e-05
P43,60.00,90.00,30.00,0.00,6.0722e-08,2.8530e-07,1.0463e-06,5.6496e-06,1.1324e-05,1.1311e-05,7.6581e-06,6.0713e-08,2.5535e-07,7.3335e-07,5.7354e-06,9.8395e-06,1.1245e-05,9.2043e-06
P43,60.00,180.00,30.00,0.00,6.0653e-08,2.8530e-07,1.0463e-06,5.6496e-06,1.1324e-05,1.1311e-05,7.6581e-06,6.0644e-08,2.5535e-07,7.3335e-07,5.7354e-06,9.8395e-06,1.1245e-05,9.2043e-06
P43,60.00,90.00,60.00,0.00,5.6982e-08,2.8530e-07,1.0463e-06,5.6494e-06,1.1324e-05,1.1311e-05,7.6581e-06,5.6963e-08,2.5535e-07,7.3335e-07,5.7352e-06,9.8393e-06,1.1245e-05,9.2043e-06
P43,60.00,0.00,0.00,0.00,6.1577e-08,2.8530e-07,1.0463e-06,5.6496e-06,1.1325e-05,1.1311e-05,7.6581e-06,6.1568e-08,2.5535e-07,7.3335e-07,5.7354e-06,9.8395e-06,1.1245e-05,9.2043e-06
P43,30.00,180.00,30.00,0.00,5.3122e-08,3.5298e-07,1.2627e-06,5.7388e-06,1.1495e-05,1.1480e-05,8.6635e-06,5.3246e-08,3.1734e-07,8.8952e-07,5.7869e-06,9.8426e-06,1.1382e-05,1.0041e-05
P43,0.00,180.00,30.00,0.00,5.1465e-08,3.7268e-07,1.3220e-06,5.7471e-06,1.1504e-05,1.1489e-05,8.9131e-06,5.1611e-08,3.3549e-07,9.3427e-07,5.7867e-06,9.8209e-06,1.1383e-05,1.0232e-05
P43,30.00,90.00,30.00,0.00,5.3138e-08,3.5298e-07,1.2627e-06,5.7388e-06,1.1495e-05,1.1480e-05,8.6635e-06,5.3263e-08,3.1734e-07,8.8952e-07,5.7869e-06,9.8426e-06,1.1382e-05,1.0041e-05
P43,60.00,135.00,0.00,0.00,6.1577e-08,2.8530e-07,1.0463e-06,5.6496e-06,1.1325e-05,1.1311e-05,7.6581e-06,6.1568e-08,2.5535e-07,7.3335e-07,5.7354e-06,9.8395e-06,1.1245e-05,9.2043e-06
P43,30.00,45.00,60.00,0.00,5.0429e-08,3.5298e-07,1.2627e-06,5.7387e-06,1.1495e-05,1.1480e-05,8.6635e-06,5.0551e-08,3.1734e-07,8.8952e-07,5.7868e-06,9.8424e-06,1.1382e-05,1.0041e-05
P43,30.00,90.00,60.00,0.00,5.0383e-08,3.5298e-07,1.2627e-06,5.7387e-06,1.1495e-05,1.1480e-05,8.6635e-06,5.0505e-08,3.1734e-07,8.8952e-07,5.7868e-06,9.8424e-06,1.1382e-05,1.0041e-05
P43,0.00,90.00,30.00,0.00,5.1465e-08,3.7268e-07,1.3220e-06,5.7471e-06,1.1504e-05,1.1489e-05,8.9131e-06,5.1611e-08,3.3549e-07,9.3427e-07,5.7867e-06,9.8209e-06,1.1383e-05,1.0232e-05
P43,0.00,180.00,0.00,0.00,5.2073e-08,3.7268e-07,1.3220e-06,5.7471e-06,1.1504e-05,1.1489e-05,8.9131e-06,5.2217e-08,3.3549e-07,9.3427e-07,5.7867e-06,9.8210e-06,1.1383e-05,1.0232e-05
P43,0.00,45.00,30.00,0.00,5.1465e-08,3.7268e-07,1.3220e-06,5.7471e-06,1.1504e-05,1.1489e-05,8.9131e-06,5.1611e-08,3.3549e-07,9.3427e-07,5.7867e-06,9.8209e-06,1.1383e-05,1.0232e-05
P43,30.00,0.00,0.00,0.00,5.3794e-08,3.5298e-07,1.2627e-06,5.7389e-06,1.1495e-05,1.1480e-05,8.6635e-06,5.3917e-08,3.1734e-07,8.8952e-07,5.7870e-06,9.8426e-06,1.1382e-05,1.0041e-05
P43,60.00,180.00,0.00,0.00,6.1577e-08,2.8530e-07,1.0463e-06,5.6496e-06,1.1325e-05,1.1311e-05,7.6581e-06,6.1568e-08,2.5535e-07,7.3335e-07,5.7354e-06,9.8395e-06,1.1245e-05,9.2043e-06
P43,30.00,45.00,30.00,0.00,5.3150e-08,3.5298e-07,1.2627e-06,5.7388e-06,1.1495e-05,1.1480e-05,8.6635e-06,5.3275e-08,3.1734e-07,8.8952e-07,5.7869e-06,9.8426e-06,1.1382e-05,1.0041e-05
P43,0.00,0.00,60.00,0.00,4.8940e-08,3.7268e-07,1.3220e-06,5.7469e-06,1.1504e-05,1.1489e-05,8.9131e-06,4.9087e-08,3.3549e-07,9.3427e-07,5.7865e-06,9.8208e-06,1.1383e-05,1.0232e-05
P43,30.00,135.00,0.00,0.00,5.3794e-08,3.5298e-07,1.2627e-06,5.7389e-06,1.1495e-05,1.1480e-05,8.6635e-06,5.3917e-08,3.1734e-07,8.8952e-07,5.7870e-06,9.8426e-06,1.1382e-05,1.0041e-05
P43,0.00,45.00,60.00,0.00,4.8940e-08,3.7268e-07,1.3220e-06,5.7469e-06,1.1504e-05,1.1489e-05,8.9131e-06,4.9087e-08,3.3549e-07,9.3427e-07,5.7865e-06,9.8208e-06,1.1383e-05,1.0232e-05
P43,0.00,0.00,0.00,0.00,5.2073e-08,3.7268e-07,1.3220e-06,5.7471e-06,1.1504e-05,1.1489e-05,8.9131e-06,5.2217e-08,3.3549e-07,9.3427e-07,5.7867e-06,9.8210e-06,1.1383e-05,1.0232e-05
P43,30.00,180.00,0.00,0.00,5.3794e-08,3.5298e-07,1.2627e-06,5.7389e-06,1.1495e-05,1.1480e-05,8.6635e-06,5.3917e-08,3.1734e-07,8.8952e-07,5.7870e-06,9.8426e-06,1.1382e-05,1.0041e-05
P43,30.00,135.00,30.00,0.00,5.3126e-08,3.5298e-07,1.2627e-06,5.7388e-06,1.1495e-05,1.1480e-05,8.6635e-06,5.3251e-08,3.1734e-07,8.8952e-07,5.7869e-06,9.8426e-06,1.1382e-05,1.0041e-05
P43,60.00,0.00,30.00,0.00,6.0792e-08,2.8530e-07,1.0463e-06,5.6496e-06,1.1324e-05,1.1311e-05,7.6581e-06,6.0783e-08,2.5535e-07,7.3335e-07,5.7354e-06,9.8395e-06,1.1245e-05,9.2043e-06
P43,30.00,45.00,0.00,0.00,5.3794e-08,3.5298e-07,1.2627e-06,5.7389e-06,1.1495e-05,1.1480e-05,8.6635e-06,5.3917e-08,3.1734e-07,8.8952e-07,5.7870e-06,9.8426e-06,1.1382e-05,1.0041e-05
P44,0.00,180.00,0.00,0.00,5.4050e-08,2.6417e-07,1.3373e-06,4.8305e-06,1.0194e-05,1.0180e-05,6.3051e-06,5.3598e-08,2.2615e-07,8.7859e-07,4.8927e-06,8.5920e-06,1.0075e-05,8.2467e-06
P44,60.00,45.00,0.00,0.00,6.6744e-08,1.7669e-07,9.0787e-07,4.1892e-06,9.4437e-06,9.4292e-06,4.9761e-06,6.5703e-08,1.5152e-07,5.6530e-07,4.2852e-06,7.8772e-06,9.3443e-06,6.8981e-06
P44,0.00,180.00,30.00,0.00,5.3103e-08,2.6415e-07,1.3372e-06,4.8304e-06,1.0194e-05,1.0180e-05,6.3051e-06,5.2674e-08,2.2614e-07,8.7855e-07,4.8927e-06,8.5919e-06,1.0075e-05,8.2467e-06
P44,30.00,90.00,0.00,0.00,5.6135e-08,2.4158e-07,1.2479e-06,4.7257e-06,1.0077e-05,1.0063e-05,6.0183e-06,5.5592e-08,2.0625e-07,8.0739e-07,4.7955e-06,8.4806e-06,9.9617e-06,7.9863e-06
P44,30.00,135.00,60.00,0.00,5.1427e-08,2.4151e-07,1.2477e-06,4.7255e-06,1.0077e-05,1.0063e-05,6.0183e-06,5.0958e-08,2.0620e-07,8.0720e-07,4.7953e-06,8.4804e-06,9.9616e-06,7.9863e-06
P44,60.00,90.00,0.00,0.00,6.6744e-08,1.7669e-07,9.0787e-07,4.1892e-06,9.4437e-06,9.4292e-06,4.9761e-06,6.5703e-08,1.5152e-07,5.6530e-07,4.2852e-06,7.8772e-06,9.3443e-06,6.8981e-06
P44,30.00,180.00,0.00,0.00,5.6135e-08,2.4158e-07,1.2479e-06,4.7257e-06,1.0077e-05,1.0063e-05,6.0183e-06,5.5592e-08,2.0625e-07,8.0739e-07,4.7955e-06,8.4806e-06,9.9617e-06,7.9863e-06
P44,0.00,0.00,30.00,0.00,5.3103e-08,2.6415e-07,1.3372e-06,4.8304e-06,1.0194e-05,1.0180e-05,6.3051e-06,5.2674e-08,2.2614e-07,8.7855e-07,4.8927e-06,8.5919e-06,1.0075e-05,8.2467e-06
P44,0.00,135.00,60.00,0.00,4.9742e-08,2.6410e-07,1.3370e-06,4.8303e-06,1.0194e-05,1.0179e-05,6.3050e-06,4.9366e-08,2.2610e-07,8.7841e-07,4.8926e-06,8.5919e-06,1.0075e-05,8.2467e-06
P44,60.00,0.00,30.00,0.00,6.5493e-08,1.7668e-07,9.0782e-07,4.1892e-06,9.4437e-06,9.4292e-06,4.9761e-06,6.4473e-08,1.5152e-07,5.6527e-07,4.2852e-06,7.8771e-06,9.3443e-06,6.8981e-06
P44,30.00,0.00,30.00,0.00,5.5144e-08,2.4156e-07,1.2479e-06,4.7256e-06,1.0077e-05,1.0063e-05,6.0183e-06,5.4623e-08,2.0624e-07,8.0735e-07,4.7954e-06,8.4806e-06,9.9617e-06,7.9863e-06
P44,30.00,135.00,30.00,0.00,5.5107e-08,2.4156e-07,1.2479e-06,4.7256e-06,1.0077e-05,1.0063e-05,6.0183e-06,5.4587e-08,2.0624e-07,8.0735e-07,4.7954e-06,8.4806e-06,9.9616e-06,7.9863e-06
P44,0.00,90.00,30.00,0.00,5.3103e-08,2.6415e-07,1.3372e-06,4.8304e-06,1.0194e-05,1.0180e-05,6.3051e-06,5.2674e-08,2.2614e-07,8.7855e-07,4.8927e-06,8.5919e-06,1.0075e-05,8.2467e-06
P44,60.00,180.00,60.00,0.00,6.0059e-08,1.7664e-07,9.0757e-07,4.1889e-06,9.4435e-06,9.4290e-06,4.9761e-06,5.9092e-08,1.5149e-07,5.6511e-07,4.2849e-06,7.8770e-06,9.3442e-06,6.8980e-06
P44,30.00,0.00,0.00,0.00,5.6135e-08,2.4158e-07,1.2479e-06,4.7257e-06,1.0077e-05,1.0063e-05,6.0183e-06,5.5592e-08,2.0625e-07,8.0739e-07,4.7955e-06,8.4806e-06,9.9617e-06,7.9863e-06
P44,0.00,90.00,60.00,0.00,4.9742e-08,2.6410e-07,1.3370e-06,4.8303e-06,1.0194e-05,1.0179e-05,6.3050e-06,4.9366e-08,2.2610e-07,8.7841e-07,4.8926e-06,8.5919e-06,1.0075e-05,8.2467e-06
P44,30.00,45.00,30.00,0.00,5.5138e-08,2.4156e-07,1.2479e-06,4.7256e-06,1.0077e-05,1.0063e-05,6.0183e-06,5.4617e-08,2.0624e-07,8.0735e-07,4.7954e-06,8.4806e-06,9.9617e-06,7.9863e-06
P44,60.00,90.00,30.00,0.00,6.5410e-08,1.7668e-07,9.0782e-07,4.1892e-06,9.4436e-06,9.4292e-06,4.9761e-06,6.4391e-08,1.5152e-07,5.6527e-07,4.2852e-06,7.8771e-06,9.3443e-06,6.8981e-06
P44,30.00,0.00,60.00,0.00,5.1549e-08,2.4151e-07,1.2477e-06,4.7255e-06,1.0077e-05,1.0063e-05,6.0183e-06,5.1078e-08,2.0620e-07,8.0721e-07,4.7953e-06,8.4805e-06,9.9616e-06,7.9863e-06
P44,30.00,45.00,60.00,0.00,5.1528e-08,2.4151e-07,1.2477e-06,4.7255e-06,1.0077e-05,1.0063e-05,6.0183e-06,5.1058e-08,2.0620e-07,8.0721e-07,4.7953e-06,8.4805e-06,9.9616e-06,7.9863e-06
P44,60.00,135.00,0.00,0.00,6.6744e-08,1.7669e-07,9.0787e-07,4.1892e-06,9.4437e-06,9.4292e-06,4.9761e-06,6.5703e-08,1.5152e-07,5.6530e-07,4.2852e-06,7.8772e-06,9.3443e-06,6.8981e-06
P44,0.00,0.00,60.00,0.00,4.9742e-08,2.6410e-07,1.3370e-06,4.8303e-06,1.0194e-05,1.0179e-05,6.3050e-06,4.9366e-08,2.2610e-07,8.7841e-07,4.8926e-06,8.5919e-06,1.0075e-05,8.2467e-06
P44,0.00,180.00,60.00,0.00,4.9742e-08,2.6410e-07,1.3370e-06,4.8303e-06,1.0194e-05,1.0179e-05,6.3050e-06,4.9366e-08,2.2610e-07,8.7841e-07,4.8926e-06,8.5919e-06,1.0075e-05,8.2467e-06
P44,60.00,135.00,30.00,0.00,6.5352e-08,1.7668e-07,9.0782e-07,4.1892e-06,9.4436e-06,9.4291e-06,4.9761e-06,6.4334e-08,1.5152e-07,5.6527e-07,4.2852e-06,7.8771e-06,9.3443e-06,6.8981e-06
P44,60.00,180.00,30.00,0.00,6.5328e-08,1.7668e-07,9.0781e-07,4.1892e-06,9.4436e-06,9.4291e-06,4.9761e-06,6.4310e-08,1.5151e-07,5.6526e-07,4.2852e-06,7.8771e-06,9.3443e-06,6.8981e-06
P44,60.00,135.00,60.00,0.00,6.0151e-08,1.7664e-07,9.0757e-07,4.1889e-06,9.4435e-06,9.4290e-06,4.9761e-06,5.9183e-08,1.5149e-07,5.6512e-07,4.2850e-06,7.8770e-06,9.3442e-06,6.8980e-06
P44,0.00,90.00,0.00,0.00,5.4050e-08,2.6417e-07,1.3373e-06,4.8305e-06,1.0194e-05,1.0180e-05,6.3051e-06,5.3598e-08,2.2615e-07,8.7859e-07,4.8927e-06,8.5920e-06,1.0075e-05,8.2467e-06
P44,30.00,90.00,30.00,0.00,5.5123e-08,2.4156e-07,1.2479e-06,4.7256e-06,1.0077e-05,1.0063e-05,6.0183e-06,5.4602e-08,2.0624e-07,8.0735e-07,4.7954e-06,8.4806e-06,9.9616e-06,7.9863e-06
P44,0.00,45.00,60.00,0.00,4.9742e-08,2.6410e-07,1.3370e-06,4.8303e-06,1.0194e-05,1.0179e-05,6.3050e-06,4.9366e-08,2.2610e-07,8.7841e-07,4.8926e-06,8.5919e-06,1.0075e-05,8.2467e-06
P44,0.00,135.00,30.00,0.00,5.3103e-08,2.6415e-07,1.3372e-06,4.8304e-06,1.0194e-05,1.0180e-05,6.3051e-06,5.2674e-08,2.2614e-07,8.7855e-07,4.8927e-06,8.5919e-06,1.0075e-05,8.2467e-06
P44,60.00,180.00,0.00,0.00,6.6744e-08,1.7669e-07,9.0787e-07,4.1892e-06,9.4437e-06,9.4292e-06,4.9761e-06,6.5703e-08,1.5152e-07,5.6530e-07,4.2852e-06,7.8772e-06,9.3443e-06,6.8981e-06
P44,60.00,90.00,60.00,0.00,6.0368e-08,1.7664e-07,9.0759e-07,4.1889e-06,9.4435e-06,9.4290e-06,4.9761e-06,5.9399e-08,1.5149e-07,5.6513e-07,4.2850e-06,7.8770e-06,9.3442e-06,6.8980e-06
P44,0.00,45.00,0.00,0.00,5.4050e-08,2.6417e-07,1.3373e-06,4.8305e-06,1.0194e-05,1.0180e-05,6.3051e-06,5.3598e-08,2.2615e-07,8.7859e-07,4.8927e-06,8.5920e-06,1.0075e-05,8.2467e-06
P44,60.00,0.00,60.00,0.00,6.0665e-08,1.7664e-07,9.0760e-07,4.1890e-06,9.4436e-06,9.4291e-06,4.9761e-06,5.9695e-08,1.5149e-07,5.6514e-07,4.2850e-06,7.8770e-06,9.3442e-06,6.8980e-06
P44,60.00,45.00,30.00,0.00,6.5469e-08,1.7668e-07,9.0782e-07,4.1892e-06,9.4437e-06,9.4292e-06,4.9761e-06,6.4448e-08,1.5152e-07,5.6527e-07,4.2852e-06,7.8771e-06,9.3443e-06,6.8981e-06
P44,0.00,0.00,0.00,0.00,5.4050e-08,2.6417e-07,1.3373e-06,4.8305e-06,1.0194e-05,1.0180e-05,6.3051e-06,5.3598e-08,2.2615e-07,8.7859e-07,4.8927e-06,8.5920e-06,1.0075e-05,8.2467e-06
P44,60.00,45.00,60.00,0.00,6.0579e-08,1.7664e-07,9.0760e-07,4.1890e-06,9.4436e-06,9.4291e-06,4.9761e-06,5.9609e-08,1.5149e-07,5.6513e-07,4.2850e-06,7.8770e-06,9.3442e-06,6.8980e-06
P44,60.00,0.00,0.00,0.00,6.6744e-08,1.7669e-07,9.0787e-07,4.1892e-06,9.4437e-06,9.4292e-06,4.9761e-06,6.5703e-08,1.5152e-07,5.6530e-07,4.2852e-06,7.8772e-06,9.3443e-06,6.8981e-06
P44,30.00,45.00,0.00,0.00,5.6135e-08,2.4158e-07,1.2479e-06,4.7257e-06,1.0077e-05,1.0063e-05,6.0183e-06,5.5592e-08,2.0625e-07,8.0739e-07,4.7955e-06,8.4806e-06,9.9617e-06,7.9863e-06
P44,30.00,90.00,60.00,0.00,5.1477e-08,2.4151e-07,1.2477e-06,4.7255e-06,1.0077e-05,1.0063e-05,6.0183e-06,5.1008e-08,2.0620e-07,8.0720e-07,4.7953e-06,8.4804e-06,9.9616e-06,7.9863e-06
P44,30.00,180.00,30.00,0.00,5.5101e-08,2.4156e-07,1.2479e-06,4.7256e-06,1.0077e-05,1.0063e-05,6.0183e-06,5.4581e-08,2.0624e-07,8.0735e-07,4.7954e-06,8.4806e-06,9.9616e-06,7.9863e-06
P44,0.00,135.00,0.00,0.00,5.4050e-08,2.6417e-07,1.3373e-06,4.8305e-06,1.0194e-05,1.0180e-05,6.3051e-06,5.3598e-08,2.2615e-07,8.7859e-07,4.8927e-06,8.5920e-06,1.0075e-05,8.2467e-06
P44,30.00,180.00,60.00,0.00,5.1407e-08,2.4151e-07,1.2477e-06,4.7255e-06,1.0077e-05,1.0063e-05,6.0183e-06,5.0938e-08,2.0620e-07,8.0720e-07,4.7953e-06,8.4804e-06,9.9616e-06,7.9863e-06
P44,30.00,135.00,0.00,0.00,5.6135e-08,2.4158e-07,1.2479e-06,4.7257e-06,1.0077e-05,1.0063e-05,6.0183e-06,5.5592e-08,2.0625e-07,8.0739e-07,4.7955e-06,8.4806e-06,9.9617e-06,7.9863e-06
P44,0.00,45.00,30.00,0.00,5.3103e-08,2.6415e-07,1.3372e-06,4.8304e-06,1.0194e-05,1.0180e-05,6.3051e-06,5.2674e-08,2.2614e-07,8.7855e-07,4.8927e-06,8.5919e-06,1.0075e-05,8.2467e-06
P45,60.00,180.00,0.00,0.00,6.5715e-08,2.3649e-07,7.9491e-07,4.2380e-06,9.4290e-06,9.4156e-06,5.4593e-06,6.4895e-08,2.1421e-07,5.9271e-07,4.3328e-06,7.9836e-06,9.3499e-06,7.0976e-06
P45,0.00,180.00,60.00,0.00,4.9231e-08,2.9532e-07,9.7327e-07,4.8271e-06,1.0161e-05,1.0147e-05,6.6636e-06,4.8976e-08,2.6852e-07,7.0580e-07,4.8897e-06,8.6416e-06,1.0058e-05,8.3223e-06
P45,60.00,0.00,60.00,0.00,5.9399e-08,2.3649e-07,7.9489e-07,4.2377e-06,9.4289e-06,9.4155e-06,5.4593e-06,5.8658e-08,2.1421e-07,5.9271e-07,4.3325e-06,7.9835e-06,9.3498e-06,7.0975e-06
P45,30.00,45.00,0.00,0.00,5.5734e-08,2.8292e-07,9.3102e-07,4.7291e-06,1.0044e-05,1.0030e-05,6.4070e-06,5.5321e-08,2.5714e-07,6.8027e-07,4.7989e-06,8.5385e-06,9.9467e-06,8.0826e-06
P45,60.00,135.00,30.00,0.00,6.4280e-08,2.3649e-07,7.9490e-07,4.2380e-06,9.4290e-06,9.4156e-06,5.4593e-06,6.3484e-08,2.1421e-07,5.9271e-07,4.3327e-06,7.9836e-06,9.3499e-06,7.0976e-06
P45,30.00,0.00,60.00,0.00,5.0942e-08,2.8291e-07,9.3099e-07,4.7289e-06,1.0044e-05,1.0030e-05,6.4070e-06,5.0609e-08,2.5714e-07,6.8027e-07,4.7987e-06,8.5384e-06,9.9466e-06,8.0826e-06
P45,30.00,180.00,30.00,0.00,5.4664e-08,2.8291e-07,9.3101e-07,4.7291e-06,1.0044e-05,1.0030e-05,6.4070e-06,5.4275e-08,2.5714e-07,6.8027e-07,4.7988e-06,8.5385e-06,9.9467e-06,8.0826e-06
P45,0.00,135.00,60.00,0.00,4.9231e-08,2.9532e-07,9.7327e-07,4.8271e-06,1.0161e-05,1.0147e-05,6.6636e-06,4.8976e-08,2.6852e-07,7.0580e-07,4.8897e-06,8.6416e-06,1.0058e-05,8.3223e-06
P45,0.00,45.00,30.00,0.00,5.2753e-08,2.9532e-07,9.7329e-07,4.8272e-06,1.0161e-05,1.0147e-05,6.6636e-06,5.2438e-08,2.6852e-07,7.0581e-07,4.8898e-06,8.6417e-06,1.0058e-05,8.3223e-06
P45,0.00,180.00,0.00,0.00,5.3732e-08,2.9533e-07,9.7330e-07,4.8272e-06,1.0161e-05,1.0147e-05,6.6636e-06,5.3393e-08,2.6852e-07,7.0581e-07,4.8898e-06,8.6417e-06,1.0058e-05,8.3223e-06
P45,0.00,90.00,60.00,0.00,4.9231e-08,2.9532e-07,9.7327e-07,4.8271e-06,1.0161e-05,1.0147e-05,6.6636e-06,4.8976e-08,2.6852e-07,7.0580e-07,4.8897e-06,8.6416e-06,1.0058e-05,8.3223e-06
P45,0.00,45.00,60.00,0.00,4.9231e-08,2.9532e-07,9.7327e-07,4.8271e-06,1.0161e-05,1.0147e-05,6.6636e-06,4.8976e-08,2.6852e-07,7.0580e-07,4.8897e-06,8.6416e-06,1.0058e-05,8.3223e-06
P45,30.00,135.00,30.00,0.00,5.4671e-08,2.8291e-07,9.3101e-07,4.7291e-06,1.0044e-05,1.0030e-05,6.4070e-06,5.4281e-08,2.5714e-07,6.8027e-07,4.7988e-06,8.5385e-06,9.9467e-06,8.0826e-06
P45,30.00,135.00,60.00,0.00,5.0813e-08,2.8291e-07,9.3099e-07,4.7289e-06,1.0044e-05,1.0030e-05,6.4070e-06,5.0482e-08,2.5714e-07,6.8026e-07,4.7987e-06,8.5384e-06,9.9466e-06,8.0826e-06
P45,0.00,180.00,30.00,0.00,5.2753e-08,2.9532e-07,9.7329e-07,4.8272e-06,1.0161e-05,1.0147e-05,6.6636e-06,5.2438e-08,2.6852e-07,7.0581e-07,4.8898e-06,8.6417e-06,1.0058e-05,8.3223e-06
P45,60.00,0.00,30.00,0.00,6.4428e-08,2.3649e-07,7.9490e-07,4.2380e-06,9.4290e-06,9.4156e-06,5.4593e-06,6.3629e-08,2.1421e-07,5.9271e-07,4.3328e-06,7.9836e-06,9.3499e-06,7.0976e-06
P45,60.00,45.00,60.00,0.00,5.9308e-08,2.3649e-07,7.9489e-07,4.2377e-06,9.4289e-06,9.4155e-06,5.4593e-06,5.8568e-08,2.1421e-07,5.9271e-07,4.3325e-06,7.9835e-06,9.3498e-06,7.0975e-06
P45,0.00,90.00,0.00,0.00,5.3732e-08,2.9533e-07,9.7330e-07,4.8272e-06,1.0161e-05,1.0147e-05,6.6636e-06,5.3393e-08,2.6852e-07,7.0581e-07,4.8898e-06,8.6417e-06,1.0058e-05,8.3223e-06
P45,60.00,45.00,30.00,0.00,6.4402e-08,2.3649e-07,7.9490e-07,4.2380e-06,9.4290e-06,9.4156e-06,5.4593e-06,6.3604e-08,2.1421e-07,5.9271e-07,4.3328e-06,7.9836e-06,9.3499e-06,7.0976e-06
P45,30.00,135.00,0.00,0.00,5.5734e-08,2.8292e-07,9.3102e-07,4.7291e-06,1.0044e-05,1.0030e-05,6.4070e-06,5.5321e-08,2.5714e-07,6.8027e-07,4.7989e-06,8.5385e-06,9.9467e-06,8.0826e-06
P45,30.00,90.00,30.00,0.00,5.4686e-08,2.8291e-07,9.3101e-07,4.7291e-06,1.0044e-05,1.0030e-05,6.4070e-06,5.4296e-08,2.5714e-07,6.8027e-07,4.7988e-06,8.5385e-06,9.9467e-06,8.0826e-06
P45,0.00,0.00,0.00,0.00,5.3732e-08,2.9533e-07,9.7330e-07,4.8272e-06,1.0161e-05,1.0147e-05,6.6636e-06,5.3393e-08,2.6852e-07,7.0581e-07,4.8898e-06,8.6417e-06,1.0058e-05,8.3223e-06
P45,60.00,90.00,0.00,0.00,6.5715e-08,2.3649e-07,7.9491e-07,4.2380e-06,9.4290e-06,9.4156e-06,5.4593e-06,6.4895e-08,2.1421e-07,5.9271e-07,4.3328e-06,7.9836e-06,9.3499e-06,7.0976e-06
P45,30.00,45.00,60.00,0.00,5.0920e-08,2.8291e-07,9.3099e-07,4.7289e-06,1.0044e-05,1.0030e-05,6.4070e-06,5.0587e-08,2.5714e-07,6.8027e-07,4.7987e-06,8.5384e-06,9.9466e-06,8.0826e-06
P45,60.00,180.00,60.00,0.00,5.8760e-08,2.3649e-07,7.9488e-07,4.2377e-06,9.4289e-06,9.4155e-06,5.4593e-06,5.8023e-08,2.1421e-07,5.9271e-07,4.3325e-06,7.9834e-06,9.3498e-06,7.0975e-06
P45,0.00,0.00,30.00,0.00,5.2753e-08,2.9532e-07,9.7329e-07,4.8272e-06,1.0161e-05,1.0147e-05,6.6636e-06,5.2438e-08,2.6852e-07,7.0581e-07,4.8898e-06,8.6417e-06,1.0058e-05,8.3223e-06
P45,30.00,180.00,0.00,0.00,5.5734e-08,2.8292e-07,9.3102e-07,4.7291e-06,1.0044e-05,1.0030e-05,6.4070e-06,5.5321e-08,2.5714e-07,6.8027e-07,4.7989e-06,8.5385e-06,9.9467e-06,8.0826e-06
P45,60.00,135.00,0.00,0.00,6.5715e-08,2.3649e-07,7.9491e-07,4.2380e-06,9.4290e-06,9.4156e-06,5.4593e-06,6.4895e-08,2.1421e-07,5.9271e-07,4.3328e-06,7.9836e-06,9.3499e-06,7.0976e-06
P45,60.00,0.00,0.00,0.00,6.5715e-08,2.3649e-07,7.9491e-07,4.2380e-06,9.4290e-06,9.4156e-06,5.4593e-06,6.4895e-08,2.1421e-07,5.9271e-07,4.3328e-06,7.9836e-06,9.3499e-06,7.0976e-06
P45,30.00,45.00,30.00,0.00,5.4703e-08,2.8291e-07,9.3101e-07,4.7291e-06,1.0044e-05,1.0030e-05,6.4070e-06,5.4312e-08,2.5714e-07,6.8027e-07,4.7988e-06,8.5385e-06,9.9467e-06,8.0826e-06
P45,30.00,90.00,60.00,0.00,5.0866e-08,2.8291e-07,9.3099e-07,4.7289e-06,1.0044e-05,1.0030e-05,6.4070e-06,5.0534e-08,2.5714e-07,6.8027e-07,4.7987e-06,8.5384e-06,9.9466e-06,8.0826e-06
P45,30.00,0.00,30.00,0.00,5.4709e-08,2.8291e-07,9.3101e-07,4.7291e-06,1.0044e-05,1.0030e-05,6.4070e-06,5.4319e-08,2.5714e-07,6.8027e-07,4.7988e-06,8.5385e-06,9.9467e-06,8.0826e-06
P45,0.00,135.00,30.00,0.00,5.2753e-08,2.9532e-07,9.7329e-07,4.8272e-06,1.0161e-05,1.0147e-05,6.6636e-06,5.2438e-08,2.6852e-07,7.0581e-07,4.8898e-06,8.6417e-06,1.0058e-05,8.3223e-06
P45,0.00,90.00,30.00,0.00,5.2753e-08,2.9532e-07,9.7329e-07,4.8272e-06,1.0161e-05,1.0147e-05,6.6636e-06,5.2438e-08,2.6852e-07,7.0581e-07,4.8898e-06,8.6417e-06,1.0058e-05,8.3223e-06
P45,60.00,45.00,0.00,0.00,6.5715e-08,2.3649e-07,7.9491e-07,4.2380e-06,9.4290e-06,9.4156e-06,5.4593e-06,6.4895e-08,2.1421e-07,5.9271e-07,4.3328e-06,7.9836e-06,9.3499e-06,7.0976e-06
P45,30.00,0.00,0.00,0.00,5.5734e-08,2.8292e-07,9.3102e-07,4.7291e-06,1.0044e-05,1.0030e-05,6.4070e-06,5.5321e-08,2.5714e-07,6.8027e-07,4.7989e-06,8.5385e-06,9.9467e-06,8.0826e-06
P45,0.00,45.00,0.00,0.00,5.3732e-08,2.9533e-07,9.7330e-07,4.8272e-06,1.0161e-05,1.0147e-05,6.6636e-06,5.3393e-08,2.6852e-07,7.0581e-07,4.8898e-06,8.6417e-06,1.0058e-05,8.3223e-06
P45,60.00,135.00,60.00,0.00,5.8857e-08,2.3649e-07,7.9489e-07,4.2377e-06,9.4289e-06,9.4155e-06,5.4593e-06,5.8119e-08,2.1421e-07,5.9271e-07,4.3325e-06,7.9834e-06,9.3498e-06,7.0975e-06
P45,30.00,180.00,60.00,0.00,5.0791e-08,2.8291e-07,9.3099e-07,4.7289e-06,1.0044e-05,1.0030e-05,6.4070e-06,5.0460e-08,2.5714e-07,6.8026e-07,4.7987e-06,8.5384e-06,9.9466e-06,8.0826e-06
P45,30.00,90.00,0.00,0.00,5.5734e-08,2.8292e-07,9.3102e-07,4.7291e-06,1.0044e-05,1.0030e-05,6.4070e-06,5.5321e-08,2.5714e-07,6.8027e-07,4.7989e-06,8.5385e-06,9.9467e-06,8.0826e-06
P45,0.00,0.00,60.00,0.00,4.9231e-08,2.9532e-07,9.7327e-07,4.8271e-06,1.0161e-05,1.0147e-05,6.6636e-06,4.8976e-08,2.6852e-07,7.0580e-07,4.8897e-06,8.6416e-06,1.0058e-05,8.3223e-06
P45,60.00,90.00,30.00,0.00,6.4341e-08,2.3649e-07,7.9490e-07,4.2380e-06,9.4290e-06,9.4156e-06,5.4593e-06,6.3544e-08,2.1421e-07,5.9271e-07,4.3328e-06,7.9836e-06,9.3499e-06,7.0976e-06
P45,60.00,90.00,60.00,0.00,5.9086e-08,2.3649e-07,7.9489e-07,4.2377e-06,9.4289e-06,9.4155e-06,5.4593e-06,5.8347e-08,2.1421e-07,5.9271e-07,4.3325e-06,7.9835e-06,9.3498e-06,7.0975e-06
P45,60.00,180.00,30.00,0.00,6.4255e-08,2.3649e-07,7.9490e-07,4.2379e-06,9.4290e-06,9.4156e-06,5.4593e-06,6.3460e-08,2.1421e-07,5.9271e-07,4.3327e-06,7.9836e-06,9.3499e-06,7.0976e-06
P45,0.00,135.00,0.00,0.00,5.3732e-08,2.9533e-07,9.7330e-07,4.8272e-06,1.0161e-05,1.0147e-05,6.6636e-06,5.3393e-08,2.6852e-07,7.0581e-07,4.8898e-06,8.6417e-06,1.0058e-05,8.3223e-06
P46,0.00,135.00,30.00,0.00,5.2183e-08,3.8071e-07,1.2486e-06,5.7346e-06,1.1412e-05,1.1397e-05,8.9034e-06,5.2345e-08,3.4572e-07,9.1657e-07,5.7716e-06,9.7442e-06,1.1289e-05,1.0231e-05
P46,30.00,0.00,0.00,0.00,5.4655e-08,3.6240e-07,1.2026e-06,5.7283e-06,1.1411e-05,1.1396e-05,8.6451e-06,5.4795e-08,3.2855e-07,8.8130e-07,5.7735e-06,9.7698e-06,1.1296e-05,1.0038e-05
P46,30.00,90.00,60.00,0.00,5.0764e-08,3.6240e-07,1.2026e-06,5.7281e-06,1.1411e-05,1.1396e-05,8.6451e-06,5.0925e-08,3.2855e-07,8.8130e-07,5.7733e-06,9.7696e-06,1.1296e-05,1.0038e-05
P46,60.00,180.00,60.00,0.00,5.7081e-08,2.9597e-07,1.0333e-06,5.6532e-06,1.1289e-05,1.1275e-05,7.6018e-06,5.7130e-08,2.6640e-07,7.5102e-07,5.7354e-06,9.8128e-06,1.1212e-05,9.1776e-06
P46,30.00,0.00,60.00,0.00,5.0833e-08,3.6240e-07,1.2026e-06,5.7281e-06,1.1411e-05,1.1396e-05,8.6451e-06,5.0994e-08,3.2855e-07,8.8130e-07,5.7733e-06,9.7696e-06,1.1296e-05,1.0038e-05
P46,30.00,180.00,60.00,0.00,5.0695e-08,3.6240e-07,1.2026e-06,5.7280e-06,1.1411e-05,1.1396e-05,8.6451e-06,5.0856e-08,3.2855e-07,8.8130e-07,5.7733e-06,9.7696e-06,1.1296e-05,1.0038e-05
P46,0.00,180.00,0.00,0.00,5.2925e-08,3.8071e-07,1.2486e-06,5.7346e-06,1.1412e-05,1.1397e-05,8.9034e-06,5.3078e-08,3.4572e-07,9.1657e-07,5.7716e-06,9.7442e-06,1.1289e-05,1.0231e-05
P46,30.00,45.00,0.00,0.00,5.4655e-08,3.6240e-07,1.2026e-06,5.7283e-06,1.1411e-05,1.1396e-05,8.6451e-06,5.4795e-08,3.2855e-07,8.8130e-07,5.7735e-06,9.7698e-06,1.1296e-05,1.0038e-05
P46,60.00,135.00,30.00,0.00,6.1415e-08,2.9597e-07,1.0333e-06,5.6535e-06,1.1289e-05,1.1276e-05,7.6018e-06,6.1461e-08,2.6640e-07,7.5102e-07,5.7357e-06,9.8130e-06,1.1212e-05,9.1776e-06
P46,60.00,45.00,0.00,0.00,6.2461e-08,2.9597e-07,1.0333e-06,5.6535e-06,1.1289e-05,1.1276e-05,7.6018e-06,6.2503e-08,2.6640e-07,7.5102e-07,5.7357e-06,9.8131e-06,1.1213e-05,9.1776e-06
P46,30.00,90.00,0.00,0.00,5.4655e-08,3.6240e-07,1.2026e-06,5.7283e-06,1.1411e-05,1.1396e-05,8.6451e-06,5.4795e-08,3.2855e-07,8.8130e-07,5.7735e-06,9.7698e-06,1.1296e-05,1.0038e-05
P46,60.00,45.00,60.00,0.00,5.7577e-08,2.9597e-07,1.0333e-06,5.6533e-06,1.1289e-05,1.1275e-05,7.6018e-06,5.7626e-08,2.6640e-07,7.5102e-07,5.7355e-06,9.8128e-06,1.1212e-05,9.1776e-06
P46,60.00,0.00,30.00,0.00,6.1543e-08,2.9597e-07,1.0333e-06,5.6535e-06,1.1289e-05,1.1276e-05,7.6018e-06,6.1589e-08,2.6640e-07,7.5102e-07,5.7357e-06,9.8131e-06,1.1212e-05,9.1776e-06
P46,60.00,180.00,0.00,0.00,6.2461e-08,2.9597e-07,1.0333e-06,5.6535e-06,1.1289e-05,1.1276e-05,7.6018e-06,6.2503e-08,2.6640e-07,7.5102e-07,5.7357e-06,9.8131e-06,1.1213e-05,9.1776e-06
P46,60.00,0.00,0.00,0.00,6.2461e-08,2.9597e-07,1.0333e-06,5.6535e-06,1.1289e-05,1.1276e-05,7.6018e-06,6.2503e-08,2.6640e-07,7.5102e-07,5.7357e-06,9.8131e-06,1.1213e-05,9.1776e-06
P46,60.00,90.00,0.00,0.00,6.2461e-08,2.9597e-07,1.0333e-06,5.6535e-06,1.1289e-05,1.1276e-05,7.6018e-06,6.2503e-08,2.6640e-07,7.5102e-07,5.7357e-06,9.8131e-06,1.1213e-05,9.1776e-06
P46,0.00,45.00,60.00,0.00,4.9316e-08,3.8071e-07,1.2486e-06,5.7344e-06,1.1412e-05,1.1397e-05,8.9034e-06,4.9494e-08,3.4572e-07,9.1657e-07,5.7714e-06,9.7440e-06,1.1289e-05,1.0231e-05
P46,0.00,45.00,0.00,0.00,5.2925e-08,3.8071e-07,1.2486e-06,5.7346e-06,1.1412e-05,1.1397e-05,8.9034e-06,5.3078e-08,3.4572e-07,9.1657e-07,5.7716e-06,9.7442e-06,1.1289e-05,1.0231e-05
P46,30.00,45.00,30.00,0.00,5.3878e-08,3.6240e-07,1.2026e-06,5.7282e-06,1.1411e-05,1.1396e-05,8.6451e-06,5.4025e-08,3.2855e-07,8.8130e-07,5.7735e-06,9.7698e-06,1.1296e-05,1.0038e-05
P46,0.00,0.00,0.00,0.00,5.2925e-08,3.8071e-07,1.2486e-06,5.7346e-06,1.1412e-05,1.1397e-05,8.9034e-06,5.3078e-08,3.4572e-07,9.1657e-07,5.7716e-06,9.7442e-06,1.1289e-05,1.0231e-05
P46,60.00,135.00,0.00,0.00,6.2461e-08,2.9597e-07,1.0333e-06,5.6535e-06,1.1289e-05,1.1276e-05,7.6018e-06,6.2503e-08,2.6640e-07,7.5102e-07,5.7357e-06,9.8131e-06,1.1213e-05,9.1776e-06
P46,60.00,180.00,30.00,0.00,6.1393e-08,2.9597e-07,1.0333e-06,5.6535e-06,1.1289e-05,1.1276e-05,7.6018e-06,6.1440e-08,2.6640e-07,7.5102e-07,5.7357e-06,9.8130e-06,1.1212e-05,9.1776e-06
P46,0.00,135.00,0.00,0.00,5.2925e-08,3.8071e-07,1.2486e-06,5.7346e-06,1.1412e-05,1.1397e-05,8.9034e-06,5.3078e-08,3.4572e-07,9.1657e-07,5.7716e-06,9.7442e-06,1.1289e-05,1.0231e-05
P46,30.00,135.00,0.00,0.00,5.4655e-08,3.6240e-07,1.2026e-06,5.7283e-06,1.1411e-05,1.1396e-05,8.6451e-06,5.4795e-08,3.2855e-07,8.8130e-07,5.7735e-06,9.7698e-06,1.1296e-05,1.0038e-05
P46,30.00,45.00,60.00,0.00,5.0813e-08,3.6240e-07,1.2026e-06,5.7281e-06,1.1411e-05,1.1396e-05,8.6451e-06,5.0973e-08,3.2855e-07,8.8130e-07,5.7733e-06,9.7696e-06,1.1296e-05,1.0038e-05
P46,30.00,135.00,60.00,0.00,5.0715e-08,3.6240e-07,1.2026e-06,5.7280e-06,1.1411e-05,1.1396e-05,8.6451e-06,5.0876e-08,3.2855e-07,8.8130e-07,5.7733e-06,9.7696e-06,1.1296e-05,1.0038e-05
P46,30.00,135.00,30.00,0.00,5.3850e-08,3.6240e-07,1.2026e-06,5.7282e-06,1.1411e-05,1.1396e-05,8.6451e-06,5.3998e-08,3.2855e-07,8.8130e-07,5.7735e-06,9.7698e-06,1.1296e-05,1.0038e-05
P46,0.00,90.00,60.00,0.00,4.9316e-08,3.8071e-07,1.2486e-06,5.7344e-06,1.1412e-05,1.1397e-05,8.9034e-06,4.9494e-08,3.4572e-07,9.1657e-07,5.7714e-06,9.7440e-06,1.1289e-05,1.0231e-05
P46,0.00,180.00,30.00,0.00,5.2183e-08,3.8071e-07,1.2486e-06,5.7346e-06,1.1412e-05,1.1397e-05,8.9034e-06,5.2345e-08,3.4572e-07,9.1657e-07,5.7716e-06,9.7442e-06,1.1289e-05,1.0231e-05
P46,30.00,180.00,30.00,0.00,5.3845e-08,3.6240e-07,1.2026e-06,5.7282e-06,1.1411e-05,1.1396e-05,8.6451e-06,5.3993e-08,3.2855e-07,8.8130e-07,5.7735e-06,9.7698e-06,1.1296e-05,1.0038e-05
P46,60.00,90.00,30.00,0.00,6.1467e-08,2.9597e-07,1.0333e-06,5.6535e-06,1.1289e-05,1.1276e-05,7.6018e-06,6.1514e-08,2.6640e-07,7.5102e-07,5.7357e-06,9.8130e-06,1.1212e-05,9.1776e-06
P46,0.00,0.00,60.00,0.00,4.9316e-08,3.8071e-07,1.2486e-06,5.7344e-06,1.1412e-05,1.1397e-05,8.9034e-06,4.9494e-08,3.4572e-07,9.1657e-07,5.7714e-06,9.7440e-06,1.1289e-05,1.0231e-05
P46,0.00,90.00,0.00,0.00,5.2925e-08,3.8071e-07,1.2486e-06,5.7346e-06,1.1412e-05,1.1397e-05,8.9034e-06,5.3078e-08,3.4572e-07,9.1657e-07,5.7716e-06,9.7442e-06,1.1289e-05,1.0231e-05
P46,0.00,135.00,60.00,0.00,4.9316e-08,3.8071e-07,1.2486e-06,5.7344e-06,1.1412e-05,1.1397e-05,8.9034e-06,4.9494e-08,3.4572e-07,9.1657e-07,5.7714e-06,9.7440e-06,1.1289e-05,1.0231e-05
P46,0.00,90.00,30.00,0.00,5.2183e-08,3.8071e-07,1.2486e-06,5.7346e-06,1.1412e-05,1.1397e-05,8.9034e-06,5.2345e-08,3.4572e-07,9.1657e-07,5.7716e-06,9.7442e-06,1.1289e-05,1.0231e-05
P46,30.00,180.00,0.00,0.00,5.4655e-08,3.6240e-07,1.2026e-06,5.7283e-06,1.1411e-05,1.1396e-05,8.6451e-06,5.4795e-08,3.2855e-07,8.8130e-07,5.7735e-06,9.7698e-06,1.1296e-05,1.0038e-05
P46,0.00,0.00,30.00,0.00,5.2183e-08,3.8071e-07,1.2486e-06,5.7346e-06,1.1412e-05,1.1397e-05,8.9034e-06,5.2345e-08,3.4572e-07,9.1657e-07,5.7716e-06,9.7442e-06,1.1289e-05,1.0231e-05
P46,60.00,90.00,60.00,0.00,5.7375e-08,2.9597e-07,1.0333e-06,5.6533e-06,1.1289e-05,1.1275e-05,7.6018e-06,5.7424e-08,2.6640e-07,7.5102e-07,5.7354e-06,9.8128e-06,1.1212e-05,9.1776e-06
P46,0.00,180.00,60.00,0.00,4.9316e-08,3.8071e-07,1.2486e-06,5.7344e-06,1.1412e-05,1.1397e-05,8.9034e-06,4.9494e-08,3.4572e-07,9.1657e-07,5.7714e-06,9.7440e-06,1.1289e-05,1.0231e-05
P46,60.00,0.00,60.00,0.00,5.7659e-08,2.9597e-07,1.0333e-06,5.6533e-06,1.1289e-05,1.1275e-05,7.6018e-06,5.7708e-08,2.6640e-07,7.5102e-07,5.7355e-06,9.8128e-06,1.1212e-05,9.1776e-06
P46,30.00,0.00,30.00,0.00,5.3884e-08,3.6240e-07,1.2026e-06,5.7282e-06,1.1411e-05,1.1396e-05,8.6451e-06,5.4031e-08,3.2855e-07,8.8130e-07,5.7735e-06,9.7698e-06,1.1296e-05,1.0038e-05
P46,60.00,45.00,30.00,0.00,6.1521e-08,2.9597e-07,1.0333e-06,5.6535e-06,1.1289e-05,1.1276e-05,7.6018e-06,6.1567e-08,2.6640e-07,7.5102e-07,5.7357e-06,9.8130e-06,1.1212e-05,9.1776e-06
P46,60.00,135.00,60.00,0.00,5.7168e-08,2.9597e-07,1.0333e-06,5.6533e-06,1.1289e-05,1.1275e-05,7.6018e-06,5.7218e-08,2.6640e-07,7.5102e-07,5.7354e-06,9.8128e-06,1.1212e-05,9.1776e-06
P46,0.00,45.00,30.00,0.00,5.2183e-08,3.8071e-07,1.2486e-06,5.7346e-06,1.1412e-05,1.1397e-05,8.9034e-06,5.2345e-08,3.4572e-07,9.1657e-07,5.7716e-06,9.7442e-06,1.1289e-05,1.0231e-05
P46,30.00,90.00,30.00,0.00,5.3864e-08,3.6240e-07,1.2026e-06,5.7282e-06,1.1411e-05,1.1396e-05,8.6451e-06,5.4011e-08,3.2855e-07,8.8130e-07,5.7735e-06,9.7698e-06,1.1296e-05,1.0038e-05
P47,0.00,45.00,30.00,0.00,5.0611e-08,3.2176e-07,9.7619e-07,4.8271e-06,1.0188e-05,1.0174e-05,6.8602e-06,5.0426e-08,2.9576e-07,7.1131e-07,4.8992e-06,8.6658e-06,1.0088e-05,8.3489e-06
P47,60.00,0.00,30.00,0.00,6.2190e-08,2.7905e-07,8.0177e-07,4.2457e-06,9.4741e-06,9.4607e-06,5.8329e-06,6.1491e-08,2.5738e-07,6.1872e-07,4.3460e-06,8.0293e-06,9.3998e-06,7.2058e-06
P47,0.00,90.00,60.00,0.00,4.8469e-08,3.2175e-07,9.7615e-07,4.8270e-06,1.0188e-05,1.0174e-05,6.8602e-06,4.8269e-08,2.9576e-07,7.1130e-07,4.8991e-06,8.6658e-06,1.0088e-05,8.3488e-06
P47,0.00,45.00,0.00,0.00,5.1074e-08,3.2176e-07,9.7621e-07,4.8272e-06,1.0188e-05,1.0174e-05,6.8602e-06,5.0891e-08,2.9576e-07,7.1132e-07,4.8993e-06,8.6659e-06,1.0088e-05,8.3489e-06
P47,30.00,90.00,30.00,0.00,5.2528e-08,3.1245e-07,9.3270e-07,4.7300e-06,1.0075e-05,1.0061e-05,6.6322e-06,5.2262e-08,2.8750e-07,6.8854e-07,4.8088e-06,8.5662e-06,9.9797e-06,8.1213e-06
P47,30.00,180.00,60.00,0.00,5.0068e-08,3.1244e-07,9.3266e-07,4.7298e-06,1.0075e-05,1.0061e-05,6.6322e-06,4.9787e-08,2.8750e-07,6.8853e-07,4.8087e-06,8.5661e-06,9.9797e-06,8.1213e-06
P47,0.00,90.00,30.00,0.00,5.0611e-08,3.2176e-07,9.7619e-07,4.8271e-06,1.0188e-05,1.0174e-05,6.8602e-06,5.0426e-08,2.9576e-07,7.1131e-07,4.8992e-06,8.6658e-06,1.0088e-05,8.3489e-06
P47,30.00,90.00,0.00,0.00,5.3043e-08,3.1245e-07,9.3272e-07,4.7300e-06,1.0075e-05,1.0061e-05,6.6322e-06,5.2780e-08,2.8750e-07,6.8855e-07,4.8089e-06,8.5662e-06,9.9797e-06,8.1213e-06
P47,0.00,45.00,60.00,0.00,4.8469e-08,3.2175e-07,9.7615e-07,4.8270e-06,1.0188e-05,1.0174e-05,6.8602e-06,4.8269e-08,2.9576e-07,7.1130e-07,4.8991e-06,8.6658e-06,1.0088e-05,8.3488e-06
P47,60.00,90.00,0.00,0.00,6.2892e-08,2.7905e-07,8.0178e-07,4.2458e-06,9.4742e-06,9.4607e-06,5.8329e-06,6.2195e-08,2.5738e-07,6.1873e-07,4.3461e-06,8.0293e-06,9.3998e-06,7.2058e-06
P47,0.00,0.00,0.00,0.00,5.1074e-08,3.2176e-07,9.7621e-07,4.8272e-06,1.0188e-05,1.0174e-05,6.8602e-06,5.0891e-08,2.9576e-07,7.1132e-07,4.8993e-06,8.6659e-06,1.0088e-05,8.3489e-06
P47,60.00,180.00,0.00,0.00,6.2892e-08,2.7905e-07,8.0178e-07,4.2458e-06,9.4742e-06,9.4607e-06,5.8329e-06,6.2195e-08,2.5738e-07,6.1873e-07,4.3461e-06,8.0293e-06,9.3998e-06,7.2058e-06
P47,60.00,135.00,0.00,0.00,6.2892e-08,2.7905e-07,8.0178e-07,4.2458e-06,9.4742e-06,9.4607e-06,5.8329e-06,6.2195e-08,2.5738e-07,6.1873e-07,4.3461e-06,8.0293e-06,9.3998e-06,7.2058e-06
P47,30.00,45.00,30.00,0.00,5.2537e-08,3.1245e-07,9.3270e-07,4.7300e-06,1.0075e-05,1.0061e-05,6.6322e-06,5.2271e-08,2.8750e-07,6.8854e-07,4.8088e-06,8.5662e-06,9.9797e-06,8.1213e-06
P47,0.00,135.00,30.00,0.00,5.0611e-08,3.2176e-07,9.7619e-07,4.8271e-06,1.0188e-05,1.0174e-05,6.8602e-06,5.0426e-08,2.9576e-07,7.1131e-07,4.8992e-06,8.6658e-06,1.0088e-05,8.3489e-06
P47,60.00,45.00,30.00,0.00,6.2172e-08,2.7905e-07,8.0177e-07,4.2457e-06,9.4741e-06,9.4607e-06,5.8329e-06,6.1472e-08,2.5738e-07,6.1872e-07,4.3460e-06,8.0293e-06,9.3998e-06,7.2058e-06
P47,30.00,0.00,30.00,0.00,5.2541e-08,3.1245e-07,9.3270e-07,4.7300e-06,1.0075e-05,1.0061e-05,6.6322e-06,5.2275e-08,2.8750e-07,6.8854e-07,4.8088e-06,8.5662e-06,9.9797e-06,8.1213e-06
P47,30.00,0.00,60.00,0.00,5.0187e-08,3.1244e-07,9.3266e-07,4.7299e-06,1.0075e-05,1.0061e-05,6.6322e-06,4.9907e-08,2.8750e-07,6.8853e-07,4.8087e-06,8.5661e-06,9.9797e-06,8.1213e-06
P47,60.00,45.00,60.00,0.00,5.8683e-08,2.7905e-07,8.0174e-07,4.2455e-06,9.4741e-06,9.4606e-06,5.8328e-06,5.7973e-08,2.5738e-07,6.1872e-07,4.3458e-06,8.0291e-06,9.3997e-06,7.2057e-06
P47,0.00,135.00,0.00,0.00,5.1074e-08,3.2176e-07,9.7621e-07,4.8272e-06,1.0188e-05,1.0174e-05,6.8602e-06,5.0891e-08,2.9576e-07,7.1132e-07,4.8993e-06,8.6659e-06,1.0088e-05,8.3489e-06
P47,60.00,180.00,60.00,0.00,5.8196e-08,2.7905e-07,8.0174e-07,4.2454e-06,9.4741e-06,9.4606e-06,5.8328e-06,5.7485e-08,2.5738e-07,6.1872e-07,4.3457e-06,8.0291e-06,9.3997e-06,7.2057e-06
P47,60.00,90.00,60.00,0.00,5.8486e-08,2.7905e-07,8.0174e-07,4.2454e-06,9.4741e-06,9.4606e-06,5.8328e-06,5.7775e-08,2.5738e-07,6.1872e-07,4.3458e-06,8.0291e-06,9.3997e-06,7.2057e-06
P47,60.00,90.00,30.00,0.00,6.2127e-08,2.7905e-07,8.0177e-07,4.2457e-06,9.4741e-06,9.4607e-06,5.8329e-06,6.1427e-08,2.5738e-07,6.1872e-07,4.3460e-06,8.0293e-06,9.3998e-06,7.2058e-06
P47,60.00,135.00,60.00,0.00,5.8283e-08,2.7905e-07,8.0174e-07,4.2454e-06,9.4741e-06,9.4606e-06,5.8328e-06,5.7571e-08,2.5738e-07,6.1872e-07,4.3458e-06,8.0291e-06,9.3997e-06,7.2057e-06
P47,30.00,45.00,0.00,0.00,5.3043e-08,3.1245e-07,9.3272e-07,4.7300e-06,1.0075e-05,1.0061e-05,6.6322e-06,5.2780e-08,2.8750e-07,6.8855e-07,4.8089e-06,8.5662e-06,9.9797e-06,8.1213e-06
P47,30.00,135.00,30.00,0.00,5.2519e-08,3.1245e-07,9.3270e-07,4.7300e-06,1.0075e-05,1.0061e-05,6.6322e-06,5.2253e-08,2.8750e-07,6.8854e-07,4.8088e-06,8.5662e-06,9.9797e-06,8.1213e-06
P47,30.00,135.00,0.00,0.00,5.3043e-08,3.1245e-07,9.3272e-07,4.7300e-06,1.0075e-05,1.0061e-05,6.6322e-06,5.2780e-08,2.8750e-07,6.8855e-07,4.8089e-06,8.5662e-06,9.9797e-06,8.1213e-06
P47,0.00,180.00,60.00,0.00,4.8469e-08,3.2175e-07,9.7615e-07,4.8270e-06,1.0188e-05,1.0174e-05,6.8602e-06,4.8269e-08,2.9576e-07,7.1130e-07,4.8991e-06,8.6658e-06,1.0088e-05,8.3488e-06
P47,30.00,45.00,60.00,0.00,5.0170e-08,3.1244e-07,9.3266e-07,4.7299e-06,1.0075e-05,1.0061e-05,6.6322e-06,4.9889e-08,2.8750e-07,6.8853e-07,4.8087e-06,8.5661e-06,9.9797e-06,8.1213e-06
P47,60.00,135.00,30.00,0.00,6.2083e-08,2.7905e-07,8.0177e-07,4.2457e-06,9.4741e-06,9.4607e-06,5.8329e-06,6.1383e-08,2.5738e-07,6.1872e-07,4.3460e-06,8.0293e-06,9.3998e-06,7.2058e-06
P47,0.00,90.00,0.00,0.00,5.1074e-08,3.2176e-07,9.7621e-07,4.8272e-06,1.0188e-05,1.0174e-05,6.8602e-06,5.0891e-08,2.9576e-07,7.1132e-07,4.8993e-06,8.6659e-06,1.0088e-05,8.3489e-06
P47,60.00,0.00,0.00,0.00,6.2892e-08,2.7905e-07,8.0178e-07,4.2458e-06,9.4742e-06,9.4607e-06,5.8329e-06,6.2195e-08,2.5738e-07,6.1873e-07,4.3461e-06,8.0293e-06,9.3998e-06,7.2058e-06
P47,60.00,180.00,30.00,0.00,6.2065e-08,2.7905e-07,8.0176e-07,4.2457e-06,9.4741e-06,9.4607e-06,5.8329e-06,6.1365e-08,2.5738e-07,6.1872e-07,4.3460e-06,8.0293e-06,9.3998e-06,7.2058e-06
P47,30.00,180.00,0.00,0.00,5.3043e-08,3.1245e-07,9.3272e-07,4.7300e-06,1.0075e-05,1.0061e-05,6.6322e-06,5.2780e-08,2.8750e-07,6.8855e-07,4.8089e-06,8.5662e-06,9.9797e-06,8.1213e-06
P47,0.00,0.00,30.00,0.00,5.0611e-08,3.2176e-07,9.7619e-07,4.8271e-06,1.0188e-05,1.0174e-05,6.8602e-06,5.0426e-08,2.9576e-07,7.1131e-07,4.8992e-06,8.6658e-06,1.0088e-05,8.3489e-06
P47,60.00,45.00,0.00,0.00,6.2892e-08,2.7905e-07,8.0178e-07,4.2458e-06,9.4742e-06,9.4607e-06,5.8329e-06,6.2195e-08,2.5738e-07,6.1873e-07,4.3461e-06,8.0293e-06,9.3998e-06,7.2058e-06
P47,60.00,0.00,60.00,0.00,5.8762e-08,2.7905e-07,8.0174e-07,4.2455e-06,9.4741e-06,9.4606e-06,5.8329e-06,5.8053e-08,2.5738e-07,6.1872e-07,4.3458e-06,8.0291e-06,9.3997e-06,7.2057e-06
P47,0.00,135.00,60.00,0.00,4.8469e-08,3.2175e-07,9.7615e-07,4.8270e-06,1.0188e-05,1.0174e-05,6.8602e-06,4.8269e-08,2.9576e-07,7.1130e-07,4.8991e-06,8.6658e-06,1.0088e-05,8.3488e-06
P47,0.00,0.00,60.00,0.00,4.8469e-08,3.2175e-07,9.7615e-07,4.8270e-06,1.0188e-05,1.0174e-05,6.8602e-06,4.8269e-08,2.9576e-07,7.1130e-07,4.8991e-06,8.6658e-06,1.0088e-05,8.3488e-06
P47,30.00,180.00,30.00,0.00,5.2515e-08,3.1245e-07,9.3270e-07,4.7300e-06,1.0075e-05,1.0061e-05,6.6322e-06,5.2249e-08,2.8750e-07,6.8854e-07,4.8088e-06,8.5662e-06,9.9797e-06,8.1213e-06
P47,0.00,180.00,30.00,0.00,5.0611e-08,3.2176e-07,9.7619e-07,4.8271e-06,1.0188e-05,1.0174e-05,6.8602e-06,5.0426e-08,2.9576e-07,7.1131e-07,4.8992e-06,8.6658e-06,1.0088e-05,8.3489e-06
P47,30.00,135.00,60.00,0.00,5.0086e-08,3.1244e-07,9.3266e-07,4.7298e-06,1.0075e-05,1.0061e-05,6.6322e-06,4.9805e-08,2.8750e-07,6.8853e-07,4.8087e-06,8.5661e-06,9.9797e-06,8.1213e-06
P47,30.00,90.00,60.00,0.00,5.0128e-08,3.1244e-07,9.3266e-07,4.7298e-06,1.0075e-05,1.0061e-05,6.6322e-06,4.9847e-08,2.8750e-07,6.8853e-07,4.8087e-06,8.5661e-06,9.9797e-06,8.1213e-06
P47,0.00,180.00,0.00,0.00,5.1074e-08,3.2176e-07,9.7621e-07,4.8272e-06,1.0188e-05,1.0174e-05,6.8602e-06,5.0891e-08,2.9576e-07,7.1132e-07,4.8993e-06,8.6659e-06,1.0088e-05,8.3489e-06
P47,30.00,0.00,0.00,0.00,5.3043e-08,3.1245e-07,9.3272e-07,4.7300e-06,1.0075e-05,1.0061e-05,6.6322e-06,5.2780e-08,2.8750e-07,6.8855e-07,4.8089e-06,8.5662e-06,9.9797e-06,8.1213e-06
P48,60.00,0.00,0.00,0.00,6.8957e-08,2.8345e-07,1.0770e-06,5.6301e-06,1.1163e-05,1.1151e-05,7.7638e-06,6.8917e-08,2.5264e-07,7.4230e-07,5.7066e-06,9.7902e-06,1.1087e-05,9.2442e-06
P48,30.00,180.00,0.00,0.00,6.0121e-08,3.5502e-07,1.3091e-06,5.7600e-06,1.1453e-05,1.1439e-05,8.7455e-06,6.0221e-08,3.1790e-07,9.1534e-07,5.8027e-06,9.9307e-06,1.1354e-05,1.0058e-05
P48,30.00,135.00,0.00,0.00,6.0121e-08,3.5502e-07,1.3091e-06,5.7600e-06,1.1453e-05,1.1439e-05,8.7455e-06,6.0221e-08,3.1790e-07,9.1534e-07,5.8027e-06,9.9307e-06,1.1354e-05,1.0058e-05
P48,30.00,180.00,60.00,0.00,5.4234e-08,3.5502e-07,1.3091e-06,5.7597e-06,1.1453e-05,1.1439e-05,8.7455e-06,5.4334e-08,3.1790e-07,9.1534e-07,5.8023e-06,9.9306e-06,1.1354e-05,1.0058e-05
P48,60.00,90.00,60.00,0.00,6.1486e-08,2.8344e-07,1.0770e-06,5.6298e-06,1.1163e-05,1.1151e-05,7.7638e-06,6.1443e-08,2.5264e-07,7.4230e-07,5.7062e-06,9.7901e-06,1.1087e-05,9.2442e-06
P48,0.00,180.00,60.00,0.00,5.2629e-08,3.7612e-07,1.3714e-06,5.7750e-06,1.1499e-05,1.1485e-05,8.9896e-06,5.2755e-08,3.3732e-07,9.6454e-07,5.8097e-06,9.9341e-06,1.1392e-05,1.0251e-05
P48,0.00,45.00,60.00,0.00,5.2629e-08,3.7612e-07,1.3714e-06,5.7750e-06,1.1499e-05,1.1485e-05,8.9896e-06,5.2755e-08,3.3732e-07,9.6454e-07,5.8097e-06,9.9341e-06,1.1392e-05,1.0251e-05
P48,30.00,45.00,30.00,0.00,5.9042e-08,3.5502e-07,1.3091e-06,5.7599e-06,1.1453e-05,1.1439e-05,8.7455e-06,5.9144e-08,3.1790e-07,9.1534e-07,5.8026e-06,9.9307e-06,1.1354e-05,1.0058e-05
P48,0.00,45.00,30.00,0.00,5.6938e-08,3.7612e-07,1.3714e-06,5.7752e-06,1.1499e-05,1.1485e-05,8.9896e-06,5.7064e-08,3.3732e-07,9.6454e-07,5.8099e-06,9.9341e-06,1.1392e-05,1.0251e-05
P48,60.00,90.00,0.00,0.00,6.8957e-08,2.8345e-07,1.0770e-06,5.6301e-06,1.1163e-05,1.1151e-05,7.7638e-06,6.8917e-08,2.5264e-07,7.4230e-07,5.7066e-06,9.7902e-06,1.1087e-05,9.2442e-06
P48,60.00,135.00,0.00,0.00,6.8957e-08,2.8345e-07,1.0770e-06,5.6301e-06,1.1163e-05,1.1151e-05,7.7638e-06,6.8917e-08,2.5264e-07,7.4230e-07,5.7066e-06,9.7902e-06,1.1087e-05,9.2442e-06
P48,60.00,0.00,30.00,0.00,6.7681e-08,2.8345e-07,1.0770e-06,5.6300e-06,1.1163e-05,1.1151e-05,7.7638e-06,6.7641e-08,2.5264e-07,7.4230e-07,5.7065e-06,9.7902e-06,1.1087e-05,9.2442e-06
P48,60.00,135.00,60.00,0.00,6.1181e-08,2.8344e-07,1.0770e-06,5.6298e-06,1.1163e-05,1.1151e-05,7.7638e-06,6.1137e-08,2.5264e-07,7.4230e-07,5.7062e-06,9.7901e-06,1.1087e-05,9.2442e-06
P48,60.00,135.00,30.00,0.00,6.7496e-08,2.8345e-07,1.0770e-06,5.6300e-06,1.1163e-05,1.1151e-05,7.7638e-06,6.7456e-08,2.5264e-07,7.4230e-07,5.7065e-06,9.7902e-06,1.1087e-05,9.2442e-06
P48,0.00,135.00,60.00,0.00,5.2629e-08,3.7612e-07,1.3714e-06,5.7750e-06,1.1499e-05,1.1485e-05,8.9896e-06,5.2755e-08,3.3732e-07,9.6454e-07,5.8097e-06,9.9341e-06,1.1392e-05,1.0251e-05
P48,60.00,45.00,60.00,0.00,6.1782e-08,2.8345e-07,1.0770e-06,5.6298e-06,1.1163e-05,1.1151e-05,7.7638e-06,6.1738e-08,2.5264e-07,7.4230e-07,5.7063e-06,9.7901e-06,1.1087e-05,9.2442e-06
P48,30.00,90.00,30.00,0.00,5.9023e-08,3.5502e-07,1.3091e-06,5.7599e-06,1.1453e-05,1.1439e-05,8.7455e-06,5.9124e-08,3.1790e-07,9.1534e-07,5.8026e-06,9.9307e-06,1.1354e-05,1.0058e-05
P48,0.00,90.00,0.00,0.00,5.7957e-08,3.7612e-07,1.3714e-06,5.7753e-06,1.1499e-05,1.1485e-05,8.9896e-06,5.8081e-08,3.3732e-07,9.6454e-07,5.8100e-06,9.9342e-06,1.1393e-05,1.0251e-05
P48,0.00,0.00,60.00,0.00,5.2629e-08,3.7612e-07,1.3714e-06,5.7750e-06,1.1499e-05,1.1485e-05,8.9896e-06,5.2755e-08,3.3732e-07,9.6454e-07,5.8097e-06,9.9341e-06,1.1392e-05,1.0251e-05
P48,30.00,90.00,0.00,0.00,6.0121e-08,3.5502e-07,1.3091e-06,5.7600e-06,1.1453e-05,1.1439e-05,8.7455e-06,6.0221e-08,3.1790e-07,9.1534e-07,5.8027e-06,9.9307e-06,1.1354e-05,1.0058e-05
P48,0.00,45.00,0.00,0.00,5.7957e-08,3.7612e-07,1.3714e-06,5.7753e-06,1.1499e-05,1.1485e-05,8.9896e-06,5.8081e-08,3.3732e-07,9.6454e-07,5.8100e-06,9.9342e-06,1.1393e-05,1.0251e-05
P48,30.00,180.00,30.00,0.00,5.8995e-08,3.5502e-07,1.3091e-06,5.7599e-06,1.1453e-05,1.1439e-05,8.7455e-06,5.9097e-08,3.1790e-07,9.1534e-07,5.8026e-06,9.9307e-06,1.1354e-05,1.0058e-05
P48,60.00,180.00,60.00,0.00,6.1051e-08,2.8344e-07,1.0770e-06,5.6298e-06,1.1163e-05,1.1151e-05,7.7638e-06,6.1008e-08,2.5264e-07,7.4230e-07,5.7062e-06,9.7901e-06,1.1087e-05,9.2442e-06
P48,60.00,45.00,0.00,0.00,6.8957e-08,2.8345e-07,1.0770e-06,5.6301e-06,1.1163e-05,1.1151e-05,7.7638e-06,6.8917e-08,2.5264e-07,7.4230e-07,5.7066e-06,9.7902e-06,1.1087e-05,9.2442e-06
P48,30.00,135.00,60.00,0.00,5.4264e-08,3.5502e-07,1.3091e-06,5.7597e-06,1.1453e-05,1.1439e-05,8.7455e-06,5.4364e-08,3.1790e-07,9.1534e-07,5.8023e-06,9.9306e-06,1.1354e-05,1.0058e-05
P48,0.00,180.00,0.00,0.00,5.7957e-08,3.7612e-07,1.3714e-06,5.7753e-06,1.1499e-05,1.1485e-05,8.9896e-06,5.8081e-08,3.3732e-07,9.6454e-07,5.8100e-06,9.9342e-06,1.1393e-05,1.0251e-05
P48,0.00,0.00,30.00,0.00,5.6938e-08,3.7612e-07,1.3714e-06,5.7752e-06,1.1499e-05,1.1485e-05,8.9896e-06,5.7064e-08,3.3732e-07,9.6454e-07,5.8099e-06,9.9341e-06,1.1392e-05,1.0251e-05
P48,60.00,0.00,60.00,0.00,6.1901e-08,2.8345e-07,1.0770e-06,5.6298e-06,1.1163e-05,1.1151e-05,7.7638e-06,6.1858e-08,2.5264e-07,7.4230e-07,5.7063e-06,9.7901e-06,1.1087e-05,9.2442e-06
P48,60.00,90.00,30.00,0.00,6.7572e-08,2.8345e-07,1.0770e-06,5.6300e-06,1.1163e-05,1.1151e-05,7.7638e-06,6.7532e-08,2.5264e-07,7.4230e-07,5.7065e-06,9.7902e-06,1.1087e-05,9.2442e-06
P48,0.00,180.00,30.00,0.00,5.6938e-08,3.7612e-07,1.3714e-06,5.7752e-06,1.1499e-05,1.1485e-05,8.9896e-06,5.7064e-08,3.3732e-07,9.6454e-07,5.8099e-06,9.9341e-06,1.1392e-05,1.0251e-05
P48,30.00,90.00,60.00,0.00,5.4338e-08,3.5502e-07,1.3091e-06,5.7597e-06,1.1453e-05,1.1439e-05,8.7455e-06,5.4438e-08,3.1790e-07,9.1534e-07,5.8023e-06,9.9306e-06,1.1354e-05,1.0058e-05
P48,30.00,135.00,30.00,0.00,5.9003e-08,3.5502e-07,1.3091e-06,5.7599e-06,1.1453e-05,1.1439e-05,8.7455e-06,5.9105e-08,3.1790e-07,9.1534e-07,5.8026e-06,9.9307e-06,1.1354e-05,1.0058e-05
P48,60.00,180.00,0.00,0.00,6.8957e-08,2.8345e-07,1.0770e-06,5.6301e-06,1.1163e-05,1.1151e-05,7.7638e-06,6.8917e-08,2.5264e-07,7.4230e-07,5.7066e-06,9.7902e-06,1.1087e-05,9.2442e-06
P48,0.00,0.00,0.00,0.00,5.7957e-08,3.7612e-07,1.3714e-06,5.7753e-06,1.1499e-05,1.1485e-05,8.9896e-06,5.8081e-08,3.3732e-07,9.6454e-07,5.8100e-06,9.9342e-06,1.1393e-05,1.0251e-05
P48,30.00,45.00,0.00,0.00,6.0121e-08,3.5502e-07,1.3091e-06,5.7600e-06,1.1453e-05,1.1439e-05,8.7455e-06,6.0221e-08,3.1790e-07,9.1534e-07,5.8027e-06,9.9307e-06,1.1354e-05,1.0058e-05
P48,30.00,0.00,30.00,0.00,5.9050e-08,3.5502e-07,1.3091e-06,5.7599e-06,1.1453e-05,1.1439e-05,8.7455e-06,5.9152e-08,3.1790e-07,9.1534e-07,5.8026e-06,9.9307e-06,1.1354e-05,1.0058e-05
P48,60.00,180.00,30.00,0.00,6.7464e-08,2.8345e-07,1.0770e-06,5.6300e-06,1.1163e-05,1.1151e-05,7.7638e-06,6.7424e-08,2.5264e-07,7.4230e-07,5.7065e-06,9.7902e-06,1.1087e-05,9.2442e-06
P48,0.00,90.00,60.00,0.00,5.2629e-08,3.7612e-07,1.3714e-06,5.7750e-06,1.1499e-05,1.1485e-05,8.9896e-06,5.2755e-08,3.3732e-07,9.6454e-07,5.8097e-06,9.9341e-06,1.1392e-05,1.0251e-05
P48,0.00,135.00,0.00,0.00,5.7957e-08,3.7612e-07,1.3714e-06,5.7753e-06,1.1499e-05,1.1485e-05,8.9896e-06,5.8081e-08,3.3732e-07,9.6454e-07,5.8100e-06,9.9342e-06,1.1393e-05,1.0251e-05
P48,30.00,45.00,60.00,0.00,5.4412e-08,3.5502e-07,1.3091e-06,5.7597e-06,1.1453e-05,1.1439e-05,8.7455e-06,5.4512e-08,3.1790e-07,9.1534e-07,5.8023e-06,9.9306e-06,1.1354e-05,1.0058e-05
P48,0.00,90.00,30.00,0.00,5.6938e-08,3.7612e-07,1.3714e-06,5.7752e-06,1.1499e-05,1.1485e-05,8.9896e-06,5.7064e-08,3.3732e-07,9.6454e-07,5.8099e-06,9.9341e-06,1.1392e-05,1.0251e-05
P48,0.00,135.00,30.00,0.00,5.6938e-08,3.7612e-07,1.3714e-06,5.7752e-06,1.1499e-05,1.1485e-05,8.9896e-06,5.7064e-08,3.3732e-07,9.6454e-07,5.8099e-06,9.9341e-06,1.1392e-05,1.0251e-05
P48,60.00,45.00,30.00,0.00,6.7649e-08,2.8345e-07,1.0770e-06,5.6300e-06,1.1163e-05,1.1151e-05,7.7638e-06,6.7609e-08,2.5264e-07,7.4230e-07,5.7065e-06,9.7902e-06,1.1087e-05,9.2442e-06
P48,30.00,0.00,60.00,0.00,5.4442e-08,3.5502e-07,1.3091e-06,5.7597e-06,1.1453e-05,1.1439e-05,8.7455e-06,5.4542e-08,3.1790e-07,9.1534e-07,5.8023e-06,9.9306e-06,1.1354e-05,1.0058e-05
P48,30.00,0.00,0.00,0.00,6.0121e-08,3.5502e-07,1.3091e-06,5.7600e-06,1.1453e-05,1.1439e-05,8.7455e-06,6.0221e-08,3.1790e-07,9.1534e-07,5.8027e-06,9.9307e-06,1.1354e-05,1.0058e-05
P49,0.00,180.00,0.00,0.00,5.3896e-08,3.0470e-07,1.0013e-06,5.4287e-06,1.0494e-05,1.0484e-05,8.5558e-06,5.4286e-08,2.7643e-07,7.3175e-07,5.4720e-06,9.3628e-06,1.0432e-05,9.5105e-06
P49,0.00,45.00,60.00,0.00,4.8907e-08,3.0470e-07,1.0013e-06,5.4285e-06,1.0494e-05,1.0484e-05,8.5558e-06,4.9284e-08,2.7643e-07,7.3175e-07,5.4718e-06,9.3627e-06,1.0432e-05,9.5105e-06
P49,60.00,45.00,60.00,0.00,5.4963e-08,2.4578e-07,8.3804e-07,5.0421e-06,9.6692e-06,9.6604e-06,7.4240e-06,5.5333e-08,2.2192e-07,6.0779e-07,5.1145e-06,8.7191e-06,9.6231e-06,8.4419e-06
P49,60.00,90.00,30.00,0.00,6.0247e-08,2.4578e-07,8.3804e-07,5.0422e-06,9.6692e-06,9.6604e-06,7.4240e-06,6.0633e-08,2.2192e-07,6.0779e-07,5.1147e-06,8.7191e-06,9.6231e-06,8.4419e-06
P49,60.00,135.00,30.00,0.00,6.0175e-08,2.4578e-07,8.3804e-07,5.0422e-06,9.6692e-06,9.6604e-06,7.4240e-06,6.0561e-08,2.2192e-07,6.0779e-07,5.1147e-06,8.7191e-06,9.6231e-06,8.4419e-06
P49,0.00,0.00,0.00,0.00,5.3896e-08,3.0470e-07,1.0013e-06,5.4287e-06,1.0494e-05,1.0484e-05,8.5558e-06,5.4286e-08,2.7643e-07,7.3175e-07,5.4720e-06,9.3628e-06,1.0432e-05,9.5105e-06
P49,60.00,45.00,30.00,0.00,6.0319e-08,2.4578e-07,8.3804e-07,5.0422e-06,9.6692e-06,9.6604e-06,7.4240e-06,6.0705e-08,2.2192e-07,6.0779e-07,5.1147e-06,8.7191e-06,9.6231e-06,8.4419e-06
P49,60.00,135.00,0.00,0.00,6.1491e-08,2.4578e-07,8.3804e-07,5.0422e-06,9.6692e-06,9.6604e-06,7.4240e-06,6.1881e-08,2.2192e-07,6.0779e-07,5.1147e-06,8.7192e-06,9.6231e-06,8.4419e-06
P49,60.00,90.00,60.00,0.00,5.4689e-08,2.4578e-07,8.3804e-07,5.0421e-06,9.6692e-06,9.6604e-06,7.4240e-06,5.5057e-08,2.2192e-07,6.0779e-07,5.1145e-06,8.7191e-06,9.6231e-06,8.4419e-06
P49,30.00,90.00,0.00,0.00,5.5521e-08,2.9185e-07,9.6641e-07,5.3706e-06,1.0342e-05,1.0332e-05,8.3216e-06,5.5915e-08,2.6450e-07,7.0515e-07,5.4203e-06,9.2634e-06,1.0285e-05,9.2932e-06
P49,0.00,135.00,60.00,0.00,4.8907e-08,3.0470e-07,1.0013e-06,5.4285e-06,1.0494e-05,1.0484e-05,8.5558e-06,4.9284e-08,2.7643e-07,7.3175e-07,5.4718e-06,9.3627e-06,1.0432e-05,9.5105e-06
P49,0.00,90.00,0.00,0.00,5.3896e-08,3.0470e-07,1.0013e-06,5.4287e-06,1.0494e-05,1.0484e-05,8.5558e-06,5.4286e-08,2.7643e-07,7.3175e-07,5.4720e-06,9.3628e-06,1.0432e-05,9.5105e-06
P49,60.00,0.00,0.00,0.00,6.1491e-08,2.4578e-07,8.3804e-07,5.0422e-06,9.6692e-06,9.6604e-06,7.4240e-06,6.1881e-08,2.2192e-07,6.0779e-07,5.1147e-06,8.7192e-06,9.6231e-06,8.4419e-06
P49,60.00,180.00,30.00,0.00,6.0145e-08,2.4578e-07,8.3804e-07,5.0422e-06,9.6692e-06,9.6604e-06,7.4240e-06,6.0531e-08,2.2192e-07,6.0779e-07,5.1147e-06,8.7191e-06,9.6231e-06,8.4419e-06
P49,0.00,45.00,30.00,0.00,5.2959e-08,3.0470e-07,1.0013e-06,5.4286e-06,1.0494e-05,1.0484e-05,8.5558e-06,5.3347e-08,2.7643e-07,7.3175e-07,5.4719e-06,9.3627e-06,1.0432e-05,9.5105e-06
P49,30.00,0.00,30.00,0.00,5.4539e-08,2.9185e-07,9.6641e-07,5.3706e-06,1.0342e-05,1.0332e-05,8.3216e-06,5.4930e-08,2.6450e-07,7.0515e-07,5.4203e-06,9.2634e-06,1.0285e-05,9.2932e-06
P49,0.00,45.00,0.00,0.00,5.3896e-08,3.0470e-07,1.0013e-06,5.4287e-06,1.0494e-05,1.0484e-05,8.5558e-06,5.4286e-08,2.7643e-07,7.3175e-07,5.4720e-06,9.3628e-06,1.0432e-05,9.5105e-06
P49,60.00,0.00,60.00,0.00,5.5074e-08,2.4578e-07,8.3804e-07,5.0421e-06,9.6692e-06,9.6604e-06,7.4240e-06,5.5444e-08,2.2192e-07,6.0779e-07,5.1145e-06,8.7191e-06,9.6231e-06,8.4419e-06
P49,60.00,0.00,30.00,0.00,6.0349e-08,2.4578e-07,8.3804e-07,5.0422e-06,9.6692e-06,9.6604e-06,7.4240e-06,6.0735e-08,2.2192e-07,6.0779e-07,5.1147e-06,8.7191e-06,9.6231e-06,8.4419e-06
P49,0.00,135.00,30.00,0.00,5.2959e-08,3.0470e-07,1.0013e-06,5.4286e-06,1.0494e-05,1.0484e-05,8.5558e-06,5.3347e-08,2.7643e-07,7.3175e-07,5.4719e-06,9.3627e-06,1.0432e-05,9.5105e-06
P49,0.00,90.00,30.00,0.00,5.2959e-08,3.0470e-07,1.0013e-06,5.4286e-06,1.0494e-05,1.0484e-05,8.5558e-06,5.3347e-08,2.7643e-07,7.3175e-07,5.4719e-06,9.3627e-06,1.0432e-05,9.5105e-06
P49,30.00,45.00,60.00,0.00,5.0188e-08,2.9184e-07,9.6641e-07,5.3704e-06,1.0342e-05,1.0332e-05,8.3216e-06,5.0566e-08,2.6450e-07,7.0515e-07,5.4201e-06,9.2634e-06,1.0285e-05,9.2932e-06
P49,30.00,180.00,30.00,0.00,5.4486e-08,2.9185e-07,9.6641e-07,5.3706e-06,1.0342e-05,1.0332e-05,8.3216e-06,5.4877e-08,2.6450e-07,7.0515e-07,5.4203e-06,9.2634e-06,1.0285e-05,9.2932e-06
P49,60.00,180.00,60.00,0.00,5.4286e-08,2.4578e-07,8.3804e-07,5.0421e-06,9.6692e-06,9.6604e-06,7.4240e-06,5.4653e-08,2.2192e-07,6.0779e-07,5.1145e-06,8.7191e-06,9.6231e-06,8.4419e-06
P49,30.00,90.00,30.00,0.00,5.4512e-08,2.9185e-07,9.6641e-07,5.3706e-06,1.0342e-05,1.0332e-05,8.3216e-06,5.4903e-08,2.6450e-07,7.0515e-07,5.4203e-06,9.2634e-06,1.0285e-05,9.2932e-06
P49,60.00,45.00,0.00,0.00,6.1491e-08,2.4578e-07,8.3804e-07,5.0422e-06,9.6692e-06,9.6604e-06,7.4240e-06,6.1881e-08,2.2192e-07,6.0779e-07,5.1147e-06,8.7192e-06,9.6231e-06,8.4419e-06
P49,0.00,90.00,60.00,0.00,4.8907e-08,3.0470e-07,1.0013e-06,5.4285e-06,1.0494e-05,1.0484e-05,8.5558e-06,4.9284e-08,2.7643e-07,7.3175e-07,5.4718e-06,9.3627e-06,1.0432e-05,9.5105e-06
P49,30.00,45.00,30.00,0.00,5.4531e-08,2.9185e-07,9.6641e-07,5.3706e-06,1.0342e-05,1.0332e-05,8.3216e-06,5.4922e-08,2.6450e-07,7.0515e-07,5.4203e-06,9.2634e-06,1.0285e-05,9.2932e-06
P49,30.00,0.00,0.00,0.00,5.5521e-08,2.9185e-07,9.6641e-07,5.3706e-06,1.0342e-05,1.0332e-05,8.3216e-06,5.5915e-08,2.6450e-07,7.0515e-07,5.4203e-06,9.2634e-06,1.0285e-05,9.2932e-06
P49,60.00,180.00,0.00,0.00,6.1491e-08,2.4578e-07,8.3804e-07,5.0422e-06,9.6692e-06,9.6604e-06,7.4240e-06,6.1881e-08,2.2192e-07,6.0779e-07,5.1147e-06,8.7192e-06,9.6231e-06,8.4419e-06
P49,30.00,180.00,0.00,0.00,5.5521e-08,2.9185e-07,9.6641e-07,5.3706e-06,1.0342e-05,1.0332e-05,8.3216e-06,5.5915e-08,2.6450e-07,7.0515e-07,5.4203e-06,9.2634e-06,1.0285e-05,9.2932e-06
P49,30.00,135.00,30.00,0.00,5.4493e-08,2.9185e-07,9.6641e-07,5.3706e-06,1.0342e-05,1.0332e-05,8.3216e-06,5.4885e-08,2.6450e-07,7.0515e-07,5.4203e-06,9.2634e-06,1.0285e-05,9.2932e-06
P49,0.00,180.00,30.00,0.00,5.2959e-08,3.0470e-07,1.0013e-06,5.4286e-06,1.0494e-05,1.0484e-05,8.5558e-06,5.3347e-08,2.7643e-07,7.3175e-07,5.4719e-06,9.3627e-06,1.0432e-05,9.5105e-06
P49,30.00,45.00,0.00,0.00,5.5521e-08,2.9185e-07,9.6641e-07,5.3706e-06,1.0342e-05,1.0332e-05,8.3216e-06,5.5915e-08,2.6450e-07,7.0515e-07,5.4203e-06,9.2634e-06,1.0285e-05,9.2932e-06
P49,30.00,0.00,60.00,0.00,5.0217e-08,2.9184e-07,9.6641e-07,5.3704e-06,1.0342e-05,1.0332e-05,8.3216e-06,5.0595e-08,2.6450e-07,7.0515e-07,5.4201e-06,9.2634e-06,1.0285e-05,9.2932e-06
P49,60.00,135.00,60.00,0.00,5.4406e-08,2.4578e-07,8.3804e-07,5.0421e-06,9.6692e-06,9.6604e-06,7.4240e-06,5.4774e-08,2.2192e-07,6.0779e-07,5.1145e-06,8.7191e-06,9.6231e-06,8.4419e-06
P49,0.00,135.00,0.00,0.00,5.3896e-08,3.0470e-07,1.0013e-06,5.4287e-06,1.0494e-05,1.0484e-05,8.5558e-06,5.4286e-08,2.7643e-07,7.3175e-07,5.4720e-06,9.3628e-06,1.0432e-05,9.5105e-06
P49,30.00,135.00,60.00,0.00,5.0047e-08,2.9184e-07,9.6641e-07,5.3704e-06,1.0342e-05,1.0332e-05,8.3216e-06,5.0425e-08,2.6450e-07,7.0515e-07,5.4201e-06,9.2634e-06,1.0285e-05,9.2932e-06
P49,30.00,90.00,60.00,0.00,5.0118e-08,2.9184e-07,9.6641e-07,5.3704e-06,1.0342e-05,1.0332e-05,8.3216e-06,5.0496e-08,2.6450e-07,7.0515e-07,5.4201e-06,9.2634e-06,1.0285e-05,9.2932e-06
P49,30.00,180.00,60.00,0.00,5.0018e-08,2.9184e-07,9.6641e-07,5.3704e-06,1.0342e-05,1.0332e-05,8.3216e-06,5.0396e-08,2.6450e-07,7.0515e-07,5.4201e-06,9.2634e-06,1.0285e-05,9.2932e-06
P49,60.00,90.00,0.00,0.00,6.1491e-08,2.4578e-07,8.3804e-07,5.0422e-06,9.6692e-06,9.6604e-06,7.4240e-06,6.1881e-08,2.2192e-07,6.0779e-07,5.1147e-06,8.7192e-06,9.6231e-06,8.4419e-06
P49,0.00,0.00,30.00,0.00,5.2959e-08,3.0470e-07,1.0013e-06,5.4286e-06,1.0494e-05,1.0484e-05,8.5558e-06,5.3347e-08,2.7643e-07,7.3175e-07,5.4719e-06,9.3627e-06,1.0432e-05,9.5105e-06
P49,30.00,135.00,0.00,0.00,5.5521e-08,2.9185e-07,9.6641e-07,5.3706e-06,1.0342e-05,1.0332e-05,8.3216e-06,5.5915e-08,2.6450e-07,7.0515e-07,5.4203e-06,9.2634e-06,1.0285e-05,9.2932e-06
P49,0.00,0.00,60.00,0.00,4.8907e-08,3.0470e-07,1.0013e-06,5.4285e-06,1.0494e-05,1.0484e-05,8.5558e-06,4.9284e-08,2.7643e-07,7.3175e-07,5.4718e-06,9.3627e-06,1.0432e-05,9.5105e-06
P49,0.00,180.00,60.00,0.00,4.8907e-08,3.0470e-07,1.0013e-06,5.4285e-06,1.0494e-05,1.0484e-05,8.5558e-06,4.9284e-08,2.7643e-07,7.3175e-07,5.4718e-06,9.3627e-06,1.0432e-05,9.5105e-06
P50,0.00,45.00,60.00,0.00,4.7001e-08,3.4005e-07,1.0603e-06,5.3707e-06,1.0438e-05,1.0427e-05,8.4971e-06,4.7377e-08,3.1067e-07,7.9244e-07,5.4093e-06,9.2802e-06,1.0373e-05,9.4559e-06
P50,0.00,90.00,0.00,0.00,5.1169e-08,3.4005e-07,1.0603e-06,5.3709e-06,1.0438e-05,1.0427e-05,8.4971e-06,5.1550e-08,3.1067e-07,7.9244e-07,5.4096e-06,9.2803e-06,1.0373e-05,9.4559e-06
P50,0.00,135.00,0.00,0.00,5.1169e-08,3.4005e-07,1.0603e-06,5.3709e-06,1.0438e-05,1.0427e-05,8.4971e-06,5.1550e-08,3.1067e-07,7.9244e-07,5.4096e-06,9.2803e-06,1.0373e-05,9.4559e-06
P50,60.00,90.00,0.00,0.00,5.8185e-08,2.7628e-07,9.0428e-07,5.0044e-06,9.6301e-06,9.6211e-06,7.3884e-06,5.8562e-08,2.5088e-07,6.7047e-07,5.0717e-06,8.6706e-06,9.5828e-06,8.4088e-06
P50,30.00,180.00,30.00,0.00,5.1704e-08,3.2646e-07,1.0273e-06,5.3157e-06,1.0292e-05,1.0282e-05,8.2673e-06,5.2088e-08,2.9791e-07,7.6669e-07,5.3605e-06,9.1894e-06,1.0233e-05,9.2427e-06
P50,60.00,135.00,60.00,0.00,5.2192e-08,2.7628e-07,9.0428e-07,5.0043e-06,9.6301e-06,9.6211e-06,7.3884e-06,5.2550e-08,2.5088e-07,6.7047e-07,5.0715e-06,8.6705e-06,9.5828e-06,8.4088e-06
P50,0.00,135.00,30.00,0.00,5.0361e-08,3.4005e-07,1.0603e-06,5.3709e-06,1.0438e-05,1.0427e-05,8.4971e-06,5.0743e-08,3.1067e-07,7.9244e-07,5.4095e-06,9.2803e-06,1.0373e-05,9.4559e-06
P50,0.00,180.00,60.00,0.00,4.7001e-08,3.4005e-07,1.0603e-06,5.3707e-06,1.0438e-05,1.0427e-05,8.4971e-06,4.7377e-08,3.1067e-07,7.9244e-07,5.4093e-06,9.2802e-06,1.0373e-05,9.4559e-06
P50,0.00,90.00,60.00,0.00,4.7001e-08,3.4005e-07,1.0603e-06,5.3707e-06,1.0438e-05,1.0427e-05,8.4971e-06,4.7377e-08,3.1067e-07,7.9244e-07,5.4093e-06,9.2802e-06,1.0373e-05,9.4559e-06
P50,0.00,45.00,30.00,0.00,5.0361e-08,3.4005e-07,1.0603e-06,5.3709e-06,1.0438e-05,1.0427e-05,8.4971e-06,5.0743e-08,3.1067e-07,7.9244e-07,5.4095e-06,9.2803e-06,1.0373e-05,9.4559e-06
P50,0.00,0.00,60.00,0.00,4.7001e-08,3.4005e-07,1.0603e-06,5.3707e-06,1.0438e-05,1.0427e-05,8.4971e-06,4.7377e-08,3.1067e-07,7.9244e-07,5.4093e-06,9.2802e-06,1.0373e-05,9.4559e-06
P50,60.00,45.00,60.00,0.00,5.2670e-08,2.7628e-07,9.0428e-07,5.0043e-06,9.6301e-06,9.6211e-06,7.3884e-06,5.3029e-08,2.5088e-07,6.7047e-07,5.0715e-06,8.6705e-06,9.5828e-06,8.4088e-06
P50,60.00,90.00,60.00,0.00,5.2435e-08,2.7628e-07,9.0428e-07,5.0043e-06,9.6301e-06,9.6211e-06,7.3884e-06,5.2793e-08,2.5088e-07,6.7047e-07,5.0715e-06,8.6705e-06,9.5828e-06,8.4088e-06
P50,0.00,180.00,30.00,0.00,5.0361e-08,3.4005e-07,1.0603e-06,5.3709e-06,1.0438e-05,1.0427e-05,8.4971e-06,5.0743e-08,3.1067e-07,7.9244e-07,5.4095e-06,9.2803e-06,1.0373e-05,9.4559e-06
P50,0.00,180.00,0.00,0.00,5.1169e-08,3.4005e-07,1.0603e-06,5.3709e-06,1.0438e-05,1.0427e-05,8.4971e-06,5.1550e-08,3.1067e-07,7.9244e-07,5.4096e-06,9.2803e-06,1.0373e-05,9.4559e-06
P50,30.00,135.00,30.00,0.00,5.1710e-08,3.2646e-07,1.0273e-06,5.3157e-06,1.0292e-05,1.0282e-05,8.2673e-06,5.2095e-08,2.9791e-07,7.6669e-07,5.3605e-06,9.1894e-06,1.0233e-05,9.2427e-06
P50,30.00,180.00,0.00,0.00,5.2592e-08,3.2646e-07,1.0273e-06,5.3157e-06,1.0292e-05,1.0282e-05,8.2673e-06,5.2977e-08,2.9791e-07,7.6669e-07,5.3605e-06,9.1894e-06,1.0233e-05,9.2427e-06
P50,60.00,180.00,30.00,0.00,5.7025e-08,2.7628e-07,9.0428e-07,5.0044e-06,9.6301e-06,9.6211e-06,7.3884e-06,5.7399e-08,2.5088e-07,6.7047e-07,5.0716e-06,8.6706e-06,9.5828e-06,8.4088e-06
P50,30.00,0.00,60.00,0.00,4.8168e-08,3.2646e-07,1.0273e-06,5.3155e-06,1.0292e-05,1.0282e-05,8.2673e-06,4.8545e-08,2.9791e-07,7.6669e-07,5.3603e-06,9.1894e-06,1.0233e-05,9.2427e-06
P50,30.00,45.00,30.00,0.00,5.1742e-08,3.2646e-07,1.0273e-06,5.3157e-06,1.0292e-05,1.0282e-05,8.2673e-06,5.2126e-08,2.9791e-07,7.6669e-07,5.3605e-06,9.1894e-06,1.0233e-05,9.2427e-06
P50,60.00,0.00,30.00,0.00,5.7199e-08,2.7628e-07,9.0428e-07,5.0044e-06,9.6301e-06,9.6211e-06,7.3884e-06,5.7573e-08,2.5088e-07,6.7047e-07,5.0716e-06,8.6706e-06,9.5828e-06,8.4088e-06
P50,30.00,135.00,60.00,0.00,4.8025e-08,3.2646e-07,1.0273e-06,5.3155e-06,1.0292e-05,1.0282e-05,8.2673e-06,4.8402e-08,2.9791e-07,7.6669e-07,5.3603e-06,9.1893e-06,1.0233e-05,9.2427e-06
P50,60.00,135.00,0.00,0.00,5.8185e-08,2.7628e-07,9.0428e-07,5.0044e-06,9.6301e-06,9.6211e-06,7.3884e-06,5.8562e-08,2.5088e-07,6.7047e-07,5.0717e-06,8.6706e-06,9.5828e-06,8.4088e-06
P50,0.00,0.00,0.00,0.00,5.1169e-08,3.4005e-07,1.0603e-06,5.3709e-06,1.0438e-05,1.0427e-05,8.4971e-06,5.1550e-08,3.1067e-07,7.9244e-07,5.4096e-06,9.2803e-06,1.0373e-05,9.4559e-06
P50,30.00,180.00,60.00,0.00,4.8001e-08,3.2646e-07,1.0273e-06,5.3155e-06,1.0292e-05,1.0282e-05,8.2673e-06,4.8377e-08,2.9791e-07,7.6669e-07,5.3603e-06,9.1893e-06,1.0233e-05,9.2427e-06
P50,30.00,0.00,0.00,0.00,5.2592e-08,3.2646e-07,1.0273e-06,5.3157e-06,1.0292e-05,1.0282e-05,8.2673e-06,5.2977e-08,2.9791e-07,7.6669e-07,5.3605e-06,9.1894e-06,1.0233e-05,9.2427e-06
P50,30.00,90.00,60.00,0.00,4.8084e-08,3.2646e-07,1.0273e-06,5.3155e-06,1.0292e-05,1.0282e-05,8.2673e-06,4.8461e-08,2.9791e-07,7.6669e-07,5.3603e-06,9.1893e-06,1.0233e-05,9.2427e-06
P50,60.00,180.00,0.00,0.00,5.8185e-08,2.7628e-07,9.0428e-07,5.0044e-06,9.6301e-06,9.6211e-06,7.3884e-06,5.8562e-08,2.5088e-07,6.7047e-07,5.0717e-06,8.6706e-06,9.5828e-06,8.4088e-06
P50,30.00,0.00,30.00,0.00,5.1748e-08,3.2646e-07,1.0273e-06,5.3157e-06,1.0292e-05,1.0282e-05,8.2673e-06,5.2133e-08,2.9791e-07,7.6669e-07,5.3605e-06,9.1894e-06,1.0233e-05,9.2427e-06
P50,60.00,0.00,0.00,0.00,5.8185e-08,2.7628e-07,9.0428e-07,5.0044e-06,9.6301e-06,9.6211e-06,7.3884e-06,5.8562e-08,2.5088e-07,6.7047e-07,5.0717e-06,8.6706e-06,9.5828e-06,8.4088e-06
P50,60.00,45.00,0.00,0.00,5.8185e-08,2.7628e-07,9.0428e-07,5.0044e-06,9.6301e-06,9.6211e-06,7.3884e-06,5.8562e-08,2.5088e-07,6.7047e-07,5.0717e-06,8.6706e-06,9.5828e-06,8.4088e-06
P50,60.00,135.00,30.00,0.00,5.7050e-08,2.7628e-07,9.0428e-07,5.0044e-06,9.6301e-06,9.6211e-06,7.3884e-06,5.7424e-08,2.5088e-07,6.7047e-07,5.0716e-06,8.6706e-06,9.5828e-06,8.4088e-06
P50,60.00,0.00,60.00,0.00,5.2766e-08,2.7628e-07,9.0428e-07,5.0043e-06,9.6301e-06,9.6211e-06,7.3884e-06,5.3125e-08,2.5088e-07,6.7047e-07,5.0715e-06,8.6705e-06,9.5828e-06,8.4088e-06
P50,30.00,135.00,0.00,0.00,5.2592e-08,3.2646e-07,1.0273e-06,5.3157e-06,1.0292e-05,1.0282e-05,8.2673e-06,5.2977e-08,2.9791e-07,7.6669e-07,5.3605e-06,9.1894e-06,1.0233e-05,9.2427e-06
P50,0.00,45.00,0.00,0.00,5.1169e-08,3.4005e-07,1.0603e-06,5.3709e-06,1.0438e-05,1.0427e-05,8.4971e-06,5.1550e-08,3.1067e-07,7.9244e-07,5.4096e-06,9.2803e-06,1.0373e-05,9.4559e-06
P50,60.00,180.00,60.00,0.00,5.2090e-08,2.7628e-07,9.0428e-07,5.0043e-06,9.6301e-06,9.6211e-06,7.3884e-06,5.2447e-08,2.5088e-07,6.7047e-07,5.0715e-06,8.6705e-06,9.5828e-06,8.4088e-06
P50,0.00,90.00,30.00,0.00,5.0361e-08,3.4005e-07,1.0603e-06,5.3709e-06,1.0438e-05,1.0427e-05,8.4971e-06,5.0743e-08,3.1067e-07,7.9244e-07,5.4095e-06,9.2803e-06,1.0373e-05,9.4559e-06
P50,60.00,45.00,30.00,0.00,5.7173e-08,2.7628e-07,9.0428e-07,5.0044e-06,9.6301e-06,9.6211e-06,7.3884e-06,5.7548e-08,2.5088e-07,6.7047e-07,5.0716e-06,8.6706e-06,9.5828e-06,8.4088e-06
P50,30.00,90.00,30.00,0.00,5.1726e-08,3.2646e-07,1.0273e-06,5.3157e-06,1.0292e-05,1.0282e-05,8.2673e-06,5.2110e-08,2.9791e-07,7.6669e-07,5.3605e-06,9.1894e-06,1.0233e-05,9.2427e-06
P50,30.00,90.00,0.00,0.00,5.2592e-08,3.2646e-07,1.0273e-06,5.3157e-06,1.0292e-05,1.0282e-05,8.2673e-06,5.2977e-08,2.9791e-07,7.6669e-07,5.3605e-06,9.1894e-06,1.0233e-05,9.2427e-06
P50,30.00,45.00,60.00,0.00,4.8143e-08,3.2646e-07,1.0273e-06,5.3155e-06,1.0292e-05,1.0282e-05,8.2673e-06,4.8520e-08,2.9791e-07,7.6669e-07,5.3603e-06,9.1894e-06,1.0233e-05,9.2427e-06
P50,0.00,0.00,30.00,0.00,5.0361e-08,3.4005e-07,1.0603e-06,5.3709e-06,1.0438e-05,1.0427e-05,8.4971e-06,5.0743e-08,3.1067e-07,7.9244e-07,5.4095e-06,9.2803e-06,1.0373e-05,9.4559e-06
P50,30.00,45.00,0.00,0.00,5.2592e-08,3.2646e-07,1.0273e-06,5.3157e-06,1.0292e-05,1.0282e-05,8.2673e-06,5.2977e-08,2.9791e-07,7.6669e-07,5.3605e-06,9.1894e-06,1.0233e-05,9.2427e-06
P50,0.00,135.00,60.00,0.00,4.7001e-08,3.4005e-07,1.0603e-06,5.3707e-06,1.0438e-05,1.0427e-05,8.4971e-06,4.7377e-08,3.1067e-07,7.9244e-07,5.4093e-06,9.2802e-06,1.0373e-05,9.4559e-06
P50,60.00,90.00,30.00,0.00,5.7111e-08,2.7628e-07,9.0428e-07,5.0044e-06,9.6301e-06,9.6211e-06,7.3884e-06,5.7486e-08,2.5088e-07,6.7047e-07,5.0716e-06,8.6706e-06,9.5828e-06,8.4088e-06
P51,60.00,45.00,30.00,0.00,6.3575e-08,2.0887e-07,8.0114e-07,4.4000e-06,9.6780e-06,9.6638e-06,5.5617e-06,6.2845e-08,1.8589e-07,5.6743e-07,4.5076e-06,8.1456e-06,9.5867e-06,7.2744e-06
P51,0.00,0.00,60.00,0.00,4.8887e-08,2.7558e-07,1.0222e-06,4.9145e-06,1.0295e-05,1.0280e-05,6.8070e-06,4.8674e-08,2.4679e-07,7.1478e-07,4.9869e-06,8.7249e-06,1.0185e-05,8.4671e-06
P51,60.00,45.00,0.00,0.00,6.4817e-08,2.0887e-07,8.0115e-07,4.4000e-06,9.6780e-06,9.6638e-06,5.5617e-06,6.4066e-08,1.8589e-07,5.6743e-07,4.5076e-06,8.1456e-06,9.5867e-06,7.2744e-06
P51,0.00,135.00,0.00,0.00,5.3133e-08,2.7559e-07,1.0222e-06,4.9146e-06,1.0295e-05,1.0280e-05,6.8070e-06,5.2838e-08,2.4679e-07,7.1479e-07,4.9871e-06,8.7251e-06,1.0185e-05,8.4671e-06
P51,30.00,135.00,60.00,0.00,5.0437e-08,2.6086e-07,9.7161e-07,4.8286e-06,1.0197e-05,1.0183e-05,6.5462e-06,5.0152e-08,2.3336e-07,6.8150e-07,4.9087e-06,8.6341e-06,1.0091e-05,8.2348e-06
P51,0.00,0.00,30.00,0.00,5.2200e-08,2.7558e-07,1.0222e-06,4.9146e-06,1.0295e-05,1.0280e-05,6.8070e-06,5.1929e-08,2.4679e-07,7.1479e-07,4.9871e-06,8.7250e-06,1.0185e-05,8.4671e-06
P51,30.00,45.00,60.00,0.00,5.0537e-08,2.6086e-07,9.7161e-07,4.8286e-06,1.0197e-05,1.0183e-05,6.5462e-06,5.0250e-08,2.3336e-07,6.8150e-07,4.9087e-06,8.6341e-06,1.0091e-05,8.2348e-06
P51,0.00,45.00,60.00,0.00,4.8887e-08,2.7558e-07,1.0222e-06,4.9145e-06,1.0295e-05,1.0280e-05,6.8070e-06,4.8674e-08,2.4679e-07,7.1478e-07,4.9869e-06,8.7249e-06,1.0185e-05,8.4671e-06
P51,30.00,0.00,30.00,0.00,5.4096e-08,2.6087e-07,9.7164e-07,4.8287e-06,1.0197e-05,1.0183e-05,6.5462e-06,5.3754e-08,2.3336e-07,6.8151e-07,4.9088e-06,8.6342e-06,1.0091e-05,8.2349e-06
P51,0.00,0.00,0.00,0.00,5.3133e-08,2.7559e-07,1.0222e-06,4.9146e-06,1.0295e-05,1.0280e-05,6.8070e-06,5.2838e-08,2.4679e-07,7.1479e-07,4.9871e-06,8.7251e-06,1.0185e-05,8.4671e-06
P51,30.00,45.00,0.00,0.00,5.5070e-08,2.6087e-07,9.7165e-07,4.8288e-06,1.0197e-05,1.0183e-05,6.5462e-06,5.4705e-08,2.3337e-07,6.8151e-07,4.9089e-06,8.6342e-06,1.0091e-05,8.2349e-06
P51,60.00,90.00,30.00,0.00,6.3516e-08,2.0887e-07,8.0114e-07,4.4000e-06,9.6780e-06,9.6638e-06,5.5617e-06,6.2788e-08,1.8589e-07,5.6743e-07,4.5076e-06,8.1456e-06,9.5867e-06,7.2744e-06
P51,0.00,90.00,0.00,0.00,5.3133e-08,2.7559e-07,1.0222e-06,4.9146e-06,1.0295e-05,1.0280e-05,6.8070e-06,5.2838e-08,2.4679e-07,7.1479e-07,4.9871e-06,8.7251e-06,1.0185e-05,8.4671e-06
P51,0.00,180.00,0.00,0.00,5.3133e-08,2.7559e-07,1.0222e-06,4.9146e-06,1.0295e-05,1.0280e-05,6.8070e-06,5.2838e-08,2.4679e-07,7.1479e-07,4.9871e-06,8.7251e-06,1.0185e-05,8.4671e-06
P51,60.00,45.00,60.00,0.00,5.8804e-08,2.0886e-07,8.0113e-07,4.3998e-06,9.6779e-06,9.6637e-06,5.5617e-06,5.8128e-08,1.8589e-07,5.6743e-07,4.5074e-06,8.1454e-06,9.5866e-06,7.2744e-06
P51,0.00,45.00,0.00,0.00,5.3133e-08,2.7559e-07,1.0222e-06,4.9146e-06,1.0295e-05,1.0280e-05,6.8070e-06,5.2838e-08,2.4679e-07,7.1479e-07,4.9871e-06,8.7251e-06,1.0185e-05,8.4671e-06
P51,30.00,0.00,0.00,0.00,5.5070e-08,2.6087e-07,9.7165e-07,4.8288e-06,1.0197e-05,1.0183e-05,6.5462e-06,5.4705e-08,2.3337e-07,6.8151e-07,4.9089e-06,8.6342e-06,1.0091e-05,8.2349e-06
P51,60.00,90.00,60.00,0.00,5.8595e-08,2.0886e-07,8.0113e-07,4.3997e-06,9.6779e-06,9.6637e-06,5.5617e-06,5.7921e-08,1.8589e-07,5.6743e-07,4.5073e-06,8.1454e-06,9.5866e-06,7.2744e-06
P51,60.00,180.00,30.00,0.00,6.3435e-08,2.0887e-07,8.0114e-07,4.4000e-06,9.6780e-06,9.6638e-06,5.5617e-06,6.2708e-08,1.8589e-07,5.6743e-07,4.5076e-06,8.1456e-06,9.5867e-06,7.2744e-06
P51,30.00,90.00,30.00,0.00,5.4074e-08,2.6087e-07,9.7164e-07,4.8287e-06,1.0197e-05,1.0183e-05,6.5462e-06,5.3733e-08,2.3336e-07,6.8151e-07,4.9088e-06,8.6342e-06,1.0091e-05,8.2349e-06
P51,30.00,90.00,60.00,0.00,5.0487e-08,2.6086e-07,9.7161e-07,4.8286e-06,1.0197e-05,1.0183e-05,6.5462e-06,5.0201e-08,2.3336e-07,6.8150e-07,4.9087e-06,8.6341e-06,1.0091e-05,8.2348e-06
P51,30.00,135.00,0.00,0.00,5.5070e-08,2.6087e-07,9.7165e-07,4.8288e-06,1.0197e-05,1.0183e-05,6.5462e-06,5.4705e-08,2.3337e-07,6.8151e-07,4.9089e-06,8.6342e-06,1.0091e-05,8.2349e-06
P51,60.00,180.00,60.00,0.00,5.8290e-08,2.0886e-07,8.0112e-07,4.3997e-06,9.6779e-06,9.6637e-06,5.5617e-06,5.7618e-08,1.8589e-07,5.6743e-07,4.5073e-06,8.1454e-06,9.5866e-06,7.2744e-06
P51,30.00,45.00,30.00,0.00,5.4089e-08,2.6087e-07,9.7164e-07,4.8287e-06,1.0197e-05,1.0183e-05,6.5462e-06,5.3747e-08,2.3336e-07,6.8151e-07,4.9088e-06,8.6342e-06,1.0091e-05,8.2349e-06
P51,0.00,135.00,60.00,0.00,4.8887e-08,2.7558e-07,1.0222e-06,4.9145e-06,1.0295e-05,1.0280e-05,6.8070e-06,4.8674e-08,2.4679e-07,7.1478e-07,4.9869e-06,8.7249e-06,1.0185e-05,8.4671e-06
P51,30.00,90.00,0.00,0.00,5.5070e-08,2.6087e-07,9.7165e-07,4.8288e-06,1.0197e-05,1.0183e-05,6.5462e-06,5.4705e-08,2.3337e-07,6.8151e-07,4.9089e-06,8.6342e-06,1.0091e-05,8.2349e-06
P51,60.00,0.00,60.00,0.00,5.8889e-08,2.0886e-07,8.0113e-07,4.3998e-06,9.6779e-06,9.6637e-06,5.5617e-06,5.8212e-08,1.8589e-07,5.6743e-07,4.5074e-06,8.1454e-06,9.5866e-06,7.2744e-06
P51,0.00,180.00,60.00,0.00,4.8887e-08,2.7558e-07,1.0222e-06,4.9145e-06,1.0295e-05,1.0280e-05,6.8070e-06,4.8674e-08,2.4679e-07,7.1478e-07,4.9869e-06,8.7249e-06,1.0185e-05,8.4671e-06
P51,0.00,90.00,60.00,0.00,4.8887e-08,2.7558e-07,1.0222e-06,4.9145e-06,1.0295e-05,1.0280e-05,6.8070e-06,4.8674e-08,2.4679e-07,7.1478e-07,4.9869e-06,8.7249e-06,1.0185e-05,8.4671e-06
P51,60.00,0.00,0.00,0.00,6.4817e-08,2.0887e-07,8.0115e-07,4.4000e-06,9.6780e-06,9.6638e-06,5.5617e-06,6.4066e-08,1.8589e-07,5.6743e-07,4.5076e-06,8.1456e-06,9.5867e-06,7.2744e-06
P51,30.00,180.00,60.00,0.00,5.0416e-08,2.6086e-07,9.7161e-07,4.8286e-06,1.0197e-05,1.0183e-05,6.5462e-06,5.0131e-08,2.3336e-07,6.8150e-07,4.9087e-06,8.6341e-06,1.0091e-05,8.2348e-06
P51,30.00,135.00,30.00,0.00,5.4059e-08,2.6087e-07,9.7164e-07,4.8287e-06,1.0197e-05,1.0183e-05,6.5462e-06,5.3718e-08,2.3336e-07,6.8151e-07,4.9088e-06,8.6342e-06,1.0091e-05,8.2349e-06
P51,30.00,0.00,60.00,0.00,5.0557e-08,2.6086e-07,9.7161e-07,4.8286e-06,1.0197e-05,1.0183e-05,6.5462e-06,5.0271e-08,2.3336e-07,6.8150e-07,4.9087e-06,8.6341e-06,1.0091e-05,8.2348e-06
P51,0.00,45.00,30.00,0.00,5.2200e-08,2.7558e-07,1.0222e-06,4.9146e-06,1.0295e-05,1.0280e-05,6.8070e-06,5.1929e-08,2.4679e-07,7.1479e-07,4.9871e-06,8.7250e-06,1.0185e-05,8.4671e-06
P51,60.00,135.00,60.00,0.00,5.8380e-08,2.0886e-07,8.0113e-07,4.3997e-06,9.6779e-06,9.6637e-06,5.5617e-06,5.7708e-08,1.8589e-07,5.6743e-07,4.5073e-06,8.1454e-06,9.5866e-06,7.2744e-06
P51,30.00,180.00,30.00,0.00,5.4053e-08,2.6087e-07,9.7164e-07,4.8287e-06,1.0197e-05,1.0183e-05,6.5462e-06,5.3712e-08,2.3336e-07,6.8151e-07,4.9088e-06,8.6342e-06,1.0091e-05,8.2349e-06
P51,30.00,180.00,0.00,0.00,5.5070e-08,2.6087e-07,9.7165e-07,4.8288e-06,1.0197e-05,1.0183e-05,6.5462e-06,5.4705e-08,2.3337e-07,6.8151e-07,4.9089e-06,8.6342e-06,1.0091e-05,8.2349e-06
P51,60.00,180.00,0.00,0.00,6.4817e-08,2.0887e-07,8.0115e-07,4.4000e-06,9.6780e-06,9.6638e-06,5.5617e-06,6.4066e-08,1.8589e-07,5.6743e-07,4.5076e-06,8.1456e-06,9.5867e-06,7.2744e-06
P51,60.00,90.00,0.00,0.00,6.4817e-08,2.0887e-07,8.0115e-07,4.4000e-06,9.6780e-06,9.6638e-06,5.5617e-06,6.4066e-08,1.8589e-07,5.6743e-07,4.5076e-06,8.1456e-06,9.5867e-06,7.2744e-06
P51,0.00,180.00,30.00,0.00,5.2200e-08,2.7558e-07,1.0222e-06,4.9146e-06,1.0295e-05,1.0280e-05,6.8070e-06,5.1929e-08,2.4679e-07,7.1479e-07,4.9871e-06,8.7250e-06,1.0185e-05,8.4671e-06
P51,0.00,135.00,30.00,0.00,5.2200e-08,2.7558e-07,1.0222e-06,4.9146e-06,1.0295e-05,1.0280e-05,6.8070e-06,5.1929e-08,2.4679e-07,7.1479e-07,4.9871e-06,8.7250e-06,1.0185e-05,8.4671e-06
P51,60.00,135.00,30.00,0.00,6.3459e-08,2.0887e-07,8.0114e-07,4.4000e-06,9.6780e-06,9.6638e-06,5.5617e-06,6.2731e-08,1.8589e-07,5.6743e-07,4.5076e-06,8.1456e-06,9.5867e-06,7.2744e-06
P51,60.00,135.00,0.00,0.00,6.4817e-08,2.0887e-07,8.0115e-07,4.4000e-06,9.6780e-06,9.6638e-06,5.5617e-06,6.4066e-08,1.8589e-07,5.6743e-07,4.5076e-06,8.1456e-06,9.5867e-06,7.2744e-06
P51,60.00,0.00,30.00,0.00,6.3599e-08,2.0887e-07,8.0114e-07,4.4000e-06,9.6780e-06,9.6638e-06,5.5617e-06,6.2869e-08,1.8589e-07,5.6743e-07,4.5076e-06,8.1456e-06,9.5867e-06,7.2744e-06
P51,0.00,90.00,30.00,0.00,5.2200e-08,2.7558e-07,1.0222e-06,4.9146e-06,1.0295e-05,1.0280e-05,6.8070e-06,5.1929e-08,2.4679e-07,7.1479e-07,4.9871e-06,8.7250e-06,1.0185e-05,8.4671e-06
P52,30.00,180.00,30.00,0.00,5.3100e-08,3.1317e-07,1.0983e-06,5.1527e-06,1.0492e-05,1.0478e-05,8.3592e-06,5.3283e-08,2.8190e-07,7.9178e-07,5.1859e-06,8.9905e-06,1.0385e-05,9.5059e-06
P52,0.00,45.00,30.00,0.00,5.1333e-08,3.2989e-07,1.1423e-06,5.1977e-06,1.0547e-05,1.0533e-05,8.5841e-06,5.1541e-08,2.9748e-07,8.2614e-07,5.2255e-06,9.0328e-06,1.0436e-05,9.6806e-06
P52,30.00,180.00,0.00,0.00,5.3896e-08,3.1317e-07,1.0983e-06,5.1528e-06,1.0492e-05,1.0478e-05,8.3592e-06,5.4076e-08,2.8190e-07,7.9178e-07,5.1860e-06,8.9905e-06,1.0385e-05,9.5059e-06
P52,30.00,135.00,60.00,0.00,4.9761e-08,3.1317e-07,1.0983e-06,5.1525e-06,1.0492e-05,1.0478e-05,8.3592e-06,4.9945e-08,2.8190e-07,7.9178e-07,5.1857e-06,8.9903e-06,1.0385e-05,9.5059e-06
P52,60.00,0.00,60.00,0.00,5.7213e-08,2.5472e-07,9.3506e-07,4.9354e-06,1.0215e-05,1.0202e-05,7.4349e-06,5.7231e-08,2.2793e-07,6.6380e-07,4.9916e-06,8.7726e-06,1.0125e-05,8.7519e-06
P52,60.00,90.00,60.00,0.00,5.6886e-08,2.5472e-07,9.3506e-07,4.9354e-06,1.0215e-05,1.0202e-05,7.4349e-06,5.6905e-08,2.2793e-07,6.6380e-07,4.9916e-06,8.7726e-06,1.0125e-05,8.7518e-06
P52,60.00,90.00,0.00,0.00,6.2485e-08,2.5472e-07,9.3506e-07,4.9357e-06,1.0215e-05,1.0202e-05,7.4349e-06,6.2506e-08,2.2793e-07,6.6380e-07,4.9920e-06,8.7728e-06,1.0125e-05,8.7519e-06
P52,60.00,45.00,30.00,0.00,6.1508e-08,2.5472e-07,9.3506e-07,4.9357e-06,1.0215e-05,1.0202e-05,7.4349e-06,6.1529e-08,2.2793e-07,6.6380e-07,4.9919e-06,8.7728e-06,1.0125e-05,8.7519e-06
P52,30.00,45.00,30.00,0.00,5.3133e-08,3.1317e-07,1.0983e-06,5.1527e-06,1.0492e-05,1.0478e-05,8.3592e-06,5.3316e-08,2.8190e-07,7.9178e-07,5.1859e-06,8.9905e-06,1.0385e-05,9.5059e-06
P52,0.00,90.00,30.00,0.00,5.1333e-08,3.2989e-07,1.1423e-06,5.1977e-06,1.0547e-05,1.0533e-05,8.5841e-06,5.1541e-08,2.9748e-07,8.2614e-07,5.2255e-06,9.0328e-06,1.0436e-05,9.6806e-06
P52,30.00,0.00,30.00,0.00,5.3139e-08,3.1317e-07,1.0983e-06,5.1527e-06,1.0492e-05,1.0478e-05,8.3592e-06,5.3322e-08,2.8190e-07,7.9178e-07,5.1860e-06,8.9905e-06,1.0385e-05,9.5059e-06
P52,0.00,180.00,60.00,0.00,4.8320e-08,3.2988e-07,1.1423e-06,5.1975e-06,1.0547e-05,1.0533e-05,8.5841e-06,4.8531e-08,2.9748e-07,8.2614e-07,5.2253e-06,9.0327e-06,1.0436e-05,9.6806e-06
P52,60.00,180.00,30.00,0.00,6.1369e-08,2.5472e-07,9.3506e-07,4.9357e-06,1.0215e-05,1.0202e-05,7.4349e-06,6.1391e-08,2.2793e-07,6.6380e-07,4.9919e-06,8.7728e-06,1.0125e-05,8.7519e-06
P52,0.00,180.00,30.00,0.00,5.1333e-08,3.2989e-07,1.1423e-06,5.1977e-06,1.0547e-05,1.0533e-05,8.5841e-06,5.1541e-08,2.9748e-07,8.2614e-07,5.2255e-06,9.0328e-06,1.0436e-05,9.6806e-06
P52,60.00,45.00,60.00,0.00,5.7119e-08,2.5472e-07,9.3506e-07,4.9354e-06,1.0215e-05,1.0202e-05,7.4349e-06,5.7137e-08,2.2793e-07,6.6380e-07,4.9916e-06,8.7726e-06,1.0125e-05,8.7519e-06
P52,60.00,90.00,30.00,0.00,6.1450e-08,2.5472e-07,9.3506e-07,4.9357e-06,1.0215e-05,1.0202e-05,7.4349e-06,6.1472e-08,2.2793e-07,6.6380e-07,4.9919e-06,8.7728e-06,1.0125e-05,8.7519e-06
P52,30.00,45.00,0.00,0.00,5.3896e-08,3.1317e-07,1.0983e-06,5.1528e-06,1.0492e-05,1.0478e-05,8.3592e-06,5.4076e-08,2.8190e-07,7.9178e-07,5.1860e-06,8.9905e-06,1.0385e-05,9.5059e-06
P52,30.00,0.00,0.00,0.00,5.3896e-08,3.1317e-07,1.0983e-06,5.1528e-06,1.0492e-05,1.0478e-05,8.3592e-06,5.4076e-08,2.8190e-07,7.9178e-07,5.1860e-06,8.9905e-06,1.0385e-05,9.5059e-06
P52,60.00,0.00,0.00,0.00,6.2485e-08,2.5472e-07,9.3506e-07,4.9357e-06,1.0215e-05,1.0202e-05,7.4349e-06,6.2506e-08,2.2793e-07,6.6380e-07,4.9920e-06,8.7728e-06,1.0125e-05,8.7519e-06
P52,0.00,90.00,60.00,0.00,4.8320e-08,3.2988e-07,1.1423e-06,5.1975e-06,1.0547e-05,1.0533e-05,8.5841e-06,4.8531e-08,2.9748e-07,8.2614e-07,5.2253e-06,9.0327e-06,1.0436e-05,9.6806e-06
P52,0.00,135.00,30.00,0.00,5.1333e-08,3.2989e-07,1.1423e-06,5.1977e-06,1.0547e-05,1.0533e-05,8.5841e-06,5.1541e-08,2.9748e-07,8.2614e-07,5.2255e-06,9.0328e-06,1.0436e-05,9.6806e-06
P52,0.00,0.00,30.00,0.00,5.1333e-08,3.2989e-07,1.1423e-06,5.1977e-06,1.0547e-05,1.0533e-05,8.5841e-06,5.1541e-08,2.9748e-07,8.2614e-07,5.2255e-06,9.0328e-06,1.0436e-05,9.6806e-06
P52,0.00,90.00,0.00,0.00,5.2049e-08,3.2989e-07,1.1423e-06,5.1978e-06,1.0547e-05,1.0533e-05,8.5841e-06,5.2254e-08,2.9748e-07,8.2614e-07,5.2255e-06,9.0329e-06,1.0436e-05,9.6806e-06
P52,0.00,45.00,60.00,0.00,4.8320e-08,3.2988e-07,1.1423e-06,5.1975e-06,1.0547e-05,1.0533e-05,8.5841e-06,4.8531e-08,2.9748e-07,8.2614e-07,5.2253e-06,9.0327e-06,1.0436e-05,9.6806e-06
P52,30.00,90.00,60.00,0.00,4.9815e-08,3.1317e-07,1.0983e-06,5.1525e-06,1.0492e-05,1.0478e-05,8.3592e-06,4.9999e-08,2.8190e-07,7.9178e-07,5.1857e-06,8.9903e-06,1.0385e-05,9.5059e-06
P52,60.00,135.00,0.00,0.00,6.2485e-08,2.5472e-07,9.3506e-07,4.9357e-06,1.0215e-05,1.0202e-05,7.4349e-06,6.2506e-08,2.2793e-07,6.6380e-07,4.9920e-06,8.7728e-06,1.0125e-05,8.7519e-06
P52,60.00,0.00,30.00,0.00,6.1532e-08,2.5472e-07,9.3506e-07,4.9357e-06,1.0215e-05,1.0202e-05,7.4349e-06,6.1553e-08,2.2793e-07,6.6380e-07,4.9919e-06,8.7728e-06,1.0125e-05,8.7519e-06
P52,0.00,0.00,0.00,0.00,5.2049e-08,3.2989e-07,1.1423e-06,5.1978e-06,1.0547e-05,1.0533e-05,8.5841e-06,5.2254e-08,2.9748e-07,8.2614e-07,5.2255e-06,9.0329e-06,1.0436e-05,9.6806e-06
P52,60.00,45.00,0.00,0.00,6.2485e-08,2.5472e-07,9.3506e-07,4.9357e-06,1.0215e-05,1.0202e-05,7.4349e-06,6.2506e-08,2.2793e-07,6.6380e-07,4.9920e-06,8.7728e-06,1.0125e-05,8.7519e-06
P52,30.00,135.00,30.00,0.00,5.3106e-08,3.1317e-07,1.0983e-06,5.1527e-06,1.0492e-05,1.0478e-05,8.3592e-06,5.3289e-08,2.8190e-07,7.9178e-07,5.1859e-06,8.9905e-06,1.0385e-05,9.5059e-06
P52,30.00,180.00,60.00,0.00,4.9738e-08,3.1317e-07,1.0983e-06,5.1525e-06,1.0492e-05,1.0478e-05,8.3592e-06,4.9923e-08,2.8190e-07,7.9178e-07,5.1857e-06,8.9903e-06,1.0385e-05,9.5059e-06
P52,60.00,180.00,0.00,0.00,6.2485e-08,2.5472e-07,9.3506e-07,4.9357e-06,1.0215e-05,1.0202e-05,7.4349e-06,6.2506e-08,2.2793e-07,6.6380e-07,4.9920e-06,8.7728e-06,1.0125e-05,8.7519e-06
P52,30.00,0.00,60.00,0.00,4.9892e-08,3.1317e-07,1.0983e-06,5.1525e-06,1.0492e-05,1.0478e-05,8.3592e-06,5.0076e-08,2.8190e-07,7.9178e-07,5.1857e-06,8.9903e-06,1.0385e-05,9.5059e-06
P52,0.00,135.00,0.00,0.00,5.2049e-08,3.2989e-07,1.1423e-06,5.1978e-06,1.0547e-05,1.0533e-05,8.5841e-06,5.2254e-08,2.9748e-07,8.2614e-07,5.2255e-06,9.0329e-06,1.0436e-05,9.6806e-06
P52,0.00,180.00,0.00,0.00,5.2049e-08,3.2989e-07,1.1423e-06,5.1978e-06,1.0547e-05,1.0533e-05,8.5841e-06,5.2254e-08,2.9748e-07,8.2614e-07,5.2255e-06,9.0329e-06,1.0436e-05,9.6806e-06
P52,60.00,135.00,60.00,0.00,5.6647e-08,2.5472e-07,9.3506e-07,4.9354e-06,1.0215e-05,1.0202e-05,7.4349e-06,5.6665e-08,2.2793e-07,6.6380e-07,4.9916e-06,8.7726e-06,1.0125e-05,8.7518e-06
P52,30.00,90.00,0.00,0.00,5.3896e-08,3.1317e-07,1.0983e-06,5.1528e-06,1.0492e-05,1.0478e-05,8.3592e-06,5.4076e-08,2.8190e-07,7.9178e-07,5.1860e-06,8.9905e-06,1.0385e-05,9.5059e-06
P52,30.00,135.00,0.00,0.00,5.3896e-08,3.1317e-07,1.0983e-06,5.1528e-06,1.0492e-05,1.0478e-05,8.3592e-06,5.4076e-08,2.8190e-07,7.9178e-07,5.1860e-06,8.9905e-06,1.0385e-05,9.5059e-06
P52,30.00,45.00,60.00,0.00,4.9870e-08,3.1317e-07,1.0983e-06,5.1525e-06,1.0492e-05,1.0478e-05,8.3592e-06,5.0054e-08,2.8190e-07,7.9178e-07,5.1857e-06,8.9903e-06,1.0385e-05,9.5059e-06
P52,0.00,0.00,60.00,0.00,4.8320e-08,3.2988e-07,1.1423e-06,5.1975e-06,1.0547e-05,1.0533e-05,8.5841e-06,4.8531e-08,2.9748e-07,8.2614e-07,5.2253e-06,9.0327e-06,1.0436e-05,9.6806e-06
P52,30.00,90.00,30.00,0.00,5.3119e-08,3.1317e-07,1.0983e-06,5.1527e-06,1.0492e-05,1.0478e-05,8.3592e-06,5.3303e-08,2.8190e-07,7.9178e-07,5.1859e-06,8.9905e-06,1.0385e-05,9.5059e-06
P52,60.00,180.00,60.00,0.00,5.6545e-08,2.5472e-07,9.3506e-07,4.9354e-06,1.0215e-05,1.0202e-05,7.4349e-06,5.6563e-08,2.2793e-07,6.6380e-07,4.9916e-06,8.7726e-06,1.0125e-05,8.7518e-06
P52,60.00,135.00,30.00,0.00,6.1393e-08,2.5472e-07,9.3506e-07,4.9357e-06,1.0215e-05,1.0202e-05,7.4349e-06,6.1414e-08,2.2793e-07,6.6380e-07,4.9919e-06,8.7728e-06,1.0125e-05,8.7519e-06
P52,0.00,135.00,60.00,0.00,4.8320e-08,3.2988e-07,1.1423e-06,5.1975e-06,1.0547e-05,1.0533e-05,8.5841e-06,4.8531e-08,2.9748e-07,8.2614e-07,5.2253e-06,9.0327e-06,1.0436e-05,9.6806e-06
P52,0.00,45.00,0.00,0.00,5.2049e-08,3.2989e-07,1.1423e-06,5.1978e-06,1.0547e-05,1.0533e-05,8.5841e-06,5.2254e-08,2.9748e-07,8.2614e-07,5.2255e-06,9.0329e-06,1.0436e-05,9.6806e-06
P53,60.00,90.00,0.00,0.00,5.9319e-08,2.5484e-07,8.0739e-07,4.4931e-06,9.5808e-06,9.5682e-06,6.0066e-06,5.9060e-08,2.3289e-07,6.0023e-07,4.5983e-06,8.2242e-06,9.5097e-06,7.4750e-06
P53,0.00,90.00,30.00,0.00,4.9070e-08,3.0424e-07,9.6554e-07,4.9242e-06,1.0181e-05,1.0167e-05,7.1570e-06,4.9113e-08,2.7779e-07,7.1429e-07,4.9951e-06,8.7428e-06,1.0088e-05,8.5766e-06
P53,60.00,90.00,30.00,0.00,5.8432e-08,2.5484e-07,8.0739e-07,4.4930e-06,9.5808e-06,9.5682e-06,6.0066e-06,5.8176e-08,2.3289e-07,6.0023e-07,4.5983e-06,8.2241e-06,9.5096e-06,7.4750e-06
P53,0.00,135.00,60.00,0.00,4.6592e-08,3.0424e-07,9.6553e-07,4.9241e-06,1.0180e-05,1.0167e-05,7.1570e-06,4.6642e-08,2.7779e-07,7.1429e-07,4.9950e-06,8.7427e-06,1.0088e-05,8.5766e-06
P53,30.00,135.00,0.00,0.00,5.1310e-08,2.9315e-07,9.3127e-07,4.8501e-06,1.0080e-05,1.0067e-05,6.9149e-06,5.1303e-08,2.6766e-07,6.8939e-07,4.9283e-06,8.6591e-06,9.9922e-06,8.3592e-06
P53,0.00,135.00,30.00,0.00,4.9070e-08,3.0424e-07,9.6554e-07,4.9242e-06,1.0181e-05,1.0167e-05,7.1570e-06,4.9113e-08,2.7779e-07,7.1429e-07,4.9951e-06,8.7428e-06,1.0088e-05,8.5766e-06
P53,0.00,45.00,30.00,0.00,4.9070e-08,3.0424e-07,9.6554e-07,4.9242e-06,1.0181e-05,1.0167e-05,7.1570e-06,4.9113e-08,2.7779e-07,7.1429e-07,4.9951e-06,8.7428e-06,1.0088e-05,8.5766e-06
P53,60.00,0.00,60.00,0.00,5.4833e-08,2.5484e-07,8.0739e-07,4.4928e-06,9.5806e-06,9.5680e-06,6.0066e-06,5.4580e-08,2.3289e-07,6.0023e-07,4.5981e-06,8.2239e-06,9.5095e-06,7.4750e-06
P53,60.00,45.00,30.00,0.00,5.8480e-08,2.5484e-07,8.0739e-07,4.4930e-06,9.5808e-06,9.5682e-06,6.0066e-06,5.8225e-08,2.3289e-07,6.0023e-07,4.5983e-06,8.2242e-06,9.5096e-06,7.4750e-06
P53,0.00,180.00,0.00,0.00,4.9667e-08,3.0424e-07,9.6554e-07,4.9242e-06,1.0181e-05,1.0167e-05,7.1570e-06,4.9704e-08,2.7779e-07,7.1429e-07,4.9952e-06,8.7428e-06,1.0088e-05,8.5766e-06
P53,0.00,0.00,0.00,0.00,4.9667e-08,3.0424e-07,9.6554e-07,4.9242e-06,1.0181e-05,1.0167e-05,7.1570e-06,4.9704e-08,2.7779e-07,7.1429e-07,4.9952e-06,8.7428e-06,1.0088e-05,8.5766e-06
P53,60.00,135.00,0.00,0.00,5.9319e-08,2.5484e-07,8.0739e-07,4.4931e-06,9.5808e-06,9.5682e-06,6.0066e-06,5.9060e-08,2.3289e-07,6.0023e-07,4.5983e-06,8.2242e-06,9.5097e-06,7.4750e-06
P53,0.00,45.00,60.00,0.00,4.6592e-08,3.0424e-07,9.6553e-07,4.9241e-06,1.0180e-05,1.0167e-05,7.1570e-06,4.6642e-08,2.7779e-07,7.1429e-07,4.9950e-06,8.7427e-06,1.0088e-05,8.5766e-06
P53,30.00,90.00,30.00,0.00,5.0661e-08,2.9315e-07,9.3127e-07,4.8501e-06,1.0080e-05,1.0067e-05,6.9149e-06,5.0659e-08,2.6766e-07,6.8939e-07,4.9282e-06,8.6590e-06,9.9921e-06,8.3592e-06
P53,30.00,180.00,0.00,0.00,5.1310e-08,2.9315e-07,9.3127e-07,4.8501e-06,1.0080e-05,1.0067e-05,6.9149e-06,5.1303e-08,2.6766e-07,6.8939e-07,4.9283e-06,8.6591e-06,9.9922e-06,8.3592e-06
P53,0.00,180.00,30.00,0.00,4.9070e-08,3.0424e-07,9.6554e-07,4.9242e-06,1.0181e-05,1.0167e-05,7.1570e-06,4.9113e-08,2.7779e-07,7.1429e-07,4.9951e-06,8.7428e-06,1.0088e-05,8.5766e-06
P53,0.00,0.00,60.00,0.00,4.6592e-08,3.0424e-07,9.6553e-07,4.9241e-06,1.0180e-05,1.0167e-05,7.1570e-06,4.6642e-08,2.7779e-07,7.1429e-07,4.9950e-06,8.7427e-06,1.0088e-05,8.5766e-06
P53,60.00,90.00,60.00,0.00,5.4554e-08,2.5484e-07,8.0739e-07,4.4928e-06,9.5806e-06,9.5680e-06,6.0066e-06,5.4301e-08,2.3289e-07,6.0023e-07,4.5980e-06,8.2239e-06,9.5095e-06,7.4750e-06
P53,60.00,0.00,0.00,0.00,5.9319e-08,2.5484e-07,8.0739e-07,4.4931e-06,9.5808e-06,9.5682e-06,6.0066e-06,5.9060e-08,2.3289e-07,6.0023e-07,4.5983e-06,8.2242e-06,9.5097e-06,7.4750e-06
P53,30.00,180.00,60.00,0.00,4.7870e-08,2.9315e-07,9.3126e-07,4.8500e-06,1.0080e-05,1.0067e-05,6.9149e-06,4.7875e-08,2.6766e-07,6.8939e-07,4.9281e-06,8.6589e-06,9.9920e-06,8.3592e-06
P53,60.00,45.00,0.00,0.00,5.9319e-08,2.5484e-07,8.0739e-07,4.4931e-06,9.5808e-06,9.5682e-06,6.0066e-06,5.9060e-08,2.3289e-07,6.0023e-07,4.5983e-06,8.2242e-06,9.5097e-06,7.4750e-06
P53,60.00,135.00,60.00,0.00,5.4350e-08,2.5484e-07,8.0739e-07,4.4928e-06,9.5806e-06,9.5680e-06,6.0066e-06,5.4097e-08,2.3289e-07,6.0023e-07,4.5980e-06,8.2239e-06,9.5095e-06,7.4750e-06
P53,0.00,180.00,60.00,0.00,4.6592e-08,3.0424e-07,9.6553e-07,4.9241e-06,1.0180e-05,1.0167e-05,7.1570e-06,4.6642e-08,2.7779e-07,7.1429e-07,4.9950e-06,8.7427e-06,1.0088e-05,8.5766e-06
P53,30.00,90.00,0.00,0.00,5.1310e-08,2.9315e-07,9.3127e-07,4.8501e-06,1.0080e-05,1.0067e-05,6.9149e-06,5.1303e-08,2.6766e-07,6.8939e-07,4.9283e-06,8.6591e-06,9.9922e-06,8.3592e-06
P53,30.00,45.00,0.00,0.00,5.1310e-08,2.9315e-07,9.3127e-07,4.8501e-06,1.0080e-05,1.0067e-05,6.9149e-06,5.1303e-08,2.6766e-07,6.8939e-07,4.9283e-06,8.6591e-06,9.9922e-06,8.3592e-06
P53,30.00,135.00,60.00,0.00,4.7889e-08,2.9315e-07,9.3126e-07,4.8500e-06,1.0080e-05,1.0067e-05,6.9149e-06,4.7893e-08,2.6766e-07,6.8939e-07,4.9281e-06,8.6589e-06,9.9921e-06,8.3592e-06
P53,60.00,180.00,0.00,0.00,5.9319e-08,2.5484e-07,8.0739e-07,4.4931e-06,9.5808e-06,9.5682e-06,6.0066e-06,5.9060e-08,2.3289e-07,6.0023e-07,4.5983e-06,8.2242e-06,9.5097e-06,7.4750e-06
P53,60.00,45.00,60.00,0.00,5.4752e-08,2.5484e-07,8.0739e-07,4.4928e-06,9.5806e-06,9.5680e-06,6.0066e-06,5.4499e-08,2.3289e-07,6.0023e-07,4.5981e-06,8.2239e-06,9.5095e-06,7.4750e-06
P53,30.00,0.00,60.00,0.00,4.7997e-08,2.9315e-07,9.3126e-07,4.8500e-06,1.0080e-05,1.0067e-05,6.9149e-06,4.8001e-08,2.6766e-07,6.8939e-07,4.9281e-06,8.6589e-06,9.9921e-06,8.3592e-06
P53,60.00,180.00,30.00,0.00,5.8364e-08,2.5484e-07,8.0739e-07,4.4930e-06,9.5808e-06,9.5682e-06,6.0066e-06,5.8109e-08,2.3289e-07,6.0023e-07,4.5983e-06,8.2241e-06,9.5096e-06,7.4750e-06
P53,30.00,0.00,30.00,0.00,5.0677e-08,2.9315e-07,9.3127e-07,4.8501e-06,1.0080e-05,1.0067e-05,6.9149e-06,5.0675e-08,2.6766e-07,6.8939e-07,4.9282e-06,8.6590e-06,9.9921e-06,8.3592e-06
P53,30.00,45.00,30.00,0.00,5.0672e-08,2.9315e-07,9.3127e-07,4.8501e-06,1.0080e-05,1.0067e-05,6.9149e-06,5.0670e-08,2.6766e-07,6.8939e-07,4.9282e-06,8.6590e-06,9.9921e-06,8.3592e-06
P53,0.00,135.00,0.00,0.00,4.9667e-08,3.0424e-07,9.6554e-07,4.9242e-06,1.0181e-05,1.0167e-05,7.1570e-06,4.9704e-08,2.7779e-07,7.1429e-07,4.9952e-06,8.7428e-06,1.0088e-05,8.5766e-06
P53,0.00,90.00,60.00,0.00,4.6592e-08,3.0424e-07,9.6553e-07,4.9241e-06,1.0180e-05,1.0167e-05,7.1570e-06,4.6642e-08,2.7779e-07,7.1429e-07,4.9950e-06,8.7427e-06,1.0088e-05,8.5766e-06
P53,60.00,135.00,30.00,0.00,5.8384e-08,2.5484e-07,8.0739e-07,4.4930e-06,9.5808e-06,9.5682e-06,6.0066e-06,5.8128e-08,2.3289e-07,6.0023e-07,4.5983e-06,8.2241e-06,9.5096e-06,7.4750e-06
P53,30.00,135.00,30.00,0.00,5.0650e-08,2.9315e-07,9.3127e-07,4.8501e-06,1.0080e-05,1.0067e-05,6.9149e-06,5.0648e-08,2.6766e-07,6.8939e-07,4.9282e-06,8.6590e-06,9.9921e-06,8.3592e-06
P53,0.00,90.00,0.00,0.00,4.9667e-08,3.0424e-07,9.6554e-07,4.9242e-06,1.0181e-05,1.0167e-05,7.1570e-06,4.9704e-08,2.7779e-07,7.1429e-07,4.9952e-06,8.7428e-06,1.0088e-05,8.5766e-06
P53,30.00,45.00,60.00,0.00,4.7978e-08,2.9315e-07,9.3126e-07,4.8500e-06,1.0080e-05,1.0067e-05,6.9149e-06,4.7983e-08,2.6766e-07,6.8939e-07,4.9281e-06,8.6589e-06,9.9921e-06,8.3592e-06
P53,60.00,0.00,30.00,0.00,5.8501e-08,2.5484e-07,8.0739e-07,4.4930e-06,9.5808e-06,9.5682e-06,6.0066e-06,5.8245e-08,2.3289e-07,6.0023e-07,4.5983e-06,8.2242e-06,9.5096e-06,7.4750e-06
P53,30.00,180.00,30.00,0.00,5.0645e-08,2.9315e-07,9.3127e-07,4.8501e-06,1.0080e-05,1.0067e-05,6.9149e-06,5.0644e-08,2.6766e-07,6.8939e-07,4.9282e-06,8.6590e-06,9.9921e-06,8.3592e-06
P53,30.00,90.00,60.00,0.00,4.7934e-08,2.9315e-07,9.3126e-07,4.8500e-06,1.0080e-05,1.0067e-05,6.9149e-06,4.7938e-08,2.6766e-07,6.8939e-07,4.9281e-06,8.6589e-06,9.9921e-06,8.3592e-06
P53,0.00,45.00,0.00,0.00,4.9667e-08,3.0424e-07,9.6554e-07,4.9242e-06,1.0181e-05,1.0167e-05,7.1570e-06,4.9704e-08,2.7779e-07,7.1429e-07,4.9952e-06,8.7428e-06,1.0088e-05,8.5766e-06
P53,0.00,0.00,30.00,0.00,4.9070e-08,3.0424e-07,9.6554e-07,4.9242e-06,1.0181e-05,1.0167e-05,7.1570e-06,4.9113e-08,2.7779e-07,7.1429e-07,4.9951e-06,8.7428e-06,1.0088e-05,8.5766e-06
P53,30.00,0.00,0.00,0.00,5.1310e-08,2.9315e-07,9.3127e-07,4.8501e-06,1.0080e-05,1.0067e-05,6.9149e-06,5.1303e-08,2.6766e-07,6.8939e-07,4.9283e-06,8.6591e-06,9.9922e-06,8.3592e-06
P53,60.00,180.00,60.00,0.00,5.4263e-08,2.5484e-07,8.0739e-07,4.4928e-06,9.5806e-06,9.5680e-06,6.0066e-06,5.4010e-08,2.3289e-07,6.0023e-07,4.5980e-06,8.2239e-06,9.5095e-06,7.4750e-06
P54,60.00,0.00,60.00,0.00,5.7889e-08,1.7783e-07,6.5568e-07,4.3267e-06,9.5192e-06,9.5056e-06,5.3345e-06,5.7221e-08,1.5885e-07,4.6920e-07,4.4154e-06,8.0554e-06,9.4395e-06,7.0922e-06
P54,0.00,0.00,60.00,0.00,4.8085e-08,2.2664e-07,8.3808e-07,4.8785e-06,1.0210e-05,1.0196e-05,6.5808e-06,4.7898e-08,2.0277e-07,5.7763e-07,4.9347e-06,8.6801e-06,1.0107e-05,8.3280e-06
P54,30.00,45.00,60.00,0.00,4.9703e-08,2.1593e-07,7.9423e-07,4.7867e-06,1.0101e-05,1.0087e-05,6.3154e-06,4.9441e-08,1.9318e-07,5.5241e-07,4.8499e-06,8.5823e-06,1.0002e-05,8.0864e-06
P54,60.00,180.00,60.00,0.00,5.7327e-08,1.7783e-07,6.5568e-07,4.3266e-06,9.5192e-06,9.5056e-06,5.3345e-06,5.6658e-08,1.5885e-07,4.6920e-07,4.4153e-06,8.0553e-06,9.4395e-06,7.0921e-06
P54,30.00,180.00,30.00,0.00,5.2311e-08,2.1593e-07,7.9425e-07,4.7868e-06,1.0101e-05,1.0087e-05,6.3154e-06,5.2045e-08,1.9318e-07,5.5242e-07,4.8501e-06,8.5824e-06,1.0002e-05,8.0864e-06
P54,60.00,135.00,30.00,0.00,6.1461e-08,1.7783e-07,6.5570e-07,4.3269e-06,9.5193e-06,9.5057e-06,5.3345e-06,6.0787e-08,1.5885e-07,4.6920e-07,4.4156e-06,8.0555e-06,9.4397e-06,7.0922e-06
P54,0.00,90.00,0.00,0.00,5.1077e-08,2.2664e-07,8.3812e-07,4.8787e-06,1.0210e-05,1.0196e-05,6.5808e-06,5.0881e-08,2.0277e-07,5.7764e-07,4.9348e-06,8.6802e-06,1.0107e-05,8.3280e-06
P54,0.00,90.00,60.00,0.00,4.8085e-08,2.2664e-07,8.3808e-07,4.8785e-06,1.0210e-05,1.0196e-05,6.5808e-06,4.7898e-08,2.0277e-07,5.7763e-07,4.9347e-06,8.6801e-06,1.0107e-05,8.3280e-06
P54,60.00,90.00,60.00,0.00,5.7614e-08,1.7783e-07,6.5568e-07,4.3267e-06,9.5192e-06,9.5056e-06,5.3345e-06,5.6946e-08,1.5885e-07,4.6920e-07,4.4154e-06,8.0553e-06,9.4395e-06,7.0922e-06
P54,30.00,90.00,30.00,0.00,5.2326e-08,2.1593e-07,7.9426e-07,4.7868e-06,1.0101e-05,1.0087e-05,6.3154e-06,5.2059e-08,1.9318e-07,5.5242e-07,4.8501e-06,8.5824e-06,1.0002e-05,8.0864e-06
P54,60.00,90.00,0.00,0.00,6.2399e-08,1.7783e-07,6.5571e-07,4.3269e-06,9.5193e-06,9.5057e-06,5.3345e-06,6.1721e-08,1.5885e-07,4.6920e-07,4.4156e-06,8.0556e-06,9.4397e-06,7.0922e-06
P54,60.00,90.00,30.00,0.00,6.1508e-08,1.7783e-07,6.5570e-07,4.3269e-06,9.5193e-06,9.5057e-06,5.3345e-06,6.0833e-08,1.5885e-07,4.6920e-07,4.4156e-06,8.0555e-06,9.4397e-06,7.0922e-06
P54,60.00,45.00,30.00,0.00,6.1555e-08,1.7783e-07,6.5570e-07,4.3269e-06,9.5193e-06,9.5057e-06,5.3345e-06,6.0880e-08,1.5885e-07,4.6920e-07,4.4156e-06,8.0555e-06,9.4397e-06,7.0922e-06
P54,30.00,90.00,0.00,0.00,5.2960e-08,2.1593e-07,7.9427e-07,4.7869e-06,1.0101e-05,1.0087e-05,6.3155e-06,5.2690e-08,1.9318e-07,5.5242e-07,4.8501e-06,8.5824e-06,1.0002e-05,8.0865e-06
P54,60.00,45.00,0.00,0.00,6.2399e-08,1.7783e-07,6.5571e-07,4.3269e-06,9.5193e-06,9.5057e-06,5.3345e-06,6.1721e-08,1.5885e-07,4.6920e-07,4.4156e-06,8.0556e-06,9.4397e-06,7.0922e-06
P54,30.00,45.00,0.00,0.00,5.2960e-08,2.1593e-07,7.9427e-07,4.7869e-06,1.0101e-05,1.0087e-05,6.3155e-06,5.2690e-08,1.9318e-07,5.5242e-07,4.8501e-06,8.5824e-06,1.0002e-05,8.0865e-06
P54,0.00,135.00,30.00,0.00,5.0495e-08,2.2664e-07,8.3811e-07,4.8786e-06,1.0210e-05,1.0196e-05,6.5808e-06,5.0304e-08,2.0277e-07,5.7764e-07,4.9348e-06,8.6802e-06,1.0107e-05,8.3280e-06
P54,60.00,180.00,0.00,0.00,6.2399e-08,1.7783e-07,6.5571e-07,4.3269e-06,9.5193e-06,9.5057e-06,5.3345e-06,6.1721e-08,1.5885e-07,4.6920e-07,4.4156e-06,8.0556e-06,9.4397e-06,7.0922e-06
P54,30.00,0.00,0.00,0.00,5.2960e-08,2.1593e-07,7.9427e-07,4.7869e-06,1.0101e-05,1.0087e-05,6.3155e-06,5.2690e-08,1.9318e-07,5.5242e-07,4.8501e-06,8.5824e-06,1.0002e-05,8.0865e-06
P54,60.00,135.00,60.00,0.00,5.7413e-08,1.7783e-07,6.5568e-07,4.3266e-06,9.5192e-06,9.5056e-06,5.3345e-06,5.6744e-08,1.5885e-07,4.6920e-07,4.4154e-06,8.0553e-06,9.4395e-06,7.0921e-06
P54,0.00,180.00,60.00,0.00,4.8085e-08,2.2664e-07,8.3808e-07,4.8785e-06,1.0210e-05,1.0196e-05,6.5808e-06,4.7898e-08,2.0277e-07,5.7763e-07,4.9347e-06,8.6801e-06,1.0107e-05,8.3280e-06
P54,0.00,45.00,30.00,0.00,5.0495e-08,2.2664e-07,8.3811e-07,4.8786e-06,1.0210e-05,1.0196e-05,6.5808e-06,5.0304e-08,2.0277e-07,5.7764e-07,4.9348e-06,8.6802e-06,1.0107e-05,8.3280e-06
P54,30.00,180.00,60.00,0.00,4.9599e-08,2.1593e-07,7.9423e-07,4.7867e-06,1.0101e-05,1.0087e-05,6.3154e-06,4.9336e-08,1.9318e-07,5.5241e-07,4.8499e-06,8.5823e-06,1.0002e-05,8.0864e-06
P54,60.00,135.00,0.00,0.00,6.2399e-08,1.7783e-07,6.5571e-07,4.3269e-06,9.5193e-06,9.5057e-06,5.3345e-06,6.1721e-08,1.5885e-07,4.6920e-07,4.4156e-06,8.0556e-06,9.4397e-06,7.0922e-06
P54,30.00,180.00,0.00,0.00,5.2960e-08,2.1593e-07,7.9427e-07,4.7869e-06,1.0101e-05,1.0087e-05,6.3155e-06,5.2690e-08,1.9318e-07,5.5242e-07,4.8501e-06,8.5824e-06,1.0002e-05,8.0865e-06
P54,30.00,45.00,30.00,0.00,5.2336e-08,2.1593e-07,7.9426e-07,4.7869e-06,1.0101e-05,1.0087e-05,6.3154e-06,5.2070e-08,1.9318e-07,5.5242e-07,4.8501e-06,8.5824e-06,1.0002e-05,8.0864e-06
P54,0.00,180.00,0.00,0.00,5.1077e-08,2.2664e-07,8.3812e-07,4.8787e-06,1.0210e-05,1.0196e-05,6.5808e-06,5.0881e-08,2.0277e-07,5.7764e-07,4.9348e-06,8.6802e-06,1.0107e-05,8.3280e-06
P54,0.00,180.00,30.00,0.00,5.0495e-08,2.2664e-07,8.3811e-07,4.8786e-06,1.0210e-05,1.0196e-05,6.5808e-06,5.0304e-08,2.0277e-07,5.7764e-07,4.9348e-06,8.6802e-06,1.0107e-05,8.3280e-06
P54,30.00,90.00,60.00,0.00,4.9660e-08,2.1593e-07,7.9423e-07,4.7867e-06,1.0101e-05,1.0087e-05,6.3154e-06,4.9398e-08,1.9318e-07,5.5241e-07,4.8499e-06,8.5823e-06,1.0002e-05,8.0864e-06
P54,60.00,0.00,0.00,0.00,6.2399e-08,1.7783e-07,6.5571e-07,4.3269e-06,9.5193e-06,9.5057e-06,5.3345e-06,6.1721e-08,1.5885e-07,4.6920e-07,4.4156e-06,8.0556e-06,9.4397e-06,7.0922e-06
P54,60.00,0.00,30.00,0.00,6.1575e-08,1.7783e-07,6.5570e-07,4.3269e-06,9.5193e-06,9.5057e-06,5.3345e-06,6.0900e-08,1.5885e-07,4.6920e-07,4.4156e-06,8.0555e-06,9.4397e-06,7.0922e-06
P54,30.00,135.00,60.00,0.00,4.9617e-08,2.1593e-07,7.9423e-07,4.7867e-06,1.0101e-05,1.0087e-05,6.3154e-06,4.9354e-08,1.9318e-07,5.5241e-07,4.8499e-06,8.5823e-06,1.0002e-05,8.0864e-06
P54,0.00,45.00,0.00,0.00,5.1077e-08,2.2664e-07,8.3812e-07,4.8787e-06,1.0210e-05,1.0196e-05,6.5808e-06,5.0881e-08,2.0277e-07,5.7764e-07,4.9348e-06,8.6802e-06,1.0107e-05,8.3280e-06
P54,0.00,0.00,0.00,0.00,5.1077e-08,2.2664e-07,8.3812e-07,4.8787e-06,1.0210e-05,1.0196e-05,6.5808e-06,5.0881e-08,2.0277e-07,5.7764e-07,4.9348e-06,8.6802e-06,1.0107e-05,8.3280e-06
P54,0.00,90.00,30.00,0.00,5.0495e-08,2.2664e-07,8.3811e-07,4.8786e-06,1.0210e-05,1.0196e-05,6.5808e-06,5.0304e-08,2.0277e-07,5.7764e-07,4.9348e-06,8.6802e-06,1.0107e-05,8.3280e-06
P54,0.00,45.00,60.00,0.00,4.8085e-08,2.2664e-07,8.3808e-07,4.8785e-06,1.0210e-05,1.0196e-05,6.5808e-06,4.7898e-08,2.0277e-07,5.7763e-07,4.9347e-06,8.6801e-06,1.0107e-05,8.3280e-06
P54,60.00,180.00,30.00,0.00,6.1442e-08,1.7783e-07,6.5570e-07,4.3269e-06,9.5193e-06,9.5057e-06,5.3345e-06,6.0767e-08,1.5885e-07,4.6920e-07,4.4156e-06,8.0555e-06,9.4397e-06,7.0922e-06
P54,30.00,0.00,30.00,0.00,5.2341e-08,2.1593e-07,7.9426e-07,4.7869e-06,1.0101e-05,1.0087e-05,6.3154e-06,5.2074e-08,1.9318e-07,5.5242e-07,4.8501e-06,8.5824e-06,1.0002e-05,8.0864e-06
P54,0.00,0.00,30.00,0.00,5.0495e-08,2.2664e-07,8.3811e-07,4.8786e-06,1.0210e-05,1.0196e-05,6.5808e-06,5.0304e-08,2.0277e-07,5.7764e-07,4.9348e-06,8.6802e-06,1.0107e-05,8.3280e-06
P54,0.00,135.00,0.00,0.00,5.1077e-08,2.2664e-07,8.3812e-07,4.8787e-06,1.0210e-05,1.0196e-05,6.5808e-06,5.0881e-08,2.0277e-07,5.7764e-07,4.9348e-06,8.6802e-06,1.0107e-05,8.3280e-06
P54,0.00,135.00,60.00,0.00,4.8085e-08,2.2664e-07,8.3808e-07,4.8785e-06,1.0210e-05,1.0196e-05,6.5808e-06,4.7898e-08,2.0277e-07,5.7763e-07,4.9347e-06,8.6801e-06,1.0107e-05,8.3280e-06
P54,30.00,135.00,30.00,0.00,5.2315e-08,2.1593e-07,7.9425e-07,4.7868e-06,1.0101e-05,1.0087e-05,6.3154e-06,5.2049e-08,1.9318e-07,5.5242e-07,4.8501e-06,8.5824e-06,1.0002e-05,8.0864e-06
P54,30.00,135.00,0.00,0.00,5.2960e-08,2.1593e-07,7.9427e-07,4.7869e-06,1.0101e-05,1.0087e-05,6.3155e-06,5.2690e-08,1.9318e-07,5.5242e-07,4.8501e-06,8.5824e-06,1.0002e-05,8.0865e-06
P54,60.00,45.00,60.00,0.00,5.7810e-08,1.7783e-07,6.5568e-07,4.3267e-06,9.5192e-06,9.5056e-06,5.3345e-06,5.7141e-08,1.5885e-07,4.6920e-07,4.4154e-06,8.0554e-06,9.4395e-06,7.0922e-06
P54,30.00,0.00,60.00,0.00,4.9721e-08,2.1593e-07,7.9423e-07,4.7867e-06,1.0101e-05,1.0087e-05,6.3154e-06,4.9459e-08,1.9318e-07,5.5241e-07,4.8499e-06,8.5823e-06,1.0002e-05,8.0864e-06
P55,0.00,180.00,30.00,0.00,5.5907e-08,2.6654e-07,9.0180e-07,4.7364e-06,9.8221e-06,9.8103e-06,7.1515e-06,5.5881e-08,2.4141e-07,6.5575e-07,4.7851e-06,8.5517e-06,9.7485e-06,8.4321e-06
P55,30.00,90.00,0.00,0.00,5.9374e-08,2.5513e-07,8.6869e-07,4.6468e-06,9.6930e-06,9.6815e-06,6.9191e-06,5.9285e-08,2.3091e-07,6.3083e-07,4.7005e-06,8.4486e-06,9.6240e-06,8.2176e-06
P55,60.00,0.00,30.00,0.00,6.8514e-08,2.1489e-07,7.4632e-07,4.2314e-06,9.1006e-06,9.0898e-06,6.0391e-06,6.8118e-08,1.9410e-07,5.4043e-07,4.3029e-06,7.9413e-06,9.0463e-06,7.3674e-06
P55,60.00,45.00,0.00,0.00,6.9989e-08,2.1489e-07,7.4632e-07,4.2315e-06,9.1007e-06,9.0898e-06,6.0391e-06,6.9586e-08,1.9410e-07,5.4043e-07,4.3030e-06,7.9413e-06,9.0463e-06,7.3675e-06
P55,0.00,135.00,0.00,0.00,5.6997e-08,2.6654e-07,9.0180e-07,4.7365e-06,9.8221e-06,9.8103e-06,7.1515e-06,5.6963e-08,2.4141e-07,6.5575e-07,4.7852e-06,8.5517e-06,9.7485e-06,8.4321e-06
P55,30.00,180.00,0.00,0.00,5.9374e-08,2.5513e-07,8.6869e-07,4.6468e-06,9.6930e-06,9.6815e-06,6.9191e-06,5.9285e-08,2.3091e-07,6.3083e-07,4.7005e-06,8.4486e-06,9.6240e-06,8.2176e-06
P55,0.00,90.00,0.00,0.00,5.6997e-08,2.6654e-07,9.0180e-07,4.7365e-06,9.8221e-06,9.8103e-06,7.1515e-06,5.6963e-08,2.4141e-07,6.5575e-07,4.7852e-06,8.5517e-06,9.7485e-06,8.4321e-06
P55,0.00,45.00,60.00,0.00,5.1213e-08,2.6654e-07,9.0180e-07,4.7361e-06,9.8220e-06,9.8102e-06,7.1515e-06,5.1206e-08,2.4141e-07,6.5575e-07,4.7847e-06,8.5515e-06,9.7484e-06,8.4321e-06
P55,60.00,135.00,30.00,0.00,6.8314e-08,2.1489e-07,7.4632e-07,4.2314e-06,9.1006e-06,9.0898e-06,6.0391e-06,6.7919e-08,1.9410e-07,5.4043e-07,4.3029e-06,7.9413e-06,9.0463e-06,7.3674e-06
P55,60.00,180.00,30.00,0.00,6.8280e-08,2.1489e-07,7.4632e-07,4.2314e-06,9.1006e-06,9.0898e-06,6.0391e-06,6.7885e-08,1.9410e-07,5.4043e-07,4.3029e-06,7.9413e-06,9.0463e-06,7.3674e-06
P55,0.00,0.00,30.00,0.00,5.5907e-08,2.6654e-07,9.0180e-07,4.7364e-06,9.8221e-06,9.8103e-06,7.1515e-06,5.5881e-08,2.4141e-07,6.5575e-07,4.7851e-06,8.5517e-06,9.7485e-06,8.4321e-06
P55,30.00,45.00,0.00,0.00,5.9374e-08,2.5513e-07,8.6869e-07,4.6468e-06,9.6930e-06,9.6815e-06,6.9191e-06,5.9285e-08,2.3091e-07,6.3083e-07,4.7005e-06,8.4486e-06,9.6240e-06,8.2176e-06
P55,0.00,135.00,60.00,0.00,5.1213e-08,2.6654e-07,9.0180e-07,4.7361e-06,9.8220e-06,9.8102e-06,7.1515e-06,5.1206e-08,2.4141e-07,6.5575e-07,4.7847e-06,8.5515e-06,9.7484e-06,8.4321e-06
P55,30.00,180.00,30.00,0.00,5.8158e-08,2.5513e-07,8.6869e-07,4.6467e-06,9.6930e-06,9.6815e-06,6.9191e-06,5.8076e-08,2.3091e-07,6.3083e-07,4.7004e-06,8.4485e-06,9.6240e-06,8.2176e-06
P55,0.00,135.00,30.00,0.00,5.5907e-08,2.6654e-07,9.0180e-07,4.7364e-06,9.8221e-06,9.8103e-06,7.1515e-06,5.5881e-08,2.4141e-07,6.5575e-07,4.7851e-06,8.5517e-06,9.7485e-06,8.4321e-06
P55,60.00,180.00,0.00,0.00,6.9989e-08,2.1489e-07,7.4632e-07,4.2315e-06,9.1007e-06,9.0898e-06,6.0391e-06,6.9586e-08,1.9410e-07,5.4043e-07,4.3030e-06,7.9413e-06,9.0463e-06,7.3675e-06
P55,30.00,45.00,30.00,0.00,5.8206e-08,2.5513e-07,8.6869e-07,4.6467e-06,9.6930e-06,9.6815e-06,6.9191e-06,5.8124e-08,2.3091e-07,6.3083e-07,4.7004e-06,8.4485e-06,9.6240e-06,8.2176e-06
P55,30.00,90.00,30.00,0.00,5.8186e-08,2.5513e-07,8.6869e-07,4.6467e-06,9.6930e-06,9.6815e-06,6.9191e-06,5.8104e-08,2.3091e-07,6.3083e-07,4.7004e-06,8.4485e-06,9.6240e-06,8.2176e-06
P55,60.00,90.00,30.00,0.00,6.8397e-08,2.1489e-07,7.4632e-07,4.2314e-06,9.1006e-06,9.0898e-06,6.0391e-06,6.8001e-08,1.9410e-07,5.4043e-07,4.3029e-06,7.9413e-06,9.0463e-06,7.3674e-06
P55,0.00,90.00,60.00,0.00,5.1213e-08,2.6654e-07,9.0180e-07,4.7361e-06,9.8220e-06,9.8102e-06,7.1515e-06,5.1206e-08,2.4141e-07,6.5575e-07,4.7847e-06,8.5515e-06,9.7484e-06,8.4321e-06
P55,0.00,0.00,0.00,0.00,5.6997e-08,2.6654e-07,9.0180e-07,4.7365e-06,9.8221e-06,9.8103e-06,7.1515e-06,5.6963e-08,2.4141e-07,6.5575e-07,4.7852e-06,8.5517e-06,9.7485e-06,8.4321e-06
P55,0.00,180.00,60.00,0.00,5.1213e-08,2.6654e-07,9.0180e-07,4.7361e-06,9.8220e-06,9.8102e-06,7.1515e-06,5.1206e-08,2.4141e-07,6.5575e-07,4.7847e-06,8.5515e-06,9.7484e-06,8.4321e-06
P55,30.00,180.00,60.00,0.00,5.2914e-08,2.5512e-07,8.6869e-07,4.6463e-06,9.6929e-06,9.6814e-06,6.9191e-06,5.2852e-08,2.3091e-07,6.3083e-07,4.7000e-06,8.4484e-06,9.6239e-06,8.2176e-06
P55,0.00,0.00,60.00,0.00,5.1213e-08,2.6654e-07,9.0180e-07,4.7361e-06,9.8220e-06,9.8102e-06,7.1515e-06,5.1206e-08,2.4141e-07,6.5575e-07,4.7847e-06,8.5515e-06,9.7484e-06,8.4321e-06
P55,60.00,90.00,60.00,0.00,6.1305e-08,2.1489e-07,7.4632e-07,4.2308e-06,9.1005e-06,9.0897e-06,6.0391e-06,6.0938e-08,1.9410e-07,5.4043e-07,4.3023e-06,7.9410e-06,9.0462e-06,7.3674e-06
P55,60.00,135.00,0.00,0.00,6.9989e-08,2.1489e-07,7.4632e-07,4.2315e-06,9.1007e-06,9.0898e-06,6.0391e-06,6.9586e-08,1.9410e-07,5.4043e-07,4.3030e-06,7.9413e-06,9.0463e-06,7.3675e-06
P55,0.00,45.00,30.00,0.00,5.5907e-08,2.6654e-07,9.0180e-07,4.7364e-06,9.8221e-06,9.8103e-06,7.1515e-06,5.5881e-08,2.4141e-07,6.5575e-07,4.7851e-06,8.5517e-06,9.7485e-06,8.4321e-06
P55,60.00,45.00,60.00,0.00,6.1636e-08,2.1489e-07,7.4632e-07,4.2309e-06,9.1005e-06,9.0897e-06,6.0391e-06,6.1268e-08,1.9410e-07,5.4043e-07,4.3023e-06,7.9411e-06,9.0462e-06,7.3674e-06
P55,30.00,0.00,30.00,0.00,5.8215e-08,2.5513e-07,8.6869e-07,4.6467e-06,9.6930e-06,9.6815e-06,6.9191e-06,5.8132e-08,2.3091e-07,6.3083e-07,4.7004e-06,8.4485e-06,9.6240e-06,8.2176e-06
P55,30.00,45.00,60.00,0.00,5.3105e-08,2.5512e-07,8.6869e-07,4.6463e-06,9.6929e-06,9.6814e-06,6.9191e-06,5.3042e-08,2.3091e-07,6.3083e-07,4.7000e-06,8.4484e-06,9.6239e-06,8.2176e-06
P55,30.00,135.00,60.00,0.00,5.2947e-08,2.5512e-07,8.6869e-07,4.6463e-06,9.6929e-06,9.6814e-06,6.9191e-06,5.2885e-08,2.3091e-07,6.3083e-07,4.7000e-06,8.4484e-06,9.6239e-06,8.2176e-06
P55,30.00,90.00,60.00,0.00,5.3026e-08,2.5512e-07,8.6869e-07,4.6463e-06,9.6929e-06,9.6814e-06,6.9191e-06,5.2964e-08,2.3091e-07,6.3083e-07,4.7000e-06,8.4484e-06,9.6239e-06,8.2176e-06
P55,30.00,0.00,0.00,0.00,5.9374e-08,2.5513e-07,8.6869e-07,4.6468e-06,9.6930e-06,9.6815e-06,6.9191e-06,5.9285e-08,2.3091e-07,6.3083e-07,4.7005e-06,8.4486e-06,9.6240e-06,8.2176e-06
P55,60.00,180.00,60.00,0.00,6.0815e-08,2.1489e-07,7.4632e-07,4.2308e-06,9.1005e-06,9.0897e-06,6.0391e-06,6.0449e-08,1.9410e-07,5.4043e-07,4.3023e-06,7.9410e-06,9.0462e-06,7.3674e-06
P55,30.00,135.00,30.00,0.00,5.8166e-08,2.5513e-07,8.6869e-07,4.6467e-06,9.6930e-06,9.6815e-06,6.9191e-06,5.8084e-08,2.3091e-07,6.3083e-07,4.7004e-06,8.4485e-06,9.6240e-06,8.2176e-06
P55,0.00,90.00,30.00,0.00,5.5907e-08,2.6654e-07,9.0180e-07,4.7364e-06,9.8221e-06,9.8103e-06,7.1515e-06,5.5881e-08,2.4141e-07,6.5575e-07,4.7851e-06,8.5517e-06,9.7485e-06,8.4321e-06
P55,0.00,45.00,0.00,0.00,5.6997e-08,2.6654e-07,9.0180e-07,4.7365e-06,9.8221e-06,9.8103e-06,7.1515e-06,5.6963e-08,2.4141e-07,6.5575e-07,4.7852e-06,8.5517e-06,9.7485e-06,8.4321e-06
P55,60.00,90.00,0.00,0.00,6.9989e-08,2.1489e-07,7.4632e-07,4.2315e-06,9.1007e-06,9.0898e-06,6.0391e-06,6.9586e-08,1.9410e-07,5.4043e-07,4.3030e-06,7.9413e-06,9.0463e-06,7.3675e-06
P55,60.00,0.00,0.00,0.00,6.9989e-08,2.1489e-07,7.4632e-07,4.2315e-06,9.1007e-06,9.0898e-06,6.0391e-06,6.9586e-08,1.9410e-07,5.4043e-07,4.3030e-06,7.9413e-06,9.0463e-06,7.3675e-06
P55,60.00,0.00,60.00,0.00,6.1770e-08,2.1489e-07,7.4632e-07,4.2309e-06,9.1005e-06,9.0897e-06,6.0391e-06,6.1402e-08,1.9410e-07,5.4043e-07,4.3024e-06,7.9411e-06,9.0462e-06,7.3674e-06
P55,30.00,135.00,0.00,0.00,5.9374e-08,2.5513e-07,8.6869e-07,4.6468e-06,9.6930e-06,9.6815e-06,6.9191e-06,5.9285e-08,2.3091e-07,6.3083e-07,4.7005e-06,8.4486e-06,9.6240e-06,8.2176e-06
P55,60.00,45.00,30.00,0.00,6.8480e-08,2.1489e-07,7.4632e-07,4.2314e-06,9.1006e-06,9.0898e-06,6.0391e-06,6.8084e-08,1.9410e-07,5.4043e-07,4.3029e-06,7.9413e-06,9.0463e-06,7.3674e-06
P55,30.00,0.00,60.00,0.00,5.3138e-08,2.5512e-07,8.6869e-07,4.6463e-06,9.6929e-06,9.6814e-06,6.9191e-06,5.3075e-08,2.3091e-07,6.3083e-07,4.7000e-06,8.4484e-06,9.6239e-06,8.2176e-06
P55,0.00,180.00,0.00,0.00,5.6997e-08,2.6654e-07,9.0180e-07,4.7365e-06,9.8221e-06,9.8103e-06,7.1515e-06,5.6963e-08,2.4141e-07,6.5575e-07,4.7852e-06,8.5517e-06,9.7485e-06,8.4321e-06
P55,60.00,135.00,60.00,0.00,6.0961e-08,2.1489e-07,7.4632e-07,4.2308e-06,9.1005e-06,9.0897e-06,6.0391e-06,6.0595e-08,1.9410e-07,5.4043e-07,4.3023e-06,7.9410e-06,9.0462e-06,7.3674e-06
P56,0.00,90.00,0.00,0.00,5.3389e-08,3.5201e-07,1.1895e-06,5.5412e-06,1.0998e-05,1.0985e-05,8.6509e-06,5.3642e-08,3.1868e-07,8.6236e-07,5.5750e-06,9.5956e-06,1.0908e-05,9.8288e-06
P56,30.00,0.00,30.00,0.00,5.4206e-08,3.3528e-07,1.1437e-06,5.5085e-06,1.0915e-05,1.0903e-05,8.4119e-06,5.4448e-08,3.0316e-07,8.2646e-07,5.5492e-06,9.5600e-06,1.0833e-05,9.6279e-06
P56,30.00,45.00,0.00,0.00,5.5097e-08,3.3528e-07,1.1437e-06,5.5086e-06,1.0915e-05,1.0903e-05,8.4119e-06,5.5339e-08,3.0316e-07,8.2646e-07,5.5493e-06,9.5600e-06,1.0833e-05,9.6279e-06
P56,0.00,0.00,60.00,0.00,4.8971e-08,3.5201e-07,1.1895e-06,5.5410e-06,1.0998e-05,1.0985e-05,8.6509e-06,4.9222e-08,3.1868e-07,8.6236e-07,5.5748e-06,9.5955e-06,1.0908e-05,9.8288e-06
P56,0.00,180.00,0.00,0.00,5.3389e-08,3.5201e-07,1.1895e-06,5.5412e-06,1.0998e-05,1.0985e-05,8.6509e-06,5.3642e-08,3.1868e-07,8.6236e-07,5.5750e-06,9.5956e-06,1.0908e-05,9.8288e-06
P56,30.00,180.00,0.00,0.00,5.5097e-08,3.3528e-07,1.1437e-06,5.5086e-06,1.0915e-05,1.0903e-05,8.4119e-06,5.5339e-08,3.0316e-07,8.2646e-07,5.5493e-06,9.5600e-06,1.0833e-05,9.6279e-06
P56,0.00,0.00,0.00,0.00,5.3389e-08,3.5201e-07,1.1895e-06,5.5412e-06,1.0998e-05,1.0985e-05,8.6509e-06,5.3642e-08,3.1868e-07,8.6236e-07,5.5750e-06,9.5956e-06,1.0908e-05,9.8288e-06
P56,0.00,135.00,30.00,0.00,5.2539e-08,3.5201e-07,1.1895e-06,5.5412e-06,1.0998e-05,1.0985e-05,8.6509e-06,5.2793e-08,3.1868e-07,8.6236e-07,5.5750e-06,9.5955e-06,1.0908e-05,9.8288e-06
P56,60.00,0.00,30.00,0.00,6.1034e-08,2.7682e-07,9.7291e-07,5.3060e-06,1.0483e-05,1.0472e-05,7.4701e-06,6.1196e-08,2.4932e-07,6.9613e-07,5.3746e-06,9.2842e-06,1.0421e-05,8.8066e-06
P56,0.00,0.00,30.00,0.00,5.2539e-08,3.5201e-07,1.1895e-06,5.5412e-06,1.0998e-05,1.0985e-05,8.6509e-06,5.2793e-08,3.1868e-07,8.6236e-07,5.5750e-06,9.5955e-06,1.0908e-05,9.8288e-06
P56,30.00,45.00,30.00,0.00,5.4199e-08,3.3528e-07,1.1437e-06,5.5085e-06,1.0915e-05,1.0903e-05,8.4119e-06,5.4441e-08,3.0316e-07,8.2646e-07,5.5492e-06,9.5600e-06,1.0833e-05,9.6279e-06
P56,30.00,135.00,0.00,0.00,5.5097e-08,3.3528e-07,1.1437e-06,5.5086e-06,1.0915e-05,1.0903e-05,8.4119e-06,5.5339e-08,3.0316e-07,8.2646e-07,5.5493e-06,9.5600e-06,1.0833e-05,9.6279e-06
P56,60.00,180.00,60.00,0.00,5.5512e-08,2.7682e-07,9.7291e-07,5.3058e-06,1.0483e-05,1.0472e-05,7.4701e-06,5.5662e-08,2.4932e-07,6.9613e-07,5.3744e-06,9.2841e-06,1.0421e-05,8.8066e-06
P56,0.00,90.00,30.00,0.00,5.2539e-08,3.5201e-07,1.1895e-06,5.5412e-06,1.0998e-05,1.0985e-05,8.6509e-06,5.2793e-08,3.1868e-07,8.6236e-07,5.5750e-06,9.5955e-06,1.0908e-05,9.8288e-06
P56,60.00,90.00,60.00,0.00,5.5884e-08,2.7682e-07,9.7291e-07,5.3058e-06,1.0483e-05,1.0472e-05,7.4701e-06,5.6034e-08,2.4932e-07,6.9613e-07,5.3744e-06,9.2841e-06,1.0421e-05,8.8066e-06
P56,0.00,45.00,0.00,0.00,5.3389e-08,3.5201e-07,1.1895e-06,5.5412e-06,1.0998e-05,1.0985e-05,8.6509e-06,5.3642e-08,3.1868e-07,8.6236e-07,5.5750e-06,9.5956e-06,1.0908e-05,9.8288e-06
P56,30.00,90.00,0.00,0.00,5.5097e-08,3.3528e-07,1.1437e-06,5.5086e-06,1.0915e-05,1.0903e-05,8.4119e-06,5.5339e-08,3.0316e-07,8.2646e-07,5.5493e-06,9.5600e-06,1.0833e-05,9.6279e-06
P56,60.00,135.00,30.00,0.00,6.0876e-08,2.7682e-07,9.7291e-07,5.3060e-06,1.0483e-05,1.0472e-05,7.4701e-06,6.1038e-08,2.4932e-07,6.9613e-07,5.3746e-06,9.2842e-06,1.0421e-05,8.8066e-06
P56,60.00,90.00,0.00,0.00,6.2095e-08,2.7682e-07,9.7291e-07,5.3060e-06,1.0483e-05,1.0472e-05,7.4701e-06,6.2259e-08,2.4932e-07,6.9613e-07,5.3746e-06,9.2842e-06,1.0421e-05,8.8066e-06
P56,0.00,45.00,30.00,0.00,5.2539e-08,3.5201e-07,1.1895e-06,5.5412e-06,1.0998e-05,1.0985e-05,8.6509e-06,5.2793e-08,3.1868e-07,8.6236e-07,5.5750e-06,9.5955e-06,1.0908e-05,9.8288e-06
P56,30.00,135.00,60.00,0.00,5.0242e-08,3.3528e-07,1.1437e-06,5.5083e-06,1.0915e-05,1.0903e-05,8.4119e-06,5.0479e-08,3.0316e-07,8.2646e-07,5.5490e-06,9.5599e-06,1.0833e-05,9.6279e-06
P56,0.00,180.00,60.00,0.00,4.8971e-08,3.5201e-07,1.1895e-06,5.5410e-06,1.0998e-05,1.0985e-05,8.6509e-06,4.9222e-08,3.1868e-07,8.6236e-07,5.5748e-06,9.5955e-06,1.0908e-05,9.8288e-06
P56,0.00,90.00,60.00,0.00,4.8971e-08,3.5201e-07,1.1895e-06,5.5410e-06,1.0998e-05,1.0985e-05,8.6509e-06,4.9222e-08,3.1868e-07,8.6236e-07,5.5748e-06,9.5955e-06,1.0908e-05,9.8288e-06
P56,60.00,135.00,60.00,0.00,5.5623e-08,2.7682e-07,9.7291e-07,5.3058e-06,1.0483e-05,1.0472e-05,7.4701e-06,5.5773e-08,2.4932e-07,6.9613e-07,5.3744e-06,9.2841e-06,1.0421e-05,8.8066e-06
P56,0.00,135.00,0.00,0.00,5.3389e-08,3.5201e-07,1.1895e-06,5.5412e-06,1.0998e-05,1.0985e-05,8.6509e-06,5.3642e-08,3.1868e-07,8.6236e-07,5.5750e-06,9.5956e-06,1.0908e-05,9.8288e-06
P56,30.00,90.00,60.00,0.00,5.0305e-08,3.3528e-07,1.1437e-06,5.5083e-06,1.0915e-05,1.0903e-05,8.4119e-06,5.0542e-08,3.0316e-07,8.2646e-07,5.5490e-06,9.5599e-06,1.0833e-05,9.6279e-06
P56,60.00,135.00,0.00,0.00,6.2095e-08,2.7682e-07,9.7291e-07,5.3060e-06,1.0483e-05,1.0472e-05,7.4701e-06,6.2259e-08,2.4932e-07,6.9613e-07,5.3746e-06,9.2842e-06,1.0421e-05,8.8066e-06
P56,0.00,180.00,30.00,0.00,5.2539e-08,3.5201e-07,1.1895e-06,5.5412e-06,1.0998e-05,1.0985e-05,8.6509e-06,5.2793e-08,3.1868e-07,8.6236e-07,5.5750e-06,9.5955e-06,1.0908e-05,9.8288e-06
P56,60.00,90.00,30.00,0.00,6.0941e-08,2.7682e-07,9.7291e-07,5.3060e-06,1.0483e-05,1.0472e-05,7.4701e-06,6.1104e-08,2.4932e-07,6.9613e-07,5.3746e-06,9.2842e-06,1.0421e-05,8.8066e-06
P56,30.00,90.00,30.00,0.00,5.4182e-08,3.3528e-07,1.1437e-06,5.5085e-06,1.0915e-05,1.0903e-05,8.4119e-06,5.4425e-08,3.0316e-07,8.2646e-07,5.5492e-06,9.5600e-06,1.0833e-05,9.6279e-06
P56,60.00,180.00,30.00,0.00,6.0849e-08,2.7682e-07,9.7291e-07,5.3060e-06,1.0483e-05,1.0472e-05,7.4701e-06,6.1011e-08,2.4932e-07,6.9613e-07,5.3746e-06,9.2842e-06,1.0421e-05,8.8066e-06
P56,0.00,45.00,60.00,0.00,4.8971e-08,3.5201e-07,1.1895e-06,5.5410e-06,1.0998e-05,1.0985e-05,8.6509e-06,4.9222e-08,3.1868e-07,8.6236e-07,5.5748e-06,9.5955e-06,1.0908e-05,9.8288e-06
P56,60.00,0.00,60.00,0.00,5.6240e-08,2.7682e-07,9.7291e-07,5.3058e-06,1.0483e-05,1.0472e-05,7.4701e-06,5.6391e-08,2.4932e-07,6.9613e-07,5.3744e-06,9.2841e-06,1.0421e-05,8.8066e-06
P56,60.00,45.00,60.00,0.00,5.6137e-08,2.7682e-07,9.7291e-07,5.3058e-06,1.0483e-05,1.0472e-05,7.4701e-06,5.6288e-08,2.4932e-07,6.9613e-07,5.3744e-06,9.2841e-06,1.0421e-05,8.8066e-06
P56,60.00,45.00,0.00,0.00,6.2095e-08,2.7682e-07,9.7291e-07,5.3060e-06,1.0483e-05,1.0472e-05,7.4701e-06,6.2259e-08,2.4932e-07,6.9613e-07,5.3746e-06,9.2842e-06,1.0421e-05,8.8066e-06
P56,60.00,0.00,0.00,0.00,6.2095e-08,2.7682e-07,9.7291e-07,5.3060e-06,1.0483e-05,1.0472e-05,7.4701e-06,6.2259e-08,2.4932e-07,6.9613e-07,5.3746e-06,9.2842e-06,1.0421e-05,8.8066e-06
P56,60.00,180.00,0.00,0.00,6.2095e-08,2.7682e-07,9.7291e-07,5.3060e-06,1.0483e-05,1.0472e-05,7.4701e-06,6.2259e-08,2.4932e-07,6.9613e-07,5.3746e-06,9.2842e-06,1.0421e-05,8.8066e-06
P56,0.00,135.00,60.00,0.00,4.8971e-08,3.5201e-07,1.1895e-06,5.5410e-06,1.0998e-05,1.0985e-05,8.6509e-06,4.9222e-08,3.1868e-07,8.6236e-07,5.5748e-06,9.5955e-06,1.0908e-05,9.8288e-06
P56,30.00,135.00,30.00,0.00,5.4165e-08,3.3528e-07,1.1437e-06,5.5085e-06,1.0915e-05,1.0903e-05,8.4119e-06,5.4408e-08,3.0316e-07,8.2646e-07,5.5492e-06,9.5600e-06,1.0833e-05,9.6279e-06
P56,30.00,180.00,30.00,0.00,5.4159e-08,3.3528e-07,1.1437e-06,5.5085e-06,1.0915e-05,1.0903e-05,8.4119e-06,5.4402e-08,3.0316e-07,8.2646e-07,5.5492e-06,9.5600e-06,1.0833e-05,9.6279e-06
P56,60.00,45.00,30.00,0.00,6.1007e-08,2.7682e-07,9.7291e-07,5.3060e-06,1.0483e-05,1.0472e-05,7.4701e-06,6.1169e-08,2.4932e-07,6.9613e-07,5.3746e-06,9.2842e-06,1.0421e-05,8.8066e-06
P56,30.00,0.00,0.00,0.00,5.5097e-08,3.3528e-07,1.1437e-06,5.5086e-06,1.0915e-05,1.0903e-05,8.4119e-06,5.5339e-08,3.0316e-07,8.2646e-07,5.5493e-06,9.5600e-06,1.0833e-05,9.6279e-06
P56,30.00,45.00,60.00,0.00,5.0367e-08,3.3528e-07,1.1437e-06,5.5084e-06,1.0915e-05,1.0903e-05,8.4119e-06,5.0605e-08,3.0316e-07,8.2646e-07,5.5490e-06,9.5599e-06,1.0833e-05,9.6279e-06
P56,30.00,0.00,60.00,0.00,5.0393e-08,3.3528e-07,1.1437e-06,5.5084e-06,1.0915e-05,1.0903e-05,8.4119e-06,5.0631e-08,3.0316e-07,8.2646e-07,5.5490e-06,9.5599e-06,1.0833e-05,9.6279e-06
P56,30.00,180.00,60.00,0.00,5.0216e-08,3.3528e-07,1.1437e-06,5.5083e-06,1.0915e-05,1.0903e-05,8.4119e-06,5.0453e-08,3.0316e-07,8.2646e-07,5.5490e-06,9.5599e-06,1.0833e-05,9.6279e-06
P57,30.00,45.00,30.00,0.00,5.5114e-08,2.7839e-07,1.1764e-06,4.7437e-06,1.0087e-05,1.0073e-05,6.5874e-06,5.4613e-08,2.4640e-07,7.7138e-07,4.8049e-06,8.4969e-06,9.9763e-06,8.1941e-06
P57,0.00,180.00,60.00,0.00,4.9721e-08,2.9393e-07,1.2584e-06,4.8452e-06,1.0202e-05,1.0187e-05,6.8199e-06,4.9364e-08,2.5941e-07,8.3151e-07,4.9001e-06,8.6058e-06,1.0087e-05,8.4238e-06
P57,60.00,45.00,30.00,0.00,6.5399e-08,2.3756e-07,8.7913e-07,4.2267e-06,9.4666e-06,9.4521e-06,5.7951e-06,6.4411e-08,2.1446e-07,5.8143e-07,4.3076e-06,7.9076e-06,9.3725e-06,7.2610e-06
P57,30.00,180.00,0.00,0.00,5.6112e-08,2.7840e-07,1.1764e-06,4.7437e-06,1.0087e-05,1.0073e-05,6.5874e-06,5.5589e-08,2.4641e-07,7.7141e-07,4.8049e-06,8.4969e-06,9.9764e-06,8.1941e-06
P57,30.00,45.00,0.00,0.00,5.6112e-08,2.7840e-07,1.1764e-06,4.7437e-06,1.0087e-05,1.0073e-05,6.5874e-06,5.5589e-08,2.4641e-07,7.7141e-07,4.8049e-06,8.4969e-06,9.9764e-06,8.1941e-06
P57,0.00,0.00,0.00,0.00,5.4033e-08,2.9398e-07,1.2586e-06,4.8453e-06,1.0202e-05,1.0188e-05,6.8199e-06,5.3599e-08,2.5944e-07,8.3165e-07,4.9003e-06,8.6060e-06,1.0087e-05,8.4239e-06
P57,60.00,45.00,60.00,0.00,6.0507e-08,2.3753e-07,8.7894e-07,4.2265e-06,9.4665e-06,9.4520e-06,5.7951e-06,5.9570e-08,2.1445e-07,5.8134e-07,4.3074e-06,7.9075e-06,9.3725e-06,7.2610e-06
P57,60.00,180.00,60.00,0.00,5.9986e-08,2.3753e-07,8.7892e-07,4.2264e-06,9.4665e-06,9.4520e-06,5.7951e-06,5.9052e-08,2.1445e-07,5.8132e-07,4.3073e-06,7.9074e-06,9.3724e-06,7.2610e-06
P57,30.00,0.00,60.00,0.00,5.1522e-08,2.7835e-07,1.1762e-06,4.7435e-06,1.0087e-05,1.0073e-05,6.5874e-06,5.1072e-08,2.4637e-07,7.7127e-07,4.8048e-06,8.4968e-06,9.9763e-06,8.1940e-06
P57,30.00,135.00,60.00,0.00,5.1400e-08,2.7835e-07,1.1762e-06,4.7435e-06,1.0087e-05,1.0073e-05,6.5874e-06,5.0952e-08,2.4637e-07,7.7127e-07,4.8048e-06,8.4968e-06,9.9763e-06,8.1940e-06
P57,0.00,180.00,0.00,0.00,5.4033e-08,2.9398e-07,1.2586e-06,4.8453e-06,1.0202e-05,1.0188e-05,6.8199e-06,5.3599e-08,2.5944e-07,8.3165e-07,4.9003e-06,8.6060e-06,1.0087e-05,8.4239e-06
P57,60.00,0.00,0.00,0.00,6.6675e-08,2.3757e-07,8.7917e-07,4.2267e-06,9.4666e-06,9.4521e-06,5.7951e-06,6.5666e-08,2.1447e-07,5.8146e-07,4.3076e-06,7.9077e-06,9.3726e-06,7.2611e-06
P57,0.00,180.00,30.00,0.00,5.3085e-08,2.9397e-07,1.2586e-06,4.8453e-06,1.0202e-05,1.0188e-05,6.8199e-06,5.2674e-08,2.5943e-07,8.3162e-07,4.9003e-06,8.6059e-06,1.0087e-05,8.4239e-06
P57,60.00,90.00,60.00,0.00,6.0296e-08,2.3753e-07,8.7893e-07,4.2265e-06,9.4665e-06,9.4520e-06,5.7951e-06,5.9360e-08,2.1445e-07,5.8133e-07,4.3074e-06,7.9074e-06,9.3724e-06,7.2610e-06
P57,30.00,0.00,30.00,0.00,5.5121e-08,2.7839e-07,1.1764e-06,4.7437e-06,1.0087e-05,1.0073e-05,6.5874e-06,5.4620e-08,2.4640e-07,7.7138e-07,4.8049e-06,8.4969e-06,9.9763e-06,8.1941e-06
P57,0.00,135.00,0.00,0.00,5.4033e-08,2.9398e-07,1.2586e-06,4.8453e-06,1.0202e-05,1.0188e-05,6.8199e-06,5.3599e-08,2.5944e-07,8.3165e-07,4.9003e-06,8.6060e-06,1.0087e-05,8.4239e-06
P57,0.00,90.00,30.00,0.00,5.3085e-08,2.9397e-07,1.2586e-06,4.8453e-06,1.0202e-05,1.0188e-05,6.8199e-06,5.2674e-08,2.5943e-07,8.3162e-07,4.9003e-06,8.6059e-06,1.0087e-05,8.4239e-06
P57,0.00,135.00,60.00,0.00,4.9721e-08,2.9393e-07,1.2584e-06,4.8452e-06,1.0202e-05,1.0187e-05,6.8199e-06,4.9364e-08,2.5941e-07,8.3151e-07,4.9001e-06,8.6058e-06,1.0087e-05,8.4238e-06
P57,30.00,45.00,60.00,0.00,5.1501e-08,2.7835e-07,1.1762e-06,4.7435e-06,1.0087e-05,1.0073e-05,6.5874e-06,5.1051e-08,2.4637e-07,7.7127e-07,4.8048e-06,8.4968e-06,9.9763e-06,8.1940e-06
P57,0.00,90.00,0.00,0.00,5.4033e-08,2.9398e-07,1.2586e-06,4.8453e-06,1.0202e-05,1.0188e-05,6.8199e-06,5.3599e-08,2.5944e-07,8.3165e-07,4.9003e-06,8.6060e-06,1.0087e-05,8.4239e-06
P57,30.00,180.00,60.00,0.00,5.1379e-08,2.7835e-07,1.1762e-06,4.7435e-06,1.0087e-05,1.0073e-05,6.5874e-06,5.0932e-08,2.4637e-07,7.7127e-07,4.8048e-06,8.4968e-06,9.9763e-06,8.1940e-06
P57,0.00,90.00,60.00,0.00,4.9721e-08,2.9393e-07,1.2584e-06,4.8452e-06,1.0202e-05,1.0187e-05,6.8199e-06,4.9364e-08,2.5941e-07,8.3151e-07,4.9001e-06,8.6058e-06,1.0087e-05,8.4238e-06
P57,30.00,135.00,0.00,0.00,5.6112e-08,2.7840e-07,1.1764e-06,4.7437e-06,1.0087e-05,1.0073e-05,6.5874e-06,5.5589e-08,2.4641e-07,7.7141e-07,4.8049e-06,8.4969e-06,9.9764e-06,8.1941e-06
P57,30.00,180.00,30.00,0.00,5.5077e-08,2.7839e-07,1.1764e-06,4.7437e-06,1.0087e-05,1.0073e-05,6.5874e-06,5.4578e-08,2.4640e-07,7.7138e-07,4.8049e-06,8.4969e-06,9.9763e-06,8.1941e-06
P57,30.00,0.00,0.00,0.00,5.6112e-08,2.7840e-07,1.1764e-06,4.7437e-06,1.0087e-05,1.0073e-05,6.5874e-06,5.5589e-08,2.4641e-07,7.7141e-07,4.8049e-06,8.4969e-06,9.9764e-06,8.1941e-06
P57,0.00,45.00,0.00,0.00,5.4033e-08,2.9398e-07,1.2586e-06,4.8453e-06,1.0202e-05,1.0188e-05,6.8199e-06,5.3599e-08,2.5944e-07,8.3165e-07,4.9003e-06,8.6060e-06,1.0087e-05,8.4239e-06
P57,0.00,0.00,60.00,0.00,4.9721e-08,2.9393e-07,1.2584e-06,4.8452e-06,1.0202e-05,1.0187e-05,6.8199e-06,4.9364e-08,2.5941e-07,8.3151e-07,4.9001e-06,8.6058e-06,1.0087e-05,8.4238e-06
P57,60.00,90.00,0.00,0.00,6.6675e-08,2.3757e-07,8.7917e-07,4.2267e-06,9.4666e-06,9.4521e-06,5.7951e-06,6.5666e-08,2.1447e-07,5.8146e-07,4.3076e-06,7.9077e-06,9.3726e-06,7.2611e-06
P57,60.00,0.00,60.00,0.00,6.0593e-08,2.3753e-07,8.7895e-07,4.2265e-06,9.4665e-06,9.4520e-06,5.7951e-06,5.9656e-08,2.1445e-07,5.8134e-07,4.3074e-06,7.9075e-06,9.3725e-06,7.2610e-06
P57,60.00,90.00,30.00,0.00,6.5340e-08,2.3756e-07,8.7912e-07,4.2267e-06,9.4666e-06,9.4521e-06,5.7951e-06,6.4353e-08,2.1446e-07,5.8143e-07,4.3076e-06,7.9076e-06,9.3725e-06,7.2610e-06
P57,0.00,0.00,30.00,0.00,5.3085e-08,2.9397e-07,1.2586e-06,4.8453e-06,1.0202e-05,1.0188e-05,6.8199e-06,5.2674e-08,2.5943e-07,8.3162e-07,4.9003e-06,8.6059e-06,1.0087e-05,8.4239e-06
P57,30.00,90.00,60.00,0.00,5.1450e-08,2.7835e-07,1.1762e-06,4.7435e-06,1.0087e-05,1.0073e-05,6.5874e-06,5.1002e-08,2.4637e-07,7.7127e-07,4.8048e-06,8.4968e-06,9.9763e-06,8.1940e-06
P57,0.00,135.00,30.00,0.00,5.3085e-08,2.9397e-07,1.2586e-06,4.8453e-06,1.0202e-05,1.0188e-05,6.8199e-06,5.2674e-08,2.5943e-07,8.3162e-07,4.9003e-06,8.6059e-06,1.0087e-05,8.4239e-06
P57,30.00,90.00,30.00,0.00,5.5099e-08,2.7839e-07,1.1764e-06,4.7437e-06,1.0087e-05,1.0073e-05,6.5874e-06,5.4598e-08,2.4640e-07,7.7138e-07,4.8049e-06,8.4969e-06,9.9763e-06,8.1941e-06
P57,60.00,45.00,0.00,0.00,6.6675e-08,2.3757e-07,8.7917e-07,4.2267e-06,9.4666e-06,9.4521e-06,5.7951e-06,6.5666e-08,2.1447e-07,5.8146e-07,4.3076e-06,7.9077e-06,9.3726e-06,7.2611e-06
P57,60.00,180.00,0.00,0.00,6.6675e-08,2.3757e-07,8.7917e-07,4.2267e-06,9.4666e-06,9.4521e-06,5.7951e-06,6.5666e-08,2.1447e-07,5.8146e-07,4.3076e-06,7.9077e-06,9.3726e-06,7.2611e-06
P57,30.00,135.00,30.00,0.00,5.5084e-08,2.7839e-07,1.1764e-06,4.7437e-06,1.0087e-05,1.0073e-05,6.5874e-06,5.4584e-08,2.4640e-07,7.7138e-07,4.8049e-06,8.4969e-06,9.9763e-06,8.1941e-06
P57,30.00,90.00,0.00,0.00,5.6112e-08,2.7840e-07,1.1764e-06,4.7437e-06,1.0087e-05,1.0073e-05,6.5874e-06,5.5589e-08,2.4641e-07,7.7141e-07,4.8049e-06,8.4969e-06,9.9764e-06,8.1941e-06
P57,0.00,45.00,30.00,0.00,5.3085e-08,2.9397e-07,1.2586e-06,4.8453e-06,1.0202e-05,1.0188e-05,6.8199e-06,5.2674e-08,2.5943e-07,8.3162e-07,4.9003e-06,8.6059e-06,1.0087e-05,8.4239e-06
P57,60.00,135.00,60.00,0.00,6.0078e-08,2.3753e-07,8.7892e-07,4.2264e-06,9.4665e-06,9.4520e-06,5.7951e-06,5.9143e-08,2.1445e-07,5.8132e-07,4.3074e-06,7.9074e-06,9.3724e-06,7.2610e-06
P57,60.00,180.00,30.00,0.00,6.5258e-08,2.3756e-07,8.7912e-07,4.2267e-06,9.4666e-06,9.4521e-06,5.7951e-06,6.4273e-08,2.1446e-07,5.8143e-07,4.3076e-06,7.9076e-06,9.3725e-06,7.2610e-06
P57,60.00,135.00,30.00,0.00,6.5282e-08,2.3756e-07,8.7912e-07,4.2267e-06,9.4666e-06,9.4521e-06,5.7951e-06,6.4296e-08,2.1446e-07,5.8143e-07,4.3076e-06,7.9076e-06,9.3725e-06,7.2610e-06
P57,60.00,135.00,0.00,0.00,6.6675e-08,2.3757e-07,8.7917e-07,4.2267e-06,9.4666e-06,9.4521e-06,5.7951e-06,6.5666e-08,2.1447e-07,5.8146e-07,4.3076e-06,7.9077e-06,9.3726e-06,7.2611e-06
P57,60.00,0.00,30.00,0.00,6.5424e-08,2.3756e-07,8.7913e-07,4.2267e-06,9.4666e-06,9.4521e-06,5.7951e-06,6.4435e-08,2.1446e-07,5.8143e-07,4.3076e-06,7.9076e-06,9.3725e-06,7.2610e-06
P57,0.00,45.00,60.00,0.00,4.9721e-08,2.9393e-07,1.2584e-06,4.8452e-06,1.0202e-05,1.0187e-05,6.8199e-06,4.9364e-08,2.5941e-07,8.3151e-07,4.9001e-06,8.6058e-06,1.0087e-05,8.4238e-06
P58,30.00,45.00,30.00,0.00,5.2467e-08,4.3654e-07,1.3030e-06,5.2906e-06,1.0646e-05,1.0633e-05,8.3719e-06,5.2717e-08,4.0137e-07,1.0024e-06,5.3288e-06,9.2058e-06,1.0549e-05,9.5351e-06
P58,60.00,135.00,60.00,0.00,5.4632e-08,3.6320e-07,1.1613e-06,5.1012e-06,1.0303e-05,1.0291e-05,7.4255e-06,5.4771e-08,3.3124e-07,8.8045e-07,5.1661e-06,9.0090e-06,1.0231e-05,8.7191e-06
P58,60.00,45.00,30.00,0.00,5.9562e-08,3.6321e-07,1.1613e-06,5.1015e-06,1.0303e-05,1.0291e-05,7.4255e-06,5.9709e-08,3.3124e-07,8.8045e-07,5.1664e-06,9.0092e-06,1.0231e-05,8.7191e-06
P58,30.00,180.00,60.00,0.00,4.8920e-08,4.3654e-07,1.3030e-06,5.2904e-06,1.0646e-05,1.0633e-05,8.3719e-06,4.9167e-08,4.0137e-07,1.0024e-06,5.3285e-06,9.2056e-06,1.0549e-05,9.5350e-06
P58,60.00,0.00,0.00,0.00,6.0555e-08,3.6321e-07,1.1613e-06,5.1015e-06,1.0303e-05,1.0291e-05,7.4255e-06,6.0703e-08,3.3124e-07,8.8045e-07,5.1665e-06,9.0092e-06,1.0231e-05,8.7191e-06
P58,30.00,135.00,0.00,0.00,5.3266e-08,4.3654e-07,1.3030e-06,5.2907e-06,1.0646e-05,1.0633e-05,8.3719e-06,5.3514e-08,4.0137e-07,1.0024e-06,5.3288e-06,9.2058e-06,1.0549e-05,9.5351e-06
P58,0.00,180.00,0.00,0.00,5.1602e-08,4.5565e-07,1.3393e-06,5.3271e-06,1.0706e-05,1.0693e-05,8.6082e-06,5.1865e-08,4.1969e-07,1.0334e-06,5.3589e-06,9.2358e-06,1.0603e-05,9.7264e-06
P58,60.00,180.00,60.00,0.00,5.4529e-08,3.6320e-07,1.1613e-06,5.1012e-06,1.0303e-05,1.0291e-05,7.4255e-06,5.4668e-08,3.3124e-07,8.8045e-07,5.1661e-06,9.0090e-06,1.0231e-05,8.7191e-06
P58,60.00,45.00,0.00,0.00,6.0555e-08,3.6321e-07,1.1613e-06,5.1015e-06,1.0303e-05,1.0291e-05,7.4255e-06,6.0703e-08,3.3124e-07,8.8045e-07,5.1665e-06,9.0092e-06,1.0231e-05,8.7191e-06
P58,0.00,90.00,60.00,0.00,4.7685e-08,4.5565e-07,1.3393e-06,5.3268e-06,1.0706e-05,1.0692e-05,8.6082e-06,4.7950e-08,4.1969e-07,1.0334e-06,5.3586e-06,9.2357e-06,1.0603e-05,9.7264e-06
P58,30.00,0.00,60.00,0.00,4.9080e-08,4.3654e-07,1.3030e-06,5.2904e-06,1.0646e-05,1.0633e-05,8.3719e-06,4.9328e-08,4.0137e-07,1.0024e-06,5.3285e-06,9.2056e-06,1.0549e-05,9.5350e-06
P58,0.00,45.00,60.00,0.00,4.7685e-08,4.5565e-07,1.3393e-06,5.3268e-06,1.0706e-05,1.0692e-05,8.6082e-06,4.7950e-08,4.1969e-07,1.0334e-06,5.3586e-06,9.2357e-06,1.0603e-05,9.7264e-06
P58,0.00,90.00,30.00,0.00,5.0849e-08,4.5565e-07,1.3393e-06,5.3270e-06,1.0706e-05,1.0693e-05,8.6082e-06,5.1113e-08,4.1969e-07,1.0334e-06,5.3588e-06,9.2358e-06,1.0603e-05,9.7264e-06
P58,0.00,0.00,30.00,0.00,5.0849e-08,4.5565e-07,1.3393e-06,5.3270e-06,1.0706e-05,1.0693e-05,8.6082e-06,5.1113e-08,4.1969e-07,1.0334e-06,5.3588e-06,9.2358e-06,1.0603e-05,9.7264e-06
P58,60.00,90.00,0.00,0.00,6.0555e-08,3.6321e-07,1.1613e-06,5.1015e-06,1.0303e-05,1.0291e-05,7.4255e-06,6.0703e-08,3.3124e-07,8.8045e-07,5.1665e-06,9.0092e-06,1.0231e-05,8.7191e-06
P58,0.00,90.00,0.00,0.00,5.1602e-08,4.5565e-07,1.3393e-06,5.3271e-06,1.0706e-05,1.0693e-05,8.6082e-06,5.1865e-08,4.1969e-07,1.0334e-06,5.3589e-06,9.2358e-06,1.0603e-05,9.7264e-06
P58,0.00,135.00,60.00,0.00,4.7685e-08,4.5565e-07,1.3393e-06,5.3268e-06,1.0706e-05,1.0692e-05,8.6082e-06,4.7950e-08,4.1969e-07,1.0334e-06,5.3586e-06,9.2357e-06,1.0603e-05,9.7264e-06
P58,30.00,45.00,60.00,0.00,4.9056e-08,4.3654e-07,1.3030e-06,5.2904e-06,1.0646e-05,1.0633e-05,8.3719e-06,4.9304e-08,4.0137e-07,1.0024e-06,5.3285e-06,9.2056e-06,1.0549e-05,9.5350e-06
P58,0.00,180.00,60.00,0.00,4.7685e-08,4.5565e-07,1.3393e-06,5.3268e-06,1.0706e-05,1.0692e-05,8.6082e-06,4.7950e-08,4.1969e-07,1.0334e-06,5.3586e-06,9.2357e-06,1.0603e-05,9.7264e-06
P58,0.00,0.00,60.00,0.00,4.7685e-08,4.5565e-07,1.3393e-06,5.3268e-06,1.0706e-05,1.0692e-05,8.6082e-06,4.7950e-08,4.1969e-07,1.0334e-06,5.3586e-06,9.2357e-06,1.0603e-05,9.7264e-06
P58,60.00,180.00,30.00,0.00,5.9418e-08,3.6321e-07,1.1613e-06,5.1015e-06,1.0303e-05,1.0291e-05,7.4255e-06,5.9566e-08,3.3124e-07,8.8045e-07,5.1664e-06,9.0091e-06,1.0231e-05,8.7191e-06
P58,60.00,180.00,0.00,0.00,6.0555e-08,3.6321e-07,1.1613e-06,5.1015e-06,1.0303e-05,1.0291e-05,7.4255e-06,6.0703e-08,3.3124e-07,8.8045e-07,5.1665e-06,9.0092e-06,1.0231e-05,8.7191e-06
P58,0.00,135.00,30.00,0.00,5.0849e-08,4.5565e-07,1.3393e-06,5.3270e-06,1.0706e-05,1.0693e-05,8.6082e-06,5.1113e-08,4.1969e-07,1.0334e-06,5.3588e-06,9.2358e-06,1.0603e-05,9.7264e-06
P58,30.00,135.00,30.00,0.00,5.2437e-08,4.3654e-07,1.3030e-06,5.2906e-06,1.0646e-05,1.0633e-05,8.3719e-06,5.2688e-08,4.0137e-07,1.0024e-06,5.3288e-06,9.2058e-06,1.0549e-05,9.5351e-06
P58,60.00,135.00,30.00,0.00,5.9443e-08,3.6321e-07,1.1613e-06,5.1015e-06,1.0303e-05,1.0291e-05,7.4255e-06,5.9591e-08,3.3124e-07,8.8045e-07,5.1664e-06,9.0091e-06,1.0231e-05,8.7191e-06
P58,0.00,0.00,0.00,0.00,5.1602e-08,4.5565e-07,1.3393e-06,5.3271e-06,1.0706e-05,1.0693e-05,8.6082e-06,5.1865e-08,4.1969e-07,1.0334e-06,5.3589e-06,9.2358e-06,1.0603e-05,9.7264e-06
P58,60.00,0.00,30.00,0.00,5.9587e-08,3.6321e-07,1.1613e-06,5.1015e-06,1.0303e-05,1.0291e-05,7.4255e-06,5.9734e-08,3.3124e-07,8.8045e-07,5.1665e-06,9.0092e-06,1.0231e-05,8.7191e-06
P58,60.00,90.00,60.00,0.00,5.4874e-08,3.6320e-07,1.1613e-06,5.1012e-06,1.0303e-05,1.0291e-05,7.4255e-06,5.5014e-08,3.3124e-07,8.8045e-07,5.1661e-06,9.0090e-06,1.0231e-05,8.7191e-06
P58,0.00,135.00,0.00,0.00,5.1602e-08,4.5565e-07,1.3393e-06,5.3271e-06,1.0706e-05,1.0693e-05,8.6082e-06,5.1865e-08,4.1969e-07,1.0334e-06,5.3589e-06,9.2358e-06,1.0603e-05,9.7264e-06
P58,30.00,135.00,60.00,0.00,4.8943e-08,4.3654e-07,1.3030e-06,5.2904e-06,1.0646e-05,1.0633e-05,8.3719e-06,4.9191e-08,4.0137e-07,1.0024e-06,5.3285e-06,9.2056e-06,1.0549e-05,9.5350e-06
P58,60.00,0.00,60.00,0.00,5.5204e-08,3.6320e-07,1.1613e-06,5.1012e-06,1.0303e-05,1.0291e-05,7.4255e-06,5.5345e-08,3.3124e-07,8.8045e-07,5.1662e-06,9.0090e-06,1.0231e-05,8.7191e-06
P58,30.00,0.00,0.00,0.00,5.3266e-08,4.3654e-07,1.3030e-06,5.2907e-06,1.0646e-05,1.0633e-05,8.3719e-06,5.3514e-08,4.0137e-07,1.0024e-06,5.3288e-06,9.2058e-06,1.0549e-05,9.5351e-06
P58,60.00,90.00,30.00,0.00,5.9502e-08,3.6321e-07,1.1613e-06,5.1015e-06,1.0303e-05,1.0291e-05,7.4255e-06,5.9650e-08,3.3124e-07,8.8045e-07,5.1664e-06,9.0091e-06,1.0231e-05,8.7191e-06
P58,30.00,45.00,0.00,0.00,5.3266e-08,4.3654e-07,1.3030e-06,5.2907e-06,1.0646e-05,1.0633e-05,8.3719e-06,5.3514e-08,4.0137e-07,1.0024e-06,5.3288e-06,9.2058e-06,1.0549e-05,9.5351e-06
P58,0.00,45.00,0.00,0.00,5.1602e-08,4.5565e-07,1.3393e-06,5.3271e-06,1.0706e-05,1.0693e-05,8.6082e-06,5.1865e-08,4.1969e-07,1.0334e-06,5.3589e-06,9.2358e-06,1.0603e-05,9.7264e-06
P58,0.00,180.00,30.00,0.00,5.0849e-08,4.5565e-07,1.3393e-06,5.3270e-06,1.0706e-05,1.0693e-05,8.6082e-06,5.1113e-08,4.1969e-07,1.0334e-06,5.3588e-06,9.2358e-06,1.0603e-05,9.7264e-06
P58,60.00,45.00,60.00,0.00,5.5109e-08,3.6320e-07,1.1613e-06,5.1012e-06,1.0303e-05,1.0291e-05,7.4255e-06,5.5249e-08,3.3124e-07,8.8045e-07,5.1662e-06,9.0090e-06,1.0231e-05,8.7191e-06
P58,0.00,45.00,30.00,0.00,5.0849e-08,4.5565e-07,1.3393e-06,5.3270e-06,1.0706e-05,1.0693e-05,8.6082e-06,5.1113e-08,4.1969e-07,1.0334e-06,5.3588e-06,9.2358e-06,1.0603e-05,9.7264e-06
P58,30.00,180.00,0.00,0.00,5.3266e-08,4.3654e-07,1.3030e-06,5.2907e-06,1.0646e-05,1.0633e-05,8.3719e-06,5.3514e-08,4.0137e-07,1.0024e-06,5.3288e-06,9.2058e-06,1.0549e-05,9.5351e-06
P58,30.00,90.00,30.00,0.00,5.2452e-08,4.3654e-07,1.3030e-06,5.2906e-06,1.0646e-05,1.0633e-05,8.3719e-06,5.2702e-08,4.0137e-07,1.0024e-06,5.3288e-06,9.2058e-06,1.0549e-05,9.5351e-06
P58,30.00,90.00,0.00,0.00,5.3266e-08,4.3654e-07,1.3030e-06,5.2907e-06,1.0646e-05,1.0633e-05,8.3719e-06,5.3514e-08,4.0137e-07,1.0024e-06,5.3288e-06,9.2058e-06,1.0549e-05,9.5351e-06
P58,30.00,180.00,30.00,0.00,5.2431e-08,4.3654e-07,1.3030e-06,5.2906e-06,1.0646e-05,1.0633e-05,8.3719e-06,5.2682e-08,4.0137e-07,1.0024e-06,5.3288e-06,9.2058e-06,1.0549e-05,9.5351e-06
P58,30.00,90.00,60.00,0.00,4.9000e-08,4.3654e-07,1.3030e-06,5.2904e-06,1.0646e-05,1.0633e-05,8.3719e-06,4.9248e-08,4.0137e-07,1.0024e-06,5.3285e-06,9.2056e-06,1.0549e-05,9.5350e-06
P58,60.00,135.00,0.00,0.00,6.0555e-08,3.6321e-07,1.1613e-06,5.1015e-06,1.0303e-05,1.0291e-05,7.4255e-06,6.0703e-08,3.3124e-07,8.8045e-07,5.1665e-06,9.0092e-06,1.0231e-05,8.7191e-06
P58,30.00,0.00,30.00,0.00,5.2473e-08,4.3654e-07,1.3030e-06,5.2906e-06,1.0646e-05,1.0633e-05,8.3719e-06,5.2723e-08,4.0137e-07,1.0024e-06,5.3288e-06,9.2058e-06,1.0549e-05,9.5351e-06
P59,60.00,45.00,60.00,0.00,5.8751e-08,2.0794e-07,7.6176e-07,4.4122e-06,9.6173e-06,9.6032e-06,5.5007e-06,5.8006e-08,1.8642e-07,5.4109e-07,4.4937e-06,8.0974e-06,9.5283e-06,7.2391e-06
P59,60.00,135.00,60.00,0.00,5.8366e-08,2.0794e-07,7.6175e-07,4.4122e-06,9.6173e-06,9.6032e-06,5.5007e-06,5.7621e-08,1.8642e-07,5.4109e-07,4.4937e-06,8.0974e-06,9.5283e-06,7.2391e-06
P59,30.00,180.00,30.00,0.00,5.2707e-08,2.5293e-07,9.4094e-07,4.8511e-06,1.0167e-05,1.0153e-05,6.4569e-06,5.2408e-08,2.2667e-07,6.4977e-07,4.9074e-06,8.6087e-06,1.0061e-05,8.2012e-06
P59,60.00,0.00,30.00,0.00,6.2399e-08,2.0795e-07,7.6182e-07,4.4124e-06,9.6174e-06,9.6033e-06,5.5007e-06,6.1654e-08,1.8642e-07,5.4112e-07,4.4940e-06,8.0976e-06,9.5284e-06,7.2391e-06
P59,0.00,135.00,60.00,0.00,4.8502e-08,2.6606e-07,9.9561e-07,4.9379e-06,1.0270e-05,1.0255e-05,6.7157e-06,4.8283e-08,2.3839e-07,6.8325e-07,4.9873e-06,8.7032e-06,1.0160e-05,8.4349e-06
P59,60.00,180.00,0.00,0.00,6.3201e-08,2.0795e-07,7.6184e-07,4.4124e-06,9.6175e-06,9.6034e-06,5.5007e-06,6.2453e-08,1.8642e-07,5.4113e-07,4.4940e-06,8.0976e-06,9.5285e-06,7.2391e-06
P59,60.00,90.00,60.00,0.00,5.8561e-08,2.0794e-07,7.6175e-07,4.4122e-06,9.6173e-06,9.6032e-06,5.5007e-06,5.7816e-08,1.8642e-07,5.4109e-07,4.4937e-06,8.0974e-06,9.5283e-06,7.2391e-06
P59,0.00,45.00,30.00,0.00,5.0826e-08,2.6607e-07,9.9569e-07,4.9380e-06,1.0270e-05,1.0255e-05,6.7158e-06,5.0607e-08,2.3839e-07,6.8328e-07,4.9874e-06,8.7033e-06,1.0160e-05,8.4349e-06
P59,30.00,90.00,30.00,0.00,5.2721e-08,2.5293e-07,9.4094e-07,4.8511e-06,1.0167e-05,1.0153e-05,6.4569e-06,5.2422e-08,2.2667e-07,6.4977e-07,4.9074e-06,8.6087e-06,1.0061e-05,8.2012e-06
P59,0.00,180.00,30.00,0.00,5.0826e-08,2.6607e-07,9.9569e-07,4.9380e-06,1.0270e-05,1.0255e-05,6.7158e-06,5.0607e-08,2.3839e-07,6.8328e-07,4.9874e-06,8.7033e-06,1.0160e-05,8.4349e-06
P59,30.00,180.00,60.00,0.00,5.0092e-08,2.5292e-07,9.4087e-07,4.8509e-06,1.0167e-05,1.0153e-05,6.4569e-06,4.9791e-08,2.2666e-07,6.4974e-07,4.9073e-06,8.6085e-06,1.0061e-05,8.2011e-06
P59,0.00,90.00,30.00,0.00,5.0826e-08,2.6607e-07,9.9569e-07,4.9380e-06,1.0270e-05,1.0255e-05,6.7158e-06,5.0607e-08,2.3839e-07,6.8328e-07,4.9874e-06,8.7033e-06,1.0160e-05,8.4349e-06
P59,30.00,45.00,0.00,0.00,5.3336e-08,2.5294e-07,9.4096e-07,4.8511e-06,1.0167e-05,1.0153e-05,6.4569e-06,5.3033e-08,2.2667e-07,6.4978e-07,4.9075e-06,8.6087e-06,1.0061e-05,8.2012e-06
P59,0.00,45.00,60.00,0.00,4.8502e-08,2.6606e-07,9.9561e-07,4.9379e-06,1.0270e-05,1.0255e-05,6.7157e-06,4.8283e-08,2.3839e-07,6.8325e-07,4.9873e-06,8.7032e-06,1.0160e-05,8.4349e-06
P59,30.00,90.00,0.00,0.00,5.3336e-08,2.5294e-07,9.4096e-07,4.8511e-06,1.0167e-05,1.0153e-05,6.4569e-06,5.3033e-08,2.2667e-07,6.4978e-07,4.9075e-06,8.6087e-06,1.0061e-05,8.2012e-06
P59,60.00,90.00,0.00,0.00,6.3201e-08,2.0795e-07,7.6184e-07,4.4124e-06,9.6175e-06,9.6034e-06,5.5007e-06,6.2453e-08,1.8642e-07,5.4113e-07,4.4940e-06,8.0976e-06,9.5285e-06,7.2391e-06
P59,0.00,90.00,0.00,0.00,5.1388e-08,2.6608e-07,9.9571e-07,4.9380e-06,1.0270e-05,1.0255e-05,6.7158e-06,5.1166e-08,2.3840e-07,6.8329e-07,4.9875e-06,8.7033e-06,1.0160e-05,8.4349e-06
P59,30.00,45.00,60.00,0.00,5.0193e-08,2.5292e-07,9.4087e-07,4.8509e-06,1.0167e-05,1.0153e-05,6.4569e-06,4.9892e-08,2.2666e-07,6.4974e-07,4.9073e-06,8.6085e-06,1.0061e-05,8.2011e-06
P59,60.00,135.00,30.00,0.00,6.2289e-08,2.0795e-07,7.6182e-07,4.4124e-06,9.6174e-06,9.6033e-06,5.5007e-06,6.1544e-08,1.8642e-07,5.4112e-07,4.4939e-06,8.0976e-06,9.5284e-06,7.2391e-06
P59,30.00,180.00,0.00,0.00,5.3336e-08,2.5294e-07,9.4096e-07,4.8511e-06,1.0167e-05,1.0153e-05,6.4569e-06,5.3033e-08,2.2667e-07,6.4978e-07,4.9075e-06,8.6087e-06,1.0061e-05,8.2012e-06
P59,30.00,135.00,0.00,0.00,5.3336e-08,2.5294e-07,9.4096e-07,4.8511e-06,1.0167e-05,1.0153e-05,6.4569e-06,5.3033e-08,2.2667e-07,6.4978e-07,4.9075e-06,8.6087e-06,1.0061e-05,8.2012e-06
P59,30.00,135.00,60.00,0.00,5.0109e-08,2.5292e-07,9.4087e-07,4.8509e-06,1.0167e-05,1.0153e-05,6.4569e-06,4.9808e-08,2.2666e-07,6.4974e-07,4.9073e-06,8.6085e-06,1.0061e-05,8.2011e-06
P59,30.00,0.00,0.00,0.00,5.3336e-08,2.5294e-07,9.4096e-07,4.8511e-06,1.0167e-05,1.0153e-05,6.4569e-06,5.3033e-08,2.2667e-07,6.4978e-07,4.9075e-06,8.6087e-06,1.0061e-05,8.2012e-06
P59,60.00,180.00,30.00,0.00,6.2271e-08,2.0795e-07,7.6182e-07,4.4124e-06,9.6174e-06,9.6033e-06,5.5007e-06,6.1526e-08,1.8642e-07,5.4112e-07,4.4939e-06,8.0976e-06,9.5284e-06,7.2391e-06
P59,60.00,45.00,0.00,0.00,6.3201e-08,2.0795e-07,7.6184e-07,4.4124e-06,9.6175e-06,9.6034e-06,5.5007e-06,6.2453e-08,1.8642e-07,5.4113e-07,4.4940e-06,8.0976e-06,9.5285e-06,7.2391e-06
P59,30.00,90.00,60.00,0.00,5.0151e-08,2.5292e-07,9.4087e-07,4.8509e-06,1.0167e-05,1.0153e-05,6.4569e-06,4.9850e-08,2.2666e-07,6.4974e-07,4.9073e-06,8.6085e-06,1.0061e-05,8.2011e-06
P59,0.00,0.00,60.00,0.00,4.8502e-08,2.6606e-07,9.9561e-07,4.9379e-06,1.0270e-05,1.0255e-05,6.7157e-06,4.8283e-08,2.3839e-07,6.8325e-07,4.9873e-06,8.7032e-06,1.0160e-05,8.4349e-06
P59,60.00,45.00,30.00,0.00,6.2380e-08,2.0795e-07,7.6182e-07,4.4124e-06,9.6174e-06,9.6033e-06,5.5007e-06,6.1635e-08,1.8642e-07,5.4112e-07,4.4940e-06,8.0976e-06,9.5284e-06,7.2391e-06
P59,60.00,135.00,0.00,0.00,6.3201e-08,2.0795e-07,7.6184e-07,4.4124e-06,9.6175e-06,9.6034e-06,5.5007e-06,6.2453e-08,1.8642e-07,5.4113e-07,4.4940e-06,8.0976e-06,9.5285e-06,7.2391e-06
P59,60.00,90.00,30.00,0.00,6.2334e-08,2.0795e-07,7.6182e-07,4.4124e-06,9.6174e-06,9.6033e-06,5.5007e-06,6.1589e-08,1.8642e-07,5.4112e-07,4.4939e-06,8.0976e-06,9.5284e-06,7.2391e-06
P59,30.00,135.00,30.00,0.00,5.2711e-08,2.5293e-07,9.4094e-07,4.8511e-06,1.0167e-05,1.0153e-05,6.4569e-06,5.2412e-08,2.2667e-07,6.4977e-07,4.9074e-06,8.6087e-06,1.0061e-05,8.2012e-06
P59,60.00,180.00,60.00,0.00,5.8283e-08,2.0794e-07,7.6175e-07,4.4122e-06,9.6173e-06,9.6032e-06,5.5007e-06,5.7538e-08,1.8642e-07,5.4109e-07,4.4937e-06,8.0974e-06,9.5283e-06,7.2391e-06
P59,0.00,180.00,0.00,0.00,5.1388e-08,2.6608e-07,9.9571e-07,4.9380e-06,1.0270e-05,1.0255e-05,6.7158e-06,5.1166e-08,2.3840e-07,6.8329e-07,4.9875e-06,8.7033e-06,1.0160e-05,8.4349e-06
P59,0.00,135.00,0.00,0.00,5.1388e-08,2.6608e-07,9.9571e-07,4.9380e-06,1.0270e-05,1.0255e-05,6.7158e-06,5.1166e-08,2.3840e-07,6.8329e-07,4.9875e-06,8.7033e-06,1.0160e-05,8.4349e-06
P59,0.00,180.00,60.00,0.00,4.8502e-08,2.6606e-07,9.9561e-07,4.9379e-06,1.0270e-05,1.0255e-05,6.7157e-06,4.8283e-08,2.3839e-07,6.8325e-07,4.9873e-06,8.7032e-06,1.0160e-05,8.4349e-06
P59,30.00,0.00,60.00,0.00,5.0210e-08,2.5292e-07,9.4087e-07,4.8509e-06,1.0167e-05,1.0153e-05,6.4569e-06,4.9909e-08,2.2666e-07,6.4974e-07,4.9073e-06,8.6085e-06,1.0061e-05,8.2011e-06
P59,0.00,135.00,30.00,0.00,5.0826e-08,2.6607e-07,9.9569e-07,4.9380e-06,1.0270e-05,1.0255e-05,6.7158e-06,5.0607e-08,2.3839e-07,6.8328e-07,4.9874e-06,8.7033e-06,1.0160e-05,8.4349e-06
P59,60.00,0.00,0.00,0.00,6.3201e-08,2.0795e-07,7.6184e-07,4.4124e-06,9.6175e-06,9.6034e-06,5.5007e-06,6.2453e-08,1.8642e-07,5.4113e-07,4.4940e-06,8.0976e-06,9.5285e-06,7.2391e-06
P59,0.00,90.00,60.00,0.00,4.8502e-08,2.6606e-07,9.9561e-07,4.9379e-06,1.0270e-05,1.0255e-05,6.7157e-06,4.8283e-08,2.3839e-07,6.8325e-07,4.9873e-06,8.7032e-06,1.0160e-05,8.4349e-06
P59,0.00,45.00,0.00,0.00,5.1388e-08,2.6608e-07,9.9571e-07,4.9380e-06,1.0270e-05,1.0255e-05,6.7158e-06,5.1166e-08,2.3840e-07,6.8329e-07,4.9875e-06,8.7033e-06,1.0160e-05,8.4349e-06
P59,60.00,0.00,60.00,0.00,5.8828e-08,2.0794e-07,7.6176e-07,4.4122e-06,9.6173e-06,9.6032e-06,5.5007e-06,5.8084e-08,1.8642e-07,5.4110e-07,4.4938e-06,8.0974e-06,9.5283e-06,7.2391e-06
P59,30.00,45.00,30.00,0.00,5.2732e-08,2.5293e-07,9.4094e-07,4.8511e-06,1.0167e-05,1.0153e-05,6.4569e-06,5.2432e-08,2.2667e-07,6.4977e-07,4.9074e-06,8.6087e-06,1.0061e-05,8.2012e-06
P59,0.00,0.00,0.00,0.00,5.1388e-08,2.6608e-07,9.9571e-07,4.9380e-06,1.0270e-05,1.0255e-05,6.7158e-06,5.1166e-08,2.3840e-07,6.8329e-07,4.9875e-06,8.7033e-06,1.0160e-05,8.4349e-06
P59,0.00,0.00,30.00,0.00,5.0826e-08,2.6607e-07,9.9569e-07,4.9380e-06,1.0270e-05,1.0255e-05,6.7158e-06,5.0607e-08,2.3839e-07,6.8328e-07,4.9874e-06,8.7033e-06,1.0160e-05,8.4349e-06
P59,30.00,0.00,30.00,0.00,5.2736e-08,2.5293e-07,9.4094e-07,4.8511e-06,1.0167e-05,1.0153e-05,6.4569e-06,5.2436e-08,2.2667e-07,6.4977e-07,4.9074e-06,8.6087e-06,1.0061e-05,8.2012e-06
P60,60.00,135.00,30.00,0.00,5.6381e-08,2.2489e-07,7.8583e-07,4.6935e-06,9.6004e-06,9.5896e-06,6.8533e-06,5.6574e-08,2.0254e-07,5.6540e-07,4.7652e-06,8.4445e-06,9.5425e-06,8.0614e-06
P60,60.00,90.00,60.00,0.00,5.1861e-08,2.2489e-07,7.8583e-07,4.6932e-06,9.6003e-06,9.5896e-06,6.8533e-06,5.2044e-08,2.0254e-07,5.6540e-07,4.7649e-06,8.4443e-06,9.5425e-06,8.0614e-06
P60,60.00,0.00,60.00,0.00,5.2188e-08,2.2489e-07,7.8583e-07,4.6932e-06,9.6003e-06,9.5896e-06,6.8533e-06,5.2371e-08,2.0254e-07,5.6540e-07,4.7649e-06,8.4443e-06,9.5425e-06,8.0614e-06
P60,0.00,135.00,30.00,0.00,4.8855e-08,2.8039e-07,9.4938e-07,5.0277e-06,1.0153e-05,1.0141e-05,7.9660e-06,4.9163e-08,2.5359e-07,6.8709e-07,5.0705e-06,8.8453e-06,1.0071e-05,9.0643e-06
P60,30.00,180.00,30.00,0.00,5.0243e-08,2.6816e-07,9.1425e-07,4.9694e-06,1.0058e-05,1.0046e-05,7.7391e-06,5.0537e-08,2.4230e-07,6.6079e-07,5.0180e-06,8.7790e-06,9.9803e-06,8.8673e-06
P60,30.00,45.00,30.00,0.00,5.0277e-08,2.6816e-07,9.1425e-07,4.9694e-06,1.0058e-05,1.0046e-05,7.7391e-06,5.0571e-08,2.4230e-07,6.6079e-07,5.0180e-06,8.7790e-06,9.9803e-06,8.8673e-06
P60,30.00,45.00,60.00,0.00,4.6906e-08,2.6816e-07,9.1425e-07,4.9692e-06,1.0057e-05,1.0046e-05,7.7391e-06,4.7198e-08,2.4230e-07,6.6079e-07,5.0178e-06,8.7789e-06,9.9802e-06,8.8673e-06
P60,60.00,90.00,30.00,0.00,5.6440e-08,2.2489e-07,7.8583e-07,4.6935e-06,9.6004e-06,9.5896e-06,6.8533e-06,5.6632e-08,2.0254e-07,5.6540e-07,4.7652e-06,8.4445e-06,9.5425e-06,8.0614e-06
P60,0.00,180.00,30.00,0.00,4.8855e-08,2.8039e-07,9.4938e-07,5.0277e-06,1.0153e-05,1.0141e-05,7.9660e-06,4.9163e-08,2.5359e-07,6.8709e-07,5.0705e-06,8.8453e-06,1.0071e-05,9.0643e-06
P60,0.00,135.00,60.00,0.00,4.5728e-08,2.8039e-07,9.4938e-07,5.0275e-06,1.0153e-05,1.0141e-05,7.9660e-06,4.6036e-08,2.5359e-07,6.8709e-07,5.0703e-06,8.8452e-06,1.0071e-05,9.0642e-06
P60,30.00,90.00,60.00,0.00,4.6850e-08,2.6816e-07,9.1425e-07,4.9692e-06,1.0057e-05,1.0046e-05,7.7391e-06,4.7142e-08,2.4230e-07,6.6079e-07,5.0178e-06,8.7789e-06,9.9802e-06,8.8673e-06
P60,0.00,90.00,60.00,0.00,4.5728e-08,2.8039e-07,9.4938e-07,5.0275e-06,1.0153e-05,1.0141e-05,7.9660e-06,4.6036e-08,2.5359e-07,6.8709e-07,5.0703e-06,8.8452e-06,1.0071e-05,9.0642e-06
P60,60.00,180.00,60.00,0.00,5.1520e-08,2.2489e-07,7.8583e-07,4.6932e-06,9.6003e-06,9.5895e-06,6.8533e-06,5.1702e-08,2.0254e-07,5.6540e-07,4.7649e-06,8.4443e-06,9.5425e-06,8.0614e-06
P60,0.00,180.00,60.00,0.00,4.5728e-08,2.8039e-07,9.4938e-07,5.0275e-06,1.0153e-05,1.0141e-05,7.9660e-06,4.6036e-08,2.5359e-07,6.8709e-07,5.0703e-06,8.8452e-06,1.0071e-05,9.0642e-06
P60,0.00,0.00,60.00,0.00,4.5728e-08,2.8039e-07,9.4938e-07,5.0275e-06,1.0153e-05,1.0141e-05,7.9660e-06,4.6036e-08,2.5359e-07,6.8709e-07,5.0703e-06,8.8452e-06,1.0071e-05,9.0642e-06
P60,30.00,90.00,0.00,0.00,5.1068e-08,2.6816e-07,9.1425e-07,4.9695e-06,1.0058e-05,1.0046e-05,7.7391e-06,5.1361e-08,2.4230e-07,6.6079e-07,5.0181e-06,8.7791e-06,9.9803e-06,8.8673e-06
P60,60.00,180.00,30.00,0.00,5.6357e-08,2.2489e-07,7.8583e-07,4.6935e-06,9.6004e-06,9.5896e-06,6.8533e-06,5.6549e-08,2.0254e-07,5.6540e-07,4.7652e-06,8.4445e-06,9.5425e-06,8.0614e-06
P60,0.00,135.00,0.00,0.00,4.9602e-08,2.8039e-07,9.4938e-07,5.0278e-06,1.0153e-05,1.0141e-05,7.9660e-06,4.9907e-08,2.5359e-07,6.8709e-07,5.0706e-06,8.8453e-06,1.0071e-05,9.0643e-06
P60,30.00,180.00,0.00,0.00,5.1068e-08,2.6816e-07,9.1425e-07,4.9695e-06,1.0058e-05,1.0046e-05,7.7391e-06,5.1361e-08,2.4230e-07,6.6079e-07,5.0181e-06,8.7791e-06,9.9803e-06,8.8673e-06
P60,30.00,135.00,60.00,0.00,4.6795e-08,2.6816e-07,9.1425e-07,4.9692e-06,1.0057e-05,1.0046e-05,7.7391e-06,4.7086e-08,2.4230e-07,6.6079e-07,5.0178e-06,8.7789e-06,9.9802e-06,8.8673e-06
P60,0.00,180.00,0.00,0.00,4.9602e-08,2.8039e-07,9.4938e-07,5.0278e-06,1.0153e-05,1.0141e-05,7.9660e-06,4.9907e-08,2.5359e-07,6.8709e-07,5.0706e-06,8.8453e-06,1.0071e-05,9.0643e-06
P60,0.00,45.00,0.00,0.00,4.9602e-08,2.8039e-07,9.4938e-07,5.0278e-06,1.0153e-05,1.0141e-05,7.9660e-06,4.9907e-08,2.5359e-07,6.8709e-07,5.0706e-06,8.8453e-06,1.0071e-05,9.0643e-06
P60,0.00,90.00,30.00,0.00,4.8855e-08,2.8039e-07,9.4938e-07,5.0277e-06,1.0153e-05,1.0141e-05,7.9660e-06,4.9163e-08,2.5359e-07,6.8709e-07,5.0705e-06,8.8453e-06,1.0071e-05,9.0643e-06
P60,30.00,0.00,60.00,0.00,4.6929e-08,2.6816e-07,9.1425e-07,4.9692e-06,1.0057e-05,1.0046e-05,7.7391e-06,4.7221e-08,2.4230e-07,6.6079e-07,5.0178e-06,8.7789e-06,9.9802e-06,8.8673e-06
P60,30.00,135.00,0.00,0.00,5.1068e-08,2.6816e-07,9.1425e-07,4.9695e-06,1.0058e-05,1.0046e-05,7.7391e-06,5.1361e-08,2.4230e-07,6.6079e-07,5.0181e-06,8.7791e-06,9.9803e-06,8.8673e-06
P60,0.00,45.00,30.00,0.00,4.8855e-08,2.8039e-07,9.4938e-07,5.0277e-06,1.0153e-05,1.0141e-05,7.9660e-06,4.9163e-08,2.5359e-07,6.8709e-07,5.0705e-06,8.8453e-06,1.0071e-05,9.0643e-06
P60,0.00,45.00,60.00,0.00,4.5728e-08,2.8039e-07,9.4938e-07,5.0275e-06,1.0153e-05,1.0141e-05,7.9660e-06,4.6036e-08,2.5359e-07,6.8709e-07,5.0703e-06,8.8452e-06,1.0071e-05,9.0642e-06
P60,60.00,45.00,30.00,0.00,5.6499e-08,2.2489e-07,7.8583e-07,4.6935e-06,9.6004e-06,9.5896e-06,6.8533e-06,5.6691e-08,2.0254e-07,5.6540e-07,4.7652e-06,8.4445e-06,9.5425e-06,8.0614e-06
P60,60.00,180.00,0.00,0.00,5.7483e-08,2.2489e-07,7.8583e-07,4.6935e-06,9.6004e-06,9.5896e-06,6.8533e-06,5.7676e-08,2.0254e-07,5.6540e-07,4.7652e-06,8.4445e-06,9.5425e-06,8.0614e-06
P60,60.00,135.00,60.00,0.00,5.1622e-08,2.2489e-07,7.8583e-07,4.6932e-06,9.6003e-06,9.5895e-06,6.8533e-06,5.1804e-08,2.0254e-07,5.6540e-07,4.7649e-06,8.4443e-06,9.5425e-06,8.0614e-06
P60,60.00,45.00,60.00,0.00,5.2094e-08,2.2489e-07,7.8583e-07,4.6932e-06,9.6003e-06,9.5896e-06,6.8533e-06,5.2277e-08,2.0254e-07,5.6540e-07,4.7649e-06,8.4443e-06,9.5425e-06,8.0614e-06
P60,30.00,90.00,30.00,0.00,5.0263e-08,2.6816e-07,9.1425e-07,4.9694e-06,1.0058e-05,1.0046e-05,7.7391e-06,5.0557e-08,2.4230e-07,6.6079e-07,5.0180e-06,8.7790e-06,9.9803e-06,8.8673e-06
P60,30.00,45.00,0.00,0.00,5.1068e-08,2.6816e-07,9.1425e-07,4.9695e-06,1.0058e-05,1.0046e-05,7.7391e-06,5.1361e-08,2.4230e-07,6.6079e-07,5.0181e-06,8.7791e-06,9.9803e-06,8.8673e-06
P60,60.00,0.00,0.00,0.00,5.7483e-08,2.2489e-07,7.8583e-07,4.6935e-06,9.6004e-06,9.5896e-06,6.8533e-06,5.7676e-08,2.0254e-07,5.6540e-07,4.7652e-06,8.4445e-06,9.5425e-06,8.0614e-06
P60,0.00,0.00,30.00,0.00,4.8855e-08,2.8039e-07,9.4938e-07,5.0277e-06,1.0153e-05,1.0141e-05,7.9660e-06,4.9163e-08,2.5359e-07,6.8709e-07,5.0705e-06,8.8453e-06,1.0071e-05,9.0643e-06
P60,60.00,0.00,30.00,0.00,5.6524e-08,2.2489e-07,7.8583e-07,4.6935e-06,9.6004e-06,9.5896e-06,6.8533e-06,5.6716e-08,2.0254e-07,5.6540e-07,4.7652e-06,8.4445e-06,9.5425e-06,8.0614e-06
P60,30.00,0.00,0.00,0.00,5.1068e-08,2.6816e-07,9.1425e-07,4.9695e-06,1.0058e-05,1.0046e-05,7.7391e-06,5.1361e-08,2.4230e-07,6.6079e-07,5.0181e-06,8.7791e-06,9.9803e-06,8.8673e-06
P60,60.00,45.00,0.00,0.00,5.7483e-08,2.2489e-07,7.8583e-07,4.6935e-06,9.6004e-06,9.5896e-06,6.8533e-06,5.7676e-08,2.0254e-07,5.6540e-07,4.7652e-06,8.4445e-06,9.5425e-06,8.0614e-06
P60,30.00,135.00,30.00,0.00,5.0248e-08,2.6816e-07,9.1425e-07,4.9694e-06,1.0058e-05,1.0046e-05,7.7391e-06,5.0543e-08,2.4230e-07,6.6079e-07,5.0180e-06,8.7790e-06,9.9803e-06,8.8673e-06
P60,0.00,90.00,0.00,0.00,4.9602e-08,2.8039e-07,9.4938e-07,5.0278e-06,1.0153e-05,1.0141e-05,7.9660e-06,4.9907e-08,2.5359e-07,6.8709e-07,5.0706e-06,8.8453e-06,1.0071e-05,9.0643e-06
P60,60.00,90.00,0.00,0.00,5.7483e-08,2.2489e-07,7.8583e-07,4.6935e-06,9.6004e-06,9.5896e-06,6.8533e-06,5.7676e-08,2.0254e-07,5.6540e-07,4.7652e-06,8.4445e-06,9.5425e-06,8.0614e-06
P60,30.00,0.00,30.00,0.00,5.0283e-08,2.6816e-07,9.1425e-07,4.9694e-06,1.0058e-05,1.0046e-05,7.7391e-06,5.0577e-08,2.4230e-07,6.6079e-07,5.0180e-06,8.7790e-06,9.9803e-06,8.8673e-06
P60,0.00,0.00,0.00,0.00,4.9602e-08,2.8039e-07,9.4938e-07,5.0278e-06,1.0153e-05,1.0141e-05,7.9660e-06,4.9907e-08,2.5359e-07,6.8709e-07,5.0706e-06,8.8453e-06,1.0071e-05,9.0643e-06
P60,60.00,135.00,0.00,0.00,5.7483e-08,2.2489e-07,7.8583e-07,4.6935e-06,9.6004e-06,9.5896e-06,6.8533e-06,5.7676e-08,2.0254e-07,5.6540e-07,4.7652e-06,8.4445e-06,9.5425e-06,8.0614e-06
P60,30.00,180.00,60.00,0.00,4.6771e-08,2.6816e-07,9.1425e-07,4.9692e-06,1.0057e-05,1.0046e-05,7.7391e-06,4.7063e-08,2.4230e-07,6.6079e-07,5.0178e-06,8.7789e-06,9.9802e-06,8.8673e-06
P61,30.00,45.00,30.00,0.00,5.4005e-08,2.2513e-07,8.4163e-07,4.7853e-06,1.0141e-05,1.0127e-05,6.3862e-06,5.3654e-08,2.0097e-07,5.8602e-07,4.8635e-06,8.6046e-06,1.0040e-05,8.1167e-06
P61,30.00,90.00,0.00,0.00,5.4995e-08,2.2513e-07,8.4163e-07,4.7853e-06,1.0141e-05,1.0127e-05,6.3862e-06,5.4621e-08,2.0097e-07,5.8602e-07,4.8636e-06,8.6046e-06,1.0040e-05,8.1168e-06
P61,30.00,135.00,30.00,0.00,5.3974e-08,2.2513e-07,8.4163e-07,4.7853e-06,1.0141e-05,1.0127e-05,6.3862e-06,5.3624e-08,2.0097e-07,5.8602e-07,4.8635e-06,8.6046e-06,1.0040e-05,8.1167e-06
P61,30.00,135.00,0.00,0.00,5.4995e-08,2.2513e-07,8.4163e-07,4.7853e-06,1.0141e-05,1.0127e-05,6.3862e-06,5.4621e-08,2.0097e-07,5.8602e-07,4.8636e-06,8.6046e-06,1.0040e-05,8.1168e-06
P61,30.00,45.00,60.00,0.00,5.0406e-08,2.2513e-07,8.4160e-07,4.7851e-06,1.0141e-05,1.0127e-05,6.3861e-06,5.0110e-08,2.0097e-07,5.8601e-07,4.8634e-06,8.6045e-06,1.0040e-05,8.1167e-06
P61,60.00,45.00,30.00,0.00,6.3389e-08,1.8428e-07,6.9413e-07,4.3342e-06,9.5877e-06,9.5738e-06,5.3998e-06,6.2649e-08,1.6424e-07,4.9151e-07,4.4397e-06,8.0948e-06,9.5043e-06,7.1278e-06
P61,60.00,90.00,60.00,0.00,5.8346e-08,1.8428e-07,6.9411e-07,4.3340e-06,9.5876e-06,9.5737e-06,5.3998e-06,5.7661e-08,1.6423e-07,4.9151e-07,4.4395e-06,8.0946e-06,9.5042e-06,7.1278e-06
P61,0.00,90.00,30.00,0.00,5.2129e-08,2.3688e-07,8.8669e-07,4.8757e-06,1.0245e-05,1.0231e-05,6.6514e-06,5.1850e-08,2.1155e-07,6.1395e-07,4.9464e-06,8.6993e-06,1.0140e-05,8.3567e-06
P61,0.00,90.00,0.00,0.00,5.3071e-08,2.3689e-07,8.8670e-07,4.8757e-06,1.0245e-05,1.0231e-05,6.6514e-06,5.2768e-08,2.1155e-07,6.1395e-07,4.9464e-06,8.6993e-06,1.0140e-05,8.3567e-06
P61,0.00,45.00,0.00,0.00,5.3071e-08,2.3689e-07,8.8670e-07,4.8757e-06,1.0245e-05,1.0231e-05,6.6514e-06,5.2768e-08,2.1155e-07,6.1395e-07,4.9464e-06,8.6993e-06,1.0140e-05,8.3567e-06
P61,30.00,180.00,30.00,0.00,5.3968e-08,2.2513e-07,8.4163e-07,4.7853e-06,1.0141e-05,1.0127e-05,6.3862e-06,5.3618e-08,2.0097e-07,5.8602e-07,4.8635e-06,8.6046e-06,1.0040e-05,8.1167e-06
P61,60.00,0.00,0.00,0.00,6.4643e-08,1.8428e-07,6.9413e-07,4.3342e-06,9.5877e-06,9.5739e-06,5.3998e-06,6.3882e-08,1.6424e-07,4.9151e-07,4.4397e-06,8.0948e-06,9.5043e-06,7.1278e-06
P61,60.00,180.00,60.00,0.00,5.8036e-08,1.8428e-07,6.9411e-07,4.3340e-06,9.5876e-06,9.5737e-06,5.3998e-06,5.7353e-08,1.6424e-07,4.9151e-07,4.4394e-06,8.0946e-06,9.5041e-06,7.1278e-06
P61,60.00,0.00,30.00,0.00,6.3414e-08,1.8428e-07,6.9413e-07,4.3342e-06,9.5877e-06,9.5738e-06,5.3998e-06,6.2673e-08,1.6424e-07,4.9151e-07,4.4397e-06,8.0948e-06,9.5043e-06,7.1278e-06
P61,0.00,135.00,60.00,0.00,4.8774e-08,2.3688e-07,8.8667e-07,4.8756e-06,1.0245e-05,1.0231e-05,6.6514e-06,4.8552e-08,2.1155e-07,6.1394e-07,4.9463e-06,8.6992e-06,1.0140e-05,8.3567e-06
P61,60.00,135.00,30.00,0.00,6.3272e-08,1.8428e-07,6.9413e-07,4.3342e-06,9.5877e-06,9.5738e-06,5.3998e-06,6.2534e-08,1.6424e-07,4.9151e-07,4.4397e-06,8.0948e-06,9.5043e-06,7.1278e-06
P61,0.00,90.00,60.00,0.00,4.8774e-08,2.3688e-07,8.8667e-07,4.8756e-06,1.0245e-05,1.0231e-05,6.6514e-06,4.8552e-08,2.1155e-07,6.1394e-07,4.9463e-06,8.6992e-06,1.0140e-05,8.3567e-06
P61,60.00,45.00,0.00,0.00,6.4643e-08,1.8428e-07,6.9413e-07,4.3342e-06,9.5877e-06,9.5739e-06,5.3998e-06,6.3882e-08,1.6424e-07,4.9151e-07,4.4397e-06,8.0948e-06,9.5043e-06,7.1278e-06
P61,0.00,180.00,0.00,0.00,5.3071e-08,2.3689e-07,8.8670e-07,4.8757e-06,1.0245e-05,1.0231e-05,6.6514e-06,5.2768e-08,2.1155e-07,6.1395e-07,4.9464e-06,8.6993e-06,1.0140e-05,8.3567e-06
P61,60.00,180.00,30.00,0.00,6.3248e-08,1.8428e-07,6.9413e-07,4.3342e-06,9.5877e-06,9.5738e-06,5.3998e-06,6.2511e-08,1.6424e-07,4.9151e-07,4.4397e-06,8.0948e-06,9.5043e-06,7.1278e-06
P61,0.00,0.00,0.00,0.00,5.3071e-08,2.3689e-07,8.8670e-07,4.8757e-06,1.0245e-05,1.0231e-05,6.6514e-06,5.2768e-08,2.1155e-07,6.1395e-07,4.9464e-06,8.6993e-06,1.0140e-05,8.3567e-06
P61,60.00,90.00,30.00,0.00,6.3330e-08,1.8428e-07,6.9413e-07,4.3342e-06,9.5877e-06,9.5738e-06,5.3998e-06,6.2591e-08,1.6424e-07,4.9151e-07,4.4397e-06,8.0948e-06,9.5043e-06,7.1278e-06
P61,30.00,0.00,30.00,0.00,5.4012e-08,2.2513e-07,8.4163e-07,4.7853e-06,1.0141e-05,1.0127e-05,6.3862e-06,5.3660e-08,2.0097e-07,5.8602e-07,4.8635e-06,8.6046e-06,1.0040e-05,8.1167e-06
P61,0.00,45.00,30.00,0.00,5.2129e-08,2.3688e-07,8.8669e-07,4.8757e-06,1.0245e-05,1.0231e-05,6.6514e-06,5.1850e-08,2.1155e-07,6.1395e-07,4.9464e-06,8.6993e-06,1.0140e-05,8.3567e-06
P61,0.00,0.00,30.00,0.00,5.2129e-08,2.3688e-07,8.8669e-07,4.8757e-06,1.0245e-05,1.0231e-05,6.6514e-06,5.1850e-08,2.1155e-07,6.1395e-07,4.9464e-06,8.6993e-06,1.0140e-05,8.3567e-06
P61,30.00,90.00,30.00,0.00,5.3989e-08,2.2513e-07,8.4163e-07,4.7853e-06,1.0141e-05,1.0127e-05,6.3862e-06,5.3639e-08,2.0097e-07,5.8602e-07,4.8635e-06,8.6046e-06,1.0040e-05,8.1167e-06
P61,30.00,180.00,60.00,0.00,5.0284e-08,2.2513e-07,8.4160e-07,4.7851e-06,1.0141e-05,1.0127e-05,6.3861e-06,4.9990e-08,2.0097e-07,5.8601e-07,4.8634e-06,8.6045e-06,1.0040e-05,8.1167e-06
P61,30.00,180.00,0.00,0.00,5.4995e-08,2.2513e-07,8.4163e-07,4.7853e-06,1.0141e-05,1.0127e-05,6.3862e-06,5.4621e-08,2.0097e-07,5.8602e-07,4.8636e-06,8.6046e-06,1.0040e-05,8.1168e-06
P61,30.00,0.00,0.00,0.00,5.4995e-08,2.2513e-07,8.4163e-07,4.7853e-06,1.0141e-05,1.0127e-05,6.3862e-06,5.4621e-08,2.0097e-07,5.8602e-07,4.8636e-06,8.6046e-06,1.0040e-05,8.1168e-06
P61,0.00,135.00,0.00,0.00,5.3071e-08,2.3689e-07,8.8670e-07,4.8757e-06,1.0245e-05,1.0231e-05,6.6514e-06,5.2768e-08,2.1155e-07,6.1395e-07,4.9464e-06,8.6993e-06,1.0140e-05,8.3567e-06
P61,60.00,180.00,0.00,0.00,6.4643e-08,1.8428e-07,6.9413e-07,4.3342e-06,9.5877e-06,9.5739e-06,5.3998e-06,6.3882e-08,1.6424e-07,4.9151e-07,4.4397e-06,8.0948e-06,9.5043e-06,7.1278e-06
P61,0.00,180.00,60.00,0.00,4.8774e-08,2.3688e-07,8.8667e-07,4.8756e-06,1.0245e-05,1.0231e-05,6.6514e-06,4.8552e-08,2.1155e-07,6.1394e-07,4.9463e-06,8.6992e-06,1.0140e-05,8.3567e-06
P61,0.00,45.00,60.00,0.00,4.8774e-08,2.3688e-07,8.8667e-07,4.8756e-06,1.0245e-05,1.0231e-05,6.6514e-06,4.8552e-08,2.1155e-07,6.1394e-07,4.9463e-06,8.6992e-06,1.0140e-05,8.3567e-06
P61,0.00,135.00,30.00,0.00,5.2129e-08,2.3688e-07,8.8669e-07,4.8757e-06,1.0245e-05,1.0231e-05,6.6514e-06,5.1850e-08,2.1155e-07,6.1395e-07,4.9464e-06,8.6993e-06,1.0140e-05,8.3567e-06
P61,30.00,0.00,60.00,0.00,5.0427e-08,2.2513e-07,8.4160e-07,4.7851e-06,1.0141e-05,1.0127e-05,6.3861e-06,5.0131e-08,2.0097e-07,5.8601e-07,4.8634e-06,8.6045e-06,1.0040e-05,8.1167e-06
P61,60.00,135.00,60.00,0.00,5.8128e-08,1.8428e-07,6.9411e-07,4.3340e-06,9.5876e-06,9.5737e-06,5.3998e-06,5.7445e-08,1.6423e-07,4.9151e-07,4.4395e-06,8.0946e-06,9.5041e-06,7.1278e-06
P61,30.00,45.00,0.00,0.00,5.4995e-08,2.2513e-07,8.4163e-07,4.7853e-06,1.0141e-05,1.0127e-05,6.3862e-06,5.4621e-08,2.0097e-07,5.8602e-07,4.8636e-06,8.6046e-06,1.0040e-05,8.1168e-06
P61,30.00,90.00,60.00,0.00,5.0355e-08,2.2513e-07,8.4160e-07,4.7851e-06,1.0141e-05,1.0127e-05,6.3861e-06,5.0060e-08,2.0097e-07,5.8601e-07,4.8634e-06,8.6045e-06,1.0040e-05,8.1167e-06
P61,60.00,0.00,60.00,0.00,5.8645e-08,1.8428e-07,6.9411e-07,4.3340e-06,9.5876e-06,9.5737e-06,5.3998e-06,5.7957e-08,1.6424e-07,4.9151e-07,4.4395e-06,8.0946e-06,9.5042e-06,7.1278e-06
P61,30.00,135.00,60.00,0.00,5.0304e-08,2.2513e-07,8.4160e-07,4.7851e-06,1.0141e-05,1.0127e-05,6.3861e-06,5.0010e-08,2.0097e-07,5.8601e-07,4.8634e-06,8.6045e-06,1.0040e-05,8.1167e-06
P61,60.00,135.00,0.00,0.00,6.4643e-08,1.8428e-07,6.9413e-07,4.3342e-06,9.5877e-06,9.5739e-06,5.3998e-06,6.3882e-08,1.6424e-07,4.9151e-07,4.4397e-06,8.0948e-06,9.5043e-06,7.1278e-06
P61,60.00,45.00,60.00,0.00,5.8558e-08,1.8428e-07,6.9411e-07,4.3340e-06,9.5876e-06,9.5737e-06,5.3998e-06,5.7872e-08,1.6424e-07,4.9151e-07,4.4395e-06,8.0946e-06,9.5042e-06,7.1278e-06
P61,60.00,90.00,0.00,0.00,6.4643e-08,1.8428e-07,6.9413e-07,4.3342e-06,9.5877e-06,9.5739e-06,5.3998e-06,6.3882e-08,1.6424e-07,4.9151e-07,4.4397e-06,8.0948e-06,9.5043e-06,7.1278e-06
P61,0.00,180.00,30.00,0.00,5.2129e-08,2.3688e-07,8.8669e-07,4.8757e-06,1.0245e-05,1.0231e-05,6.6514e-06,5.1850e-08,2.1155e-07,6.1395e-07,4.9464e-06,8.6993e-06,1.0140e-05,8.3567e-06
P61,0.00,0.00,60.00,0.00,4.8774e-08,2.3688e-07,8.8667e-07,4.8756e-06,1.0245e-05,1.0231e-05,6.6514e-06,4.8552e-08,2.1155e-07,6.1394e-07,4.9463e-06,8.6992e-06,1.0140e-05,8.3567e-06
P62,60.00,90.00,30.00,0.00,5.8150e-08,2.8101e-07,9.0674e-07,5.0800e-06,1.0310e-05,1.0298e-05,7.5506e-06,5.8399e-08,2.5573e-07,6.6531e-07,5.1502e-06,9.0714e-06,1.0246e-05,8.7616e-06
P62,0.00,90.00,0.00,0.00,5.0959e-08,3.4100e-07,1.0860e-06,5.3075e-06,1.0719e-05,1.0706e-05,8.7053e-06,5.1290e-08,3.1090e-07,7.9673e-07,5.3445e-06,9.2839e-06,1.0623e-05,9.7573e-06
P62,60.00,135.00,60.00,0.00,5.3236e-08,2.8101e-07,9.0674e-07,5.0798e-06,1.0310e-05,1.0298e-05,7.5506e-06,5.3468e-08,2.5573e-07,6.6531e-07,5.1500e-06,9.0713e-06,1.0246e-05,8.7616e-06
P62,30.00,90.00,0.00,0.00,5.2539e-08,3.2779e-07,1.0472e-06,5.2705e-06,1.0658e-05,1.0645e-05,8.4751e-06,5.2861e-08,2.9873e-07,7.6795e-07,5.3140e-06,9.2571e-06,1.0568e-05,9.5686e-06
P62,30.00,135.00,60.00,0.00,4.8208e-08,3.2779e-07,1.0472e-06,5.2703e-06,1.0658e-05,1.0645e-05,8.4751e-06,4.8516e-08,2.9872e-07,7.6795e-07,5.3137e-06,9.2570e-06,1.0568e-05,9.5686e-06
P62,0.00,0.00,30.00,0.00,5.0239e-08,3.4100e-07,1.0860e-06,5.3074e-06,1.0719e-05,1.0706e-05,8.7053e-06,5.0569e-08,3.1090e-07,7.9673e-07,5.3445e-06,9.2839e-06,1.0623e-05,9.7573e-06
P62,60.00,180.00,30.00,0.00,5.8064e-08,2.8101e-07,9.0674e-07,5.0800e-06,1.0310e-05,1.0298e-05,7.5506e-06,5.8313e-08,2.5573e-07,6.6531e-07,5.1502e-06,9.0713e-06,1.0246e-05,8.7616e-06
P62,0.00,0.00,60.00,0.00,4.7052e-08,3.4100e-07,1.0860e-06,5.3072e-06,1.0719e-05,1.0706e-05,8.7053e-06,4.7371e-08,3.1090e-07,7.9673e-07,5.3442e-06,9.2838e-06,1.0623e-05,9.7573e-06
P62,60.00,90.00,0.00,0.00,5.9170e-08,2.8101e-07,9.0674e-07,5.0801e-06,1.0310e-05,1.0298e-05,7.5506e-06,5.9422e-08,2.5573e-07,6.6531e-07,5.1503e-06,9.0714e-06,1.0246e-05,8.7616e-06
P62,30.00,45.00,60.00,0.00,4.8326e-08,3.2779e-07,1.0472e-06,5.2703e-06,1.0658e-05,1.0645e-05,8.4751e-06,4.8634e-08,2.9872e-07,7.6795e-07,5.3137e-06,9.2570e-06,1.0568e-05,9.5686e-06
P62,0.00,45.00,30.00,0.00,5.0239e-08,3.4100e-07,1.0860e-06,5.3074e-06,1.0719e-05,1.0706e-05,8.7053e-06,5.0569e-08,3.1090e-07,7.9673e-07,5.3445e-06,9.2839e-06,1.0623e-05,9.7573e-06
P62,60.00,0.00,30.00,0.00,5.8236e-08,2.8101e-07,9.0674e-07,5.0801e-06,1.0310e-05,1.0298e-05,7.5506e-06,5.8485e-08,2.5573e-07,6.6531e-07,5.1502e-06,9.0714e-06,1.0246e-05,8.7616e-06
P62,0.00,180.00,0.00,0.00,5.0959e-08,3.4100e-07,1.0860e-06,5.3075e-06,1.0719e-05,1.0706e-05,8.7053e-06,5.1290e-08,3.1090e-07,7.9673e-07,5.3445e-06,9.2839e-06,1.0623e-05,9.7573e-06
P62,0.00,0.00,0.00,0.00,5.0959e-08,3.4100e-07,1.0860e-06,5.3075e-06,1.0719e-05,1.0706e-05,8.7053e-06,5.1290e-08,3.1090e-07,7.9673e-07,5.3445e-06,9.2839e-06,1.0623e-05,9.7573e-06
P62,60.00,45.00,0.00,0.00,5.9170e-08,2.8101e-07,9.0674e-07,5.0801e-06,1.0310e-05,1.0298e-05,7.5506e-06,5.9422e-08,2.5573e-07,6.6531e-07,5.1503e-06,9.0714e-06,1.0246e-05,8.7616e-06
P62,30.00,45.00,0.00,0.00,5.2539e-08,3.2779e-07,1.0472e-06,5.2705e-06,1.0658e-05,1.0645e-05,8.4751e-06,5.2861e-08,2.9873e-07,7.6795e-07,5.3140e-06,9.2571e-06,1.0568e-05,9.5686e-06
P62,30.00,45.00,30.00,0.00,5.1771e-08,3.2779e-07,1.0472e-06,5.2705e-06,1.0658e-05,1.0645e-05,8.4751e-06,5.2091e-08,2.9873e-07,7.6795e-07,5.3139e-06,9.2571e-06,1.0568e-05,9.5686e-06
P62,0.00,180.00,30.00,0.00,5.0239e-08,3.4100e-07,1.0860e-06,5.3074e-06,1.0719e-05,1.0706e-05,8.7053e-06,5.0569e-08,3.1090e-07,7.9673e-07,5.3445e-06,9.2839e-06,1.0623e-05,9.7573e-06
P62,60.00,0.00,60.00,0.00,5.3828e-08,2.8101e-07,9.0674e-07,5.0798e-06,1.0310e-05,1.0298e-05,7.5506e-06,5.4062e-08,2.5573e-07,6.6531e-07,5.1500e-06,9.0713e-06,1.0246e-05,8.7616e-06
P62,60.00,0.00,0.00,0.00,5.9170e-08,2.8101e-07,9.0674e-07,5.0801e-06,1.0310e-05,1.0298e-05,7.5506e-06,5.9422e-08,2.5573e-07,6.6531e-07,5.1503e-06,9.0714e-06,1.0246e-05,8.7616e-06
P62,60.00,90.00,60.00,0.00,5.3487e-08,2.8101e-07,9.0674e-07,5.0798e-06,1.0310e-05,1.0298e-05,7.5506e-06,5.3720e-08,2.5573e-07,6.6531e-07,5.1500e-06,9.0713e-06,1.0246e-05,8.7616e-06
P62,30.00,90.00,60.00,0.00,4.8267e-08,3.2779e-07,1.0472e-06,5.2703e-06,1.0658e-05,1.0645e-05,8.4751e-06,4.8575e-08,2.9872e-07,7.6795e-07,5.3137e-06,9.2570e-06,1.0568e-05,9.5686e-06
P62,30.00,0.00,60.00,0.00,4.8350e-08,3.2779e-07,1.0472e-06,5.2703e-06,1.0658e-05,1.0645e-05,8.4751e-06,4.8658e-08,2.9872e-07,7.6795e-07,5.3137e-06,9.2570e-06,1.0568e-05,9.5686e-06
P62,0.00,135.00,30.00,0.00,5.0239e-08,3.4100e-07,1.0860e-06,5.3074e-06,1.0719e-05,1.0706e-05,8.7053e-06,5.0569e-08,3.1090e-07,7.9673e-07,5.3445e-06,9.2839e-06,1.0623e-05,9.7573e-06
P62,60.00,45.00,60.00,0.00,5.3730e-08,2.8101e-07,9.0674e-07,5.0798e-06,1.0310e-05,1.0298e-05,7.5506e-06,5.3963e-08,2.5573e-07,6.6531e-07,5.1500e-06,9.0713e-06,1.0246e-05,8.7616e-06
P62,0.00,45.00,0.00,0.00,5.0959e-08,3.4100e-07,1.0860e-06,5.3075e-06,1.0719e-05,1.0706e-05,8.7053e-06,5.1290e-08,3.1090e-07,7.9673e-07,5.3445e-06,9.2839e-06,1.0623e-05,9.7573e-06
P62,0.00,90.00,60.00,0.00,4.7052e-08,3.4100e-07,1.0860e-06,5.3072e-06,1.0719e-05,1.0706e-05,8.7053e-06,4.7371e-08,3.1090e-07,7.9673e-07,5.3442e-06,9.2838e-06,1.0623e-05,9.7573e-06
P62,30.00,180.00,60.00,0.00,4.8184e-08,3.2779e-07,1.0472e-06,5.2703e-06,1.0658e-05,1.0645e-05,8.4751e-06,4.8492e-08,2.9873e-07,7.6795e-07,5.3137e-06,9.2570e-06,1.0568e-05,9.5686e-06
P62,0.00,45.00,60.00,0.00,4.7052e-08,3.4100e-07,1.0860e-06,5.3072e-06,1.0719e-05,1.0706e-05,8.7053e-06,4.7371e-08,3.1090e-07,7.9673e-07,5.3442e-06,9.2838e-06,1.0623e-05,9.7573e-06
P62,30.00,0.00,0.00,0.00,5.2539e-08,3.2779e-07,1.0472e-06,5.2705e-06,1.0658e-05,1.0645e-05,8.4751e-06,5.2861e-08,2.9873e-07,7.6795e-07,5.3140e-06,9.2571e-06,1.0568e-05,9.5686e-06
P62,30.00,180.00,0.00,0.00,5.2539e-08,3.2779e-07,1.0472e-06,5.2705e-06,1.0658e-05,1.0645e-05,8.4751e-06,5.2861e-08,2.9873e-07,7.6795e-07,5.3140e-06,9.2571e-06,1.0568e-05,9.5686e-06
P62,0.00,135.00,0.00,0.00,5.0959e-08,3.4100e-07,1.0860e-06,5.3075e-06,1.0719e-05,1.0706e-05,8.7053e-06,5.1290e-08,3.1090e-07,7.9673e-07,5.3445e-06,9.2839e-06,1.0623e-05,9.7573e-06
P62,30.00,135.00,0.00,0.00,5.2539e-08,3.2779e-07,1.0472e-06,5.2705e-06,1.0658e-05,1.0645e-05,8.4751e-06,5.2861e-08,2.9873e-07,7.6795e-07,5.3140e-06,9.2571e-06,1.0568e-05,9.5686e-06
P62,0.00,135.00,60.00,0.00,4.7052e-08,3.4100e-07,1.0860e-06,5.3072e-06,1.0719e-05,1.0706e-05,8.7053e-06,4.7371e-08,3.1090e-07,7.9673e-07,5.3442e-06,9.2838e-06,1.0623e-05,9.7573e-06
P62,60.00,180.00,0.00,0.00,5.9170e-08,2.8101e-07,9.0674e-07,5.0801e-06,1.0310e-05,1.0298e-05,7.5506e-06,5.9422e-08,2.5573e-07,6.6531e-07,5.1503e-06,9.0714e-06,1.0246e-05,8.7616e-06
P62,30.00,180.00,30.00,0.00,5.1735e-08,3.2779e-07,1.0472e-06,5.2705e-06,1.0658e-05,1.0645e-05,8.4751e-06,5.2056e-08,2.9873e-07,7.6795e-07,5.3139e-06,9.2571e-06,1.0568e-05,9.5686e-06
P62,0.00,180.00,60.00,0.00,4.7052e-08,3.4100e-07,1.0860e-06,5.3072e-06,1.0719e-05,1.0706e-05,8.7053e-06,4.7371e-08,3.1090e-07,7.9673e-07,5.3442e-06,9.2838e-06,1.0623e-05,9.7573e-06
P62,30.00,90.00,30.00,0.00,5.1756e-08,3.2779e-07,1.0472e-06,5.2705e-06,1.0658e-05,1.0645e-05,8.4751e-06,5.2076e-08,2.9873e-07,7.6795e-07,5.3139e-06,9.2571e-06,1.0568e-05,9.5686e-06
P62,60.00,45.00,30.00,0.00,5.8211e-08,2.8101e-07,9.0674e-07,5.0801e-06,1.0310e-05,1.0298e-05,7.5506e-06,5.8460e-08,2.5573e-07,6.6531e-07,5.1502e-06,9.0714e-06,1.0246e-05,8.7616e-06
P62,30.00,135.00,30.00,0.00,5.1741e-08,3.2779e-07,1.0472e-06,5.2705e-06,1.0658e-05,1.0645e-05,8.4751e-06,5.2062e-08,2.9873e-07,7.6795e-07,5.3139e-06,9.2571e-06,1.0568e-05,9.5686e-06
P62,60.00,135.00,30.00,0.00,5.8089e-08,2.8101e-07,9.0674e-07,5.0800e-06,1.0310e-05,1.0298e-05,7.5506e-06,5.8338e-08,2.5573e-07,6.6531e-07,5.1502e-06,9.0713e-06,1.0246e-05,8.7616e-06
P62,60.00,180.00,60.00,0.00,5.3130e-08,2.8101e-07,9.0674e-07,5.0798e-06,1.0310e-05,1.0298e-05,7.5506e-06,5.3362e-08,2.5573e-07,6.6531e-07,5.1500e-06,9.0713e-06,1.0246e-05,8.7616e-06
P62,0.00,90.00,30.00,0.00,5.0239e-08,3.4100e-07,1.0860e-06,5.3074e-06,1.0719e-05,1.0706e-05,8.7053e-06,5.0569e-08,3.1090e-07,7.9673e-07,5.3445e-06,9.2839e-06,1.0623e-05,9.7573e-06
P62,30.00,0.00,30.00,0.00,5.1777e-08,3.2779e-07,1.0472e-06,5.2705e-06,1.0658e-05,1.0645e-05,8.4751e-06,5.2097e-08,2.9872e-07,7.6795e-07,5.3139e-06,9.2571e-06,1.0568e-05,9.5686e-06
P62,60.00,135.00,0.00,0.00,5.9170e-08,2.8101e-07,9.0674e-07,5.0801e-06,1.0310e-05,1.0298e-05,7.5506e-06,5.9422e-08,2.5573e-07,6.6531e-07,5.1503e-06,9.0714e-06,1.0246e-05,8.7616e-06
P63,0.00,135.00,0.00,0.00,5.1886e-08,3.1219e-07,1.0186e-06,5.4461e-06,1.0439e-05,1.0428e-05,8.6522e-06,5.2294e-08,2.8347e-07,7.4719e-07,5.4845e-06,9.3374e-06,1.0378e-05,9.5453e-06
P63,0.00,135.00,30.00,0.00,5.1030e-08,3.1219e-07,1.0186e-06,5.4461e-06,1.0439e-05,1.0428e-05,8.6522e-06,5.1439e-08,2.8347e-07,7.4719e-07,5.4845e-06,9.3374e-06,1.0378e-05,9.5453e-06
P63,60.00,0.00,0.00,0.00,5.8520e-08,2.5170e-07,8.5548e-07,5.0393e-06,9.6006e-06,9.5918e-06,7.5488e-06,5.8966e-08,2.2736e-07,6.2160e-07,5.1046e-06,8.6527e-06,9.5519e-06,8.5041e-06
P63,30.00,90.00,60.00,0.00,4.8547e-08,2.9903e-07,9.8391e-07,5.3845e-06,1.0280e-05,1.0270e-05,8.4242e-06,4.8955e-08,2.7122e-07,7.2039e-07,5.4288e-06,9.2276e-06,1.0223e-05,9.3325e-06
P63,60.00,45.00,0.00,0.00,5.8520e-08,2.5170e-07,8.5548e-07,5.0393e-06,9.6006e-06,9.5918e-06,7.5488e-06,5.8966e-08,2.2736e-07,6.2160e-07,5.1046e-06,8.6527e-06,9.5519e-06,8.5041e-06
P63,0.00,180.00,60.00,0.00,4.7487e-08,3.1219e-07,1.0186e-06,5.4460e-06,1.0439e-05,1.0428e-05,8.6522e-06,4.7888e-08,2.8347e-07,7.4719e-07,5.4843e-06,9.3373e-06,1.0378e-05,9.5453e-06
P63,60.00,180.00,60.00,0.00,5.2243e-08,2.5170e-07,8.5548e-07,5.0392e-06,9.6006e-06,9.5918e-06,7.5488e-06,5.2665e-08,2.2736e-07,6.2160e-07,5.1045e-06,8.6527e-06,9.5519e-06,8.5041e-06
P63,0.00,90.00,30.00,0.00,5.1030e-08,3.1219e-07,1.0186e-06,5.4461e-06,1.0439e-05,1.0428e-05,8.6522e-06,5.1439e-08,2.8347e-07,7.4719e-07,5.4845e-06,9.3374e-06,1.0378e-05,9.5453e-06
P63,60.00,45.00,30.00,0.00,5.7472e-08,2.5170e-07,8.5548e-07,5.0393e-06,9.6006e-06,9.5918e-06,7.5488e-06,5.7914e-08,2.2736e-07,6.2160e-07,5.1046e-06,8.6527e-06,9.5519e-06,8.5041e-06
P63,30.00,135.00,60.00,0.00,4.8486e-08,2.9903e-07,9.8391e-07,5.3845e-06,1.0280e-05,1.0270e-05,8.4242e-06,4.8894e-08,2.7122e-07,7.2039e-07,5.4288e-06,9.2276e-06,1.0223e-05,9.3325e-06
P63,0.00,90.00,0.00,0.00,5.1886e-08,3.1219e-07,1.0186e-06,5.4461e-06,1.0439e-05,1.0428e-05,8.6522e-06,5.2294e-08,2.8347e-07,7.4719e-07,5.4845e-06,9.3374e-06,1.0378e-05,9.5453e-06
P63,0.00,180.00,0.00,0.00,5.1886e-08,3.1219e-07,1.0186e-06,5.4461e-06,1.0439e-05,1.0428e-05,8.6522e-06,5.2294e-08,2.8347e-07,7.4719e-07,5.4845e-06,9.3374e-06,1.0378e-05,9.5453e-06
P63,0.00,135.00,60.00,0.00,4.7487e-08,3.1219e-07,1.0186e-06,5.4460e-06,1.0439e-05,1.0428e-05,8.6522e-06,4.7888e-08,2.8347e-07,7.4719e-07,5.4843e-06,9.3373e-06,1.0378e-05,9.5453e-06
P63,60.00,45.00,60.00,0.00,5.2832e-08,2.5170e-07,8.5548e-07,5.0392e-06,9.6006e-06,9.5918e-06,7.5488e-06,5.3256e-08,2.2736e-07,6.2160e-07,5.1045e-06,8.6527e-06,9.5519e-06,8.5041e-06
P63,30.00,0.00,60.00,0.00,4.8634e-08,2.9903e-07,9.8391e-07,5.3845e-06,1.0280e-05,1.0270e-05,8.4242e-06,4.9042e-08,2.7122e-07,7.2039e-07,5.4289e-06,9.2276e-06,1.0223e-05,9.3325e-06
P63,30.00,45.00,0.00,0.00,5.3289e-08,2.9903e-07,9.8391e-07,5.3847e-06,1.0280e-05,1.0270e-05,8.4242e-06,5.3707e-08,2.7122e-07,7.2039e-07,5.4290e-06,9.2277e-06,1.0223e-05,9.3325e-06
P63,60.00,90.00,0.00,0.00,5.8520e-08,2.5170e-07,8.5548e-07,5.0393e-06,9.6006e-06,9.5918e-06,7.5488e-06,5.8966e-08,2.2736e-07,6.2160e-07,5.1046e-06,8.6527e-06,9.5519e-06,8.5041e-06
P63,0.00,45.00,0.00,0.00,5.1886e-08,3.1219e-07,1.0186e-06,5.4461e-06,1.0439e-05,1.0428e-05,8.6522e-06,5.2294e-08,2.8347e-07,7.4719e-07,5.4845e-06,9.3374e-06,1.0378e-05,9.5453e-06
P63,30.00,135.00,30.00,0.00,5.2357e-08,2.9903e-07,9.8391e-07,5.3846e-06,1.0280e-05,1.0270e-05,8.4242e-06,5.2775e-08,2.7122e-07,7.2039e-07,5.4290e-06,9.2277e-06,1.0223e-05,9.3325e-06
P63,0.00,0.00,0.00,0.00,5.1886e-08,3.1219e-07,1.0186e-06,5.4461e-06,1.0439e-05,1.0428e-05,8.6522e-06,5.2294e-08,2.8347e-07,7.4719e-07,5.4845e-06,9.3374e-06,1.0378e-05,9.5453e-06
P63,60.00,180.00,30.00,0.00,5.7319e-08,2.5170e-07,8.5548e-07,5.0393e-06,9.6006e-06,9.5918e-06,7.5488e-06,5.7760e-08,2.2736e-07,6.2160e-07,5.1046e-06,8.6527e-06,9.5519e-06,8.5041e-06
P63,60.00,135.00,30.00,0.00,5.7345e-08,2.5170e-07,8.5548e-07,5.0393e-06,9.6006e-06,9.5918e-06,7.5488e-06,5.7787e-08,2.2736e-07,6.2160e-07,5.1046e-06,8.6527e-06,9.5519e-06,8.5041e-06
P63,60.00,90.00,30.00,0.00,5.7408e-08,2.5170e-07,8.5548e-07,5.0393e-06,9.6006e-06,9.5918e-06,7.5488e-06,5.7850e-08,2.2736e-07,6.2160e-07,5.1046e-06,8.6527e-06,9.5519e-06,8.5041e-06
P63,60.00,135.00,0.00,0.00,5.8520e-08,2.5170e-07,8.5548e-07,5.0393e-06,9.6006e-06,9.5918e-06,7.5488e-06,5.8966e-08,2.2736e-07,6.2160e-07,5.1046e-06,8.6527e-06,9.5519e-06,8.5041e-06
P63,60.00,135.00,60.00,0.00,5.2347e-08,2.5170e-07,8.5548e-07,5.0392e-06,9.6006e-06,9.5918e-06,7.5488e-06,5.2769e-08,2.2736e-07,6.2160e-07,5.1045e-06,8.6527e-06,9.5519e-06,8.5041e-06
P63,60.00,0.00,60.00,0.00,5.2929e-08,2.5170e-07,8.5548e-07,5.0392e-06,9.6006e-06,9.5918e-06,7.5488e-06,5.3354e-08,2.2736e-07,6.2160e-07,5.1045e-06,8.6527e-06,9.5519e-06,8.5041e-06
P63,0.00,0.00,60.00,0.00,4.7487e-08,3.1219e-07,1.0186e-06,5.4460e-06,1.0439e-05,1.0428e-05,8.6522e-06,4.7888e-08,2.8347e-07,7.4719e-07,5.4843e-06,9.3373e-06,1.0378e-05,9.5453e-06
P63,0.00,0.00,30.00,0.00,5.1030e-08,3.1219e-07,1.0186e-06,5.4461e-06,1.0439e-05,1.0428e-05,8.6522e-06,5.1439e-08,2.8347e-07,7.4719e-07,5.4845e-06,9.3374e-06,1.0378e-05,9.5453e-06
P63,30.00,180.00,0.00,0.00,5.3289e-08,2.9903e-07,9.8391e-07,5.3847e-06,1.0280e-05,1.0270e-05,8.4242e-06,5.3707e-08,2.7122e-07,7.2039e-07,5.4290e-06,9.2277e-06,1.0223e-05,9.3325e-06
P63,30.00,180.00,60.00,0.00,4.8461e-08,2.9903e-07,9.8391e-07,5.3845e-06,1.0280e-05,1.0270e-05,8.4242e-06,4.8868e-08,2.7122e-07,7.2039e-07,5.4288e-06,9.2276e-06,1.0223e-05,9.3325e-06
P63,30.00,45.00,30.00,0.00,5.2391e-08,2.9903e-07,9.8391e-07,5.3846e-06,1.0280e-05,1.0270e-05,8.4242e-06,5.2808e-08,2.7122e-07,7.2039e-07,5.4290e-06,9.2277e-06,1.0223e-05,9.3325e-06
P63,0.00,90.00,60.00,0.00,4.7487e-08,3.1219e-07,1.0186e-06,5.4460e-06,1.0439e-05,1.0428e-05,8.6522e-06,4.7888e-08,2.8347e-07,7.4719e-07,5.4843e-06,9.3373e-06,1.0378e-05,9.5453e-06
P63,60.00,90.00,60.00,0.00,5.2593e-08,2.5170e-07,8.5548e-07,5.0392e-06,9.6006e-06,9.5918e-06,7.5488e-06,5.3016e-08,2.2736e-07,6.2160e-07,5.1045e-06,8.6527e-06,9.5519e-06,8.5041e-06
P63,30.00,90.00,0.00,0.00,5.3289e-08,2.9903e-07,9.8391e-07,5.3847e-06,1.0280e-05,1.0270e-05,8.4242e-06,5.3707e-08,2.7122e-07,7.2039e-07,5.4290e-06,9.2277e-06,1.0223e-05,9.3325e-06
P63,0.00,45.00,60.00,0.00,4.7487e-08,3.1219e-07,1.0186e-06,5.4460e-06,1.0439e-05,1.0428e-05,8.6522e-06,4.7888e-08,2.8347e-07,7.4719e-07,5.4843e-06,9.3373e-06,1.0378e-05,9.5453e-06
P63,30.00,90.00,30.00,0.00,5.2374e-08,2.9903e-07,9.8391e-07,5.3846e-06,1.0280e-05,1.0270e-05,8.4242e-06,5.2792e-08,2.7122e-07,7.2039e-07,5.4290e-06,9.2277e-06,1.0223e-05,9.3325e-06
P63,0.00,180.00,30.00,0.00,5.1030e-08,3.1219e-07,1.0186e-06,5.4461e-06,1.0439e-05,1.0428e-05,8.6522e-06,5.1439e-08,2.8347e-07,7.4719e-07,5.4845e-06,9.3374e-06,1.0378e-05,9.5453e-06
P63,0.00,45.00,30.00,0.00,5.1030e-08,3.1219e-07,1.0186e-06,5.4461e-06,1.0439e-05,1.0428e-05,8.6522e-06,5.1439e-08,2.8347e-07,7.4719e-07,5.4845e-06,9.3374e-06,1.0378e-05,9.5453e-06
P63,30.00,45.00,60.00,0.00,4.8608e-08,2.9903e-07,9.8391e-07,5.3845e-06,1.0280e-05,1.0270e-05,8.4242e-06,4.9017e-08,2.7122e-07,7.2039e-07,5.4288e-06,9.2276e-06,1.0223e-05,9.3325e-06
P63,60.00,180.00,0.00,0.00,5.8520e-08,2.5170e-07,8.5548e-07,5.0393e-06,9.6006e-06,9.5918e-06,7.5488e-06,5.8966e-08,2.2736e-07,6.2160e-07,5.1046e-06,8.6527e-06,9.5519e-06,8.5041e-06
P63,30.00,0.00,30.00,0.00,5.2398e-08,2.9903e-07,9.8391e-07,5.3846e-06,1.0280e-05,1.0270e-05,8.4242e-06,5.2815e-08,2.7122e-07,7.2039e-07,5.4290e-06,9.2277e-06,1.0223e-05,9.3325e-06
P63,30.00,0.00,0.00,0.00,5.3289e-08,2.9903e-07,9.8391e-07,5.3847e-06,1.0280e-05,1.0270e-05,8.4242e-06,5.3707e-08,2.7122e-07,7.2039e-07,5.4290e-06,9.2277e-06,1.0223e-05,9.3325e-06
P63,30.00,180.00,30.00,0.00,5.2350e-08,2.9903e-07,9.8391e-07,5.3846e-06,1.0280e-05,1.0270e-05,8.4242e-06,5.2768e-08,2.7122e-07,7.2039e-07,5.4290e-06,9.2277e-06,1.0223e-05,9.3325e-06
P63,30.00,135.00,0.00,0.00,5.3289e-08,2.9903e-07,9.8391e-07,5.3847e-06,1.0280e-05,1.0270e-05,8.4242e-06,5.3707e-08,2.7122e-07,7.2039e-07,5.4290e-06,9.2277e-06,1.0223e-05,9.3325e-06
P63,60.00,0.00,30.00,0.00,5.7498e-08,2.5170e-07,8.5548e-07,5.0393e-06,9.6006e-06,9.5918e-06,7.5488e-06,5.7940e-08,2.2736e-07,6.2160e-07,5.1046e-06,8.6527e-06,9.5519e-06,8.5041e-06
P64,0.00,135.00,60.00,0.00,4.5592e-08,2.6458e-07,8.7689e-07,5.0100e-06,1.0211e-05,1.0198e-05,7.5762e-06,4.5794e-08,2.3977e-07,6.3881e-07,5.0664e-06,8.8103e-06,1.0121e-05,8.8597e-06
P64,0.00,180.00,0.00,0.00,4.8225e-08,2.6458e-07,8.7689e-07,5.0102e-06,1.0211e-05,1.0198e-05,7.5762e-06,4.8435e-08,2.3977e-07,6.3881e-07,5.0665e-06,8.8104e-06,1.0121e-05,8.8597e-06
P64,60.00,180.00,0.00,0.00,5.6914e-08,2.1613e-07,7.3207e-07,4.6480e-06,9.6556e-06,9.6436e-06,6.4337e-06,5.6918e-08,1.9538e-07,5.3371e-07,4.7368e-06,8.3636e-06,9.5895e-06,7.8025e-06
P64,0.00,0.00,0.00,0.00,4.8225e-08,2.6458e-07,8.7689e-07,5.0102e-06,1.0211e-05,1.0198e-05,7.5762e-06,4.8435e-08,2.3977e-07,6.3881e-07,5.0665e-06,8.8104e-06,1.0121e-05,8.8597e-06
P64,30.00,180.00,0.00,0.00,4.9728e-08,2.5394e-07,8.4523e-07,4.9478e-06,1.0118e-05,1.0105e-05,7.3398e-06,4.9910e-08,2.2999e-07,6.1610e-07,5.0107e-06,8.7376e-06,1.0033e-05,8.6530e-06
P64,0.00,45.00,30.00,0.00,4.7749e-08,2.6458e-07,8.7689e-07,5.0101e-06,1.0211e-05,1.0198e-05,7.5762e-06,4.7959e-08,2.3977e-07,6.3881e-07,5.0665e-06,8.8104e-06,1.0121e-05,8.8597e-06
P64,60.00,45.00,60.00,0.00,5.2909e-08,2.1612e-07,7.3207e-07,4.6478e-06,9.6554e-06,9.6435e-06,6.4337e-06,5.2899e-08,1.9538e-07,5.3371e-07,4.7365e-06,8.3633e-06,9.5894e-06,7.8025e-06
P64,0.00,90.00,30.00,0.00,4.7749e-08,2.6458e-07,8.7689e-07,5.0101e-06,1.0211e-05,1.0198e-05,7.5762e-06,4.7959e-08,2.3977e-07,6.3881e-07,5.0665e-06,8.8104e-06,1.0121e-05,8.8597e-06
P64,0.00,0.00,60.00,0.00,4.5592e-08,2.6458e-07,8.7689e-07,5.0100e-06,1.0211e-05,1.0198e-05,7.5762e-06,4.5794e-08,2.3977e-07,6.3881e-07,5.0664e-06,8.8103e-06,1.0121e-05,8.8597e-06
P64,0.00,180.00,30.00,0.00,4.7749e-08,2.6458e-07,8.7689e-07,5.0101e-06,1.0211e-05,1.0198e-05,7.5762e-06,4.7959e-08,2.3977e-07,6.3881e-07,5.0665e-06,8.8104e-06,1.0121e-05,8.8597e-06
P64,60.00,0.00,60.00,0.00,5.2986e-08,2.1612e-07,7.3207e-07,4.6478e-06,9.6554e-06,9.6435e-06,6.4337e-06,5.2976e-08,1.9538e-07,5.3371e-07,4.7365e-06,8.3633e-06,9.5894e-06,7.8025e-06
P64,30.00,90.00,60.00,0.00,4.6811e-08,2.5393e-07,8.4523e-07,4.9476e-06,1.0118e-05,1.0105e-05,7.3398e-06,4.6983e-08,2.2999e-07,6.1610e-07,5.0105e-06,8.7374e-06,1.0032e-05,8.6529e-06
P64,60.00,0.00,0.00,0.00,5.6914e-08,2.1613e-07,7.3207e-07,4.6480e-06,9.6556e-06,9.6436e-06,6.4337e-06,5.6918e-08,1.9538e-07,5.3371e-07,4.7368e-06,8.3636e-06,9.5895e-06,7.8025e-06
P64,0.00,135.00,0.00,0.00,4.8225e-08,2.6458e-07,8.7689e-07,5.0102e-06,1.0211e-05,1.0198e-05,7.5762e-06,4.8435e-08,2.3977e-07,6.3881e-07,5.0665e-06,8.8104e-06,1.0121e-05,8.8597e-06
P64,30.00,90.00,30.00,0.00,4.9204e-08,2.5394e-07,8.4523e-07,4.9478e-06,1.0118e-05,1.0105e-05,7.3398e-06,4.9385e-08,2.2999e-07,6.1610e-07,5.0107e-06,8.7376e-06,1.0032e-05,8.6530e-06
P64,30.00,0.00,60.00,0.00,4.6871e-08,2.5393e-07,8.4523e-07,4.9476e-06,1.0118e-05,1.0105e-05,7.3398e-06,4.7043e-08,2.2999e-07,6.1610e-07,5.0105e-06,8.7374e-06,1.0032e-05,8.6529e-06
P64,60.00,90.00,60.00,0.00,5.2720e-08,2.1612e-07,7.3207e-07,4.6478e-06,9.6554e-06,9.6434e-06,6.4337e-06,5.2709e-08,1.9538e-07,5.3371e-07,4.7365e-06,8.3633e-06,9.5894e-06,7.8025e-06
P64,30.00,180.00,60.00,0.00,4.6752e-08,2.5393e-07,8.4523e-07,4.9476e-06,1.0118e-05,1.0105e-05,7.3398e-06,4.6923e-08,2.2999e-07,6.1610e-07,5.0105e-06,8.7374e-06,1.0032e-05,8.6529e-06
P64,0.00,135.00,30.00,0.00,4.7749e-08,2.6458e-07,8.7689e-07,5.0101e-06,1.0211e-05,1.0198e-05,7.5762e-06,4.7959e-08,2.3977e-07,6.3881e-07,5.0665e-06,8.8104e-06,1.0121e-05,8.8597e-06
P64,0.00,45.00,0.00,0.00,4.8225e-08,2.6458e-07,8.7689e-07,5.0102e-06,1.0211e-05,1.0198e-05,7.5762e-06,4.8435e-08,2.3977e-07,6.3881e-07,5.0665e-06,8.8104e-06,1.0121e-05,8.8597e-06
P64,60.00,135.00,30.00,0.00,5.6133e-08,2.1612e-07,7.3207e-07,4.6480e-06,9.6555e-06,9.6436e-06,6.4337e-06,5.6135e-08,1.9538e-07,5.3371e-07,4.7367e-06,8.3635e-06,9.5895e-06,7.8025e-06
P64,0.00,180.00,60.00,0.00,4.5592e-08,2.6458e-07,8.7689e-07,5.0100e-06,1.0211e-05,1.0198e-05,7.5762e-06,4.5794e-08,2.3977e-07,6.3881e-07,5.0664e-06,8.8103e-06,1.0121e-05,8.8597e-06
P64,60.00,180.00,60.00,0.00,5.2442e-08,2.1612e-07,7.3207e-07,4.6477e-06,9.6554e-06,9.6434e-06,6.4337e-06,5.2430e-08,1.9538e-07,5.3371e-07,4.7364e-06,8.3633e-06,9.5893e-06,7.8025e-06
P64,30.00,180.00,30.00,0.00,4.9191e-08,2.5394e-07,8.4523e-07,4.9478e-06,1.0118e-05,1.0105e-05,7.3398e-06,4.9372e-08,2.2999e-07,6.1610e-07,5.0107e-06,8.7376e-06,1.0032e-05,8.6530e-06
P64,30.00,45.00,30.00,0.00,4.9214e-08,2.5394e-07,8.4523e-07,4.9478e-06,1.0118e-05,1.0105e-05,7.3398e-06,4.9395e-08,2.2999e-07,6.1610e-07,5.0107e-06,8.7376e-06,1.0032e-05,8.6530e-06
P64,0.00,0.00,30.00,0.00,4.7749e-08,2.6458e-07,8.7689e-07,5.0101e-06,1.0211e-05,1.0198e-05,7.5762e-06,4.7959e-08,2.3977e-07,6.3881e-07,5.0665e-06,8.8104e-06,1.0121e-05,8.8597e-06
P64,30.00,45.00,0.00,0.00,4.9728e-08,2.5394e-07,8.4523e-07,4.9478e-06,1.0118e-05,1.0105e-05,7.3398e-06,4.9910e-08,2.2999e-07,6.1610e-07,5.0107e-06,8.7376e-06,1.0033e-05,8.6530e-06
P64,30.00,0.00,30.00,0.00,4.9218e-08,2.5394e-07,8.4523e-07,4.9478e-06,1.0118e-05,1.0105e-05,7.3398e-06,4.9399e-08,2.2999e-07,6.1610e-07,5.0107e-06,8.7376e-06,1.0032e-05,8.6530e-06
P64,60.00,45.00,0.00,0.00,5.6914e-08,2.1613e-07,7.3207e-07,4.6480e-06,9.6556e-06,9.6436e-06,6.4337e-06,5.6918e-08,1.9538e-07,5.3371e-07,4.7368e-06,8.3636e-06,9.5895e-06,7.8025e-06
P64,60.00,90.00,30.00,0.00,5.6176e-08,2.1612e-07,7.3207e-07,4.6480e-06,9.6555e-06,9.6436e-06,6.4337e-06,5.6179e-08,1.9538e-07,5.3371e-07,4.7367e-06,8.3635e-06,9.5895e-06,7.8025e-06
P64,30.00,135.00,60.00,0.00,4.6769e-08,2.5393e-07,8.4523e-07,4.9476e-06,1.0118e-05,1.0105e-05,7.3398e-06,4.6940e-08,2.2999e-07,6.1610e-07,5.0105e-06,8.7374e-06,1.0032e-05,8.6529e-06
P64,0.00,45.00,60.00,0.00,4.5592e-08,2.6458e-07,8.7689e-07,5.0100e-06,1.0211e-05,1.0198e-05,7.5762e-06,4.5794e-08,2.3977e-07,6.3881e-07,5.0664e-06,8.8103e-06,1.0121e-05,8.8597e-06
P64,60.00,90.00,0.00,0.00,5.6914e-08,2.1613e-07,7.3207e-07,4.6480e-06,9.6556e-06,9.6436e-06,6.4337e-06,5.6918e-08,1.9538e-07,5.3371e-07,4.7368e-06,8.3636e-06,9.5895e-06,7.8025e-06
P64,60.00,180.00,30.00,0.00,5.6115e-08,2.1612e-07,7.3207e-07,4.6480e-06,9.6555e-06,9.6436e-06,6.4337e-06,5.6117e-08,1.9538e-07,5.3371e-07,4.7367e-06,8.3635e-06,9.5895e-06,7.8025e-06
P64,60.00,135.00,0.00,0.00,5.6914e-08,2.1613e-07,7.3207e-07,4.6480e-06,9.6556e-06,9.6436e-06,6.4337e-06,5.6918e-08,1.9538e-07,5.3371e-07,4.7368e-06,8.3636e-06,9.5895e-06,7.8025e-06
P64,60.00,45.00,30.00,0.00,5.6221e-08,2.1612e-07,7.3207e-07,4.6480e-06,9.6555e-06,9.6436e-06,6.4337e-06,5.6223e-08,1.9538e-07,5.3371e-07,4.7367e-06,8.3635e-06,9.5895e-06,7.8025e-06
P64,0.00,90.00,60.00,0.00,4.5592e-08,2.6458e-07,8.7689e-07,5.0100e-06,1.0211e-05,1.0198e-05,7.5762e-06,4.5794e-08,2.3977e-07,6.3881e-07,5.0664e-06,8.8103e-06,1.0121e-05,8.8597e-06
P64,30.00,135.00,30.00,0.00,4.9195e-08,2.5394e-07,8.4523e-07,4.9478e-06,1.0118e-05,1.0105e-05,7.3398e-06,4.9375e-08,2.2999e-07,6.1610e-07,5.0107e-06,8.7376e-06,1.0032e-05,8.6530e-06
P64,60.00,135.00,60.00,0.00,5.2525e-08,2.1612e-07,7.3207e-07,4.6477e-06,9.6554e-06,9.6434e-06,6.4337e-06,5.2513e-08,1.9538e-07,5.3371e-07,4.7364e-06,8.3633e-06,9.5893e-06,7.8025e-06
P64,30.00,135.00,0.00,0.00,4.9728e-08,2.5394e-07,8.4523e-07,4.9478e-06,1.0118e-05,1.0105e-05,7.3398e-06,4.9910e-08,2.2999e-07,6.1610e-07,5.0107e-06,8.7376e-06,1.0033e-05,8.6530e-06
P64,0.00,90.00,0.00,0.00,4.8225e-08,2.6458e-07,8.7689e-07,5.0102e-06,1.0211e-05,1.0198e-05,7.5762e-06,4.8435e-08,2.3977e-07,6.3881e-07,5.0665e-06,8.8104e-06,1.0121e-05,8.8597e-06
P64,30.00,90.00,0.00,0.00,4.9728e-08,2.5394e-07,8.4523e-07,4.9478e-06,1.0118e-05,1.0105e-05,7.3398e-06,4.9910e-08,2.2999e-07,6.1610e-07,5.0107e-06,8.7376e-06,1.0033e-05,8.6530e-06
P64,30.00,0.00,0.00,0.00,4.9728e-08,2.5394e-07,8.4523e-07,4.9478e-06,1.0118e-05,1.0105e-05,7.3398e-06,4.9910e-08,2.2999e-07,6.1610e-07,5.0107e-06,8.7376e-06,1.0033e-05,8.6530e-06
P64,30.00,45.00,60.00,0.00,4.6854e-08,2.5393e-07,8.4523e-07,4.9476e-06,1.0118e-05,1.0105e-05,7.3398e-06,4.7025e-08,2.2999e-07,6.1610e-07,5.0105e-06,8.7374e-06,1.0032e-05,8.6529e-06
P64,60.00,0.00,30.00,0.00,5.6239e-08,2.1612e-07,7.3207e-07,4.6480e-06,9.6555e-06,9.6436e-06,6.4337e-06,5.6242e-08,1.9538e-07,5.3371e-07,4.7367e-06,8.3635e-06,9.5895e-06,7.8025e-06
P65,60.00,90.00,30.00,0.00,6.0166e-08,2.6060e-07,8.7936e-07,5.1056e-06,9.6230e-06,9.6142e-06,7.7164e-06,6.0650e-08,2.3562e-07,6.4013e-07,5.1715e-06,8.6776e-06,9.5716e-06,8.6254e-06
P65,0.00,180.00,60.00,0.00,4.9482e-08,3.2285e-07,1.0458e-06,5.5662e-06,1.0490e-05,1.0480e-05,8.8217e-06,4.9888e-08,2.9341e-07,7.6855e-07,5.6069e-06,9.4402e-06,1.0432e-05,9.6671e-06
P65,0.00,90.00,60.00,0.00,4.9482e-08,3.2285e-07,1.0458e-06,5.5662e-06,1.0490e-05,1.0480e-05,8.8217e-06,4.9888e-08,2.9341e-07,7.6855e-07,5.6069e-06,9.4402e-06,1.0432e-05,9.6671e-06
P65,0.00,135.00,30.00,0.00,5.3674e-08,3.2286e-07,1.0458e-06,5.5663e-06,1.0490e-05,1.0480e-05,8.8217e-06,5.4089e-08,2.9341e-07,7.6855e-07,5.6069e-06,9.4402e-06,1.0432e-05,9.6671e-06
P65,30.00,180.00,0.00,0.00,5.6215e-08,3.0932e-07,1.0104e-06,5.4954e-06,1.0319e-05,1.0310e-05,8.5935e-06,5.6645e-08,2.8081e-07,7.4113e-07,5.5418e-06,9.3087e-06,1.0264e-05,9.4536e-06
P65,60.00,0.00,0.00,0.00,6.1448e-08,2.6060e-07,8.7936e-07,5.1057e-06,9.6230e-06,9.6142e-06,7.7164e-06,6.1935e-08,2.3562e-07,6.4013e-07,5.1715e-06,8.6776e-06,9.5716e-06,8.6254e-06
P65,60.00,180.00,60.00,0.00,5.4281e-08,2.6060e-07,8.7936e-07,5.1056e-06,9.6230e-06,9.6142e-06,7.7164e-06,5.4744e-08,2.3562e-07,6.4013e-07,5.1714e-06,8.6776e-06,9.5716e-06,8.6254e-06
P65,60.00,45.00,30.00,0.00,6.0237e-08,2.6060e-07,8.7936e-07,5.1057e-06,9.6230e-06,9.6142e-06,7.7164e-06,6.0722e-08,2.3562e-07,6.4013e-07,5.1715e-06,8.6776e-06,9.5716e-06,8.6254e-06
P65,30.00,45.00,0.00,0.00,5.6215e-08,3.0932e-07,1.0104e-06,5.4954e-06,1.0319e-05,1.0310e-05,8.5935e-06,5.6645e-08,2.8081e-07,7.4113e-07,5.5418e-06,9.3087e-06,1.0264e-05,9.4536e-06
P65,0.00,45.00,0.00,0.00,5.4693e-08,3.2286e-07,1.0458e-06,5.5663e-06,1.0490e-05,1.0480e-05,8.8217e-06,5.5108e-08,2.9341e-07,7.6855e-07,5.6070e-06,9.4402e-06,1.0432e-05,9.6671e-06
P65,30.00,90.00,60.00,0.00,5.0622e-08,3.0932e-07,1.0104e-06,5.4953e-06,1.0319e-05,1.0310e-05,8.5935e-06,5.1041e-08,2.8081e-07,7.4113e-07,5.5417e-06,9.3087e-06,1.0264e-05,9.4536e-06
P65,60.00,180.00,30.00,0.00,6.0065e-08,2.6060e-07,8.7936e-07,5.1056e-06,9.6230e-06,9.6142e-06,7.7164e-06,6.0549e-08,2.3562e-07,6.4013e-07,5.1715e-06,8.6776e-06,9.5716e-06,8.6254e-06
P65,60.00,180.00,0.00,0.00,6.1448e-08,2.6060e-07,8.7936e-07,5.1057e-06,9.6230e-06,9.6142e-06,7.7164e-06,6.1935e-08,2.3562e-07,6.4013e-07,5.1715e-06,8.6776e-06,9.5716e-06,8.6254e-06
P65,60.00,0.00,30.00,0.00,6.0267e-08,2.6060e-07,8.7936e-07,5.1057e-06,9.6230e-06,9.6142e-06,7.7164e-06,6.0751e-08,2.3562e-07,6.4013e-07,5.1715e-06,8.6776e-06,9.5716e-06,8.6254e-06
P65,60.00,135.00,60.00,0.00,5.4395e-08,2.6060e-07,8.7936e-07,5.1056e-06,9.6230e-06,9.6142e-06,7.7164e-06,5.4858e-08,2.3562e-07,6.4013e-07,5.1714e-06,8.6776e-06,9.5716e-06,8.6254e-06
P65,30.00,180.00,60.00,0.00,5.0524e-08,3.0932e-07,1.0104e-06,5.4953e-06,1.0319e-05,1.0310e-05,8.5935e-06,5.0942e-08,2.8081e-07,7.4113e-07,5.5417e-06,9.3087e-06,1.0264e-05,9.4536e-06
P65,0.00,180.00,30.00,0.00,5.3674e-08,3.2286e-07,1.0458e-06,5.5663e-06,1.0490e-05,1.0480e-05,8.8217e-06,5.4089e-08,2.9341e-07,7.6855e-07,5.6069e-06,9.4402e-06,1.0432e-05,9.6671e-06
P65,0.00,45.00,60.00,0.00,4.9482e-08,3.2285e-07,1.0458e-06,5.5662e-06,1.0490e-05,1.0480e-05,8.8217e-06,4.9888e-08,2.9341e-07,7.6855e-07,5.6069e-06,9.4402e-06,1.0432e-05,9.6671e-06
P65,30.00,0.00,0.00,0.00,5.6215e-08,3.0932e-07,1.0104e-06,5.4954e-06,1.0319e-05,1.0310e-05,8.5935e-06,5.6645e-08,2.8081e-07,7.4113e-07,5.5418e-06,9.3087e-06,1.0264e-05,9.4536e-06
P65,30.00,0.00,30.00,0.00,5.5157e-08,3.0932e-07,1.0104e-06,5.4953e-06,1.0319e-05,1.0310e-05,8.5935e-06,5.5586e-08,2.8081e-07,7.4113e-07,5.5418e-06,9.3087e-06,1.0264e-05,9.4536e-06
P65,30.00,90.00,0.00,0.00,5.6215e-08,3.0932e-07,1.0104e-06,5.4954e-06,1.0319e-05,1.0310e-05,8.5935e-06,5.6645e-08,2.8081e-07,7.4113e-07,5.5418e-06,9.3087e-06,1.0264e-05,9.4536e-06
P65,0.00,135.00,60.00,0.00,4.9482e-08,3.2285e-07,1.0458e-06,5.5662e-06,1.0490e-05,1.0480e-05,8.8217e-06,4.9888e-08,2.9341e-07,7.6855e-07,5.6069e-06,9.4402e-06,1.0432e-05,9.6671e-06
P65,60.00,135.00,0.00,0.00,6.1448e-08,2.6060e-07,8.7936e-07,5.1057e-06,9.6230e-06,9.6142e-06,7.7164e-06,6.1935e-08,2.3562e-07,6.4013e-07,5.1715e-06,8.6776e-06,9.5716e-06,8.6254e-06
P65,0.00,45.00,30.00,0.00,5.3674e-08,3.2286e-07,1.0458e-06,5.5663e-06,1.0490e-05,1.0480e-05,8.8217e-06,5.4089e-08,2.9341e-07,7.6855e-07,5.6069e-06,9.4402e-06,1.0432e-05,9.6671e-06
P65,60.00,0.00,60.00,0.00,5.5033e-08,2.6060e-07,8.7936e-07,5.1056e-06,9.6230e-06,9.6142e-06,7.7164e-06,5.5499e-08,2.3562e-07,6.4013e-07,5.1714e-06,8.6776e-06,9.5716e-06,8.6254e-06
P65,30.00,45.00,60.00,0.00,5.0691e-08,3.0932e-07,1.0104e-06,5.4953e-06,1.0319e-05,1.0310e-05,8.5935e-06,5.1110e-08,2.8081e-07,7.4113e-07,5.5417e-06,9.3087e-06,1.0264e-05,9.4536e-06
P65,30.00,180.00,30.00,0.00,5.5102e-08,3.0932e-07,1.0104e-06,5.4953e-06,1.0319e-05,1.0310e-05,8.5935e-06,5.5531e-08,2.8081e-07,7.4113e-07,5.5418e-06,9.3087e-06,1.0264e-05,9.4536e-06
P65,0.00,90.00,30.00,0.00,5.3674e-08,3.2286e-07,1.0458e-06,5.5663e-06,1.0490e-05,1.0480e-05,8.8217e-06,5.4089e-08,2.9341e-07,7.6855e-07,5.6069e-06,9.4402e-06,1.0432e-05,9.6671e-06
P65,60.00,135.00,30.00,0.00,6.0095e-08,2.6060e-07,8.7936e-07,5.1056e-06,9.6230e-06,9.6142e-06,7.7164e-06,6.0578e-08,2.3562e-07,6.4013e-07,5.1715e-06,8.6776e-06,9.5716e-06,8.6254e-06
P65,30.00,45.00,30.00,0.00,5.5149e-08,3.0932e-07,1.0104e-06,5.4953e-06,1.0319e-05,1.0310e-05,8.5935e-06,5.5578e-08,2.8081e-07,7.4113e-07,5.5418e-06,9.3087e-06,1.0264e-05,9.4536e-06
P65,30.00,135.00,30.00,0.00,5.5110e-08,3.0932e-07,1.0104e-06,5.4953e-06,1.0319e-05,1.0310e-05,8.5935e-06,5.5539e-08,2.8081e-07,7.4113e-07,5.5418e-06,9.3087e-06,1.0264e-05,9.4536e-06
P65,60.00,45.00,60.00,0.00,5.4927e-08,2.6060e-07,8.7936e-07,5.1056e-06,9.6230e-06,9.6142e-06,7.7164e-06,5.5392e-08,2.3562e-07,6.4013e-07,5.1714e-06,8.6776e-06,9.5716e-06,8.6254e-06
P65,0.00,135.00,0.00,0.00,5.4693e-08,3.2286e-07,1.0458e-06,5.5663e-06,1.0490e-05,1.0480e-05,8.8217e-06,5.5108e-08,2.9341e-07,7.6855e-07,5.6070e-06,9.4402e-06,1.0432e-05,9.6671e-06
P65,30.00,135.00,60.00,0.00,5.0553e-08,3.0932e-07,1.0104e-06,5.4953e-06,1.0319e-05,1.0310e-05,8.5935e-06,5.0971e-08,2.8081e-07,7.4113e-07,5.5417e-06,9.3087e-06,1.0264e-05,9.4536e-06
P65,0.00,0.00,60.00,0.00,4.9482e-08,3.2285e-07,1.0458e-06,5.5662e-06,1.0490e-05,1.0480e-05,8.8217e-06,4.9888e-08,2.9341e-07,7.6855e-07,5.6069e-06,9.4402e-06,1.0432e-05,9.6671e-06
P65,0.00,0.00,0.00,0.00,5.4693e-08,3.2286e-07,1.0458e-06,5.5663e-06,1.0490e-05,1.0480e-05,8.8217e-06,5.5108e-08,2.9341e-07,7.6855e-07,5.6070e-06,9.4402e-06,1.0432e-05,9.6671e-06
P65,30.00,90.00,30.00,0.00,5.5130e-08,3.0932e-07,1.0104e-06,5.4953e-06,1.0319e-05,1.0310e-05,8.5935e-06,5.5559e-08,2.8081e-07,7.4113e-07,5.5418e-06,9.3087e-06,1.0264e-05,9.4536e-06
P65,0.00,180.00,0.00,0.00,5.4693e-08,3.2286e-07,1.0458e-06,5.5663e-06,1.0490e-05,1.0480e-05,8.8217e-06,5.5108e-08,2.9341e-07,7.6855e-07,5.6070e-06,9.4402e-06,1.0432e-05,9.6671e-06
P65,0.00,0.00,30.00,0.00,5.3674e-08,3.2286e-07,1.0458e-06,5.5663e-06,1.0490e-05,1.0480e-05,8.8217e-06,5.4089e-08,2.9341e-07,7.6855e-07,5.6069e-06,9.4402e-06,1.0432e-05,9.6671e-06
P65,60.00,90.00,0.00,0.00,6.1448e-08,2.6060e-07,8.7936e-07,5.1057e-06,9.6230e-06,9.6142e-06,7.7164e-06,6.1935e-08,2.3562e-07,6.4013e-07,5.1715e-06,8.6776e-06,9.5716e-06,8.6254e-06
P65,30.00,135.00,0.00,0.00,5.6215e-08,3.0932e-07,1.0104e-06,5.4954e-06,1.0319e-05,1.0310e-05,8.5935e-06,5.6645e-08,2.8081e-07,7.4113e-07,5.5418e-06,9.3087e-06,1.0264e-05,9.4536e-06
P65,60.00,90.00,60.00,0.00,5.4665e-08,2.6060e-07,8.7936e-07,5.1056e-06,9.6230e-06,9.6142e-06,7.7164e-06,5.5129e-08,2.3562e-07,6.4013e-07,5.1714e-06,8.6776e-06,9.5716e-06,8.6254e-06
P65,0.00,90.00,0.00,0.00,5.4693e-08,3.2286e-07,1.0458e-06,5.5663e-06,1.0490e-05,1.0480e-05,8.8217e-06,5.5108e-08,2.9341e-07,7.6855e-07,5.6070e-06,9.4402e-06,1.0432e-05,9.6671e-06
P65,60.00,45.00,0.00,0.00,6.1448e-08,2.6060e-07,8.7936e-07,5.1057e-06,9.6230e-06,9.6142e-06,7.7164e-06,6.1935e-08,2.3562e-07,6.4013e-07,5.1715e-06,8.6776e-06,9.5716e-06,8.6254e-06
P65,30.00,0.00,60.00,0.00,5.0720e-08,3.0932e-07,1.0104e-06,5.4953e-06,1.0319e-05,1.0310e-05,8.5935e-06,5.1139e-08,2.8081e-07,7.4113e-07,5.5417e-06,9.3087e-06,1.0264e-05,9.4536e-06
P66,60.00,0.00,0.00,0.00,6.5003e-08,2.0034e-07,7.1731e-07,4.2394e-06,9.1710e-06,9.1599e-06,5.8489e-06,6.4661e-08,1.8004e-07,5.1967e-07,4.3273e-06,7.9863e-06,9.1192e-06,7.2465e-06
P66,30.00,90.00,30.00,0.00,5.4520e-08,2.4156e-07,8.2759e-07,4.6692e-06,9.7914e-06,9.7794e-06,6.7637e-06,5.4473e-08,2.1819e-07,6.0483e-07,4.7361e-06,8.5042e-06,9.7210e-06,8.1512e-06
P66,30.00,135.00,0.00,0.00,5.5427e-08,2.4156e-07,8.2759e-07,4.6693e-06,9.7914e-06,9.7795e-06,6.7637e-06,5.5374e-08,2.1819e-07,6.0483e-07,4.7361e-06,8.5042e-06,9.7210e-06,8.1512e-06
P66,60.00,90.00,30.00,0.00,6.3766e-08,2.0034e-07,7.1731e-07,4.2393e-06,9.1710e-06,9.1599e-06,5.8489e-06,6.3429e-08,1.8004e-07,5.1967e-07,4.3273e-06,7.9862e-06,9.1192e-06,7.2465e-06
P66,0.00,45.00,0.00,0.00,5.3381e-08,2.5291e-07,8.5698e-07,4.7597e-06,9.9193e-06,9.9071e-06,7.0054e-06,5.3379e-08,2.2872e-07,6.2766e-07,4.8206e-06,8.6054e-06,9.8437e-06,8.3759e-06
P66,0.00,135.00,0.00,0.00,5.3381e-08,2.5291e-07,8.5698e-07,4.7597e-06,9.9193e-06,9.9071e-06,7.0054e-06,5.3379e-08,2.2872e-07,6.2766e-07,4.8206e-06,8.6054e-06,9.8437e-06,8.3759e-06
P66,0.00,90.00,60.00,0.00,4.9006e-08,2.5291e-07,8.5698e-07,4.7594e-06,9.9192e-06,9.9070e-06,7.0054e-06,4.9021e-08,2.2872e-07,6.2766e-07,4.8204e-06,8.6052e-06,9.8436e-06,8.3759e-06
P66,0.00,45.00,30.00,0.00,5.2550e-08,2.5291e-07,8.5698e-07,4.7597e-06,9.9193e-06,9.9071e-06,7.0054e-06,5.2554e-08,2.2872e-07,6.2766e-07,4.8206e-06,8.6053e-06,9.8437e-06,8.3759e-06
P66,30.00,180.00,30.00,0.00,5.4499e-08,2.4156e-07,8.2759e-07,4.6692e-06,9.7914e-06,9.7794e-06,6.7637e-06,5.4451e-08,2.1819e-07,6.0483e-07,4.7361e-06,8.5042e-06,9.7210e-06,8.1512e-06
P66,30.00,135.00,60.00,0.00,5.0552e-08,2.4156e-07,8.2759e-07,4.6690e-06,9.7913e-06,9.7793e-06,6.7637e-06,5.0516e-08,2.1819e-07,6.0483e-07,4.7358e-06,8.5040e-06,9.7209e-06,8.1511e-06
P66,30.00,135.00,30.00,0.00,5.4505e-08,2.4156e-07,8.2759e-07,4.6692e-06,9.7914e-06,9.7794e-06,6.7637e-06,5.4457e-08,2.1819e-07,6.0483e-07,4.7361e-06,8.5042e-06,9.7210e-06,8.1512e-06
P66,0.00,0.00,60.00,0.00,4.9006e-08,2.5291e-07,8.5698e-07,4.7594e-06,9.9192e-06,9.9070e-06,7.0054e-06,4.9021e-08,2.2872e-07,6.2766e-07,4.8204e-06,8.6052e-06,9.8436e-06,8.3759e-06
P66,60.00,180.00,30.00,0.00,6.3673e-08,2.0034e-07,7.1731e-07,4.2393e-06,9.1710e-06,9.1599e-06,5.8489e-06,6.3336e-08,1.8004e-07,5.1967e-07,4.3272e-06,7.9862e-06,9.1192e-06,7.2465e-06
P66,60.00,0.00,60.00,0.00,5.8648e-08,2.0034e-07,7.1731e-07,4.2389e-06,9.1709e-06,9.1598e-06,5.8489e-06,5.8323e-08,1.8004e-07,5.1967e-07,4.3269e-06,7.9860e-06,9.1191e-06,7.2465e-06
P66,30.00,0.00,60.00,0.00,5.0702e-08,2.4156e-07,8.2759e-07,4.6690e-06,9.7913e-06,9.7793e-06,6.7637e-06,5.0665e-08,2.1819e-07,6.0483e-07,4.7358e-06,8.5041e-06,9.7209e-06,8.1511e-06
P66,60.00,45.00,60.00,0.00,5.8539e-08,2.0034e-07,7.1731e-07,4.2389e-06,9.1709e-06,9.1598e-06,5.8489e-06,5.8215e-08,1.8004e-07,5.1967e-07,4.3269e-06,7.9860e-06,9.1191e-06,7.2465e-06
P66,60.00,0.00,30.00,0.00,6.3860e-08,2.0034e-07,7.1731e-07,4.2393e-06,9.1710e-06,9.1599e-06,5.8489e-06,6.3522e-08,1.8004e-07,5.1967e-07,4.3273e-06,7.9862e-06,9.1192e-06,7.2465e-06
P66,60.00,135.00,30.00,0.00,6.3701e-08,2.0034e-07,7.1731e-07,4.2393e-06,9.1710e-06,9.1599e-06,5.8489e-06,6.3363e-08,1.8004e-07,5.1967e-07,4.3272e-06,7.9862e-06,9.1192e-06,7.2465e-06
P66,0.00,90.00,30.00,0.00,5.2550e-08,2.5291e-07,8.5698e-07,4.7597e-06,9.9193e-06,9.9071e-06,7.0054e-06,5.2554e-08,2.2872e-07,6.2766e-07,4.8206e-06,8.6053e-06,9.8437e-06,8.3759e-06
P66,30.00,0.00,0.00,0.00,5.5427e-08,2.4156e-07,8.2759e-07,4.6693e-06,9.7914e-06,9.7795e-06,6.7637e-06,5.5374e-08,2.1819e-07,6.0483e-07,4.7361e-06,8.5042e-06,9.7210e-06,8.1512e-06
P66,0.00,180.00,60.00,0.00,4.9006e-08,2.5291e-07,8.5698e-07,4.7594e-06,9.9192e-06,9.9070e-06,7.0054e-06,4.9021e-08,2.2872e-07,6.2766e-07,4.8204e-06,8.6052e-06,9.8436e-06,8.3759e-06
P66,60.00,180.00,0.00,0.00,6.5003e-08,2.0034e-07,7.1731e-07,4.2394e-06,9.1710e-06,9.1599e-06,5.8489e-06,6.4661e-08,1.8004e-07,5.1967e-07,4.3273e-06,7.9863e-06,9.1192e-06,7.2465e-06
P66,30.00,180.00,0.00,0.00,5.5427e-08,2.4156e-07,8.2759e-07,4.6693e-06,9.7914e-06,9.7795e-06,6.7637e-06,5.5374e-08,2.1819e-07,6.0483e-07,4.7361e-06,8.5042e-06,9.7210e-06,8.1512e-06
P66,30.00,45.00,60.00,0.00,5.0676e-08,2.4156e-07,8.2759e-07,4.6690e-06,9.7913e-06,9.7793e-06,6.7637e-06,5.0640e-08,2.1819e-07,6.0483e-07,4.7358e-06,8.5041e-06,9.7209e-06,8.1511e-06
P66,30.00,180.00,60.00,0.00,5.0526e-08,2.4156e-07,8.2759e-07,4.6690e-06,9.7913e-06,9.7793e-06,6.7637e-06,5.0490e-08,2.1819e-07,6.0483e-07,4.7358e-06,8.5040e-06,9.7209e-06,8.1511e-06
P66,30.00,0.00,30.00,0.00,5.4542e-08,2.4156e-07,8.2759e-07,4.6692e-06,9.7914e-06,9.7794e-06,6.7637e-06,5.4495e-08,2.1819e-07,6.0483e-07,4.7361e-06,8.5042e-06,9.7210e-06,8.1512e-06
P66,30.00,45.00,30.00,0.00,5.4536e-08,2.4156e-07,8.2759e-07,4.6692e-06,9.7914e-06,9.7794e-06,6.7637e-06,5.4488e-08,2.1819e-07,6.0483e-07,4.7361e-06,8.5042e-06,9.7210e-06,8.1512e-06
P66,0.00,45.00,60.00,0.00,4.9006e-08,2.5291e-07,8.5698e-07,4.7594e-06,9.9192e-06,9.9070e-06,7.0054e-06,4.9021e-08,2.2872e-07,6.2766e-07,4.8204e-06,8.6052e-06,9.8436e-06,8.3759e-06
P66,0.00,180.00,0.00,0.00,5.3381e-08,2.5291e-07,8.5698e-07,4.7597e-06,9.9193e-06,9.9071e-06,7.0054e-06,5.3379e-08,2.2872e-07,6.2766e-07,4.8206e-06,8.6054e-06,9.8437e-06,8.3759e-06
P66,0.00,135.00,60.00,0.00,4.9006e-08,2.5291e-07,8.5698e-07,4.7594e-06,9.9192e-06,9.9070e-06,7.0054e-06,4.9021e-08,2.2872e-07,6.2766e-07,4.8204e-06,8.6052e-06,9.8436e-06,8.3759e-06
P66,0.00,90.00,0.00,0.00,5.3381e-08,2.5291e-07,8.5698e-07,4.7597e-06,9.9193e-06,9.9071e-06,7.0054e-06,5.3379e-08,2.2872e-07,6.2766e-07,4.8206e-06,8.6054e-06,9.8437e-06,8.3759e-06
P66,60.00,45.00,0.00,0.00,6.5003e-08,2.0034e-07,7.1731e-07,4.2394e-06,9.1710e-06,9.1599e-06,5.8489e-06,6.4661e-08,1.8004e-07,5.1967e-07,4.3273e-06,7.9863e-06,9.1192e-06,7.2465e-06
P66,60.00,45.00,30.00,0.00,6.3832e-08,2.0034e-07,7.1731e-07,4.2393e-06,9.1710e-06,9.1599e-06,5.8489e-06,6.3495e-08,1.8004e-07,5.1967e-07,4.3273e-06,7.9862e-06,9.1192e-06,7.2465e-06
P66,60.00,135.00,0.00,0.00,6.5003e-08,2.0034e-07,7.1731e-07,4.2394e-06,9.1710e-06,9.1599e-06,5.8489e-06,6.4661e-08,1.8004e-07,5.1967e-07,4.3273e-06,7.9863e-06,9.1192e-06,7.2465e-06
P66,0.00,0.00,30.00,0.00,5.2550e-08,2.5291e-07,8.5698e-07,4.7597e-06,9.9193e-06,9.9071e-06,7.0054e-06,5.2554e-08,2.2872e-07,6.2766e-07,4.8206e-06,8.6053e-06,9.8437e-06,8.3759e-06
P66,0.00,180.00,30.00,0.00,5.2550e-08,2.5291e-07,8.5698e-07,4.7597e-06,9.9193e-06,9.9071e-06,7.0054e-06,5.2554e-08,2.2872e-07,6.2766e-07,4.8206e-06,8.6053e-06,9.8437e-06,8.3759e-06
P66,0.00,0.00,0.00,0.00,5.3381e-08,2.5291e-07,8.5698e-07,4.7597e-06,9.9193e-06,9.9071e-06,7.0054e-06,5.3379e-08,2.2872e-07,6.2766e-07,4.8206e-06,8.6054e-06,9.8437e-06,8.3759e-06
P66,30.00,90.00,0.00,0.00,5.5427e-08,2.4156e-07,8.2759e-07,4.6693e-06,9.7914e-06,9.7795e-06,6.7637e-06,5.5374e-08,2.1819e-07,6.0483e-07,4.7361e-06,8.5042e-06,9.7210e-06,8.1512e-06
P66,60.00,90.00,60.00,0.00,5.8271e-08,2.0034e-07,7.1731e-07,4.2389e-06,9.1709e-06,9.1597e-06,5.8489e-06,5.7947e-08,1.8004e-07,5.1967e-07,4.3268e-06,7.9860e-06,9.1191e-06,7.2465e-06
P66,60.00,180.00,60.00,0.00,5.7875e-08,2.0034e-07,7.1731e-07,4.2389e-06,9.1708e-06,9.1597e-06,5.8489e-06,5.7552e-08,1.8004e-07,5.1967e-07,4.3268e-06,7.9860e-06,9.1191e-06,7.2465e-06
P66,60.00,135.00,60.00,0.00,5.7993e-08,2.0034e-07,7.1731e-07,4.2389e-06,9.1708e-06,9.1597e-06,5.8489e-06,5.7670e-08,1.8004e-07,5.1967e-07,4.3268e-06,7.9860e-06,9.1191e-06,7.2465e-06
P66,0.00,135.00,30.00,0.00,5.2550e-08,2.5291e-07,8.5698e-07,4.7597e-06,9.9193e-06,9.9071e-06,7.0054e-06,5.2554e-08,2.2872e-07,6.2766e-07,4.8206e-06,8.6053e-06,9.8437e-06,8.3759e-06
P66,30.00,90.00,60.00,0.00,5.0614e-08,2.4156e-07,8.2759e-07,4.6690e-06,9.7913e-06,9.7793e-06,6.7637e-06,5.0578e-08,2.1819e-07,6.0483e-07,4.7358e-06,8.5040e-06,9.7209e-06,8.1511e-06
P66,60.00,90.00,0.00,0.00,6.5003e-08,2.0034e-07,7.1731e-07,4.2394e-06,9.1710e-06,9.1599e-06,5.8489e-06,6.4661e-08,1.8004e-07,5.1967e-07,4.3273e-06,7.9863e-06,9.1192e-06,7.2465e-06
P66,30.00,45.00,0.00,0.00,5.5427e-08,2.4156e-07,8.2759e-07,4.6693e-06,9.7914e-06,9.7795e-06,6.7637e-06,5.5374e-08,2.1819e-07,6.0483e-07,4.7361e-06,8.5042e-06,9.7210e-06,8.1512e-06
P67,60.00,0.00,30.00,0.00,5.8561e-08,2.2552e-07,8.2171e-07,4.8595e-06,1.0050e-05,1.0037e-05,6.9139e-06,5.8502e-08,2.0195e-07,5.7926e-07,4.9430e-06,8.5806e-06,9.9560e-06,8.3516e-06
P67,60.00,45.00,0.00,0.00,5.9231e-08,2.2552e-07,8.2171e-07,4.8596e-06,1.0050e-05,1.0037e-05,6.9139e-06,5.9174e-08,2.0195e-07,5.7926e-07,4.9430e-06,8.5807e-06,9.9560e-06,8.3516e-06
P67,0.00,0.00,30.00,0.00,4.8970e-08,2.8696e-07,1.0246e-06,5.1522e-06,1.0455e-05,1.0441e-05,8.0849e-06,4.9145e-08,2.5783e-07,7.2273e-07,5.2013e-06,8.9336e-06,1.0343e-05,9.3341e-06
P67,30.00,45.00,60.00,0.00,4.8282e-08,2.7314e-07,9.7992e-07,5.1020e-06,1.0388e-05,1.0374e-05,7.8508e-06,4.8415e-08,2.4521e-07,6.9095e-07,5.1578e-06,8.8764e-06,1.0280e-05,9.1465e-06
P67,60.00,90.00,30.00,0.00,5.8499e-08,2.2552e-07,8.2171e-07,4.8595e-06,1.0050e-05,1.0037e-05,6.9139e-06,5.8440e-08,2.0195e-07,5.7926e-07,4.9430e-06,8.5806e-06,9.9560e-06,8.3516e-06
P67,60.00,135.00,0.00,0.00,5.9231e-08,2.2552e-07,8.2171e-07,4.8596e-06,1.0050e-05,1.0037e-05,6.9139e-06,5.9174e-08,2.0195e-07,5.7926e-07,4.9430e-06,8.5807e-06,9.9560e-06,8.3516e-06
P67,30.00,0.00,30.00,0.00,5.0611e-08,2.7314e-07,9.7992e-07,5.1021e-06,1.0388e-05,1.0374e-05,7.8508e-06,5.0753e-08,2.4521e-07,6.9095e-07,5.1580e-06,8.8766e-06,1.0280e-05,9.1465e-06
P67,30.00,180.00,0.00,0.00,5.1112e-08,2.7314e-07,9.7992e-07,5.1022e-06,1.0388e-05,1.0374e-05,7.8508e-06,5.1254e-08,2.4521e-07,6.9095e-07,5.1580e-06,8.8766e-06,1.0280e-05,9.1465e-06
P67,30.00,45.00,30.00,0.00,5.0607e-08,2.7314e-07,9.7992e-07,5.1021e-06,1.0388e-05,1.0374e-05,7.8508e-06,5.0749e-08,2.4521e-07,6.9095e-07,5.1580e-06,8.8766e-06,1.0280e-05,9.1465e-06
P67,60.00,45.00,60.00,0.00,5.5246e-08,2.2552e-07,8.2171e-07,4.8593e-06,1.0050e-05,1.0037e-05,6.9139e-06,5.5178e-08,2.0195e-07,5.7926e-07,4.9427e-06,8.5804e-06,9.9559e-06,8.3515e-06
P67,0.00,135.00,30.00,0.00,4.8970e-08,2.8696e-07,1.0246e-06,5.1522e-06,1.0455e-05,1.0441e-05,8.0849e-06,4.9145e-08,2.5783e-07,7.2273e-07,5.2013e-06,8.9336e-06,1.0343e-05,9.3341e-06
P67,0.00,180.00,30.00,0.00,4.8970e-08,2.8696e-07,1.0246e-06,5.1522e-06,1.0455e-05,1.0441e-05,8.0849e-06,4.9145e-08,2.5783e-07,7.2273e-07,5.2013e-06,8.9336e-06,1.0343e-05,9.3341e-06
P67,0.00,90.00,30.00,0.00,4.8970e-08,2.8696e-07,1.0246e-06,5.1522e-06,1.0455e-05,1.0441e-05,8.0849e-06,4.9145e-08,2.5783e-07,7.2273e-07,5.2013e-06,8.9336e-06,1.0343e-05,9.3341e-06
P67,0.00,135.00,60.00,0.00,4.6850e-08,2.8696e-07,1.0246e-06,5.1521e-06,1.0454e-05,1.0441e-05,8.0849e-06,4.7017e-08,2.5783e-07,7.2273e-07,5.2011e-06,8.9335e-06,1.0343e-05,9.3341e-06
P67,30.00,180.00,60.00,0.00,4.8182e-08,2.7314e-07,9.7992e-07,5.1020e-06,1.0388e-05,1.0374e-05,7.8508e-06,4.8315e-08,2.4521e-07,6.9095e-07,5.1578e-06,8.8764e-06,1.0280e-05,9.1465e-06
P67,0.00,90.00,60.00,0.00,4.6850e-08,2.8696e-07,1.0246e-06,5.1521e-06,1.0454e-05,1.0441e-05,8.0849e-06,4.7017e-08,2.5783e-07,7.2273e-07,5.2011e-06,8.9335e-06,1.0343e-05,9.3341e-06
P67,0.00,180.00,0.00,0.00,4.9436e-08,2.8696e-07,1.0246e-06,5.1522e-06,1.0455e-05,1.0441e-05,8.0849e-06,4.9611e-08,2.5783e-07,7.2273e-07,5.2013e-06,8.9336e-06,1.0343e-05,9.3341e-06
P67,60.00,0.00,0.00,0.00,5.9231e-08,2.2552e-07,8.2171e-07,4.8596e-06,1.0050e-05,1.0037e-05,6.9139e-06,5.9174e-08,2.0195e-07,5.7926e-07,4.9430e-06,8.5807e-06,9.9560e-06,8.3516e-06
P67,60.00,180.00,60.00,0.00,5.4783e-08,2.2552e-07,8.2171e-07,4.8593e-06,1.0050e-05,1.0037e-05,6.9139e-06,5.4713e-08,2.0195e-07,5.7926e-07,4.9427e-06,8.5804e-06,9.9559e-06,8.3515e-06
P67,30.00,90.00,30.00,0.00,5.0598e-08,2.7314e-07,9.7992e-07,5.1021e-06,1.0388e-05,1.0374e-05,7.8508e-06,5.0739e-08,2.4521e-07,6.9095e-07,5.1579e-06,8.8765e-06,1.0280e-05,9.1465e-06
P67,30.00,45.00,0.00,0.00,5.1112e-08,2.7314e-07,9.7992e-07,5.1022e-06,1.0388e-05,1.0374e-05,7.8508e-06,5.1254e-08,2.4521e-07,6.9095e-07,5.1580e-06,8.8766e-06,1.0280e-05,9.1465e-06
P67,60.00,135.00,30.00,0.00,5.8456e-08,2.2552e-07,8.2171e-07,4.8595e-06,1.0050e-05,1.0037e-05,6.9139e-06,5.8397e-08,2.0195e-07,5.7926e-07,4.9430e-06,8.5806e-06,9.9560e-06,8.3516e-06
P67,30.00,90.00,60.00,0.00,4.8241e-08,2.7314e-07,9.7992e-07,5.1020e-06,1.0388e-05,1.0374e-05,7.8508e-06,4.8373e-08,2.4521e-07,6.9095e-07,5.1578e-06,8.8764e-06,1.0280e-05,9.1465e-06
P67,60.00,45.00,30.00,0.00,5.8542e-08,2.2552e-07,8.2171e-07,4.8595e-06,1.0050e-05,1.0037e-05,6.9139e-06,5.8484e-08,2.0195e-07,5.7926e-07,4.9430e-06,8.5806e-06,9.9560e-06,8.3516e-06
P67,0.00,0.00,0.00,0.00,4.9436e-08,2.8696e-07,1.0246e-06,5.1522e-06,1.0455e-05,1.0441e-05,8.0849e-06,4.9611e-08,2.5783e-07,7.2273e-07,5.2013e-06,8.9336e-06,1.0343e-05,9.3341e-06
P67,30.00,0.00,0.00,0.00,5.1112e-08,2.7314e-07,9.7992e-07,5.1022e-06,1.0388e-05,1.0374e-05,7.8508e-06,5.1254e-08,2.4521e-07,6.9095e-07,5.1580e-06,8.8766e-06,1.0280e-05,9.1465e-06
P67,30.00,180.00,30.00,0.00,5.0585e-08,2.7314e-07,9.7992e-07,5.1021e-06,1.0388e-05,1.0374e-05,7.8508e-06,5.0726e-08,2.4521e-07,6.9095e-07,5.1579e-06,8.8765e-06,1.0280e-05,9.1465e-06
P67,30.00,135.00,60.00,0.00,4.8199e-08,2.7314e-07,9.7992e-07,5.1020e-06,1.0388e-05,1.0374e-05,7.8508e-06,4.8332e-08,2.4521e-07,6.9095e-07,5.1578e-06,8.8764e-06,1.0280e-05,9.1465e-06
P67,60.00,180.00,30.00,0.00,5.8438e-08,2.2552e-07,8.2171e-07,4.8595e-06,1.0050e-05,1.0037e-05,6.9139e-06,5.8379e-08,2.0195e-07,5.7926e-07,4.9430e-06,8.5806e-06,9.9560e-06,8.3516e-06
P67,0.00,135.00,0.00,0.00,4.9436e-08,2.8696e-07,1.0246e-06,5.1522e-06,1.0455e-05,1.0441e-05,8.0849e-06,4.9611e-08,2.5783e-07,7.2273e-07,5.2013e-06,8.9336e-06,1.0343e-05,9.3341e-06
P67,0.00,45.00,30.00,0.00,4.8970e-08,2.8696e-07,1.0246e-06,5.1522e-06,1.0455e-05,1.0441e-05,8.0849e-06,4.9145e-08,2.5783e-07,7.2273e-07,5.2013e-06,8.9336e-06,1.0343e-05,9.3341e-06
P67,60.00,0.00,60.00,0.00,5.5323e-08,2.2552e-07,8.2171e-07,4.8593e-06,1.0050e-05,1.0037e-05,6.9139e-06,5.5254e-08,2.0195e-07,5.7926e-07,4.9427e-06,8.5804e-06,9.9559e-06,8.3515e-06
P67,0.00,90.00,0.00,0.00,4.9436e-08,2.8696e-07,1.0246e-06,5.1522e-06,1.0455e-05,1.0441e-05,8.0849e-06,4.9611e-08,2.5783e-07,7.2273e-07,5.2013e-06,8.9336e-06,1.0343e-05,9.3341e-06
P67,30.00,0.00,60.00,0.00,4.8300e-08,2.7314e-07,9.7992e-07,5.1020e-06,1.0388e-05,1.0374e-05,7.8508e-06,4.8432e-08,2.4521e-07,6.9095e-07,5.1578e-06,8.8764e-06,1.0280e-05,9.1465e-06
P67,0.00,0.00,60.00,0.00,4.6850e-08,2.8696e-07,1.0246e-06,5.1521e-06,1.0454e-05,1.0441e-05,8.0849e-06,4.7017e-08,2.5783e-07,7.2273e-07,5.2011e-06,8.9335e-06,1.0343e-05,9.3341e-06
P67,0.00,45.00,60.00,0.00,4.6850e-08,2.8696e-07,1.0246e-06,5.1521e-06,1.0454e-05,1.0441e-05,8.0849e-06,4.7017e-08,2.5783e-07,7.2273e-07,5.2011e-06,8.9335e-06,1.0343e-05,9.3341e-06
P67,0.00,180.00,60.00,0.00,4.6850e-08,2.8696e-07,1.0246e-06,5.1521e-06,1.0454e-05,1.0441e-05,8.0849e-06,4.7017e-08,2.5783e-07,7.2273e-07,5.2011e-06,8.9335e-06,1.0343e-05,9.3341e-06
P67,60.00,90.00,60.00,0.00,5.5059e-08,2.2552e-07,8.2171e-07,4.8593e-06,1.0050e-05,1.0037e-05,6.9139e-06,5.4990e-08,2.0195e-07,5.7926e-07,4.9427e-06,8.5804e-06,9.9559e-06,8.3515e-06
P67,60.00,135.00,60.00,0.00,5.4865e-08,2.2552e-07,8.2171e-07,4.8593e-06,1.0050e-05,1.0037e-05,6.9139e-06,5.4795e-08,2.0195e-07,5.7926e-07,4.9427e-06,8.5804e-06,9.9559e-06,8.3515e-06
P67,30.00,135.00,0.00,0.00,5.1112e-08,2.7314e-07,9.7992e-07,5.1022e-06,1.0388e-05,1.0374e-05,7.8508e-06,5.1254e-08,2.4521e-07,6.9095e-07,5.1580e-06,8.8766e-06,1.0280e-05,9.1465e-06
P67,60.00,180.00,0.00,0.00,5.9231e-08,2.2552e-07,8.2171e-07,4.8596e-06,1.0050e-05,1.0037e-05,6.9139e-06,5.9174e-08,2.0195e-07,5.7926e-07,4.9430e-06,8.5807e-06,9.9560e-06,8.3516e-06
P67,0.00,45.00,0.00,0.00,4.9436e-08,2.8696e-07,1.0246e-06,5.1522e-06,1.0455e-05,1.0441e-05,8.0849e-06,4.9611e-08,2.5783e-07,7.2273e-07,5.2013e-06,8.9336e-06,1.0343e-05,9.3341e-06
P67,60.00,90.00,0.00,0.00,5.9231e-08,2.2552e-07,8.2171e-07,4.8596e-06,1.0050e-05,1.0037e-05,6.9139e-06,5.9174e-08,2.0195e-07,5.7926e-07,4.9430e-06,8.5807e-06,9.9560e-06,8.3516e-06
P67,30.00,90.00,0.00,0.00,5.1112e-08,2.7314e-07,9.7992e-07,5.1022e-06,1.0388e-05,1.0374e-05,7.8508e-06,5.1254e-08,2.4521e-07,6.9095e-07,5.1580e-06,8.8766e-06,1.0280e-05,9.1465e-06
P67,30.00,135.00,30.00,0.00,5.0589e-08,2.7314e-07,9.7992e-07,5.1021e-06,1.0388e-05,1.0374e-05,7.8508e-06,5.0730e-08,2.4521e-07,6.9095e-07,5.1579e-06,8.8765e-06,1.0280e-05,9.1465e-06
P68,0.00,45.00,0.00,0.00,5.7551e-08,2.9494e-07,9.2561e-07,4.7525e-06,9.9961e-06,9.9835e-06,6.8434e-06,5.7284e-08,2.6963e-07,6.8879e-07,4.8285e-06,8.6302e-06,9.9156e-06,8.2610e-06
P68,0.00,0.00,30.00,0.00,5.6309e-08,2.9494e-07,9.2561e-07,4.7525e-06,9.9961e-06,9.9834e-06,6.8434e-06,5.6065e-08,2.6963e-07,6.8879e-07,4.8285e-06,8.6302e-06,9.9156e-06,8.2610e-06
P68,60.00,90.00,30.00,0.00,6.9438e-08,2.4952e-07,7.7941e-07,4.2001e-06,9.2496e-06,9.2380e-06,5.7184e-06,6.8753e-08,2.2849e-07,5.8211e-07,4.3043e-06,8.0087e-06,9.1955e-06,7.1031e-06
P68,30.00,180.00,60.00,0.00,5.3370e-08,2.8471e-07,8.9411e-07,4.6570e-06,9.8708e-06,9.8584e-06,6.6021e-06,5.3120e-08,2.6032e-07,6.6556e-07,4.7394e-06,8.5298e-06,9.7958e-06,8.0292e-06
P68,0.00,45.00,60.00,0.00,5.1600e-08,2.9494e-07,9.2561e-07,4.7522e-06,9.9961e-06,9.9834e-06,6.8434e-06,5.1418e-08,2.6963e-07,6.8879e-07,4.8282e-06,8.6300e-06,9.9155e-06,8.2610e-06
P68,60.00,135.00,0.00,0.00,7.1191e-08,2.4952e-07,7.7941e-07,4.2002e-06,9.2496e-06,9.2380e-06,5.7184e-06,7.0484e-08,2.2849e-07,5.8211e-07,4.3044e-06,8.0087e-06,9.1955e-06,7.1031e-06
P68,30.00,45.00,60.00,0.00,5.3543e-08,2.8471e-07,8.9411e-07,4.6570e-06,9.8708e-06,9.8584e-06,6.6021e-06,5.3291e-08,2.6032e-07,6.6556e-07,4.7394e-06,8.5298e-06,9.7958e-06,8.0292e-06
P68,60.00,180.00,30.00,0.00,6.9327e-08,2.4952e-07,7.7941e-07,4.2001e-06,9.2496e-06,9.2380e-06,5.7184e-06,6.8643e-08,2.2849e-07,5.8211e-07,4.3043e-06,8.0087e-06,9.1955e-06,7.1030e-06
P68,60.00,180.00,0.00,0.00,7.1191e-08,2.4952e-07,7.7941e-07,4.2002e-06,9.2496e-06,9.2380e-06,5.7184e-06,7.0484e-08,2.2849e-07,5.8211e-07,4.3044e-06,8.0087e-06,9.1955e-06,7.1031e-06
P68,30.00,90.00,60.00,0.00,5.3472e-08,2.8471e-07,8.9411e-07,4.6570e-06,9.8708e-06,9.8584e-06,6.6021e-06,5.3220e-08,2.6032e-07,6.6556e-07,4.7394e-06,8.5298e-06,9.7958e-06,8.0292e-06
P68,0.00,90.00,30.00,0.00,5.6309e-08,2.9494e-07,9.2561e-07,4.7525e-06,9.9961e-06,9.9834e-06,6.8434e-06,5.6065e-08,2.6963e-07,6.8879e-07,4.8285e-06,8.6302e-06,9.9156e-06,8.2610e-06
P68,30.00,0.00,0.00,0.00,5.9937e-08,2.8472e-07,8.9411e-07,4.6573e-06,9.8709e-06,9.8585e-06,6.6022e-06,5.9602e-08,2.6032e-07,6.6556e-07,4.7397e-06,8.5299e-06,9.7959e-06,8.0293e-06
P68,60.00,135.00,30.00,0.00,6.9360e-08,2.4952e-07,7.7941e-07,4.2001e-06,9.2496e-06,9.2380e-06,5.7184e-06,6.8675e-08,2.2849e-07,5.8211e-07,4.3043e-06,8.0087e-06,9.1955e-06,7.1030e-06
P68,30.00,0.00,30.00,0.00,5.8629e-08,2.8472e-07,8.9411e-07,4.6573e-06,9.8709e-06,9.8584e-06,6.6022e-06,5.8317e-08,2.6032e-07,6.6556e-07,4.7397e-06,8.5299e-06,9.7959e-06,8.0292e-06
P68,30.00,0.00,60.00,0.00,5.3573e-08,2.8471e-07,8.9411e-07,4.6570e-06,9.8708e-06,9.8584e-06,6.6021e-06,5.3320e-08,2.6032e-07,6.6556e-07,4.7394e-06,8.5298e-06,9.7958e-06,8.0292e-06
P68,60.00,135.00,60.00,0.00,6.2126e-08,2.4951e-07,7.7941e-07,4.1997e-06,9.2495e-06,9.2379e-06,5.7184e-06,6.1506e-08,2.2849e-07,5.8211e-07,4.3038e-06,8.0085e-06,9.1954e-06,7.1030e-06
P68,30.00,135.00,0.00,0.00,5.9937e-08,2.8472e-07,8.9411e-07,4.6573e-06,9.8709e-06,9.8585e-06,6.6022e-06,5.9602e-08,2.6032e-07,6.6556e-07,4.7397e-06,8.5299e-06,9.7959e-06,8.0293e-06
P68,60.00,45.00,60.00,0.00,6.2730e-08,2.4951e-07,7.7941e-07,4.1997e-06,9.2495e-06,9.2379e-06,5.7184e-06,6.2106e-08,2.2849e-07,5.8211e-07,4.3039e-06,8.0085e-06,9.1954e-06,7.1030e-06
P68,30.00,180.00,0.00,0.00,5.9937e-08,2.8472e-07,8.9411e-07,4.6573e-06,9.8709e-06,9.8585e-06,6.6022e-06,5.9602e-08,2.6032e-07,6.6556e-07,4.7397e-06,8.5299e-06,9.7959e-06,8.0293e-06
P68,30.00,180.00,30.00,0.00,5.8572e-08,2.8472e-07,8.9411e-07,4.6573e-06,9.8709e-06,9.8584e-06,6.6022e-06,5.8261e-08,2.6032e-07,6.6556e-07,4.7397e-06,8.5299e-06,9.7959e-06,8.0292e-06
P68,0.00,135.00,60.00,0.00,5.1600e-08,2.9494e-07,9.2561e-07,4.7522e-06,9.9961e-06,9.9834e-06,6.8434e-06,5.1418e-08,2.6963e-07,6.8879e-07,4.8282e-06,8.6300e-06,9.9155e-06,8.2610e-06
P68,0.00,90.00,60.00,0.00,5.1600e-08,2.9494e-07,9.2561e-07,4.7522e-06,9.9961e-06,9.9834e-06,6.8434e-06,5.1418e-08,2.6963e-07,6.8879e-07,4.8282e-06,8.6300e-06,9.9155e-06,8.2610e-06
P68,30.00,45.00,0.00,0.00,5.9937e-08,2.8472e-07,8.9411e-07,4.6573e-06,9.8709e-06,9.8585e-06,6.6022e-06,5.9602e-08,2.6032e-07,6.6556e-07,4.7397e-06,8.5299e-06,9.7959e-06,8.0293e-06
P68,60.00,45.00,0.00,0.00,7.1191e-08,2.4952e-07,7.7941e-07,4.2002e-06,9.2496e-06,9.2380e-06,5.7184e-06,7.0484e-08,2.2849e-07,5.8211e-07,4.3044e-06,8.0087e-06,9.1955e-06,7.1031e-06
P68,0.00,135.00,0.00,0.00,5.7551e-08,2.9494e-07,9.2561e-07,4.7525e-06,9.9961e-06,9.9835e-06,6.8434e-06,5.7284e-08,2.6963e-07,6.8879e-07,4.8285e-06,8.6302e-06,9.9156e-06,8.2610e-06
P68,0.00,0.00,60.00,0.00,5.1600e-08,2.9494e-07,9.2561e-07,4.7522e-06,9.9961e-06,9.9834e-06,6.8434e-06,5.1418e-08,2.6963e-07,6.8879e-07,4.8282e-06,8.6300e-06,9.9155e-06,8.2610e-06
P68,0.00,0.00,0.00,0.00,5.7551e-08,2.9494e-07,9.2561e-07,4.7525e-06,9.9961e-06,9.9835e-06,6.8434e-06,5.7284e-08,2.6963e-07,6.8879e-07,4.8285e-06,8.6302e-06,9.9156e-06,8.2610e-06
P68,60.00,0.00,30.00,0.00,6.9549e-08,2.4952e-07,7.7941e-07,4.2001e-06,9.2496e-06,9.2380e-06,5.7184e-06,6.8863e-08,2.2849e-07,5.8211e-07,4.3043e-06,8.0087e-06,9.1955e-06,7.1031e-06
P68,60.00,90.00,0.00,0.00,7.1191e-08,2.4952e-07,7.7941e-07,4.2002e-06,9.2496e-06,9.2380e-06,5.7184e-06,7.0484e-08,2.2849e-07,5.8211e-07,4.3044e-06,8.0087e-06,9.1955e-06,7.1031e-06
P68,60.00,180.00,60.00,0.00,6.1996e-08,2.4951e-07,7.7941e-07,4.1997e-06,9.2495e-06,9.2379e-06,5.7184e-06,6.1377e-08,2.2849e-07,5.8211e-07,4.3038e-06,8.0085e-06,9.1954e-06,7.1030e-06
P68,60.00,0.00,60.00,0.00,6.2850e-08,2.4951e-07,7.7941e-07,4.1998e-06,9.2495e-06,9.2379e-06,5.7184e-06,6.2226e-08,2.2849e-07,5.8211e-07,4.3039e-06,8.0085e-06,9.1954e-06,7.1030e-06
P68,30.00,135.00,60.00,0.00,5.3400e-08,2.8471e-07,8.9411e-07,4.6570e-06,9.8708e-06,9.8584e-06,6.6021e-06,5.3150e-08,2.6032e-07,6.6556e-07,4.7394e-06,8.5298e-06,9.7958e-06,8.0292e-06
P68,0.00,135.00,30.00,0.00,5.6309e-08,2.9494e-07,9.2561e-07,4.7525e-06,9.9961e-06,9.9834e-06,6.8434e-06,5.6065e-08,2.6963e-07,6.8879e-07,4.8285e-06,8.6302e-06,9.9156e-06,8.2610e-06
P68,0.00,45.00,30.00,0.00,5.6309e-08,2.9494e-07,9.2561e-07,4.7525e-06,9.9961e-06,9.9834e-06,6.8434e-06,5.6065e-08,2.6963e-07,6.8879e-07,4.8285e-06,8.6302e-06,9.9156e-06,8.2610e-06
P68,60.00,45.00,30.00,0.00,6.9517e-08,2.4952e-07,7.7941e-07,4.2001e-06,9.2496e-06,9.2380e-06,5.7184e-06,6.8830e-08,2.2849e-07,5.8211e-07,4.3043e-06,8.0087e-06,9.1955e-06,7.1031e-06
P68,0.00,180.00,30.00,0.00,5.6309e-08,2.9494e-07,9.2561e-07,4.7525e-06,9.9961e-06,9.9834e-06,6.8434e-06,5.6065e-08,2.6963e-07,6.8879e-07,4.8285e-06,8.6302e-06,9.9156e-06,8.2610e-06
P68,30.00,45.00,30.00,0.00,5.8621e-08,2.8472e-07,8.9411e-07,4.6573e-06,9.8709e-06,9.8584e-06,6.6022e-06,5.8309e-08,2.6032e-07,6.6556e-07,4.7397e-06,8.5299e-06,9.7959e-06,8.0292e-06
P68,60.00,90.00,60.00,0.00,6.2433e-08,2.4951e-07,7.7941e-07,4.1997e-06,9.2495e-06,9.2379e-06,5.7184e-06,6.1812e-08,2.2849e-07,5.8211e-07,4.3039e-06,8.0085e-06,9.1954e-06,7.1030e-06
P68,60.00,0.00,0.00,0.00,7.1191e-08,2.4952e-07,7.7941e-07,4.2002e-06,9.2496e-06,9.2380e-06,5.7184e-06,7.0484e-08,2.2849e-07,5.8211e-07,4.3044e-06,8.0087e-06,9.1955e-06,7.1031e-06
P68,0.00,180.00,60.00,0.00,5.1600e-08,2.9494e-07,9.2561e-07,4.7522e-06,9.9961e-06,9.9834e-06,6.8434e-06,5.1418e-08,2.6963e-07,6.8879e-07,4.8282e-06,8.6300e-06,9.9155e-06,8.2610e-06
P68,0.00,90.00,0.00,0.00,5.7551e-08,2.9494e-07,9.2561e-07,4.7525e-06,9.9961e-06,9.9835e-06,6.8434e-06,5.7284e-08,2.6963e-07,6.8879e-07,4.8285e-06,8.6302e-06,9.9156e-06,8.2610e-06
P68,30.00,90.00,0.00,0.00,5.9937e-08,2.8472e-07,8.9411e-07,4.6573e-06,9.8709e-06,9.8585e-06,6.6022e-06,5.9602e-08,2.6032e-07,6.6556e-07,4.7397e-06,8.5299e-06,9.7959e-06,8.0293e-06
P68,0.00,180.00,0.00,0.00,5.7551e-08,2.9494e-07,9.2561e-07,4.7525e-06,9.9961e-06,9.9835e-06,6.8434e-06,5.7284e-08,2.6963e-07,6.8879e-07,4.8285e-06,8.6302e-06,9.9156e-06,8.2610e-06
P68,30.00,90.00,30.00,0.00,5.8601e-08,2.8472e-07,8.9411e-07,4.6573e-06,9.8709e-06,9.8584e-06,6.6022e-06,5.8289e-08,2.6032e-07,6.6556e-07,4.7397e-06,8.5299e-06,9.7959e-06,8.0292e-06
P68,30.00,135.00,30.00,0.00,5.8580e-08,2.8472e-07,8.9411e-07,4.6573e-06,9.8709e-06,9.8584e-06,6.6022e-06,5.8269e-08,2.6032e-07,6.6556e-07,4.7397e-06,8.5299e-06,9.7959e-06,8.0292e-06
P69,30.00,45.00,60.00,0.00,4.9135e-08,2.9152e-07,1.0887e-06,4.9617e-06,1.0230e-05,1.0216e-05,7.2638e-06,4.9127e-08,2.6068e-07,7.7243e-07,5.0270e-06,8.7526e-06,1.0131e-05,8.6632e-06
P69,60.00,180.00,0.00,0.00,6.1313e-08,2.3293e-07,9.0826e-07,4.6518e-06,9.8212e-06,9.8079e-06,6.3397e-06,6.1028e-08,2.0718e-07,6.3122e-07,4.7449e-06,8.3826e-06,9.7366e-06,7.8255e-06
P69,30.00,180.00,0.00,0.00,5.2588e-08,2.9153e-07,1.0887e-06,4.9618e-06,1.0230e-05,1.0216e-05,7.2638e-06,5.2572e-08,2.6068e-07,7.7243e-07,5.0272e-06,8.7527e-06,1.0131e-05,8.6632e-06
P69,60.00,180.00,60.00,0.00,5.6067e-08,2.3292e-07,9.0825e-07,4.6515e-06,9.8210e-06,9.8077e-06,6.3397e-06,5.5785e-08,2.0718e-07,6.3122e-07,4.7446e-06,8.3824e-06,9.7364e-06,7.8255e-06
P69,0.00,135.00,0.00,0.00,5.0798e-08,3.0882e-07,1.1359e-06,5.0261e-06,1.0313e-05,1.0299e-05,7.5025e-06,5.0829e-08,2.7668e-07,8.1093e-07,5.0844e-06,8.8245e-06,1.0210e-05,8.8667e-06
P69,30.00,0.00,0.00,0.00,5.2588e-08,2.9153e-07,1.0887e-06,4.9618e-06,1.0230e-05,1.0216e-05,7.2638e-06,5.2572e-08,2.6068e-07,7.7243e-07,5.0272e-06,8.7527e-06,1.0131e-05,8.6632e-06
P69,30.00,90.00,0.00,0.00,5.2588e-08,2.9153e-07,1.0887e-06,4.9618e-06,1.0230e-05,1.0216e-05,7.2638e-06,5.2572e-08,2.6068e-07,7.7243e-07,5.0272e-06,8.7527e-06,1.0131e-05,8.6632e-06
P69,30.00,90.00,30.00,0.00,5.1918e-08,2.9153e-07,1.0887e-06,4.9618e-06,1.0230e-05,1.0216e-05,7.2638e-06,5.1905e-08,2.6068e-07,7.7243e-07,5.0272e-06,8.7527e-06,1.0131e-05,8.6632e-06
P69,60.00,0.00,30.00,0.00,6.0466e-08,2.3293e-07,9.0826e-07,4.6518e-06,9.8212e-06,9.8079e-06,6.3397e-06,6.0184e-08,2.0718e-07,6.3122e-07,4.7449e-06,8.3826e-06,9.7365e-06,7.8255e-06
P69,0.00,135.00,60.00,0.00,4.7613e-08,3.0882e-07,1.1359e-06,5.0259e-06,1.0312e-05,1.0299e-05,7.5025e-06,4.7653e-08,2.7668e-07,8.1093e-07,5.0842e-06,8.8244e-06,1.0210e-05,8.8667e-06
P69,30.00,90.00,60.00,0.00,4.9088e-08,2.9152e-07,1.0887e-06,4.9616e-06,1.0230e-05,1.0216e-05,7.2638e-06,4.9080e-08,2.6068e-07,7.7243e-07,5.0270e-06,8.7526e-06,1.0131e-05,8.6632e-06
P69,0.00,45.00,60.00,0.00,4.7613e-08,3.0882e-07,1.1359e-06,5.0259e-06,1.0312e-05,1.0299e-05,7.5025e-06,4.7653e-08,2.7668e-07,8.1093e-07,5.0842e-06,8.8244e-06,1.0210e-05,8.8667e-06
P69,60.00,90.00,60.00,0.00,5.6369e-08,2.3292e-07,9.0825e-07,4.6515e-06,9.8210e-06,9.8077e-06,6.3397e-06,5.6088e-08,2.0718e-07,6.3122e-07,4.7447e-06,8.3824e-06,9.7364e-06,7.8255e-06
P69,0.00,90.00,30.00,0.00,5.0182e-08,3.0882e-07,1.1359e-06,5.0260e-06,1.0313e-05,1.0299e-05,7.5025e-06,5.0217e-08,2.7668e-07,8.1093e-07,5.0844e-06,8.8245e-06,1.0210e-05,8.8667e-06
P69,60.00,135.00,0.00,0.00,6.1313e-08,2.3293e-07,9.0826e-07,4.6518e-06,9.8212e-06,9.8079e-06,6.3397e-06,6.1028e-08,2.0718e-07,6.3122e-07,4.7449e-06,8.3826e-06,9.7366e-06,7.8255e-06
P69,60.00,135.00,30.00,0.00,6.0345e-08,2.3293e-07,9.0826e-07,4.6518e-06,9.8212e-06,9.8079e-06,6.3397e-06,6.0063e-08,2.0718e-07,6.3122e-07,4.7449e-06,8.3826e-06,9.7365e-06,7.8255e-06
P69,0.00,90.00,0.00,0.00,5.0798e-08,3.0882e-07,1.1359e-06,5.0261e-06,1.0313e-05,1.0299e-05,7.5025e-06,5.0829e-08,2.7668e-07,8.1093e-07,5.0844e-06,8.8245e-06,1.0210e-05,8.8667e-06
P69,30.00,180.00,60.00,0.00,4.9022e-08,2.9152e-07,1.0887e-06,4.9616e-06,1.0230e-05,1.0216e-05,7.2638e-06,4.9014e-08,2.6068e-07,7.7243e-07,5.0270e-06,8.7526e-06,1.0131e-05,8.6632e-06
P69,0.00,180.00,0.00,0.00,5.0798e-08,3.0882e-07,1.1359e-06,5.0261e-06,1.0313e-05,1.0299e-05,7.5025e-06,5.0829e-08,2.7668e-07,8.1093e-07,5.0844e-06,8.8245e-06,1.0210e-05,8.8667e-06
P69,60.00,45.00,30.00,0.00,6.0445e-08,2.3293e-07,9.0826e-07,4.6518e-06,9.8212e-06,9.8079e-06,6.3397e-06,6.0163e-08,2.0718e-07,6.3122e-07,4.7449e-06,8.3826e-06,9.7365e-06,7.8255e-06
P69,0.00,90.00,60.00,0.00,4.7613e-08,3.0882e-07,1.1359e-06,5.0259e-06,1.0312e-05,1.0299e-05,7.5025e-06,4.7653e-08,2.7668e-07,8.1093e-07,5.0842e-06,8.8244e-06,1.0210e-05,8.8667e-06
P69,60.00,0.00,60.00,0.00,5.6659e-08,2.3292e-07,9.0825e-07,4.6516e-06,9.8210e-06,9.8078e-06,6.3397e-06,5.6378e-08,2.0718e-07,6.3122e-07,4.7447e-06,8.3824e-06,9.7364e-06,7.8255e-06
P69,0.00,0.00,30.00,0.00,5.0182e-08,3.0882e-07,1.1359e-06,5.0260e-06,1.0313e-05,1.0299e-05,7.5025e-06,5.0217e-08,2.7668e-07,8.1093e-07,5.0844e-06,8.8245e-06,1.0210e-05,8.8667e-06
P69,30.00,0.00,30.00,0.00,5.1934e-08,2.9153e-07,1.0887e-06,4.9618e-06,1.0230e-05,1.0216e-05,7.2638e-06,5.1922e-08,2.6068e-07,7.7243e-07,5.0272e-06,8.7527e-06,1.0131e-05,8.6632e-06
P69,60.00,45.00,60.00,0.00,5.6575e-08,2.3292e-07,9.0825e-07,4.6515e-06,9.8210e-06,9.8078e-06,6.3397e-06,5.6294e-08,2.0718e-07,6.3122e-07,4.7447e-06,8.3824e-06,9.7364e-06,7.8255e-06
P69,0.00,180.00,60.00,0.00,4.7613e-08,3.0882e-07,1.1359e-06,5.0259e-06,1.0312e-05,1.0299e-05,7.5025e-06,4.7653e-08,2.7668e-07,8.1093e-07,5.0842e-06,8.8244e-06,1.0210e-05,8.8667e-06
P69,0.00,45.00,0.00,0.00,5.0798e-08,3.0882e-07,1.1359e-06,5.0261e-06,1.0313e-05,1.0299e-05,7.5025e-06,5.0829e-08,2.7668e-07,8.1093e-07,5.0844e-06,8.8245e-06,1.0210e-05,8.8667e-06
P69,60.00,180.00,30.00,0.00,6.0324e-08,2.3293e-07,9.0826e-07,4.6518e-06,9.8212e-06,9.8079e-06,6.3397e-06,6.0042e-08,2.0718e-07,6.3122e-07,4.7449e-06,8.3826e-06,9.7365e-06,7.8255e-06
P69,0.00,45.00,30.00,0.00,5.0182e-08,3.0882e-07,1.1359e-06,5.0260e-06,1.0313e-05,1.0299e-05,7.5025e-06,5.0217e-08,2.7668e-07,8.1093e-07,5.0844e-06,8.8245e-06,1.0210e-05,8.8667e-06
P69,30.00,180.00,30.00,0.00,5.1901e-08,2.9153e-07,1.0887e-06,4.9618e-06,1.0230e-05,1.0216e-05,7.2638e-06,5.1889e-08,2.6068e-07,7.7243e-07,5.0272e-06,8.7527e-06,1.0131e-05,8.6632e-06
P69,0.00,0.00,0.00,0.00,5.0798e-08,3.0882e-07,1.1359e-06,5.0261e-06,1.0313e-05,1.0299e-05,7.5025e-06,5.0829e-08,2.7668e-07,8.1093e-07,5.0844e-06,8.8245e-06,1.0210e-05,8.8667e-06
P69,0.00,135.00,30.00,0.00,5.0182e-08,3.0882e-07,1.1359e-06,5.0260e-06,1.0313e-05,1.0299e-05,7.5025e-06,5.0217e-08,2.7668e-07,8.1093e-07,5.0844e-06,8.8245e-06,1.0210e-05,8.8667e-06
P69,60.00,90.00,30.00,0.00,6.0395e-08,2.3293e-07,9.0826e-07,4.6518e-06,9.8212e-06,9.8079e-06,6.3397e-06,6.0112e-08,2.0718e-07,6.3122e-07,4.7449e-06,8.3826e-06,9.7365e-06,7.8255e-06
P69,60.00,45.00,0.00,0.00,6.1313e-08,2.3293e-07,9.0826e-07,4.6518e-06,9.8212e-06,9.8079e-06,6.3397e-06,6.1028e-08,2.0718e-07,6.3122e-07,4.7449e-06,8.3826e-06,9.7366e-06,7.8255e-06
P69,60.00,90.00,0.00,0.00,6.1313e-08,2.3293e-07,9.0826e-07,4.6518e-06,9.8212e-06,9.8079e-06,6.3397e-06,6.1028e-08,2.0718e-07,6.3122e-07,4.7449e-06,8.3826e-06,9.7366e-06,7.8255e-06
P69,30.00,135.00,30.00,0.00,5.1906e-08,2.9153e-07,1.0887e-06,4.9618e-06,1.0230e-05,1.0216e-05,7.2638e-06,5.1894e-08,2.6068e-07,7.7243e-07,5.0272e-06,8.7527e-06,1.0131e-05,8.6632e-06
P69,30.00,135.00,60.00,0.00,4.9042e-08,2.9152e-07,1.0887e-06,4.9616e-06,1.0230e-05,1.0216e-05,7.2638e-06,4.9034e-08,2.6068e-07,7.7243e-07,5.0270e-06,8.7526e-06,1.0131e-05,8.6632e-06
P69,30.00,0.00,60.00,0.00,4.9154e-08,2.9152e-07,1.0887e-06,4.9617e-06,1.0230e-05,1.0216e-05,7.2638e-06,4.9146e-08,2.6068e-07,7.7243e-07,5.0270e-06,8.7526e-06,1.0131e-05,8.6632e-06
P69,0.00,180.00,30.00,0.00,5.0182e-08,3.0882e-07,1.1359e-06,5.0260e-06,1.0313e-05,1.0299e-05,7.5025e-06,5.0217e-08,2.7668e-07,8.1093e-07,5.0844e-06,8.8245e-06,1.0210e-05,8.8667e-06
P69,60.00,0.00,0.00,0.00,6.1313e-08,2.3293e-07,9.0826e-07,4.6518e-06,9.8212e-06,9.8079e-06,6.3397e-06,6.1028e-08,2.0718e-07,6.3122e-07,4.7449e-06,8.3826e-06,9.7366e-06,7.8255e-06
P69,30.00,135.00,0.00,0.00,5.2588e-08,2.9153e-07,1.0887e-06,4.9618e-06,1.0230e-05,1.0216e-05,7.2638e-06,5.2572e-08,2.6068e-07,7.7243e-07,5.0272e-06,8.7527e-06,1.0131e-05,8.6632e-06
P69,30.00,45.00,30.00,0.00,5.1929e-08,2.9153e-07,1.0887e-06,4.9618e-06,1.0230e-05,1.0216e-05,7.2638e-06,5.1917e-08,2.6068e-07,7.7243e-07,5.0272e-06,8.7527e-06,1.0131e-05,8.6632e-06
P69,0.00,0.00,60.00,0.00,4.7613e-08,3.0882e-07,1.1359e-06,5.0259e-06,1.0312e-05,1.0299e-05,7.5025e-06,4.7653e-08,2.7668e-07,8.1093e-07,5.0842e-06,8.8244e-06,1.0210e-05,8.8667e-06
P69,30.00,45.00,0.00,0.00,5.2588e-08,2.9153e-07,1.0887e-06,4.9618e-06,1.0230e-05,1.0216e-05,7.2638e-06,5.2572e-08,2.6068e-07,7.7243e-07,5.0272e-06,8.7527e-06,1.0131e-05,8.6632e-06
P69,60.00,135.00,60.00,0.00,5.6157e-08,2.3292e-07,9.0825e-07,4.6515e-06,9.8210e-06,9.8077e-06,6.3397e-06,5.5875e-08,2.0718e-07,6.3122e-07,4.7446e-06,8.3824e-06,9.7364e-06,7.8255e-06
P70,0.00,180.00,60.00,0.00,5.0788e-08,3.0870e-07,9.9154e-07,4.7912e-06,1.0011e-05,9.9988e-06,6.9462e-06,5.0654e-08,2.8134e-07,7.4437e-07,4.8556e-06,8.6400e-06,9.9287e-06,8.3666e-06
P70,30.00,45.00,60.00,0.00,5.2629e-08,2.9520e-07,9.6019e-07,4.7004e-06,9.8896e-06,9.8771e-06,6.7041e-06,5.2431e-08,2.6867e-07,7.1908e-07,4.7711e-06,8.5415e-06,9.8119e-06,8.1404e-06
P70,60.00,0.00,30.00,0.00,6.7858e-08,2.4591e-07,8.4030e-07,4.2646e-06,9.2873e-06,9.2756e-06,5.7982e-06,6.7259e-08,2.2264e-07,6.2229e-07,4.3574e-06,8.0309e-06,9.2284e-06,7.2300e-06
P70,30.00,0.00,0.00,0.00,5.8745e-08,2.9520e-07,9.6020e-07,4.7007e-06,9.8897e-06,9.8772e-06,6.7041e-06,5.8467e-08,2.6867e-07,7.1908e-07,4.7714e-06,8.5416e-06,9.8120e-06,8.1404e-06
P70,60.00,180.00,30.00,0.00,6.7644e-08,2.4591e-07,8.4030e-07,4.2645e-06,9.2873e-06,9.2756e-06,5.7982e-06,6.7047e-08,2.2264e-07,6.2229e-07,4.3574e-06,8.0309e-06,9.2284e-06,7.2300e-06
P70,60.00,45.00,30.00,0.00,6.7826e-08,2.4591e-07,8.4030e-07,4.2645e-06,9.2873e-06,9.2756e-06,5.7982e-06,6.7228e-08,2.2264e-07,6.2229e-07,4.3574e-06,8.0309e-06,9.2284e-06,7.2300e-06
P70,0.00,135.00,30.00,0.00,5.5291e-08,3.0871e-07,9.9155e-07,4.7914e-06,1.0012e-05,9.9988e-06,6.9463e-06,5.5098e-08,2.8134e-07,7.4437e-07,4.8559e-06,8.6401e-06,9.9288e-06,8.3666e-06
P70,60.00,0.00,60.00,0.00,6.1478e-08,2.4590e-07,8.4030e-07,4.2642e-06,9.2872e-06,9.2755e-06,5.7981e-06,6.0936e-08,2.2264e-07,6.2229e-07,4.3570e-06,8.0308e-06,9.2284e-06,7.2300e-06
P70,0.00,0.00,0.00,0.00,5.6487e-08,3.0871e-07,9.9155e-07,4.7915e-06,1.0012e-05,9.9989e-06,6.9463e-06,5.6271e-08,2.8134e-07,7.4437e-07,4.8559e-06,8.6401e-06,9.9288e-06,8.3666e-06
P70,30.00,135.00,60.00,0.00,5.2492e-08,2.9520e-07,9.6019e-07,4.7004e-06,9.8896e-06,9.8771e-06,6.7041e-06,5.2296e-08,2.6867e-07,7.1908e-07,4.7711e-06,8.5415e-06,9.8119e-06,8.1404e-06
P70,0.00,180.00,30.00,0.00,5.5291e-08,3.0871e-07,9.9155e-07,4.7914e-06,1.0012e-05,9.9988e-06,6.9463e-06,5.5098e-08,2.8134e-07,7.4437e-07,4.8559e-06,8.6401e-06,9.9288e-06,8.3666e-06
P70,0.00,90.00,60.00,0.00,5.0788e-08,3.0870e-07,9.9154e-07,4.7912e-06,1.0011e-05,9.9988e-06,6.9462e-06,5.0654e-08,2.8134e-07,7.4437e-07,4.8556e-06,8.6400e-06,9.9287e-06,8.3666e-06
P70,60.00,135.00,60.00,0.00,6.0784e-08,2.4590e-07,8.4030e-07,4.2641e-06,9.2872e-06,9.2755e-06,5.7981e-06,6.0246e-08,2.2264e-07,6.2229e-07,4.3569e-06,8.0307e-06,9.2283e-06,7.2300e-06
P70,0.00,45.00,30.00,0.00,5.5291e-08,3.0871e-07,9.9155e-07,4.7914e-06,1.0012e-05,9.9988e-06,6.9463e-06,5.5098e-08,2.8134e-07,7.4437e-07,4.8559e-06,8.6401e-06,9.9288e-06,8.3666e-06
P70,30.00,180.00,0.00,0.00,5.8745e-08,2.9520e-07,9.6020e-07,4.7007e-06,9.8897e-06,9.8772e-06,6.7041e-06,5.8467e-08,2.6867e-07,7.1908e-07,4.7714e-06,8.5416e-06,9.8120e-06,8.1404e-06
P70,30.00,135.00,0.00,0.00,5.8745e-08,2.9520e-07,9.6020e-07,4.7007e-06,9.8897e-06,9.8772e-06,6.7041e-06,5.8467e-08,2.6867e-07,7.1908e-07,4.7714e-06,8.5416e-06,9.8120e-06,8.1404e-06
P70,30.00,45.00,30.00,0.00,5.7480e-08,2.9520e-07,9.6019e-07,4.7007e-06,9.8897e-06,9.8772e-06,6.7041e-06,5.7225e-08,2.6867e-07,7.1908e-07,4.7713e-06,8.5416e-06,9.8120e-06,8.1404e-06
P70,0.00,0.00,30.00,0.00,5.5291e-08,3.0871e-07,9.9155e-07,4.7914e-06,1.0012e-05,9.9988e-06,6.9463e-06,5.5098e-08,2.8134e-07,7.4437e-07,4.8559e-06,8.6401e-06,9.9288e-06,8.3666e-06
P70,0.00,0.00,60.00,0.00,5.0788e-08,3.0870e-07,9.9154e-07,4.7912e-06,1.0011e-05,9.9988e-06,6.9462e-06,5.0654e-08,2.8134e-07,7.4437e-07,4.8556e-06,8.6400e-06,9.9287e-06,8.3666e-06
P70,0.00,135.00,60.00,0.00,5.0788e-08,3.0870e-07,9.9154e-07,4.7912e-06,1.0011e-05,9.9988e-06,6.9462e-06,5.0654e-08,2.8134e-07,7.4437e-07,4.8556e-06,8.6400e-06,9.9287e-06,8.3666e-06
P70,60.00,45.00,60.00,0.00,6.1362e-08,2.4590e-07,8.4030e-07,4.2642e-06,9.2872e-06,9.2755e-06,5.7981e-06,6.0821e-08,2.2264e-07,6.2229e-07,4.3570e-06,8.0308e-06,9.2283e-06,7.2300e-06
P70,30.00,180.00,30.00,0.00,5.7433e-08,2.9520e-07,9.6019e-07,4.7007e-06,9.8897e-06,9.8772e-06,6.7041e-06,5.7179e-08,2.6867e-07,7.1908e-07,4.7713e-06,8.5416e-06,9.8120e-06,8.1404e-06
P70,60.00,90.00,60.00,0.00,6.1078e-08,2.4590e-07,8.4030e-07,4.2642e-06,9.2872e-06,9.2755e-06,5.7981e-06,6.0538e-08,2.2264e-07,6.2229e-07,4.3570e-06,8.0308e-06,9.2283e-06,7.2300e-06
P70,60.00,90.00,0.00,0.00,6.9428e-08,2.4591e-07,8.4030e-07,4.2646e-06,9.2873e-06,9.2756e-06,5.7982e-06,6.8809e-08,2.2264e-07,6.2229e-07,4.3574e-06,8.0310e-06,9.2285e-06,7.2300e-06
P70,30.00,90.00,0.00,0.00,5.8745e-08,2.9520e-07,9.6020e-07,4.7007e-06,9.8897e-06,9.8772e-06,6.7041e-06,5.8467e-08,2.6867e-07,7.1908e-07,4.7714e-06,8.5416e-06,9.8120e-06,8.1404e-06
P70,30.00,90.00,30.00,0.00,5.7461e-08,2.9520e-07,9.6019e-07,4.7007e-06,9.8897e-06,9.8772e-06,6.7041e-06,5.7205e-08,2.6867e-07,7.1908e-07,4.7713e-06,8.5416e-06,9.8120e-06,8.1404e-06
P70,60.00,180.00,60.00,0.00,6.0659e-08,2.4590e-07,8.4030e-07,4.2641e-06,9.2872e-06,9.2755e-06,5.7981e-06,6.0122e-08,2.2264e-07,6.2229e-07,4.3569e-06,8.0307e-06,9.2283e-06,7.2300e-06
P70,60.00,45.00,0.00,0.00,6.9428e-08,2.4591e-07,8.4030e-07,4.2646e-06,9.2873e-06,9.2756e-06,5.7982e-06,6.8809e-08,2.2264e-07,6.2229e-07,4.3574e-06,8.0310e-06,9.2285e-06,7.2300e-06
P70,0.00,45.00,60.00,0.00,5.0788e-08,3.0870e-07,9.9154e-07,4.7912e-06,1.0011e-05,9.9988e-06,6.9462e-06,5.0654e-08,2.8134e-07,7.4437e-07,4.8556e-06,8.6400e-06,9.9287e-06,8.3666e-06
P70,30.00,0.00,60.00,0.00,5.2658e-08,2.9520e-07,9.6019e-07,4.7004e-06,9.8896e-06,9.8771e-06,6.7041e-06,5.2459e-08,2.6867e-07,7.1908e-07,4.7711e-06,8.5415e-06,9.8119e-06,8.1404e-06
P70,60.00,180.00,0.00,0.00,6.9428e-08,2.4591e-07,8.4030e-07,4.2646e-06,9.2873e-06,9.2756e-06,5.7982e-06,6.8809e-08,2.2264e-07,6.2229e-07,4.3574e-06,8.0310e-06,9.2285e-06,7.2300e-06
P70,30.00,45.00,0.00,0.00,5.8745e-08,2.9520e-07,9.6020e-07,4.7007e-06,9.8897e-06,9.8772e-06,6.7041e-06,5.8467e-08,2.6867e-07,7.1908e-07,4.7714e-06,8.5416e-06,9.8120e-06,8.1404e-06
P70,30.00,0.00,30.00,0.00,5.7489e-08,2.9520e-07,9.6019e-07,4.7007e-06,9.8897e-06,9.8772e-06,6.7041e-06,5.7233e-08,2.6867e-07,7.1908e-07,4.7713e-06,8.5416e-06,9.8120e-06,8.1404e-06
P70,60.00,90.00,30.00,0.00,6.7750e-08,2.4591e-07,8.4030e-07,4.2645e-06,9.2873e-06,9.2756e-06,5.7982e-06,6.7153e-08,2.2264e-07,6.2229e-07,4.3574e-06,8.0309e-06,9.2284e-06,7.2300e-06
P70,0.00,90.00,30.00,0.00,5.5291e-08,3.0871e-07,9.9155e-07,4.7914e-06,1.0012e-05,9.9988e-06,6.9463e-06,5.5098e-08,2.8134e-07,7.4437e-07,4.8559e-06,8.6401e-06,9.9288e-06,8.3666e-06
P70,0.00,180.00,0.00,0.00,5.6487e-08,3.0871e-07,9.9155e-07,4.7915e-06,1.0012e-05,9.9989e-06,6.9463e-06,5.6271e-08,2.8134e-07,7.4437e-07,4.8559e-06,8.6401e-06,9.9288e-06,8.3666e-06
P70,30.00,90.00,60.00,0.00,5.2561e-08,2.9520e-07,9.6019e-07,4.7004e-06,9.8896e-06,9.8771e-06,6.7041e-06,5.2364e-08,2.6867e-07,7.1908e-07,4.7711e-06,8.5415e-06,9.8119e-06,8.1404e-06
P70,0.00,135.00,0.00,0.00,5.6487e-08,3.0871e-07,9.9155e-07,4.7915e-06,1.0012e-05,9.9989e-06,6.9463e-06,5.6271e-08,2.8134e-07,7.4437e-07,4.8559e-06,8.6401e-06,9.9288e-06,8.3666e-06
P70,60.00,135.00,30.00,0.00,6.7675e-08,2.4591e-07,8.4030e-07,4.2645e-06,9.2873e-06,9.2756e-06,5.7982e-06,6.7078e-08,2.2264e-07,6.2229e-07,4.3574e-06,8.0309e-06,9.2284e-06,7.2300e-06
P70,30.00,180.00,60.00,0.00,5.2464e-08,2.9520e-07,9.6019e-07,4.7004e-06,9.8896e-06,9.8771e-06,6.7041e-06,5.2267e-08,2.6867e-07,7.1908e-07,4.7711e-06,8.5415e-06,9.8119e-06,8.1404e-06
P70,0.00,45.00,0.00,0.00,5.6487e-08,3.0871e-07,9.9155e-07,4.7915e-06,1.0012e-05,9.9989e-06,6.9463e-06,5.6271e-08,2.8134e-07,7.4437e-07,4.8559e-06,8.6401e-06,9.9288e-06,8.3666e-06
P70,30.00,135.00,30.00,0.00,5.7441e-08,2.9520e-07,9.6019e-07,4.7007e-06,9.8897e-06,9.8772e-06,6.7041e-06,5.7186e-08,2.6867e-07,7.1908e-07,4.7713e-06,8.5416e-06,9.8120e-06,8.1404e-06
P70,60.00,135.00,0.00,0.00,6.9428e-08,2.4591e-07,8.4030e-07,4.2646e-06,9.2873e-06,9.2756e-06,5.7982e-06,6.8809e-08,2.2264e-07,6.2229e-07,4.3574e-06,8.0310e-06,9.2285e-06,7.2300e-06
P70,0.00,90.00,0.00,0.00,5.6487e-08,3.0871e-07,9.9155e-07,4.7915e-06,1.0012e-05,9.9989e-06,6.9463e-06,5.6271e-08,2.8134e-07,7.4437e-07,4.8559e-06,8.6401e-06,9.9288e-06,8.3666e-06
P70,60.00,0.00,0.00,0.00,6.9428e-08,2.4591e-07,8.4030e-07,4.2646e-06,9.2873e-06,9.2756e-06,5.7982e-06,6.8809e-08,2.2264e-07,6.2229e-07,4.3574e-06,8.0310e-06,9.2285e-06,7.2300e-06
P71,0.00,90.00,30.00,0.00,5.2617e-08,2.4737e-07,9.7685e-07,4.9065e-06,1.0248e-05,1.0233e-05,6.6034e-06,5.2262e-08,2.2056e-07,6.4288e-07,4.9525e-06,8.6680e-06,1.0136e-05,8.3786e-06
P71,60.00,45.00,30.00,0.00,6.4460e-08,1.9970e-07,7.1119e-07,4.3426e-06,9.5649e-06,9.5506e-06,5.4040e-06,6.3571e-08,1.7994e-07,4.9577e-07,4.4187e-06,8.0264e-06,9.4741e-06,7.1563e-06
P71,60.00,135.00,30.00,0.00,6.4344e-08,1.9970e-07,7.1119e-07,4.3426e-06,9.5649e-06,9.5506e-06,5.4040e-06,6.3456e-08,1.7994e-07,4.9577e-07,4.4187e-06,8.0264e-06,9.4741e-06,7.1563e-06
P71,0.00,135.00,60.00,0.00,4.9289e-08,2.4735e-07,9.7677e-07,4.9064e-06,1.0248e-05,1.0233e-05,6.6033e-06,4.8989e-08,2.2056e-07,6.4285e-07,4.9524e-06,8.6679e-06,1.0136e-05,8.3786e-06
P71,0.00,0.00,0.00,0.00,5.3555e-08,2.4737e-07,9.7688e-07,4.9065e-06,1.0248e-05,1.0233e-05,6.6034e-06,5.3176e-08,2.2056e-07,6.4289e-07,4.9525e-06,8.6680e-06,1.0136e-05,8.3786e-06
P71,0.00,135.00,0.00,0.00,5.3555e-08,2.4737e-07,9.7688e-07,4.9065e-06,1.0248e-05,1.0233e-05,6.6034e-06,5.3176e-08,2.2056e-07,6.4289e-07,4.9525e-06,8.6680e-06,1.0136e-05,8.3786e-06
P71,0.00,135.00,30.00,0.00,5.2617e-08,2.4737e-07,9.7685e-07,4.9065e-06,1.0248e-05,1.0233e-05,6.6034e-06,5.2262e-08,2.2056e-07,6.4288e-07,4.9525e-06,8.6680e-06,1.0136e-05,8.3786e-06
P71,60.00,135.00,0.00,0.00,6.5717e-08,1.9970e-07,7.1121e-07,4.3426e-06,9.5649e-06,9.5506e-06,5.4040e-06,6.4807e-08,1.7994e-07,4.9577e-07,4.4187e-06,8.0265e-06,9.4741e-06,7.1563e-06
P71,60.00,90.00,30.00,0.00,6.4402e-08,1.9970e-07,7.1119e-07,4.3426e-06,9.5649e-06,9.5506e-06,5.4040e-06,6.3513e-08,1.7994e-07,4.9577e-07,4.4187e-06,8.0264e-06,9.4741e-06,7.1563e-06
P71,30.00,45.00,30.00,0.00,5.4574e-08,2.3597e-07,9.1421e-07,4.8136e-06,1.0141e-05,1.0126e-05,6.3428e-06,5.4136e-08,2.1085e-07,6.0615e-07,4.8663e-06,8.5679e-06,1.0033e-05,8.1392e-06
P71,60.00,0.00,30.00,0.00,6.4485e-08,1.9970e-07,7.1119e-07,4.3426e-06,9.5649e-06,9.5506e-06,5.4040e-06,6.3595e-08,1.7994e-07,4.9577e-07,4.4187e-06,8.0264e-06,9.4741e-06,7.1563e-06
P71,0.00,45.00,30.00,0.00,5.2617e-08,2.4737e-07,9.7685e-07,4.9065e-06,1.0248e-05,1.0233e-05,6.6034e-06,5.2262e-08,2.2056e-07,6.4288e-07,4.9525e-06,8.6680e-06,1.0136e-05,8.3786e-06
P71,30.00,135.00,60.00,0.00,5.0902e-08,2.3596e-07,9.1413e-07,4.8135e-06,1.0141e-05,1.0126e-05,6.3428e-06,5.0518e-08,2.1085e-07,6.0612e-07,4.8662e-06,8.5678e-06,1.0033e-05,8.1392e-06
P71,30.00,45.00,0.00,0.00,5.5561e-08,2.3598e-07,9.1424e-07,4.8137e-06,1.0141e-05,1.0127e-05,6.3428e-06,5.5100e-08,2.1085e-07,6.0616e-07,4.8663e-06,8.5679e-06,1.0033e-05,8.1392e-06
P71,30.00,180.00,60.00,0.00,5.0881e-08,2.3596e-07,9.1413e-07,4.8135e-06,1.0141e-05,1.0126e-05,6.3428e-06,5.0497e-08,2.1085e-07,6.0612e-07,4.8662e-06,8.5678e-06,1.0033e-05,8.1392e-06
P71,60.00,45.00,60.00,0.00,5.9641e-08,1.9969e-07,7.1112e-07,4.3424e-06,9.5648e-06,9.5505e-06,5.4040e-06,5.8802e-08,1.7994e-07,4.9574e-07,4.4185e-06,8.0263e-06,9.4740e-06,7.1562e-06
P71,30.00,135.00,0.00,0.00,5.5561e-08,2.3598e-07,9.1424e-07,4.8137e-06,1.0141e-05,1.0127e-05,6.3428e-06,5.5100e-08,2.1085e-07,6.0616e-07,4.8663e-06,8.5679e-06,1.0033e-05,8.1392e-06
P71,0.00,45.00,60.00,0.00,4.9289e-08,2.4735e-07,9.7677e-07,4.9064e-06,1.0248e-05,1.0233e-05,6.6033e-06,4.8989e-08,2.2056e-07,6.4285e-07,4.9524e-06,8.6679e-06,1.0136e-05,8.3786e-06
P71,0.00,90.00,60.00,0.00,4.9289e-08,2.4735e-07,9.7677e-07,4.9064e-06,1.0248e-05,1.0233e-05,6.6033e-06,4.8989e-08,2.2056e-07,6.4285e-07,4.9524e-06,8.6679e-06,1.0136e-05,8.3786e-06
P71,30.00,135.00,30.00,0.00,5.4543e-08,2.3597e-07,9.1421e-07,4.8136e-06,1.0141e-05,1.0126e-05,6.3428e-06,5.4106e-08,2.1085e-07,6.0615e-07,4.8663e-06,8.5679e-06,1.0033e-05,8.1392e-06
P71,60.00,90.00,0.00,0.00,6.5717e-08,1.9970e-07,7.1121e-07,4.3426e-06,9.5649e-06,9.5506e-06,5.4040e-06,6.4807e-08,1.7994e-07,4.9577e-07,4.4187e-06,8.0265e-06,9.4741e-06,7.1563e-06
P71,30.00,90.00,60.00,0.00,5.0952e-08,2.3596e-07,9.1413e-07,4.8135e-06,1.0141e-05,1.0126e-05,6.3428e-06,5.0567e-08,2.1085e-07,6.0612e-07,4.8662e-06,8.5678e-06,1.0033e-05,8.1392e-06
P71,0.00,180.00,30.00,0.00,5.2617e-08,2.4737e-07,9.7685e-07,4.9065e-06,1.0248e-05,1.0233e-05,6.6034e-06,5.2262e-08,2.2056e-07,6.4288e-07,4.9525e-06,8.6680e-06,1.0136e-05,8.3786e-06
P71,60.00,180.00,0.00,0.00,6.5717e-08,1.9970e-07,7.1121e-07,4.3426e-06,9.5649e-06,9.5506e-06,5.4040e-06,6.4807e-08,1.7994e-07,4.9577e-07,4.4187e-06,8.0265e-06,9.4741e-06,7.1563e-06
P71,30.00,180.00,30.00,0.00,5.4537e-08,2.3597e-07,9.1421e-07,4.8136e-06,1.0141e-05,1.0126e-05,6.3428e-06,5.4100e-08,2.1085e-07,6.0615e-07,4.8663e-06,8.5679e-06,1.0033e-05,8.1392e-06
P71,60.00,0.00,0.00,0.00,6.5717e-08,1.9970e-07,7.1121e-07,4.3426e-06,9.5649e-06,9.5506e-06,5.4040e-06,6.4807e-08,1.7994e-07,4.9577e-07,4.4187e-06,8.0265e-06,9.4741e-06,7.1563e-06
P71,0.00,90.00,0.00,0.00,5.3555e-08,2.4737e-07,9.7688e-07,4.9065e-06,1.0248e-05,1.0233e-05,6.6034e-06,5.3176e-08,2.2056e-07,6.4289e-07,4.9525e-06,8.6680e-06,1.0136e-05,8.3786e-06
P71,0.00,45.00,0.00,0.00,5.3555e-08,2.4737e-07,9.7688e-07,4.9065e-06,1.0248e-05,1.0233e-05,6.6034e-06,5.3176e-08,2.2056e-07,6.4289e-07,4.9525e-06,8.6680e-06,1.0136e-05,8.3786e-06
P71,30.00,0.00,30.00,0.00,5.4580e-08,2.3597e-07,9.1421e-07,4.8136e-06,1.0141e-05,1.0126e-05,6.3428e-06,5.4142e-08,2.1085e-07,6.0615e-07,4.8663e-06,8.5679e-06,1.0033e-05,8.1392e-06
P71,0.00,0.00,60.00,0.00,4.9289e-08,2.4735e-07,9.7677e-07,4.9064e-06,1.0248e-05,1.0233e-05,6.6033e-06,4.8989e-08,2.2056e-07,6.4285e-07,4.9524e-06,8.6679e-06,1.0136e-05,8.3786e-06
P71,0.00,180.00,0.00,0.00,5.3555e-08,2.4737e-07,9.7688e-07,4.9065e-06,1.0248e-05,1.0233e-05,6.6034e-06,5.3176e-08,2.2056e-07,6.4289e-07,4.9525e-06,8.6680e-06,1.0136e-05,8.3786e-06
P71,30.00,90.00,30.00,0.00,5.4559e-08,2.3597e-07,9.1421e-07,4.8136e-06,1.0141e-05,1.0126e-05,6.3428e-06,5.4121e-08,2.1085e-07,6.0615e-07,4.8663e-06,8.5679e-06,1.0033e-05,8.1392e-06
P71,30.00,0.00,60.00,0.00,5.1023e-08,2.3596e-07,9.1413e-07,4.8135e-06,1.0141e-05,1.0126e-05,6.3428e-06,5.0637e-08,2.1085e-07,6.0612e-07,4.8662e-06,8.5678e-06,1.0033e-05,8.1392e-06
P71,30.00,90.00,0.00,0.00,5.5561e-08,2.3598e-07,9.1424e-07,4.8137e-06,1.0141e-05,1.0127e-05,6.3428e-06,5.5100e-08,2.1085e-07,6.0616e-07,4.8663e-06,8.5679e-06,1.0033e-05,8.1392e-06
P71,30.00,180.00,0.00,0.00,5.5561e-08,2.3598e-07,9.1424e-07,4.8137e-06,1.0141e-05,1.0127e-05,6.3428e-06,5.5100e-08,2.1085e-07,6.0616e-07,4.8663e-06,8.5679e-06,1.0033e-05,8.1392e-06
P71,60.00,0.00,60.00,0.00,5.9726e-08,1.9969e-07,7.1113e-07,4.3424e-06,9.5648e-06,9.5505e-06,5.4040e-06,5.8887e-08,1.7994e-07,4.9574e-07,4.4185e-06,8.0263e-06,9.4740e-06,7.1562e-06
P71,60.00,180.00,30.00,0.00,6.4320e-08,1.9970e-07,7.1119e-07,4.3426e-06,9.5649e-06,9.5506e-06,5.4040e-06,6.3433e-08,1.7994e-07,4.9577e-07,4.4187e-06,8.0264e-06,9.4741e-06,7.1563e-06
P71,30.00,0.00,0.00,0.00,5.5561e-08,2.3598e-07,9.1424e-07,4.8137e-06,1.0141e-05,1.0127e-05,6.3428e-06,5.5100e-08,2.1085e-07,6.0616e-07,4.8663e-06,8.5679e-06,1.0033e-05,8.1392e-06
P71,60.00,45.00,0.00,0.00,6.5717e-08,1.9970e-07,7.1121e-07,4.3426e-06,9.5649e-06,9.5506e-06,5.4040e-06,6.4807e-08,1.7994e-07,4.9577e-07,4.4187e-06,8.0265e-06,9.4741e-06,7.1563e-06
P71,60.00,180.00,60.00,0.00,5.9125e-08,1.9969e-07,7.1112e-07,4.3423e-06,9.5648e-06,9.5505e-06,5.4040e-06,5.8290e-08,1.7994e-07,4.9574e-07,4.4184e-06,8.0263e-06,9.4740e-06,7.1562e-06
P71,0.00,0.00,30.00,0.00,5.2617e-08,2.4737e-07,9.7685e-07,4.9065e-06,1.0248e-05,1.0233e-05,6.6034e-06,5.2262e-08,2.2056e-07,6.4288e-07,4.9525e-06,8.6680e-06,1.0136e-05,8.3786e-06
P71,0.00,180.00,60.00,0.00,4.9289e-08,2.4735e-07,9.7677e-07,4.9064e-06,1.0248e-05,1.0233e-05,6.6033e-06,4.8989e-08,2.2056e-07,6.4285e-07,4.9524e-06,8.6679e-06,1.0136e-05,8.3786e-06
P71,60.00,135.00,60.00,0.00,5.9216e-08,1.9969e-07,7.1112e-07,4.3423e-06,9.5648e-06,9.5505e-06,5.4040e-06,5.8380e-08,1.7994e-07,4.9574e-07,4.4184e-06,8.0263e-06,9.4740e-06,7.1562e-06
P71,30.00,45.00,60.00,0.00,5.1002e-08,2.3596e-07,9.1413e-07,4.8135e-06,1.0141e-05,1.0126e-05,6.3428e-06,5.0616e-08,2.1085e-07,6.0612e-07,4.8662e-06,8.5678e-06,1.0033e-05,8.1392e-06
P71,60.00,90.00,60.00,0.00,5.9431e-08,1.9969e-07,7.1112e-07,4.3423e-06,9.5648e-06,9.5505e-06,5.4040e-06,5.8594e-08,1.7994e-07,4.9574e-07,4.4185e-06,8.0263e-06,9.4740e-06,7.1562e-06
P72,60.00,90.00,30.00,0.00,6.4662e-08,1.9343e-07,8.5926e-07,4.3654e-06,9.5950e-06,9.5803e-06,5.4221e-06,6.3717e-08,1.6971e-07,5.5602e-07,4.4308e-06,8.0044e-06,9.4944e-06,7.2097e-06
P72,60.00,45.00,60.00,0.00,5.9992e-08,1.9341e-07,8.5911e-07,4.3652e-06,9.5949e-06,9.5802e-06,5.4221e-06,5.9095e-08,1.6969e-07,5.5594e-07,4.4306e-06,8.0042e-06,9.4943e-06,7.2096e-06
P72,60.00,135.00,60.00,0.00,5.9577e-08,1.9341e-07,8.5908e-07,4.3652e-06,9.5949e-06,9.5802e-06,5.4221e-06,5.8683e-08,1.6969e-07,5.5592e-07,4.4306e-06,8.0042e-06,9.4943e-06,7.2096e-06
P72,0.00,90.00,60.00,0.00,4.9417e-08,2.6889e-07,1.2325e-06,4.9319e-06,1.0270e-05,1.0255e-05,6.6170e-06,4.9088e-08,2.3441e-07,8.0834e-07,4.9686e-06,8.6575e-06,1.0151e-05,8.4251e-06
P72,60.00,135.00,30.00,0.00,6.4605e-08,1.9343e-07,8.5926e-07,4.3654e-06,9.5950e-06,9.5803e-06,5.4221e-06,6.3662e-08,1.6971e-07,5.5602e-07,4.4308e-06,8.0044e-06,9.4944e-06,7.2097e-06
P72,0.00,180.00,0.00,0.00,5.3604e-08,2.6893e-07,1.2326e-06,4.9320e-06,1.0270e-05,1.0255e-05,6.6170e-06,5.3199e-08,2.3444e-07,8.0846e-07,4.9687e-06,8.6576e-06,1.0151e-05,8.4251e-06
P72,30.00,135.00,0.00,0.00,5.5629e-08,2.5008e-07,1.1520e-06,4.8395e-06,1.0165e-05,1.0150e-05,6.3569e-06,5.5139e-08,2.1797e-07,7.4890e-07,4.8826e-06,8.5558e-06,1.0049e-05,8.1878e-06
P72,30.00,180.00,60.00,0.00,5.1039e-08,2.5004e-07,1.1518e-06,4.8394e-06,1.0165e-05,1.0150e-05,6.3568e-06,5.0622e-08,2.1795e-07,7.4877e-07,4.8824e-06,8.5556e-06,1.0049e-05,8.1877e-06
P72,30.00,45.00,0.00,0.00,5.5629e-08,2.5008e-07,1.1520e-06,4.8395e-06,1.0165e-05,1.0150e-05,6.3569e-06,5.5139e-08,2.1797e-07,7.4890e-07,4.8826e-06,8.5558e-06,1.0049e-05,8.1878e-06
P72,0.00,135.00,30.00,0.00,5.2679e-08,2.6892e-07,1.2326e-06,4.9320e-06,1.0270e-05,1.0255e-05,6.6170e-06,5.2297e-08,2.3443e-07,8.0843e-07,4.9687e-06,8.6576e-06,1.0151e-05,8.4251e-06
P72,30.00,180.00,30.00,0.00,5.4620e-08,2.5007e-07,1.1519e-06,4.8395e-06,1.0165e-05,1.0150e-05,6.3568e-06,5.4153e-08,2.1797e-07,7.4887e-07,4.8825e-06,8.5557e-06,1.0049e-05,8.1877e-06
P72,60.00,45.00,30.00,0.00,6.4719e-08,1.9343e-07,8.5926e-07,4.3654e-06,9.5950e-06,9.5803e-06,5.4221e-06,6.3774e-08,1.6971e-07,5.5602e-07,4.4308e-06,8.0044e-06,9.4944e-06,7.2097e-06
P72,0.00,45.00,0.00,0.00,5.3604e-08,2.6893e-07,1.2326e-06,4.9320e-06,1.0270e-05,1.0255e-05,6.6170e-06,5.3199e-08,2.3444e-07,8.0846e-07,4.9687e-06,8.6576e-06,1.0151e-05,8.4251e-06
P72,30.00,0.00,30.00,0.00,5.4663e-08,2.5007e-07,1.1519e-06,4.8395e-06,1.0165e-05,1.0150e-05,6.3568e-06,5.4194e-08,2.1797e-07,7.4887e-07,4.8825e-06,8.5557e-06,1.0049e-05,8.1877e-06
P72,0.00,0.00,0.00,0.00,5.3604e-08,2.6893e-07,1.2326e-06,4.9320e-06,1.0270e-05,1.0255e-05,6.6170e-06,5.3199e-08,2.3444e-07,8.0846e-07,4.9687e-06,8.6576e-06,1.0151e-05,8.4251e-06
P72,30.00,45.00,60.00,0.00,5.1156e-08,2.5004e-07,1.1518e-06,4.8394e-06,1.0165e-05,1.0150e-05,6.3568e-06,5.0738e-08,2.1795e-07,7.4878e-07,4.8824e-06,8.5556e-06,1.0049e-05,8.1877e-06
P72,0.00,90.00,30.00,0.00,5.2679e-08,2.6892e-07,1.2326e-06,4.9320e-06,1.0270e-05,1.0255e-05,6.6170e-06,5.2297e-08,2.3443e-07,8.0843e-07,4.9687e-06,8.6576e-06,1.0151e-05,8.4251e-06
P72,30.00,180.00,0.00,0.00,5.5629e-08,2.5008e-07,1.1520e-06,4.8395e-06,1.0165e-05,1.0150e-05,6.3569e-06,5.5139e-08,2.1797e-07,7.4890e-07,4.8826e-06,8.5558e-06,1.0049e-05,8.1878e-06
P72,30.00,45.00,30.00,0.00,5.4657e-08,2.5007e-07,1.1519e-06,4.8395e-06,1.0165e-05,1.0150e-05,6.3568e-06,5.4188e-08,2.1797e-07,7.4887e-07,4.8825e-06,8.5557e-06,1.0049e-05,8.1877e-06
P72,30.00,135.00,60.00,0.00,5.1059e-08,2.5004e-07,1.1518e-06,4.8394e-06,1.0165e-05,1.0150e-05,6.3568e-06,5.0642e-08,2.1795e-07,7.4877e-07,4.8824e-06,8.5556e-06,1.0049e-05,8.1877e-06
P72,0.00,0.00,30.00,0.00,5.2679e-08,2.6892e-07,1.2326e-06,4.9320e-06,1.0270e-05,1.0255e-05,6.6170e-06,5.2297e-08,2.3443e-07,8.0843e-07,4.9687e-06,8.6576e-06,1.0151e-05,8.4251e-06
P72,60.00,180.00,0.00,0.00,6.5959e-08,1.9344e-07,8.5930e-07,4.3655e-06,9.5951e-06,9.5803e-06,5.4222e-06,6.4993e-08,1.6971e-07,5.5604e-07,4.4308e-06,8.0044e-06,9.4944e-06,7.2097e-06
P72,30.00,90.00,60.00,0.00,5.1108e-08,2.5004e-07,1.1518e-06,4.8394e-06,1.0165e-05,1.0150e-05,6.3568e-06,5.0690e-08,2.1795e-07,7.4878e-07,4.8824e-06,8.5556e-06,1.0049e-05,8.1877e-06
P72,0.00,45.00,60.00,0.00,4.9417e-08,2.6889e-07,1.2325e-06,4.9319e-06,1.0270e-05,1.0255e-05,6.6170e-06,4.9088e-08,2.3441e-07,8.0834e-07,4.9686e-06,8.6575e-06,1.0151e-05,8.4251e-06
P72,0.00,90.00,0.00,0.00,5.3604e-08,2.6893e-07,1.2326e-06,4.9320e-06,1.0270e-05,1.0255e-05,6.6170e-06,5.3199e-08,2.3444e-07,8.0846e-07,4.9687e-06,8.6576e-06,1.0151e-05,8.4251e-06
P72,0.00,135.00,60.00,0.00,4.9417e-08,2.6889e-07,1.2325e-06,4.9319e-06,1.0270e-05,1.0255e-05,6.6170e-06,4.9088e-08,2.3441e-07,8.0834e-07,4.9686e-06,8.6575e-06,1.0151e-05,8.4251e-06
P72,60.00,90.00,60.00,0.00,5.9787e-08,1.9341e-07,8.5909e-07,4.3652e-06,9.5949e-06,9.5802e-06,5.4221e-06,5.8891e-08,1.6969e-07,5.5593e-07,4.4306e-06,8.0042e-06,9.4943e-06,7.2096e-06
P72,60.00,0.00,60.00,0.00,6.0075e-08,1.9341e-07,8.5911e-07,4.3652e-06,9.5949e-06,9.5802e-06,5.4221e-06,5.9178e-08,1.6969e-07,5.5594e-07,4.4306e-06,8.0042e-06,9.4943e-06,7.2096e-06
P72,60.00,0.00,0.00,0.00,6.5959e-08,1.9344e-07,8.5930e-07,4.3655e-06,9.5951e-06,9.5803e-06,5.4222e-06,6.4993e-08,1.6971e-07,5.5604e-07,4.4308e-06,8.0044e-06,9.4944e-06,7.2097e-06
P72,60.00,180.00,30.00,0.00,6.4582e-08,1.9343e-07,8.5925e-07,4.3654e-06,9.5950e-06,9.5803e-06,5.4221e-06,6.3639e-08,1.6971e-07,5.5601e-07,4.4308e-06,8.0044e-06,9.4944e-06,7.2097e-06
P72,30.00,0.00,0.00,0.00,5.5629e-08,2.5008e-07,1.1520e-06,4.8395e-06,1.0165e-05,1.0150e-05,6.3569e-06,5.5139e-08,2.1797e-07,7.4890e-07,4.8826e-06,8.5558e-06,1.0049e-05,8.1878e-06
P72,60.00,90.00,0.00,0.00,6.5959e-08,1.9344e-07,8.5930e-07,4.3655e-06,9.5951e-06,9.5803e-06,5.4222e-06,6.4993e-08,1.6971e-07,5.5604e-07,4.4308e-06,8.0044e-06,9.4944e-06,7.2097e-06
P72,0.00,180.00,60.00,0.00,4.9417e-08,2.6889e-07,1.2325e-06,4.9319e-06,1.0270e-05,1.0255e-05,6.6170e-06,4.9088e-08,2.3441e-07,8.0834e-07,4.9686e-06,8.6575e-06,1.0151e-05,8.4251e-06
P72,0.00,0.00,60.00,0.00,4.9417e-08,2.6889e-07,1.2325e-06,4.9319e-06,1.0270e-05,1.0255e-05,6.6170e-06,4.9088e-08,2.3441e-07,8.0834e-07,4.9686e-06,8.6575e-06,1.0151e-05,8.4251e-06
P72,30.00,135.00,30.00,0.00,5.4626e-08,2.5007e-07,1.1519e-06,4.8395e-06,1.0165e-05,1.0150e-05,6.3568e-06,5.4159e-08,2.1797e-07,7.4887e-07,4.8825e-06,8.5557e-06,1.0049e-05,8.1877e-06
P72,30.00,90.00,0.00,0.00,5.5629e-08,2.5008e-07,1.1520e-06,4.8395e-06,1.0165e-05,1.0150e-05,6.3569e-06,5.5139e-08,2.1797e-07,7.4890e-07,4.8826e-06,8.5558e-06,1.0049e-05,8.1878e-06
P72,60.00,0.00,30.00,0.00,6.4743e-08,1.9343e-07,8.5926e-07,4.3654e-06,9.5950e-06,9.5803e-06,5.4221e-06,6.3797e-08,1.6971e-07,5.5602e-07,4.4308e-06,8.0044e-06,9.4944e-06,7.2097e-06
P72,60.00,45.00,0.00,0.00,6.5959e-08,1.9344e-07,8.5930e-07,4.3655e-06,9.5951e-06,9.5803e-06,5.4222e-06,6.4993e-08,1.6971e-07,5.5604e-07,4.4308e-06,8.0044e-06,9.4944e-06,7.2097e-06
P72,60.00,180.00,60.00,0.00,5.9489e-08,1.9341e-07,8.5908e-07,4.3652e-06,9.5949e-06,9.5802e-06,5.4221e-06,5.8594e-08,1.6969e-07,5.5592e-07,4.4306e-06,8.0042e-06,9.4943e-06,7.2096e-06
P72,0.00,45.00,30.00,0.00,5.2679e-08,2.6892e-07,1.2326e-06,4.9320e-06,1.0270e-05,1.0255e-05,6.6170e-06,5.2297e-08,2.3443e-07,8.0843e-07,4.9687e-06,8.6576e-06,1.0151e-05,8.4251e-06
P72,60.00,135.00,0.00,0.00,6.5959e-08,1.9344e-07,8.5930e-07,4.3655e-06,9.5951e-06,9.5803e-06,5.4222e-06,6.4993e-08,1.6971e-07,5.5604e-07,4.4308e-06,8.0044e-06,9.4944e-06,7.2097e-06
P72,30.00,0.00,60.00,0.00,5.1177e-08,2.5004e-07,1.1518e-06,4.8394e-06,1.0165e-05,1.0150e-05,6.3568e-06,5.0758e-08,2.1795e-07,7.4878e-07,4.8824e-06,8.5556e-06,1.0049e-05,8.1877e-06
P72,30.00,90.00,30.00,0.00,5.4641e-08,2.5007e-07,1.1519e-06,4.8395e-06,1.0165e-05,1.0150e-05,6.3568e-06,5.4173e-08,2.1797e-07,7.4887e-07,4.8825e-06,8.5557e-06,1.0049e-05,8.1877e-06
P72,0.00,135.00,0.00,0.00,5.3604e-08,2.6893e-07,1.2326e-06,4.9320e-06,1.0270e-05,1.0255e-05,6.6170e-06,5.3199e-08,2.3444e-07,8.0846e-07,4.9687e-06,8.6576e-06,1.0151e-05,8.4251e-06
P72,0.00,180.00,30.00,0.00,5.2679e-08,2.6892e-07,1.2326e-06,4.9320e-06,1.0270e-05,1.0255e-05,6.6170e-06,5.2297e-08,2.3443e-07,8.0843e-07,4.9687e-06,8.6576e-06,1.0151e-05,8.4251e-06
P73,0.00,135.00,30.00,0.00,5.2401e-08,2.6238e-07,8.7546e-07,4.8334e-06,1.0066e-05,1.0053e-05,6.9976e-06,5.2329e-08,2.3786e-07,6.3897e-07,4.9014e-06,8.6894e-06,9.9840e-06,8.4175e-06
P73,30.00,0.00,0.00,0.00,5.5350e-08,2.5178e-07,8.4369e-07,4.7501e-06,9.9536e-06,9.9411e-06,6.7556e-06,5.5211e-08,2.2816e-07,6.1547e-07,4.8246e-06,8.5986e-06,9.8766e-06,8.1949e-06
P73,0.00,135.00,0.00,0.00,5.3457e-08,2.6238e-07,8.7546e-07,4.8335e-06,1.0066e-05,1.0053e-05,6.9976e-06,5.3363e-08,2.3786e-07,6.3897e-07,4.9014e-06,8.6894e-06,9.9840e-06,8.4175e-06
P73,0.00,0.00,0.00,0.00,5.3457e-08,2.6238e-07,8.7546e-07,4.8335e-06,1.0066e-05,1.0053e-05,6.9976e-06,5.3363e-08,2.3786e-07,6.3897e-07,4.9014e-06,8.6894e-06,9.9840e-06,8.4175e-06
P73,60.00,90.00,30.00,0.00,6.2947e-08,2.1486e-07,7.2758e-07,4.3507e-06,9.3995e-06,9.3876e-06,5.8496e-06,6.2562e-08,1.9460e-07,5.3021e-07,4.4494e-06,8.1291e-06,9.3416e-06,7.2967e-06
P73,60.00,135.00,0.00,0.00,6.4400e-08,2.1486e-07,7.2758e-07,4.3508e-06,9.3995e-06,9.3877e-06,5.8496e-06,6.3997e-08,1.9460e-07,5.3021e-07,4.4495e-06,8.1292e-06,9.3417e-06,7.2967e-06
P73,60.00,180.00,60.00,0.00,5.6889e-08,2.1486e-07,7.2758e-07,4.3504e-06,9.3994e-06,9.3875e-06,5.8496e-06,5.6550e-08,1.9460e-07,5.3021e-07,4.4491e-06,8.1289e-06,9.3415e-06,7.2967e-06
P73,30.00,180.00,30.00,0.00,5.4197e-08,2.5178e-07,8.4369e-07,4.7501e-06,9.9536e-06,9.9410e-06,6.7556e-06,5.4078e-08,2.2816e-07,6.1547e-07,4.8246e-06,8.5986e-06,9.8766e-06,8.1949e-06
P73,0.00,0.00,30.00,0.00,5.2401e-08,2.6238e-07,8.7546e-07,4.8334e-06,1.0066e-05,1.0053e-05,6.9976e-06,5.2329e-08,2.3786e-07,6.3897e-07,4.9014e-06,8.6894e-06,9.9840e-06,8.4175e-06
P73,60.00,180.00,0.00,0.00,6.4400e-08,2.1486e-07,7.2758e-07,4.3508e-06,9.3995e-06,9.3877e-06,5.8496e-06,6.3997e-08,1.9460e-07,5.3021e-07,4.4495e-06,8.1292e-06,9.3417e-06,7.2967e-06
P73,0.00,45.00,60.00,0.00,4.8503e-08,2.6237e-07,8.7546e-07,4.8333e-06,1.0066e-05,1.0053e-05,6.9976e-06,4.8485e-08,2.3786e-07,6.3897e-07,4.9012e-06,8.6893e-06,9.9839e-06,8.4175e-06
P73,30.00,90.00,0.00,0.00,5.5350e-08,2.5178e-07,8.4369e-07,4.7501e-06,9.9536e-06,9.9411e-06,6.7556e-06,5.5211e-08,2.2816e-07,6.1547e-07,4.8246e-06,8.5986e-06,9.8766e-06,8.1949e-06
P73,30.00,0.00,30.00,0.00,5.4247e-08,2.5178e-07,8.4369e-07,4.7501e-06,9.9536e-06,9.9410e-06,6.7556e-06,5.4127e-08,2.2816e-07,6.1547e-07,4.8246e-06,8.5986e-06,9.8766e-06,8.1949e-06
P73,60.00,0.00,30.00,0.00,6.3043e-08,2.1486e-07,7.2758e-07,4.3507e-06,9.3995e-06,9.3876e-06,5.8496e-06,6.2656e-08,1.9460e-07,5.3021e-07,4.4494e-06,8.1291e-06,9.3416e-06,7.2967e-06
P73,0.00,180.00,0.00,0.00,5.3457e-08,2.6238e-07,8.7546e-07,4.8335e-06,1.0066e-05,1.0053e-05,6.9976e-06,5.3363e-08,2.3786e-07,6.3897e-07,4.9014e-06,8.6894e-06,9.9840e-06,8.4175e-06
P73,30.00,180.00,60.00,0.00,4.9913e-08,2.5178e-07,8.4369e-07,4.7499e-06,9.9535e-06,9.9410e-06,6.7556e-06,4.9846e-08,2.2816e-07,6.1547e-07,4.8244e-06,8.5985e-06,9.8765e-06,8.1949e-06
P73,30.00,135.00,30.00,0.00,5.4204e-08,2.5178e-07,8.4369e-07,4.7501e-06,9.9536e-06,9.9410e-06,6.7556e-06,5.4085e-08,2.2816e-07,6.1547e-07,4.8246e-06,8.5986e-06,9.8766e-06,8.1949e-06
P73,0.00,0.00,60.00,0.00,4.8503e-08,2.6237e-07,8.7546e-07,4.8333e-06,1.0066e-05,1.0053e-05,6.9976e-06,4.8485e-08,2.3786e-07,6.3897e-07,4.9012e-06,8.6893e-06,9.9839e-06,8.4175e-06
P73,30.00,90.00,60.00,0.00,4.9998e-08,2.5178e-07,8.4369e-07,4.7499e-06,9.9535e-06,9.9410e-06,6.7556e-06,4.9930e-08,2.2816e-07,6.1547e-07,4.8244e-06,8.5985e-06,9.8765e-06,8.1949e-06
P73,60.00,0.00,60.00,0.00,5.7603e-08,2.1486e-07,7.2758e-07,4.3504e-06,9.3994e-06,9.3875e-06,5.8496e-06,5.7259e-08,1.9460e-07,5.3021e-07,4.4491e-06,8.1290e-06,9.3415e-06,7.2967e-06
P73,60.00,90.00,60.00,0.00,5.7254e-08,2.1486e-07,7.2758e-07,4.3504e-06,9.3994e-06,9.3875e-06,5.8496e-06,5.6912e-08,1.9460e-07,5.3021e-07,4.4491e-06,8.1290e-06,9.3415e-06,7.2967e-06
P73,30.00,90.00,30.00,0.00,5.4221e-08,2.5178e-07,8.4369e-07,4.7501e-06,9.9536e-06,9.9410e-06,6.7556e-06,5.4103e-08,2.2816e-07,6.1547e-07,4.8246e-06,8.5986e-06,9.8766e-06,8.1949e-06
P73,30.00,45.00,30.00,0.00,5.4239e-08,2.5178e-07,8.4369e-07,4.7501e-06,9.9536e-06,9.9410e-06,6.7556e-06,5.4120e-08,2.2816e-07,6.1547e-07,4.8246e-06,8.5986e-06,9.8766e-06,8.1949e-06
P73,60.00,135.00,60.00,0.00,5.6998e-08,2.1486e-07,7.2758e-07,4.3504e-06,9.3994e-06,9.3875e-06,5.8496e-06,5.6658e-08,1.9460e-07,5.3021e-07,4.4491e-06,8.1289e-06,9.3415e-06,7.2967e-06
P73,0.00,90.00,30.00,0.00,5.2401e-08,2.6238e-07,8.7546e-07,4.8334e-06,1.0066e-05,1.0053e-05,6.9976e-06,5.2329e-08,2.3786e-07,6.3897e-07,4.9014e-06,8.6894e-06,9.9840e-06,8.4175e-06
P73,60.00,45.00,60.00,0.00,5.7502e-08,2.1486e-07,7.2758e-07,4.3504e-06,9.3994e-06,9.3875e-06,5.8496e-06,5.7159e-08,1.9460e-07,5.3021e-07,4.4491e-06,8.1290e-06,9.3415e-06,7.2967e-06
P73,0.00,180.00,30.00,0.00,5.2401e-08,2.6238e-07,8.7546e-07,4.8334e-06,1.0066e-05,1.0053e-05,6.9976e-06,5.2329e-08,2.3786e-07,6.3897e-07,4.9014e-06,8.6894e-06,9.9840e-06,8.4175e-06
P73,60.00,45.00,0.00,0.00,6.4400e-08,2.1486e-07,7.2758e-07,4.3508e-06,9.3995e-06,9.3877e-06,5.8496e-06,6.3997e-08,1.9460e-07,5.3021e-07,4.4495e-06,8.1292e-06,9.3417e-06,7.2967e-06
P73,0.00,90.00,60.00,0.00,4.8503e-08,2.6237e-07,8.7546e-07,4.8333e-06,1.0066e-05,1.0053e-05,6.9976e-06,4.8485e-08,2.3786e-07,6.3897e-07,4.9012e-06,8.6893e-06,9.9839e-06,8.4175e-06
P73,60.00,135.00,30.00,0.00,6.2881e-08,2.1486e-07,7.2758e-07,4.3507e-06,9.3995e-06,9.3876e-06,5.8496e-06,6.2496e-08,1.9460e-07,5.3021e-07,4.4494e-06,8.1291e-06,9.3416e-06,7.2967e-06
P73,60.00,0.00,0.00,0.00,6.4400e-08,2.1486e-07,7.2758e-07,4.3508e-06,9.3995e-06,9.3877e-06,5.8496e-06,6.3997e-08,1.9460e-07,5.3021e-07,4.4495e-06,8.1292e-06,9.3417e-06,7.2967e-06
P73,30.00,180.00,0.00,0.00,5.5350e-08,2.5178e-07,8.4369e-07,4.7501e-06,9.9536e-06,9.9411e-06,6.7556e-06,5.5211e-08,2.2816e-07,6.1547e-07,4.8246e-06,8.5986e-06,9.8766e-06,8.1949e-06
P73,30.00,45.00,60.00,0.00,5.0058e-08,2.5178e-07,8.4369e-07,4.7499e-06,9.9535e-06,9.9410e-06,6.7556e-06,4.9990e-08,2.2816e-07,6.1547e-07,4.8244e-06,8.5985e-06,9.8765e-06,8.1949e-06
P73,0.00,90.00,0.00,0.00,5.3457e-08,2.6238e-07,8.7546e-07,4.8335e-06,1.0066e-05,1.0053e-05,6.9976e-06,5.3363e-08,2.3786e-07,6.3897e-07,4.9014e-06,8.6894e-06,9.9840e-06,8.4175e-06
P73,30.00,135.00,0.00,0.00,5.5350e-08,2.5178e-07,8.4369e-07,4.7501e-06,9.9536e-06,9.9411e-06,6.7556e-06,5.5211e-08,2.2816e-07,6.1547e-07,4.8246e-06,8.5986e-06,9.8766e-06,8.1949e-06
P73,0.00,180.00,60.00,0.00,4.8503e-08,2.6237e-07,8.7546e-07,4.8333e-06,1.0066e-05,1.0053e-05,6.9976e-06,4.8485e-08,2.3786e-07,6.3897e-07,4.9012e-06,8.6893e-06,9.9839e-06,8.4175e-06
P73,60.00,180.00,30.00,0.00,6.2853e-08,2.1486e-07,7.2758e-07,4.3507e-06,9.3995e-06,9.3876e-06,5.8496e-06,6.2469e-08,1.9460e-07,5.3021e-07,4.4494e-06,8.1291e-06,9.3416e-06,7.2967e-06
P73,0.00,45.00,0.00,0.00,5.3457e-08,2.6238e-07,8.7546e-07,4.8335e-06,1.0066e-05,1.0053e-05,6.9976e-06,5.3363e-08,2.3786e-07,6.3897e-07,4.9014e-06,8.6894e-06,9.9840e-06,8.4175e-06
P73,60.00,90.00,0.00,0.00,6.4400e-08,2.1486e-07,7.2758e-07,4.3508e-06,9.3995e-06,9.3877e-06,5.8496e-06,6.3997e-08,1.9460e-07,5.3021e-07,4.4495e-06,8.1292e-06,9.3417e-06,7.2967e-06
P73,30.00,135.00,60.00,0.00,4.9938e-08,2.5178e-07,8.4369e-07,4.7499e-06,9.9535e-06,9.9410e-06,6.7556e-06,4.9871e-08,2.2816e-07,6.1547e-07,4.8244e-06,8.5985e-06,9.8765e-06,8.1949e-06
P73,0.00,135.00,60.00,0.00,4.8503e-08,2.6237e-07,8.7546e-07,4.8333e-06,1.0066e-05,1.0053e-05,6.9976e-06,4.8485e-08,2.3786e-07,6.3897e-07,4.9012e-06,8.6893e-06,9.9839e-06,8.4175e-06
P73,30.00,45.00,0.00,0.00,5.5350e-08,2.5178e-07,8.4369e-07,4.7501e-06,9.9536e-06,9.9411e-06,6.7556e-06,5.5211e-08,2.2816e-07,6.1547e-07,4.8246e-06,8.5986e-06,9.8766e-06,8.1949e-06
P73,0.00,45.00,30.00,0.00,5.2401e-08,2.6238e-07,8.7546e-07,4.8334e-06,1.0066e-05,1.0053e-05,6.9976e-06,5.2329e-08,2.3786e-07,6.3897e-07,4.9014e-06,8.6894e-06,9.9840e-06,8.4175e-06
P73,60.00,45.00,30.00,0.00,6.3015e-08,2.1486e-07,7.2758e-07,4.3507e-06,9.3995e-06,9.3876e-06,5.8496e-06,6.2629e-08,1.9460e-07,5.3021e-07,4.4494e-06,8.1291e-06,9.3416e-06,7.2967e-06
P73,30.00,0.00,60.00,0.00,5.0083e-08,2.5178e-07,8.4369e-07,4.7499e-06,9.9535e-06,9.9410e-06,6.7556e-06,5.0015e-08,2.2816e-07,6.1547e-07,4.8244e-06,8.5985e-06,9.8765e-06,8.1949e-06
P74,60.00,45.00,0.00,0.00,6.0609e-08,2.5641e-07,9.3626e-07,5.2893e-06,1.0729e-05,1.0716e-05,7.3505e-06,6.0605e-08,2.2998e-07,6.4858e-07,5.3784e-06,9.3321e-06,1.0658e-05,8.7397e-06
P74,30.00,90.00,60.00,0.00,4.9030e-08,3.0959e-07,1.1277e-06,5.4429e-06,1.0974e-05,1.0960e-05,8.2715e-06,4.9178e-08,2.7760e-07,7.9154e-07,5.4987e-06,9.4336e-06,1.0872e-05,9.5528e-06
P74,0.00,90.00,60.00,0.00,4.7755e-08,3.2596e-07,1.1792e-06,5.4692e-06,1.1008e-05,1.0994e-05,8.5074e-06,4.7924e-08,2.9252e-07,8.3187e-07,5.5171e-06,9.4414e-06,1.0900e-05,9.7436e-06
P74,0.00,0.00,30.00,0.00,5.1058e-08,3.2596e-07,1.1792e-06,5.4694e-06,1.1008e-05,1.0994e-05,8.5074e-06,5.1193e-08,2.9252e-07,8.3187e-07,5.5173e-06,9.4416e-06,1.0900e-05,9.7436e-06
P74,60.00,180.00,30.00,0.00,5.9361e-08,2.5641e-07,9.3626e-07,5.2893e-06,1.0729e-05,1.0716e-05,7.3505e-06,5.9367e-08,2.2998e-07,6.4858e-07,5.3783e-06,9.3320e-06,1.0658e-05,8.7397e-06
P74,30.00,180.00,60.00,0.00,4.8955e-08,3.0959e-07,1.1277e-06,5.4429e-06,1.0974e-05,1.0960e-05,8.2715e-06,4.9103e-08,2.7760e-07,7.9154e-07,5.4986e-06,9.4336e-06,1.0872e-05,9.5528e-06
P74,60.00,45.00,30.00,0.00,5.9503e-08,2.5641e-07,9.3626e-07,5.2893e-06,1.0729e-05,1.0716e-05,7.3505e-06,5.9507e-08,2.2998e-07,6.4858e-07,5.3783e-06,9.3320e-06,1.0658e-05,8.7397e-06
P74,60.00,135.00,30.00,0.00,5.9385e-08,2.5641e-07,9.3626e-07,5.2893e-06,1.0729e-05,1.0716e-05,7.3505e-06,5.9391e-08,2.2998e-07,6.4858e-07,5.3783e-06,9.3320e-06,1.0658e-05,8.7397e-06
P74,60.00,0.00,0.00,0.00,6.0609e-08,2.5641e-07,9.3626e-07,5.2893e-06,1.0729e-05,1.0716e-05,7.3505e-06,6.0605e-08,2.2998e-07,6.4858e-07,5.3784e-06,9.3321e-06,1.0658e-05,8.7397e-06
P74,30.00,135.00,30.00,0.00,5.2557e-08,3.0959e-07,1.1277e-06,5.4431e-06,1.0974e-05,1.0960e-05,8.2715e-06,5.2676e-08,2.7760e-07,7.9154e-07,5.4988e-06,9.4337e-06,1.0872e-05,9.5528e-06
P74,0.00,135.00,60.00,0.00,4.7755e-08,3.2596e-07,1.1792e-06,5.4692e-06,1.1008e-05,1.0994e-05,8.5074e-06,4.7924e-08,2.9252e-07,8.3187e-07,5.5171e-06,9.4414e-06,1.0900e-05,9.7436e-06
P74,30.00,45.00,60.00,0.00,4.9083e-08,3.0959e-07,1.1277e-06,5.4429e-06,1.0974e-05,1.0960e-05,8.2715e-06,4.9230e-08,2.7760e-07,7.9154e-07,5.4987e-06,9.4336e-06,1.0872e-05,9.5528e-06
P74,0.00,180.00,0.00,0.00,5.1961e-08,3.2596e-07,1.1792e-06,5.4694e-06,1.1008e-05,1.0994e-05,8.5074e-06,5.2081e-08,2.9252e-07,8.3187e-07,5.5173e-06,9.4416e-06,1.0900e-05,9.7436e-06
P74,30.00,180.00,0.00,0.00,5.3527e-08,3.0959e-07,1.1277e-06,5.4431e-06,1.0974e-05,1.0960e-05,8.2715e-06,5.3632e-08,2.7760e-07,7.9154e-07,5.4989e-06,9.4338e-06,1.0872e-05,9.5528e-06
P74,0.00,45.00,30.00,0.00,5.1058e-08,3.2596e-07,1.1792e-06,5.4694e-06,1.1008e-05,1.0994e-05,8.5074e-06,5.1193e-08,2.9252e-07,8.3187e-07,5.5173e-06,9.4416e-06,1.0900e-05,9.7436e-06
P74,0.00,90.00,0.00,0.00,5.1961e-08,3.2596e-07,1.1792e-06,5.4694e-06,1.1008e-05,1.0994e-05,8.5074e-06,5.2081e-08,2.9252e-07,8.3187e-07,5.5173e-06,9.4416e-06,1.0900e-05,9.7436e-06
P74,30.00,45.00,30.00,0.00,5.2589e-08,3.0959e-07,1.1277e-06,5.4431e-06,1.0974e-05,1.0960e-05,8.2715e-06,5.2707e-08,2.7760e-07,7.9154e-07,5.4988e-06,9.4337e-06,1.0872e-05,9.5528e-06
P74,60.00,90.00,30.00,0.00,5.9443e-08,2.5641e-07,9.3626e-07,5.2893e-06,1.0729e-05,1.0716e-05,7.3505e-06,5.9448e-08,2.2998e-07,6.4858e-07,5.3783e-06,9.3320e-06,1.0658e-05,8.7397e-06
P74,30.00,90.00,0.00,0.00,5.3527e-08,3.0959e-07,1.1277e-06,5.4431e-06,1.0974e-05,1.0960e-05,8.2715e-06,5.3632e-08,2.7760e-07,7.9154e-07,5.4989e-06,9.4338e-06,1.0872e-05,9.5528e-06
P74,30.00,180.00,30.00,0.00,5.2551e-08,3.0959e-07,1.1277e-06,5.4431e-06,1.0974e-05,1.0960e-05,8.2715e-06,5.2670e-08,2.7760e-07,7.9154e-07,5.4988e-06,9.4337e-06,1.0872e-05,9.5528e-06
P74,0.00,45.00,0.00,0.00,5.1961e-08,3.2596e-07,1.1792e-06,5.4694e-06,1.1008e-05,1.0994e-05,8.5074e-06,5.2081e-08,2.9252e-07,8.3187e-07,5.5173e-06,9.4416e-06,1.0900e-05,9.7436e-06
P74,30.00,135.00,60.00,0.00,4.8977e-08,3.0959e-07,1.1277e-06,5.4429e-06,1.0974e-05,1.0960e-05,8.2715e-06,4.9125e-08,2.7760e-07,7.9154e-07,5.4986e-06,9.4336e-06,1.0872e-05,9.5528e-06
P74,30.00,45.00,0.00,0.00,5.3527e-08,3.0959e-07,1.1277e-06,5.4431e-06,1.0974e-05,1.0960e-05,8.2715e-06,5.3632e-08,2.7760e-07,7.9154e-07,5.4989e-06,9.4338e-06,1.0872e-05,9.5528e-06
P74,60.00,135.00,60.00,0.00,5.4662e-08,2.5641e-07,9.3626e-07,5.2890e-06,1.0729e-05,1.0716e-05,7.3505e-06,5.4681e-08,2.2998e-07,6.4858e-07,5.3781e-06,9.3318e-06,1.0658e-05,8.7397e-06
P74,60.00,45.00,60.00,0.00,5.5091e-08,2.5641e-07,9.3626e-07,5.2891e-06,1.0729e-05,1.0716e-05,7.3505e-06,5.5109e-08,2.2998e-07,6.4858e-07,5.3781e-06,9.3318e-06,1.0658e-05,8.7397e-06
P74,0.00,180.00,60.00,0.00,4.7755e-08,3.2596e-07,1.1792e-06,5.4692e-06,1.1008e-05,1.0994e-05,8.5074e-06,4.7924e-08,2.9252e-07,8.3187e-07,5.5171e-06,9.4414e-06,1.0900e-05,9.7436e-06
P74,30.00,0.00,0.00,0.00,5.3527e-08,3.0959e-07,1.1277e-06,5.4431e-06,1.0974e-05,1.0960e-05,8.2715e-06,5.3632e-08,2.7760e-07,7.9154e-07,5.4989e-06,9.4338e-06,1.0872e-05,9.5528e-06
P74,60.00,0.00,60.00,0.00,5.5178e-08,2.5641e-07,9.3626e-07,5.2891e-06,1.0729e-05,1.0716e-05,7.3505e-06,5.5195e-08,2.2998e-07,6.4858e-07,5.3781e-06,9.3318e-06,1.0658e-05,8.7397e-06
P74,60.00,135.00,0.00,0.00,6.0609e-08,2.5641e-07,9.3626e-07,5.2893e-06,1.0729e-05,1.0716e-05,7.3505e-06,6.0605e-08,2.2998e-07,6.4858e-07,5.3784e-06,9.3321e-06,1.0658e-05,8.7397e-06
P74,0.00,180.00,30.00,0.00,5.1058e-08,3.2596e-07,1.1792e-06,5.4694e-06,1.1008e-05,1.0994e-05,8.5074e-06,5.1193e-08,2.9252e-07,8.3187e-07,5.5173e-06,9.4416e-06,1.0900e-05,9.7436e-06
P74,60.00,180.00,60.00,0.00,5.4570e-08,2.5641e-07,9.3626e-07,5.2890e-06,1.0729e-05,1.0716e-05,7.3505e-06,5.4589e-08,2.2998e-07,6.4858e-07,5.3781e-06,9.3318e-06,1.0658e-05,8.7397e-06
P74,0.00,45.00,60.00,0.00,4.7755e-08,3.2596e-07,1.1792e-06,5.4692e-06,1.1008e-05,1.0994e-05,8.5074e-06,4.7924e-08,2.9252e-07,8.3187e-07,5.5171e-06,9.4414e-06,1.0900e-05,9.7436e-06
P74,60.00,180.00,0.00,0.00,6.0609e-08,2.5641e-07,9.3626e-07,5.2893e-06,1.0729e-05,1.0716e-05,7.3505e-06,6.0605e-08,2.2998e-07,6.4858e-07,5.3784e-06,9.3321e-06,1.0658e-05,8.7397e-06
P74,30.00,90.00,30.00,0.00,5.2573e-08,3.0959e-07,1.1277e-06,5.4431e-06,1.0974e-05,1.0960e-05,8.2715e-06,5.2692e-08,2.7760e-07,7.9154e-07,5.4988e-06,9.4337e-06,1.0872e-05,9.5528e-06
P74,0.00,0.00,0.00,0.00,5.1961e-08,3.2596e-07,1.1792e-06,5.4694e-06,1.1008e-05,1.0994e-05,8.5074e-06,5.2081e-08,2.9252e-07,8.3187e-07,5.5173e-06,9.4416e-06,1.0900e-05,9.7436e-06
P74,60.00,90.00,60.00,0.00,5.4879e-08,2.5641e-07,9.3626e-07,5.2890e-06,1.0729e-05,1.0716e-05,7.3505e-06,5.4897e-08,2.2998e-07,6.4858e-07,5.3781e-06,9.3318e-06,1.0658e-05,8.7397e-06
P74,60.00,0.00,30.00,0.00,5.9527e-08,2.5641e-07,9.3626e-07,5.2893e-06,1.0729e-05,1.0716e-05,7.3505e-06,5.9531e-08,2.2998e-07,6.4858e-07,5.3783e-06,9.3320e-06,1.0658e-05,8.7397e-06
P74,30.00,0.00,30.00,0.00,5.2596e-08,3.0959e-07,1.1277e-06,5.4431e-06,1.0974e-05,1.0960e-05,8.2715e-06,5.2714e-08,2.7760e-07,7.9154e-07,5.4988e-06,9.4337e-06,1.0872e-05,9.5528e-06
P74,0.00,135.00,0.00,0.00,5.1961e-08,3.2596e-07,1.1792e-06,5.4694e-06,1.1008e-05,1.0994e-05,8.5074e-06,5.2081e-08,2.9252e-07,8.3187e-07,5.5173e-06,9.4416e-06,1.0900e-05,9.7436e-06
P74,0.00,135.00,30.00,0.00,5.1058e-08,3.2596e-07,1.1792e-06,5.4694e-06,1.1008e-05,1.0994e-05,8.5074e-06,5.1193e-08,2.9252e-07,8.3187e-07,5.5173e-06,9.4416e-06,1.0900e-05,9.7436e-06
P74,0.00,0.00,60.00,0.00,4.7755e-08,3.2596e-07,1.1792e-06,5.4692e-06,1.1008e-05,1.0994e-05,8.5074e-06,4.7924e-08,2.9252e-07,8.3187e-07,5.5171e-06,9.4414e-06,1.0900e-05,9.7436e-06
P74,30.00,0.00,60.00,0.00,4.9105e-08,3.0959e-07,1.1277e-06,5.4429e-06,1.0974e-05,1.0960e-05,8.2715e-06,4.9252e-08,2.7760e-07,7.9154e-07,5.4987e-06,9.4336e-06,1.0872e-05,9.5528e-06
P74,30.00,135.00,0.00,0.00,5.3527e-08,3.0959e-07,1.1277e-06,5.4431e-06,1.0974e-05,1.0960e-05,8.2715e-06,5.3632e-08,2.7760e-07,7.9154e-07,5.4989e-06,9.4338e-06,1.0872e-05,9.5528e-06
P74,0.00,90.00,30.00,0.00,5.1058e-08,3.2596e-07,1.1792e-06,5.4694e-06,1.1008e-05,1.0994e-05,8.5074e-06,5.1193e-08,2.9252e-07,8.3187e-07,5.5173e-06,9.4416e-06,1.0900e-05,9.7436e-06
P74,60.00,90.00,0.00,0.00,6.0609e-08,2.5641e-07,9.3626e-07,5.2893e-06,1.0729e-05,1.0716e-05,7.3505e-06,6.0605e-08,2.2998e-07,6.4858e-07,5.3784e-06,9.3321e-06,1.0658e-05,8.7397e-06
P75,30.00,135.00,0.00,0.00,5.5223e-08,2.4302e-07,9.4593e-07,4.7777e-06,1.0159e-05,1.0144e-05,6.6657e-06,5.4797e-08,2.1670e-07,6.3466e-07,4.8475e-06,8.5839e-06,1.0054e-05,8.2183e-06
P75,0.00,180.00,60.00,0.00,4.9026e-08,2.5539e-07,1.0060e-06,4.8703e-06,1.0263e-05,1.0248e-05,6.8903e-06,4.8758e-08,2.2745e-07,6.7197e-07,4.9342e-06,8.6812e-06,1.0153e-05,8.4394e-06
P75,0.00,135.00,0.00,0.00,5.3262e-08,2.5540e-07,1.0061e-06,4.8705e-06,1.0263e-05,1.0248e-05,6.8904e-06,5.2913e-08,2.2745e-07,6.7200e-07,4.9344e-06,8.6813e-06,1.0154e-05,8.4394e-06
P75,30.00,0.00,0.00,0.00,5.5223e-08,2.4302e-07,9.4593e-07,4.7777e-06,1.0159e-05,1.0144e-05,6.6657e-06,5.4797e-08,2.1670e-07,6.3466e-07,4.8475e-06,8.5839e-06,1.0054e-05,8.2183e-06
P75,30.00,90.00,60.00,0.00,5.0649e-08,2.4301e-07,9.4586e-07,4.7776e-06,1.0159e-05,1.0144e-05,6.6656e-06,5.0302e-08,2.1670e-07,6.3463e-07,4.8474e-06,8.5837e-06,1.0054e-05,8.2183e-06
P75,30.00,45.00,30.00,0.00,5.4243e-08,2.4301e-07,9.4591e-07,4.7777e-06,1.0159e-05,1.0144e-05,6.6657e-06,5.3840e-08,2.1670e-07,6.3465e-07,4.8475e-06,8.5838e-06,1.0054e-05,8.2183e-06
P75,0.00,180.00,30.00,0.00,5.2330e-08,2.5540e-07,1.0060e-06,4.8705e-06,1.0263e-05,1.0248e-05,6.8903e-06,5.2004e-08,2.2745e-07,6.7199e-07,4.9344e-06,8.6813e-06,1.0154e-05,8.4394e-06
P75,0.00,135.00,30.00,0.00,5.2330e-08,2.5540e-07,1.0060e-06,4.8705e-06,1.0263e-05,1.0248e-05,6.8903e-06,5.2004e-08,2.2745e-07,6.7199e-07,4.9344e-06,8.6813e-06,1.0154e-05,8.4394e-06
P75,30.00,90.00,30.00,0.00,5.4228e-08,2.4301e-07,9.4591e-07,4.7777e-06,1.0159e-05,1.0144e-05,6.6657e-06,5.3825e-08,2.1670e-07,6.3465e-07,4.8475e-06,8.5838e-06,1.0054e-05,8.2183e-06
P75,60.00,90.00,30.00,0.00,6.3831e-08,2.0462e-07,7.4815e-07,4.3145e-06,9.6024e-06,9.5880e-06,5.8967e-06,6.3005e-08,1.8381e-07,5.1738e-07,4.4019e-06,8.0581e-06,9.5145e-06,7.3356e-06
P75,0.00,90.00,30.00,0.00,5.2330e-08,2.5540e-07,1.0060e-06,4.8705e-06,1.0263e-05,1.0248e-05,6.8903e-06,5.2004e-08,2.2745e-07,6.7199e-07,4.9344e-06,8.6813e-06,1.0154e-05,8.4394e-06
P75,60.00,45.00,60.00,0.00,5.9117e-08,2.0461e-07,7.4811e-07,4.3143e-06,9.6023e-06,9.5879e-06,5.8967e-06,5.8343e-08,1.8381e-07,5.1737e-07,4.4017e-06,8.0579e-06,9.5144e-06,7.3356e-06
P75,30.00,45.00,0.00,0.00,5.5223e-08,2.4302e-07,9.4593e-07,4.7777e-06,1.0159e-05,1.0144e-05,6.6657e-06,5.4797e-08,2.1670e-07,6.3466e-07,4.8475e-06,8.5839e-06,1.0054e-05,8.2183e-06
P75,60.00,0.00,60.00,0.00,5.9202e-08,2.0461e-07,7.4811e-07,4.3143e-06,9.6023e-06,9.5879e-06,5.8967e-06,5.8428e-08,1.8381e-07,5.1737e-07,4.4017e-06,8.0579e-06,9.5144e-06,7.3356e-06
P75,0.00,45.00,0.00,0.00,5.3262e-08,2.5540e-07,1.0061e-06,4.8705e-06,1.0263e-05,1.0248e-05,6.8904e-06,5.2913e-08,2.2745e-07,6.7200e-07,4.9344e-06,8.6813e-06,1.0154e-05,8.4394e-06
P75,0.00,0.00,30.00,0.00,5.2330e-08,2.5540e-07,1.0060e-06,4.8705e-06,1.0263e-05,1.0248e-05,6.8903e-06,5.2004e-08,2.2745e-07,6.7199e-07,4.9344e-06,8.6813e-06,1.0154e-05,8.4394e-06
P75,60.00,135.00,0.00,0.00,6.5134e-08,2.0462e-07,7.4817e-07,4.3146e-06,9.6024e-06,9.5881e-06,5.8967e-06,6.4286e-08,1.8381e-07,5.1739e-07,4.4020e-06,8.0581e-06,9.5145e-06,7.3356e-06
P75,0.00,0.00,0.00,0.00,5.3262e-08,2.5540e-07,1.0061e-06,4.8705e-06,1.0263e-05,1.0248e-05,6.8904e-06,5.2913e-08,2.2745e-07,6.7200e-07,4.9344e-06,8.6813e-06,1.0154e-05,8.4394e-06
P75,30.00,0.00,60.00,0.00,5.0720e-08,2.4301e-07,9.4586e-07,4.7776e-06,1.0159e-05,1.0144e-05,6.6656e-06,5.0371e-08,2.1670e-07,6.3463e-07,4.8474e-06,8.5837e-06,1.0054e-05,8.2183e-06
P75,30.00,180.00,60.00,0.00,5.0580e-08,2.4301e-07,9.4585e-07,4.7776e-06,1.0159e-05,1.0144e-05,6.6656e-06,5.0233e-08,2.1670e-07,6.3463e-07,4.8473e-06,8.5837e-06,1.0054e-05,8.2183e-06
P75,30.00,135.00,60.00,0.00,5.0600e-08,2.4301e-07,9.4585e-07,4.7776e-06,1.0159e-05,1.0144e-05,6.6656e-06,5.0253e-08,2.1670e-07,6.3463e-07,4.8474e-06,8.5837e-06,1.0054e-05,8.2183e-06
P75,60.00,90.00,0.00,0.00,6.5134e-08,2.0462e-07,7.4817e-07,4.3146e-06,9.6024e-06,9.5881e-06,5.8967e-06,6.4286e-08,1.8381e-07,5.1739e-07,4.4020e-06,8.0581e-06,9.5145e-06,7.3356e-06
P75,30.00,180.00,0.00,0.00,5.5223e-08,2.4302e-07,9.4593e-07,4.7777e-06,1.0159e-05,1.0144e-05,6.6657e-06,5.4797e-08,2.1670e-07,6.3466e-07,4.8475e-06,8.5839e-06,1.0054e-05,8.2183e-06
P75,60.00,180.00,0.00,0.00,6.5134e-08,2.0462e-07,7.4817e-07,4.3146e-06,9.6024e-06,9.5881e-06,5.8967e-06,6.4286e-08,1.8381e-07,5.1739e-07,4.4020e-06,8.0581e-06,9.5145e-06,7.3356e-06
P75,60.00,0.00,0.00,0.00,6.5134e-08,2.0462e-07,7.4817e-07,4.3146e-06,9.6024e-06,9.5881e-06,5.8967e-06,6.4286e-08,1.8381e-07,5.1739e-07,4.4020e-06,8.0581e-06,9.5145e-06,7.3356e-06
P75,0.00,90.00,0.00,0.00,5.3262e-08,2.5540e-07,1.0061e-06,4.8705e-06,1.0263e-05,1.0248e-05,6.8904e-06,5.2913e-08,2.2745e-07,6.7200e-07,4.9344e-06,8.6813e-06,1.0154e-05,8.4394e-06
P75,60.00,135.00,30.00,0.00,6.3774e-08,2.0462e-07,7.4815e-07,4.3145e-06,9.6024e-06,9.5880e-06,5.8967e-06,6.2949e-08,1.8381e-07,5.1738e-07,4.4019e-06,8.0581e-06,9.5145e-06,7.3356e-06
P75,0.00,180.00,0.00,0.00,5.3262e-08,2.5540e-07,1.0061e-06,4.8705e-06,1.0263e-05,1.0248e-05,6.8904e-06,5.2913e-08,2.2745e-07,6.7200e-07,4.9344e-06,8.6813e-06,1.0154e-05,8.4394e-06
P75,0.00,45.00,30.00,0.00,5.2330e-08,2.5540e-07,1.0060e-06,4.8705e-06,1.0263e-05,1.0248e-05,6.8903e-06,5.2004e-08,2.2745e-07,6.7199e-07,4.9344e-06,8.6813e-06,1.0154e-05,8.4394e-06
P75,30.00,45.00,60.00,0.00,5.0699e-08,2.4301e-07,9.4586e-07,4.7776e-06,1.0159e-05,1.0144e-05,6.6656e-06,5.0351e-08,2.1670e-07,6.3463e-07,4.8474e-06,8.5837e-06,1.0054e-05,8.2183e-06
P75,60.00,45.00,30.00,0.00,6.3889e-08,2.0462e-07,7.4816e-07,4.3145e-06,9.6024e-06,9.5880e-06,5.8967e-06,6.3062e-08,1.8381e-07,5.1738e-07,4.4019e-06,8.0581e-06,9.5145e-06,7.3356e-06
P75,60.00,135.00,60.00,0.00,5.8695e-08,2.0461e-07,7.4810e-07,4.3143e-06,9.6023e-06,9.5879e-06,5.8967e-06,5.7925e-08,1.8381e-07,5.1737e-07,4.4017e-06,8.0579e-06,9.5144e-06,7.3356e-06
P75,0.00,0.00,60.00,0.00,4.9026e-08,2.5539e-07,1.0060e-06,4.8703e-06,1.0263e-05,1.0248e-05,6.8903e-06,4.8758e-08,2.2745e-07,6.7197e-07,4.9342e-06,8.6812e-06,1.0153e-05,8.4394e-06
P75,0.00,135.00,60.00,0.00,4.9026e-08,2.5539e-07,1.0060e-06,4.8703e-06,1.0263e-05,1.0248e-05,6.8903e-06,4.8758e-08,2.2745e-07,6.7197e-07,4.9342e-06,8.6812e-06,1.0153e-05,8.4394e-06
P75,30.00,135.00,30.00,0.00,5.4213e-08,2.4301e-07,9.4591e-07,4.7777e-06,1.0159e-05,1.0144e-05,6.6657e-06,5.3811e-08,2.1670e-07,6.3465e-07,4.8475e-06,8.5838e-06,1.0054e-05,8.2183e-06
P75,60.00,180.00,60.00,0.00,5.8605e-08,2.0461e-07,7.4810e-07,4.3143e-06,9.6023e-06,9.5879e-06,5.8967e-06,5.7835e-08,1.8381e-07,5.1737e-07,4.4017e-06,8.0579e-06,9.5144e-06,7.3356e-06
P75,30.00,90.00,0.00,0.00,5.5223e-08,2.4302e-07,9.4593e-07,4.7777e-06,1.0159e-05,1.0144e-05,6.6657e-06,5.4797e-08,2.1670e-07,6.3466e-07,4.8475e-06,8.5839e-06,1.0054e-05,8.2183e-06
P75,60.00,180.00,30.00,0.00,6.3750e-08,2.0462e-07,7.4815e-07,4.3145e-06,9.6024e-06,9.5880e-06,5.8967e-06,6.2926e-08,1.8381e-07,5.1738e-07,4.4019e-06,8.0580e-06,9.5145e-06,7.3356e-06
P75,0.00,90.00,60.00,0.00,4.9026e-08,2.5539e-07,1.0060e-06,4.8703e-06,1.0263e-05,1.0248e-05,6.8903e-06,4.8758e-08,2.2745e-07,6.7197e-07,4.9342e-06,8.6812e-06,1.0153e-05,8.4394e-06
P75,30.00,180.00,30.00,0.00,5.4207e-08,2.4301e-07,9.4591e-07,4.7777e-06,1.0159e-05,1.0144e-05,6.6657e-06,5.3805e-08,2.1670e-07,6.3465e-07,4.8475e-06,8.5838e-06,1.0054e-05,8.2183e-06
P75,30.00,0.00,30.00,0.00,5.4250e-08,2.4301e-07,9.4591e-07,4.7777e-06,1.0159e-05,1.0144e-05,6.6657e-06,5.3846e-08,2.1670e-07,6.3465e-07,4.8475e-06,8.5838e-06,1.0054e-05,8.2183e-06
P75,60.00,0.00,30.00,0.00,6.3914e-08,2.0462e-07,7.4816e-07,4.3145e-06,9.6024e-06,9.5880e-06,5.8967e-06,6.3086e-08,1.8381e-07,5.1738e-07,4.4019e-06,8.0581e-06,9.5145e-06,7.3356e-06
P75,60.00,90.00,60.00,0.00,5.8909e-08,2.0461e-07,7.4810e-07,4.3143e-06,9.6023e-06,9.5879e-06,5.8967e-06,5.8137e-08,1.8381e-07,5.1737e-07,4.4017e-06,8.0579e-06,9.5144e-06,7.3356e-06
P75,60.00,45.00,0.00,0.00,6.5134e-08,2.0462e-07,7.4817e-07,4.3146e-06,9.6024e-06,9.5881e-06,5.8967e-06,6.4286e-08,1.8381e-07,5.1739e-07,4.4020e-06,8.0581e-06,9.5145e-06,7.3356e-06
P75,0.00,45.00,60.00,0.00,4.9026e-08,2.5539e-07,1.0060e-06,4.8703e-06,1.0263e-05,1.0248e-05,6.8903e-06,4.8758e-08,2.2745e-07,6.7197e-07,4.9342e-06,8.6812e-06,1.0153e-05,8.4394e-06
P76,30.00,90.00,30.00,0.00,5.4707e-08,2.5276e-07,8.2974e-07,4.7081e-06,9.9367e-06,9.9240e-06,6.8636e-06,5.4518e-08,2.2964e-07,6.0724e-07,4.7775e-06,8.5747e-06,9.8616e-06,8.1938e-06
P76,60.00,135.00,0.00,0.00,6.5249e-08,2.1974e-07,7.1955e-07,4.2794e-06,9.3467e-06,9.3348e-06,6.0803e-06,6.4744e-08,1.9996e-07,5.2679e-07,4.3671e-06,8.0771e-06,9.2926e-06,7.3426e-06
P76,0.00,180.00,0.00,0.00,5.3895e-08,2.6249e-07,8.6017e-07,4.7974e-06,1.0055e-05,1.0042e-05,7.0830e-06,5.3736e-08,2.3847e-07,6.2953e-07,4.8612e-06,8.6698e-06,9.9740e-06,8.4092e-06
P76,60.00,45.00,30.00,0.00,6.3835e-08,2.1974e-07,7.1955e-07,4.2793e-06,9.3467e-06,9.3347e-06,6.0803e-06,6.3349e-08,1.9996e-07,5.2679e-07,4.3671e-06,8.0770e-06,9.2926e-06,7.3426e-06
P76,0.00,45.00,0.00,0.00,5.3895e-08,2.6249e-07,8.6017e-07,4.7974e-06,1.0055e-05,1.0042e-05,7.0830e-06,5.3736e-08,2.3847e-07,6.2953e-07,4.8612e-06,8.6698e-06,9.9740e-06,8.4092e-06
P76,0.00,45.00,60.00,0.00,4.8883e-08,2.6248e-07,8.6017e-07,4.7971e-06,1.0054e-05,1.0042e-05,7.0830e-06,4.8806e-08,2.3847e-07,6.2953e-07,4.8609e-06,8.6697e-06,9.9739e-06,8.4091e-06
P76,0.00,0.00,0.00,0.00,5.3895e-08,2.6249e-07,8.6017e-07,4.7974e-06,1.0055e-05,1.0042e-05,7.0830e-06,5.3736e-08,2.3847e-07,6.2953e-07,4.8612e-06,8.6698e-06,9.9740e-06,8.4092e-06
P76,60.00,180.00,60.00,0.00,5.7598e-08,2.1973e-07,7.1955e-07,4.2790e-06,9.3466e-06,9.3346e-06,6.0803e-06,5.7167e-08,1.9996e-07,5.2679e-07,4.3667e-06,8.0768e-06,9.2925e-06,7.3426e-06
P76,0.00,180.00,60.00,0.00,4.8883e-08,2.6248e-07,8.6017e-07,4.7971e-06,1.0054e-05,1.0042e-05,7.0830e-06,4.8806e-08,2.3847e-07,6.2953e-07,4.8609e-06,8.6697e-06,9.9739e-06,8.4091e-06
P76,30.00,135.00,30.00,0.00,5.4689e-08,2.5276e-07,8.2974e-07,4.7081e-06,9.9367e-06,9.9240e-06,6.8636e-06,5.4501e-08,2.2964e-07,6.0724e-07,4.7775e-06,8.5747e-06,9.8616e-06,8.1938e-06
P76,60.00,180.00,30.00,0.00,6.3672e-08,2.1974e-07,7.1955e-07,4.2793e-06,9.3467e-06,9.3347e-06,6.0803e-06,6.3188e-08,1.9996e-07,5.2679e-07,4.3671e-06,8.0770e-06,9.2926e-06,7.3426e-06
P76,30.00,45.00,60.00,0.00,5.0490e-08,2.5275e-07,8.2974e-07,4.7079e-06,9.9366e-06,9.9240e-06,6.8636e-06,5.0357e-08,2.2964e-07,6.0724e-07,4.7773e-06,8.5745e-06,9.8615e-06,8.1938e-06
P76,30.00,0.00,0.00,0.00,5.5851e-08,2.5276e-07,8.2974e-07,4.7081e-06,9.9367e-06,9.9240e-06,6.8636e-06,5.5640e-08,2.2964e-07,6.0724e-07,4.7775e-06,8.5747e-06,9.8616e-06,8.1938e-06
P76,0.00,0.00,60.00,0.00,4.8883e-08,2.6248e-07,8.6017e-07,4.7971e-06,1.0054e-05,1.0042e-05,7.0830e-06,4.8806e-08,2.3847e-07,6.2953e-07,4.8609e-06,8.6697e-06,9.9739e-06,8.4091e-06
P76,30.00,135.00,60.00,0.00,5.0369e-08,2.5275e-07,8.2974e-07,4.7079e-06,9.9366e-06,9.9240e-06,6.8636e-06,5.0237e-08,2.2964e-07,6.0724e-07,4.7773e-06,8.5745e-06,9.8615e-06,8.1938e-06
P76,0.00,45.00,30.00,0.00,5.2826e-08,2.6248e-07,8.6017e-07,4.7973e-06,1.0055e-05,1.0042e-05,7.0830e-06,5.2690e-08,2.3847e-07,6.2953e-07,4.8611e-06,8.6698e-06,9.9740e-06,8.4092e-06
P76,0.00,180.00,30.00,0.00,5.2826e-08,2.6248e-07,8.6017e-07,4.7973e-06,1.0055e-05,1.0042e-05,7.0830e-06,5.2690e-08,2.3847e-07,6.2953e-07,4.8611e-06,8.6698e-06,9.9740e-06,8.4092e-06
P76,60.00,180.00,0.00,0.00,6.5249e-08,2.1974e-07,7.1955e-07,4.2794e-06,9.3467e-06,9.3348e-06,6.0803e-06,6.4744e-08,1.9996e-07,5.2679e-07,4.3671e-06,8.0771e-06,9.2926e-06,7.3426e-06
P76,60.00,45.00,60.00,0.00,5.8215e-08,2.1973e-07,7.1955e-07,4.2790e-06,9.3466e-06,9.3347e-06,6.0803e-06,5.7780e-08,1.9996e-07,5.2679e-07,4.3668e-06,8.0769e-06,9.2925e-06,7.3426e-06
P76,0.00,90.00,0.00,0.00,5.3895e-08,2.6249e-07,8.6017e-07,4.7974e-06,1.0055e-05,1.0042e-05,7.0830e-06,5.3736e-08,2.3847e-07,6.2953e-07,4.8612e-06,8.6698e-06,9.9740e-06,8.4092e-06
P76,60.00,135.00,60.00,0.00,5.7707e-08,2.1973e-07,7.1955e-07,4.2790e-06,9.3466e-06,9.3346e-06,6.0803e-06,5.7275e-08,1.9996e-07,5.2679e-07,4.3667e-06,8.0768e-06,9.2925e-06,7.3426e-06
P76,30.00,0.00,30.00,0.00,5.4732e-08,2.5276e-07,8.2974e-07,4.7081e-06,9.9367e-06,9.9240e-06,6.8636e-06,5.4543e-08,2.2964e-07,6.0724e-07,4.7775e-06,8.5747e-06,9.8616e-06,8.1938e-06
P76,30.00,0.00,60.00,0.00,5.0515e-08,2.5275e-07,8.2974e-07,4.7079e-06,9.9366e-06,9.9240e-06,6.8636e-06,5.0382e-08,2.2964e-07,6.0724e-07,4.7773e-06,8.5745e-06,9.8615e-06,8.1938e-06
P76,30.00,90.00,60.00,0.00,5.0430e-08,2.5275e-07,8.2974e-07,4.7079e-06,9.9366e-06,9.9240e-06,6.8636e-06,5.0297e-08,2.2964e-07,6.0724e-07,4.7773e-06,8.5745e-06,9.8615e-06,8.1938e-06
P76,30.00,180.00,60.00,0.00,5.0344e-08,2.5275e-07,8.2974e-07,4.7079e-06,9.9366e-06,9.9240e-06,6.8636e-06,5.0213e-08,2.2964e-07,6.0724e-07,4.7773e-06,8.5745e-06,9.8615e-06,8.1938e-06
P76,0.00,135.00,0.00,0.00,5.3895e-08,2.6249e-07,8.6017e-07,4.7974e-06,1.0055e-05,1.0042e-05,7.0830e-06,5.3736e-08,2.3847e-07,6.2953e-07,4.8612e-06,8.6698e-06,9.9740e-06,8.4092e-06
P76,60.00,0.00,30.00,0.00,6.3863e-08,2.1974e-07,7.1955e-07,4.2793e-06,9.3467e-06,9.3347e-06,6.0803e-06,6.3376e-08,1.9996e-07,5.2679e-07,4.3671e-06,8.0770e-06,9.2926e-06,7.3426e-06
P76,60.00,90.00,30.00,0.00,6.3767e-08,2.1974e-07,7.1955e-07,4.2793e-06,9.3467e-06,9.3347e-06,6.0803e-06,6.3282e-08,1.9996e-07,5.2679e-07,4.3671e-06,8.0770e-06,9.2926e-06,7.3426e-06
P76,0.00,135.00,30.00,0.00,5.2826e-08,2.6248e-07,8.6017e-07,4.7973e-06,1.0055e-05,1.0042e-05,7.0830e-06,5.2690e-08,2.3847e-07,6.2953e-07,4.8611e-06,8.6698e-06,9.9740e-06,8.4092e-06
P76,60.00,0.00,0.00,0.00,6.5249e-08,2.1974e-07,7.1955e-07,4.2794e-06,9.3467e-06,9.3348e-06,6.0803e-06,6.4744e-08,1.9996e-07,5.2679e-07,4.3671e-06,8.0771e-06,9.2926e-06,7.3426e-06
P76,30.00,45.00,0.00,0.00,5.5851e-08,2.5276e-07,8.2974e-07,4.7081e-06,9.9367e-06,9.9240e-06,6.8636e-06,5.5640e-08,2.2964e-07,6.0724e-07,4.7775e-06,8.5747e-06,9.8616e-06,8.1938e-06
P76,60.00,0.00,60.00,0.00,5.8316e-08,2.1973e-07,7.1955e-07,4.2791e-06,9.3466e-06,9.3347e-06,6.0803e-06,5.7881e-08,1.9996e-07,5.2679e-07,4.3668e-06,8.0769e-06,9.2925e-06,7.3426e-06
P76,30.00,180.00,0.00,0.00,5.5851e-08,2.5276e-07,8.2974e-07,4.7081e-06,9.9367e-06,9.9240e-06,6.8636e-06,5.5640e-08,2.2964e-07,6.0724e-07,4.7775e-06,8.5747e-06,9.8616e-06,8.1938e-06
P76,0.00,135.00,60.00,0.00,4.8883e-08,2.6248e-07,8.6017e-07,4.7971e-06,1.0054e-05,1.0042e-05,7.0830e-06,4.8806e-08,2.3847e-07,6.2953e-07,4.8609e-06,8.6697e-06,9.9739e-06,8.4091e-06
P76,0.00,90.00,30.00,0.00,5.2826e-08,2.6248e-07,8.6017e-07,4.7973e-06,1.0055e-05,1.0042e-05,7.0830e-06,5.2690e-08,2.3847e-07,6.2953e-07,4.8611e-06,8.6698e-06,9.9740e-06,8.4092e-06
P76,30.00,45.00,30.00,0.00,5.4725e-08,2.5276e-07,8.2974e-07,4.7081e-06,9.9367e-06,9.9240e-06,6.8636e-06,5.4536e-08,2.2964e-07,6.0724e-07,4.7775e-06,8.5747e-06,9.8616e-06,8.1938e-06
P76,60.00,45.00,0.00,0.00,6.5249e-08,2.1974e-07,7.1955e-07,4.2794e-06,9.3467e-06,9.3348e-06,6.0803e-06,6.4744e-08,1.9996e-07,5.2679e-07,4.3671e-06,8.0771e-06,9.2926e-06,7.3426e-06
P76,60.00,90.00,60.00,0.00,5.7965e-08,2.1973e-07,7.1955e-07,4.2790e-06,9.3466e-06,9.3346e-06,6.0803e-06,5.7531e-08,1.9996e-07,5.2679e-07,4.3668e-06,8.0769e-06,9.2925e-06,7.3426e-06
P76,0.00,90.00,60.00,0.00,4.8883e-08,2.6248e-07,8.6017e-07,4.7971e-06,1.0054e-05,1.0042e-05,7.0830e-06,4.8806e-08,2.3847e-07,6.2953e-07,4.8609e-06,8.6697e-06,9.9739e-06,8.4091e-06
P76,60.00,135.00,30.00,0.00,6.3700e-08,2.1974e-07,7.1955e-07,4.2793e-06,9.3467e-06,9.3347e-06,6.0803e-06,6.3215e-08,1.9996e-07,5.2679e-07,4.3671e-06,8.0770e-06,9.2926e-06,7.3426e-06
P76,30.00,90.00,0.00,0.00,5.5851e-08,2.5276e-07,8.2974e-07,4.7081e-06,9.9367e-06,9.9240e-06,6.8636e-06,5.5640e-08,2.2964e-07,6.0724e-07,4.7775e-06,8.5747e-06,9.8616e-06,8.1938e-06
P76,30.00,135.00,0.00,0.00,5.5851e-08,2.5276e-07,8.2974e-07,4.7081e-06,9.9367e-06,9.9240e-06,6.8636e-06,5.5640e-08,2.2964e-07,6.0724e-07,4.7775e-06,8.5747e-06,9.8616e-06,8.1938e-06
P76,30.00,180.00,30.00,0.00,5.4682e-08,2.5276e-07,8.2974e-07,4.7081e-06,9.9367e-06,9.9240e-06,6.8636e-06,5.4494e-08,2.2964e-07,6.0724e-07,4.7775e-06,8.5747e-06,9.8616e-06,8.1938e-06
P76,60.00,90.00,0.00,0.00,6.5249e-08,2.1974e-07,7.1955e-07,4.2794e-06,9.3467e-06,9.3348e-06,6.0803e-06,6.4744e-08,1.9996e-07,5.2679e-07,4.3671e-06,8.0771e-06,9.2926e-06,7.3426e-06
P76,0.00,0.00,30.00,0.00,5.2826e-08,2.6248e-07,8.6017e-07,4.7973e-06,1.0055e-05,1.0042e-05,7.0830e-06,5.2690e-08,2.3847e-07,6.2953e-07,4.8611e-06,8.6698e-06,9.9740e-06,8.4092e-06
P77,0.00,135.00,0.00,0.00,5.0959e-08,3.2541e-07,1.0326e-06,4.9328e-06,1.0261e-05,1.0247e-05,6.9365e-06,5.0815e-08,2.9697e-07,7.7043e-07,4.9949e-06,8.7316e-06,1.0158e-05,8.4960e-06
P77,0.00,45.00,30.00,0.00,5.0388e-08,3.2540e-07,1.0326e-06,4.9328e-06,1.0261e-05,1.0247e-05,6.9365e-06,5.0248e-08,2.9697e-07,7.7043e-07,4.9949e-06,8.7316e-06,1.0158e-05,8.4960e-06
P77,0.00,135.00,30.00,0.00,5.0388e-08,3.2540e-07,1.0326e-06,4.9328e-06,1.0261e-05,1.0247e-05,6.9365e-06,5.0248e-08,2.9697e-07,7.7043e-07,4.9949e-06,8.7316e-06,1.0158e-05,8.4960e-06
P77,60.00,135.00,60.00,0.00,5.7338e-08,2.5783e-07,8.6849e-07,4.4426e-06,9.6351e-06,9.6214e-06,5.7622e-06,5.6749e-08,2.3346e-07,6.5239e-07,4.5391e-06,8.1619e-06,9.5525e-06,7.3485e-06
P77,60.00,0.00,30.00,0.00,6.1406e-08,2.5784e-07,8.6851e-07,4.4428e-06,9.6352e-06,9.6216e-06,5.7622e-06,6.0814e-08,2.3346e-07,6.5239e-07,4.5394e-06,8.1620e-06,9.5526e-06,7.3485e-06
P77,30.00,0.00,0.00,0.00,5.2829e-08,3.1129e-07,9.9559e-07,4.8507e-06,1.0161e-05,1.0147e-05,6.6886e-06,5.2616e-08,2.8374e-07,7.4534e-07,4.9201e-06,8.6421e-06,1.0062e-05,8.2710e-06
P77,30.00,90.00,60.00,0.00,4.9597e-08,3.1129e-07,9.9556e-07,4.8505e-06,1.0161e-05,1.0147e-05,6.6886e-06,4.9390e-08,2.8373e-07,7.4533e-07,4.9200e-06,8.6420e-06,1.0062e-05,8.2710e-06
P77,0.00,0.00,30.00,0.00,5.0388e-08,3.2540e-07,1.0326e-06,4.9328e-06,1.0261e-05,1.0247e-05,6.9365e-06,5.0248e-08,2.9697e-07,7.7043e-07,4.9949e-06,8.7316e-06,1.0158e-05,8.4960e-06
P77,30.00,180.00,60.00,0.00,4.9537e-08,3.1129e-07,9.9556e-07,4.8505e-06,1.0161e-05,1.0147e-05,6.6886e-06,4.9330e-08,2.8373e-07,7.4533e-07,4.9199e-06,8.6420e-06,1.0062e-05,8.2710e-06
P77,30.00,90.00,0.00,0.00,5.2829e-08,3.1129e-07,9.9559e-07,4.8507e-06,1.0161e-05,1.0147e-05,6.6886e-06,5.2616e-08,2.8374e-07,7.4534e-07,4.9201e-06,8.6421e-06,1.0062e-05,8.2710e-06
P77,30.00,135.00,30.00,0.00,5.2196e-08,3.1129e-07,9.9558e-07,4.8506e-06,1.0161e-05,1.0147e-05,6.6886e-06,5.1987e-08,2.8374e-07,7.4534e-07,4.9201e-06,8.6421e-06,1.0062e-05,8.2710e-06
P77,60.00,0.00,0.00,0.00,6.2212e-08,2.5784e-07,8.6851e-07,4.4429e-06,9.6352e-06,9.6216e-06,5.7622e-06,6.1617e-08,2.3346e-07,6.5239e-07,4.5394e-06,8.1621e-06,9.5527e-06,7.3485e-06
P77,0.00,90.00,60.00,0.00,4.8028e-08,3.2540e-07,1.0325e-06,4.9326e-06,1.0261e-05,1.0247e-05,6.9365e-06,4.7891e-08,2.9697e-07,7.7042e-07,4.9948e-06,8.7315e-06,1.0158e-05,8.4960e-06
P77,30.00,0.00,60.00,0.00,4.9658e-08,3.1129e-07,9.9556e-07,4.8505e-06,1.0161e-05,1.0147e-05,6.6886e-06,4.9451e-08,2.8373e-07,7.4533e-07,4.9200e-06,8.6420e-06,1.0062e-05,8.2710e-06
P77,0.00,45.00,0.00,0.00,5.0959e-08,3.2541e-07,1.0326e-06,4.9328e-06,1.0261e-05,1.0247e-05,6.9365e-06,5.0815e-08,2.9697e-07,7.7043e-07,4.9949e-06,8.7316e-06,1.0158e-05,8.4960e-06
P77,0.00,135.00,60.00,0.00,4.8028e-08,3.2540e-07,1.0325e-06,4.9326e-06,1.0261e-05,1.0247e-05,6.9365e-06,4.7891e-08,2.9697e-07,7.7042e-07,4.9948e-06,8.7315e-06,1.0158e-05,8.4960e-06
P77,0.00,180.00,0.00,0.00,5.0959e-08,3.2541e-07,1.0326e-06,4.9328e-06,1.0261e-05,1.0247e-05,6.9365e-06,5.0815e-08,2.9697e-07,7.7043e-07,4.9949e-06,8.7316e-06,1.0158e-05,8.4960e-06
P77,30.00,180.00,30.00,0.00,5.2192e-08,3.1129e-07,9.9558e-07,4.8506e-06,1.0161e-05,1.0147e-05,6.6886e-06,5.1983e-08,2.8374e-07,7.4534e-07,4.9201e-06,8.6421e-06,1.0062e-05,8.2710e-06
P77,60.00,45.00,30.00,0.00,6.1386e-08,2.5784e-07,8.6851e-07,4.4428e-06,9.6352e-06,9.6216e-06,5.7622e-06,6.0795e-08,2.3346e-07,6.5239e-07,4.5394e-06,8.1620e-06,9.5526e-06,7.3485e-06
P77,30.00,45.00,0.00,0.00,5.2829e-08,3.1129e-07,9.9559e-07,4.8507e-06,1.0161e-05,1.0147e-05,6.6886e-06,5.2616e-08,2.8374e-07,7.4534e-07,4.9201e-06,8.6421e-06,1.0062e-05,8.2710e-06
P77,30.00,180.00,0.00,0.00,5.2829e-08,3.1129e-07,9.9559e-07,4.8507e-06,1.0161e-05,1.0147e-05,6.6886e-06,5.2616e-08,2.8374e-07,7.4534e-07,4.9201e-06,8.6421e-06,1.0062e-05,8.2710e-06
P77,30.00,135.00,0.00,0.00,5.2829e-08,3.1129e-07,9.9559e-07,4.8507e-06,1.0161e-05,1.0147e-05,6.6886e-06,5.2616e-08,2.8374e-07,7.4534e-07,4.9201e-06,8.6421e-06,1.0062e-05,8.2710e-06
P77,60.00,90.00,30.00,0.00,6.1340e-08,2.5784e-07,8.6851e-07,4.4428e-06,9.6352e-06,9.6216e-06,5.7622e-06,6.0748e-08,2.3346e-07,6.5239e-07,4.5394e-06,8.1620e-06,9.5526e-06,7.3485e-06
P77,0.00,0.00,60.00,0.00,4.8028e-08,3.2540e-07,1.0325e-06,4.9326e-06,1.0261e-05,1.0247e-05,6.9365e-06,4.7891e-08,2.9697e-07,7.7042e-07,4.9948e-06,8.7315e-06,1.0158e-05,8.4960e-06
P77,0.00,0.00,0.00,0.00,5.0959e-08,3.2541e-07,1.0326e-06,4.9328e-06,1.0261e-05,1.0247e-05,6.9365e-06,5.0815e-08,2.9697e-07,7.7043e-07,4.9949e-06,8.7316e-06,1.0158e-05,8.4960e-06
P77,60.00,90.00,0.00,0.00,6.2212e-08,2.5784e-07,8.6851e-07,4.4429e-06,9.6352e-06,9.6216e-06,5.7622e-06,6.1617e-08,2.3346e-07,6.5239e-07,4.5394e-06,8.1621e-06,9.5527e-06,7.3485e-06
P77,60.00,180.00,0.00,0.00,6.2212e-08,2.5784e-07,8.6851e-07,4.4429e-06,9.6352e-06,9.6216e-06,5.7622e-06,6.1617e-08,2.3346e-07,6.5239e-07,4.5394e-06,8.1621e-06,9.5527e-06,7.3485e-06
P77,60.00,180.00,30.00,0.00,6.1275e-08,2.5784e-07,8.6851e-07,4.4428e-06,9.6352e-06,9.6216e-06,5.7622e-06,6.0684e-08,2.3346e-07,6.5239e-07,4.5393e-06,8.1620e-06,9.5526e-06,7.3485e-06
P77,60.00,135.00,0.00,0.00,6.2212e-08,2.5784e-07,8.6851e-07,4.4429e-06,9.6352e-06,9.6216e-06,5.7622e-06,6.1617e-08,2.3346e-07,6.5239e-07,4.5394e-06,8.1621e-06,9.5527e-06,7.3485e-06
P77,30.00,45.00,30.00,0.00,5.2217e-08,3.1129e-07,9.9558e-07,4.8506e-06,1.0161e-05,1.0147e-05,6.6886e-06,5.2008e-08,2.8374e-07,7.4534e-07,4.9201e-06,8.6421e-06,1.0062e-05,8.2710e-06
P77,30.00,0.00,30.00,0.00,5.2221e-08,3.1129e-07,9.9558e-07,4.8506e-06,1.0161e-05,1.0147e-05,6.6886e-06,5.2012e-08,2.8374e-07,7.4534e-07,4.9201e-06,8.6421e-06,1.0062e-05,8.2710e-06
P77,0.00,90.00,30.00,0.00,5.0388e-08,3.2540e-07,1.0326e-06,4.9328e-06,1.0261e-05,1.0247e-05,6.9365e-06,5.0248e-08,2.9697e-07,7.7043e-07,4.9949e-06,8.7316e-06,1.0158e-05,8.4960e-06
P77,60.00,0.00,60.00,0.00,5.7806e-08,2.5783e-07,8.6849e-07,4.4426e-06,9.6351e-06,9.6214e-06,5.7622e-06,5.7218e-08,2.3346e-07,6.5239e-07,4.5392e-06,8.1619e-06,9.5525e-06,7.3485e-06
P77,0.00,180.00,30.00,0.00,5.0388e-08,3.2540e-07,1.0326e-06,4.9328e-06,1.0261e-05,1.0247e-05,6.9365e-06,5.0248e-08,2.9697e-07,7.7043e-07,4.9949e-06,8.7316e-06,1.0158e-05,8.4960e-06
P77,60.00,45.00,60.00,0.00,5.7728e-08,2.5783e-07,8.6849e-07,4.4426e-06,9.6351e-06,9.6214e-06,5.7622e-06,5.7140e-08,2.3346e-07,6.5239e-07,4.5391e-06,8.1619e-06,9.5525e-06,7.3485e-06
P77,0.00,45.00,60.00,0.00,4.8028e-08,3.2540e-07,1.0325e-06,4.9326e-06,1.0261e-05,1.0247e-05,6.9365e-06,4.7891e-08,2.9697e-07,7.7042e-07,4.9948e-06,8.7315e-06,1.0158e-05,8.4960e-06
P77,60.00,90.00,60.00,0.00,5.7535e-08,2.5783e-07,8.6849e-07,4.4426e-06,9.6351e-06,9.6214e-06,5.7622e-06,5.6947e-08,2.3346e-07,6.5239e-07,4.5391e-06,8.1619e-06,9.5525e-06,7.3485e-06
P77,60.00,180.00,60.00,0.00,5.7254e-08,2.5783e-07,8.6849e-07,4.4426e-06,9.6351e-06,9.6214e-06,5.7622e-06,5.6665e-08,2.3346e-07,6.5239e-07,4.5391e-06,8.1618e-06,9.5525e-06,7.3485e-06
P77,0.00,180.00,60.00,0.00,4.8028e-08,3.2540e-07,1.0325e-06,4.9326e-06,1.0261e-05,1.0247e-05,6.9365e-06,4.7891e-08,2.9697e-07,7.7042e-07,4.9948e-06,8.7315e-06,1.0158e-05,8.4960e-06
P77,30.00,90.00,30.00,0.00,5.2206e-08,3.1129e-07,9.9558e-07,4.8506e-06,1.0161e-05,1.0147e-05,6.6886e-06,5.1997e-08,2.8374e-07,7.4534e-07,4.9201e-06,8.6421e-06,1.0062e-05,8.2710e-06
P77,60.00,135.00,30.00,0.00,6.1294e-08,2.5784e-07,8.6851e-07,4.4428e-06,9.6352e-06,9.6216e-06,5.7622e-06,6.0702e-08,2.3346e-07,6.5239e-07,4.5393e-06,8.1620e-06,9.5526e-06,7.3485e-06
P77,30.00,45.00,60.00,0.00,4.9640e-08,3.1129e-07,9.9556e-07,4.8505e-06,1.0161e-05,1.0147e-05,6.6886e-06,4.9433e-08,2.8373e-07,7.4533e-07,4.9200e-06,8.6420e-06,1.0062e-05,8.2710e-06
P77,30.00,135.00,60.00,0.00,4.9555e-08,3.1129e-07,9.9556e-07,4.8505e-06,1.0161e-05,1.0147e-05,6.6886e-06,4.9348e-08,2.8373e-07,7.4533e-07,4.9199e-06,8.6420e-06,1.0062e-05,8.2710e-06
P77,60.00,45.00,0.00,0.00,6.2212e-08,2.5784e-07,8.6851e-07,4.4429e-06,9.6352e-06,9.6216e-06,5.7622e-06,6.1617e-08,2.3346e-07,6.5239e-07,4.5394e-06,8.1621e-06,9.5527e-06,7.3485e-06
P77,0.00,90.00,0.00,0.00,5.0959e-08,3.2541e-07,1.0326e-06,4.9328e-06,1.0261e-05,1.0247e-05,6.9365e-06,5.0815e-08,2.9697e-07,7.7043e-07,4.9949e-06,8.7316e-06,1.0158e-05,8.4960e-06
P78,60.00,135.00,0.00,0.00,6.4077e-08,1.8121e-07,6.7401e-07,4.2533e-06,9.3580e-06,9.3458e-06,5.4813e-06,6.3497e-08,1.6185e-07,4.8214e-07,4.3547e-06,8.0517e-06,9.2978e-06,7.0641e-06
P78,30.00,135.00,30.00,0.00,5.3597e-08,2.2063e-07,7.9061e-07,4.7125e-06,9.9710e-06,9.9581e-06,6.4363e-06,5.3390e-08,1.9786e-07,5.6698e-07,4.7889e-06,8.5707e-06,9.8892e-06,8.0356e-06
P78,60.00,135.00,30.00,0.00,6.2969e-08,1.8121e-07,6.7401e-07,4.2532e-06,9.3580e-06,9.3458e-06,5.4813e-06,6.2395e-08,1.6185e-07,4.8214e-07,4.3546e-06,8.0517e-06,9.2978e-06,7.0641e-06
P78,0.00,90.00,60.00,0.00,4.8762e-08,2.3167e-07,8.2368e-07,4.8060e-06,1.0090e-05,1.0077e-05,6.6924e-06,4.8634e-08,2.0798e-07,5.9012e-07,4.8754e-06,8.6682e-06,1.0003e-05,8.2740e-06
P78,0.00,180.00,30.00,0.00,5.1678e-08,2.3168e-07,8.2368e-07,4.8062e-06,1.0090e-05,1.0077e-05,6.6924e-06,5.1539e-08,2.0798e-07,5.9012e-07,4.8756e-06,8.6683e-06,1.0003e-05,8.2740e-06
P78,60.00,90.00,30.00,0.00,6.3024e-08,1.8121e-07,6.7401e-07,4.2533e-06,9.3580e-06,9.3458e-06,5.4813e-06,6.2450e-08,1.6185e-07,4.8214e-07,4.3546e-06,8.0517e-06,9.2978e-06,7.0641e-06
P78,30.00,0.00,60.00,0.00,5.0460e-08,2.2062e-07,7.9060e-07,4.7123e-06,9.9710e-06,9.9580e-06,6.4363e-06,5.0264e-08,1.9786e-07,5.6698e-07,4.7887e-06,8.5706e-06,9.8891e-06,8.0356e-06
P78,0.00,180.00,0.00,0.00,5.2368e-08,2.3168e-07,8.2368e-07,4.8062e-06,1.0090e-05,1.0077e-05,6.6924e-06,5.2224e-08,2.0798e-07,5.9012e-07,4.8756e-06,8.6683e-06,1.0003e-05,8.2741e-06
P78,30.00,135.00,0.00,0.00,5.4364e-08,2.2063e-07,7.9061e-07,4.7125e-06,9.9711e-06,9.9581e-06,6.4363e-06,5.4152e-08,1.9786e-07,5.6698e-07,4.7889e-06,8.5707e-06,9.8892e-06,8.0356e-06
P78,30.00,180.00,0.00,0.00,5.4364e-08,2.2063e-07,7.9061e-07,4.7125e-06,9.9711e-06,9.9581e-06,6.4363e-06,5.4152e-08,1.9786e-07,5.6698e-07,4.7889e-06,8.5707e-06,9.8892e-06,8.0356e-06
P78,60.00,90.00,0.00,0.00,6.4077e-08,1.8121e-07,6.7401e-07,4.2533e-06,9.3580e-06,9.3458e-06,5.4813e-06,6.3497e-08,1.6185e-07,4.8214e-07,4.3547e-06,8.0517e-06,9.2978e-06,7.0641e-06
P78,60.00,45.00,30.00,0.00,6.3080e-08,1.8121e-07,6.7401e-07,4.2533e-06,9.3580e-06,9.3458e-06,5.4813e-06,6.2506e-08,1.6185e-07,4.8214e-07,4.3546e-06,8.0517e-06,9.2978e-06,7.0641e-06
P78,30.00,0.00,0.00,0.00,5.4364e-08,2.2063e-07,7.9061e-07,4.7125e-06,9.9711e-06,9.9581e-06,6.4363e-06,5.4152e-08,1.9786e-07,5.6698e-07,4.7889e-06,8.5707e-06,9.8892e-06,8.0356e-06
P78,30.00,180.00,60.00,0.00,5.0313e-08,2.2062e-07,7.9060e-07,4.7123e-06,9.9710e-06,9.9580e-06,6.4363e-06,5.0117e-08,1.9786e-07,5.6698e-07,4.7887e-06,8.5706e-06,9.8891e-06,8.0355e-06
P78,60.00,0.00,30.00,0.00,6.3103e-08,1.8121e-07,6.7401e-07,4.2533e-06,9.3580e-06,9.3458e-06,5.4813e-06,6.2529e-08,1.6185e-07,4.8214e-07,4.3546e-06,8.0517e-06,9.2978e-06,7.0641e-06
P78,0.00,180.00,60.00,0.00,4.8762e-08,2.3167e-07,8.2368e-07,4.8060e-06,1.0090e-05,1.0077e-05,6.6924e-06,4.8634e-08,2.0798e-07,5.9012e-07,4.8754e-06,8.6682e-06,1.0003e-05,8.2740e-06
P78,0.00,0.00,0.00,0.00,5.2368e-08,2.3168e-07,8.2368e-07,4.8062e-06,1.0090e-05,1.0077e-05,6.6924e-06,5.2224e-08,2.0798e-07,5.9012e-07,4.8756e-06,8.6683e-06,1.0003e-05,8.2741e-06
P78,60.00,135.00,60.00,0.00,5.8139e-08,1.8121e-07,6.7401e-07,4.2530e-06,9.3579e-06,9.3457e-06,5.4813e-06,5.7580e-08,1.6185e-07,4.8214e-07,4.3543e-06,8.0515e-06,9.2977e-06,7.0640e-06
P78,60.00,90.00,60.00,0.00,5.8376e-08,1.8121e-07,6.7401e-07,4.2530e-06,9.3579e-06,9.3457e-06,5.4813e-06,5.7817e-08,1.6185e-07,4.8214e-07,4.3543e-06,8.0515e-06,9.2977e-06,7.0640e-06
P78,60.00,180.00,0.00,0.00,6.4077e-08,1.8121e-07,6.7401e-07,4.2533e-06,9.3580e-06,9.3458e-06,5.4813e-06,6.3497e-08,1.6185e-07,4.8214e-07,4.3547e-06,8.0517e-06,9.2978e-06,7.0641e-06
P78,0.00,45.00,30.00,0.00,5.1678e-08,2.3168e-07,8.2368e-07,4.8062e-06,1.0090e-05,1.0077e-05,6.6924e-06,5.1539e-08,2.0798e-07,5.9012e-07,4.8756e-06,8.6683e-06,1.0003e-05,8.2740e-06
P78,60.00,45.00,60.00,0.00,5.8606e-08,1.8121e-07,6.7401e-07,4.2530e-06,9.3579e-06,9.3457e-06,5.4813e-06,5.8047e-08,1.6185e-07,4.8214e-07,4.3543e-06,8.0515e-06,9.2977e-06,7.0640e-06
P78,0.00,135.00,60.00,0.00,4.8762e-08,2.3167e-07,8.2368e-07,4.8060e-06,1.0090e-05,1.0077e-05,6.6924e-06,4.8634e-08,2.0798e-07,5.9012e-07,4.8754e-06,8.6682e-06,1.0003e-05,8.2740e-06
P78,60.00,180.00,60.00,0.00,5.8037e-08,1.8121e-07,6.7401e-07,4.2529e-06,9.3579e-06,9.3457e-06,5.4813e-06,5.7479e-08,1.6185e-07,4.8214e-07,4.3543e-06,8.0515e-06,9.2977e-06,7.0640e-06
P78,30.00,45.00,0.00,0.00,5.4364e-08,2.2063e-07,7.9061e-07,4.7125e-06,9.9711e-06,9.9581e-06,6.4363e-06,5.4152e-08,1.9786e-07,5.6698e-07,4.7889e-06,8.5707e-06,9.8892e-06,8.0356e-06
P78,0.00,135.00,0.00,0.00,5.2368e-08,2.3168e-07,8.2368e-07,4.8062e-06,1.0090e-05,1.0077e-05,6.6924e-06,5.2224e-08,2.0798e-07,5.9012e-07,4.8756e-06,8.6683e-06,1.0003e-05,8.2741e-06
P78,30.00,90.00,60.00,0.00,5.0386e-08,2.2062e-07,7.9060e-07,4.7123e-06,9.9710e-06,9.9580e-06,6.4363e-06,5.0190e-08,1.9786e-07,5.6698e-07,4.7887e-06,8.5706e-06,9.8891e-06,8.0355e-06
P78,30.00,0.00,30.00,0.00,5.3627e-08,2.2063e-07,7.9061e-07,4.7125e-06,9.9710e-06,9.9581e-06,6.4363e-06,5.3421e-08,1.9786e-07,5.6698e-07,4.7889e-06,8.5707e-06,9.8892e-06,8.0356e-06
P78,30.00,45.00,60.00,0.00,5.0438e-08,2.2062e-07,7.9060e-07,4.7123e-06,9.9710e-06,9.9580e-06,6.4363e-06,5.0242e-08,1.9786e-07,5.6698e-07,4.7887e-06,8.5706e-06,9.8891e-06,8.0355e-06
P78,60.00,0.00,0.00,0.00,6.4077e-08,1.8121e-07,6.7401e-07,4.2533e-06,9.3580e-06,9.3458e-06,5.4813e-06,6.3497e-08,1.6185e-07,4.8214e-07,4.3547e-06,8.0517e-06,9.2978e-06,7.0641e-06
P78,0.00,45.00,60.00,0.00,4.8762e-08,2.3167e-07,8.2368e-07,4.8060e-06,1.0090e-05,1.0077e-05,6.6924e-06,4.8634e-08,2.0798e-07,5.9012e-07,4.8754e-06,8.6682e-06,1.0003e-05,8.2740e-06
P78,60.00,45.00,0.00,0.00,6.4077e-08,1.8121e-07,6.7401e-07,4.2533e-06,9.3580e-06,9.3458e-06,5.4813e-06,6.3497e-08,1.6185e-07,4.8214e-07,4.3547e-06,8.0517e-06,9.2978e-06,7.0641e-06
P78,60.00,0.00,60.00,0.00,5.8699e-08,1.8121e-07,6.7401e-07,4.2530e-06,9.3579e-06,9.3457e-06,5.4813e-06,5.8140e-08,1.6185e-07,4.8214e-07,4.3543e-06,8.0515e-06,9.2977e-06,7.0640e-06
P78,30.00,90.00,0.00,0.00,5.4364e-08,2.2063e-07,7.9061e-07,4.7125e-06,9.9711e-06,9.9581e-06,6.4363e-06,5.4152e-08,1.9786e-07,5.6698e-07,4.7889e-06,8.5707e-06,9.8892e-06,8.0356e-06
P78,30.00,90.00,30.00,0.00,5.3609e-08,2.2063e-07,7.9061e-07,4.7125e-06,9.9710e-06,9.9581e-06,6.4363e-06,5.3403e-08,1.9786e-07,5.6698e-07,4.7889e-06,8.5707e-06,9.8892e-06,8.0356e-06
P78,0.00,90.00,30.00,0.00,5.1678e-08,2.3168e-07,8.2368e-07,4.8062e-06,1.0090e-05,1.0077e-05,6.6924e-06,5.1539e-08,2.0798e-07,5.9012e-07,4.8756e-06,8.6683e-06,1.0003e-05,8.2740e-06
P78,0.00,0.00,60.00,0.00,4.8762e-08,2.3167e-07,8.2368e-07,4.8060e-06,1.0090e-05,1.0077e-05,6.6924e-06,4.8634e-08,2.0798e-07,5.9012e-07,4.8754e-06,8.6682e-06,1.0003e-05,8.2740e-06
P78,30.00,45.00,30.00,0.00,5.3622e-08,2.2063e-07,7.9061e-07,4.7125e-06,9.9710e-06,9.9581e-06,6.4363e-06,5.3415e-08,1.9786e-07,5.6698e-07,4.7889e-06,8.5707e-06,9.8892e-06,8.0356e-06
P78,0.00,90.00,0.00,0.00,5.2368e-08,2.3168e-07,8.2368e-07,4.8062e-06,1.0090e-05,1.0077e-05,6.6924e-06,5.2224e-08,2.0798e-07,5.9012e-07,4.8756e-06,8.6683e-06,1.0003e-05,8.2741e-06
P78,30.00,180.00,30.00,0.00,5.3591e-08,2.2063e-07,7.9061e-07,4.7125e-06,9.9710e-06,9.9581e-06,6.4363e-06,5.3385e-08,1.9786e-07,5.6698e-07,4.7889e-06,8.5707e-06,9.8892e-06,8.0356e-06
P78,0.00,45.00,0.00,0.00,5.2368e-08,2.3168e-07,8.2368e-07,4.8062e-06,1.0090e-05,1.0077e-05,6.6924e-06,5.2224e-08,2.0798e-07,5.9012e-07,4.8756e-06,8.6683e-06,1.0003e-05,8.2741e-06
P78,0.00,135.00,30.00,0.00,5.1678e-08,2.3168e-07,8.2368e-07,4.8062e-06,1.0090e-05,1.0077e-05,6.6924e-06,5.1539e-08,2.0798e-07,5.9012e-07,4.8756e-06,8.6683e-06,1.0003e-05,8.2740e-06
P78,0.00,0.00,30.00,0.00,5.1678e-08,2.3168e-07,8.2368e-07,4.8062e-06,1.0090e-05,1.0077e-05,6.6924e-06,5.1539e-08,2.0798e-07,5.9012e-07,4.8756e-06,8.6683e-06,1.0003e-05,8.2740e-06
P78,60.00,180.00,30.00,0.00,6.2946e-08,1.8121e-07,6.7401e-07,4.2532e-06,9.3580e-06,9.3458e-06,5.4813e-06,6.2372e-08,1.6185e-07,4.8214e-07,4.3546e-06,8.0517e-06,9.2978e-06,7.0641e-06
P78,30.00,135.00,60.00,0.00,5.0334e-08,2.2062e-07,7.9060e-07,4.7123e-06,9.9710e-06,9.9580e-06,6.4363e-06,5.0139e-08,1.9786e-07,5.6698e-07,4.7887e-06,8.5706e-06,9.8891e-06,8.0355e-06
P79,30.00,135.00,60.00,0.00,4.9890e-08,2.7194e-07,9.8513e-07,4.9232e-06,1.0210e-05,1.0196e-05,6.6869e-06,4.9642e-08,2.4435e-07,6.9670e-07,4.9677e-06,8.6575e-06,1.0104e-05,8.3662e-06
P79,30.00,180.00,60.00,0.00,4.9873e-08,2.7194e-07,9.8513e-07,4.9232e-06,1.0210e-05,1.0196e-05,6.6869e-06,4.9625e-08,2.4435e-07,6.9670e-07,4.9677e-06,8.6575e-06,1.0104e-05,8.3662e-06
P79,0.00,0.00,30.00,0.00,5.0607e-08,2.8646e-07,1.0350e-06,5.0011e-06,1.0306e-05,1.0292e-05,6.9392e-06,5.0435e-08,2.5758e-07,7.2972e-07,5.0391e-06,8.7457e-06,1.0197e-05,8.5885e-06
P79,60.00,0.00,60.00,0.00,5.8447e-08,2.2087e-07,8.1669e-07,4.5322e-06,9.6992e-06,9.6851e-06,5.7408e-06,5.7785e-08,1.9782e-07,5.8368e-07,4.6008e-06,8.1825e-06,9.6084e-06,7.4506e-06
P79,60.00,0.00,0.00,0.00,6.2755e-08,2.2088e-07,8.1674e-07,4.5324e-06,9.6994e-06,9.6853e-06,5.7408e-06,6.2090e-08,1.9783e-07,5.8370e-07,4.6011e-06,8.1827e-06,9.6086e-06,7.4507e-06
P79,60.00,90.00,0.00,0.00,6.2755e-08,2.2088e-07,8.1674e-07,4.5324e-06,9.6994e-06,9.6853e-06,5.7408e-06,6.2090e-08,1.9783e-07,5.8370e-07,4.6011e-06,8.1827e-06,9.6086e-06,7.4507e-06
P79,60.00,90.00,60.00,0.00,5.8183e-08,2.2087e-07,8.1668e-07,4.5322e-06,9.6992e-06,9.6851e-06,5.7408e-06,5.7521e-08,1.9782e-07,5.8368e-07,4.6008e-06,8.1825e-06,9.6084e-06,7.4506e-06
P79,60.00,180.00,60.00,0.00,5.7909e-08,2.2087e-07,8.1668e-07,4.5322e-06,9.6992e-06,9.6851e-06,5.7408e-06,5.7245e-08,1.9782e-07,5.8368e-07,4.6008e-06,8.1825e-06,9.6084e-06,7.4506e-06
P79,60.00,135.00,30.00,0.00,6.1856e-08,2.2088e-07,8.1672e-07,4.5324e-06,9.6993e-06,9.6853e-06,5.7408e-06,6.1194e-08,1.9783e-07,5.8370e-07,4.6010e-06,8.1827e-06,9.6085e-06,7.4507e-06
P79,30.00,90.00,0.00,0.00,5.3077e-08,2.7195e-07,9.8519e-07,4.9233e-06,1.0210e-05,1.0196e-05,6.6870e-06,5.2826e-08,2.4435e-07,6.9673e-07,4.9678e-06,8.6576e-06,1.0104e-05,8.3662e-06
P79,0.00,0.00,60.00,0.00,4.8312e-08,2.8645e-07,1.0349e-06,5.0009e-06,1.0306e-05,1.0292e-05,6.9392e-06,4.8140e-08,2.5758e-07,7.2970e-07,5.0390e-06,8.7456e-06,1.0197e-05,8.5884e-06
P79,30.00,0.00,60.00,0.00,4.9990e-08,2.7194e-07,9.8513e-07,4.9232e-06,1.0210e-05,1.0196e-05,6.6869e-06,4.9742e-08,2.4435e-07,6.9670e-07,4.9677e-06,8.6575e-06,1.0104e-05,8.3662e-06
P79,60.00,180.00,30.00,0.00,6.1838e-08,2.2088e-07,8.1672e-07,4.5324e-06,9.6993e-06,9.6853e-06,5.7408e-06,6.1175e-08,1.9783e-07,5.8370e-07,4.6010e-06,8.1827e-06,9.6085e-06,7.4507e-06
P79,30.00,180.00,30.00,0.00,5.2455e-08,2.7194e-07,9.8518e-07,4.9233e-06,1.0210e-05,1.0196e-05,6.6870e-06,5.2208e-08,2.4435e-07,6.9672e-07,4.9678e-06,8.6576e-06,1.0104e-05,8.3662e-06
P79,30.00,135.00,30.00,0.00,5.2460e-08,2.7194e-07,9.8518e-07,4.9233e-06,1.0210e-05,1.0196e-05,6.6870e-06,5.2212e-08,2.4435e-07,6.9672e-07,4.9678e-06,8.6576e-06,1.0104e-05,8.3662e-06
P79,0.00,135.00,60.00,0.00,4.8312e-08,2.8645e-07,1.0349e-06,5.0009e-06,1.0306e-05,1.0292e-05,6.9392e-06,4.8140e-08,2.5758e-07,7.2970e-07,5.0390e-06,8.7456e-06,1.0197e-05,8.5884e-06
P79,30.00,90.00,60.00,0.00,4.9931e-08,2.7194e-07,9.8513e-07,4.9232e-06,1.0210e-05,1.0196e-05,6.6869e-06,4.9683e-08,2.4435e-07,6.9670e-07,4.9677e-06,8.6575e-06,1.0104e-05,8.3662e-06
P79,0.00,90.00,30.00,0.00,5.0607e-08,2.8646e-07,1.0350e-06,5.0011e-06,1.0306e-05,1.0292e-05,6.9392e-06,5.0435e-08,2.5758e-07,7.2972e-07,5.0391e-06,8.7457e-06,1.0197e-05,8.5885e-06
P79,0.00,135.00,30.00,0.00,5.0607e-08,2.8646e-07,1.0350e-06,5.0011e-06,1.0306e-05,1.0292e-05,6.9392e-06,5.0435e-08,2.5758e-07,7.2972e-07,5.0391e-06,8.7457e-06,1.0197e-05,8.5885e-06
P79,60.00,0.00,30.00,0.00,6.1965e-08,2.2088e-07,8.1673e-07,4.5324e-06,9.6993e-06,9.6853e-06,5.7408e-06,6.1302e-08,1.9783e-07,5.8370e-07,4.6010e-06,8.1827e-06,9.6085e-06,7.4507e-06
P79,0.00,45.00,0.00,0.00,5.1164e-08,2.8646e-07,1.0350e-06,5.0011e-06,1.0306e-05,1.0292e-05,6.9392e-06,5.0988e-08,2.5758e-07,7.2972e-07,5.0392e-06,8.7457e-06,1.0197e-05,8.5885e-06
P79,0.00,0.00,0.00,0.00,5.1164e-08,2.8646e-07,1.0350e-06,5.0011e-06,1.0306e-05,1.0292e-05,6.9392e-06,5.0988e-08,2.5758e-07,7.2972e-07,5.0392e-06,8.7457e-06,1.0197e-05,8.5885e-06
P79,60.00,45.00,30.00,0.00,6.1946e-08,2.2088e-07,8.1673e-07,4.5324e-06,9.6993e-06,9.6853e-06,5.7408e-06,6.1283e-08,1.9783e-07,5.8370e-07,4.6010e-06,8.1827e-06,9.6085e-06,7.4507e-06
P79,60.00,135.00,0.00,0.00,6.2755e-08,2.2088e-07,8.1674e-07,4.5324e-06,9.6994e-06,9.6853e-06,5.7408e-06,6.2090e-08,1.9783e-07,5.8370e-07,4.6011e-06,8.1827e-06,9.6086e-06,7.4507e-06
P79,30.00,45.00,30.00,0.00,5.2480e-08,2.7194e-07,9.8518e-07,4.9233e-06,1.0210e-05,1.0196e-05,6.6870e-06,5.2232e-08,2.4435e-07,6.9672e-07,4.9678e-06,8.6576e-06,1.0104e-05,8.3662e-06
P79,0.00,180.00,0.00,0.00,5.1164e-08,2.8646e-07,1.0350e-06,5.0011e-06,1.0306e-05,1.0292e-05,6.9392e-06,5.0988e-08,2.5758e-07,7.2972e-07,5.0392e-06,8.7457e-06,1.0197e-05,8.5885e-06
P79,0.00,45.00,30.00,0.00,5.0607e-08,2.8646e-07,1.0350e-06,5.0011e-06,1.0306e-05,1.0292e-05,6.9392e-06,5.0435e-08,2.5758e-07,7.2972e-07,5.0391e-06,8.7457e-06,1.0197e-05,8.5885e-06
P79,0.00,180.00,30.00,0.00,5.0607e-08,2.8646e-07,1.0350e-06,5.0011e-06,1.0306e-05,1.0292e-05,6.9392e-06,5.0435e-08,2.5758e-07,7.2972e-07,5.0391e-06,8.7457e-06,1.0197e-05,8.5885e-06
P79,0.00,90.00,60.00,0.00,4.8312e-08,2.8645e-07,1.0349e-06,5.0009e-06,1.0306e-05,1.0292e-05,6.9392e-06,4.8140e-08,2.5758e-07,7.2970e-07,5.0390e-06,8.7456e-06,1.0197e-05,8.5884e-06
P79,30.00,0.00,0.00,0.00,5.3077e-08,2.7195e-07,9.8519e-07,4.9233e-06,1.0210e-05,1.0196e-05,6.6870e-06,5.2826e-08,2.4435e-07,6.9673e-07,4.9678e-06,8.6576e-06,1.0104e-05,8.3662e-06
P79,30.00,45.00,60.00,0.00,4.9973e-08,2.7194e-07,9.8513e-07,4.9232e-06,1.0210e-05,1.0196e-05,6.6869e-06,4.9725e-08,2.4435e-07,6.9670e-07,4.9677e-06,8.6575e-06,1.0104e-05,8.3662e-06
P79,0.00,45.00,60.00,0.00,4.8312e-08,2.8645e-07,1.0349e-06,5.0009e-06,1.0306e-05,1.0292e-05,6.9392e-06,4.8140e-08,2.5758e-07,7.2970e-07,5.0390e-06,8.7456e-06,1.0197e-05,8.5884e-06
P79,30.00,90.00,30.00,0.00,5.2470e-08,2.7194e-07,9.8518e-07,4.9233e-06,1.0210e-05,1.0196e-05,6.6870e-06,5.2222e-08,2.4435e-07,6.9672e-07,4.9678e-06,8.6576e-06,1.0104e-05,8.3662e-06
P79,60.00,135.00,60.00,0.00,5.7991e-08,2.2087e-07,8.1668e-07,4.5322e-06,9.6992e-06,9.6851e-06,5.7408e-06,5.7327e-08,1.9782e-07,5.8368e-07,4.6008e-06,8.1825e-06,9.6084e-06,7.4506e-06
P79,60.00,180.00,0.00,0.00,6.2755e-08,2.2088e-07,8.1674e-07,4.5324e-06,9.6994e-06,9.6853e-06,5.7408e-06,6.2090e-08,1.9783e-07,5.8370e-07,4.6011e-06,8.1827e-06,9.6086e-06,7.4507e-06
P79,60.00,90.00,30.00,0.00,6.1901e-08,2.2088e-07,8.1672e-07,4.5324e-06,9.6993e-06,9.6853e-06,5.7408e-06,6.1238e-08,1.9783e-07,5.8370e-07,4.6010e-06,8.1827e-06,9.6085e-06,7.4507e-06
P79,60.00,45.00,0.00,0.00,6.2755e-08,2.2088e-07,8.1674e-07,4.5324e-06,9.6994e-06,9.6853e-06,5.7408e-06,6.2090e-08,1.9783e-07,5.8370e-07,4.6011e-06,8.1827e-06,9.6086e-06,7.4507e-06
P79,30.00,0.00,30.00,0.00,5.2484e-08,2.7194e-07,9.8518e-07,4.9233e-06,1.0210e-05,1.0196e-05,6.6870e-06,5.2236e-08,2.4435e-07,6.9672e-07,4.9678e-06,8.6576e-06,1.0104e-05,8.3662e-06
P79,30.00,180.00,0.00,0.00,5.3077e-08,2.7195e-07,9.8519e-07,4.9233e-06,1.0210e-05,1.0196e-05,6.6870e-06,5.2826e-08,2.4435e-07,6.9673e-07,4.9678e-06,8.6576e-06,1.0104e-05,8.3662e-06
P79,60.00,45.00,60.00,0.00,5.8371e-08,2.2087e-07,8.1669e-07,4.5322e-06,9.6992e-06,9.6851e-06,5.7408e-06,5.7709e-08,1.9782e-07,5.8368e-07,4.6008e-06,8.1825e-06,9.6084e-06,7.4506e-06
P79,0.00,90.00,0.00,0.00,5.1164e-08,2.8646e-07,1.0350e-06,5.0011e-06,1.0306e-05,1.0292e-05,6.9392e-06,5.0988e-08,2.5758e-07,7.2972e-07,5.0392e-06,8.7457e-06,1.0197e-05,8.5885e-06
P79,30.00,45.00,0.00,0.00,5.3077e-08,2.7195e-07,9.8519e-07,4.9233e-06,1.0210e-05,1.0196e-05,6.6870e-06,5.2826e-08,2.4435e-07,6.9673e-07,4.9678e-06,8.6576e-06,1.0104e-05,8.3662e-06
P79,0.00,180.00,60.00,0.00,4.8312e-08,2.8645e-07,1.0349e-06,5.0009e-06,1.0306e-05,1.0292e-05,6.9392e-06,4.8140e-08,2.5758e-07,7.2970e-07,5.0390e-06,8.7456e-06,1.0197e-05,8.5884e-06
P79,30.00,135.00,0.00,0.00,5.3077e-08,2.7195e-07,9.8519e-07,4.9233e-06,1.0210e-05,1.0196e-05,6.6870e-06,5.2826e-08,2.4435e-07,6.9673e-07,4.9678e-06,8.6576e-06,1.0104e-05,8.3662e-06
P79,0.00,135.00,0.00,0.00,5.1164e-08,2.8646e-07,1.0350e-06,5.0011e-06,1.0306e-05,1.0292e-05,6.9392e-06,5.0988e-08,2.5758e-07,7.2972e-07,5.0392e-06,8.7457e-06,1.0197e-05,8.5885e-06
